sample_id,split,abs_peak_signed,abs_peak_time_s,abs_onset_time_s,abs_tail_signed,resid_peak_signed,resid_peak_time_s,resid_onset_time_s,resid_tail_signed,clipped_abs_peak_signed,clipped_abs_peak_time_s,clipped_abs_onset_time_s,clipped_abs_tail_signed,clipped_resid_peak_signed,clipped_resid_peak_time_s,clipped_resid_onset_time_s,clipped_resid_tail_signed
vehicle_instability_allraw__byx__2025_09_28_17_05_51__000060840__pre3_label3_response_coverage,train,2.0242095811552328,1.4489974549224756,0.2377495556074679,-0.05988611562068469,2.091013098355324,1.3756260811570558,0.21599353103972868,-0.15059550030567756,2.0242095811552328,1.4489974549224756,0.2377495556074679,-0.05988611562068469,2.091013098355324,1.3756260811570558,0.21599353103972868,-0.15059550030567756
vehicle_instability_allraw__byx__2025_09_28_17_05_51__000187815__pre3_label3_response_coverage,train,-1.1677939691774968,1.8034713083759182,0.49828005572399037,0.007318217702524436,-1.1946607912172658,1.7168207738634764,0.41343368600390035,-0.02302029962675839,-1.1677939691774968,1.8034713083759182,0.49828005572399037,0.007318217702524436,-1.1946607912172658,1.7168207738634764,0.41343368600390035,-0.02302029962675839
vehicle_instability_allraw__byx__2025_09_28_17_05_51__000349300__pre3_label3_response_coverage,train,-1.1783541456023232,2.041171434317191,0.6854591266081584,0.0885636645401303,-1.2279323509005855,2.486325353726308,0.6476996580541371,0.21532046043382327,-1.1783541456023232,2.041171434317191,0.6854591266081584,0.0885636645401303,-1.2279323509005855,2.486325353726308,0.6476996580541371,0.21532046043382327
vehicle_instability_allraw__byx__2025_09_28_17_15_52__000058865__pre3_label3_response_coverage,train,-1.9915195439929823,1.77111004857009,0.45353622701684854,0.005791767752423659,-1.8897088075093336,1.8441166258457715,0.4294638820784209,0.03772584852806046,-1.9915195439929823,1.77111004857009,0.45353622701684854,0.005791767752423659,-1.8897088075093336,1.8441166258457715,0.4294638820784209,0.03772584852806046
vehicle_instability_allraw__byx__2025_09_28_17_15_52__000131145__pre3_label3_response_coverage,train,-1.6137938100219165,1.8677313590669167,0.4534418622939195,0.15791361477050966,-1.531152670960628,2.153202656859018,0.46060629156489397,0.14729428022030075,-1.6137938100219165,1.8677313590669167,0.4534418622939195,0.15791361477050966,-1.531152670960628,2.153202656859018,0.46060629156489397,0.14729428022030075
vehicle_instability_allraw__byx__2025_09_28_17_15_52__000216345__pre3_label3_response_coverage,train,-1.1830913519600992,1.769384197847832,0.6768885035722748,0.017421606461820775,-1.2583722393805574,1.7727594791785712,0.6204720791190548,0.051736271494646054,-1.1830913519600992,1.769384197847832,0.6768885035722748,0.017421606461820775,-1.2583722393805574,1.7727594791785712,0.6204720791190548,0.051736271494646054
vehicle_instability_allraw__byx__2025_09_28_17_25_18__000065550__pre3_label3_response_coverage,train,0.28489235387464124,0.8532108968804393,0.4243807532638608,0.007978695306635473,0.16202344809097785,0.29206342248441197,0.4214078248943546,0.020820597240356453,0.28489235387464124,0.8532108968804393,0.4243807532638608,0.007978695306635473,0.16202344809097785,0.29206342248441197,0.26206342248441195,0.020820597240356453
vehicle_instability_allraw__byx__2025_09_28_17_25_18__000164150__pre3_label3_response_coverage,train,-1.3676042362287686,1.8380248584605214,0.32567510758026597,-0.17735283253099474,-1.1632120894426317,1.4332207870696263,0.2135918505353007,-0.17496680588071895,-1.3676042362287686,1.8380248584605214,0.32567510758026597,-0.17735283253099474,-1.1632120894426317,1.4332207870696263,0.2135918505353007,-0.17496680588071895
vehicle_instability_allraw__byx__2025_09_28_17_25_18__000275870__pre3_label3_response_coverage,train,-0.07926429730362786,1.6799373740168753,1.3139872264385415,-0.01498103787809892,-0.4277087549069547,2.606927086764172,1.0272419732555462,-0.019591687809493136,-0.07926429730362786,1.6799373740168753,1.3139872264385415,-0.01498103787809892,-0.4277087549069547,2.606927086764172,1.0272419732555462,-0.019591687809493136
vehicle_instability_allraw__byx__2025_09_28_17_25_18__000384190__pre3_label3_response_coverage,train,1.3287948212231864,1.514912952750112,0.45337244034391766,-0.07495279814951128,1.3107804423770373,1.1101527568728684,0.3618109139912602,-0.15884437622922137,1.3287948212231864,1.514912952750112,0.45337244034391766,-0.07495279814951128,1.3107804423770373,1.1101527568728684,0.3618109139912602,-0.15884437622922137
vehicle_instability_allraw__byx__2025_09_28_17_35_43__000078915__pre3_label3_response_coverage,train,0.9355154819483482,1.435602699614676,0.24462311359480737,0.013371914182362152,0.6495883717070905,1.3465233938940244,0.1916048678438282,0.03906145195521358,0.9355154819483482,1.435602699614676,0.24462311359480737,0.013371914182362152,0.6495883717070905,1.3465233938940244,0.1916048678438282,0.03906145195521358
vehicle_instability_allraw__byx__2025_09_28_17_35_43__000199335__pre3_label3_response_coverage,train,-0.057392511825402365,1.183217354547091,1.1776793252571307,0.005231521744521726,0.3232070974157219,1.122833285290665,0.6928299337087542,-0.015650947728443915,-0.057392511825402365,1.183217354547091,1.153217354547091,0.005231521744521726,0.3232070974157219,1.122833285290665,0.6928299337087542,-0.015650947728443915
vehicle_instability_allraw__byx__2025_09_28_17_35_43__000231020__pre3_label3_response_coverage,train,-0.6744734232413564,1.3502321591928432,0.4384508740433899,-0.17032042278538106,-0.6994641805051698,1.2708635150606655,0.2910463891093341,-0.14400921327829078,-0.6744734232413564,1.3502321591928432,0.4384508740433899,-0.17032042278538106,-0.6994641805051698,1.2708635150606655,0.2910463891093341,-0.14400921327829078
vehicle_instability_allraw__byx__2025_09_28_17_35_43__000329825__pre3_label3_response_coverage,train,-0.32078416338670696,1.7339557118021263,0.3547057460008438,-0.051077956212570344,-0.16045461763757196,1.7866928378237206,0.31533103159962933,-0.07382200551257365,-0.32078416338670696,1.7339557118021263,0.3547057460008438,-0.051077956212570344,-0.16045461763757196,1.7866928378237206,0.31533103159962933,-0.07382200551257365
vehicle_instability_allraw__byx__2025_09_28_17_46_00__000095580__pre3_label3_response_coverage,test,0.9831343038289164,1.711136059687503,0.48634777653296696,0.07714297135497261,0.8182395103992157,2.0208794401142742,0.2725557041368151,-0.01305059030498918,0.9831343038289164,1.711136059687503,0.48634777653296696,0.07714297135497261,0.8182395103992157,2.0208794401142742,0.2725557041368151,-0.01305059030498918
vehicle_instability_allraw__byx__2025_09_28_17_46_00__000215315__pre3_label3_response_coverage,test,-1.5751880431224061,1.6881149630435326,0.45220847150780197,0.09029230369198366,-1.7703479313888337,1.7566996146883616,0.409095398833152,0.05906790871119973,-1.5751880431224061,1.6881149630435326,0.45220847150780197,0.09029230369198366,-1.7703479313888337,1.7566996146883616,0.409095398833152,0.05906790871119973
vehicle_instability_allraw__cwh__2025_09_26_19_27_21__000065145__pre3_label3_response_coverage,train,-1.6519832111018349,1.4694497712659451,0.44711979143590613,-0.22060196347745553,-1.8127575761823924,1.5099058034482407,0.3445394974967101,-0.23022560985261523,-1.6519832111018349,1.4694497712659451,0.44711979143590613,-0.22060196347745553,-1.8127575761823924,1.5099058034482407,0.3445394974967101,-0.23022560985261523
vehicle_instability_allraw__cwh__2025_09_26_19_35_47__000225295__pre3_label3_response_coverage,train,0.9813318509871536,1.643583135283849,0.42313688764310037,0.11845433007201306,0.9826975039330806,1.5963972370366724,0.4397619385196973,0.20046286032800467,0.9813318509871536,1.643583135283849,0.42313688764310037,0.11845433007201306,0.9826975039330806,1.5963972370366724,0.4397619385196973,0.20046286032800467
vehicle_instability_allraw__cwh__2025_09_26_19_35_47__000453095__pre3_label3_response_coverage,train,0.14434106360936708,1.045384455355079,0.3966576964140616,-0.014460162145957814,0.1745792813258002,0.5852412410629647,0.5313164396229297,-0.008614261909852953,0.14434106360936708,1.045384455355079,0.3966576964140616,-0.014460162145957814,0.1745792813258002,0.5852412410629647,0.5313164396229297,-0.008614261909852953
vehicle_instability_allraw__cwh__2025_09_26_19_35_47__000527630__pre3_label3_response_coverage,train,-0.07994320514654762,0.9048386765720171,0.5634110899278648,-0.046239920956343133,-0.10477970104597048,0.4558828190577646,0.21256166629259926,-0.08288090529683426,-0.07994320514654762,0.9048386765720171,0.5634110899278648,-0.046239920956343133,-0.10477970104597048,0.4558828190577646,0.21256166629259926,-0.08288090529683426
vehicle_instability_allraw__cwh__2025_09_26_19_45_40__000089205__pre3_label3_response_coverage,train,1.0561809928493506,1.7581995541648374,0.471184669908613,-0.029338227565458255,1.0662139245690863,2.032973991926577,0.9545759620229495,-0.05755129006113756,1.0561809928493506,1.7581995541648374,0.471184669908613,-0.029338227565458255,1.0662139245690863,2.032973991926577,0.9545759620229495,-0.05755129006113756
vehicle_instability_allraw__cwh__2025_09_26_19_45_40__000165100__pre3_label3_response_coverage,train,1.0179771434639462,1.9006079406433418,0.20273946852937133,0.06583789304975127,0.8682417921171862,1.8914225991940994,0.18951208165028097,0.12441794537992101,1.0179771434639462,1.9006079406433418,0.20273946852937133,0.06583789304975127,0.8682417921171862,1.8914225991940994,0.18951208165028097,0.12441794537992101
vehicle_instability_allraw__cwh__2025_09_26_19_45_40__000214250__pre3_label3_response_coverage,train,-1.5444675915441655,1.6973450323720125,0.46687906322533324,-0.02923461422434949,-1.5979787289494656,1.6736113719821748,0.47081669343903215,-0.13078296062381528,-1.5444675915441655,1.6973450323720125,0.46687906322533324,-0.02923461422434949,-1.5979787289494656,1.6736113719821748,0.47081669343903215,-0.13078296062381528
vehicle_instability_allraw__cwh__2025_09_26_19_45_40__000341005__pre3_label3_response_coverage,train,-1.4209510083075207,1.404712711969072,0.37400719488887624,0.0033124358656035635,-1.3348406163310664,1.2737218906510566,0.3991899398635871,0.024165382738054762,-1.4209510083075207,1.404712711969072,0.37400719488887624,0.0033124358656035635,-1.3348406163310664,1.2737218906510566,0.3991899398635871,0.024165382738054762
vehicle_instability_allraw__cwh__2025_09_26_19_56_16__000205130__pre3_label3_response_coverage,val,-1.503772910803417,1.555854575988007,0.5437854280189361,0.0007150778258415423,-1.5058419641546794,1.5641708126195433,0.46987278212514494,-0.00875930484382834,-1.503772910803417,1.555854575988007,0.5437854280189361,0.0007150778258415423,-1.5058419641546794,1.5641708126195433,0.46987278212514494,-0.00875930484382834
vehicle_instability_allraw__cwh__2025_09_26_19_56_16__000309365__pre3_label3_response_coverage,val,0.8783232846228612,1.5699646630301645,0.5342442061931384,0.07300434253536718,1.0718380558229408,1.3167050805004683,0.5516146377750066,-0.10524795645630738,0.8783232846228612,1.5699646630301645,0.5342442061931384,0.07300434253536718,1.0718380558229408,1.3167050805004683,0.5516146377750066,-0.10524795645630738
vehicle_instability_allraw__cwh__2025_09_26_19_56_16__000329785__pre3_label3_response_coverage,val,-1.2695116377605329,1.582626093567076,0.4701568007154552,0.016618326121909627,-1.2221182233568433,1.6024098741704347,0.4571061428098164,0.04857503588303145,-1.2695116377605329,1.582626093567076,0.4701568007154552,0.016618326121909627,-1.2221182233568433,1.6024098741704347,0.4571061428098164,0.04857503588303145
vehicle_instability_allraw__cwh__2025_09_26_19_56_16__000388180__pre3_label3_response_coverage,val,0.5655888228854062,1.4161979551492982,0.533019843954572,0.05881931732479411,0.3962909660842783,0.8743133044273877,0.752783328146742,0.04209861513515959,0.5655888228854062,1.4161979551492982,0.533019843954572,0.05881931732479411,0.3962909660842783,0.8743133044273877,0.752783328146742,0.04209861513515959
vehicle_instability_allraw__cwh__2025_09_26_20_06_19__000204045__pre3_label3_response_coverage,train,1.3679247175902343,1.4309070432363844,0.5840889200039637,-0.12950413241012232,1.422759665000036,1.2828715450613817,0.4720593137162296,-0.23863265539225456,1.3679247175902343,1.4309070432363844,0.5840889200039637,-0.12950413241012232,1.422759665000036,1.2828715450613817,0.4720593137162296,-0.23863265539225456
vehicle_instability_allraw__cwh__2025_09_26_20_06_19__000315730__pre3_label3_response_coverage,train,-1.2233393146047236,1.3257087623493342,0.39294682412531157,-0.03638482680860964,-1.1693720172484847,1.0790497135417374,0.19605691649923346,-0.06608988273921301,-1.2233393146047236,1.3257087623493342,0.39294682412531157,-0.03638482680860964,-1.1693720172484847,1.0790497135417374,0.19605691649923346,-0.06608988273921301
vehicle_instability_allraw__cwh__2025_09_26_20_06_19__000480390__pre3_label3_response_coverage,train,-0.0881315649690297,0.8936981500179475,0.6774190553854743,-0.04041944510085438,0.02859819391211968,0.8188830645705028,0.27966633489354464,-0.02686761396884825,-0.0881315649690297,0.8936981500179475,0.6774190553854743,-0.04041944510085438,0.02859819391211968,0.8188830645705028,0.27966633489354464,-0.02686761396884825
vehicle_instability_allraw__gf__2025_09_26_10_18_49__000233845__pre3_label3_response_coverage,train,1.6551007913816755,1.8967465535124608,0.21653021397733566,-0.06203157365386252,1.5275823858888056,2.295654517718869,0.19567152094872667,-0.13368040804015413,1.6551007913816755,1.8967465535124608,0.21653021397733566,-0.06203157365386252,1.5275823858888056,2.295654517718869,0.19567152094872667,-0.13368040804015413
vehicle_instability_allraw__gf__2025_09_26_10_18_49__000439375__pre3_label3_response_coverage,train,0.5339929410599178,1.3390701500384752,0.5435500760828152,0.06485090534270543,0.5189558278237619,1.2226028261000754,0.8240199642335307,0.13299997746534925,0.5339929410599178,1.3390701500384752,0.5435500760828152,0.06485090534270543,0.5189558278237619,1.2226028261000754,0.8240199642335307,0.13299997746534925
vehicle_instability_allraw__gf__2025_09_26_10_30_12__000223260__pre3_label3_response_coverage,test,1.6096153180691306,1.5913472996022717,0.2752059329867644,-0.010905237180867644,1.5329655704967853,1.2667118821227599,0.22913913309960537,0.05012902329248283,1.6096153180691306,1.5913472996022717,0.2752059329867644,-0.010905237180867644,1.5329655704967853,1.2667118821227599,0.22913913309960537,0.05012902329248283
vehicle_instability_allraw__gf__2025_09_26_10_30_12__000425785__pre3_label3_response_coverage,test,0.6987732673732656,1.6643874312869984,0.6075497810788153,0.02645951026518571,0.5890046027036177,1.363432723173239,0.7803898297862711,0.18229720367553134,0.6987732673732656,1.6643874312869984,0.6075497810788153,0.02645951026518571,0.5890046027036177,1.363432723173239,0.7803898297862711,0.18229720367553134
vehicle_instability_allraw__gf__2025_09_26_10_40_59__000180655__pre3_label3_response_coverage,train,-1.9610854132011137,1.679434977159806,0.7202280685091459,0.12091187835550062,-1.8416888177833384,1.674561404520594,0.5484086226568959,0.15821670532841875,-1.9610854132011137,1.679434977159806,0.7202280685091459,0.12091187835550062,-1.8416888177833384,1.674561404520594,0.5484086226568959,0.15821670532841875
vehicle_instability_allraw__gf__2025_09_26_10_40_59__000232065__pre3_label3_response_coverage,train,1.7574424234732295,1.7111586318262388,0.2081697025931866,-0.14351181085365347,1.6979362761162382,1.872831776995582,0.19547223070967723,-0.15269683804344822,1.7574424234732295,1.7111586318262388,0.2081697025931866,-0.14351181085365347,1.6979362761162382,1.872831776995582,0.19547223070967723,-0.15269683804344822
vehicle_instability_allraw__gf__2025_09_26_10_52_57__000300870__pre3_label3_response_coverage,test,0.3927459363696605,1.4859598893472086,0.5893501584309028,0.02953400259378608,0.6132282993300934,2.0109984482403394,0.44415331848916517,0.07858971317701616,0.3927459363696605,1.4859598893472086,0.5893501584309028,0.02953400259378608,0.6132282993300934,2.0109984482403394,0.44415331848916517,0.07858971317701616
vehicle_instability_allraw__gf__2025_09_26_10_52_57__000471505__pre3_label3_response_coverage,test,0.7351728149738053,1.3847129597768553,0.6019034851266956,-0.03439329559288333,1.208771705953135,1.5670034454377948,0.4542759643213408,0.06054244773478347,0.7351728149738053,1.3847129597768553,0.6019034851266956,-0.03439329559288333,1.208771705953135,1.5670034454377948,0.4542759643213408,0.06054244773478347
vehicle_instability_allraw__gzj__2025_09_27_11_41_47__000180015__pre3_label3_response_coverage,train,-1.2300697572466412,1.652184215748001,0.424349792181256,0.058150399382975386,-1.3496106115977524,1.5891670171031855,0.3823198672423871,0.07838632660855566,-1.2300697572466412,1.652184215748001,0.424349792181256,0.058150399382975386,-1.3496106115977524,1.5891670171031855,0.3823198672423871,0.07838632660855566
vehicle_instability_allraw__gzj__2025_09_27_11_41_47__000211485__pre3_label3_response_coverage,train,-0.957953627333144,1.5751922994202268,0.6017952415583139,0.004960736899065255,-1.0350967330817633,1.5103025879591387,0.502140958914812,0.054055085233436495,-0.957953627333144,1.5751922994202268,0.6017952415583139,0.004960736899065255,-1.0350967330817633,1.5103025879591387,0.502140958914812,0.054055085233436495
vehicle_instability_allraw__gzj__2025_09_27_11_41_47__000260065__pre3_label3_response_coverage,train,-0.7220958357653644,1.8241843820481982,0.6261554213609642,-0.05542615207299736,-0.8497809634684096,1.6347941850599699,0.49269751249527494,-0.06725771317549722,-0.7220958357653644,1.8241843820481982,0.6261554213609642,-0.05542615207299736,-0.8497809634684096,1.6347941850599699,0.49269751249527494,-0.06725771317549722
vehicle_instability_allraw__gzj__2025_09_27_11_41_47__000413415__pre3_label3_response_coverage,train,-2.135582015385215,1.5142194654681975,0.3912495879454293,0.17473531206150342,-2.610936038123142,1.5019858044673127,0.17793692537136682,0.14806916998193143,-2.135582015385215,1.5142194654681975,0.3912495879454293,0.17473531206150342,-2.610936038123142,1.5019858044673127,0.17793692537136682,0.14806916998193143
vehicle_instability_allraw__gzj__2025_09_27_11_41_47__000431340__pre3_label3_response_coverage,train,0.3241502129622973,0.9267566338009801,0.4924440576328211,-0.033294541439268965,0.34983473040761703,0.6632601689415082,0.5546533199702484,-0.11924465399688769,0.3241502129622973,0.9267566338009801,0.4924440576328211,-0.033294541439268965,0.34983473040761703,0.6632601689415082,0.5546533199702484,-0.11924465399688769
vehicle_instability_allraw__gzj__2025_09_27_11_53_25__000229945__pre3_label3_response_coverage,train,-1.0705243804444071,1.9939326546081897,0.6108529280000231,-0.07191949124343196,-1.266938648851335,2.1235738314454866,0.4834311822175854,-0.028587688963761945,-1.0705243804444071,1.9939326546081897,0.6108529280000231,-0.07191949124343196,-1.266938648851335,2.1235738314454866,0.4834311822175854,-0.028587688963761945
vehicle_instability_allraw__gzj__2025_09_27_11_53_25__000283210__pre3_label3_response_coverage,train,0.21246142348502006,1.0597328735953635,0.21750861886249107,-0.04566354018754832,0.38396372982416116,1.135188734506827,0.13533654924379812,-0.010959354566977754,0.21246142348502006,1.0597328735953635,0.21750861886249107,-0.04566354018754832,0.38396372982416116,1.135188734506827,0.13533654924379812,-0.010959354566977754
vehicle_instability_allraw__gzj__2025_09_27_11_53_25__000308920__pre3_label3_response_coverage,train,-0.42365315892730177,1.321655086063017,0.364306889319442,-0.03904098969961729,-0.5176378226097688,1.2739763209238346,0.21741649515582112,-0.11696353501029275,-0.42365315892730177,1.321655086063017,0.364306889319442,-0.03904098969961729,-0.5176378226097688,1.2739763209238346,0.21741649515582112,-0.11696353501029275
vehicle_instability_allraw__gzj__2025_09_27_11_53_25__000575025__pre3_label3_response_coverage,train,0.849979440276133,1.3473463176891156,0.2617902916379261,-0.019646328663729958,0.2631742479661452,1.162896580183692,0.19846690545633808,-0.08960743823305,0.849979440276133,1.3473463176891156,0.2617902916379261,-0.019646328663729958,0.2631742479661452,1.162896580183692,0.19846690545633808,-0.08960743823305
vehicle_instability_allraw__gzj__2025_09_27_12_04_23__000095835__pre3_label3_response_coverage,train,-1.5307390545480848,1.6901998605597721,0.3803707219621582,0.15746395758407614,-1.6917940319239775,1.7820971784789281,0.2785988916303943,0.1862861002136012,-1.5307390545480848,1.6901998605597721,0.3803707219621582,0.15746395758407614,-1.6917940319239775,1.7820971784789281,0.2785988916303943,0.1862861002136012
vehicle_instability_allraw__gzj__2025_09_27_12_04_23__000143790__pre3_label3_response_coverage,train,-1.4471042494683337,1.8648248631687458,0.5905833228689891,-0.19533307503938444,-1.5858325682372914,1.9466316493737998,0.6856523975253482,-0.2101862401172202,-1.4471042494683337,1.8648248631687458,0.5905833228689891,-0.19533307503938444,-1.5858325682372914,1.9466316493737998,0.6856523975253482,-0.2101862401172202
vehicle_instability_allraw__gzj__2025_09_27_12_04_23__000173350__pre3_label3_response_coverage,train,1.4217420899314073,1.5901406254111092,0.4397787432865981,0.02519335516001575,1.4726057121988383,1.4599971606126472,0.43256091329580976,0.026030197337952175,1.4217420899314073,1.5901406254111092,0.4397787432865981,0.02519335516001575,1.4726057121988383,1.4599971606126472,0.43256091329580976,0.026030197337952175
vehicle_instability_allraw__gzj__2025_09_27_12_04_23__000215140__pre3_label3_response_coverage,train,-0.8058857859252191,1.5017860946211337,0.4505144718469938,-0.03838618778023317,-0.9986924168261065,1.6171855659421768,0.46160075811434426,-0.009006823011718743,-0.8058857859252191,1.5017860946211337,0.4505144718469938,-0.03838618778023317,-0.9986924168261065,1.6171855659421768,0.46160075811434426,-0.009006823011718743
vehicle_instability_allraw__gzj__2025_09_27_12_04_23__000297385__pre3_label3_response_coverage,train,0.4003579718098152,1.6647512249865097,0.6042652994742088,-0.010145946604149716,0.5044574161548252,2.03436425289216,0.6440243960944212,0.006329217757002025,0.4003579718098152,1.6647512249865097,0.6042652994742088,-0.010145946604149716,0.5044574161548252,2.03436425289216,0.6440243960944212,0.006329217757002025
vehicle_instability_allraw__gzj__2025_09_27_12_17_12__000053185__pre3_label3_response_coverage,test,-2.0126785895808252,1.7274161057141075,0.42552661636774136,-0.01484160618554528,-1.943277280014942,1.8349539476625156,0.45068202927721646,-0.030756110140103737,-2.0126785895808252,1.7274161057141075,0.42552661636774136,-0.01484160618554528,-1.943277280014942,1.8349539476625156,0.45068202927721646,-0.030756110140103737
vehicle_instability_allraw__gzj__2025_09_27_12_17_12__000081700__pre3_label3_response_coverage,test,-1.3510029471095526,1.7424658316488884,0.42259879019971913,0.012378332380112182,-1.4774681836010553,1.9651039262616254,0.29718884740906215,0.038992730190828,-1.3510029471095526,1.7424658316488884,0.42259879019971913,0.012378332380112182,-1.4774681836010553,1.9651039262616254,0.29718884740906215,0.038992730190828
vehicle_instability_allraw__gzj__2025_09_27_12_17_12__000175240__pre3_label3_response_coverage,test,-1.9315161979887352,1.672209692842064,0.3949569624935993,0.03789318789790083,-1.6857075049431265,1.6151321360473094,0.23155734995073535,-0.11379565023431013,-1.9315161979887352,1.672209692842064,0.3949569624935993,0.03789318789790083,-1.6857075049431265,1.6151321360473094,0.23155734995073535,-0.11379565023431013
vehicle_instability_allraw__gzj__2025_09_27_12_17_12__000186555__pre3_label3_response_coverage,test,0.8671944229537611,1.441864578111107,0.40585855754167377,0.09241112118212032,0.8799542871166026,1.0503092581831563,0.6851615300178994,0.08219393452894788,0.8671944229537611,1.441864578111107,0.40585855754167377,0.09241112118212032,0.8799542871166026,1.0503092581831563,0.6851615300178994,0.08219393452894788
vehicle_instability_allraw__gzj__2025_09_27_12_17_12__000273440__pre3_label3_response_coverage,test,-1.367308741419039,1.9133436929768894,0.6530903961005406,-0.00454379609764873,-1.4348239457351823,1.7168669210618965,0.44089303747332054,-0.02691789184661177,-1.367308741419039,1.9133436929768894,0.6530903961005406,-0.00454379609764873,-1.4348239457351823,1.7168669210618965,0.44089303747332054,-0.02691789184661177
vehicle_instability_allraw__gzj__2025_09_27_12_17_12__000362460__pre3_label3_response_coverage,test,-1.6441171131640022,1.8095787690645595,0.672726664146033,-0.016912777092999258,-1.2968307848181377,1.7601715273626657,0.8095005005170641,0.01281597361143326,-1.6441171131640022,1.8095787690645595,0.672726664146033,-0.016912777092999258,-1.2968307848181377,1.7601715273626657,0.8095005005170641,0.01281597361143326
vehicle_instability_allraw__gzj__2025_09_27_12_17_12__000392590__pre3_label3_response_coverage,test,-1.4182517676427175,1.6646379316330795,0.5436328169641967,-0.00018967676347645657,-1.5975355505929074,1.713872684178387,0.5243838377190164,-0.10402067081868509,-1.4182517676427175,1.6646379316330795,0.5436328169641967,-0.00018967676347645657,-1.5975355505929074,1.713872684178387,0.5243838377190164,-0.10402067081868509
vehicle_instability_allraw__gzj__2025_09_27_12_17_12__000518180__pre3_label3_response_coverage,test,-0.3564697924304831,1.12065293927907,0.7070785321042633,-0.022479945789028496,-0.4646800930346525,1.7537810988734166,0.29946801265850753,-0.034305719232057094,-0.3564697924304831,1.12065293927907,0.7070785321042633,-0.022479945789028496,-0.4646800930346525,1.7537810988734166,0.29946801265850753,-0.034305719232057094
vehicle_instability_allraw__gzj__2025_09_27_12_17_12__000585940__pre3_label3_response_coverage,test,0.704745629162791,1.4635140333012386,0.38824491959088125,0.037749147827057516,0.6017587922223383,1.415476134428577,0.3312916961593141,-0.031211051599892424,0.704745629162791,1.4635140333012386,0.38824491959088125,0.037749147827057516,0.6017587922223383,1.415476134428577,0.3312916961593141,-0.031211051599892424
vehicle_instability_allraw__gzj__2025_09_27_12_28_14__000104490__pre3_label3_response_coverage,train,1.7492570914539942,1.6247649488325722,0.30631031616934873,-0.10814439795219764,1.706040021912825,1.666278844760271,0.2532612734866668,-0.18762300801986803,1.7492570914539942,1.6247649488325722,0.30631031616934873,-0.10814439795219764,1.706040021912825,1.666278844760271,0.2532612734866668,-0.18762300801986803
vehicle_instability_allraw__gzj__2025_09_27_12_28_14__000184075__pre3_label3_response_coverage,train,-0.802475765257658,1.4396324145492696,0.4620585201088556,-0.029221982298192332,-0.974398532006909,1.4779509139079867,0.40757789255428933,-0.06897373577645305,-0.802475765257658,1.4396324145492696,0.4620585201088556,-0.029221982298192332,-0.974398532006909,1.4779509139079867,0.40757789255428933,-0.06897373577645305
vehicle_instability_allraw__gzj__2025_09_27_12_28_14__000198480__pre3_label3_response_coverage,train,-1.3687077695677294,2.0393974214468087,0.6761515798215865,-0.03533080928959819,-1.4002144119133546,1.8292014725053893,0.49752705081645887,-0.11163806087461065,-1.3687077695677294,2.0393974214468087,0.6761515798215865,-0.03533080928959819,-1.4002144119133546,1.8292014725053893,0.49752705081645887,-0.11163806087461065
vehicle_instability_allraw__gzj__2025_09_27_12_28_14__000308055__pre3_label3_response_coverage,train,-1.348735140258137,1.7151354121658966,0.46209484777635945,-0.032482690751879525,-1.4183200066234376,1.6130468645696314,0.3892965347359939,-0.03593232750253348,-1.348735140258137,1.7151354121658966,0.46209484777635945,-0.032482690751879525,-1.4183200066234376,1.6130468645696314,0.3892965347359939,-0.03593232750253348
vehicle_instability_allraw__gzj__2025_09_27_12_28_14__000331425__pre3_label3_response_coverage,train,-0.4833951769268578,1.96718019804435,0.3886219169562391,-0.0017307443539079444,-0.5754503262321882,1.9663694941752012,0.3272001641671138,-0.044848646304036545,-0.4833951769268578,1.96718019804435,0.3886219169562391,-0.0017307443539079444,-0.5754503262321882,1.9663694941752012,0.3272001641671138,-0.044848646304036545
vehicle_instability_allraw__gzj__2025_09_27_12_28_14__000362825__pre3_label3_response_coverage,train,0.8010088346239467,1.5725906006304038,0.2634176283867238,-0.02319999505207759,0.8725298242799195,1.382896675940704,0.41677275033684386,-0.119478458887673,0.8010088346239467,1.5725906006304038,0.2634176283867238,-0.02319999505207759,0.8725298242799195,1.382896675940704,0.41677275033684386,-0.119478458887673
vehicle_instability_allraw__hzh__2025_09_26_20_50_27__000034605__pre3_label3_response_coverage,test,-1.2005735541320768,1.607767075997658,0.4434974380692291,-0.03350985400570976,-0.6209676479917144,0.9897649147288864,0.33815035009809924,0.03298519104876484,-1.2005735541320768,1.607767075997658,0.4434974380692291,-0.03350985400570976,-0.6209676479917144,0.9897649147288864,0.33815035009809924,0.03298519104876484
vehicle_instability_allraw__hzh__2025_09_26_20_50_27__000128695__pre3_label3_response_coverage,test,-1.9762169118614237,1.6677385526191582,0.3723666443082914,0.16402643496116218,-1.889808274534206,1.8399902655156475,0.27804845707964265,-0.028980371755264737,-1.9762169118614237,1.6677385526191582,0.3723666443082914,0.16402643496116218,-1.889808274534206,1.8399902655156475,0.27804845707964265,-0.028980371755264737
vehicle_instability_allraw__hzh__2025_09_26_20_50_27__000245880__pre3_label3_response_coverage,test,0.0172673651302935,1.6707091575954185,1.2515179240235736,-0.012965490844067952,-0.2696128491179771,1.1035435086616685,1.8000019946256631,-0.0004748704553906545,0.0172673651302935,1.6707091575954185,1.2515179240235736,-0.012965490844067952,-0.2696128491179771,1.1035435086616685,1.0735435086616685,-0.0004748704553906545
vehicle_instability_allraw__hzh__2025_09_26_20_50_27__000681250__pre3_label3_response_coverage,test,-0.08229883472533964,1.0706876028622996,0.5180673523509289,0.030366556280526646,-0.4006165206274666,0.6912588757023926,0.4341313176947559,-0.04645326667623533,-0.08229883472533964,1.0706876028622996,0.5180673523509289,0.030366556280526646,-0.4006165206274666,0.6912588757023926,0.4341313176947559,-0.04645326667623533
vehicle_instability_allraw__hzh__2025_09_26_21_03_19__000202260__pre3_label3_response_coverage,test,-1.2617993102197307,1.6466030619636214,0.5286069934920049,-0.07559288269975617,-1.4500443933847698,1.6275184225934656,0.48846965375332485,-0.025632764923608862,-1.2617993102197307,1.6466030619636214,0.5286069934920049,-0.07559288269975617,-1.4500443933847698,1.6275184225934656,0.48846965375332485,-0.025632764923608862
vehicle_instability_allraw__hzh__2025_09_26_21_03_19__000221890__pre3_label3_response_coverage,test,1.207833960506512,1.5416954412909778,0.24367884938517984,-0.07468338915882855,1.3275466053517027,1.504256123993201,0.24105352273850092,-0.03441964024153585,1.207833960506512,1.5416954412909778,0.24367884938517984,-0.07468338915882855,1.3275466053517027,1.504256123993201,0.24105352273850092,-0.03441964024153585
vehicle_instability_allraw__hzh__2025_09_26_21_03_19__000326200__pre3_label3_response_coverage,test,-0.65704889678894,1.5726631951927728,0.28902446497795414,0.044162730156148355,-0.2533749551079134,0.5475149978752439,0.39181545990711764,0.05179259709303506,-0.65704889678894,1.5726631951927728,0.28902446497795414,0.044162730156148355,-0.2533749551079134,0.5475149978752439,0.39181545990711764,0.05179259709303506
vehicle_instability_allraw__hzh__2025_09_26_21_03_19__000504660__pre3_label3_response_coverage,test,0.43288697297235396,1.6275273581124088,0.4541401209998603,-0.022473755989190616,1.15052452960468,1.3514989649308826,0.33352265975384515,0.01894640410510054,0.43288697297235396,1.6275273581124088,0.4541401209998603,-0.022473755989190616,1.15052452960468,1.3514989649308826,0.33352265975384515,0.01894640410510054
vehicle_instability_allraw__hzh__2025_09_26_21_17_02__000110230__pre3_label3_response_coverage,train,-1.7327749553685643,1.856630619314036,0.7203012234385624,-0.010556983115392719,-1.239442322804423,1.9750703951843855,0.5734495170930134,-0.058309424900742625,-1.7327749553685643,1.856630619314036,0.7203012234385624,-0.010556983115392719,-1.239442322804423,1.9750703951843855,0.5734495170930134,-0.058309424900742625
vehicle_instability_allraw__hzh__2025_09_26_21_17_02__000422495__pre3_label3_response_coverage,train,-1.8784446269647341,1.8569208531103853,0.6804012161676496,0.196656859965023,-1.8700097218514433,1.8562543829297504,0.6803711743438441,0.10292918290401373,-1.8784446269647341,1.8569208531103853,0.6804012161676496,0.196656859965023,-1.8700097218514433,1.8562543829297504,0.6803711743438441,0.10292918290401373
vehicle_instability_allraw__hzh__2025_09_27_19_22_27__000054775__pre3_label3_response_coverage,train,2.1368567822992923,1.9695802032753167,0.627090446921939,0.055144649526863244,1.83459964436381,2.117109231673368,0.6390606193205302,-0.1243505270333656,2.1368567822992923,1.9695802032753167,0.627090446921939,0.055144649526863244,1.83459964436381,2.117109231673368,0.6390606193205302,-0.1243505270333656
vehicle_instability_allraw__hzh__2025_09_27_19_22_27__000193515__pre3_label3_response_coverage,train,1.4675447495950957,1.6345830732258142,0.3607646239733929,0.00819847746826743,1.497596682615835,1.486408657268987,0.3715084384309051,0.14290070446944175,1.4675447495950957,1.6345830732258142,0.3607646239733929,0.00819847746826743,1.497596682615835,1.486408657268987,0.3715084384309051,0.14290070446944175
vehicle_instability_allraw__hzh__2025_09_27_19_22_27__000331710__pre3_label3_response_coverage,train,-1.8615196302107704,1.6920294369040134,0.6628140861390207,0.0469304502462082,-1.420654749557776,1.7580056918228089,0.7176499927635388,-0.005277634802495226,-1.8615196302107704,1.6920294369040134,0.6628140861390207,0.0469304502462082,-1.420654749557776,1.7580056918228089,0.7176499927635388,-0.005277634802495226
vehicle_instability_allraw__hzh__2025_09_27_19_33_25__000059360__pre3_label3_response_coverage,train,1.000400426060142,1.472828441390032,0.31776509705531586,0.14349245438258748,1.1062086166587926,1.26378920541863,0.25932275437431307,0.1661475592941232,1.000400426060142,1.472828441390032,0.31776509705531586,0.14349245438258748,1.1062086166587926,1.26378920541863,0.25932275437431307,0.1661475592941232
vehicle_instability_allraw__hzh__2025_09_27_19_33_25__000164300__pre3_label3_response_coverage,train,-1.286869536791088,1.7034200517495532,0.3791796476339324,-0.04246633443578219,-1.1746294442470329,1.5624313919057817,0.3579765727944051,-0.13334138316865643,-1.286869536791088,1.7034200517495532,0.3791796476339324,-0.04246633443578219,-1.1746294442470329,1.5624313919057817,0.3579765727944051,-0.13334138316865643
vehicle_instability_allraw__hzh__2025_09_27_19_33_25__000297885__pre3_label3_response_coverage,train,-1.0876461930592127,1.9067683728548779,0.7320596881523789,0.004789215514340199,-0.9947244341400454,1.6846895288844568,0.7422582646083307,-0.020220454812819155,-1.0876461930592127,1.9067683728548779,0.7320596881523789,0.004789215514340199,-0.9947244341400454,1.6846895288844568,0.7422582646083307,-0.020220454812819155
vehicle_instability_allraw__hzh__2025_09_27_19_33_25__000511405__pre3_label3_response_coverage,train,-1.1805755054566884,1.7221538437744226,0.4453984674274593,-0.05581789683475096,-1.2706791777391775,2.0018364487891533,0.32083120850880553,-0.10197684993748682,-1.1805755054566884,1.7221538437744226,0.4453984674274593,-0.05581789683475096,-1.2706791777391775,2.0018364487891533,0.32083120850880553,-0.10197684993748682
vehicle_instability_allraw__hzh__2025_09_27_19_44_05__000081885__pre3_label3_response_coverage,test,-1.4786085680111594,1.7129930897330998,0.41655288496219794,0.07814190196704454,-1.7179385915715788,1.8732113041432794,0.30125792107095944,0.18863500881702044,-1.4786085680111594,1.7129930897330998,0.41655288496219794,0.07814190196704454,-1.7179385915715788,1.8732113041432794,0.30125792107095944,0.18863500881702044
vehicle_instability_allraw__hzh__2025_09_27_19_44_05__000176245__pre3_label3_response_coverage,test,-1.2261656935817224,1.7846975642109881,0.4801620384438931,-0.004618286768570918,-1.2383041075928105,1.7474328972210873,0.4050854025798905,-0.024484678313829014,-1.2261656935817224,1.7846975642109881,0.4801620384438931,-0.004618286768570918,-1.2383041075928105,1.7474328972210873,0.4050854025798905,-0.024484678313829014
vehicle_instability_allraw__hzh__2025_09_27_19_44_05__000218700__pre3_label3_response_coverage,test,-1.8382180461400501,1.702814560554784,0.48556260068407553,-0.13953811760577026,-1.9915091022085099,1.9375015911833193,0.42756752830187394,-0.014556675013115417,-1.8382180461400501,1.702814560554784,0.48556260068407553,-0.13953811760577026,-1.9915091022085099,1.9375015911833193,0.42756752830187394,-0.014556675013115417
vehicle_instability_allraw__hzh__2025_09_27_19_44_05__000246255__pre3_label3_response_coverage,test,-1.177019848639078,1.7879023974387098,0.48123726605182066,-0.048277673720967265,-1.2351387732716772,1.9111306575399671,0.384753256944849,-0.05806097145083074,-1.177019848639078,1.7879023974387098,0.48123726605182066,-0.048277673720967265,-1.2351387732716772,1.9111306575399671,0.384753256944849,-0.05806097145083074
vehicle_instability_allraw__hzh__2025_09_27_19_44_05__000326390__pre3_label3_response_coverage,test,1.8002830780600787,1.601127148444414,0.22444035090237616,-0.05796249554224987,1.530722375519059,1.7176123966763206,0.24135884967902252,-0.11244290965204744,1.8002830780600787,1.601127148444414,0.22444035090237616,-0.05796249554224987,1.530722375519059,1.7176123966763206,0.24135884967902252,-0.11244290965204744
vehicle_instability_allraw__hzh__2025_09_27_19_44_05__000345860__pre3_label3_response_coverage,test,-0.696797462791613,1.2859388529954345,0.43362420642357286,0.013228097460143936,-0.9659613800399498,1.182321782151393,0.44705021985993354,-0.14073016191456972,-0.696797462791613,1.2859388529954345,0.43362420642357286,0.013228097460143936,-0.9659613800399498,1.182321782151393,0.44705021985993354,-0.14073016191456972
vehicle_instability_allraw__jy__2025_09_26_17_17_11__000240445__pre3_label3_response_coverage,train,-1.2660502071845114,1.9237022752614368,0.4718319555609868,0.12160526806963738,-1.3164810380698664,1.9986052553067564,0.4076952422408176,0.2605903603785175,-1.2660502071845114,1.9237022752614368,0.4718319555609868,0.12160526806963738,-1.3164810380698664,1.9986052553067564,0.4076952422408176,0.2605903603785175
vehicle_instability_allraw__jy__2025_09_26_17_17_11__000414405__pre3_label3_response_coverage,train,2.074623268937056,1.550029379297271,0.2970671888406754,0.14189671020797873,2.045367821601257,1.5023664592063566,0.24907181681079252,0.12251080348772561,2.074623268937056,1.550029379297271,0.2970671888406754,0.14189671020797873,2.045367821601257,1.5023664592063566,0.24907181681079252,0.12251080348772561
vehicle_instability_allraw__jy__2025_09_26_17_17_11__000547665__pre3_label3_response_coverage,train,0.06022537009335108,1.0597495490191848,0.28752032908494557,0.02852742138426513,-0.17953503264792198,1.376598996710612,0.4298788425377752,0.1511035007238835,0.06022537009335108,1.0597495490191848,0.28752032908494557,0.02852742138426513,-0.17953503264792198,1.376598996710612,0.4298788425377752,0.1511035007238835
vehicle_instability_allraw__jy__2025_09_26_17_29_44__000426110__pre3_label3_response_coverage,train,2.2684645615862946,1.5846524078119326,0.2546579374492965,0.2823445958610438,2.140393616790639,1.3588991459083422,0.23167588976053002,0.28936760014842144,2.2684645615862946,1.5846524078119326,0.2546579374492965,0.2823445958610438,2.140393616790639,1.3588991459083422,0.23167588976053002,0.28936760014842144
vehicle_instability_allraw__jy__2025_09_26_17_29_44__000500270__pre3_label3_response_coverage,train,1.7706911224530575,1.8067282489215013,0.7711107473582088,0.2641273878207785,1.615161233205748,2.091492602189476,0.956004582797129,0.4513449966062587,1.7706911224530575,1.8067282489215013,0.7711107473582088,0.2641273878207785,1.615161233205748,2.091492602189476,0.956004582797129,0.4513449966062587
vehicle_instability_allraw__jy__2025_09_26_17_29_44__000535550__pre3_label3_response_coverage,train,0.023844369476555837,0.810594738071712,0.30128918986381586,-0.03565201265722887,-0.09493524955053834,1.2158628908530815,0.23862173147361943,-0.06787007710811031,0.023844369476555837,0.810594738071712,0.30128918986381586,-0.03565201265722887,-0.09493524955053834,1.2158628908530815,0.23862173147361943,-0.06787007710811031
vehicle_instability_allraw__jy__2025_09_26_17_29_44__000540950__pre3_label3_response_coverage,train,0.3275658128316324,1.0093511313438916,0.3698985737532994,-0.023602688037963355,0.7502976861793799,0.5010483113349669,0.22243913915515925,-0.09793262265740138,0.3275658128316324,1.0093511313438916,0.3698985737532994,-0.023602688037963355,0.7502976861793799,0.5010483113349669,0.22243913915515925,-0.09793262265740138
vehicle_instability_allraw__jy__2025_09_26_17_40_51__000069905__pre3_label3_response_coverage,train,-1.2329464594368749,1.4304000299978488,0.2879297330723352,-0.14046701165617467,-1.3994461642074447,1.3568914915445622,0.1992780140750201,-0.26454458280046567,-1.2329464594368749,1.4304000299978488,0.2879297330723352,-0.14046701165617467,-1.3994461642074447,1.3568914915445622,0.1992780140750201,-0.26454458280046567
vehicle_instability_allraw__jy__2025_09_26_17_40_51__000228515__pre3_label3_response_coverage,train,-2.1542570149296614,1.6278735538054023,0.3871612856882902,-0.10131121859303872,-2.4797854617403132,1.5512649473791384,0.46890713638351816,-0.1732799693824257,-2.1542570149296614,1.6278735538054023,0.3871612856882902,-0.10131121859303872,-2.4797854617403132,1.5512649473791384,0.46890713638351816,-0.1732799693824257
vehicle_instability_allraw__jy__2025_09_26_17_40_51__000445490__pre3_label3_response_coverage,train,0.02112791113053822,1.131547527102272,0.5210727455142522,-0.013317846680754981,-0.13567081103474887,1.561558015820408,0.8887067665694278,0.008905157807862236,0.02112791113053822,1.131547527102272,0.5210727455142522,-0.013317846680754981,-0.13567081103474887,1.561558015820408,0.8887067665694278,0.008905157807862236
vehicle_instability_allraw__jy__2025_09_26_17_40_51__000526105__pre3_label3_response_coverage,train,0.6411002723045124,1.3039467103563696,0.33213172148056375,-0.12148927284375928,0.5725712282617581,1.1414113932023828,0.30166378664193433,-0.11231337609560461,0.6411002723045124,1.3039467103563696,0.33213172148056375,-0.12148927284375928,0.5725712282617581,1.1414113932023828,0.30166378664193433,-0.11231337609560461
vehicle_instability_allraw__jy__2025_09_26_17_51_46__000542335__pre3_label3_response_coverage,train,-0.10121523472649749,1.0060094035975533,0.6693280382718662,-0.06130877446790928,0.03323138534003045,0.8668496299911111,0.3002772846440388,-0.14536656669476336,-0.10121523472649749,1.0060094035975533,0.6693280382718662,-0.06130877446790928,0.03323138534003045,0.8668496299911111,0.3002772846440388,-0.14536656669476336
vehicle_instability_allraw__jy__2025_09_26_18_01_40__000064705__pre3_label3_response_coverage,val,-1.3875972232818297,1.6208023464496468,0.45156531859683896,-0.09510904639803365,-1.5973770720551848,1.5628625179691487,0.3124063034751805,-0.196653803183828,-1.3875972232818297,1.6208023464496468,0.45156531859683896,-0.09510904639803365,-1.5973770720551848,1.5628625179691487,0.3124063034751805,-0.196653803183828
vehicle_instability_allraw__jy__2025_09_26_18_01_40__000198735__pre3_label3_response_coverage,val,-1.3654148975395475,1.5337983749059012,0.5779077878395136,-0.045608563511657194,-1.504527148295104,1.581246295403826,0.24573401605919085,0.1020718235749935,-1.3654148975395475,1.5337983749059012,0.5779077878395136,-0.045608563511657194,-1.504527148295104,1.581246295403826,0.24573401605919085,0.1020718235749935
vehicle_instability_allraw__jy__2025_09_26_18_01_40__000326600__pre3_label3_response_coverage,val,0.7423095122200505,1.4996191256583733,0.41181450529542146,0.015503891058262132,1.0737094171921528,1.3533758953671509,0.32522032036231885,0.06054406436678496,0.7423095122200505,1.4996191256583733,0.41181450529542146,0.015503891058262132,1.0737094171921528,1.3533758953671509,0.32522032036231885,0.06054406436678496
vehicle_instability_allraw__lx__2025_09_26_09_17_22__000135315__pre3_label3_response_coverage,train,-1.2949647469849148,1.9431429115639474,0.7781187254832543,0.08978388677437044,-0.9405290509643064,2.2944814108686207,0.7613816576003698,0.28149995637322445,-1.2949647469849148,1.9431429115639474,0.7781187254832543,0.08978388677437044,-0.9405290509643064,2.2944814108686207,0.7613816576003698,0.28149995637322445
vehicle_instability_allraw__lx__2025_09_26_09_17_22__000215535__pre3_label3_response_coverage,train,-1.0575413159557217,1.6469476799628515,0.6543196194834664,-0.04854171876593166,-1.1938301835531746,1.7165434935195942,0.6234688933429886,-0.08011585422090481,-1.0575413159557217,1.6469476799628515,0.6543196194834664,-0.04854171876593166,-1.1938301835531746,1.7165434935195942,0.6234688933429886,-0.08011585422090481
vehicle_instability_allraw__lx__2025_09_26_09_17_22__000385260__pre3_label3_response_coverage,train,-1.3871969701480356,1.3420005052106156,0.5490274684047849,0.036113286009586854,-1.6654545445941245,1.2553039419376342,0.7526373670014855,0.0235152416095153,-1.3871969701480356,1.3420005052106156,0.5490274684047849,0.036113286009586854,-1.6654545445941245,1.2553039419376342,0.7526373670014855,0.0235152416095153
vehicle_instability_allraw__lx__2025_09_26_09_17_22__000480490__pre3_label3_response_coverage,train,2.221921606999016,1.618217814714887,0.46241721465995655,0.19224736284311786,2.1235180455266134,1.9038998881515594,0.49985477153271796,0.4487993830949645,2.221921606999016,1.618217814714887,0.46241721465995655,0.19224736284311786,2.1235180455266134,1.9038998881515594,0.49985477153271796,0.4487993830949645
vehicle_instability_allraw__lxy__2025_09_28_17_55_52__000089180__pre3_label3_response_coverage,train,1.1507957130617794,1.937247508879243,0.35187274679641417,-0.017483535997422674,0.8992133134036712,1.7410538385464034,0.31634056803035926,-0.05549891047976866,1.1507957130617794,1.937247508879243,0.35187274679641417,-0.017483535997422674,0.8992133134036712,1.7410538385464034,0.31634056803035926,-0.05549891047976866
vehicle_instability_allraw__lxy__2025_09_28_17_55_52__000357070__pre3_label3_response_coverage,train,-0.1876955484187661,1.2653503612045212,0.3521335711300069,0.004030610331732566,0.01427934438979045,0.7228490235983642,0.22084551726292903,0.031644982900049134,-0.1876955484187661,1.2653503612045212,0.3521335711300069,0.004030610331732566,0.01427934438979045,0.7228490235983642,0.22084551726292903,0.031644982900049134
vehicle_instability_allraw__lxy__2025_09_28_17_55_52__000380645__pre3_label3_response_coverage,train,-0.39411660349979627,1.3610770611789365,0.3149148656632071,-0.017323508497160665,-0.4575286566162551,1.302701345023133,0.20981766538146368,-0.03610170048092774,-0.39411660349979627,1.3610770611789365,0.3149148656632071,-0.017323508497160665,-0.4575286566162551,1.302701345023133,0.20981766538146368,-0.03610170048092774
vehicle_instability_allraw__lxy__2025_09_28_17_55_52__000448640__pre3_label3_response_coverage,train,1.6161592868390002,1.812261580300511,0.5508701085751103,0.07307761654433717,1.5307072851634205,1.7832913179543604,0.797298687384048,0.15805747860670294,1.6161592868390002,1.812261580300511,0.5508701085751103,0.07307761654433717,1.5307072851634205,1.7832913179543604,0.797298687384048,0.15805747860670294
vehicle_instability_allraw__lxy__2025_09_28_17_55_52__000541050__pre3_label3_response_coverage,train,0.6759767104891261,1.5122031092587864,0.5600085878237242,0.11297266338104589,0.7572373699368968,1.6211009801155336,0.5258915025055126,0.09246161237415401,0.6759767104891261,1.5122031092587864,0.5600085878237242,0.11297266338104589,0.7572373699368968,1.6211009801155336,0.5258915025055126,0.09246161237415401
vehicle_instability_allraw__lxy__2025_09_28_18_06_16__000057770__pre3_label3_response_coverage,train,0.849120868089954,1.303336891420269,0.3032755350395271,0.020627101984550693,0.942204734418828,0.7730891887453739,0.2656684695950634,0.01137043170638086,0.849120868089954,1.303336891420269,0.3032755350395271,0.020627101984550693,0.942204734418828,0.7730891887453739,0.2656684695950634,0.01137043170638086
vehicle_instability_allraw__lxy__2025_09_28_18_06_16__000084330__pre3_label3_response_coverage,train,-0.5764070665065368,1.3772506309838668,0.2723791411158709,-0.047266494892812434,-0.5853157297396043,1.2833526424035906,0.18644754101347055,-0.0823873822751437,-0.5764070665065368,1.3772506309838668,0.2723791411158709,-0.047266494892812434,-0.5853157297396043,1.2833526424035906,0.18644754101347055,-0.0823873822751437
vehicle_instability_allraw__lxy__2025_09_28_18_06_16__000133655__pre3_label3_response_coverage,train,-1.3682774274265064,1.9737190712140826,0.7087820169685115,-0.08378887762254435,-1.4644541872759655,2.284936341488162,0.6898652760447153,-0.14232359008107862,-1.3682774274265064,1.9737190712140826,0.7087820169685115,-0.08378887762254435,-1.4644541872759655,2.284936341488162,0.6898652760447153,-0.14232359008107862
vehicle_instability_allraw__lxy__2025_09_28_18_06_16__000250730__pre3_label3_response_coverage,train,-1.3572470301496964,1.36025085768654,0.4321790335978904,-0.10319713830212916,-1.3364214601640256,1.1319426846253775,0.29609871451483677,-0.09060062323624056,-1.3572470301496964,1.36025085768654,0.4321790335978904,-0.10319713830212916,-1.3364214601640256,1.1319426846253775,0.29609871451483677,-0.09060062323624056
vehicle_instability_allraw__lxy__2025_09_28_18_19_35__000129055__pre3_label3_response_coverage,train,-1.8979917063631082,1.8659213937881485,0.3866539724443985,0.00287420036410053,-1.5368903788103943,2.2514806124881144,0.4634920856247092,0.1257976663110936,-1.8979917063631082,1.8659213937881485,0.3866539724443985,0.00287420036410053,-1.5368903788103943,2.2514806124881144,0.4634920856247092,0.1257976663110936
vehicle_instability_allraw__lxy__2025_09_28_18_19_35__000175350__pre3_label3_response_coverage,train,-0.9080937754719647,1.5308029105938588,0.2845844103834315,-0.06020701546836412,-1.0995198917879856,1.3443233904346652,0.3337074294570174,-0.08067502177766954,-0.9080937754719647,1.5308029105938588,0.2845844103834315,-0.06020701546836412,-1.0995198917879856,1.3443233904346652,0.3337074294570174,-0.08067502177766954
vehicle_instability_allraw__lxy__2025_09_28_18_19_35__000290870__pre3_label3_response_coverage,train,1.6596704996149212,1.7998316355249837,0.23011187133253946,-0.19832287575758945,1.7203225775832673,1.862801333201794,0.2271585851672568,-0.33344009345345776,1.6596704996149212,1.7998316355249837,0.23011187133253946,-0.19832287575758945,1.7203225775832673,1.862801333201794,0.2271585851672568,-0.33344009345345776
vehicle_instability_allraw__lxy__2025_09_28_18_19_35__000320035__pre3_label3_response_coverage,train,1.6292432357218056,1.5355533339899794,0.32292006061068795,0.1098262261086914,1.5803066002675448,1.6379839804763754,0.2611046293341033,0.13646689946016782,1.6292432357218056,1.5355533339899794,0.32292006061068795,0.1098262261086914,1.5803066002675448,1.6379839804763754,0.2611046293341033,0.13646689946016782
vehicle_instability_allraw__lxy__2025_09_28_18_19_35__000334720__pre3_label3_response_coverage,train,-0.20798092602324605,1.3989959727054546,0.41932891272494205,-0.05558641367989426,-0.1511126178835533,1.2752743393455332,0.47875902431700385,-0.038189823737777205,-0.20798092602324605,1.3989959727054546,0.41932891272494205,-0.05558641367989426,-0.1511126178835533,1.2752743393455332,0.47875902431700385,-0.038189823737777205
vehicle_instability_allraw__lxy__2025_09_28_18_19_35__000402090__pre3_label3_response_coverage,train,1.262373737696761,1.9646127939319267,0.8341847066194787,0.11270936837680055,1.1064979835636652,2.053265502503474,0.9344886870170508,0.10463177434259284,1.262373737696761,1.9646127939319267,0.8341847066194787,0.11270936837680055,1.1064979835636652,2.053265502503474,0.9344886870170508,0.10463177434259284
vehicle_instability_allraw__lxy__2025_09_28_18_19_35__000481970__pre3_label3_response_coverage,train,-0.09912561369604711,1.3903038598049038,0.3382743581338696,-0.043192534355177996,0.11428116721216558,1.0531187825386723,0.5033397917530883,-0.06976206928346182,-0.09912561369604711,1.3903038598049038,0.3382743581338696,-0.043192534355177996,0.11428116721216558,1.0531187825386723,0.5033397917530883,-0.06976206928346182
vehicle_instability_allraw__rjy__2025_09_28_19_33_26__000137120__pre3_label3_response_coverage,train,-1.0274720460686848,1.9273582546595966,0.6425984687487023,0.01625672083068779,-0.8288513928015186,2.284487678961877,0.9514960142923214,-0.07061775526034723,-1.0274720460686848,1.9273582546595966,0.6425984687487023,0.01625672083068779,-0.8288513928015186,2.284487678961877,0.9514960142923214,-0.07061775526034723
vehicle_instability_allraw__rjy__2025_09_28_19_33_26__000439360__pre3_label3_response_coverage,train,-1.4383536498536718,1.7486119609855035,0.5109512982227075,-0.06572088906930791,-1.501746765540381,1.7612721503420727,0.5096146517766693,-0.08961811387390306,-1.4383536498536718,1.7486119609855035,0.5109512982227075,-0.06572088906930791,-1.501746765540381,1.7612721503420727,0.5096146517766693,-0.08961811387390306
vehicle_instability_allraw__rjy__2025_09_28_19_33_26__000515545__pre3_label3_response_coverage,train,0.4647353708249049,1.483280107728451,0.4993524139827524,-0.02578639250886992,0.496325654783356,1.4008008504407452,0.4047599862874904,-0.023983762553325155,0.4647353708249049,1.483280107728451,0.4993524139827524,-0.02578639250886992,0.496325654783356,1.4008008504407452,0.4047599862874904,-0.023983762553325155
vehicle_instability_allraw__rjy__2025_09_28_19_33_26__000598710__pre3_label3_response_coverage,train,0.6599577844681861,1.4967984291857959,0.30449802675324117,0.06532474473931009,0.7425802933635166,1.2825050807553795,0.28066432700765676,0.08788295165815409,0.6599577844681861,1.4967984291857959,0.30449802675324117,0.06532474473931009,0.7425802933635166,1.2825050807553795,0.28066432700765676,0.08788295165815409
vehicle_instability_allraw__rjy__2025_09_28_19_51_44__000180850__pre3_label3_response_coverage,train,-1.7377670941920993,1.4634459243225442,0.5232014222664051,-0.1074175279793417,-1.933129785963136,1.3899933582779807,0.943622250037637,0.08807246999481616,-1.7377670941920993,1.4634459243225442,0.5232014222664051,-0.1074175279793417,-1.933129785963136,1.3899933582779807,0.943622250037637,0.08807246999481616
vehicle_instability_allraw__rjy__2025_09_28_19_51_44__000209520__pre3_label3_response_coverage,train,-1.174004205699166,1.7259234579349891,0.35585281027036686,-0.020428592292161804,-1.4539601313106123,1.6331600561850783,0.3864079023080242,0.01703454694151513,-1.174004205699166,1.7259234579349891,0.35585281027036686,-0.020428592292161804,-1.4539601313106123,1.6331600561850783,0.3864079023080242,0.01703454694151513
vehicle_instability_allraw__rjy__2025_09_28_19_51_44__000340405__pre3_label3_response_coverage,train,1.1140695862283287,1.5215203385910945,0.5608695734067252,-0.016779504664207603,1.3273540021585133,1.2171233111908857,0.5814695953988858,-0.039897183088098226,1.1140695862283287,1.5215203385910945,0.5608695734067252,-0.016779504664207603,1.3273540021585133,1.2171233111908857,0.5814695953988858,-0.039897183088098226
vehicle_instability_allraw__rjy__2025_09_28_19_51_44__000384965__pre3_label3_response_coverage,train,-1.716592850699624,1.4528166308495658,0.6757946346436786,-0.037438700651457366,-1.8644815821596497,1.4117596560101282,0.8923331667823219,0.005475546619848403,-1.716592850699624,1.4528166308495658,0.6757946346436786,-0.037438700651457366,-1.8644815821596497,1.4117596560101282,0.8923331667823219,0.005475546619848403
vehicle_instability_allraw__rjy__2025_09_28_19_51_44__000463330__pre3_label3_response_coverage,train,0.8068532410987743,1.5036695742708805,0.28106900724463635,0.0779580031448452,0.843601016018307,1.2950276631372868,0.3114459016388287,0.08684466955093142,0.8068532410987743,1.5036695742708805,0.28106900724463635,0.0779580031448452,0.843601016018307,1.2950276631372868,0.3114459016388287,0.08684466955093142
vehicle_instability_allraw__rjy__2025_09_28_20_02_20__000137410__pre3_label3_response_coverage,train,-1.4987809754449377,1.8475998535519933,0.7983881131737213,0.0250807086427517,-1.316776756530384,2.0394410537788232,0.7350720053990288,-0.03680862986664976,-1.4987809754449377,1.8475998535519933,0.7983881131737213,0.0250807086427517,-1.316776756530384,2.0394410537788232,0.7350720053990288,-0.03680862986664976
vehicle_instability_allraw__rjy__2025_09_28_20_02_20__000500840__pre3_label3_response_coverage,train,-0.043961602869569405,1.1020296230109685,0.5761971512477381,-0.05328858873054373,0.017893879527963952,2.091163035648705,0.3048610671647078,-0.1353746076834776,-0.043961602869569405,1.1020296230109685,0.5761971512477381,-0.05328858873054373,0.017893879527963952,2.091163035648705,0.3048610671647078,-0.1353746076834776
vehicle_instability_allraw__rjy__2025_09_28_20_02_20__000703720__pre3_label3_response_coverage,train,-1.302639834876498,1.7976569717535378,0.7427705745657301,0.09263400391739994,-1.4710780198362607,1.9784609469161167,0.6594541223224153,0.09049556142255974,-1.302639834876498,1.7976569717535378,0.7427705745657301,0.09263400391739994,-1.4710780198362607,1.9784609469161167,0.6594541223224153,0.09049556142255974
vehicle_instability_allraw__rjy__2025_09_28_20_15_42__000221270__pre3_label3_response_coverage,val,-1.1467647048501957,1.8435240285566095,0.7063181638179595,0.015813719027628792,-0.8014159436884342,1.8401040437770886,1.3961660177423143,0.042925770544995814,-1.1467647048501957,1.8435240285566095,0.7063181638179595,0.015813719027628792,-0.8014159436884342,1.8401040437770886,1.3961660177423143,0.042925770544995814
vehicle_instability_allraw__rjy__2025_09_28_20_15_42__000378840__pre3_label3_response_coverage,val,1.240912490803457,1.4963074538600012,0.4086394183058586,0.04562132991326641,1.9024151845278494,1.8253887669615563,0.3181263928612472,-0.11522226389335097,1.240912490803457,1.4963074538600012,0.4086394183058586,0.04562132991326641,1.9024151845278494,1.8253887669615563,0.3181263928612472,-0.11522226389335097
vehicle_instability_allraw__rjy__2025_09_28_20_15_42__000382075__pre3_label3_response_coverage,val,-0.409086813312983,1.5276402954026926,0.5144084882996451,0.03328494464394961,-0.7947166841082958,0.9629084206303922,0.8681592503308615,-0.045423278991325304,-0.409086813312983,1.5276402954026926,0.5144084882996451,0.03328494464394961,-0.7947166841082958,0.9629084206303922,0.8681592503308615,-0.045423278991325304
vehicle_instability_allraw__rjy__2025_09_28_20_15_42__000547420__pre3_label3_response_coverage,val,-0.5130980327717851,1.4698715618257538,0.6613828752673134,-0.029610310358434817,-0.5611169142023628,1.2916149596002695,0.3129717869738477,0.0983468991462872,-0.5130980327717851,1.4698715618257538,0.6613828752673134,-0.029610310358434817,-0.5611169142023628,1.2916149596002695,0.3129717869738477,0.0983468991462872
vehicle_instability_allraw__rjy__2025_09_28_20_15_42__000560065__pre3_label3_response_coverage,val,-0.26454798029616494,1.2558919977240472,0.4825881070892459,-0.01663675095112686,-0.3635129613609901,1.2940919682074052,0.39893164694718264,0.040951001958101044,-0.26454798029616494,1.2558919977240472,0.4825881070892459,-0.01663675095112686,-0.3635129613609901,1.2940919682074052,0.39893164694718264,0.040951001958101044
vehicle_instability_allraw__txj__2025_09_27_08_40_46__000139565__pre3_label3_response_coverage,val,-1.3389040224498487,1.7531218167449993,0.6020847974714162,-0.06992992103471146,-1.3972539688929475,2.122092547823029,2.1832657354357488,0.0392519802140571,-1.3389040224498487,1.7531218167449993,0.6020847974714162,-0.06992992103471146,-1.3972539688929475,2.122092547823029,2.0920925478230292,0.0392519802140571
vehicle_instability_allraw__txj__2025_09_27_08_40_46__000301130__pre3_label3_response_coverage,val,-1.1939547043357968,1.7323485722568848,0.6508822413483036,0.054572548462404974,-1.1289879335028543,1.475289486888622,0.4818263958513379,0.1044635200941613,-1.1939547043357968,1.7323485722568848,0.6508822413483036,0.054572548462404974,-1.1289879335028543,1.475289486888622,0.4818263958513379,0.1044635200941613
vehicle_instability_allraw__txj__2025_09_27_08_40_46__000441855__pre3_label3_response_coverage,val,-0.47294419748121747,1.3581341619256238,0.3769714548036353,-0.025534039805766334,-0.6325877541317341,1.9473598918151116,1.969564201711672,0.03167960505630736,-0.47294419748121747,1.3581341619256238,0.3769714548036353,-0.025534039805766334,-0.6325877541317341,1.9473598918151116,1.9173598918151116,0.03167960505630736
vehicle_instability_allraw__txj__2025_09_27_08_40_46__000633830__pre3_label3_response_coverage,val,0.2758890227301566,1.3696115050395135,0.47649065033133575,0.027481313656579305,-0.026389857509303782,1.6319208120184285,0.4544137645327667,0.17712205394463204,0.2758890227301566,1.3696115050395135,0.47649065033133575,0.027481313656579305,-0.026389857509303782,1.6319208120184285,0.4544137645327667,0.17712205394463204
vehicle_instability_allraw__txj__2025_09_27_08_40_46__000660595__pre3_label3_response_coverage,val,0.5299220657988831,1.468640857713779,0.4450518187582435,0.12426519235009212,0.09365308678435358,1.9830079331667587,0.5467641889528566,0.09618862908289724,0.5299220657988831,1.468640857713779,0.4450518187582435,0.12426519235009212,0.09365308678435358,1.9830079331667587,0.5467641889528566,0.09618862908289724
vehicle_instability_allraw__txj__2025_09_27_08_40_46__000687315__pre3_label3_response_coverage,val,1.224004322506197,1.6255357008028766,0.45691773153530857,-0.017344859959463846,0.9961941064347308,1.231873746806178,0.34980261090615056,0.05210630028996991,1.224004322506197,1.6255357008028766,0.45691773153530857,-0.017344859959463846,0.9961941064347308,1.231873746806178,0.34980261090615056,0.05210630028996991
vehicle_instability_allraw__txj__2025_09_27_08_53_44__000300320__pre3_label3_response_coverage,val,0.5460462493798537,1.3855528388669762,0.39628868049520205,-0.013363307810658271,0.5651176525215045,0.32909423998010157,0.29471948252029234,0.15512668900454965,0.5460462493798537,1.3855528388669762,0.39628868049520205,-0.013363307810658271,0.5651176525215045,0.32909423998010157,0.29471948252029234,0.15512668900454965
vehicle_instability_allraw__txj__2025_09_27_08_53_44__000326790__pre3_label3_response_coverage,val,-1.2297330014418553,1.6556598711114534,0.4177281432878348,-0.028560633734964935,-1.1376479147836835,1.7764867341369495,0.4027800383062692,-0.071635173097031,-1.2297330014418553,1.6556598711114534,0.4177281432878348,-0.028560633734964935,-1.1376479147836835,1.7764867341369495,0.4027800383062692,-0.071635173097031
vehicle_instability_allraw__txj__2025_09_27_08_53_44__000386965__pre3_label3_response_coverage,val,1.1409629018879208,1.4846995495994364,0.31448049790457056,0.04168427691487222,1.8906179363251154,1.5730968791856195,0.2667378384160407,-0.009175431314398541,1.1409629018879208,1.4846995495994364,0.31448049790457056,0.04168427691487222,1.8906179363251154,1.5730968791856195,0.2667378384160407,-0.009175431314398541
vehicle_instability_allraw__txj__2025_09_27_09_06_19__000084165__pre3_label3_response_coverage,train,0.32890110460118777,1.0772703163749333,0.44194870479122983,0.04043926723775952,0.42412662641609744,1.171264545890938,0.3190558471550801,0.08268542642785398,0.32890110460118777,1.0772703163749333,0.44194870479122983,0.04043926723775952,0.42412662641609744,1.171264545890938,0.3190558471550801,0.08268542642785398
vehicle_instability_allraw__txj__2025_09_27_09_06_19__000242365__pre3_label3_response_coverage,train,-0.9049717243261163,1.3832920097182348,0.49970382020865817,-0.017251075351499758,-0.7642506239989819,1.5661200799230937,0.9122895969324939,-0.005668567644925955,-0.9049717243261163,1.3832920097182348,0.49970382020865817,-0.017251075351499758,-0.7642506239989819,1.5661200799230937,0.9122895969324939,-0.005668567644925955
vehicle_instability_allraw__txj__2025_09_27_09_06_19__000575870__pre3_label3_response_coverage,train,-0.2577987585361324,1.6137760375653383,0.8765063585262417,-0.028469530672578465,-0.4763353958772298,2.2012671979036007,0.7110571956250028,-0.01858729626918895,-0.2577987585361324,1.6137760375653383,0.8765063585262417,-0.028469530672578465,-0.4763353958772298,2.2012671979036007,0.7110571956250028,-0.01858729626918895
vehicle_instability_allraw__txj__2025_09_27_09_06_19__000604150__pre3_label3_response_coverage,train,-0.1862317009619181,1.1637989534699118,0.8268995362474012,0.020929761872292552,-0.23534107022463469,1.1988167996220174,0.5174774026526339,-0.04995088019234638,-0.1862317009619181,1.1637989534699118,0.8268995362474012,0.020929761872292552,-0.23534107022463469,1.1988167996220174,0.5174774026526339,-0.04995088019234638
vehicle_instability_allraw__txj__2025_09_27_09_17_11__000060790__pre3_label3_response_coverage,train,0.8533432090029177,1.5026930245643626,0.2896902612024954,0.08169681264875142,1.2949988450443528,1.6097717465117591,0.30288595432327675,0.16337727878619918,0.8533432090029177,1.5026930245643626,0.2896902612024954,0.08169681264875142,1.2949988450443528,1.6097717465117591,0.30288595432327675,0.16337727878619918
vehicle_instability_allraw__txj__2025_09_27_09_17_11__000243345__pre3_label3_response_coverage,train,-1.6615759134665642,1.413320593637714,0.6249120877545663,-0.10019030042133269,-1.7216870800901585,1.439813689453574,0.5294816656454,-0.06599410478022898,-1.6615759134665642,1.413320593637714,0.6249120877545663,-0.10019030042133269,-1.7216870800901585,1.439813689453574,0.5294816656454,-0.06599410478022898
vehicle_instability_allraw__txj__2025_09_27_09_17_11__000498455__pre3_label3_response_coverage,train,0.4464427725608793,1.076612127562309,0.5630736194241612,0.01472329729109371,0.43019181247892646,0.9324254197520071,0.44220376206872136,-0.03701062119278638,0.4464427725608793,1.076612127562309,0.5630736194241612,0.01472329729109371,0.43019181247892646,0.9324254197520071,0.44220376206872136,-0.03701062119278638
vehicle_instability_allraw__tyy__2025_09_28_14_23_43__000177395__pre3_label3_response_coverage,train,-1.0069540898401708,1.874625182795905,0.29457200296394837,-0.12660446161875616,-0.9532915375886467,1.3511315158035067,0.20925943778560677,-0.1184179811530065,-1.0069540898401708,1.874625182795905,0.29457200296394837,-0.12660446161875616,-0.9532915375886467,1.3511315158035067,0.20925943778560677,-0.1184179811530065
vehicle_instability_allraw__tyy__2025_09_28_14_23_43__000286995__pre3_label3_response_coverage,train,-1.639246827158192,1.738495795446119,0.34943413000112367,0.062109937606518735,-1.8232314881830627,1.6880681885603788,0.32174019269059456,0.07265931602560127,-1.639246827158192,1.738495795446119,0.34943413000112367,0.062109937606518735,-1.8232314881830627,1.6880681885603788,0.32174019269059456,0.07265931602560127
vehicle_instability_allraw__tyy__2025_09_28_14_23_43__000302720__pre3_label3_response_coverage,train,1.4630631596345678,1.7148940602341263,0.19602883873527663,0.04787544676184046,1.4850422535337424,1.8443805021070536,0.17115663534307257,0.04413603077463015,1.4630631596345678,1.7148940602341263,0.19602883873527663,0.04787544676184046,1.4850422535337424,1.8443805021070536,0.17115663534307257,0.04413603077463015
vehicle_instability_allraw__tyy__2025_09_28_14_23_43__000500235__pre3_label3_response_coverage,train,2.484200422032594,1.5690201681515565,0.21013423991376823,0.2676680040197462,2.3215240757149833,1.7180249089681088,0.19527619016627612,0.13802705176436797,2.484200422032594,1.5690201681515565,0.21013423991376823,0.2676680040197462,2.3215240757149833,1.7180249089681088,0.19527619016627612,0.13802705176436797
vehicle_instability_allraw__tyy__2025_09_28_14_23_43__000628070__pre3_label3_response_coverage,train,-0.0364517478705834,1.2738917571278827,0.3870426857611491,0.025650252454610386,0.2331637574072979,1.1761510194511402,0.13364632773316815,0.1687107803245223,-0.0364517478705834,1.2738917571278827,0.3870426857611491,0.025650252454610386,0.2331637574072979,1.1761510194511402,0.13364632773316815,0.1687107803245223
vehicle_instability_allraw__tyy__2025_09_28_14_23_43__000665155__pre3_label3_response_coverage,train,-1.288884980504881,1.6298051069005988,0.7796727613422234,-0.06323605037896683,-1.137137232783395,1.7693334084264791,1.205450695459898,-0.08772530521974777,-1.288884980504881,1.6298051069005988,0.7796727613422234,-0.06323605037896683,-1.137137232783395,1.7693334084264791,1.205450695459898,-0.08772530521974777
vehicle_instability_allraw__tyy__2025_09_28_14_23_43__000685655__pre3_label3_response_coverage,train,1.5351769303693008,1.5864597862380805,0.437711264192537,0.05360845511355157,1.5307923602167004,1.389408812069189,0.3995100486223545,0.18923739473510082,1.5351769303693008,1.5864597862380805,0.437711264192537,0.05360845511355157,1.5307923602167004,1.389408812069189,0.3995100486223545,0.18923739473510082
vehicle_instability_allraw__tyy__2025_09_28_14_23_43__000762635__pre3_label3_response_coverage,train,-1.3931047869358102,1.297601544383913,0.31095451004000424,0.06743011399900141,-1.814236913493474,0.7115643908143559,0.17821679621661934,0.09833626675499713,-1.3931047869358102,1.297601544383913,0.31095451004000424,0.06743011399900141,-1.814236913493474,0.7115643908143559,0.17821679621661934,0.09833626675499713
vehicle_instability_allraw__tyy__2025_09_28_14_44_09__000058890__pre3_label3_response_coverage,test,-1.766492862925397,1.7732170117112394,0.41289262477534217,0.1109275829007397,-2.0156182864350454,1.80914061179915,0.4163914663080804,0.0229765619326964,-1.766492862925397,1.7732170117112394,0.41289262477534217,0.1109275829007397,-2.0156182864350454,1.80914061179915,0.4163914663080804,0.0229765619326964
vehicle_instability_allraw__tyy__2025_09_28_14_44_09__000471655__pre3_label3_response_coverage,test,-1.8504985554226885,1.7602128260585843,0.6863492856669137,0.10189999858339632,-0.8740761762102209,2.171209201006368,0.42861994993118263,0.07911206788372739,-1.8504985554226885,1.7602128260585843,0.6863492856669137,0.10189999858339632,-0.8740761762102209,2.171209201006368,0.42861994993118263,0.07911206788372739
vehicle_instability_allraw__tyy__2025_09_28_14_57_17__000269590__pre3_label3_response_coverage,train,-1.4872419311326526,1.7342134048026345,0.6881891010333945,-0.06292985426385411,-1.8496129920095672,1.8607243443711896,0.5478943071043341,0.1018507706758389,-1.4872419311326526,1.7342134048026345,0.6881891010333945,-0.06292985426385411,-1.8496129920095672,1.8607243443711896,0.5478943071043341,0.1018507706758389
vehicle_instability_allraw__tyy__2025_09_28_14_57_17__000427465__pre3_label3_response_coverage,train,-0.06348804351121748,1.525037504439675,1.2783679705516584,0.01553464802227137,-0.5645725507730922,1.5184493810548287,1.6964917145740608,0.030904211202782673,-0.06348804351121748,1.525037504439675,1.2783679705516584,0.01553464802227137,-0.5645725507730922,1.5184493810548287,1.4884493810548287,0.030904211202782673
vehicle_instability_allraw__xst__2025_09_26_11_34_18__000146145__pre3_label3_response_coverage,train,-1.3903066725152664,1.842401937725036,0.7442278774915682,0.04750278875131985,-1.3681533749004195,1.6190814192138985,1.0155087714783515,-0.02984217028297484,-1.3903066725152664,1.842401937725036,0.7442278774915682,0.04750278875131985,-1.3681533749004195,1.6190814192138985,1.0155087714783515,-0.02984217028297484
vehicle_instability_allraw__yyl__2025_09_28_09_14_23__000110400__pre3_label3_response_coverage,train,2.056655432937134,1.8358160576552889,0.2831618304099875,-0.23701376419725634,2.0470417212792817,2.044069135329243,0.3417740369859603,-0.3184203884930838,2.056655432937134,1.8358160576552889,0.2831618304099875,-0.23701376419725634,2.0470417212792817,2.044069135329243,0.3417740369859603,-0.3184203884930838
vehicle_instability_allraw__yyl__2025_09_28_09_14_23__000431885__pre3_label3_response_coverage,train,-1.07089917923474,1.818981276714288,0.5484990581115481,-0.007913512547341524,-1.0635650801542846,1.8380245255605958,0.557538187946055,0.047654050381409366,-1.07089917923474,1.818981276714288,0.5484990581115481,-0.007913512547341524,-1.0635650801542846,1.8380245255605958,0.557538187946055,0.047654050381409366
vehicle_instability_allraw__yyl__2025_09_28_09_14_23__000568235__pre3_label3_response_coverage,train,-1.7510529478503793,1.8346707338410406,0.5646791979316357,-0.04693925672085904,-1.7298727897943957,2.009676070855036,0.5773762987928277,-0.0023831867313502536,-1.7510529478503793,1.8346707338410406,0.5646791979316357,-0.04693925672085904,-1.7298727897943957,2.009676070855036,0.5773762987928277,-0.0023831867313502536
vehicle_instability_allraw__yyl__2025_09_28_09_29_01__000104675__pre3_label3_response_coverage,train,1.278324398929148,1.9823948052568618,0.562895372363714,0.00027451303837626375,1.2077809598171994,2.131477719750699,0.4857787279155839,-0.030142419102779865,1.278324398929148,1.9823948052568618,0.562895372363714,0.00027451303837626375,1.2077809598171994,2.131477719750699,0.4857787279155839,-0.030142419102779865
vehicle_instability_allraw__yyl__2025_09_28_09_29_01__000235890__pre3_label3_response_coverage,train,-1.2185244319599131,1.8812347957092144,0.8310189791653588,-0.04821481488229405,-1.141161942310989,1.9053575436130443,1.3804684090026138,-0.041430319731245314,-1.2185244319599131,1.8812347957092144,0.8310189791653588,-0.04821481488229405,-1.141161942310989,1.9053575436130443,1.3804684090026138,-0.041430319731245314
vehicle_instability_allraw__yyl__2025_09_28_09_29_01__000357555__pre3_label3_response_coverage,train,1.0843284047446833,1.7313438238947518,0.5085254025040867,0.08381111886598722,1.1254898957831603,1.8278346984507123,0.3586523543122395,0.1489470187830293,1.0843284047446833,1.7313438238947518,0.5085254025040867,0.08381111886598722,1.1254898957831603,1.8278346984507123,0.3586523543122395,0.1489470187830293
vehicle_instability_allraw__yyl__2025_09_28_09_29_01__000380585__pre3_label3_response_coverage,train,-1.2752861605546304,1.6165087493929844,0.7614113568753573,-0.07843913050234469,-1.4162739456382203,1.8687236243286474,0.6578177853731065,-0.12856361142036712,-1.2752861605546304,1.6165087493929844,0.7614113568753573,-0.07843913050234469,-1.4162739456382203,1.8687236243286474,0.6578177853731065,-0.12856361142036712
vehicle_instability_allraw__yyl__2025_09_28_09_29_01__000449070__pre3_label3_response_coverage,train,1.1230872544026445,1.7611070961630713,0.5728981863790088,-0.06071891012050356,1.0575097021958482,1.7942506694254554,0.7708302627531508,-0.038904458086225016,1.1230872544026445,1.7611070961630713,0.5728981863790088,-0.06071891012050356,1.0575097021958482,1.7942506694254554,0.7708302627531508,-0.038904458086225016
vehicle_instability_allraw__yyl__2025_09_28_09_29_01__000514465__pre3_label3_response_coverage,train,-1.988571438060563,1.7574877023918318,0.7690739548891112,0.23755091190152355,-2.0927493617298105,1.7806455113425328,0.6403775425394043,0.20330834244580237,-1.988571438060563,1.7574877023918318,0.7690739548891112,0.23755091190152355,-2.0927493617298105,1.7806455113425328,0.6403775425394043,0.20330834244580237
vehicle_instability_allraw__yyl__2025_09_28_09_29_01__000542080__pre3_label3_response_coverage,train,0.796759627466533,1.5543131250181181,0.3808968649577836,0.048258137263724195,0.7975271364611299,1.8928006051950617,0.3490926619830008,0.0978268175835493,0.796759627466533,1.5543131250181181,0.3808968649577836,0.048258137263724195,0.7975271364611299,1.8928006051950617,0.3490926619830008,0.0978268175835493
vehicle_instability_allraw__yyl__2025_09_28_09_39_01__000375965__pre3_label3_response_coverage,train,-1.399461608217823,1.7967688883826198,0.7093534292514191,-0.10196778833212776,-0.9155961457880738,1.9630447113417715,0.6108058645426614,-0.120973260647242,-1.399461608217823,1.7967688883826198,0.7093534292514191,-0.10196778833212776,-0.9155961457880738,1.9630447113417715,0.6108058645426614,-0.120973260647242
vehicle_instability_allraw__yyl__2025_09_28_09_39_01__000513705__pre3_label3_response_coverage,train,-1.173590364158166,1.7366964897396904,0.42971472656362997,-0.1599629810420766,-1.196844221943942,1.7063786004002015,0.6442390313964043,-0.19110033537074753,-1.173590364158166,1.7366964897396904,0.42971472656362997,-0.1599629810420766,-1.196844221943942,1.7063786004002015,0.6442390313964043,-0.19110033537074753
vehicle_instability_allraw__yyl__2025_09_28_09_49_11__000062885__pre3_label3_response_coverage,test,-0.4675515999884528,1.2059245581676596,0.351198859653729,-0.01812005887850903,-0.6035393724680158,0.6918394804048165,0.22229027818658545,-0.05272797015167206,-0.4675515999884528,1.2059245581676596,0.351198859653729,-0.01812005887850903,-0.6035393724680158,0.6918394804048165,0.22229027818658545,-0.05272797015167206
vehicle_instability_allraw__yyl__2025_09_28_09_49_11__000327680__pre3_label3_response_coverage,test,1.1717261098771883,1.478623253463,0.384976191893792,-0.004354640973635263,1.7982465897359805,1.3891386597567907,0.3252644409583902,0.009318507043610797,1.1717261098771883,1.478623253463,0.384976191893792,-0.004354640973635263,1.7982465897359805,1.3891386597567907,0.3252644409583902,0.009318507043610797
vehicle_instability_allraw__yyl__2025_09_28_09_49_11__000484470__pre3_label3_response_coverage,test,0.7227040470485746,1.6260006690766828,0.4223575732536485,0.08494127397550845,0.8907953201782971,1.7453483868436974,0.637840830150497,0.15148569330787334,0.7227040470485746,1.6260006690766828,0.4223575732536485,0.08494127397550845,0.8907953201782971,1.7453483868436974,0.637840830150497,0.15148569330787334
vehicle_instability_allraw__yzy__2025_09_27_14_13_03__000183010__pre3_label3_response_coverage,train,-1.4109402726583917,1.872215216794432,0.45393760592576016,0.025148099548703475,-1.3650749178348582,2.3450931718719854,0.41046771253181524,0.02889569492749989,-1.4109402726583917,1.872215216794432,0.45393760592576016,0.025148099548703475,-1.3650749178348582,2.3450931718719854,0.41046771253181524,0.02889569492749989
vehicle_instability_allraw__yzy__2025_09_27_14_13_03__000195245__pre3_label3_response_coverage,train,0.30946085684400626,1.2073240085327577,0.35407425066852233,-0.01993831068649137,0.6717799458059792,1.3294217551364313,0.3665352868378154,0.0418199183870091,0.30946085684400626,1.2073240085327577,0.35407425066852233,-0.01993831068649137,0.6717799458059792,1.3294217551364313,0.3665352868378154,0.0418199183870091
vehicle_instability_allraw__yzy__2025_09_27_14_13_03__000216065__pre3_label3_response_coverage,train,-1.396032544281258,1.75249036810513,0.45449104525089096,-0.09113756143187453,-1.5318193032182048,1.7163581682108808,0.40205835785801547,-0.11193298107723418,-1.396032544281258,1.75249036810513,0.45449104525089096,-0.09113756143187453,-1.5318193032182048,1.7163581682108808,0.40205835785801547,-0.11193298107723418
vehicle_instability_allraw__yzy__2025_09_27_14_13_03__000407925__pre3_label3_response_coverage,train,1.946732471186906,1.6273315843931027,0.5189807168297564,-0.085471131726767,2.009567684984021,1.7898719172425896,0.4666388284194946,-0.27361260439926216,1.946732471186906,1.6273315843931027,0.5189807168297564,-0.085471131726767,2.009567684984021,1.7898719172425896,0.4666388284194946,-0.27361260439926216
vehicle_instability_allraw__yzy__2025_09_27_14_13_03__000418350__pre3_label3_response_coverage,train,-0.9300586187553034,1.8961627716622547,1.1078409131368592,-0.010333259279032553,-1.5312261388063764,2.1401478918269343,1.9746964160968736,0.07472267569551422,-0.9300586187553034,1.8961627716622547,1.1078409131368592,-0.010333259279032553,-1.5312261388063764,2.1401478918269343,1.9746964160968736,0.07472267569551422
vehicle_instability_allraw__yzy__2025_09_27_14_13_03__000455460__pre3_label3_response_coverage,train,1.382459972692875,1.6878574112537514,0.3501756969219515,-0.16358402231786354,1.4334845703727308,1.893760572672532,0.3157921533668667,-0.2871126306088523,1.382459972692875,1.6878574112537514,0.3501756969219515,-0.16358402231786354,1.4334845703727308,1.893760572672532,0.3157921533668667,-0.2871126306088523
vehicle_instability_allraw__yzy__2025_09_27_14_13_03__000524525__pre3_label3_response_coverage,train,1.3014802743864193,1.7960012084119445,0.7564071487741157,0.04212794678598164,1.4420825463284799,2.0072136655991066,0.7658159157314284,0.12490678144144099,1.3014802743864193,1.7960012084119445,0.7564071487741157,0.04212794678598164,1.4420825463284799,2.0072136655991066,0.7658159157314284,0.12490678144144099
vehicle_instability_allraw__yzy__2025_09_27_14_13_03__000543975__pre3_label3_response_coverage,train,1.2857530958083896,1.7196169750780668,0.6319994235581257,-0.06296438084376742,1.2121658352252747,1.5135009725877198,0.523633077332116,-0.01119923639026607,1.2857530958083896,1.7196169750780668,0.6319994235581257,-0.06296438084376742,1.2121658352252747,1.5135009725877198,0.523633077332116,-0.01119923639026607
vehicle_instability_allraw__yzy__2025_09_27_14_13_03__000573090__pre3_label3_response_coverage,train,0.17834472959607664,1.184517483760352,0.4487427012784955,-0.016345932634212454,0.3469983037548195,1.209125963349877,0.42571759012161114,0.04625928318150364,0.17834472959607664,1.184517483760352,0.4487427012784955,-0.016345932634212454,0.3469983037548195,1.209125963349877,0.42571759012161114,0.04625928318150364
vehicle_instability_allraw__yzy__2025_09_27_14_26_04__000075085__pre3_label3_response_coverage,val,0.04693162442645484,1.5872245676453531,0.5554725735461424,0.0003417282785021689,-0.267096745572247,0.5347606604664572,0.6682928015441861,-0.007006471154872919,0.04693162442645484,1.5872245676453531,0.5554725735461424,0.0003417282785021689,-0.267096745572247,0.5347606604664572,0.5047606604664572,-0.007006471154872919
vehicle_instability_allraw__yzy__2025_09_27_14_26_04__000205385__pre3_label3_response_coverage,val,1.1219847557719145,1.4385416575156584,0.31750630362335025,-0.019631436389858353,1.2200017353646497,1.5199845781900079,0.3323699841458487,0.011921697567525685,1.1219847557719145,1.4385416575156584,0.31750630362335025,-0.019631436389858353,1.2200017353646497,1.5199845781900079,0.3323699841458487,0.011921697567525685
vehicle_instability_allraw__yzy__2025_09_27_14_26_04__000385650__pre3_label3_response_coverage,val,0.5748895541696181,1.3946853049488166,0.4773546327490573,0.06709289681148949,0.8146321994341686,1.3347159259928665,0.5482921069681516,0.05993578289299819,0.5748895541696181,1.3946853049488166,0.4773546327490573,0.06709289681148949,0.8146321994341686,1.3347159259928665,0.5482921069681516,0.05993578289299819
vehicle_instability_allraw__yzy__2025_09_27_14_26_04__000428685__pre3_label3_response_coverage,val,0.6337525135884413,1.3943285319102174,0.48189825664143515,0.007941163872089395,1.0345193702717839,1.0639687807180813,0.3020915129355223,0.08924385406794785,0.6337525135884413,1.3943285319102174,0.48189825664143515,0.007941163872089395,1.0345193702717839,1.0639687807180813,0.3020915129355223,0.08924385406794785
vehicle_instability_allraw__yzy__2025_09_27_14_37_08__000213665__pre3_label3_response_coverage,val,-1.8629644917972628,1.6729129201827708,0.519560543895952,0.005894257816028576,-1.7150975383876335,1.7279253669811312,0.5076527437236991,0.022889717734478954,-1.8629644917972628,1.6729129201827708,0.519560543895952,0.005894257816028576,-1.7150975383876335,1.7279253669811312,0.5076527437236991,0.022889717734478954
vehicle_instability_allraw__yzy__2025_09_27_14_37_08__000269385__pre3_label3_response_coverage,val,-1.3875901675455582,1.4540848122987884,0.5599731199965273,-0.015304034683982266,-1.1518597170713722,1.5277463984985613,0.2251917432202139,0.05667058430234231,-1.3875901675455582,1.4540848122987884,0.5599731199965273,-0.015304034683982266,-1.1518597170713722,1.5277463984985613,0.2251917432202139,0.05667058430234231
vehicle_instability_allraw__yzy__2025_09_27_14_37_08__000376440__pre3_label3_response_coverage,val,0.8877649325391748,1.4785921002640043,0.42860931813821496,0.03313400358169305,1.1627296536325475,1.4343733327439567,0.3396504508898162,-0.09921640618863209,0.8877649325391748,1.4785921002640043,0.42860931813821496,0.03313400358169305,1.1627296536325475,1.4343733327439567,0.3396504508898162,-0.09921640618863209
vehicle_instability_allraw__yzy__2025_09_27_15_04_26__000063290__pre3_label3_response_coverage,train,1.0924196070929857,1.9664871572898623,0.3418695008554854,0.1202169786863108,1.1056290831891826,2.1044309139213535,0.24041025293444068,0.32351654588146905,1.0924196070929857,1.9664871572898623,0.3418695008554854,0.1202169786863108,1.1056290831891826,2.1044309139213535,0.24041025293444068,0.32351654588146905
vehicle_instability_allraw__yzy__2025_09_27_15_07_57__000162845__pre3_label3_response_coverage,train,-1.1271379858707353,1.7521018814314695,0.45088939489406094,-0.0412854533456308,-0.9533436380692721,1.682289715919881,0.4142825024439013,0.012313667691244886,-1.1271379858707353,1.7521018814314695,0.45088939489406094,-0.0412854533456308,-0.9533436380692721,1.682289715919881,0.4142825024439013,0.012313667691244886
vehicle_instability_allraw__yzy__2025_09_27_15_07_57__000292475__pre3_label3_response_coverage,train,0.5918362178505288,1.7467071619663008,0.3047310908387709,-0.002024648969159701,0.5138344258057077,2.022913266028539,0.29854223163126753,0.12172366400669325,0.5918362178505288,1.7467071619663008,0.3047310908387709,-0.002024648969159701,0.5138344258057077,2.022913266028539,0.29854223163126753,0.12172366400669325
vehicle_instability_allraw__yzy__2025_09_27_15_07_57__000328880__pre3_label3_response_coverage,train,0.8461957486844552,1.4901258707609946,0.2836629798326153,-0.04428764069592443,1.0859383049371147,1.714584642646629,0.47662970411956523,-0.10850363913023217,0.8461957486844552,1.4901258707609946,0.2836629798326153,-0.04428764069592443,1.0859383049371147,1.714584642646629,0.47662970411956523,-0.10850363913023217
vehicle_instability_allraw__yzy__2025_09_27_15_07_57__000358900__pre3_label3_response_coverage,train,1.6263763484780158,1.5398553701483484,0.40353659395519165,0.03845158845058983,1.473491348474678,1.3521413687525303,0.29046017266981095,0.013022931923846019,1.6263763484780158,1.5398553701483484,0.40353659395519165,0.03845158845058983,1.473491348474678,1.3521413687525303,0.29046017266981095,0.013022931923846019
vehicle_instability_allraw__yzy__2025_09_27_15_07_57__000447025__pre3_label3_response_coverage,train,0.5984561486426639,1.6071156855511508,0.6312434984530144,-0.0035645771528583984,0.7890060380315269,1.7297483750423852,0.8024451012581159,0.03558672785132677,0.5984561486426639,1.6071156855511508,0.6312434984530144,-0.0035645771528583984,0.7890060380315269,1.7297483750423852,0.8024451012581159,0.03558672785132677
vehicle_instability_allraw__zdq__2025_09_26_15_14_51__000239960__pre3_label3_response_coverage,train,2.5045166977371824,1.6199624099059502,0.2345056024284008,0.21116064358347855,4.2203812425049065,1.7296889732300194,0.233835654433966,0.39998804740716837,2.5045166977371824,1.6199624099059502,0.2345056024284008,0.21116064358347855,3.894220157384871,1.7296889732300194,0.233835654433966,0.39998804740716837
vehicle_instability_allraw__zdq__2025_09_26_15_21_51__000231945__pre3_label3_response_coverage,train,0.639622258519566,1.433146743226165,0.47563303113276606,0.020469433080849416,0.7417590132317503,1.3545017084161426,0.36281791648249817,0.041949560992041245,0.639622258519566,1.433146743226165,0.47563303113276606,0.020469433080849416,0.7417590132317503,1.3545017084161426,0.36281791648249817,0.041949560992041245
vehicle_instability_allraw__zdq__2025_09_26_15_27_09__000052510__pre3_label3_response_coverage,train,1.7673861031611169,1.742574477111166,0.46441732442761674,-0.11771816776290281,1.7282663814624857,1.6757705050193767,0.37614231355643885,-0.18502911712475342,1.7673861031611169,1.742574477111166,0.46441732442761674,-0.11771816776290281,1.7282663814624857,1.6757705050193767,0.37614231355643885,-0.18502911712475342
vehicle_instability_allraw__zdq__2025_09_26_15_27_09__000060750__pre3_label3_response_coverage,train,0.6767737285596038,1.4744628775277149,0.3501430109606474,0.02511645169057998,0.6008154425185639,1.6745747328855671,0.2348564599232041,0.015966832281647636,0.6767737285596038,1.4744628775277149,0.3501430109606474,0.02511645169057998,0.6008154425185639,1.6745747328855671,0.2348564599232041,0.015966832281647636
vehicle_instability_allraw__zdq__2025_09_26_15_27_09__000456530__pre3_label3_response_coverage,train,0.016210017134977557,1.044039656941884,0.5116556649867346,0.01753246438740649,-0.4227831845875329,1.0234705420626535,0.5063474923413646,0.07502127864198795,0.016210017134977557,1.044039656941884,0.5116556649867346,0.01753246438740649,-0.4227831845875329,1.0234705420626535,0.5063474923413646,0.07502127864198795
vehicle_instability_allraw__zdq__2025_09_26_15_37_30__000202020__pre3_label3_response_coverage,train,1.227897871930341,1.7156229714493725,0.29850620594196103,0.03834130006173175,1.4407331391166134,1.6673085933733423,0.22096572007797607,0.07837237946561824,1.227897871930341,1.7156229714493725,0.29850620594196103,0.03834130006173175,1.4407331391166134,1.6673085933733423,0.22096572007797607,0.07837237946561824
vehicle_instability_allraw__zdq__2025_09_26_15_52_46__000058070__pre3_label3_response_coverage,train,-1.2764382173927267,1.7502756645257884,0.3188726294296215,-0.03226161446731685,-1.3556674364009478,1.8102655741504556,0.2672448068986262,-0.018624549704425453,-1.2764382173927267,1.7502756645257884,0.3188726294296215,-0.03226161446731685,-1.3556674364009478,1.8102655741504556,0.2672448068986262,-0.018624549704425453
vehicle_instability_allraw__zdq__2025_09_26_15_52_46__000130370__pre3_label3_response_coverage,train,-1.4151769243486751,1.9221694002879715,0.5810204328300403,0.14807572933385116,-1.0455318562341116,2.026022244329645,0.35533104248153646,0.19208816245830457,-1.4151769243486751,1.9221694002879715,0.5810204328300403,0.14807572933385116,-1.0455318562341116,2.026022244329645,0.35533104248153646,0.19208816245830457
vehicle_instability_allraw__zdq__2025_09_26_15_52_46__000577885__pre3_label3_response_coverage,train,0.0017690631783766747,1.3377665670211139,0.42135223649026293,-0.05727595593234863,0.06242950935529723,1.329063059051255,0.43848722640376836,-0.1953504602370404,0.0017690631783766747,1.3377665670211139,0.42135223649026293,-0.05727595593234863,0.06242950935529723,1.329063059051255,0.43848722640376836,-0.1953504602370404
vehicle_instability_allraw__zdq__2025_09_26_16_03_48__000347185__pre3_label3_response_coverage,train,-0.8159149152118811,1.3363319298007672,0.2589718074206104,-0.007381745245708746,-0.9697765927507864,0.3604555615704481,0.25405554002934067,-0.05203486605408596,-0.8159149152118811,1.3363319298007672,0.2589718074206104,-0.007381745245708746,-0.9697765927507864,0.3604555615704481,0.25405554002934067,-0.05203486605408596
vehicle_instability_allraw__zdq__2025_09_26_16_03_48__000471380__pre3_label3_response_coverage,train,0.21863686906743712,0.9053660130325514,0.3666017396463861,-0.022076097231108423,0.36492478247240545,0.2606648608792627,0.3659729604063704,-0.02221120402041633,0.21863686906743712,0.9053660130325514,0.3666017396463861,-0.022076097231108423,0.36492478247240545,0.2606648608792627,0.23066486087926272,-0.02221120402041633
vehicle_instability_allraw__zt__2025_09_28_11_20_08__000158280__pre3_label3_response_coverage,train,-1.8922127991640278,1.7621827657683045,0.4017582805152725,0.0734028565425243,-1.7373004567970427,1.6919309538411742,0.2672552566638887,0.05567303582465879,-1.8922127991640278,1.7621827657683045,0.4017582805152725,0.0734028565425243,-1.7373004567970427,1.6919309538411742,0.2672552566638887,0.05567303582465879
vehicle_instability_allraw__zt__2025_09_28_11_20_08__000270535__pre3_label3_response_coverage,train,1.5376943419742062,1.8487243282514247,0.4249527411617903,0.0633793900230427,1.4479133950841079,1.9500147394845235,0.3382256201656888,0.13035308102954363,1.5376943419742062,1.8487243282514247,0.4249527411617903,0.0633793900230427,1.4479133950841079,1.9500147394845235,0.3382256201656888,0.13035308102954363
vehicle_instability_allraw__zt__2025_09_28_11_20_08__000416365__pre3_label3_response_coverage,train,0.9670307633542156,1.7232580964146498,0.21453919422623244,0.0628319680436572,0.9126675560642963,2.0122113531560086,0.17541500039798383,0.04329875878588669,0.9670307633542156,1.7232580964146498,0.21453919422623244,0.0628319680436572,0.9126675560642963,2.0122113531560086,0.17541500039798383,0.04329875878588669
vehicle_instability_allraw__zt__2025_09_28_11_20_08__000472990__pre3_label3_response_coverage,train,-1.2700487132168448,1.7817030883323344,0.819377241475853,0.016338453695146634,-1.1045268394070549,1.7898812940202493,1.2271606141023548,0.050274374448780995,-1.2700487132168448,1.7817030883323344,0.819377241475853,0.016338453695146634,-1.1045268394070549,1.7898812940202493,1.2271606141023548,0.050274374448780995
vehicle_instability_allraw__zx__2025_09_27_16_32_00__000101585__pre3_label3_response_coverage,train,-0.18993418208617655,1.2605128411988358,0.7231763271096059,-0.026621009382991265,-0.12844796957262095,1.2168765480761958,0.4445383445738023,-0.016727912680921653,-0.18993418208617655,1.2605128411988358,0.7231763271096059,-0.026621009382991265,-0.12844796957262095,1.2168765480761958,0.4445383445738023,-0.016727912680921653
vehicle_instability_allraw__zx__2025_09_27_16_32_00__000312575__pre3_label3_response_coverage,train,-2.170232746327465,1.644267406910574,0.3785159130929831,0.15687065660911148,-2.5148861542307186,1.6569682573125029,0.4281683345232926,0.11661848824744026,-2.170232746327465,1.644267406910574,0.3785159130929831,0.15687065660911148,-2.5148861542307186,1.6569682573125029,0.4281683345232926,0.11661848824744026
vehicle_instability_allraw__zx__2025_09_27_16_32_00__000398300__pre3_label3_response_coverage,train,1.0531409548826853,1.7726433488098847,0.6432576270843947,0.12608328885888245,1.4775229663023024,1.9184136489718198,0.8225916601844255,0.11747189092484278,1.0531409548826853,1.7726433488098847,0.6432576270843947,0.12608328885888245,1.4775229663023024,1.9184136489718198,0.8225916601844255,0.11747189092484278
vehicle_instability_allraw__zx__2025_09_27_16_32_00__000421025__pre3_label3_response_coverage,train,0.4235682131603906,1.3988634857657969,0.3957169300486788,0.24351311538659978,0.8047763338167716,1.1600549435644851,0.5215138899504392,0.40420194719350944,0.4235682131603906,1.3988634857657969,0.3957169300486788,0.24351311538659978,0.8047763338167716,1.1600549435644851,0.5215138899504392,0.40420194719350944
vehicle_instability_allraw__zx__2025_09_27_16_32_00__000490620__pre3_label3_response_coverage,train,-2.0087962685612055,1.5101412075517917,0.38500959096762316,0.16965425560937453,-1.7315477785623399,1.3114710555013775,0.30239656953464267,0.12293234707345008,-2.0087962685612055,1.5101412075517917,0.38500959096762316,0.16965425560937453,-1.7315477785623399,1.3114710555013775,0.30239656953464267,0.12293234707345008
vehicle_instability_allraw__zx__2025_09_27_16_32_00__000645585__pre3_label3_response_coverage,train,-1.054451359154051,1.7019511703943992,0.6054386962353412,-0.014659427545121222,-1.0163420784776105,1.7180994244422425,0.47788957528763876,-0.037677220371991706,-1.054451359154051,1.7019511703943992,0.6054386962353412,-0.014659427545121222,-1.0163420784776105,1.7180994244422425,0.47788957528763876,-0.037677220371991706
vehicle_instability_allraw__zx__2025_09_27_16_46_13__000078890__pre3_label3_response_coverage,val,1.9184986198948537,1.6907289121473068,0.33584456407830005,-0.05719318217070838,1.9425001090325393,1.4015129243751026,0.28526115634075433,-0.1027664015080927,1.9184986198948537,1.6907289121473068,0.33584456407830005,-0.05719318217070838,1.9425001090325393,1.4015129243751026,0.28526115634075433,-0.1027664015080927
vehicle_instability_allraw__zx__2025_09_27_16_46_13__000087075__pre3_label3_response_coverage,val,-1.374003509888814,1.7591622047961846,0.4554398537091326,0.08103743682441841,-1.4792847900122408,1.4893201305105457,0.2894010018239993,0.02095621261279091,-1.374003509888814,1.7591622047961846,0.4554398537091326,0.08103743682441841,-1.4792847900122408,1.4893201305105457,0.2894010018239993,0.02095621261279091
vehicle_instability_allraw__zx__2025_09_27_16_46_13__000152930__pre3_label3_response_coverage,val,-1.3008669720536974,1.8808916998209473,0.6774335427569288,0.09432521892941612,-0.9076166604419076,1.8967937308636815,0.4072072081678993,0.040434116466592854,-1.3008669720536974,1.8808916998209473,0.6774335427569288,0.09432521892941612,-0.9076166604419076,1.8967937308636815,0.4072072081678993,0.040434116466592854
vehicle_instability_allraw__zx__2025_09_27_16_46_13__000263295__pre3_label3_response_coverage,val,1.8145958271891538,1.586555079251026,0.20740935993478518,-0.016220142774019803,1.8208157820584459,1.5752818006898586,0.25474364909102787,-0.12739108232761487,1.8145958271891538,1.586555079251026,0.20740935993478518,-0.016220142774019803,1.8208157820584459,1.5752818006898586,0.25474364909102787,-0.12739108232761487
vehicle_instability_allraw__zx__2025_09_27_16_46_13__000293010__pre3_label3_response_coverage,val,1.473221922921982,1.6765313625590441,0.4910495158163744,0.042502211886972896,1.5782426372040514,1.5474186902284839,0.37515256879307535,-0.03513124916287581,1.473221922921982,1.6765313625590441,0.4910495158163744,0.042502211886972896,1.5782426372040514,1.5474186902284839,0.37515256879307535,-0.03513124916287581
vehicle_instability_allraw__zx__2025_09_27_16_46_13__000316255__pre3_label3_response_coverage,val,0.9089653715491022,1.5929804663347888,0.34380171153313366,0.07922256850964822,1.3102687349737836,1.3397246184301312,0.2853058259323137,0.036986425217860386,0.9089653715491022,1.5929804663347888,0.34380171153313366,0.07922256850964822,1.3102687349737836,1.3397246184301312,0.2853058259323137,0.036986425217860386
vehicle_instability_allraw__zx__2025_09_27_16_46_13__000599550__pre3_label3_response_coverage,val,-0.7965930088392202,1.5281806459709588,0.5981157627222888,0.013286194211306678,-0.7738330270213453,2.0741016350024513,0.34601904667654315,-0.1096971913945806,-0.7965930088392202,1.5281806459709588,0.5981157627222888,0.013286194211306678,-0.7738330270213453,2.0741016350024513,0.34601904667654315,-0.1096971913945806
vehicle_instability_allraw__zx__2025_09_27_16_46_13__000632670__pre3_label3_response_coverage,val,0.09746648919198149,1.0364690310344395,0.529666269701087,0.0027900765956696185,0.19030387585713215,1.8583896157327153,0.5439370831138866,0.13403424382945814,0.09746648919198149,1.0364690310344395,0.529666269701087,0.0027900765956696185,0.19030387585713215,1.8583896157327153,0.5439370831138866,0.13403424382945814
vehicle_instability_allraw__zx__2025_09_27_17_14_07__000103335__pre3_label3_response_coverage,train,1.7944213782869405,1.517648171575538,0.25055104071653955,-0.02624587302916347,1.6333279156532086,1.472843270296571,0.24397316283746961,0.03155438153032651,1.7944213782869405,1.517648171575538,0.25055104071653955,-0.02624587302916347,1.6333279156532086,1.472843270296571,0.24397316283746961,0.03155438153032651
vehicle_instability_allraw__zx__2025_09_27_17_14_07__000412950__pre3_label3_response_coverage,train,-1.561645002962131,1.9530854762074088,0.9418966402383022,0.12192775752072622,-1.632105289075347,2.368868345462418,1.0987797739827558,0.16310284034421574,-1.561645002962131,1.9530854762074088,0.9418966402383022,0.12192775752072622,-1.632105289075347,2.368868345462418,1.0987797739827558,0.16310284034421574
vehicle_instability_allraw__zx__2025_09_27_17_25_16__000018420__pre3_label3_response_coverage,train,-1.855636573096811,1.7744591451868728,0.45986031289611257,0.02668430712339325,-1.781877166683935,1.910560721673221,0.763980690306,-0.08515587469649646,-1.855636573096811,1.7744591451868728,0.45986031289611257,0.02668430712339325,-1.781877166683935,1.910560721673221,0.763980690306,-0.08515587469649646
vehicle_instability_allraw__zx__2025_09_27_17_25_16__000055950__pre3_label3_response_coverage,train,1.1456534388958322,1.4308902742295198,0.3527424186405349,0.10956272149880757,1.199963215193576,1.3756561269431047,0.32692250601025163,0.15502408969551304,1.1456534388958322,1.4308902742295198,0.3527424186405349,0.10956272149880757,1.199963215193576,1.3756561269431047,0.32692250601025163,0.15502408969551304
vehicle_instability_allraw__zx__2025_09_27_17_29_08__000177210__pre3_label3_response_coverage,train,0.0026712013864032755,1.7593583138127047,0.2925994620438132,-0.19684035230777894,0.10889074339401816,1.3635240054162256,0.3109186208803721,-0.26079917627899774,0.0026712013864032755,1.7593583138127047,0.2925994620438132,-0.19684035230777894,0.10889074339401816,1.3635240054162256,0.3109186208803721,-0.26079917627899774
vehicle_instability_allraw__zx__2025_09_27_17_29_08__000199530__pre3_label3_response_coverage,train,-0.0010667363716271303,1.7056851285323886,0.2988011919012936,-0.019244784683912768,0.20688471464456082,1.2852476573527851,0.13031743855612082,-0.1725103337325655,-0.0010667363716271303,1.7056851285323886,0.2988011919012936,-0.019244784683912768,0.20688471464456082,1.2852476573527851,0.13031743855612082,-0.1725103337325655
vehicle_instability_allraw__zx__2025_09_27_17_45_11__000166410__pre3_label3_response_coverage,val,-0.6537738202255692,1.4465730903800527,0.673719301917526,0.00035734532638403093,0.22808044007559003,2.5938613715448215,0.6124999298946602,0.019432672806771665,-0.6537738202255692,1.4465730903800527,0.673719301917526,0.00035734532638403093,0.22808044007559003,2.5938613715448215,0.6124999298946602,0.019432672806771665
vehicle_instability_allraw__zx__2025_09_27_17_45_11__000242010__pre3_label3_response_coverage,val,-1.1250343358783275,1.8471500716651206,0.7143173234427929,0.06571463696673159,-0.9525154687029269,2.1299273999770705,1.4444873008131125,0.1775078509925903,-1.1250343358783275,1.8471500716651206,0.7143173234427929,0.06571463696673159,-0.9525154687029269,2.1299273999770705,1.4444873008131125,0.1775078509925903
vehicle_instability_allraw__zx__2025_09_27_17_45_11__000361280__pre3_label3_response_coverage,val,1.5467109254089813,1.5820705571378975,0.37097639086962236,-0.011209656662453433,1.3108514258969615,1.7174276346391268,0.24022279926822607,-0.15839764819664925,1.5467109254089813,1.5820705571378975,0.37097639086962236,-0.011209656662453433,1.3108514258969615,1.7174276346391268,0.24022279926822607,-0.15839764819664925
vehicle_instability_allraw__zx__2025_09_27_17_45_11__000449820__pre3_label3_response_coverage,val,0.7543200539415671,1.622203592320774,0.4922064530862396,0.05602554724367018,0.8575406630262512,2.4005972913002176,1.0813290400410946,0.19150642290900868,0.7543200539415671,1.622203592320774,0.4922064530862396,0.05602554724367018,0.8575406630262512,2.4005972913002176,1.0813290400410946,0.19150642290900868
vehicle_instability_allraw__zx__2025_09_27_17_56_42__000080875__pre3_label3_response_coverage,train,1.1369422681116983,1.7874607754760776,0.5989753809257244,0.043570029693522465,1.2165871764090919,1.9268878481859986,1.263389390753928,0.02065881079306757,1.1369422681116983,1.7874607754760776,0.5989753809257244,0.043570029693522465,1.2165871764090919,1.9268878481859986,1.263389390753928,0.02065881079306757
vehicle_instability_allraw__zx__2025_09_27_17_56_42__000108650__pre3_label3_response_coverage,train,0.9700826072766453,1.887272909079396,0.5554224196694499,0.12452595599873062,0.8827746312407801,1.5984881271260636,0.4468079716838663,0.10411314452891778,0.9700826072766453,1.887272909079396,0.5554224196694499,0.12452595599873062,0.8827746312407801,1.5984881271260636,0.4468079716838663,0.10411314452891778
vehicle_instability_allraw__zx__2025_09_27_18_00_08__000020450__pre3_label3_response_coverage,test,0.39024027315878074,1.734416649546249,0.46880145544619845,0.031265739172961445,0.5513199200070589,1.5385004860585427,0.31918964193919447,-0.09094753721045182,0.39024027315878074,1.734416649546249,0.46880145544619845,0.031265739172961445,0.5513199200070589,1.5385004860585427,0.31918964193919447,-0.09094753721045182
vehicle_instability_allraw__zx__2025_09_27_18_00_08__000149680__pre3_label3_response_coverage,test,-0.7142533358703916,1.8262329225296654,0.4605139228654593,0.08273902640286415,-0.24529662589489365,1.0193206450902743,0.2665548184499331,-0.2112110950215524,-0.7142533358703916,1.8262329225296654,0.4605139228654593,0.08273902640286415,-0.24529662589489365,1.0193206450902743,0.2665548184499331,-0.2112110950215524
vehicle_instability_allraw__zx__2025_09_27_18_00_08__000173505__pre3_label3_response_coverage,test,-0.840698182984163,1.6401339825206243,0.45338037310046453,-0.0010354635715222325,-0.8801025958101435,2.117766132592742,0.37229575137021254,-0.05982301545373235,-0.840698182984163,1.6401339825206243,0.45338037310046453,-0.0010354635715222325,-0.8801025958101435,2.117766132592742,0.37229575137021254,-0.05982301545373235
vehicle_instability_allraw__zx__2025_09_27_18_00_08__000353905__pre3_label3_response_coverage,test,-0.9690446464787166,1.7447160878397618,0.6114971461428022,0.008347129708277947,-0.7784022667711009,1.9951206419598486,0.4003721896697985,-0.19924448333261432,-0.9690446464787166,1.7447160878397618,0.6114971461428022,0.008347129708277947,-0.7784022667711009,1.9951206419598486,0.4003721896697985,-0.19924448333261432
vehicle_instability_allraw__zx__2025_09_27_18_07_01__000048255__pre3_label3_response_coverage,train,-1.045642097885607,1.224657110003717,0.34470552698197626,-0.04805403386797816,-0.9453345902115518,1.2023029215868744,0.43766098379347557,-0.16611185624556782,-1.045642097885607,1.224657110003717,0.34470552698197626,-0.04805403386797816,-0.9453345902115518,1.2023029215868744,0.43766098379347557,-0.16611185624556782
vehicle_instability_allraw__zx__2025_09_27_18_07_01__000071310__pre3_label3_response_coverage,train,-1.3867439579294887,1.9424209551695863,0.6454265417714322,0.05599883056952572,-1.3271655222893879,2.187179563054124,0.5584763798563508,0.12228086262680145,-1.3867439579294887,1.9424209551695863,0.6454265417714322,0.05599883056952572,-1.3271655222893879,2.187179563054124,0.5584763798563508,0.12228086262680145
vehicle_instability_allraw__zx__2025_09_27_18_07_01__000376460__pre3_label3_response_coverage,train,-0.016709946638823848,1.1509692412927952,1.0234234961865845,-0.020209611695596437,-0.2336303513836219,2.2345607219627692,1.0755592128353757,0.019627162735532288,-0.016709946638823848,1.1509692412927952,1.0234234961865845,-0.020209611695596437,-0.2336303513836219,2.2345607219627692,1.0755592128353757,0.019627162735532288
vehicle_instability_allraw__zx__2025_09_27_18_07_01__000584705__pre3_label3_response_coverage,train,0.3693279633039011,1.4352319800409823,0.36290307549560685,0.03334776866305273,0.26892671613408603,1.3296080226534535,0.2913001014042233,0.04332917652517217,0.3693279633039011,1.4352319800409823,0.36290307549560685,0.03334776866305273,0.26892671613408603,1.3296080226534535,0.2913001014042233,0.04332917652517217
vehicle_instability_allraw__zx__2025_09_27_18_17_48__000096340__pre3_label3_response_coverage,train,1.7752699608538642,1.6158857795734058,0.29973727114160376,-0.050217004771135824,1.6758677309300851,1.7590161506320654,0.27502542809089037,-0.24782393635783473,1.7752699608538642,1.6158857795734058,0.29973727114160376,-0.050217004771135824,1.6758677309300851,1.7590161506320654,0.27502542809089037,-0.24782393635783473
vehicle_instability_allraw__zx__2025_09_27_18_17_48__000253945__pre3_label3_response_coverage,train,-1.072492865441465,1.8210171373935138,0.47288579530543146,-0.02073433630732949,-1.0697648100733699,1.710553446281815,0.45802358658432535,-0.07712954932866896,-1.072492865441465,1.8210171373935138,0.47288579530543146,-0.02073433630732949,-1.0697648100733699,1.710553446281815,0.45802358658432535,-0.07712954932866896
vehicle_instability_allraw__zx__2025_09_27_18_17_48__000377105__pre3_label3_response_coverage,train,1.1782312120169633,1.6916783607011356,0.3055119476663477,-0.05917819776294074,1.2214607923896261,1.7331843405681724,0.3005210006513351,-0.09098065651959876,1.1782312120169633,1.6916783607011356,0.3055119476663477,-0.05917819776294074,1.2214607923896261,1.7331843405681724,0.3005210006513351,-0.09098065651959876
vehicle_instability_allraw__zx__2025_09_27_18_17_48__000468965__pre3_label3_response_coverage,train,-0.29600099676841335,1.2465755184081964,0.3332589024742661,-0.03212982223744928,-0.3383928416155875,1.0287666712092618,0.2834248164002019,0.010329590070872205,-0.29600099676841335,1.2465755184081964,0.3332589024742661,-0.03212982223744928,-0.3383928416155875,1.0287666712092618,0.2834248164002019,0.010329590070872205
vehicle_instability_allraw__zx__2025_09_27_18_17_48__000554770__pre3_label3_response_coverage,train,0.30429145416830394,1.1602533857913906,0.4997362539000738,-0.04589170500863827,0.4914121304233849,1.14742621044843,0.706255953021701,-0.1423534650977282,0.30429145416830394,1.1602533857913906,0.4997362539000738,-0.04589170500863827,0.4914121304233849,1.14742621044843,0.706255953021701,-0.1423534650977282
vehicle_instability_allraw__zxy__2025_09_28_15_57_38__000182350__pre3_label3_response_coverage,test,-1.2264020171105872,1.859807375576001,0.5124183449030236,0.021490682316469764,-0.9495390885866272,2.1423239302581027,0.3407803630932494,-0.005683840836894173,-1.2264020171105872,1.859807375576001,0.5124183449030236,0.021490682316469764,-0.9495390885866272,2.1423239302581027,0.3407803630932494,-0.005683840836894173
vehicle_instability_allraw__zxy__2025_09_28_16_01_55__000349230__pre3_label3_response_coverage,val,-1.2028617646689042,1.793270105263567,0.5554126695456336,0.004324900717281484,-0.5688687045657446,2.5044818719801083,2.062247390713481,0.10122851177026464,-1.2028617646689042,1.793270105263567,0.5554126695456336,0.004324900717281484,-0.5688687045657446,2.5044818719801083,2.062247390713481,0.10122851177026464
vehicle_instability_allraw__zxy__2025_09_28_16_01_55__000377385__pre3_label3_response_coverage,val,-1.3147729329741171,1.699106816105326,0.4109917732184079,-0.09309473688327075,-0.9143295985191844,1.7464424524557947,0.3327001498881136,-0.10854712336966336,-1.3147729329741171,1.699106816105326,0.4109917732184079,-0.09309473688327075,-0.9143295985191844,1.7464424524557947,0.3327001498881136,-0.10854712336966336
vehicle_instability_allraw__zxy__2025_09_28_16_12_11__000090925__pre3_label3_response_coverage,train,-0.8741255857932149,1.6607172567077584,0.3848035582915285,0.054194364635992545,-0.9135597398590158,1.4165716611291383,0.30026039899030577,0.1433811897791901,-0.8741255857932149,1.6607172567077584,0.3848035582915285,0.054194364635992545,-0.9135597398590158,1.4165716611291383,0.30026039899030577,0.1433811897791901
vehicle_instability_allraw__zxy__2025_09_28_16_12_11__000283050__pre3_label3_response_coverage,train,-0.7594046141851865,1.275848392563702,0.4327789571673962,5.0783908372045624e-05,-0.7232696915277093,0.978484958412723,0.3387111246589902,-0.038018903222287306,-0.7594046141851865,1.275848392563702,0.4327789571673962,5.0783908372045624e-05,-0.7232696915277093,0.978484958412723,0.3387111246589902,-0.038018903222287306
vehicle_instability_allraw__zxy__2025_09_28_16_12_11__000387335__pre3_label3_response_coverage,train,-1.2233996300604046,1.6413501065621159,0.7058842679968643,-0.14264171551639349,-1.2044766514693324,1.5875398433450885,0.630848329330937,-0.2302405220515783,-1.2233996300604046,1.6413501065621159,0.7058842679968643,-0.14264171551639349,-1.2044766514693324,1.5875398433450885,0.630848329330937,-0.2302405220515783
vehicle_instability_allraw__zxy__2025_09_28_16_35_30__000467085__pre3_label3_response_coverage,test,-0.8472984595143505,1.6217327624575695,0.4481388024595875,-0.003895953431437857,-0.45731810339249945,1.8157934091612353,0.9366445302708959,-0.012618794794980022,-0.8472984595143505,1.6217327624575695,0.4481388024595875,-0.003895953431437857,-0.45731810339249945,1.8157934091612353,0.9366445302708959,-0.012618794794980022
