episode_uid,subject,session_stamp,vehicle_file,episode_index_in_record,episode_start_s,episode_end_s,episode_duration_s,condition_peak_s,vehicle_response_onset_s,driver_action_onset_s,vehicle_peak_s,driver_peak_s,response_order,driver_minus_vehicle_onset_s,vehicle_risk_level,vehicle_component_count,vehicle_score_peak,condition_score_peak,driver_score_peak,driver_response_type,anchor_quality,is_low_mu_context,is_curve_context,is_roll_context,is_lateral_dynamic_context,min_mu,median_speed_kmh,peak_abs_ay,peak_abs_yaw_rate,peak_abs_roll_rate,peak_abs_roll,steer_angle_range,steer_rate_peak,brake_range,speed_range_kmh,lat_offset_range,recommended_model_window_start_s,recommended_model_window_end_s,road_module_names,road_design_categories,nearest_road_candidate_s,nearest_road_candidate_delta_s,episode_group_id,episode_group_cn,episode_reason_cn,recommended_task_cn,review_panel_path,trajectory_3d_path,has_review_panel_v1_1,has_trajectory_3d_v1_1,manual_decision_v1_1,manual_decision_reason_v1_1,is_train_candidate_v1_1,is_control_candidate_v1_1,is_discarded_v1_1,raw_feature_ok_v1_2,z_range_v1_2,z_rate_peak_v1_2,pitch_range_v1_2,pitch_rate_peak_v1_2,lat_offset_range_raw_v1_2,speed_range_raw_v1_2,brake_range_raw_v1_2,roll_range_raw_v1_2,ay_abs_peak_raw_v1_2,yaw_rate_abs_peak_raw_v1_2,duration_over_15s_v1_2,duration_over_20s_v1_2,height_jump_suspected_v1_2,pitch_jump_suspected_v1_2,lat_offset_extreme_suspected_v1_2,speed_range_extreme_suspected_v1_2,offroad_or_road_recovery_suspected_v1_2,v1_2_decision,v1_2_decision_cn,v1_2_decision_detail_cn,is_train_candidate_v1_2,is_deferred_v1_2,is_control_candidate_v1_2,is_discarded_v1_2,review_panel_v1_2_path,raw_feature_ok_v1_3,z_residual_range_v1_3,z_residual_rate_peak_v1_3,z_trend_ratio_v1_3,z_monotonic_fraction_v1_3,lat_offset_adjacent_jump_peak_v1_3,lat_offset_large_jump_count_v1_3,speed_drop_from_start_v1_3,speed_drop_peak_to_peak_v1_3,brake_peak_v1_3,pitch_residual_range_v1_3,road_grade_like_z_v1_3,z_transient_suspected_v1_3,lat_offset_jump_suspected_v1_3,speed_brake_response_suspected_v1_3,roadedge_or_offroad_suspected_v1_3,v1_3_decision,v1_3_decision_cn,v1_3_decision_detail_cn,is_train_candidate_v1_3,is_deferred_v1_3,is_control_candidate_v1_3,is_discarded_v1_3,review_panel_v1_3_path,z_start_median_v1_4,z_min_after_start_v1_4,z_max_after_start_v1_4,z_drop_from_start_v1_4,z_rise_from_start_v1_4,z_drop_large_keep_v1_4,v1_4_decision,v1_4_decision_cn,v1_4_decision_detail_cn,is_train_candidate_v1_4,is_deferred_v1_4,is_control_candidate_v1_4,is_discarded_v1_4,review_panel_v1_4_path,v1_5_decision,v1_5_decision_cn,v1_5_decision_detail_cn,is_train_candidate_v1_5,is_deferred_v1_5,is_control_candidate_v1_5,is_discarded_v1_5,review_panel_v1_5_path,v1_8_decision,v1_8_decision_cn,v1_8_decision_detail_cn,is_train_candidate_v1_8,is_deferred_v1_8,is_control_candidate_v1_8,is_discarded_v1_8,original_episode_start_s_v1_8,model_anchor_s_v1_8,model_anchor_source_v1_8,ignored_start_like_vehicle_onset_v1_8,stable_prefix_removed_s_v1_8,stable_prefix_trimmed_v1_8,model_obs_start_s_v1_8,model_obs_end_s_v1_8,model_label_start_s_v1_8,model_label_end_s_v1_8,review_panel_v1_8_path,road_coord_map_status_v1_9,road_coord_modules_seen_v1_9,road_coord_instances_seen_v1_9,road_coord_dominant_module_v1_9,road_coord_dominant_instance_v1_9,road_coord_curve_modules_seen_v1_9,road_coord_curve_sample_count_v1_9,road_coord_is_curve_v1_9,road_coord_anchor_module_v1_9,road_coord_anchor_instance_v1_9,road_coord_anchor_curvature_v1_9,road_coord_anchor_nearest_dist_v1_9,road_coord_anchor_vehicle_x_v1_9,road_coord_anchor_vehicle_y_v1_9,road_coord_nearest_dist_median_v1_9,road_coord_nearest_dist_min_v1_9,road_coord_nearest_dist_max_v1_9,road_coord_mapping_quality_v1_9,vehicle_lane_curvature_anchor_v1_9,vehicle_lane_curvature_abs_max_sampled_v1_9,vehicle_lateral_distance_anchor_v1_9,vehicle_lateral_distance_abs_max_sampled_v1_9,vehicle_lane_curvature_curve_hint_v1_9,road_coord_sample_trace_v1_9,v1_9_decision,v1_9_decision_cn,v1_9_decision_detail_cn,is_train_candidate_v1_9,is_deferred_v1_9,is_control_candidate_v1_9,is_discarded_v1_9,review_panel_v1_9_path,v2_0_decision,v2_0_decision_cn,v2_0_decision_detail_cn,is_train_candidate_v2_0,is_review_candidate_v2_0,is_control_candidate_v2_0,is_discarded_v2_0,v2_0_vehicle_dynamic_count,v2_0_height_pose_issue,v2_0_reaudited_without_history,v2_0_old_v1_9_train,v2_0_recovered_from_v1_9_nontrain,review_panel_v2_0_path
rec_v1_byx_2025_09_28_17_05_51_0004,byx,2025_09_28_17_05_51,F:\data_set_process\data_process\01_datasets\数据预处理\原始车辆数据\byx\Entity_Recording_2025_09_28_17_05_51_vehicle.csv,4,153.075,154.715,1.6400000000000148,154.215,154.21,153.105,154.215,153.73,驾驶员先动,-1.1050000000000182,极强,1,4.0,4.0,1.8997,制动为主,坐标风险高,True,False,False,True,0.8,116.3740588235294,0.3597079999999999,0.0118543294117647,0.0033366194117647,0.0048262144117647,0.0371089411764705,0.0562531141868219,0.1471742647058823,13.159794117647053,3.488929117647059,151.075,156.715,,,148.45,-5.444999999999993,review,需要复核,窗口/坐标风险,人工复核后再决定,F:\data_set_process\data_process\05_rebuild_from_raw_20260511\02_samples\record_level_episode_reconstruction_v1_0\figures\review_panels\conservative_extreme_保守\弱操作极限样本\rec_v1_byx_2025_09_28_17_05_51_0004.png;F:\data_set_process\data_process\05_rebuild_from_raw_20260511\02_samples\record_level_episode_reconstruction_v1_0\figures\review_panels\review_需要复核\rec_v1_byx_2025_09_28_17_05_51_0004.png,F:\data_set_process\data_process\05_rebuild_from_raw_20260511\02_samples\record_level_episode_reconstruction_v1_0\figures\trajectory_3d_static\rec_v1_byx_2025_09_28_17_05_51_0004_3d.png,True,True,暂不进入训练,用户复核后认为需要复核类基本可舍去，先整体降为舍弃/暂缓,False,False,True,True,0.0057,0.0351999999999037,0.01586886,0.0587171,3.49886,13.182000000000002,0.1696308,0.0036434249999999,0.361448,0.0118651,False,False,False,False,False,False,False,discard_prior_review,v1.1 已经人工复核为舍弃/暂缓，本轮继续不进入训练,v1.1 已经人工复核为舍弃/暂缓，本轮继续不进入训练,False,False,False,True,,True,0.0055922752781728,0.0314178296794317,0.9811009259952326,0.6560121765601218,1.74943,2,13.182000000000002,13.182000000000002,0.18997,0.0127516991931758,False,False,True,False,False,discard_prior_review,v1.1 已经人工复核为舍弃/暂缓，本轮继续不进入训练,v1.1 已经人工复核为舍弃/暂缓，本轮继续不进入训练,False,False,False,True,,-0.1483682499999999,-0.14996,-0.14426,0.00159175,0.0041082499999999,False,discard_prior_review,继承 v1.3：此前已舍弃/暂缓，不进入当前训练候选,继承 v1.3：此前已舍弃/暂缓，不进入当前训练候选,False,False,False,True,,discard_prior_review,继承 v1.4：此前已舍弃或不适合作为当前主训练候选,继承 v1.4：此前已舍弃或不适合作为当前主训练候选,False,False,False,True,,discard_noncurve_prior_review,非弯道已舍弃或不适合作为当前候选：继承 v1.5,非弯道已舍弃或不适合作为当前候选：继承 v1.5,False,False,False,True,153.075,153.105,驾驶员动作,False,0.0300000000000011,False,151.105,153.105,153.105,159.105,,ok,curve1,curve1,curve1,curve1,curve1,8,True,curve1,curve1,-0.0072689838864958,35.59397968439024,3985.24,4.68594,49.662681410519305,34.985268147073434,53.73375322721,high,8.20175e-10,2.96512e-08,-1.31101,1.74191,False,model_anchor:curve1:35.6:0.00000;episode_start:curve1:35.0:-0.00000;vehicle_response:curve1:51.2:0.00000;condition_peak:curve1:51.2:0.00000;episode_end:curve1:53.7:0.00000;episode_q25:curve1:42.4:0.00000;episode_q50:curve1:48.1:-0.00000;episode_q75:curve1:51.9:-0.00000,train_curve_coord_valid_normal_or_weak,道路坐标确认在弯道，车辆动态较弱或更像正常过弯，作为弯道普通/弱侧倾训练候选,道路坐标确认在弯道，车辆动态较弱或更像正常过弯，作为弯道普通/弱侧倾训练候选,True,False,False,False,,train_curve_normal_or_weak,弯道普通/弱侧倾训练候选,道路坐标确认在弯道，车辆动态较弱或更像正常过弯；保留为弯道普通/弱侧倾训练候选。,True,False,False,False,0,高度微动正常,True,True,False,
rec_v1_byx_2025_09_28_17_05_51_0011,byx,2025_09_28_17_05_51,F:\data_set_process\data_process\01_datasets\数据预处理\原始车辆数据\byx\Entity_Recording_2025_09_28_17_05_51_vehicle.csv,11,328.29,338.59,10.299999999999956,329.26,328.48,328.35,329.26,336.85,驾驶员先动,-0.1299999999999954,极强,5,4.0,4.0,3.348669909598656,方向盘快速操作,正常,True,False,True,True,0.8,120.95588235294116,6.511945882352941,0.2181542647058823,0.3197869117647058,0.0897850705882352,3.1433829411764704,7.335547058820085,0.0,5.811117647058822,3.440872647058824,326.29,340.59,curve2,弯道路段,326.75,-6.689999999999998,core_extreme,核心极限样本,车辆动态强且驾驶员转向明显,多输出轨迹预测,F:\data_set_process\data_process\05_rebuild_from_raw_20260511\02_samples\record_level_episode_reconstruction_v1_0\figures\review_panels\conservative_extreme_保守\弱操作极限样本\rec_v1_byx_2025_09_28_17_05_51_0011.png;F:\data_set_process\data_process\05_rebuild_from_raw_20260511\02_samples\record_level_episode_reconstruction_v1_0\figures\review_panels\core_extreme_核心极限样本\rec_v1_byx_2025_09_28_17_05_51_0011.png,F:\data_set_process\data_process\05_rebuild_from_raw_20260511\02_samples\record_level_episode_reconstruction_v1_0\figures\trajectory_3d_static\rec_v1_byx_2025_09_28_17_05_51_0011_3d.png,True,True,保留为主训练候选,用户已初步复核，核心/保守弱操作/次级样本整体可保留,True,False,False,True,0.0093999999999994,0.0400000000001909,0.00760504,0.023065,3.49629,5.814000000000007,0.0,0.1583526,6.51872,0.21841,False,False,False,False,False,False,False,train_target_extreme,核心/次级目标极限事件，未触发超长或路外恢复风险，保留为训练候选,核心/次级目标极限事件，未触发超长或路外恢复风险，保留为训练候选,True,False,False,False,F:\data_set_process\data_process\05_rebuild_from_raw_20260511\02_samples\record_level_episode_reconstruction_v1_2_cleaned\figures\review_panels_v1_2\01_主训练_目标极限事件\0011_rec_v1_byx_2025_09_28_17_05_51_0011.png,True,0.0091955224008462,0.0401565940999414,0.978247063919871,0.8563455471972822,1.74635,10,4.143500000000003,5.814000000000007,0.03,0.0063328696667247,False,False,True,False,False,train_target_extreme,目标极限事件，未触发 v1.3 路边/超长风险，保留为训练候选,目标极限事件，未触发 v1.3 路边/超长风险，保留为训练候选,True,False,False,False,F:\data_set_process\data_process\05_rebuild_from_raw_20260511\02_samples\record_level_episode_reconstruction_v1_3_cleaned\figures\review_panels_v1_3\01_主训练_目标极限事件\0011_rec_v1_byx_2025_09_28_17_05_51_0011.png,-13.1443,-13.1459,-13.1365,0.0015999999999998,0.0077999999999995,False,train_target_extreme,继承 v1.3：目标极限事件，保留为训练候选,继承 v1.3：目标极限事件，保留为训练候选,True,False,False,False,F:\data_set_process\data_process\05_rebuild_from_raw_20260511\02_samples\record_level_episode_reconstruction_v1_4_zdrop_reviewed\figures\review_panels_v1_4\03_普通保留训练样本抽查\0011_rec_v1_byx_2025_09_28_17_05_51_0011.png,train_target_extreme,继承 v1.4：目标极限事件，保留为当前主训练候选,继承 v1.4：目标极限事件，保留为当前主训练候选,True,False,False,False,F:\data_set_process\data_process\05_rebuild_from_raw_20260511\02_samples\record_level_episode_reconstruction_v1_5_curve_separated\figures\review_panels_v1_5\02_主训练候选抽查\0011_rec_v1_byx_2025_09_28_17_05_51_0011.png,train_curve_unclear_or_weak,弯道训练候选：高度只存在小波动，侧倾较弱或普通，先纳入候选,弯道训练候选：高度只存在小波动，侧倾较弱或普通，先纳入候选,True,False,False,False,328.29,328.35,驾驶员动作,False,0.0600000000000022,False,326.35,328.35,328.35,334.35,F:\data_set_process\data_process\05_rebuild_from_raw_20260511\02_samples\record_level_episode_reconstruction_v1_8_anchor_curve_revised\figures\review_panels_v1_8\04_弯道_高度小波动普通或弱侧倾_纳入\0011_rec_v1_byx_2025_09_28_17_05_51_0011.png,ok,curve2,curve2,curve2,curve2,curve2,8,True,curve2,curve2,-2.246645099491216e-13,491.0946563813559,4724.15,-4783.83,529.1316597746404,489.772881533704,714.1428726226183,low_but_context_usable,0.0,8.88178e-10,0.442095,1.689,False,model_anchor:curve2:491.1:0.00000;episode_start:curve2:489.8:-0.00000;vehicle_response:curve2:494.0:0.00000;condition_peak:curve2:511.8:0.00000;episode_end:curve2:714.1:-0.00000;episode_q25:curve2:546.5:0.00000;episode_q50:curve2:600.6:-0.00000;episode_q75:curve2:656.1:0.00000,train_curve_coord_valid_roll_candidate,道路坐标确认在弯道，且车辆侧倾/横滚/横向动态明显，可作为弯道极限或近极限候选,道路坐标确认在弯道，且车辆侧倾/横滚/横向动态明显，可作为弯道极限或近极限候选,True,False,False,False,,train_curve_roll_dynamic,弯道侧倾/动态训练候选,道路坐标确认在弯道，车辆横滚/横摆/横向动态明显，动态信号数=2。,True,False,False,False,2,高度微动正常,True,True,False,F:\data_set_process\data_process\05_rebuild_from_raw_20260511\02_samples\record_level_episode_reconstruction_v2_0_no_history_reaudit\figures\review_panels_v2_0\03_弯道训练候选\0011_rec_v1_byx_2025_09_28_17_05_51_0011.png
rec_v1_byx_2025_09_28_17_05_51_0012,byx,2025_09_28_17_05_51,F:\data_set_process\data_process\01_datasets\数据预处理\原始车辆数据\byx\Entity_Recording_2025_09_28_17_05_51_vehicle.csv,12,343.98,345.9,1.919999999999959,345.315,345.31,,345.315,345.19,缺少一方起点,,极强,1,4.0,4.0,0.4832781967315144,无明显操作,坐标风险高,True,False,False,True,0.8,132.4671470588235,1.6219214705882352,0.0520185058823529,0.0712074323529411,0.0250906647058823,0.5368172647058823,1.0586621107276062,0.0,2.4715294117647204,3.421486470588235,341.98,347.9,,,351.1,6.160000000000025,review,需要复核,窗口/坐标风险,人工复核后再决定,F:\data_set_process\data_process\05_rebuild_from_raw_20260511\02_samples\record_level_episode_reconstruction_v1_0\figures\review_panels\conservative_extreme_保守\弱操作极限样本\rec_v1_byx_2025_09_28_17_05_51_0012.png;F:\data_set_process\data_process\05_rebuild_from_raw_20260511\02_samples\record_level_episode_reconstruction_v1_0\figures\review_panels\review_需要复核\rec_v1_byx_2025_09_28_17_05_51_0012.png,F:\data_set_process\data_process\05_rebuild_from_raw_20260511\02_samples\record_level_episode_reconstruction_v1_0\figures\trajectory_3d_static\rec_v1_byx_2025_09_28_17_05_51_0012_3d.png,True,True,暂不进入训练,用户复核后认为需要复核类基本可舍去，先整体降为舍弃/暂缓,False,False,True,True,0.0007999999999999,0.0100000000002182,0.0001275949999999,0.000246957,3.49191,2.4705000000000155,0.0,0.0408223,1.62224,0.0520532,False,False,False,False,False,False,False,discard_prior_review,v1.1 已经人工复核为舍弃/暂缓，本轮继续不进入训练,v1.1 已经人工复核为舍弃/暂缓，本轮继续不进入训练,False,False,False,True,,True,0.0006453972488866,0.0103183384784082,0.8067465611084522,0.9791937581274384,1.745955,2,0.0285000000000081,2.4705000000000155,0.03,7.935144663464861e-05,False,False,True,False,False,discard_prior_review,v1.1 已经人工复核为舍弃/暂缓，本轮继续不进入训练,v1.1 已经人工复核为舍弃/暂缓，本轮继续不进入训练,False,False,False,True,,-13.1425,-13.1431,-13.1423,0.0006000000000003,0.0001999999999995,False,discard_prior_review,继承 v1.3：此前已舍弃/暂缓，不进入当前训练候选,继承 v1.3：此前已舍弃/暂缓，不进入当前训练候选,False,False,False,True,,discard_prior_review,继承 v1.4：此前已舍弃或不适合作为当前主训练候选,继承 v1.4：此前已舍弃或不适合作为当前主训练候选,False,False,False,True,,discard_noncurve_prior_review,非弯道已舍弃或不适合作为当前候选：继承 v1.5,非弯道已舍弃或不适合作为当前候选：继承 v1.5,False,False,False,True,343.98,345.31,车辆响应,False,1.329999999999984,False,343.31,345.31,345.31,351.31,,ok,curve2,curve2,curve2,curve2,curve2,7,True,curve2,curve2,2.6938645110883373e-15,868.6541148628038,5106.96,-5224.72,868.6541148628038,838.2740104623579,882.0406163969216,low_but_context_usable,1.52774e-09,1.65205e-09,-1.68186,1.6916,False,model_anchor:curve2:868.7:0.00000;episode_start:curve2:838.3:0.00000;condition_peak:curve2:868.8:0.00000;episode_end:curve2:882.0:0.00000;episode_q25:curve2:849.4:0.00000;episode_q50:curve2:860.4:-0.00000;episode_q75:curve2:871.1:-0.00000,train_curve_coord_valid_normal_or_weak,道路坐标确认在弯道，车辆动态较弱或更像正常过弯，作为弯道普通/弱侧倾训练候选,道路坐标确认在弯道，车辆动态较弱或更像正常过弯，作为弯道普通/弱侧倾训练候选,True,False,False,False,,train_curve_normal_or_weak,弯道普通/弱侧倾训练候选,道路坐标确认在弯道，车辆动态较弱或更像正常过弯；保留为弯道普通/弱侧倾训练候选。,True,False,False,False,0,高度微动正常,True,True,False,
rec_v1_byx_2025_09_28_17_05_51_0013,byx,2025_09_28_17_05_51,F:\data_set_process\data_process\01_datasets\数据预处理\原始车辆数据\byx\Entity_Recording_2025_09_28_17_05_51_vehicle.csv,13,349.37,361.085,11.714999999999977,352.245,350.705,350.71,352.245,352.135,车辆先变化,0.0049999999999954,极强,5,4.0,4.0,2.9715834899970344,方向盘快速操作,正常,True,False,True,True,0.8,138.99008823529408,5.566652352941176,0.2464589117647058,0.3551148823529411,0.0782566205882352,2.433450882352941,6.509507093429409,0.0,8.018000000000029,3.4529441176470588,347.37,363.085,middle_section,连续超车负荷事件段,352.805,-2.422499999999957,core_extreme,核心极限样本,车辆动态强且驾驶员转向明显,多输出轨迹预测,F:\data_set_process\data_process\05_rebuild_from_raw_20260511\02_samples\record_level_episode_reconstruction_v1_0\figures\review_panels\conservative_extreme_保守\弱操作极限样本\rec_v1_byx_2025_09_28_17_05_51_0013.png;F:\data_set_process\data_process\05_rebuild_from_raw_20260511\02_samples\record_level_episode_reconstruction_v1_0\figures\review_panels\core_extreme_核心极限样本\rec_v1_byx_2025_09_28_17_05_51_0013.png,F:\data_set_process\data_process\05_rebuild_from_raw_20260511\02_samples\record_level_episode_reconstruction_v1_0\figures\trajectory_3d_static\rec_v1_byx_2025_09_28_17_05_51_0013_3d.png,True,True,保留为主训练候选,用户已初步复核，核心/保守弱操作/次级样本整体可保留,True,False,False,True,0.0075000000000002,0.0499999999999545,0.00471495,0.00868276,3.49592,8.021000000000015,0.0,0.1425857999999999,5.58881,0.246733,False,False,False,False,False,False,False,train_target_extreme,核心/次级目标极限事件，未触发超长或路外恢复风险，保留为训练候选,核心/次级目标极限事件，未触发超长或路外恢复风险，保留为训练候选,True,False,False,False,F:\data_set_process\data_process\05_rebuild_from_raw_20260511\02_samples\record_level_episode_reconstruction_v1_2_cleaned\figures\review_panels_v1_2\01_主训练_目标极限事件\0013_rec_v1_byx_2025_09_28_17_05_51_0013.png,True,0.0074890678508232,0.0500223105087471,0.9985423801097416,0.9261787924045232,1.747425,14,2.1899999999999977,8.021000000000015,0.03,0.0052621662222326,False,False,True,False,False,train_target_extreme,目标极限事件，未触发 v1.3 路边/超长风险，保留为训练候选,目标极限事件，未触发 v1.3 路边/超长风险，保留为训练候选,True,False,False,False,F:\data_set_process\data_process\05_rebuild_from_raw_20260511\02_samples\record_level_episode_reconstruction_v1_3_cleaned\figures\review_panels_v1_3\01_主训练_目标极限事件\0013_rec_v1_byx_2025_09_28_17_05_51_0013.png,-13.1427,-13.1469,-13.1394,0.0042000000000008,0.0032999999999994,False,train_target_extreme,继承 v1.3：目标极限事件，保留为训练候选,继承 v1.3：目标极限事件，保留为训练候选,True,False,False,False,F:\data_set_process\data_process\05_rebuild_from_raw_20260511\02_samples\record_level_episode_reconstruction_v1_4_zdrop_reviewed\figures\review_panels_v1_4\03_普通保留训练样本抽查\0013_rec_v1_byx_2025_09_28_17_05_51_0013.png,train_target_extreme,继承 v1.4：目标极限事件，保留为当前主训练候选,继承 v1.4：目标极限事件，保留为当前主训练候选,True,False,False,False,F:\data_set_process\data_process\05_rebuild_from_raw_20260511\02_samples\record_level_episode_reconstruction_v1_5_curve_separated\figures\review_panels_v1_5\02_主训练候选抽查\0013_rec_v1_byx_2025_09_28_17_05_51_0013.png,train_noncurve_target_extreme,非弯道主训练候选：继承 v1.5，作为当前主训练集,非弯道主训练候选：继承 v1.5，作为当前主训练集,True,False,False,False,349.37,350.705,车辆响应,False,1.3349999999999795,False,348.705,350.705,350.705,356.705,,ok,curve2|middle_section,curve2|section5,middle_section,section5,curve2,3,True,curve2,curve2,-0.0004262724293356,991.969188703739,5232.19,-5372.03,991.969188703739,966.5418424046306,1004.4355903926868,low_but_context_usable,9.32322e-11,1.90067e-09,0.256873,1.64805,False,model_anchor:curve2:992.0:0.00000;episode_start:curve2:966.5:-0.00000;driver_action:curve2:992.0:0.00000;condition_peak:middle_section:1004.4:-0.00000;episode_end:middle_section:978.4:-0.00000;episode_q25:middle_section:1004.4:-0.00000;episode_q50:middle_section:998.5:-0.00000;episode_q75:middle_section:986.5:0.00000,train_curve_coord_valid_roll_candidate,道路坐标确认在弯道，且车辆侧倾/横滚/横向动态明显，可作为弯道极限或近极限候选,道路坐标确认在弯道，且车辆侧倾/横滚/横向动态明显，可作为弯道极限或近极限候选,True,False,False,False,,train_curve_normal_or_weak,弯道普通/弱侧倾训练候选,道路坐标确认在弯道，车辆动态较弱或更像正常过弯；保留为弯道普通/弱侧倾训练候选。,True,False,False,False,1,高度微动正常,True,True,False,
rec_v1_byx_2025_09_28_17_15_52_0003,byx,2025_09_28_17_15_52,F:\data_set_process\data_process\01_datasets\数据预处理\原始车辆数据\byx\Entity_Recording_2025_09_28_17_15_52_vehicle.csv,3,87.33,96.895,9.564999999999998,87.695,87.635,88.085,87.695,91.72,车辆先变化,0.4499999999999886,极强,5,4.0,4.0,4.0,方向盘快速操作,正常,True,False,True,True,0.8,123.58698529411764,5.890348529411765,0.2711843823529412,0.3978218529411764,0.0807449411764705,3.3588708823529414,12.251311401382566,0.0,6.526499999999999,3.456401176470588,85.33,98.895,curve1|middle_section,弯道路段|连续超车负荷事件段,92.0,-0.1124999999999971,core_extreme,核心极限样本,车辆动态强且驾驶员转向明显,多输出轨迹预测,F:\data_set_process\data_process\05_rebuild_from_raw_20260511\02_samples\record_level_episode_reconstruction_v1_0\figures\review_panels\conservative_extreme_保守\弱操作极限样本\rec_v1_byx_2025_09_28_17_15_52_0003.png;F:\data_set_process\data_process\05_rebuild_from_raw_20260511\02_samples\record_level_episode_reconstruction_v1_0\figures\review_panels\core_extreme_核心极限样本\rec_v1_byx_2025_09_28_17_15_52_0003.png,F:\data_set_process\data_process\05_rebuild_from_raw_20260511\02_samples\record_level_episode_reconstruction_v1_0\figures\trajectory_3d_static\rec_v1_byx_2025_09_28_17_15_52_0003_3d.png,True,True,保留为主训练候选,用户已初步复核，核心/保守弱操作/次级样本整体可保留,True,False,False,True,0.0081989999999999,0.0378000000000362,0.00571138,0.0264942,3.49935,6.527000000000001,0.0,0.1598233,5.89408,0.271397,False,False,False,False,False,False,False,train_target_extreme,核心/次级目标极限事件，未触发超长或路外恢复风险，保留为训练候选,核心/次级目标极限事件，未触发超长或路外恢复风险，保留为训练候选,True,False,False,False,F:\data_set_process\data_process\05_rebuild_from_raw_20260511\02_samples\record_level_episode_reconstruction_v1_2_cleaned\figures\review_panels_v1_2\01_主训练_目标极限事件\0025_rec_v1_byx_2025_09_28_17_15_52_0003.png,True,0.0078557875402285,0.036174228896761,0.9581397170665548,0.5254768748366867,1.74776,8,6.527000000000001,6.527000000000001,0.03,0.005294317373834,False,False,True,False,False,train_target_extreme,目标极限事件，未触发 v1.3 路边/超长风险，保留为训练候选,目标极限事件，未触发 v1.3 路边/超长风险，保留为训练候选,True,False,False,False,F:\data_set_process\data_process\05_rebuild_from_raw_20260511\02_samples\record_level_episode_reconstruction_v1_3_cleaned\figures\review_panels_v1_3\01_主训练_目标极限事件\0025_rec_v1_byx_2025_09_28_17_15_52_0003.png,-0.1445865,-0.146055,-0.137856,0.0014684999999999,0.0067305,False,train_target_extreme,继承 v1.3：目标极限事件，保留为训练候选,继承 v1.3：目标极限事件，保留为训练候选,True,False,False,False,F:\data_set_process\data_process\05_rebuild_from_raw_20260511\02_samples\record_level_episode_reconstruction_v1_4_zdrop_reviewed\figures\review_panels_v1_4\03_普通保留训练样本抽查\0025_rec_v1_byx_2025_09_28_17_15_52_0003.png,train_target_extreme,继承 v1.4：目标极限事件，保留为当前主训练候选,继承 v1.4：目标极限事件，保留为当前主训练候选,True,False,False,False,F:\data_set_process\data_process\05_rebuild_from_raw_20260511\02_samples\record_level_episode_reconstruction_v1_5_curve_separated\figures\review_panels_v1_5\02_主训练候选抽查\0025_rec_v1_byx_2025_09_28_17_15_52_0003.png,discard_curve_height_or_z_abnormal,弯道高度异常：高度明显变高、突变、非平滑，或不像正常下坡弯道,弯道高度异常：高度明显变高、突变、非平滑，或不像正常下坡弯道,False,False,False,True,87.33,87.635,车辆响应,False,0.3050000000000068,False,85.635,87.635,87.635,93.635,,ok,middle_section|curve1,section2|curve1,middle_section,section2,curve1,3,True,middle_section,section2,5.551115123124836e-17,4.181447472698999,2622.19,4.16865,4.521738514244334,4.011939010450295,5.705269054131935,high,-3.10773e-11,1.01249e-09,1.67361,1.72158,False,model_anchor:middle_section:4.2:-0.00000;episode_start:middle_section:4.0:0.00000;driver_action:middle_section:4.8:0.00000;condition_peak:middle_section:4.2:0.00000;episode_end:curve1:4.0:0.00000;episode_q25:middle_section:5.7:0.00000;episode_q50:curve1:5.5:-0.00000;episode_q75:curve1:5.2:0.00000,train_curve_coord_valid_roll_candidate,道路坐标确认在弯道，且车辆侧倾/横滚/横向动态明显，可作为弯道极限或近极限候选,道路坐标确认在弯道，且车辆侧倾/横滚/横向动态明显，可作为弯道极限或近极限候选,True,False,False,False,,train_curve_roll_dynamic,弯道侧倾/动态训练候选,道路坐标确认在弯道，车辆横滚/横摆/横向动态明显，动态信号数=2。,True,False,False,False,2,高度微动正常,True,True,False,
rec_v1_byx_2025_09_28_17_15_52_0004,byx,2025_09_28_17_15_52,F:\data_set_process\data_process\01_datasets\数据预处理\原始车辆数据\byx\Entity_Recording_2025_09_28_17_15_52_vehicle.csv,4,122.895,124.49,1.5949999999999989,123.175,,122.905,122.905,123.175,缺少一方起点,,弱,0,0.2027292458231387,2.18979,2.91972,制动为主,正常,True,False,False,False,0.8,120.40208823529412,0.7352903823529411,0.0245277529411764,0.0189299088235294,0.0102396676470588,0.0052462647058823,0.0525417993079814,0.2472771,15.342941176470587,0.3121272058823529,120.895,126.49,curve1,弯道路段,126.053,2.360500000000002,review,边界复核样本,强度或语义边界不清,人工复核,F:\data_set_process\data_process\05_rebuild_from_raw_20260511\02_samples\record_level_episode_reconstruction_v1_0\figures\review_panels\conservative_extreme_保守\弱操作极限样本\rec_v1_byx_2025_09_28_17_15_52_0004.png;F:\data_set_process\data_process\05_rebuild_from_raw_20260511\02_samples\record_level_episode_reconstruction_v1_0\figures\review_panels\review_边界复核样本\rec_v1_byx_2025_09_28_17_15_52_0004.png,F:\data_set_process\data_process\05_rebuild_from_raw_20260511\02_samples\record_level_episode_reconstruction_v1_0\figures\trajectory_3d_static\rec_v1_byx_2025_09_28_17_15_52_0004_3d.png,True,True,暂不进入训练,用户复核后认为需要复核类基本可舍去，先整体降为舍弃/暂缓,False,False,True,True,0.009633,0.0570000000000519,0.02282021,0.108832,0.3122144999999999,15.356499999999995,0.2490898,0.0072907399999999,0.735615,0.0245509,False,False,False,False,False,False,False,discard_prior_review,v1.1 已经人工复核为舍弃/暂缓，本轮继续不进入训练,v1.1 已经人工复核为舍弃/暂缓，本轮继续不进入训练,False,False,False,True,,True,0.0102528754577681,0.0476946886444074,1.0643491599468622,0.6964006259780907,0.0016494999999999,0,15.356499999999995,15.356499999999995,0.291972,0.022895053618442,False,False,False,True,False,discard_prior_review,v1.1 已经人工复核为舍弃/暂缓，本轮继续不进入训练,v1.1 已经人工复核为舍弃/暂缓，本轮继续不进入训练,False,False,False,True,,-0.15119375,-0.154458,-0.144825,0.0032642499999999,0.00636875,False,discard_prior_review,继承 v1.3：此前已舍弃/暂缓，不进入当前训练候选,继承 v1.3：此前已舍弃/暂缓，不进入当前训练候选,False,False,False,True,,discard_prior_review,继承 v1.4：此前已舍弃或不适合作为当前主训练候选,继承 v1.4：此前已舍弃或不适合作为当前主训练候选,False,False,False,True,,discard_curve_height_or_z_abnormal,弯道高度异常：高度明显变高、突变、非平滑，或不像正常下坡弯道,弯道高度异常：高度明显变高、突变、非平滑，或不像正常下坡弯道,False,False,False,True,122.895,122.905,驾驶员动作,False,0.0100000000000051,False,120.905,122.905,122.905,128.905,,ok,curve1,curve1,curve1,curve1,curve1,6,True,curve1,curve1,0.0081440322617523,3.9493165941610746,3898.26,6.43561,4.035096903313215,0.7167869459114036,15.661775638184547,high,2.94462e-08,2.94462e-08,0.438723,0.733894,False,model_anchor:curve1:3.9:0.00000;condition_peak:curve1:1.8:0.00000;episode_end:curve1:15.7:0.00000;episode_q25:curve1:0.7:0.00000;episode_q50:curve1:4.1:0.00000;episode_q75:curve1:9.6:0.00000,train_curve_coord_valid_normal_or_weak,道路坐标确认在弯道，车辆动态较弱或更像正常过弯，作为弯道普通/弱侧倾训练候选,道路坐标确认在弯道，车辆动态较弱或更像正常过弯，作为弯道普通/弱侧倾训练候选,True,False,False,False,,train_curve_normal_or_weak,弯道普通/弱侧倾训练候选,道路坐标确认在弯道，车辆动态较弱或更像正常过弯；保留为弯道普通/弱侧倾训练候选。,True,False,False,False,0,高度微动正常,True,True,False,
rec_v1_byx_2025_09_28_17_15_52_0005,byx,2025_09_28_17_15_52,F:\data_set_process\data_process\01_datasets\数据预处理\原始车辆数据\byx\Entity_Recording_2025_09_28_17_15_52_vehicle.csv,5,127.14,128.545,1.404999999999987,127.5,127.495,127.15,127.5,127.415,驾驶员先动,-0.3449999999999988,极强,1,4.0,4.0,2.970190000000001,制动为主,坐标风险高,True,False,False,True,0.8,105.28961764705882,0.545793088235294,0.0188032588235294,0.0075235497058823,0.0073136444117647,0.0225551470588235,0.0538906574393941,0.2591089294117647,15.222802941176482,3.4661426470588235,125.14,130.545,curve1,弯道路段,126.053,-1.789500000000004,review,需要复核,窗口/坐标风险,人工复核后再决定,F:\data_set_process\data_process\05_rebuild_from_raw_20260511\02_samples\record_level_episode_reconstruction_v1_0\figures\review_panels\review_边界复核样本\rec_v1_byx_2025_09_28_17_15_52_0005.png;F:\data_set_process\data_process\05_rebuild_from_raw_20260511\02_samples\record_level_episode_reconstruction_v1_0\figures\review_panels\review_需要复核\rec_v1_byx_2025_09_28_17_15_52_0005.png,,True,False,暂不进入训练,用户复核后认为需要复核类基本可舍去，先整体降为舍弃/暂缓,False,False,True,True,0.0096159999999999,0.0573000000000032,0.0244084599999999,0.0983321,3.49582,15.244100000000005,0.2437959999999999,0.002703365,0.5466789999999999,0.0188507,False,False,False,False,False,False,False,discard_prior_review,v1.1 已经人工复核为舍弃/暂缓，本轮继续不进入训练,v1.1 已经人工复核为舍弃/暂缓，本轮继续不进入训练,False,False,False,True,,True,0.0096434461894605,0.0458731898385484,1.0028542210337563,0.7335701598579041,1.74791,2,15.244100000000005,15.244100000000005,0.297019,0.0211856264478896,False,False,True,True,False,discard_prior_review,v1.1 已经人工复核为舍弃/暂缓，本轮继续不进入训练,v1.1 已经人工复核为舍弃/暂缓，本轮继续不进入训练,False,False,False,True,,-0.1505285,-0.153964,-0.144348,0.0034354999999999,0.0061805,False,discard_prior_review,继承 v1.3：此前已舍弃/暂缓，不进入当前训练候选,继承 v1.3：此前已舍弃/暂缓，不进入当前训练候选,False,False,False,True,,discard_prior_review,继承 v1.4：此前已舍弃或不适合作为当前主训练候选,继承 v1.4：此前已舍弃或不适合作为当前主训练候选,False,False,False,True,,train_curve_unclear_or_weak,弯道训练候选：高度只存在小波动，侧倾较弱或普通，先纳入候选,弯道训练候选：高度只存在小波动，侧倾较弱或普通，先纳入候选,True,False,False,False,127.14,127.15,驾驶员动作,False,0.0100000000000051,False,125.15,127.15,127.15,133.15,F:\data_set_process\data_process\05_rebuild_from_raw_20260511\02_samples\record_level_episode_reconstruction_v1_8_anchor_curve_revised\figures\review_panels_v1_8\04_弯道_高度小波动普通或弱侧倾_纳入\0027_rec_v1_byx_2025_09_28_17_15_52_0005.png,ok,curve1,curve1,curve1,curve1,curve1,7,True,curve1,curve1,-0.0072980161337208,53.17041805184042,4035.21,4.56933,53.13355371606711,47.77048639094624,53.72688061982201,medium,2.71907e-08,2.88311e-08,-1.42765,1.72003,False,model_anchor:curve1:53.2:0.00000;episode_start:curve1:53.1:0.00000;vehicle_response:curve1:53.7:-0.00000;episode_end:curve1:47.8:0.00000;episode_q25:curve1:53.7:0.00000;episode_q50:curve1:52.9:-0.00000;episode_q75:curve1:50.8:-0.00000,train_curve_coord_valid_normal_or_weak,道路坐标确认在弯道，车辆动态较弱或更像正常过弯，作为弯道普通/弱侧倾训练候选,道路坐标确认在弯道，车辆动态较弱或更像正常过弯，作为弯道普通/弱侧倾训练候选,True,False,False,False,,train_curve_normal_or_weak,弯道普通/弱侧倾训练候选,道路坐标确认在弯道，车辆动态较弱或更像正常过弯；保留为弯道普通/弱侧倾训练候选。,True,False,False,False,0,高度微动正常,True,True,False,
rec_v1_byx_2025_09_28_17_15_52_0011,byx,2025_09_28_17_15_52,F:\data_set_process\data_process\01_datasets\数据预处理\原始车辆数据\byx\Entity_Recording_2025_09_28_17_15_52_vehicle.csv,11,286.9,287.53,0.6299999999999955,286.91,286.905,,286.91,287.02,缺少一方起点,,极强,1,4.0,4.0,0.3010315748234227,无明显操作,事件很短,False,False,False,True,1.0,122.1545588235294,1.493275294117647,0.0494891588235294,0.0494284676470588,0.0211554705882352,0.2898223529411764,0.7423993944642269,0.0,1.5286176470588373,3.434138235294118,284.9,289.53,,,293.805,6.590000000000032,conservative_extreme,保守/弱操作极限样本,车辆动态强但驾驶员转向不强,车辆状态预测+驾驶员类型分类,F:\data_set_process\data_process\05_rebuild_from_raw_20260511\02_samples\record_level_episode_reconstruction_v1_0\figures\review_panels\conservative_extreme_保守\弱操作极限样本\rec_v1_byx_2025_09_28_17_15_52_0011.png,F:\data_set_process\data_process\05_rebuild_from_raw_20260511\02_samples\record_level_episode_reconstruction_v1_0\figures\trajectory_3d_static\rec_v1_byx_2025_09_28_17_15_52_0011_3d.png,True,True,保留为主训练候选,用户已初步复核，核心/保守弱操作/次级样本整体可保留,True,False,False,True,0.000399999999999,0.0099999999999909,0.0002334099999999,0.00256669,3.49322,1.5360000000000014,0.0,0.02636441,1.4967899999999998,0.04962915,False,False,False,False,False,False,False,train_conservative_extreme,保守/弱操作极限样本，未触发超长或路外恢复风险，保留为训练候选,保守/弱操作极限样本，未触发超长或路外恢复风险，保留为训练候选,True,False,False,False,F:\data_set_process\data_process\05_rebuild_from_raw_20260511\02_samples\record_level_episode_reconstruction_v1_2_cleaned\figures\review_panels_v1_2\02_主训练_保守弱操作极限事件\0033_rec_v1_byx_2025_09_28_17_15_52_0011.png,True,0.0003944851131905,0.0103705298556727,0.9862127829787468,0.9762845849802372,1.74661,2,0.054000000000002,1.5360000000000014,0.03,0.0002360060153613,False,False,True,False,False,train_conservative_extreme,保守/弱操作极限样本，未触发 v1.3 路边/超长风险，保留为训练候选,保守/弱操作极限样本，未触发 v1.3 路边/超长风险，保留为训练候选,True,False,False,False,F:\data_set_process\data_process\05_rebuild_from_raw_20260511\02_samples\record_level_episode_reconstruction_v1_3_cleaned\figures\review_panels_v1_3\02_主训练_保守弱操作极限事件\0033_rec_v1_byx_2025_09_28_17_15_52_0011.png,-13.1418,-13.142,-13.1416,0.0001999999999995,0.0001999999999995,False,train_conservative_extreme,继承 v1.3：保守/弱操作极限样本，保留为训练候选,继承 v1.3：保守/弱操作极限样本，保留为训练候选,True,False,False,False,F:\data_set_process\data_process\05_rebuild_from_raw_20260511\02_samples\record_level_episode_reconstruction_v1_4_zdrop_reviewed\figures\review_panels_v1_4\03_普通保留训练样本抽查\0033_rec_v1_byx_2025_09_28_17_15_52_0011.png,train_conservative_extreme,继承 v1.4：保守/弱操作极限样本，保留为当前主训练候选,继承 v1.4：保守/弱操作极限样本，保留为当前主训练候选,True,False,False,False,F:\data_set_process\data_process\05_rebuild_from_raw_20260511\02_samples\record_level_episode_reconstruction_v1_5_curve_separated\figures\review_panels_v1_5\02_主训练候选抽查\0033_rec_v1_byx_2025_09_28_17_15_52_0011.png,train_noncurve_target_extreme,非弯道主训练候选：继承 v1.5，作为当前主训练集,非弯道主训练候选：继承 v1.5，作为当前主训练集,True,False,False,False,286.9,286.905,车辆响应,False,0.0049999999999954,False,284.905,286.905,286.905,292.905,,ok,curve2,curve2,curve2,curve2,curve2,6,True,curve2,curve2,2.693206829330283e-15,341.9616144603978,4572.91,-4606.88,347.2242907177637,341.9616144603978,356.3956324090344,medium,-8.09687e-09,8.09687e-09,1.69829,1.70638,False,model_anchor:curve2:342.0:-0.00000;condition_peak:curve2:342.1:-0.00000;episode_end:curve2:356.4:0.00000;episode_q25:curve2:345.4:0.00000;episode_q50:curve2:349.1:0.00000;episode_q75:curve2:352.7:-0.00000,train_curve_coord_valid_normal_or_weak,道路坐标确认在弯道，车辆动态较弱或更像正常过弯，作为弯道普通/弱侧倾训练候选,道路坐标确认在弯道，车辆动态较弱或更像正常过弯，作为弯道普通/弱侧倾训练候选,True,False,False,False,,train_curve_normal_or_weak,弯道普通/弱侧倾训练候选,道路坐标确认在弯道，车辆动态较弱或更像正常过弯；保留为弯道普通/弱侧倾训练候选。,True,False,False,False,0,高度微动正常,True,True,False,
rec_v1_byx_2025_09_28_17_15_52_0012,byx,2025_09_28_17_15_52,F:\data_set_process\data_process\01_datasets\数据预处理\原始车辆数据\byx\Entity_Recording_2025_09_28_17_15_52_vehicle.csv,12,291.995,304.345,12.350000000000025,293.525,293.395,293.255,293.525,294.26,驾驶员先动,-0.1399999999999863,极强,5,4.0,4.0,4.0,方向盘快速操作,正常,True,False,True,True,0.8,106.8195,7.486069705882352,0.6184020882352942,0.9525342058823528,0.1064559705882352,4.0023197058823525,14.21667266437279,0.0,38.33620882352943,3.367867058823529,289.995,306.345,curve2,弯道路段,298.395,0.2249999999999659,core_extreme,核心极限样本,车辆动态强且驾驶员转向明显,多输出轨迹预测,F:\data_set_process\data_process\05_rebuild_from_raw_20260511\02_samples\record_level_episode_reconstruction_v1_0\figures\review_panels\conservative_extreme_保守\弱操作极限样本\rec_v1_byx_2025_09_28_17_15_52_0012.png;F:\data_set_process\data_process\05_rebuild_from_raw_20260511\02_samples\record_level_episode_reconstruction_v1_0\figures\review_panels\core_extreme_核心极限样本\rec_v1_byx_2025_09_28_17_15_52_0012.png,F:\data_set_process\data_process\05_rebuild_from_raw_20260511\02_samples\record_level_episode_reconstruction_v1_0\figures\trajectory_3d_static\rec_v1_byx_2025_09_28_17_15_52_0012_3d.png,True,True,保留为主训练候选,用户已初步复核，核心/保守弱操作/次级样本整体可保留,True,False,False,True,0.0147999999999992,0.0749999999998181,0.01181293,0.0742103,3.4975,38.338800000000006,0.0,0.208198,7.50404,0.619827,False,False,False,False,False,False,False,train_target_extreme,核心/次级目标极限事件，未触发超长或路外恢复风险，保留为训练候选,核心/次级目标极限事件，未触发超长或路外恢复风险，保留为训练候选,True,False,False,False,F:\data_set_process\data_process\05_rebuild_from_raw_20260511\02_samples\record_level_episode_reconstruction_v1_2_cleaned\figures\review_panels_v1_2\01_主训练_目标极限事件\0034_rec_v1_byx_2025_09_28_17_15_52_0012.png,True,0.0149311708885502,0.0750327927222088,1.00886289787507,0.8538757336571544,1.74317,20,37.8918,38.338800000000006,0.03,0.0135360688177545,False,False,True,True,False,train_target_extreme,目标极限事件，未触发 v1.3 路边/超长风险，保留为训练候选,目标极限事件，未触发 v1.3 路边/超长风险，保留为训练候选,True,False,False,False,F:\data_set_process\data_process\05_rebuild_from_raw_20260511\02_samples\record_level_episode_reconstruction_v1_3_cleaned\figures\review_panels_v1_3\01_主训练_目标极限事件\0034_rec_v1_byx_2025_09_28_17_15_52_0012.png,-13.1427,-13.1474,-13.1326,0.0046999999999997,0.0100999999999995,False,train_target_extreme,继承 v1.3：目标极限事件，保留为训练候选,继承 v1.3：目标极限事件，保留为训练候选,True,False,False,False,F:\data_set_process\data_process\05_rebuild_from_raw_20260511\02_samples\record_level_episode_reconstruction_v1_4_zdrop_reviewed\figures\review_panels_v1_4\03_普通保留训练样本抽查\0034_rec_v1_byx_2025_09_28_17_15_52_0012.png,train_target_extreme,继承 v1.4：目标极限事件，保留为当前主训练候选,继承 v1.4：目标极限事件，保留为当前主训练候选,True,False,False,False,F:\data_set_process\data_process\05_rebuild_from_raw_20260511\02_samples\record_level_episode_reconstruction_v1_5_curve_separated\figures\review_panels_v1_5\02_主训练候选抽查\0034_rec_v1_byx_2025_09_28_17_15_52_0012.png,discard_curve_height_or_z_abnormal,弯道高度异常：高度明显变高、突变、非平滑，或不像正常下坡弯道,弯道高度异常：高度明显变高、突变、非平滑，或不像正常下坡弯道,False,False,False,True,291.995,293.255,驾驶员动作,False,1.259999999999991,False,291.255,293.255,293.255,299.255,,ok,curve2,curve2,curve2,curve2,curve2,8,True,curve2,curve2,-2.693864511092012e-15,487.50436223703554,4720.47,-4776.27,511.2389389603365,458.47958769112256,695.8318196260224,low_but_context_usable,6.21546e-11,9.50332e-10,-0.897006,1.65453,False,model_anchor:curve2:487.5:0.00000;episode_start:curve2:458.5:0.00000;vehicle_response:curve2:490.4:-0.00000;condition_peak:curve2:493.1:0.00000;episode_end:curve2:695.8:-0.00000;episode_q25:curve2:529.3:0.00000;episode_q50:curve2:583.0:-0.00000;episode_q75:curve2:644.4:0.00000,train_curve_coord_valid_roll_candidate,道路坐标确认在弯道，且车辆侧倾/横滚/横向动态明显，可作为弯道极限或近极限候选,道路坐标确认在弯道，且车辆侧倾/横滚/横向动态明显，可作为弯道极限或近极限候选,True,False,False,False,,train_curve_roll_dynamic,弯道侧倾/动态训练候选,道路坐标确认在弯道，车辆横滚/横摆/横向动态明显，动态信号数=4。,True,False,False,False,4,高度微动正常,True,True,False,F:\data_set_process\data_process\05_rebuild_from_raw_20260511\02_samples\record_level_episode_reconstruction_v2_0_no_history_reaudit\figures\review_panels_v2_0\03_弯道训练候选\0034_rec_v1_byx_2025_09_28_17_15_52_0012.png
rec_v1_byx_2025_09_28_17_25_18_0004,byx,2025_09_28_17_25_18,F:\data_set_process\data_process\01_datasets\数据预处理\原始车辆数据\byx\Entity_Recording_2025_09_28_17_25_18_vehicle.csv,4,117.25,124.044,6.793999999999997,117.759,117.745,117.809,117.759,117.919,车辆先变化,0.0639999999999929,极强,2,4.0,4.0,1.902455800638234,方向盘快速操作,正常,True,False,True,True,0.8,121.91598809523808,4.045091904761904,0.1674643333333333,0.2333342619047619,0.0552277428571428,1.677390142857143,9.23505320862127,0.0,6.747071428571445,3.418620476190476,115.25,126.044,curve1,弯道路段,121.905,1.2580000000000098,core_extreme,核心极限样本,车辆动态强且驾驶员转向明显,多输出轨迹预测,F:\data_set_process\data_process\05_rebuild_from_raw_20260511\02_samples\record_level_episode_reconstruction_v1_0\figures\review_panels\core_extreme_核心极限样本\rec_v1_byx_2025_09_28_17_25_18_0004.png,,True,False,保留为主训练候选,用户已初步复核，核心/保守弱操作/次级样本整体可保留,True,False,False,True,0.004139,0.0399499999998198,0.0038174499999999,0.0119011,3.49339,6.747999999999991,0.0,0.1072574,4.04671,0.16792,False,False,False,False,False,False,False,train_target_extreme,核心/次级目标极限事件，未触发超长或路外恢复风险，保留为训练候选,核心/次级目标极限事件，未触发超长或路外恢复风险，保留为训练候选,True,False,False,False,F:\data_set_process\data_process\05_rebuild_from_raw_20260511\02_samples\record_level_episode_reconstruction_v1_2_cleaned\figures\review_panels_v1_2\01_主训练_目标极限事件\0049_rec_v1_byx_2025_09_28_17_25_18_0004.png,True,0.0033296843011318,0.0396559077723158,0.8044658857530554,0.5506072874493927,1.74657,10,6.747999999999991,6.747999999999991,0.03,0.0033413998861213,False,False,True,False,False,train_target_extreme,目标极限事件，未触发 v1.3 路边/超长风险，保留为训练候选,目标极限事件，未触发 v1.3 路边/超长风险，保留为训练候选,True,False,False,False,F:\data_set_process\data_process\05_rebuild_from_raw_20260511\02_samples\record_level_episode_reconstruction_v1_3_cleaned\figures\review_panels_v1_3\01_主训练_目标极限事件\0049_rec_v1_byx_2025_09_28_17_25_18_0004.png,-0.144391,-0.145601,-0.141462,0.00121,0.0029289999999999,False,train_target_extreme,继承 v1.3：目标极限事件，保留为训练候选,继承 v1.3：目标极限事件，保留为训练候选,True,False,False,False,F:\data_set_process\data_process\05_rebuild_from_raw_20260511\02_samples\record_level_episode_reconstruction_v1_4_zdrop_reviewed\figures\review_panels_v1_4\03_普通保留训练样本抽查\0049_rec_v1_byx_2025_09_28_17_25_18_0004.png,train_target_extreme,继承 v1.4：目标极限事件，保留为当前主训练候选,继承 v1.4：目标极限事件，保留为当前主训练候选,True,False,False,False,F:\data_set_process\data_process\05_rebuild_from_raw_20260511\02_samples\record_level_episode_reconstruction_v1_5_curve_separated\figures\review_panels_v1_5\02_主训练候选抽查\0049_rec_v1_byx_2025_09_28_17_25_18_0004.png,discard_curve_height_or_z_abnormal,弯道高度异常：高度明显变高、突变、非平滑，或不像正常下坡弯道,弯道高度异常：高度明显变高、突变、非平滑，或不像正常下坡弯道,False,False,False,True,117.25,117.745,车辆响应,False,0.4950000000000045,False,115.745,117.745,117.745,123.745,,ok,middle_section|curve1,section2|curve1,middle_section,section2,curve1,2,True,middle_section,section2,4.163336342344337e-17,4.1956723988501965,2633.14,4.17871,4.237157605113278,2.4251964065527627,6.643023770938993,high,0.0,2.60238e-09,1.68363,1.72338,False,model_anchor:middle_section:4.2:0.00000;episode_start:middle_section:3.8:0.00000;driver_action:middle_section:4.3:0.00000;condition_peak:middle_section:4.2:0.00000;episode_end:curve1:6.6:-0.00000;episode_q25:middle_section:5.6:-0.00000;episode_q50:middle_section:2.4:0.00000;episode_q75:curve1:6.2:0.00000,train_curve_coord_valid_normal_or_weak,道路坐标确认在弯道，车辆动态较弱或更像正常过弯，作为弯道普通/弱侧倾训练候选,道路坐标确认在弯道，车辆动态较弱或更像正常过弯，作为弯道普通/弱侧倾训练候选,True,False,False,False,,train_curve_normal_or_weak,弯道普通/弱侧倾训练候选,道路坐标确认在弯道，车辆动态较弱或更像正常过弯；保留为弯道普通/弱侧倾训练候选。,True,False,False,False,0,高度微动正常,True,True,False,
rec_v1_byx_2025_09_28_17_25_18_0005,byx,2025_09_28_17_25_18,F:\data_set_process\data_process\01_datasets\数据预处理\原始车辆数据\byx\Entity_Recording_2025_09_28_17_25_18_vehicle.csv,5,159.28,161.115,1.835000000000008,159.579,159.565,159.304,159.579,159.67,驾驶员先动,-0.2609999999999957,极强,1,4.0,4.0,2.82145227664941,制动为主,坐标风险高,True,False,False,True,0.8,106.31026190476187,1.0165595238095235,0.0348544642857142,0.0180680023809523,0.0141406047619047,0.0457235714285714,0.5118445578232262,0.2514681142857142,18.536092857142847,3.4705376190476187,157.28,163.115,,,156.303,-3.8944999999999936,review,需要复核,窗口/坐标风险,人工复核后再决定,F:\data_set_process\data_process\05_rebuild_from_raw_20260511\02_samples\record_level_episode_reconstruction_v1_0\figures\review_panels\review_需要复核\rec_v1_byx_2025_09_28_17_25_18_0005.png,,True,False,暂不进入训练,用户复核后认为需要复核类基本可舍去，先整体降为舍弃/暂缓,False,False,True,True,0.0093699999999999,0.102849999999421,0.02433674,0.0957934,3.49794,18.558699999999988,0.2456151999999999,0.0076253599999999,1.0184,0.0349103,False,False,False,False,False,False,False,discard_prior_review,v1.1 已经人工复核为舍弃/暂缓，本轮继续不进入训练,v1.1 已经人工复核为舍弃/暂缓，本轮继续不进入训练,False,False,False,True,,True,0.0098827852810662,0.1041053898132802,1.0547262839985418,0.7247956403269755,1.74851,4,18.558699999999988,18.558699999999988,0.297556,0.0239478484291432,False,False,True,True,False,discard_prior_review,v1.1 已经人工复核为舍弃/暂缓，本轮继续不进入训练,v1.1 已经人工复核为舍弃/暂缓，本轮继续不进入训练,False,False,False,True,,-0.150212,-0.153633,-0.144263,0.0034209999999999,0.005949,False,discard_prior_review,继承 v1.3：此前已舍弃/暂缓，不进入当前训练候选,继承 v1.3：此前已舍弃/暂缓，不进入当前训练候选,False,False,False,True,,discard_prior_review,继承 v1.4：此前已舍弃或不适合作为当前主训练候选,继承 v1.4：此前已舍弃或不适合作为当前主训练候选,False,False,False,True,,discard_noncurve_prior_review,非弯道已舍弃或不适合作为当前候选：继承 v1.5,非弯道已舍弃或不适合作为当前候选：继承 v1.5,False,False,False,True,159.28,159.304,驾驶员动作,False,0.0240000000000009,False,157.304,159.304,159.304,165.304,,ok,curve1,curve1,curve1,curve1,curve1,8,True,curve1,curve1,-0.0072980115712793,48.46686498457397,4012.9,4.46624,51.16086379990482,48.17201784924604,53.98400259505369,medium,-2.76008e-08,2.88311e-08,-1.53073,1.73034,False,model_anchor:curve1:48.5:-0.00000;episode_start:curve1:48.2:0.00000;vehicle_response:curve1:51.1:0.00000;condition_peak:curve1:51.2:-0.00000;episode_end:curve1:50.3:-0.00000;episode_q25:curve1:52.4:-0.00000;episode_q50:curve1:54.0:0.00000;episode_q75:curve1:53.2:0.00000,train_curve_coord_valid_normal_or_weak,道路坐标确认在弯道，车辆动态较弱或更像正常过弯，作为弯道普通/弱侧倾训练候选,道路坐标确认在弯道，车辆动态较弱或更像正常过弯，作为弯道普通/弱侧倾训练候选,True,False,False,False,,train_curve_normal_or_weak,弯道普通/弱侧倾训练候选,道路坐标确认在弯道，车辆动态较弱或更像正常过弯；保留为弯道普通/弱侧倾训练候选。,True,False,False,False,0,高度微动正常,True,True,False,
rec_v1_byx_2025_09_28_17_25_18_0012,byx,2025_09_28_17_25_18,F:\data_set_process\data_process\01_datasets\数据预处理\原始车辆数据\byx\Entity_Recording_2025_09_28_17_25_18_vehicle.csv,12,360.39,363.23,2.840000000000032,362.075,362.06,360.714,362.075,361.425,驾驶员先动,-1.3460000000000036,极强,1,4.0,4.0,3.2,制动为主,坐标风险高,True,False,False,True,0.8,113.34995238095236,2.0701292857142857,0.0995502238095238,0.1090443571428571,0.0303678261904761,0.774369238095238,3.5949594501092275,0.428235,22.66311904761904,3.411559761904762,358.39,365.23,curve2,弯道路段,360.403,-1.4069999999999825,review,需要复核,窗口/坐标风险,人工复核后再决定,F:\data_set_process\data_process\05_rebuild_from_raw_20260511\02_samples\record_level_episode_reconstruction_v1_0\figures\review_panels\review_需要复核\rec_v1_byx_2025_09_28_17_25_18_0012.png,,True,False,暂不进入训练,用户复核后认为需要复核类基本可舍去，先整体降为舍弃/暂缓,False,False,True,True,0.0143000000000004,0.2124999999905412,0.0407316599999999,0.116591,3.49106,22.669,0.428235,0.054882,2.08291,0.0999882,False,False,False,False,False,False,False,discard_prior_review,v1.1 已经人工复核为舍弃/暂缓，本轮继续不进入训练,v1.1 已经人工复核为舍弃/暂缓，本轮继续不进入训练,False,False,False,True,,True,0.015505343012558,0.2150578461059344,1.0842897211578728,0.8257042253521126,1.74553,2,22.669,22.669,0.398235,0.0444496584855095,False,False,True,True,False,discard_prior_review,v1.1 已经人工复核为舍弃/暂缓，本轮继续不进入训练,v1.1 已经人工复核为舍弃/暂缓，本轮继续不进入训练,False,False,False,True,,-13.1448,-13.1546,-13.1403,0.0098000000000002,0.0045000000000001,False,discard_prior_review,继承 v1.3：此前已舍弃/暂缓，不进入当前训练候选,继承 v1.3：此前已舍弃/暂缓，不进入当前训练候选,False,False,False,True,,discard_prior_review,继承 v1.4：此前已舍弃或不适合作为当前主训练候选,继承 v1.4：此前已舍弃或不适合作为当前主训练候选,False,False,False,True,,train_curve_unclear_or_weak,弯道训练候选：高度只存在小波动，侧倾较弱或普通，先纳入候选,弯道训练候选：高度只存在小波动，侧倾较弱或普通，先纳入候选,True,False,False,False,360.39,360.714,驾驶员动作,False,0.3240000000000123,False,358.714,360.714,360.714,366.714,,ok,curve2,curve2,curve2,curve2,curve2,8,True,curve2,curve2,-2.693864511092012e-15,475.0866822049287,4707.93,-4766.03,502.6469833131433,467.4501977153061,528.521688606717,low_but_context_usable,-3.81934e-10,9.19255e-10,-0.189014,1.69337,False,model_anchor:curve2:475.1:-0.00000;episode_start:curve2:467.5:0.00000;vehicle_response:curve2:505.3:0.00000;condition_peak:curve2:505.6:0.00000;episode_end:curve2:528.5:0.00000;episode_q25:curve2:484.1:0.00000;episode_q50:curve2:500.0:0.00000;episode_q75:curve2:514.6:0.00000,train_curve_coord_valid_normal_or_weak,道路坐标确认在弯道，车辆动态较弱或更像正常过弯，作为弯道普通/弱侧倾训练候选,道路坐标确认在弯道，车辆动态较弱或更像正常过弯，作为弯道普通/弱侧倾训练候选,True,False,False,False,,train_curve_normal_or_weak,弯道普通/弱侧倾训练候选,道路坐标确认在弯道，车辆动态较弱或更像正常过弯；保留为弯道普通/弱侧倾训练候选。,True,False,False,False,0,高度微动正常,True,True,False,
rec_v1_byx_2025_09_28_17_25_18_0013,byx,2025_09_28_17_25_18,F:\data_set_process\data_process\01_datasets\数据预处理\原始车辆数据\byx\Entity_Recording_2025_09_28_17_25_18_vehicle.csv,13,383.144,390.38,7.23599999999999,384.485,384.47,383.179,384.485,384.09,驾驶员先动,-1.2910000000000537,极强,5,4.0,4.0,2.405710113595419,方向盘快速操作,正常,True,False,True,True,0.8,117.13080952380952,5.946549761904762,0.3090770476190476,0.3550443095238095,0.083420369047619,1.7746176666666664,10.381178560055028,0.283711,27.028952380952404,3.4086345238095235,381.144,392.38,middle_section,连续超车负荷事件段,385.295,-1.4669999999999843,core_extreme,核心极限样本,车辆动态强且驾驶员转向明显,多输出轨迹预测,F:\data_set_process\data_process\05_rebuild_from_raw_20260511\02_samples\record_level_episode_reconstruction_v1_0\figures\review_panels\core_extreme_核心极限样本\rec_v1_byx_2025_09_28_17_25_18_0013.png,,True,False,保留为主训练候选,用户已初步复核，核心/保守弱操作/次级样本整体可保留,True,False,False,True,0.0152999999999998,0.1275000000023283,0.02809434,0.0638307,3.49567,27.03300000000001,0.283711,0.1316716,5.9537,0.309436,False,False,False,False,False,False,False,train_target_extreme,核心/次级目标极限事件，未触发超长或路外恢复风险，保留为训练候选,核心/次级目标极限事件，未触发超长或路外恢复风险，保留为训练候选,True,False,False,False,F:\data_set_process\data_process\05_rebuild_from_raw_20260511\02_samples\record_level_episode_reconstruction_v1_2_cleaned\figures\review_panels_v1_2\01_主训练_目标极限事件\0058_rec_v1_byx_2025_09_28_17_25_18_0013.png,True,0.0133506795254341,0.126072353099095,0.872593433034921,0.8797927461139896,1.7455,4,27.03300000000001,27.03300000000001,0.253711,0.0289751380337384,False,False,True,True,True,defer_roadedge_or_offroad,车速/制动/横向偏移/高度残差组合提示可能是路边恢复或上下马路，暂不进入主训练,车速/制动/横向偏移/高度残差组合提示可能是路边恢复或上下马路，暂不进入主训练,False,True,False,False,,-13.14925,-13.1514,-13.1361,0.0021500000000003,0.0131499999999995,False,discard_roadedge_without_large_zdrop,用户复核后抛弃：属于疑似上下马路/路边恢复，但没有明显大幅向下 z_drop，不进入当前训练候选,用户复核后抛弃：属于疑似上下马路/路边恢复，但没有明显大幅向下 z_drop，不进入当前训练候选,False,False,False,True,,discard_prior_review,继承 v1.4：此前已舍弃或不适合作为当前主训练候选,继承 v1.4：此前已舍弃或不适合作为当前主训练候选,False,False,False,True,,discard_noncurve_prior_review,非弯道已舍弃或不适合作为当前候选：继承 v1.5,非弯道已舍弃或不适合作为当前候选：继承 v1.5,False,False,False,True,383.144,383.179,驾驶员动作,False,0.0349999999999681,False,381.179,383.179,383.179,389.179,,ok,curve2|middle_section,curve2|section5,middle_section,section5,curve2,2,True,curve2,curve2,-0.0003984641858003,986.480433151188,5226.67,-5365.74,1000.5426361125124,985.5664503399216,1006.9657657772144,low_but_context_usable,1.55387e-10,9.19255e-10,0.191622,1.68585,False,model_anchor:curve2:986.5:0.00000;episode_start:curve2:985.6:-0.00000;vehicle_response:middle_section:1007.0:0.00000;condition_peak:middle_section:1007.0:0.00000;episode_end:middle_section:991.1:0.00000;episode_q25:middle_section:1006.8:0.00000;episode_q50:middle_section:1002.4:-0.00000;episode_q75:middle_section:998.7:-0.00000,train_curve_coord_valid_roll_candidate,道路坐标确认在弯道，且车辆侧倾/横滚/横向动态明显，可作为弯道极限或近极限候选,道路坐标确认在弯道，且车辆侧倾/横滚/横向动态明显，可作为弯道极限或近极限候选,True,False,False,False,,train_curve_roll_dynamic,弯道侧倾/动态训练候选,道路坐标确认在弯道，车辆横滚/横摆/横向动态明显，动态信号数=2。,True,False,False,False,2,高度微动正常,True,True,False,
rec_v1_byx_2025_09_28_17_35_43_0007,byx,2025_09_28_17_35_43,F:\data_set_process\data_process\01_datasets\数据预处理\原始车辆数据\byx\Entity_Recording_2025_09_28_17_35_43_vehicle.csv,7,125.725,134.405,8.680000000000007,125.84,125.835,127.665,125.84,128.515,车辆先变化,1.8300000000000125,极强,4,4.0,4.0,3.602973919033136,方向盘快速操作,可能切在事件中段,True,False,True,True,0.8,128.5307794117647,5.681319705882353,0.2611658529411764,0.3796515882352941,0.0786318705882352,2.450085,8.619719896191251,0.0,11.560676470588248,3.4765570588235293,123.725,136.405,curve1|middle_section,弯道路段|连续超车负荷事件段,128.035,-2.030000000000001,core_extreme,核心极限样本,车辆动态强且驾驶员转向明显,多输出轨迹预测,,,False,False,保留为主训练候选,用户已初步复核，核心/保守弱操作/次级样本整体可保留,True,False,False,True,0.007394,0.0334000000000305,0.00682323,0.0217707,3.49819,11.563999999999991,0.0,0.1493815,5.68862,0.261513,False,False,False,False,False,False,False,train_target_extreme,核心/次级目标极限事件，未触发超长或路外恢复风险，保留为训练候选,核心/次级目标极限事件，未触发超长或路外恢复风险，保留为训练候选,True,False,False,False,F:\data_set_process\data_process\05_rebuild_from_raw_20260511\02_samples\record_level_episode_reconstruction_v1_2_cleaned\figures\review_panels_v1_2\01_主训练_目标极限事件\0075_rec_v1_byx_2025_09_28_17_35_43_0007.png,True,0.0073086912694849,0.0324695558925492,0.9884624383939562,0.5479412611575007,1.748635,14,10.050000000000011,11.563999999999991,0.03,0.007396217418358,False,False,True,False,False,train_target_extreme,目标极限事件，未触发 v1.3 路边/超长风险，保留为训练候选,目标极限事件，未触发 v1.3 路边/超长风险，保留为训练候选,True,False,False,False,F:\data_set_process\data_process\05_rebuild_from_raw_20260511\02_samples\record_level_episode_reconstruction_v1_3_cleaned\figures\review_panels_v1_3\01_主训练_目标极限事件\0075_rec_v1_byx_2025_09_28_17_35_43_0007.png,-0.14276175,-0.146902,-0.139508,0.0041402499999999,0.00325375,False,train_target_extreme,继承 v1.3：目标极限事件，保留为训练候选,继承 v1.3：目标极限事件，保留为训练候选,True,False,False,False,F:\data_set_process\data_process\05_rebuild_from_raw_20260511\02_samples\record_level_episode_reconstruction_v1_4_zdrop_reviewed\figures\review_panels_v1_4\03_普通保留训练样本抽查\0075_rec_v1_byx_2025_09_28_17_35_43_0007.png,train_target_extreme,继承 v1.4：目标极限事件，保留为当前主训练候选,继承 v1.4：目标极限事件，保留为当前主训练候选,True,False,False,False,F:\data_set_process\data_process\05_rebuild_from_raw_20260511\02_samples\record_level_episode_reconstruction_v1_5_curve_separated\figures\review_panels_v1_5\02_主训练候选抽查\0075_rec_v1_byx_2025_09_28_17_35_43_0007.png,discard_curve_height_or_z_abnormal,弯道高度异常：高度明显变高、突变、非平滑，或不像正常下坡弯道,弯道高度异常：高度明显变高、突变、非平滑，或不像正常下坡弯道,False,False,False,True,125.725,125.835,车辆响应,False,0.1099999999999994,False,123.835,125.835,125.835,131.83499999999998,,ok,middle_section|curve1,section2|curve1,middle_section,section2,curve1,2,True,middle_section,section2,1.3877787807814457e-17,4.279561671311881,2540.28,4.273,4.376825206573488,3.395737747049348,5.2500683292350265,high,-1.83851e-09,1.83851e-09,-1.72512,1.72512,False,model_anchor:middle_section:4.3:-0.00000;episode_start:middle_section:4.4:0.00000;driver_action:middle_section:4.5:0.00000;episode_end:curve1:3.4:-0.00000;episode_q25:middle_section:4.4:0.00000;episode_q50:middle_section:4.7:-0.00000;episode_q75:curve1:5.3:-0.00000,train_curve_coord_valid_roll_candidate,道路坐标确认在弯道，且车辆侧倾/横滚/横向动态明显，可作为弯道极限或近极限候选,道路坐标确认在弯道，且车辆侧倾/横滚/横向动态明显，可作为弯道极限或近极限候选,True,False,False,False,,train_curve_normal_or_weak,弯道普通/弱侧倾训练候选,道路坐标确认在弯道，车辆动态较弱或更像正常过弯；保留为弯道普通/弱侧倾训练候选。,True,False,False,False,1,高度微动正常,True,True,False,
rec_v1_byx_2025_09_28_17_35_43_0008,byx,2025_09_28_17_35_43,F:\data_set_process\data_process\01_datasets\数据预处理\原始车辆数据\byx\Entity_Recording_2025_09_28_17_35_43_vehicle.csv,8,150.52,155.795,5.274999999999977,152.02,151.75,,152.02,154.235,缺少一方起点,,极强,2,4.0,4.0,0.9005045409258466,弱操作,正常,True,False,True,True,0.8,140.4643676470588,3.1325344117647056,0.1187753235294117,0.1619817352941176,0.0458350294117647,1.1359115,2.1543583391000687,0.0,1.5116176470588414,3.442784117647059,148.52,157.795,,,171.86,18.70250000000001,conservative_extreme,保守/弱操作极限样本,车辆动态强但驾驶员转向不强,车辆状态预测+驾驶员类型分类,F:\data_set_process\data_process\05_rebuild_from_raw_20260511\02_samples\record_level_episode_reconstruction_v1_0\figures\review_panels\conservative_extreme_保守\弱操作极限样本\rec_v1_byx_2025_09_28_17_35_43_0008.png,,True,False,保留为主训练候选,用户已初步复核，核心/保守弱操作/次级样本整体可保留,True,False,False,True,0.002167,0.0086999999999957,0.00047875,0.0034832,3.49294,1.5130000000000052,0.0,0.0843353,3.13816,0.11898,False,False,False,False,False,False,False,train_conservative_extreme,保守/弱操作极限样本，未触发超长或路外恢复风险，保留为训练候选,保守/弱操作极限样本，未触发超长或路外恢复风险，保留为训练候选,True,False,False,False,F:\data_set_process\data_process\05_rebuild_from_raw_20260511\02_samples\record_level_episode_reconstruction_v1_2_cleaned\figures\review_panels_v1_2\02_主训练_保守弱操作极限事件\0076_rec_v1_byx_2025_09_28_17_35_43_0008.png,True,0.0022226055390153,0.0090194424961719,1.0256601472152176,0.6120322122216959,1.74647,4,0.0089999999999861,1.5130000000000052,0.03,0.0004901475604079,False,False,True,False,False,train_conservative_extreme,保守/弱操作极限样本，未触发 v1.3 路边/超长风险，保留为训练候选,保守/弱操作极限样本，未触发 v1.3 路边/超长风险，保留为训练候选,True,False,False,False,F:\data_set_process\data_process\05_rebuild_from_raw_20260511\02_samples\record_level_episode_reconstruction_v1_3_cleaned\figures\review_panels_v1_3\02_主训练_保守弱操作极限事件\0076_rec_v1_byx_2025_09_28_17_35_43_0008.png,-0.14369125,-0.144626,-0.142459,0.00093475,0.0012322499999999,False,train_conservative_extreme,继承 v1.3：保守/弱操作极限样本，保留为训练候选,继承 v1.3：保守/弱操作极限样本，保留为训练候选,True,False,False,False,F:\data_set_process\data_process\05_rebuild_from_raw_20260511\02_samples\record_level_episode_reconstruction_v1_4_zdrop_reviewed\figures\review_panels_v1_4\03_普通保留训练样本抽查\0076_rec_v1_byx_2025_09_28_17_35_43_0008.png,train_conservative_extreme,继承 v1.4：保守/弱操作极限样本，保留为当前主训练候选,继承 v1.4：保守/弱操作极限样本，保留为当前主训练候选,True,False,False,False,F:\data_set_process\data_process\05_rebuild_from_raw_20260511\02_samples\record_level_episode_reconstruction_v1_5_curve_separated\figures\review_panels_v1_5\02_主训练候选抽查\0076_rec_v1_byx_2025_09_28_17_35_43_0008.png,train_noncurve_target_extreme,非弯道主训练候选：继承 v1.5，作为当前主训练集,非弯道主训练候选：继承 v1.5，作为当前主训练集,True,False,False,False,150.52,151.75,车辆响应,False,1.2299999999999898,False,149.75,151.75,151.75,157.75,,ok,curve1,curve1,curve1,curve1,curve1,7,True,curve1,curve1,-7.105427357601002e-15,4.7819509059220096,3496.98,4.77922,4.7819509059220096,4.136188469844393,6.310441317181365,high,8.20175e-10,2.80109e-08,-1.22574,1.70128,False,model_anchor:curve1:4.8:0.00000;episode_start:curve1:5.4:-0.00000;condition_peak:curve1:4.3:0.00000;episode_end:curve1:6.2:0.00000;episode_q25:curve1:4.6:0.00000;episode_q50:curve1:4.1:-0.00000;episode_q75:curve1:6.3:0.00000,train_curve_coord_valid_normal_or_weak,道路坐标确认在弯道，车辆动态较弱或更像正常过弯，作为弯道普通/弱侧倾训练候选,道路坐标确认在弯道，车辆动态较弱或更像正常过弯，作为弯道普通/弱侧倾训练候选,True,False,False,False,,train_curve_normal_or_weak,弯道普通/弱侧倾训练候选,道路坐标确认在弯道，车辆动态较弱或更像正常过弯；保留为弯道普通/弱侧倾训练候选。,True,False,False,False,0,高度微动正常,True,True,False,
rec_v1_byx_2025_09_28_17_35_43_0017,byx,2025_09_28_17_35_43,F:\data_set_process\data_process\01_datasets\数据预处理\原始车辆数据\byx\Entity_Recording_2025_09_28_17_35_43_vehicle.csv,17,359.845,368.015,8.169999999999959,361.025,361.02,360.89,361.025,363.01,驾驶员先动,-0.1299999999999954,极强,4,4.0,4.0,2.1663884609335406,方向盘快速操作,正常,True,False,True,True,0.8,123.87766176470588,4.942344117647059,0.2340280882352941,0.3212875,0.0682992911764705,2.1094323529411763,5.182846764707945,0.0,9.405558823529418,3.461715,357.845,370.015,curve2,弯道路段,359.255,-4.675000000000011,core_extreme,核心极限样本,车辆动态强且驾驶员转向明显,多输出轨迹预测,,,False,False,保留为主训练候选,用户已初步复核，核心/保守弱操作/次级样本整体可保留,True,False,False,True,0.0067000000000003,0.0299999999999727,0.00640547,0.0208059,3.49528,9.407999999999989,0.0,0.1286529,4.97296,0.234358,False,False,False,False,False,False,False,train_target_extreme,核心/次级目标极限事件，未触发超长或路外恢复风险，保留为训练候选,核心/次级目标极限事件，未触发超长或路外恢复风险，保留为训练候选,True,False,False,False,F:\data_set_process\data_process\05_rebuild_from_raw_20260511\02_samples\record_level_episode_reconstruction_v1_2_cleaned\figures\review_panels_v1_2\01_主训练_目标极限事件\0085_rec_v1_byx_2025_09_28_17_35_43_0017.png,True,0.0061233622314489,0.0301887521337026,0.913934661410248,0.8519424900581217,1.74764,6,9.40700000000001,9.407999999999989,0.03,0.0092312532873738,False,False,True,False,False,train_target_extreme,目标极限事件，未触发 v1.3 路边/超长风险，保留为训练候选,目标极限事件，未触发 v1.3 路边/超长风险，保留为训练候选,True,False,False,False,F:\data_set_process\data_process\05_rebuild_from_raw_20260511\02_samples\record_level_episode_reconstruction_v1_3_cleaned\figures\review_panels_v1_3\01_主训练_目标极限事件\0085_rec_v1_byx_2025_09_28_17_35_43_0017.png,-13.144625,-13.1463,-13.1396,0.0016749999999987,0.0050250000000016,False,train_target_extreme,继承 v1.3：目标极限事件，保留为训练候选,继承 v1.3：目标极限事件，保留为训练候选,True,False,False,False,F:\data_set_process\data_process\05_rebuild_from_raw_20260511\02_samples\record_level_episode_reconstruction_v1_4_zdrop_reviewed\figures\review_panels_v1_4\03_普通保留训练样本抽查\0085_rec_v1_byx_2025_09_28_17_35_43_0017.png,train_target_extreme,继承 v1.4：目标极限事件，保留为当前主训练候选,继承 v1.4：目标极限事件，保留为当前主训练候选,True,False,False,False,F:\data_set_process\data_process\05_rebuild_from_raw_20260511\02_samples\record_level_episode_reconstruction_v1_5_curve_separated\figures\review_panels_v1_5\02_主训练候选抽查\0085_rec_v1_byx_2025_09_28_17_35_43_0017.png,train_curve_unclear_or_weak,弯道训练候选：高度只存在小波动，侧倾较弱或普通，先纳入候选,弯道训练候选：高度只存在小波动，侧倾较弱或普通，先纳入候选,True,False,False,False,359.845,360.89,驾驶员动作,False,1.044999999999959,False,358.89,360.89,360.89,366.89,,ok,curve2,curve2,curve2,curve2,curve2,7,True,curve2,curve2,-2.219699877558507e-13,491.3163621000245,4724.36,-4782.84,515.9919686956623,466.3374650681857,649.5575805748254,low_but_context_usable,0.0,8.88178e-10,1.2614,1.6338,False,model_anchor:curve2:491.3:0.00000;episode_start:curve2:466.3:0.00000;vehicle_response:curve2:494.5:-0.00000;episode_end:curve2:649.6:-0.00000;episode_q25:curve2:516.0:0.00000;episode_q50:curve2:559.6:-0.00000;episode_q75:curve2:605.6:-0.00000,train_curve_coord_valid_normal_or_weak,道路坐标确认在弯道，车辆动态较弱或更像正常过弯，作为弯道普通/弱侧倾训练候选,道路坐标确认在弯道，车辆动态较弱或更像正常过弯，作为弯道普通/弱侧倾训练候选,True,False,False,False,,train_curve_normal_or_weak,弯道普通/弱侧倾训练候选,道路坐标确认在弯道，车辆动态较弱或更像正常过弯；保留为弯道普通/弱侧倾训练候选。,True,False,False,False,0,高度微动正常,True,True,False,
rec_v1_byx_2025_09_28_17_46_00_0003,byx,2025_09_28_17_46_00,F:\data_set_process\data_process\01_datasets\数据预处理\原始车辆数据\byx\Entity_Recording_2025_09_28_17_46_00_vehicle.csv,3,95.446,103.271,7.825000000000003,96.27,95.656,95.51,96.27,96.541,驾驶员先动,-0.1460000000000008,极强,5,4.0,4.0,2.565906432971798,方向盘快速操作,正常,True,False,True,True,0.8,125.0965606060606,5.558220303030304,0.2366948636363636,0.8640676363636364,0.0770927,2.658550606060606,11.651366390715795,0.0,14.36577272727274,3.367667121212121,93.446,105.271,curve1,弯道路段,100.5,1.1415000000000075,core_extreme,核心极限样本,车辆动态强且驾驶员转向明显,多输出轨迹预测,,,False,False,保留为主训练候选,用户已初步复核，核心/保守弱操作/次级样本整体可保留,True,False,False,True,0.0961537999999999,1.2316500000127135,0.0357313999999999,0.366174,3.49863,14.372,0.0,0.1503675,5.56754,0.237548,False,False,False,False,False,False,False,train_target_extreme,核心/次级目标极限事件，未触发超长或路外恢复风险，保留为训练候选,核心/次级目标极限事件，未触发超长或路外恢复风险，保留为训练候选,True,False,False,False,,True,0.0975391627565129,1.2296127018413572,1.0144077795834705,0.5105431309904154,1.746275,10,14.372,14.372,0.03,0.0361403316339605,False,False,True,False,False,train_target_extreme,目标极限事件，未触发 v1.3 路边/超长风险，保留为训练候选,目标极限事件，未触发 v1.3 路边/超长风险，保留为训练候选,True,False,False,False,F:\data_set_process\data_process\05_rebuild_from_raw_20260511\02_samples\record_level_episode_reconstruction_v1_3_cleaned\figures\review_panels_v1_3\01_主训练_目标极限事件\0099_rec_v1_byx_2025_09_28_17_46_00_0003.png,-0.1452405,-0.158019,-0.0618652,0.0127784999999999,0.0833752999999999,False,train_target_extreme,继承 v1.3：目标极限事件，保留为训练候选,继承 v1.3：目标极限事件，保留为训练候选,True,False,False,False,,train_target_extreme,继承 v1.4：目标极限事件，保留为当前主训练候选,继承 v1.4：目标极限事件，保留为当前主训练候选,True,False,False,False,F:\data_set_process\data_process\05_rebuild_from_raw_20260511\02_samples\record_level_episode_reconstruction_v1_5_curve_separated\figures\review_panels_v1_5\02_主训练候选抽查\0099_rec_v1_byx_2025_09_28_17_46_00_0003.png,discard_curve_height_or_z_abnormal,弯道高度异常：高度明显变高、突变、非平滑，或不像正常下坡弯道,弯道高度异常：高度明显变高、突变、非平滑，或不像正常下坡弯道,False,False,False,True,95.446,95.51,驾驶员动作,False,0.0640000000000071,False,93.51,95.51,95.51,101.51,,ok,middle_section|curve1,section2|curve1,middle_section,section2,curve1,2,True,middle_section,section2,2.775557561563207e-17,4.032164938701773,2596.45,4.03161,4.1532743998142,3.947720894593247,8.673719796845257,high,0.0,1.74528e-09,1.53664,1.70477,False,model_anchor:middle_section:4.0:0.00000;episode_start:middle_section:4.1:0.00000;vehicle_response:middle_section:4.0:0.00000;condition_peak:middle_section:4.2:0.00000;episode_end:curve1:6.3:0.00000;episode_q25:middle_section:6.6:-0.00000;episode_q50:middle_section:3.9:-0.00000;episode_q75:curve1:8.7:-0.00000,train_curve_coord_valid_roll_candidate,道路坐标确认在弯道，且车辆侧倾/横滚/横向动态明显，可作为弯道极限或近极限候选,道路坐标确认在弯道，且车辆侧倾/横滚/横向动态明显，可作为弯道极限或近极限候选,True,False,False,False,,train_curve_roll_dynamic,弯道侧倾/动态训练候选,道路坐标确认在弯道，车辆横滚/横摆/横向动态明显，动态信号数=2。,True,False,False,False,2,高度小幅复核,True,True,False,
rec_v1_byx_2025_09_28_17_46_00_0004,byx,2025_09_28_17_46_00,F:\data_set_process\data_process\01_datasets\数据预处理\原始车辆数据\byx\Entity_Recording_2025_09_28_17_46_00_vehicle.csv,4,104.9,106.741,1.840999999999994,105.216,105.175,,105.216,104.981,缺少一方起点,,极强,3,4.0,4.0,0.6674876927220971,无明显操作,正常,True,False,True,True,0.8,125.68947727272727,4.229543636363637,0.1478692121212121,0.7970588939393939,0.0846003439393939,0.8085316212121212,3.03095372818848,0.0,2.4044696969696986,2.312600151515152,102.9,108.741,,,101.05,-4.770500000000013,conservative_extreme,保守/弱操作极限样本,车辆动态强但驾驶员转向不强,车辆状态预测+驾驶员类型分类,F:\data_set_process\data_process\05_rebuild_from_raw_20260511\02_samples\record_level_episode_reconstruction_v1_0\figures\review_panels\conservative_extreme_保守\弱操作极限样本\rec_v1_byx_2025_09_28_17_46_00_0004.png,,True,False,保留为主训练候选,用户已初步复核，核心/保守弱操作/次级样本整体可保留,True,False,False,True,0.0990141,1.1904250000122705,0.0366079599999999,0.321355,2.48774,2.405000000000001,0.0,0.1657451999999999,4.44394,0.167564,False,False,False,False,False,False,False,train_conservative_extreme,保守/弱操作极限样本，未触发超长或路外恢复风险，保留为训练候选,保守/弱操作极限样本，未触发超长或路外恢复风险，保留为训练候选,True,False,False,False,F:\data_set_process\data_process\05_rebuild_from_raw_20260511\02_samples\record_level_episode_reconstruction_v1_2_cleaned\figures\review_panels_v1_2\02_主训练_保守弱操作极限事件\0100_rec_v1_byx_2025_09_28_17_46_00_0004.png,True,0.0896326276439514,1.209283482871328,0.9052511475027442,0.5251017639077341,1.24387,2,0.034000000000006,2.405000000000001,0.03,0.0343525805428476,False,False,True,False,False,train_conservative_extreme,保守/弱操作极限样本，未触发 v1.3 路边/超长风险，保留为训练候选,保守/弱操作极限样本，未触发 v1.3 路边/超长风险，保留为训练候选,True,False,False,False,F:\data_set_process\data_process\05_rebuild_from_raw_20260511\02_samples\record_level_episode_reconstruction_v1_3_cleaned\figures\review_panels_v1_3\02_主训练_保守弱操作极限事件\0100_rec_v1_byx_2025_09_28_17_46_00_0004.png,-0.1423685,-0.162484,-0.0634699,0.0201154999999999,0.0788986,False,train_conservative_extreme,继承 v1.3：保守/弱操作极限样本，保留为训练候选,继承 v1.3：保守/弱操作极限样本，保留为训练候选,True,False,False,False,,train_conservative_extreme,继承 v1.4：保守/弱操作极限样本，保留为当前主训练候选,继承 v1.4：保守/弱操作极限样本，保留为当前主训练候选,True,False,False,False,F:\data_set_process\data_process\05_rebuild_from_raw_20260511\02_samples\record_level_episode_reconstruction_v1_5_curve_separated\figures\review_panels_v1_5\02_主训练候选抽查\0100_rec_v1_byx_2025_09_28_17_46_00_0004.png,train_noncurve_target_extreme,非弯道主训练候选：继承 v1.5，作为当前主训练集,非弯道主训练候选：继承 v1.5，作为当前主训练集,True,False,False,False,104.9,105.175,车辆响应,False,0.2749999999999915,False,103.175,105.175,105.175,111.175,,ok,curve1,curve1,curve1,curve1,curve1,7,True,curve1,curve1,-2.1316282072803012e-14,8.479566681508146,2933.66,8.46588,8.479566681508146,7.092806906180956,8.674060942888623,high,-1.83851e-09,1.90066e-09,-0.0300649,1.09665,False,model_anchor:curve1:8.5:-0.00000;episode_start:curve1:8.1:-0.00000;condition_peak:curve1:8.5:0.00000;episode_end:curve1:7.1:0.00000;episode_q25:curve1:8.6:0.00000;episode_q50:curve1:8.7:0.00000;episode_q75:curve1:8.1:0.00000,train_curve_coord_valid_roll_candidate,道路坐标确认在弯道，且车辆侧倾/横滚/横向动态明显，可作为弯道极限或近极限候选,道路坐标确认在弯道，且车辆侧倾/横滚/横向动态明显，可作为弯道极限或近极限候选,True,False,False,False,,train_curve_roll_dynamic,弯道侧倾/动态训练候选,道路坐标确认在弯道，车辆横滚/横摆/横向动态明显，动态信号数=2。,True,False,False,False,2,高度小幅复核,True,True,False,
rec_v1_byx_2025_09_28_17_46_00_0013,byx,2025_09_28_17_46_00,F:\data_set_process\data_process\01_datasets\数据预处理\原始车辆数据\byx\Entity_Recording_2025_09_28_17_46_00_vehicle.csv,13,314.065,321.901,7.836000000000013,314.106,314.075,318.7,314.106,318.861,车辆先变化,4.625,极强,4,4.0,4.0,1.7182039237477071,方向盘快速操作,可能切在事件中段,True,False,True,True,0.8,122.37274242424245,4.666424696969697,0.1711588333333333,0.2366778636363636,0.0648033545454545,1.999420606060606,7.802086308487803,0.0,8.74199999999999,3.340983787878788,312.065,323.901,,,309.505,-8.478000000000009,core_extreme,核心极限样本,车辆动态强且驾驶员转向明显,多输出轨迹预测,,,False,False,保留为主训练候选,用户已初步复核，核心/保守弱操作/次级样本整体可保留,True,False,False,True,0.0059000000000004,0.0425000000032014,0.00808899,0.0159087,3.49836,8.75,0.0,0.1228156,4.67226,0.171912,False,False,False,False,False,False,False,train_target_extreme,核心/次级目标极限事件，未触发超长或路外恢复风险，保留为训练候选,核心/次级目标极限事件，未触发超长或路外恢复风险，保留为训练候选,True,False,False,False,,True,0.0046951384905327,0.042952105635188,0.7957861848359992,0.930462519936204,1.745665,10,1.531000000000006,8.75,0.03,0.006024191643758,False,False,True,False,False,train_target_extreme,目标极限事件，未触发 v1.3 路边/超长风险，保留为训练候选,目标极限事件，未触发 v1.3 路边/超长风险，保留为训练候选,True,False,False,False,F:\data_set_process\data_process\05_rebuild_from_raw_20260511\02_samples\record_level_episode_reconstruction_v1_3_cleaned\figures\review_panels_v1_3\01_主训练_目标极限事件\0109_rec_v1_byx_2025_09_28_17_46_00_0013.png,-13.1413,-13.1456,-13.1397,0.0043000000000006,0.0015999999999998,False,train_target_extreme,继承 v1.3：目标极限事件，保留为训练候选,继承 v1.3：目标极限事件，保留为训练候选,True,False,False,False,,train_target_extreme,继承 v1.4：目标极限事件，保留为当前主训练候选,继承 v1.4：目标极限事件，保留为当前主训练候选,True,False,False,False,,train_noncurve_target_extreme,非弯道主训练候选：继承 v1.5，作为当前主训练集,非弯道主训练候选：继承 v1.5，作为当前主训练集,True,False,False,False,314.065,314.075,车辆响应,False,0.0099999999999909,False,312.075,314.075,314.075,320.075,,ok,curve2,curve2,curve2,curve2,curve2,8,True,curve2,curve2,0.0,513.8870850143826,4747.24,-4808.8,579.3610569543207,513.6500532200447,685.9757604316443,low_but_context_usable,0.0,1.74528e-09,1.59253,1.7182,False,model_anchor:curve2:513.9:0.00000;episode_start:curve2:513.7:0.00000;driver_action:curve2:616.0:-0.00000;condition_peak:curve2:514.6:0.00000;episode_end:curve2:686.0:0.00000;episode_q25:curve2:559.1:0.00000;episode_q50:curve2:599.6:-0.00000;episode_q75:curve2:645.3:0.00000,train_curve_coord_valid_normal_or_weak,道路坐标确认在弯道，车辆动态较弱或更像正常过弯，作为弯道普通/弱侧倾训练候选,道路坐标确认在弯道，车辆动态较弱或更像正常过弯，作为弯道普通/弱侧倾训练候选,True,False,False,False,,train_curve_normal_or_weak,弯道普通/弱侧倾训练候选,道路坐标确认在弯道，车辆动态较弱或更像正常过弯；保留为弯道普通/弱侧倾训练候选。,True,False,False,False,0,高度微动正常,True,True,False,
rec_v1_byx_2025_09_28_17_46_00_0014,byx,2025_09_28_17_46_00,F:\data_set_process\data_process\01_datasets\数据预处理\原始车辆数据\byx\Entity_Recording_2025_09_28_17_46_00_vehicle.csv,14,335.985,348.755,12.769999999999982,339.59,337.076,336.035,339.59,343.156,驾驶员先动,-1.0409999999999968,极强,5,4.0,4.0,2.3939742198728178,方向盘快速操作,正常,True,False,True,True,0.8,91.67754242424245,5.644277424242424,0.2468260757575757,0.2594562575757576,0.0785315878787878,2.0140738787878787,10.870650000031702,0.1313063181818181,68.07425606060606,3.4261277272727275,333.985,350.755,middle_section,连续超车负荷事件段,342.915,0.5450000000000159,core_extreme,核心极限样本,车辆动态强且驾驶员转向明显,多输出轨迹预测,,,False,False,保留为主训练候选,用户已初步复核，核心/保守弱操作/次级样本整体可保留,True,False,False,True,0.0105000000000003,0.0850000000039017,0.01517091,0.0673569,3.49596,68.09225,0.1321975,0.114157,5.65476,0.247066,False,False,False,False,False,False,False,train_target_extreme,核心/次级目标极限事件，未触发超长或路外恢复风险，保留为训练候选,核心/次级目标极限事件，未触发超长或路外恢复风险，保留为训练候选,True,False,False,False,,True,0.00921746373265,0.0851894440604103,0.8778536888237928,0.9338292873923256,1.74798,8,68.09225,68.09225,0.182856,0.0152926168876223,False,False,True,True,True,defer_roadedge_or_offroad,车速/制动/横向偏移/高度残差组合提示可能是路边恢复或上下马路，暂不进入主训练,车速/制动/横向偏移/高度残差组合提示可能是路边恢复或上下马路，暂不进入主训练,False,True,False,False,,-13.149,-13.1507,-13.1402,0.0017000000000013,0.008799999999999,False,discard_roadedge_without_large_zdrop,用户复核后抛弃：属于疑似上下马路/路边恢复，但没有明显大幅向下 z_drop，不进入当前训练候选,用户复核后抛弃：属于疑似上下马路/路边恢复，但没有明显大幅向下 z_drop，不进入当前训练候选,False,False,False,True,,discard_prior_review,继承 v1.4：此前已舍弃或不适合作为当前主训练候选,继承 v1.4：此前已舍弃或不适合作为当前主训练候选,False,False,False,True,,discard_noncurve_prior_review,非弯道已舍弃或不适合作为当前候选：继承 v1.5,非弯道已舍弃或不适合作为当前候选：继承 v1.5,False,False,False,True,335.985,336.035,驾驶员动作,False,0.0500000000000113,False,334.035,336.035,336.035,342.035,,ok,curve2|middle_section,curve2|section5,middle_section,section5,curve2,2,True,curve2,curve2,-0.0004332317171174,993.8640073033466,5234.09,-5373.39,993.2965753020924,982.469575392365,1005.3426989465966,low_but_context_usable,2.88702e-10,8.57101e-10,0.809795,1.72174,False,model_anchor:curve2:993.9:0.00000;episode_start:curve2:992.7:-0.00000;vehicle_response:middle_section:1005.3:0.00000;condition_peak:middle_section:1000.6:0.00000;episode_end:middle_section:982.5:0.00000;episode_q25:middle_section:1001.2:0.00000;episode_q50:middle_section:991.6:0.00000;episode_q75:middle_section:987.5:0.00000,train_curve_coord_valid_roll_candidate,道路坐标确认在弯道，且车辆侧倾/横滚/横向动态明显，可作为弯道极限或近极限候选,道路坐标确认在弯道，且车辆侧倾/横滚/横向动态明显，可作为弯道极限或近极限候选,True,False,False,False,,train_curve_normal_or_weak,弯道普通/弱侧倾训练候选,道路坐标确认在弯道，车辆动态较弱或更像正常过弯；保留为弯道普通/弱侧倾训练候选。,True,False,False,False,1,高度微动正常,True,True,False,
rec_v1_cwh_2025_09_26_19_23_28_0002,cwh,2025_09_26_19_23_28,F:\data_set_process\data_process\01_datasets\数据预处理\原始车辆数据\cwh\Entity_Recording_2025_09_26_19_23_28_vehicle.csv,2,111.06,115.755,4.694999999999993,112.79,111.915,,112.79,112.71,缺少一方起点,,极强,4,4.0,4.0,0.6342085986156244,无明显操作,正常,True,False,True,True,0.8,97.11440147058822,1.9705508823529407,0.0833382294117647,0.0581869970588235,0.0296787235294117,0.8456171470588235,1.2684171972312488,0.0,12.892188235294114,3.464071176470588,109.06,117.755,,,105.5,-7.907499999999999,conservative_extreme,保守/弱操作极限样本,车辆动态强但驾驶员转向不强,车辆状态预测+驾驶员类型分类,F:\data_set_process\data_process\05_rebuild_from_raw_20260511\02_samples\record_level_episode_reconstruction_v1_0\figures\review_panels\conservative_extreme_保守\弱操作极限样本\rec_v1_cwh_2025_09_26_19_23_28_0002.png,,True,False,保留为主训练候选,用户已初步复核，核心/保守弱操作/次级样本整体可保留,True,False,False,True,0.0035479999999999,0.0178999999999796,0.00579682,0.026783,3.49768,12.906850000000006,0.0,0.0469032,1.97473,0.083448,False,False,False,False,False,False,False,train_conservative_extreme,保守/弱操作极限样本，未触发超长或路外恢复风险，保留为训练候选,保守/弱操作极限样本，未触发超长或路外恢复风险，保留为训练候选,True,False,False,False,,True,0.0032695796347026,0.0184738403802741,0.9215275182363974,0.574241617881852,1.74815,4,0.0766500000000007,12.906850000000006,0.03,0.0054730075359804,False,False,True,False,False,train_conservative_extreme,保守/弱操作极限样本，未触发 v1.3 路边/超长风险，保留为训练候选,保守/弱操作极限样本，未触发 v1.3 路边/超长风险，保留为训练候选,True,False,False,False,F:\data_set_process\data_process\05_rebuild_from_raw_20260511\02_samples\record_level_episode_reconstruction_v1_3_cleaned\figures\review_panels_v1_3\02_主训练_保守弱操作极限事件\0123_rec_v1_cwh_2025_09_26_19_23_28_0002.png,-0.1403424999999999,-0.14167,-0.138122,0.0013275,0.0022204999999999,False,train_conservative_extreme,继承 v1.3：保守/弱操作极限样本，保留为训练候选,继承 v1.3：保守/弱操作极限样本，保留为训练候选,True,False,False,False,,train_conservative_extreme,继承 v1.4：保守/弱操作极限样本，保留为当前主训练候选,继承 v1.4：保守/弱操作极限样本，保留为当前主训练候选,True,False,False,False,,train_noncurve_target_extreme,非弯道主训练候选：继承 v1.5，作为当前主训练集,非弯道主训练候选：继承 v1.5，作为当前主训练集,True,False,False,False,111.06,111.915,车辆响应,False,0.855000000000004,False,109.915,111.915,111.915,117.915,,ok,curve1,curve1,curve1,curve1,curve1,7,True,curve1,curve1,2.1316282072803012e-14,3.17264636601077,2916.43,3.15951,4.197471958143433,3.021381871835465,5.030189704421575,high,-6.21546e-11,8.88178e-10,0.663616,1.71135,False,model_anchor:curve1:3.2:-0.00000;episode_start:curve1:3.0:-0.00000;condition_peak:curve1:4.2:0.00000;episode_end:curve1:4.2:0.00000;episode_q25:curve1:3.4:-0.00000;episode_q50:curve1:5.0:0.00000;episode_q75:curve1:5.0:0.00000,train_curve_coord_valid_normal_or_weak,道路坐标确认在弯道，车辆动态较弱或更像正常过弯，作为弯道普通/弱侧倾训练候选,道路坐标确认在弯道，车辆动态较弱或更像正常过弯，作为弯道普通/弱侧倾训练候选,True,False,False,False,,train_curve_normal_or_weak,弯道普通/弱侧倾训练候选,道路坐标确认在弯道，车辆动态较弱或更像正常过弯；保留为弯道普通/弱侧倾训练候选。,True,False,False,False,0,高度微动正常,True,True,False,
rec_v1_cwh_2025_09_26_19_27_21_0006,cwh,2025_09_26_19_27_21,F:\data_set_process\data_process\01_datasets\数据预处理\原始车辆数据\cwh\Entity_Recording_2025_09_26_19_27_21_vehicle.csv,6,108.215,111.61,3.394999999999996,110.66,,108.39,111.33,110.66,缺少一方起点,,弱,0,0.5630720445540083,1.8221775,2.42957,制动为主,正常,True,False,False,False,0.8,118.0671911764706,0.5137023529411765,0.0175208088235294,0.0216350558823529,0.0071251573529411,0.1523156617647058,0.305407785466989,0.2194328176470588,29.790970588235297,0.6723405588235294,106.215,113.61,,,126.725,16.8125,review,边界复核样本,强度或语义边界不清,人工复核,F:\data_set_process\data_process\05_rebuild_from_raw_20260511\02_samples\record_level_episode_reconstruction_v1_0\figures\review_panels\review_边界复核样本\rec_v1_cwh_2025_09_26_19_27_21_0006.png,,True,False,暂不进入训练,用户复核后认为需要复核类基本可舍去，先整体降为舍弃/暂缓,False,False,True,True,0.0058849999999999,0.0195499999999828,0.01963837,0.0408265,0.672619,29.796499999999995,0.219226,0.01135172,0.514388,0.0175301,False,False,False,False,False,False,False,discard_prior_review,v1.1 已经人工复核为舍弃/暂缓，本轮继续不进入训练,v1.1 已经人工复核为舍弃/暂缓，本轮继续不进入训练,False,False,False,True,,True,0.0060351459811064,0.0163362543683661,1.0255133357870077,0.5305371596762325,0.0016565,0,29.796499999999995,29.796499999999995,0.242957,0.0182185504494759,False,False,False,True,False,discard_prior_review,v1.1 已经人工复核为舍弃/暂缓，本轮继续不进入训练,v1.1 已经人工复核为舍弃/暂缓，本轮继续不进入训练,False,False,False,True,,-0.146945,-0.150279,-0.144394,0.003334,0.0025509999999999,False,discard_prior_review,继承 v1.3：此前已舍弃/暂缓，不进入当前训练候选,继承 v1.3：此前已舍弃/暂缓，不进入当前训练候选,False,False,False,True,,discard_prior_review,继承 v1.4：此前已舍弃或不适合作为当前主训练候选,继承 v1.4：此前已舍弃或不适合作为当前主训练候选,False,False,False,True,,discard_noncurve_prior_review,非弯道已舍弃或不适合作为当前候选：继承 v1.5,非弯道已舍弃或不适合作为当前候选：继承 v1.5,False,False,False,True,108.215,108.39,驾驶员动作,False,0.1749999999999971,False,106.39,108.39,108.39,114.39,,ok,curve1,curve1,curve1,curve1,curve1,8,True,curve1,curve1,1.4210854715200388e-14,2.6194686349471823,3368.47,2.5988,2.604010184007129,2.4005599198339325,3.049232018747397,high,7.92536e-09,1.40055e-08,0.0972694,0.547654,False,model_anchor:curve1:2.6:0.00000;episode_start:curve1:2.6:0.00000;condition_peak:curve1:2.5:0.00000;vehicle_peak:curve1:2.9:0.00000;episode_end:curve1:3.0:0.00000;episode_q25:curve1:2.5:0.00000;episode_q50:curve1:2.4:0.00000;episode_q75:curve1:2.6:0.00000,train_curve_coord_valid_normal_or_weak,道路坐标确认在弯道，车辆动态较弱或更像正常过弯，作为弯道普通/弱侧倾训练候选,道路坐标确认在弯道，车辆动态较弱或更像正常过弯，作为弯道普通/弱侧倾训练候选,True,False,False,False,,train_curve_normal_or_weak,弯道普通/弱侧倾训练候选,道路坐标确认在弯道，车辆动态较弱或更像正常过弯；保留为弯道普通/弱侧倾训练候选。,True,False,False,False,0,高度微动正常,True,True,False,
rec_v1_cwh_2025_09_26_19_27_21_0008,cwh,2025_09_26_19_27_21,F:\data_set_process\data_process\01_datasets\数据预处理\原始车辆数据\cwh\Entity_Recording_2025_09_26_19_27_21_vehicle.csv,8,157.815,166.495,8.680000000000007,160.42,158.385,160.295,160.42,162.655,车辆先变化,1.9099999999999968,极强,5,4.0,4.0,1.7878304809684784,方向盘快速操作,正常,True,False,True,True,0.8,123.83352941176472,3.559518529411765,0.1288238529411764,0.1769652058823529,0.0516470352941176,1.494787382352941,3.575660961936957,0.0,15.071176470588227,3.392123529411765,155.815,168.495,,,127.96,-34.19500000000001,core_extreme,核心极限样本,车辆动态强且驾驶员转向明显,多输出轨迹预测,,,False,False,保留为主训练候选,用户已初步复核，核心/保守弱操作/次级样本整体可保留,True,False,False,True,0.0027600000000003,0.00750000000005,0.0022271999999999,0.015006,3.4916,15.0715,0.0,0.0931475,3.56544,0.128867,False,False,False,False,False,False,False,train_target_extreme,核心/次级目标极限事件，未触发超长或路外恢复风险，保留为训练候选,核心/次级目标极限事件，未触发超长或路外恢复风险，保留为训练候选,True,False,False,False,,True,0.0022705143710481,0.0076335567882716,0.8226501344376619,0.7578462424416931,1.744235,6,0.0625,15.0715,0.03,0.0023241961792621,False,False,True,False,False,train_target_extreme,目标极限事件，未触发 v1.3 路边/超长风险，保留为训练候选,目标极限事件，未触发 v1.3 路边/超长风险，保留为训练候选,True,False,False,False,F:\data_set_process\data_process\05_rebuild_from_raw_20260511\02_samples\record_level_episode_reconstruction_v1_3_cleaned\figures\review_panels_v1_3\01_主训练_目标极限事件\0133_rec_v1_cwh_2025_09_26_19_27_21_0008.png,-6.14104,-6.14327,-6.14051,0.0022299999999999,0.0005300000000003,False,train_target_extreme,继承 v1.3：目标极限事件，保留为训练候选,继承 v1.3：目标极限事件，保留为训练候选,True,False,False,False,,train_target_extreme,继承 v1.4：目标极限事件，保留为当前主训练候选,继承 v1.4：目标极限事件，保留为当前主训练候选,True,False,False,False,,train_noncurve_target_extreme,非弯道主训练候选：继承 v1.5，作为当前主训练集,非弯道主训练候选：继承 v1.5，作为当前主训练集,True,False,False,False,157.815,158.385,车辆响应,False,0.5699999999999932,False,156.385,158.385,158.385,164.385,,ok,curve1,curve1,curve1,curve1,curve1,8,True,curve1,curve1,-0.0072980238261389,370.3764987435828,4431.4,247.084,435.3415200914149,352.0655200142438,649.4000160070115,medium,7.76932e-11,8.88178e-10,0.01659,1.66908,False,model_anchor:curve1:370.4:0.00000;episode_start:curve1:352.1:0.00000;driver_action:curve1:433.3:0.00000;condition_peak:curve1:437.4:0.00000;episode_end:curve1:649.4:0.00000;episode_q25:curve1:422.9:-0.00000;episode_q50:curve1:496.4:-0.00000;episode_q75:curve1:572.0:0.00000,train_curve_coord_valid_normal_or_weak,道路坐标确认在弯道，车辆动态较弱或更像正常过弯，作为弯道普通/弱侧倾训练候选,道路坐标确认在弯道，车辆动态较弱或更像正常过弯，作为弯道普通/弱侧倾训练候选,True,False,False,False,,train_curve_normal_or_weak,弯道普通/弱侧倾训练候选,道路坐标确认在弯道，车辆动态较弱或更像正常过弯；保留为弯道普通/弱侧倾训练候选。,True,False,False,False,0,高度微动正常,True,True,False,
rec_v1_cwh_2025_09_26_19_27_21_0009,cwh,2025_09_26_19_27_21,F:\data_set_process\data_process\01_datasets\数据预处理\原始车辆数据\cwh\Entity_Recording_2025_09_26_19_27_21_vehicle.csv,9,168.4,169.245,0.8449999999999989,168.725,168.72,,168.725,168.4,缺少一方起点,,极强,1,4.0,4.0,0.3,无明显操作,事件很短,True,False,False,True,0.8,132.98038235294118,0.4446008529411764,0.0175296117647058,0.0237263617647058,0.0079906579411764,0.1429992823529411,0.47428823529405,0.0,1.0668823529411495,3.4674249999999995,166.4,171.245,,,127.96,-40.8625,conservative_extreme,保守/弱操作极限样本,车辆动态强但驾驶员转向不强,车辆状态预测+驾驶员类型分类,F:\data_set_process\data_process\05_rebuild_from_raw_20260511\02_samples\record_level_episode_reconstruction_v1_0\figures\review_panels\conservative_extreme_保守\弱操作极限样本\rec_v1_cwh_2025_09_26_19_27_21_0009.png,,True,False,保留为主训练候选,用户已初步复核，核心/保守弱操作/次级样本整体可保留,True,False,False,True,0.0002200000000005,0.0015000000000782,0.0002200499999999,0.00194597,3.49599,1.0704999999999814,0.0,0.01122382,0.4450484999999999,0.0175608,False,False,False,False,False,False,False,train_conservative_extreme,保守/弱操作极限样本，未触发超长或路外恢复风险，保留为训练候选,保守/弱操作极限样本，未触发超长或路外恢复风险，保留为训练候选,True,False,False,False,,True,0.0001803547181555,0.0018953285582785,0.8197941734326106,0.911504424778761,1.747995,2,0.0275000000000034,1.0704999999999814,0.03,0.0002066371733501,False,False,True,False,False,train_conservative_extreme,保守/弱操作极限样本，未触发 v1.3 路边/超长风险，保留为训练候选,保守/弱操作极限样本，未触发 v1.3 路边/超长风险，保留为训练候选,True,False,False,False,F:\data_set_process\data_process\05_rebuild_from_raw_20260511\02_samples\record_level_episode_reconstruction_v1_3_cleaned\figures\review_panels_v1_3\02_主训练_保守弱操作极限事件\0134_rec_v1_cwh_2025_09_26_19_27_21_0009.png,-6.14267,-6.14285,-6.14263,0.0001800000000002,4.000000000026205e-05,False,train_conservative_extreme,继承 v1.3：保守/弱操作极限样本，保留为训练候选,继承 v1.3：保守/弱操作极限样本，保留为训练候选,True,False,False,False,,train_conservative_extreme,继承 v1.4：保守/弱操作极限样本，保留为当前主训练候选,继承 v1.4：保守/弱操作极限样本，保留为当前主训练候选,True,False,False,False,,train_noncurve_target_extreme,非弯道主训练候选：继承 v1.5，作为当前主训练集,非弯道主训练候选：继承 v1.5，作为当前主训练集,True,False,False,False,168.4,168.72,车辆响应,False,0.3199999999999932,False,166.72,168.72,168.72,174.72,,ok,curve1,curve1,curve1,curve1,curve1,6,True,curve1,curve1,-0.0072980238247788,730.5939974387237,4705.6,480.698,732.5393433599459,718.793300457406,750.0103213551531,low_but_context_usable,-6.21546e-11,9.50332e-10,-1.72048,1.72048,False,model_anchor:curve1:730.6:-0.00000;episode_start:curve1:718.8:-0.00000;episode_end:curve1:750.0:0.00000;episode_q25:curve1:726.5:-0.00000;episode_q50:curve1:734.5:-0.00000;episode_q75:curve1:742.2:0.00000,train_curve_coord_valid_normal_or_weak,道路坐标确认在弯道，车辆动态较弱或更像正常过弯，作为弯道普通/弱侧倾训练候选,道路坐标确认在弯道，车辆动态较弱或更像正常过弯，作为弯道普通/弱侧倾训练候选,True,False,False,False,,train_curve_normal_or_weak,弯道普通/弱侧倾训练候选,道路坐标确认在弯道，车辆动态较弱或更像正常过弯；保留为弯道普通/弱侧倾训练候选。,True,False,False,False,0,高度微动正常,True,True,False,
rec_v1_cwh_2025_09_26_19_27_21_0010,cwh,2025_09_26_19_27_21,F:\data_set_process\data_process\01_datasets\数据预处理\原始车辆数据\cwh\Entity_Recording_2025_09_26_19_27_21_vehicle.csv,10,178.86,185.58,6.719999999999999,180.465,179.395,179.655,180.465,180.615,车辆先变化,0.2599999999999909,极强,5,4.0,4.0,1.83807,制动为主,正常,True,False,True,True,0.8,115.95558823529412,4.327072352941176,0.1815119411764705,0.1839690588235294,0.0599654147058823,1.3155673823529412,2.441747698963683,0.213807,18.272970588235296,3.377771470588235,176.86,187.58,,,127.96,-54.26000000000003,conservative_extreme,保守/弱操作极限样本,车辆动态强但驾驶员转向不强,车辆状态预测+驾驶员类型分类,F:\data_set_process\data_process\05_rebuild_from_raw_20260511\02_samples\record_level_episode_reconstruction_v1_0\figures\review_panels\conservative_extreme_保守\弱操作极限样本\rec_v1_cwh_2025_09_26_19_27_21_0010.png,,True,False,保留为主训练候选,用户已初步复核，核心/保守弱操作/次级样本整体可保留,True,False,False,True,0.0071599999999998,0.0220000000000482,0.02159799,0.0413005,3.48742,18.27499999999999,0.213807,0.1046807,4.33024,0.181714,False,False,False,False,False,False,False,train_conservative_extreme,保守/弱操作极限样本，未触发超长或路外恢复风险，保留为训练候选,保守/弱操作极限样本，未触发超长或路外恢复风险，保留为训练候选,True,False,False,False,,True,0.0075270251678514,0.021108999926264,1.0512604983033005,0.6675343994049833,1.74371,6,18.27499999999999,18.27499999999999,0.183807,0.024824330386055,False,False,True,True,False,train_conservative_extreme,保守/弱操作极限样本，未触发 v1.3 路边/超长风险，保留为训练候选,保守/弱操作极限样本，未触发 v1.3 路边/超长风险，保留为训练候选,True,False,False,False,,-6.14453,-6.14886,-6.1417,0.0043300000000003,0.0028299999999994,False,train_conservative_extreme,继承 v1.3：保守/弱操作极限样本，保留为训练候选,继承 v1.3：保守/弱操作极限样本，保留为训练候选,True,False,False,False,,train_conservative_extreme,继承 v1.4：保守/弱操作极限样本，保留为当前主训练候选,继承 v1.4：保守/弱操作极限样本，保留为当前主训练候选,True,False,False,False,,train_noncurve_target_extreme,非弯道主训练候选：继承 v1.5，作为当前主训练集,非弯道主训练候选：继承 v1.5，作为当前主训练集,True,False,False,False,178.86,179.395,车辆响应,False,0.5349999999999966,False,177.395,179.395,179.395,185.395,,ok,curve1,curve1,curve1,curve1,curve1,8,True,curve1,curve1,-0.0072980238247788,1121.325757346604,5005.15,731.581,1160.4819675985236,1101.864915068557,1323.2501511308185,low_but_context_usable,3.10774e-11,1.55881e-09,0.393649,1.65426,False,model_anchor:curve1:1121.3:0.00000;episode_start:curve1:1101.9:-0.00000;driver_action:curve1:1130.7:0.00000;condition_peak:curve1:1159.2:0.00000;episode_end:curve1:1323.3:0.00000;episode_q25:curve1:1161.8:-0.00000;episode_q50:curve1:1216.2:0.00000;episode_q75:curve1:1269.2:-0.00000,train_curve_coord_valid_normal_or_weak,道路坐标确认在弯道，车辆动态较弱或更像正常过弯，作为弯道普通/弱侧倾训练候选,道路坐标确认在弯道，车辆动态较弱或更像正常过弯，作为弯道普通/弱侧倾训练候选,True,False,False,False,,train_curve_normal_or_weak,弯道普通/弱侧倾训练候选,道路坐标确认在弯道，车辆动态较弱或更像正常过弯；保留为弯道普通/弱侧倾训练候选。,True,False,False,False,0,高度微动正常,True,True,False,
rec_v1_cwh_2025_09_26_19_35_47_0002,cwh,2025_09_26_19_35_47,F:\data_set_process\data_process\01_datasets\数据预处理\原始车辆数据\cwh\Entity_Recording_2025_09_26_19_35_47_vehicle.csv,2,83.945,95.545,11.600000000000009,85.885,85.095,87.805,85.885,87.95,车辆先变化,2.710000000000008,极强,5,4.0,4.0,1.869314176470473,方向盘快速操作,正常,True,False,True,True,0.8,134.52017647058824,3.751448235294117,0.1462520588235294,0.2096677058823529,0.0500676470588235,1.4895256470588234,3.738628352940946,0.0,8.664411764705875,3.3817611764705884,81.945,97.545,curve1|middle_section,弯道路段|连续超车负荷事件段,89.875,0.1299999999999954,core_extreme,核心极限样本,车辆动态强且驾驶员转向明显,多输出轨迹预测,,,False,False,保留为主训练候选,用户已初步复核，核心/保守弱操作/次级样本整体可保留,True,False,False,True,0.004415,0.0098000000000091,0.00573974,0.0215784,3.49886,8.673000000000002,0.0,0.100144,3.75555,0.147258,False,False,False,False,False,False,False,train_target_extreme,核心/次级目标极限事件，未触发超长或路外恢复风险，保留为训练候选,核心/次级目标极限事件，未触发超长或路外恢复风险，保留为训练候选,True,False,False,False,,True,0.0040445528909537,0.0098237763150216,0.9160935200348272,0.5995689655172414,3.49356,4,0.0049999999999954,8.673000000000002,0.03,0.0073633247984352,False,False,True,False,False,train_target_extreme,目标极限事件，未触发 v1.3 路边/超长风险，保留为训练候选,目标极限事件，未触发 v1.3 路边/超长风险，保留为训练候选,True,False,False,False,F:\data_set_process\data_process\05_rebuild_from_raw_20260511\02_samples\record_level_episode_reconstruction_v1_3_cleaned\figures\review_panels_v1_3\01_主训练_目标极限事件\0147_rec_v1_cwh_2025_09_26_19_35_47_0002.png,-0.143164,-0.145461,-0.141046,0.0022969999999999,0.002118,False,train_target_extreme,继承 v1.3：目标极限事件，保留为训练候选,继承 v1.3：目标极限事件，保留为训练候选,True,False,False,False,,train_target_extreme,继承 v1.4：目标极限事件，保留为当前主训练候选,继承 v1.4：目标极限事件，保留为当前主训练候选,True,False,False,False,,discard_curve_height_or_z_abnormal,弯道高度异常：高度明显变高、突变、非平滑，或不像正常下坡弯道,弯道高度异常：高度明显变高、突变、非平滑，或不像正常下坡弯道,False,False,False,True,83.945,85.095,车辆响应,False,1.1500000000000057,False,83.095,85.095,85.095,91.095,,ok,middle_section|curve1,section2|curve1,middle_section,section2,curve1,3,True,middle_section,section2,-1.1102230246250303e-16,3.401221453903976,2656.23,3.3891,4.114728981161048,2.6648073030847392,5.3368569128371925,high,-3.10773e-11,9.50332e-10,0.893958,1.65616,False,model_anchor:middle_section:3.4:-0.00000;episode_start:middle_section:2.7:0.00000;driver_action:middle_section:4.4:0.00000;condition_peak:middle_section:4.2:0.00000;episode_end:curve1:3.5:0.00000;episode_q25:middle_section:5.3:0.00000;episode_q50:curve1:4.0:0.00000;episode_q75:curve1:4.6:-0.00000,train_curve_coord_valid_normal_or_weak,道路坐标确认在弯道，车辆动态较弱或更像正常过弯，作为弯道普通/弱侧倾训练候选,道路坐标确认在弯道，车辆动态较弱或更像正常过弯，作为弯道普通/弱侧倾训练候选,True,False,False,False,,train_curve_normal_or_weak,弯道普通/弱侧倾训练候选,道路坐标确认在弯道，车辆动态较弱或更像正常过弯；保留为弯道普通/弱侧倾训练候选。,True,False,False,False,0,高度微动正常,True,True,False,
rec_v1_cwh_2025_09_26_19_35_47_0011,cwh,2025_09_26_19_35_47,F:\data_set_process\data_process\01_datasets\数据预处理\原始车辆数据\cwh\Entity_Recording_2025_09_26_19_35_47_vehicle.csv,11,306.115,314.655,8.539999999999964,306.705,306.695,,306.705,308.555,缺少一方起点,,极强,2,4.0,4.0,0.5745396193767839,无明显操作,正常,True,False,True,True,0.8,123.76047058823532,2.094528235294118,0.0667934470588235,0.0715627529411764,0.0278496882352941,0.7000926470588235,1.1490792387535678,0.0,7.90947058823528,3.4307823529411765,304.115,316.655,,,298.402,-11.983000000000004,conservative_extreme,保守/弱操作极限样本,车辆动态强但驾驶员转向不强,车辆状态预测+驾驶员类型分类,,,False,False,保留为主训练候选,用户已初步复核，核心/保守弱操作/次级样本整体可保留,True,False,False,True,0.0012999999999987,0.0100000000002182,0.0013305399999999,0.0069878,3.49729,7.910999999999987,0.0,0.0498997,2.09584,0.0668546,False,False,False,False,False,False,False,train_conservative_extreme,保守/弱操作极限样本，未触发超长或路外恢复风险，保留为训练候选,保守/弱操作极限样本，未触发超长或路外恢复风险，保留为训练候选,True,False,False,False,,True,0.0010032934017036,0.0100546407220338,0.7717641551574537,0.9795081967213116,3.49547,3,0.059999999999988,7.910999999999987,0.03,0.0011374794753817,False,False,True,False,False,train_conservative_extreme,保守/弱操作极限样本，未触发 v1.3 路边/超长风险，保留为训练候选,保守/弱操作极限样本，未触发 v1.3 路边/超长风险，保留为训练候选,True,False,False,False,,-13.1423,-13.1435,-13.1422,0.0011999999999989,9.999999999976694e-05,False,train_conservative_extreme,继承 v1.3：保守/弱操作极限样本，保留为训练候选,继承 v1.3：保守/弱操作极限样本，保留为训练候选,True,False,False,False,,train_conservative_extreme,继承 v1.4：保守/弱操作极限样本，保留为当前主训练候选,继承 v1.4：保守/弱操作极限样本，保留为当前主训练候选,True,False,False,False,,train_noncurve_target_extreme,非弯道主训练候选：继承 v1.5，作为当前主训练集,非弯道主训练候选：继承 v1.5，作为当前主训练集,True,False,False,False,306.115,306.695,车辆响应,False,0.5799999999999841,False,304.695,306.695,306.695,312.695,,ok,curve2,curve2,curve2,curve2,curve2,6,True,curve2,curve2,-2.2466385226695e-13,627.4347949601804,4862.37,-4941.67,685.0401366188557,615.2821849507204,803.9490852339242,low_but_context_usable,-3.10773e-11,1.01249e-09,-1.68032,1.68032,False,model_anchor:curve2:627.4:-0.00000;episode_start:curve2:615.3:-0.00000;episode_end:curve2:803.9:0.00000;episode_q25:curve2:660.8:0.00000;episode_q50:curve2:709.3:0.00000;episode_q75:curve2:756.3:-0.00000,train_curve_coord_valid_normal_or_weak,道路坐标确认在弯道，车辆动态较弱或更像正常过弯，作为弯道普通/弱侧倾训练候选,道路坐标确认在弯道，车辆动态较弱或更像正常过弯，作为弯道普通/弱侧倾训练候选,True,False,False,False,,train_curve_normal_or_weak,弯道普通/弱侧倾训练候选,道路坐标确认在弯道，车辆动态较弱或更像正常过弯；保留为弯道普通/弱侧倾训练候选。,True,False,False,False,0,高度微动正常,True,True,False,
rec_v1_cwh_2025_09_26_19_45_40_0003,cwh,2025_09_26_19_45_40,F:\data_set_process\data_process\01_datasets\数据预处理\原始车辆数据\cwh\Entity_Recording_2025_09_26_19_45_40_vehicle.csv,3,88.79,96.61,7.819999999999993,89.915,89.785,93.35,89.915,93.585,车辆先变化,3.5649999999999977,极强,5,4.0,4.0,1.498433278547275,方向盘快速操作,正常,True,False,True,True,0.8,140.47114705882353,4.008267058823529,0.1440381176470588,0.199584294117647,0.0583841823529411,1.4603787647058823,2.99686655709455,0.0,7.197529411764691,3.471447058823529,86.79,98.61,curve1|middle_section,弯道路段|连续超车负荷事件段,93.805,1.105000000000004,core_extreme,核心极限样本,车辆动态强且驾驶员转向明显,多输出轨迹预测,,,False,False,保留为主训练候选,用户已初步复核，核心/保守弱操作/次级样本整体可保留,True,False,False,True,0.0032449999999999,0.0137500000000017,0.0008994499999999,0.00419907,3.49828,7.200500000000005,0.0,0.0985708999999999,4.00938,0.144157,False,False,False,False,False,False,False,train_target_extreme,核心/次级目标极限事件，未触发超长或路外恢复风险，保留为训练候选,核心/次级目标极限事件，未触发超长或路外恢复风险，保留为训练候选,True,False,False,False,,True,0.003249089517702,0.013257238084439,1.00126025198833,0.535953978906999,1.74853,8,0.0235000000000127,7.200500000000005,0.03,0.0007556783950819,False,False,True,False,False,train_target_extreme,目标极限事件，未触发 v1.3 路边/超长风险，保留为训练候选,目标极限事件，未触发 v1.3 路边/超长风险，保留为训练候选,True,False,False,False,,-0.1429675,-0.144185,-0.14094,0.0012174999999999,0.0020275,False,train_target_extreme,继承 v1.3：目标极限事件，保留为训练候选,继承 v1.3：目标极限事件，保留为训练候选,True,False,False,False,,train_target_extreme,继承 v1.4：目标极限事件，保留为当前主训练候选,继承 v1.4：目标极限事件，保留为当前主训练候选,True,False,False,False,,discard_curve_height_or_z_abnormal,弯道高度异常：高度明显变高、突变、非平滑，或不像正常下坡弯道,弯道高度异常：高度明显变高、突变、非平滑，或不像正常下坡弯道,False,False,False,True,88.79,89.785,车辆响应,False,0.9949999999999904,False,87.785,89.785,89.785,95.785,,ok,middle_section|curve1,section2|curve1,middle_section,section2,curve1,2,True,middle_section,section2,-1.3877787807814457e-17,4.007783297371634,2619.3,4.00191,4.159221321886969,3.2930516538413874,5.895547444007976,high,3.81934e-10,1.7142e-09,1.50688,1.74348,False,model_anchor:middle_section:4.0:0.00000;episode_start:middle_section:3.3:-0.00000;driver_action:middle_section:4.2:0.00000;condition_peak:middle_section:4.2:0.00000;episode_end:curve1:4.1:0.00000;episode_q25:middle_section:5.1:-0.00000;episode_q50:middle_section:3.6:0.00000;episode_q75:curve1:5.9:0.00000,train_curve_coord_valid_normal_or_weak,道路坐标确认在弯道，车辆动态较弱或更像正常过弯，作为弯道普通/弱侧倾训练候选,道路坐标确认在弯道，车辆动态较弱或更像正常过弯，作为弯道普通/弱侧倾训练候选,True,False,False,False,,train_curve_normal_or_weak,弯道普通/弱侧倾训练候选,道路坐标确认在弯道，车辆动态较弱或更像正常过弯；保留为弯道普通/弱侧倾训练候选。,True,False,False,False,0,高度微动正常,True,True,False,
rec_v1_cwh_2025_09_26_19_45_40_0004,cwh,2025_09_26_19_45_40,F:\data_set_process\data_process\01_datasets\数据预处理\原始车辆数据\cwh\Entity_Recording_2025_09_26_19_45_40_vehicle.csv,4,111.23,114.98,3.75,114.14,114.135,111.355,114.14,112.895,驾驶员先动,-2.780000000000001,极强,1,4.0,4.0,1.79753,制动为主,坐标风险高,True,False,False,True,0.8,129.00155882352942,0.6136540294117647,0.022113594117647,0.0295067617647058,0.0082758461764705,0.192304394117647,0.548151487889218,0.209753,24.97202941176471,3.466217058823529,109.23,116.98,,,127.305,14.200000000000005,review,需要复核,窗口/坐标风险,人工复核后再决定,,,False,False,暂不进入训练,用户复核后认为需要复核类基本可舍去，先整体降为舍弃/暂缓,False,False,True,True,0.0054079999999999,0.0195000000000167,0.01586906,0.0317948,3.49583,24.9785,0.209753,0.01617493,0.61407,0.0221345,False,False,False,False,False,False,False,discard_prior_review,v1.1 已经人工复核为舍弃/暂缓，本轮继续不进入训练,v1.1 已经人工复核为舍弃/暂缓，本轮继续不进入训练,False,False,False,True,,True,0.0060336103501855,0.0192902665014009,1.1156823872384662,0.6435709526982012,1.747915,2,24.9785,24.9785,0.179753,0.0183599736812286,False,False,True,True,False,discard_prior_review,v1.1 已经人工复核为舍弃/暂缓，本轮继续不进入训练,v1.1 已经人工复核为舍弃/暂缓，本轮继续不进入训练,False,False,False,True,,-0.1480092499999999,-0.149444,-0.144036,0.00143475,0.0039732499999999,False,discard_prior_review,继承 v1.3：此前已舍弃/暂缓，不进入当前训练候选,继承 v1.3：此前已舍弃/暂缓，不进入当前训练候选,False,False,False,True,,discard_prior_review,继承 v1.4：此前已舍弃或不适合作为当前主训练候选,继承 v1.4：此前已舍弃或不适合作为当前主训练候选,False,False,False,True,,discard_noncurve_prior_review,非弯道已舍弃或不适合作为当前候选：继承 v1.5,非弯道已舍弃或不适合作为当前候选：继承 v1.5,False,False,False,True,111.23,111.355,驾驶员动作,False,0.125,False,109.355,111.355,111.355,117.355,,ok,curve1,curve1,curve1,curve1,curve1,7,True,curve1,curve1,7.105427357601002e-15,3.5433439484681863,3491.68,3.51315,3.71936370666148,3.5433439484681863,4.842888116010535,high,8.69033e-08,8.69033e-08,1.01656,1.71783,False,model_anchor:curve1:3.5:0.00000;episode_start:curve1:3.5:0.00000;vehicle_response:curve1:4.2:0.00000;episode_end:curve1:4.8:0.00000;episode_q25:curve1:3.6:0.00000;episode_q50:curve1:3.7:0.00000;episode_q75:curve1:4.2:0.00000,train_curve_coord_valid_normal_or_weak,道路坐标确认在弯道，车辆动态较弱或更像正常过弯，作为弯道普通/弱侧倾训练候选,道路坐标确认在弯道，车辆动态较弱或更像正常过弯，作为弯道普通/弱侧倾训练候选,True,False,False,False,,train_curve_normal_or_weak,弯道普通/弱侧倾训练候选,道路坐标确认在弯道，车辆动态较弱或更像正常过弯；保留为弯道普通/弱侧倾训练候选。,True,False,False,False,0,高度微动正常,True,True,False,
rec_v1_cwh_2025_09_26_19_45_40_0012,cwh,2025_09_26_19_45_40,F:\data_set_process\data_process\01_datasets\数据预处理\原始车辆数据\cwh\Entity_Recording_2025_09_26_19_45_40_vehicle.csv,12,297.15,309.0,11.850000000000025,301.115,298.485,301.1,301.115,304.74,车辆先变化,2.615000000000009,极强,5,4.0,4.0,2.7853702422160103,方向盘快速操作,正常,True,False,True,True,0.8,122.84070588235294,4.0201061764705885,0.1677706470588235,0.2186710294117647,0.0545150588235294,1.9208644411764708,5.5707404844320205,0.0,14.031705882352924,3.450328823529412,295.15,311.0,curve2,弯道路段,303.365,0.2900000000000204,core_extreme,核心极限样本,车辆动态强且驾驶员转向明显,多输出轨迹预测,,,False,False,保留为主训练候选,用户已初步复核，核心/保守弱操作/次级样本整体可保留,True,False,False,True,0.0045999999999999,0.0200000000002091,0.00631898,0.0216747,3.49718,14.031999999999982,0.0,0.1087744,4.02362,0.16809,False,False,False,False,False,False,False,train_target_extreme,核心/次级目标极限事件，未触发超长或路外恢复风险，保留为训练候选,核心/次级目标极限事件，未触发超长或路外恢复风险，保留为训练候选,True,False,False,False,,True,0.0040905494673602,0.0250792302537671,0.8892498842087595,0.941784433663784,1.746935,8,0.742999999999995,14.031999999999982,0.03,0.0051235009678729,False,False,True,False,False,train_target_extreme,目标极限事件，未触发 v1.3 路边/超长风险，保留为训练候选,目标极限事件，未触发 v1.3 路边/超长风险，保留为训练候选,True,False,False,False,,-13.143975,-13.1447,-13.1401,0.0007249999999991,0.0038750000000007,False,train_target_extreme,继承 v1.3：目标极限事件，保留为训练候选,继承 v1.3：目标极限事件，保留为训练候选,True,False,False,False,,train_target_extreme,继承 v1.4：目标极限事件，保留为当前主训练候选,继承 v1.4：目标极限事件，保留为当前主训练候选,True,False,False,False,,train_curve_unclear_or_weak,弯道训练候选：高度只存在小波动，侧倾较弱或普通，先纳入候选,弯道训练候选：高度只存在小波动，侧倾较弱或普通，先纳入候选,True,False,False,False,297.15,298.485,车辆响应,False,1.3350000000000364,False,296.485,298.485,298.485,304.485,,ok,curve2,curve2,curve2,curve2,curve2,8,True,curve2,curve2,0.0,482.1871471605785,4715.12,-4773.54,538.9978869876788,453.6052354945036,715.9188837563761,low_but_context_usable,0.0,8.88178e-10,0.337644,1.69073,False,model_anchor:curve2:482.2:0.00000;episode_start:curve2:453.6:0.00000;driver_action:curve2:538.8:0.00000;condition_peak:curve2:539.2:0.00000;episode_end:curve2:715.9:-0.00000;episode_q25:curve2:517.4:0.00000;episode_q50:curve2:582.2:0.00000;episode_q75:curve2:649.8:-0.00000,train_curve_coord_valid_normal_or_weak,道路坐标确认在弯道，车辆动态较弱或更像正常过弯，作为弯道普通/弱侧倾训练候选,道路坐标确认在弯道，车辆动态较弱或更像正常过弯，作为弯道普通/弱侧倾训练候选,True,False,False,False,,train_curve_normal_or_weak,弯道普通/弱侧倾训练候选,道路坐标确认在弯道，车辆动态较弱或更像正常过弯；保留为弯道普通/弱侧倾训练候选。,True,False,False,False,0,高度微动正常,True,True,False,
rec_v1_cwh_2025_09_26_19_45_40_0013,cwh,2025_09_26_19_45_40,F:\data_set_process\data_process\01_datasets\数据预处理\原始车辆数据\cwh\Entity_Recording_2025_09_26_19_45_40_vehicle.csv,13,320.22,323.135,2.914999999999964,321.425,320.37,321.54,321.425,321.675,车辆先变化,1.170000000000016,极强,5,4.0,4.0,1.505482664357677,方向盘快速操作,正常,True,False,True,True,0.8,142.16127941176472,4.02192,0.1534184117647059,0.2178759117647059,0.0586810735294117,1.4031626176470589,3.010965328715354,0.0,2.5485588235294188,3.4228964705882348,318.22,325.135,middle_section,连续超车负荷事件段,321.0,-0.6775000000000091,core_extreme,核心极限样本,车辆动态强且驾驶员转向明显,多输出轨迹预测,,,False,False,保留为主训练候选,用户已初步复核，核心/保守弱操作/次级样本整体可保留,True,False,False,True,0.0033999999999991,0.0199999999999818,0.001264505,0.00408642,3.4920600000000004,2.5515000000000043,0.0,0.0942269,4.02585,0.153631,False,False,False,False,False,False,False,train_target_extreme,核心/次级目标极限事件，未触发超长或路外恢复风险，保留为训练候选,核心/次级目标极限事件，未触发超长或路外恢复风险，保留为训练候选,True,False,False,False,,True,0.0032434110037833,0.0196009655674523,0.9539444128777044,0.919451585261354,1.7460300000000002,2,0.0074999999999931,2.5515000000000043,0.03,0.0011129137440767,False,False,True,False,False,train_target_extreme,目标极限事件，未触发 v1.3 路边/超长风险，保留为训练候选,目标极限事件，未触发 v1.3 路边/超长风险，保留为训练候选,True,False,False,False,,-13.1437,-13.1442,-13.1408,0.0004999999999988,0.0029000000000003,False,train_target_extreme,继承 v1.3：目标极限事件，保留为训练候选,继承 v1.3：目标极限事件，保留为训练候选,True,False,False,False,,train_target_extreme,继承 v1.4：目标极限事件，保留为当前主训练候选,继承 v1.4：目标极限事件，保留为当前主训练候选,True,False,False,False,,train_noncurve_target_extreme,非弯道主训练候选：继承 v1.5，作为当前主训练集,非弯道主训练候选：继承 v1.5，作为当前主训练集,True,False,False,False,320.22,320.37,车辆响应,False,0.1499999999999772,False,318.37,320.37,320.37,326.37,,ok,curve2|middle_section,curve2|section5,middle_section,section5,curve2,2,True,curve2,curve2,-0.0004332317171174,993.5367661923297,5233.76,-5372.69,1005.850233693564,989.706520466554,1007.7434147990544,low_but_context_usable,6.21548e-11,1.04356e-09,1.01895,1.68614,False,model_anchor:curve2:993.5:0.00000;episode_start:curve2:989.7:0.00000;driver_action:middle_section:1006.5:-0.00000;condition_peak:middle_section:1006.7:0.00000;episode_end:middle_section:1002.8:-0.00000;episode_q25:middle_section:1007.7:0.00000;episode_q50:middle_section:1006.4:0.00000;episode_q75:middle_section:1005.3:0.00000,train_curve_coord_valid_normal_or_weak,道路坐标确认在弯道，车辆动态较弱或更像正常过弯，作为弯道普通/弱侧倾训练候选,道路坐标确认在弯道，车辆动态较弱或更像正常过弯，作为弯道普通/弱侧倾训练候选,True,False,False,False,,train_curve_normal_or_weak,弯道普通/弱侧倾训练候选,道路坐标确认在弯道，车辆动态较弱或更像正常过弯；保留为弯道普通/弱侧倾训练候选。,True,False,False,False,0,高度微动正常,True,True,False,
rec_v1_cwh_2025_09_26_19_56_16_0001,cwh,2025_09_26_19_56_16,F:\data_set_process\data_process\01_datasets\数据预处理\原始车辆数据\cwh\Entity_Recording_2025_09_26_19_56_16_vehicle.csv,1,80.145,88.421,8.27600000000001,81.94,81.375,81.261,81.94,85.78,驾驶员先动,-0.1140000000000043,极强,5,4.0,4.0,2.3298414924147868,方向盘快速操作,正常,True,False,True,True,0.8,133.72278787878787,3.6855698484848487,0.131083803030303,0.1456641969696969,0.053767656060606,1.4551681666666667,4.8799787878780965,0.0,4.60918181818181,3.4344080303030307,78.145,90.421,curve1|middle_section,弯道路段|连续超车负荷事件段,85.375,1.0919999999999987,core_extreme,核心极限样本,车辆动态强且驾驶员转向明显,多输出轨迹预测,,,False,False,保留为主训练候选,用户已初步复核，核心/保守弱操作/次级样本整体可保留,True,False,False,True,0.003721,0.3310749999983109,0.00274751,0.0113369,3.49588,4.612000000000023,0.0,0.0962655,3.69345,0.131635,False,False,False,False,False,False,False,train_target_extreme,核心/次级目标极限事件，未触发超长或路外恢复风险，保留为训练候选,核心/次级目标极限事件，未触发超长或路外恢复风险，保留为训练候选,True,False,False,False,,True,0.002814388313324,0.3308784178597197,0.7563526775931368,0.5590456055572335,1.74786,6,0.6550000000000011,4.612000000000023,0.03,0.0023728414856083,False,False,True,False,False,train_target_extreme,目标极限事件，未触发 v1.3 路边/超长风险，保留为训练候选,目标极限事件，未触发 v1.3 路边/超长风险，保留为训练候选,True,False,False,False,,-0.144062,-0.144749,-0.141028,0.0006869999999999,0.003034,False,train_target_extreme,继承 v1.3：目标极限事件，保留为训练候选,继承 v1.3：目标极限事件，保留为训练候选,True,False,False,False,,train_target_extreme,继承 v1.4：目标极限事件，保留为当前主训练候选,继承 v1.4：目标极限事件，保留为当前主训练候选,True,False,False,False,,discard_curve_height_or_z_abnormal,弯道高度异常：高度明显变高、突变、非平滑，或不像正常下坡弯道,弯道高度异常：高度明显变高、突变、非平滑，或不像正常下坡弯道,False,False,False,True,80.145,81.261,驾驶员动作,False,1.1159999999999997,False,79.261,81.261,81.261,87.261,,ok,middle_section|curve1,section2|curve1,middle_section,section2,curve1,2,True,middle_section,section2,0.0,3.4626606001392064,2610.86,3.44562,4.307374596823989,3.0050453962753294,5.8103924098602375,high,0.0,1.74528e-09,0.950609,1.69985,False,model_anchor:middle_section:3.5:0.00000;episode_start:middle_section:3.0:0.00000;vehicle_response:middle_section:3.6:-0.00000;condition_peak:middle_section:4.2:-0.00000;episode_end:curve1:5.4:-0.00000;episode_q25:middle_section:4.4:0.00000;episode_q50:middle_section:4.4:0.00000;episode_q75:curve1:5.8:0.00000,train_curve_coord_valid_normal_or_weak,道路坐标确认在弯道，车辆动态较弱或更像正常过弯，作为弯道普通/弱侧倾训练候选,道路坐标确认在弯道，车辆动态较弱或更像正常过弯，作为弯道普通/弱侧倾训练候选,True,False,False,False,,train_curve_normal_or_weak,弯道普通/弱侧倾训练候选,道路坐标确认在弯道，车辆动态较弱或更像正常过弯；保留为弯道普通/弱侧倾训练候选。,True,False,False,False,0,高度微动正常,True,True,False,
rec_v1_cwh_2025_09_26_19_56_16_0008,cwh,2025_09_26_19_56_16,F:\data_set_process\data_process\01_datasets\数据预处理\原始车辆数据\cwh\Entity_Recording_2025_09_26_19_56_16_vehicle.csv,8,287.105,297.841,10.73599999999999,289.586,287.406,288.225,289.586,293.206,车辆先变化,0.8190000000000168,极强,5,4.0,4.0,3.9351775758535736,方向盘快速操作,正常,True,False,True,True,0.8,126.26590151515153,4.539096060606061,0.1760018636363636,0.2534221363636364,0.0622135454545454,2.118410696969697,8.242441882514182,0.0,10.13539393939395,3.4022616666666665,285.105,299.841,curve2,弯道路段,293.505,1.0319999999999825,core_extreme,核心极限样本,车辆动态强且驾驶员转向明显,多输出轨迹预测,,,False,False,保留为主训练候选,用户已初步复核，核心/保守弱操作/次级样本整体可保留,True,False,False,True,0.0043000000000006,0.0425000000032014,0.0019256599999999,0.0172244,3.4936100000000003,10.134999999999993,0.0,0.1238273,4.54689,0.176915,False,False,False,False,False,False,False,train_target_extreme,核心/次级目标极限事件，未触发超长或路外恢复风险，保留为训练候选,核心/次级目标极限事件，未触发超长或路外恢复风险，保留为训练候选,True,False,False,False,,True,0.0043670783379941,0.0425281841789307,1.0155996134868586,0.920838183934808,1.7468050000000002,8,0.034000000000006,10.134999999999993,0.03,0.0018888089247156,False,False,True,False,False,train_target_extreme,目标极限事件，未触发 v1.3 路边/超长风险，保留为训练候选,目标极限事件，未触发 v1.3 路边/超长风险，保留为训练候选,True,False,False,False,,-13.1424,-13.144,-13.1397,0.0015999999999998,0.0027000000000008,False,train_target_extreme,继承 v1.3：目标极限事件，保留为训练候选,继承 v1.3：目标极限事件，保留为训练候选,True,False,False,False,,train_target_extreme,继承 v1.4：目标极限事件，保留为当前主训练候选,继承 v1.4：目标极限事件，保留为当前主训练候选,True,False,False,False,,train_curve_unclear_or_weak,弯道训练候选：高度只存在小波动，侧倾较弱或普通，先纳入候选,弯道训练候选：高度只存在小波动，侧倾较弱或普通，先纳入候选,True,False,False,False,287.105,287.406,车辆响应,False,0.3009999999999877,False,285.406,287.406,287.406,293.406,,ok,curve2,curve2,curve2,curve2,curve2,8,True,curve2,curve2,0.0,482.254937562456,4715.18,-4772.89,533.4436625353053,475.5445859524352,718.9419949942633,low_but_context_usable,0.0,9.19255e-10,0.805491,1.62092,False,model_anchor:curve2:482.3:0.00000;episode_start:curve2:475.5:0.00000;driver_action:curve2:500.5:-0.00000;condition_peak:curve2:531.0:-0.00000;episode_end:curve2:718.9:-0.00000;episode_q25:curve2:535.9:0.00000;episode_q50:curve2:594.5:-0.00000;episode_q75:curve2:658.6:0.00000,train_curve_coord_valid_normal_or_weak,道路坐标确认在弯道，车辆动态较弱或更像正常过弯，作为弯道普通/弱侧倾训练候选,道路坐标确认在弯道，车辆动态较弱或更像正常过弯，作为弯道普通/弱侧倾训练候选,True,False,False,False,,train_curve_normal_or_weak,弯道普通/弱侧倾训练候选,道路坐标确认在弯道，车辆动态较弱或更像正常过弯；保留为弯道普通/弱侧倾训练候选。,True,False,False,False,0,高度微动正常,True,True,False,
rec_v1_cwh_2025_09_26_19_56_16_0009,cwh,2025_09_26_19_56_16,F:\data_set_process\data_process\01_datasets\数据预处理\原始车辆数据\cwh\Entity_Recording_2025_09_26_19_56_16_vehicle.csv,9,309.076,313.48,4.403999999999996,309.916,309.305,309.74,309.916,310.095,车辆先变化,0.4350000000000023,极强,5,4.0,4.0,4.0,方向盘快速操作,正常,True,False,True,True,0.8,145.0390909090909,4.984757727272728,0.2271679848484848,0.3123089090909091,0.0720322636363636,1.7073284696969695,10.055923243876013,0.0,2.161803030303048,3.352722121212121,307.076,315.48,middle_section,连续超车负荷事件段,310.49,-0.7880000000000109,core_extreme,核心极限样本,车辆动态强且驾驶员转向明显,多输出轨迹预测,,,False,False,保留为主训练候选,用户已初步复核，核心/保守弱操作/次级样本整体可保留,True,False,False,True,0.0056000000000011,0.0425000000032014,0.0024475899999999,0.00874561,3.49077,2.164999999999992,0.0,0.1122152,4.99132,0.228876,False,False,False,False,False,False,False,train_target_extreme,核心/次级目标极限事件，未触发超长或路外恢复风险，保留为训练候选,核心/次级目标极限事件，未触发超长或路外恢复风险，保留为训练候选,True,False,False,False,,True,0.0057812789418711,0.0428662200876237,1.0323712396196532,0.9136854060193071,1.74519,4,0.024499999999989,2.164999999999992,0.03,0.0020850221939771,False,False,True,False,False,train_target_extreme,目标极限事件，未触发 v1.3 路边/超长风险，保留为训练候选,目标极限事件，未触发 v1.3 路边/超长风险，保留为训练候选,True,False,False,False,,-13.1432,-13.1447,-13.1391,0.0015,0.0041000000000011,False,train_target_extreme,继承 v1.3：目标极限事件，保留为训练候选,继承 v1.3：目标极限事件，保留为训练候选,True,False,False,False,,train_target_extreme,继承 v1.4：目标极限事件，保留为当前主训练候选,继承 v1.4：目标极限事件，保留为当前主训练候选,True,False,False,False,,train_noncurve_target_extreme,非弯道主训练候选：继承 v1.5，作为当前主训练集,非弯道主训练候选：继承 v1.5，作为当前主训练集,True,False,False,False,309.076,309.305,车辆响应,False,0.228999999999985,False,307.305,309.305,309.305,315.305,,ok,curve2|middle_section,curve2|section5,middle_section,section5,curve2,2,True,curve2,curve2,-0.0004750565044582,1001.6646302913956,5241.91,-5381.92,1002.7406168289168,994.1511758489414,1007.3956181353165,low_but_context_usable,0.0,7.94946e-10,1.14598,1.64627,False,model_anchor:curve2:1001.7:0.00000;episode_start:curve2:995.6:0.00000;driver_action:middle_section:1007.4:-0.00000;condition_peak:middle_section:1007.0:-0.00000;episode_end:middle_section:994.2:-0.00000;episode_q25:middle_section:1006.7:-0.00000;episode_q50:middle_section:1003.8:0.00000;episode_q75:middle_section:998.1:0.00000,train_curve_coord_valid_normal_or_weak,道路坐标确认在弯道，车辆动态较弱或更像正常过弯，作为弯道普通/弱侧倾训练候选,道路坐标确认在弯道，车辆动态较弱或更像正常过弯，作为弯道普通/弱侧倾训练候选,True,False,False,False,,train_curve_normal_or_weak,弯道普通/弱侧倾训练候选,道路坐标确认在弯道，车辆动态较弱或更像正常过弯；保留为弯道普通/弱侧倾训练候选。,True,False,False,False,0,高度微动正常,True,True,False,
rec_v1_cwh_2025_09_26_20_06_19_0002,cwh,2025_09_26_20_06_19,F:\data_set_process\data_process\01_datasets\数据预处理\原始车辆数据\cwh\Entity_Recording_2025_09_26_20_06_19_vehicle.csv,2,84.48,92.825,8.344999999999999,85.62,85.615,88.99,85.62,89.105,车辆先变化,3.375,极强,2,4.0,4.0,1.4280562283732836,方向盘快速操作,正常,True,False,True,True,0.8,144.83070588235293,2.8375235294117647,0.0909741352941176,0.1569123529411764,0.0409184352941176,1.0775913529411765,2.856112456746567,0.0,7.434323529411785,3.442723529411765,82.48,94.825,curve1,弯道路段,89.305,0.6525000000000034,core_extreme,核心极限样本,车辆动态强且驾驶员转向明显,多输出轨迹预测,,,False,False,保留为主训练候选,用户已初步复核，核心/保守弱操作/次级样本整体可保留,True,False,False,True,0.0018159999999999,0.007000000000005,0.00050114,0.00254482,3.49491,7.438500000000005,0.0,0.0781726,2.83789,0.0910631,False,False,False,False,False,False,False,train_target_extreme,核心/次级目标极限事件，未触发超长或路外恢复风险，保留为训练候选,核心/次级目标极限事件，未触发超长或路外恢复风险，保留为训练候选,True,False,False,False,,True,0.0018259253907856,0.0073678835869893,1.0054655235604408,0.5495657382449836,1.74659,8,0.018999999999977,7.438500000000005,0.03,0.0004826362788415,False,False,True,False,False,train_target_extreme,目标极限事件，未触发 v1.3 路边/超长风险，保留为训练候选,目标极限事件，未触发 v1.3 路边/超长风险，保留为训练候选,True,False,False,False,,-0.1433015,-0.14414,-0.142324,0.0008384999999999,0.0009775,False,train_target_extreme,继承 v1.3：目标极限事件，保留为训练候选,继承 v1.3：目标极限事件，保留为训练候选,True,False,False,False,,train_target_extreme,继承 v1.4：目标极限事件，保留为当前主训练候选,继承 v1.4：目标极限事件，保留为当前主训练候选,True,False,False,False,,discard_curve_height_or_z_abnormal,弯道高度异常：高度明显变高、突变、非平滑，或不像正常下坡弯道,弯道高度异常：高度明显变高、突变、非平滑，或不像正常下坡弯道,False,False,False,True,84.48,85.615,车辆响应,False,1.134999999999991,False,83.615,85.615,85.615,91.615,,ok,middle_section|curve1,section2|curve1,middle_section,section2,curve1,2,True,middle_section,section2,-1.3877787807779748e-17,4.204004769291818,2624.84,4.19157,4.078604991386696,2.8599426905088365,5.633835282779126,high,5.06244e-10,8.72639e-10,1.69652,1.69652,False,model_anchor:middle_section:4.2:0.00000;episode_start:middle_section:3.6:0.00000;driver_action:middle_section:4.1:0.00000;episode_end:curve1:2.9:0.00000;episode_q25:middle_section:5.2:-0.00000;episode_q50:middle_section:3.7:-0.00000;episode_q75:curve1:5.6:0.00000,train_curve_coord_valid_normal_or_weak,道路坐标确认在弯道，车辆动态较弱或更像正常过弯，作为弯道普通/弱侧倾训练候选,道路坐标确认在弯道，车辆动态较弱或更像正常过弯，作为弯道普通/弱侧倾训练候选,True,False,False,False,,train_curve_normal_or_weak,弯道普通/弱侧倾训练候选,道路坐标确认在弯道，车辆动态较弱或更像正常过弯；保留为弯道普通/弱侧倾训练候选。,True,False,False,False,0,高度微动正常,True,True,False,
rec_v1_cwh_2025_09_26_20_06_19_0009,cwh,2025_09_26_20_06_19,F:\data_set_process\data_process\01_datasets\数据预处理\原始车辆数据\cwh\Entity_Recording_2025_09_26_20_06_19_vehicle.csv,9,275.05,284.18,9.129999999999995,277.405,276.235,280.56,277.405,280.765,车辆先变化,4.324999999999989,极强,5,4.0,4.0,1.5240973702395109,方向盘快速操作,正常,True,False,True,True,0.8,134.61147058823528,3.8121035294117647,0.1484228529411764,0.2078727352941176,0.0557322235294117,1.4024388823529412,3.0481947404790217,0.0,10.359941176470612,3.4591211764705885,273.05,286.18,,,273.0,-6.615000000000009,core_extreme,核心极限样本,车辆动态强且驾驶员转向明显,多输出轨迹预测,,,False,False,保留为主训练候选,用户已初步复核，核心/保守弱操作/次级样本整体可保留,True,False,False,True,0.0031999999999996,0.0200000000002091,0.0006641499999999,0.00330322,3.49893,10.367500000000009,0.0,0.0956764,3.81378,0.14862,False,False,False,False,False,False,False,train_target_extreme,核心/次级目标极限事件，未触发超长或路外恢复风险，保留为训练候选,核心/次级目标极限事件，未触发超长或路外恢复风险，保留为训练候选,True,False,False,False,,True,0.0031996267923606,0.019999089737706,0.9998833726128228,0.9567478784560636,1.74748,8,0.0320000000000106,10.367500000000009,0.03,0.0004617426161646,False,False,True,False,False,train_target_extreme,目标极限事件，未触发 v1.3 路边/超长风险，保留为训练候选,目标极限事件，未触发 v1.3 路边/超长风险，保留为训练候选,True,False,False,False,,-13.1426,-13.1439,-13.1407,0.0013000000000005,0.0018999999999991,False,train_target_extreme,继承 v1.3：目标极限事件，保留为训练候选,继承 v1.3：目标极限事件，保留为训练候选,True,False,False,False,,train_target_extreme,继承 v1.4：目标极限事件，保留为当前主训练候选,继承 v1.4：目标极限事件，保留为当前主训练候选,True,False,False,False,,train_noncurve_target_extreme,非弯道主训练候选：继承 v1.5，作为当前主训练集,非弯道主训练候选：继承 v1.5，作为当前主训练集,True,False,False,False,275.05,276.235,车辆响应,False,1.1850000000000025,False,274.235,276.235,276.235,282.235,,ok,curve2,curve2,curve2,curve2,curve2,8,True,curve2,curve2,-2.219699877558507e-13,490.6661626500514,4723.71,-4782.86,545.0581512233628,462.4677606151935,682.770170554473,low_but_context_usable,4.13012e-10,8.88178e-10,0.744322,1.71829,False,model_anchor:curve2:490.7:0.00000;episode_start:curve2:462.5:-0.00000;driver_action:curve2:594.4:0.00000;condition_peak:curve2:518.9:-0.00000;episode_end:curve2:682.8:0.00000;episode_q25:curve2:517.2:0.00000;episode_q50:curve2:571.2:0.00000;episode_q75:curve2:628.3:-0.00000,train_curve_coord_valid_normal_or_weak,道路坐标确认在弯道，车辆动态较弱或更像正常过弯，作为弯道普通/弱侧倾训练候选,道路坐标确认在弯道，车辆动态较弱或更像正常过弯，作为弯道普通/弱侧倾训练候选,True,False,False,False,,train_curve_normal_or_weak,弯道普通/弱侧倾训练候选,道路坐标确认在弯道，车辆动态较弱或更像正常过弯；保留为弯道普通/弱侧倾训练候选。,True,False,False,False,0,高度微动正常,True,True,False,
rec_v1_cwh_2025_09_26_20_06_19_0010,cwh,2025_09_26_20_06_19,F:\data_set_process\data_process\01_datasets\数据预处理\原始车辆数据\cwh\Entity_Recording_2025_09_26_20_06_19_vehicle.csv,10,295.805,299.485,3.680000000000007,296.23,296.04,296.63,296.23,296.785,车辆先变化,0.589999999999975,极强,5,4.0,4.0,1.701196167817316,方向盘快速操作,正常,True,False,True,True,0.8,152.28976470588233,3.939470882352941,0.1516739999999999,0.2234473529411764,0.0576563705882352,1.2893772352941175,3.402392335634632,0.0,2.643794117647076,3.449128235294117,293.805,301.485,middle_section,连续超车负荷事件段,296.7,-0.9449999999999932,core_extreme,核心极限样本,车辆动态强且驾驶员转向明显,多输出轨迹预测,,,False,False,保留为主训练候选,用户已初步复核，核心/保守弱操作/次级样本整体可保留,True,False,False,True,0.0032999999999994,0.0150000000001,0.0004564699999999,0.00197733,3.49373,2.643999999999977,0.0,0.095138,3.94118,0.151936,False,False,False,False,False,False,False,train_target_extreme,核心/次级目标极限事件，未触发超长或路外恢复风险，保留为训练候选,核心/次级目标极限事件，未触发超长或路外恢复风险，保留为训练候选,True,False,False,False,,True,0.003333809235027,0.0200598393540656,1.0102452227356438,0.9389002036659878,1.746865,2,0.0200000000000102,2.643999999999977,0.03,0.0004598892678742,False,False,True,False,False,train_target_extreme,目标极限事件，未触发 v1.3 路边/超长风险，保留为训练候选,目标极限事件，未触发 v1.3 路边/超长风险，保留为训练候选,True,False,False,False,,-13.1437,-13.1447,-13.1414,0.0009999999999994,0.0022999999999999,False,train_target_extreme,继承 v1.3：目标极限事件，保留为训练候选,继承 v1.3：目标极限事件，保留为训练候选,True,False,False,False,,train_target_extreme,继承 v1.4：目标极限事件，保留为当前主训练候选,继承 v1.4：目标极限事件，保留为当前主训练候选,True,False,False,False,,train_noncurve_target_extreme,非弯道主训练候选：继承 v1.5，作为当前主训练集,非弯道主训练候选：继承 v1.5，作为当前主训练集,True,False,False,False,295.805,296.04,车辆响应,False,0.2350000000000136,False,294.04,296.04,296.04,302.04,,ok,curve2|middle_section,curve2|section5,middle_section,section5,curve2,3,True,curve2,curve2,-0.0004193161435139,992.4949099418124,5232.71,-5370.67,1000.9370524847492,985.965518762743,1008.9035775586468,low_but_context_usable,2.17542e-10,1.58989e-09,1.54309,1.70837,False,model_anchor:curve2:992.5:0.00000;episode_start:curve2:986.0:-0.00000;driver_action:middle_section:1008.9:0.00000;condition_peak:curve2:997.8:0.00000;episode_end:middle_section:998.8:-0.00000;episode_q25:middle_section:1008.8:-0.00000;episode_q50:middle_section:1007.0:0.00000;episode_q75:middle_section:1003.0:-0.00000,train_curve_coord_valid_normal_or_weak,道路坐标确认在弯道，车辆动态较弱或更像正常过弯，作为弯道普通/弱侧倾训练候选,道路坐标确认在弯道，车辆动态较弱或更像正常过弯，作为弯道普通/弱侧倾训练候选,True,False,False,False,,train_curve_normal_or_weak,弯道普通/弱侧倾训练候选,道路坐标确认在弯道，车辆动态较弱或更像正常过弯；保留为弯道普通/弱侧倾训练候选。,True,False,False,False,0,高度微动正常,True,True,False,
rec_v1_gf_2025_09_26_10_18_49_0007,gf,2025_09_26_10_18_49,F:\data_set_process\data_process\01_datasets\数据预处理\原始车辆数据\gf\Entity_Recording_2025_09_26_10_18_49_vehicle.csv,7,340.665,348.078,7.412999999999954,344.675,342.825,340.748,344.675,344.908,驾驶员先动,-2.076999999999998,极强,5,4.0,4.0,1.9823512121212123,方向盘快速操作,正常,True,False,True,True,0.0,92.64500833333334,4.086274242424243,0.1893056212121212,0.1618007272727272,0.0568283454545454,1.702277787878788,3.8950962503791975,0.2282351212121212,47.34584696969698,3.366577727272728,338.665,350.078,middle_section,连续超车负荷事件段,345.23,0.8585000000000491,core_extreme,核心极限样本,车辆动态强且驾驶员转向明显,多输出轨迹预测,,,False,False,保留为主训练候选,用户已初步复核，核心/保守弱操作/次级样本整体可保留,True,False,False,True,0.0091999999999998,0.0433333333344307,0.0257101299999999,0.0604195,3.49475,47.35749999999999,0.228326,0.0977015,4.09389,0.189654,False,False,False,False,False,False,False,train_target_extreme,核心/次级目标极限事件，未触发超长或路外恢复风险，保留为训练候选,核心/次级目标极限事件，未触发超长或路外恢复风险，保留为训练候选,True,False,False,False,,True,0.0090416021345731,0.0443265232949412,0.982782840714496,0.9197301854974704,1.746355,4,47.35749999999999,47.35749999999999,0.198326,0.0290095549429774,False,False,True,True,True,defer_roadedge_or_offroad,车速/制动/横向偏移/高度残差组合提示可能是路边恢复或上下马路，暂不进入主训练,车速/制动/横向偏移/高度残差组合提示可能是路边恢复或上下马路，暂不进入主训练,False,True,False,False,,-13.147,-13.1493,-13.1401,0.0022999999999999,0.0068999999999999,False,discard_roadedge_without_large_zdrop,用户复核后抛弃：属于疑似上下马路/路边恢复，但没有明显大幅向下 z_drop，不进入当前训练候选,用户复核后抛弃：属于疑似上下马路/路边恢复，但没有明显大幅向下 z_drop，不进入当前训练候选,False,False,False,True,,discard_prior_review,继承 v1.4：此前已舍弃或不适合作为当前主训练候选,继承 v1.4：此前已舍弃或不适合作为当前主训练候选,False,False,False,True,,discard_noncurve_prior_review,非弯道已舍弃或不适合作为当前候选：继承 v1.5,非弯道已舍弃或不适合作为当前候选：继承 v1.5,False,False,False,True,340.665,340.748,驾驶员动作,False,0.0829999999999699,False,338.748,340.748,340.748,346.748,,ok,curve2|middle_section,curve2|section5,middle_section,section5,curve2,2,True,curve2,curve2,-0.0003014084852718,969.3959431470992,5209.43,-5347.19,1000.6104074505148,967.530158610076,1005.7112635199812,low_but_context_usable,-9.32322e-11,5.06244e-10,0.0583166,1.6373,False,model_anchor:curve2:969.4:-0.00000;episode_start:curve2:967.5:0.00000;vehicle_response:middle_section:1005.2:-0.00000;condition_peak:middle_section:1002.6:0.00000;episode_end:middle_section:994.6:0.00000;episode_q25:middle_section:1005.7:-0.00000;episode_q50:middle_section:1002.7:-0.00000;episode_q75:middle_section:998.6:0.00000,train_curve_coord_valid_normal_or_weak,道路坐标确认在弯道，车辆动态较弱或更像正常过弯，作为弯道普通/弱侧倾训练候选,道路坐标确认在弯道，车辆动态较弱或更像正常过弯，作为弯道普通/弱侧倾训练候选,True,False,False,False,,train_curve_normal_or_weak,弯道普通/弱侧倾训练候选,道路坐标确认在弯道，车辆动态较弱或更像正常过弯；保留为弯道普通/弱侧倾训练候选。,True,False,False,False,0,高度微动正常,True,True,False,
rec_v1_gf_2025_09_26_10_30_12_0003,gf,2025_09_26_10_30_12,F:\data_set_process\data_process\01_datasets\数据预处理\原始车辆数据\gf\Entity_Recording_2025_09_26_10_30_12_vehicle.csv,3,131.805,134.79,2.984999999999985,132.93,132.785,,132.93,133.15,缺少一方起点,,极强,2,4.0,4.0,0.6033161937712749,无明显操作,正常,True,False,True,True,0.0,129.5965,1.5619679411764706,0.0548164911764705,0.0584391794117647,0.0211729147058823,0.5510105882352941,1.2066323875425498,0.0,3.2696764705882373,3.4200067647058825,129.805,136.79,curve1,弯道路段,133.903,0.605499999999978,conservative_extreme,保守/弱操作极限样本,车辆动态强但驾驶员转向不强,车辆状态预测+驾驶员类型分类,,,False,False,保留为主训练候选,用户已初步复核，核心/保守弱操作/次级样本整体可保留,True,False,False,True,0.0012809999999999,0.0058500000000076,0.0037006599999999,0.0146695,3.49013,3.2750000000000057,0.0,0.0416121,1.56352,0.0548507,False,False,False,False,False,False,False,train_conservative_extreme,保守/弱操作极限样本，未触发超长或路外恢复风险，保留为训练候选,保守/弱操作极限样本，未触发超长或路外恢复风险，保留为训练候选,True,False,False,False,,True,0.0008681097701842,0.0043723238612859,0.6776813194256579,0.5807531380753138,1.745065,2,3.2750000000000057,3.2750000000000057,0.03,0.0027019475965732,False,False,True,False,False,train_conservative_extreme,保守/弱操作极限样本，未触发 v1.3 路边/超长风险，保留为训练候选,保守/弱操作极限样本，未触发 v1.3 路边/超长风险，保留为训练候选,True,False,False,False,,-0.14384775,-0.144833,-0.143552,0.0009852499999999,0.0002957499999999,False,train_conservative_extreme,继承 v1.3：保守/弱操作极限样本，保留为训练候选,继承 v1.3：保守/弱操作极限样本，保留为训练候选,True,False,False,False,,train_conservative_extreme,继承 v1.4：保守/弱操作极限样本，保留为当前主训练候选,继承 v1.4：保守/弱操作极限样本，保留为当前主训练候选,True,False,False,False,,discard_curve_height_or_z_abnormal,弯道高度异常：高度明显变高、突变、非平滑，或不像正常下坡弯道,弯道高度异常：高度明显变高、突变、非平滑，或不像正常下坡弯道,False,False,False,True,131.805,132.785,车辆响应,False,0.9799999999999898,False,130.785,132.785,132.785,138.785,,ok,curve1,curve1,curve1,curve1,curve1,7,True,curve1,curve1,0.0053284351818062,12.435827570816995,3939.34,3.92781,14.58729516675899,0.8459867688926692,46.20003117988009,high,5.60218e-08,5.64319e-08,1.43091,1.68379,False,model_anchor:curve1:12.4:0.00000;episode_start:curve1:0.8:0.00000;condition_peak:curve1:14.6:-0.00000;episode_end:curve1:46.2:0.00000;episode_q25:curve1:9.2:0.00000;episode_q50:curve1:20.5:0.00000;episode_q75:curve1:34.4:0.00000,train_curve_coord_valid_normal_or_weak,道路坐标确认在弯道，车辆动态较弱或更像正常过弯，作为弯道普通/弱侧倾训练候选,道路坐标确认在弯道，车辆动态较弱或更像正常过弯，作为弯道普通/弱侧倾训练候选,True,False,False,False,,train_curve_normal_or_weak,弯道普通/弱侧倾训练候选,道路坐标确认在弯道，车辆动态较弱或更像正常过弯；保留为弯道普通/弱侧倾训练候选。,True,False,False,False,0,高度微动正常,True,True,False,
rec_v1_gf_2025_09_26_10_40_59_0009,gf,2025_09_26_10_40_59,F:\data_set_process\data_process\01_datasets\数据预处理\原始车辆数据\gf\Entity_Recording_2025_09_26_10_40_59_vehicle.csv,9,337.66,340.845,3.1850000000000023,339.89,339.41,337.68,339.89,339.07,驾驶员先动,-1.7300000000000182,极强,2,4.0,4.0,2.8018400000000003,制动为主,正常,True,False,True,True,0.0,109.35851470588236,1.4756691176470589,0.063494644117647,0.0703385323529411,0.0205182764705882,0.4649349088235294,1.0594268373683158,0.310184,32.85063823529411,3.4559617647058825,335.66,342.845,,,349.0,9.747499999999944,conservative_extreme,保守/弱操作极限样本,车辆动态强但驾驶员转向不强,车辆状态预测+驾驶员类型分类,,,False,False,保留为主训练候选,用户已初步复核，核心/保守弱操作/次级样本整体可保留,True,False,False,True,0.0091000000000001,0.0350000000000818,0.023554695,0.0702675,3.49456,32.87825000000001,0.310184,0.0402929999999999,1.48093,0.0635263,False,False,False,False,False,False,False,train_conservative_extreme,保守/弱操作极限样本，未触发超长或路外恢复风险，保留为训练候选,保守/弱操作极限样本，未触发超长或路外恢复风险，保留为训练候选,True,False,False,False,,True,0.0081945710785706,0.0307875113622127,0.9005023163264395,0.8823529411764706,1.7472800000000002,2,32.87825000000001,32.87825000000001,0.280184,0.0239126569170533,False,False,True,True,False,train_conservative_extreme,保守/弱操作极限样本，未触发 v1.3 路边/超长风险，保留为训练候选,保守/弱操作极限样本，未触发 v1.3 路边/超长风险，保留为训练候选,True,False,False,False,,-13.147975,-13.1521,-13.143,0.0041250000000019,0.0049749999999981,False,train_conservative_extreme,继承 v1.3：保守/弱操作极限样本，保留为训练候选,继承 v1.3：保守/弱操作极限样本，保留为训练候选,True,False,False,False,,train_conservative_extreme,继承 v1.4：保守/弱操作极限样本，保留为当前主训练候选,继承 v1.4：保守/弱操作极限样本，保留为当前主训练候选,True,False,False,False,,train_noncurve_target_extreme,非弯道主训练候选：继承 v1.5，作为当前主训练集,非弯道主训练候选：继承 v1.5，作为当前主训练集,True,False,False,False,337.66,337.68,驾驶员动作,False,0.0199999999999818,False,335.68,337.68,337.68,343.68,,ok,curve2,curve2,curve2,curve2,curve2,8,True,curve2,curve2,2.693864511092012e-15,806.5304933764171,5043.95,-5150.28,840.8760087660634,806.0670904844292,866.9722395920006,low_but_context_usable,1.77636e-09,2.41591e-09,0.100192,1.71412,False,model_anchor:curve2:806.5:0.00000;episode_start:curve2:806.1:-0.00000;vehicle_response:curve2:842.3:0.00000;condition_peak:curve2:850.8:0.00000;episode_end:curve2:867.0:0.00000;episode_q25:curve2:823.7:0.00000;episode_q50:curve2:839.5:0.00000;episode_q75:curve2:853.6:0.00000,train_curve_coord_valid_normal_or_weak,道路坐标确认在弯道，车辆动态较弱或更像正常过弯，作为弯道普通/弱侧倾训练候选,道路坐标确认在弯道，车辆动态较弱或更像正常过弯，作为弯道普通/弱侧倾训练候选,True,False,False,False,,train_curve_normal_or_weak,弯道普通/弱侧倾训练候选,道路坐标确认在弯道，车辆动态较弱或更像正常过弯；保留为弯道普通/弱侧倾训练候选。,True,False,False,False,0,高度微动正常,True,True,False,
rec_v1_gf_2025_09_26_10_52_57_0009,gf,2025_09_26_10_52_57,F:\data_set_process\data_process\01_datasets\数据预处理\原始车辆数据\gf\Entity_Recording_2025_09_26_10_52_57_vehicle.csv,9,349.45,355.934,6.484000000000037,350.75,349.689,350.304,350.75,354.53,车辆先变化,0.6149999999999523,极强,3,4.0,4.0,1.96795,方向盘快速操作,正常,True,False,True,True,0.0,115.79988095238096,2.361007142857143,0.0848638428571428,0.1110068809523809,0.0328445666666666,0.709970738095238,3.641209954641015,0.2267949999999999,31.960942857142868,3.408076904761905,347.45,357.934,,,359.4,6.70799999999997,core_extreme,核心极限样本,车辆动态强且驾驶员转向明显,多输出轨迹预测,,,False,False,保留为主训练候选,用户已初步复核，核心/保守弱操作/次级样本整体可保留,True,False,False,True,0.0057999999999989,0.0850000000027648,0.01695949,0.0687816,3.49226,31.967700000000008,0.226795,0.0587436,2.36889,0.0849629,False,False,False,False,False,False,False,train_target_extreme,核心/次级目标极限事件，未触发超长或路外恢复风险，保留为训练候选,核心/次级目标极限事件，未触发超长或路外恢复风险，保留为训练候选,True,False,False,False,,True,0.006213232362219,0.0842533396930383,1.071246959003487,0.9325106054762824,1.74613,2,31.967700000000008,31.967700000000008,0.196795,0.0130143440891197,False,False,True,True,False,train_target_extreme,目标极限事件，未触发 v1.3 路边/超长风险，保留为训练候选,目标极限事件，未触发 v1.3 路边/超长风险，保留为训练候选,True,False,False,False,,-13.1443,-13.1495,-13.1437,0.0052000000000003,0.0005999999999986,False,train_target_extreme,继承 v1.3：目标极限事件，保留为训练候选,继承 v1.3：目标极限事件，保留为训练候选,True,False,False,False,,train_target_extreme,继承 v1.4：目标极限事件，保留为当前主训练候选,继承 v1.4：目标极限事件，保留为当前主训练候选,True,False,False,False,,train_noncurve_target_extreme,非弯道主训练候选：继承 v1.5，作为当前主训练集,非弯道主训练候选：继承 v1.5，作为当前主训练集,True,False,False,False,349.45,349.689,车辆响应,False,0.2390000000000327,False,347.689,349.689,349.689,355.689,,ok,curve2,curve2,curve2,curve2,curve2,8,True,curve2,curve2,2.2735771677803466e-13,828.6487943448099,5066.39,-5177.3,854.3997353127531,823.3239500410546,951.7122337936212,low_but_context_usable,-6.39559e-10,8.88178e-10,-0.589889,1.66797,False,model_anchor:curve2:828.6:-0.00000;episode_start:curve2:823.3:-0.00000;driver_action:curve2:841.9:0.00000;condition_peak:curve2:851.1:-0.00000;episode_end:curve2:951.7:0.00000;episode_q25:curve2:857.7:0.00000;episode_q50:curve2:891.1:0.00000;episode_q75:curve2:923.4:0.00000,train_curve_coord_valid_normal_or_weak,道路坐标确认在弯道，车辆动态较弱或更像正常过弯，作为弯道普通/弱侧倾训练候选,道路坐标确认在弯道，车辆动态较弱或更像正常过弯，作为弯道普通/弱侧倾训练候选,True,False,False,False,,train_curve_normal_or_weak,弯道普通/弱侧倾训练候选,道路坐标确认在弯道，车辆动态较弱或更像正常过弯；保留为弯道普通/弱侧倾训练候选。,True,False,False,False,0,高度微动正常,True,True,False,
rec_v1_gzj_2025_09_27_11_41_47_0003,gzj,2025_09_27_11_41_47,F:\data_set_process\data_process\01_datasets\数据预处理\原始车辆数据\gzj\Entity_Recording_2025_09_27_11_41_47_vehicle.csv,3,90.965,101.595,10.629999999999995,92.19,91.88,91.695,92.19,96.785,驾驶员先动,-0.1850000000000022,极强,5,4.0,4.0,4.0,方向盘快速操作,正常,True,False,True,True,0.8,128.75279411764706,5.965648823529412,0.3778993823529412,0.6710958235294118,0.1217571176470588,3.227588529411765,17.762470830447686,0.0,2.0138823529411667,3.432003529411765,88.965,103.595,curve1|middle_section,弯道路段|连续超车负荷事件段,96.405,0.125,core_extreme,核心极限样本,车辆动态强且驾驶员转向明显,多输出轨迹预测,,,False,False,保留为主训练候选,用户已初步复核，核心/保守弱操作/次级样本整体可保留,True,False,False,True,0.0934385,0.4857999999996014,0.0479522,0.325669,3.49711,2.0149999999999864,0.0,0.2072713,5.96907,0.37879,False,False,False,False,False,False,False,train_target_extreme,核心/次级目标极限事件，未触发超长或路外恢复风险，保留为训练候选,核心/次级目标极限事件，未触发超长或路外恢复风险，保留为训练候选,True,False,False,False,,True,0.0946134036169767,0.4544112408417222,1.0125740847399811,0.5189278156595345,1.746355,12,1.664500000000004,2.0149999999999864,0.03,0.0479970431329778,False,False,True,False,False,train_target_extreme,目标极限事件，未触发 v1.3 路边/超长风险，保留为训练候选,目标极限事件，未触发 v1.3 路边/超长风险，保留为训练候选,True,False,False,False,,-0.1433645,-0.162983,-0.0695445,0.0196184999999999,0.07382,False,train_target_extreme,继承 v1.3：目标极限事件，保留为训练候选,继承 v1.3：目标极限事件，保留为训练候选,True,False,False,False,,train_target_extreme,继承 v1.4：目标极限事件，保留为当前主训练候选,继承 v1.4：目标极限事件，保留为当前主训练候选,True,False,False,False,,discard_curve_height_or_z_abnormal,弯道高度异常：高度明显变高、突变、非平滑，或不像正常下坡弯道,弯道高度异常：高度明显变高、突变、非平滑，或不像正常下坡弯道,False,False,False,True,90.965,91.695,驾驶员动作,False,0.7299999999999898,False,89.695,91.695,91.695,97.695,,ok,middle_section|curve1,section2|curve1,middle_section,section2,curve1,2,True,middle_section,section2,2.775557561561629e-17,5.291124617440785,2603.81,5.283,5.119736683272171,3.3694303557017253,8.725797842710884,high,-6.21546e-11,1.79189e-09,-0.711989,1.69156,False,model_anchor:middle_section:5.3:-0.00000;episode_start:middle_section:5.6:-0.00000;vehicle_response:middle_section:4.9:-0.00000;condition_peak:middle_section:4.3:0.00000;episode_end:curve1:4.9:-0.00000;episode_q25:middle_section:6.0:0.00000;episode_q50:middle_section:3.4:-0.00000;episode_q75:curve1:8.7:0.00000,train_curve_coord_valid_roll_candidate,道路坐标确认在弯道，且车辆侧倾/横滚/横向动态明显，可作为弯道极限或近极限候选,道路坐标确认在弯道，且车辆侧倾/横滚/横向动态明显，可作为弯道极限或近极限候选,True,False,False,False,,train_curve_roll_dynamic,弯道侧倾/动态训练候选,道路坐标确认在弯道，车辆横滚/横摆/横向动态明显，动态信号数=4。,True,False,False,False,4,高度小幅复核,True,True,False,
rec_v1_gzj_2025_09_27_11_41_47_0004,gzj,2025_09_27_11_41_47,F:\data_set_process\data_process\01_datasets\数据预处理\原始车辆数据\gzj\Entity_Recording_2025_09_27_11_41_47_vehicle.csv,4,115.135,120.285,5.149999999999992,116.55,115.335,115.17,116.55,116.03,驾驶员先动,-0.164999999999992,极强,2,4.0,4.0,1.8108996428070296,方向盘快速操作,正常,True,False,True,True,0.8,136.13711764705883,3.839587352941176,0.1612257352941176,0.2036358235294117,0.0561410323529411,1.2209551764705884,4.720328041522912,0.0,4.648382352941155,3.411053529411765,113.135,122.285,,,130.455,12.745000000000005,core_extreme,核心极限样本,车辆动态强且驾驶员转向明显,多输出轨迹预测,,,False,False,保留为主训练候选,用户已初步复核，核心/保守弱操作/次级样本整体可保留,True,False,False,True,0.003375,0.0139499999999905,0.00104763,0.00458918,3.49911,4.650999999999982,0.0,0.0832315,3.84358,0.161538,False,False,False,False,False,False,False,train_target_extreme,核心/次级目标极限事件，未触发超长或路外恢复风险，保留为训练候选,核心/次级目标极限事件，未触发超长或路外恢复风险，保留为训练候选,True,False,False,False,,True,0.0033091154866063,0.0141665622175758,0.9804786626981832,0.5672003881610869,1.74397,4,0.0290000000000247,4.650999999999982,0.03,0.0009520843098056,False,False,True,False,False,train_target_extreme,目标极限事件，未触发 v1.3 路边/超长风险，保留为训练候选,目标极限事件，未触发 v1.3 路边/超长风险，保留为训练候选,True,False,False,False,,-0.14280225,-0.143995,-0.14062,0.00119275,0.0021822499999999,False,train_target_extreme,继承 v1.3：目标极限事件，保留为训练候选,继承 v1.3：目标极限事件，保留为训练候选,True,False,False,False,,train_target_extreme,继承 v1.4：目标极限事件，保留为当前主训练候选,继承 v1.4：目标极限事件，保留为当前主训练候选,True,False,False,False,,train_noncurve_target_extreme,非弯道主训练候选：继承 v1.5，作为当前主训练集,非弯道主训练候选：继承 v1.5，作为当前主训练集,True,False,False,False,115.135,115.17,驾驶员动作,False,0.0349999999999965,False,113.17,115.17,115.17,121.17,,ok,curve1,curve1,curve1,curve1,curve1,8,True,curve1,curve1,2.1316282072803012e-14,6.473555542853843,3452.46,6.46572,5.570147210043652,3.0171478040600603,6.641625518011448,high,0.0,8.69033e-08,0.469151,1.68451,False,model_anchor:curve1:6.5:0.00000;episode_start:curve1:6.5:0.00000;vehicle_response:curve1:6.5:0.00000;condition_peak:curve1:4.3:-0.00000;episode_end:curve1:6.6:0.00000;episode_q25:curve1:4.6:-0.00000;episode_q50:curve1:3.0:-0.00000;episode_q75:curve1:4.7:-0.00000,train_curve_coord_valid_normal_or_weak,道路坐标确认在弯道，车辆动态较弱或更像正常过弯，作为弯道普通/弱侧倾训练候选,道路坐标确认在弯道，车辆动态较弱或更像正常过弯，作为弯道普通/弱侧倾训练候选,True,False,False,False,,train_curve_normal_or_weak,弯道普通/弱侧倾训练候选,道路坐标确认在弯道，车辆动态较弱或更像正常过弯；保留为弯道普通/弱侧倾训练候选。,True,False,False,False,0,高度微动正常,True,True,False,
rec_v1_gzj_2025_09_27_11_41_47_0014,gzj,2025_09_27_11_41_47,F:\data_set_process\data_process\01_datasets\数据预处理\原始车辆数据\gzj\Entity_Recording_2025_09_27_11_41_47_vehicle.csv,14,289.345,308.435,19.08999999999997,289.355,289.35,292.545,289.355,302.145,车辆先变化,3.194999999999993,极强,5,4.0,4.0,3.4091928894786108,方向盘快速操作,可能切在事件中段,True,False,True,True,0.8,115.5088823529412,5.587190882352941,0.3077489705882353,0.4601452058823529,0.0799765558823529,2.8885214705882354,8.886471903115414,0.0,29.19849999999998,3.46885,287.345,310.435,curve2,弯道路段,292.605,-6.284999999999968,core_extreme,核心极限样本,车辆动态强且驾驶员转向明显,多输出轨迹预测,,,False,False,保留为主训练候选,用户已初步复核，核心/保守弱操作/次级样本整体可保留,True,False,False,True,0.0126999999999988,0.0699999999999363,0.006885941,0.0650055,3.49946,29.200500000000005,0.0,0.1511714,5.59595,0.309099,True,False,False,False,False,False,False,review_duration_15_20s,持续时间 15-20 秒，接近或超过常规事件上限，先进入复核而不直接训练,持续时间 19.09 秒，接近或超过常规事件上限，先进入复核而不直接训练,False,True,False,False,F:\data_set_process\data_process\05_rebuild_from_raw_20260511\02_samples\record_level_episode_reconstruction_v1_2_cleaned\figures\review_panels_v1_2\03_15到20秒_需要复核\0345_rec_v1_gzj_2025_09_27_11_41_47_0014.png,True,0.0127233680591238,0.065056995266192,1.0018400046555187,0.8915804635328008,1.748395,22,0.0194999999999936,29.200500000000005,0.03,0.00729895704794,False,False,True,True,False,review_duration_15_20s,持续时间 15-20 秒，先进入复核而不直接训练,持续时间 19.09 秒，先进入复核而不直接训练,False,True,False,False,F:\data_set_process\data_process\05_rebuild_from_raw_20260511\02_samples\record_level_episode_reconstruction_v1_3_cleaned\figures\review_panels_v1_3\03_15到20秒_需要复核\0345_rec_v1_gzj_2025_09_27_11_41_47_0014.png,-13.1426,-13.1473,-13.1346,0.0046999999999997,0.0079999999999991,False,defer_prior_review,继承 v1.3：仍需要复核或拆分，暂不进入当前训练候选,继承 v1.3：仍需要复核或拆分，暂不进入当前训练候选,False,True,False,False,,defer_prior_review,继承 v1.4：仍需复核或拆分，不进入当前主训练候选,继承 v1.4：仍需复核或拆分，不进入当前主训练候选,False,True,False,False,,train_curve_unclear_or_weak,弯道训练候选：高度只存在小波动，侧倾较弱或普通，先纳入候选,弯道训练候选：高度只存在小波动，侧倾较弱或普通，先纳入候选,True,False,False,False,289.345,289.35,车辆响应,False,0.0049999999999954,False,287.35,289.35,289.35,295.35,F:\data_set_process\data_process\05_rebuild_from_raw_20260511\02_samples\record_level_episode_reconstruction_v1_8_anchor_curve_revised\figures\review_panels_v1_8\04_弯道_高度小波动普通或弱侧倾_纳入\0345_rec_v1_gzj_2025_09_27_11_41_47_0014.png,ok,curve2,curve2,curve2,curve2,curve2,7,True,curve2,curve2,2.6938645110883373e-15,368.690853477337,4600.01,-4638.03,461.0304562492036,368.690853477337,777.2988018591487,medium,1.47858e-07,1.47858e-07,-1.65864,1.71754,False,model_anchor:curve2:368.7:0.00000;driver_action:curve2:427.4:-0.00000;condition_peak:curve2:368.8:-0.00000;episode_end:curve2:777.3:-0.00000;episode_q25:curve2:461.0:0.00000;episode_q50:curve2:558.0:0.00000;episode_q75:curve2:664.3:-0.00000,train_curve_coord_valid_roll_candidate,道路坐标确认在弯道，且车辆侧倾/横滚/横向动态明显，可作为弯道极限或近极限候选,道路坐标确认在弯道，且车辆侧倾/横滚/横向动态明显，可作为弯道极限或近极限候选,True,False,False,False,,train_curve_normal_or_weak,弯道普通/弱侧倾训练候选,道路坐标确认在弯道，车辆动态较弱或更像正常过弯；保留为弯道普通/弱侧倾训练候选。,True,False,False,False,1,高度微动正常,True,True,False,
rec_v1_gzj_2025_09_27_11_41_47_0015,gzj,2025_09_27_11_41_47,F:\data_set_process\data_process\01_datasets\数据预处理\原始车辆数据\gzj\Entity_Recording_2025_09_27_11_41_47_vehicle.csv,15,313.97,322.89,8.919999999999959,313.98,313.975,314.965,313.98,318.355,车辆先变化,0.9899999999999524,极强,5,4.0,4.0,4.0,方向盘快速操作,可能切在事件中段,True,False,True,True,0.8,138.40585294117648,7.791818529411764,0.5504950882352941,0.8130303529411764,0.1088527352941176,3.3709811764705884,14.36927903115494,0.0,13.161352941176474,3.485022647058824,311.97,324.89,middle_section,连续超车负荷事件段,317.705,-0.7250000000000227,core_extreme,核心极限样本,车辆动态强且驾驶员转向明显,多输出轨迹预测,,,False,False,保留为主训练候选,用户已初步复核，核心/保守弱操作/次级样本整体可保留,True,False,False,True,0.0157000000000007,0.0750000000000454,0.0068533199999999,0.0459083,3.49845,13.167000000000002,0.0,0.1999564,7.80185,0.551527,False,False,False,False,False,False,False,train_target_extreme,核心/次级目标极限事件，未触发超长或路外恢复风险，保留为训练候选,核心/次级目标极限事件，未触发超长或路外恢复风险，保留为训练候选,True,False,False,False,,True,0.0158226748472021,0.0651844734543753,1.0078136845351222,0.7719249089380779,1.749225,8,13.167000000000002,13.167000000000002,0.03,0.0064234845358805,False,False,True,False,False,train_target_extreme,目标极限事件，未触发 v1.3 路边/超长风险，保留为训练候选,目标极限事件，未触发 v1.3 路边/超长风险，保留为训练候选,True,False,False,False,,-13.1441,-13.1485,-13.1328,0.0044000000000004,0.0113000000000003,False,train_target_extreme,继承 v1.3：目标极限事件，保留为训练候选,继承 v1.3：目标极限事件，保留为训练候选,True,False,False,False,,train_target_extreme,继承 v1.4：目标极限事件，保留为当前主训练候选,继承 v1.4：目标极限事件，保留为当前主训练候选,True,False,False,False,,train_noncurve_target_extreme,非弯道主训练候选：继承 v1.5，作为当前主训练集,非弯道主训练候选：继承 v1.5，作为当前主训练集,True,False,False,False,313.97,313.975,车辆响应,False,0.0049999999999954,False,311.975,313.975,313.975,319.975,,ok,curve2|middle_section,curve2|section5,curve2,curve2,curve2,4,True,curve2,curve2,0.0001384829047968,916.0560412024308,5155.06,-5280.47,972.4446536917176,915.9187641154952,1004.83334351946,low_but_context_usable,1.01249e-09,1.01249e-09,-1.73592,1.73592,False,model_anchor:curve2:916.1:0.00000;episode_start:curve2:915.9:-0.00000;driver_action:curve2:940.5:0.00000;episode_end:middle_section:993.3:0.00000;episode_q25:curve2:972.4:0.00000;episode_q50:middle_section:1004.8:0.00000;episode_q75:middle_section:996.7:-0.00000,train_curve_coord_valid_roll_candidate,道路坐标确认在弯道，且车辆侧倾/横滚/横向动态明显，可作为弯道极限或近极限候选,道路坐标确认在弯道，且车辆侧倾/横滚/横向动态明显，可作为弯道极限或近极限候选,True,False,False,False,,train_curve_roll_dynamic,弯道侧倾/动态训练候选,道路坐标确认在弯道，车辆横滚/横摆/横向动态明显，动态信号数=4。,True,False,False,False,4,高度微动正常,True,True,False,F:\data_set_process\data_process\05_rebuild_from_raw_20260511\02_samples\record_level_episode_reconstruction_v2_0_no_history_reaudit\figures\review_panels_v2_0\03_弯道训练候选\0346_rec_v1_gzj_2025_09_27_11_41_47_0015.png
rec_v1_gzj_2025_09_27_11_53_25_0004,gzj,2025_09_27_11_53_25,F:\data_set_process\data_process\01_datasets\数据预处理\原始车辆数据\gzj\Entity_Recording_2025_09_27_11_53_25_vehicle.csv,4,122.58,124.69,2.1099999999999994,122.845,123.54,122.595,123.69,122.845,驾驶员先动,-0.9450000000000074,中,1,1.6162887265680934,2.4000000000000004,3.2,方向盘快速操作,正常,True,False,True,False,0.8,85.23975882352941,2.546281470588235,0.1102416764705882,0.1446884411764706,0.0365990705882352,0.9642633823529412,3.1058755709328487,0.54612,17.860747058823534,1.5027414117647058,120.58,126.69,,,118.3,-5.334999999999994,secondary,次级训练样本,车辆动态中等且驾驶员有操作,方向盘/车辆联合预测,F:\data_set_process\data_process\05_rebuild_from_raw_20260511\02_samples\record_level_episode_reconstruction_v1_0\figures\review_panels\secondary_次级训练样本\rec_v1_gzj_2025_09_27_11_53_25_0004.png,,True,False,保留为主训练候选,用户已初步复核，核心/保守弱操作/次级样本整体可保留,True,False,False,True,0.0187239999999999,0.0656500000000104,0.04275773,0.101668,1.502784,17.891800000000003,0.54612,0.0632896,2.55656,0.110623,False,False,False,False,False,False,False,train_target_extreme,核心/次级目标极限事件，未触发超长或路外恢复风险，保留为训练候选,核心/次级目标极限事件，未触发超长或路外恢复风险，保留为训练候选,True,False,False,False,,True,0.0209703860946009,0.0597960986486101,1.1199736218009535,0.6816568047337278,0.0040845,0,17.891800000000003,17.891800000000003,0.51612,0.04888257804123,False,False,False,True,False,train_target_extreme,目标极限事件，未触发 v1.3 路边/超长风险，保留为训练候选,目标极限事件，未触发 v1.3 路边/超长风险，保留为训练候选,True,False,False,False,,-0.14782075,-0.15889,-0.140166,0.01106925,0.0076547499999999,False,train_target_extreme,继承 v1.3：目标极限事件，保留为训练候选,继承 v1.3：目标极限事件，保留为训练候选,True,False,False,False,,train_target_extreme,继承 v1.4：目标极限事件，保留为当前主训练候选,继承 v1.4：目标极限事件，保留为当前主训练候选,True,False,False,False,,train_noncurve_target_extreme,非弯道主训练候选：继承 v1.5，作为当前主训练集,非弯道主训练候选：继承 v1.5，作为当前主训练集,True,False,False,False,122.58,122.595,驾驶员动作,False,0.0150000000000005,False,120.595,122.595,122.595,128.595,,ok,curve1,curve1,curve1,curve1,curve1,9,True,curve1,curve1,7.105427357601002e-15,6.122626794921597,2888.65,6.10286,5.635094711086218,4.648258235287669,6.142816619372636,high,9.34794e-10,9.34794e-10,0.107043,1.36596,False,model_anchor:curve1:6.1:0.00000;episode_start:curve1:6.1:0.00000;vehicle_response:curve1:5.6:-0.00000;condition_peak:curve1:6.1:0.00000;vehicle_peak:curve1:5.4:-0.00000;episode_end:curve1:4.6:0.00000;episode_q25:curve1:6.1:-0.00000;episode_q50:curve1:5.5:-0.00000;episode_q75:curve1:4.9:0.00000,train_curve_coord_valid_normal_or_weak,道路坐标确认在弯道，车辆动态较弱或更像正常过弯，作为弯道普通/弱侧倾训练候选,道路坐标确认在弯道，车辆动态较弱或更像正常过弯，作为弯道普通/弱侧倾训练候选,True,False,False,False,,train_curve_normal_or_weak,弯道普通/弱侧倾训练候选,道路坐标确认在弯道，车辆动态较弱或更像正常过弯；保留为弯道普通/弱侧倾训练候选。,True,False,False,False,0,高度轻微变化,True,True,False,
rec_v1_gzj_2025_09_27_11_53_25_0005,gzj,2025_09_27_11_53_25,F:\data_set_process\data_process\01_datasets\数据预处理\原始车辆数据\gzj\Entity_Recording_2025_09_27_11_53_25_vehicle.csv,5,141.69,147.255,5.564999999999998,143.365,142.64,142.58,143.365,143.875,驾驶员先动,-0.0599999999999738,极强,2,4.0,4.0,1.1652650904856112,弱操作,正常,True,False,True,True,0.8,130.54657352941177,2.298487647058823,0.0894056647058823,0.1358947647058823,0.0320623823529411,0.8604931470588235,2.526925380622676,0.0,4.361058823529419,3.4743979411764707,139.69,149.255,,,154.45,9.977499999999992,conservative_extreme,保守/弱操作极限样本,车辆动态强但驾驶员转向不强,车辆状态预测+驾驶员类型分类,,,False,False,保留为主训练候选,用户已初步复核，核心/保守弱操作/次级样本整体可保留,True,False,False,True,0.0023739999999999,0.0178500000000134,0.00251744,0.0289691,3.49685,4.36099999999999,0.0,0.0617888,2.29903,0.0895819,False,False,False,False,False,False,False,train_conservative_extreme,保守/弱操作极限样本，未触发超长或路外恢复风险，保留为训练候选,保守/弱操作极限样本，未触发超长或路外恢复风险，保留为训练候选,True,False,False,False,,True,0.0018755974174173,0.0179300673779716,0.7900578843376007,0.5832959137853615,1.748425,4,0.3709999999999809,4.36099999999999,0.03,0.0025764636770926,False,False,True,False,False,train_conservative_extreme,保守/弱操作极限样本，未触发 v1.3 路边/超长风险，保留为训练候选,保守/弱操作极限样本，未触发 v1.3 路边/超长风险，保留为训练候选,True,False,False,False,,-0.143222,-0.144535,-0.142161,0.0013129999999999,0.001061,False,train_conservative_extreme,继承 v1.3：保守/弱操作极限样本，保留为训练候选,继承 v1.3：保守/弱操作极限样本，保留为训练候选,True,False,False,False,,train_conservative_extreme,继承 v1.4：保守/弱操作极限样本，保留为当前主训练候选,继承 v1.4：保守/弱操作极限样本，保留为当前主训练候选,True,False,False,False,,train_noncurve_target_extreme,非弯道主训练候选：继承 v1.5，作为当前主训练集,非弯道主训练候选：继承 v1.5，作为当前主训练集,True,False,False,False,141.69,142.58,驾驶员动作,False,0.8900000000000148,False,140.58,142.58,142.58,148.58,,ok,curve1,curve1,curve1,curve1,curve1,8,True,curve1,curve1,0.0,5.174320089764086,3483.66,5.15186,4.800820115716029,3.885693033275507,5.638694730834814,high,2.92411e-08,2.92411e-08,-0.844732,1.73011,False,model_anchor:curve1:5.2:0.00000;episode_start:curve1:5.6:-0.00000;vehicle_response:curve1:5.1:0.00000;condition_peak:curve1:4.3:0.00000;episode_end:curve1:5.5:0.00000;episode_q25:curve1:4.5:-0.00000;episode_q50:curve1:3.9:-0.00000;episode_q75:curve1:4.0:0.00000,train_curve_coord_valid_normal_or_weak,道路坐标确认在弯道，车辆动态较弱或更像正常过弯，作为弯道普通/弱侧倾训练候选,道路坐标确认在弯道，车辆动态较弱或更像正常过弯，作为弯道普通/弱侧倾训练候选,True,False,False,False,,train_curve_normal_or_weak,弯道普通/弱侧倾训练候选,道路坐标确认在弯道，车辆动态较弱或更像正常过弯；保留为弯道普通/弱侧倾训练候选。,True,False,False,False,0,高度微动正常,True,True,False,
rec_v1_gzj_2025_09_27_11_53_25_0019,gzj,2025_09_27_11_53_25,F:\data_set_process\data_process\01_datasets\数据预处理\原始车辆数据\gzj\Entity_Recording_2025_09_27_11_53_25_vehicle.csv,19,340.845,351.31,10.464999999999977,341.9,341.56,341.465,341.9,342.915,驾驶员先动,-0.0950000000000272,极强,5,4.0,4.0,3.3449924369720376,方向盘快速操作,正常,True,False,True,True,0.8,109.71675,4.684349117647059,0.3107600588235294,0.3727595294117647,0.0733602382352941,1.923515176470588,7.253753979236635,1.0,26.52814705882355,3.466220588235294,338.845,353.31,curve2,弯道路段,340.0,-6.077499999999986,core_extreme,核心极限样本,车辆动态强且驾驶员转向明显,多输出轨迹预测,,,False,False,保留为主训练候选,用户已初步复核，核心/保守弱操作/次级样本整体可保留,True,False,False,True,0.0339000000000009,0.1700000000000727,0.063811789,0.284187,3.49895,26.545000000000016,1.0,0.1158257,4.69265,0.312572,False,False,False,False,False,False,False,train_target_extreme,核心/次级目标极限事件，未触发超长或路外恢复风险，保留为训练候选,核心/次级目标极限事件，未触发超长或路外恢复风险，保留为训练候选,True,False,False,False,,True,0.0329315533037366,0.168766309941202,0.9714322508476628,0.8657750179125866,1.74826,8,26.094,26.545000000000016,0.97,0.0626428349887657,False,False,True,True,False,train_target_extreme,目标极限事件，未触发 v1.3 路边/超长风险，保留为训练候选,目标极限事件，未触发 v1.3 路边/超长风险，保留为训练候选,True,False,False,False,,-13.1426,-13.1707,-13.1368,0.0281000000000002,0.0058000000000006,False,train_target_extreme,继承 v1.3：目标极限事件，保留为训练候选,继承 v1.3：目标极限事件，保留为训练候选,True,False,False,False,,train_target_extreme,继承 v1.4：目标极限事件，保留为当前主训练候选,继承 v1.4：目标极限事件，保留为当前主训练候选,True,False,False,False,,train_curve_unclear_or_weak,弯道训练候选：高度只存在小波动，侧倾较弱或普通，先纳入候选,弯道训练候选：高度只存在小波动，侧倾较弱或普通，先纳入候选,True,False,False,False,340.845,341.465,驾驶员动作,False,0.6199999999999477,False,339.465,341.465,341.465,347.465,F:\data_set_process\data_process\05_rebuild_from_raw_20260511\02_samples\record_level_episode_reconstruction_v1_8_anchor_curve_revised\figures\review_panels_v1_8\04_弯道_高度小波动普通或弱侧倾_纳入\0377_rec_v1_gzj_2025_09_27_11_53_25_0019.png,ok,curve2,curve2,curve2,curve2,curve2,8,True,curve2,curve2,-2.693206829330283e-15,471.0227614418693,4703.76,-4757.1,495.5364154053717,456.9458953865657,669.2834710097865,medium,-1.80743e-09,1.80743e-09,-1.01028,1.68853,False,model_anchor:curve2:471.0:-0.00000;episode_start:curve2:456.9:0.00000;vehicle_response:curve2:473.1:0.00000;condition_peak:curve2:480.3:0.00000;episode_end:curve2:669.3:0.00000;episode_q25:curve2:510.8:0.00000;episode_q50:curve2:561.5:0.00000;episode_q75:curve2:610.4:-0.00000,train_curve_coord_valid_normal_or_weak,道路坐标确认在弯道，车辆动态较弱或更像正常过弯，作为弯道普通/弱侧倾训练候选,道路坐标确认在弯道，车辆动态较弱或更像正常过弯，作为弯道普通/弱侧倾训练候选,True,False,False,False,,train_curve_normal_or_weak,弯道普通/弱侧倾训练候选,道路坐标确认在弯道，车辆动态较弱或更像正常过弯；保留为弯道普通/弱侧倾训练候选。,True,False,False,False,0,高度轻微变化,True,True,False,
rec_v1_gzj_2025_09_27_11_53_25_0020,gzj,2025_09_27_11_53_25,F:\data_set_process\data_process\01_datasets\数据预处理\原始车辆数据\gzj\Entity_Recording_2025_09_27_11_53_25_vehicle.csv,20,354.465,355.08,0.6150000000000091,355.0,354.995,,355.0,354.69,缺少一方起点,,极强,1,4.0,4.0,0.4533829358804725,无明显操作,事件很短,True,False,False,True,0.8,136.82179411764707,0.7968933529411765,0.0347040882352941,0.0454913647058823,0.0072921079411764,0.2197518970588234,0.9831795847759812,0.0,0.7540294117647193,3.463751764705882,352.465,357.08,,,365.2,10.427500000000007,conservative_extreme,保守/弱操作极限样本,车辆动态强但驾驶员转向不强,车辆状态预测+驾驶员类型分类,,,False,False,保留为主训练候选,用户已初步复核，核心/保守弱操作/次级样本整体可保留,True,False,False,True,0.000300000000001,0.0100000000002182,0.0002304149999999,0.00175129,3.49627,0.7575000000000216,0.0,0.0138351549999999,0.8002685,0.0348128,False,False,False,False,False,False,False,train_conservative_extreme,保守/弱操作极限样本，未触发超长或路外恢复风险，保留为训练候选,保守/弱操作极限样本，未触发超长或路外恢复风险，保留为训练候选,True,False,False,False,,True,0.0002924626278524,0.0199623131390506,0.9748754261715172,0.9838056680161944,1.748135,2,0.0285000000000081,0.7575000000000216,0.03,9.093208096772836e-05,False,False,True,False,False,train_conservative_extreme,保守/弱操作极限样本，未触发 v1.3 路边/超长风险，保留为训练候选,保守/弱操作极限样本，未触发 v1.3 路边/超长风险，保留为训练候选,True,False,False,False,,-13.1429,-13.1431,-13.1428,0.0002000000000013,9.999999999976694e-05,False,train_conservative_extreme,继承 v1.3：保守/弱操作极限样本，保留为训练候选,继承 v1.3：保守/弱操作极限样本，保留为训练候选,True,False,False,False,,train_conservative_extreme,继承 v1.4：保守/弱操作极限样本，保留为当前主训练候选,继承 v1.4：保守/弱操作极限样本，保留为当前主训练候选,True,False,False,False,,train_noncurve_target_extreme,非弯道主训练候选：继承 v1.5，作为当前主训练集,非弯道主训练候选：继承 v1.5，作为当前主训练集,True,False,False,False,354.465,354.995,车辆响应,False,0.5300000000000296,False,352.995,354.995,354.995,360.995,,ok,curve2,curve2,curve2,curve2,curve2,6,True,curve2,curve2,-2.693864511092012e-15,756.1948595342303,4992.93,-5092.82,752.6664179199212,743.5599735169062,758.2351406672395,low_but_context_usable,-8.26023e-10,9.50332e-10,-1.71873,1.71873,False,model_anchor:curve2:756.2:-0.00000;episode_start:curve2:743.6:-0.00000;episode_end:curve2:758.2:0.00000;episode_q25:curve2:747.3:-0.00000;episode_q50:curve2:750.8:-0.00000;episode_q75:curve2:754.5:-0.00000,train_curve_coord_valid_normal_or_weak,道路坐标确认在弯道，车辆动态较弱或更像正常过弯，作为弯道普通/弱侧倾训练候选,道路坐标确认在弯道，车辆动态较弱或更像正常过弯，作为弯道普通/弱侧倾训练候选,True,False,False,False,,train_curve_normal_or_weak,弯道普通/弱侧倾训练候选,道路坐标确认在弯道，车辆动态较弱或更像正常过弯；保留为弯道普通/弱侧倾训练候选。,True,False,False,False,0,高度微动正常,True,True,False,
rec_v1_gzj_2025_09_27_12_04_23_0002,gzj,2025_09_27_12_04_23,F:\data_set_process\data_process\01_datasets\数据预处理\原始车辆数据\gzj\Entity_Recording_2025_09_27_12_04_23_vehicle.csv,2,95.715,103.86,8.144999999999996,96.68,95.85,95.75,96.68,96.705,驾驶员先动,-0.0999999999999943,极强,5,4.0,4.0,3.586471764706173,方向盘快速操作,正常,True,False,True,True,0.8,113.09808823529411,5.154877941176471,0.2277589411764705,0.3459743529411765,0.0708265735294117,2.5235641176470587,7.172943529412345,0.0,3.1928235294117684,3.448265294117647,93.715,105.86,curve1|middle_section,弯道路段|连续超车负荷事件段,102.0,2.2125000000000057,core_extreme,核心极限样本,车辆动态强且驾驶员转向明显,多输出轨迹预测,,,False,False,保留为主训练候选,用户已初步复核，核心/保守弱操作/次级样本整体可保留,True,False,False,True,0.0061309999999999,0.0266000000000055,0.0020087,0.00720678,3.49842,3.1950000000000074,0.0,0.1379668,5.15668,0.228031,False,False,False,False,False,False,False,train_target_extreme,核心/次级目标极限事件，未触发超长或路外恢复风险，保留为训练候选,核心/次级目标极限事件，未触发超长或路外恢复风险，保留为训练候选,True,False,False,False,,True,0.0062184364610511,0.0272266393152779,1.0142613702579129,0.5787051242712489,1.74681,8,3.153000000000006,3.1950000000000074,0.03,0.002215484722292,False,False,True,False,False,train_target_extreme,目标极限事件，未触发 v1.3 路边/超长风险，保留为训练候选,目标极限事件，未触发 v1.3 路边/超长风险，保留为训练候选,True,False,False,False,,-0.1431529999999999,-0.145626,-0.139495,0.002473,0.0036579999999999,False,train_target_extreme,继承 v1.3：目标极限事件，保留为训练候选,继承 v1.3：目标极限事件，保留为训练候选,True,False,False,False,,train_target_extreme,继承 v1.4：目标极限事件，保留为当前主训练候选,继承 v1.4：目标极限事件，保留为当前主训练候选,True,False,False,False,,discard_curve_height_or_z_abnormal,弯道高度异常：高度明显变高、突变、非平滑，或不像正常下坡弯道,弯道高度异常：高度明显变高、突变、非平滑，或不像正常下坡弯道,False,False,False,True,95.715,95.75,驾驶员动作,False,0.0349999999999965,False,93.75,95.75,95.75,101.75,,ok,middle_section|curve1,section2|curve1,middle_section,section2,curve1,1,True,middle_section,section2,5.551115123127045e-17,5.4444157729645335,2577.53,5.4444,4.895008872419483,2.1686706685865205,6.972107627273649,high,1.77636e-09,1.77636e-09,-0.550515,1.69801,False,model_anchor:middle_section:5.4:0.00000;episode_start:middle_section:5.4:-0.00000;vehicle_response:middle_section:5.5:-0.00000;condition_peak:middle_section:4.3:-0.00000;episode_end:curve1:4.3:0.00000;episode_q25:middle_section:2.2:0.00000;episode_q50:middle_section:7.0:-0.00000;episode_q75:middle_section:3.3:0.00000,train_curve_coord_valid_roll_candidate,道路坐标确认在弯道，且车辆侧倾/横滚/横向动态明显，可作为弯道极限或近极限候选,道路坐标确认在弯道，且车辆侧倾/横滚/横向动态明显，可作为弯道极限或近极限候选,True,False,False,False,,train_curve_normal_or_weak,弯道普通/弱侧倾训练候选,道路坐标确认在弯道，车辆动态较弱或更像正常过弯；保留为弯道普通/弱侧倾训练候选。,True,False,False,False,1,高度微动正常,True,True,False,
rec_v1_gzj_2025_09_27_12_04_23_0003,gzj,2025_09_27_12_04_23,F:\data_set_process\data_process\01_datasets\数据预处理\原始车辆数据\gzj\Entity_Recording_2025_09_27_12_04_23_vehicle.csv,3,131.875,134.695,2.819999999999993,133.07,133.065,,133.07,131.915,缺少一方起点,,极强,1,4.0,4.0,0.4098673875433607,无明显操作,坐标风险高,True,False,False,True,0.8,118.14561764705884,1.738450294117647,0.0651744529411764,0.0507495911764705,0.0232056823529411,0.4831175141176471,0.8197347750867214,0.0,0.4869705882353088,3.4248538235294115,129.875,136.695,,,136.903,3.617999999999995,review,需要复核,窗口/坐标风险,人工复核后再决定,,,False,False,暂不进入训练,用户复核后认为需要复核类基本可舍去，先整体降为舍弃/暂缓,False,False,True,True,0.0004709999999999,0.0039500000000032,0.00075594,0.00652873,3.49073,0.4864999999999924,0.0,0.0353915,1.74117,0.0652624,False,False,False,False,False,False,False,discard_prior_review,v1.1 已经人工复核为舍弃/暂缓，本轮继续不进入训练,v1.1 已经人工复核为舍弃/暂缓，本轮继续不进入训练,False,False,False,True,,True,0.0004901529323097,0.0033109445327386,1.0406643998086682,0.5527015057573074,1.745365,2,0.004499999999993,0.4864999999999924,0.03,0.0007597398870821,False,False,True,False,False,discard_prior_review,v1.1 已经人工复核为舍弃/暂缓，本轮继续不进入训练,v1.1 已经人工复核为舍弃/暂缓，本轮继续不进入训练,False,False,False,True,,-0.143203,-0.143409,-0.142938,0.000206,0.0002649999999999,False,discard_prior_review,继承 v1.3：此前已舍弃/暂缓，不进入当前训练候选,继承 v1.3：此前已舍弃/暂缓，不进入当前训练候选,False,False,False,True,,discard_prior_review,继承 v1.4：此前已舍弃或不适合作为当前主训练候选,继承 v1.4：此前已舍弃或不适合作为当前主训练候选,False,False,False,True,,discard_noncurve_prior_review,非弯道已舍弃或不适合作为当前候选：继承 v1.5,非弯道已舍弃或不适合作为当前候选：继承 v1.5,False,False,False,True,131.875,133.065,车辆响应,False,1.1899999999999975,False,131.065,133.065,133.065,139.065,,ok,curve1,curve1,curve1,curve1,curve1,7,True,curve1,curve1,-7.105427357601002e-15,4.18880845685255,3770.4,4.18083,4.212903576675603,3.0695196378688867,6.255579634232255,high,3.00613e-08,3.00613e-08,1.68403,1.69324,False,model_anchor:curve1:4.2:0.00000;episode_start:curve1:3.1:0.00000;condition_peak:curve1:4.2:0.00000;episode_end:curve1:6.3:-0.00000;episode_q25:curve1:3.5:0.00000;episode_q50:curve1:4.6:-0.00000;episode_q75:curve1:5.6:-0.00000,train_curve_coord_valid_normal_or_weak,道路坐标确认在弯道，车辆动态较弱或更像正常过弯，作为弯道普通/弱侧倾训练候选,道路坐标确认在弯道，车辆动态较弱或更像正常过弯，作为弯道普通/弱侧倾训练候选,True,False,False,False,,train_curve_normal_or_weak,弯道普通/弱侧倾训练候选,道路坐标确认在弯道，车辆动态较弱或更像正常过弯；保留为弯道普通/弱侧倾训练候选。,True,False,False,False,0,高度微动正常,True,True,False,
rec_v1_gzj_2025_09_27_12_04_23_0005,gzj,2025_09_27_12_04_23,F:\data_set_process\data_process\01_datasets\数据预处理\原始车辆数据\gzj\Entity_Recording_2025_09_27_12_04_23_vehicle.csv,5,167.38,168.38,1.0,167.8,167.78,,167.8,167.695,缺少一方起点,,极强,2,4.0,4.0,0.7026768020762085,无明显操作,正常,True,False,True,True,0.8,91.65279705882354,1.3176085294117648,0.0627345205882353,0.0672439088235294,0.0193699558823529,0.3969133235294118,1.405353604152417,0.0,0.5881705882352861,2.469035,165.38,170.38,,,171.9,4.02000000000001,conservative_extreme,保守/弱操作极限样本,车辆动态强但驾驶员转向不强,车辆状态预测+驾驶员类型分类,,,False,False,保留为主训练候选,用户已初步复核，核心/保守弱操作/次级样本整体可保留,True,False,False,True,0.0006850000000007,0.0025000000000545,0.00060754,0.0047085,2.49681,0.5886000000000138,0.0,0.02353413,1.32242,0.0628477,False,False,False,False,False,False,False,train_conservative_extreme,保守/弱操作极限样本，未触发超长或路外恢复风险，保留为训练候选,保守/弱操作极限样本，未触发超长或路外恢复风险，保留为训练候选,True,False,False,False,,True,0.000282572055565,0.0035400901433423,0.4125139497295543,0.9102244389027432,1.248405,2,0.0119000000000113,0.5886000000000138,0.03,0.0004789714787276,False,False,True,False,False,train_conservative_extreme,保守/弱操作极限样本，未触发 v1.3 路边/超长风险，保留为训练候选,保守/弱操作极限样本，未触发 v1.3 路边/超长风险，保留为训练候选,True,False,False,False,,-7.14249,-7.14264,-7.141954999999999,0.0001500000000005,0.0005350000000001,False,train_conservative_extreme,继承 v1.3：保守/弱操作极限样本，保留为训练候选,继承 v1.3：保守/弱操作极限样本，保留为训练候选,True,False,False,False,,train_conservative_extreme,继承 v1.4：保守/弱操作极限样本，保留为当前主训练候选,继承 v1.4：保守/弱操作极限样本，保留为当前主训练候选,True,False,False,False,,train_noncurve_target_extreme,非弯道主训练候选：继承 v1.5，作为当前主训练集,非弯道主训练候选：继承 v1.5，作为当前主训练集,True,False,False,False,167.38,167.78,车辆响应,False,0.4000000000000057,False,165.78,167.78,167.78,173.78,,ok,curve1,curve1,curve1,curve1,curve1,7,True,curve1,curve1,4.675904144033154e-05,284.01458834982856,4464.46,-288.263,284.02448941903435,283.7016643024399,284.2450311851589,medium,4.61246e-05,6.27945e-05,1.21313,1.22728,False,model_anchor:curve1:284.0:0.00005;episode_start:curve1:283.7:0.00004;condition_peak:curve1:284.0:0.00005;episode_end:curve1:284.2:0.00006;episode_q25:curve1:283.9:0.00004;episode_q50:curve1:284.1:0.00005;episode_q75:curve1:284.2:0.00006,train_curve_coord_valid_normal_or_weak,道路坐标确认在弯道，车辆动态较弱或更像正常过弯，作为弯道普通/弱侧倾训练候选,道路坐标确认在弯道，车辆动态较弱或更像正常过弯，作为弯道普通/弱侧倾训练候选,True,False,False,False,,train_curve_normal_or_weak,弯道普通/弱侧倾训练候选,道路坐标确认在弯道，车辆动态较弱或更像正常过弯；保留为弯道普通/弱侧倾训练候选。,True,False,False,False,0,高度微动正常,True,True,False,
rec_v1_gzj_2025_09_27_12_17_12_0003,gzj,2025_09_27_12_17_12,F:\data_set_process\data_process\01_datasets\数据预处理\原始车辆数据\gzj\Entity_Recording_2025_09_27_12_17_12_vehicle.csv,3,108.2,114.42,6.219999999999999,108.21,108.205,109.4,108.21,113.124,车辆先变化,1.1950000000000074,极强,5,4.0,4.0,2.342128685925937,方向盘快速操作,可能切在事件中段,True,False,True,True,0.8,134.7307857142857,4.712202857142857,0.2079555,0.2881774047619048,0.0675307904761904,2.0147245,10.534233684821205,0.0,0.490023809523791,3.480955,106.2,116.42,curve1,弯道路段,113.4,2.0900000000000034,core_extreme,核心极限样本,车辆动态强且驾驶员转向明显,多输出轨迹预测,,,False,False,保留为主训练候选,用户已初步复核，核心/保守弱操作/次级样本整体可保留,True,False,False,True,0.00508,0.0441999999997761,0.0012352199999999,0.00575935,3.4984,0.4919999999999902,0.0,0.1237131,4.72059,0.208507,False,False,False,False,False,False,False,train_target_extreme,核心/次级目标极限事件，未触发超长或路外恢复风险，保留为训练候选,核心/次级目标极限事件，未触发超长或路外恢复风险，保留为训练候选,True,False,False,False,,True,0.0051501495052741,0.0440441122102531,1.0138089577311316,0.5329581993569131,1.7492,8,0.007000000000005,0.4919999999999902,0.03,0.0010691005103296,False,False,True,False,False,train_target_extreme,目标极限事件，未触发 v1.3 路边/超长风险，保留为训练候选,目标极限事件，未触发 v1.3 路边/超长风险，保留为训练候选,True,False,False,False,,-0.1435845,-0.145258,-0.140178,0.0016734999999999,0.0034065,False,train_target_extreme,继承 v1.3：目标极限事件，保留为训练候选,继承 v1.3：目标极限事件，保留为训练候选,True,False,False,False,,train_target_extreme,继承 v1.4：目标极限事件，保留为当前主训练候选,继承 v1.4：目标极限事件，保留为当前主训练候选,True,False,False,False,,discard_curve_height_or_z_abnormal,弯道高度异常：高度明显变高、突变、非平滑，或不像正常下坡弯道,弯道高度异常：高度明显变高、突变、非平滑，或不像正常下坡弯道,False,False,False,True,108.2,108.205,车辆响应,False,0.0049999999999954,False,106.205,108.205,108.205,114.205,,ok,middle_section|curve1,section2|curve1,middle_section,section2,curve1,1,True,middle_section,section2,5.551115123127045e-17,4.264211000273636,2577.42,4.26311,4.391831644122757,4.048308208023251,7.088798009118846,high,6.21546e-11,9.03717e-10,-1.73181,1.73346,False,model_anchor:middle_section:4.3:0.00000;driver_action:middle_section:4.4:0.00000;condition_peak:middle_section:4.3:0.00000;episode_end:curve1:7.1:-0.00000;episode_q25:middle_section:5.0:0.00000;episode_q50:middle_section:4.6:0.00000;episode_q75:middle_section:4.0:-0.00000,train_curve_coord_valid_normal_or_weak,道路坐标确认在弯道，车辆动态较弱或更像正常过弯，作为弯道普通/弱侧倾训练候选,道路坐标确认在弯道，车辆动态较弱或更像正常过弯，作为弯道普通/弱侧倾训练候选,True,False,False,False,,train_curve_normal_or_weak,弯道普通/弱侧倾训练候选,道路坐标确认在弯道，车辆动态较弱或更像正常过弯；保留为弯道普通/弱侧倾训练候选。,True,False,False,False,0,高度微动正常,True,True,False,
rec_v1_gzj_2025_09_27_12_17_12_0004,gzj,2025_09_27_12_17_12,F:\data_set_process\data_process\01_datasets\数据预处理\原始车辆数据\gzj\Entity_Recording_2025_09_27_12_17_12_vehicle.csv,4,116.909,118.105,1.195999999999998,116.919,116.914,,116.919,116.909,缺少一方起点,,极强,1,4.0,4.0,0.3,无明显操作,坐标风险高,True,False,False,True,0.8,132.26775,0.5990329761904761,0.0168807595238095,0.0048214335714285,0.0072370647619047,0.0374497142857142,0.1628183673468607,0.0,0.7646428571428601,3.427538095238095,114.909,120.105,,,113.4,-4.106999999999999,review,需要复核,窗口/坐标风险,人工复核后再决定,,,False,False,暂不进入训练,用户复核后认为需要复核类基本可舍去，先整体降为舍弃/暂缓,False,False,True,True,0.000269,0.0025499999999851,0.00042889,0.00291089,3.4939,0.7665000000000077,0.0,0.00261007,0.598845,0.0168921,False,False,False,False,False,False,False,discard_prior_review,v1.1 已经人工复核为舍弃/暂缓，本轮继续不进入训练,v1.1 已经人工复核为舍弃/暂缓，本轮继续不进入训练,False,False,False,True,,True,0.0001707990956719,0.0027181599041597,0.6349408761038731,0.6283924843423799,1.74695,2,0.7665000000000077,0.7665000000000077,0.03,0.0003111254410965,False,False,True,False,False,discard_prior_review,v1.1 已经人工复核为舍弃/暂缓，本轮继续不进入训练,v1.1 已经人工复核为舍弃/暂缓，本轮继续不进入训练,False,False,False,True,,-0.144272,-0.14433,-0.144061,5.8000000000002494e-05,0.000211,False,discard_prior_review,继承 v1.3：此前已舍弃/暂缓，不进入当前训练候选,继承 v1.3：此前已舍弃/暂缓，不进入当前训练候选,False,False,False,True,,discard_prior_review,继承 v1.4：此前已舍弃或不适合作为当前主训练候选,继承 v1.4：此前已舍弃或不适合作为当前主训练候选,False,False,False,True,,discard_noncurve_prior_review,非弯道已舍弃或不适合作为当前候选：继承 v1.5,非弯道已舍弃或不适合作为当前候选：继承 v1.5,False,False,False,True,116.909,116.914,车辆响应,False,0.0049999999999954,False,114.914,116.914,116.914,122.914,,ok,curve1,curve1,curve1,curve1,curve1,6,True,curve1,curve1,1.4210854715192312e-14,4.3103957601260525,2902.29,4.30784,3.763397829045665,3.042518642064496,4.314500798525952,high,3.10773e-11,9.19255e-10,-1.68801,1.69544,False,model_anchor:curve1:4.3:0.00000;condition_peak:curve1:4.3:-0.00000;episode_end:curve1:3.0:-0.00000;episode_q25:curve1:3.9:0.00000;episode_q50:curve1:3.6:0.00000;episode_q75:curve1:3.3:0.00000,train_curve_coord_valid_normal_or_weak,道路坐标确认在弯道，车辆动态较弱或更像正常过弯，作为弯道普通/弱侧倾训练候选,道路坐标确认在弯道，车辆动态较弱或更像正常过弯，作为弯道普通/弱侧倾训练候选,True,False,False,False,,train_curve_normal_or_weak,弯道普通/弱侧倾训练候选,道路坐标确认在弯道，车辆动态较弱或更像正常过弯；保留为弯道普通/弱侧倾训练候选。,True,False,False,False,0,高度微动正常,True,True,False,
rec_v1_gzj_2025_09_27_12_17_12_0005,gzj,2025_09_27_12_17_12,F:\data_set_process\data_process\01_datasets\数据预处理\原始车辆数据\gzj\Entity_Recording_2025_09_27_12_17_12_vehicle.csv,5,131.725,134.584,2.859000000000009,133.969,131.944,131.85,133.969,132.579,驾驶员先动,-0.093999999999994,极强,2,4.0,4.0,1.0955424894617094,弱操作,正常,True,False,True,True,0.8,133.92966666666666,3.2119061904761903,0.1294055238095238,0.1738257380952381,0.046695869047619,0.9834096904761904,4.9274408639412215,0.0,0.1066190476190627,3.442465476190476,129.725,136.584,,,145.95,12.795500000000004,conservative_extreme,保守/弱操作极限样本,车辆动态强但驾驶员转向不强,车辆状态预测+驾驶员类型分类,,,False,False,保留为主训练候选,用户已初步复核，核心/保守弱操作/次级样本整体可保留,True,False,False,True,0.002228,0.0182750000004858,0.00079515,0.00700973,3.49419,0.108000000000004,0.0,0.0709195,3.22265,0.129788,False,False,False,False,False,False,False,train_conservative_extreme,保守/弱操作极限样本，未触发超长或路外恢复风险，保留为训练候选,保守/弱操作极限样本，未触发超长或路外恢复风险，保留为训练候选,True,False,False,False,,True,0.0021341689681232,0.018059113879832,0.9578855332689712,0.5476815398075241,1.747095,2,0.0949999999999988,0.108000000000004,0.03,0.0007590357244267,False,False,True,False,False,train_conservative_extreme,保守/弱操作极限样本，未触发 v1.3 路边/超长风险，保留为训练候选,保守/弱操作极限样本，未触发 v1.3 路边/超长风险，保留为训练候选,True,False,False,False,,-0.14385,-0.144672,-0.142444,0.0008219999999999,0.001406,False,train_conservative_extreme,继承 v1.3：保守/弱操作极限样本，保留为训练候选,继承 v1.3：保守/弱操作极限样本，保留为训练候选,True,False,False,False,,train_conservative_extreme,继承 v1.4：保守/弱操作极限样本，保留为当前主训练候选,继承 v1.4：保守/弱操作极限样本，保留为当前主训练候选,True,False,False,False,,train_noncurve_target_extreme,非弯道主训练候选：继承 v1.5，作为当前主训练集,非弯道主训练候选：继承 v1.5，作为当前主训练集,True,False,False,False,131.725,131.85,驾驶员动作,False,0.125,False,129.85,131.85,131.85,137.85,,ok,curve1,curve1,curve1,curve1,curve1,8,True,curve1,curve1,2.1316282072803012e-14,5.979719029487867,3452.33,5.97675,5.386614187655942,3.800773665627025,6.015710152933948,high,5.68419e-08,5.68419e-08,-0.0198171,1.70301,False,model_anchor:curve1:6.0:0.00000;episode_start:curve1:5.9:-0.00000;vehicle_response:curve1:6.0:0.00000;condition_peak:curve1:4.3:0.00000;episode_end:curve1:3.8:0.00000;episode_q25:curve1:5.8:0.00000;episode_q50:curve1:4.9:-0.00000;episode_q75:curve1:4.4:-0.00000,train_curve_coord_valid_normal_or_weak,道路坐标确认在弯道，车辆动态较弱或更像正常过弯，作为弯道普通/弱侧倾训练候选,道路坐标确认在弯道，车辆动态较弱或更像正常过弯，作为弯道普通/弱侧倾训练候选,True,False,False,False,,train_curve_normal_or_weak,弯道普通/弱侧倾训练候选,道路坐标确认在弯道，车辆动态较弱或更像正常过弯；保留为弯道普通/弱侧倾训练候选。,True,False,False,False,0,高度微动正常,True,True,False,
rec_v1_gzj_2025_09_27_12_17_12_0017,gzj,2025_09_27_12_17_12,F:\data_set_process\data_process\01_datasets\数据预处理\原始车辆数据\gzj\Entity_Recording_2025_09_27_12_17_12_vehicle.csv,17,345.61,351.535,5.925000000000011,346.739,346.6,346.465,346.739,348.054,驾驶员先动,-0.1350000000000477,极强,3,4.0,4.0,1.920366905736624,方向盘快速操作,正常,True,False,True,True,0.8,97.69997142857142,3.051734761904762,0.1374039523809523,0.1576315714285714,0.0424225499999999,1.410629738095238,8.6372682539555,0.0,1.342576190476194,3.4409952380952378,343.61,353.535,,,332.252,-16.32049999999998,core_extreme,核心极限样本,车辆动态强且驾驶员转向明显,多输出轨迹预测,,,False,False,保留为主训练候选,用户已初步复核，核心/保守弱操作/次级样本整体可保留,True,False,False,True,0.0030000000000001,0.0425000000032014,0.0035047499999999,0.0146029,3.49494,1.3435500000000076,0.0,0.0842559,3.05978,0.137602,False,False,False,False,False,False,False,train_target_extreme,核心/次级目标极限事件，未触发超长或路外恢复风险，保留为训练候选,核心/次级目标极限事件，未触发超长或路外恢复风险，保留为训练候选,True,False,False,False,,True,0.0026830645144251,0.0426841503737371,0.894354838141679,0.9561181434599156,1.74702,4,0.0664000000000015,1.3435500000000076,0.03,0.0030754574311217,False,False,True,False,False,train_target_extreme,目标极限事件，未触发 v1.3 路边/超长风险，保留为训练候选,目标极限事件，未触发 v1.3 路边/超长风险，保留为训练候选,True,False,False,False,,-13.1429,-13.1435,-13.1405,0.0006000000000003,0.0023999999999997,False,train_target_extreme,继承 v1.3：目标极限事件，保留为训练候选,继承 v1.3：目标极限事件，保留为训练候选,True,False,False,False,,train_target_extreme,继承 v1.4：目标极限事件，保留为当前主训练候选,继承 v1.4：目标极限事件，保留为当前主训练候选,True,False,False,False,,train_noncurve_target_extreme,非弯道主训练候选：继承 v1.5，作为当前主训练集,非弯道主训练候选：继承 v1.5，作为当前主训练集,True,False,False,False,345.61,346.465,驾驶员动作,False,0.8549999999999613,False,344.465,346.465,346.465,352.465,,ok,curve2,curve2,curve2,curve2,curve2,8,True,curve2,curve2,0.0,652.4866882797462,4887.78,-4971.76,660.7252353952797,637.1211550785208,740.7029634120909,low_but_context_usable,3.10773e-11,9.50332e-10,1.37407,1.70215,False,model_anchor:curve2:652.5:0.00000;episode_start:curve2:637.1:0.00000;vehicle_response:curve2:655.0:0.00000;condition_peak:curve2:657.5:-0.00000;episode_end:curve2:740.7:-0.00000;episode_q25:curve2:663.9:-0.00000;episode_q50:curve2:691.2:0.00000;episode_q75:curve2:716.8:0.00000,train_curve_coord_valid_normal_or_weak,道路坐标确认在弯道，车辆动态较弱或更像正常过弯，作为弯道普通/弱侧倾训练候选,道路坐标确认在弯道，车辆动态较弱或更像正常过弯，作为弯道普通/弱侧倾训练候选,True,False,False,False,,train_curve_normal_or_weak,弯道普通/弱侧倾训练候选,道路坐标确认在弯道，车辆动态较弱或更像正常过弯；保留为弯道普通/弱侧倾训练候选。,True,False,False,False,0,高度微动正常,True,True,False,
rec_v1_gzj_2025_09_27_12_17_12_0018,gzj,2025_09_27_12_17_12,F:\data_set_process\data_process\01_datasets\数据预处理\原始车辆数据\gzj\Entity_Recording_2025_09_27_12_17_12_vehicle.csv,18,353.934,356.679,2.744999999999948,354.759,354.2,354.049,354.759,354.084,驾驶员先动,-0.1510000000000104,极强,2,4.0,4.0,1.024189497851398,弱操作,正常,True,False,True,True,0.8,107.08469047619047,1.4971199999999998,0.0822593714285714,0.0978571142857142,0.0217754166666666,0.7390138095238095,4.60651524945606,0.0,5.054476190476208,3.4309657142857137,351.934,358.679,,,364.9,9.593499999999947,conservative_extreme,保守/弱操作极限样本,车辆动态强但驾驶员转向不强,车辆状态预测+驾驶员类型分类,,,False,False,保留为主训练候选,用户已初步复核，核心/保守弱操作/次级样本整体可保留,True,False,False,True,0.0020000000000006,0.0425000000032014,0.00295429,0.0150717,3.4942,5.055000000000007,0.0,0.0420162,1.52397,0.08271,False,False,False,False,False,False,False,train_conservative_extreme,保守/弱操作极限样本，未触发超长或路外恢复风险，保留为训练候选,保守/弱操作极限样本，未触发超长或路外恢复风险，保留为训练候选,True,False,False,False,,True,0.002130191381644,0.0427169856389112,1.065095690821707,0.9508196721311476,1.7471,2,0.0510000000000019,5.055000000000007,0.03,0.0030427724351839,False,False,True,False,False,train_conservative_extreme,保守/弱操作极限样本，未触发 v1.3 路边/超长风险，保留为训练候选,保守/弱操作极限样本，未触发 v1.3 路边/超长风险，保留为训练候选,True,False,False,False,,-13.1413,-13.1432,-13.1412,0.0019000000000009,9.999999999976694e-05,False,train_conservative_extreme,继承 v1.3：保守/弱操作极限样本，保留为训练候选,继承 v1.3：保守/弱操作极限样本，保留为训练候选,True,False,False,False,,train_conservative_extreme,继承 v1.4：保守/弱操作极限样本，保留为当前主训练候选,继承 v1.4：保守/弱操作极限样本，保留为当前主训练候选,True,False,False,False,,train_noncurve_target_extreme,非弯道主训练候选：继承 v1.5，作为当前主训练集,非弯道主训练候选：继承 v1.5，作为当前主训练集,True,False,False,False,353.934,354.049,驾驶员动作,False,0.1149999999999522,False,352.049,354.049,354.049,360.049,,ok,curve2,curve2,curve2,curve2,curve2,8,True,curve2,curve2,-2.6938645110883373e-15,786.8525728134341,5024.03,-5129.97,799.3979682447804,784.6421904282547,839.5386594826997,low_but_context_usable,2.48619e-10,8.88178e-10,1.03013,1.69559,False,model_anchor:curve2:786.9:0.00000;episode_start:curve2:784.6:0.00000;vehicle_response:curve2:789.8:0.00000;condition_peak:curve2:800.8:-0.00000;episode_end:curve2:839.5:-0.00000;episode_q25:curve2:798.0:0.00000;episode_q50:curve2:811.7:0.00000;episode_q75:curve2:825.7:-0.00000,train_curve_coord_valid_normal_or_weak,道路坐标确认在弯道，车辆动态较弱或更像正常过弯，作为弯道普通/弱侧倾训练候选,道路坐标确认在弯道，车辆动态较弱或更像正常过弯，作为弯道普通/弱侧倾训练候选,True,False,False,False,,train_curve_normal_or_weak,弯道普通/弱侧倾训练候选,道路坐标确认在弯道，车辆动态较弱或更像正常过弯；保留为弯道普通/弱侧倾训练候选。,True,False,False,False,0,高度微动正常,True,True,False,
rec_v1_gzj_2025_09_27_12_17_12_0019,gzj,2025_09_27_12_17_12,F:\data_set_process\data_process\01_datasets\数据预处理\原始车辆数据\gzj\Entity_Recording_2025_09_27_12_17_12_vehicle.csv,19,362.4,366.414,4.01400000000001,365.945,364.225,364.125,365.945,364.204,驾驶员先动,-0.1000000000000227,极强,3,4.0,4.0,1.2495807946138662,弱操作,正常,True,False,True,True,0.8,120.957,2.9035471428571427,0.1360299999999999,0.1692944761904762,0.0404854595238095,1.1567918809523807,5.620261678031166,0.0,3.791357142857137,3.449053809523809,360.4,368.414,middle_section,连续超车负荷事件段,364.9,0.492999999999995,conservative_extreme,保守/弱操作极限样本,车辆动态强但驾驶员转向不强,车辆状态预测+驾驶员类型分类,,,False,False,保留为主训练候选,用户已初步复核，核心/保守弱操作/次级样本整体可保留,True,False,False,True,0.0030999999999998,0.0425000000032014,0.00570299,0.02102805,3.4957000000000003,3.7950000000000017,0.0,0.0785608,2.92579,0.136439,False,False,False,False,False,False,False,train_conservative_extreme,保守/弱操作极限样本，未触发超长或路外恢复风险，保留为训练候选,保守/弱操作极限样本，未触发超长或路外恢复风险，保留为训练候选,True,False,False,False,,True,0.0020823262256293,0.043257081637157,0.6717181372998228,0.955140186915888,1.74785,2,1.0280000000000058,3.7950000000000017,0.03,0.0043611079062647,False,False,True,False,False,train_conservative_extreme,保守/弱操作极限样本，未触发 v1.3 路边/超长风险，保留为训练候选,保守/弱操作极限样本，未触发 v1.3 路边/超长风险，保留为训练候选,True,False,False,False,,-13.1421,-13.1451,-13.142,0.0030000000000001,9.999999999976694e-05,False,train_conservative_extreme,继承 v1.3：保守/弱操作极限样本，保留为训练候选,继承 v1.3：保守/弱操作极限样本，保留为训练候选,True,False,False,False,,train_conservative_extreme,继承 v1.4：保守/弱操作极限样本，保留为当前主训练候选,继承 v1.4：保守/弱操作极限样本，保留为当前主训练候选,True,False,False,False,,train_noncurve_target_extreme,非弯道主训练候选：继承 v1.5，作为当前主训练集,非弯道主训练候选：继承 v1.5，作为当前主训练集,True,False,False,False,362.4,364.125,驾驶员动作,False,1.7250000000000227,True,362.125,364.125,364.125,370.125,F:\data_set_process\data_process\05_rebuild_from_raw_20260511\02_samples\record_level_episode_reconstruction_v1_8_anchor_curve_revised\figures\review_panels_v1_8\06_非弯道主训练候选_修正锚点后抽查\0422_rec_v1_gzj_2025_09_27_12_17_12_0019.png,ok,curve2|middle_section,curve2|section5,curve2,curve2,curve2,5,True,curve2,curve2,-0.0004193161435139,993.17538405162,5233.39,-5370.56,997.2778088272394,956.934935306536,1007.1449934202582,low_but_context_usable,8.57101e-10,1.1368e-09,-1.37045,1.70595,False,model_anchor:curve2:993.2:0.00000;episode_start:curve2:956.9:-0.00000;vehicle_response:curve2:995.3:0.00000;condition_peak:middle_section:1005.3:-0.00000;episode_end:middle_section:1003.6:0.00000;episode_q25:curve2:977.9:-0.00000;episode_q50:curve2:999.2:0.00000;episode_q75:middle_section:1007.1:0.00000,train_curve_coord_valid_normal_or_weak,道路坐标确认在弯道，车辆动态较弱或更像正常过弯，作为弯道普通/弱侧倾训练候选,道路坐标确认在弯道，车辆动态较弱或更像正常过弯，作为弯道普通/弱侧倾训练候选,True,False,False,False,,train_curve_normal_or_weak,弯道普通/弱侧倾训练候选,道路坐标确认在弯道，车辆动态较弱或更像正常过弯；保留为弯道普通/弱侧倾训练候选。,True,False,False,False,0,高度微动正常,True,True,False,
rec_v1_gzj_2025_09_27_12_28_14_0003,gzj,2025_09_27_12_28_14,F:\data_set_process\data_process\01_datasets\数据预处理\原始车辆数据\gzj\Entity_Recording_2025_09_27_12_28_14_vehicle.csv,3,104.385,111.97,7.584999999999994,105.43,104.65,105.235,105.43,105.438,车辆先变化,0.5849999999999937,极强,5,4.0,4.0,3.205728232020302,方向盘快速操作,正常,True,False,True,True,0.8,115.07445454545456,5.724609393939394,0.3179433787878787,0.4700512575757576,0.0795111045454545,2.735722121212121,9.817294259259317,0.4826052727272727,22.19577272727271,3.331055303030303,102.385,113.97,curve1|middle_section,弯道路段|连续超车负荷事件段,109.9,1.7224999999999966,core_extreme,核心极限样本,车辆动态强且驾驶员转向明显,多输出轨迹预测,,,False,False,保留为主训练候选,用户已初步复核，核心/保守弱操作/次级样本整体可保留,True,False,False,True,0.018167,0.1044333333335174,0.0355944,0.157279,3.49078,22.19650000000001,0.4967319999999999,0.1584331,5.73722,0.320574,False,False,False,False,False,False,False,train_target_extreme,核心/次级目标极限事件，未触发超长或路外恢复风险，保留为训练候选,核心/次级目标极限事件，未触发超长或路外恢复风险，保留为训练候选,True,False,False,False,,True,0.0181266591762521,0.104324304080152,0.9977794449414952,0.5405405405405406,1.74539,6,22.19050000000001,22.19650000000001,0.466732,0.0372388338481973,False,False,True,True,True,defer_roadedge_or_offroad,车速/制动/横向偏移/高度残差组合提示可能是路边恢复或上下马路，暂不进入主训练,车速/制动/横向偏移/高度残差组合提示可能是路边恢复或上下马路，暂不进入主训练,False,True,False,False,,-0.143857,-0.155922,-0.137755,0.0120649999999999,0.006102,False,discard_roadedge_without_large_zdrop,用户复核后抛弃：属于疑似上下马路/路边恢复，但没有明显大幅向下 z_drop，不进入当前训练候选,用户复核后抛弃：属于疑似上下马路/路边恢复，但没有明显大幅向下 z_drop，不进入当前训练候选,False,False,False,True,,discard_prior_review,继承 v1.4：此前已舍弃或不适合作为当前主训练候选,继承 v1.4：此前已舍弃或不适合作为当前主训练候选,False,False,False,True,,discard_curve_height_or_z_abnormal,弯道高度异常：高度明显变高、突变、非平滑，或不像正常下坡弯道,弯道高度异常：高度明显变高、突变、非平滑，或不像正常下坡弯道,False,False,False,True,104.385,104.65,车辆响应,False,0.2650000000000005,False,102.65,104.65,104.65,110.65,,ok,middle_section|curve1,section2|curve1,middle_section,section2,curve1,2,True,middle_section,section2,-4.163336342344337e-17,2.983167844890015,2598.15,2.96052,3.709788560953804,2.983167844890015,6.459787950874838,high,-6.21546e-11,9.19255e-10,0.465551,1.57153,False,model_anchor:middle_section:3.0:-0.00000;episode_start:middle_section:3.1:-0.00000;driver_action:middle_section:3.5:0.00000;condition_peak:middle_section:4.1:-0.00000;episode_end:curve1:6.2:-0.00000;episode_q25:middle_section:6.5:0.00000;episode_q50:middle_section:3.1:0.00000;episode_q75:curve1:3.9:-0.00000,train_curve_coord_valid_roll_candidate,道路坐标确认在弯道，且车辆侧倾/横滚/横向动态明显，可作为弯道极限或近极限候选,道路坐标确认在弯道，且车辆侧倾/横滚/横向动态明显，可作为弯道极限或近极限候选,True,False,False,False,,train_curve_normal_or_weak,弯道普通/弱侧倾训练候选,道路坐标确认在弯道，车辆动态较弱或更像正常过弯；保留为弯道普通/弱侧倾训练候选。,True,False,False,False,1,高度微动正常,True,True,False,
rec_v1_gzj_2025_09_27_12_28_14_0011,gzj,2025_09_27_12_28_14,F:\data_set_process\data_process\01_datasets\数据预处理\原始车辆数据\gzj\Entity_Recording_2025_09_27_12_28_14_vehicle.csv,11,362.683,366.578,3.894999999999982,362.74,362.72,363.608,362.74,363.688,车辆先变化,0.8879999999999768,极强,2,4.0,4.0,1.28718622970135,弱操作,可能切在事件中段,True,False,True,True,0.8,108.44425757575758,3.661065606060606,0.1611428636363636,0.1916379545454545,0.0517064121212121,1.5707435303030304,3.9419080685703856,0.0,1.9878181818181704,3.461490151515152,360.683,368.578,curve2,弯道路段,364.2,-0.430499999999995,conservative_extreme,保守/弱操作极限样本,车辆动态强但驾驶员转向不强,车辆状态预测+驾驶员类型分类,,,False,False,保留为主训练候选,用户已初步复核，核心/保守弱操作/次级样本整体可保留,True,False,False,True,0.0028000000000005,0.0216666666674427,0.00257465,0.0141717,3.49979,1.9899999999999949,0.0,0.0988233,3.67462,0.16179,False,False,False,False,False,False,False,train_conservative_extreme,保守/弱操作极限样本，未触发超长或路外恢复风险，保留为训练候选,保守/弱操作极限样本，未触发超长或路外恢复风险，保留为训练候选,True,False,False,False,,True,0.0027688681258464,0.0217425980680894,0.9888814735164037,0.9037227214377408,1.74971,8,1.974499999999992,1.9899999999999949,0.03,0.0023130605830833,False,False,True,False,False,train_conservative_extreme,保守/弱操作极限样本，未触发 v1.3 路边/超长风险，保留为训练候选,保守/弱操作极限样本，未触发 v1.3 路边/超长风险，保留为训练候选,True,False,False,False,,-13.143,-13.1446,-13.1418,0.0015999999999998,0.0012000000000007,False,train_conservative_extreme,继承 v1.3：保守/弱操作极限样本，保留为训练候选,继承 v1.3：保守/弱操作极限样本，保留为训练候选,True,False,False,False,,train_conservative_extreme,继承 v1.4：保守/弱操作极限样本，保留为当前主训练候选,继承 v1.4：保守/弱操作极限样本，保留为当前主训练候选,True,False,False,False,,train_curve_unclear_or_weak,弯道训练候选：高度只存在小波动，侧倾较弱或普通，先纳入候选,弯道训练候选：高度只存在小波动，侧倾较弱或普通，先纳入候选,True,False,False,False,362.683,362.72,车辆响应,False,0.0370000000000345,False,360.72,362.72,362.72,368.72,,ok,curve2,curve2,curve2,curve2,curve2,8,True,curve2,curve2,2.21969987756061e-13,471.306053664477,4704.06,-4758.5,488.94421365812025,470.6556522184856,546.290033797604,medium,1.83851e-09,1.83851e-09,-1.69694,1.71052,False,model_anchor:curve2:471.3:0.00000;episode_start:curve2:470.7:-0.00000;driver_action:curve2:488.5:0.00000;condition_peak:curve2:471.7:-0.00000;episode_end:curve2:546.3:-0.00000;episode_q25:curve2:489.4:0.00000;episode_q50:curve2:508.2:0.00000;episode_q75:curve2:526.5:-0.00000,train_curve_coord_valid_normal_or_weak,道路坐标确认在弯道，车辆动态较弱或更像正常过弯，作为弯道普通/弱侧倾训练候选,道路坐标确认在弯道，车辆动态较弱或更像正常过弯，作为弯道普通/弱侧倾训练候选,True,False,False,False,,train_curve_normal_or_weak,弯道普通/弱侧倾训练候选,道路坐标确认在弯道，车辆动态较弱或更像正常过弯；保留为弯道普通/弱侧倾训练候选。,True,False,False,False,0,高度微动正常,True,True,False,
rec_v1_gzj_2025_09_27_12_28_14_0012,gzj,2025_09_27_12_28_14,F:\data_set_process\data_process\01_datasets\数据预处理\原始车辆数据\gzj\Entity_Recording_2025_09_27_12_28_14_vehicle.csv,12,368.705,377.778,9.073000000000036,369.705,368.995,369.665,369.705,372.413,车辆先变化,0.6700000000000159,极强,5,4.0,4.0,3.004038944863011,方向盘快速操作,正常,True,False,True,True,0.8,103.92376515151516,4.714469393939394,0.2307968787878788,0.3000015151515152,0.0650824636363636,2.4573668181818182,9.19963644872323,0.0,3.873772727272722,3.368571666666667,366.705,379.778,,,364.2,-9.041499999999983,core_extreme,核心极限样本,车辆动态强且驾驶员转向明显,多输出轨迹预测,,,False,False,保留为主训练候选,用户已初步复核，核心/保守弱操作/次级样本整体可保留,True,False,False,True,0.0050000000000007,0.043333333333976,0.00217281,0.0129167,3.49409,3.8744999999999976,0.0,0.1218901,4.72491,0.233561,False,False,False,False,False,False,False,train_target_extreme,核心/次级目标极限事件，未触发超长或路外恢复风险，保留为训练候选,核心/次级目标极限事件，未触发超长或路外恢复风险，保留为训练候选,True,False,False,False,,True,0.005009117066006,0.0433521314081118,1.001823413201068,0.8925323780655828,1.746405,8,3.8744999999999976,3.8744999999999976,0.03,0.0020828783677961,False,False,True,False,False,train_target_extreme,目标极限事件，未触发 v1.3 路边/超长风险，保留为训练候选,目标极限事件，未触发 v1.3 路边/超长风险，保留为训练候选,True,False,False,False,,-13.1435,-13.1453,-13.1403,0.0018000000000011,0.0031999999999996,False,train_target_extreme,继承 v1.3：目标极限事件，保留为训练候选,继承 v1.3：目标极限事件，保留为训练候选,True,False,False,False,,train_target_extreme,继承 v1.4：目标极限事件，保留为当前主训练候选,继承 v1.4：目标极限事件，保留为当前主训练候选,True,False,False,False,,train_noncurve_target_extreme,非弯道主训练候选：继承 v1.5，作为当前主训练集,非弯道主训练候选：继承 v1.5，作为当前主训练集,True,False,False,False,368.705,368.995,车辆响应,False,0.2900000000000204,False,366.995,368.995,368.995,374.995,,ok,curve2,curve2,curve2,curve2,curve2,8,True,curve2,curve2,5.387729022184024e-15,592.9712884759697,4827.41,-4899.97,617.6330972039361,587.5395203997256,756.8604729808714,low_but_context_usable,-9.03717e-10,9.50332e-10,-0.867759,1.66226,False,model_anchor:curve2:593.0:-0.00000;episode_start:curve2:587.5:0.00000;driver_action:curve2:605.1:0.00000;condition_peak:curve2:605.8:-0.00000;episode_end:curve2:756.9:-0.00000;episode_q25:curve2:629.5:0.00000;episode_q50:curve2:672.6:-0.00000;episode_q75:curve2:716.5:0.00000,train_curve_coord_valid_normal_or_weak,道路坐标确认在弯道，车辆动态较弱或更像正常过弯，作为弯道普通/弱侧倾训练候选,道路坐标确认在弯道，车辆动态较弱或更像正常过弯，作为弯道普通/弱侧倾训练候选,True,False,False,False,,train_curve_normal_or_weak,弯道普通/弱侧倾训练候选,道路坐标确认在弯道，车辆动态较弱或更像正常过弯；保留为弯道普通/弱侧倾训练候选。,True,False,False,False,0,高度微动正常,True,True,False,
rec_v1_hzh_2025_09_26_20_50_27_0003,hzh,2025_09_26_20_50_27,F:\data_set_process\data_process\01_datasets\数据预处理\原始车辆数据\hzh\Entity_Recording_2025_09_26_20_50_27_vehicle.csv,3,99.485,109.325,9.840000000000003,100.19,99.775,100.42,100.19,100.545,车辆先变化,0.644999999999996,极强,4,4.0,4.0,1.9629416955030885,方向盘快速操作,正常,True,False,True,True,0.8,102.40197058823529,3.669122352941177,0.1547593529411765,0.203615794117647,0.0509238999999999,1.565380411764706,3.925883391006177,0.0,8.019644117647061,3.4686102941176475,97.485,111.325,curve1|middle_section,弯道路段|连续超车负荷事件段,102.2,-2.2049999999999983,core_extreme,核心极限样本,车辆动态强且驾驶员转向明显,多输出轨迹预测,,,False,False,保留为主训练候选,用户已初步复核，核心/保守弱操作/次级样本整体可保留,True,False,False,True,0.0034949999999999,0.0123000000000104,0.0046701499999999,0.0178364,3.49639,8.020250000000004,0.0,0.1003775,3.67223,0.154875,False,False,False,False,False,False,False,train_target_extreme,核心/次级目标极限事件，未触发超长或路外恢复风险，保留为训练候选,核心/次级目标极限事件，未触发超长或路外恢复风险，保留为训练候选,True,False,False,False,,True,0.003489982927543,0.0117486348102147,0.9985645000123368,0.5123190246380492,1.7480600000000002,6,7.958749999999995,8.020250000000004,0.03,0.0046130591538228,False,False,True,False,False,train_target_extreme,目标极限事件，未触发 v1.3 路边/超长风险，保留为训练候选,目标极限事件，未触发 v1.3 路边/超长风险，保留为训练候选,True,False,False,False,,-0.14296225,-0.144795,-0.1413,0.0018327499999999,0.00166225,False,train_target_extreme,继承 v1.3：目标极限事件，保留为训练候选,继承 v1.3：目标极限事件，保留为训练候选,True,False,False,False,,train_target_extreme,继承 v1.4：目标极限事件，保留为当前主训练候选,继承 v1.4：目标极限事件，保留为当前主训练候选,True,False,False,False,,discard_curve_height_or_z_abnormal,弯道高度异常：高度明显变高、突变、非平滑，或不像正常下坡弯道,弯道高度异常：高度明显变高、突变、非平滑，或不像正常下坡弯道,False,False,False,True,99.485,99.775,车辆响应,False,0.2900000000000062,False,97.775,99.775,99.775,105.775,,ok,middle_section|curve1,section2|curve1,middle_section,section2,curve1,3,True,middle_section,section2,-2.775557561562892e-17,3.9595471982531447,2701.08,3.93537,4.172590430398546,3.406815724681301,6.80681678829485,high,-3.66396e-10,8.88178e-10,1.4401,1.70481,False,model_anchor:middle_section:4.0:-0.00000;episode_start:middle_section:3.9:0.00000;driver_action:middle_section:4.6:-0.00000;condition_peak:middle_section:4.2:0.00000;episode_end:curve1:5.9:0.00000;episode_q25:middle_section:6.8:-0.00000;episode_q50:curve1:3.4:-0.00000;episode_q75:curve1:4.1:-0.00000,train_curve_coord_valid_normal_or_weak,道路坐标确认在弯道，车辆动态较弱或更像正常过弯，作为弯道普通/弱侧倾训练候选,道路坐标确认在弯道，车辆动态较弱或更像正常过弯，作为弯道普通/弱侧倾训练候选,True,False,False,False,,train_curve_normal_or_weak,弯道普通/弱侧倾训练候选,道路坐标确认在弯道，车辆动态较弱或更像正常过弯；保留为弯道普通/弱侧倾训练候选。,True,False,False,False,0,高度微动正常,True,True,False,
rec_v1_hzh_2025_09_26_20_50_27_0004,hzh,2025_09_26_20_50_27,F:\data_set_process\data_process\01_datasets\数据预处理\原始车辆数据\hzh\Entity_Recording_2025_09_26_20_50_27_vehicle.csv,4,128.54,137.115,8.575000000000017,129.735,128.975,129.66,129.735,129.74,车辆先变化,0.6850000000000023,极强,5,4.0,4.0,2.0027812283731854,方向盘快速操作,正常,True,False,True,True,0.8,112.7024705882353,5.096276176470589,0.1758219411764706,0.2346882058823529,0.0711159117647058,1.8223929705882351,4.005562456746371,0.192464,19.25170588235295,3.465837647058823,126.54,139.115,,,139.35,6.522500000000008,core_extreme,核心极限样本,车辆动态强且驾驶员转向明显,多输出轨迹预测,,,False,False,保留为主训练候选,用户已初步复核，核心/保守弱操作/次级样本整体可保留,True,False,False,True,0.008797,0.037200000000034,0.01622837,0.0734768,3.49728,19.253,0.192464,0.1286961,5.10604,0.175999,False,False,False,False,False,False,False,train_target_extreme,核心/次级目标极限事件，未触发超长或路外恢复风险，保留为训练候选,核心/次级目标极限事件，未触发超长或路外恢复风险，保留为训练候选,True,False,False,False,,True,0.0076921684043763,0.0388276774227019,0.8744081396358233,0.5569804721655494,1.7481600000000002,10,18.97800000000001,19.253,0.162464,0.01347885496143,False,False,True,True,False,train_target_extreme,目标极限事件，未触发 v1.3 路边/超长风险，保留为训练候选,目标极限事件，未触发 v1.3 路边/超长风险，保留为训练候选,True,False,False,False,,-0.14271,-0.148888,-0.140091,0.0061779999999999,0.002619,False,train_target_extreme,继承 v1.3：目标极限事件，保留为训练候选,继承 v1.3：目标极限事件，保留为训练候选,True,False,False,False,,train_target_extreme,继承 v1.4：目标极限事件，保留为当前主训练候选,继承 v1.4：目标极限事件，保留为当前主训练候选,True,False,False,False,,train_noncurve_target_extreme,非弯道主训练候选：继承 v1.5，作为当前主训练集,非弯道主训练候选：继承 v1.5，作为当前主训练集,True,False,False,False,128.54,128.975,车辆响应,False,0.4350000000000023,False,126.975,128.975,128.975,134.975,,ok,curve1,curve1,curve1,curve1,curve1,8,True,curve1,curve1,-2.1316282072817543e-14,5.618137223424726,3568.22,5.61759,4.354459850408778,1.0909267599468937,5.638987474724929,high,-2.80109e-08,5.68419e-08,-0.37906,1.68016,False,model_anchor:curve1:5.6:-0.00000;episode_start:curve1:5.6:0.00000;driver_action:curve1:4.6:-0.00000;condition_peak:curve1:4.4:0.00000;episode_end:curve1:2.7:-0.00000;episode_q25:curve1:1.7:-0.00000;episode_q50:curve1:4.3:-0.00000;episode_q75:curve1:1.1:0.00000,train_curve_coord_valid_roll_candidate,道路坐标确认在弯道，且车辆侧倾/横滚/横向动态明显，可作为弯道极限或近极限候选,道路坐标确认在弯道，且车辆侧倾/横滚/横向动态明显，可作为弯道极限或近极限候选,True,False,False,False,,train_curve_normal_or_weak,弯道普通/弱侧倾训练候选,道路坐标确认在弯道，车辆动态较弱或更像正常过弯；保留为弯道普通/弱侧倾训练候选。,True,False,False,False,1,高度微动正常,True,True,False,
rec_v1_hzh_2025_09_26_20_50_27_0018,hzh,2025_09_26_20_50_27,F:\data_set_process\data_process\01_datasets\数据预处理\原始车辆数据\hzh\Entity_Recording_2025_09_26_20_50_27_vehicle.csv,18,455.525,460.49,4.965000000000032,457.325,457.32,,457.325,459.535,缺少一方起点,,极强,1,4.0,4.0,0.5966413494806195,无明显操作,坐标风险高,True,False,False,True,0.8,100.3945294117647,2.241580588235294,0.0852366647058823,0.0607419882352941,0.0311759088235294,0.8598721764705881,1.193282698961239,0.0,2.8489705882352894,3.4341861764705883,453.525,462.49,,,446.103,-11.904499999999985,review,需要复核,窗口/坐标风险,人工复核后再决定,,,False,False,暂不进入训练,用户复核后认为需要复核类基本可舍去，先整体降为舍弃/暂缓,False,False,True,True,0.0022000000000002,0.0100000000002182,0.00406195,0.0136067,3.49592,2.852800000000002,0.0,0.05628,2.24206,0.0852795,False,False,False,False,False,False,False,discard_prior_review,v1.1 已经人工复核为舍弃/暂缓，本轮继续不进入训练,v1.1 已经人工复核为舍弃/暂缓，本轮继续不进入训练,False,False,False,True,,True,0.0018201537607751,0.0147580416992943,0.8273426185340866,0.9597382989431305,1.74594,4,0.0197500000000019,2.852800000000002,0.03,0.0033986349264507,False,False,True,False,False,discard_prior_review,v1.1 已经人工复核为舍弃/暂缓，本轮继续不进入训练,v1.1 已经人工复核为舍弃/暂缓，本轮继续不进入训练,False,False,False,True,,-13.1426,-13.1437,-13.1415,0.0011000000000009,0.0010999999999992,False,discard_prior_review,继承 v1.3：此前已舍弃/暂缓，不进入当前训练候选,继承 v1.3：此前已舍弃/暂缓，不进入当前训练候选,False,False,False,True,,discard_prior_review,继承 v1.4：此前已舍弃或不适合作为当前主训练候选,继承 v1.4：此前已舍弃或不适合作为当前主训练候选,False,False,False,True,,discard_noncurve_prior_review,非弯道已舍弃或不适合作为当前候选：继承 v1.5,非弯道已舍弃或不适合作为当前候选：继承 v1.5,False,False,False,True,455.525,457.32,车辆响应,False,1.795000000000016,True,455.32,457.32,457.32,463.32,,ok,curve2,curve2,curve2,curve2,curve2,6,True,curve2,curve2,-2.6938645110883373e-15,675.8484491246771,4911.46,-4998.48,681.5729167548752,644.7492107822449,732.9304308633742,low_but_context_usable,9.19255e-10,9.19255e-10,-1.67653,1.69193,False,model_anchor:curve2:675.8:0.00000;episode_start:curve2:644.7:-0.00000;episode_end:curve2:732.9:-0.00000;episode_q25:curve2:666.5:-0.00000;episode_q50:curve2:687.3:0.00000;episode_q75:curve2:709.3:-0.00000,train_curve_coord_valid_normal_or_weak,道路坐标确认在弯道，车辆动态较弱或更像正常过弯，作为弯道普通/弱侧倾训练候选,道路坐标确认在弯道，车辆动态较弱或更像正常过弯，作为弯道普通/弱侧倾训练候选,True,False,False,False,,train_curve_normal_or_weak,弯道普通/弱侧倾训练候选,道路坐标确认在弯道，车辆动态较弱或更像正常过弯；保留为弯道普通/弱侧倾训练候选。,True,False,False,False,0,高度微动正常,True,True,False,
rec_v1_hzh_2025_09_26_20_50_27_0019,hzh,2025_09_26_20_50_27,F:\data_set_process\data_process\01_datasets\数据预处理\原始车辆数据\hzh\Entity_Recording_2025_09_26_20_50_27_vehicle.csv,19,474.53,477.95,3.420000000000016,475.44,475.1,475.42,475.44,475.535,车辆先变化,0.3199999999999932,极强,5,4.0,4.0,1.72452174740159,方向盘快速操作,正常,True,False,True,True,0.8,113.4491176470588,3.827206764705882,0.1531789999999999,0.1775037058823529,0.0533109617647058,1.1825371176470587,3.4490434948031803,0.0,4.041294117647055,3.378174705882353,472.53,479.95,middle_section,连续超车负荷事件段,475.27,-0.9700000000000272,core_extreme,核心极限样本,车辆动态强且驾驶员转向明显,多输出轨迹预测,,,False,False,保留为主训练候选,用户已初步复核，核心/保守弱操作/次级样本整体可保留,True,False,False,True,0.0029000000000003,0.0150000000001,0.00464703,0.0205287,3.48746,4.045000000000002,0.0,0.0852916,3.83591,0.153335,False,False,False,False,False,False,False,train_target_extreme,核心/次级目标极限事件，未触发超长或路外恢复风险，保留为训练候选,核心/次级目标极限事件，未触发超长或路外恢复风险，保留为训练候选,True,False,False,False,,True,0.0028878380966599,0.019967994990968,0.9958062402274604,0.9240321402483564,1.74373,4,3.864500000000007,4.045000000000002,0.03,0.0047545066282017,False,False,True,False,False,train_target_extreme,目标极限事件，未触发 v1.3 路边/超长风险，保留为训练候选,目标极限事件，未触发 v1.3 路边/超长风险，保留为训练候选,True,False,False,False,,-13.1427,-13.145,-13.1421,0.0022999999999999,0.0006000000000003,False,train_target_extreme,继承 v1.3：目标极限事件，保留为训练候选,继承 v1.3：目标极限事件，保留为训练候选,True,False,False,False,,train_target_extreme,继承 v1.4：目标极限事件，保留为当前主训练候选,继承 v1.4：目标极限事件，保留为当前主训练候选,True,False,False,False,,train_noncurve_target_extreme,非弯道主训练候选：继承 v1.5，作为当前主训练集,非弯道主训练候选：继承 v1.5，作为当前主训练集,True,False,False,False,474.53,475.1,车辆响应,False,0.57000000000005,False,473.1,475.1,475.1,481.1,,ok,middle_section|curve2,section5|curve2,middle_section,section5,curve2,1,True,middle_section,section5,3.215378085920196e-13,1008.7338710868564,5252.35,-5391.92,1004.8449253394506,996.1997938560606,1008.7338710868564,low_but_context_usable,3.10774e-11,2.60238e-09,-0.99359,1.66486,False,model_anchor:middle_section:1008.7:0.00000;episode_start:curve2:1000.5:0.00000;driver_action:middle_section:1007.3:0.00000;condition_peak:middle_section:1007.2:-0.00000;episode_end:middle_section:996.2:-0.00000;episode_q25:middle_section:1007.4:0.00000;episode_q50:middle_section:1002.5:-0.00000;episode_q75:middle_section:998.6:0.00000,train_curve_coord_valid_normal_or_weak,道路坐标确认在弯道，车辆动态较弱或更像正常过弯，作为弯道普通/弱侧倾训练候选,道路坐标确认在弯道，车辆动态较弱或更像正常过弯，作为弯道普通/弱侧倾训练候选,True,False,False,False,,train_curve_normal_or_weak,弯道普通/弱侧倾训练候选,道路坐标确认在弯道，车辆动态较弱或更像正常过弯；保留为弯道普通/弱侧倾训练候选。,True,False,False,False,0,高度微动正常,True,True,False,
rec_v1_hzh_2025_09_26_21_03_19_0003,hzh,2025_09_26_21_03_19,F:\data_set_process\data_process\01_datasets\数据预处理\原始车辆数据\hzh\Entity_Recording_2025_09_26_21_03_19_vehicle.csv,3,87.476,97.786,10.310000000000002,87.521,87.486,89.11,87.521,89.426,车辆先变化,1.6239999999999952,极强,5,4.0,4.0,2.460609705536039,方向盘快速操作,可能切在事件中段,True,False,True,True,0.8,119.164,5.154689242424243,0.2155465757575757,0.8775277727272728,0.0805710939393939,2.251494181818182,8.36601063636451,0.0,20.0229393939394,3.4108600000000004,85.476,99.786,curve1|middle_section,弯道路段|连续超车负荷事件段,94.4,1.7690000000000057,core_extreme,核心极限样本,车辆动态强且驾驶员转向明显,多输出轨迹预测,,,False,False,保留为主训练候选,用户已初步复核，核心/保守弱操作/次级样本整体可保留,True,False,False,True,0.0924192,1.232075000012716,0.037866366,0.386237,3.49609,20.02600000000001,0.0,0.1637229,5.47874,0.24111,False,False,False,False,False,False,False,train_target_extreme,核心/次级目标极限事件，未触发超长或路外恢复风险，保留为训练候选,核心/次级目标极限事件，未触发超长或路外恢复风险，保留为训练候选,True,False,False,False,,True,0.0931347678545762,1.230737490004166,1.007742631991796,0.5366149369544132,1.747085,14,19.64600000000001,20.02600000000001,0.03,0.0379147126600731,False,False,True,True,True,defer_roadedge_or_offroad,车速/制动/横向偏移/高度残差组合提示可能是路边恢复或上下马路，暂不进入主训练,车速/制动/横向偏移/高度残差组合提示可能是路边恢复或上下马路，暂不进入主训练,False,True,False,False,,-0.143284,-0.154368,-0.0619488,0.011084,0.0813352,False,discard_roadedge_without_large_zdrop,用户复核后抛弃：属于疑似上下马路/路边恢复，但没有明显大幅向下 z_drop，不进入当前训练候选,用户复核后抛弃：属于疑似上下马路/路边恢复，但没有明显大幅向下 z_drop，不进入当前训练候选,False,False,False,True,,discard_prior_review,继承 v1.4：此前已舍弃或不适合作为当前主训练候选,继承 v1.4：此前已舍弃或不适合作为当前主训练候选,False,False,False,True,,discard_curve_height_or_z_abnormal,弯道高度异常：高度明显变高、突变、非平滑，或不像正常下坡弯道,弯道高度异常：高度明显变高、突变、非平滑，或不像正常下坡弯道,False,False,False,True,87.476,87.486,车辆响应,False,0.0100000000000051,False,85.486,87.486,87.486,93.486,,ok,middle_section|curve1,section2|curve1,middle_section,section2,curve1,2,True,middle_section,section2,-2.5243548967066638e-29,4.189342636506598,2538.2,4.17734,4.584338023187353,2.679249308576962,7.077889483874013,high,0.0,2.60238e-09,1.68254,1.71858,False,model_anchor:middle_section:4.2:0.00000;episode_start:middle_section:4.2:0.00000;driver_action:middle_section:5.0:0.00000;condition_peak:middle_section:4.2:0.00000;episode_end:curve1:7.1:0.00000;episode_q25:middle_section:2.7:0.00000;episode_q50:middle_section:5.6:-0.00000;episode_q75:curve1:5.0:-0.00000,train_curve_coord_valid_roll_candidate,道路坐标确认在弯道，且车辆侧倾/横滚/横向动态明显，可作为弯道极限或近极限候选,道路坐标确认在弯道，且车辆侧倾/横滚/横向动态明显，可作为弯道极限或近极限候选,True,False,False,False,,train_curve_roll_dynamic,弯道侧倾/动态训练候选,道路坐标确认在弯道，车辆横滚/横摆/横向动态明显，动态信号数=3。,True,False,False,False,3,高度小幅复核,True,True,False,
rec_v1_hzh_2025_09_26_21_03_19_0011,hzh,2025_09_26_21_03_19,F:\data_set_process\data_process\01_datasets\数据预处理\原始车辆数据\hzh\Entity_Recording_2025_09_26_21_03_19_vehicle.csv,11,309.62,316.865,7.245000000000003,311.261,311.165,310.38,311.261,313.031,驾驶员先动,-0.785000000000025,极强,5,4.0,4.0,2.662028658753613,方向盘快速操作,正常,True,False,True,True,0.8,93.80553030303032,4.910131818181817,0.2138164545454545,0.2205070757575757,0.0683117833333333,2.000665606060606,9.050829972479637,0.229525,22.30391363636363,3.2567324242424247,307.62,318.865,curve2,弯道路段,311.95,-1.2925000000000182,core_extreme,核心极限样本,车辆动态强且驾驶员转向明显,多输出轨迹预测,,,False,False,保留为主训练候选,用户已初步复核，核心/保守弱操作/次级样本整体可保留,True,False,False,True,0.0091999999999998,0.0850000000042427,0.0220970599999999,0.0600146,3.48672,22.3159,0.229525,0.1212105,4.92045,0.214385,False,False,False,False,False,False,False,train_target_extreme,核心/次级目标极限事件，未触发超长或路外恢复风险，保留为训练候选,核心/次级目标极限事件，未触发超长或路外恢复风险，保留为训练候选,True,False,False,False,,True,0.0100273102285797,0.0854719136065684,1.0899250248456456,0.8481711525189786,1.74336,4,21.84089999999999,22.3159,0.199525,0.025012109558488,False,False,True,True,False,train_target_extreme,目标极限事件，未触发 v1.3 路边/超长风险，保留为训练候选,目标极限事件，未触发 v1.3 路边/超长风险，保留为训练候选,True,False,False,False,,-13.1414,-13.1504,-13.1412,0.0089999999999985,0.0002000000000013,False,train_target_extreme,继承 v1.3：目标极限事件，保留为训练候选,继承 v1.3：目标极限事件，保留为训练候选,True,False,False,False,,train_target_extreme,继承 v1.4：目标极限事件，保留为当前主训练候选,继承 v1.4：目标极限事件，保留为当前主训练候选,True,False,False,False,,train_curve_unclear_or_weak,弯道训练候选：高度只存在小波动，侧倾较弱或普通，先纳入候选,弯道训练候选：高度只存在小波动，侧倾较弱或普通，先纳入候选,True,False,False,False,309.62,310.38,驾驶员动作,False,0.7599999999999909,False,308.38,310.38,310.38,316.38,,ok,curve2,curve2,curve2,curve2,curve2,8,True,curve2,curve2,-2.273577167780383e-13,466.1588265739662,4698.81,-4749.87,483.2354311058812,451.13124903411233,576.5773663851493,medium,-3.10773e-11,9.50332e-10,-0.0226378,1.67738,False,model_anchor:curve2:466.2:-0.00000;episode_start:curve2:451.1:0.00000;vehicle_response:curve2:480.2:-0.00000;condition_peak:curve2:481.8:-0.00000;episode_end:curve2:576.6:0.00000;episode_q25:curve2:484.6:0.00000;episode_q50:curve2:517.2:0.00000;episode_q75:curve2:547.8:0.00000,train_curve_coord_valid_normal_or_weak,道路坐标确认在弯道，车辆动态较弱或更像正常过弯，作为弯道普通/弱侧倾训练候选,道路坐标确认在弯道，车辆动态较弱或更像正常过弯，作为弯道普通/弱侧倾训练候选,True,False,False,False,,train_curve_normal_or_weak,弯道普通/弱侧倾训练候选,道路坐标确认在弯道，车辆动态较弱或更像正常过弯；保留为弯道普通/弱侧倾训练候选。,True,False,False,False,0,高度微动正常,True,True,False,
rec_v1_hzh_2025_09_26_21_03_19_0012,hzh,2025_09_26_21_03_19,F:\data_set_process\data_process\01_datasets\数据预处理\原始车辆数据\hzh\Entity_Recording_2025_09_26_21_03_19_vehicle.csv,12,320.386,323.476,3.089999999999975,322.211,322.175,322.035,322.211,322.191,驾驶员先动,-0.1399999999999863,极强,2,4.0,4.0,1.521183400746525,方向盘快速操作,正常,True,False,True,True,0.8,99.83935,2.444002878787879,0.0989175181818181,0.1331976666666666,0.0334141196969697,1.107294893939394,5.171985009192744,0.0,4.799987878787874,3.273379090909091,318.386,325.476,,,311.95,-9.981000000000051,core_extreme,核心极限样本,车辆动态强且驾驶员转向明显,多输出轨迹预测,,,False,False,保留为主训练候选,用户已初步复核，核心/保守弱操作/次级样本整体可保留,True,False,False,True,0.0016000000000016,0.0425000000024056,0.0017219199999999,0.00727093,3.48516,4.8027000000000015,0.0,0.0661488,2.44738,0.0993505,False,False,False,False,False,False,False,train_target_extreme,核心/次级目标极限事件，未触发超长或路外恢复风险，保留为训练候选,核心/次级目标极限事件，未触发超长或路外恢复风险，保留为训练候选,True,False,False,False,,True,0.0013559791193067,0.0427837452127815,0.847486949565864,0.9724919093851132,1.74258,2,0.0474999999999994,4.8027000000000015,0.03,0.0011393152596984,False,False,True,False,False,train_target_extreme,目标极限事件，未触发 v1.3 路边/超长风险，保留为训练候选,目标极限事件，未触发 v1.3 路边/超长风险，保留为训练候选,True,False,False,False,,-13.1413,-13.1422,-13.1406,0.0009000000000014,0.0007000000000001,False,train_target_extreme,继承 v1.3：目标极限事件，保留为训练候选,继承 v1.3：目标极限事件，保留为训练候选,True,False,False,False,,train_target_extreme,继承 v1.4：目标极限事件，保留为当前主训练候选,继承 v1.4：目标极限事件，保留为当前主训练候选,True,False,False,False,,train_noncurve_target_extreme,非弯道主训练候选：继承 v1.5，作为当前主训练集,非弯道主训练候选：继承 v1.5，作为当前主训练集,True,False,False,False,320.386,322.035,驾驶员动作,False,1.649000000000001,True,320.035,322.035,322.035,328.035,,ok,curve2,curve2,curve2,curve2,curve2,8,True,curve2,curve2,2.693864511092012e-15,663.6372913185023,4899.07,-4983.45,664.7485394485548,635.6245899014792,687.6642658562853,low_but_context_usable,-8.72639e-10,9.19255e-10,-1.22627,1.67784,False,model_anchor:curve2:663.6:-0.00000;episode_start:curve2:635.6:-0.00000;vehicle_response:curve2:665.9:0.00000;condition_peak:curve2:666.4:-0.00000;episode_end:curve2:687.7:0.00000;episode_q25:curve2:649.2:0.00000;episode_q50:curve2:662.0:0.00000;episode_q75:curve2:674.4:0.00000,train_curve_coord_valid_normal_or_weak,道路坐标确认在弯道，车辆动态较弱或更像正常过弯，作为弯道普通/弱侧倾训练候选,道路坐标确认在弯道，车辆动态较弱或更像正常过弯，作为弯道普通/弱侧倾训练候选,True,False,False,False,,train_curve_normal_or_weak,弯道普通/弱侧倾训练候选,道路坐标确认在弯道，车辆动态较弱或更像正常过弯；保留为弯道普通/弱侧倾训练候选。,True,False,False,False,0,高度微动正常,True,True,False,
rec_v1_hzh_2025_09_26_21_03_19_0013,hzh,2025_09_26_21_03_19,F:\data_set_process\data_process\01_datasets\数据预处理\原始车辆数据\hzh\Entity_Recording_2025_09_26_21_03_19_vehicle.csv,13,326.016,328.846,2.829999999999984,326.685,326.236,326.07,326.685,327.07,驾驶员先动,-0.1659999999999968,极强,5,4.0,4.0,4.0,方向盘快速操作,正常,True,False,True,True,0.8,107.34556060606062,4.344125606060606,0.1997843787878788,0.2935601363636363,0.0621990045454545,2.1358010606060605,14.122546905512824,0.0,3.646787878787876,3.3522195454545454,324.016,330.846,,,339.2,11.768999999999949,core_extreme,核心极限样本,车辆动态强且驾驶员转向明显,多输出轨迹预测,,,False,False,保留为主训练候选,用户已初步复核，核心/保守弱操作/次级样本整体可保留,True,False,False,True,0.0043000000000006,0.0425000000032014,0.0010017,0.00558639,3.4903500000000003,3.6439999999999912,0.0,0.1143039999999999,4.34698,0.200992,False,False,False,False,False,False,False,train_target_extreme,核心/次级目标极限事件，未触发超长或路外恢复风险，保留为训练候选,核心/次级目标极限事件，未触发超长或路外恢复风险，保留为训练候选,True,False,False,False,,True,0.0040943961147714,0.0429895330633675,0.9521851429699764,0.8780918727915195,1.745175,6,0.0379999999999967,3.6439999999999912,0.03,0.0010424517306573,False,False,True,False,False,train_target_extreme,目标极限事件，未触发 v1.3 路边/超长风险，保留为训练候选,目标极限事件，未触发 v1.3 路边/超长风险，保留为训练候选,True,False,False,False,,-13.1418,-13.1434,-13.1391,0.0015999999999998,0.0027000000000008,False,train_target_extreme,继承 v1.3：目标极限事件，保留为训练候选,继承 v1.3：目标极限事件，保留为训练候选,True,False,False,False,,train_target_extreme,继承 v1.4：目标极限事件，保留为当前主训练候选,继承 v1.4：目标极限事件，保留为当前主训练候选,True,False,False,False,,train_noncurve_target_extreme,非弯道主训练候选：继承 v1.5，作为当前主训练集,非弯道主训练候选：继承 v1.5，作为当前主训练集,True,False,False,False,326.016,326.07,驾驶员动作,False,0.0539999999999736,False,324.07,326.07,326.07,332.07,,ok,curve2,curve2,curve2,curve2,curve2,8,True,curve2,curve2,-2.6938645110883373e-15,736.8827152659348,4973.36,-5071.17,749.3892175758856,735.8169388083268,792.6646949366371,low_but_context_usable,6.21546e-11,2.66453e-09,1.13368,1.73415,False,model_anchor:curve2:736.9:0.00000;episode_start:curve2:735.8:0.00000;vehicle_response:curve2:740.1:0.00000;condition_peak:curve2:749.0:-0.00000;episode_end:curve2:792.7:0.00000;episode_q25:curve2:749.8:0.00000;episode_q50:curve2:764.8:-0.00000;episode_q75:curve2:779.3:-0.00000,train_curve_coord_valid_normal_or_weak,道路坐标确认在弯道，车辆动态较弱或更像正常过弯，作为弯道普通/弱侧倾训练候选,道路坐标确认在弯道，车辆动态较弱或更像正常过弯，作为弯道普通/弱侧倾训练候选,True,False,False,False,,train_curve_normal_or_weak,弯道普通/弱侧倾训练候选,道路坐标确认在弯道，车辆动态较弱或更像正常过弯；保留为弯道普通/弱侧倾训练候选。,True,False,False,False,0,高度微动正常,True,True,False,
rec_v1_hzh_2025_09_26_21_17_02_0006,hzh,2025_09_26_21_17_02,F:\data_set_process\data_process\01_datasets\数据预处理\原始车辆数据\hzh\Entity_Recording_2025_09_26_21_17_02_vehicle.csv,6,124.3,127.1,2.799999999999997,126.355,124.575,,126.355,125.545,缺少一方起点,,极强,2,4.0,4.0,0.519612797578074,无明显操作,正常,True,False,True,True,0.8,94.01315588235296,1.7123538235294118,0.0724173529411764,0.0592149735294117,0.0253269794117647,0.6556739705882353,1.039225595156148,0.0,3.5144058823529463,3.445019705882353,122.3,129.1,,,117.4,-8.299999999999983,conservative_extreme,保守/弱操作极限样本,车辆动态强但驾驶员转向不强,车辆状态预测+驾驶员类型分类,,,False,False,保留为主训练候选,用户已初步复核，核心/保守弱操作/次级样本整体可保留,True,False,False,True,0.0012039999999999,0.0062500000000014,0.0011721499999999,0.00818153,3.49322,3.519149999999996,0.0,0.0370528,1.71442,0.0724653,False,False,False,False,False,False,False,train_conservative_extreme,保守/弱操作极限样本，未触发超长或路外恢复风险，保留为训练候选,保守/弱操作极限样本，未触发超长或路外恢复风险，保留为训练候选,True,False,False,False,,True,0.0011514309229798,0.0062191839652317,0.9563379758969568,0.5379125780553078,1.74661,2,0.0276499999999941,3.519149999999996,0.03,0.0012622183218764,False,False,True,False,False,train_conservative_extreme,保守/弱操作极限样本，未触发 v1.3 路边/超长风险，保留为训练候选,保守/弱操作极限样本，未触发 v1.3 路边/超长风险，保留为训练候选,True,False,False,False,,-0.1416695,-0.14256,-0.141356,0.0008904999999999,0.0003134999999999,False,train_conservative_extreme,继承 v1.3：保守/弱操作极限样本，保留为训练候选,继承 v1.3：保守/弱操作极限样本，保留为训练候选,True,False,False,False,,train_conservative_extreme,继承 v1.4：保守/弱操作极限样本，保留为当前主训练候选,继承 v1.4：保守/弱操作极限样本，保留为当前主训练候选,True,False,False,False,,train_noncurve_target_extreme,非弯道主训练候选：继承 v1.5，作为当前主训练集,非弯道主训练候选：继承 v1.5，作为当前主训练集,True,False,False,False,124.3,124.575,车辆响应,False,0.2750000000000057,False,122.575,124.575,124.575,130.575,,ok,curve1,curve1,curve1,curve1,curve1,7,True,curve1,curve1,7.105427357601002e-15,6.049885546870059,2948.9,6.04506,5.234465876990274,3.573157407246484,6.049885546870059,high,-6.21546e-11,1.01249e-09,0.0490753,1.73316,False,model_anchor:curve1:6.0:-0.00000;episode_start:curve1:6.0:0.00000;condition_peak:curve1:4.3:0.00000;episode_end:curve1:3.6:-0.00000;episode_q25:curve1:6.0:-0.00000;episode_q50:curve1:5.2:-0.00000;episode_q75:curve1:4.2:0.00000,train_curve_coord_valid_normal_or_weak,道路坐标确认在弯道，车辆动态较弱或更像正常过弯，作为弯道普通/弱侧倾训练候选,道路坐标确认在弯道，车辆动态较弱或更像正常过弯，作为弯道普通/弱侧倾训练候选,True,False,False,False,,train_curve_normal_or_weak,弯道普通/弱侧倾训练候选,道路坐标确认在弯道，车辆动态较弱或更像正常过弯；保留为弯道普通/弱侧倾训练候选。,True,False,False,False,0,高度微动正常,True,True,False,
rec_v1_hzh_2025_09_26_21_17_02_0007,hzh,2025_09_26_21_17_02,F:\data_set_process\data_process\01_datasets\数据预处理\原始车辆数据\hzh\Entity_Recording_2025_09_26_21_17_02_vehicle.csv,7,129.31,132.645,3.335000000000008,130.065,130.06,,130.065,130.595,缺少一方起点,,极强,2,4.0,4.0,0.4290708304496704,无明显操作,正常,True,False,True,True,0.8,96.51389411764708,1.2843173529411764,0.0497498323529411,0.0493907147058823,0.0190233029411764,0.5062787647058824,0.8581416608993409,0.0,1.928061764705873,3.4383485294117646,127.31,134.645,,,117.4,-13.577500000000017,conservative_extreme,保守/弱操作极限样本,车辆动态强但驾驶员转向不强,车辆状态预测+驾驶员类型分类,,,False,False,保留为主训练候选,用户已初步复核，核心/保守弱操作/次级样本整体可保留,True,False,False,True,0.0018279999999999,0.0061999999999837,0.0039038599999999,0.0120265,3.49365,1.9298500000000016,0.0,0.03364,1.28573,0.0497652,False,False,False,False,False,False,False,train_conservative_extreme,保守/弱操作极限样本，未触发超长或路外恢复风险，保留为训练候选,保守/弱操作极限样本，未触发超长或路外恢复风险，保留为训练候选,True,False,False,False,,True,0.0018046779969567,0.006031992231048,0.9872417926459752,0.5625468164794007,1.746825,2,1.9298500000000016,1.9298500000000016,0.03,0.0047127048480923,False,False,True,False,False,train_conservative_extreme,保守/弱操作极限样本，未触发 v1.3 路边/超长风险，保留为训练候选,保守/弱操作极限样本，未触发 v1.3 路边/超长风险，保留为训练候选,True,False,False,False,,-0.143411,-0.143736,-0.141908,0.0003249999999999,0.001503,False,train_conservative_extreme,继承 v1.3：保守/弱操作极限样本，保留为训练候选,继承 v1.3：保守/弱操作极限样本，保留为训练候选,True,False,False,False,,train_conservative_extreme,继承 v1.4：保守/弱操作极限样本，保留为当前主训练候选,继承 v1.4：保守/弱操作极限样本，保留为当前主训练候选,True,False,False,False,,train_noncurve_target_extreme,非弯道主训练候选：继承 v1.5，作为当前主训练集,非弯道主训练候选：继承 v1.5，作为当前主训练集,True,False,False,False,129.31,130.06,车辆响应,False,0.75,False,128.06,130.06,130.06,136.06,,ok,curve1,curve1,curve1,curve1,curve1,6,True,curve1,curve1,1.4210854715202004e-14,4.218389971674941,3094.63,4.19002,4.985090942469828,3.4719240217894813,6.76722963022019,high,-2.92411e-08,2.92411e-08,1.69371,1.69371,False,model_anchor:curve1:4.2:-0.00000;episode_start:curve1:3.5:0.00000;episode_end:curve1:6.8:-0.00000;episode_q25:curve1:4.3:0.00000;episode_q50:curve1:5.7:-0.00000;episode_q75:curve1:6.6:0.00000,train_curve_coord_valid_normal_or_weak,道路坐标确认在弯道，车辆动态较弱或更像正常过弯，作为弯道普通/弱侧倾训练候选,道路坐标确认在弯道，车辆动态较弱或更像正常过弯，作为弯道普通/弱侧倾训练候选,True,False,False,False,,train_curve_normal_or_weak,弯道普通/弱侧倾训练候选,道路坐标确认在弯道，车辆动态较弱或更像正常过弯；保留为弯道普通/弱侧倾训练候选。,True,False,False,False,0,高度微动正常,True,True,False,
rec_v1_hzh_2025_09_26_21_17_02_0008,hzh,2025_09_26_21_17_02,F:\data_set_process\data_process\01_datasets\数据预处理\原始车辆数据\hzh\Entity_Recording_2025_09_26_21_17_02_vehicle.csv,8,152.94,157.29,4.349999999999994,154.49,153.1,154.12,154.49,154.2,车辆先变化,1.0200000000000102,极强,4,4.0,4.0,1.2263057093435368,制动为主,正常,True,False,True,True,0.8,113.05623529411764,2.569299411764705,0.0909728558823529,0.1336488823529411,0.03569255,0.8629572058823529,2.4526114186870736,0.1235523,6.932058823529431,3.398388529411765,150.94,159.29,curve1,弯道路段,157.45,2.3349999999999795,conservative_extreme,保守/弱操作极限样本,车辆动态强但驾驶员转向不强,车辆状态预测+驾驶员类型分类,,,False,False,保留为主训练候选,用户已初步复核，核心/保守弱操作/次级样本整体可保留,True,False,False,True,0.004802,0.0113999999999929,0.01328746,0.0247561,3.48954,6.934000000000012,0.1235523,0.0649729,2.57303,0.0910219,False,False,False,False,False,False,False,train_conservative_extreme,保守/弱操作极限样本，未触发超长或路外恢复风险，保留为训练候选,保守/弱操作极限样本，未触发超长或路外恢复风险，保留为训练候选,True,False,False,False,,True,0.0044715003744963,0.0111884246781278,0.9311745886081508,0.5232624928202183,1.7447700000000002,2,6.5190000000000055,6.934000000000012,0.0935523,0.0127902387169653,False,False,True,False,False,train_conservative_extreme,保守/弱操作极限样本，未触发 v1.3 路边/超长风险，保留为训练候选,保守/弱操作极限样本，未触发 v1.3 路边/超长风险，保留为训练候选,True,False,False,False,,-0.14273175,-0.1463,-0.141498,0.00356825,0.0012337499999999,False,train_conservative_extreme,继承 v1.3：保守/弱操作极限样本，保留为训练候选,继承 v1.3：保守/弱操作极限样本，保留为训练候选,True,False,False,False,,train_conservative_extreme,继承 v1.4：保守/弱操作极限样本，保留为当前主训练候选,继承 v1.4：保守/弱操作极限样本，保留为当前主训练候选,True,False,False,False,,discard_curve_height_or_z_abnormal,弯道高度异常：高度明显变高、突变、非平滑，或不像正常下坡弯道,弯道高度异常：高度明显变高、突变、非平滑，或不像正常下坡弯道,False,False,False,True,152.94,153.1,车辆响应,False,0.1599999999999966,False,151.1,153.1,153.1,159.1,,ok,curve1,curve1,curve1,curve1,curve1,8,True,curve1,curve1,-1.4210854715202004e-14,6.143677668352313,3770.77,6.13243,4.757543123318685,0.11356652820018,6.143677668352313,high,-8.20175e-10,2.92411e-08,0.135635,1.6742,False,model_anchor:curve1:6.1:-0.00000;episode_start:curve1:6.1:0.00000;driver_action:curve1:5.2:-0.00000;condition_peak:curve1:4.3:-0.00000;episode_end:curve1:0.1:0.00000;episode_q25:curve1:5.4:0.00000;episode_q50:curve1:3.3:-0.00000;episode_q75:curve1:2.8:-0.00000,train_curve_coord_valid_normal_or_weak,道路坐标确认在弯道，车辆动态较弱或更像正常过弯，作为弯道普通/弱侧倾训练候选,道路坐标确认在弯道，车辆动态较弱或更像正常过弯，作为弯道普通/弱侧倾训练候选,True,False,False,False,,train_curve_normal_or_weak,弯道普通/弱侧倾训练候选,道路坐标确认在弯道，车辆动态较弱或更像正常过弯；保留为弯道普通/弱侧倾训练候选。,True,False,False,False,0,高度微动正常,True,True,False,
rec_v1_hzh_2025_09_26_21_17_02_0010,hzh,2025_09_26_21_17_02,F:\data_set_process\data_process\01_datasets\数据预处理\原始车辆数据\hzh\Entity_Recording_2025_09_26_21_17_02_vehicle.csv,10,189.4,190.175,0.7750000000000057,189.41,189.405,,189.41,189.4,缺少一方起点,,极强,1,4.0,4.0,0.3,无明显操作,事件很短,True,False,False,True,0.8,85.64868382352941,0.2878316176470588,0.0132240382352941,0.0076328044117647,0.0042720173529411,0.087826044117647,0.2153900173011356,0.0,0.7630264705882297,3.4619385294117646,187.4,192.175,,,197.6,7.812499999999972,conservative_extreme,保守/弱操作极限样本,车辆动态强但驾驶员转向不强,车辆状态预测+驾驶员类型分类,,,False,False,保留为主训练候选,用户已初步复核，核心/保守弱操作/次级样本整体可保留,True,False,False,True,0.0002300000000001,0.0030000000000427,0.00049021,0.00466371,3.49608,0.7667999999999893,0.0,0.003571253,0.2902595,0.0132988,False,False,False,False,False,False,False,train_conservative_extreme,保守/弱操作极限样本，未触发超长或路外恢复风险，保留为训练候选,保守/弱操作极限样本，未触发超长或路外恢复风险，保留为训练候选,True,False,False,False,,True,0.0002176668023272,0.0029086429801621,0.9463774014224816,0.8135048231511254,1.74804,2,0.0216999999999956,0.7667999999999893,0.03,0.0004757539244243,False,False,True,False,False,train_conservative_extreme,保守/弱操作极限样本，未触发 v1.3 路边/超长风险，保留为训练候选,保守/弱操作极限样本，未触发 v1.3 路边/超长风险，保留为训练候选,True,False,False,False,,-7.141795,-7.14189,-7.14166,9.499999999995624e-05,0.0001350000000002,False,train_conservative_extreme,继承 v1.3：保守/弱操作极限样本，保留为训练候选,继承 v1.3：保守/弱操作极限样本，保留为训练候选,True,False,False,False,,train_conservative_extreme,继承 v1.4：保守/弱操作极限样本，保留为当前主训练候选,继承 v1.4：保守/弱操作极限样本，保留为当前主训练候选,True,False,False,False,,train_noncurve_target_extreme,非弯道主训练候选：继承 v1.5，作为当前主训练集,非弯道主训练候选：继承 v1.5，作为当前主训练集,True,False,False,False,189.4,189.405,车辆响应,False,0.0049999999999954,False,187.405,189.405,189.405,195.405,,ok,curve1,curve1,curve1,curve1,curve1,6,True,curve1,curve1,-5.717201168262494e-05,281.0150078279282,4461.43,-190.148,281.2619854504345,281.0150078279282,281.657524492682,medium,-5.7492e-05,5.7492e-05,1.718,1.72191,False,model_anchor:curve1:281.0:-0.00006;condition_peak:curve1:281.0:-0.00006;episode_end:curve1:281.7:-0.00004;episode_q25:curve1:281.2:-0.00005;episode_q50:curve1:281.3:-0.00005;episode_q75:curve1:281.5:-0.00004,train_curve_coord_valid_normal_or_weak,道路坐标确认在弯道，车辆动态较弱或更像正常过弯，作为弯道普通/弱侧倾训练候选,道路坐标确认在弯道，车辆动态较弱或更像正常过弯，作为弯道普通/弱侧倾训练候选,True,False,False,False,,train_curve_normal_or_weak,弯道普通/弱侧倾训练候选,道路坐标确认在弯道，车辆动态较弱或更像正常过弯；保留为弯道普通/弱侧倾训练候选。,True,False,False,False,0,高度微动正常,True,True,False,
rec_v1_hzh_2025_09_26_21_17_02_0020,hzh,2025_09_26_21_17_02,F:\data_set_process\data_process\01_datasets\数据预处理\原始车辆数据\hzh\Entity_Recording_2025_09_26_21_17_02_vehicle.csv,20,362.43,379.825,17.394999999999982,363.675,362.58,362.48,363.675,362.835,驾驶员先动,-0.0999999999999659,极强,5,4.0,4.0,1.50882,方向盘快速操作,正常,True,False,True,True,0.8,90.71948823529412,3.199773823529412,0.1380549411764706,0.1491321176470588,0.0444075529411764,1.429763411764706,2.794490034597758,0.180882,9.362858823529422,3.430630588235294,360.43,381.825,curve2,弯道路段,362.8,-8.327499999999986,core_extreme,核心极限样本,车辆动态强且驾驶员转向明显,多输出轨迹预测,,,False,False,保留为主训练候选,用户已初步复核，核心/保守弱操作/次级样本整体可保留,True,False,False,True,0.0077999999999995,0.0350000000000818,0.01808195,0.0613059,3.49865,9.3694,0.180882,0.0872788999999999,3.20177,0.138122,True,False,False,False,False,False,False,review_duration_15_20s,持续时间 15-20 秒，接近或超过常规事件上限，先进入复核而不直接训练,持续时间 17.39 秒，接近或超过常规事件上限，先进入复核而不直接训练,False,True,False,False,,True,0.0062960544263805,0.0351629734979361,0.8071864649206406,0.9545911768932318,1.745945,6,8.793199999999999,9.3694,0.150882,0.0142057358431658,False,False,True,False,False,review_duration_15_20s,持续时间 15-20 秒，先进入复核而不直接训练,持续时间 17.39 秒，先进入复核而不直接训练,False,True,False,False,F:\data_set_process\data_process\05_rebuild_from_raw_20260511\02_samples\record_level_episode_reconstruction_v1_3_cleaned\figures\review_panels_v1_3\03_15到20秒_需要复核\0533_rec_v1_hzh_2025_09_26_21_17_02_0020.png,-13.146625,-13.1485,-13.1407,0.001875,0.0059249999999995,False,defer_prior_review,继承 v1.3：仍需要复核或拆分，暂不进入当前训练候选,继承 v1.3：仍需要复核或拆分，暂不进入当前训练候选,False,True,False,False,,defer_prior_review,继承 v1.4：仍需复核或拆分，不进入当前主训练候选,继承 v1.4：仍需复核或拆分，不进入当前主训练候选,False,True,False,False,,train_curve_unclear_or_weak,弯道训练候选：高度只存在小波动，侧倾较弱或普通，先纳入候选,弯道训练候选：高度只存在小波动，侧倾较弱或普通，先纳入候选,True,False,False,False,362.43,362.48,驾驶员动作,False,0.0500000000000113,False,360.48,362.48,362.48,368.48,F:\data_set_process\data_process\05_rebuild_from_raw_20260511\02_samples\record_level_episode_reconstruction_v1_8_anchor_curve_revised\figures\review_panels_v1_8\04_弯道_高度小波动普通或弱侧倾_纳入\0533_rec_v1_hzh_2025_09_26_21_17_02_0020.png,ok,curve2,curve2,curve2,curve2,curve2,8,True,curve2,curve2,5.387729022184024e-15,470.3217835227168,4703.04,-4755.49,514.0109291399276,469.2863376788046,752.957850781247,low_but_context_usable,0.0,2.72669e-09,-0.503426,1.66367,False,model_anchor:curve2:470.3:0.00000;episode_start:curve2:469.3:-0.00000;vehicle_response:curve2:472.1:0.00000;condition_peak:curve2:489.5:0.00000;episode_end:curve2:753.0:0.00000;episode_q25:curve2:538.5:-0.00000;episode_q50:curve2:608.9:0.00000;episode_q75:curve2:680.6:0.00000,train_curve_coord_valid_normal_or_weak,道路坐标确认在弯道，车辆动态较弱或更像正常过弯，作为弯道普通/弱侧倾训练候选,道路坐标确认在弯道，车辆动态较弱或更像正常过弯，作为弯道普通/弱侧倾训练候选,True,False,False,False,,train_curve_normal_or_weak,弯道普通/弱侧倾训练候选,道路坐标确认在弯道，车辆动态较弱或更像正常过弯；保留为弯道普通/弱侧倾训练候选。,True,False,False,False,0,高度微动正常,True,True,False,
rec_v1_hzh_2025_09_26_21_17_02_0021,hzh,2025_09_26_21_17_02,F:\data_set_process\data_process\01_datasets\数据预处理\原始车辆数据\hzh\Entity_Recording_2025_09_26_21_17_02_vehicle.csv,21,382.165,385.255,3.089999999999975,383.38,382.4,383.24,383.38,383.305,车辆先变化,0.8400000000000318,极强,2,4.0,4.0,1.0535686193774687,弱操作,正常,True,False,True,True,0.8,104.05249999999998,1.5480558823529411,0.0637848617647058,0.1009382352941176,0.02319765,0.6786611764705882,2.1071372387549374,0.0,4.250558823529403,3.432184411764706,380.165,387.255,,,393.1,9.389999999999986,conservative_extreme,保守/弱操作极限样本,车辆动态强但驾驶员转向不强,车辆状态预测+驾驶员类型分类,,,False,False,保留为主训练候选,用户已初步复核，核心/保守弱操作/次级样本整体可保留,True,False,False,True,0.0007000000000001,0.0100000000002182,0.0004635599999999,0.003683,3.49301,4.251999999999995,0.0,0.0427067,1.54972,0.0638897,False,False,False,False,False,False,False,train_conservative_extreme,保守/弱操作极限样本，未触发超长或路外恢复风险，保留为训练候选,保守/弱操作极限样本，未触发超长或路外恢复风险，保留为训练候选,True,False,False,False,,True,0.0007122446769916,0.0100153058464746,1.017492395702144,0.9773645917542442,1.746505,2,0.0310000000000059,4.251999999999995,0.03,0.0004961139981869,False,False,True,False,False,train_conservative_extreme,保守/弱操作极限样本，未触发 v1.3 路边/超长风险，保留为训练候选,保守/弱操作极限样本，未触发 v1.3 路边/超长风险，保留为训练候选,True,False,False,False,,-13.1419,-13.1423,-13.1416,0.0004000000000008,0.0002999999999993,False,train_conservative_extreme,继承 v1.3：保守/弱操作极限样本，保留为训练候选,继承 v1.3：保守/弱操作极限样本，保留为训练候选,True,False,False,False,,train_conservative_extreme,继承 v1.4：保守/弱操作极限样本，保留为当前主训练候选,继承 v1.4：保守/弱操作极限样本，保留为当前主训练候选,True,False,False,False,,train_noncurve_target_extreme,非弯道主训练候选：继承 v1.5，作为当前主训练集,非弯道主训练候选：继承 v1.5，作为当前主训练集,True,False,False,False,382.165,382.4,车辆响应,False,0.2349999999999568,False,380.4,382.4,382.4,388.4,,ok,curve2,curve2,curve2,curve2,curve2,8,True,curve2,curve2,-2.2735771677803466e-13,798.5444959459307,5035.89,-5144.09,815.931835418231,794.1840747321269,853.1541158116952,low_but_context_usable,0.0,2.66453e-09,0.766634,1.70352,False,model_anchor:curve2:798.5:0.00000;episode_start:curve2:794.2:0.00000;driver_action:curve2:814.6:0.00000;condition_peak:curve2:817.3:0.00000;episode_end:curve2:853.2:-0.00000;episode_q25:curve2:808.6:0.00000;episode_q50:curve2:823.8:0.00000;episode_q75:curve2:838.7:-0.00000,train_curve_coord_valid_normal_or_weak,道路坐标确认在弯道，车辆动态较弱或更像正常过弯，作为弯道普通/弱侧倾训练候选,道路坐标确认在弯道，车辆动态较弱或更像正常过弯，作为弯道普通/弱侧倾训练候选,True,False,False,False,,train_curve_normal_or_weak,弯道普通/弱侧倾训练候选,道路坐标确认在弯道，车辆动态较弱或更像正常过弯；保留为弯道普通/弱侧倾训练候选。,True,False,False,False,0,高度微动正常,True,True,False,
rec_v1_hzh_2025_09_26_21_17_02_0022,hzh,2025_09_26_21_17_02,F:\data_set_process\data_process\01_datasets\数据预处理\原始车辆数据\hzh\Entity_Recording_2025_09_26_21_17_02_vehicle.csv,22,389.715,393.47,3.755000000000052,391.155,390.8,,391.155,390.795,缺少一方起点,,极强,2,4.0,4.0,0.471676615916267,无明显操作,正常,True,False,True,True,0.8,114.52682352941176,1.6979891176470587,0.0618008882352941,0.0539381264705882,0.0253850735294117,0.6341856176470588,0.943353231832534,0.0,4.197705882352949,3.424259117647059,387.715,395.47,middle_section,连续超车负荷事件段,393.1,1.50750000000005,conservative_extreme,保守/弱操作极限样本,车辆动态强但驾驶员转向不强,车辆状态预测+驾驶员类型分类,,,False,False,保留为主训练候选,用户已初步复核，核心/保守弱操作/次级样本整体可保留,True,False,False,True,0.0009999999999994,0.0100000000002182,0.00094744,0.00399598,3.49065,4.1995000000000005,0.0,0.0433879,1.70152,0.0618419,False,False,False,False,False,False,False,train_conservative_extreme,保守/弱操作极限样本，未触发超长或路外恢复风险，保留为训练候选,保守/弱操作极限样本，未触发超长或路外恢复风险，保留为训练候选,True,False,False,False,,True,0.0006598164859603,0.0101575824082637,0.6598164859607587,0.9866932801064536,1.745325,2,0.0264999999999986,4.1995000000000005,0.03,0.0005751086455056,False,False,True,False,False,train_conservative_extreme,保守/弱操作极限样本，未触发 v1.3 路边/超长风险，保留为训练候选,保守/弱操作极限样本，未触发 v1.3 路边/超长风险，保留为训练候选,True,False,False,False,,-13.1421,-13.1427,-13.1417,0.0006000000000003,0.000399999999999,False,train_conservative_extreme,继承 v1.3：保守/弱操作极限样本，保留为训练候选,继承 v1.3：保守/弱操作极限样本，保留为训练候选,True,False,False,False,,train_conservative_extreme,继承 v1.4：保守/弱操作极限样本，保留为当前主训练候选,继承 v1.4：保守/弱操作极限样本，保留为当前主训练候选,True,False,False,False,,train_noncurve_target_extreme,非弯道主训练候选：继承 v1.5，作为当前主训练集,非弯道主训练候选：继承 v1.5，作为当前主训练集,True,False,False,False,389.715,390.8,车辆响应,False,1.0850000000000364,False,388.8,390.8,390.8,396.8,,ok,curve2|middle_section,curve2|section5,curve2,curve2,curve2,6,True,curve2,curve2,-0.0002252484577128,961.8434356495134,5201.71,-5333.49,968.6200833456948,940.7030279713148,1005.973656618946,low_but_context_usable,6.39559e-10,1.01249e-09,-1.10623,1.69734,False,model_anchor:curve2:961.8:0.00000;episode_start:curve2:940.7:0.00000;condition_peak:curve2:968.6:-0.00000;episode_end:middle_section:1006.0:0.00000;episode_q25:curve2:959.1:0.00000;episode_q50:curve2:977.0:-0.00000;episode_q75:curve2:995.8:-0.00000,train_curve_coord_valid_normal_or_weak,道路坐标确认在弯道，车辆动态较弱或更像正常过弯，作为弯道普通/弱侧倾训练候选,道路坐标确认在弯道，车辆动态较弱或更像正常过弯，作为弯道普通/弱侧倾训练候选,True,False,False,False,,train_curve_normal_or_weak,弯道普通/弱侧倾训练候选,道路坐标确认在弯道，车辆动态较弱或更像正常过弯；保留为弯道普通/弱侧倾训练候选。,True,False,False,False,0,高度微动正常,True,True,False,
rec_v1_hzh_2025_09_27_19_22_27_0002,hzh,2025_09_27_19_22_27,F:\data_set_process\data_process\01_datasets\数据预处理\原始车辆数据\hzh\Entity_Recording_2025_09_27_19_22_27_vehicle.csv,2,110.717,119.43,8.713000000000008,110.762,110.727,,110.762,116.497,缺少一方起点,,极强,2,4.0,4.0,0.7149624358517561,无明显操作,可能切在事件中段,True,False,True,True,0.8,112.04820731707318,2.567199756097561,0.1045991219512195,0.0907515573170731,0.0357272926829268,1.0216049024390244,1.4299248717035122,0.0,5.914573170731714,3.3896168292682924,108.717,121.43,curve1,弯道路段,114.4,-0.67349999999999,conservative_extreme,保守/弱操作极限样本,车辆动态强但驾驶员转向不强,车辆状态预测+驾驶员类型分类,,,False,False,保留为主训练候选,用户已初步复核，核心/保守弱操作/次级样本整体可保留,True,False,False,True,0.0026889999999999,0.0069333333333112,0.0051885,0.0163041,3.49855,5.918000000000006,0.0,0.0685226999999999,2.58086,0.105239,False,False,False,False,False,False,False,train_conservative_extreme,保守/弱操作极限样本，未触发超长或路外恢复风险，保留为训练候选,保守/弱操作极限样本，未触发超长或路外恢复风险，保留为训练候选,True,False,False,False,,True,0.002441234642865,0.006855860687503,0.9078596663685818,0.5756097560975609,1.74757,6,5.918000000000006,5.918000000000006,0.03,0.0049052944050366,False,False,True,False,False,train_conservative_extreme,保守/弱操作极限样本，未触发 v1.3 路边/超长风险，保留为训练候选,保守/弱操作极限样本，未触发 v1.3 路边/超长风险，保留为训练候选,True,False,False,False,,-0.143969,-0.144201,-0.141512,0.0002319999999999,0.002457,False,train_conservative_extreme,继承 v1.3：保守/弱操作极限样本，保留为训练候选,继承 v1.3：保守/弱操作极限样本，保留为训练候选,True,False,False,False,,train_conservative_extreme,继承 v1.4：保守/弱操作极限样本，保留为当前主训练候选,继承 v1.4：保守/弱操作极限样本，保留为当前主训练候选,True,False,False,False,,discard_curve_height_or_z_abnormal,弯道高度异常：高度明显变高、突变、非平滑，或不像正常下坡弯道,弯道高度异常：高度明显变高、突变、非平滑，或不像正常下坡弯道,False,False,False,True,110.717,110.727,车辆响应,False,0.0100000000000051,False,108.727,110.727,110.727,116.727,,ok,middle_section|curve1,section2|curve1,middle_section,section2,curve1,3,True,middle_section,section2,1.1102230246250303e-16,4.149130493903214,2657.26,4.14117,4.182190550989684,2.4185104841611533,6.503423462737786,high,1.24309e-10,8.88178e-10,1.65723,1.69545,False,model_anchor:middle_section:4.1:0.00000;episode_start:middle_section:4.2:0.00000;condition_peak:middle_section:4.2:-0.00000;episode_end:curve1:5.9:-0.00000;episode_q25:middle_section:5.4:0.00000;episode_q50:curve1:2.4:0.00000;episode_q75:curve1:6.5:-0.00000,train_curve_coord_valid_normal_or_weak,道路坐标确认在弯道，车辆动态较弱或更像正常过弯，作为弯道普通/弱侧倾训练候选,道路坐标确认在弯道，车辆动态较弱或更像正常过弯，作为弯道普通/弱侧倾训练候选,True,False,False,False,,train_curve_normal_or_weak,弯道普通/弱侧倾训练候选,道路坐标确认在弯道，车辆动态较弱或更像正常过弯；保留为弯道普通/弱侧倾训练候选。,True,False,False,False,0,高度微动正常,True,True,False,
rec_v1_hzh_2025_09_27_19_22_27_0010,hzh,2025_09_27_19_22_27,F:\data_set_process\data_process\01_datasets\数据预处理\原始车辆数据\hzh\Entity_Recording_2025_09_27_19_22_27_vehicle.csv,10,331.482,339.407,7.924999999999954,332.712,331.792,332.137,332.712,332.577,车辆先变化,0.3450000000000273,极强,5,4.0,4.0,1.818405830855217,方向盘快速操作,正常,True,False,True,True,0.8,107.59528048780489,5.3283630487804885,0.2192544146341463,0.2591536829268293,0.0740388,2.105765475609756,3.636811661710434,0.193084,12.813536585365853,3.385523780487805,329.482,341.407,curve2,弯道路段,331.252,-4.192499999999996,core_extreme,核心极限样本,车辆动态强且驾驶员转向明显,多输出轨迹预测,,,False,False,保留为主训练候选,用户已初步复核，核心/保守弱操作/次级样本整体可保留,True,False,False,True,0.0083000000000001,0.0433333333332939,0.0190519,0.0512212,3.4952,12.836,0.193084,0.1223649,5.33565,0.220007,False,False,False,False,False,False,False,train_target_extreme,核心/次级目标极限事件，未触发超长或路外恢复风险，保留为训练候选,核心/次级目标极限事件，未触发超长或路外恢复风险，保留为训练候选,True,False,False,False,,True,0.0080951929560448,0.0435137800680012,0.9753244525355164,0.8908517350157729,1.74747,10,12.410999999999987,12.836,0.163084,0.0200150727048167,False,False,True,False,False,train_target_extreme,目标极限事件，未触发 v1.3 路边/超长风险，保留为训练候选,目标极限事件，未触发 v1.3 路边/超长风险，保留为训练候选,True,False,False,False,,-13.1416,-13.148,-13.1397,0.0063999999999992,0.0019000000000009,False,train_target_extreme,继承 v1.3：目标极限事件，保留为训练候选,继承 v1.3：目标极限事件，保留为训练候选,True,False,False,False,,train_target_extreme,继承 v1.4：目标极限事件，保留为当前主训练候选,继承 v1.4：目标极限事件，保留为当前主训练候选,True,False,False,False,,train_curve_unclear_or_weak,弯道训练候选：高度只存在小波动，侧倾较弱或普通，先纳入候选,弯道训练候选：高度只存在小波动，侧倾较弱或普通，先纳入候选,True,False,False,False,331.482,331.792,车辆响应,False,0.3099999999999454,False,329.792,331.792,331.792,337.792,,ok,curve2,curve2,curve2,curve2,curve2,8,True,curve2,curve2,2.693206829330283e-15,467.6355915570061,4700.31,-4751.82,492.6859641332285,461.1478411443857,613.8958873806204,medium,-9.50332e-10,9.50332e-10,-0.172067,1.60933,False,model_anchor:curve2:467.6:-0.00000;episode_start:curve2:461.1:-0.00000;driver_action:curve2:474.7:-0.00000;condition_peak:curve2:485.7:-0.00000;episode_end:curve2:613.9:-0.00000;episode_q25:curve2:499.7:-0.00000;episode_q50:curve2:541.6:0.00000;episode_q75:curve2:577.5:-0.00000,train_curve_coord_valid_roll_candidate,道路坐标确认在弯道，且车辆侧倾/横滚/横向动态明显，可作为弯道极限或近极限候选,道路坐标确认在弯道，且车辆侧倾/横滚/横向动态明显，可作为弯道极限或近极限候选,True,False,False,False,,train_curve_normal_or_weak,弯道普通/弱侧倾训练候选,道路坐标确认在弯道，车辆动态较弱或更像正常过弯；保留为弯道普通/弱侧倾训练候选。,True,False,False,False,1,高度微动正常,True,True,False,
rec_v1_hzh_2025_09_27_19_22_27_0011,hzh,2025_09_27_19_22_27,F:\data_set_process\data_process\01_datasets\数据预处理\原始车辆数据\hzh\Entity_Recording_2025_09_27_19_22_27_vehicle.csv,11,340.892,342.427,1.535000000000025,341.537,341.502,,341.537,341.947,缺少一方起点,,极强,2,4.0,4.0,0.6283305363872622,无明显操作,正常,True,False,True,True,0.8,110.05339024390244,1.571710975609756,0.0631828536585365,0.0703891012195122,0.0198736670731707,0.5796664841463415,1.2566610727745244,0.0,2.5974024390243926,3.387851463414634,338.892,344.427,,,331.252,-10.40749999999997,conservative_extreme,保守/弱操作极限样本,车辆动态强但驾驶员转向不强,车辆状态预测+驾驶员类型分类,,,False,False,保留为主训练候选,用户已初步复核，核心/保守弱操作/次级样本整体可保留,True,False,False,True,0.0011000000000009,0.021666666666988,0.0014485,0.00516455,3.49505,2.599000000000004,0.0,0.03582855,1.58092,0.0637159,False,False,False,False,False,False,False,train_conservative_extreme,保守/弱操作极限样本，未触发超长或路外恢复风险，保留为训练候选,保守/弱操作极限样本，未触发超长或路外恢复风险，保留为训练候选,True,False,False,False,,True,0.0009782545191328,0.0221696646975757,0.8893222901200033,0.973941368078176,1.747525,2,0.025500000000008,2.599000000000004,0.03,0.0008848754149925,False,False,True,False,False,train_conservative_extreme,保守/弱操作极限样本，未触发 v1.3 路边/超长风险，保留为训练候选,保守/弱操作极限样本，未触发 v1.3 路边/超长风险，保留为训练候选,True,False,False,False,,-13.1423,-13.1424,-13.1413,9.999999999976694e-05,0.0010000000000012,False,train_conservative_extreme,继承 v1.3：保守/弱操作极限样本，保留为训练候选,继承 v1.3：保守/弱操作极限样本，保留为训练候选,True,False,False,False,,train_conservative_extreme,继承 v1.4：保守/弱操作极限样本，保留为当前主训练候选,继承 v1.4：保守/弱操作极限样本，保留为当前主训练候选,True,False,False,False,,train_noncurve_target_extreme,非弯道主训练候选：继承 v1.5，作为当前主训练集,非弯道主训练候选：继承 v1.5，作为当前主训练集,True,False,False,False,340.892,341.502,车辆响应,False,0.6100000000000136,False,339.502,341.502,341.502,347.502,,ok,curve2,curve2,curve2,curve2,curve2,7,True,curve2,curve2,2.693206829433612e-15,655.193792073547,4890.52,-4974.51,655.9143232043782,642.9979604981655,674.4576083082003,low_but_context_usable,-1.55386e-11,8.57101e-10,1.66446,1.69819,False,model_anchor:curve2:655.2:-0.00000;episode_start:curve2:643.0:0.00000;condition_peak:curve2:655.9:-0.00000;episode_end:curve2:674.5:0.00000;episode_q25:curve2:650.7:-0.00000;episode_q50:curve2:658.5:-0.00000;episode_q75:curve2:666.5:-0.00000,train_curve_coord_valid_normal_or_weak,道路坐标确认在弯道，车辆动态较弱或更像正常过弯，作为弯道普通/弱侧倾训练候选,道路坐标确认在弯道，车辆动态较弱或更像正常过弯，作为弯道普通/弱侧倾训练候选,True,False,False,False,,train_curve_normal_or_weak,弯道普通/弱侧倾训练候选,道路坐标确认在弯道，车辆动态较弱或更像正常过弯；保留为弯道普通/弱侧倾训练候选。,True,False,False,False,0,高度微动正常,True,True,False,
rec_v1_hzh_2025_09_27_19_22_27_0012,hzh,2025_09_27_19_22_27,F:\data_set_process\data_process\01_datasets\数据预处理\原始车辆数据\hzh\Entity_Recording_2025_09_27_19_22_27_vehicle.csv,12,355.837,356.47,0.6330000000000382,355.907,355.875,,355.907,356.097,缺少一方起点,,极强,1,4.0,4.0,0.3512172466781825,无明显操作,事件很短,True,False,False,True,0.8,128.61026219512195,0.7736413780487805,0.0296390914634146,0.0394417256097561,0.0125976073170731,0.2316837658536585,0.7024344933563651,0.0,0.830670731707329,3.371186219512195,353.837,358.47,middle_section,连续超车负荷事件段,358.0,1.846499999999992,conservative_extreme,保守/弱操作极限样本,车辆动态强但驾驶员转向不强,车辆状态预测+驾驶员类型分类,,,False,False,保留为主训练候选,用户已初步复核，核心/保守弱操作/次级样本整体可保留,True,False,False,True,0.0004999999999988,0.021666666666988,0.0010431699999999,0.017593,3.49431,0.8305000000000007,0.0,0.02046684,0.773339,0.0297963,False,False,False,False,False,False,False,train_conservative_extreme,保守/弱操作极限样本，未触发超长或路外恢复风险，保留为训练候选,保守/弱操作极限样本，未触发超长或路外恢复风险，保留为训练候选,True,False,False,False,,True,0.0005118417794367,0.021713105017776,1.0236835588759572,0.9762845849802372,1.747155,2,0.0275000000000034,0.8305000000000007,0.03,0.0009406220075802,False,False,True,False,False,train_conservative_extreme,保守/弱操作极限样本，未触发 v1.3 路边/超长风险，保留为训练候选,保守/弱操作极限样本，未触发 v1.3 路边/超长风险，保留为训练候选,True,False,False,False,,-13.1426,-13.1428,-13.1423,0.0001999999999995,0.0002999999999993,False,train_conservative_extreme,继承 v1.3：保守/弱操作极限样本，保留为训练候选,继承 v1.3：保守/弱操作极限样本，保留为训练候选,True,False,False,False,,train_conservative_extreme,继承 v1.4：保守/弱操作极限样本，保留为当前主训练候选,继承 v1.4：保守/弱操作极限样本，保留为当前主训练候选,True,False,False,False,,train_noncurve_target_extreme,非弯道主训练候选：继承 v1.5，作为当前主训练集,非弯道主训练候选：继承 v1.5，作为当前主训练集,True,False,False,False,355.837,355.875,车辆响应,False,0.0380000000000109,False,353.875,355.875,355.875,361.875,,ok,curve2,curve2,curve2,curve2,curve2,7,True,curve2,curve2,-0.0002183282334939,960.1003004938416,5199.95,-5332.27,962.725234832825,959.2060563943284,973.2286262487204,low_but_context_usable,8.88178e-10,1.1368e-09,-1.65177,1.70161,False,model_anchor:curve2:960.1:0.00000;episode_start:curve2:959.2:0.00000;condition_peak:curve2:960.7:-0.00000;episode_end:curve2:973.2:0.00000;episode_q25:curve2:962.7:0.00000;episode_q50:curve2:966.2:0.00000;episode_q75:curve2:969.7:-0.00000,train_curve_coord_valid_normal_or_weak,道路坐标确认在弯道，车辆动态较弱或更像正常过弯，作为弯道普通/弱侧倾训练候选,道路坐标确认在弯道，车辆动态较弱或更像正常过弯，作为弯道普通/弱侧倾训练候选,True,False,False,False,,train_curve_normal_or_weak,弯道普通/弱侧倾训练候选,道路坐标确认在弯道，车辆动态较弱或更像正常过弯；保留为弯道普通/弱侧倾训练候选。,True,False,False,False,0,高度微动正常,True,True,False,
rec_v1_hzh_2025_09_27_19_33_25_0005,hzh,2025_09_27_19_33_25,F:\data_set_process\data_process\01_datasets\数据预处理\原始车辆数据\hzh\Entity_Recording_2025_09_27_19_33_25_vehicle.csv,5,151.54,155.591,4.051000000000016,151.56,151.545,,151.56,154.021,缺少一方起点,,极强,1,4.0,4.0,0.6609666406260396,无明显操作,坐标风险高,True,False,False,True,0.8,85.59327261904761,2.848569761904762,0.1263451666666666,0.0651296833333333,0.0417255476190476,1.410936380952381,2.82476009069468,0.0,11.866397619047618,3.4521545238095235,149.54,157.591,,,144.755,-8.81049999999999,review,需要复核,窗口/坐标风险,人工复核后再决定,,,False,False,暂不进入训练,用户复核后认为需要复核类基本可舍去，先整体降为舍弃/暂缓,False,False,True,True,0.0015600000000004,0.0085000000011064,0.001358774,0.00492477,3.49517,11.865649999999988,0.0,0.0748368,2.84953,0.12741,False,False,False,False,False,False,False,discard_prior_review,v1.1 已经人工复核为舍弃/暂缓，本轮继续不进入训练,v1.1 已经人工复核为舍弃/暂缓，本轮继续不进入训练,False,False,False,True,,True,0.0016877508873669,0.0085890065598897,1.0818915944657133,0.7353485502776064,1.747585,6,0.0565499999999872,11.865649999999988,0.03,0.001205998676181,False,False,True,False,False,discard_prior_review,v1.1 已经人工复核为舍弃/暂缓，本轮继续不进入训练,v1.1 已经人工复核为舍弃/暂缓，本轮继续不进入训练,False,False,False,True,,-7.14029,-7.14055,-7.13899,0.0002599999999999,0.0013000000000005,False,discard_prior_review,继承 v1.3：此前已舍弃/暂缓，不进入当前训练候选,继承 v1.3：此前已舍弃/暂缓，不进入当前训练候选,False,False,False,True,,discard_prior_review,继承 v1.4：此前已舍弃或不适合作为当前主训练候选,继承 v1.4：此前已舍弃或不适合作为当前主训练候选,False,False,False,True,,discard_noncurve_prior_review,非弯道已舍弃或不适合作为当前候选：继承 v1.5,非弯道已舍弃或不适合作为当前候选：继承 v1.5,False,False,False,True,151.54,151.545,车辆响应,False,0.0049999999999954,False,149.545,151.545,151.545,157.545,,ok,curve1,curve1,curve1,curve1,curve1,6,True,curve1,curve1,-0.000165361812599,283.9742475180118,4463.74,-85.1616,283.83662362877214,280.9301897071576,284.8840457821678,medium,-0.000168714,0.000168714,1.19888,1.62667,False,model_anchor:curve1:284.0:-0.00017;condition_peak:curve1:284.0:-0.00017;episode_end:curve1:280.9:-0.00007;episode_q25:curve1:284.9:-0.00014;episode_q50:curve1:283.7:-0.00012;episode_q75:curve1:281.5:-0.00009,train_curve_coord_valid_normal_or_weak,道路坐标确认在弯道，车辆动态较弱或更像正常过弯，作为弯道普通/弱侧倾训练候选,道路坐标确认在弯道，车辆动态较弱或更像正常过弯，作为弯道普通/弱侧倾训练候选,True,False,False,False,,train_curve_normal_or_weak,弯道普通/弱侧倾训练候选,道路坐标确认在弯道，车辆动态较弱或更像正常过弯；保留为弯道普通/弱侧倾训练候选。,True,False,False,False,0,高度微动正常,True,True,False,
rec_v1_hzh_2025_09_27_19_44_05_0003,hzh,2025_09_27_19_44_05,F:\data_set_process\data_process\01_datasets\数据预处理\原始车辆数据\hzh\Entity_Recording_2025_09_27_19_44_05_vehicle.csv,3,81.77,92.03,10.260000000000003,83.045,82.07,82.555,83.045,90.405,车辆先变化,0.4850000000000136,极强,5,4.0,4.0,4.0,方向盘快速操作,正常,True,False,True,True,0.8,110.0447794117647,6.639553529411765,0.3089582352941176,0.4523890588235294,0.0916348,3.3570658823529413,9.546226920417892,0.1575119999999999,16.183235294117637,3.3661244117647056,79.77,94.03,curve1,弯道路段,88.4,1.5,core_extreme,核心极限样本,车辆动态强且驾驶员转向明显,多输出轨迹预测,,,False,False,保留为主训练候选,用户已初步复核，核心/保守弱操作/次级样本整体可保留,True,False,False,True,0.0106659999999999,0.0477500000000432,0.01412864,0.0490713,3.49562,16.186000000000007,0.1575119999999999,0.169725,6.64859,0.309449,False,False,False,False,False,False,False,train_target_extreme,核心/次级目标极限事件，未触发超长或路外恢复风险，保留为训练候选,核心/次级目标极限事件，未触发超长或路外恢复风险，保留为训练候选,True,False,False,False,,True,0.0104646986131012,0.0455443406325385,0.9811268154042124,0.566626065773447,1.742705,18,16.152,16.186000000000007,0.127512,0.0145077425622439,False,False,True,False,False,train_target_extreme,目标极限事件，未触发 v1.3 路边/超长风险，保留为训练候选,目标极限事件，未触发 v1.3 路边/超长风险，保留为训练候选,True,False,False,False,,-0.14373975,-0.145861,-0.135195,0.0021212499999999,0.0085447499999999,False,train_target_extreme,继承 v1.3：目标极限事件，保留为训练候选,继承 v1.3：目标极限事件，保留为训练候选,True,False,False,False,,train_target_extreme,继承 v1.4：目标极限事件，保留为当前主训练候选,继承 v1.4：目标极限事件，保留为当前主训练候选,True,False,False,False,,discard_curve_height_or_z_abnormal,弯道高度异常：高度明显变高、突变、非平滑，或不像正常下坡弯道,弯道高度异常：高度明显变高、突变、非平滑，或不像正常下坡弯道,False,False,False,True,81.77,82.07,车辆响应,False,0.2999999999999971,False,80.07,82.07,82.07,88.07,,ok,middle_section|curve1,section2|curve1,middle_section,section2,curve1,2,True,middle_section,section2,0.0,6.148243863525046,2572.58,6.14792,5.009826052386141,1.6862141397936368,6.148243863525046,high,3.10773e-11,9.19255e-10,0.153021,1.74745,False,model_anchor:middle_section:6.1:0.00000;episode_start:middle_section:6.1:0.00000;driver_action:middle_section:5.7:0.00000;condition_peak:middle_section:4.4:0.00000;episode_end:curve1:1.7:0.00000;episode_q25:middle_section:3.9:0.00000;episode_q50:middle_section:4.2:-0.00000;episode_q75:curve1:5.7:0.00000,train_curve_coord_valid_roll_candidate,道路坐标确认在弯道，且车辆侧倾/横滚/横向动态明显，可作为弯道极限或近极限候选,道路坐标确认在弯道，且车辆侧倾/横滚/横向动态明显，可作为弯道极限或近极限候选,True,False,False,False,,train_curve_roll_dynamic,弯道侧倾/动态训练候选,道路坐标确认在弯道，车辆横滚/横摆/横向动态明显，动态信号数=2。,True,False,False,False,2,高度微动正常,True,True,False,F:\data_set_process\data_process\05_rebuild_from_raw_20260511\02_samples\record_level_episode_reconstruction_v2_0_no_history_reaudit\figures\review_panels_v2_0\03_弯道训练候选\0606_rec_v1_hzh_2025_09_27_19_44_05_0003.png
rec_v1_hzh_2025_09_27_19_44_05_0012,hzh,2025_09_27_19_44_05,F:\data_set_process\data_process\01_datasets\数据预处理\原始车辆数据\hzh\Entity_Recording_2025_09_27_19_44_05_vehicle.csv,12,281.835,285.3,3.465000000000032,282.34,282.33,284.58,282.34,284.735,车辆先变化,2.25,极强,5,4.0,4.0,1.7173591305387896,方向盘快速操作,正常,False,True,True,True,1.0,78.5424794117647,5.370059705882353,0.2573098235294118,0.1375259117647058,0.0744749735294117,1.5250315000000003,3.4468351211072994,0.0,1.6010617647058751,2.4120761764705883,279.835,287.3,curve2,弯道路段,283.17,-0.3974999999999795,core_extreme,核心极限样本,车辆动态强且驾驶员转向明显,多输出轨迹预测,,,False,False,保留为主训练候选,用户已初步复核，核心/保守弱操作/次级样本整体可保留,True,False,False,True,0.8966999999999992,0.4000000000005457,0.0081899,0.02151865,2.48916,1.6031499999999852,0.0,0.07616588,5.38294,0.257601,False,False,False,False,False,False,False,train_target_extreme,核心/次级目标极限事件，未触发超长或路外恢复风险，保留为训练候选,核心/次级目标极限事件，未触发超长或路外恢复风险，保留为训练候选,True,False,False,False,,True,0.0634264706682259,0.1432929252245669,0.0707332114065194,1.0,1.24458,2,1.6031499999999852,1.6031499999999852,0.03,0.0039625139048757,True,False,True,False,False,train_target_extreme,目标极限事件，未触发 v1.3 路边/超长风险，保留为训练候选,目标极限事件，未触发 v1.3 路边/超长风险，保留为训练候选,True,False,False,False,,-10.17495,-10.9944,-10.0977,0.8194499999999998,0.0772499999999993,False,train_target_extreme,继承 v1.3：目标极限事件，保留为训练候选,继承 v1.3：目标极限事件，保留为训练候选,True,False,False,False,,train_target_extreme,继承 v1.4：目标极限事件，保留为当前主训练候选,继承 v1.4：目标极限事件，保留为当前主训练候选,True,False,False,False,,train_curve_unclear_or_weak,弯道训练候选：高度只存在小波动，侧倾较弱或普通，先纳入候选,弯道训练候选：高度只存在小波动，侧倾较弱或普通，先纳入候选,True,False,False,False,281.835,282.33,车辆响应,False,0.4950000000000045,False,280.33,282.33,282.33,288.33,F:\data_set_process\data_process\05_rebuild_from_raw_20260511\02_samples\record_level_episode_reconstruction_v1_8_anchor_curve_revised\figures\review_panels_v1_8\04_弯道_高度小波动普通或弱侧倾_纳入\0615_rec_v1_hzh_2025_09_27_19_44_05_0012.png,ok,curve2,curve2,curve2,curve2,curve2,8,True,curve2,curve2,0.0,175.70619103268652,4403.29,-4323.9,176.36699214280935,173.84754164832478,183.42977472975645,medium,0.00675778,0.0067578,-1.17624,1.19582,True,model_anchor:curve2:175.7:0.00676;episode_start:curve2:177.7:0.00676;driver_action:curve2:177.9:0.00665;condition_peak:curve2:175.7:0.00676;episode_end:curve2:183.4:0.00665;episode_q25:curve2:174.5:0.00665;episode_q50:curve2:173.8:0.00665;episode_q75:curve2:177.0:0.00665,train_curve_coord_valid_roll_candidate,道路坐标确认在弯道，且车辆侧倾/横滚/横向动态明显，可作为弯道极限或近极限候选,道路坐标确认在弯道，且车辆侧倾/横滚/横向动态明显，可作为弯道极限或近极限候选,True,False,False,False,,train_curve_normal_or_weak,弯道普通/弱侧倾训练候选,道路坐标确认在弯道，车辆动态较弱或更像正常过弯；保留为弯道普通/弱侧倾训练候选。,True,False,False,False,1,高度小幅复核,True,True,False,
rec_v1_hzh_2025_09_27_19_44_05_0013,hzh,2025_09_27_19_44_05,F:\data_set_process\data_process\01_datasets\数据预处理\原始车辆数据\hzh\Entity_Recording_2025_09_27_19_44_05_vehicle.csv,13,301.785,310.72,8.935000000000002,302.93,302.925,302.865,302.93,308.995,驾驶员先动,-0.0600000000000022,极强,5,4.0,4.0,2.79033595057562,方向盘快速操作,正常,True,False,True,True,0.8,121.7395588235294,5.348167352941177,0.2154112647058823,0.2892739705882353,0.0750922088235294,2.7807076470588235,5.600359169555265,0.0,5.729441176470587,3.4020126470588234,299.785,312.72,curve2,弯道路段,309.325,3.072499999999934,core_extreme,核心极限样本,车辆动态强且驾驶员转向明显,多输出轨迹预测,,,False,False,保留为主训练候选,用户已初步复核，核心/保守弱操作/次级样本整体可保留,True,False,False,True,0.0062999999999995,0.0250000000003183,0.00268226,0.00640894,3.49637,5.732500000000002,0.0,0.1482327,5.37568,0.21553,False,False,False,False,False,False,False,train_target_extreme,核心/次级目标极限事件，未触发超长或路外恢复风险，保留为训练候选,核心/次级目标极限事件，未触发超长或路外恢复风险，保留为训练候选,True,False,False,False,,True,0.0065303430482366,0.0248056176808345,1.0365623886090714,0.8937062937062937,1.743955,8,0.0344999999999942,5.732500000000002,0.03,0.0021490670201496,False,False,True,False,False,train_target_extreme,目标极限事件，未触发 v1.3 路边/超长风险，保留为训练候选,目标极限事件，未触发 v1.3 路边/超长风险，保留为训练候选,True,False,False,False,,-13.1418,-13.1443,-13.138,0.0024999999999995,0.0038,False,train_target_extreme,继承 v1.3：目标极限事件，保留为训练候选,继承 v1.3：目标极限事件，保留为训练候选,True,False,False,False,,train_target_extreme,继承 v1.4：目标极限事件，保留为当前主训练候选,继承 v1.4：目标极限事件，保留为当前主训练候选,True,False,False,False,,train_curve_unclear_or_weak,弯道训练候选：高度只存在小波动，侧倾较弱或普通，先纳入候选,弯道训练候选：高度只存在小波动，侧倾较弱或普通，先纳入候选,True,False,False,False,301.785,302.865,驾驶员动作,False,1.079999999999984,False,300.865,302.865,302.865,308.865,,ok,curve2,curve2,curve2,curve2,curve2,8,True,curve2,curve2,2.300515812891266e-13,480.75682797463816,4713.64,-4769.35,493.2177279244784,458.77705006476674,653.4230763707534,medium,-1.01249e-09,2.60238e-09,-1.54528,1.68238,False,model_anchor:curve2:480.8:-0.00000;episode_start:curve2:458.8:-0.00000;vehicle_response:curve2:481.9:0.00000;condition_peak:curve2:482.0:0.00000;episode_end:curve2:653.4:-0.00000;episode_q25:curve2:504.4:-0.00000;episode_q50:curve2:555.7:-0.00000;episode_q75:curve2:600.9:0.00000,train_curve_coord_valid_roll_candidate,道路坐标确认在弯道，且车辆侧倾/横滚/横向动态明显，可作为弯道极限或近极限候选,道路坐标确认在弯道，且车辆侧倾/横滚/横向动态明显，可作为弯道极限或近极限候选,True,False,False,False,,train_curve_normal_or_weak,弯道普通/弱侧倾训练候选,道路坐标确认在弯道，车辆动态较弱或更像正常过弯；保留为弯道普通/弱侧倾训练候选。,True,False,False,False,1,高度微动正常,True,True,False,
rec_v1_jy_2025_09_26_17_17_11_0002,jy,2025_09_26_17_17_11,F:\data_set_process\data_process\01_datasets\数据预处理\原始车辆数据\jy\Entity_Recording_2025_09_26_17_17_11_vehicle.csv,2,139.925,144.795,4.869999999999976,141.42,140.04,,141.42,139.965,缺少一方起点,,极强,2,4.0,4.0,0.5783585077850146,制动为主,正常,True,False,True,True,0.8,122.0097794117647,2.0095944117647058,0.0694435382352941,0.0668866382352941,0.02688355,0.7023463235294116,1.1567170155700293,0.1024156,4.088088235294109,3.4185217647058828,137.925,146.795,,,154.6,12.23999999999998,conservative_extreme,保守/弱操作极限样本,车辆动态强但驾驶员转向不强,车辆状态预测+驾驶员类型分类,,,False,False,保留为主训练候选,用户已初步复核，核心/保守弱操作/次级样本整体可保留,True,False,False,True,0.0039209999999999,0.0144999999999591,0.01059554,0.0320724,3.48994,4.087999999999994,0.1024156,0.0498815,2.01012,0.069616,False,False,False,False,False,False,False,train_conservative_extreme,保守/弱操作极限样本，未触发超长或路外恢复风险，保留为训练候选,保守/弱操作极限样本，未触发超长或路外恢复风险，保留为训练候选,True,False,False,False,,True,0.0033313550523899,0.0140570363077704,0.8496187330757436,0.6403283735248846,1.74497,2,4.087999999999994,4.087999999999994,0.0724156,0.009522363531273,False,False,True,False,False,train_conservative_extreme,保守/弱操作极限样本，未触发 v1.3 路边/超长风险，保留为训练候选,保守/弱操作极限样本，未触发 v1.3 路边/超长风险，保留为训练候选,True,False,False,False,,-0.1447392499999999,-0.14661,-0.142689,0.00187075,0.0020502499999999,False,train_conservative_extreme,继承 v1.3：保守/弱操作极限样本，保留为训练候选,继承 v1.3：保守/弱操作极限样本，保留为训练候选,True,False,False,False,,train_conservative_extreme,继承 v1.4：保守/弱操作极限样本，保留为当前主训练候选,继承 v1.4：保守/弱操作极限样本，保留为当前主训练候选,True,False,False,False,,train_noncurve_target_extreme,非弯道主训练候选：继承 v1.5，作为当前主训练集,非弯道主训练候选：继承 v1.5，作为当前主训练集,True,False,False,False,139.925,140.04,车辆响应,False,0.1149999999999806,False,138.04,140.04,140.04,146.04,,ok,curve1,curve1,curve1,curve1,curve1,7,True,curve1,curve1,4.8467614016778965e-27,5.655385295162136,3457.09,5.65515,4.321474441873811,2.813684511360957,5.655385295162136,high,0.0,2.90361e-08,-0.341401,1.6788,False,model_anchor:curve1:5.7:0.00000;episode_start:curve1:5.7:0.00000;condition_peak:curve1:4.3:0.00000;episode_end:curve1:3.1:-0.00000;episode_q25:curve1:4.8:-0.00000;episode_q50:curve1:2.8:-0.00000;episode_q75:curve1:3.0:-0.00000,train_curve_coord_valid_normal_or_weak,道路坐标确认在弯道，车辆动态较弱或更像正常过弯，作为弯道普通/弱侧倾训练候选,道路坐标确认在弯道，车辆动态较弱或更像正常过弯，作为弯道普通/弱侧倾训练候选,True,False,False,False,,train_curve_normal_or_weak,弯道普通/弱侧倾训练候选,道路坐标确认在弯道，车辆动态较弱或更像正常过弯；保留为弯道普通/弱侧倾训练候选。,True,False,False,False,0,高度微动正常,True,True,False,
rec_v1_jy_2025_09_26_17_17_11_0008,jy,2025_09_26_17_17_11,F:\data_set_process\data_process\01_datasets\数据预处理\原始车辆数据\jy\Entity_Recording_2025_09_26_17_17_11_vehicle.csv,8,389.785,393.495,3.70999999999998,390.77,389.92,389.83,390.77,390.61,驾驶员先动,-0.0900000000000318,极强,1,3.2777327973269066,3.2777327973269066,1.484508935985372,方向盘快速操作,正常,True,False,True,False,0.8,123.28761764705882,2.0642782352941174,0.0811901382352941,0.1367253823529411,0.0270066264705882,0.6419684999999999,2.969017871970744,0.0,3.917941176470592,0.4025511764705882,387.785,395.495,curve2,弯道路段,389.55,-2.089999999999975,core_extreme,核心极限样本,车辆动态强且驾驶员转向明显,多输出轨迹预测,,,False,False,保留为主训练候选,用户已初步复核，核心/保守弱操作/次级样本整体可保留,True,False,False,True,0.0015999999999998,0.0100000000002182,0.0007243299999999,0.00622777,0.4027199999999999,3.9184999999999945,0.0,0.045853,2.06703,0.0813662,False,False,False,False,False,False,False,train_target_extreme,核心/次级目标极限事件，未触发超长或路外恢复风险，保留为训练候选,核心/次级目标极限事件，未触发超长或路外恢复风险，保留为训练候选,True,False,False,False,,True,0.0015717488263629,0.0100843318618351,0.9823430164769392,0.9555555555555556,0.0041375,0,0.0229999999999961,3.9184999999999945,0.03,0.0007034923928423,False,False,False,False,False,train_target_extreme,目标极限事件，未触发 v1.3 路边/超长风险，保留为训练候选,目标极限事件，未触发 v1.3 路边/超长风险，保留为训练候选,True,False,False,False,,-13.1426,-13.1434,-13.1418,0.0007999999999999,0.0007999999999999,False,train_target_extreme,继承 v1.3：目标极限事件，保留为训练候选,继承 v1.3：目标极限事件，保留为训练候选,True,False,False,False,,train_target_extreme,继承 v1.4：目标极限事件，保留为当前主训练候选,继承 v1.4：目标极限事件，保留为当前主训练候选,True,False,False,False,,train_curve_unclear_or_weak,弯道训练候选：高度只存在小波动，侧倾较弱或普通，先纳入候选,弯道训练候选：高度只存在小波动，侧倾较弱或普通，先纳入候选,True,False,False,False,389.785,389.83,驾驶员动作,False,0.044999999999959,False,387.83,389.83,389.83,395.83,,ok,curve2,curve2,curve2,curve2,curve2,8,True,curve2,curve2,2.21969987756061e-13,447.7786790269156,4680.26,-4735.63,467.4814477466254,446.8226722930719,528.7795805023118,medium,-3.10773e-11,8.88178e-10,-0.474887,0.72497,False,model_anchor:curve2:447.8:-0.00000;episode_start:curve2:446.8:0.00000;vehicle_response:curve2:449.7:0.00000;condition_peak:curve2:468.1:-0.00000;episode_end:curve2:528.8:-0.00000;episode_q25:curve2:466.9:0.00000;episode_q50:curve2:487.5:0.00000;episode_q75:curve2:507.7:0.00000,train_curve_coord_valid_normal_or_weak,道路坐标确认在弯道，车辆动态较弱或更像正常过弯，作为弯道普通/弱侧倾训练候选,道路坐标确认在弯道，车辆动态较弱或更像正常过弯，作为弯道普通/弱侧倾训练候选,True,False,False,False,,train_curve_normal_or_weak,弯道普通/弱侧倾训练候选,道路坐标确认在弯道，车辆动态较弱或更像正常过弯；保留为弯道普通/弱侧倾训练候选。,True,False,False,False,0,高度微动正常,True,True,False,
rec_v1_jy_2025_09_26_17_40_51_0004,jy,2025_09_26_17_40_51,F:\data_set_process\data_process\01_datasets\数据预处理\原始车辆数据\jy\Entity_Recording_2025_09_26_17_40_51_vehicle.csv,4,101.905,105.135,3.230000000000004,101.915,101.91,,101.915,103.775,缺少一方起点,,极强,2,4.0,4.0,0.7258968910034298,无明显操作,可能切在事件中段,True,False,True,True,0.8,131.28982352941176,1.4600611764705882,0.0492310617647058,0.0563946352941176,0.0223940882352941,0.3027844411764706,1.4517937820068596,0.0,2.558352941176452,3.4706285294117647,99.905,107.135,curve1,弯道路段,104.105,0.5849999999999937,conservative_extreme,保守/弱操作极限样本,车辆动态强但驾驶员转向不强,车辆状态预测+驾驶员类型分类,,,False,False,保留为主训练候选,用户已初步复核，核心/保守弱操作/次级样本整体可保留,True,False,False,True,0.0008559999999999,0.0064000000000028,0.00093494,0.00985731,3.4963800000000003,2.5600000000000023,0.0,0.0224858917,1.46198,0.0493026,False,False,False,False,False,False,False,train_conservative_extreme,保守/弱操作极限样本，未触发超长或路外恢复风险，保留为训练候选,保守/弱操作极限样本，未触发超长或路外恢复风险，保留为训练候选,True,False,False,False,,True,0.0007440617261502,0.0066283178942203,0.8692309884933417,0.5862335653518949,1.74819,2,0.0204999999999984,2.5600000000000023,0.03,0.0007101945179987,False,False,True,False,False,train_conservative_extreme,保守/弱操作极限样本，未触发 v1.3 路边/超长风险，保留为训练候选,保守/弱操作极限样本，未触发 v1.3 路边/超长风险，保留为训练候选,True,False,False,False,,-0.14293575,-0.143604,-0.142748,0.00066825,0.0001877499999999,False,train_conservative_extreme,继承 v1.3：保守/弱操作极限样本，保留为训练候选,继承 v1.3：保守/弱操作极限样本，保留为训练候选,True,False,False,False,,train_conservative_extreme,继承 v1.4：保守/弱操作极限样本，保留为当前主训练候选,继承 v1.4：保守/弱操作极限样本，保留为当前主训练候选,True,False,False,False,,discard_curve_height_or_z_abnormal,弯道高度异常：高度明显变高、突变、非平滑，或不像正常下坡弯道,弯道高度异常：高度明显变高、突变、非平滑，或不像正常下坡弯道,False,False,False,True,101.905,101.91,车辆响应,False,0.0049999999999954,False,99.91,101.91,101.91,107.91,,ok,middle_section|curve1,section2|curve1,middle_section,section2,curve1,2,True,middle_section,section2,-5.551115123120103e-17,4.228893458346225,2694.19,4.21624,4.789946898398729,4.222146105900915,6.080539838058021,high,0.0,9.34794e-10,1.72099,1.72398,False,model_anchor:middle_section:4.2:0.00000;episode_start:middle_section:4.2:-0.00000;condition_peak:middle_section:4.2:-0.00000;episode_end:curve1:6.0:-0.00000;episode_q25:middle_section:4.8:-0.00000;episode_q50:middle_section:5.5:0.00000;episode_q75:curve1:6.1:0.00000,train_curve_coord_valid_normal_or_weak,道路坐标确认在弯道，车辆动态较弱或更像正常过弯，作为弯道普通/弱侧倾训练候选,道路坐标确认在弯道，车辆动态较弱或更像正常过弯，作为弯道普通/弱侧倾训练候选,True,False,False,False,,train_curve_normal_or_weak,弯道普通/弱侧倾训练候选,道路坐标确认在弯道，车辆动态较弱或更像正常过弯；保留为弯道普通/弱侧倾训练候选。,True,False,False,False,0,高度微动正常,True,True,False,
rec_v1_jy_2025_09_26_17_40_51_0010,jy,2025_09_26_17_40_51,F:\data_set_process\data_process\01_datasets\数据预处理\原始车辆数据\jy\Entity_Recording_2025_09_26_17_40_51_vehicle.csv,10,318.71,325.515,6.805000000000007,321.775,321.775,318.75,321.775,319.26,驾驶员先动,-3.0249999999999773,极强,2,4.0,4.0,1.79836,制动为主,正常,True,False,True,True,0.8,117.172,1.7114770588235295,0.063523094117647,0.0502361764705882,0.0237630235294117,0.4763108529411765,0.9526233788936002,0.209836,43.63834705882353,3.481066470588236,316.71,327.515,,,328.105,5.992500000000064,conservative_extreme,保守/弱操作极限样本,车辆动态强但驾驶员转向不强,车辆状态预测+驾驶员类型分类,,,False,False,保留为主训练候选,用户已初步复核，核心/保守弱操作/次级样本整体可保留,True,False,False,True,0.0067000000000003,0.0350000000000818,0.01502177,0.0583013,3.49805,43.650600000000026,0.209836,0.0370165,1.71456,0.0635619,False,False,False,False,False,False,False,train_conservative_extreme,保守/弱操作极限样本，未触发超长或路外恢复风险，保留为训练候选,保守/弱操作极限样本，未触发超长或路外恢复风险，保留为训练候选,True,False,False,False,,True,0.0059412850472391,0.0355912860904407,0.8867589622744557,0.9294895336026442,1.749025,4,43.650600000000026,43.650600000000026,0.179836,0.0177883013616933,False,False,True,True,False,train_conservative_extreme,保守/弱操作极限样本，未触发 v1.3 路边/超长风险，保留为训练候选,保守/弱操作极限样本，未触发 v1.3 路边/超长风险，保留为训练候选,True,False,False,False,,-13.148775,-13.1503,-13.1436,0.0015249999999991,0.0051750000000012,False,train_conservative_extreme,继承 v1.3：保守/弱操作极限样本，保留为训练候选,继承 v1.3：保守/弱操作极限样本，保留为训练候选,True,False,False,False,,train_conservative_extreme,继承 v1.4：保守/弱操作极限样本，保留为当前主训练候选,继承 v1.4：保守/弱操作极限样本，保留为当前主训练候选,True,False,False,False,,train_noncurve_target_extreme,非弯道主训练候选：继承 v1.5，作为当前主训练集,非弯道主训练候选：继承 v1.5，作为当前主训练集,True,False,False,False,318.71,318.75,驾驶员动作,False,0.0400000000000204,False,316.75,318.75,318.75,324.75,,ok,curve2,curve2,curve2,curve2,curve2,7,True,curve2,curve2,2.693864511092012e-15,819.1636474402967,5056.81,-5169.35,890.5719143212372,818.13782309447,962.5282149869292,low_but_context_usable,6.21548e-11,8.88178e-10,0.861648,1.73228,False,model_anchor:curve2:819.2:0.00000;episode_start:curve2:818.1:-0.00000;vehicle_response:curve2:890.6:0.00000;episode_end:curve2:962.5:0.00000;episode_q25:curve2:859.8:0.00000;episode_q50:curve2:897.9:-0.00000;episode_q75:curve2:931.3:0.00000,train_curve_coord_valid_normal_or_weak,道路坐标确认在弯道，车辆动态较弱或更像正常过弯，作为弯道普通/弱侧倾训练候选,道路坐标确认在弯道，车辆动态较弱或更像正常过弯，作为弯道普通/弱侧倾训练候选,True,False,False,False,,train_curve_normal_or_weak,弯道普通/弱侧倾训练候选,道路坐标确认在弯道，车辆动态较弱或更像正常过弯；保留为弯道普通/弱侧倾训练候选。,True,False,False,False,0,高度微动正常,True,True,False,
rec_v1_jy_2025_09_26_17_51_46_0008,jy,2025_09_26_17_51_46,F:\data_set_process\data_process\01_datasets\数据预处理\原始车辆数据\jy\Entity_Recording_2025_09_26_17_51_46_vehicle.csv,8,276.17,278.355,2.1850000000000023,276.175,276.175,,276.175,277.56,缺少一方起点,,极强,2,4.0,4.0,0.4747714809692899,无明显操作,可能切在事件中段,False,True,True,True,1.0,69.65208823529412,0.8277497058823529,0.0423699323529411,0.0385003852941176,0.0130803970588235,0.4006354117647058,0.9495429619385798,0.0,7.377600000000015,2.4296867647058824,274.17,280.355,,,289.0,11.737499999999956,conservative_extreme,保守/弱操作极限样本,车辆动态强但驾驶员转向不强,车辆状态预测+驾驶员类型分类,,,False,False,保留为主训练候选,用户已初步复核，核心/保守弱操作/次级样本整体可保留,True,False,False,True,0.2308000000000003,0.3050000000005184,0.0096693499999999,0.0124414,2.49276,7.390550000000005,0.0,0.0180707599999999,0.831075,0.042419,False,False,False,False,False,False,False,train_conservative_extreme,保守/弱操作极限样本，未触发超长或路外恢复风险，保留为训练候选,保守/弱操作极限样本，未触发超长或路外恢复风险，保留为训练候选,True,False,False,False,,True,0.078925973857471,0.1935690671407641,0.3419669577880022,1.0,1.24638,2,0.0684499999999985,7.390550000000005,0.03,0.003959700774087,False,False,True,False,False,train_conservative_extreme,保守/弱操作极限样本，未触发 v1.3 路边/超长风险，保留为训练候选,保守/弱操作极限样本，未触发 v1.3 路边/超长风险，保留为训练候选,True,False,False,False,,-11.140425,-11.3664,-11.1356,0.225975,0.0048250000000003,False,train_conservative_extreme,继承 v1.3：保守/弱操作极限样本，保留为训练候选,继承 v1.3：保守/弱操作极限样本，保留为训练候选,True,False,False,False,,train_conservative_extreme,继承 v1.4：保守/弱操作极限样本，保留为当前主训练候选,继承 v1.4：保守/弱操作极限样本，保留为当前主训练候选,True,False,False,False,,train_curve_unclear_or_weak,弯道训练候选：高度只存在小波动，侧倾较弱或普通，先纳入候选,弯道训练候选：高度只存在小波动，侧倾较弱或普通，先纳入候选,True,False,False,False,276.17,276.175,车辆响应,False,0.0049999999999954,False,274.175,276.175,276.175,282.175,,ok,curve2,curve2,curve2,curve2,curve2,6,True,curve2,curve2,-2.2466385226684293e-13,184.86356869738108,4413.46,-4409.36,194.0385430649987,184.8045474961531,210.11303013739376,medium,0.00639068,0.00639072,1.19121,1.19121,True,model_anchor:curve2:184.9:0.00639;episode_start:curve2:184.8:0.00639;episode_end:curve2:210.1:0.00041;episode_q25:curve2:190.9:0.00026;episode_q50:curve2:197.2:0.00031;episode_q75:curve2:203.6:0.00036,train_curve_coord_valid_normal_or_weak,道路坐标确认在弯道，车辆动态较弱或更像正常过弯，作为弯道普通/弱侧倾训练候选,道路坐标确认在弯道，车辆动态较弱或更像正常过弯，作为弯道普通/弱侧倾训练候选,True,False,False,False,,train_curve_normal_or_weak,弯道普通/弱侧倾训练候选,道路坐标确认在弯道，车辆动态较弱或更像正常过弯；保留为弯道普通/弱侧倾训练候选。,True,False,False,False,0,高度小幅复核,True,True,False,
rec_v1_jy_2025_09_26_17_51_46_0009,jy,2025_09_26_17_51_46,F:\data_set_process\data_process\01_datasets\数据预处理\原始车辆数据\jy\Entity_Recording_2025_09_26_17_51_46_vehicle.csv,9,285.605,286.575,0.9699999999999704,285.98,285.975,,285.98,285.605,缺少一方起点,,极强,1,4.0,4.0,0.256469472318132,无明显操作,事件很短,False,False,False,True,1.0,102.85764705882352,0.4461783529411764,0.0144554323529411,0.0237268294117647,0.0099714652941176,0.0951820323529411,0.5129389446362641,0.0,2.548970588235292,3.4699805882352943,283.605,288.575,,,289.0,2.909999999999968,conservative_extreme,保守/弱操作极限样本,车辆动态强但驾驶员转向不强,车辆状态预测+驾驶员类型分类,,,False,False,保留为主训练候选,用户已初步复核，核心/保守弱操作/次级样本整体可保留,True,False,False,True,0.0001999999999995,0.0099999999999909,0.0002666199999999,0.00302588,3.4963,2.557000000000002,0.0,0.010383666,0.445838,0.0145198,False,False,False,False,False,False,False,train_conservative_extreme,保守/弱操作极限样本，未触发超长或路外恢复风险，保留为训练候选,保守/弱操作极限样本，未触发超长或路外恢复风险，保留为训练候选,True,False,False,False,,True,0.0001842437974381,0.0101313016879082,0.9212189871933,0.9948586118251928,1.74815,2,0.0600000000000022,2.557000000000002,0.03,0.0002568470891501,False,False,True,False,False,train_conservative_extreme,保守/弱操作极限样本，未触发 v1.3 路边/超长风险，保留为训练候选,保守/弱操作极限样本，未触发 v1.3 路边/超长风险，保留为训练候选,True,False,False,False,,-13.141,-13.1411,-13.1409,9.999999999976694e-05,9.999999999976694e-05,False,train_conservative_extreme,继承 v1.3：保守/弱操作极限样本，保留为训练候选,继承 v1.3：保守/弱操作极限样本，保留为训练候选,True,False,False,False,,train_conservative_extreme,继承 v1.4：保守/弱操作极限样本，保留为当前主训练候选,继承 v1.4：保守/弱操作极限样本，保留为当前主训练候选,True,False,False,False,,train_noncurve_target_extreme,非弯道主训练候选：继承 v1.5，作为当前主训练集,非弯道主训练候选：继承 v1.5，作为当前主训练集,True,False,False,False,285.605,285.975,车辆响应,False,0.3700000000000045,False,283.975,285.975,285.975,291.975,,ok,curve2,curve2,curve2,curve2,curve2,6,True,curve2,curve2,-2.273577167780383e-13,328.04364527360303,4558.81,-4591.63,329.06840163492507,321.44976794130343,338.8450558389252,medium,2.69896e-09,7.9327e-08,-1.72036,1.72036,False,model_anchor:curve2:328.0:0.00000;episode_start:curve2:321.4:0.00000;episode_end:curve2:338.8:0.00000;episode_q25:curve2:325.7:-0.00000;episode_q50:curve2:330.1:0.00000;episode_q75:curve2:334.4:0.00000,train_curve_coord_valid_normal_or_weak,道路坐标确认在弯道，车辆动态较弱或更像正常过弯，作为弯道普通/弱侧倾训练候选,道路坐标确认在弯道，车辆动态较弱或更像正常过弯，作为弯道普通/弱侧倾训练候选,True,False,False,False,,train_curve_normal_or_weak,弯道普通/弱侧倾训练候选,道路坐标确认在弯道，车辆动态较弱或更像正常过弯；保留为弯道普通/弱侧倾训练候选。,True,False,False,False,0,高度微动正常,True,True,False,
rec_v1_jy_2025_09_26_17_51_46_0010,jy,2025_09_26_17_51_46,F:\data_set_process\data_process\01_datasets\数据预处理\原始车辆数据\jy\Entity_Recording_2025_09_26_17_51_46_vehicle.csv,10,308.58,323.365,14.785000000000023,309.89,308.68,309.21,309.89,317.945,车辆先变化,0.5299999999999727,极强,2,4.0,4.0,1.745648136482409,制动为主,正常,True,False,True,True,0.8,98.08637647058823,1.6661635294117647,0.0631816617647058,0.0765139852941176,0.0231592029411764,0.5192047058823529,1.2407466435980217,0.238005,76.26739411764704,3.461246176470588,306.58,325.365,middle_section,连续超车负荷事件段,317.7,1.7275000000000205,conservative_extreme,保守/弱操作极限样本,车辆动态强但驾驶员转向不强,车辆状态预测+驾驶员类型分类,,,False,False,保留为主训练候选,用户已初步复核，核心/保守弱操作/次级样本整体可保留,True,False,False,True,0.0053,0.0349999999998544,0.01887088,0.0528238,3.49695,76.27219999999998,0.238005,0.0437265,1.67739,0.0632537,False,False,False,False,False,False,False,train_conservative_extreme,保守/弱操作极限样本，未触发超长或路外恢复风险，保留为训练候选,保守/弱操作极限样本，未触发超长或路外恢复风险，保留为训练候选,True,False,False,False,,True,0.006598450992044,0.0301686129737442,1.2449907532158555,0.9516483516483516,1.74761,4,76.27219999999998,76.27219999999998,0.208005,0.0197618456446862,False,False,True,True,True,defer_roadedge_or_offroad,车速/制动/横向偏移/高度残差组合提示可能是路边恢复或上下马路，暂不进入主训练,车速/制动/横向偏移/高度残差组合提示可能是路边恢复或上下马路，暂不进入主训练,False,True,False,False,,-13.1451,-13.1492,-13.1439,0.0041000000000011,0.0011999999999989,False,discard_roadedge_without_large_zdrop,用户复核后抛弃：属于疑似上下马路/路边恢复，但没有明显大幅向下 z_drop，不进入当前训练候选,用户复核后抛弃：属于疑似上下马路/路边恢复，但没有明显大幅向下 z_drop，不进入当前训练候选,False,False,False,True,,discard_prior_review,继承 v1.4：此前已舍弃或不适合作为当前主训练候选,继承 v1.4：此前已舍弃或不适合作为当前主训练候选,False,False,False,True,,discard_noncurve_prior_review,非弯道已舍弃或不适合作为当前候选：继承 v1.5,非弯道已舍弃或不适合作为当前候选：继承 v1.5,False,False,False,True,308.58,308.68,车辆响应,False,0.1000000000000227,False,306.68,308.68,308.68,314.68,,ok,curve2|middle_section,curve2|section5,curve2,curve2,curve2,6,True,curve2,curve2,-2.2735771677803466e-13,828.5622035323008,5066.31,-5177.86,882.7537167910652,826.0961113273167,1004.6886497726432,low_but_context_usable,2.48619e-10,1.83851e-09,-1.024,1.72068,False,model_anchor:curve2:828.6:0.00000;episode_start:curve2:826.1:0.00000;driver_action:curve2:841.4:0.00000;condition_peak:curve2:857.0:0.00000;episode_end:middle_section:999.9:0.00000;episode_q25:curve2:908.5:0.00000;episode_q50:curve2:979.9:0.00000;episode_q75:middle_section:1004.7:-0.00000,train_curve_coord_valid_normal_or_weak,道路坐标确认在弯道，车辆动态较弱或更像正常过弯，作为弯道普通/弱侧倾训练候选,道路坐标确认在弯道，车辆动态较弱或更像正常过弯，作为弯道普通/弱侧倾训练候选,True,False,False,False,,train_curve_normal_or_weak,弯道普通/弱侧倾训练候选,道路坐标确认在弯道，车辆动态较弱或更像正常过弯；保留为弯道普通/弱侧倾训练候选。,True,False,False,False,0,高度微动正常,True,True,False,
rec_v1_jy_2025_09_26_18_01_40_0006,jy,2025_09_26_18_01_40,F:\data_set_process\data_process\01_datasets\数据预处理\原始车辆数据\jy\Entity_Recording_2025_09_26_18_01_40_vehicle.csv,6,119.48,122.36,2.8799999999999955,119.485,119.485,,119.485,119.48,缺少一方起点,,极强,2,4.0,4.0,0.3,无明显操作,可能切在事件中段,True,False,True,True,0.8,136.12005882352943,1.1655741176470586,0.0362264794117647,0.0349257323529411,0.0179991470588235,0.2688424882352941,0.5283148788925065,0.0,0.4328235294117917,3.451495294117647,117.48,124.36,,,133.352,12.432000000000002,conservative_extreme,保守/弱操作极限样本,车辆动态强但驾驶员转向不强,车辆状态预测+驾驶员类型分类,,,False,False,保留为主训练候选,用户已初步复核，核心/保守弱操作/次级样本整体可保留,True,False,False,True,0.0002709999999999,0.0019000000000026,0.0004032599999999,0.00383695,3.495,0.4330000000000211,0.0,0.02036241,1.16712,0.0362663,False,False,False,False,False,False,False,train_conservative_extreme,保守/弱操作极限样本，未触发超长或路外恢复风险，保留为训练候选,保守/弱操作极限样本，未触发超长或路外恢复风险，保留为训练候选,True,False,False,False,,True,0.0002354357803284,0.0017422297562338,0.8687667170794601,0.6001734605377277,1.7475,2,0.0,0.4330000000000211,0.03,0.0003330675451116,False,False,True,False,False,train_conservative_extreme,保守/弱操作极限样本，未触发 v1.3 路边/超长风险，保留为训练候选,保守/弱操作极限样本，未触发 v1.3 路边/超长风险，保留为训练候选,True,False,False,False,,-0.1436735,-0.143804,-0.143533,0.0001304999999999,0.0001405,False,train_conservative_extreme,继承 v1.3：保守/弱操作极限样本，保留为训练候选,继承 v1.3：保守/弱操作极限样本，保留为训练候选,True,False,False,False,,train_conservative_extreme,继承 v1.4：保守/弱操作极限样本，保留为当前主训练候选,继承 v1.4：保守/弱操作极限样本，保留为当前主训练候选,True,False,False,False,,train_noncurve_target_extreme,非弯道主训练候选：继承 v1.5，作为当前主训练集,非弯道主训练候选：继承 v1.5，作为当前主训练集,True,False,False,False,119.48,119.485,车辆响应,False,0.0049999999999954,False,117.485,119.485,119.485,125.485,,ok,curve1,curve1,curve1,curve1,curve1,5,True,curve1,curve1,2.1316282072803012e-14,4.208709454122797,3508.33,4.20449,5.919736198395211,4.208709454122797,6.37676790823199,high,-5.68419e-08,5.74571e-08,1.7079,1.7079,False,model_anchor:curve1:4.2:-0.00000;episode_end:curve1:6.3:-0.00000;episode_q25:curve1:5.0:0.00000;episode_q50:curve1:5.9:-0.00000;episode_q75:curve1:6.4:-0.00000,train_curve_coord_valid_normal_or_weak,道路坐标确认在弯道，车辆动态较弱或更像正常过弯，作为弯道普通/弱侧倾训练候选,道路坐标确认在弯道，车辆动态较弱或更像正常过弯，作为弯道普通/弱侧倾训练候选,True,False,False,False,,train_curve_normal_or_weak,弯道普通/弱侧倾训练候选,道路坐标确认在弯道，车辆动态较弱或更像正常过弯；保留为弯道普通/弱侧倾训练候选。,True,False,False,False,0,高度微动正常,True,True,False,
rec_v1_jy_2025_09_26_18_01_40_0008,jy,2025_09_26_18_01_40,F:\data_set_process\data_process\01_datasets\数据预处理\原始车辆数据\jy\Entity_Recording_2025_09_26_18_01_40_vehicle.csv,8,159.695,162.16,2.4650000000000034,161.365,161.365,,161.365,159.695,缺少一方起点,,极强,1,4.0,4.0,0.3,无明显操作,坐标风险高,True,False,False,True,0.8,99.63635294117648,0.5382672058823529,0.0173920764705882,0.0197791794117647,0.0067690511764705,0.1807799205882353,0.3837070934258902,0.0,6.334455882352941,3.4682023529411765,157.695,164.16,,,167.105,6.177499999999981,review,需要复核,窗口/坐标风险,人工复核后再决定,,,False,False,暂不进入训练,用户复核后认为需要复核类基本可舍去，先整体降为舍弃/暂缓,False,False,True,True,0.0005300000000003,0.0025000000001682,0.0006624249999999,0.00471532,3.49608,6.333100000000002,0.0,0.01317157,0.538252,0.0174117,False,False,False,False,False,False,False,discard_prior_review,v1.1 已经人工复核为舍弃/暂缓，本轮继续不进入训练,v1.1 已经人工复核为舍弃/暂缓，本轮继续不进入训练,False,False,False,True,,True,0.0003970185430048,0.0026131495457294,0.7490915905748402,0.8257345491388045,1.74804,2,0.0615999999999985,6.333100000000002,0.03,0.0004722962865879,False,False,True,False,False,discard_prior_review,v1.1 已经人工复核为舍弃/暂缓，本轮继续不进入训练,v1.1 已经人工复核为舍弃/暂缓，本轮继续不进入训练,False,False,False,True,,-7.14061,-7.14092,-7.14039,0.0003100000000006,0.0002199999999996,False,discard_prior_review,继承 v1.3：此前已舍弃/暂缓，不进入当前训练候选,继承 v1.3：此前已舍弃/暂缓，不进入当前训练候选,False,False,False,True,,discard_prior_review,继承 v1.4：此前已舍弃或不适合作为当前主训练候选,继承 v1.4：此前已舍弃或不适合作为当前主训练候选,False,False,False,True,,discard_noncurve_prior_review,非弯道已舍弃或不适合作为当前候选：继承 v1.5,非弯道已舍弃或不适合作为当前候选：继承 v1.5,False,False,False,True,159.695,161.365,车辆响应,False,1.670000000000016,True,159.365,161.365,161.365,167.365,,ok,curve1,curve1,curve1,curve1,curve1,6,True,curve1,curve1,-2.4294978910922013e-05,274.08330196151417,4454.52,-221.239,273.9303032105934,273.0525804236813,274.56382792828293,medium,-2.47643e-05,7.29432e-05,1.72331,1.72331,False,model_anchor:curve1:274.1:-0.00002;episode_start:curve1:273.1:-0.00007;episode_end:curve1:274.6:-0.00000;episode_q25:curve1:273.4:-0.00006;episode_q50:curve1:273.8:-0.00004;episode_q75:curve1:274.2:-0.00002,train_curve_coord_valid_normal_or_weak,道路坐标确认在弯道，车辆动态较弱或更像正常过弯，作为弯道普通/弱侧倾训练候选,道路坐标确认在弯道，车辆动态较弱或更像正常过弯，作为弯道普通/弱侧倾训练候选,True,False,False,False,,train_curve_normal_or_weak,弯道普通/弱侧倾训练候选,道路坐标确认在弯道，车辆动态较弱或更像正常过弯；保留为弯道普通/弱侧倾训练候选。,True,False,False,False,0,高度微动正常,True,True,False,
rec_v1_jy_2025_09_26_18_01_40_0015,jy,2025_09_26_18_01_40,F:\data_set_process\data_process\01_datasets\数据预处理\原始车辆数据\jy\Entity_Recording_2025_09_26_18_01_40_vehicle.csv,15,313.6,317.455,3.854999999999961,314.305,,313.66,316.61,314.305,缺少一方起点,,弱,0,0.9318680313671718,1.9133775,2.55117,制动为主,正常,True,False,False,False,0.8,122.26523529411764,1.1932982352941175,0.0389383058823529,0.0313973176470588,0.0166093235294117,0.2461167588235294,0.7232737024226723,0.2094452176470588,31.34088235294118,1.514989941176471,311.6,319.455,,,322.605,7.077499999999986,review,边界复核样本,强度或语义边界不清,人工复核,,,False,False,暂不进入训练,用户复核后认为需要复核类基本可舍去，先整体降为舍弃/暂缓,False,False,True,True,0.0068999999999999,0.0300000000002,0.0212111,0.0552108,1.516109,31.368999999999986,0.1951930999999999,0.0237655099999999,1.19513,0.0389612,False,False,False,False,False,False,False,discard_prior_review,v1.1 已经人工复核为舍弃/暂缓，本轮继续不进入训练,v1.1 已经人工复核为舍弃/暂缓，本轮继续不进入训练,False,False,False,True,,True,0.007866250297031,0.0311641569846371,1.1400362749320498,0.9189889825016202,0.0024635,0,31.368999999999986,31.368999999999986,0.255117,0.0232172899599645,False,False,False,True,False,discard_prior_review,v1.1 已经人工复核为舍弃/暂缓，本轮继续不进入训练,v1.1 已经人工复核为舍弃/暂缓，本轮继续不进入训练,False,False,False,True,,-13.148725,-13.152,-13.1451,0.0032750000000003,0.0036249999999995,False,discard_prior_review,继承 v1.3：此前已舍弃/暂缓，不进入当前训练候选,继承 v1.3：此前已舍弃/暂缓，不进入当前训练候选,False,False,False,True,,discard_prior_review,继承 v1.4：此前已舍弃或不适合作为当前主训练候选,继承 v1.4：此前已舍弃或不适合作为当前主训练候选,False,False,False,True,,discard_noncurve_prior_review,非弯道已舍弃或不适合作为当前候选：继承 v1.5,非弯道已舍弃或不适合作为当前候选：继承 v1.5,False,False,False,True,313.6,313.66,驾驶员动作,False,0.0600000000000022,False,311.66,313.66,313.66,319.66,,ok,curve2,curve2,curve2,curve2,curve2,8,True,curve2,curve2,-2.2735771677803466e-13,826.8313583396152,5064.58,-5177.94,859.2314408768511,825.3327597041065,910.1193517362434,low_but_context_usable,0.0,3.10774e-10,1.11951,1.14637,False,model_anchor:curve2:826.8:0.00000;episode_start:curve2:825.3:-0.00000;condition_peak:curve2:842.5:0.00000;vehicle_peak:curve2:892.8:-0.00000;episode_end:curve2:910.1:0.00000;episode_q25:curve2:848.6:-0.00000;episode_q50:curve2:869.9:-0.00000;episode_q75:curve2:890.3:0.00000,train_curve_coord_valid_normal_or_weak,道路坐标确认在弯道，车辆动态较弱或更像正常过弯，作为弯道普通/弱侧倾训练候选,道路坐标确认在弯道，车辆动态较弱或更像正常过弯，作为弯道普通/弱侧倾训练候选,True,False,False,False,,train_curve_normal_or_weak,弯道普通/弱侧倾训练候选,道路坐标确认在弯道，车辆动态较弱或更像正常过弯；保留为弯道普通/弱侧倾训练候选。,True,False,False,False,0,高度微动正常,True,True,False,
rec_v1_jy_2025_09_26_18_01_40_0016,jy,2025_09_26_18_01_40,F:\data_set_process\data_process\01_datasets\数据预处理\原始车辆数据\jy\Entity_Recording_2025_09_26_18_01_40_vehicle.csv,16,320.335,328.745,8.410000000000025,321.815,321.815,320.815,321.815,327.25,驾驶员先动,-1.0,极强,5,4.0,4.0,3.2451017301067564,方向盘快速操作,正常,True,False,True,True,0.8,89.79752205882353,3.328024117647059,0.1620831470588235,0.2225414411764706,0.0452926058823529,1.7651234705882353,6.490203460213513,0.181171,20.64097647058824,3.4873041176470587,318.335,330.745,middle_section,连续超车负荷事件段,322.605,-1.9349999999999448,core_extreme,核心极限样本,车辆动态强且驾驶员转向明显,多输出轨迹预测,,,False,False,保留为主训练候选,用户已初步复核，核心/保守弱操作/次级样本整体可保留,True,False,False,True,0.0089000000000005,0.0350000000000818,0.0187741999999999,0.0760415,3.49864,20.6428,0.181171,0.0863942,3.3411,0.162295,False,False,False,False,False,False,False,train_target_extreme,核心/次级目标极限事件，未触发超长或路外恢复风险，保留为训练候选,核心/次级目标极限事件，未触发超长或路外恢复风险，保留为训练候选,True,False,False,False,,True,0.0054065562628444,0.0357129215416632,0.6074782317802441,0.9423476968796434,1.749215,6,20.6428,20.6428,0.151171,0.0143093169349239,False,False,True,True,True,defer_roadedge_or_offroad,车速/制动/横向偏移/高度残差组合提示可能是路边恢复或上下马路，暂不进入主训练,车速/制动/横向偏移/高度残差组合提示可能是路边恢复或上下马路，暂不进入主训练,False,True,False,False,,-13.1438,-13.1487,-13.1398,0.0048999999999992,0.0040000000000013,False,discard_roadedge_without_large_zdrop,用户复核后抛弃：属于疑似上下马路/路边恢复，但没有明显大幅向下 z_drop，不进入当前训练候选,用户复核后抛弃：属于疑似上下马路/路边恢复，但没有明显大幅向下 z_drop，不进入当前训练候选,False,False,False,True,,discard_prior_review,继承 v1.4：此前已舍弃或不适合作为当前主训练候选,继承 v1.4：此前已舍弃或不适合作为当前主训练候选,False,False,False,True,,discard_noncurve_prior_review,非弯道已舍弃或不适合作为当前候选：继承 v1.5,非弯道已舍弃或不适合作为当前候选：继承 v1.5,False,False,False,True,320.335,320.815,驾驶员动作,False,0.4800000000000182,False,318.815,320.815,320.815,326.815,,ok,curve2|middle_section,curve2|section5,curve2,curve2,curve2,4,True,curve2,curve2,-0.0003291062749053,975.76987624139,5215.86,-5352.74,994.8842262857738,966.3730289202224,1005.9141202414332,low_but_context_usable,-6.21548e-11,1.68312e-09,1.2963,1.73959,False,model_anchor:curve2:975.8:-0.00000;episode_start:curve2:966.4:0.00000;vehicle_response:curve2:994.7:0.00000;episode_end:middle_section:994.9:-0.00000;episode_q25:curve2:1005.9:0.00000;episode_q50:middle_section:1003.5:0.00000;episode_q75:middle_section:997.9:-0.00000,train_curve_coord_valid_normal_or_weak,道路坐标确认在弯道，车辆动态较弱或更像正常过弯，作为弯道普通/弱侧倾训练候选,道路坐标确认在弯道，车辆动态较弱或更像正常过弯，作为弯道普通/弱侧倾训练候选,True,False,False,False,,train_curve_normal_or_weak,弯道普通/弱侧倾训练候选,道路坐标确认在弯道，车辆动态较弱或更像正常过弯；保留为弯道普通/弱侧倾训练候选。,True,False,False,False,0,高度微动正常,True,True,False,
rec_v1_lx_2025_09_26_09_06_38_0004,lx,2025_09_26_09_06_38,F:\data_set_process\data_process\01_datasets\数据预处理\原始车辆数据\lx\Entity_Recording_2025_09_26_09_06_38_vehicle.csv,4,122.24,127.0,4.760000000000005,125.56,,125.015,122.435,125.56,缺少一方起点,,弱,0,0.742328395920215,2.2927681237143105,3.0570241649524137,制动为主,正常,True,False,False,False,0.0,93.51733529411764,1.2865464705882352,0.0582198529411764,0.0426200647058823,0.0178969235294117,0.5239688235294118,1.0154909688581584,0.507404,35.40835882352941,0.7722809411764706,120.24,129.0,,,111.7,-12.920000000000002,review,边界复核样本,强度或语义边界不清,人工复核,,,False,False,暂不进入训练,用户复核后认为需要复核类基本可舍去，先整体降为舍弃/暂缓,False,False,True,True,0.0146300000000003,0.0350000000000818,0.03894293,0.117784,0.772911,35.4084,0.507404,0.0312271,1.29093,0.0584349,False,False,False,False,False,False,False,discard_prior_review,v1.1 已经人工复核为舍弃/暂缓，本轮继续不进入训练,v1.1 已经人工复核为舍弃/暂缓，本轮继续不进入训练,False,False,False,True,,True,0.014858803036212,0.0352189502739506,1.0156393052776285,0.7331932773109243,0.0032295999999999,0,35.4084,35.4084,0.477404,0.0410823366884893,False,False,False,True,False,discard_prior_review,v1.1 已经人工复核为舍弃/暂缓，本轮继续不进入训练,v1.1 已经人工复核为舍弃/暂缓，本轮继续不进入训练,False,False,False,True,,-6.14462,-6.15711,-6.14248,0.0124900000000005,0.0021399999999998,False,discard_prior_review,继承 v1.3：此前已舍弃/暂缓，不进入当前训练候选,继承 v1.3：此前已舍弃/暂缓，不进入当前训练候选,False,False,False,True,,discard_prior_review,继承 v1.4：此前已舍弃或不适合作为当前主训练候选,继承 v1.4：此前已舍弃或不适合作为当前主训练候选,False,False,False,True,,discard_noncurve_prior_review,非弯道已舍弃或不适合作为当前候选：继承 v1.5,非弯道已舍弃或不适合作为当前候选：继承 v1.5,False,False,False,True,122.24,125.015,驾驶员动作,False,2.7750000000000057,True,123.015,125.015,125.015,131.015,,ok,curve1,curve1,curve1,curve1,curve1,8,True,curve1,curve1,0.0,784.482007491043,3098.25,784.482,781.2480384025084,734.6881026721052,812.0410302332074,low_but_context_usable,9.32322e-11,4.75166e-10,0.28512,0.362991,False,model_anchor:curve1:784.5:0.00000;episode_start:curve1:734.7:0.00000;condition_peak:curve1:792.9:0.00000;vehicle_peak:curve1:738.4:0.00000;episode_end:curve1:812.0:-0.00000;episode_q25:curve1:756.9:0.00000;episode_q50:curve1:778.0:0.00000;episode_q75:curve1:796.4:-0.00000,train_curve_coord_valid_normal_or_weak,道路坐标确认在弯道，车辆动态较弱或更像正常过弯，作为弯道普通/弱侧倾训练候选,道路坐标确认在弯道，车辆动态较弱或更像正常过弯，作为弯道普通/弱侧倾训练候选,True,False,False,False,,train_curve_normal_or_weak,弯道普通/弱侧倾训练候选,道路坐标确认在弯道，车辆动态较弱或更像正常过弯；保留为弯道普通/弱侧倾训练候选。,True,False,False,False,0,高度微动正常,True,True,False,
rec_v1_lxy_2025_09_28_17_55_52_0003,lxy,2025_09_28_17_55_52,F:\data_set_process\data_process\01_datasets\数据预处理\原始车辆数据\lxy\Entity_Recording_2025_09_28_17_55_52_vehicle.csv,3,86.659,98.055,11.396,86.675,86.664,87.98,86.675,94.659,车辆先变化,1.3160000000000025,极强,2,4.0,4.0,3.1460764253740283,方向盘快速操作,可能切在事件中段,True,False,True,True,0.8,120.48910714285714,4.614700714285714,0.1911982142857142,0.2902841666666667,0.0642064833333333,2.016604857142857,12.17521111109367,0.4506949999999999,29.06707142857141,3.4558921428571425,84.659,100.055,curve1,弯道路段,94.305,1.9480000000000075,core_extreme,核心极限样本,车辆动态强且驾驶员转向明显,多输出轨迹预测,,,False,False,保留为主训练候选,用户已初步复核，核心/保守弱操作/次级样本整体可保留,True,False,False,True,0.016259,0.1249499999993162,0.04175348,0.115173,3.49683,29.076,0.4506949999999999,0.1188524,4.61793,0.191773,False,False,False,False,False,False,False,train_target_extreme,核心/次级目标极限事件，未触发超长或路外恢复风险，保留为训练候选,核心/次级目标极限事件，未触发超长或路外恢复风险，保留为训练候选,True,False,False,False,,True,0.0143918860314661,0.1256738009311924,0.8851642801812015,0.6089054617240623,1.748145,8,28.3065,29.076,0.420695,0.0447500111345357,False,False,True,True,False,train_target_extreme,目标极限事件，未触发 v1.3 路边/超长风险，保留为训练候选,目标极限事件，未触发 v1.3 路边/超长风险，保留为训练候选,True,False,False,False,,-0.1432505,-0.156345,-0.140086,0.0130945,0.0031645,False,train_target_extreme,继承 v1.3：目标极限事件，保留为训练候选,继承 v1.3：目标极限事件，保留为训练候选,True,False,False,False,,train_target_extreme,继承 v1.4：目标极限事件，保留为当前主训练候选,继承 v1.4：目标极限事件，保留为当前主训练候选,True,False,False,False,,discard_curve_height_or_z_abnormal,弯道高度异常：高度明显变高、突变、非平滑，或不像正常下坡弯道,弯道高度异常：高度明显变高、突变、非平滑，或不像正常下坡弯道,False,False,False,True,86.659,86.664,车辆响应,False,0.0049999999999954,False,84.664,86.664,86.664,92.664,,ok,middle_section|curve1,section2|curve1,middle_section,section2,curve1,2,True,middle_section,section2,-2.208810534618833e-29,4.2851578806192006,2509.55,4.28503,4.299643342185127,3.5440945935908146,6.288976249617772,high,6.19805e-10,9.34794e-10,-1.7098,1.71808,False,model_anchor:middle_section:4.3:0.00000;driver_action:middle_section:3.5:-0.00000;condition_peak:middle_section:4.3:0.00000;episode_end:curve1:5.7:0.00000;episode_q25:middle_section:3.9:0.00000;episode_q50:middle_section:4.6:-0.00000;episode_q75:curve1:6.3:0.00000,train_curve_coord_valid_normal_or_weak,道路坐标确认在弯道，车辆动态较弱或更像正常过弯，作为弯道普通/弱侧倾训练候选,道路坐标确认在弯道，车辆动态较弱或更像正常过弯，作为弯道普通/弱侧倾训练候选,True,False,False,False,,train_curve_normal_or_weak,弯道普通/弱侧倾训练候选,道路坐标确认在弯道，车辆动态较弱或更像正常过弯；保留为弯道普通/弱侧倾训练候选。,True,False,False,False,0,高度微动正常,True,True,False,
rec_v1_lxy_2025_09_28_17_55_52_0014,lxy,2025_09_28_17_55_52,F:\data_set_process\data_process\01_datasets\数据预处理\原始车辆数据\lxy\Entity_Recording_2025_09_28_17_55_52_vehicle.csv,14,335.154,344.905,9.750999999999976,336.439,336.425,335.315,336.439,342.834,驾驶员先动,-1.1100000000000136,极强,2,4.0,4.0,2.041024293987157,方向盘快速操作,正常,True,False,True,True,0.8,111.0362738095238,3.2852009523809524,0.1236906428571428,0.1648395714285714,0.0454724166666666,1.3130858571428572,7.898696122491752,0.3991559999999999,27.72935714285714,3.415359523809524,333.154,346.905,curve2,弯道路段,335.502,-4.527499999999975,core_extreme,核心极限样本,车辆动态强且驾驶员转向明显,多输出轨迹预测,,,False,False,保留为主训练候选,用户已初步复核，核心/保守弱操作/次级样本整体可保留,True,False,False,True,0.0147999999999992,0.1275000000041473,0.03870013,0.0940118,3.49291,27.771,0.3991559999999999,0.0907037,3.28716,0.124318,False,False,False,False,False,False,False,train_target_extreme,核心/次级目标极限事件，未触发超长或路外恢复风险，保留为训练候选,核心/次级目标极限事件，未触发超长或路外恢复风险，保留为训练候选,True,False,False,False,,True,0.0127475241539745,0.128223728456196,0.8613191995929189,0.8902845424250192,1.746435,6,27.771,27.771,0.369156,0.0342795582808213,False,False,True,True,False,train_target_extreme,目标极限事件，未触发 v1.3 路边/超长风险，保留为训练候选,目标极限事件，未触发 v1.3 路边/超长风险，保留为训练候选,True,False,False,False,,-13.15085,-13.1549,-13.1401,0.0040499999999994,0.0107499999999998,False,train_target_extreme,继承 v1.3：目标极限事件，保留为训练候选,继承 v1.3：目标极限事件，保留为训练候选,True,False,False,False,,train_target_extreme,继承 v1.4：目标极限事件，保留为当前主训练候选,继承 v1.4：目标极限事件，保留为当前主训练候选,True,False,False,False,,train_curve_unclear_or_weak,弯道训练候选：高度只存在小波动，侧倾较弱或普通，先纳入候选,弯道训练候选：高度只存在小波动，侧倾较弱或普通，先纳入候选,True,False,False,False,335.154,335.315,驾驶员动作,False,0.1610000000000013,False,333.315,335.315,335.315,341.315,F:\data_set_process\data_process\05_rebuild_from_raw_20260511\02_samples\record_level_episode_reconstruction_v1_8_anchor_curve_revised\figures\review_panels_v1_8\04_弯道_高度小波动普通或弱侧倾_纳入\0778_rec_v1_lxy_2025_09_28_17_55_52_0014.png,ok,curve2,curve2,curve2,curve2,curve2,8,True,curve2,curve2,0.0,475.2723113947805,4708.1,-4764.71,512.3367772482707,471.55387360404194,666.5246667607641,low_but_context_usable,0.0,9.96948e-10,0.797366,1.69185,False,model_anchor:curve2:475.3:0.00000;episode_start:curve2:471.6:0.00000;vehicle_response:curve2:499.9:0.00000;condition_peak:curve2:500.2:-0.00000;episode_end:curve2:666.5:0.00000;episode_q25:curve2:524.4:-0.00000;episode_q50:curve2:571.7:0.00000;episode_q75:curve2:619.2:0.00000,train_curve_coord_valid_normal_or_weak,道路坐标确认在弯道，车辆动态较弱或更像正常过弯，作为弯道普通/弱侧倾训练候选,道路坐标确认在弯道，车辆动态较弱或更像正常过弯，作为弯道普通/弱侧倾训练候选,True,False,False,False,,train_curve_normal_or_weak,弯道普通/弱侧倾训练候选,道路坐标确认在弯道，车辆动态较弱或更像正常过弯；保留为弯道普通/弱侧倾训练候选。,True,False,False,False,0,高度微动正常,True,True,False,
rec_v1_lxy_2025_09_28_18_06_16_0003,lxy,2025_09_28_18_06_16,F:\data_set_process\data_process\01_datasets\数据预处理\原始车辆数据\lxy\Entity_Recording_2025_09_28_18_06_16_vehicle.csv,3,87.25,97.955,10.704999999999998,88.83,87.53,87.385,88.83,89.575,驾驶员先动,-0.144999999999996,极强,5,4.0,4.0,4.0,方向盘快速操作,正常,True,False,True,True,0.8,120.16538235294118,6.513744117647058,0.3837891470588235,0.5978787352941176,0.0906996117647058,3.761782352941177,15.20510866781581,0.0,29.04470588235296,3.407056470588236,85.25,99.955,curve1|middle_section,弯道路段|连续超车负荷事件段,92.535,-0.0674999999999954,core_extreme,核心极限样本,车辆动态强且驾驶员转向明显,多输出轨迹预测,,,False,False,保留为主训练候选,用户已初步复核，核心/保守弱操作/次级样本整体可保留,True,False,False,True,0.0103539999999999,0.0518499999999946,0.00795142,0.0290007,3.4947,29.04600000000002,0.0,0.1785396,6.51413,0.38437,False,False,False,False,False,False,False,train_target_extreme,核心/次级目标极限事件，未触发超长或路外恢复风险，保留为训练候选,核心/次级目标极限事件，未触发超长或路外恢复风险，保留为训练候选,True,False,False,False,,True,0.0104292810485045,0.0542260843776861,1.0072707213158798,0.5145925752976885,1.74467,12,28.251000000000005,29.04600000000002,0.03,0.0071758143537758,False,False,True,True,True,defer_roadedge_or_offroad,车速/制动/横向偏移/高度残差组合提示可能是路边恢复或上下马路，暂不进入主训练,车速/制动/横向偏移/高度残差组合提示可能是路边恢复或上下马路，暂不进入主训练,False,True,False,False,,-0.14285175,-0.147384,-0.13703,0.0045322499999999,0.0058217499999999,False,discard_roadedge_without_large_zdrop,用户复核后抛弃：属于疑似上下马路/路边恢复，但没有明显大幅向下 z_drop，不进入当前训练候选,用户复核后抛弃：属于疑似上下马路/路边恢复，但没有明显大幅向下 z_drop，不进入当前训练候选,False,False,False,True,,discard_prior_review,继承 v1.4：此前已舍弃或不适合作为当前主训练候选,继承 v1.4：此前已舍弃或不适合作为当前主训练候选,False,False,False,True,,discard_curve_height_or_z_abnormal,弯道高度异常：高度明显变高、突变、非平滑，或不像正常下坡弯道,弯道高度异常：高度明显变高、突变、非平滑，或不像正常下坡弯道,False,False,False,True,87.25,87.385,驾驶员动作,False,0.1350000000000051,False,85.385,87.385,87.385,93.385,,ok,middle_section|curve1,section2|curve1,middle_section,section2,curve1,2,True,middle_section,section2,-2.775557561562892e-17,5.327527592967756,2554.04,5.30614,4.891835314573706,3.1149742185641918,6.264648042451886,high,-3.10773e-11,1.77636e-09,-0.688708,1.67937,False,model_anchor:middle_section:5.3:-0.00000;episode_start:middle_section:5.2:-0.00000;vehicle_response:middle_section:5.5:-0.00000;condition_peak:middle_section:4.3:0.00000;episode_end:curve1:6.3:0.00000;episode_q25:middle_section:4.6:-0.00000;episode_q50:middle_section:3.1:-0.00000;episode_q75:curve1:3.6:0.00000,train_curve_coord_valid_roll_candidate,道路坐标确认在弯道，且车辆侧倾/横滚/横向动态明显，可作为弯道极限或近极限候选,道路坐标确认在弯道，且车辆侧倾/横滚/横向动态明显，可作为弯道极限或近极限候选,True,False,False,False,,train_curve_roll_dynamic,弯道侧倾/动态训练候选,道路坐标确认在弯道，车辆横滚/横摆/横向动态明显，动态信号数=3。,True,False,False,False,3,高度微动正常,True,True,False,F:\data_set_process\data_process\05_rebuild_from_raw_20260511\02_samples\record_level_episode_reconstruction_v2_0_no_history_reaudit\figures\review_panels_v2_0\03_弯道训练候选\0791_rec_v1_lxy_2025_09_28_18_06_16_0003.png
rec_v1_lxy_2025_09_28_18_06_16_0004,lxy,2025_09_28_18_06_16,F:\data_set_process\data_process\01_datasets\数据预处理\原始车辆数据\lxy\Entity_Recording_2025_09_28_18_06_16_vehicle.csv,4,107.845,110.75,2.905000000000001,108.81,108.8,,108.81,108.365,缺少一方起点,,极强,1,4.0,4.0,0.964260029975779,弱操作,坐标风险高,True,False,False,True,0.8,125.4638382352941,2.897826764705882,0.0901395176470588,0.102817294117647,0.0382829882352941,0.8341341470588236,2.13537238754374,0.0,4.62985294117648,2.42073294117647,105.845,112.75,,,93.6,-15.697500000000003,review,需要复核,窗口/坐标风险,人工复核后再决定,,,False,False,暂不进入训练,用户复核后认为需要复核类基本可舍去，先整体降为舍弃/暂缓,False,False,True,True,0.0024509999999999,0.0155499999999779,0.0018681599999999,0.0193833,2.49142,4.6370000000000005,0.0,0.0562151,2.89877,0.0902024,False,False,False,False,False,False,False,discard_prior_review,v1.1 已经人工复核为舍弃/暂缓，本轮继续不进入训练,v1.1 已经人工复核为舍弃/暂缓，本轮继续不进入训练,False,False,False,True,,True,0.0024377249711628,0.0137172221510053,0.9945838315638408,0.5829750644883921,1.24571,4,0.0380000000000109,4.6370000000000005,0.03,0.0018236003576397,False,False,True,False,False,discard_prior_review,v1.1 已经人工复核为舍弃/暂缓，本轮继续不进入训练,v1.1 已经人工复核为舍弃/暂缓，本轮继续不进入训练,False,False,False,True,,-0.1418364999999999,-0.143114,-0.140663,0.0012775,0.0011734999999999,False,discard_prior_review,继承 v1.3：此前已舍弃/暂缓，不进入当前训练候选,继承 v1.3：此前已舍弃/暂缓，不进入当前训练候选,False,False,False,True,,discard_prior_review,继承 v1.4：此前已舍弃或不适合作为当前主训练候选,继承 v1.4：此前已舍弃或不适合作为当前主训练候选,False,False,False,True,,discard_noncurve_prior_review,非弯道已舍弃或不适合作为当前候选：继承 v1.5,非弯道已舍弃或不适合作为当前候选：继承 v1.5,False,False,False,True,107.845,108.8,车辆响应,False,0.9549999999999984,False,106.8,108.8,108.8,114.8,,ok,curve1,curve1,curve1,curve1,curve1,7,True,curve1,curve1,0.0,1.314811010215964,3247.21,1.31303,1.3595082393839506,0.6725121568899326,3.3158914549259144,high,1.23026e-09,5.80722e-08,-1.18339,1.20289,False,model_anchor:curve1:1.3:0.00000;episode_start:curve1:3.3:0.00000;condition_peak:curve1:1.4:0.00000;episode_end:curve1:2.1:-0.00000;episode_q25:curve1:1.8:0.00000;episode_q50:curve1:0.7:0.00000;episode_q75:curve1:0.9:0.00000,train_curve_coord_valid_normal_or_weak,道路坐标确认在弯道，车辆动态较弱或更像正常过弯，作为弯道普通/弱侧倾训练候选,道路坐标确认在弯道，车辆动态较弱或更像正常过弯，作为弯道普通/弱侧倾训练候选,True,False,False,False,,train_curve_normal_or_weak,弯道普通/弱侧倾训练候选,道路坐标确认在弯道，车辆动态较弱或更像正常过弯；保留为弯道普通/弱侧倾训练候选。,True,False,False,False,0,高度微动正常,True,True,False,
rec_v1_lxy_2025_09_28_18_06_16_0005,lxy,2025_09_28_18_06_16,F:\data_set_process\data_process\01_datasets\数据预处理\原始车辆数据\lxy\Entity_Recording_2025_09_28_18_06_16_vehicle.csv,5,114.925,115.655,0.730000000000004,115.05,115.045,,115.05,115.075,缺少一方起点,,极强,1,4.0,4.0,0.928928859343017,弱操作,事件很短,True,False,False,True,0.8,132.38145588235295,1.078885882352941,0.0318626147058823,0.0695249970588235,0.0154672029411764,0.2755874558823529,2.057130830449756,0.0,0.3991764705882588,3.4148055882352937,112.925,117.655,,,93.6,-21.69,conservative_extreme,保守/弱操作极限样本,车辆动态强但驾驶员转向不强,车辆状态预测+驾驶员类型分类,,,False,False,保留为主训练候选,用户已初步复核，核心/保守弱操作/次级样本整体可保留,True,False,False,True,0.0003469999999999,0.0017500000000012,0.0002767699999999,0.00280983,3.48949,0.3990000000000009,0.0,0.02644145,1.0773199999999998,0.0319368,False,False,False,False,False,False,False,train_conservative_extreme,保守/弱操作极限样本，未触发超长或路外恢复风险，保留为训练候选,保守/弱操作极限样本，未触发超长或路外恢复风险，保留为训练候选,True,False,False,False,,True,0.0002178994401166,0.0014649978466076,0.6279522769934345,0.6996587030716723,1.744745,2,0.0109999999999956,0.3990000000000009,0.03,0.0002455173409697,False,False,True,False,False,train_conservative_extreme,保守/弱操作极限样本，未触发 v1.3 路边/超长风险，保留为训练候选,保守/弱操作极限样本，未触发 v1.3 路边/超长风险，保留为训练候选,True,False,False,False,,-0.1433455,-0.143581,-0.143234,0.0002354999999999,0.0001115,False,train_conservative_extreme,继承 v1.3：保守/弱操作极限样本，保留为训练候选,继承 v1.3：保守/弱操作极限样本，保留为训练候选,True,False,False,False,,train_conservative_extreme,继承 v1.4：保守/弱操作极限样本，保留为当前主训练候选,继承 v1.4：保守/弱操作极限样本，保留为当前主训练候选,True,False,False,False,,train_noncurve_target_extreme,非弯道主训练候选：继承 v1.5，作为当前主训练集,非弯道主训练候选：继承 v1.5，作为当前主训练集,True,False,False,False,114.925,115.045,车辆响应,False,0.1200000000000045,False,113.045,115.045,115.045,121.045,,ok,curve1,curve1,curve1,curve1,curve1,7,True,curve1,curve1,-7.105427357601002e-15,4.184849156603137,3470.9,4.17787,4.302186854763633,3.97413472606612,5.312353452506045,high,2.8421e-08,8.5673e-08,1.68129,1.69631,False,model_anchor:curve1:4.2:0.00000;episode_start:curve1:4.0:0.00000;condition_peak:curve1:4.2:0.00000;episode_end:curve1:5.3:0.00000;episode_q25:curve1:4.3:0.00000;episode_q50:curve1:4.7:-0.00000;episode_q75:curve1:5.0:-0.00000,train_curve_coord_valid_normal_or_weak,道路坐标确认在弯道，车辆动态较弱或更像正常过弯，作为弯道普通/弱侧倾训练候选,道路坐标确认在弯道，车辆动态较弱或更像正常过弯，作为弯道普通/弱侧倾训练候选,True,False,False,False,,train_curve_normal_or_weak,弯道普通/弱侧倾训练候选,道路坐标确认在弯道，车辆动态较弱或更像正常过弯；保留为弯道普通/弱侧倾训练候选。,True,False,False,False,0,高度微动正常,True,True,False,
rec_v1_lxy_2025_09_28_18_06_16_0007,lxy,2025_09_28_18_06_16,F:\data_set_process\data_process\01_datasets\数据预处理\原始车辆数据\lxy\Entity_Recording_2025_09_28_18_06_16_vehicle.csv,7,152.35,153.47,1.1200000000000043,152.67,,152.41,153.1,152.67,缺少一方起点,,弱,0,0.1206366217137194,2.4000000000000004,3.2,方向盘快速操作,正常,False,True,False,False,1.0,1.951059558823529,0.2505182352941176,0.0216231147058823,0.0145906411764705,0.0027563120588235,1.437520911764706,5.620198788925766,0.3980323705882352,3.457136470588235,0.0307939117647059,150.35,155.47,,,149.405,-3.5049999999999955,normal_or_curve,正常弯道或普通操控,更像正常过弯/普通控制,对照或分类,F:\data_set_process\data_process\05_rebuild_from_raw_20260511\02_samples\record_level_episode_reconstruction_v1_0\figures\review_panels\normal_or_curve_正常弯道或普通操控\rec_v1_lxy_2025_09_28_18_06_16_0007.png,,True,False,保留为对照样本，不进入主训练,正常弯道或普通操控可用于对照，但不作为极限工况主训练样本,False,True,False,True,0.01072,0.0485000000001036,0.02500395,0.0891379,0.0309215,3.49348,0.4274489999999999,0.0024573715,0.325731,0.0218244,False,False,False,False,False,False,False,control_normal_or_curve,正常弯道或普通操控，仅保留为对照样本,正常弯道或普通操控，仅保留为对照样本,False,False,True,False,,True,0.0099822251738297,0.0386796849979017,0.9311777214393412,0.5857461024498887,0.000145,0,3.454795,3.49348,0.397449,0.0206561495402478,False,False,False,True,False,control_normal_or_curve,正常弯道或普通操控，仅保留为对照样本,正常弯道或普通操控，仅保留为对照样本,False,False,True,False,,-6.9344875,-6.93928,-6.92856,0.0047925000000006,0.0059274999999994,False,control_normal_or_curve,继承 v1.3：正常弯道或普通操控，仅保留为对照样本,继承 v1.3：正常弯道或普通操控，仅保留为对照样本,False,False,True,False,,control_normal_or_curve,继承 v1.4：正常弯道或普通操控，仅保留为对照样本,继承 v1.4：正常弯道或普通操控，仅保留为对照样本,False,False,True,False,,discard_curve_height_or_z_abnormal,弯道高度异常：高度明显变高、突变、非平滑，或不像正常下坡弯道,弯道高度异常：高度明显变高、突变、非平滑，或不像正常下坡弯道,False,False,False,True,152.35,152.41,驾驶员动作,False,0.0600000000000022,False,150.41,152.41,152.41,158.41,,ok,curve1,curve1,curve1,curve1,curve1,8,True,curve1,curve1,-0.0072980210312051,265.68629137186144,4443.31,-38.7118,265.57293072819743,265.49214885206413,265.69859174459924,medium,0.00763238,0.00763246,0.762505,0.790345,True,model_anchor:curve1:265.7:0.00763;episode_start:curve1:265.7:0.00763;condition_peak:curve1:265.6:0.00763;vehicle_peak:curve1:265.5:0.00763;episode_end:curve1:265.5:0.00763;episode_q25:curve1:265.6:0.00763;episode_q50:curve1:265.5:0.00763;episode_q75:curve1:265.5:0.00763,train_curve_coord_valid_normal_or_weak,道路坐标确认在弯道，车辆动态较弱或更像正常过弯，作为弯道普通/弱侧倾训练候选,道路坐标确认在弯道，车辆动态较弱或更像正常过弯，作为弯道普通/弱侧倾训练候选,True,False,False,False,,train_curve_normal_or_weak,弯道普通/弱侧倾训练候选,道路坐标确认在弯道，车辆动态较弱或更像正常过弯；保留为弯道普通/弱侧倾训练候选。,True,False,False,False,0,高度微动正常,True,True,False,
rec_v1_lxy_2025_09_28_18_06_16_0019,lxy,2025_09_28_18_06_16,F:\data_set_process\data_process\01_datasets\数据预处理\原始车辆数据\lxy\Entity_Recording_2025_09_28_18_06_16_vehicle.csv,19,330.255,337.67,7.41500000000002,333.895,330.57,330.455,333.895,335.02,驾驶员先动,-0.1150000000000091,极强,5,4.0,4.0,3.218451141716154,方向盘快速操作,正常,True,False,True,True,0.8,130.1888382352941,5.769805,0.220666794117647,0.335685,0.0796134970588235,2.5987367352941178,7.127321972323097,0.0,5.986823529411765,3.379020882352941,328.255,339.67,curve2,弯道路段,335.355,1.392500000000041,core_extreme,核心极限样本,车辆动态强且驾驶员转向明显,多输出轨迹预测,,,False,False,保留为主训练候选,用户已初步复核，核心/保守弱操作/次级样本整体可保留,True,False,False,True,0.0069999999999996,0.0350000000000818,0.00694845,0.0182128,3.49214,5.988,0.0,0.1444132,5.77064,0.220909,False,False,False,False,False,False,False,train_target_extreme,核心/次级目标极限事件，未触发超长或路外恢复风险，保留为训练候选,核心/次级目标极限事件，未触发超长或路外恢复风险，保留为训练候选,True,False,False,False,,True,0.006774656491892,0.0296934101932592,0.9678080702703434,0.8490057296932929,1.743495,4,5.987499999999983,5.988,0.03,0.0089999697996901,False,False,True,False,False,train_target_extreme,目标极限事件，未触发 v1.3 路边/超长风险，保留为训练候选,目标极限事件，未触发 v1.3 路边/超长风险，保留为训练候选,True,False,False,False,,-13.144575,-13.1463,-13.1393,0.0017250000000004,0.0052749999999992,False,train_target_extreme,继承 v1.3：目标极限事件，保留为训练候选,继承 v1.3：目标极限事件，保留为训练候选,True,False,False,False,,train_target_extreme,继承 v1.4：目标极限事件，保留为当前主训练候选,继承 v1.4：目标极限事件，保留为当前主训练候选,True,False,False,False,,train_curve_unclear_or_weak,弯道训练候选：高度只存在小波动，侧倾较弱或普通，先纳入候选,弯道训练候选：高度只存在小波动，侧倾较弱或普通，先纳入候选,True,False,False,False,330.255,330.455,驾驶员动作,False,0.1999999999999886,False,328.455,330.455,330.455,336.455,,ok,curve2,curve2,curve2,curve2,curve2,8,True,curve2,curve2,-2.693864511092012e-15,479.0107492799324,4711.86,-4766.5,539.0617978683777,474.4600912314422,646.8792981365235,low_but_context_usable,-6.21546e-11,1.90066e-09,-1.02598,1.66399,False,model_anchor:curve2:479.0:-0.00000;episode_start:curve2:474.5:0.00000;vehicle_response:curve2:481.6:-0.00000;condition_peak:curve2:559.2:0.00000;episode_end:curve2:646.9:0.00000;episode_q25:curve2:518.9:0.00000;episode_q50:curve2:560.7:0.00000;episode_q75:curve2:605.1:-0.00000,train_curve_coord_valid_roll_candidate,道路坐标确认在弯道，且车辆侧倾/横滚/横向动态明显，可作为弯道极限或近极限候选,道路坐标确认在弯道，且车辆侧倾/横滚/横向动态明显，可作为弯道极限或近极限候选,True,False,False,False,,train_curve_normal_or_weak,弯道普通/弱侧倾训练候选,道路坐标确认在弯道，车辆动态较弱或更像正常过弯；保留为弯道普通/弱侧倾训练候选。,True,False,False,False,1,高度微动正常,True,True,False,
rec_v1_lxy_2025_09_28_18_19_35_0001,lxy,2025_09_28_18_19_35,F:\data_set_process\data_process\01_datasets\数据预处理\原始车辆数据\lxy\Entity_Recording_2025_09_28_18_19_35_vehicle.csv,1,87.335,93.63,6.295000000000002,89.915,87.581,87.555,89.915,91.27,驾驶员先动,-0.0259999999999962,极强,5,4.0,4.0,4.0,方向盘快速操作,正常,True,False,True,True,0.8,137.79995454545457,5.635813939393939,0.2786640454545454,0.4292096363636364,0.0769491833333333,2.839219545454545,25.002867891649096,0.0,3.7943181818181984,3.485325454545455,85.335,95.63,curve1|middle_section,弯道路段|连续超车负荷事件段,90.485,0.0025000000000119,core_extreme,核心极限样本,车辆动态强且驾驶员转向明显,多输出轨迹预测,,,False,False,保留为主训练候选,用户已初步复核，核心/保守弱操作/次级样本整体可保留,True,False,False,True,0.0077069999999999,0.0735249999995879,0.0022652,0.0100681,3.4992,3.795500000000004,0.0,0.1537162,5.64033,0.280692,False,False,False,False,False,False,False,train_target_extreme,核心/次级目标极限事件，未触发超长或路外恢复风险，保留为训练候选,核心/次级目标极限事件，未触发超长或路外恢复风险，保留为训练候选,True,False,False,False,,True,0.0076743557066877,0.0734472754917116,0.9957643319953068,0.5377283558379666,1.7496,6,0.0215000000000031,3.795500000000004,0.03,0.0022868345899543,False,False,True,False,False,train_target_extreme,目标极限事件，未触发 v1.3 路边/超长风险，保留为训练候选,目标极限事件，未触发 v1.3 路边/超长风险，保留为训练候选,True,False,False,False,,-0.143162,-0.145724,-0.138017,0.0025619999999999,0.005145,False,train_target_extreme,继承 v1.3：目标极限事件，保留为训练候选,继承 v1.3：目标极限事件，保留为训练候选,True,False,False,False,,train_target_extreme,继承 v1.4：目标极限事件，保留为当前主训练候选,继承 v1.4：目标极限事件，保留为当前主训练候选,True,False,False,False,,discard_curve_height_or_z_abnormal,弯道高度异常：高度明显变高、突变、非平滑，或不像正常下坡弯道,弯道高度异常：高度明显变高、突变、非平滑，或不像正常下坡弯道,False,False,False,True,87.335,87.555,驾驶员动作,False,0.220000000000013,False,85.555,87.555,87.555,93.555,,ok,middle_section|curve1,section2|curve1,middle_section,section2,curve1,2,True,middle_section,section2,-6.938893903904386e-17,4.485258705242639,2623.2,4.47405,4.476701449867343,2.8488264153203717,5.452295750168446,high,0.0,8.88178e-10,-1.521,1.73717,False,model_anchor:middle_section:4.5:0.00000;episode_start:middle_section:4.7:-0.00000;vehicle_response:middle_section:4.5:0.00000;condition_peak:middle_section:4.4:-0.00000;episode_end:curve1:4.2:-0.00000;episode_q25:middle_section:5.5:-0.00000;episode_q50:middle_section:2.8:0.00000;episode_q75:curve1:4.9:-0.00000,train_curve_coord_valid_roll_candidate,道路坐标确认在弯道，且车辆侧倾/横滚/横向动态明显，可作为弯道极限或近极限候选,道路坐标确认在弯道，且车辆侧倾/横滚/横向动态明显，可作为弯道极限或近极限候选,True,False,False,False,,train_curve_normal_or_weak,弯道普通/弱侧倾训练候选,道路坐标确认在弯道，车辆动态较弱或更像正常过弯；保留为弯道普通/弱侧倾训练候选。,True,False,False,False,1,高度微动正常,True,True,False,
rec_v1_lxy_2025_09_28_18_19_35_0002,lxy,2025_09_28_18_19_35,F:\data_set_process\data_process\01_datasets\数据预处理\原始车辆数据\lxy\Entity_Recording_2025_09_28_18_19_35_vehicle.csv,2,125.121,126.875,1.7540000000000049,126.026,,125.145,126.59,126.026,缺少一方起点,,弱,0,0.357201575543058,2.4000000000000004,3.2,制动为主,正常,True,False,False,False,0.8,121.76716666666668,0.9665976818181818,0.0387725954545454,0.0402291712121212,0.0118082348484848,0.2387347272727272,1.1672724517909498,0.2772918636363636,20.55251515151513,0.4245170303030302,123.121,128.875,curve1,弯道路段,124.05,-1.9479999999999933,review,边界复核样本,强度或语义边界不清,人工复核,,,False,False,暂不进入训练,用户复核后认为需要复核类基本可舍去，先整体降为舍弃/暂缓,False,False,True,True,0.008314,0.0935000000009598,0.026504865,0.0907369,0.424757,20.60050000000001,0.2315515,0.02136794,0.963528,0.0389498,False,False,False,False,False,False,False,discard_prior_review,v1.1 已经人工复核为舍弃/暂缓，本轮继续不进入训练,v1.1 已经人工复核为舍弃/暂缓，本轮继续不进入训练,False,False,False,True,,True,0.007537188967751,0.0920794314526233,0.9065659090390962,0.6062767475035663,0.0016815,0,20.60050000000001,20.60050000000001,0.321257,0.0183392059087464,False,False,False,True,False,discard_prior_review,v1.1 已经人工复核为舍弃/暂缓，本轮继续不进入训练,v1.1 已经人工复核为舍弃/暂缓，本轮继续不进入训练,False,False,False,True,,-0.150406,-0.153144,-0.14483,0.0027379999999999,0.005576,False,discard_prior_review,继承 v1.3：此前已舍弃/暂缓，不进入当前训练候选,继承 v1.3：此前已舍弃/暂缓，不进入当前训练候选,False,False,False,True,,discard_prior_review,继承 v1.4：此前已舍弃或不适合作为当前主训练候选,继承 v1.4：此前已舍弃或不适合作为当前主训练候选,False,False,False,True,,discard_curve_height_or_z_abnormal,弯道高度异常：高度明显变高、突变、非平滑，或不像正常下坡弯道,弯道高度异常：高度明显变高、突变、非平滑，或不像正常下坡弯道,False,False,False,True,125.121,125.145,驾驶员动作,False,0.0240000000000009,False,123.145,125.145,125.145,131.14499999999998,,ok,curve1,curve1,curve1,curve1,curve1,8,True,curve1,curve1,-0.0072980143078624,50.75675864384822,4025.48,5.59192,50.66320944707168,43.31771802841439,52.454630721191165,medium,-4.10087e-10,2.8421e-08,-0.405059,0.83025,False,model_anchor:curve1:50.8:-0.00000;episode_start:curve1:50.6:0.00000;condition_peak:curve1:51.4:-0.00000;vehicle_peak:curve1:46.8:-0.00000;episode_end:curve1:43.3:-0.00000;episode_q25:curve1:52.5:-0.00000;episode_q50:curve1:51.5:-0.00000;episode_q75:curve1:48.4:-0.00000,train_curve_coord_valid_normal_or_weak,道路坐标确认在弯道，车辆动态较弱或更像正常过弯，作为弯道普通/弱侧倾训练候选,道路坐标确认在弯道，车辆动态较弱或更像正常过弯，作为弯道普通/弱侧倾训练候选,True,False,False,False,,train_curve_normal_or_weak,弯道普通/弱侧倾训练候选,道路坐标确认在弯道，车辆动态较弱或更像正常过弯；保留为弯道普通/弱侧倾训练候选。,True,False,False,False,0,高度微动正常,True,True,False,
rec_v1_lxy_2025_09_28_18_19_35_0011,lxy,2025_09_28_18_19_35,F:\data_set_process\data_process\01_datasets\数据预处理\原始车辆数据\lxy\Entity_Recording_2025_09_28_18_19_35_vehicle.csv,11,303.666,304.641,0.9750000000000228,303.906,303.876,,303.906,303.841,缺少一方起点,,极强,1,4.0,4.0,0.6983116295165177,无明显操作,事件很短,True,False,False,True,0.8,97.48436969696972,2.126155303030303,0.0927762424242424,0.0882917318181818,0.0272644606060606,0.5996183256060605,3.6600519972711054,0.0,2.8078666666666834,3.40153696969697,301.666,306.641,,,293.455,-10.698500000000024,conservative_extreme,保守/弱操作极限样本,车辆动态强但驾驶员转向不强,车辆状态预测+驾驶员类型分类,,,False,False,保留为主训练候选,用户已初步复核，核心/保守弱操作/次级样本整体可保留,True,False,False,True,0.0007000000000001,0.0425000000020645,0.0002068299999999,0.000696501,3.4946200000000003,2.8078999999999894,0.0,0.0428284,2.13311,0.0931409,False,False,False,False,False,False,False,train_conservative_extreme,保守/弱操作极限样本，未触发超长或路外恢复风险，保留为训练候选,保守/弱操作极限样本，未触发超长或路外恢复风险，保留为训练候选,True,False,False,False,,True,0.0007260652233611,0.0427087172593301,1.037236033372939,0.9692307692307692,1.74731,2,0.0677499999999895,2.8078999999999894,0.03,0.0001148618257239,False,False,True,False,False,train_conservative_extreme,保守/弱操作极限样本，未触发 v1.3 路边/超长风险，保留为训练候选,保守/弱操作极限样本，未触发 v1.3 路边/超长风险，保留为训练候选,True,False,False,False,,-13.1406,-13.1408,-13.1401,0.0002000000000013,0.0004999999999988,False,train_conservative_extreme,继承 v1.3：保守/弱操作极限样本，保留为训练候选,继承 v1.3：保守/弱操作极限样本，保留为训练候选,True,False,False,False,,train_conservative_extreme,继承 v1.4：保守/弱操作极限样本，保留为当前主训练候选,继承 v1.4：保守/弱操作极限样本，保留为当前主训练候选,True,False,False,False,,train_noncurve_target_extreme,非弯道主训练候选：继承 v1.5，作为当前主训练集,非弯道主训练候选：继承 v1.5，作为当前主训练集,True,False,False,False,303.666,303.876,车辆响应,False,0.2099999999999795,False,301.876,303.876,303.876,309.876,,ok,curve2,curve2,curve2,curve2,curve2,6,True,curve2,curve2,2.246638522671531e-13,702.101592931755,4938.08,-5029.28,704.6577691008641,698.6741184959484,715.1106705069011,low_but_context_usable,-8.88178e-10,8.88178e-10,-1.67154,1.70687,False,model_anchor:curve2:702.1:-0.00000;episode_start:curve2:698.7:0.00000;condition_peak:curve2:702.6:-0.00000;episode_end:curve2:715.1:-0.00000;episode_q50:curve2:706.7:0.00000;episode_q75:curve2:710.8:0.00000,train_curve_coord_valid_normal_or_weak,道路坐标确认在弯道，车辆动态较弱或更像正常过弯，作为弯道普通/弱侧倾训练候选,道路坐标确认在弯道，车辆动态较弱或更像正常过弯，作为弯道普通/弱侧倾训练候选,True,False,False,False,,train_curve_normal_or_weak,弯道普通/弱侧倾训练候选,道路坐标确认在弯道，车辆动态较弱或更像正常过弯；保留为弯道普通/弱侧倾训练候选。,True,False,False,False,0,高度微动正常,True,True,False,
rec_v1_lxy_2025_09_28_18_19_35_0012,lxy,2025_09_28_18_19_35,F:\data_set_process\data_process\01_datasets\数据预处理\原始车辆数据\lxy\Entity_Recording_2025_09_28_18_19_35_vehicle.csv,12,305.92,309.66,3.740000000000009,306.975,306.21,306.146,306.975,307.191,驾驶员先动,-0.0639999999999645,极强,2,4.0,4.0,1.5456343514744846,方向盘快速操作,正常,True,False,True,True,0.8,107.52230303030304,4.251845454545455,0.1802473939393939,0.1800825909090909,0.0568565439393939,1.909296106060606,8.101113966957366,0.0,10.040575757575752,3.3325786363636367,303.92,311.66,,,318.6,10.810000000000002,core_extreme,核心极限样本,车辆动态强且驾驶员转向明显,多输出轨迹预测,,,False,False,保留为主训练候选,用户已初步复核，核心/保守弱操作/次级样本整体可保留,True,False,False,True,0.0035000000000007,0.0425000000030877,0.00090395,0.00233832,3.48905,10.040999999999997,0.0,0.1000337,4.2616,0.180822,False,False,False,False,False,False,False,train_target_extreme,核心/次级目标极限事件，未触发超长或路外恢复风险，保留为训练候选,核心/次级目标极限事件，未触发超长或路外恢复风险，保留为训练候选,True,False,False,False,,True,0.0034829585476696,0.0425344271797138,0.995131013619706,0.929144385026738,1.744525,6,0.0660000000000025,10.040999999999997,0.03,0.0009224764069,False,False,True,False,False,train_target_extreme,目标极限事件，未触发 v1.3 路边/超长风险，保留为训练候选,目标极限事件，未触发 v1.3 路边/超长风险，保留为训练候选,True,False,False,False,,-13.1406,-13.1418,-13.1383,0.0012000000000007,0.0022999999999999,False,train_target_extreme,继承 v1.3：目标极限事件，保留为训练候选,继承 v1.3：目标极限事件，保留为训练候选,True,False,False,False,,train_target_extreme,继承 v1.4：目标极限事件，保留为当前主训练候选,继承 v1.4：目标极限事件，保留为当前主训练候选,True,False,False,False,,train_noncurve_target_extreme,非弯道主训练候选：继承 v1.5，作为当前主训练集,非弯道主训练候选：继承 v1.5，作为当前主训练集,True,False,False,False,305.92,306.146,驾驶员动作,False,0.2259999999999991,False,304.146,306.146,306.146,312.146,,ok,curve2,curve2,curve2,curve2,curve2,8,True,curve2,curve2,-2.2466385226695e-13,742.4211126487115,4978.97,-5077.18,756.9113891339513,738.3700474385269,812.1125330102476,low_but_context_usable,6.21546e-11,3.4284e-09,1.44151,1.69108,False,model_anchor:curve2:742.4:0.00000;episode_start:curve2:738.4:-0.00000;vehicle_response:curve2:743.6:-0.00000;condition_peak:curve2:758.1:-0.00000;episode_end:curve2:812.1:0.00000;episode_q25:curve2:755.7:0.00000;episode_q50:curve2:775.2:0.00000;episode_q75:curve2:794.2:0.00000,train_curve_coord_valid_normal_or_weak,道路坐标确认在弯道，车辆动态较弱或更像正常过弯，作为弯道普通/弱侧倾训练候选,道路坐标确认在弯道，车辆动态较弱或更像正常过弯，作为弯道普通/弱侧倾训练候选,True,False,False,False,,train_curve_normal_or_weak,弯道普通/弱侧倾训练候选,道路坐标确认在弯道，车辆动态较弱或更像正常过弯；保留为弯道普通/弱侧倾训练候选。,True,False,False,False,0,高度微动正常,True,True,False,
rec_v1_rjy_2025_09_28_19_33_26_0002,rjy,2025_09_28_19_33_26,F:\data_set_process\data_process\01_datasets\数据预处理\原始车辆数据\rjy\Entity_Recording_2025_09_28_19_33_26_vehicle.csv,2,134.98,143.415,8.435000000000002,139.992,138.022,135.0,139.992,135.32,驾驶员先动,-3.021999999999992,极强,4,4.0,4.0,3.2,方向盘快速操作,正常,True,False,True,True,0.8,82.47429259259259,3.351016481481481,0.1588598148148148,0.1347709444444444,0.0462817981481481,1.4867458333333332,3.2909320484678704,0.443125,48.34296851851852,3.3054088888888886,132.98,145.415,curve1|middle_section,弯道路段|连续超车负荷事件段,140.047,0.8495000000000061,core_extreme,核心极限样本,车辆动态强且驾驶员转向明显,多输出轨迹预测,,,False,False,保留为主训练候选,用户已初步复核，核心/保守弱操作/次级样本整体可保留,True,False,False,True,0.0187809999999999,0.0513499999998572,0.0427150019999999,0.109649,3.48455,48.37010000000001,0.443125,0.0899122,3.35356,0.159386,False,False,False,False,False,False,False,train_target_extreme,核心/次级目标极限事件，未触发超长或路外恢复风险，保留为训练候选,核心/次级目标极限事件，未触发超长或路外恢复风险，保留为训练候选,True,False,False,False,,True,0.0148919617198227,0.0529096021925409,0.7929269857740705,0.6384113811499703,1.742275,2,48.37010000000001,48.37010000000001,0.413125,0.0445963909081347,False,False,True,True,True,defer_roadedge_or_offroad,车速/制动/横向偏移/高度残差组合提示可能是路边恢复或上下马路，暂不进入主训练,车速/制动/横向偏移/高度残差组合提示可能是路边恢复或上下马路，暂不进入主训练,False,True,False,False,,-0.150385,-0.156156,-0.137375,0.0057709999999999,0.0130099999999999,False,discard_roadedge_without_large_zdrop,用户复核后抛弃：属于疑似上下马路/路边恢复，但没有明显大幅向下 z_drop，不进入当前训练候选,用户复核后抛弃：属于疑似上下马路/路边恢复，但没有明显大幅向下 z_drop，不进入当前训练候选,False,False,False,True,,discard_prior_review,继承 v1.4：此前已舍弃或不适合作为当前主训练候选,继承 v1.4：此前已舍弃或不适合作为当前主训练候选,False,False,False,True,,discard_curve_height_or_z_abnormal,弯道高度异常：高度明显变高、突变、非平滑，或不像正常下坡弯道,弯道高度异常：高度明显变高、突变、非平滑，或不像正常下坡弯道,False,False,False,True,134.98,135.0,驾驶员动作,False,0.0200000000000102,False,133.0,135.0,135.0,141.0,,ok,middle_section|curve1,section2|curve1,middle_section,section2,curve1,1,True,middle_section,section2,1.1102230246251563e-16,3.1417577341120158,2581.93,3.11448,3.397187264586608,2.654480614322241,6.61956480529146,high,4.44089e-10,1.30119e-09,0.619551,1.59824,False,model_anchor:middle_section:3.1:0.00000;episode_start:middle_section:3.1:0.00000;vehicle_response:middle_section:3.2:-0.00000;condition_peak:middle_section:4.1:-0.00000;episode_end:curve1:5.1:0.00000;episode_q25:middle_section:3.6:0.00000;episode_q50:middle_section:2.7:0.00000;episode_q75:middle_section:6.6:-0.00000,train_curve_coord_valid_normal_or_weak,道路坐标确认在弯道，车辆动态较弱或更像正常过弯，作为弯道普通/弱侧倾训练候选,道路坐标确认在弯道，车辆动态较弱或更像正常过弯，作为弯道普通/弱侧倾训练候选,True,False,False,False,,train_curve_normal_or_weak,弯道普通/弱侧倾训练候选,道路坐标确认在弯道，车辆动态较弱或更像正常过弯；保留为弯道普通/弱侧倾训练候选。,True,False,False,False,0,高度微动正常,True,True,False,
rec_v1_rjy_2025_09_28_19_33_26_0003,rjy,2025_09_28_19_33_26,F:\data_set_process\data_process\01_datasets\数据预处理\原始车辆数据\rjy\Entity_Recording_2025_09_28_19_33_26_vehicle.csv,3,152.175,155.215,3.039999999999992,153.707,153.497,154.537,153.707,154.572,车辆先变化,1.039999999999992,极强,2,4.0,4.0,1.077273948330658,弱操作,正常,True,False,True,True,0.8,94.92603888888888,2.3973094444444447,0.1023071111111111,0.0874364333333333,0.0312909407407407,1.0132089629629628,2.154547896661316,0.0,3.38485,3.3859459259259257,150.175,157.215,curve1,弯道路段,154.78,1.085000000000008,conservative_extreme,保守/弱操作极限样本,车辆动态强但驾驶员转向不强,车辆状态预测+驾驶员类型分类,,,False,False,保留为主训练候选,用户已初步复核，核心/保守弱操作/次级样本整体可保留,True,False,False,True,0.0037939999999999,0.0142999999999631,0.00578348,0.0232695,3.49245,3.397100000000009,0.0,0.05736,2.4157,0.102523,False,False,False,False,False,False,False,train_conservative_extreme,保守/弱操作极限样本，未触发超长或路外恢复风险，保留为训练候选,保守/弱操作极限样本，未触发超长或路外恢复风险，保留为训练候选,True,False,False,False,,True,0.0040533778887388,0.0147643856437472,1.0683652843276057,0.6759868421052632,1.746225,2,0.9274000000000058,3.397100000000009,0.03,0.0067582285295098,False,False,True,False,False,train_conservative_extreme,保守/弱操作极限样本，未触发 v1.3 路边/超长风险，保留为训练候选,保守/弱操作极限样本，未触发 v1.3 路边/超长风险，保留为训练候选,True,False,False,False,,-0.143274,-0.14411,-0.140316,0.0008359999999999,0.002958,False,train_conservative_extreme,继承 v1.3：保守/弱操作极限样本，保留为训练候选,继承 v1.3：保守/弱操作极限样本，保留为训练候选,True,False,False,False,,train_conservative_extreme,继承 v1.4：保守/弱操作极限样本，保留为当前主训练候选,继承 v1.4：保守/弱操作极限样本，保留为当前主训练候选,True,False,False,False,,discard_curve_height_or_z_abnormal,弯道高度异常：高度明显变高、突变、非平滑，或不像正常下坡弯道,弯道高度异常：高度明显变高、突变、非平滑，或不像正常下坡弯道,False,False,False,True,152.175,153.497,车辆响应,False,1.3220000000000027,False,151.497,153.497,153.497,159.497,,ok,curve1,curve1,curve1,curve1,curve1,8,True,curve1,curve1,0.0,4.685884083140564,3045.2,4.68552,4.353793568120885,3.4505762486624048,5.799129481874856,high,1.01249e-09,5.84823e-08,-1.31074,1.66704,False,model_anchor:curve1:4.7:0.00000;episode_start:curve1:5.8:-0.00000;driver_action:curve1:3.5:-0.00000;condition_peak:curve1:4.3:-0.00000;episode_end:curve1:3.5:0.00000;episode_q25:curve1:5.5:0.00000;episode_q50:curve1:4.4:0.00000;episode_q75:curve1:3.5:0.00000,train_curve_coord_valid_normal_or_weak,道路坐标确认在弯道，车辆动态较弱或更像正常过弯，作为弯道普通/弱侧倾训练候选,道路坐标确认在弯道，车辆动态较弱或更像正常过弯，作为弯道普通/弱侧倾训练候选,True,False,False,False,,train_curve_normal_or_weak,弯道普通/弱侧倾训练候选,道路坐标确认在弯道，车辆动态较弱或更像正常过弯；保留为弯道普通/弱侧倾训练候选。,True,False,False,False,0,高度微动正常,True,True,False,
rec_v1_rjy_2025_09_28_19_33_26_0010,rjy,2025_09_28_19_33_26,F:\data_set_process\data_process\01_datasets\数据预处理\原始车辆数据\rjy\Entity_Recording_2025_09_28_19_33_26_vehicle.csv,10,385.322,400.13,14.807999999999993,388.832,386.922,385.345,388.832,388.792,驾驶员先动,-1.5769999999999982,极强,5,4.0,4.0,4.0,方向盘快速操作,正常,True,False,True,True,0.8,104.86974074074072,5.307135,0.2410548518518518,0.3152719444444444,0.073193937037037,2.788985611111111,9.917307681750408,0.1950689999999999,17.8743074074074,3.37607537037037,383.322,402.13,curve2,弯道路段,394.14,1.4139999999999873,core_extreme,核心极限样本,车辆动态强且驾驶员转向明显,多输出轨迹预测,,,False,False,保留为主训练候选,用户已初步复核，核心/保守弱操作/次级样本整体可保留,True,False,False,True,0.0111000000000007,0.0650000000002819,0.01935779,0.0734801,3.49262,17.9003,0.195069,0.1319279,5.31592,0.241995,False,False,False,False,False,False,False,train_target_extreme,核心/次级目标极限事件，未触发超长或路外恢复风险，保留为训练候选,核心/次级目标极限事件，未触发超长或路外恢复风险，保留为训练候选,True,False,False,False,,True,0.0103929369219706,0.0647737398152752,0.9363006236008988,0.8750633125105521,1.7450800000000002,8,17.9003,17.9003,0.165069,0.0146677412211075,False,False,True,False,False,train_target_extreme,目标极限事件，未触发 v1.3 路边/超长风险，保留为训练候选,目标极限事件，未触发 v1.3 路边/超长风险，保留为训练候选,True,False,False,False,,-13.14845,-13.1499,-13.1388,0.0014500000000001,0.0096500000000006,False,train_target_extreme,继承 v1.3：目标极限事件，保留为训练候选,继承 v1.3：目标极限事件，保留为训练候选,True,False,False,False,,train_target_extreme,继承 v1.4：目标极限事件，保留为当前主训练候选,继承 v1.4：目标极限事件，保留为当前主训练候选,True,False,False,False,,train_curve_unclear_or_weak,弯道训练候选：高度只存在小波动，侧倾较弱或普通，先纳入候选,弯道训练候选：高度只存在小波动，侧倾较弱或普通，先纳入候选,True,False,False,False,385.322,385.345,驾驶员动作,False,0.0230000000000245,False,383.345,385.345,385.345,391.345,F:\data_set_process\data_process\05_rebuild_from_raw_20260511\02_samples\record_level_episode_reconstruction_v1_8_anchor_curve_revised\figures\review_panels_v1_8\04_弯道_高度小波动普通或弱侧倾_纳入\0857_rec_v1_rjy_2025_09_28_19_33_26_0010.png,ok,curve2,curve2,curve2,curve2,curve2,8,True,curve2,curve2,2.693206829330283e-15,463.3045336804474,4695.98,-4751.94,536.0379376433119,462.77163687594015,742.7884610330032,low_but_context_usable,0.0,9.96948e-10,-0.0225559,1.62428,False,model_anchor:curve2:463.3:0.00000;episode_start:curve2:462.8:0.00000;vehicle_response:curve2:496.0:0.00000;condition_peak:curve2:533.9:0.00000;episode_end:curve2:742.8:0.00000;episode_q25:curve2:538.1:-0.00000;episode_q50:curve2:607.9:-0.00000;episode_q75:curve2:678.2:-0.00000,train_curve_coord_valid_roll_candidate,道路坐标确认在弯道，且车辆侧倾/横滚/横向动态明显，可作为弯道极限或近极限候选,道路坐标确认在弯道，且车辆侧倾/横滚/横向动态明显，可作为弯道极限或近极限候选,True,False,False,False,,train_curve_normal_or_weak,弯道普通/弱侧倾训练候选,道路坐标确认在弯道，车辆动态较弱或更像正常过弯；保留为弯道普通/弱侧倾训练候选。,True,False,False,False,1,高度微动正常,True,True,False,
rec_v1_rjy_2025_09_28_19_44_42_0001,rjy,2025_09_28_19_44_42,F:\data_set_process\data_process\01_datasets\数据预处理\原始车辆数据\rjy\Entity_Recording_2025_09_28_19_44_42_vehicle.csv,1,101.868,102.513,0.6450000000000102,102.143,102.133,,102.143,101.868,缺少一方起点,,极强,1,4.0,4.0,0.3,无明显操作,事件很短,True,False,False,True,0.8,119.70824074074072,0.6761348148148147,0.0201158314814814,0.0350400462962963,0.0133893351851851,0.2041192092592592,0.5531233104709556,0.0,0.9088333333333196,3.472975,99.868,104.513,,,95.99,-6.200500000000005,conservative_extreme,保守/弱操作极限样本,车辆动态强但驾驶员转向不强,车辆状态预测+驾驶员类型分类,,,False,False,保留为主训练候选,用户已初步复核，核心/保守弱操作/次级样本整体可保留,True,False,False,True,0.0004399999999999,0.0026000000000081,0.00029859,0.00268614,3.4982100000000003,0.9080000000000013,0.0,0.017364315,0.677091,0.0201516,False,False,False,False,False,False,False,train_conservative_extreme,保守/弱操作极限样本，未触发超长或路外恢复风险，保留为训练候选,保守/弱操作极限样本，未触发超长或路外恢复风险，保留为训练候选,True,False,False,False,,True,0.0003393288393858,0.0026667297377629,0.7712019076953889,0.5503875968992248,1.749105,2,0.0339999999999918,0.9080000000000013,0.03,0.0003248586209014,False,False,True,False,False,train_conservative_extreme,保守/弱操作极限样本，未触发 v1.3 路边/超长风险，保留为训练候选,保守/弱操作极限样本，未触发 v1.3 路边/超长风险，保留为训练候选,True,False,False,False,,-0.1421715,-0.142522,-0.142082,0.0003505,8.949999999999236e-05,False,train_conservative_extreme,继承 v1.3：保守/弱操作极限样本，保留为训练候选,继承 v1.3：保守/弱操作极限样本，保留为训练候选,True,False,False,False,,train_conservative_extreme,继承 v1.4：保守/弱操作极限样本，保留为当前主训练候选,继承 v1.4：保守/弱操作极限样本，保留为当前主训练候选,True,False,False,False,,train_noncurve_target_extreme,非弯道主训练候选：继承 v1.5，作为当前主训练集,非弯道主训练候选：继承 v1.5，作为当前主训练集,True,False,False,False,101.868,102.133,车辆响应,False,0.2650000000000005,False,100.133,102.133,102.133,108.133,,ok,curve1,curve1,curve1,curve1,curve1,7,True,curve1,curve1,-2.8421709430423394e-14,4.291885175061327,3007.71,4.27013,4.26719300155602,4.140318767550743,4.365730386886954,high,-8.26023e-10,9.50332e-10,-1.72602,1.74714,False,model_anchor:curve1:4.3:-0.00000;episode_start:curve1:4.4:0.00000;condition_peak:curve1:4.3:-0.00000;episode_end:curve1:4.1:-0.00000;episode_q25:curve1:4.3:0.00000;episode_q50:curve1:4.3:-0.00000;episode_q75:curve1:4.2:0.00000,train_curve_coord_valid_normal_or_weak,道路坐标确认在弯道，车辆动态较弱或更像正常过弯，作为弯道普通/弱侧倾训练候选,道路坐标确认在弯道，车辆动态较弱或更像正常过弯，作为弯道普通/弱侧倾训练候选,True,False,False,False,,train_curve_normal_or_weak,弯道普通/弱侧倾训练候选,道路坐标确认在弯道，车辆动态较弱或更像正常过弯；保留为弯道普通/弱侧倾训练候选。,True,False,False,False,0,高度微动正常,True,True,False,
rec_v1_rjy_2025_09_28_19_51_44_0001,rjy,2025_09_28_19_51_44,F:\data_set_process\data_process\01_datasets\数据预处理\原始车辆数据\rjy\Entity_Recording_2025_09_28_19_51_44_vehicle.csv,1,87.71,95.575,7.865000000000009,88.29,88.285,90.365,88.29,92.315,车辆先变化,2.0799999999999983,极强,5,4.0,4.0,1.5489179065744048,方向盘快速操作,正常,True,False,True,True,0.8,117.7033088235294,4.589629117647059,0.1791997058823529,0.2042203823529411,0.0637892117647059,1.8361347647058823,3.097835813148809,0.0333388499999999,13.460029411764708,3.421187647058823,85.71,97.575,curve1|middle_section,弯道路段|连续超车负荷事件段,91.245,-0.3974999999999937,core_extreme,核心极限样本,车辆动态强且驾驶员转向明显,多输出轨迹预测,,,False,False,保留为主训练候选,用户已初步复核，核心/保守弱操作/次级样本整体可保留,True,False,False,True,0.0039959999999999,0.0150000000000147,0.0051683499999999,0.0121127,3.49441,13.459999999999994,0.0333388499999999,0.1185155,4.59457,0.179296,False,False,False,False,False,False,False,train_target_extreme,核心/次级目标极限事件，未触发超长或路外恢复风险，保留为训练候选,核心/次级目标极限事件，未触发超长或路外恢复风险，保留为训练候选,True,False,False,False,,True,0.0040687093168816,0.0143683265819808,1.0181955247451726,0.5598983158563712,1.745945,6,13.459999999999994,13.459999999999994,0.03,0.0033770722521827,False,False,True,False,False,train_target_extreme,目标极限事件，未触发 v1.3 路边/超长风险，保留为训练候选,目标极限事件，未触发 v1.3 路边/超长风险，保留为训练候选,True,False,False,False,,-0.144452,-0.145226,-0.14123,0.0007739999999999,0.003222,False,train_target_extreme,继承 v1.3：目标极限事件，保留为训练候选,继承 v1.3：目标极限事件，保留为训练候选,True,False,False,False,,train_target_extreme,继承 v1.4：目标极限事件，保留为当前主训练候选,继承 v1.4：目标极限事件，保留为当前主训练候选,True,False,False,False,,discard_curve_height_or_z_abnormal,弯道高度异常：高度明显变高、突变、非平滑，或不像正常下坡弯道,弯道高度异常：高度明显变高、突变、非平滑，或不像正常下坡弯道,False,False,False,True,87.71,88.285,车辆响应,False,0.5750000000000028,False,86.285,88.285,88.285,94.285,,ok,middle_section|curve1,section2|curve1,middle_section,section2,curve1,2,True,middle_section,section2,-9.466330862652144e-30,4.175059143383001,2631.34,4.17131,4.439312465366954,2.6856212494695417,6.338645400904095,high,-4.75166e-10,9.34794e-10,1.67624,1.68395,False,model_anchor:middle_section:4.2:-0.00000;episode_start:middle_section:3.5:-0.00000;driver_action:middle_section:5.3:-0.00000;condition_peak:middle_section:4.2:-0.00000;episode_end:curve1:4.7:0.00000;episode_q25:middle_section:6.3:0.00000;episode_q50:middle_section:2.7:0.00000;episode_q75:curve1:6.1:0.00000,train_curve_coord_valid_normal_or_weak,道路坐标确认在弯道，车辆动态较弱或更像正常过弯，作为弯道普通/弱侧倾训练候选,道路坐标确认在弯道，车辆动态较弱或更像正常过弯，作为弯道普通/弱侧倾训练候选,True,False,False,False,,train_curve_normal_or_weak,弯道普通/弱侧倾训练候选,道路坐标确认在弯道，车辆动态较弱或更像正常过弯；保留为弯道普通/弱侧倾训练候选。,True,False,False,False,0,高度微动正常,True,True,False,
rec_v1_rjy_2025_09_28_19_51_44_0003,rjy,2025_09_28_19_51_44,F:\data_set_process\data_process\01_datasets\数据预处理\原始车辆数据\rjy\Entity_Recording_2025_09_28_19_51_44_vehicle.csv,3,168.065,168.885,0.8199999999999932,168.075,168.07,,168.075,168.505,缺少一方起点,,极强,1,4.0,4.0,0.521179930795791,无明显操作,事件很短,True,False,False,True,0.8,81.53611470588235,0.8868763823529411,0.04353005,0.03741925,0.0089218214705882,0.3889570647058823,1.042359861591582,0.0,2.174441176470566,3.460935,166.065,170.885,middle_section,连续超车负荷事件段,168.4,-0.0749999999999886,conservative_extreme,保守/弱操作极限样本,车辆动态强但驾驶员转向不强,车辆状态预测+驾驶员类型分类,,,False,False,保留为主训练候选,用户已初步复核，核心/保守弱操作/次级样本整体可保留,True,False,False,True,0.0008849999999993,0.0044999999998935,0.00076563,0.007814735,3.49597,2.1819500000000005,0.0,0.017590425,0.888566,0.0435449,False,False,False,False,False,False,False,train_conservative_extreme,保守/弱操作极限样本，未触发超长或路外恢复风险，保留为训练候选,保守/弱操作极限样本，未触发超长或路外恢复风险，保留为训练候选,True,False,False,False,,True,0.0005241244356595,0.0042705580637874,0.5922310007456923,0.8115501519756839,1.747985,2,0.0585999999999984,2.1819500000000005,0.03,0.000596006851361,False,False,True,False,False,train_conservative_extreme,保守/弱操作极限样本，未触发 v1.3 路边/超长风险，保留为训练候选,保守/弱操作极限样本，未触发 v1.3 路边/超长风险，保留为训练候选,True,False,False,False,,-7.1402025,-7.14075,-7.139865,0.0005474999999997,0.0003374999999996,False,train_conservative_extreme,继承 v1.3：保守/弱操作极限样本，保留为训练候选,继承 v1.3：保守/弱操作极限样本，保留为训练候选,True,False,False,False,,train_conservative_extreme,继承 v1.4：保守/弱操作极限样本，保留为当前主训练候选,继承 v1.4：保守/弱操作极限样本，保留为当前主训练候选,True,False,False,False,,train_noncurve_target_extreme,非弯道主训练候选：继承 v1.5，作为当前主训练集,非弯道主训练候选：继承 v1.5，作为当前主训练集,True,False,False,False,168.065,168.07,车辆响应,False,0.0049999999999954,False,166.07,168.07,168.07,174.07,,ok,curve1|middle_section,curve1|section3,curve1,curve1,curve1,4,True,curve1,curve1,0.0001528233682725,281.0664848078498,4462.0,-385.875,280.88563486195363,280.2992831977893,281.07769851063466,medium,0.000150242,0.000154916,-1.71405,1.71797,False,model_anchor:curve1:281.1:0.00015;episode_start:curve1:281.1:0.00015;condition_peak:curve1:281.1:0.00015;episode_end:middle_section:280.3:0.00000;episode_q25:curve1:280.9:0.00015;episode_q50:middle_section:280.7:-0.00000;episode_q75:middle_section:280.5:-0.00000,train_curve_coord_valid_normal_or_weak,道路坐标确认在弯道，车辆动态较弱或更像正常过弯，作为弯道普通/弱侧倾训练候选,道路坐标确认在弯道，车辆动态较弱或更像正常过弯，作为弯道普通/弱侧倾训练候选,True,False,False,False,,train_curve_normal_or_weak,弯道普通/弱侧倾训练候选,道路坐标确认在弯道，车辆动态较弱或更像正常过弯；保留为弯道普通/弱侧倾训练候选。,True,False,False,False,0,高度微动正常,True,True,False,
rec_v1_rjy_2025_09_28_19_51_44_0008,rjy,2025_09_28_19_51_44,F:\data_set_process\data_process\01_datasets\数据预处理\原始车辆数据\rjy\Entity_Recording_2025_09_28_19_51_44_vehicle.csv,8,333.16,335.4,2.2399999999999523,335.19,333.33,333.24,335.19,334.92,驾驶员先动,-0.0899999999999749,极强,2,4.0,4.0,1.128620505189844,弱操作,正常,True,False,True,True,0.8,115.209,2.1770785294117645,0.0857218676470588,0.1209181764705882,0.0301889529411764,0.7172537352941177,2.2572410103796883,0.0541032,5.549088235294121,3.480145588235294,331.16,337.4,curve2,弯道路段,331.85,-2.42999999999995,conservative_extreme,保守/弱操作极限样本,车辆动态强但驾驶员转向不强,车辆状态预测+驾驶员类型分类,,,False,False,保留为主训练候选,用户已初步复核，核心/保守弱操作/次级样本整体可保留,True,False,False,True,0.0009999999999994,0.0100000000002182,0.0021997049999999,0.0101523,3.49756,5.553999999999988,0.0541032,0.0556405,2.17943,0.0858281,False,False,False,False,False,False,False,train_conservative_extreme,保守/弱操作极限样本，未触发超长或路外恢复风险，保留为训练候选,保守/弱操作极限样本，未触发超长或路外恢复风险，保留为训练候选,True,False,False,False,,True,0.0010435484409736,0.0100691245096576,1.043548440974278,0.9576365663322184,1.74878,2,5.553999999999988,5.553999999999988,0.03,0.0024843858099109,False,False,True,False,False,train_conservative_extreme,保守/弱操作极限样本，未触发 v1.3 路边/超长风险，保留为训练候选,保守/弱操作极限样本，未触发 v1.3 路边/超长风险，保留为训练候选,True,False,False,False,,-13.1442,-13.1451,-13.1441,0.0008999999999996,9.999999999976694e-05,False,train_conservative_extreme,继承 v1.3：保守/弱操作极限样本，保留为训练候选,继承 v1.3：保守/弱操作极限样本，保留为训练候选,True,False,False,False,,train_conservative_extreme,继承 v1.4：保守/弱操作极限样本，保留为当前主训练候选,继承 v1.4：保守/弱操作极限样本，保留为当前主训练候选,True,False,False,False,,train_curve_unclear_or_weak,弯道训练候选：高度只存在小波动，侧倾较弱或普通，先纳入候选,弯道训练候选：高度只存在小波动，侧倾较弱或普通，先纳入候选,True,False,False,False,333.16,333.24,驾驶员动作,False,0.079999999999984,False,331.24,333.24,333.24,339.24,,ok,curve2,curve2,curve2,curve2,curve2,8,True,curve2,curve2,2.21969987756061e-13,469.1563179840892,4701.91,-4758.49,485.3975078320232,467.4501331810053,514.9568622574171,medium,-3.81934e-10,8.26023e-10,0.181666,1.73405,False,model_anchor:curve2:469.2:-0.00000;episode_start:curve2:467.5:0.00000;vehicle_response:curve2:471.0:-0.00000;condition_peak:curve2:510.6:-0.00000;episode_end:curve2:515.0:0.00000;episode_q25:curve2:479.3:0.00000;episode_q50:curve2:491.5:0.00000;episode_q75:curve2:503.4:0.00000,train_curve_coord_valid_normal_or_weak,道路坐标确认在弯道，车辆动态较弱或更像正常过弯，作为弯道普通/弱侧倾训练候选,道路坐标确认在弯道，车辆动态较弱或更像正常过弯，作为弯道普通/弱侧倾训练候选,True,False,False,False,,train_curve_normal_or_weak,弯道普通/弱侧倾训练候选,道路坐标确认在弯道，车辆动态较弱或更像正常过弯；保留为弯道普通/弱侧倾训练候选。,True,False,False,False,0,高度微动正常,True,True,False,
rec_v1_rjy_2025_09_28_19_51_44_0009,rjy,2025_09_28_19_51_44,F:\data_set_process\data_process\01_datasets\数据预处理\原始车辆数据\rjy\Entity_Recording_2025_09_28_19_51_44_vehicle.csv,9,337.525,338.925,1.400000000000034,338.115,338.11,,338.115,338.265,缺少一方起点,,极强,1,4.0,4.0,0.5417025951553873,无明显操作,坐标风险高,True,False,False,True,0.8,115.3094411764706,1.2537358823529412,0.0509507999999999,0.0475288264705882,0.0165507676470588,0.4432419617647058,1.0834051903107746,0.0,1.456794117647064,3.450068235294117,335.525,340.925,,,331.85,-6.375,review,需要复核,窗口/坐标风险,人工复核后再决定,,,False,False,暂不进入训练,用户复核后认为需要复核类基本可舍去，先整体降为舍弃/暂缓,False,False,True,True,0.0023999999999997,0.0150000000001,0.00458203,0.0167234,3.49486,1.4579999999999984,0.0,0.0322934,1.25932,0.051045,False,False,False,False,False,False,False,discard_prior_review,v1.1 已经人工复核为舍弃/暂缓，本轮继续不进入训练,v1.1 已经人工复核为舍弃/暂缓，本轮继续不进入训练,False,False,False,True,,True,0.0017337567199167,0.0138730975999605,0.7223986332987204,0.9964349376114082,1.74743,2,0.0275000000000034,1.4579999999999984,0.03,0.0036400244501157,False,False,True,False,False,discard_prior_review,v1.1 已经人工复核为舍弃/暂缓，本轮继续不进入训练,v1.1 已经人工复核为舍弃/暂缓，本轮继续不进入训练,False,False,False,True,,-13.1421,-13.1444,-13.142,0.0022999999999999,9.999999999976694e-05,False,discard_prior_review,继承 v1.3：此前已舍弃/暂缓，不进入当前训练候选,继承 v1.3：此前已舍弃/暂缓，不进入当前训练候选,False,False,False,True,,discard_prior_review,继承 v1.4：此前已舍弃或不适合作为当前主训练候选,继承 v1.4：此前已舍弃或不适合作为当前主训练候选,False,False,False,True,,discard_noncurve_prior_review,非弯道已舍弃或不适合作为当前候选：继承 v1.5,非弯道已舍弃或不适合作为当前候选：继承 v1.5,False,False,False,True,337.525,338.11,车辆响应,False,0.5850000000000364,False,336.11,338.11,338.11,344.11,,ok,curve2,curve2,curve2,curve2,curve2,7,True,curve2,curve2,-2.246638522671531e-13,569.9969400592466,4804.13,-4874.31,570.1054239689339,558.4493882379386,586.3764107349513,low_but_context_usable,-3.10773e-11,9.65871e-10,-1.6999,1.70613,False,model_anchor:curve2:570.0:-0.00000;episode_start:curve2:558.4:0.00000;condition_peak:curve2:570.1:-0.00000;episode_end:curve2:586.4:0.00000;episode_q25:curve2:565.4:-0.00000;episode_q50:curve2:572.3:0.00000;episode_q75:curve2:579.3:-0.00000,train_curve_coord_valid_normal_or_weak,道路坐标确认在弯道，车辆动态较弱或更像正常过弯，作为弯道普通/弱侧倾训练候选,道路坐标确认在弯道，车辆动态较弱或更像正常过弯，作为弯道普通/弱侧倾训练候选,True,False,False,False,,train_curve_normal_or_weak,弯道普通/弱侧倾训练候选,道路坐标确认在弯道，车辆动态较弱或更像正常过弯；保留为弯道普通/弱侧倾训练候选。,True,False,False,False,0,高度微动正常,True,True,False,
rec_v1_rjy_2025_09_28_19_51_44_0010,rjy,2025_09_28_19_51_44,F:\data_set_process\data_process\01_datasets\数据预处理\原始车辆数据\rjy\Entity_Recording_2025_09_28_19_51_44_vehicle.csv,10,340.195,345.375,5.180000000000007,340.86,340.855,341.01,340.86,344.095,车辆先变化,0.1549999999999727,极强,5,4.0,4.0,2.0808958477519868,方向盘快速操作,正常,True,False,True,True,0.8,117.40179411764706,3.932245,0.1561711764705882,0.2017940882352941,0.0564954029411764,1.7009210294117647,4.1617916955039735,0.0,6.036441176470575,3.435725588235294,338.195,347.375,,,331.85,-10.934999999999944,core_extreme,核心极限样本,车辆动态强且驾驶员转向明显,多输出轨迹预测,,,False,False,保留为主训练候选,用户已初步复核，核心/保守弱操作/次级样本整体可保留,True,False,False,True,0.0034000000000009,0.0199999999999818,0.0016696599999999,0.00548902,3.49483,6.040999999999997,0.0,0.1015340999999999,3.93729,0.156308,False,False,False,False,False,False,False,train_target_extreme,核心/次级目标极限事件，未触发超长或路外恢复风险，保留为训练候选,核心/次级目标极限事件，未触发超长或路外恢复风险，保留为训练候选,True,False,False,False,,True,0.0033762175088067,0.0199382272956864,0.9930051496487928,0.920887602508442,1.746035,4,0.0194999999999936,6.040999999999997,0.03,0.0011727132784266,False,False,True,False,False,train_target_extreme,目标极限事件，未触发 v1.3 路边/超长风险，保留为训练候选,目标极限事件，未触发 v1.3 路边/超长风险，保留为训练候选,True,False,False,False,,-13.1426,-13.1438,-13.1404,0.0012000000000007,0.0022000000000002,False,train_target_extreme,继承 v1.3：目标极限事件，保留为训练候选,继承 v1.3：目标极限事件，保留为训练候选,True,False,False,False,,train_target_extreme,继承 v1.4：目标极限事件，保留为当前主训练候选,继承 v1.4：目标极限事件，保留为当前主训练候选,True,False,False,False,,train_noncurve_target_extreme,非弯道主训练候选：继承 v1.5，作为当前主训练集,非弯道主训练候选：继承 v1.5，作为当前主训练集,True,False,False,False,340.195,340.855,车辆响应,False,0.660000000000025,False,338.855,340.855,340.855,346.855,,ok,curve2,curve2,curve2,curve2,curve2,7,True,curve2,curve2,-2.2735771677803466e-13,626.584284530046,4861.51,-4940.88,640.6691838587129,612.5817093722067,721.8149145339495,low_but_context_usable,-4.13012e-10,9.19255e-10,1.68917,1.68917,False,model_anchor:curve2:626.6:-0.00000;episode_start:curve2:612.6:-0.00000;driver_action:curve2:630.0:-0.00000;episode_end:curve2:721.8:-0.00000;episode_q25:curve2:640.7:-0.00000;episode_q50:curve2:667.6:-0.00000;episode_q75:curve2:693.8:0.00000,train_curve_coord_valid_normal_or_weak,道路坐标确认在弯道，车辆动态较弱或更像正常过弯，作为弯道普通/弱侧倾训练候选,道路坐标确认在弯道，车辆动态较弱或更像正常过弯，作为弯道普通/弱侧倾训练候选,True,False,False,False,,train_curve_normal_or_weak,弯道普通/弱侧倾训练候选,道路坐标确认在弯道，车辆动态较弱或更像正常过弯；保留为弯道普通/弱侧倾训练候选。,True,False,False,False,0,高度微动正常,True,True,False,
rec_v1_rjy_2025_09_28_19_51_44_0011,rjy,2025_09_28_19_51_44,F:\data_set_process\data_process\01_datasets\数据预处理\原始车辆数据\rjy\Entity_Recording_2025_09_28_19_51_44_vehicle.csv,11,357.18,362.51,5.329999999999984,358.845,357.935,357.875,358.845,359.42,驾驶员先动,-0.0600000000000022,极强,5,4.0,4.0,4.0,方向盘快速操作,正常,True,False,True,True,0.8,123.11002941176471,6.381692058823529,0.4203180588235294,0.6515268823529412,0.0888028588235294,3.412913823529412,8.640346020759228,0.0,10.11517647058824,3.408457352941177,355.18,364.51,middle_section,连续超车负荷事件段,359.825,-0.0200000000000386,core_extreme,核心极限样本,车辆动态强且驾驶员转向明显,多输出轨迹预测,,,False,False,保留为主训练候选,用户已初步复核，核心/保守弱操作/次级样本整体可保留,True,False,False,True,0.0101999999999993,0.0600000000001728,0.0062951699999999,0.0188023,3.48871,10.122000000000014,0.0,0.170829,6.38924,0.421061,False,False,False,False,False,False,False,train_target_extreme,核心/次级目标极限事件，未触发超长或路外恢复风险，保留为训练候选,核心/次级目标极限事件，未触发超长或路外恢复风险，保留为训练候选,True,False,False,False,,True,0.0102660797308313,0.0595767864382965,1.0064784049835376,0.8087201125175809,1.744355,8,10.122000000000014,10.122000000000014,0.03,0.0037576811987697,False,False,True,False,False,train_target_extreme,目标极限事件，未触发 v1.3 路边/超长风险，保留为训练候选,目标极限事件，未触发 v1.3 路边/超长风险，保留为训练候选,True,False,False,False,,-13.1445,-13.1474,-13.1372,0.0028999999999985,0.0073000000000007,False,train_target_extreme,继承 v1.3：目标极限事件，保留为训练候选,继承 v1.3：目标极限事件，保留为训练候选,True,False,False,False,,train_target_extreme,继承 v1.4：目标极限事件，保留为当前主训练候选,继承 v1.4：目标极限事件，保留为当前主训练候选,True,False,False,False,,train_noncurve_target_extreme,非弯道主训练候选：继承 v1.5，作为当前主训练集,非弯道主训练候选：继承 v1.5，作为当前主训练集,True,False,False,False,357.18,357.875,驾驶员动作,False,0.6949999999999932,False,355.875,357.875,357.875,363.875,,ok,middle_section|curve2,section5|curve2,middle_section,section5,curve2,1,True,middle_section,section5,1.6242828784416193e-13,1006.5516870537052,5249.64,-5392.32,1004.7169832834828,992.7723458667314,1006.5516870537052,low_but_context_usable,6.21548e-11,8.26023e-10,0.197039,1.6456,False,model_anchor:middle_section:1006.6:0.00000;episode_start:curve2:992.8:0.00000;vehicle_response:middle_section:1006.5:-0.00000;condition_peak:middle_section:1004.9:0.00000;episode_end:middle_section:994.9:0.00000;episode_q25:middle_section:1005.6:-0.00000;episode_q50:middle_section:1004.6:0.00000;episode_q75:middle_section:1001.0:0.00000,train_curve_coord_valid_roll_candidate,道路坐标确认在弯道，且车辆侧倾/横滚/横向动态明显，可作为弯道极限或近极限候选,道路坐标确认在弯道，且车辆侧倾/横滚/横向动态明显，可作为弯道极限或近极限候选,True,False,False,False,,train_curve_roll_dynamic,弯道侧倾/动态训练候选,道路坐标确认在弯道，车辆横滚/横摆/横向动态明显，动态信号数=4。,True,False,False,False,4,高度微动正常,True,True,False,F:\data_set_process\data_process\05_rebuild_from_raw_20260511\02_samples\record_level_episode_reconstruction_v2_0_no_history_reaudit\figures\review_panels_v2_0\03_弯道训练候选\0885_rec_v1_rjy_2025_09_28_19_51_44_0011.png
rec_v1_rjy_2025_09_28_20_02_20_0002,rjy,2025_09_28_20_02_20,F:\data_set_process\data_process\01_datasets\数据预处理\原始车辆数据\rjy\Entity_Recording_2025_09_28_20_02_20_vehicle.csv,2,95.015,102.34,7.325000000000003,96.16,95.24,98.865,96.16,99.735,车辆先变化,3.625,极强,4,4.0,4.0,2.730868952425301,方向盘快速操作,正常,True,False,True,True,0.8,123.55991176470587,5.437368235294118,0.2041460588235294,0.1753102058823529,0.0756470147058823,2.3749367647058826,6.052907958479867,0.0,8.7380882352941,3.427445294117647,93.015,104.34,curve1|middle_section,弯道路段|连续超车负荷事件段,99.605,0.9274999999999948,core_extreme,核心极限样本,车辆动态强且驾驶员转向明显,多输出轨迹预测,,,False,False,保留为主训练候选,用户已初步复核，核心/保守弱操作/次级样本整体可保留,True,False,False,True,0.0048679999999999,0.0151000000000038,0.0061041,0.0132558,3.49303,8.738500000000002,0.0,0.1298811,5.44497,0.204395,False,False,False,False,False,False,False,train_target_extreme,核心/次级目标极限事件，未触发超长或路外恢复风险，保留为训练候选,核心/次级目标极限事件，未触发超长或路外恢复风险，保留为训练候选,True,False,False,False,,True,0.0046125822926594,0.0154448456220869,0.9475312844411452,0.5810303650631183,1.745525,10,8.738500000000002,8.738500000000002,0.03,0.0059079638482974,False,False,True,False,False,train_target_extreme,目标极限事件，未触发 v1.3 路边/超长风险，保留为训练候选,目标极限事件，未触发 v1.3 路边/超长风险，保留为训练候选,True,False,False,False,,-0.1445084999999999,-0.144894,-0.140026,0.0003855,0.0044824999999999,False,train_target_extreme,继承 v1.3：目标极限事件，保留为训练候选,继承 v1.3：目标极限事件，保留为训练候选,True,False,False,False,,train_target_extreme,继承 v1.4：目标极限事件，保留为当前主训练候选,继承 v1.4：目标极限事件，保留为当前主训练候选,True,False,False,False,,discard_curve_height_or_z_abnormal,弯道高度异常：高度明显变高、突变、非平滑，或不像正常下坡弯道,弯道高度异常：高度明显变高、突变、非平滑，或不像正常下坡弯道,False,False,False,True,95.015,95.24,车辆响应,False,0.2249999999999943,False,93.24,95.24,95.24,101.24,,ok,middle_section|curve1,section2|curve1,middle_section,section2,curve1,2,True,middle_section,section2,-4.1633363423446526e-17,3.601014653031497,2593.78,3.59139,4.489721193318738,3.601014653031497,7.22916481605122,high,-4.44089e-10,9.19255e-10,1.09642,1.74235,False,model_anchor:middle_section:3.6:-0.00000;episode_start:middle_section:3.6:0.00000;driver_action:middle_section:4.2:-0.00000;condition_peak:middle_section:4.2:-0.00000;episode_end:curve1:7.2:-0.00000;episode_q25:middle_section:5.5:0.00000;episode_q50:middle_section:4.7:-0.00000;episode_q75:curve1:4.7:-0.00000,train_curve_coord_valid_roll_candidate,道路坐标确认在弯道，且车辆侧倾/横滚/横向动态明显，可作为弯道极限或近极限候选,道路坐标确认在弯道，且车辆侧倾/横滚/横向动态明显，可作为弯道极限或近极限候选,True,False,False,False,,train_curve_normal_or_weak,弯道普通/弱侧倾训练候选,道路坐标确认在弯道，车辆动态较弱或更像正常过弯；保留为弯道普通/弱侧倾训练候选。,True,False,False,False,1,高度微动正常,True,True,False,
rec_v1_rjy_2025_09_28_20_02_20_0004,rjy,2025_09_28_20_02_20,F:\data_set_process\data_process\01_datasets\数据预处理\原始车辆数据\rjy\Entity_Recording_2025_09_28_20_02_20_vehicle.csv,4,154.19,166.585,12.39500000000001,154.2,154.195,154.33,154.2,154.455,车辆先变化,0.1350000000000193,极强,1,4.0,4.0,1.40936840874151,方向盘快速操作,坐标风险高,True,True,False,True,0.8,7.225458088235294,0.2828732647058823,0.09224285,0.0157436852941176,0.0057488126470588,2.814382117647059,3.1238325259530884,0.3316099999999999,9.034937058823528,3.463066764705882,152.19,168.585,,,143.545,-16.8425,review,需要复核,窗口/坐标风险,人工复核后再决定,,,False,False,暂不进入训练,用户复核后认为需要复核类基本可舍去，先整体降为舍弃/暂缓,False,False,True,True,0.0514449999999997,0.030499999999904,0.0198412099999999,0.033345,3.49628,9.0411,0.3316099999999999,0.0059952589999999,0.291152,0.0922451,False,False,False,False,False,False,False,discard_prior_review,v1.1 已经人工复核为舍弃/暂缓，本轮继续不进入训练,v1.1 已经人工复核为舍弃/暂缓，本轮继续不进入训练,False,False,False,True,,True,0.0223297953268351,0.0268309256257101,0.434051809249397,0.8979632990522283,1.747725,4,9.0411,9.0411,0.30161,0.0156139431361633,False,False,True,True,False,discard_prior_review,v1.1 已经人工复核为舍弃/暂缓，本轮继续不进入训练,v1.1 已经人工复核为舍弃/暂缓，本轮继续不进入训练,False,False,False,True,,-3.1879075,-3.19176,-3.140315,0.0038524999999998,0.0475924999999999,False,discard_prior_review,继承 v1.3：此前已舍弃/暂缓，不进入当前训练候选,继承 v1.3：此前已舍弃/暂缓，不进入当前训练候选,False,False,False,True,,discard_prior_review,继承 v1.4：此前已舍弃或不适合作为当前主训练候选,继承 v1.4：此前已舍弃或不适合作为当前主训练候选,False,False,False,True,,train_curve_unclear_or_weak,弯道训练候选：高度只存在小波动，侧倾较弱或普通，先纳入候选,弯道训练候选：高度只存在小波动，侧倾较弱或普通，先纳入候选,True,False,False,False,154.19,154.195,车辆响应,False,0.0049999999999954,False,152.195,154.195,154.195,160.195,F:\data_set_process\data_process\05_rebuild_from_raw_20260511\02_samples\record_level_episode_reconstruction_v1_8_anchor_curve_revised\figures\review_panels_v1_8\04_弯道_高度小波动普通或弱侧倾_纳入\0898_rec_v1_rjy_2025_09_28_20_02_20_0004.png,ok,curve1,curve1,curve1,curve1,curve1,7,True,curve1,curve1,-0.0072980236460974,109.69618237959172,4254.9,46.7674,103.32801640711162,89.1864204099036,109.70998038198616,medium,-0.00699185,0.00716727,-1.71188,1.71188,True,model_anchor:curve1:109.7:-0.00699;episode_start:curve1:109.7:-0.00699;driver_action:curve1:109.3:-0.00717;episode_end:curve1:89.2:0.00402;episode_q25:curve1:103.3:-0.00717;episode_q50:curve1:95.8:-0.00717;episode_q75:curve1:90.5:-0.00699,train_curve_coord_valid_normal_or_weak,道路坐标确认在弯道，车辆动态较弱或更像正常过弯，作为弯道普通/弱侧倾训练候选,道路坐标确认在弯道，车辆动态较弱或更像正常过弯，作为弯道普通/弱侧倾训练候选,True,False,False,False,,train_curve_normal_or_weak,弯道普通/弱侧倾训练候选,道路坐标确认在弯道，车辆动态较弱或更像正常过弯；保留为弯道普通/弱侧倾训练候选。,True,False,False,False,0,高度轻微变化,True,True,False,
rec_v1_rjy_2025_09_28_20_02_20_0012,rjy,2025_09_28_20_02_20,F:\data_set_process\data_process\01_datasets\数据预处理\原始车辆数据\rjy\Entity_Recording_2025_09_28_20_02_20_vehicle.csv,12,442.33,453.095,10.765000000000043,445.365,443.085,442.9,445.365,450.02,驾驶员先动,-0.1850000000000022,极强,3,4.0,4.0,1.4386992231373958,方向盘快速操作,正常,True,False,True,True,0.8,110.55938235294116,3.4138761764705885,0.1283039411764706,0.1418943823529412,0.0492755735294117,1.533996,3.188843598611072,0.0465338,4.782705882352943,3.4555685294117646,440.33,455.095,curve2,弯道路段,442.053,-5.65949999999998,core_extreme,核心极限样本,车辆动态强且驾驶员转向明显,多输出轨迹预测,,,False,False,保留为主训练候选,用户已初步复核，核心/保守弱操作/次级样本整体可保留,True,False,False,True,0.0038,0.0100000000002182,0.0058509,0.0177998,3.49761,4.788500000000013,0.0465338,0.0908687,3.41952,0.12839,False,False,False,False,False,False,False,train_target_extreme,核心/次级目标极限事件，未触发超长或路外恢复风险，保留为训练候选,核心/次级目标极限事件，未触发超长或路外恢复风险，保留为训练候选,True,False,False,False,,True,0.003578564550013,0.0101785645503319,0.9417275131613266,0.9586719294172278,1.74771,6,4.788500000000013,4.788500000000013,0.03,0.0057903575527969,False,False,True,False,False,train_target_extreme,目标极限事件，未触发 v1.3 路边/超长风险，保留为训练候选,目标极限事件，未触发 v1.3 路边/超长风险，保留为训练候选,True,False,False,False,,-13.144,-13.1445,-13.1407,0.0005000000000006,0.0032999999999994,False,train_target_extreme,继承 v1.3：目标极限事件，保留为训练候选,继承 v1.3：目标极限事件，保留为训练候选,True,False,False,False,,train_target_extreme,继承 v1.4：目标极限事件，保留为当前主训练候选,继承 v1.4：目标极限事件，保留为当前主训练候选,True,False,False,False,,train_curve_unclear_or_weak,弯道训练候选：高度只存在小波动，侧倾较弱或普通，先纳入候选,弯道训练候选：高度只存在小波动，侧倾较弱或普通，先纳入候选,True,False,False,False,442.33,442.9,驾驶员动作,False,0.5699999999999932,False,440.9,442.9,442.9,448.9,,ok,curve2,curve2,curve2,curve2,curve2,8,True,curve2,curve2,2.693864511092012e-15,475.2269047709326,4708.06,-4765.16,521.347894242394,463.5468589535355,679.4254465754439,low_but_context_usable,3.10773e-11,8.26023e-10,0.475094,1.71924,False,model_anchor:curve2:475.2:0.00000;episode_start:curve2:463.5:-0.00000;vehicle_response:curve2:479.1:0.00000;condition_peak:curve2:524.8:-0.00000;episode_end:curve2:679.4:-0.00000;episode_q25:curve2:517.9:-0.00000;episode_q50:curve2:571.9:-0.00000;episode_q75:curve2:623.5:0.00000,train_curve_coord_valid_normal_or_weak,道路坐标确认在弯道，车辆动态较弱或更像正常过弯，作为弯道普通/弱侧倾训练候选,道路坐标确认在弯道，车辆动态较弱或更像正常过弯，作为弯道普通/弱侧倾训练候选,True,False,False,False,,train_curve_normal_or_weak,弯道普通/弱侧倾训练候选,道路坐标确认在弯道，车辆动态较弱或更像正常过弯；保留为弯道普通/弱侧倾训练候选。,True,False,False,False,0,高度微动正常,True,True,False,
rec_v1_rjy_2025_09_28_20_02_20_0015,rjy,2025_09_28_20_02_20,F:\data_set_process\data_process\01_datasets\数据预处理\原始车辆数据\rjy\Entity_Recording_2025_09_28_20_02_20_vehicle.csv,15,544.21,546.275,2.064999999999941,544.615,544.615,,544.615,545.17,缺少一方起点,,极强,2,4.0,4.0,0.6778610948287178,无明显操作,正常,True,False,True,True,0.8,102.32072058823528,1.6748138235294117,0.0752239882352941,0.0940724794117647,0.0224865382352941,0.7626883235294117,1.5024634602069409,0.0,1.624647058823541,3.475716470588236,542.21,548.275,curve2,弯道路段,547.105,1.8624999999999543,conservative_extreme,保守/弱操作极限样本,车辆动态强但驾驶员转向不强,车辆状态预测+驾驶员类型分类,,,False,False,保留为主训练候选,用户已初步复核，核心/保守弱操作/次级样本整体可保留,True,False,False,True,0.0007000000000001,0.0100000000002182,0.0007623,0.0065788,3.4975,1.6285000000000025,0.0,0.0446782,1.68131,0.0753333,False,False,False,False,False,False,False,train_conservative_extreme,保守/弱操作极限样本，未触发超长或路外恢复风险，保留为训练候选,保守/弱操作极限样本，未触发超长或路外恢复风险，保留为训练候选,True,False,False,False,,True,0.0007217267194885,0.0100447973599407,1.031038170697793,0.9685610640870616,1.74875,2,0.0135000000000076,1.6285000000000025,0.03,0.0007150036782514,False,False,True,False,False,train_conservative_extreme,保守/弱操作极限样本，未触发 v1.3 路边/超长风险，保留为训练候选,保守/弱操作极限样本，未触发 v1.3 路边/超长风险，保留为训练候选,True,False,False,False,,-13.1425,-13.1428,-13.1421,0.0002999999999993,0.0004000000000008,False,train_conservative_extreme,继承 v1.3：保守/弱操作极限样本，保留为训练候选,继承 v1.3：保守/弱操作极限样本，保留为训练候选,True,False,False,False,,train_conservative_extreme,继承 v1.4：保守/弱操作极限样本，保留为当前主训练候选,继承 v1.4：保守/弱操作极限样本，保留为当前主训练候选,True,False,False,False,,train_curve_unclear_or_weak,弯道训练候选：高度只存在小波动，侧倾较弱或普通，先纳入候选,弯道训练候选：高度只存在小波动，侧倾较弱或普通，先纳入候选,True,False,False,False,544.21,544.615,车辆响应,False,0.4049999999999727,False,542.615,544.615,544.615,550.615,,ok,curve2,curve2,curve2,curve2,curve2,6,True,curve2,curve2,-2.6938645110883373e-15,521.8628243658716,4755.48,-4831.06,514.8548511263198,490.41860696151736,529.3207070491221,low_but_context_usable,0.0,9.50332e-10,1.72999,1.72999,False,model_anchor:curve2:521.9:0.00000;episode_start:curve2:529.3:-0.00000;episode_end:curve2:490.4:-0.00000;episode_q25:curve2:519.8:0.00000;episode_q50:curve2:509.9:-0.00000;episode_q75:curve2:500.1:-0.00000,train_curve_coord_valid_normal_or_weak,道路坐标确认在弯道，车辆动态较弱或更像正常过弯，作为弯道普通/弱侧倾训练候选,道路坐标确认在弯道，车辆动态较弱或更像正常过弯，作为弯道普通/弱侧倾训练候选,True,False,False,False,,train_curve_normal_or_weak,弯道普通/弱侧倾训练候选,道路坐标确认在弯道，车辆动态较弱或更像正常过弯；保留为弯道普通/弱侧倾训练候选。,True,False,False,False,0,高度微动正常,True,True,False,
rec_v1_rjy_2025_09_28_20_02_20_0016,rjy,2025_09_28_20_02_20,F:\data_set_process\data_process\01_datasets\数据预处理\原始车辆数据\rjy\Entity_Recording_2025_09_28_20_02_20_vehicle.csv,16,548.815,553.53,4.714999999999918,550.35,549.34,549.295,550.35,550.37,驾驶员先动,-0.0450000000000727,极强,5,4.0,4.0,4.0,方向盘快速操作,正常,True,False,True,True,0.8,78.62509999999999,6.949411470588235,0.4295763235294118,0.5852335588235293,0.1014148823529411,3.9289270588235294,12.934160207567189,0.309108,29.999832352941183,3.3868691176470587,546.815,555.53,curve2,弯道路段,551.135,-0.0375000000000227,core_extreme,核心极限样本,车辆动态强且驾驶员转向明显,多输出轨迹预测,,,False,False,保留为主训练候选,用户已初步复核，核心/保守弱操作/次级样本整体可保留,True,False,False,True,0.0146999999999994,0.0750000000002728,0.030067385,0.0443362,3.48604,30.00885000000001,0.309108,0.1945122,6.95634,0.430484,False,False,False,False,False,False,False,train_target_extreme,核心/次级目标极限事件，未触发超长或路外恢复风险，保留为训练候选,核心/次级目标极限事件，未触发超长或路外恢复风险，保留为训练候选,True,False,False,False,,True,0.0134100161912638,0.0737174265027067,0.9122459994057384,0.7435082140964494,1.74302,4,30.00885000000001,30.00885000000001,0.279108,0.0251350629034607,False,False,True,True,False,train_target_extreme,目标极限事件，未触发 v1.3 路边/超长风险，保留为训练候选,目标极限事件，未触发 v1.3 路边/超长风险，保留为训练候选,True,False,False,False,,-13.1447,-13.1508,-13.1361,0.0060999999999999,0.0085999999999994,False,train_target_extreme,继承 v1.3：目标极限事件，保留为训练候选,继承 v1.3：目标极限事件，保留为训练候选,True,False,False,False,,train_target_extreme,继承 v1.4：目标极限事件，保留为当前主训练候选,继承 v1.4：目标极限事件，保留为当前主训练候选,True,False,False,False,,discard_curve_height_or_z_abnormal,弯道高度异常：高度明显变高、突变、非平滑，或不像正常下坡弯道,弯道高度异常：高度明显变高、突变、非平滑，或不像正常下坡弯道,False,False,False,True,548.815,549.295,驾驶员动作,False,0.4799999999999045,False,547.295,549.295,549.295,555.295,,ok,curve2,curve2,curve2,curve2,curve2,8,True,curve2,curve2,0.0,435.1253044695756,4667.56,-4731.77,421.3496396912336,375.7071607315315,443.77775695730736,medium,-9.50332e-10,1.26267e-07,-0.156622,1.61462,False,model_anchor:curve2:435.1:-0.00000;episode_start:curve2:443.8:0.00000;vehicle_response:curve2:434.3:-0.00000;condition_peak:curve2:419.0:0.00000;episode_end:curve2:375.7:-0.00000;episode_q25:curve2:423.7:-0.00000;episode_q50:curve2:409.1:0.00000;episode_q75:curve2:391.8:-0.00000,train_curve_coord_valid_roll_candidate,道路坐标确认在弯道，且车辆侧倾/横滚/横向动态明显，可作为弯道极限或近极限候选,道路坐标确认在弯道，且车辆侧倾/横滚/横向动态明显，可作为弯道极限或近极限候选,True,False,False,False,,train_curve_roll_dynamic,弯道侧倾/动态训练候选,道路坐标确认在弯道，车辆横滚/横摆/横向动态明显，动态信号数=3。,True,False,False,False,3,高度微动正常,True,True,False,F:\data_set_process\data_process\05_rebuild_from_raw_20260511\02_samples\record_level_episode_reconstruction_v2_0_no_history_reaudit\figures\review_panels_v2_0\03_弯道训练候选\0910_rec_v1_rjy_2025_09_28_20_02_20_0016.png
rec_v1_rjy_2025_09_28_20_02_20_0021,rjy,2025_09_28_20_02_20,F:\data_set_process\data_process\01_datasets\数据预处理\原始车辆数据\rjy\Entity_Recording_2025_09_28_20_02_20_vehicle.csv,21,702.515,711.855,9.340000000000032,702.525,702.515,705.065,702.525,709.11,车辆先变化,2.550000000000068,极强,5,4.0,4.0,4.0,方向盘快速操作,可能切在事件中段,True,False,True,True,0.8,96.8848911764706,6.981507058823529,0.388179,0.5016731764705883,0.0968739470588235,3.4219326470588234,9.318186072672834,0.25364,38.23930294117645,3.454741176470588,700.515,713.855,curve1|middle_section,弯道路段|连续超车负荷事件段,708.605,1.4200000000000728,core_extreme,核心极限样本,车辆动态强且驾驶员转向明显,多输出轨迹预测,,,False,False,保留为主训练候选,用户已初步复核，核心/保守弱操作/次级样本整体可保留,True,False,False,True,0.0126999999999997,0.0494999999998526,0.0241108999999999,0.0523105,3.49817,38.24149999999999,0.25364,0.1673281999999999,6.99165,0.388495,False,False,False,False,False,False,False,train_target_extreme,核心/次级目标极限事件，未触发超长或路外恢复风险，保留为训练候选,核心/次级目标极限事件，未触发超长或路外恢复风险，保留为训练候选,True,False,False,False,,True,0.0109377274596216,0.0433717874558542,0.8612383826473926,0.6157345464276157,1.7472100000000002,6,37.3565,38.24149999999999,0.22364,0.0240296308867823,False,False,True,True,True,defer_roadedge_or_offroad,车速/制动/横向偏移/高度残差组合提示可能是路边恢复或上下马路，暂不进入主训练,车速/制动/横向偏移/高度残差组合提示可能是路边恢复或上下马路，暂不进入主训练,False,True,False,False,,-7.1424775,-7.15058,-7.13788,0.0081024999999996,0.0045975,False,discard_roadedge_without_large_zdrop,用户复核后抛弃：属于疑似上下马路/路边恢复，但没有明显大幅向下 z_drop，不进入当前训练候选,用户复核后抛弃：属于疑似上下马路/路边恢复，但没有明显大幅向下 z_drop，不进入当前训练候选,False,False,False,True,,discard_prior_review,继承 v1.4：此前已舍弃或不适合作为当前主训练候选,继承 v1.4：此前已舍弃或不适合作为当前主训练候选,False,False,False,True,,discard_curve_height_or_z_abnormal,弯道高度异常：高度明显变高、突变、非平滑，或不像正常下坡弯道,弯道高度异常：高度明显变高、突变、非平滑，或不像正常下坡弯道,False,False,False,True,702.515,702.515,车辆响应,False,0.0,False,700.515,702.515,702.515,708.515,,ok,middle_section|curve1,section3|curve1,middle_section,section3,curve1,2,True,middle_section,section3,-6.734661277725438e-16,272.5873176637503,4455.72,-571.724,271.8386747566516,270.3059702985251,273.69079886344247,medium,-3.10773e-11,0.000130517,1.7061,1.7061,False,model_anchor:middle_section:272.6:-0.00000;driver_action:middle_section:271.9:-0.00000;episode_end:curve1:270.8:-0.00007;episode_q25:middle_section:271.7:0.00000;episode_q50:middle_section:270.3:0.00000;episode_q75:curve1:273.7:-0.00013,train_curve_coord_valid_roll_candidate,道路坐标确认在弯道，且车辆侧倾/横滚/横向动态明显，可作为弯道极限或近极限候选,道路坐标确认在弯道，且车辆侧倾/横滚/横向动态明显，可作为弯道极限或近极限候选,True,False,False,False,,train_curve_roll_dynamic,弯道侧倾/动态训练候选,道路坐标确认在弯道，车辆横滚/横摆/横向动态明显，动态信号数=3。,True,False,False,False,3,高度微动正常,True,True,False,F:\data_set_process\data_process\05_rebuild_from_raw_20260511\02_samples\record_level_episode_reconstruction_v2_0_no_history_reaudit\figures\review_panels_v2_0\03_弯道训练候选\0915_rec_v1_rjy_2025_09_28_20_02_20_0021.png
rec_v1_rjy_2025_09_28_20_15_42_0001,rjy,2025_09_28_20_15_42,F:\data_set_process\data_process\01_datasets\数据预处理\原始车辆数据\rjy\Entity_Recording_2025_09_28_20_15_42_vehicle.csv,1,83.901,96.285,12.384,84.63,84.491,84.565,84.63,86.795,车辆先变化,0.073999999999998,极强,5,4.0,4.0,4.0,方向盘快速操作,正常,True,False,True,True,0.8,109.8365238095238,8.241842142857143,1.6772859523809522,0.8682426666666667,0.1166453809523809,4.965836904761904,18.92964051019956,0.3330159999999999,133.30130880952382,3.350983095238095,81.901,98.285,curve1,弯道路段,89.22,-0.8729999999999905,core_extreme,核心极限样本,车辆动态强且驾驶员转向明显,多输出轨迹预测,,,False,False,保留为主训练候选,用户已初步复核，核心/保守弱操作/次级样本整体可保留,True,False,False,True,0.0734317,0.7611749999961495,0.0640836,0.380488,3.49472,133.30547,0.333016,0.21931,8.50196,1.68262,False,False,False,False,False,True,False,train_target_extreme,核心/次级目标极限事件，未触发超长或路外恢复风险，保留为训练候选,核心/次级目标极限事件，未触发超长或路外恢复风险，保留为训练候选,True,False,False,False,,True,0.0749331957806064,0.761447685255794,1.0204475149098604,0.5836866545527963,1.743465,16,133.30547,133.30547,0.303016,0.0635901559603233,False,False,True,True,False,train_target_extreme,目标极限事件，未触发 v1.3 路边/超长风险，保留为训练候选,目标极限事件，未触发 v1.3 路边/超长风险，保留为训练候选,True,False,False,False,,-0.1448045,-0.152197,-0.0787653,0.0073924999999999,0.0660392,False,train_target_extreme,继承 v1.3：目标极限事件，保留为训练候选,继承 v1.3：目标极限事件，保留为训练候选,True,False,False,False,,train_target_extreme,继承 v1.4：目标极限事件，保留为当前主训练候选,继承 v1.4：目标极限事件，保留为当前主训练候选,True,False,False,False,,discard_curve_height_or_z_abnormal,弯道高度异常：高度明显变高、突变、非平滑，或不像正常下坡弯道,弯道高度异常：高度明显变高、突变、非平滑，或不像正常下坡弯道,False,False,False,True,83.901,84.491,车辆响应,False,0.5900000000000034,False,82.491,84.491,84.491,90.491,,ok,middle_section|curve1,section2|curve1,middle_section,section2,curve1,3,True,middle_section,section2,6.938893903907227e-17,3.8186400852826794,2625.18,3.80375,3.9781511517065935,3.1118371050428544,8.072968464508715,high,0.0,8.88178e-10,1.3087,1.64528,False,model_anchor:middle_section:3.8:0.00000;episode_start:middle_section:3.1:0.00000;driver_action:middle_section:4.0:0.00000;condition_peak:middle_section:4.1:0.00000;episode_end:curve1:4.9:-0.00000;episode_q25:middle_section:4.0:-0.00000;episode_q50:curve1:8.1:-0.00000;episode_q75:curve1:3.2:0.00000,train_curve_coord_valid_roll_candidate,道路坐标确认在弯道，且车辆侧倾/横滚/横向动态明显，可作为弯道极限或近极限候选,道路坐标确认在弯道，且车辆侧倾/横滚/横向动态明显，可作为弯道极限或近极限候选,True,False,False,False,,train_curve_roll_dynamic,弯道侧倾/动态训练候选,道路坐标确认在弯道，车辆横滚/横摆/横向动态明显，动态信号数=4。,True,False,False,False,4,高度小幅复核,True,True,False,F:\data_set_process\data_process\05_rebuild_from_raw_20260511\02_samples\record_level_episode_reconstruction_v2_0_no_history_reaudit\figures\review_panels_v2_0\03_弯道训练候选\0918_rec_v1_rjy_2025_09_28_20_15_42_0001.png
rec_v1_rjy_2025_09_28_20_15_42_0002,rjy,2025_09_28_20_15_42,F:\data_set_process\data_process\01_datasets\数据预处理\原始车辆数据\rjy\Entity_Recording_2025_09_28_20_15_42_vehicle.csv,2,100.165,103.366,3.2009999999999934,101.356,101.35,,101.356,103.116,缺少一方起点,,极强,1,4.0,4.0,0.5847310686745715,无明显操作,坐标风险高,True,False,False,True,0.8,33.050086904761905,1.4001607142857142,0.1387143095238095,0.0341872619047619,0.0218350833333333,1.014109630952381,2.734769954647968,0.0,20.756785714285712,2.418250714285714,98.165,105.366,,,91.805,-9.960499999999996,review,需要复核,窗口/坐标风险,人工复核后再决定,,,False,False,暂不进入训练,用户复核后认为需要复核类基本可舍去，先整体降为舍弃/暂缓,False,False,True,True,0.004109,0.0841500000008776,0.006899604,0.0951821,2.48961,20.7542,0.0,0.01810259,1.40181,0.138728,False,False,False,False,False,False,False,discard_prior_review,v1.1 已经人工复核为舍弃/暂缓，本轮继续不进入训练,v1.1 已经人工复核为舍弃/暂缓，本轮继续不进入训练,False,False,False,True,,True,0.0042365615585237,0.0835277484958639,1.0310444289422689,0.6268540202966433,1.244805,2,0.149799999999999,20.7542,0.03,0.0069480534866482,False,False,True,True,False,discard_prior_review,v1.1 已经人工复核为舍弃/暂缓，本轮继续不进入训练,v1.1 已经人工复核为舍弃/暂缓，本轮继续不进入训练,False,False,False,True,,-0.136754,-0.138618,-0.134509,0.001864,0.0022449999999999,False,discard_prior_review,继承 v1.3：此前已舍弃/暂缓，不进入当前训练候选,继承 v1.3：此前已舍弃/暂缓，不进入当前训练候选,False,False,False,True,,discard_prior_review,继承 v1.4：此前已舍弃或不适合作为当前主训练候选,继承 v1.4：此前已舍弃或不适合作为当前主训练候选,False,False,False,True,,discard_noncurve_prior_review,非弯道已舍弃或不适合作为当前候选：继承 v1.5,非弯道已舍弃或不适合作为当前候选：继承 v1.5,False,False,False,True,100.165,101.35,车辆响应,False,1.184999999999988,False,99.35,101.35,101.35,107.35,,ok,curve1,curve1,curve1,curve1,curve1,7,True,curve1,curve1,-7.105427357601002e-15,1.191414824560957,2917.91,1.16869,1.224334192054778,0.5215854639499625,3.3439011639595213,high,-6.64348e-12,4.44089e-10,1.1728,1.21881,False,model_anchor:curve1:1.2:-0.00000;episode_start:curve1:1.2:0.00000;condition_peak:curve1:1.2:0.00000;episode_end:curve1:3.3:0.00000;episode_q25:curve1:0.5:-0.00000;episode_q50:curve1:1.9:0.00000;episode_q75:curve1:3.0:-0.00000,train_curve_coord_valid_normal_or_weak,道路坐标确认在弯道，车辆动态较弱或更像正常过弯，作为弯道普通/弱侧倾训练候选,道路坐标确认在弯道，车辆动态较弱或更像正常过弯，作为弯道普通/弱侧倾训练候选,True,False,False,False,,train_curve_normal_or_weak,弯道普通/弱侧倾训练候选,道路坐标确认在弯道，车辆动态较弱或更像正常过弯；保留为弯道普通/弱侧倾训练候选。,True,False,False,False,0,高度微动正常,True,True,False,
rec_v1_rjy_2025_09_28_20_15_42_0004,rjy,2025_09_28_20_15_42,F:\data_set_process\data_process\01_datasets\数据预处理\原始车辆数据\rjy\Entity_Recording_2025_09_28_20_15_42_vehicle.csv,4,163.106,164.771,1.664999999999992,163.746,163.736,164.275,163.746,164.311,车辆先变化,0.5390000000000157,极强,2,4.0,4.0,1.2649131440641304,弱操作,正常,True,False,True,True,0.8,82.9376619047619,3.1126397619047617,0.150335119047619,0.1234190476190476,0.0446381880952381,1.0320087619047618,5.915961451248117,0.0,2.145764285714293,2.45676,161.106,166.771,,,174.6,10.661500000000018,conservative_extreme,保守/弱操作极限样本,车辆动态强但驾驶员转向不强,车辆状态预测+驾驶员类型分类,,,False,False,保留为主训练候选,用户已初步复核，核心/保守弱操作/次级样本整体可保留,True,False,False,True,0.0035500000000006,0.0255000000011591,0.0057379199999999,0.0213842,2.49646,2.1469000000000023,0.0,0.0573300999999999,3.12045,0.150597,False,False,False,False,False,False,False,train_conservative_extreme,保守/弱操作极限样本，未触发超长或路外恢复风险，保留为训练候选,保守/弱操作极限样本，未触发超长或路外恢复风险，保留为训练候选,True,False,False,False,,True,0.002594778934811,0.0233917849249673,0.7309236436086318,0.6756756756756757,1.248175,4,0.5150000000000006,2.1469000000000023,0.03,0.0029093520070736,False,False,True,False,False,train_conservative_extreme,保守/弱操作极限样本，未触发 v1.3 路边/超长风险，保留为训练候选,保守/弱操作极限样本，未触发 v1.3 路边/超长风险，保留为训练候选,True,False,False,False,,-7.14299,-7.1432,-7.13965,0.00021,0.0033400000000005,False,train_conservative_extreme,继承 v1.3：保守/弱操作极限样本，保留为训练候选,继承 v1.3：保守/弱操作极限样本，保留为训练候选,True,False,False,False,,train_conservative_extreme,继承 v1.4：保守/弱操作极限样本，保留为当前主训练候选,继承 v1.4：保守/弱操作极限样本，保留为当前主训练候选,True,False,False,False,,train_noncurve_target_extreme,非弯道主训练候选：继承 v1.5，作为当前主训练集,非弯道主训练候选：继承 v1.5，作为当前主训练集,True,False,False,False,163.106,163.736,车辆响应,False,0.6299999999999955,False,161.736,163.736,163.736,169.736,,ok,curve1,curve1,curve1,curve1,curve1,8,True,curve1,curve1,-0.0001367258123642,283.9947552496737,4464.06,-113.341,283.998963528353,283.2640257975181,284.1669611169751,medium,-0.000138837,0.000153892,1.20517,1.21418,False,model_anchor:curve1:284.0:-0.00014;episode_start:curve1:283.3:-0.00015;driver_action:curve1:284.2:-0.00013;condition_peak:curve1:284.0:-0.00014;episode_end:curve1:283.8:-0.00011;episode_q25:curve1:283.7:-0.00014;episode_q50:curve1:284.2:-0.00013;episode_q75:curve1:284.1:-0.00012,train_curve_coord_valid_normal_or_weak,道路坐标确认在弯道，车辆动态较弱或更像正常过弯，作为弯道普通/弱侧倾训练候选,道路坐标确认在弯道，车辆动态较弱或更像正常过弯，作为弯道普通/弱侧倾训练候选,True,False,False,False,,train_curve_normal_or_weak,弯道普通/弱侧倾训练候选,道路坐标确认在弯道，车辆动态较弱或更像正常过弯；保留为弯道普通/弱侧倾训练候选。,True,False,False,False,0,高度微动正常,True,True,False,
rec_v1_rjy_2025_09_28_20_15_42_0010,rjy,2025_09_28_20_15_42,F:\data_set_process\data_process\01_datasets\数据预处理\原始车辆数据\rjy\Entity_Recording_2025_09_28_20_15_42_vehicle.csv,10,357.651,360.005,2.353999999999985,359.06,358.81,,359.06,359.411,缺少一方起点,,极强,2,4.0,4.0,0.9856898336796496,弱操作,正常,True,False,True,True,0.8,117.8132976190476,3.0175116666666666,0.1312039047619047,0.1485840476190476,0.0419965738095238,1.0993291904761904,4.610042267566422,0.0526968999999999,5.373595238095234,3.3949302380952378,355.651,362.005,curve2,弯道路段,357.2,-1.627999999999986,conservative_extreme,保守/弱操作极限样本,车辆动态强但驾驶员转向不强,车辆状态预测+驾驶员类型分类,,,False,False,保留为主训练候选,用户已初步复核，核心/保守弱操作/次级样本整体可保留,True,False,False,True,0.0017000000000013,0.0425000000025193,0.00313507,0.0120883,3.49114,5.376000000000005,0.0526969,0.0787387,3.03253,0.131396,False,False,False,False,False,False,False,train_conservative_extreme,保守/弱操作极限样本，未触发超长或路外恢复风险，保留为训练候选,保守/弱操作极限样本，未触发超长或路外恢复风险，保留为训练候选,True,False,False,False,,True,0.0017257463558717,0.0425432711883505,1.0151449152178995,0.9489904357066952,1.74557,2,5.376000000000005,5.376000000000005,0.03,0.003289597237808,False,False,True,False,False,train_conservative_extreme,保守/弱操作极限样本，未触发 v1.3 路边/超长风险，保留为训练候选,保守/弱操作极限样本，未触发 v1.3 路边/超长风险，保留为训练候选,True,False,False,False,,-13.1443,-13.1452,-13.1435,0.0009000000000014,0.0007999999999999,False,train_conservative_extreme,继承 v1.3：保守/弱操作极限样本，保留为训练候选,继承 v1.3：保守/弱操作极限样本，保留为训练候选,True,False,False,False,,train_conservative_extreme,继承 v1.4：保守/弱操作极限样本，保留为当前主训练候选,继承 v1.4：保守/弱操作极限样本，保留为当前主训练候选,True,False,False,False,,train_curve_unclear_or_weak,弯道训练候选：高度只存在小波动，侧倾较弱或普通，先纳入候选,弯道训练候选：高度只存在小波动，侧倾较弱或普通，先纳入候选,True,False,False,False,357.651,358.81,车辆响应,False,1.1589999999999918,False,356.81,358.81,358.81,364.81,,ok,curve2,curve2,curve2,curve2,curve2,7,True,curve2,curve2,2.693864511092012e-15,495.3679302894037,4728.47,-4787.75,495.8320780940863,469.7352557388331,521.2425560462764,medium,-9.32319e-11,9.8141e-10,1.14909,1.67501,False,model_anchor:curve2:495.4:-0.00000;episode_start:curve2:469.7:0.00000;condition_peak:curve2:501.0:-0.00000;episode_end:curve2:521.2:0.00000;episode_q25:curve2:482.6:0.00000;episode_q50:curve2:495.8:0.00000;episode_q75:curve2:508.8:0.00000,train_curve_coord_valid_normal_or_weak,道路坐标确认在弯道，车辆动态较弱或更像正常过弯，作为弯道普通/弱侧倾训练候选,道路坐标确认在弯道，车辆动态较弱或更像正常过弯，作为弯道普通/弱侧倾训练候选,True,False,False,False,,train_curve_normal_or_weak,弯道普通/弱侧倾训练候选,道路坐标确认在弯道，车辆动态较弱或更像正常过弯；保留为弯道普通/弱侧倾训练候选。,True,False,False,False,0,高度微动正常,True,True,False,
rec_v1_rjy_2025_09_28_20_15_42_0011,rjy,2025_09_28_20_15_42,F:\data_set_process\data_process\01_datasets\数据预处理\原始车辆数据\rjy\Entity_Recording_2025_09_28_20_15_42_vehicle.csv,11,366.611,367.755,1.1440000000000057,367.4,367.391,,367.4,367.521,缺少一方起点,,极强,1,4.0,4.0,0.4058126663330043,无明显操作,坐标风险高,True,False,False,True,0.8,120.49375,1.382342619047619,0.0553151666666666,0.047033019047619,0.0153938071428571,0.4645484976190476,1.897973866206066,0.0,1.8075714285714213,3.4277973809523807,364.611,369.755,,,357.2,-9.983000000000004,review,需要复核,窗口/坐标风险,人工复核后再决定,,,False,False,暂不进入训练,用户复核后认为需要复核类基本可舍去，先整体降为舍弃/暂缓,False,False,True,True,0.000300000000001,0.0425000000016098,0.00048085,0.00389366,3.4927,1.8070000000000024,0.0,0.0305978999999999,1.3864,0.0554653,False,False,False,False,False,False,False,discard_prior_review,v1.1 已经人工复核为舍弃/暂缓，本轮继续不进入训练,v1.1 已经人工复核为舍弃/暂缓，本轮继续不进入训练,False,False,False,True,,True,0.0002867239979149,0.0426154434975475,0.9557466597133528,0.986870897155361,1.74635,2,0.0379999999999967,1.8070000000000024,0.03,0.0003215172794176,False,False,True,False,False,discard_prior_review,v1.1 已经人工复核为舍弃/暂缓，本轮继续不进入训练,v1.1 已经人工复核为舍弃/暂缓，本轮继续不进入训练,False,False,False,True,,-13.1421,-13.1423,-13.142,0.0002000000000013,9.999999999976694e-05,False,discard_prior_review,继承 v1.3：此前已舍弃/暂缓，不进入当前训练候选,继承 v1.3：此前已舍弃/暂缓，不进入当前训练候选,False,False,False,True,,discard_prior_review,继承 v1.4：此前已舍弃或不适合作为当前主训练候选,继承 v1.4：此前已舍弃或不适合作为当前主训练候选,False,False,False,True,,discard_noncurve_prior_review,非弯道已舍弃或不适合作为当前候选：继承 v1.5,非弯道已舍弃或不适合作为当前候选：继承 v1.5,False,False,False,True,366.611,367.391,车辆响应,False,0.7800000000000296,False,365.391,367.391,367.391,373.391,,ok,curve2,curve2,curve2,curve2,curve2,7,True,curve2,curve2,-2.3005158128933704e-13,675.7593556492955,4911.37,-4998.4,675.7593556492955,659.7213567385186,683.3354223121472,low_but_context_usable,7.94946e-10,9.19255e-10,-1.68728,1.70796,False,model_anchor:curve2:675.8:0.00000;episode_start:curve2:659.7:-0.00000;condition_peak:curve2:676.0:-0.00000;episode_end:curve2:683.3:-0.00000;episode_q25:curve2:665.6:-0.00000;episode_q50:curve2:671.5:0.00000;episode_q75:curve2:677.4:0.00000,train_curve_coord_valid_normal_or_weak,道路坐标确认在弯道，车辆动态较弱或更像正常过弯，作为弯道普通/弱侧倾训练候选,道路坐标确认在弯道，车辆动态较弱或更像正常过弯，作为弯道普通/弱侧倾训练候选,True,False,False,False,,train_curve_normal_or_weak,弯道普通/弱侧倾训练候选,道路坐标确认在弯道，车辆动态较弱或更像正常过弯；保留为弯道普通/弱侧倾训练候选。,True,False,False,False,0,高度微动正常,True,True,False,
rec_v1_txj_2025_09_27_08_53_44_0003,txj,2025_09_27_08_53_44,F:\data_set_process\data_process\01_datasets\数据预处理\原始车辆数据\txj\Entity_Recording_2025_09_27_08_53_44_vehicle.csv,3,130.802,133.057,2.2549999999999955,131.932,131.232,130.832,131.932,130.977,驾驶员先动,-0.4000000000000057,极强,2,4.0,4.0,1.74624,制动为主,正常,True,False,True,True,0.8,123.44692592592592,3.9372796296296295,0.1912562592592592,0.2287696111111111,0.0553199388888888,1.534454962962963,3.4986328760846725,0.204624,7.5657037037037185,3.343698518518518,128.802,135.057,,,142.105,10.1755,conservative_extreme,保守/弱操作极限样本,车辆动态强但驾驶员转向不强,车辆状态预测+驾驶员类型分类,,,False,False,保留为主训练候选,用户已初步复核，核心/保守弱操作/次级样本整体可保留,True,False,False,True,0.008542,0.0387833333332281,0.014238345,0.0708859,3.48963,7.570000000000007,0.204624,0.1023973,3.95866,0.192637,False,False,False,False,False,False,False,train_conservative_extreme,保守/弱操作极限样本，未触发超长或路外恢复风险，保留为训练候选,保守/弱操作极限样本，未触发超长或路外恢复风险，保留为训练候选,True,False,False,False,,True,0.0075319544845129,0.0367894000365414,0.8817553833426525,0.5742793791574279,1.744815,2,7.570000000000007,7.570000000000007,0.174624,0.0159415798746547,False,False,True,False,False,train_conservative_extreme,保守/弱操作极限样本，未触发 v1.3 路边/超长风险，保留为训练候选,保守/弱操作极限样本，未触发 v1.3 路边/超长风险，保留为训练候选,True,False,False,False,,-0.14922,-0.150601,-0.142059,0.001381,0.007161,False,train_conservative_extreme,继承 v1.3：保守/弱操作极限样本，保留为训练候选,继承 v1.3：保守/弱操作极限样本，保留为训练候选,True,False,False,False,,train_conservative_extreme,继承 v1.4：保守/弱操作极限样本，保留为当前主训练候选,继承 v1.4：保守/弱操作极限样本，保留为当前主训练候选,True,False,False,False,,train_noncurve_target_extreme,非弯道主训练候选：继承 v1.5，作为当前主训练集,非弯道主训练候选：继承 v1.5，作为当前主训练集,True,False,False,False,130.802,130.832,驾驶员动作,False,0.0300000000000011,False,128.832,130.832,130.832,136.832,,ok,curve1,curve1,curve1,curve1,curve1,7,True,curve1,curve1,-1.4210854715202004e-14,5.413365015730861,3464.81,5.4032,5.309585905319248,3.2958900837378637,5.422144706051092,high,2.8421e-08,5.68419e-08,-0.593761,1.64631,False,model_anchor:curve1:5.4:0.00000;episode_start:curve1:5.4:0.00000;vehicle_response:curve1:5.4:-0.00000;condition_peak:curve1:4.4:-0.00000;episode_end:curve1:3.3:-0.00000;episode_q25:curve1:5.3:0.00000;episode_q75:curve1:3.4:-0.00000,train_curve_coord_valid_normal_or_weak,道路坐标确认在弯道，车辆动态较弱或更像正常过弯，作为弯道普通/弱侧倾训练候选,道路坐标确认在弯道，车辆动态较弱或更像正常过弯，作为弯道普通/弱侧倾训练候选,True,False,False,False,,train_curve_normal_or_weak,弯道普通/弱侧倾训练候选,道路坐标确认在弯道，车辆动态较弱或更像正常过弯；保留为弯道普通/弱侧倾训练候选。,True,False,False,False,0,高度微动正常,True,True,False,
rec_v1_txj_2025_09_27_08_53_44_0010,txj,2025_09_27_08_53_44,F:\data_set_process\data_process\01_datasets\数据预处理\原始车辆数据\txj\Entity_Recording_2025_09_27_08_53_44_vehicle.csv,10,379.157,381.062,1.9050000000000296,380.895,380.882,379.185,380.895,379.442,驾驶员先动,-1.6970000000000027,极强,1,4.0,4.0,3.2,制动为主,坐标风险高,True,False,False,True,0.8,104.7964074074074,1.2676053703703702,0.0522652314814814,0.0734944277777777,0.0175522999999999,0.3365512537037036,1.1291766117968114,0.9284727407407408,41.43962222222221,3.4420846296296297,377.157,383.062,,,386.305,6.195499999999981,review,需要复核,窗口/坐标风险,人工复核后再决定,,,False,False,暂不进入训练,用户复核后认为需要复核类基本可舍去，先整体降为舍弃/暂缓,False,False,True,True,0.0223499999999994,0.0866666666684068,0.0569906199999999,0.197939,3.49541,41.4623,0.9567753,0.0167121969999999,1.27408,0.0529548,False,False,False,False,False,False,False,discard_prior_review,v1.1 已经人工复核为舍弃/暂缓，本轮继续不进入训练,v1.1 已经人工复核为舍弃/暂缓，本轮继续不进入训练,False,False,False,True,,True,0.0223119650929142,0.0929842393479638,0.9982982144480904,0.7572178477690289,1.747705,2,41.4623,41.4623,0.97,0.0561145832393932,False,False,True,True,False,discard_prior_review,v1.1 已经人工复核为舍弃/暂缓，本轮继续不进入训练,v1.1 已经人工复核为舍弃/暂缓，本轮继续不进入训练,False,False,False,True,,-13.1504,-13.1665,-13.14415,0.0160999999999997,0.0062499999999996,False,discard_prior_review,继承 v1.3：此前已舍弃/暂缓，不进入当前训练候选,继承 v1.3：此前已舍弃/暂缓，不进入当前训练候选,False,False,False,True,,discard_prior_review,继承 v1.4：此前已舍弃或不适合作为当前主训练候选,继承 v1.4：此前已舍弃或不适合作为当前主训练候选,False,False,False,True,,discard_noncurve_prior_review,非弯道已舍弃或不适合作为当前候选：继承 v1.5,非弯道已舍弃或不适合作为当前候选：继承 v1.5,False,False,False,True,379.157,379.185,驾驶员动作,False,0.02800000000002,False,377.185,379.185,379.185,385.185,,ok,curve2,curve2,curve2,curve2,curve2,8,True,curve2,curve2,2.693864511092012e-15,459.7710534207067,4692.34,-4742.97,482.53768016026993,459.1103017732811,493.601741407616,medium,2.66453e-09,2.66453e-09,-0.410412,1.7121,False,model_anchor:curve2:459.8:0.00000;episode_start:curve2:459.1:0.00000;vehicle_response:curve2:491.0:0.00000;condition_peak:curve2:491.2:-0.00000;episode_end:curve2:493.6:0.00000;episode_q25:curve2:469.4:-0.00000;episode_q50:curve2:478.5:-0.00000;episode_q75:curve2:486.6:-0.00000,train_curve_coord_valid_normal_or_weak,道路坐标确认在弯道，车辆动态较弱或更像正常过弯，作为弯道普通/弱侧倾训练候选,道路坐标确认在弯道，车辆动态较弱或更像正常过弯，作为弯道普通/弱侧倾训练候选,True,False,False,False,,train_curve_normal_or_weak,弯道普通/弱侧倾训练候选,道路坐标确认在弯道，车辆动态较弱或更像正常过弯；保留为弯道普通/弱侧倾训练候选。,True,False,False,False,0,高度轻微变化,True,True,False,
rec_v1_txj_2025_09_27_08_53_44_0011,txj,2025_09_27_08_53_44,F:\data_set_process\data_process\01_datasets\数据预处理\原始车辆数据\txj\Entity_Recording_2025_09_27_08_53_44_vehicle.csv,11,386.867,402.855,15.988,387.94,387.46,387.632,387.94,394.742,车辆先变化,0.1720000000000254,极强,5,4.0,4.0,4.0,方向盘快速操作,正常,True,False,True,True,0.8,102.5810925925926,8.240275,1.4432620370370368,1.0433557592592593,0.1164883333333333,6.5188240740740735,16.379864471877305,0.789792,114.10222944444445,3.393594629629629,384.867,404.855,curve2,弯道路段,396.785,1.924000000000035,core_extreme,核心极限样本,车辆动态强且驾驶员转向明显,多输出轨迹预测,,,False,False,保留为主训练候选,用户已初步复核，核心/保守弱操作/次级样本整体可保留,True,False,False,True,0.0803000000000011,0.4766666666737364,0.0650291,0.429951,3.49492,114.14358,0.789792,0.230951,8.82312,1.46046,True,False,False,False,False,True,False,review_duration_15_20s,持续时间 15-20 秒，接近或超过常规事件上限，先进入复核而不直接训练,持续时间 15.99 秒，接近或超过常规事件上限，先进入复核而不直接训练,False,True,False,False,,True,0.0832485071462922,0.4771255782919876,1.036718644412094,0.7601250977326036,1.74631,20,98.05098,114.14358,0.759792,0.0657611389837417,False,False,True,True,False,review_duration_15_20s,持续时间 15-20 秒，先进入复核而不直接训练,持续时间 15.99 秒，先进入复核而不直接训练,False,True,False,False,F:\data_set_process\data_process\05_rebuild_from_raw_20260511\02_samples\record_level_episode_reconstruction_v1_3_cleaned\figures\review_panels_v1_3\03_15到20秒_需要复核\0982_rec_v1_txj_2025_09_27_08_53_44_0011.png,-13.1406,-13.1544,-13.0741,0.0138000000000015,0.0664999999999995,False,defer_prior_review,继承 v1.3：仍需要复核或拆分，暂不进入当前训练候选,继承 v1.3：仍需要复核或拆分，暂不进入当前训练候选,False,True,False,False,,defer_prior_review,继承 v1.4：仍需复核或拆分，不进入当前主训练候选,继承 v1.4：仍需复核或拆分，不进入当前主训练候选,False,True,False,False,,discard_curve_height_or_z_abnormal,弯道高度异常：高度明显变高、突变、非平滑，或不像正常下坡弯道,弯道高度异常：高度明显变高、突变、非平滑，或不像正常下坡弯道,False,False,False,True,386.867,387.46,车辆响应,False,0.5929999999999609,False,385.46,387.46,387.46,393.46,,ok,curve2,curve2,curve2,curve2,curve2,8,True,curve2,curve2,0.0,597.2160178313733,4831.76,-4908.83,634.7470880327201,586.0727321402771,819.1319546668783,low_but_context_usable,-4.44089e-10,8.88178e-10,0.151916,1.58372,False,model_anchor:curve2:597.2:-0.00000;episode_start:curve2:586.1:0.00000;driver_action:curve2:600.6:0.00000;condition_peak:curve2:607.0:-0.00000;episode_end:curve2:819.1:-0.00000;episode_q25:curve2:662.5:-0.00000;episode_q50:curve2:742.9:-0.00000;episode_q75:curve2:808.4:-0.00000,train_curve_coord_valid_roll_candidate,道路坐标确认在弯道，且车辆侧倾/横滚/横向动态明显，可作为弯道极限或近极限候选,道路坐标确认在弯道，且车辆侧倾/横滚/横向动态明显，可作为弯道极限或近极限候选,True,False,False,False,,train_curve_roll_dynamic,弯道侧倾/动态训练候选,道路坐标确认在弯道，车辆横滚/横摆/横向动态明显，动态信号数=4。,True,False,False,False,4,高度小幅复核,True,True,False,F:\data_set_process\data_process\05_rebuild_from_raw_20260511\02_samples\record_level_episode_reconstruction_v2_0_no_history_reaudit\figures\review_panels_v2_0\03_弯道训练候选\0982_rec_v1_txj_2025_09_27_08_53_44_0011.png
rec_v1_txj_2025_09_27_08_53_44_0012,txj,2025_09_27_08_53_44,F:\data_set_process\data_process\01_datasets\数据预处理\原始车辆数据\txj\Entity_Recording_2025_09_27_08_53_44_vehicle.csv,12,411.837,413.457,1.6200000000000043,411.86,411.845,,411.86,413.002,缺少一方起点,,极强,1,4.0,4.0,0.919477610220692,弱操作,坐标风险高,True,False,False,True,0.8,77.99892592592592,2.019997037037037,0.0980292555555555,0.1296601851851851,0.0255899574074074,1.1824639074074073,3.214109478739996,0.0,13.899959259259248,2.485760185185185,409.837,415.457,,,419.405,6.757999999999981,review,需要复核,窗口/坐标风险,人工复核后再决定,,,False,False,暂不进入训练,用户复核后认为需要复核类基本可舍去，先整体降为舍弃/暂缓,False,False,True,True,0.0016999999999995,0.0216666666674427,0.0006943,0.00390513,2.49887,13.901200000000005,0.0,0.0485041499999999,2.02258,0.0982602,False,False,False,False,False,False,False,discard_prior_review,v1.1 已经人工复核为舍弃/暂缓，本轮继续不进入训练,v1.1 已经人工复核为舍弃/暂缓，本轮继续不进入训练,False,False,False,True,,True,0.0015767743929266,0.0219532378463205,0.9275143487806812,0.9660493827160492,1.249435,4,0.1995499999999879,13.901200000000005,0.03,0.0003538510742346,False,False,True,False,False,discard_prior_review,v1.1 已经人工复核为舍弃/暂缓，本轮继续不进入训练,v1.1 已经人工复核为舍弃/暂缓，本轮继续不进入训练,False,False,False,True,,-13.1353,-13.1363,-13.1346,0.0009999999999994,0.0007000000000001,False,discard_prior_review,继承 v1.3：此前已舍弃/暂缓，不进入当前训练候选,继承 v1.3：此前已舍弃/暂缓，不进入当前训练候选,False,False,False,True,,discard_prior_review,继承 v1.4：此前已舍弃或不适合作为当前主训练候选,继承 v1.4：此前已舍弃或不适合作为当前主训练候选,False,False,False,True,,discard_noncurve_prior_review,非弯道已舍弃或不适合作为当前候选：继承 v1.5,非弯道已舍弃或不适合作为当前候选：继承 v1.5,False,False,False,True,411.837,411.845,车辆响应,False,0.0080000000000381,False,409.845,411.845,411.845,417.845,,ok,curve2,curve2,curve2,curve2,curve2,6,True,curve2,curve2,0.0,876.9815516349337,5115.46,-5239.24,884.8859496285253,876.9815516349337,900.2156647521721,low_but_context_usable,0.0,8.88178e-10,-1.23902,1.24161,False,model_anchor:curve2:877.0:0.00000;condition_peak:curve2:877.2:-0.00000;episode_end:curve2:900.2:0.00000;episode_q25:curve2:882.1:0.00000;episode_q50:curve2:887.7:0.00000;episode_q75:curve2:893.8:-0.00000,train_curve_coord_valid_normal_or_weak,道路坐标确认在弯道，车辆动态较弱或更像正常过弯，作为弯道普通/弱侧倾训练候选,道路坐标确认在弯道，车辆动态较弱或更像正常过弯，作为弯道普通/弱侧倾训练候选,True,False,False,False,,train_curve_normal_or_weak,弯道普通/弱侧倾训练候选,道路坐标确认在弯道，车辆动态较弱或更像正常过弯；保留为弯道普通/弱侧倾训练候选。,True,False,False,False,0,高度微动正常,True,True,False,
rec_v1_txj_2025_09_27_09_17_11_0003,txj,2025_09_27_09_17_11,F:\data_set_process\data_process\01_datasets\数据预处理\原始车辆数据\txj\Entity_Recording_2025_09_27_09_17_11_vehicle.csv,3,92.281,103.106,10.824999999999989,93.795,93.775,92.291,93.795,92.33,驾驶员先动,-1.4840000000000089,极强,4,4.0,4.0,3.2,方向盘快速操作,正常,True,False,True,True,0.8,105.93178787878789,5.408807272727273,0.3255995757575758,0.3208204999999999,0.076122653030303,3.0353107575757576,13.316982392091418,1.0,43.86522121212121,3.273167878787879,90.281,105.106,curve1|middle_section,弯道路段|连续超车负荷事件段,98.5,0.8064999999999998,core_extreme,核心极限样本,车辆动态强且驾驶员转向明显,多输出轨迹预测,,,False,False,保留为主训练候选,用户已初步复核，核心/保守弱操作/次级样本整体可保留,True,False,False,True,0.0333509999999999,0.2698749999985681,0.06546959,0.253303,3.48939,43.89049999999999,1.0,0.1336562,5.41993,0.326669,False,False,False,False,False,False,False,train_target_extreme,核心/次级目标极限事件，未触发超长或路外恢复风险，保留为训练候选,核心/次级目标极限事件，未触发超长或路外恢复风险，保留为训练候选,True,False,False,False,,True,0.028427633833136,0.2713199318689223,0.8523772550489086,0.5254041570438799,1.743805,6,43.89049999999999,43.89049999999999,0.97,0.0566121054424853,False,False,True,True,True,defer_roadedge_or_offroad,车速/制动/横向偏移/高度残差组合提示可能是路边恢复或上下马路，暂不进入主训练,车速/制动/横向偏移/高度残差组合提示可能是路边恢复或上下马路，暂不进入主训练,False,True,False,False,,-0.1592795,-0.169086,-0.135735,0.0098064999999999,0.0235445,False,discard_roadedge_without_large_zdrop,用户复核后抛弃：属于疑似上下马路/路边恢复，但没有明显大幅向下 z_drop，不进入当前训练候选,用户复核后抛弃：属于疑似上下马路/路边恢复，但没有明显大幅向下 z_drop，不进入当前训练候选,False,False,False,True,F:\data_set_process\data_process\05_rebuild_from_raw_20260511\02_samples\record_level_episode_reconstruction_v1_4_zdrop_reviewed\figures\review_panels_v1_4\02_抛弃_上下马路但无明显大幅下降\1025_rec_v1_txj_2025_09_27_09_17_11_0003.png,discard_prior_review,继承 v1.4：此前已舍弃或不适合作为当前主训练候选,继承 v1.4：此前已舍弃或不适合作为当前主训练候选,False,False,False,True,,discard_curve_height_or_z_abnormal,弯道高度异常：高度明显变高、突变、非平滑，或不像正常下坡弯道,弯道高度异常：高度明显变高、突变、非平滑，或不像正常下坡弯道,False,False,False,True,92.281,92.291,驾驶员动作,False,0.0099999999999909,False,90.291,92.291,92.291,98.291,,ok,middle_section|curve1,section2|curve1,middle_section,section2,curve1,2,True,middle_section,section2,-1.3877787807814457e-17,2.429575267223582,2589.31,2.42075,3.905838391022214,2.429575267223582,5.4844934924215,high,0.0,9.34794e-10,-0.0729538,1.62093,False,model_anchor:middle_section:2.4:0.00000;episode_start:middle_section:2.5:-0.00000;vehicle_response:middle_section:4.1:0.00000;condition_peak:middle_section:4.1:0.00000;episode_end:curve1:5.5:0.00000;episode_q25:middle_section:5.3:-0.00000;episode_q50:middle_section:3.8:0.00000;episode_q75:curve1:3.0:0.00000,train_curve_coord_valid_roll_candidate,道路坐标确认在弯道，且车辆侧倾/横滚/横向动态明显，可作为弯道极限或近极限候选,道路坐标确认在弯道，且车辆侧倾/横滚/横向动态明显，可作为弯道极限或近极限候选,True,False,False,False,,train_curve_normal_or_weak,弯道普通/弱侧倾训练候选,道路坐标确认在弯道，车辆动态较弱或更像正常过弯；保留为弯道普通/弱侧倾训练候选。,True,False,False,False,1,高度轻微变化,True,True,False,
rec_v1_txj_2025_09_27_09_17_11_0004,txj,2025_09_27_09_17_11,F:\data_set_process\data_process\01_datasets\数据预处理\原始车辆数据\txj\Entity_Recording_2025_09_27_09_17_11_vehicle.csv,4,118.2,125.956,7.756,118.925,118.416,118.925,118.925,119.931,车辆先变化,0.5090000000000003,极强,5,4.0,4.0,2.939701348654032,方向盘快速操作,正常,True,False,True,True,0.8,130.6014393939394,7.097590606060606,0.550033606060606,0.7555463484848486,0.1024720606060606,3.3077804545454548,21.29203761247233,0.0,16.595363636363643,3.266317575757576,116.2,127.956,,,98.5,-23.578000000000003,core_extreme,核心极限样本,车辆动态强且驾驶员转向明显,多输出轨迹预测,,,False,False,保留为主训练候选,用户已初步复核，核心/保守弱操作/次级样本整体可保留,True,False,False,True,0.0118659999999999,0.1364250000013926,0.0111028599999999,0.0415991,3.48726,16.60600000000001,0.0,0.1901433,7.15391,0.55384,False,False,False,False,False,False,False,train_target_extreme,核心/次级目标极限事件，未触发超长或路外恢复风险，保留为训练候选,核心/次级目标极限事件，未触发超长或路外恢复风险，保留为训练候选,True,False,False,False,,True,0.0119246774355974,0.136518883898353,1.004945005528191,0.5114405414115373,1.74363,2,16.537999999999997,16.60600000000001,0.03,0.0117450459614588,False,False,True,False,False,train_target_extreme,目标极限事件，未触发 v1.3 路边/超长风险，保留为训练候选,目标极限事件，未触发 v1.3 路边/超长风险，保留为训练候选,True,False,False,False,,-0.14391,-0.148584,-0.136718,0.0046739999999999,0.007192,False,train_target_extreme,继承 v1.3：目标极限事件，保留为训练候选,继承 v1.3：目标极限事件，保留为训练候选,True,False,False,False,,train_target_extreme,继承 v1.4：目标极限事件，保留为当前主训练候选,继承 v1.4：目标极限事件，保留为当前主训练候选,True,False,False,False,,train_noncurve_target_extreme,非弯道主训练候选：继承 v1.5，作为当前主训练集,非弯道主训练候选：继承 v1.5，作为当前主训练集,True,False,False,False,118.2,118.416,车辆响应,False,0.2159999999999939,False,116.416,118.416,118.416,124.416,,ok,curve1,curve1,curve1,curve1,curve1,7,True,curve1,curve1,2.131628207279977e-14,5.061857567126575,3482.06,5.0612,3.208898114919793,2.359360961507374,5.155771406161299,high,-2.8421e-08,5.76621e-08,-0.938013,1.62545,False,model_anchor:curve1:5.1:-0.00000;episode_start:curve1:5.2:0.00000;driver_action:curve1:4.4:-0.00000;episode_end:curve1:2.8:-0.00000;episode_q25:curve1:2.4:-0.00000;episode_q50:curve1:3.1:-0.00000;episode_q75:curve1:3.2:-0.00000,train_curve_coord_valid_roll_candidate,道路坐标确认在弯道，且车辆侧倾/横滚/横向动态明显，可作为弯道极限或近极限候选,道路坐标确认在弯道，且车辆侧倾/横滚/横向动态明显，可作为弯道极限或近极限候选,True,False,False,False,,train_curve_roll_dynamic,弯道侧倾/动态训练候选,道路坐标确认在弯道，车辆横滚/横摆/横向动态明显，动态信号数=4。,True,False,False,False,4,高度微动正常,True,True,False,F:\data_set_process\data_process\05_rebuild_from_raw_20260511\02_samples\record_level_episode_reconstruction_v2_0_no_history_reaudit\figures\review_panels_v2_0\03_弯道训练候选\1026_rec_v1_txj_2025_09_27_09_17_11_0004.png
rec_v1_txj_2025_09_27_09_17_11_0007,txj,2025_09_27_09_17_11,F:\data_set_process\data_process\01_datasets\数据预处理\原始车辆数据\txj\Entity_Recording_2025_09_27_09_17_11_vehicle.csv,7,207.24,209.535,2.2949999999999875,207.83,207.805,,207.83,209.38,缺少一方起点,,极强,1,4.0,4.0,0.9417864706516006,弱操作,坐标风险高,True,True,False,True,0.8,33.218280303030305,1.2004257575757575,0.1281709999999999,0.0592161257575757,0.0160814181818181,0.6890815303030304,6.821289164361097,0.0,2.8071303030303056,2.4542898484848483,205.24,211.535,,,241.4,33.01250000000002,review,需要复核,窗口/坐标风险,人工复核后再决定,,,False,False,暂不进入训练,用户复核后认为需要复核类基本可舍去，先整体降为舍弃/暂缓,False,False,True,True,0.877515,1.09224999999428,0.023716,0.0373873,2.49751,2.807499999999997,0.0,0.01116017,1.20321,0.128283,False,False,False,False,False,False,False,discard_prior_review,v1.1 已经人工复核为舍弃/暂缓，本轮继续不进入训练,v1.1 已经人工复核为舍弃/暂缓，本轮继续不进入训练,False,False,False,True,,True,0.0580436510745115,0.7049161144348388,0.0661454802191547,1.0,1.248755,2,0.0731000000000001,2.807499999999997,0.03,0.0071320752930531,True,False,True,False,False,discard_prior_review,v1.1 已经人工复核为舍弃/暂缓，本轮继续不进入训练,v1.1 已经人工复核为舍弃/暂缓，本轮继续不进入训练,False,False,False,True,,-0.501903,-1.31048,-0.432965,0.8085770000000001,0.068938,False,discard_prior_review,继承 v1.3：此前已舍弃/暂缓，不进入当前训练候选,继承 v1.3：此前已舍弃/暂缓，不进入当前训练候选,False,False,False,True,,discard_prior_review,继承 v1.4：此前已舍弃或不适合作为当前主训练候选,继承 v1.4：此前已舍弃或不适合作为当前主训练候选,False,False,False,True,,train_curve_unclear_or_weak,弯道训练候选：高度只存在小波动，侧倾较弱或普通，先纳入候选,弯道训练候选：高度只存在小波动，侧倾较弱或普通，先纳入候选,True,False,False,False,207.24,207.805,车辆响应,False,0.5649999999999977,False,205.805,207.805,207.805,213.805,F:\data_set_process\data_process\05_rebuild_from_raw_20260511\02_samples\record_level_episode_reconstruction_v1_8_anchor_curve_revised\figures\review_panels_v1_8\04_弯道_高度小波动普通或弱侧倾_纳入\1029_rec_v1_txj_2025_09_27_09_17_11_0007.png,ok,curve1,curve1,curve1,curve1,curve1,7,True,curve1,curve1,-0.007298023759726,22.087650546484827,4174.69,9.76889,22.291549744440893,17.67259656219249,37.24404027735165,high,0.00868407,0.00925089,-1.21395,1.22784,True,model_anchor:curve1:22.1:0.00868;episode_start:curve1:17.7:0.00925;condition_peak:curve1:22.3:0.00866;episode_end:curve1:37.2:0.00693;episode_q25:curve1:22.2:0.00867;episode_q50:curve1:27.0:0.00794;episode_q75:curve1:32.1:0.00742,train_curve_coord_valid_normal_or_weak,道路坐标确认在弯道，车辆动态较弱或更像正常过弯，作为弯道普通/弱侧倾训练候选,道路坐标确认在弯道，车辆动态较弱或更像正常过弯，作为弯道普通/弱侧倾训练候选,True,False,False,False,,train_curve_normal_or_weak,弯道普通/弱侧倾训练候选,道路坐标确认在弯道，车辆动态较弱或更像正常过弯；保留为弯道普通/弱侧倾训练候选。,True,False,False,False,0,高度小幅复核,True,True,False,
rec_v1_txj_2025_09_27_09_17_11_0019,txj,2025_09_27_09_17_11,F:\data_set_process\data_process\01_datasets\数据预处理\原始车辆数据\txj\Entity_Recording_2025_09_27_09_17_11_vehicle.csv,19,391.315,393.6,2.285000000000025,392.956,392.481,391.335,392.956,391.585,驾驶员先动,-1.146000000000015,极强,2,4.0,4.0,2.548690000000001,制动为主,正常,True,False,True,True,0.8,116.38365151515151,4.231796363636363,0.1597113787878788,0.2291242878787878,0.0589256939393939,1.3692901212121211,9.183242956750409,0.284869,11.5833484848485,3.3440343939393937,389.315,395.6,curve2,弯道路段,391.205,-1.2524999999999975,conservative_extreme,保守/弱操作极限样本,车辆动态强但驾驶员转向不强,车辆状态预测+驾驶员类型分类,,,False,False,保留为主训练候选,用户已初步复核，核心/保守弱操作/次级样本整体可保留,True,False,False,True,0.0113000000000003,0.1700000000038244,0.02112634,0.105183,3.4898,11.613,0.284869,0.101186,4.25465,0.160291,False,False,False,False,False,False,False,train_conservative_extreme,保守/弱操作极限样本，未触发超长或路外恢复风险，保留为训练候选,保守/弱操作极限样本，未触发超长或路外恢复风险，保留为训练候选,True,False,False,False,,True,0.0096760030029301,0.1663999926804228,0.8562834515867158,0.7921225382932167,1.7449,2,11.613,11.613,0.254869,0.0247437998879109,False,False,True,True,False,train_conservative_extreme,保守/弱操作极限样本，未触发 v1.3 路边/超长风险，保留为训练候选,保守/弱操作极限样本，未触发 v1.3 路边/超长风险，保留为训练候选,True,False,False,False,,-13.1508,-13.1533,-13.142,0.0024999999999995,0.0088000000000008,False,train_conservative_extreme,继承 v1.3：保守/弱操作极限样本，保留为训练候选,继承 v1.3：保守/弱操作极限样本，保留为训练候选,True,False,False,False,,train_conservative_extreme,继承 v1.4：保守/弱操作极限样本，保留为当前主训练候选,继承 v1.4：保守/弱操作极限样本，保留为当前主训练候选,True,False,False,False,,train_curve_unclear_or_weak,弯道训练候选：高度只存在小波动，侧倾较弱或普通，先纳入候选,弯道训练候选：高度只存在小波动，侧倾较弱或普通，先纳入候选,True,False,False,False,391.315,391.335,驾驶员动作,False,0.0199999999999818,False,389.335,391.335,391.335,397.335,F:\data_set_process\data_process\05_rebuild_from_raw_20260511\02_samples\record_level_episode_reconstruction_v1_8_anchor_curve_revised\figures\review_panels_v1_8\04_弯道_高度小波动普通或弱侧倾_纳入\1041_rec_v1_txj_2025_09_27_09_17_11_0019.png,ok,curve2,curve2,curve2,curve2,curve2,8,True,curve2,curve2,-2.693206829330283e-15,463.5304691899515,4696.21,-4752.27,488.35902455720526,463.0768893511023,513.1123016156088,medium,-4.13012e-10,1.77636e-09,-0.0643793,1.71018,False,model_anchor:curve2:463.5:-0.00000;episode_start:curve2:463.1:-0.00000;vehicle_response:curve2:488.6:-0.00000;condition_peak:curve2:499.3:-0.00000;episode_end:curve2:513.1:-0.00000;episode_q25:curve2:475.6:0.00000;episode_q50:curve2:488.1:0.00000;episode_q75:curve2:501.0:-0.00000,train_curve_coord_valid_normal_or_weak,道路坐标确认在弯道，车辆动态较弱或更像正常过弯，作为弯道普通/弱侧倾训练候选,道路坐标确认在弯道，车辆动态较弱或更像正常过弯，作为弯道普通/弱侧倾训练候选,True,False,False,False,,train_curve_normal_or_weak,弯道普通/弱侧倾训练候选,道路坐标确认在弯道，车辆动态较弱或更像正常过弯；保留为弯道普通/弱侧倾训练候选。,True,False,False,False,0,高度微动正常,True,True,False,
rec_v1_txj_2025_09_27_09_17_11_0020,txj,2025_09_27_09_17_11,F:\data_set_process\data_process\01_datasets\数据预处理\原始车辆数据\txj\Entity_Recording_2025_09_27_09_17_11_vehicle.csv,20,394.976,403.291,8.314999999999998,395.771,395.751,396.941,395.771,399.511,车辆先变化,1.1899999999999975,极强,5,4.0,4.0,2.323178524642475,方向盘快速操作,正常,True,False,True,True,0.8,114.3291818181818,5.402218030303031,0.2609335303030303,0.3958668787878788,0.0771874454545454,2.9830318181818183,16.826608781134738,0.2121220303030303,7.963681818181826,3.364096515151515,392.976,405.291,,,391.205,-7.928500000000042,core_extreme,核心极限样本,车辆动态强且驾驶员转向明显,多输出轨迹预测,,,False,False,保留为主训练候选,用户已初步复核，核心/保守弱操作/次级样本整体可保留,True,False,False,True,0.0116000000000013,0.0850000000045838,0.01986145,0.067368,3.4927200000000003,7.978999999999999,0.220136,0.1420871,5.41818,0.261703,False,False,False,False,False,False,False,train_target_extreme,核心/次级目标极限事件，未触发超长或路外恢复风险，保留为训练候选,核心/次级目标极限事件，未触发超长或路外恢复风险，保留为训练候选,True,False,False,False,,True,0.0112106879416433,0.0852612832648634,0.966438615658803,0.8472639807576668,1.74554,8,5.685500000000005,7.978999999999999,0.190136,0.0205494293220373,False,False,True,False,False,train_target_extreme,目标极限事件，未触发 v1.3 路边/超长风险，保留为训练候选,目标极限事件，未触发 v1.3 路边/超长风险，保留为训练候选,True,False,False,False,,-13.142,-13.1491,-13.1375,0.0071000000000012,0.0045000000000001,False,train_target_extreme,继承 v1.3：目标极限事件，保留为训练候选,继承 v1.3：目标极限事件，保留为训练候选,True,False,False,False,,train_target_extreme,继承 v1.4：目标极限事件，保留为当前主训练候选,继承 v1.4：目标极限事件，保留为当前主训练候选,True,False,False,False,,train_noncurve_target_extreme,非弯道主训练候选：继承 v1.5，作为当前主训练集,非弯道主训练候选：继承 v1.5，作为当前主训练集,True,False,False,False,394.976,395.751,车辆响应,False,0.7749999999999773,False,393.751,395.751,395.751,401.751,,ok,curve2,curve2,curve2,curve2,curve2,8,True,curve2,curve2,2.3274544580042906e-13,557.3450794661752,4791.3,-4859.35,582.7359858601314,541.5968476197079,712.7486841990118,low_but_context_usable,8.88178e-10,9.50332e-10,-1.63302,1.66321,False,model_anchor:curve2:557.3:0.00000;episode_start:curve2:541.6:0.00000;driver_action:curve2:581.6:-0.00000;condition_peak:curve2:557.7:0.00000;episode_end:curve2:712.7:0.00000;episode_q25:curve2:583.9:-0.00000;episode_q50:curve2:627.8:-0.00000;episode_q75:curve2:671.1:0.00000,train_curve_coord_valid_roll_candidate,道路坐标确认在弯道，且车辆侧倾/横滚/横向动态明显，可作为弯道极限或近极限候选,道路坐标确认在弯道，且车辆侧倾/横滚/横向动态明显，可作为弯道极限或近极限候选,True,False,False,False,,train_curve_normal_or_weak,弯道普通/弱侧倾训练候选,道路坐标确认在弯道，车辆动态较弱或更像正常过弯；保留为弯道普通/弱侧倾训练候选。,True,False,False,False,1,高度微动正常,True,True,False,
rec_v1_txj_2025_09_27_09_17_11_0021,txj,2025_09_27_09_17_11,F:\data_set_process\data_process\01_datasets\数据预处理\原始车辆数据\txj\Entity_Recording_2025_09_27_09_17_11_vehicle.csv,21,407.965,410.036,2.0710000000000264,409.071,409.051,,409.071,408.961,缺少一方起点,,极强,1,4.0,4.0,0.417416008459272,无明显操作,坐标风险高,True,False,False,True,0.8,129.3926212121212,2.6687786363636365,0.0947012651515151,0.0975262409090909,0.0397930393939394,0.9395266666666668,3.023313016552574,0.0,2.296393939393937,3.350659696969697,405.965,412.036,,,416.7,7.6995,review,需要复核,窗口/坐标风险,人工复核后再决定,,,False,False,暂不进入训练,用户复核后认为需要复核类基本可舍去，先整体降为舍弃/暂缓,False,False,True,True,0.0031999999999996,0.0425000000021782,0.00490271,0.0232951,3.49185,2.304000000000002,0.0,0.0661124999999999,2.68191,0.0951573,False,False,False,False,False,False,False,discard_prior_review,v1.1 已经人工复核为舍弃/暂缓，本轮继续不进入训练,v1.1 已经人工复核为舍弃/暂缓，本轮继续不进入训练,False,False,False,True,,True,0.0027131550819401,0.0430409387987702,0.847860963106401,0.9734620024125452,1.745925,2,0.0320000000000106,2.304000000000002,0.03,0.0044242823146689,False,False,True,False,False,discard_prior_review,v1.1 已经人工复核为舍弃/暂缓，本轮继续不进入训练,v1.1 已经人工复核为舍弃/暂缓，本轮继续不进入训练,False,False,False,True,,-13.1427,-13.1449,-13.1417,0.0022000000000002,0.0009999999999994,False,discard_prior_review,继承 v1.3：此前已舍弃/暂缓，不进入当前训练候选,继承 v1.3：此前已舍弃/暂缓，不进入当前训练候选,False,False,False,True,,discard_prior_review,继承 v1.4：此前已舍弃或不适合作为当前主训练候选,继承 v1.4：此前已舍弃或不适合作为当前主训练候选,False,False,False,True,,discard_noncurve_prior_review,非弯道已舍弃或不适合作为当前候选：继承 v1.5,非弯道已舍弃或不适合作为当前候选：继承 v1.5,False,False,False,True,407.965,409.051,车辆响应,False,1.0860000000000127,False,407.051,409.051,409.051,415.051,,ok,curve2,curve2,curve2,curve2,curve2,7,True,curve2,curve2,-2.273577167780383e-13,839.3941562210475,5077.29,-5190.29,839.3941562210475,814.7777900587417,861.0515572459705,low_but_context_usable,-1.77636e-09,1.90067e-09,-1.62698,1.66061,False,model_anchor:curve2:839.4:-0.00000;episode_start:curve2:814.8:0.00000;condition_peak:curve2:839.8:-0.00000;episode_end:curve2:861.1:-0.00000;episode_q25:curve2:826.7:-0.00000;episode_q50:curve2:838.3:-0.00000;episode_q75:curve2:849.6:0.00000,train_curve_coord_valid_normal_or_weak,道路坐标确认在弯道，车辆动态较弱或更像正常过弯，作为弯道普通/弱侧倾训练候选,道路坐标确认在弯道，车辆动态较弱或更像正常过弯，作为弯道普通/弱侧倾训练候选,True,False,False,False,,train_curve_normal_or_weak,弯道普通/弱侧倾训练候选,道路坐标确认在弯道，车辆动态较弱或更像正常过弯；保留为弯道普通/弱侧倾训练候选。,True,False,False,False,0,高度微动正常,True,True,False,
rec_v1_tyy_2025_09_28_14_23_43_0010,tyy,2025_09_28_14_23_43,F:\data_set_process\data_process\01_datasets\数据预处理\原始车辆数据\tyy\Entity_Recording_2025_09_28_14_23_43_vehicle.csv,10,468.33,469.21,0.8799999999999955,468.475,468.47,,468.475,468.945,缺少一方起点,,极强,1,4.0,4.0,0.713380054754074,无明显操作,事件很短,False,True,False,True,1.0,32.09576764705882,0.9652769411764706,0.0940329764705882,0.0378520088235294,0.0124557764705882,0.4402025588235295,1.8000467128043154,0.0,1.2827264705882406,3.4770794117647057,466.33,471.21,,,437.45,-31.32,conservative_extreme,保守/弱操作极限样本,车辆动态强但驾驶员转向不强,车辆状态预测+驾驶员类型分类,,,False,False,保留为主训练候选,用户已初步复核，核心/保守弱操作/次级样本整体可保留,True,False,False,True,0.0624000000000002,0.1000000000003638,0.0017966,0.0113618,3.49764,1.283300000000004,0.0,0.00940473,0.969289,0.0941556,False,False,False,False,False,False,False,train_conservative_extreme,保守/弱操作极限样本，未触发超长或路外恢复风险，保留为训练候选,保守/弱操作极限样本，未触发超长或路外恢复风险，保留为训练候选,True,False,False,False,,True,0.001657378085996,0.0294416756118122,0.0265605462499371,1.0,1.74882,2,0.0324500000000007,1.283300000000004,0.03,0.001337434111468,False,False,True,False,False,train_conservative_extreme,保守/弱操作极限样本，未触发 v1.3 路边/超长风险，保留为训练候选,保守/弱操作极限样本，未触发 v1.3 路边/超长风险，保留为训练候选,True,False,False,False,,-10.9633,-11.0069,-10.9445,0.0435999999999996,0.0188000000000005,False,train_conservative_extreme,继承 v1.3：保守/弱操作极限样本，保留为训练候选,继承 v1.3：保守/弱操作极限样本，保留为训练候选,True,False,False,False,,train_conservative_extreme,继承 v1.4：保守/弱操作极限样本，保留为当前主训练候选,继承 v1.4：保守/弱操作极限样本，保留为当前主训练候选,True,False,False,False,,train_curve_unclear_or_weak,弯道训练候选：高度只存在小波动，侧倾较弱或普通，先纳入候选,弯道训练候选：高度只存在小波动，侧倾较弱或普通，先纳入候选,True,False,False,False,468.33,468.47,车辆响应,False,0.1400000000000432,False,466.47,468.47,468.47,474.47,F:\data_set_process\data_process\05_rebuild_from_raw_20260511\02_samples\record_level_episode_reconstruction_v1_8_anchor_curve_revised\figures\review_panels_v1_8\04_弯道_高度小波动普通或弱侧倾_纳入\1064_rec_v1_tyy_2025_09_28_14_23_43_0010.png,ok,curve2,curve2,curve2,curve2,curve2,7,True,curve2,curve2,2.6938645110883373e-15,179.85273832391547,4408.14,-4383.28,180.03426815462083,179.53654949628788,181.74751221992045,medium,0.00664554,0.00664554,-1.72809,1.73133,True,model_anchor:curve2:179.9:0.00665;episode_start:curve2:179.5:0.00665;condition_peak:curve2:179.9:0.00665;episode_end:curve2:181.7:0.00649;episode_q25:curve2:180.0:0.00649;episode_q50:curve2:180.6:0.00649;episode_q75:curve2:181.1:0.00649,train_curve_coord_valid_normal_or_weak,道路坐标确认在弯道，车辆动态较弱或更像正常过弯，作为弯道普通/弱侧倾训练候选,道路坐标确认在弯道，车辆动态较弱或更像正常过弯，作为弯道普通/弱侧倾训练候选,True,False,False,False,,train_curve_normal_or_weak,弯道普通/弱侧倾训练候选,道路坐标确认在弯道，车辆动态较弱或更像正常过弯；保留为弯道普通/弱侧倾训练候选。,True,False,False,False,0,高度微动正常,True,True,False,
rec_v1_tyy_2025_09_28_14_23_43_0011,tyy,2025_09_28_14_23_43,F:\data_set_process\data_process\01_datasets\数据预处理\原始车辆数据\tyy\Entity_Recording_2025_09_28_14_23_43_vehicle.csv,11,492.71,495.94,3.230000000000018,493.4,493.395,494.02,493.4,494.705,车辆先变化,0.625,极强,4,4.0,4.0,1.428292972888891,方向盘快速操作,正常,True,False,True,True,0.8,96.64846470588236,3.1879647058823526,0.1458414411764705,0.1555411764705882,0.0441557,1.2398151470588237,3.603961245673541,0.0,3.596626470588234,3.456481176470588,490.71,497.94,,,522.605,28.28000000000003,core_extreme,核心极限样本,车辆动态强且驾驶员转向明显,多输出轨迹预测,,,False,False,保留为主训练候选,用户已初步复核，核心/保守弱操作/次级样本整体可保留,True,False,False,True,0.0027999999999988,0.0150000000001,0.00542648,0.0187549,3.49463,3.5992000000000104,0.0,0.0755035,3.18831,0.146138,False,False,False,False,False,False,False,train_target_extreme,核心/次级目标极限事件，未触发超长或路外恢复风险，保留为训练候选,核心/次级目标极限事件，未触发超长或路外恢复风险，保留为训练候选,True,False,False,False,,True,0.002276875502762,0.0147436586917712,0.8131698224153522,0.9288476411446248,1.747315,2,3.026200000000003,3.5992000000000104,0.03,0.0049721230944271,False,False,True,False,False,train_target_extreme,目标极限事件，未触发 v1.3 路边/超长风险，保留为训练候选,目标极限事件，未触发 v1.3 路边/超长风险，保留为训练候选,True,False,False,False,,-13.1416,-13.1442,-13.1414,0.0025999999999992,0.0001999999999995,False,train_target_extreme,继承 v1.3：目标极限事件，保留为训练候选,继承 v1.3：目标极限事件，保留为训练候选,True,False,False,False,,train_target_extreme,继承 v1.4：目标极限事件，保留为当前主训练候选,继承 v1.4：目标极限事件，保留为当前主训练候选,True,False,False,False,,train_noncurve_target_extreme,非弯道主训练候选：继承 v1.5，作为当前主训练集,非弯道主训练候选：继承 v1.5，作为当前主训练集,True,False,False,False,492.71,493.395,车辆响应,False,0.6850000000000023,False,491.395,493.395,493.395,499.395,,ok,curve2,curve2,curve2,curve2,curve2,7,True,curve2,curve2,2.300515812894368e-13,461.8577626964551,4694.48,-4747.44,472.10868318048233,449.99826779778414,504.614777978272,medium,9.50332e-10,9.50332e-10,-1.71046,1.71046,False,model_anchor:curve2:461.9:0.00000;episode_start:curve2:450.0:-0.00000;driver_action:curve2:472.1:0.00000;episode_end:curve2:504.6:-0.00000;episode_q25:curve2:463.9:0.00000;episode_q50:curve2:477.1:0.00000;episode_q75:curve2:490.9:-0.00000,train_curve_coord_valid_normal_or_weak,道路坐标确认在弯道，车辆动态较弱或更像正常过弯，作为弯道普通/弱侧倾训练候选,道路坐标确认在弯道，车辆动态较弱或更像正常过弯，作为弯道普通/弱侧倾训练候选,True,False,False,False,,train_curve_normal_or_weak,弯道普通/弱侧倾训练候选,道路坐标确认在弯道，车辆动态较弱或更像正常过弯；保留为弯道普通/弱侧倾训练候选。,True,False,False,False,0,高度微动正常,True,True,False,
rec_v1_tyy_2025_09_28_14_23_43_0012,tyy,2025_09_28_14_23_43,F:\data_set_process\data_process\01_datasets\数据预处理\原始车辆数据\tyy\Entity_Recording_2025_09_28_14_23_43_vehicle.csv,12,500.095,515.415,15.319999999999936,501.06,500.31,500.2,501.06,509.075,驾驶员先动,-0.1100000000000136,极强,5,4.0,4.0,3.73079776209231,方向盘快速操作,正常,True,False,True,True,0.8,104.97861764705884,7.688312941176471,0.3458704117647059,0.8802966176470589,0.0815834235294117,3.7494708823529415,9.413790311402884,0.0,8.766179411764696,3.440677058823529,498.095,517.415,,,522.605,14.850000000000025,core_extreme,核心极限样本,车辆动态强且驾驶员转向明显,多输出轨迹预测,,,False,False,保留为主训练候选,用户已初步复核，核心/保守弱操作/次级样本整体可保留,True,False,False,True,0.0893999999999994,0.6550000000004275,0.04420322,0.401205,3.49459,8.769499999999994,0.0,0.1624183,8.18714,0.352843,True,False,False,False,False,False,False,review_duration_15_20s,持续时间 15-20 秒，接近或超过常规事件上限，先进入复核而不直接训练,持续时间 15.32 秒，接近或超过常规事件上限，先进入复核而不直接训练,False,True,False,False,,True,0.0892204264500389,0.5204128127588818,0.9979913473158782,0.8756730298580518,1.746945,16,0.0225000000000079,8.769499999999994,0.03,0.0441833772931903,False,False,True,False,False,review_duration_15_20s,持续时间 15-20 秒，先进入复核而不直接训练,持续时间 15.32 秒，先进入复核而不直接训练,False,True,False,False,,-13.1419,-13.1523,-13.0629,0.0104000000000006,0.0789999999999988,False,defer_prior_review,继承 v1.3：仍需要复核或拆分，暂不进入当前训练候选,继承 v1.3：仍需要复核或拆分，暂不进入当前训练候选,False,True,False,False,,defer_prior_review,继承 v1.4：仍需复核或拆分，不进入当前主训练候选,继承 v1.4：仍需复核或拆分，不进入当前主训练候选,False,True,False,False,,defer_noncurve_prior_review,非弯道仍需复核或拆分：继承 v1.5,非弯道仍需复核或拆分：继承 v1.5,False,True,False,False,500.095,500.2,驾驶员动作,False,0.1049999999999613,False,498.2,500.2,500.2,506.2,,ok,curve2,curve2,curve2,curve2,curve2,8,True,curve2,curve2,5.387729022184024e-15,578.7460990399472,4813.03,-4886.99,621.646527185807,576.8425226356094,862.7102630201633,low_but_context_usable,7.76932e-11,1.77636e-09,0.242438,1.63841,False,model_anchor:curve2:578.7:0.00000;episode_start:curve2:576.8:0.00000;vehicle_response:curve2:580.7:-0.00000;condition_peak:curve2:595.3:0.00000;episode_end:curve2:862.7:0.00000;episode_q25:curve2:648.0:-0.00000;episode_q50:curve2:717.4:0.00000;episode_q75:curve2:792.0:-0.00000,train_curve_coord_valid_roll_candidate,道路坐标确认在弯道，且车辆侧倾/横滚/横向动态明显，可作为弯道极限或近极限候选,道路坐标确认在弯道，且车辆侧倾/横滚/横向动态明显，可作为弯道极限或近极限候选,True,False,False,False,,train_curve_roll_dynamic,弯道侧倾/动态训练候选,道路坐标确认在弯道，车辆横滚/横摆/横向动态明显，动态信号数=3。,True,False,False,False,3,高度小幅复核,True,True,False,F:\data_set_process\data_process\05_rebuild_from_raw_20260511\02_samples\record_level_episode_reconstruction_v2_0_no_history_reaudit\figures\review_panels_v2_0\03_弯道训练候选\1066_rec_v1_tyy_2025_09_28_14_23_43_0012.png
rec_v1_tyy_2025_09_28_14_40_01_0004,tyy,2025_09_28_14_40_01,F:\data_set_process\data_process\01_datasets\数据预处理\原始车辆数据\tyy\Entity_Recording_2025_09_28_14_40_01_vehicle.csv,4,125.395,132.08,6.6850000000000165,125.41,125.405,126.485,125.41,129.875,车辆先变化,1.0799999999999983,极强,4,4.0,4.0,2.8338261719138,方向盘快速操作,可能切在事件中段,True,False,True,True,0.8,91.73597205882352,5.861671176470589,0.2409485294117646,0.2786852647058823,0.078988994117647,2.697775882352941,5.999789273350821,0.0,7.062647058823529,3.4729929411764706,123.395,134.08,,,118.4,-10.337500000000006,core_extreme,核心极限样本,车辆动态强且驾驶员转向明显,多输出轨迹预测,,,False,False,保留为主训练候选,用户已初步复核，核心/保守弱操作/次级样本整体可保留,True,False,False,True,0.0061599999999999,0.02035000000002,0.0083933599999999,0.0334782,3.49777,7.066800000000001,0.0,0.1334168,5.90628,0.241012,False,False,False,False,False,False,False,train_target_extreme,核心/次级目标极限事件，未触发超长或路外恢复风险，保留为训练候选,核心/次级目标极限事件，未触发超长或路外恢复风险，保留为训练候选,True,False,False,False,,True,0.0063703618844524,0.019935624168195,1.034149656566968,0.5345794392523364,1.748335,8,3.393749999999997,7.066800000000001,0.03,0.0055886259113354,False,False,True,False,False,train_target_extreme,目标极限事件，未触发 v1.3 路边/超长风险，保留为训练候选,目标极限事件，未触发 v1.3 路边/超长风险，保留为训练候选,True,False,False,False,,-0.14115375,-0.144828,-0.138668,0.0036742499999999,0.00248575,False,train_target_extreme,继承 v1.3：目标极限事件，保留为训练候选,继承 v1.3：目标极限事件，保留为训练候选,True,False,False,False,,train_target_extreme,继承 v1.4：目标极限事件，保留为当前主训练候选,继承 v1.4：目标极限事件，保留为当前主训练候选,True,False,False,False,,train_noncurve_target_extreme,非弯道主训练候选：继承 v1.5，作为当前主训练集,非弯道主训练候选：继承 v1.5，作为当前主训练集,True,False,False,False,125.395,125.405,车辆响应,False,0.0100000000000051,False,123.405,125.405,125.405,131.405,,ok,curve1,curve1,curve1,curve1,curve1,7,True,curve1,curve1,-2.8421709430404014e-14,7.278125921196417,2941.38,7.27422,5.351631100571065,3.573412447710462,7.280071424762208,high,-1.90066e-09,5.76621e-08,-1.22174,1.72234,False,model_anchor:curve1:7.3:-0.00000;driver_action:curve1:6.1:-0.00000;condition_peak:curve1:7.3:0.00000;episode_end:curve1:4.2:0.00000;episode_q25:curve1:5.4:-0.00000;episode_q50:curve1:3.6:0.00000;episode_q75:curve1:3.6:-0.00000,train_curve_coord_valid_roll_candidate,道路坐标确认在弯道，且车辆侧倾/横滚/横向动态明显，可作为弯道极限或近极限候选,道路坐标确认在弯道，且车辆侧倾/横滚/横向动态明显，可作为弯道极限或近极限候选,True,False,False,False,,train_curve_normal_or_weak,弯道普通/弱侧倾训练候选,道路坐标确认在弯道，车辆动态较弱或更像正常过弯；保留为弯道普通/弱侧倾训练候选。,True,False,False,False,1,高度微动正常,True,True,False,
rec_v1_tyy_2025_09_28_14_44_09_0004,tyy,2025_09_28_14_44_09,F:\data_set_process\data_process\01_datasets\数据预处理\原始车辆数据\tyy\Entity_Recording_2025_09_28_14_44_09_vehicle.csv,4,190.266,193.745,3.4790000000000134,191.065,190.595,190.35,191.065,192.181,驾驶员先动,-0.2450000000000045,极强,4,4.0,4.0,1.4628085485532418,方向盘快速操作,正常,True,False,True,True,0.8,86.09898928571428,2.759025238095238,0.1367701428571428,0.1142167857142857,0.0382127476190476,1.3166430714285715,4.415623752838759,0.2229479999999999,15.19844285714288,3.403534523809524,188.266,195.745,,,229.655,37.64950000000002,core_extreme,核心极限样本,车辆动态强且驾驶员转向明显,多输出轨迹预测,,,False,False,保留为主训练候选,用户已初步复核，核心/保守弱操作/次级样本整体可保留,True,False,False,True,0.0068999999999999,0.068000000000552,0.01990538,0.0683705,3.49188,15.20165,0.222948,0.07427,2.7709,0.137126,False,False,False,False,False,False,False,train_target_extreme,核心/次级目标极限事件，未触发超长或路外恢复风险，保留为训练候选,核心/次级目标极限事件，未触发超长或路外恢复风险，保留为训练候选,True,False,False,False,,True,0.0057889185645843,0.067147592628019,0.8389737050122296,0.6549245147375988,1.74594,4,14.797200000000004,15.20165,0.192948,0.0162207346648859,False,False,True,False,False,train_target_extreme,目标极限事件，未触发 v1.3 路边/超长风险，保留为训练候选,目标极限事件，未触发 v1.3 路边/超长风险，保留为训练候选,True,False,False,False,,-6.142035,-6.14864,-6.14174,0.0066050000000004,0.0002949999999994,False,train_target_extreme,继承 v1.3：目标极限事件，保留为训练候选,继承 v1.3：目标极限事件，保留为训练候选,True,False,False,False,,train_target_extreme,继承 v1.4：目标极限事件，保留为当前主训练候选,继承 v1.4：目标极限事件，保留为当前主训练候选,True,False,False,False,,train_noncurve_target_extreme,非弯道主训练候选：继承 v1.5，作为当前主训练集,非弯道主训练候选：继承 v1.5，作为当前主训练集,True,False,False,False,190.266,190.35,驾驶员动作,False,0.0840000000000031,False,188.35,190.35,190.35,196.35,,ok,curve1,curve1,curve1,curve1,curve1,8,True,curve1,curve1,-0.0072980238223155,256.2401354893479,4340.94,177.285,275.56821427446346,254.0482830003571,337.50501148594094,medium,1.7142e-09,1.7142e-09,-1.00883,1.27168,False,model_anchor:curve1:256.2:0.00000;episode_start:curve1:254.0:0.00000;vehicle_response:curve1:262.6:0.00000;condition_peak:curve1:274.7:-0.00000;episode_end:curve1:337.5:0.00000;episode_q25:curve1:276.5:-0.00000;episode_q50:curve1:298.0:-0.00000;episode_q75:curve1:318.2:-0.00000,train_curve_coord_valid_normal_or_weak,道路坐标确认在弯道，车辆动态较弱或更像正常过弯，作为弯道普通/弱侧倾训练候选,道路坐标确认在弯道，车辆动态较弱或更像正常过弯，作为弯道普通/弱侧倾训练候选,True,False,False,False,,train_curve_normal_or_weak,弯道普通/弱侧倾训练候选,道路坐标确认在弯道，车辆动态较弱或更像正常过弯；保留为弯道普通/弱侧倾训练候选。,True,False,False,False,0,高度微动正常,True,True,False,
rec_v1_tyy_2025_09_28_14_57_17_0002,tyy,2025_09_28_14_57_17,F:\data_set_process\data_process\01_datasets\数据预处理\原始车辆数据\tyy\Entity_Recording_2025_09_28_14_57_17_vehicle.csv,2,105.525,116.455,10.929999999999993,110.84,107.135,105.62,110.84,106.775,驾驶员先动,-1.5150000000000006,极强,5,4.0,4.0,2.56855,方向盘快速操作,正常,True,False,True,True,0.8,89.82306176470588,6.2626044117647055,0.2891901470588235,0.7809508823529412,0.0871515647058823,2.5175767941176472,5.043284948096341,0.2868549999999999,34.01031470588235,3.309113529411765,103.525,118.455,curve1|middle_section,弯道路段|连续超车负荷事件段,109.74,-1.2500000000000142,core_extreme,核心极限样本,车辆动态强且驾驶员转向明显,多输出轨迹预测,,,False,False,保留为主训练候选,用户已初步复核，核心/保守弱操作/次级样本整体可保留,True,False,False,True,0.0958505,0.5206499999994456,0.0434,0.302487,3.47645,34.016400000000004,0.2868549999999999,0.1346542,6.26385,0.289365,False,False,False,False,False,False,False,train_target_extreme,核心/次级目标极限事件，未触发超长或路外恢复风险，保留为训练候选,核心/次级目标极限事件，未触发超长或路外恢复风险，保留为训练候选,True,False,False,False,,True,0.0996133961325047,0.5184498564819493,1.0392579708244063,0.5344157329064715,1.738225,8,34.016400000000004,34.016400000000004,0.256855,0.0462039486729969,False,False,True,True,True,defer_roadedge_or_offroad,车速/制动/横向偏移/高度残差组合提示可能是路边恢复或上下马路，暂不进入主训练,车速/制动/横向偏移/高度残差组合提示可能是路边恢复或上下马路，暂不进入主训练,False,True,False,False,,-0.14692275,-0.161559,-0.0657085,0.01463625,0.0812142499999999,False,discard_roadedge_without_large_zdrop,用户复核后抛弃：属于疑似上下马路/路边恢复，但没有明显大幅向下 z_drop，不进入当前训练候选,用户复核后抛弃：属于疑似上下马路/路边恢复，但没有明显大幅向下 z_drop，不进入当前训练候选,False,False,False,True,,discard_prior_review,继承 v1.4：此前已舍弃或不适合作为当前主训练候选,继承 v1.4：此前已舍弃或不适合作为当前主训练候选,False,False,False,True,,discard_curve_height_or_z_abnormal,弯道高度异常：高度明显变高、突变、非平滑，或不像正常下坡弯道,弯道高度异常：高度明显变高、突变、非平滑，或不像正常下坡弯道,False,False,False,True,105.525,105.62,驾驶员动作,False,0.0949999999999988,False,103.62,105.62,105.62,111.62,,ok,middle_section|curve1,section2|curve1,middle_section,section2,curve1,2,True,middle_section,section2,2.775557561562892e-17,2.4304623373786405,2580.83,2.41021,4.092090309423814,2.4304623373786405,8.273849706330013,high,3.81934e-10,1.74528e-09,-0.0847143,1.62276,False,model_anchor:middle_section:2.4:0.00000;episode_start:middle_section:2.4:0.00000;vehicle_response:middle_section:3.2:-0.00000;condition_peak:middle_section:4.1:-0.00000;episode_end:curve1:7.5:0.00000;episode_q25:middle_section:4.1:0.00000;episode_q50:middle_section:4.8:-0.00000;episode_q75:curve1:8.3:0.00000,train_curve_coord_valid_roll_candidate,道路坐标确认在弯道，且车辆侧倾/横滚/横向动态明显，可作为弯道极限或近极限候选,道路坐标确认在弯道，且车辆侧倾/横滚/横向动态明显，可作为弯道极限或近极限候选,True,False,False,False,,train_curve_roll_dynamic,弯道侧倾/动态训练候选,道路坐标确认在弯道，车辆横滚/横摆/横向动态明显，动态信号数=3。,True,False,False,False,3,高度小幅复核,True,True,False,
rec_v1_tyy_2025_09_28_14_57_17_0003,tyy,2025_09_28_14_57_17,F:\data_set_process\data_process\01_datasets\数据预处理\原始车辆数据\tyy\Entity_Recording_2025_09_28_14_57_17_vehicle.csv,3,123.61,125.275,1.6650000000000065,123.78,123.775,,123.78,123.715,缺少一方起点,,极强,1,4.0,4.0,0.9500102941172082,弱操作,坐标风险高,True,False,False,True,0.8,94.00457941176472,1.8183464705882355,0.089663144117647,0.0569084176470588,0.0246179147058823,0.7033572411764706,1.9000205882344163,0.0,1.6844029411764725,3.4517123529411764,121.61,127.275,,,112.805,-11.637499999999989,review,需要复核,窗口/坐标风险,人工复核后再决定,,,False,False,暂不进入训练,用户复核后认为需要复核类基本可舍去，先整体降为舍弃/暂缓,False,False,True,True,0.0018579999999999,0.0162999999999975,0.00255533,0.0362843,3.49404,1.6905499999999876,0.0,0.03483045,1.82875,0.0899173,False,False,False,False,False,False,False,discard_prior_review,v1.1 已经人工复核为舍弃/暂缓，本轮继续不进入训练,v1.1 已经人工复核为舍弃/暂缓，本轮继续不进入训练,False,False,False,True,,True,0.0017898852899284,0.0153795411596963,0.9633397685298868,0.5622188905547226,1.74702,2,0.0249499999999898,1.6905499999999876,0.03,0.0024488024631092,False,False,True,False,False,discard_prior_review,v1.1 已经人工复核为舍弃/暂缓，本轮继续不进入训练,v1.1 已经人工复核为舍弃/暂缓，本轮继续不进入训练,False,False,False,True,,-0.14202825,-0.142473,-0.140615,0.0004447499999999,0.00141325,False,discard_prior_review,继承 v1.3：此前已舍弃/暂缓，不进入当前训练候选,继承 v1.3：此前已舍弃/暂缓，不进入当前训练候选,False,False,False,True,,discard_prior_review,继承 v1.4：此前已舍弃或不适合作为当前主训练候选,继承 v1.4：此前已舍弃或不适合作为当前主训练候选,False,False,False,True,,discard_noncurve_prior_review,非弯道已舍弃或不适合作为当前候选：继承 v1.5,非弯道已舍弃或不适合作为当前候选：继承 v1.5,False,False,False,True,123.61,123.775,车辆响应,False,0.1650000000000062,False,121.775,123.775,123.775,129.775,,ok,curve1,curve1,curve1,curve1,curve1,6,True,curve1,curve1,1.4210854715202004e-14,4.293050449412593,3039.97,4.28962,4.0274536822545794,3.891579852616756,4.516274139786597,high,-8.57101e-10,5.84823e-08,-1.70663,1.70663,False,model_anchor:curve1:4.3:-0.00000;episode_start:curve1:4.5:0.00000;episode_end:curve1:4.0:0.00000;episode_q25:curve1:4.1:0.00000;episode_q50:curve1:3.9:-0.00000;episode_q75:curve1:3.9:-0.00000,train_curve_coord_valid_normal_or_weak,道路坐标确认在弯道，车辆动态较弱或更像正常过弯，作为弯道普通/弱侧倾训练候选,道路坐标确认在弯道，车辆动态较弱或更像正常过弯，作为弯道普通/弱侧倾训练候选,True,False,False,False,,train_curve_normal_or_weak,弯道普通/弱侧倾训练候选,道路坐标确认在弯道，车辆动态较弱或更像正常过弯；保留为弯道普通/弱侧倾训练候选。,True,False,False,False,0,高度微动正常,True,True,False,
rec_v1_tyy_2025_09_28_14_57_17_0005,tyy,2025_09_28_14_57_17,F:\data_set_process\data_process\01_datasets\数据预处理\原始车辆数据\tyy\Entity_Recording_2025_09_28_14_57_17_vehicle.csv,5,183.11,184.49,1.3799999999999957,184.03,183.395,183.325,184.03,183.325,驾驶员先动,-0.0700000000000216,极强,2,4.0,4.0,1.0134699826994054,弱操作,正常,True,False,True,True,0.8,64.9801382352941,1.6319682352941176,0.0942260970588235,0.0702860147058823,0.0241634852941176,0.8067682352941177,2.0269399653988107,0.0,2.05058235294117,2.489655,181.11,186.49,,,194.105,10.304999999999978,conservative_extreme,保守/弱操作极限样本,车辆动态强但驾驶员转向不强,车辆状态预测+驾驶员类型分类,,,False,False,保留为主训练候选,用户已初步复核，核心/保守弱操作/次级样本整体可保留,True,False,False,True,0.00218,0.0109999999999672,0.00498369,0.021833,2.49873,2.054950000000005,0.0,0.03173112,1.63578,0.0944307,False,False,False,False,False,False,False,train_conservative_extreme,保守/弱操作极限样本，未触发超长或路外恢复风险，保留为训练候选,保守/弱操作极限样本，未触发超长或路外恢复风险，保留为训练候选,True,False,False,False,,True,0.0018517510436772,0.0085026530965392,0.8494270842556406,0.6057866184448463,1.249365,2,0.0074499999999986,2.054950000000005,0.03,0.0040504134550103,False,False,True,False,False,train_conservative_extreme,保守/弱操作极限样本，未触发 v1.3 路边/超长风险，保留为训练候选,保守/弱操作极限样本，未触发 v1.3 路边/超长风险，保留为训练候选,True,False,False,False,,-7.14127,-7.14244,-7.14026,0.0011700000000001,0.0010099999999999,False,train_conservative_extreme,继承 v1.3：保守/弱操作极限样本，保留为训练候选,继承 v1.3：保守/弱操作极限样本，保留为训练候选,True,False,False,False,,train_conservative_extreme,继承 v1.4：保守/弱操作极限样本，保留为当前主训练候选,继承 v1.4：保守/弱操作极限样本，保留为当前主训练候选,True,False,False,False,,train_noncurve_target_extreme,非弯道主训练候选：继承 v1.5，作为当前主训练集,非弯道主训练候选：继承 v1.5，作为当前主训练集,True,False,False,False,183.11,183.325,驾驶员动作,False,0.214999999999975,False,181.325,183.325,183.325,189.325,,ok,curve1,curve1,curve1,curve1,curve1,8,True,curve1,curve1,-7.3081629345756e-05,283.54358848459924,4463.93,-174.949,283.8172589210065,283.2833929248377,284.12779370717595,medium,-7.37784e-05,7.77485e-05,0.739841,1.24275,False,model_anchor:curve1:283.5:-0.00007;episode_start:curve1:283.3:-0.00008;vehicle_response:curve1:283.6:-0.00007;condition_peak:curve1:284.0:-0.00006;episode_end:curve1:284.1:-0.00005;episode_q25:curve1:283.7:-0.00007;episode_q50:curve1:284.0:-0.00006;episode_q75:curve1:284.1:-0.00006,train_curve_coord_valid_normal_or_weak,道路坐标确认在弯道，车辆动态较弱或更像正常过弯，作为弯道普通/弱侧倾训练候选,道路坐标确认在弯道，车辆动态较弱或更像正常过弯，作为弯道普通/弱侧倾训练候选,True,False,False,False,,train_curve_normal_or_weak,弯道普通/弱侧倾训练候选,道路坐标确认在弯道，车辆动态较弱或更像正常过弯；保留为弯道普通/弱侧倾训练候选。,True,False,False,False,0,高度微动正常,True,True,False,
rec_v1_yyl_2025_09_28_09_14_23_0003,yyl,2025_09_28_09_14_23,F:\data_set_process\data_process\01_datasets\数据预处理\原始车辆数据\yyl\Entity_Recording_2025_09_28_09_14_23_vehicle.csv,3,125.275,129.31,4.034999999999997,128.625,128.735,125.5,128.79,128.625,驾驶员先动,-3.2350000000000136,中,1,1.3409769859476215,3.0,4.0,方向盘快速操作,正常,True,False,True,False,0.8,9.327502352941178,1.085405294117647,0.1027623823529411,0.1021913117647058,0.0106445294117647,4.058006176470588,19.44027275087079,0.0,0.0957497058823531,2.288605,123.275,131.31,curve1,弯道路段,128.05,0.7575000000000074,secondary,次级训练样本,车辆动态中等且驾驶员有操作,方向盘/车辆联合预测,F:\data_set_process\data_process\05_rebuild_from_raw_20260511\02_samples\record_level_episode_reconstruction_v1_0\figures\review_panels\secondary_次级训练样本\rec_v1_yyl_2025_09_28_09_14_23_0003.png,,True,False,保留为主训练候选,用户已初步复核，核心/保守弱操作/次级样本整体可保留,True,False,False,True,0.008983,0.0054999999999978,0.00119659,0.00306945,2.28966,0.0958849999999991,0.0,0.01939747,1.11521,0.102768,False,False,False,False,False,False,False,train_target_extreme,核心/次级目标极限事件，未触发超长或路外恢复风险，保留为训练候选,核心/次级目标极限事件，未触发超长或路外恢复风险，保留为训练候选,True,False,False,False,,True,0.0020848510686456,0.0035046138500751,0.2320885081426743,0.9956656346749226,0.0027350000000003,0,0.0024749999999986,0.0958849999999991,0.03,0.0003538236713673,False,False,False,False,False,train_target_extreme,目标极限事件，未触发 v1.3 路边/超长风险，保留为训练候选,目标极限事件，未触发 v1.3 路边/超长风险，保留为训练候选,True,False,False,False,,-0.54101975,-0.54895,-0.539967,0.00793025,0.00105275,False,train_target_extreme,继承 v1.3：目标极限事件，保留为训练候选,继承 v1.3：目标极限事件，保留为训练候选,True,False,False,False,,train_target_extreme,继承 v1.4：目标极限事件，保留为当前主训练候选,继承 v1.4：目标极限事件，保留为当前主训练候选,True,False,False,False,,train_curve_unclear_or_weak,弯道训练候选：高度只存在小波动，侧倾较弱或普通，先纳入候选,弯道训练候选：高度只存在小波动，侧倾较弱或普通，先纳入候选,True,False,False,False,125.275,125.5,驾驶员动作,False,0.2249999999999943,False,123.5,125.5,125.5,131.5,,ok,curve1,curve1,curve1,curve1,curve1,9,True,curve1,curve1,-7.105427357601002e-15,15.090533060404054,2831.11,15.0905,16.839029627539322,14.878023548183087,17.160655067487536,high,1.74528e-09,1.74528e-09,6.59487,8.66113,False,model_anchor:curve1:15.1:0.00000;episode_start:curve1:14.9:-0.00000;vehicle_response:curve1:16.9:-0.00000;condition_peak:curve1:16.9:0.00000;vehicle_peak:curve1:17.0:-0.00000;episode_end:curve1:17.2:-0.00000;episode_q25:curve1:15.8:-0.00000;episode_q50:curve1:16.5:-0.00000;episode_q75:curve1:16.8:-0.00000,train_curve_coord_valid_normal_or_weak,道路坐标确认在弯道，车辆动态较弱或更像正常过弯，作为弯道普通/弱侧倾训练候选,道路坐标确认在弯道，车辆动态较弱或更像正常过弯，作为弯道普通/弱侧倾训练候选,True,False,False,False,,train_curve_normal_or_weak,弯道普通/弱侧倾训练候选,道路坐标确认在弯道，车辆动态较弱或更像正常过弯；保留为弯道普通/弱侧倾训练候选。,True,False,False,False,0,高度微动正常,True,True,False,
rec_v1_yyl_2025_09_28_09_14_23_0006,yyl,2025_09_28_09_14_23,F:\data_set_process\data_process\01_datasets\数据预处理\原始车辆数据\yyl\Entity_Recording_2025_09_28_09_14_23_vehicle.csv,6,192.425,193.13,0.7049999999999841,192.44,192.43,,192.44,192.6,缺少一方起点,,极强,1,4.0,4.0,0.886612024221668,弱操作,事件很短,True,False,False,True,0.8,82.79400735294118,1.210645,0.0593817970588235,0.0614665882352941,0.0154184147058823,0.3125730882352941,1.773224048443336,0.0,1.812373529411772,2.477678823529412,190.425,195.13,,,228.155,35.3775,conservative_extreme,保守/弱操作极限样本,车辆动态强但驾驶员转向不强,车辆状态预测+驾驶员类型分类,,,False,False,保留为主训练候选,用户已初步复核，核心/保守弱操作/次级样本整体可保留,True,False,False,True,0.0003519999999999,0.0038000000000035,0.00050975,0.006029,2.4977,1.823900000000009,0.0,0.014671162,1.21282,0.0594765,False,False,False,False,False,False,False,train_conservative_extreme,保守/弱操作极限样本，未触发超长或路外恢复风险，保留为训练候选,保守/弱操作极限样本，未触发超长或路外恢复风险，保留为训练候选,True,False,False,False,,True,0.0003233748032758,0.0030364274472921,0.918678418397483,0.5441696113074205,1.24885,2,0.0533000000000072,1.823900000000009,0.03,0.0005051839435676,False,False,True,False,False,train_conservative_extreme,保守/弱操作极限样本，未触发 v1.3 路边/超长风险，保留为训练候选,保守/弱操作极限样本，未触发 v1.3 路边/超长风险，保留为训练候选,True,False,False,False,,-0.1405,-0.140702,-0.14035,0.0002019999999999,0.00015,False,train_conservative_extreme,继承 v1.3：保守/弱操作极限样本，保留为训练候选,继承 v1.3：保守/弱操作极限样本，保留为训练候选,True,False,False,False,,train_conservative_extreme,继承 v1.4：保守/弱操作极限样本，保留为当前主训练候选,继承 v1.4：保守/弱操作极限样本，保留为当前主训练候选,True,False,False,False,,train_noncurve_target_extreme,非弯道主训练候选：继承 v1.5，作为当前主训练集,非弯道主训练候选：继承 v1.5，作为当前主训练集,True,False,False,False,192.425,192.43,车辆响应,False,0.0049999999999954,False,190.43,192.43,192.43,198.43,,ok,curve1,curve1,curve1,curve1,curve1,7,True,curve1,curve1,0.0,1.3313393543055687,3172.73,1.26612,1.2722572939156032,1.105565471875532,1.3592320461304832,high,-2.8421e-08,3.08815e-08,-1.23024,1.23535,False,model_anchor:curve1:1.3:-0.00000;episode_start:curve1:1.4:0.00000;condition_peak:curve1:1.3:0.00000;episode_end:curve1:1.1:0.00000;episode_q25:curve1:1.3:-0.00000;episode_q50:curve1:1.2:-0.00000;episode_q75:curve1:1.1:-0.00000,train_curve_coord_valid_normal_or_weak,道路坐标确认在弯道，车辆动态较弱或更像正常过弯，作为弯道普通/弱侧倾训练候选,道路坐标确认在弯道，车辆动态较弱或更像正常过弯，作为弯道普通/弱侧倾训练候选,True,False,False,False,,train_curve_normal_or_weak,弯道普通/弱侧倾训练候选,道路坐标确认在弯道，车辆动态较弱或更像正常过弯；保留为弯道普通/弱侧倾训练候选。,True,False,False,False,0,高度微动正常,True,True,False,
rec_v1_yyl_2025_09_28_09_14_23_0016,yyl,2025_09_28_09_14_23,F:\data_set_process\data_process\01_datasets\数据预处理\原始车辆数据\yyl\Entity_Recording_2025_09_28_09_14_23_vehicle.csv,16,516.66,526.235,9.575000000000044,518.01,518.005,520.125,518.01,520.415,车辆先变化,2.1200000000000045,极强,5,4.0,4.0,2.293176038063134,方向盘快速操作,正常,True,False,True,True,0.8,120.7175294117647,6.219601470588235,0.2286648529411764,0.2788119999999999,0.0838373852941176,2.4647341176470587,4.586352076126268,0.0,7.698970588235298,3.397285588235294,514.66,528.235,curve2,弯道路段,520.66,-0.7875000000000227,core_extreme,核心极限样本,车辆动态强且驾驶员转向明显,多输出轨迹预测,,,False,False,保留为主训练候选,用户已初步复核，核心/保守弱操作/次级样本整体可保留,True,False,False,True,0.0092999999999996,0.0250000000003183,0.00808191,0.0298535,3.49133,7.700000000000003,0.0,0.1499303,6.26328,0.228937,False,False,False,False,False,False,False,train_target_extreme,核心/次级目标极限事件，未触发超长或路外恢复风险，保留为训练候选,核心/次级目标极限事件，未触发超长或路外恢复风险，保留为训练候选,True,False,False,False,,True,0.009060615680724,0.0246345277569173,0.9742597506155286,0.8992430174889063,1.74359,8,7.700000000000003,7.700000000000003,0.03,0.0082653647188729,False,False,True,False,False,train_target_extreme,目标极限事件，未触发 v1.3 路边/超长风险，保留为训练候选,目标极限事件，未触发 v1.3 路边/超长风险，保留为训练候选,True,False,False,False,,-13.1444,-13.1456,-13.1363,0.0012000000000007,0.0080999999999988,False,train_target_extreme,继承 v1.3：目标极限事件，保留为训练候选,继承 v1.3：目标极限事件，保留为训练候选,True,False,False,False,,train_target_extreme,继承 v1.4：目标极限事件，保留为当前主训练候选,继承 v1.4：目标极限事件，保留为当前主训练候选,True,False,False,False,,train_curve_unclear_or_weak,弯道训练候选：高度只存在小波动，侧倾较弱或普通，先纳入候选,弯道训练候选：高度只存在小波动，侧倾较弱或普通，先纳入候选,True,False,False,False,516.66,518.005,车辆响应,False,1.3450000000000273,False,516.005,518.005,518.005,524.005,F:\data_set_process\data_process\05_rebuild_from_raw_20260511\02_samples\record_level_episode_reconstruction_v1_8_anchor_curve_revised\figures\review_panels_v1_8\04_弯道_高度小波动普通或弱侧倾_纳入\1160_rec_v1_yyl_2025_09_28_09_14_23_0016.png,ok,curve2,curve2,curve2,curve2,curve2,8,True,curve2,curve2,2.693864511092012e-15,496.48157119619066,4729.59,-4788.27,531.7856127686096,465.4877395643304,672.9286547661623,low_but_context_usable,4.44089e-10,1.85405e-09,1.66201,1.67269,False,model_anchor:curve2:496.5:0.00000;episode_start:curve2:465.5:0.00000;driver_action:curve2:542.8:-0.00000;condition_peak:curve2:496.6:-0.00000;episode_end:curve2:672.9:0.00000;episode_q25:curve2:520.8:-0.00000;episode_q50:curve2:568.8:-0.00000;episode_q75:curve2:622.0:-0.00000,train_curve_coord_valid_roll_candidate,道路坐标确认在弯道，且车辆侧倾/横滚/横向动态明显，可作为弯道极限或近极限候选,道路坐标确认在弯道，且车辆侧倾/横滚/横向动态明显，可作为弯道极限或近极限候选,True,False,False,False,,train_curve_roll_dynamic,弯道侧倾/动态训练候选,道路坐标确认在弯道，车辆横滚/横摆/横向动态明显，动态信号数=2。,True,False,False,False,2,高度微动正常,True,True,False,
rec_v1_yyl_2025_09_28_09_29_01_0002,yyl,2025_09_28_09_29_01,F:\data_set_process\data_process\01_datasets\数据预处理\原始车辆数据\yyl\Entity_Recording_2025_09_28_09_29_01_vehicle.csv,2,104.536,112.356,7.819999999999993,105.62,105.601,105.596,105.62,107.56,驾驶员先动,-0.0049999999999954,极强,5,4.0,4.0,2.246598427843595,方向盘快速操作,正常,True,False,True,True,0.8,122.07727272727271,4.928597575757577,0.1831482727272727,0.2300164545454545,0.0693213984848484,2.0753143939393937,7.518442561980939,0.0,9.927515151515166,3.3177006060606065,102.536,114.356,curve1|middle_section,弯道路段|连续超车负荷事件段,107.92,-0.5259999999999962,core_extreme,核心极限样本,车辆动态强且驾驶员转向明显,多输出轨迹预测,,,False,False,保留为主训练候选,用户已初步复核，核心/保守弱操作/次级样本整体可保留,True,False,False,True,0.0051969999999999,0.029749999999864,0.0062465199999999,0.0216429,3.49022,9.932999999999993,0.0,0.1258837,4.93257,0.18339,False,False,False,False,False,False,False,train_target_extreme,核心/次级目标极限事件，未触发超长或路外恢复风险，保留为训练候选,核心/次级目标极限事件，未触发超长或路外恢复风险，保留为训练候选,True,False,False,False,,True,0.0056436852537799,0.0300358076585579,1.0859505972253338,0.5374040920716112,1.74503,8,9.932999999999993,9.932999999999993,0.03,0.005817445573278,False,False,True,False,False,train_target_extreme,目标极限事件，未触发 v1.3 路边/超长风险，保留为训练候选,目标极限事件，未触发 v1.3 路边/超长风险，保留为训练候选,True,False,False,False,,-0.144519,-0.14536,-0.140163,0.0008409999999999,0.0043559999999999,False,train_target_extreme,继承 v1.3：目标极限事件，保留为训练候选,继承 v1.3：目标极限事件，保留为训练候选,True,False,False,False,,train_target_extreme,继承 v1.4：目标极限事件，保留为当前主训练候选,继承 v1.4：目标极限事件，保留为当前主训练候选,True,False,False,False,,discard_curve_height_or_z_abnormal,弯道高度异常：高度明显变高、突变、非平滑，或不像正常下坡弯道,弯道高度异常：高度明显变高、突变、非平滑，或不像正常下坡弯道,False,False,False,True,104.536,105.596,驾驶员动作,False,1.0600000000000025,False,103.596,105.596,105.596,111.596,,ok,middle_section|curve1,section2|curve1,middle_section,section2,curve1,2,True,middle_section,section2,-9.466330862652144e-30,4.0484097783367385,2631.77,4.04049,4.095364525031824,2.5240013265469035,6.1680294702541705,high,3.10773e-11,8.57101e-10,1.54542,1.60861,False,model_anchor:middle_section:4.0:0.00000;episode_start:middle_section:2.6:-0.00000;condition_peak:middle_section:4.1:-0.00000;episode_end:curve1:4.1:0.00000;episode_q25:middle_section:6.1:0.00000;episode_q50:middle_section:2.5:-0.00000;episode_q75:curve1:6.2:-0.00000,train_curve_coord_valid_normal_or_weak,道路坐标确认在弯道，车辆动态较弱或更像正常过弯，作为弯道普通/弱侧倾训练候选,道路坐标确认在弯道，车辆动态较弱或更像正常过弯，作为弯道普通/弱侧倾训练候选,True,False,False,False,,train_curve_normal_or_weak,弯道普通/弱侧倾训练候选,道路坐标确认在弯道，车辆动态较弱或更像正常过弯；保留为弯道普通/弱侧倾训练候选。,True,False,False,False,0,高度微动正常,True,True,False,
rec_v1_yyl_2025_09_28_09_29_01_0010,yyl,2025_09_28_09_29_01,F:\data_set_process\data_process\01_datasets\数据预处理\原始车辆数据\yyl\Entity_Recording_2025_09_28_09_29_01_vehicle.csv,10,323.741,331.995,8.254000000000019,329.32,324.956,323.771,329.32,327.386,驾驶员先动,-1.1850000000000025,极强,5,4.0,4.0,3.0557118830655448,方向盘快速操作,正常,True,False,True,True,0.8,100.29643181818182,4.085758181818182,0.1691222424242424,0.2609247272727273,0.0568046,1.7516575303030302,10.226213102464763,0.20024,15.779333333333328,3.250685606060606,321.741,333.995,curve2,弯道路段,325.002,-2.865999999999985,core_extreme,核心极限样本,车辆动态强且驾驶员转向明显,多输出轨迹预测,,,False,False,保留为主训练候选,用户已初步复核，核心/保守弱操作/次级样本整体可保留,True,False,False,True,0.0086999999999992,0.0850000000040154,0.02059029,0.0662953,3.48368,15.810099999999991,0.20024,0.1053534,4.10203,0.171105,False,False,False,False,False,False,False,train_target_extreme,核心/次级目标极限事件，未触发超长或路外恢复风险，保留为训练候选,核心/次级目标极限事件，未触发超长或路外恢复风险，保留为训练候选,True,False,False,False,,True,0.007455421236898,0.0855229589897788,0.8569449697584718,0.8873068767040291,1.74184,2,15.810099999999991,15.810099999999991,0.17024,0.0158478105995162,False,False,True,False,False,train_target_extreme,目标极限事件，未触发 v1.3 路边/超长风险，保留为训练候选,目标极限事件，未触发 v1.3 路边/超长风险，保留为训练候选,True,False,False,False,,-13.14785,-13.1489,-13.1402,0.0010499999999993,0.0076499999999999,False,train_target_extreme,继承 v1.3：目标极限事件，保留为训练候选,继承 v1.3：目标极限事件，保留为训练候选,True,False,False,False,,train_target_extreme,继承 v1.4：目标极限事件，保留为当前主训练候选,继承 v1.4：目标极限事件，保留为当前主训练候选,True,False,False,False,,train_curve_unclear_or_weak,弯道训练候选：高度只存在小波动，侧倾较弱或普通，先纳入候选,弯道训练候选：高度只存在小波动，侧倾较弱或普通，先纳入候选,True,False,False,False,323.741,323.771,驾驶员动作,False,0.0300000000000295,False,321.771,323.771,323.771,329.771,F:\data_set_process\data_process\05_rebuild_from_raw_20260511\02_samples\record_level_episode_reconstruction_v1_8_anchor_curve_revised\figures\review_panels_v1_8\04_弯道_高度小波动普通或弱侧倾_纳入\1179_rec_v1_yyl_2025_09_28_09_29_01_0010.png,ok,curve2,curve2,curve2,curve2,curve2,8,True,curve2,curve2,5.387729022184024e-15,467.4246283768136,4700.14,-4755.27,523.3870175588697,466.8429352797061,616.0098190391046,low_but_context_usable,-5.37321e-10,8.57101e-10,0.944207,1.59337,False,model_anchor:curve2:467.4:-0.00000;episode_start:curve2:466.8:0.00000;vehicle_response:curve2:489.1:0.00000;condition_peak:curve2:569.5:0.00000;episode_end:curve2:616.0:0.00000;episode_q25:curve2:504.5:0.00000;episode_q50:curve2:542.3:-0.00000;episode_q75:curve2:581.2:0.00000,train_curve_coord_valid_normal_or_weak,道路坐标确认在弯道，车辆动态较弱或更像正常过弯，作为弯道普通/弱侧倾训练候选,道路坐标确认在弯道，车辆动态较弱或更像正常过弯，作为弯道普通/弱侧倾训练候选,True,False,False,False,,train_curve_normal_or_weak,弯道普通/弱侧倾训练候选,道路坐标确认在弯道，车辆动态较弱或更像正常过弯；保留为弯道普通/弱侧倾训练候选。,True,False,False,False,0,高度微动正常,True,True,False,
rec_v1_yyl_2025_09_28_09_29_01_0011,yyl,2025_09_28_09_29_01,F:\data_set_process\data_process\01_datasets\数据预处理\原始车辆数据\yyl\Entity_Recording_2025_09_28_09_29_01_vehicle.csv,11,333.43,334.05,0.6200000000000045,333.625,333.61,,333.625,333.72,缺少一方起点,,极强,1,4.0,4.0,0.658125748326253,无明显操作,事件很短,True,False,False,True,0.8,98.58350303030304,0.9290215909090912,0.0429545893939393,0.0590278333333333,0.0157690696969696,0.3949362726969697,2.202476675861065,0.0,1.2034848484848624,3.431192272727273,331.43,336.05,,,325.002,-8.738,conservative_extreme,保守/弱操作极限样本,车辆动态强但驾驶员转向不强,车辆状态预测+驾驶员类型分类,,,False,False,保留为主训练候选,用户已初步复核，核心/保守弱操作/次级样本整体可保留,True,False,False,True,0.0004000000000008,0.0425000000021782,0.0004005599999999,0.00427301,3.49549,1.2035999999999945,0.0,0.02548418,0.931334,0.0431916,False,False,False,False,False,False,False,train_conservative_extreme,保守/弱操作极限样本，未触发超长或路外恢复风险，保留为训练候选,保守/弱操作极限样本，未触发超长或路外恢复风险，保留为训练候选,True,False,False,False,,True,0.000211398716031,0.0430906752299224,0.5284967900765468,0.9919354838709676,1.747745,2,0.0330999999999903,1.2035999999999945,0.03,0.0003581763656037,False,False,True,False,False,train_conservative_extreme,保守/弱操作极限样本，未触发 v1.3 路边/超长风险，保留为训练候选,保守/弱操作极限样本，未触发 v1.3 路边/超长风险，保留为训练候选,True,False,False,False,,-13.1413,-13.1415,-13.1411,0.0002000000000013,0.0001999999999995,False,train_conservative_extreme,继承 v1.3：保守/弱操作极限样本，保留为训练候选,继承 v1.3：保守/弱操作极限样本，保留为训练候选,True,False,False,False,,train_conservative_extreme,继承 v1.4：保守/弱操作极限样本，保留为当前主训练候选,继承 v1.4：保守/弱操作极限样本，保留为当前主训练候选,True,False,False,False,,train_noncurve_target_extreme,非弯道主训练候选：继承 v1.5，作为当前主训练集,非弯道主训练候选：继承 v1.5，作为当前主训练集,True,False,False,False,333.43,333.61,车辆响应,False,0.1800000000000068,False,331.61,333.61,333.61,339.61,,ok,curve2,curve2,curve2,curve2,curve2,7,True,curve2,curve2,2.246638522671531e-13,643.92419684377,4879.09,-4961.04,644.170429267328,640.8494989836141,651.4428195705783,low_but_context_usable,7.94946e-10,9.34794e-10,-1.69162,1.70374,False,model_anchor:curve2:643.9:0.00000;episode_start:curve2:640.8:-0.00000;condition_peak:curve2:644.2:0.00000;episode_end:curve2:651.4:0.00000;episode_q25:curve2:643.5:0.00000;episode_q50:curve2:646.1:-0.00000;episode_q75:curve2:648.8:0.00000,train_curve_coord_valid_normal_or_weak,道路坐标确认在弯道，车辆动态较弱或更像正常过弯，作为弯道普通/弱侧倾训练候选,道路坐标确认在弯道，车辆动态较弱或更像正常过弯，作为弯道普通/弱侧倾训练候选,True,False,False,False,,train_curve_normal_or_weak,弯道普通/弱侧倾训练候选,道路坐标确认在弯道，车辆动态较弱或更像正常过弯；保留为弯道普通/弱侧倾训练候选。,True,False,False,False,0,高度微动正常,True,True,False,
rec_v1_yyl_2025_09_28_09_29_01_0012,yyl,2025_09_28_09_29_01,F:\data_set_process\data_process\01_datasets\数据预处理\原始车辆数据\yyl\Entity_Recording_2025_09_28_09_29_01_vehicle.csv,12,337.21,340.875,3.665000000000021,338.131,338.116,339.755,338.131,339.951,车辆先变化,1.63900000000001,极强,4,4.0,4.0,1.4173270000272735,方向盘快速操作,正常,True,False,True,True,0.8,97.72662121212122,3.6703383333333335,0.152061606060606,0.1165271969696969,0.050971106060606,1.2592233484848483,4.743211563393686,0.0,4.6609196969697,3.340552727272727,335.21,342.875,,,325.002,-14.040500000000009,core_extreme,核心极限样本,车辆动态强且驾驶员转向明显,多输出轨迹预测,,,False,False,保留为主训练候选,用户已初步复核，核心/保守弱操作/次级样本整体可保留,True,False,False,True,0.0034000000000009,0.0425000000032014,0.0069196299999999,0.0243218,3.4913100000000004,4.667299999999997,0.0,0.078376,3.67546,0.152386,False,False,False,False,False,False,False,train_target_extreme,核心/次级目标极限事件，未触发超长或路外恢复风险，保留为训练候选,核心/次级目标极限事件，未触发超长或路外恢复风险，保留为训练候选,True,False,False,False,,True,0.002566753765187,0.0431598935362104,0.7549275779959772,0.965893587994543,1.7456550000000002,2,4.667299999999997,4.667299999999997,0.03,0.0054144042614465,False,False,True,False,False,train_target_extreme,目标极限事件，未触发 v1.3 路边/超长风险，保留为训练候选,目标极限事件，未触发 v1.3 路边/超长风险，保留为训练候选,True,False,False,False,,-13.1434,-13.1438,-13.1404,0.0004000000000008,0.0030000000000001,False,train_target_extreme,继承 v1.3：目标极限事件，保留为训练候选,继承 v1.3：目标极限事件，保留为训练候选,True,False,False,False,,train_target_extreme,继承 v1.4：目标极限事件，保留为当前主训练候选,继承 v1.4：目标极限事件，保留为当前主训练候选,True,False,False,False,,train_noncurve_target_extreme,非弯道主训练候选：继承 v1.5，作为当前主训练集,非弯道主训练候选：继承 v1.5，作为当前主训练集,True,False,False,False,337.21,338.116,车辆响应,False,0.906000000000006,False,336.116,338.116,338.116,344.116,,ok,curve2,curve2,curve2,curve2,curve2,7,True,curve2,curve2,-2.693864511092012e-15,724.9484342645552,4961.25,-5056.41,742.8049866137138,708.1380909773964,773.8459011922986,low_but_context_usable,6.21546e-11,9.50332e-10,1.62107,1.6472,False,model_anchor:curve2:724.9:0.00000;episode_start:curve2:708.1:-0.00000;driver_action:curve2:755.5:-0.00000;condition_peak:curve2:725.2:0.00000;episode_end:curve2:773.8:0.00000;episode_q50:curve2:742.8:0.00000;episode_q75:curve2:758.9:-0.00000,train_curve_coord_valid_normal_or_weak,道路坐标确认在弯道，车辆动态较弱或更像正常过弯，作为弯道普通/弱侧倾训练候选,道路坐标确认在弯道，车辆动态较弱或更像正常过弯，作为弯道普通/弱侧倾训练候选,True,False,False,False,,train_curve_normal_or_weak,弯道普通/弱侧倾训练候选,道路坐标确认在弯道，车辆动态较弱或更像正常过弯；保留为弯道普通/弱侧倾训练候选。,True,False,False,False,0,高度微动正常,True,True,False,
rec_v1_yyl_2025_09_28_09_39_01_0002,yyl,2025_09_28_09_39_01,F:\data_set_process\data_process\01_datasets\数据预处理\原始车辆数据\yyl\Entity_Recording_2025_09_28_09_39_01_vehicle.csv,2,101.97,104.795,2.825000000000003,102.913,102.905,,102.913,103.098,缺少一方起点,,极强,2,4.0,4.0,0.8764472585737196,弱操作,正常,True,False,True,True,0.8,99.93687037037036,2.4927607407407404,0.0993284666666666,0.0939147351851851,0.036156924074074,0.8926034444444444,1.7528945171474393,0.0,1.4691407407407269,3.360137222222222,99.97,106.795,curve1,弯道路段,104.305,0.9225000000000136,conservative_extreme,保守/弱操作极限样本,车辆动态强但驾驶员转向不强,车辆状态预测+驾驶员类型分类,,,False,False,保留为主训练候选,用户已初步复核，核心/保守弱操作/次级样本整体可保留,True,False,False,True,0.0021079999999999,0.0054166666666759,0.0042524899999999,0.0183526,3.49074,1.4718000000000018,0.0,0.0560498,2.49851,0.0994748,False,False,False,False,False,False,False,train_conservative_extreme,保守/弱操作极限样本，未触发超长或路外恢复风险，保留为训练候选,保守/弱操作极限样本，未触发超长或路外恢复风险，保留为训练候选,True,False,False,False,,True,0.0015602399821209,0.004671139204386,0.7401517941750763,0.6991150442477876,1.74537,2,1.4718000000000018,1.4718000000000018,0.03,0.002602999809348,False,False,True,False,False,train_conservative_extreme,保守/弱操作极限样本，未触发 v1.3 路边/超长风险，保留为训练候选,保守/弱操作极限样本，未触发 v1.3 路边/超长风险，保留为训练候选,True,False,False,False,,-0.143345,-0.143419,-0.141311,7.399999999999074e-05,0.002034,False,train_conservative_extreme,继承 v1.3：保守/弱操作极限样本，保留为训练候选,继承 v1.3：保守/弱操作极限样本，保留为训练候选,True,False,False,False,,train_conservative_extreme,继承 v1.4：保守/弱操作极限样本，保留为当前主训练候选,继承 v1.4：保守/弱操作极限样本，保留为当前主训练候选,True,False,False,False,,discard_curve_height_or_z_abnormal,弯道高度异常：高度明显变高、突变、非平滑，或不像正常下坡弯道,弯道高度异常：高度明显变高、突变、非平滑，或不像正常下坡弯道,False,False,False,True,101.97,102.905,车辆响应,False,0.9350000000000024,False,100.905,102.905,102.905,108.905,,ok,middle_section|curve1,section2|curve1,middle_section,section2,curve1,1,True,middle_section,section2,8.326672684688674e-17,4.128192355386645,2733.58,4.12771,4.161637736306694,2.877045708926272,6.00616817665147,high,1.55386e-11,9.03717e-10,1.62341,1.64311,False,model_anchor:middle_section:4.1:0.00000;episode_start:middle_section:2.9:0.00000;condition_peak:middle_section:4.2:0.00000;episode_end:curve1:5.9:0.00000;episode_q25:middle_section:3.7:0.00000;episode_q50:middle_section:5.1:0.00000;episode_q75:middle_section:6.0:-0.00000,train_curve_coord_valid_normal_or_weak,道路坐标确认在弯道，车辆动态较弱或更像正常过弯，作为弯道普通/弱侧倾训练候选,道路坐标确认在弯道，车辆动态较弱或更像正常过弯，作为弯道普通/弱侧倾训练候选,True,False,False,False,,train_curve_normal_or_weak,弯道普通/弱侧倾训练候选,道路坐标确认在弯道，车辆动态较弱或更像正常过弯；保留为弯道普通/弱侧倾训练候选。,True,False,False,False,0,高度微动正常,True,True,False,
rec_v1_yyl_2025_09_28_09_39_01_0003,yyl,2025_09_28_09_39_01,F:\data_set_process\data_process\01_datasets\数据预处理\原始车辆数据\yyl\Entity_Recording_2025_09_28_09_39_01_vehicle.csv,3,106.018,110.775,4.757000000000005,107.773,107.765,,107.773,107.103,缺少一方起点,,极强,1,4.0,4.0,0.7299321079100536,无明显操作,坐标风险高,True,False,False,True,0.8,105.80928703703702,2.08225,0.0823411648148148,0.0609006037037037,0.0306491629629629,0.8041957777777777,1.4598642158201072,0.0,6.143685185185177,3.375081481481481,104.018,112.775,curve1,弯道路段,104.305,-4.091499999999996,review,需要复核,窗口/坐标风险,人工复核后再决定,,,False,False,暂不进入训练,用户复核后认为需要复核类基本可舍去，先整体降为舍弃/暂缓,False,False,True,True,0.00092,0.0039000000000015,0.00096346,0.00451434,3.49544,6.145499999999998,0.0,0.0517396,2.08323,0.082523,False,False,False,False,False,False,False,discard_prior_review,v1.1 已经人工复核为舍弃/暂缓，本轮继续不进入训练,v1.1 已经人工复核为舍弃/暂缓，本轮继续不进入训练,False,False,False,True,,True,0.0008475172013935,0.0038157176760409,0.9212143493407964,0.5281135049921177,1.745025,4,0.038499999999999,6.145499999999998,0.03,0.0004595489183315,False,False,True,False,False,discard_prior_review,v1.1 已经人工复核为舍弃/暂缓，本轮继续不进入训练,v1.1 已经人工复核为舍弃/暂缓，本轮继续不进入训练,False,False,False,True,,-0.141793,-0.142207,-0.141287,0.0004139999999999,0.000506,False,discard_prior_review,继承 v1.3：此前已舍弃/暂缓，不进入当前训练候选,继承 v1.3：此前已舍弃/暂缓，不进入当前训练候选,False,False,False,True,,discard_prior_review,继承 v1.4：此前已舍弃或不适合作为当前主训练候选,继承 v1.4：此前已舍弃或不适合作为当前主训练候选,False,False,False,True,,discard_curve_height_or_z_abnormal,弯道高度异常：高度明显变高、突变、非平滑，或不像正常下坡弯道,弯道高度异常：高度明显变高、突变、非平滑，或不像正常下坡弯道,False,False,False,True,106.018,107.765,车辆响应,False,1.747,True,105.765,107.765,107.765,113.765,,ok,curve1,curve1,curve1,curve1,curve1,7,True,curve1,curve1,-2.1316282072803012e-14,4.379209064567792,2870.65,4.35153,4.379209064567792,2.9745520453943457,5.803309107565019,high,8.88178e-10,9.19255e-10,-1.63586,1.6526,False,model_anchor:curve1:4.4:0.00000;episode_start:curve1:5.8:0.00000;condition_peak:curve1:4.3:0.00000;episode_end:curve1:4.4:0.00000;episode_q25:curve1:5.3:-0.00000;episode_q50:curve1:3.4:-0.00000;episode_q75:curve1:3.0:-0.00000,train_curve_coord_valid_normal_or_weak,道路坐标确认在弯道，车辆动态较弱或更像正常过弯，作为弯道普通/弱侧倾训练候选,道路坐标确认在弯道，车辆动态较弱或更像正常过弯，作为弯道普通/弱侧倾训练候选,True,False,False,False,,train_curve_normal_or_weak,弯道普通/弱侧倾训练候选,道路坐标确认在弯道，车辆动态较弱或更像正常过弯；保留为弯道普通/弱侧倾训练候选。,True,False,False,False,0,高度微动正常,True,True,False,
rec_v1_yyl_2025_09_28_09_39_01_0004,yyl,2025_09_28_09_39_01,F:\data_set_process\data_process\01_datasets\数据预处理\原始车辆数据\yyl\Entity_Recording_2025_09_28_09_39_01_vehicle.csv,4,126.09,130.488,4.397999999999996,127.078,127.07,,127.078,127.298,缺少一方起点,,极强,1,4.0,4.0,0.5115195358940701,无明显操作,坐标风险高,True,False,False,True,0.8,130.39152777777775,1.924228148148148,0.0578532851851851,0.0608480759259259,0.0242855518518518,0.6111077592592593,1.02303907178814,0.0,4.021388888888907,3.368139444444444,124.09,132.488,,,139.455,11.166000000000023,review,需要复核,窗口/坐标风险,人工复核后再决定,,,False,False,暂不进入训练,用户复核后认为需要复核类基本可舍去，先整体降为舍弃/暂缓,False,False,True,True,0.0017429999999999,0.0082333333333792,0.00229027,0.0180771,3.48953,4.0175000000000125,0.0,0.0449999,1.94993,0.05793,False,False,False,False,False,False,False,discard_prior_review,v1.1 已经人工复核为舍弃/暂缓，本轮继续不进入训练,v1.1 已经人工复核为舍弃/暂缓，本轮继续不进入训练,False,False,False,True,,True,0.0015746875557389,0.0084257787969911,0.9034352012272154,0.6230812961910176,1.744765,2,0.0075000000000216,4.0175000000000125,0.03,0.001926652951806,False,False,True,False,False,discard_prior_review,v1.1 已经人工复核为舍弃/暂缓，本轮继续不进入训练,v1.1 已经人工复核为舍弃/暂缓，本轮继续不进入训练,False,False,False,True,,-0.143245,-0.143685,-0.141942,0.0004399999999999,0.0013029999999999,False,discard_prior_review,继承 v1.3：此前已舍弃/暂缓，不进入当前训练候选,继承 v1.3：此前已舍弃/暂缓，不进入当前训练候选,False,False,False,True,,discard_prior_review,继承 v1.4：此前已舍弃或不适合作为当前主训练候选,继承 v1.4：此前已舍弃或不适合作为当前主训练候选,False,False,False,True,,discard_noncurve_prior_review,非弯道已舍弃或不适合作为当前候选：继承 v1.5,非弯道已舍弃或不适合作为当前候选：继承 v1.5,False,False,False,True,126.09,127.07,车辆响应,False,0.9799999999999898,False,125.07,127.07,127.07,133.07,,ok,curve1,curve1,curve1,curve1,curve1,7,True,curve1,curve1,7.105427357612311e-15,4.368062085907048,3504.52,4.35164,4.140663861578979,2.3481196816306924,5.520595361700318,high,-8.20175e-10,8.52629e-08,-1.63482,1.65344,False,model_anchor:curve1:4.4:-0.00000;episode_start:curve1:5.5:0.00000;condition_peak:curve1:4.3:-0.00000;episode_end:curve1:3.2:-0.00000;episode_q25:curve1:4.1:-0.00000;episode_q50:curve1:2.3:0.00000;episode_q75:curve1:2.4:-0.00000,train_curve_coord_valid_normal_or_weak,道路坐标确认在弯道，车辆动态较弱或更像正常过弯，作为弯道普通/弱侧倾训练候选,道路坐标确认在弯道，车辆动态较弱或更像正常过弯，作为弯道普通/弱侧倾训练候选,True,False,False,False,,train_curve_normal_or_weak,弯道普通/弱侧倾训练候选,道路坐标确认在弯道，车辆动态较弱或更像正常过弯；保留为弯道普通/弱侧倾训练候选。,True,False,False,False,0,高度微动正常,True,True,False,
rec_v1_yyl_2025_09_28_09_39_01_0006,yyl,2025_09_28_09_39_01,F:\data_set_process\data_process\01_datasets\数据预处理\原始车辆数据\yyl\Entity_Recording_2025_09_28_09_39_01_vehicle.csv,6,163.48,170.873,7.393000000000001,165.795,164.59,165.398,165.795,167.905,车辆先变化,0.8079999999999927,极强,2,4.0,4.0,1.3906142203928424,方向盘快速操作,正常,True,False,True,True,0.8,77.07150185185185,2.162763703703704,0.1127998518518518,0.0912638518518518,0.0307199129629629,1.1654697222222223,2.781228440785685,0.1134596,9.442690740740744,3.4024631481481475,161.48,172.873,,,174.7,7.523500000000013,core_extreme,核心极限样本,车辆动态强且驾驶员转向明显,多输出轨迹预测,,,False,False,保留为主训练候选,用户已初步复核，核心/保守弱操作/次级样本整体可保留,True,False,False,True,0.0059199999999997,0.0151666666665732,0.01330097,0.0252978,3.49354,9.4512,0.1134596,0.0549963,2.16683,0.11302,False,False,False,False,False,False,False,train_target_extreme,核心/次级目标极限事件，未触发超长或路外恢复风险，保留为训练候选,核心/次级目标极限事件，未触发超长或路外恢复风险，保留为训练候选,True,False,False,False,,True,0.003048748710924,0.0158375824031139,0.5149913363047706,0.7423063916131214,1.74677,4,5.936949999999996,9.4512,0.0834596,0.0073147754283863,False,False,True,False,False,train_target_extreme,目标极限事件，未触发 v1.3 路边/超长风险，保留为训练候选,目标极限事件，未触发 v1.3 路边/超长风险，保留为训练候选,True,False,False,False,,-7.14421,-7.1457,-7.13978,0.0014899999999995,0.0044300000000001,False,train_target_extreme,继承 v1.3：目标极限事件，保留为训练候选,继承 v1.3：目标极限事件，保留为训练候选,True,False,False,False,,train_target_extreme,继承 v1.4：目标极限事件，保留为当前主训练候选,继承 v1.4：目标极限事件，保留为当前主训练候选,True,False,False,False,,train_noncurve_target_extreme,非弯道主训练候选：继承 v1.5，作为当前主训练集,非弯道主训练候选：继承 v1.5，作为当前主训练集,True,False,False,False,163.48,164.59,车辆响应,False,1.1100000000000136,False,162.59,164.59,164.59,170.59,,ok,curve1,curve1,curve1,curve1,curve1,8,True,curve1,curve1,-8.687071470345964e-05,274.5337997938784,4454.88,-161.23,277.3484928633301,272.9545719464532,283.0957541032039,medium,8.8754e-05,0.000114144,-0.219015,1.63587,False,model_anchor:curve1:274.5:0.00009;episode_start:curve1:273.0:0.00011;driver_action:curve1:276.8:-0.00007;condition_peak:curve1:277.9:-0.00006;episode_end:curve1:283.1:0.00005;episode_q25:curve1:276.5:-0.00007;episode_q50:curve1:280.4:-0.00003;episode_q75:curve1:281.2:0.00001,train_curve_coord_valid_normal_or_weak,道路坐标确认在弯道，车辆动态较弱或更像正常过弯，作为弯道普通/弱侧倾训练候选,道路坐标确认在弯道，车辆动态较弱或更像正常过弯，作为弯道普通/弱侧倾训练候选,True,False,False,False,,train_curve_normal_or_weak,弯道普通/弱侧倾训练候选,道路坐标确认在弯道，车辆动态较弱或更像正常过弯；保留为弯道普通/弱侧倾训练候选。,True,False,False,False,0,高度微动正常,True,True,False,
rec_v1_yyl_2025_09_28_09_39_01_0013,yyl,2025_09_28_09_39_01,F:\data_set_process\data_process\01_datasets\数据预处理\原始车辆数据\yyl\Entity_Recording_2025_09_28_09_39_01_vehicle.csv,13,323.358,329.295,5.937000000000012,323.373,323.363,,323.373,328.053,缺少一方起点,,极强,2,4.0,4.0,0.7895327389123563,无明显操作,可能切在事件中段,True,False,True,True,0.8,111.26637962962964,2.43299037037037,0.1008334629629629,0.1011735,0.0331512907407407,0.943680074074074,1.5790654778247126,0.0,7.442055555555555,3.443142222222222,321.358,331.295,curve2,弯道路段,322.705,-3.621500000000026,conservative_extreme,保守/弱操作极限样本,车辆动态强但驾驶员转向不强,车辆状态预测+驾驶员类型分类,,,False,False,保留为主训练候选,用户已初步复核，核心/保守弱操作/次级样本整体可保留,True,False,False,True,0.0017999999999993,0.0216666666674427,0.0031990199999999,0.0138401,3.49862,7.441999999999993,0.0,0.0662827,2.43856,0.101274,False,False,False,False,False,False,False,train_conservative_extreme,保守/弱操作极限样本，未触发超长或路外恢复风险，保留为训练候选,保守/弱操作极限样本，未触发超长或路外恢复风险，保留为训练候选,True,False,False,False,,True,0.0020285191071884,0.0217883404108033,1.1269550595495976,0.9663157894736842,1.747745,6,7.441999999999993,7.441999999999993,0.03,0.0033695023084203,False,False,True,False,False,train_conservative_extreme,保守/弱操作极限样本，未触发 v1.3 路边/超长风险，保留为训练候选,保守/弱操作极限样本，未触发 v1.3 路边/超长风险，保留为训练候选,True,False,False,False,,-13.1441,-13.1444,-13.1426,0.0002999999999993,0.0015,False,train_conservative_extreme,继承 v1.3：保守/弱操作极限样本，保留为训练候选,继承 v1.3：保守/弱操作极限样本，保留为训练候选,True,False,False,False,,train_conservative_extreme,继承 v1.4：保守/弱操作极限样本，保留为当前主训练候选,继承 v1.4：保守/弱操作极限样本，保留为当前主训练候选,True,False,False,False,,train_curve_unclear_or_weak,弯道训练候选：高度只存在小波动，侧倾较弱或普通，先纳入候选,弯道训练候选：高度只存在小波动，侧倾较弱或普通，先纳入候选,True,False,False,False,323.358,323.363,车辆响应,False,0.0049999999999954,False,321.363,323.363,323.363,329.363,,ok,curve2,curve2,curve2,curve2,curve2,6,True,curve2,curve2,-2.6938645110883373e-15,478.9886730159576,4711.85,-4767.52,524.9173431120392,478.9886730159576,596.9000750363186,low_but_context_usable,0.0,9.03717e-10,-1.69647,1.70497,False,model_anchor:curve2:479.0:0.00000;condition_peak:curve2:479.2:0.00000;episode_end:curve2:596.9:0.00000;episode_q25:curve2:509.2:0.00000;episode_q50:curve2:540.6:0.00000;episode_q75:curve2:569.3:-0.00000,train_curve_coord_valid_normal_or_weak,道路坐标确认在弯道，车辆动态较弱或更像正常过弯，作为弯道普通/弱侧倾训练候选,道路坐标确认在弯道，车辆动态较弱或更像正常过弯，作为弯道普通/弱侧倾训练候选,True,False,False,False,,train_curve_normal_or_weak,弯道普通/弱侧倾训练候选,道路坐标确认在弯道，车辆动态较弱或更像正常过弯；保留为弯道普通/弱侧倾训练候选。,True,False,False,False,0,高度微动正常,True,True,False,
rec_v1_yyl_2025_09_28_09_39_01_0014,yyl,2025_09_28_09_39_01,F:\data_set_process\data_process\01_datasets\数据预处理\原始车辆数据\yyl\Entity_Recording_2025_09_28_09_39_01_vehicle.csv,14,331.71,333.993,2.2830000000000155,331.723,331.713,,331.723,333.428,缺少一方起点,,极强,2,4.0,4.0,0.6722750482403024,无明显操作,可能切在事件中段,True,False,True,True,0.8,108.72739814814815,2.520264074074074,0.0941573888888888,0.0722854333333333,0.0366257537037037,0.7255755555555554,1.3445500964806048,0.0,1.4980740740740828,3.3918864814814813,329.71,335.993,,,322.705,-10.146500000000003,conservative_extreme,保守/弱操作极限样本,车辆动态强但驾驶员转向不强,车辆状态预测+驾驶员类型分类,,,False,False,保留为主训练候选,用户已初步复核，核心/保守弱操作/次级样本整体可保留,True,False,False,True,0.0030000000000001,0.0216666666674427,0.00494664,0.0186473,3.49142,1.503,0.0,0.0495227,2.52746,0.0945517,False,False,False,False,False,False,False,train_conservative_extreme,保守/弱操作极限样本，未触发超长或路外恢复风险，保留为训练候选,保守/弱操作极限样本，未触发超长或路外恢复风险，保留为训练候选,True,False,False,False,,True,0.002481252492954,0.0224215400348611,0.827084164317991,0.9342825848849944,1.74571,2,0.8319999999999936,1.503,0.03,0.0050249779657406,False,False,True,False,False,train_conservative_extreme,保守/弱操作极限样本，未触发 v1.3 路边/超长风险，保留为训练候选,保守/弱操作极限样本，未触发 v1.3 路边/超长风险，保留为训练候选,True,False,False,False,,-13.1426,-13.1442,-13.1412,0.0015999999999998,0.0014000000000002,False,train_conservative_extreme,继承 v1.3：保守/弱操作极限样本，保留为训练候选,继承 v1.3：保守/弱操作极限样本，保留为训练候选,True,False,False,False,,train_conservative_extreme,继承 v1.4：保守/弱操作极限样本，保留为当前主训练候选,继承 v1.4：保守/弱操作极限样本，保留为当前主训练候选,True,False,False,False,,train_noncurve_target_extreme,非弯道主训练候选：继承 v1.5，作为当前主训练集,非弯道主训练候选：继承 v1.5，作为当前主训练集,True,False,False,False,331.71,331.713,车辆响应,False,0.0030000000000427,False,329.713,331.713,331.713,337.713,,ok,curve2,curve2,curve2,curve2,curve2,6,True,curve2,curve2,2.2735771677803466e-13,644.7398527178322,4879.92,-4962.24,662.2484548350974,644.7398527178322,690.0391285822157,low_but_context_usable,-3.10773e-11,9.50332e-10,1.65303,1.66688,False,model_anchor:curve2:644.7:-0.00000;condition_peak:curve2:645.0:-0.00000;episode_end:curve2:690.0:-0.00000;episode_q25:curve2:656.5:0.00000;episode_q50:curve2:668.0:-0.00000;episode_q75:curve2:679.1:0.00000,train_curve_coord_valid_normal_or_weak,道路坐标确认在弯道，车辆动态较弱或更像正常过弯，作为弯道普通/弱侧倾训练候选,道路坐标确认在弯道，车辆动态较弱或更像正常过弯，作为弯道普通/弱侧倾训练候选,True,False,False,False,,train_curve_normal_or_weak,弯道普通/弱侧倾训练候选,道路坐标确认在弯道，车辆动态较弱或更像正常过弯；保留为弯道普通/弱侧倾训练候选。,True,False,False,False,0,高度微动正常,True,True,False,
rec_v1_yyl_2025_09_28_09_39_01_0015,yyl,2025_09_28_09_39_01,F:\data_set_process\data_process\01_datasets\数据预处理\原始车辆数据\yyl\Entity_Recording_2025_09_28_09_39_01_vehicle.csv,15,340.458,342.855,2.396999999999992,340.47,340.463,,340.47,340.473,缺少一方起点,,极强,1,4.0,4.0,0.3844052160950151,无明显操作,坐标风险高,True,False,False,True,0.8,119.43155555555556,0.9675501111111112,0.0269486648148148,0.0441916129629629,0.0173731555555555,0.2745112075555555,0.7688104321900302,0.0,2.2396296296296185,3.450607407407407,338.458,344.855,,,349.2,7.543499999999938,review,需要复核,窗口/坐标风险,人工复核后再决定,,,False,False,暂不进入训练,用户复核后认为需要复核类基本可舍去，先整体降为舍弃/暂缓,False,False,True,True,0.0004999999999988,0.021666666666988,0.00058997,0.00418346,3.49673,2.2379999999999995,0.0,0.02609799,0.9684825,0.0270095,False,False,False,False,False,False,False,discard_prior_review,v1.1 已经人工复核为舍弃/暂缓，本轮继续不进入训练,v1.1 已经人工复核为舍弃/暂缓，本轮继续不进入训练,False,False,False,True,,True,0.0004746945728779,0.0217798402624255,0.9493891457582084,0.9812304483837332,1.748365,2,0.0259999999999962,2.2379999999999995,0.03,0.0004794258331243,False,False,True,False,False,discard_prior_review,v1.1 已经人工复核为舍弃/暂缓，本轮继续不进入训练,v1.1 已经人工复核为舍弃/暂缓，本轮继续不进入训练,False,False,False,True,,-13.1425,-13.1428,-13.1423,0.0002999999999993,0.0001999999999995,False,discard_prior_review,继承 v1.3：此前已舍弃/暂缓，不进入当前训练候选,继承 v1.3：此前已舍弃/暂缓，不进入当前训练候选,False,False,False,True,,discard_prior_review,继承 v1.4：此前已舍弃或不适合作为当前主训练候选,继承 v1.4：此前已舍弃或不适合作为当前主训练候选,False,False,False,True,,discard_noncurve_prior_review,非弯道已舍弃或不适合作为当前候选：继承 v1.5,非弯道已舍弃或不适合作为当前候选：继承 v1.5,False,False,False,True,340.458,340.463,车辆响应,False,0.0049999999999954,False,338.463,340.463,340.463,346.463,,ok,curve2,curve2,curve2,curve2,curve2,6,True,curve2,curve2,2.693864511092012e-15,821.5516252370317,5059.2,-5169.51,839.9213267362695,821.5516252370317,870.9605335900983,low_but_context_usable,0.0,1.1368e-09,-1.70857,1.7116,False,model_anchor:curve2:821.6:0.00000;condition_peak:curve2:821.7:-0.00000;episode_end:curve2:871.0:0.00000;episode_q25:curve2:833.7:-0.00000;episode_q50:curve2:846.1:0.00000;episode_q75:curve2:858.5:0.00000,train_curve_coord_valid_normal_or_weak,道路坐标确认在弯道，车辆动态较弱或更像正常过弯，作为弯道普通/弱侧倾训练候选,道路坐标确认在弯道，车辆动态较弱或更像正常过弯，作为弯道普通/弱侧倾训练候选,True,False,False,False,,train_curve_normal_or_weak,弯道普通/弱侧倾训练候选,道路坐标确认在弯道，车辆动态较弱或更像正常过弯；保留为弯道普通/弱侧倾训练候选。,True,False,False,False,0,高度微动正常,True,True,False,
rec_v1_yyl_2025_09_28_09_39_01_0016,yyl,2025_09_28_09_39_01,F:\data_set_process\data_process\01_datasets\数据预处理\原始车辆数据\yyl\Entity_Recording_2025_09_28_09_39_01_vehicle.csv,16,346.85,355.793,8.942999999999984,352.845,348.693,348.62,352.845,351.333,驾驶员先动,-0.072999999999979,极强,5,4.0,4.0,2.0453,方向盘快速操作,正常,True,False,True,True,0.8,107.45698148148148,3.7116903703703694,0.1584293518518518,0.1557794074074074,0.0515048074074074,1.6558328148148147,2.6585453543652813,0.23453,21.853148148148136,3.3039927777777773,344.85,357.793,middle_section,连续超车负荷事件段,352.893,1.5714999999999577,core_extreme,核心极限样本,车辆动态强且驾驶员转向明显,多输出轨迹预测,,,False,False,保留为主训练候选,用户已初步复核，核心/保守弱操作/次级样本整体可保留,True,False,False,True,0.008799999999999,0.065000000000964,0.02125592,0.0770733,3.48701,21.857,0.23453,0.0949223,3.71374,0.158792,False,False,False,False,False,False,False,train_target_extreme,核心/次级目标极限事件，未触发超长或路外恢复风险，保留为训练候选,核心/次级目标极限事件，未触发超长或路外恢复风险，保留为训练候选,True,False,False,False,,True,0.0094102539809828,0.0647777218976111,1.069347043293625,0.8730779983226167,1.743505,2,20.713,21.857,0.20453,0.0221902660524062,False,False,True,True,True,defer_roadedge_or_offroad,车速/制动/横向偏移/高度残差组合提示可能是路边恢复或上下马路，暂不进入主训练,车速/制动/横向偏移/高度残差组合提示可能是路边恢复或上下马路，暂不进入主训练,False,True,False,False,,-13.1422,-13.1505,-13.1417,0.0082999999999984,0.0005000000000006,False,discard_roadedge_without_large_zdrop,用户复核后抛弃：属于疑似上下马路/路边恢复，但没有明显大幅向下 z_drop，不进入当前训练候选,用户复核后抛弃：属于疑似上下马路/路边恢复，但没有明显大幅向下 z_drop，不进入当前训练候选,False,False,False,True,,discard_prior_review,继承 v1.4：此前已舍弃或不适合作为当前主训练候选,继承 v1.4：此前已舍弃或不适合作为当前主训练候选,False,False,False,True,,discard_noncurve_prior_review,非弯道已舍弃或不适合作为当前候选：继承 v1.5,非弯道已舍弃或不适合作为当前候选：继承 v1.5,False,False,False,True,346.85,348.62,驾驶员动作,False,1.7699999999999818,True,346.62,348.62,348.62,354.62,,ok,curve2|middle_section,curve2|section5,curve2,curve2,curve2,4,True,curve2,curve2,-0.0004471597312497,996.1836108652028,5236.42,-5376.81,998.239081765532,956.7315940813628,1005.946237659247,low_but_context_usable,-6.21548e-11,9.8141e-10,0.340568,1.60171,False,model_anchor:curve2:996.2:-0.00000;episode_start:curve2:956.7:0.00000;vehicle_response:curve2:997.8:0.00000;condition_peak:middle_section:998.9:-0.00000;episode_end:middle_section:992.3:0.00000;episode_q25:curve2:1005.9:0.00000;episode_q50:middle_section:1000.9:0.00000;episode_q75:middle_section:998.7:-0.00000,train_curve_coord_valid_normal_or_weak,道路坐标确认在弯道，车辆动态较弱或更像正常过弯，作为弯道普通/弱侧倾训练候选,道路坐标确认在弯道，车辆动态较弱或更像正常过弯，作为弯道普通/弱侧倾训练候选,True,False,False,False,,train_curve_normal_or_weak,弯道普通/弱侧倾训练候选,道路坐标确认在弯道，车辆动态较弱或更像正常过弯；保留为弯道普通/弱侧倾训练候选。,True,False,False,False,0,高度微动正常,True,True,False,
rec_v1_yyl_2025_09_28_09_49_11_0002,yyl,2025_09_28_09_49_11,F:\data_set_process\data_process\01_datasets\数据预处理\原始车辆数据\yyl\Entity_Recording_2025_09_28_09_49_11_vehicle.csv,2,90.056,98.76,8.704000000000008,92.23,92.08,92.09,92.23,97.551,车辆先变化,0.0100000000000051,极强,5,4.0,4.0,3.673849873609616,方向盘快速操作,正常,True,False,True,True,0.8,124.7323181818182,5.188618787878788,0.1986471212121212,0.2339039393939394,0.0709498484848484,2.2437048484848487,10.736174988981167,0.0,17.657924242424244,3.2320074242424246,88.056,100.76,curve1,弯道路段,96.305,1.8970000000000056,core_extreme,核心极限样本,车辆动态强且驾驶员转向明显,多输出轨迹预测,,,False,False,保留为主训练候选,用户已初步复核，核心/保守弱操作/次级样本整体可保留,True,False,False,True,0.00544,0.0331500000003606,0.0063053799999999,0.0204085,3.4878,17.662999999999997,0.0,0.1419701,5.32228,0.199383,False,False,False,False,False,False,False,train_target_extreme,核心/次级目标极限事件，未触发超长或路外恢复风险，保留为训练候选,核心/次级目标极限事件，未触发超长或路外恢复风险，保留为训练候选,True,False,False,False,,True,0.0053672169986386,0.0329735080824934,0.9866207718085755,0.5282964665326055,1.74123,6,17.359000000000023,17.662999999999997,0.03,0.007192233515111,False,False,True,False,False,train_target_extreme,目标极限事件，未触发 v1.3 路边/超长风险，保留为训练候选,目标极限事件，未触发 v1.3 路边/超长风险，保留为训练候选,True,False,False,False,,-0.1433105,-0.145722,-0.140282,0.0024114999999999,0.0030285,False,train_target_extreme,继承 v1.3：目标极限事件，保留为训练候选,继承 v1.3：目标极限事件，保留为训练候选,True,False,False,False,,train_target_extreme,继承 v1.4：目标极限事件，保留为当前主训练候选,继承 v1.4：目标极限事件，保留为当前主训练候选,True,False,False,False,,discard_curve_height_or_z_abnormal,弯道高度异常：高度明显变高、突变、非平滑，或不像正常下坡弯道,弯道高度异常：高度明显变高、突变、非平滑，或不像正常下坡弯道,False,False,False,True,90.056,92.08,车辆响应,False,2.024000000000001,True,90.08,92.08,92.08,98.08,,ok,middle_section|curve1,section2|curve1,middle_section,section2,curve1,2,True,middle_section,section2,1.3877787807814457e-17,3.669467917740626,2627.18,3.65397,3.9097789197722,2.640857161069924,6.293176465760524,high,3.10773e-11,9.50332e-10,1.15891,1.59413,False,model_anchor:middle_section:3.7:0.00000;episode_start:middle_section:2.6:-0.00000;driver_action:middle_section:3.7:0.00000;condition_peak:middle_section:4.1:0.00000;episode_end:curve1:6.3:0.00000;episode_q50:middle_section:3.9:-0.00000;episode_q75:curve1:5.1:0.00000,train_curve_coord_valid_roll_candidate,道路坐标确认在弯道，且车辆侧倾/横滚/横向动态明显，可作为弯道极限或近极限候选,道路坐标确认在弯道，且车辆侧倾/横滚/横向动态明显，可作为弯道极限或近极限候选,True,False,False,False,,train_curve_normal_or_weak,弯道普通/弱侧倾训练候选,道路坐标确认在弯道，车辆动态较弱或更像正常过弯；保留为弯道普通/弱侧倾训练候选。,True,False,False,False,1,高度微动正常,True,True,False,
rec_v1_yyl_2025_09_28_09_49_11_0003,yyl,2025_09_28_09_49_11,F:\data_set_process\data_process\01_datasets\数据预处理\原始车辆数据\yyl\Entity_Recording_2025_09_28_09_49_11_vehicle.csv,3,111.215,115.05,3.8349999999999937,113.756,113.741,,113.756,113.811,缺少一方起点,,极强,2,4.0,4.0,0.8461828500121058,弱操作,正常,True,False,True,True,0.8,134.982196969697,2.0800142424242427,0.0689109696969696,0.0826580848484848,0.0267177833333333,0.6122562560606061,2.472819375572047,0.0,3.895727272727271,3.339746515151515,109.215,117.05,,,96.305,-16.827499999999986,conservative_extreme,保守/弱操作极限样本,车辆动态强但驾驶员转向不强,车辆状态预测+驾驶员类型分类,,,False,False,保留为主训练候选,用户已初步复核，核心/保守弱操作/次级样本整体可保留,True,False,False,True,0.0006889999999999,0.0055250000000652,0.00036102,0.00208169,3.48951,3.8959999999999866,0.0,0.0467058,2.08528,0.0691342,False,False,False,False,False,False,False,train_conservative_extreme,保守/弱操作极限样本，未触发超长或路外恢复风险，保留为训练候选,保守/弱操作极限样本，未触发超长或路外恢复风险，保留为训练候选,True,False,False,False,,True,0.000710041150792,0.0055688357308504,1.0305386803950634,0.6492829204693612,1.744755,2,0.0215000000000031,3.8959999999999866,0.03,0.0003007739354893,False,False,True,False,False,train_conservative_extreme,保守/弱操作极限样本，未触发 v1.3 路边/超长风险，保留为训练候选,保守/弱操作极限样本，未触发 v1.3 路边/超长风险，保留为训练候选,True,False,False,False,,-0.14293,-0.143346,-0.142657,0.0004159999999999,0.0002729999999999,False,train_conservative_extreme,继承 v1.3：保守/弱操作极限样本，保留为训练候选,继承 v1.3：保守/弱操作极限样本，保留为训练候选,True,False,False,False,,train_conservative_extreme,继承 v1.4：保守/弱操作极限样本，保留为当前主训练候选,继承 v1.4：保守/弱操作极限样本，保留为当前主训练候选,True,False,False,False,,train_noncurve_target_extreme,非弯道主训练候选：继承 v1.5，作为当前主训练集,非弯道主训练候选：继承 v1.5，作为当前主训练集,True,False,False,False,111.215,113.741,车辆响应,False,2.525999999999996,True,111.741,113.741,113.741,119.741,F:\data_set_process\data_process\05_rebuild_from_raw_20260511\02_samples\record_level_episode_reconstruction_v1_8_anchor_curve_revised\figures\review_panels_v1_8\06_非弯道主训练候选_修正锚点后抽查\1221_rec_v1_yyl_2025_09_28_09_49_11_0003.png,ok,curve1,curve1,curve1,curve1,curve1,7,True,curve1,curve1,0.0,4.3795851209141405,3380.07,4.379,4.3795851209141405,3.0404004879424558,6.140728185896712,high,-5.7252e-08,5.88924e-08,-1.61751,1.6454,False,model_anchor:curve1:4.4:-0.00000;episode_start:curve1:5.8:-0.00000;condition_peak:curve1:4.4:-0.00000;episode_end:curve1:3.0:-0.00000;episode_q25:curve1:6.1:0.00000;episode_q50:curve1:5.4:0.00000;episode_q75:curve1:3.7:0.00000,train_curve_coord_valid_normal_or_weak,道路坐标确认在弯道，车辆动态较弱或更像正常过弯，作为弯道普通/弱侧倾训练候选,道路坐标确认在弯道，车辆动态较弱或更像正常过弯，作为弯道普通/弱侧倾训练候选,True,False,False,False,,train_curve_normal_or_weak,弯道普通/弱侧倾训练候选,道路坐标确认在弯道，车辆动态较弱或更像正常过弯；保留为弯道普通/弱侧倾训练候选。,True,False,False,False,0,高度微动正常,True,True,False,
rec_v1_yyl_2025_09_28_09_49_11_0011,yyl,2025_09_28_09_49_11,F:\data_set_process\data_process\01_datasets\数据预处理\原始车辆数据\yyl\Entity_Recording_2025_09_28_09_49_11_vehicle.csv,11,301.565,310.46,8.894999999999982,303.331,302.341,303.465,303.331,303.626,车辆先变化,1.1239999999999668,极强,5,4.0,4.0,2.320549053287737,方向盘快速操作,正常,True,False,True,True,0.8,114.59598484848485,3.651987424242424,0.1409725606060606,0.1817964848484848,0.0520068969696969,1.5629267727272729,6.781393242433586,0.0,3.563393939393933,3.3459992424242424,299.565,312.46,,,299.355,-6.65749999999997,core_extreme,核心极限样本,车辆动态强且驾驶员转向明显,多输出轨迹预测,,,False,False,保留为主训练候选,用户已初步复核，核心/保守弱操作/次级样本整体可保留,True,False,False,True,0.0039999999999995,0.0425000000025193,0.00581189,0.0212566,3.49384,3.5674999999999955,0.0,0.0993377,3.65803,0.141432,False,False,False,False,False,False,False,train_target_extreme,核心/次级目标极限事件，未触发超长或路外恢复风险，保留为训练候选,核心/次级目标极限事件，未触发超长或路外恢复风险，保留为训练候选,True,False,False,False,,True,0.0037175772665936,0.0426884731577346,0.9293943166485182,0.9426644182124788,1.744965,6,1.4699999999999989,3.5674999999999955,0.03,0.0055068541911723,False,False,True,False,False,train_target_extreme,目标极限事件，未触发 v1.3 路边/超长风险，保留为训练候选,目标极限事件，未触发 v1.3 路边/超长风险，保留为训练候选,True,False,False,False,,-13.1437,-13.1448,-13.1408,0.0010999999999992,0.0029000000000003,False,train_target_extreme,继承 v1.3：目标极限事件，保留为训练候选,继承 v1.3：目标极限事件，保留为训练候选,True,False,False,False,,train_target_extreme,继承 v1.4：目标极限事件，保留为当前主训练候选,继承 v1.4：目标极限事件，保留为当前主训练候选,True,False,False,False,,train_noncurve_target_extreme,非弯道主训练候选：继承 v1.5，作为当前主训练集,非弯道主训练候选：继承 v1.5，作为当前主训练集,True,False,False,False,301.565,302.341,车辆响应,False,0.7760000000000105,False,300.341,302.341,302.341,308.341,,ok,curve2,curve2,curve2,curve2,curve2,8,True,curve2,curve2,0.0,517.6267392117913,4751.04,-4813.87,544.9655747590767,501.55750277045087,686.2119997661842,low_but_context_usable,5.06244e-10,9.03717e-10,1.14958,1.65065,False,model_anchor:curve2:517.6:0.00000;episode_start:curve2:501.6:0.00000;driver_action:curve2:541.3:-0.00000;condition_peak:curve2:538.4:-0.00000;episode_end:curve2:686.2:0.00000;episode_q25:curve2:548.6:-0.00000;episode_q50:curve2:593.6:0.00000;episode_q75:curve2:639.7:0.00000,train_curve_coord_valid_normal_or_weak,道路坐标确认在弯道，车辆动态较弱或更像正常过弯，作为弯道普通/弱侧倾训练候选,道路坐标确认在弯道，车辆动态较弱或更像正常过弯，作为弯道普通/弱侧倾训练候选,True,False,False,False,,train_curve_normal_or_weak,弯道普通/弱侧倾训练候选,道路坐标确认在弯道，车辆动态较弱或更像正常过弯；保留为弯道普通/弱侧倾训练候选。,True,False,False,False,0,高度微动正常,True,True,False,
rec_v1_yyl_2025_09_28_09_49_11_0012,yyl,2025_09_28_09_49_11,F:\data_set_process\data_process\01_datasets\数据预处理\原始车辆数据\yyl\Entity_Recording_2025_09_28_09_49_11_vehicle.csv,12,317.021,317.635,0.6139999999999759,317.496,317.48,,317.496,317.201,缺少一方起点,,极强,1,4.0,4.0,0.3895260866667241,无明显操作,事件很短,True,False,False,True,0.8,126.59426515151516,0.4750308787878788,0.0189951272727272,0.0325066121212121,0.0095481519696969,0.1486123121212121,1.1383209366467917,0.0,0.7450757575757478,3.418033484848485,315.021,319.635,,,325.205,7.8770000000000095,conservative_extreme,保守/弱操作极限样本,车辆动态强但驾驶员转向不强,车辆状态预测+驾驶员类型分类,,,False,False,保留为主训练候选,用户已初步复核，核心/保守弱操作/次级样本整体可保留,True,False,False,True,0.0002999999999993,0.0425000000019508,0.0002182,0.00255603,3.49553,0.7449999999999903,0.0,0.0138143449999999,0.4753389999999999,0.0191584,False,False,False,False,False,False,False,train_conservative_extreme,保守/弱操作极限样本，未触发超长或路外恢复风险，保留为训练候选,保守/弱操作极限样本，未触发超长或路外恢复风险，保留为训练候选,True,False,False,False,,True,0.0002278553082497,0.043054959166458,0.7595176941676325,0.9918367346938776,1.747765,2,0.0300000000000011,0.7449999999999903,0.03,0.0002097030857829,False,False,True,False,False,train_conservative_extreme,保守/弱操作极限样本，未触发 v1.3 路边/超长风险，保留为训练候选,保守/弱操作极限样本，未触发 v1.3 路边/超长风险，保留为训练候选,True,False,False,False,,-13.1425,-13.1427,-13.1424,0.0001999999999995,9.999999999976694e-05,False,train_conservative_extreme,继承 v1.3：保守/弱操作极限样本，保留为训练候选,继承 v1.3：保守/弱操作极限样本，保留为训练候选,True,False,False,False,,train_conservative_extreme,继承 v1.4：保守/弱操作极限样本，保留为当前主训练候选,继承 v1.4：保守/弱操作极限样本，保留为当前主训练候选,True,False,False,False,,train_noncurve_target_extreme,非弯道主训练候选：继承 v1.5，作为当前主训练集,非弯道主训练候选：继承 v1.5，作为当前主训练集,True,False,False,False,317.021,317.48,车辆响应,False,0.4590000000000032,False,315.48,317.48,317.48,323.48,,ok,curve2,curve2,curve2,curve2,curve2,6,True,curve2,curve2,-2.2735771677803466e-13,838.0714107440118,5075.95,-5188.84,836.4307766767723,828.0303352446211,841.4907956681251,low_but_context_usable,1.1368e-09,1.1368e-09,-1.68068,1.69627,False,model_anchor:curve2:838.1:0.00000;episode_start:curve2:828.0:-0.00000;condition_peak:curve2:838.4:0.00000;episode_end:curve2:841.5:0.00000;episode_q25:curve2:831.4:-0.00000;episode_q50:curve2:834.8:-0.00000,train_curve_coord_valid_normal_or_weak,道路坐标确认在弯道，车辆动态较弱或更像正常过弯，作为弯道普通/弱侧倾训练候选,道路坐标确认在弯道，车辆动态较弱或更像正常过弯，作为弯道普通/弱侧倾训练候选,True,False,False,False,,train_curve_normal_or_weak,弯道普通/弱侧倾训练候选,道路坐标确认在弯道，车辆动态较弱或更像正常过弯；保留为弯道普通/弱侧倾训练候选。,True,False,False,False,0,高度微动正常,True,True,False,
rec_v1_yyl_2025_09_28_09_49_11_0013,yyl,2025_09_28_09_49_11,F:\data_set_process\data_process\01_datasets\数据预处理\原始车辆数据\yyl\Entity_Recording_2025_09_28_09_49_11_vehicle.csv,13,322.135,324.85,2.715000000000032,322.355,,322.16,323.715,322.355,缺少一方起点,,弱,0,0.2922929772078322,1.90935,2.5458,制动为主,可能切在事件中段,True,False,False,False,0.8,115.93422727272728,0.6531718030303031,0.0235417969696969,0.0192757727272727,0.009100386060606,0.1521162257575757,0.9243094352604418,0.2139776666666666,24.19127272727272,0.26028339,320.135,326.85,middle_section,连续超车负荷事件段,325.205,1.7124999999999773,review,边界复核样本,强度或语义边界不清,人工复核,,,False,False,暂不进入训练,用户复核后认为需要复核类基本可舍去，先整体降为舍弃/暂缓,False,False,True,True,0.0083000000000001,0.1274999999959618,0.02070139,0.0854311,0.26035268,24.21350000000001,0.2845799999999999,0.01307949,0.656907,0.0235925,False,False,False,False,False,False,False,discard_prior_review,v1.1 已经人工复核为舍弃/暂缓，本轮继续不进入训练,v1.1 已经人工复核为舍弃/暂缓，本轮继续不进入训练,False,False,False,True,,True,0.0085190276744846,0.1280545004369273,1.0263888764439209,0.7974217311233885,0.001196125,0,24.21350000000001,24.21350000000001,0.25458,0.0204729033248693,False,False,False,True,False,discard_prior_review,v1.1 已经人工复核为舍弃/暂缓，本轮继续不进入训练,v1.1 已经人工复核为舍弃/暂缓，本轮继续不进入训练,False,False,False,True,,-13.1498,-13.1532,-13.1449,0.0033999999999991,0.004900000000001,False,discard_prior_review,继承 v1.3：此前已舍弃/暂缓，不进入当前训练候选,继承 v1.3：此前已舍弃/暂缓，不进入当前训练候选,False,False,False,True,,discard_prior_review,继承 v1.4：此前已舍弃或不适合作为当前主训练候选,继承 v1.4：此前已舍弃或不适合作为当前主训练候选,False,False,False,True,,discard_noncurve_prior_review,非弯道已舍弃或不适合作为当前候选：继承 v1.5,非弯道已舍弃或不适合作为当前候选：继承 v1.5,False,False,False,True,322.135,322.16,驾驶员动作,False,0.0250000000000341,False,320.16,322.16,322.16,328.16,,ok,curve2,curve2,curve2,curve2,curve2,8,True,curve2,curve2,-0.0001213181958412,944.252888159872,5183.87,-5316.89,966.1556585142048,943.6740378546388,1000.5142916947974,low_but_context_usable,-1.86464e-10,5.99476e-10,-0.25089,0.25089,False,model_anchor:curve2:944.3:-0.00000;episode_start:curve2:943.7:-0.00000;condition_peak:curve2:948.7:-0.00000;vehicle_peak:curve2:977.9:-0.00000;episode_end:curve2:1000.5:-0.00000;episode_q25:curve2:958.9:-0.00000;episode_q50:curve2:973.4:-0.00000;episode_q75:curve2:987.2:-0.00000,train_curve_coord_valid_normal_or_weak,道路坐标确认在弯道，车辆动态较弱或更像正常过弯，作为弯道普通/弱侧倾训练候选,道路坐标确认在弯道，车辆动态较弱或更像正常过弯，作为弯道普通/弱侧倾训练候选,True,False,False,False,,train_curve_normal_or_weak,弯道普通/弱侧倾训练候选,道路坐标确认在弯道，车辆动态较弱或更像正常过弯；保留为弯道普通/弱侧倾训练候选。,True,False,False,False,0,高度微动正常,True,True,False,
rec_v1_yzy_2025_09_27_14_13_03_0003,yzy,2025_09_27_14_13_03,F:\data_set_process\data_process\01_datasets\数据预处理\原始车辆数据\yzy\Entity_Recording_2025_09_27_14_13_03_vehicle.csv,3,134.915,149.675,14.76000000000002,136.76,135.255,136.16,136.76,137.06,车辆先变化,0.9050000000000012,极强,2,4.0,4.0,2.6045073821692224,方向盘快速操作,正常,True,False,True,True,0.8,103.87598529411764,3.079821764705882,0.1248864411764705,0.1255443823529412,0.0441396647058823,1.2193535588235294,2.844852733566566,0.396923,27.144232352941188,3.437516764705882,132.915,151.675,curve1|middle_section,弯道路段|连续超车负荷事件段,141.6,-0.6950000000000216,core_extreme,核心极限样本,车辆动态强且驾驶员转向明显,多输出轨迹预测,,,False,False,保留为主训练候选,用户已初步复核，核心/保守弱操作/次级样本整体可保留,True,False,False,True,0.0150079999999999,0.0643999999999529,0.03788225,0.114157,3.49533,27.161,0.396923,0.0737859,3.0854,0.124992,False,False,False,False,False,False,False,train_target_extreme,核心/次级目标极限事件，未触发超长或路外恢复风险，保留为训练候选,核心/次级目标极限事件，未触发超长或路外恢复风险，保留为训练候选,True,False,False,False,,True,0.0136004669484309,0.0624404951757327,0.906214482171576,0.5270110076206604,1.746145,8,27.161,27.161,0.366923,0.0350523759287272,False,False,True,True,True,defer_roadedge_or_offroad,车速/制动/横向偏移/高度残差组合提示可能是路边恢复或上下马路，暂不进入主训练,车速/制动/横向偏移/高度残差组合提示可能是路边恢复或上下马路，暂不进入主训练,False,True,False,False,,-0.1459585,-0.154917,-0.139909,0.0089585,0.0060494999999999,False,discard_roadedge_without_large_zdrop,用户复核后抛弃：属于疑似上下马路/路边恢复，但没有明显大幅向下 z_drop，不进入当前训练候选,用户复核后抛弃：属于疑似上下马路/路边恢复，但没有明显大幅向下 z_drop，不进入当前训练候选,False,False,False,True,,discard_prior_review,继承 v1.4：此前已舍弃或不适合作为当前主训练候选,继承 v1.4：此前已舍弃或不适合作为当前主训练候选,False,False,False,True,,discard_curve_height_or_z_abnormal,弯道高度异常：高度明显变高、突变、非平滑，或不像正常下坡弯道,弯道高度异常：高度明显变高、突变、非平滑，或不像正常下坡弯道,False,False,False,True,134.915,135.255,车辆响应,False,0.3400000000000034,False,133.255,135.255,135.255,141.255,,ok,middle_section|curve1,section2|curve1,middle_section,section2,curve1,3,True,middle_section,section2,0.0,2.413701299145796,2587.89,2.38469,3.2530987357638272,2.4005564720592445,5.352970731014796,high,-6.21546e-11,1.82297e-09,-0.110255,1.69204,False,model_anchor:middle_section:2.4:-0.00000;episode_start:middle_section:2.4:0.00000;driver_action:middle_section:3.1:0.00000;condition_peak:middle_section:4.2:-0.00000;episode_end:curve1:4.2:0.00000;episode_q25:middle_section:5.4:-0.00000;episode_q50:curve1:3.1:-0.00000;episode_q75:curve1:3.4:0.00000,train_curve_coord_valid_normal_or_weak,道路坐标确认在弯道，车辆动态较弱或更像正常过弯，作为弯道普通/弱侧倾训练候选,道路坐标确认在弯道，车辆动态较弱或更像正常过弯，作为弯道普通/弱侧倾训练候选,True,False,False,False,,train_curve_normal_or_weak,弯道普通/弱侧倾训练候选,道路坐标确认在弯道，车辆动态较弱或更像正常过弯；保留为弯道普通/弱侧倾训练候选。,True,False,False,False,0,高度微动正常,True,True,False,
rec_v1_yzy_2025_09_27_14_13_03_0011,yzy,2025_09_27_14_13_03,F:\data_set_process\data_process\01_datasets\数据预处理\原始车辆数据\yzy\Entity_Recording_2025_09_27_14_13_03_vehicle.csv,11,379.9,395.895,15.995000000000005,384.4,380.89,379.915,384.4,390.005,驾驶员先动,-0.974999999999966,极强,4,4.0,4.0,2.988648685123825,方向盘快速操作,正常,True,False,True,True,0.8,107.22420588235292,4.661025,0.2171291764705882,0.2712612647058823,0.0633038852941176,2.073188676470588,5.97729737024765,0.3303349411764705,17.756152941176467,3.4392791176470587,377.9,397.895,curve2,弯道路段,378.65,-9.247500000000002,core_extreme,核心极限样本,车辆动态强且驾驶员转向明显,多输出轨迹预测,,,False,False,保留为主训练候选,用户已初步复核，核心/保守弱操作/次级样本整体可保留,True,False,False,True,0.016,0.0600000000001728,0.03100102,0.118293,3.49679,17.75800000000001,0.332685,0.1116458999999999,4.66717,0.217493,True,False,False,False,False,False,False,review_duration_15_20s,持续时间 15-20 秒，接近或超过常规事件上限，先进入复核而不直接训练,持续时间 16.00 秒，接近或超过常规事件上限，先进入复核而不直接训练,False,True,False,False,,True,0.0146041309470614,0.0651327502666869,0.9127581841913424,0.91217377715268,1.74625,8,10.061000000000009,17.75800000000001,0.302685,0.029342949634699,False,False,True,True,False,review_duration_15_20s,持续时间 15-20 秒，先进入复核而不直接训练,持续时间 16.00 秒，先进入复核而不直接训练,False,True,False,False,F:\data_set_process\data_process\05_rebuild_from_raw_20260511\02_samples\record_level_episode_reconstruction_v1_3_cleaned\figures\review_panels_v1_3\03_15到20秒_需要复核\1252_rec_v1_yzy_2025_09_27_14_13_03_0011.png,-13.151325,-13.154,-13.138,0.0026749999999999,0.013325,False,defer_prior_review,继承 v1.3：仍需要复核或拆分，暂不进入当前训练候选,继承 v1.3：仍需要复核或拆分，暂不进入当前训练候选,False,True,False,False,,defer_prior_review,继承 v1.4：仍需复核或拆分，不进入当前主训练候选,继承 v1.4：仍需复核或拆分，不进入当前主训练候选,False,True,False,False,,train_curve_unclear_or_weak,弯道训练候选：高度只存在小波动，侧倾较弱或普通，先纳入候选,弯道训练候选：高度只存在小波动，侧倾较弱或普通，先纳入候选,True,False,False,False,379.9,379.915,驾驶员动作,False,0.0150000000000432,False,377.915,379.915,379.915,385.915,F:\data_set_process\data_process\05_rebuild_from_raw_20260511\02_samples\record_level_episode_reconstruction_v1_8_anchor_curve_revised\figures\review_panels_v1_8\04_弯道_高度小波动普通或弱侧倾_纳入\1252_rec_v1_yzy_2025_09_27_14_13_03_0011.png,ok,curve2,curve2,curve2,curve2,curve2,8,True,curve2,curve2,0.0,477.1271767634539,4710.0,-4768.5,554.8957488663805,476.8312382923129,785.2718781365065,low_but_context_usable,-6.21546e-11,1.01249e-09,-0.242391,1.67421,False,model_anchor:curve2:477.1:-0.00000;episode_start:curve2:476.8:0.00000;vehicle_response:curve2:495.4:0.00000;condition_peak:curve2:560.0:0.00000;episode_end:curve2:785.3:-0.00000;episode_q25:curve2:549.8:-0.00000;episode_q50:curve2:624.6:-0.00000;episode_q75:curve2:705.3:0.00000,train_curve_coord_valid_normal_or_weak,道路坐标确认在弯道，车辆动态较弱或更像正常过弯，作为弯道普通/弱侧倾训练候选,道路坐标确认在弯道，车辆动态较弱或更像正常过弯，作为弯道普通/弱侧倾训练候选,True,False,False,False,,train_curve_normal_or_weak,弯道普通/弱侧倾训练候选,道路坐标确认在弯道，车辆动态较弱或更像正常过弯；保留为弯道普通/弱侧倾训练候选。,True,False,False,False,0,高度微动正常,True,True,False,
rec_v1_yzy_2025_09_27_14_26_04_0004,yzy,2025_09_27_14_26_04,F:\data_set_process\data_process\01_datasets\数据预处理\原始车辆数据\yzy\Entity_Recording_2025_09_27_14_26_04_vehicle.csv,4,132.275,135.488,3.212999999999994,132.98,132.963,133.143,132.98,133.233,车辆先变化,0.1800000000000068,极强,2,4.0,4.0,1.2188290841692295,弱操作,正常,True,False,True,True,0.8,114.6583148148148,3.457615185185185,0.132132574074074,0.1551391111111111,0.0506258814814814,1.4073887037037036,2.807734887974227,0.0,6.149944444444444,3.3499409259259254,130.275,137.488,curve1,弯道路段,130.6,-3.2815000000000225,conservative_extreme,保守/弱操作极限样本,车辆动态强但驾驶员转向不强,车辆状态预测+驾驶员类型分类,,,False,False,保留为主训练候选,用户已初步复核，核心/保守弱操作/次级样本整体可保留,True,False,False,True,0.003153,0.0088833333333084,0.00266154,0.0072831,3.48809,6.149000000000001,0.0,0.0816764,3.4638,0.13236,False,False,False,False,False,False,False,train_conservative_extreme,保守/弱操作极限样本，未触发超长或路外恢复风险，保留为训练候选,保守/弱操作极限样本，未触发超长或路外恢复风险，保留为训练候选,True,False,False,False,,True,0.0025861802951703,0.0088962995913405,0.820228447564328,0.5649805447470817,1.744045,2,0.0609999999999928,6.149000000000001,0.03,0.0016285274069057,False,False,True,False,False,train_conservative_extreme,保守/弱操作极限样本，未触发 v1.3 路边/超长风险，保留为训练候选,保守/弱操作极限样本，未触发 v1.3 路边/超长风险，保留为训练候选,True,False,False,False,,-0.140835,-0.142798,-0.139645,0.001963,0.0011899999999999,False,train_conservative_extreme,继承 v1.3：保守/弱操作极限样本，保留为训练候选,继承 v1.3：保守/弱操作极限样本，保留为训练候选,True,False,False,False,,train_conservative_extreme,继承 v1.4：保守/弱操作极限样本，保留为当前主训练候选,继承 v1.4：保守/弱操作极限样本，保留为当前主训练候选,True,False,False,False,,discard_curve_height_or_z_abnormal,弯道高度异常：高度明显变高、突变、非平滑，或不像正常下坡弯道,弯道高度异常：高度明显变高、突变、非平滑，或不像正常下坡弯道,False,False,False,True,132.275,132.963,车辆响应,False,0.6879999999999882,False,130.963,132.963,132.963,138.963,,ok,curve1,curve1,curve1,curve1,curve1,8,True,curve1,curve1,0.0,4.1564761616987305,2843.6,4.13112,4.453700448669183,3.2859406688446358,6.883323852812884,high,4.75166e-10,9.8141e-10,1.63544,1.66537,False,model_anchor:curve1:4.2:0.00000;episode_start:curve1:3.3:0.00000;driver_action:curve1:4.5:-0.00000;condition_peak:curve1:4.2:0.00000;episode_end:curve1:6.3:-0.00000;episode_q25:curve1:4.4:0.00000;episode_q50:curve1:6.4:-0.00000;episode_q75:curve1:6.9:0.00000,train_curve_coord_valid_normal_or_weak,道路坐标确认在弯道，车辆动态较弱或更像正常过弯，作为弯道普通/弱侧倾训练候选,道路坐标确认在弯道，车辆动态较弱或更像正常过弯，作为弯道普通/弱侧倾训练候选,True,False,False,False,,train_curve_normal_or_weak,弯道普通/弱侧倾训练候选,道路坐标确认在弯道，车辆动态较弱或更像正常过弯；保留为弯道普通/弱侧倾训练候选。,True,False,False,False,0,高度微动正常,True,True,False,
rec_v1_yzy_2025_09_27_14_26_04_0013,yzy,2025_09_27_14_26_04,F:\data_set_process\data_process\01_datasets\数据预处理\原始车辆数据\yzy\Entity_Recording_2025_09_27_14_26_04_vehicle.csv,13,365.11,372.77,7.659999999999968,365.783,365.348,365.265,365.783,368.413,驾驶员先动,-0.0830000000000268,极强,3,4.0,4.0,1.2494289043946951,弱操作,正常,True,False,True,True,0.8,115.30368518518516,4.424135555555555,0.1493938888888888,0.1675468518518518,0.0613279777777777,1.8288043148148148,2.878225643346496,0.0,6.341111111111104,3.4316601851851853,363.11,374.77,,,363.0,-5.939999999999998,conservative_extreme,保守/弱操作极限样本,车辆动态强但驾驶员转向不强,车辆状态预测+驾驶员类型分类,,,False,False,保留为主训练候选,用户已初步复核，核心/保守弱操作/次级样本整体可保留,True,False,False,True,0.0038,0.0216666666678975,0.00555596,0.023757,3.49562,6.346999999999994,0.0,0.1144664,4.42604,0.151933,False,False,False,False,False,False,False,train_conservative_extreme,保守/弱操作极限样本，未触发超长或路外恢复风险，保留为训练候选,保守/弱操作极限样本，未触发超长或路外恢复风险，保留为训练候选,True,False,False,False,,True,0.0037477011706066,0.0217393039305636,0.98623715015964,0.9301566579634464,1.747295,10,5.466499999999996,6.346999999999994,0.03,0.0068479604800472,False,False,True,False,False,train_conservative_extreme,保守/弱操作极限样本，未触发 v1.3 路边/超长风险，保留为训练候选,保守/弱操作极限样本，未触发 v1.3 路边/超长风险，保留为训练候选,True,False,False,False,,-13.1439,-13.1445,-13.1407,0.0006000000000003,0.0031999999999996,False,train_conservative_extreme,继承 v1.3：保守/弱操作极限样本，保留为训练候选,继承 v1.3：保守/弱操作极限样本，保留为训练候选,True,False,False,False,,train_conservative_extreme,继承 v1.4：保守/弱操作极限样本，保留为当前主训练候选,继承 v1.4：保守/弱操作极限样本，保留为当前主训练候选,True,False,False,False,,train_noncurve_target_extreme,非弯道主训练候选：继承 v1.5，作为当前主训练集,非弯道主训练候选：继承 v1.5，作为当前主训练集,True,False,False,False,365.11,365.265,驾驶员动作,False,0.1549999999999727,False,363.265,365.265,365.265,371.265,,ok,curve2,curve2,curve2,curve2,curve2,8,True,curve2,curve2,5.387729022184024e-15,502.4455978607852,4735.65,-4796.34,527.1780075725067,499.0783943344953,657.434570449156,low_but_context_usable,3.10773e-11,8.88178e-10,0.964991,1.70671,False,model_anchor:curve2:502.4:0.00000;episode_start:curve2:499.1:0.00000;vehicle_response:curve2:504.3:0.00000;condition_peak:curve2:513.7:-0.00000;episode_end:curve2:657.4:0.00000;episode_q25:curve2:540.6:-0.00000;episode_q50:curve2:577.8:0.00000;episode_q75:curve2:617.9:-0.00000,train_curve_coord_valid_normal_or_weak,道路坐标确认在弯道，车辆动态较弱或更像正常过弯，作为弯道普通/弱侧倾训练候选,道路坐标确认在弯道，车辆动态较弱或更像正常过弯，作为弯道普通/弱侧倾训练候选,True,False,False,False,,train_curve_normal_or_weak,弯道普通/弱侧倾训练候选,道路坐标确认在弯道，车辆动态较弱或更像正常过弯；保留为弯道普通/弱侧倾训练候选。,True,False,False,False,0,高度微动正常,True,True,False,
rec_v1_yzy_2025_09_27_14_37_08_0002,yzy,2025_09_27_14_37_08,F:\data_set_process\data_process\01_datasets\数据预处理\原始车辆数据\yzy\Entity_Recording_2025_09_27_14_37_08_vehicle.csv,2,136.5,149.97,13.47,137.53,136.76,136.86,137.53,139.445,车辆先变化,0.1000000000000227,极强,5,4.0,4.0,2.13134,方向盘快速操作,正常,True,False,True,True,0.8,110.89611764705882,5.276621470588236,0.2233264411764706,0.318875,0.0725718470588235,2.1009506764705885,4.081898442907809,0.243134,26.361411764705903,3.411125588235294,134.5,151.97,curve1,弯道路段,142.105,-1.130000000000024,core_extreme,核心极限样本,车辆动态强且驾驶员转向明显,多输出轨迹预测,,,False,False,保留为主训练候选,用户已初步复核，核心/保守弱操作/次级样本整体可保留,True,False,False,True,0.011365,0.0522000000000471,0.02427204,0.0993408,3.49443,26.36250000000001,0.243134,0.1403998,5.30611,0.223614,False,False,False,False,False,False,False,train_target_extreme,核心/次级目标极限事件，未触发超长或路外恢复风险，保留为训练候选,核心/次级目标极限事件，未触发超长或路外恢复风险，保留为训练候选,True,False,False,False,,True,0.0107772256461289,0.0535157350016031,0.9482820630117844,0.5212469845982557,1.745425,16,26.36250000000001,26.36250000000001,0.213134,0.0201496824458471,False,False,True,True,False,train_target_extreme,目标极限事件，未触发 v1.3 路边/超长风险，保留为训练候选,目标极限事件，未触发 v1.3 路边/超长风险，保留为训练候选,True,False,False,False,,-0.1446097499999999,-0.150453,-0.139088,0.00584325,0.0055217499999999,False,train_target_extreme,继承 v1.3：目标极限事件，保留为训练候选,继承 v1.3：目标极限事件，保留为训练候选,True,False,False,False,,train_target_extreme,继承 v1.4：目标极限事件，保留为当前主训练候选,继承 v1.4：目标极限事件，保留为当前主训练候选,True,False,False,False,,discard_curve_height_or_z_abnormal,弯道高度异常：高度明显变高、突变、非平滑，或不像正常下坡弯道,弯道高度异常：高度明显变高、突变、非平滑，或不像正常下坡弯道,False,False,False,True,136.5,136.76,车辆响应,False,0.2599999999999909,False,134.76,136.76,136.76,142.76,,ok,middle_section|curve1,section2|curve1,middle_section,section2,curve1,3,True,middle_section,section2,-1.3877787807814457e-17,2.3115902748778487,2597.46,2.31089,3.5709464365188337,2.17323237687415,6.806197872702097,high,4.44089e-10,9.65871e-10,-0.184077,1.62378,False,model_anchor:middle_section:2.3:0.00000;episode_start:middle_section:2.2:0.00000;driver_action:middle_section:2.4:0.00000;condition_peak:middle_section:4.1:0.00000;episode_end:curve1:3.0:0.00000;episode_q25:middle_section:5.7:0.00000;episode_q50:curve1:6.8:0.00000;episode_q75:curve1:6.4:0.00000,train_curve_coord_valid_roll_candidate,道路坐标确认在弯道，且车辆侧倾/横滚/横向动态明显，可作为弯道极限或近极限候选,道路坐标确认在弯道，且车辆侧倾/横滚/横向动态明显，可作为弯道极限或近极限候选,True,False,False,False,,train_curve_normal_or_weak,弯道普通/弱侧倾训练候选,道路坐标确认在弯道，车辆动态较弱或更像正常过弯；保留为弯道普通/弱侧倾训练候选。,True,False,False,False,1,高度微动正常,True,True,False,
rec_v1_yzy_2025_09_27_14_37_08_0003,yzy,2025_09_27_14_37_08,F:\data_set_process\data_process\01_datasets\数据预处理\原始车辆数据\yzy\Entity_Recording_2025_09_27_14_37_08_vehicle.csv,3,152.195,153.325,1.1299999999999957,152.92,152.915,,152.92,152.885,缺少一方起点,,极强,1,4.0,4.0,0.5969752413496594,无明显操作,坐标风险高,True,False,False,True,0.8,120.19335294117649,1.687424411764706,0.0539441882352941,0.06277605,0.0258707294117647,0.4122414117647058,1.1939504826993188,0.0,2.367029411764719,3.462688529411765,150.195,155.325,,,142.105,-10.655,review,需要复核,窗口/坐标风险,人工复核后再决定,,,False,False,暂不进入训练,用户复核后认为需要复核类基本可舍去，先整体降为舍弃/暂缓,False,False,True,True,0.0008379999999999,0.0058500000000041,0.0003250399999999,0.00332483,3.49539,2.379000000000005,0.0,0.02470189,1.68901,0.0539762,False,False,False,False,False,False,False,discard_prior_review,v1.1 已经人工复核为舍弃/暂缓，本轮继续不进入训练,v1.1 已经人工复核为舍弃/暂缓，本轮继续不进入训练,False,False,False,True,,True,0.0006221583528086,0.0054184220272556,0.7424324019197246,0.6225165562913907,1.747695,2,0.0499999999999971,2.379000000000005,0.03,0.0002867089435007,False,False,True,False,False,discard_prior_review,v1.1 已经人工复核为舍弃/暂缓，本轮继续不进入训练,v1.1 已经人工复核为舍弃/暂缓，本轮继续不进入训练,False,False,False,True,,-0.1414065,-0.142055,-0.141217,0.0006484999999999,0.0001894999999999,False,discard_prior_review,继承 v1.3：此前已舍弃/暂缓，不进入当前训练候选,继承 v1.3：此前已舍弃/暂缓，不进入当前训练候选,False,False,False,True,,discard_prior_review,继承 v1.4：此前已舍弃或不适合作为当前主训练候选,继承 v1.4：此前已舍弃或不适合作为当前主训练候选,False,False,False,True,,discard_noncurve_prior_review,非弯道已舍弃或不适合作为当前候选：继承 v1.5,非弯道已舍弃或不适合作为当前候选：继承 v1.5,False,False,False,True,152.195,152.915,车辆响应,False,0.7199999999999989,False,150.915,152.915,152.915,158.915,,ok,curve1,curve1,curve1,curve1,curve1,6,True,curve1,curve1,-1.4210854715202004e-14,4.2871810373678905,3106.87,4.27857,4.34651038567366,3.911201164521392,4.481082249332534,high,8.20175e-10,5.76621e-08,-1.71775,1.71775,False,model_anchor:curve1:4.3:0.00000;episode_start:curve1:4.5:0.00000;episode_end:curve1:3.9:0.00000;episode_q25:curve1:4.5:-0.00000;episode_q50:curve1:4.4:-0.00000;episode_q75:curve1:4.2:-0.00000,train_curve_coord_valid_normal_or_weak,道路坐标确认在弯道，车辆动态较弱或更像正常过弯，作为弯道普通/弱侧倾训练候选,道路坐标确认在弯道，车辆动态较弱或更像正常过弯，作为弯道普通/弱侧倾训练候选,True,False,False,False,,train_curve_normal_or_weak,弯道普通/弱侧倾训练候选,道路坐标确认在弯道，车辆动态较弱或更像正常过弯；保留为弯道普通/弱侧倾训练候选。,True,False,False,False,0,高度微动正常,True,True,False,
rec_v1_yzy_2025_09_27_14_37_08_0004,yzy,2025_09_27_14_37_08,F:\data_set_process\data_process\01_datasets\数据预处理\原始车辆数据\yzy\Entity_Recording_2025_09_27_14_37_08_vehicle.csv,4,168.16,169.4,1.240000000000009,168.965,168.96,,168.965,168.295,缺少一方起点,,极强,1,4.0,4.0,0.5848244117648674,无明显操作,坐标风险高,True,False,False,True,0.8,133.1520294117647,1.597891176470588,0.0555700323529411,0.075001994117647,0.0240012588235294,0.3762514999999999,1.1696488235297349,0.0,0.122558823529431,3.488788235294118,166.16,171.4,,,177.205,8.425000000000011,review,需要复核,窗口/坐标风险,人工复核后再决定,,,False,False,暂不进入训练,用户复核后认为需要复核类基本可舍去，先整体降为舍弃/暂缓,False,False,True,True,0.000646,0.0025499999999976,0.0003385899999999,0.00313211,3.49886,0.1225000000000022,0.0,0.0380887,1.59857,0.0556209,False,False,False,False,False,False,False,discard_prior_review,v1.1 已经人工复核为舍弃/暂缓，本轮继续不进入训练,v1.1 已经人工复核为舍弃/暂缓，本轮继续不进入训练,False,False,False,True,,True,0.0005668472825496,0.0026424604741555,0.8774725736061982,0.6800804828973843,1.749425,4,0.0024999999999977,0.1225000000000022,0.03,0.000333880311848,False,False,True,False,False,discard_prior_review,v1.1 已经人工复核为舍弃/暂缓，本轮继续不进入训练,v1.1 已经人工复核为舍弃/暂缓，本轮继续不进入训练,False,False,False,True,,-0.143786,-0.143991,-0.143345,0.000205,0.0004409999999999,False,discard_prior_review,继承 v1.3：此前已舍弃/暂缓，不进入当前训练候选,继承 v1.3：此前已舍弃/暂缓，不进入当前训练候选,False,False,False,True,,discard_prior_review,继承 v1.4：此前已舍弃或不适合作为当前主训练候选,继承 v1.4：此前已舍弃或不适合作为当前主训练候选,False,False,False,True,,discard_noncurve_prior_review,非弯道已舍弃或不适合作为当前候选：继承 v1.5,非弯道已舍弃或不适合作为当前候选：继承 v1.5,False,False,False,True,168.16,168.96,车辆响应,False,0.8000000000000114,False,166.96,168.96,168.96,174.96,,ok,curve1,curve1,curve1,curve1,curve1,6,True,curve1,curve1,-1.4210854715202004e-14,4.236135764157516,3689.06,4.23535,4.1954627181355,3.6338713494243886,4.27342953144746,high,-2.94462e-08,2.94462e-08,1.73862,1.73862,False,model_anchor:curve1:4.2:-0.00000;episode_start:curve1:3.6:0.00000;episode_end:curve1:4.2:-0.00000;episode_q25:curve1:3.9:-0.00000;episode_q50:curve1:4.2:0.00000;episode_q75:curve1:4.3:-0.00000,train_curve_coord_valid_normal_or_weak,道路坐标确认在弯道，车辆动态较弱或更像正常过弯，作为弯道普通/弱侧倾训练候选,道路坐标确认在弯道，车辆动态较弱或更像正常过弯，作为弯道普通/弱侧倾训练候选,True,False,False,False,,train_curve_normal_or_weak,弯道普通/弱侧倾训练候选,道路坐标确认在弯道，车辆动态较弱或更像正常过弯；保留为弯道普通/弱侧倾训练候选。,True,False,False,False,0,高度微动正常,True,True,False,
rec_v1_yzy_2025_09_27_14_37_08_0013,yzy,2025_09_27_14_37_08,F:\data_set_process\data_process\01_datasets\数据预处理\原始车辆数据\yzy\Entity_Recording_2025_09_27_14_37_08_vehicle.csv,13,351.01,357.025,6.014999999999986,351.955,351.33,354.26,351.955,354.385,车辆先变化,2.930000000000007,极强,4,4.0,4.0,1.3179033044985815,方向盘快速操作,正常,True,False,True,True,0.8,115.9346176470588,4.696928235294117,0.1666537352941176,0.1600786176470588,0.0652240647058823,2.1796297647058824,2.6358066089971635,0.0971211,10.4105294117647,3.39842294117647,349.01,359.025,curve2,弯道路段,350.252,-3.765499999999975,core_extreme,核心极限样本,车辆动态强且驾驶员转向明显,多输出轨迹预测,,,False,False,保留为主训练候选,用户已初步复核，核心/保守弱操作/次级样本整体可保留,True,False,False,True,0.0068000000000001,0.0250000000003183,0.01139607,0.0299525,3.48963,10.412000000000006,0.0971211,0.1257918,4.70062,0.166766,False,False,False,False,False,False,False,train_target_extreme,核心/次级目标极限事件，未触发超长或路外恢复风险，保留为训练候选,核心/次级目标极限事件，未触发超长或路外恢复风险，保留为训练候选,True,False,False,False,,True,0.0058917828235891,0.0256395895610117,0.8664386505278039,0.9160781055255504,1.743735,6,10.412000000000006,10.412000000000006,0.0671211,0.0090172959231385,False,False,True,False,False,train_target_extreme,目标极限事件，未触发 v1.3 路边/超长风险，保留为训练候选,目标极限事件，未触发 v1.3 路边/超长风险，保留为训练候选,True,False,False,False,,-13.1443,-13.1454,-13.1386,0.0011000000000009,0.0056999999999991,False,train_target_extreme,继承 v1.3：目标极限事件，保留为训练候选,继承 v1.3：目标极限事件，保留为训练候选,True,False,False,False,,train_target_extreme,继承 v1.4：目标极限事件，保留为当前主训练候选,继承 v1.4：目标极限事件，保留为当前主训练候选,True,False,False,False,,train_curve_unclear_or_weak,弯道训练候选：高度只存在小波动，侧倾较弱或普通，先纳入候选,弯道训练候选：高度只存在小波动，侧倾较弱或普通，先纳入候选,True,False,False,False,351.01,351.33,车辆响应,False,0.3199999999999932,False,349.33,351.33,351.33,357.33,F:\data_set_process\data_process\05_rebuild_from_raw_20260511\02_samples\record_level_episode_reconstruction_v1_8_anchor_curve_revised\figures\review_panels_v1_8\04_弯道_高度小波动普通或弱侧倾_纳入\1307_rec_v1_yzy_2025_09_27_14_37_08_0013.png,ok,curve2,curve2,curve2,curve2,curve2,8,True,curve2,curve2,-2.219699877558507e-13,490.8718952123592,4723.92,-4783.21,534.1908564228421,483.7386376509239,609.7324860951652,low_but_context_usable,-3.10773e-11,1.83851e-09,0.672065,1.66541,False,model_anchor:curve2:490.9:-0.00000;episode_start:curve2:483.7:0.00000;driver_action:curve2:554.6:-0.00000;condition_peak:curve2:505.2:-0.00000;episode_end:curve2:609.7:0.00000;episode_q25:curve2:518.3:-0.00000;episode_q50:curve2:550.1:0.00000;episode_q75:curve2:577.3:0.00000,train_curve_coord_valid_normal_or_weak,道路坐标确认在弯道，车辆动态较弱或更像正常过弯，作为弯道普通/弱侧倾训练候选,道路坐标确认在弯道，车辆动态较弱或更像正常过弯，作为弯道普通/弱侧倾训练候选,True,False,False,False,,train_curve_normal_or_weak,弯道普通/弱侧倾训练候选,道路坐标确认在弯道，车辆动态较弱或更像正常过弯；保留为弯道普通/弱侧倾训练候选。,True,False,False,False,0,高度微动正常,True,True,False,
rec_v1_yzy_2025_09_27_14_37_08_0014,yzy,2025_09_27_14_37_08,F:\data_set_process\data_process\01_datasets\数据预处理\原始车辆数据\yzy\Entity_Recording_2025_09_27_14_37_08_vehicle.csv,14,362.07,362.675,0.6050000000000182,362.08,362.075,,362.08,362.07,缺少一方起点,,极强,1,4.0,4.0,0.3,无明显操作,事件很短,True,False,False,True,0.8,120.12638235294116,0.8457047058823529,0.0295360911764705,0.0339852970588235,0.0104505352941176,0.1055514705882352,0.4588212802771958,0.0,0.1186764705882268,3.440463823529412,360.07,364.675,,,350.252,-12.120499999999993,conservative_extreme,保守/弱操作极限样本,车辆动态强但驾驶员转向不强,车辆状态预测+驾驶员类型分类,,,False,False,保留为主训练候选,用户已初步复核，核心/保守弱操作/次级样本整体可保留,True,False,False,True,0.0002999999999993,0.0099999999999909,0.0002224899999999,0.00203672,3.4938700000000003,0.1200000000000045,0.0,0.0145835799999999,0.846156,0.0295617,False,False,False,False,False,False,False,train_conservative_extreme,保守/弱操作极限样本，未触发超长或路外恢复风险，保留为训练候选,保守/弱操作极限样本，未触发超长或路外恢复风险，保留为训练候选,True,False,False,False,,True,0.0003372505543239,0.0101552106430794,1.124168514415912,0.9835390946502056,1.746935,2,0.0060000000000002,0.1200000000000045,0.03,0.0001447554791141,False,False,True,False,False,train_conservative_extreme,保守/弱操作极限样本，未触发 v1.3 路边/超长风险，保留为训练候选,保守/弱操作极限样本，未触发 v1.3 路边/超长风险，保留为训练候选,True,False,False,False,,-13.1433,-13.1435,-13.1432,0.0001999999999995,9.999999999976694e-05,False,train_conservative_extreme,继承 v1.3：保守/弱操作极限样本，保留为训练候选,继承 v1.3：保守/弱操作极限样本，保留为训练候选,True,False,False,False,,train_conservative_extreme,继承 v1.4：保守/弱操作极限样本，保留为当前主训练候选,继承 v1.4：保守/弱操作极限样本，保留为当前主训练候选,True,False,False,False,,train_noncurve_target_extreme,非弯道主训练候选：继承 v1.5，作为当前主训练集,非弯道主训练候选：继承 v1.5，作为当前主训练集,True,False,False,False,362.07,362.075,车辆响应,False,0.0049999999999954,False,360.075,362.075,362.075,368.075,,ok,curve2,curve2,curve2,curve2,curve2,6,True,curve2,curve2,2.693864511092012e-15,716.4604305753592,4952.64,-5046.17,721.0214059358852,716.3619237039621,728.8046677016657,low_but_context_usable,9.50332e-10,9.50332e-10,-1.7021,1.7021,False,model_anchor:curve2:716.5:0.00000;episode_start:curve2:716.4:0.00000;episode_end:curve2:728.8:-0.00000;episode_q25:curve2:719.4:-0.00000;episode_q50:curve2:722.6:0.00000;episode_q75:curve2:725.7:-0.00000,train_curve_coord_valid_normal_or_weak,道路坐标确认在弯道，车辆动态较弱或更像正常过弯，作为弯道普通/弱侧倾训练候选,道路坐标确认在弯道，车辆动态较弱或更像正常过弯，作为弯道普通/弱侧倾训练候选,True,False,False,False,,train_curve_normal_or_weak,弯道普通/弱侧倾训练候选,道路坐标确认在弯道，车辆动态较弱或更像正常过弯；保留为弯道普通/弱侧倾训练候选。,True,False,False,False,0,高度微动正常,True,True,False,
rec_v1_yzy_2025_09_27_15_07_57_0001,yzy,2025_09_27_15_07_57,F:\data_set_process\data_process\01_datasets\数据预处理\原始车辆数据\yzy\Entity_Recording_2025_09_27_15_07_57_vehicle.csv,1,88.24,99.164,10.924000000000008,89.229,88.514,89.14,89.229,94.094,车辆先变化,0.6260000000000048,极强,5,4.0,4.0,3.823364127267468,方向盘快速操作,正常,True,False,True,True,0.8,114.01199242424244,6.113892575757577,0.2959749848484849,0.4705262878787879,0.0962216151515151,2.241770287878788,11.324896556472536,0.2891300000000001,26.309651515151515,3.295262272727273,86.24,101.164,curve1|middle_section,弯道路段|连续超车负荷事件段,93.405,-0.296999999999997,core_extreme,核心极限样本,车辆动态强且驾驶员转向明显,多输出轨迹预测,,,False,False,保留为主训练候选,用户已初步复核，核心/保守弱操作/次级样本整体可保留,True,False,False,True,0.039377,0.6187999999968667,0.034816538,0.289557,3.48998,26.3235,0.28913,0.1710181,6.31615,0.330848,False,False,False,False,False,False,False,train_target_extreme,核心/次级目标极限事件，未触发超长或路外恢复风险，保留为训练候选,核心/次级目标极限事件，未触发超长或路外恢复风险，保留为训练候选,True,False,False,False,,True,0.0395279497167118,0.6192792054467464,1.0038334488841671,0.5230029755092699,1.7444000000000002,16,26.3235,26.3235,0.25913,0.0346286735260866,False,False,True,True,True,defer_roadedge_or_offroad,车速/制动/横向偏移/高度残差组合提示可能是路边恢复或上下马路，暂不进入主训练,车速/制动/横向偏移/高度残差组合提示可能是路边恢复或上下马路，暂不进入主训练,False,True,False,False,,-0.144015,-0.15013,-0.110753,0.006115,0.033262,False,discard_roadedge_without_large_zdrop,用户复核后抛弃：属于疑似上下马路/路边恢复，但没有明显大幅向下 z_drop，不进入当前训练候选,用户复核后抛弃：属于疑似上下马路/路边恢复，但没有明显大幅向下 z_drop，不进入当前训练候选,False,False,False,True,,discard_prior_review,继承 v1.4：此前已舍弃或不适合作为当前主训练候选,继承 v1.4：此前已舍弃或不适合作为当前主训练候选,False,False,False,True,,discard_curve_height_or_z_abnormal,弯道高度异常：高度明显变高、突变、非平滑，或不像正常下坡弯道,弯道高度异常：高度明显变高、突变、非平滑，或不像正常下坡弯道,False,False,False,True,88.24,88.514,车辆响应,False,0.2740000000000009,False,86.514,88.514,88.514,94.514,,ok,middle_section|curve1,section2|curve1,middle_section,section2,curve1,3,True,middle_section,section2,2.7755575615591048e-17,3.018570965070843,2602.43,3.01732,3.4478373622100165,2.52671391895896,7.587579700994022,high,-1.24309e-10,1.79189e-09,0.522337,1.60532,False,model_anchor:middle_section:3.0:-0.00000;episode_start:middle_section:2.9:0.00000;driver_action:middle_section:3.9:-0.00000;condition_peak:middle_section:4.1:0.00000;episode_end:curve1:2.8:-0.00000;episode_q25:middle_section:7.6:-0.00000;episode_q50:curve1:2.5:-0.00000;episode_q75:curve1:7.5:0.00000,train_curve_coord_valid_roll_candidate,道路坐标确认在弯道，且车辆侧倾/横滚/横向动态明显，可作为弯道极限或近极限候选,道路坐标确认在弯道，且车辆侧倾/横滚/横向动态明显，可作为弯道极限或近极限候选,True,False,False,False,,train_curve_roll_dynamic,弯道侧倾/动态训练候选,道路坐标确认在弯道，车辆横滚/横摆/横向动态明显，动态信号数=2。,True,False,False,False,2,高度轻微变化,True,True,False,
rec_v1_yzy_2025_09_27_15_07_57_0008,yzy,2025_09_27_15_07_57,F:\data_set_process\data_process\01_datasets\数据预处理\原始车辆数据\yzy\Entity_Recording_2025_09_27_15_07_57_vehicle.csv,8,328.534,333.324,4.7900000000000205,332.305,328.985,329.199,332.305,330.999,车辆先变化,0.2139999999999986,极强,5,4.0,4.0,2.5412969946093256,方向盘快速操作,正常,True,False,True,True,0.8,101.27712121212122,4.406326212121212,0.2032449242424242,0.2188987727272727,0.061154756060606,1.6085797727272728,7.527382855839568,0.197717,25.096606060606064,3.3170081818181822,326.534,335.324,curve2,弯道路段,328.055,-2.873999999999967,core_extreme,核心极限样本,车辆动态强且驾驶员转向明显,多输出轨迹预测,,,False,False,保留为主训练候选,用户已初步复核，核心/保守弱操作/次级样本整体可保留,True,False,False,True,0.006400000000001,0.0850000000027648,0.01599345,0.0660083,3.4900200000000003,25.099000000000004,0.197717,0.1083301999999999,4.41748,0.203799,False,False,False,False,False,False,False,train_target_extreme,核心/次级目标极限事件，未触发超长或路外恢复风险，保留为训练候选,核心/次级目标极限事件，未触发超长或路外恢复风险，保留为训练候选,True,False,False,False,,True,0.005625336105492,0.0853371358626676,0.8789587664830026,0.8977035490605428,1.7450100000000002,2,25.099000000000004,25.099000000000004,0.167717,0.0157583639813648,False,False,True,True,False,train_target_extreme,目标极限事件，未触发 v1.3 路边/超长风险，保留为训练候选,目标极限事件，未触发 v1.3 路边/超长风险，保留为训练候选,True,False,False,False,,-13.14405,-13.1491,-13.1427,0.0050500000000006,0.0013500000000004,False,train_target_extreme,继承 v1.3：目标极限事件，保留为训练候选,继承 v1.3：目标极限事件，保留为训练候选,True,False,False,False,,train_target_extreme,继承 v1.4：目标极限事件，保留为当前主训练候选,继承 v1.4：目标极限事件，保留为当前主训练候选,True,False,False,False,,train_curve_unclear_or_weak,弯道训练候选：高度只存在小波动，侧倾较弱或普通，先纳入候选,弯道训练候选：高度只存在小波动，侧倾较弱或普通，先纳入候选,True,False,False,False,328.534,328.985,车辆响应,False,0.4510000000000218,False,326.985,328.985,328.985,334.985,,ok,curve2,curve2,curve2,curve2,curve2,8,True,curve2,curve2,-2.693864511092012e-15,476.4970054606568,4709.35,-4766.85,503.21040822261546,467.29832912427423,556.5123730225735,low_but_context_usable,5.06244e-10,5.06244e-10,0.347878,1.62779,False,model_anchor:curve2:476.5:0.00000;episode_start:curve2:467.3:-0.00000;driver_action:curve2:480.9:0.00000;condition_peak:curve2:538.8:0.00000;episode_end:curve2:556.5:0.00000;episode_q25:curve2:491.7:0.00000;episode_q50:curve2:514.7:0.00000;episode_q75:curve2:535.5:0.00000,train_curve_coord_valid_normal_or_weak,道路坐标确认在弯道，车辆动态较弱或更像正常过弯，作为弯道普通/弱侧倾训练候选,道路坐标确认在弯道，车辆动态较弱或更像正常过弯，作为弯道普通/弱侧倾训练候选,True,False,False,False,,train_curve_normal_or_weak,弯道普通/弱侧倾训练候选,道路坐标确认在弯道，车辆动态较弱或更像正常过弯；保留为弯道普通/弱侧倾训练候选。,True,False,False,False,0,高度微动正常,True,True,False,
rec_v1_yzy_2025_09_27_15_07_57_0009,yzy,2025_09_27_15_07_57,F:\data_set_process\data_process\01_datasets\数据预处理\原始车辆数据\yzy\Entity_Recording_2025_09_27_15_07_57_vehicle.csv,9,337.389,343.704,6.314999999999998,339.154,337.71,337.605,339.154,341.249,驾驶员先动,-0.1049999999999613,极强,2,4.0,4.0,1.592071845116858,方向盘快速操作,正常,True,False,True,True,0.8,106.28609090909092,2.7434630303030305,0.1096173484848485,0.1129948484848484,0.0399085893939393,1.3127306515151518,4.715755119381405,0.0,13.288045454545454,3.3738321212121214,335.389,345.704,,,328.055,-12.49150000000003,core_extreme,核心极限样本,车辆动态强且驾驶员转向明显,多输出轨迹预测,,,False,False,保留为主训练候选,用户已初步复核，核心/保守弱操作/次级样本整体可保留,True,False,False,True,0.0032999999999994,0.0425000000032014,0.00361735,0.0130856,3.49245,13.289,0.0,0.0770899,2.75947,0.109914,False,False,False,False,False,False,False,train_target_extreme,核心/次级目标极限事件，未触发超长或路外恢复风险，保留为训练候选,核心/次级目标极限事件，未触发超长或路外恢复风险，保留为训练候选,True,False,False,False,,True,0.0028248847175902,0.0427361957406875,0.8560256719971971,0.9619952494061758,1.745875,4,0.0668000000000006,13.289,0.03,0.0039430288447534,False,False,True,False,False,train_target_extreme,目标极限事件，未触发 v1.3 路边/超长风险，保留为训练候选,目标极限事件，未触发 v1.3 路边/超长风险，保留为训练候选,True,False,False,False,,-13.1405,-13.1429,-13.1396,0.0023999999999997,0.0008999999999996,False,train_target_extreme,继承 v1.3：目标极限事件，保留为训练候选,继承 v1.3：目标极限事件，保留为训练候选,True,False,False,False,,train_target_extreme,继承 v1.4：目标极限事件，保留为当前主训练候选,继承 v1.4：目标极限事件，保留为当前主训练候选,True,False,False,False,,train_noncurve_target_extreme,非弯道主训练候选：继承 v1.5，作为当前主训练集,非弯道主训练候选：继承 v1.5，作为当前主训练集,True,False,False,False,337.389,337.605,驾驶员动作,False,0.2160000000000081,False,335.605,337.605,337.605,343.605,,ok,curve2,curve2,curve2,curve2,curve2,8,True,curve2,curve2,2.2466385226684293e-13,627.9473000920312,4862.86,-4939.77,653.2441972151767,624.0900710838653,742.834662424246,low_but_context_usable,-9.19255e-10,9.19255e-10,-0.0669458,1.62359,False,model_anchor:curve2:627.9:-0.00000;episode_start:curve2:624.1:-0.00000;vehicle_response:curve2:629.8:-0.00000;condition_peak:curve2:654.8:0.00000;episode_end:curve2:742.8:-0.00000;episode_q25:curve2:651.7:-0.00000;episode_q50:curve2:679.2:0.00000;episode_q75:curve2:710.4:-0.00000,train_curve_coord_valid_normal_or_weak,道路坐标确认在弯道，车辆动态较弱或更像正常过弯，作为弯道普通/弱侧倾训练候选,道路坐标确认在弯道，车辆动态较弱或更像正常过弯，作为弯道普通/弱侧倾训练候选,True,False,False,False,,train_curve_normal_or_weak,弯道普通/弱侧倾训练候选,道路坐标确认在弯道，车辆动态较弱或更像正常过弯；保留为弯道普通/弱侧倾训练候选。,True,False,False,False,0,高度微动正常,True,True,False,
rec_v1_zdq_2025_09_26_15_14_51_0004,zdq,2025_09_26_15_14_51,F:\data_set_process\data_process\01_datasets\数据预处理\原始车辆数据\zdq\Entity_Recording_2025_09_26_15_14_51_vehicle.csv,4,94.679,97.694,3.015000000000001,94.749,94.695,95.189,94.749,96.175,车辆先变化,0.4939999999999998,极强,5,4.0,4.0,2.6950362894821063,制动为主,可能切在事件中段,True,False,True,True,0.8,71.40876060606061,5.330193030303031,0.2727227878787879,0.578872196969697,0.1022380878787878,1.0146788030303031,5.15768310376517,0.483372,13.323956060606063,3.281247272727273,92.679,99.694,curve1|middle_section,弯道路段|连续超车负荷事件段,96.095,-0.0914999999999963,conservative_extreme,保守/弱操作极限样本,车辆动态强但驾驶员转向不强,车辆状态预测+驾驶员类型分类,,,False,False,保留为主训练候选,用户已初步复核，核心/保守弱操作/次级样本整体可保留,True,False,False,True,0.1007313999999999,0.7958549999959814,0.0714684,0.334898,3.48808,13.363100000000005,0.483372,0.183528,5.87116,0.299775,False,False,False,False,False,False,False,train_conservative_extreme,保守/弱操作极限样本，未触发超长或路外恢复风险，保留为训练候选,保守/弱操作极限样本，未触发超长或路外恢复风险，保留为训练候选,True,False,False,False,,True,0.0802305939140868,0.818875220732701,0.7964804809035405,0.5779436152570481,1.74404,4,13.362849999999996,13.363100000000005,0.453372,0.0728776939410211,False,False,True,True,True,defer_roadedge_or_offroad,车速/制动/横向偏移/高度残差组合提示可能是路边恢复或上下马路，暂不进入主训练,车速/制动/横向偏移/高度残差组合提示可能是路边恢复或上下马路，暂不进入主训练,False,True,False,False,,-0.0823458,-0.170448,-0.0697166,0.0881021999999999,0.0126291999999999,False,discard_roadedge_without_large_zdrop,用户复核后抛弃：属于疑似上下马路/路边恢复，但没有明显大幅向下 z_drop，不进入当前训练候选,用户复核后抛弃：属于疑似上下马路/路边恢复，但没有明显大幅向下 z_drop，不进入当前训练候选,False,False,False,True,,discard_prior_review,继承 v1.4：此前已舍弃或不适合作为当前主训练候选,继承 v1.4：此前已舍弃或不适合作为当前主训练候选,False,False,False,True,,discard_curve_height_or_z_abnormal,弯道高度异常：高度明显变高、突变、非平滑，或不像正常下坡弯道,弯道高度异常：高度明显变高、突变、非平滑，或不像正常下坡弯道,False,False,False,True,94.679,94.695,车辆响应,False,0.0159999999999911,False,92.695,94.695,94.695,100.695,,ok,middle_section|curve1,section2|curve1,middle_section,section2,curve1,1,True,middle_section,section2,-8.326672684688674e-17,8.455138676753295,2716.62,-8.45451,8.452162872202774,4.066071631509149,8.670113194759267,high,-1.79189e-09,1.82297e-09,-0.0501722,1.55132,False,model_anchor:middle_section:8.5:-0.00000;episode_start:middle_section:8.4:-0.00000;driver_action:middle_section:8.7:-0.00000;condition_peak:middle_section:8.5:-0.00000;episode_end:curve1:4.1:0.00000;episode_q25:middle_section:8.7:-0.00000;episode_q50:middle_section:8.1:0.00000;episode_q75:middle_section:6.2:0.00000,train_curve_coord_valid_roll_candidate,道路坐标确认在弯道，且车辆侧倾/横滚/横向动态明显，可作为弯道极限或近极限候选,道路坐标确认在弯道，且车辆侧倾/横滚/横向动态明显，可作为弯道极限或近极限候选,True,False,False,False,,train_curve_roll_dynamic,弯道侧倾/动态训练候选,道路坐标确认在弯道，车辆横滚/横摆/横向动态明显，动态信号数=2。,True,False,False,False,2,高度小幅复核,True,True,False,
rec_v1_zdq_2025_09_26_15_14_51_0005,zdq,2025_09_26_15_14_51,F:\data_set_process\data_process\01_datasets\数据预处理\原始车辆数据\zdq\Entity_Recording_2025_09_26_15_14_51_vehicle.csv,5,125.315,129.485,4.170000000000016,126.32,126.29,125.504,126.32,126.414,驾驶员先动,-0.7860000000000014,极强,1,4.0,4.0,2.053553648770845,制动为主,坐标风险高,True,False,False,True,0.8,88.66258636363636,1.0644319696969695,0.0457807212121212,0.0466103181818181,0.014838653030303,0.2594113969696969,1.9810357575773907,0.2696662060606061,39.22219696969697,2.4435683333333333,123.315,131.485,,,140.553,13.152999999999992,review,需要复核,窗口/坐标风险,人工复核后再决定,,,False,False,暂不进入训练,用户复核后认为需要复核类基本可舍去，先整体降为舍弃/暂缓,False,False,True,True,0.0085729999999999,0.0633250000006597,0.0287824,0.0640268,2.4963,39.24679999999999,0.2736184,0.02343691,1.06838,0.0459357,False,False,False,False,False,False,False,discard_prior_review,v1.1 已经人工复核为舍弃/暂缓，本轮继续不进入训练,v1.1 已经人工复核为舍弃/暂缓，本轮继续不进入训练,False,False,False,True,,True,0.0102788029993116,0.0646868475372466,1.1989738713766191,0.5359712230215827,1.24815,2,39.24679999999999,39.24679999999999,0.346034,0.0322028470758766,False,False,True,True,False,discard_prior_review,v1.1 已经人工复核为舍弃/暂缓，本轮继续不进入训练,v1.1 已经人工复核为舍弃/暂缓，本轮继续不进入训练,False,False,False,True,,-0.148594,-0.152776,-0.144203,0.0041819999999999,0.004391,False,discard_prior_review,继承 v1.3：此前已舍弃/暂缓，不进入当前训练候选,继承 v1.3：此前已舍弃/暂缓，不进入当前训练候选,False,False,False,True,,discard_prior_review,继承 v1.4：此前已舍弃或不适合作为当前主训练候选,继承 v1.4：此前已舍弃或不适合作为当前主训练候选,False,False,False,True,,discard_noncurve_prior_review,非弯道已舍弃或不适合作为当前候选：继承 v1.5,非弯道已舍弃或不适合作为当前候选：继承 v1.5,False,False,False,True,125.315,125.504,驾驶员动作,False,0.1890000000000071,False,123.504,125.504,125.504,131.50400000000002,,ok,curve1,curve1,curve1,curve1,curve1,8,True,curve1,curve1,1.4210854715193926e-14,1.6936896438425568,3417.7,1.63511,1.2644996735743292,0.6952551373503807,1.7218656812944508,high,-2.8421e-08,2.98563e-08,-0.861413,1.24841,False,model_anchor:curve1:1.7:-0.00000;episode_start:curve1:1.7:0.00000;vehicle_response:curve1:1.3:0.00000;condition_peak:curve1:1.3:0.00000;episode_end:curve1:0.7:-0.00000;episode_q25:curve1:1.3:-0.00000;episode_q50:curve1:0.8:0.00000;episode_q75:curve1:0.7:0.00000,train_curve_coord_valid_normal_or_weak,道路坐标确认在弯道，车辆动态较弱或更像正常过弯，作为弯道普通/弱侧倾训练候选,道路坐标确认在弯道，车辆动态较弱或更像正常过弯，作为弯道普通/弱侧倾训练候选,True,False,False,False,,train_curve_normal_or_weak,弯道普通/弱侧倾训练候选,道路坐标确认在弯道，车辆动态较弱或更像正常过弯；保留为弯道普通/弱侧倾训练候选。,True,False,False,False,0,高度微动正常,True,True,False,
rec_v1_zdq_2025_09_26_15_21_51_0001,zdq,2025_09_26_15_21_51,F:\data_set_process\data_process\01_datasets\数据预处理\原始车辆数据\zdq\Entity_Recording_2025_09_26_15_21_51_vehicle.csv,1,88.99,92.181,3.1910000000000025,90.626,90.616,,90.626,90.631,缺少一方起点,,极强,2,4.0,4.0,0.9506391311306482,弱操作,正常,True,False,True,True,0.4,115.92426515151516,1.0712164848484849,0.0487757696969696,0.045262709090909,0.0167877984848484,0.4846805909090909,2.0566441005509577,0.0,5.161454545454561,3.4387536363636366,86.99,94.181,curve1,弯道路段,87.5,-3.085499999999996,conservative_extreme,保守/弱操作极限样本,车辆动态强但驾驶员转向不强,车辆状态预测+驾驶员类型分类,,,False,False,保留为主训练候选,用户已初步复核，核心/保守弱操作/次级样本整体可保留,True,False,False,True,0.0006589999999999,0.0038250000000568,0.000274825,0.00292289,3.49599,5.162000000000006,0.0,0.02686146,1.15615,0.0508428,False,False,False,False,False,False,False,train_conservative_extreme,保守/弱操作极限样本，未触发超长或路外恢复风险，保留为训练候选,保守/弱操作极限样本，未触发超长或路外恢复风险，保留为训练候选,True,False,False,False,,True,0.0005530591885594,0.0036823265662367,0.839240043337754,0.6491777603758809,1.747995,2,0.0380000000000109,5.162000000000006,0.03,0.0002148040979387,False,False,True,False,False,train_conservative_extreme,保守/弱操作极限样本，未触发 v1.3 路边/超长风险，保留为训练候选,保守/弱操作极限样本，未触发 v1.3 路边/超长风险，保留为训练候选,True,False,False,False,,-0.141883,-0.14207,-0.141411,0.0001869999999999,0.000472,False,train_conservative_extreme,继承 v1.3：保守/弱操作极限样本，保留为训练候选,继承 v1.3：保守/弱操作极限样本，保留为训练候选,True,False,False,False,,train_conservative_extreme,继承 v1.4：保守/弱操作极限样本，保留为当前主训练候选,继承 v1.4：保守/弱操作极限样本，保留为当前主训练候选,True,False,False,False,,discard_curve_height_or_z_abnormal,弯道高度异常：高度明显变高、突变、非平滑，或不像正常下坡弯道,弯道高度异常：高度明显变高、突变、非平滑，或不像正常下坡弯道,False,False,False,True,88.99,90.616,车辆响应,False,1.6260000000000048,True,88.616,90.616,90.616,96.616,,ok,curve1,curve1,curve1,curve1,curve1,7,True,curve1,curve1,0.0,4.197097054232167,2870.09,4.19678,4.197097054232167,3.5874489437669106,4.569612667176877,high,0.0,8.88178e-10,1.69329,1.70092,False,model_anchor:curve1:4.2:0.00000;episode_start:curve1:3.6:0.00000;condition_peak:curve1:4.2:-0.00000;episode_end:curve1:4.5:-0.00000;episode_q25:curve1:3.7:-0.00000;episode_q50:curve1:4.2:0.00000;episode_q75:curve1:4.6:0.00000,train_curve_coord_valid_normal_or_weak,道路坐标确认在弯道，车辆动态较弱或更像正常过弯，作为弯道普通/弱侧倾训练候选,道路坐标确认在弯道，车辆动态较弱或更像正常过弯，作为弯道普通/弱侧倾训练候选,True,False,False,False,,train_curve_normal_or_weak,弯道普通/弱侧倾训练候选,道路坐标确认在弯道，车辆动态较弱或更像正常过弯；保留为弯道普通/弱侧倾训练候选。,True,False,False,False,0,高度微动正常,True,True,False,
rec_v1_zdq_2025_09_26_15_21_51_0002,zdq,2025_09_26_15_21_51,F:\data_set_process\data_process\01_datasets\数据预处理\原始车辆数据\zdq\Entity_Recording_2025_09_26_15_21_51_vehicle.csv,2,114.515,121.195,6.679999999999993,117.981,117.971,114.661,117.981,117.816,驾驶员先动,-3.3100000000000023,极强,1,4.0,4.0,3.501441784122845,方向盘快速操作,坐标风险高,True,False,False,True,0.2,101.6499393939394,0.9054546515151516,0.0466104742424242,0.0301430484848484,0.0136634999999999,1.277123590909091,7.57513482552949,0.1902143939393939,21.67564696969697,3.441912727272728,112.515,123.195,,,137.0,19.14500000000001,review,需要复核,窗口/坐标风险,人工复核后再决定,,,False,False,暂不进入训练,用户复核后认为需要复核类基本可舍去，先整体降为舍弃/暂缓,False,False,True,True,0.0072679999999999,0.0522749999997342,0.01747395,0.0581028,3.49765,21.688199999999995,0.190561,0.01988192,0.907074,0.0466631,False,False,False,False,False,False,False,discard_prior_review,v1.1 已经人工复核为舍弃/暂缓，本轮继续不进入训练,v1.1 已经人工复核为舍弃/暂缓，本轮继续不进入训练,False,False,False,True,,True,0.0076192008168261,0.0528922639819051,1.0483215213024537,0.5868263473053892,1.74842,4,21.250200000000007,21.688199999999995,0.160561,0.0224172468366287,False,False,True,True,False,discard_prior_review,v1.1 已经人工复核为舍弃/暂缓，本轮继续不进入训练,v1.1 已经人工复核为舍弃/暂缓，本轮继续不进入训练,False,False,False,True,,-0.141341,-0.147889,-0.140621,0.0065479999999999,0.0007199999999999,False,discard_prior_review,继承 v1.3：此前已舍弃/暂缓，不进入当前训练候选,继承 v1.3：此前已舍弃/暂缓，不进入当前训练候选,False,False,False,True,,discard_prior_review,继承 v1.4：此前已舍弃或不适合作为当前主训练候选,继承 v1.4：此前已舍弃或不适合作为当前主训练候选,False,False,False,True,,discard_noncurve_prior_review,非弯道已舍弃或不适合作为当前候选：继承 v1.5,非弯道已舍弃或不适合作为当前候选：继承 v1.5,False,False,False,True,114.515,114.661,驾驶员动作,False,0.1460000000000008,False,112.661,114.661,114.661,120.661,,ok,curve1,curve1,curve1,curve1,curve1,8,True,curve1,curve1,7.105427357601002e-15,3.334407506784669,3644.99,3.33096,4.162479990783261,3.3289357738466188,5.015801839610004,high,0.0,4.44089e-10,0.830727,1.70434,False,model_anchor:curve1:3.3:0.00000;episode_start:curve1:3.3:0.00000;vehicle_response:curve1:4.2:0.00000;condition_peak:curve1:4.2:0.00000;episode_end:curve1:4.2:-0.00000;episode_q25:curve1:3.5:0.00000;episode_q50:curve1:4.1:0.00000;episode_q75:curve1:5.0:0.00000,train_curve_coord_valid_normal_or_weak,道路坐标确认在弯道，车辆动态较弱或更像正常过弯，作为弯道普通/弱侧倾训练候选,道路坐标确认在弯道，车辆动态较弱或更像正常过弯，作为弯道普通/弱侧倾训练候选,True,False,False,False,,train_curve_normal_or_weak,弯道普通/弱侧倾训练候选,道路坐标确认在弯道，车辆动态较弱或更像正常过弯；保留为弯道普通/弱侧倾训练候选。,True,False,False,False,0,高度微动正常,True,True,False,
rec_v1_zdq_2025_09_26_15_21_51_0003,zdq,2025_09_26_15_21_51,F:\data_set_process\data_process\01_datasets\数据预处理\原始车辆数据\zdq\Entity_Recording_2025_09_26_15_21_51_vehicle.csv,3,127.105,131.0,3.894999999999996,128.531,127.216,127.971,128.531,128.146,车辆先变化,0.7550000000000097,极强,5,4.0,4.0,2.104575664489051,方向盘快速操作,正常,True,False,True,True,0.8,114.34134848484848,2.256162121212121,0.0865276378787878,0.1142861212121212,0.0332084409090909,1.025214287878788,4.553108516989568,0.0,6.961757575757574,3.4511907575757577,125.105,133.0,,,137.0,7.947499999999991,core_extreme,核心极限样本,车辆动态强且驾驶员转向明显,多输出轨迹预测,,,False,False,保留为主训练候选,用户已初步复核，核心/保守弱操作/次级样本整体可保留,True,False,False,True,0.001899,0.0127499999999569,0.00240611,0.0179375,3.49734,6.950000000000003,0.0,0.0614590999999999,2.26386,0.0872415,False,False,False,False,False,False,False,train_target_extreme,核心/次级目标极限事件，未触发超长或路外恢复风险，保留为训练候选,核心/次级目标极限事件，未触发超长或路外恢复风险，保留为训练候选,True,False,False,False,,True,0.0012630030948469,0.0124492815694853,0.6650885175602677,0.5545571245186136,1.74867,4,0.0670000000000072,6.950000000000003,0.03,0.0018444815361055,False,False,True,False,False,train_target_extreme,目标极限事件，未触发 v1.3 路边/超长风险，保留为训练候选,目标极限事件，未触发 v1.3 路边/超长风险，保留为训练候选,True,False,False,False,,-0.140998,-0.142415,-0.140516,0.001417,0.000482,False,train_target_extreme,继承 v1.3：目标极限事件，保留为训练候选,继承 v1.3：目标极限事件，保留为训练候选,True,False,False,False,,train_target_extreme,继承 v1.4：目标极限事件，保留为当前主训练候选,继承 v1.4：目标极限事件，保留为当前主训练候选,True,False,False,False,,train_noncurve_target_extreme,非弯道主训练候选：继承 v1.5，作为当前主训练集,非弯道主训练候选：继承 v1.5，作为当前主训练集,True,False,False,False,127.105,127.216,车辆响应,False,0.11099999999999,False,125.216,127.216,127.216,133.216,,ok,curve1,curve1,curve1,curve1,curve1,8,True,curve1,curve1,-0.0072980109824489,48.97458620685579,4010.36,2.97191,49.316020537154,16.26385379599577,54.446515967460485,high,-4.44089e-10,8.26023e-10,0.473168,1.64971,False,model_anchor:curve1:49.0:-0.00000;episode_start:curve1:47.7:-0.00000;driver_action:curve1:54.3:0.00000;condition_peak:curve1:53.5:-0.00000;episode_end:curve1:16.3:-0.00000;episode_q25:curve1:54.4:0.00000;episode_q50:curve1:49.7:-0.00000;episode_q75:curve1:36.5:-0.00000,train_curve_coord_valid_normal_or_weak,道路坐标确认在弯道，车辆动态较弱或更像正常过弯，作为弯道普通/弱侧倾训练候选,道路坐标确认在弯道，车辆动态较弱或更像正常过弯，作为弯道普通/弱侧倾训练候选,True,False,False,False,,train_curve_normal_or_weak,弯道普通/弱侧倾训练候选,道路坐标确认在弯道，车辆动态较弱或更像正常过弯；保留为弯道普通/弱侧倾训练候选。,True,False,False,False,0,高度微动正常,True,True,False,
rec_v1_zdq_2025_09_26_15_21_51_0004,zdq,2025_09_26_15_21_51,F:\data_set_process\data_process\01_datasets\数据预处理\原始车辆数据\zdq\Entity_Recording_2025_09_26_15_21_51_vehicle.csv,4,157.986,184.346,26.360000000000014,159.195,159.186,158.985,159.195,180.786,驾驶员先动,-0.2009999999999934,极强,5,4.0,4.0,2.9203020341512693,方向盘快速操作,正常,False,True,True,True,1.0,100.60610606060608,5.207987272727273,0.2124353787878788,0.1585284393939394,0.0723730196969697,1.7094406818181818,6.317877892550953,0.208264,42.72900757575757,3.488986515151515,155.986,186.346,curve1,弯道路段,179.675,8.509000000000015,core_extreme,核心极限样本,车辆动态强且驾驶员转向明显,多输出轨迹预测,,,False,False,保留为主训练候选,用户已初步复核，核心/保守弱操作/次级样本整体可保留,True,False,False,True,0.0114869999999999,0.0509999999997425,0.02267878,0.0621659,3.49965,42.75240000000001,0.208264,0.1017122,5.2169,0.212977,True,True,False,False,False,False,False,defer_long_merged,持续时间超过 20 秒，不符合单个事件通常只有十几秒的实验逻辑，疑似多个过程误合并,持续时间 26.36 秒，不符合单个事件通常只有十几秒的实验逻辑，疑似多个过程误合并,False,True,False,False,F:\data_set_process\data_process\05_rebuild_from_raw_20260511\02_samples\record_level_episode_reconstruction_v1_2_cleaned\figures\review_panels_v1_2\05_超长误合并_需要拆分\1357_rec_v1_zdq_2025_09_26_15_21_51_0004.png,True,0.0111679974059183,0.0510712419468803,0.9722292509722652,0.5493171471927162,1.74964,16,42.75240000000001,42.75240000000001,0.178264,0.0222244792269251,False,False,True,True,False,defer_long_merged,持续时间超过 20 秒，不适合作为单个干净事件直接训练,持续时间 26.36 秒，不适合作为单个干净事件直接训练,False,True,False,False,F:\data_set_process\data_process\05_rebuild_from_raw_20260511\02_samples\record_level_episode_reconstruction_v1_3_cleaned\figures\review_panels_v1_3\07_超长误合并_需要拆分\1357_rec_v1_zdq_2025_09_26_15_21_51_0004.png,-0.1480555,-0.148684,-0.137197,0.0006285,0.0108584999999999,False,defer_prior_review,继承 v1.3：仍需要复核或拆分，暂不进入当前训练候选,继承 v1.3：仍需要复核或拆分，暂不进入当前训练候选,False,True,False,False,,defer_prior_review,继承 v1.4：仍需复核或拆分，不进入当前主训练候选,继承 v1.4：仍需复核或拆分，不进入当前主训练候选,False,True,False,False,,discard_curve_height_or_z_abnormal,弯道高度异常：高度明显变高、突变、非平滑，或不像正常下坡弯道,弯道高度异常：高度明显变高、突变、非平滑，或不像正常下坡弯道,False,False,False,True,157.986,158.985,驾驶员动作,False,0.9990000000000236,False,156.985,158.985,158.985,164.985,,ok,curve1,curve1,curve1,curve1,curve1,8,True,curve1,curve1,-0.0072980208898845,867.2233057518853,5043.33,5.21345,949.6018234622576,834.8017508887808,1351.099698738768,low_but_context_usable,5.68434e-08,0.0027302,1.71533,1.74152,True,model_anchor:curve1:867.2:0.00000;episode_start:curve1:834.8:-0.00000;vehicle_response:curve1:873.5:0.00000;condition_peak:curve1:873.8:0.00000;episode_end:curve1:1351.1:-0.00200;episode_q25:curve1:1025.4:-0.00099;episode_q50:curve1:1211.3:-0.00247;episode_q75:curve1:1331.9:-0.00273,train_curve_coord_valid_roll_candidate,道路坐标确认在弯道，且车辆侧倾/横滚/横向动态明显，可作为弯道极限或近极限候选,道路坐标确认在弯道，且车辆侧倾/横滚/横向动态明显，可作为弯道极限或近极限候选,True,False,False,False,,train_curve_normal_or_weak,弯道普通/弱侧倾训练候选,道路坐标确认在弯道，车辆动态较弱或更像正常过弯；保留为弯道普通/弱侧倾训练候选。,True,False,False,False,1,高度微动正常,True,True,False,
rec_v1_zdq_2025_09_26_15_27_09_0003,zdq,2025_09_26_15_27_09,F:\data_set_process\data_process\01_datasets\数据预处理\原始车辆数据\zdq\Entity_Recording_2025_09_26_15_27_09_vehicle.csv,3,154.965,159.24,4.275000000000006,154.98,154.97,157.67,154.98,157.705,车辆先变化,2.6999999999999886,极强,2,4.0,4.0,1.145877717992922,制动为主,可能切在事件中段,True,False,True,True,0.8,103.35685294117648,1.952881176470588,0.0911797764705882,0.0964542176470588,0.0275079588235294,0.8157463529411764,2.291755435985844,0.1558761176470588,7.6796235294117565,3.444981176470588,152.965,161.24,middle_section,连续超车负荷事件段,157.905,0.8024999999999807,conservative_extreme,保守/弱操作极限样本,车辆动态强但驾驶员转向不强,车辆状态预测+驾驶员类型分类,,,False,False,保留为主训练候选,用户已初步复核，核心/保守弱操作/次级样本整体可保留,True,False,False,True,0.00678,0.0190000000000054,0.01718188,0.0422436,3.49701,7.692599999999999,0.155898,0.0505353,1.95724,0.0922802,False,False,False,False,False,False,False,train_conservative_extreme,保守/弱操作极限样本，未触发超长或路外恢复风险，保留为训练候选,保守/弱操作极限样本，未触发超长或路外恢复风险，保留为训练候选,True,False,False,False,,True,0.0069457929480538,0.0184422968128207,1.0244532371760862,0.7017543859649122,3.49701,1,4.917600000000007,7.692599999999999,0.125898,0.0182851013931607,False,False,True,False,False,train_conservative_extreme,保守/弱操作极限样本，未触发 v1.3 路边/超长风险，保留为训练候选,保守/弱操作极限样本，未触发 v1.3 路边/超长风险，保留为训练候选,True,False,False,False,,-7.14058,-7.14733,-7.14055,0.0067500000000002,2.9999999999752447e-05,False,train_conservative_extreme,继承 v1.3：保守/弱操作极限样本，保留为训练候选,继承 v1.3：保守/弱操作极限样本，保留为训练候选,True,False,False,False,,train_conservative_extreme,继承 v1.4：保守/弱操作极限样本，保留为当前主训练候选,继承 v1.4：保守/弱操作极限样本，保留为当前主训练候选,True,False,False,False,,train_noncurve_target_extreme,非弯道主训练候选：继承 v1.5，作为当前主训练集,非弯道主训练候选：继承 v1.5，作为当前主训练集,True,False,False,False,154.965,154.97,车辆响应,False,0.0049999999999954,False,152.97,154.97,154.97,160.97,,ok,curve1|middle_section,curve1|section3,curve1,curve1,curve1,6,True,curve1,curve1,6.903132890274348e-05,274.1543386556362,4454.63,-308.899,273.83476521212776,273.2489958546571,274.1546949106476,medium,6.84487e-05,0.000151499,-1.70058,1.70696,False,model_anchor:curve1:274.2:0.00007;episode_start:curve1:274.2:0.00007;driver_action:curve1:273.7:0.00015;condition_peak:curve1:274.2:0.00007;episode_end:middle_section:273.5:0.00000;episode_q25:curve1:273.4:0.00010;episode_q50:curve1:273.2:0.00013;episode_q75:middle_section:274.0:0.00000,train_curve_coord_valid_normal_or_weak,道路坐标确认在弯道，车辆动态较弱或更像正常过弯，作为弯道普通/弱侧倾训练候选,道路坐标确认在弯道，车辆动态较弱或更像正常过弯，作为弯道普通/弱侧倾训练候选,True,False,False,False,,train_curve_normal_or_weak,弯道普通/弱侧倾训练候选,道路坐标确认在弯道，车辆动态较弱或更像正常过弯；保留为弯道普通/弱侧倾训练候选。,True,False,False,False,0,高度微动正常,True,True,False,
rec_v1_zdq_2025_09_26_15_27_09_0008,zdq,2025_09_26_15_27_09,F:\data_set_process\data_process\01_datasets\数据预处理\原始车辆数据\zdq\Entity_Recording_2025_09_26_15_27_09_vehicle.csv,8,325.515,331.215,5.699999999999989,328.69,328.68,325.885,328.69,329.8,驾驶员先动,-2.795000000000016,极强,1,4.0,4.0,1.7808862807368817,制动为主,坐标风险高,True,False,False,True,0.8,111.98470588235293,0.9634527647058824,0.0357621999999999,0.0406300647058823,0.0133831411764705,0.3024446705882352,0.6487308996542084,0.1902424329411765,46.54989411764706,3.457448823529412,323.515,333.215,middle_section,连续超车负荷事件段,331.305,2.9399999999999977,review,需要复核,窗口/坐标风险,人工复核后再决定,,,False,False,暂不进入训练,用户复核后认为需要复核类基本可舍去，先整体降为舍弃/暂缓,False,False,True,True,0.0051000000000005,0.0300000000002,0.02061147,0.053858,3.4989600000000003,46.56049999999999,0.1982961999999999,0.02293769,0.96651,0.0358316,False,False,False,False,False,False,False,discard_prior_review,v1.1 已经人工复核为舍弃/暂缓，本轮继续不进入训练,v1.1 已经人工复核为舍弃/暂缓，本轮继续不进入训练,False,False,False,True,,True,0.0059602645526215,0.0301946299894159,1.168679324043327,0.9008771929824562,3.49768,2,46.56049999999999,46.56049999999999,0.256731,0.0193661051935706,False,False,True,True,True,discard_prior_review,v1.1 已经人工复核为舍弃/暂缓，本轮继续不进入训练,v1.1 已经人工复核为舍弃/暂缓，本轮继续不进入训练,False,False,False,True,,-13.1486,-13.15,-13.1449,0.0014000000000002,0.0037000000000002,False,discard_prior_review,继承 v1.3：此前已舍弃/暂缓，不进入当前训练候选,继承 v1.3：此前已舍弃/暂缓，不进入当前训练候选,False,False,False,True,,discard_prior_review,继承 v1.4：此前已舍弃或不适合作为当前主训练候选,继承 v1.4：此前已舍弃或不适合作为当前主训练候选,False,False,False,True,,discard_noncurve_prior_review,非弯道已舍弃或不适合作为当前候选：继承 v1.5,非弯道已舍弃或不适合作为当前候选：继承 v1.5,False,False,False,True,325.515,325.885,驾驶员动作,False,0.3700000000000045,False,323.885,325.885,325.885,331.885,,ok,curve2,curve2,curve2,curve2,curve2,8,True,curve2,curve2,0.0001344608733267,900.5110624809688,5139.3,-5265.3,958.4121400427024,891.5743127950162,1006.0553396708556,low_but_context_usable,0.0,8.57101e-10,0.533533,1.71465,False,model_anchor:curve2:900.5:0.00000;episode_start:curve2:891.6:0.00000;vehicle_response:curve2:961.6:0.00000;condition_peak:curve2:961.8:-0.00000;episode_end:curve2:1006.1:-0.00000;episode_q25:curve2:924.9:0.00000;episode_q50:curve2:955.2:-0.00000;episode_q75:curve2:982.7:0.00000,train_curve_coord_valid_normal_or_weak,道路坐标确认在弯道，车辆动态较弱或更像正常过弯，作为弯道普通/弱侧倾训练候选,道路坐标确认在弯道，车辆动态较弱或更像正常过弯，作为弯道普通/弱侧倾训练候选,True,False,False,False,,train_curve_normal_or_weak,弯道普通/弱侧倾训练候选,道路坐标确认在弯道，车辆动态较弱或更像正常过弯；保留为弯道普通/弱侧倾训练候选。,True,False,False,False,0,高度微动正常,True,True,False,
rec_v1_zdq_2025_09_26_15_37_30_0006,zdq,2025_09_26_15_37_30,F:\data_set_process\data_process\01_datasets\数据预处理\原始车辆数据\zdq\Entity_Recording_2025_09_26_15_37_30_vehicle.csv,6,304.95,311.915,6.965000000000032,309.44,306.345,305.48,309.44,308.515,驾驶员先动,-0.8650000000000091,极强,2,4.0,4.0,3.2,制动为主,正常,True,False,True,True,0.8,102.64626470588234,1.9284794117647053,0.1012609705882353,0.0897690764705882,0.0252516705882352,0.6058652647058824,2.2989120761266584,0.6630130000000001,74.34928529411766,3.448752941176471,302.95,313.915,middle_section,连续超车负荷事件段,308.825,0.3924999999999841,conservative_extreme,保守/弱操作极限样本,车辆动态强但驾驶员转向不强,车辆状态预测+驾驶员类型分类,,,False,False,保留为主训练候选,用户已初步复核，核心/保守弱操作/次级样本整体可保留,True,False,False,True,0.0175999999999998,0.1100000000001273,0.04899003,0.14391,3.49367,74.35349999999998,0.6630130000000001,0.0415527,1.93619,0.101628,False,False,False,False,False,False,False,train_conservative_extreme,保守/弱操作极限样本，未触发超长或路外恢复风险，保留为训练候选,保守/弱操作极限样本，未触发超长或路外恢复风险，保留为训练候选,True,False,False,False,,True,0.0173696255238304,0.109920008862574,0.9869105411267428,0.8040904198062433,1.746835,2,74.35349999999998,74.35349999999998,0.633013,0.0508381144452427,False,False,True,True,True,defer_roadedge_or_offroad,车速/制动/横向偏移/高度残差组合提示可能是路边恢复或上下马路，暂不进入主训练,车速/制动/横向偏移/高度残差组合提示可能是路边恢复或上下马路，暂不进入主训练,False,True,False,False,,-13.1482,-13.1595,-13.1419,0.0113000000000003,0.0062999999999995,False,discard_roadedge_without_large_zdrop,用户复核后抛弃：属于疑似上下马路/路边恢复，但没有明显大幅向下 z_drop，不进入当前训练候选,用户复核后抛弃：属于疑似上下马路/路边恢复，但没有明显大幅向下 z_drop，不进入当前训练候选,False,False,False,True,,discard_prior_review,继承 v1.4：此前已舍弃或不适合作为当前主训练候选,继承 v1.4：此前已舍弃或不适合作为当前主训练候选,False,False,False,True,,discard_noncurve_prior_review,非弯道已舍弃或不适合作为当前候选：继承 v1.5,非弯道已舍弃或不适合作为当前候选：继承 v1.5,False,False,False,True,304.95,305.48,驾驶员动作,False,0.5300000000000296,False,303.48,305.48,305.48,311.48,,ok,curve2|middle_section,curve2|section5,curve2,curve2,curve2,4,True,curve2,curve2,-0.0001975632571019,954.3543584611156,5194.16,-5329.17,992.3551432938054,941.432770276267,1005.6298609065726,low_but_context_usable,-5.68398e-10,7.94946e-10,0.289009,1.70847,False,model_anchor:curve2:954.4:-0.00000;episode_start:curve2:941.4:-0.00000;vehicle_response:curve2:968.3:0.00000;condition_peak:middle_section:1004.0:0.00000;episode_end:middle_section:1002.1:-0.00000;episode_q25:curve2:982.6:0.00000;episode_q50:middle_section:1005.6:0.00000;episode_q75:middle_section:1003.7:0.00000,train_curve_coord_valid_normal_or_weak,道路坐标确认在弯道，车辆动态较弱或更像正常过弯，作为弯道普通/弱侧倾训练候选,道路坐标确认在弯道，车辆动态较弱或更像正常过弯，作为弯道普通/弱侧倾训练候选,True,False,False,False,,train_curve_normal_or_weak,弯道普通/弱侧倾训练候选,道路坐标确认在弯道，车辆动态较弱或更像正常过弯；保留为弯道普通/弱侧倾训练候选。,True,False,False,False,0,高度微动正常,True,True,False,
rec_v1_zdq_2025_09_26_15_52_46_0008,zdq,2025_09_26_15_52_46,F:\data_set_process\data_process\01_datasets\数据预处理\原始车辆数据\zdq\Entity_Recording_2025_09_26_15_52_46_vehicle.csv,8,336.375,337.53,1.1549999999999727,337.1,337.085,,337.1,336.375,缺少一方起点,,极强,1,4.0,4.0,0.2791255925603725,无明显操作,坐标风险高,False,False,False,True,1.0,89.3814794117647,1.1468935294117646,0.0488035058823529,0.027777594117647,0.0134246058823529,0.1667812352941176,0.4967252595152154,0.0,5.676511764705893,3.475770588235294,334.375,339.53,,,332.48,-4.472499999999968,review,需要复核,窗口/坐标风险,人工复核后再决定,,,False,False,暂不进入训练,用户复核后认为需要复核类基本可舍去，先整体降为舍弃/暂缓,False,False,True,True,0.3730999999999991,0.4299999999982447,0.00702263,0.0292947,3.499,5.6751000000000005,0.0,0.013590348,1.1506,0.049058,False,False,False,False,False,False,False,discard_prior_review,v1.1 已经人工复核为舍弃/暂缓，本轮继续不进入训练,v1.1 已经人工复核为舍弃/暂缓，本轮继续不进入训练,False,False,False,True,,True,0.0252709919390916,0.1363345275419721,0.0677324897858261,1.0,3.499,1,0.2051000000000016,5.6751000000000005,0.03,0.0022948406562893,False,False,True,False,False,discard_prior_review,v1.1 已经人工复核为舍弃/暂缓，本轮继续不进入训练,v1.1 已经人工复核为舍弃/暂缓，本轮继续不进入训练,False,False,False,True,,-11.3406,-11.6505,-11.2774,0.3098999999999989,0.0632000000000001,False,discard_prior_review,继承 v1.3：此前已舍弃/暂缓，不进入当前训练候选,继承 v1.3：此前已舍弃/暂缓，不进入当前训练候选,False,False,False,True,,discard_prior_review,继承 v1.4：此前已舍弃或不适合作为当前主训练候选,继承 v1.4：此前已舍弃或不适合作为当前主训练候选,False,False,False,True,,discard_noncurve_prior_review,非弯道已舍弃或不适合作为当前候选：继承 v1.5,非弯道已舍弃或不适合作为当前候选：继承 v1.5,False,False,False,True,336.375,337.085,车辆响应,False,0.7099999999999795,False,335.085,337.085,337.085,343.085,,ok,curve2,curve2,curve2,curve2,curve2,7,True,curve2,curve2,-2.6938645110883373e-15,216.21972285767237,4445.3,-4450.0,216.21972285767237,206.72147644883933,222.5793544369307,medium,0.000461251,0.00051628,-1.72506,1.73046,False,model_anchor:curve2:216.2:0.00046;episode_start:curve2:206.7:0.00037;condition_peak:curve2:216.4:0.00046;episode_end:curve2:222.6:0.00052;episode_q25:curve2:210.5:0.00041;episode_q50:curve2:214.4:0.00045;episode_q75:curve2:218.4:0.00048,train_curve_coord_valid_normal_or_weak,道路坐标确认在弯道，车辆动态较弱或更像正常过弯，作为弯道普通/弱侧倾训练候选,道路坐标确认在弯道，车辆动态较弱或更像正常过弯，作为弯道普通/弱侧倾训练候选,True,False,False,False,,train_curve_normal_or_weak,弯道普通/弱侧倾训练候选,道路坐标确认在弯道，车辆动态较弱或更像正常过弯；保留为弯道普通/弱侧倾训练候选。,True,False,False,False,0,高度轻微变化,True,True,False,
rec_v1_zdq_2025_09_26_16_03_48_0010,zdq,2025_09_26_16_03_48,F:\data_set_process\data_process\01_datasets\数据预处理\原始车辆数据\zdq\Entity_Recording_2025_09_26_16_03_48_vehicle.csv,10,345.49,350.645,5.154999999999973,347.32,347.165,345.53,347.32,347.69,驾驶员先动,-1.6350000000000475,极强,4,4.0,4.0,3.2,方向盘快速操作,正常,True,False,True,True,0.8,82.4529705882353,4.501981764705882,0.2647190588235294,0.2167940588235294,0.0627266882352941,2.148050176470588,6.162360553630908,0.5059247647058823,40.14635294117646,1.665145317647059,343.49,352.645,middle_section,连续超车负荷事件段,347.6,-0.4674999999999727,core_extreme,核心极限样本,车辆动态强且驾驶员转向明显,多输出轨迹预测,,,False,False,保留为主训练候选,用户已初步复核，核心/保守弱操作/次级样本整体可保留,True,False,False,True,0.0183999999999997,0.0800000000001546,0.0432332089999999,0.186792,1.667215,40.207,0.506825,0.0969381,4.62704,0.266247,False,False,False,False,False,False,False,train_target_extreme,核心/次级目标极限事件，未触发超长或路外恢复风险，保留为训练候选,核心/次级目标极限事件，未触发超长或路外恢复风险，保留为训练候选,True,False,False,False,,True,0.0170581635872064,0.0805082713685245,0.9270741080003664,0.7710960232783706,0.009533,0,40.207,40.207,0.476825,0.0421325447750828,False,False,False,True,False,train_target_extreme,目标极限事件，未触发 v1.3 路边/超长风险，保留为训练候选,目标极限事件，未触发 v1.3 路边/超长风险，保留为训练候选,True,False,False,False,,-13.1488,-13.1565,-13.1381,0.0076999999999998,0.0106999999999999,False,train_target_extreme,继承 v1.3：目标极限事件，保留为训练候选,继承 v1.3：目标极限事件，保留为训练候选,True,False,False,False,,train_target_extreme,继承 v1.4：目标极限事件，保留为当前主训练候选,继承 v1.4：目标极限事件，保留为当前主训练候选,True,False,False,False,,train_noncurve_target_extreme,非弯道主训练候选：继承 v1.5，作为当前主训练集,非弯道主训练候选：继承 v1.5，作为当前主训练集,True,False,False,False,345.49,345.53,驾驶员动作,False,0.0399999999999636,False,343.53,345.53,345.53,351.53,,ok,curve2|middle_section,curve2|section5,middle_section,section5,curve2,2,True,curve2,curve2,-0.0004960180238893,1004.4038903298696,5244.65,-5386.64,1002.5599247698595,997.0597321176746,1004.4038903298696,low_but_context_usable,-4.75166e-10,4.75166e-10,0.917457,1.53943,False,model_anchor:curve2:1004.4:-0.00000;episode_start:curve2:1003.7:0.00000;vehicle_response:middle_section:1002.8:-0.00000;condition_peak:middle_section:1002.3:0.00000;episode_end:middle_section:997.1:0.00000;episode_q25:middle_section:1004.0:-0.00000;episode_q50:middle_section:1001.0:0.00000;episode_q75:middle_section:1000.0:0.00000,train_curve_coord_valid_normal_or_weak,道路坐标确认在弯道，车辆动态较弱或更像正常过弯，作为弯道普通/弱侧倾训练候选,道路坐标确认在弯道，车辆动态较弱或更像正常过弯，作为弯道普通/弱侧倾训练候选,True,False,False,False,,train_curve_normal_or_weak,弯道普通/弱侧倾训练候选,道路坐标确认在弯道，车辆动态较弱或更像正常过弯；保留为弯道普通/弱侧倾训练候选。,True,False,False,False,0,高度微动正常,True,True,False,
rec_v1_zt_2025_09_28_11_20_08_0004,zt,2025_09_28_11_20_08,F:\data_set_process\data_process\01_datasets\数据预处理\原始车辆数据\zt\Entity_Recording_2025_09_28_11_20_08_vehicle.csv,4,109.537,125.68,16.143,111.167,111.162,109.565,111.167,109.907,驾驶员先动,-1.5970000000000084,极强,5,4.0,4.0,3.2,方向盘快速操作,正常,True,False,True,True,0.8,100.4595,3.184667222222222,0.1251231481481481,0.1785658148148148,0.0424242314814814,1.574784407407407,4.301516204846373,0.475099,50.24626851851849,3.4648279629629632,107.537,127.68,curve1,弯道路段,116.305,-1.3034999999999997,core_extreme,核心极限样本,车辆动态强且驾驶员转向明显,多输出轨迹预测,,,False,False,保留为主训练候选,用户已初步复核，核心/保守弱操作/次级样本整体可保留,True,False,False,True,0.0177279999999999,0.7111000000012986,0.0473026999999999,0.100885,3.4976700000000003,50.2684,0.475099,0.0847689,3.19143,0.125871,True,False,False,False,False,False,False,review_duration_15_20s,持续时间 15-20 秒，接近或超过常规事件上限，先进入复核而不直接训练,持续时间 16.14 秒，接近或超过常规事件上限，先进入复核而不直接训练,False,True,False,False,,True,0.0148386634937814,0.7104448871979764,0.8370184732503113,0.5315161839863713,1.748835,6,50.2684,50.2684,0.445099,0.0400948220000832,False,False,True,True,False,review_duration_15_20s,持续时间 15-20 秒，先进入复核而不直接训练,持续时间 16.14 秒，先进入复核而不直接训练,False,True,False,False,F:\data_set_process\data_process\05_rebuild_from_raw_20260511\02_samples\record_level_episode_reconstruction_v1_3_cleaned\figures\review_panels_v1_3\03_15到20秒_需要复核\1432_rec_v1_zt_2025_09_28_11_20_08_0004.png,-0.150638,-0.156667,-0.138939,0.006029,0.0116989999999999,False,defer_prior_review,继承 v1.3：仍需要复核或拆分，暂不进入当前训练候选,继承 v1.3：仍需要复核或拆分，暂不进入当前训练候选,False,True,False,False,,defer_prior_review,继承 v1.4：仍需复核或拆分，不进入当前主训练候选,继承 v1.4：仍需复核或拆分，不进入当前主训练候选,False,True,False,False,,discard_curve_height_or_z_abnormal,弯道高度异常：高度明显变高、突变、非平滑，或不像正常下坡弯道,弯道高度异常：高度明显变高、突变、非平滑，或不像正常下坡弯道,False,False,False,True,109.537,109.565,驾驶员动作,False,0.0279999999999915,False,107.565,109.565,109.565,115.565,,ok,middle_section|curve1,section2|curve1,middle_section,section2,curve1,3,True,middle_section,section2,-6.938893903906282e-17,3.629808494860313,2583.57,3.62942,4.175327598238301,3.151789420157028,6.461963733150228,high,4.44089e-10,9.50332e-10,1.13448,1.68403,False,model_anchor:middle_section:3.6:0.00000;episode_start:middle_section:3.6:0.00000;vehicle_response:middle_section:4.2:0.00000;condition_peak:middle_section:4.2:-0.00000;episode_end:curve1:6.5:-0.00000;episode_q25:middle_section:6.0:0.00000;episode_q50:curve1:6.5:-0.00000;episode_q75:curve1:3.2:0.00000,train_curve_coord_valid_normal_or_weak,道路坐标确认在弯道，车辆动态较弱或更像正常过弯，作为弯道普通/弱侧倾训练候选,道路坐标确认在弯道，车辆动态较弱或更像正常过弯，作为弯道普通/弱侧倾训练候选,True,False,False,False,,train_curve_normal_or_weak,弯道普通/弱侧倾训练候选,道路坐标确认在弯道，车辆动态较弱或更像正常过弯；保留为弯道普通/弱侧倾训练候选。,True,False,False,False,0,高度微动正常,True,True,False,
rec_v1_zt_2025_09_28_11_20_08_0005,zt,2025_09_28_11_20_08,F:\data_set_process\data_process\01_datasets\数据预处理\原始车辆数据\zt\Entity_Recording_2025_09_28_11_20_08_vehicle.csv,5,138.332,140.95,2.617999999999995,140.007,138.862,,140.007,139.342,缺少一方起点,,极强,2,4.0,4.0,0.9624270042290176,弱操作,正常,True,False,True,True,0.8,127.99832407407408,2.376828888888889,0.0832001166666666,0.1033613148148148,0.0329892111111111,0.8194675185185184,1.924854008458035,0.0,1.983240740740712,3.407698148148148,136.332,142.95,,,152.403,12.762,conservative_extreme,保守/弱操作极限样本,车辆动态强但驾驶员转向不强,车辆状态预测+驾驶员类型分类,,,False,False,保留为主训练候选,用户已初步复核，核心/保守弱操作/次级样本整体可保留,True,False,False,True,0.002649,0.0147333333332966,0.0055974999999999,0.0256205,3.4939,1.991,0.0,0.0572195,2.38644,0.0834598,False,False,False,False,False,False,False,train_conservative_extreme,保守/弱操作极限样本，未触发超长或路外恢复风险，保留为训练候选,保守/弱操作极限样本，未触发超长或路外恢复风险，保留为训练候选,True,False,False,False,,True,0.0028031078671745,0.0150402054612504,1.0581758652980469,0.6179560649474689,1.74695,2,1.7030000000000172,1.991,0.03,0.006571495097059,False,False,True,False,False,train_conservative_extreme,保守/弱操作极限样本，未触发 v1.3 路边/超长风险，保留为训练候选,保守/弱操作极限样本，未触发 v1.3 路边/超长风险，保留为训练候选,True,False,False,False,,-0.1425365,-0.145103,-0.142454,0.0025664999999999,8.250000000001312e-05,False,train_conservative_extreme,继承 v1.3：保守/弱操作极限样本，保留为训练候选,继承 v1.3：保守/弱操作极限样本，保留为训练候选,True,False,False,False,,train_conservative_extreme,继承 v1.4：保守/弱操作极限样本，保留为当前主训练候选,继承 v1.4：保守/弱操作极限样本，保留为当前主训练候选,True,False,False,False,,train_noncurve_target_extreme,非弯道主训练候选：继承 v1.5，作为当前主训练集,非弯道主训练候选：继承 v1.5，作为当前主训练集,True,False,False,False,138.332,138.862,车辆响应,False,0.5300000000000011,False,136.862,138.862,138.862,144.862,,ok,curve1,curve1,curve1,curve1,curve1,7,True,curve1,curve1,-1.4210854715202004e-14,5.9848798647980725,3466.32,5.98222,4.950607623254935,3.628496046689429,6.13333260687954,high,-2.8421e-08,5.76621e-08,-0.0174487,1.67087,False,model_anchor:curve1:6.0:-0.00000;episode_start:curve1:6.1:0.00000;condition_peak:curve1:4.3:-0.00000;episode_end:curve1:3.6:-0.00000;episode_q25:curve1:5.9:0.00000;episode_q50:curve1:5.0:0.00000;episode_q75:curve1:4.0:-0.00000,train_curve_coord_valid_normal_or_weak,道路坐标确认在弯道，车辆动态较弱或更像正常过弯，作为弯道普通/弱侧倾训练候选,道路坐标确认在弯道，车辆动态较弱或更像正常过弯，作为弯道普通/弱侧倾训练候选,True,False,False,False,,train_curve_normal_or_weak,弯道普通/弱侧倾训练候选,道路坐标确认在弯道，车辆动态较弱或更像正常过弯；保留为弯道普通/弱侧倾训练候选。,True,False,False,False,0,高度微动正常,True,True,False,
rec_v1_zt_2025_09_28_11_20_08_0012,zt,2025_09_28_11_20_08,F:\data_set_process\data_process\01_datasets\数据预处理\原始车辆数据\zt\Entity_Recording_2025_09_28_11_20_08_vehicle.csv,12,338.582,356.58,17.99799999999999,340.795,338.747,338.967,340.795,339.477,车辆先变化,0.2199999999999704,极强,5,4.0,4.0,3.2,方向盘快速操作,正常,True,False,True,True,0.8,98.44364537037038,4.827991481481481,0.2218461296296296,0.2459875555555555,0.067127237037037,2.333897962962963,5.550368575673639,0.5039865555555555,40.00048703703703,3.319600185185185,336.582,358.58,curve2,弯道路段,341.653,-5.927999999999997,core_extreme,核心极限样本,车辆动态强且驾驶员转向明显,多输出轨迹预测,,,False,False,保留为主训练候选,用户已初步复核，核心/保守弱操作/次级样本整体可保留,True,False,False,True,0.0193000000000012,0.0866666666663604,0.04592851,0.105217,3.49166,40.01519999999999,0.510796,0.1224997,4.83342,0.222344,True,False,False,False,False,False,False,review_duration_15_20s,持续时间 15-20 秒，接近或超过常规事件上限，先进入复核而不直接训练,持续时间 18.00 秒，接近或超过常规事件上限，先进入复核而不直接训练,False,True,False,False,,True,0.0154270996849454,0.0871812453536802,0.7993315898934988,0.865814696485623,1.74284,6,39.8697,40.01519999999999,0.480796,0.0454589878026797,False,False,True,True,False,review_duration_15_20s,持续时间 15-20 秒，先进入复核而不直接训练,持续时间 18.00 秒，先进入复核而不直接训练,False,True,False,False,F:\data_set_process\data_process\05_rebuild_from_raw_20260511\02_samples\record_level_episode_reconstruction_v1_3_cleaned\figures\review_panels_v1_3\03_15到20秒_需要复核\1440_rec_v1_zt_2025_09_28_11_20_08_0012.png,-13.1432,-13.1574,-13.1381,0.0142000000000006,0.0051000000000005,False,defer_prior_review,继承 v1.3：仍需要复核或拆分，暂不进入当前训练候选,继承 v1.3：仍需要复核或拆分，暂不进入当前训练候选,False,True,False,False,,defer_prior_review,继承 v1.4：仍需复核或拆分，不进入当前主训练候选,继承 v1.4：仍需复核或拆分，不进入当前主训练候选,False,True,False,False,,train_curve_unclear_or_weak,弯道训练候选：高度只存在小波动，侧倾较弱或普通，先纳入候选,弯道训练候选：高度只存在小波动，侧倾较弱或普通，先纳入候选,True,False,False,False,338.582,338.747,车辆响应,False,0.1650000000000204,False,336.747,338.747,338.747,344.747,,ok,curve2,curve2,curve2,curve2,curve2,8,True,curve2,curve2,-2.6938645110883373e-15,456.03774943638894,4688.62,-4744.12,523.9604162385988,452.1130272937336,783.7639820019859,low_but_context_usable,4.75166e-10,9.34794e-10,-0.476561,1.58619,False,model_anchor:curve2:456.0:0.00000;episode_start:curve2:452.1:-0.00000;driver_action:curve2:461.3:-0.00000;condition_peak:curve2:502.2:0.00000;episode_end:curve2:783.8:0.00000;episode_q25:curve2:545.8:-0.00000;episode_q50:curve2:623.2:0.00000;episode_q75:curve2:697.9:-0.00000,train_curve_coord_valid_normal_or_weak,道路坐标确认在弯道，车辆动态较弱或更像正常过弯，作为弯道普通/弱侧倾训练候选,道路坐标确认在弯道，车辆动态较弱或更像正常过弯，作为弯道普通/弱侧倾训练候选,True,False,False,False,,train_curve_normal_or_weak,弯道普通/弱侧倾训练候选,道路坐标确认在弯道，车辆动态较弱或更像正常过弯；保留为弯道普通/弱侧倾训练候选。,True,False,False,False,0,高度微动正常,True,True,False,
rec_v1_zt_2025_09_28_11_20_08_0013,zt,2025_09_28_11_20_08,F:\data_set_process\data_process\01_datasets\数据预处理\原始车辆数据\zt\Entity_Recording_2025_09_28_11_20_08_vehicle.csv,13,361.79,369.9,8.109999999999957,363.02,362.655,363.1,363.02,367.257,车辆先变化,0.44500000000005,极强,4,4.0,4.0,2.70256,方向盘快速操作,正常,True,False,True,True,0.8,121.54442592592592,2.801149074074074,0.1087565925925925,0.1389116111111111,0.0368878888888888,1.041499407407407,2.6317308184777914,0.3002559999999999,35.89372407407406,3.3431346296296294,359.79,371.9,middle_section,连续超车负荷事件段,367.105,1.259999999999991,core_extreme,核心极限样本,车辆动态强且驾驶员转向明显,多输出轨迹预测,,,False,False,保留为主训练候选,用户已初步复核，核心/保守弱操作/次级样本整体可保留,True,False,False,True,0.0099999999999997,0.0433333333346581,0.02952396,0.0790552,3.48962,35.90075,0.3002559999999999,0.0692004,2.8046,0.11003,False,False,False,False,False,False,False,train_target_extreme,核心/次级目标极限事件，未触发超长或路外恢复风险，保留为训练候选,核心/次级目标极限事件，未触发超长或路外恢复风险，保留为训练候选,True,False,False,False,,True,0.0114969512419254,0.0442575711445216,1.1496951241925746,0.8964241676942046,1.74481,2,29.93875,35.90075,0.270256,0.0307377109739174,False,False,True,True,True,defer_roadedge_or_offroad,车速/制动/横向偏移/高度残差组合提示可能是路边恢复或上下马路，暂不进入主训练,车速/制动/横向偏移/高度残差组合提示可能是路边恢复或上下马路，暂不进入主训练,False,True,False,False,,-13.1414,-13.1509,-13.1409,0.0094999999999991,0.0005000000000006,False,discard_roadedge_without_large_zdrop,用户复核后抛弃：属于疑似上下马路/路边恢复，但没有明显大幅向下 z_drop，不进入当前训练候选,用户复核后抛弃：属于疑似上下马路/路边恢复，但没有明显大幅向下 z_drop，不进入当前训练候选,False,False,False,True,,discard_prior_review,继承 v1.4：此前已舍弃或不适合作为当前主训练候选,继承 v1.4：此前已舍弃或不适合作为当前主训练候选,False,False,False,True,,discard_noncurve_prior_review,非弯道已舍弃或不适合作为当前候选：继承 v1.5,非弯道已舍弃或不适合作为当前候选：继承 v1.5,False,False,False,True,361.79,362.655,车辆响应,False,0.8649999999999523,False,360.655,362.655,362.655,368.655,,ok,curve2|middle_section,curve2|section5,curve2,curve2,curve2,6,True,curve2,curve2,0.0001958181356789,911.5454436369088,5150.45,-5273.95,928.1945860792952,892.9966406409745,1003.903520132436,low_but_context_usable,8.26023e-10,1.1368e-09,-0.965627,1.69057,False,model_anchor:curve2:911.5:0.00000;episode_start:curve2:893.0:0.00000;driver_action:curve2:920.7:-0.00000;condition_peak:curve2:919.1:0.00000;episode_end:middle_section:1000.0:-0.00000;episode_q25:curve2:935.7:-0.00000;episode_q50:curve2:981.4:-0.00000;episode_q75:middle_section:1003.9:-0.00000,train_curve_coord_valid_normal_or_weak,道路坐标确认在弯道，车辆动态较弱或更像正常过弯，作为弯道普通/弱侧倾训练候选,道路坐标确认在弯道，车辆动态较弱或更像正常过弯，作为弯道普通/弱侧倾训练候选,True,False,False,False,,train_curve_normal_or_weak,弯道普通/弱侧倾训练候选,道路坐标确认在弯道，车辆动态较弱或更像正常过弯；保留为弯道普通/弱侧倾训练候选。,True,False,False,False,0,高度微动正常,True,True,False,
rec_v1_zx_2025_09_27_16_32_00_0011,zx,2025_09_27_16_32_00,F:\data_set_process\data_process\01_datasets\数据预处理\原始车辆数据\zx\Entity_Recording_2025_09_27_16_32_00_vehicle.csv,11,401.22,407.341,6.120999999999981,401.336,401.316,401.751,401.336,403.316,车辆先变化,0.4350000000000023,极强,5,4.0,4.0,3.703130834562236,方向盘快速操作,可能切在事件中段,True,False,True,True,0.8,123.8527380952381,5.868851428571428,0.277476,0.4092309047619047,0.0834164547619047,3.288263095238095,21.93118094096756,0.0,5.31016666666666,3.4954197619047616,399.22,409.341,,,394.102,-10.178500000000042,core_extreme,核心极限样本,车辆动态强且驾驶员转向明显,多输出轨迹预测,,,False,False,保留为主训练候选,用户已初步复核，核心/保守弱操作/次级样本整体可保留,True,False,False,True,0.0075000000000002,0.0850000000027648,0.0050886,0.0130572,3.49961,5.310000000000002,0.0,0.1539819,5.87431,0.27795,False,False,False,False,False,False,False,train_target_extreme,核心/次级目标极限事件，未触发超长或路外恢复风险，保留为训练候选,核心/次级目标极限事件，未触发超长或路外恢复风险，保留为训练候选,True,False,False,False,,True,0.0075882040651649,0.085432653026359,1.0117605420219618,0.8603511637403022,1.749805,10,0.0580000000000069,5.310000000000002,0.03,0.0041199802241476,False,False,True,False,False,train_target_extreme,目标极限事件，未触发 v1.3 路边/超长风险，保留为训练候选,目标极限事件，未触发 v1.3 路边/超长风险，保留为训练候选,True,False,False,False,,-13.1415,-13.1447,-13.1372,0.0031999999999996,0.0043000000000006,False,train_target_extreme,继承 v1.3：目标极限事件，保留为训练候选,继承 v1.3：目标极限事件，保留为训练候选,True,False,False,False,,train_target_extreme,继承 v1.4：目标极限事件，保留为当前主训练候选,继承 v1.4：目标极限事件，保留为当前主训练候选,True,False,False,False,,train_noncurve_target_extreme,非弯道主训练候选：继承 v1.5，作为当前主训练集,非弯道主训练候选：继承 v1.5，作为当前主训练集,True,False,False,False,401.22,401.316,车辆响应,False,0.0959999999999468,False,399.316,401.316,401.316,407.316,,ok,curve2,curve2,curve2,curve2,curve2,8,True,curve2,curve2,2.2466450994922854e-13,567.808626190837,4801.91,-4871.66,587.1675048176048,565.9291044475364,700.9561308362986,low_but_context_usable,-9.19255e-10,1.74528e-09,-1.64687,1.74699,False,model_anchor:curve2:567.8:-0.00000;episode_start:curve2:565.9:-0.00000;driver_action:curve2:576.4:-0.00000;condition_peak:curve2:568.2:0.00000;episode_end:curve2:701.0:0.00000;episode_q25:curve2:597.9:-0.00000;episode_q50:curve2:635.8:0.00000;episode_q75:curve2:667.7:-0.00000,train_curve_coord_valid_roll_candidate,道路坐标确认在弯道，且车辆侧倾/横滚/横向动态明显，可作为弯道极限或近极限候选,道路坐标确认在弯道，且车辆侧倾/横滚/横向动态明显，可作为弯道极限或近极限候选,True,False,False,False,,train_curve_roll_dynamic,弯道侧倾/动态训练候选,道路坐标确认在弯道，车辆横滚/横摆/横向动态明显，动态信号数=2。,True,False,False,False,2,高度微动正常,True,True,False,
rec_v1_zx_2025_09_27_16_46_13_0003,zx,2025_09_27_16_46_13,F:\data_set_process\data_process\01_datasets\数据预处理\原始车辆数据\zx\Entity_Recording_2025_09_27_16_46_13_vehicle.csv,3,110.76,121.38,10.61999999999999,111.455,111.29,111.59,111.455,115.05,车辆先变化,0.2999999999999971,极强,5,4.0,4.0,3.5444403499817816,方向盘快速操作,正常,True,False,True,True,0.8,129.22538235294118,6.046687352941176,0.3077691470588235,0.4552927352941176,0.0869428323529411,3.2010735294117647,9.667191695506803,0.298354,9.932411764705904,3.464012352941176,108.76,123.38,curve1,弯道路段,115.605,-0.4649999999999892,core_extreme,核心极限样本,车辆动态强且驾驶员转向明显,多输出轨迹预测,,,False,False,保留为主训练候选,用户已初步复核，核心/保守弱操作/次级样本整体可保留,True,False,False,True,0.0185839999999999,0.0609999999999448,0.02682342,0.1054,3.4984,9.940000000000012,0.298354,0.1559128,6.04814,0.308148,False,False,False,False,False,False,False,train_target_extreme,核心/次级目标极限事件，未触发超长或路外恢复风险，保留为训练候选,核心/次级目标极限事件，未触发超长或路外恢复风险，保留为训练候选,True,False,False,False,,True,0.017195402474924,0.0604191451505553,0.9252799437647526,0.5683690280065898,1.747725,18,9.940000000000012,9.940000000000012,0.268354,0.0243140432500409,False,False,True,True,False,train_target_extreme,目标极限事件，未触发 v1.3 路边/超长风险，保留为训练候选,目标极限事件，未触发 v1.3 路边/超长风险，保留为训练候选,True,False,False,False,,-0.15240475,-0.154476,-0.135892,0.0020712499999999,0.0165127499999999,False,train_target_extreme,继承 v1.3：目标极限事件，保留为训练候选,继承 v1.3：目标极限事件，保留为训练候选,True,False,False,False,,train_target_extreme,继承 v1.4：目标极限事件，保留为当前主训练候选,继承 v1.4：目标极限事件，保留为当前主训练候选,True,False,False,False,,discard_curve_height_or_z_abnormal,弯道高度异常：高度明显变高、突变、非平滑，或不像正常下坡弯道,弯道高度异常：高度明显变高、突变、非平滑，或不像正常下坡弯道,False,False,False,True,110.76,111.29,车辆响应,False,0.5300000000000011,False,109.29,111.29,111.29,117.29,,ok,middle_section|curve1,section2|curve1,middle_section,section2,curve1,3,True,middle_section,section2,-1.3877787807814457e-17,4.034051230377426,2619.46,4.03365,4.297515777446163,3.686309483119061,7.353397301178601,high,0.0,1.90066e-09,1.5425,1.71094,False,model_anchor:middle_section:4.0:0.00000;episode_start:middle_section:3.7:-0.00000;driver_action:middle_section:4.4:-0.00000;condition_peak:middle_section:4.2:-0.00000;episode_end:curve1:6.8:-0.00000;episode_q25:middle_section:4.0:-0.00000;episode_q50:curve1:7.4:0.00000;episode_q75:curve1:4.6:-0.00000,train_curve_coord_valid_roll_candidate,道路坐标确认在弯道，且车辆侧倾/横滚/横向动态明显，可作为弯道极限或近极限候选,道路坐标确认在弯道，且车辆侧倾/横滚/横向动态明显，可作为弯道极限或近极限候选,True,False,False,False,,train_curve_roll_dynamic,弯道侧倾/动态训练候选,道路坐标确认在弯道，车辆横滚/横摆/横向动态明显，动态信号数=2。,True,False,False,False,2,高度微动正常,True,True,False,
rec_v1_zx_2025_09_27_16_46_13_0005,zx,2025_09_27_16_46_13,F:\data_set_process\data_process\01_datasets\数据预处理\原始车辆数据\zx\Entity_Recording_2025_09_27_16_46_13_vehicle.csv,5,167.965,169.265,1.299999999999983,167.98,167.97,168.37,167.98,168.545,车辆先变化,0.4000000000000057,极强,1,4.0,4.0,1.7365479229977738,方向盘快速操作,坐标风险高,False,True,False,True,1.0,10.891635294117648,0.3496165588235294,0.0644300147058823,0.0317030264705882,0.0057628955882352,2.3934711764705883,4.736302491348164,0.2447465999999999,12.190048235294116,2.4823467647058823,165.965,171.265,,,162.57,-6.045000000000016,review,需要复核,窗口/坐标风险,人工复核后再决定,,,False,False,暂不进入训练,用户复核后认为需要复核类基本可舍去，先整体降为舍弃/暂缓,False,False,True,True,0.0663450000000001,0.1065000000000964,0.0247113549999999,0.0964978,2.49783,12.19569,0.2495034,0.00922362,0.361424,0.0645123,False,False,False,False,False,False,False,discard_prior_review,v1.1 已经人工复核为舍弃/暂缓，本轮继续不进入训练,v1.1 已经人工复核为舍弃/暂缓，本轮继续不进入训练,False,False,False,True,,True,0.0066418586672583,0.059900487982582,0.1001109151745918,1.0,1.248915,2,12.19569,12.19569,0.323739,0.0225666851318191,False,False,True,True,False,discard_prior_review,v1.1 已经人工复核为舍弃/暂缓，本轮继续不进入训练,v1.1 已经人工复核为舍弃/暂缓，本轮继续不进入训练,False,False,False,True,,-3.807865,-3.823935,-3.75759,0.0160700000000004,0.0502749999999996,False,discard_prior_review,继承 v1.3：此前已舍弃/暂缓，不进入当前训练候选,继承 v1.3：此前已舍弃/暂缓，不进入当前训练候选,False,False,False,True,,discard_prior_review,继承 v1.4：此前已舍弃或不适合作为当前主训练候选,继承 v1.4：此前已舍弃或不适合作为当前主训练候选,False,False,False,True,,train_curve_unclear_or_weak,弯道训练候选：高度只存在小波动，侧倾较弱或普通，先纳入候选,弯道训练候选：高度只存在小波动，侧倾较弱或普通，先纳入候选,True,False,False,False,167.965,167.97,车辆响应,False,0.0049999999999954,False,165.97,167.97,167.97,173.97,F:\data_set_process\data_process\05_rebuild_from_raw_20260511\02_samples\record_level_episode_reconstruction_v1_8_anchor_curve_revised\figures\review_panels_v1_8\04_弯道_高度小波动普通或弱侧倾_纳入\1482_rec_v1_zx_2025_09_27_16_46_13_0005.png,ok,curve1,curve1,curve1,curve1,curve1,8,True,curve1,curve1,-0.0072980233716964,163.05880276736386,4313.25,50.6855,161.45377556231807,159.11131787101522,163.07809938316674,medium,0.00763214,0.00778067,1.2352,1.23917,True,model_anchor:curve1:163.1:0.00763;episode_start:curve1:163.1:0.00763;driver_action:curve1:161.3:0.00778;condition_peak:curve1:163.0:0.00763;episode_end:curve1:159.1:0.00778;episode_q25:curve1:161.6:0.00778;episode_q50:curve1:160.5:0.00778;episode_q75:curve1:159.7:0.00778,train_curve_coord_valid_normal_or_weak,道路坐标确认在弯道，车辆动态较弱或更像正常过弯，作为弯道普通/弱侧倾训练候选,道路坐标确认在弯道，车辆动态较弱或更像正常过弯，作为弯道普通/弱侧倾训练候选,True,False,False,False,,train_curve_normal_or_weak,弯道普通/弱侧倾训练候选,道路坐标确认在弯道，车辆动态较弱或更像正常过弯；保留为弯道普通/弱侧倾训练候选。,True,False,False,False,0,高度微动正常,True,True,False,
rec_v1_zx_2025_09_27_16_46_13_0014,zx,2025_09_27_16_46_13,F:\data_set_process\data_process\01_datasets\数据预处理\原始车辆数据\zx\Entity_Recording_2025_09_27_16_46_13_vehicle.csv,14,419.575,423.255,3.680000000000007,421.39,421.385,,421.39,419.945,缺少一方起点,,极强,1,4.0,4.0,0.8272132791337689,制动为主,坐标风险高,True,False,False,True,0.8,106.0182205882353,1.9479682352941168,0.0733468647058823,0.0941144411764705,0.0295136176470588,0.7168116470588235,1.3020810553638336,0.316678,22.942558823529424,3.416701176470588,417.575,425.255,,,431.055,9.640000000000043,review,需要复核,窗口/坐标风险,人工复核后再决定,,,False,False,暂不进入训练,用户复核后认为需要复核类基本可舍去，先整体降为舍弃/暂缓,False,False,True,True,0.0135000000000005,0.0600000000001728,0.0303657699999999,0.0930442,3.48972,22.954,0.316678,0.0494842,1.94966,0.0734711,False,False,False,False,False,False,False,discard_prior_review,v1.1 已经人工复核为舍弃/暂缓，本轮继续不进入训练,v1.1 已经人工复核为舍弃/暂缓，本轮继续不进入训练,False,False,False,True,,True,0.0127691304365846,0.0687682556322414,0.945861513821052,0.9164969450101832,1.74486,2,22.954,22.954,0.286678,0.0353802937871266,False,False,True,True,False,discard_prior_review,v1.1 已经人工复核为舍弃/暂缓，本轮继续不进入训练,v1.1 已经人工复核为舍弃/暂缓，本轮继续不进入训练,False,False,False,True,,-13.1525,-13.1536,-13.1401,0.0011000000000009,0.0123999999999995,False,discard_prior_review,继承 v1.3：此前已舍弃/暂缓，不进入当前训练候选,继承 v1.3：此前已舍弃/暂缓，不进入当前训练候选,False,False,False,True,,discard_prior_review,继承 v1.4：此前已舍弃或不适合作为当前主训练候选,继承 v1.4：此前已舍弃或不适合作为当前主训练候选,False,False,False,True,,discard_noncurve_prior_review,非弯道已舍弃或不适合作为当前候选：继承 v1.5,非弯道已舍弃或不适合作为当前候选：继承 v1.5,False,False,False,True,419.575,421.385,车辆响应,False,1.8100000000000025,True,419.385,421.385,421.385,427.385,,ok,curve2,curve2,curve2,curve2,curve2,7,True,curve2,curve2,2.219699877558507e-13,509.56911558949,4742.86,-4803.6,509.6578634392648,471.15178612796257,546.1600164048937,low_but_context_usable,3.81934e-10,4.44089e-10,1.67692,1.73269,False,model_anchor:curve2:509.6:0.00000;episode_start:curve2:471.2:0.00000;condition_peak:curve2:509.7:0.00000;episode_end:curve2:546.2:-0.00000;episode_q25:curve2:491.1:0.00000;episode_q50:curve2:510.2:-0.00000;episode_q75:curve2:528.5:-0.00000,train_curve_coord_valid_normal_or_weak,道路坐标确认在弯道，车辆动态较弱或更像正常过弯，作为弯道普通/弱侧倾训练候选,道路坐标确认在弯道，车辆动态较弱或更像正常过弯，作为弯道普通/弱侧倾训练候选,True,False,False,False,,train_curve_normal_or_weak,弯道普通/弱侧倾训练候选,道路坐标确认在弯道，车辆动态较弱或更像正常过弯；保留为弯道普通/弱侧倾训练候选。,True,False,False,False,0,高度微动正常,True,True,False,
rec_v1_zx_2025_09_27_16_46_13_0015,zx,2025_09_27_16_46_13,F:\data_set_process\data_process\01_datasets\数据预处理\原始车辆数据\zx\Entity_Recording_2025_09_27_16_46_13_vehicle.csv,15,424.49,435.93,11.439999999999998,425.285,425.28,425.555,425.285,427.935,车辆先变化,0.2750000000000341,极强,5,4.0,4.0,2.988254183532863,方向盘快速操作,正常,True,False,True,True,0.8,111.98597058823528,8.469129705882352,1.156391176470588,0.9983235,0.1639742352941176,5.152675882352941,8.15023619377904,0.478574,111.76621764705882,3.380636470588235,422.49,437.93,curve2,弯道路段,431.055,0.8449999999999704,core_extreme,核心极限样本,车辆动态强且驾驶员转向明显,多输出轨迹预测,,,False,False,保留为主训练候选,用户已初步复核，核心/保守弱操作/次级样本整体可保留,True,False,False,True,0.0625,0.4599999999970805,0.0563588,0.127669,3.49595,111.81255,0.4785739999999999,0.2556866,8.54444,1.15855,False,False,False,False,False,True,False,train_target_extreme,核心/次级目标极限事件，未触发超长或路外恢复风险，保留为训练候选,核心/次级目标极限事件，未触发超长或路外恢复风险，保留为训练候选,True,False,False,False,,True,0.0627858919434309,0.4559691252323954,1.0045742710948955,0.8287087611972908,1.74386,16,97.99555,111.81255,0.448574,0.0557359745911078,False,False,True,True,False,train_target_extreme,目标极限事件，未触发 v1.3 路边/超长风险，保留为训练候选,目标极限事件，未触发 v1.3 路边/超长风险，保留为训练候选,True,False,False,False,,-13.1408,-13.1592,-13.0967,0.0183999999999997,0.0441000000000002,False,train_target_extreme,继承 v1.3：目标极限事件，保留为训练候选,继承 v1.3：目标极限事件，保留为训练候选,True,False,False,False,,train_target_extreme,继承 v1.4：目标极限事件，保留为当前主训练候选,继承 v1.4：目标极限事件，保留为当前主训练候选,True,False,False,False,,discard_curve_height_or_z_abnormal,弯道高度异常：高度明显变高、突变、非平滑，或不像正常下坡弯道,弯道高度异常：高度明显变高、突变、非平滑，或不像正常下坡弯道,False,False,False,True,424.49,425.28,车辆响应,False,0.7899999999999636,False,423.28,425.28,425.28,431.28,,ok,curve2,curve2,curve2,curve2,curve2,7,True,curve2,curve2,0.0,584.0319942677124,4818.36,-4890.69,625.4334242305299,569.3503323040626,762.2308445565152,low_but_context_usable,-8.57101e-10,8.57101e-10,-1.65721,1.65721,False,model_anchor:curve2:584.0:-0.00000;episode_start:curve2:569.4:-0.00000;driver_action:curve2:588.9:-0.00000;episode_end:curve2:762.2:0.00000;episode_q25:curve2:625.4:-0.00000;episode_q50:curve2:687.9:0.00000;episode_q75:curve2:736.9:-0.00000,train_curve_coord_valid_roll_candidate,道路坐标确认在弯道，且车辆侧倾/横滚/横向动态明显，可作为弯道极限或近极限候选,道路坐标确认在弯道，且车辆侧倾/横滚/横向动态明显，可作为弯道极限或近极限候选,True,False,False,False,,train_curve_roll_dynamic,弯道侧倾/动态训练候选,道路坐标确认在弯道，车辆横滚/横摆/横向动态明显，动态信号数=4。,True,False,False,False,4,高度小幅复核,True,True,False,F:\data_set_process\data_process\05_rebuild_from_raw_20260511\02_samples\record_level_episode_reconstruction_v2_0_no_history_reaudit\figures\review_panels_v2_0\03_弯道训练候选\1492_rec_v1_zx_2025_09_27_16_46_13_0015.png
rec_v1_zx_2025_09_27_17_14_07_0003,zx,2025_09_27_17_14_07,F:\data_set_process\data_process\01_datasets\数据预处理\原始车辆数据\zx\Entity_Recording_2025_09_27_17_14_07_vehicle.csv,3,127.58,140.27,12.690000000000012,128.815,128.81,130.385,128.815,134.905,车辆先变化,1.5749999999999886,极强,5,4.0,4.0,3.271350426882212,方向盘快速操作,正常,True,False,True,True,0.8,119.75588235294116,7.08596,0.2616652058823529,0.3807457941176471,0.09785745,3.185985294117647,6.890999204155861,0.0,17.835764705882355,3.4493311764705883,125.58,142.27,curve1|middle_section,弯道路段|连续超车负荷事件段,133.095,-0.8300000000000125,core_extreme,核心极限样本,车辆动态强且驾驶员转向明显,多输出轨迹预测,,,False,False,保留为主训练候选,用户已初步复核，核心/保守弱操作/次级样本整体可保留,True,False,False,True,0.009852,0.031649999999983,0.00918354,0.0189273,3.49606,17.835999999999984,0.0,0.1718925,7.1138,0.261794,False,False,False,False,False,False,False,train_target_extreme,核心/次级目标极限事件，未触发超长或路外恢复风险，保留为训练候选,核心/次级目标极限事件，未触发超长或路外恢复风险，保留为训练候选,True,False,False,False,,True,0.0096061729604998,0.0302565732854806,0.9750480065468836,0.5166436872168604,1.747395,12,17.835999999999984,17.835999999999984,0.03,0.0061259221156911,False,False,True,False,False,train_target_extreme,目标极限事件，未触发 v1.3 路边/超长风险，保留为训练候选,目标极限事件，未触发 v1.3 路边/超长风险，保留为训练候选,True,False,False,False,,-0.14454175,-0.146154,-0.136302,0.0016122499999999,0.00823975,False,train_target_extreme,继承 v1.3：目标极限事件，保留为训练候选,继承 v1.3：目标极限事件，保留为训练候选,True,False,False,False,,train_target_extreme,继承 v1.4：目标极限事件，保留为当前主训练候选,继承 v1.4：目标极限事件，保留为当前主训练候选,True,False,False,False,,discard_curve_height_or_z_abnormal,弯道高度异常：高度明显变高、突变、非平滑，或不像正常下坡弯道,弯道高度异常：高度明显变高、突变、非平滑，或不像正常下坡弯道,False,False,False,True,127.58,128.81,车辆响应,False,1.230000000000004,False,126.81,128.81,128.81,134.81,,ok,middle_section|curve1,section2|curve1,middle_section,section2,curve1,2,True,middle_section,section2,-2.775557561562892e-17,4.345797144538179,2563.29,4.33987,4.382453182678351,2.8427154244277117,6.681544026061809,high,3.10773e-11,2.69561e-09,-1.655,1.66628,False,model_anchor:middle_section:4.3:0.00000;episode_start:middle_section:6.7:-0.00000;driver_action:middle_section:3.4:-0.00000;condition_peak:middle_section:4.3:-0.00000;episode_end:curve1:4.6:0.00000;episode_q25:middle_section:4.4:0.00000;episode_q50:middle_section:2.8:0.00000;episode_q75:curve1:5.1:0.00000,train_curve_coord_valid_roll_candidate,道路坐标确认在弯道，且车辆侧倾/横滚/横向动态明显，可作为弯道极限或近极限候选,道路坐标确认在弯道，且车辆侧倾/横滚/横向动态明显，可作为弯道极限或近极限候选,True,False,False,False,,train_curve_roll_dynamic,弯道侧倾/动态训练候选,道路坐标确认在弯道，车辆横滚/横摆/横向动态明显，动态信号数=2。,True,False,False,False,2,高度微动正常,True,True,False,F:\data_set_process\data_process\05_rebuild_from_raw_20260511\02_samples\record_level_episode_reconstruction_v2_0_no_history_reaudit\figures\review_panels_v2_0\03_弯道训练候选\1505_rec_v1_zx_2025_09_27_17_14_07_0003.png
rec_v1_zx_2025_09_27_17_14_07_0004,zx,2025_09_27_17_14_07,F:\data_set_process\data_process\01_datasets\数据预处理\原始车辆数据\zx\Entity_Recording_2025_09_27_17_14_07_vehicle.csv,4,153.915,156.63,2.7150000000000034,155.415,154.085,153.955,155.415,154.82,驾驶员先动,-0.1299999999999954,极强,2,4.0,4.0,2.0334738311309404,方向盘快速操作,正常,True,False,True,True,0.8,140.6665588235294,4.0181097058823525,0.158165,0.2368110588235293,0.0576126117647058,1.2608822941176472,4.283450173006983,0.0,2.432352941176476,3.4381344117647057,151.915,158.63,,,166.102,10.829500000000024,core_extreme,核心极限样本,车辆动态强且驾驶员转向明显,多输出轨迹预测,,,False,False,保留为主训练候选,用户已初步复核，核心/保守弱操作/次级样本整体可保留,True,False,False,True,0.004065,0.0190499999999413,0.00326298,0.0115408,3.49237,2.437000000000012,0.0,0.1000154,4.02216,0.158454,False,False,False,False,False,False,False,train_target_extreme,核心/次级目标极限事件，未触发超长或路外恢复风险，保留为训练候选,核心/次级目标极限事件，未触发超长或路外恢复风险，保留为训练候选,True,False,False,False,,True,0.0037693007176934,0.0168171781592938,0.9272572491250832,0.5271389144434223,1.746185,2,2.0565,2.437000000000012,0.03,0.0020284035546377,False,False,True,False,False,train_target_extreme,目标极限事件，未触发 v1.3 路边/超长风险，保留为训练候选,目标极限事件，未触发 v1.3 路边/超长风险，保留为训练候选,True,False,False,False,,-0.1431695,-0.14635,-0.142285,0.0031805,0.0008845,False,train_target_extreme,继承 v1.3：目标极限事件，保留为训练候选,继承 v1.3：目标极限事件，保留为训练候选,True,False,False,False,,train_target_extreme,继承 v1.4：目标极限事件，保留为当前主训练候选,继承 v1.4：目标极限事件，保留为当前主训练候选,True,False,False,False,,train_noncurve_target_extreme,非弯道主训练候选：继承 v1.5，作为当前主训练集,非弯道主训练候选：继承 v1.5，作为当前主训练集,True,False,False,False,153.915,153.955,驾驶员动作,False,0.0400000000000204,False,151.955,153.955,153.955,159.955,,ok,curve1,curve1,curve1,curve1,curve1,8,True,curve1,curve1,-2.8421709430404014e-14,6.096987951008502,3449.68,6.07949,5.2276830074863465,3.905849892899792,6.112295523600274,high,4.10087e-10,5.80722e-08,0.082931,1.70314,False,model_anchor:curve1:6.1:0.00000;episode_start:curve1:6.1:-0.00000;vehicle_response:curve1:6.1:0.00000;condition_peak:curve1:4.3:-0.00000;episode_end:curve1:4.1:0.00000;episode_q25:curve1:5.9:-0.00000;episode_q50:curve1:4.5:0.00000;episode_q75:curve1:3.9:-0.00000,train_curve_coord_valid_normal_or_weak,道路坐标确认在弯道，车辆动态较弱或更像正常过弯，作为弯道普通/弱侧倾训练候选,道路坐标确认在弯道，车辆动态较弱或更像正常过弯，作为弯道普通/弱侧倾训练候选,True,False,False,False,,train_curve_normal_or_weak,弯道普通/弱侧倾训练候选,道路坐标确认在弯道，车辆动态较弱或更像正常过弯；保留为弯道普通/弱侧倾训练候选。,True,False,False,False,0,高度微动正常,True,True,False,
rec_v1_zx_2025_09_27_17_14_07_0006,zx,2025_09_27_17_14_07,F:\data_set_process\data_process\01_datasets\数据预处理\原始车辆数据\zx\Entity_Recording_2025_09_27_17_14_07_vehicle.csv,6,192.59,193.76,1.1699999999999875,193.05,193.045,,193.05,192.635,缺少一方起点,,极强,1,4.0,4.0,0.2602642669763362,无明显操作,坐标风险高,True,False,False,True,0.8,119.96901470588236,1.931192647058824,0.0620524647058823,0.0401607294117647,0.0295050970588235,0.1854567411764706,0.5482386851210658,0.0,3.132676470588237,2.474410588235294,190.59,195.76,,,197.305,4.129999999999996,review,需要复核,窗口/坐标风险,人工复核后再决定,,,False,False,暂不进入训练,用户复核后认为需要复核类基本可舍去，先整体降为舍弃/暂缓,False,False,True,True,0.0006300000000001,0.0020000000000663,0.0001176449999999,0.000298854,2.49747,3.1330000000000098,0.0,0.020311665,1.93279,0.0620985,False,False,False,False,False,False,False,discard_prior_review,v1.1 已经人工复核为舍弃/暂缓，本轮继续不进入训练,v1.1 已经人工复核为舍弃/暂缓，本轮继续不进入训练,False,False,False,True,,True,0.0003971510998859,0.0026471376922489,0.6303985712473879,0.8848614072494669,1.248625,4,0.0619999999999976,3.1330000000000098,0.03,3.968992903177803e-05,False,False,True,False,False,discard_prior_review,v1.1 已经人工复核为舍弃/暂缓，本轮继续不进入训练,v1.1 已经人工复核为舍弃/暂缓，本轮继续不进入训练,False,False,False,True,,-7.14105,-7.1411,-7.14047,4.999999999988347e-05,0.0005800000000002,False,discard_prior_review,继承 v1.3：此前已舍弃/暂缓，不进入当前训练候选,继承 v1.3：此前已舍弃/暂缓，不进入当前训练候选,False,False,False,True,,discard_prior_review,继承 v1.4：此前已舍弃或不适合作为当前主训练候选,继承 v1.4：此前已舍弃或不适合作为当前主训练候选,False,False,False,True,,discard_noncurve_prior_review,非弯道已舍弃或不适合作为当前候选：继承 v1.5,非弯道已舍弃或不适合作为当前候选：继承 v1.5,False,False,False,True,192.59,193.045,车辆响应,False,0.4549999999999841,False,191.045,193.045,193.045,199.045,,ok,curve1,curve1,curve1,curve1,curve1,7,True,curve1,curve1,9.603854855593237e-08,284.0242973402079,4464.46,-245.023,284.0248052481277,283.5828849270257,284.14547452545514,medium,4.99853e-07,2.6092e-05,1.22693,1.22997,False,model_anchor:curve1:284.0:0.00000;episode_start:curve1:283.6:-0.00002;condition_peak:curve1:284.0:0.00000;episode_end:curve1:284.0:0.00003;episode_q25:curve1:283.9:-0.00001;episode_q50:curve1:284.1:0.00001;episode_q75:curve1:284.1:0.00002,train_curve_coord_valid_normal_or_weak,道路坐标确认在弯道，车辆动态较弱或更像正常过弯，作为弯道普通/弱侧倾训练候选,道路坐标确认在弯道，车辆动态较弱或更像正常过弯，作为弯道普通/弱侧倾训练候选,True,False,False,False,,train_curve_normal_or_weak,弯道普通/弱侧倾训练候选,道路坐标确认在弯道，车辆动态较弱或更像正常过弯；保留为弯道普通/弱侧倾训练候选。,True,False,False,False,0,高度微动正常,True,True,False,
rec_v1_zx_2025_09_27_17_14_07_0012,zx,2025_09_27_17_14_07,F:\data_set_process\data_process\01_datasets\数据预处理\原始车辆数据\zx\Entity_Recording_2025_09_27_17_14_07_vehicle.csv,12,380.105,391.01,10.904999999999973,380.135,380.13,380.14,380.135,388.645,车辆先变化,0.0099999999999909,极强,4,4.0,4.0,2.297540061787013,方向盘快速操作,可能切在事件中段,True,False,True,True,0.8,127.4291176470588,5.712012352941176,0.2013495588235294,0.2817176764705882,0.0774357205882353,2.5712065294117643,4.83969757785309,0.235936,10.178441176470583,3.48662294117647,378.105,393.01,,,378.0,-7.557500000000003,core_extreme,核心极限样本,车辆动态强且驾驶员转向明显,多输出轨迹预测,,,False,False,保留为主训练候选,用户已初步复核，核心/保守弱操作/次级样本整体可保留,True,False,False,True,0.0132999999999992,0.0450000000000727,0.02252407,0.0835814,3.49897,10.1785,0.235936,0.1418051,5.71538,0.20146,False,False,False,False,False,False,False,train_target_extreme,核心/次级目标极限事件，未触发超长或路外恢复风险，保留为训练候选,核心/次级目标极限事件，未触发超长或路外恢复风险，保留为训练候选,True,False,False,False,,True,0.0116398938552073,0.0452553944289192,0.8751799891133881,0.8922759569103828,1.74931,14,9.433000000000009,10.1785,0.205936,0.0203144043852057,False,False,True,True,False,train_target_extreme,目标极限事件，未触发 v1.3 路边/超长风险，保留为训练候选,目标极限事件，未触发 v1.3 路边/超长风险，保留为训练候选,True,False,False,False,,-13.14995,-13.1518,-13.1385,0.0018499999999992,0.0114499999999999,False,train_target_extreme,继承 v1.3：目标极限事件，保留为训练候选,继承 v1.3：目标极限事件，保留为训练候选,True,False,False,False,,train_target_extreme,继承 v1.4：目标极限事件，保留为当前主训练候选,继承 v1.4：目标极限事件，保留为当前主训练候选,True,False,False,False,,train_noncurve_target_extreme,非弯道主训练候选：继承 v1.5，作为当前主训练集,非弯道主训练候选：继承 v1.5，作为当前主训练集,True,False,False,False,380.105,380.13,车辆响应,False,0.0249999999999772,False,378.13,380.13,380.13,386.13,,ok,curve2,curve2,curve2,curve2,curve2,7,True,curve2,curve2,-2.693864511092012e-15,486.1775868068249,4719.14,-4776.01,545.3145637225416,485.5858735545805,732.4779780102397,low_but_context_usable,-8.26023e-10,1.77636e-09,-1.73713,1.74033,False,model_anchor:curve2:486.2:-0.00000;episode_start:curve2:485.6:-0.00000;driver_action:curve2:486.4:-0.00000;episode_end:curve2:732.5:-0.00000;episode_q25:curve2:545.3:-0.00000;episode_q50:curve2:608.0:0.00000;episode_q75:curve2:665.7:-0.00000,train_curve_coord_valid_roll_candidate,道路坐标确认在弯道，且车辆侧倾/横滚/横向动态明显，可作为弯道极限或近极限候选,道路坐标确认在弯道，且车辆侧倾/横滚/横向动态明显，可作为弯道极限或近极限候选,True,False,False,False,,train_curve_normal_or_weak,弯道普通/弱侧倾训练候选,道路坐标确认在弯道，车辆动态较弱或更像正常过弯；保留为弯道普通/弱侧倾训练候选。,True,False,False,False,1,高度微动正常,True,True,False,
rec_v1_zx_2025_09_27_17_14_07_0013,zx,2025_09_27_17_14_07,F:\data_set_process\data_process\01_datasets\数据预处理\原始车辆数据\zx\Entity_Recording_2025_09_27_17_14_07_vehicle.csv,13,401.875,404.155,2.2799999999999727,402.58,402.165,402.1,402.58,402.875,驾驶员先动,-0.0649999999999977,极强,2,4.0,4.0,2.3416090980814745,方向盘快速操作,正常,True,False,True,True,0.8,130.5535,4.008372647058824,0.1813621470588235,0.2146649705882353,0.0554975647058823,1.1140895,3.017880605537613,0.3342159999999999,18.70064705882353,3.431076470588235,399.875,406.155,middle_section,连续超车负荷事件段,402.105,-0.9099999999999682,core_extreme,核心极限样本,车辆动态强且驾驶员转向明显,多输出轨迹预测,,,False,False,保留为主训练候选,用户已初步复核，核心/保守弱操作/次级样本整体可保留,True,False,False,True,0.0108000000000014,0.0449999999998453,0.0294293099999999,0.0827179,3.49291,18.70200000000001,0.3342159999999999,0.1057280999999999,4.02571,0.181555,False,False,False,False,False,False,False,train_target_extreme,核心/次级目标极限事件，未触发超长或路外恢复风险，保留为训练候选,核心/次级目标极限事件，未触发超长或路外恢复风险，保留为训练候选,True,False,False,False,,True,0.0097543339058603,0.0415724302169118,0.9031790653573212,0.7721796276013143,1.746455,2,18.70200000000001,18.70200000000001,0.304216,0.0284750383408228,False,False,True,True,True,defer_roadedge_or_offroad,车速/制动/横向偏移/高度残差组合提示可能是路边恢复或上下马路，暂不进入主训练,车速/制动/横向偏移/高度残差组合提示可能是路边恢复或上下马路，暂不进入主训练,False,True,False,False,,-13.1453,-13.1529,-13.1421,0.0076,0.0032000000000014,False,discard_roadedge_without_large_zdrop,用户复核后抛弃：属于疑似上下马路/路边恢复，但没有明显大幅向下 z_drop，不进入当前训练候选,用户复核后抛弃：属于疑似上下马路/路边恢复，但没有明显大幅向下 z_drop，不进入当前训练候选,False,False,False,True,,discard_prior_review,继承 v1.4：此前已舍弃或不适合作为当前主训练候选,继承 v1.4：此前已舍弃或不适合作为当前主训练候选,False,False,False,True,,discard_noncurve_prior_review,非弯道已舍弃或不适合作为当前候选：继承 v1.5,非弯道已舍弃或不适合作为当前候选：继承 v1.5,False,False,False,True,401.875,402.1,驾驶员动作,False,0.2250000000000227,False,400.1,402.1,402.1,408.1,,ok,middle_section|curve2,section5|curve2,middle_section,section5,curve2,1,True,middle_section,section5,1.591095207477089e-13,1007.8251840336532,5249.51,-5390.41,1006.4050580829582,1003.423488513242,1007.8251840336532,low_but_context_usable,-9.32322e-11,8.57101e-10,1.34603,1.69909,False,model_anchor:middle_section:1007.8:-0.00000;episode_start:curve2:1003.4:0.00000;vehicle_response:middle_section:1007.6:-0.00000;condition_peak:middle_section:1006.6:-0.00000;episode_end:middle_section:1004.0:-0.00000;episode_q25:middle_section:1006.9:0.00000;episode_q50:middle_section:1006.2:0.00000;episode_q75:middle_section:1005.5:0.00000,train_curve_coord_valid_normal_or_weak,道路坐标确认在弯道，车辆动态较弱或更像正常过弯，作为弯道普通/弱侧倾训练候选,道路坐标确认在弯道，车辆动态较弱或更像正常过弯，作为弯道普通/弱侧倾训练候选,True,False,False,False,,train_curve_normal_or_weak,弯道普通/弱侧倾训练候选,道路坐标确认在弯道，车辆动态较弱或更像正常过弯；保留为弯道普通/弱侧倾训练候选。,True,False,False,False,0,高度微动正常,True,True,False,
rec_v1_zx_2025_09_27_17_25_16_0003,zx,2025_09_27_17_25_16,F:\data_set_process\data_process\01_datasets\数据预处理\原始车辆数据\zx\Entity_Recording_2025_09_27_17_25_16_vehicle.csv,3,81.977,90.145,8.167999999999992,84.38,82.892,82.742,84.38,85.562,驾驶员先动,-0.1499999999999914,极强,4,4.0,4.0,4.0,方向盘快速操作,正常,True,False,True,True,0.8,131.83111363636365,5.821767424242424,0.2404131363636363,0.3602610454545455,0.0806024257575757,3.1111815151515154,10.172319742884266,0.1731846515151515,14.374257575757582,3.322657727272728,79.977,92.145,curve1|middle_section,弯道路段|连续超车负荷事件段,86.04,-0.0210000000000007,core_extreme,核心极限样本,车辆动态强且驾驶员转向明显,多输出轨迹预测,,,False,False,保留为主训练候选,用户已初步复核，核心/保守弱操作/次级样本整体可保留,True,False,False,True,0.011443,0.0312000000000587,0.01495853,0.0705681,3.49933,14.413999999999987,0.175422,0.1568022,5.82454,0.24163,False,False,False,False,False,False,False,train_target_extreme,核心/次级目标极限事件，未触发超长或路外恢复风险，保留为训练候选,核心/次级目标极限事件，未触发超长或路外恢复风险，保留为训练候选,True,False,False,False,,True,0.0079847501678621,0.0311351928057999,0.697784686521203,0.5576981940618304,1.74516,8,14.413999999999987,14.413999999999987,0.145422,0.0091902444954021,False,False,True,False,False,train_target_extreme,目标极限事件，未触发 v1.3 路边/超长风险，保留为训练候选,目标极限事件，未触发 v1.3 路边/超长风险，保留为训练候选,True,False,False,False,,-0.147788,-0.149449,-0.138006,0.0016609999999999,0.009782,False,train_target_extreme,继承 v1.3：目标极限事件，保留为训练候选,继承 v1.3：目标极限事件，保留为训练候选,True,False,False,False,,train_target_extreme,继承 v1.4：目标极限事件，保留为当前主训练候选,继承 v1.4：目标极限事件，保留为当前主训练候选,True,False,False,False,,discard_curve_height_or_z_abnormal,弯道高度异常：高度明显变高、突变、非平滑，或不像正常下坡弯道,弯道高度异常：高度明显变高、突变、非平滑，或不像正常下坡弯道,False,False,False,True,81.977,82.742,驾驶员动作,False,0.7650000000000006,False,80.742,82.742,82.742,88.742,,ok,middle_section|curve1,section2|curve1,middle_section,section2,curve1,2,True,middle_section,section2,6.938893903907227e-17,4.797806150815737,2625.75,4.79214,4.905217553610897,3.0789871993992124,5.34148775262781,high,-9.19255e-10,9.19255e-10,-1.19079,1.62784,False,model_anchor:middle_section:4.8:-0.00000;episode_start:middle_section:4.4:0.00000;vehicle_response:middle_section:5.0:0.00000;condition_peak:middle_section:4.4:0.00000;episode_end:curve1:5.1:0.00000;episode_q25:middle_section:5.3:0.00000;episode_q50:middle_section:5.3:-0.00000;episode_q75:curve1:3.1:-0.00000,train_curve_coord_valid_roll_candidate,道路坐标确认在弯道，且车辆侧倾/横滚/横向动态明显，可作为弯道极限或近极限候选,道路坐标确认在弯道，且车辆侧倾/横滚/横向动态明显，可作为弯道极限或近极限候选,True,False,False,False,,train_curve_roll_dynamic,弯道侧倾/动态训练候选,道路坐标确认在弯道，车辆横滚/横摆/横向动态明显，动态信号数=2。,True,False,False,False,2,高度微动正常,True,True,False,
rec_v1_zx_2025_09_27_17_25_16_0004,zx,2025_09_27_17_25_16,F:\data_set_process\data_process\01_datasets\数据预处理\原始车辆数据\zx\Entity_Recording_2025_09_27_17_25_16_vehicle.csv,4,100.112,103.152,3.0400000000000063,100.142,100.12,,100.142,101.577,缺少一方起点,,极强,2,4.0,4.0,0.9499589599605174,弱操作,可能切在事件中段,True,False,True,True,0.8,144.8195909090909,2.838143333333334,0.0917654696969696,0.1189184696969697,0.0372438818181818,0.7906500606060606,1.99220447015599,0.0,2.8377424242424354,3.406970757575757,98.112,105.152,,,112.655,11.022999999999996,conservative_extreme,保守/弱操作极限样本,车辆动态强但驾驶员转向不强,车辆状态预测+驾驶员类型分类,,,False,False,保留为主训练候选,用户已初步复核，核心/保守弱操作/次级样本整体可保留,True,False,False,True,0.001446,0.015816666666609,0.0004412599999999,0.00216734,3.49508,2.838999999999998,0.0,0.0581449,2.84907,0.0920843,False,False,False,False,False,False,False,train_conservative_extreme,保守/弱操作极限样本，未触发超长或路外恢复风险，保留为训练候选,保守/弱操作极限样本，未触发超长或路外恢复风险，保留为训练候选,True,False,False,False,,True,0.0013965349961767,0.0156903333409908,0.9657918369133864,0.5822368421052632,1.74746,4,0.0235000000000127,2.838999999999998,0.03,0.0003919120998256,False,False,True,False,False,train_conservative_extreme,保守/弱操作极限样本，未触发 v1.3 路边/超长风险，保留为训练候选,保守/弱操作极限样本，未触发 v1.3 路边/超长风险，保留为训练候选,True,False,False,False,,-0.143225,-0.143898,-0.142452,0.000673,0.0007729999999999,False,train_conservative_extreme,继承 v1.3：保守/弱操作极限样本，保留为训练候选,继承 v1.3：保守/弱操作极限样本，保留为训练候选,True,False,False,False,,train_conservative_extreme,继承 v1.4：保守/弱操作极限样本，保留为当前主训练候选,继承 v1.4：保守/弱操作极限样本，保留为当前主训练候选,True,False,False,False,,train_noncurve_target_extreme,非弯道主训练候选：继承 v1.5，作为当前主训练集,非弯道主训练候选：继承 v1.5，作为当前主训练集,True,False,False,False,100.112,100.12,车辆响应,False,0.0080000000000097,False,98.12,100.12,100.12,106.12,,ok,curve1,curve1,curve1,curve1,curve1,7,True,curve1,curve1,-7.105427357589693e-15,4.359909342490915,3281.79,4.34571,4.343448386301142,3.4205360103021847,4.546358844189619,high,4.10087e-10,5.76621e-08,-1.66396,1.68938,False,model_anchor:curve1:4.4:0.00000;episode_start:curve1:4.4:0.00000;condition_peak:curve1:4.3:-0.00000;episode_end:curve1:4.5:0.00000;episode_q25:curve1:3.4:-0.00000;episode_q50:curve1:3.5:0.00000;episode_q75:curve1:3.8:-0.00000,train_curve_coord_valid_normal_or_weak,道路坐标确认在弯道，车辆动态较弱或更像正常过弯，作为弯道普通/弱侧倾训练候选,道路坐标确认在弯道，车辆动态较弱或更像正常过弯，作为弯道普通/弱侧倾训练候选,True,False,False,False,,train_curve_normal_or_weak,弯道普通/弱侧倾训练候选,道路坐标确认在弯道，车辆动态较弱或更像正常过弯；保留为弯道普通/弱侧倾训练候选。,True,False,False,False,0,高度微动正常,True,True,False,
rec_v1_zx_2025_09_27_17_25_16_0005,zx,2025_09_27_17_25_16,F:\data_set_process\data_process\01_datasets\数据预处理\原始车辆数据\zx\Entity_Recording_2025_09_27_17_25_16_vehicle.csv,5,104.477,107.697,3.219999999999999,105.917,105.452,105.365,105.917,107.46,驾驶员先动,-0.0870000000000033,极强,2,4.0,4.0,1.3761232267977483,制动为主,正常,True,False,True,True,0.8,147.62489393939393,2.6624830303030302,0.0835436893939394,0.1399126363636363,0.0397460212121212,0.8393604545454546,2.142528456076564,0.234397303030303,11.42919696969696,3.4190989393939395,102.477,109.697,,,112.655,6.567999999999998,conservative_extreme,保守/弱操作极限样本,车辆动态强但驾驶员转向不强,车辆状态预测+驾驶员类型分类,,,False,False,保留为主训练候选,用户已初步复核，核心/保守弱操作/次级样本整体可保留,True,False,False,True,0.00788,0.0344499999998646,0.02165319,0.068279,3.49559,11.436000000000009,0.238708,0.0710237,2.66594,0.083899,False,False,False,False,False,False,False,train_conservative_extreme,保守/弱操作极限样本，未触发超长或路外恢复风险，保留为训练候选,保守/弱操作极限样本，未触发超长或路外恢复风险，保留为训练候选,True,False,False,False,,True,0.0047033113412342,0.0319257455558127,0.5968669214764243,0.5582298136645962,1.747795,4,10.539500000000004,11.436000000000009,0.208708,0.0107360312500792,False,False,True,True,False,train_conservative_extreme,保守/弱操作极限样本，未触发 v1.3 路边/超长风险，保留为训练候选,保守/弱操作极限样本，未触发 v1.3 路边/超长风险，保留为训练候选,True,False,False,False,,-0.143388,-0.15049,-0.14261,0.007102,0.000778,False,train_conservative_extreme,继承 v1.3：保守/弱操作极限样本，保留为训练候选,继承 v1.3：保守/弱操作极限样本，保留为训练候选,True,False,False,False,,train_conservative_extreme,继承 v1.4：保守/弱操作极限样本，保留为当前主训练候选,继承 v1.4：保守/弱操作极限样本，保留为当前主训练候选,True,False,False,False,,train_noncurve_target_extreme,非弯道主训练候选：继承 v1.5，作为当前主训练集,非弯道主训练候选：继承 v1.5，作为当前主训练集,True,False,False,False,104.477,105.365,驾驶员动作,False,0.887999999999991,False,103.365,105.365,105.365,111.365,,ok,curve1,curve1,curve1,curve1,curve1,8,True,curve1,curve1,1.4210854715211697e-14,5.214724849071201,3494.33,5.21132,4.930574698239482,4.004601200460972,5.596579516153132,high,2.05044e-09,2.8421e-08,-0.800437,1.6874,False,model_anchor:curve1:5.2:0.00000;episode_start:curve1:5.6:-0.00000;vehicle_response:curve1:5.1:-0.00000;condition_peak:curve1:4.3:0.00000;episode_end:curve1:4.8:0.00000;episode_q25:curve1:5.3:0.00000;episode_q50:curve1:4.1:-0.00000;episode_q75:curve1:4.0:0.00000,train_curve_coord_valid_normal_or_weak,道路坐标确认在弯道，车辆动态较弱或更像正常过弯，作为弯道普通/弱侧倾训练候选,道路坐标确认在弯道，车辆动态较弱或更像正常过弯，作为弯道普通/弱侧倾训练候选,True,False,False,False,,train_curve_normal_or_weak,弯道普通/弱侧倾训练候选,道路坐标确认在弯道，车辆动态较弱或更像正常过弯；保留为弯道普通/弱侧倾训练候选。,True,False,False,False,0,高度微动正常,True,True,False,
rec_v1_zx_2025_09_27_17_29_08_0003,zx,2025_09_27_17_29_08,F:\data_set_process\data_process\01_datasets\数据预处理\原始车辆数据\zx\Entity_Recording_2025_09_27_17_29_08_vehicle.csv,3,124.065,127.315,3.25,124.49,124.235,124.79,124.49,124.905,车辆先变化,0.5550000000000068,极强,2,4.0,4.0,1.7560591838168105,方向盘快速操作,正常,True,False,True,True,0.8,129.6357205882353,4.020195588235294,0.1397110882352941,0.1462242058823529,0.0570628205882352,1.7395389705882351,4.481957711072846,0.0,4.76908823529412,3.424510588235294,122.065,129.315,curve1,弯道路段,122.6,-3.0900000000000034,core_extreme,核心极限样本,车辆动态强且驾驶员转向明显,多输出轨迹预测,,,False,False,保留为主训练候选,用户已初步复核，核心/保守弱操作/次级样本整体可保留,True,False,False,True,0.003913,0.01320000000001,0.0062561399999999,0.0228955,3.49223,4.771999999999991,0.0,0.11293,4.02309,0.139824,False,False,False,False,False,False,False,train_target_extreme,核心/次级目标极限事件，未触发超长或路外恢复风险，保留为训练候选,核心/次级目标极限事件，未触发超长或路外恢复风险，保留为训练候选,True,False,False,False,,True,0.0039345876108415,0.0131353895259579,1.0055168951805749,0.5926210607225212,1.746115,6,4.0989999999999895,4.771999999999991,0.03,0.0073832684248402,False,False,True,False,False,train_target_extreme,目标极限事件，未触发 v1.3 路边/超长风险，保留为训练候选,目标极限事件，未触发 v1.3 路边/超长风险，保留为训练候选,True,False,False,False,,-0.14292775,-0.145462,-0.141549,0.0025342499999999,0.00137875,False,train_target_extreme,继承 v1.3：目标极限事件，保留为训练候选,继承 v1.3：目标极限事件，保留为训练候选,True,False,False,False,,train_target_extreme,继承 v1.4：目标极限事件，保留为当前主训练候选,继承 v1.4：目标极限事件，保留为当前主训练候选,True,False,False,False,,discard_curve_height_or_z_abnormal,弯道高度异常：高度明显变高、突变、非平滑，或不像正常下坡弯道,弯道高度异常：高度明显变高、突变、非平滑，或不像正常下坡弯道,False,False,False,True,124.065,124.235,车辆响应,False,0.1700000000000017,False,122.235,124.235,124.235,130.235,,ok,curve1,curve1,curve1,curve1,curve1,8,True,curve1,curve1,0.0,7.431077699444264,2833.19,7.43092,6.759537467639518,3.3047273039746963,7.495522998417733,high,1.96755e-08,1.96755e-08,-1.07049,1.6634,False,model_anchor:curve1:7.4:0.00000;episode_start:curve1:7.5:-0.00000;driver_action:curve1:6.8:-0.00000;condition_peak:curve1:7.3:-0.00000;episode_end:curve1:4.4:0.00000;episode_q25:curve1:6.7:-0.00000;episode_q50:curve1:4.3:0.00000;episode_q75:curve1:3.3:-0.00000,train_curve_coord_valid_normal_or_weak,道路坐标确认在弯道，车辆动态较弱或更像正常过弯，作为弯道普通/弱侧倾训练候选,道路坐标确认在弯道，车辆动态较弱或更像正常过弯，作为弯道普通/弱侧倾训练候选,True,False,False,False,,train_curve_normal_or_weak,弯道普通/弱侧倾训练候选,道路坐标确认在弯道，车辆动态较弱或更像正常过弯；保留为弯道普通/弱侧倾训练候选。,True,False,False,False,0,高度微动正常,True,True,False,
rec_v1_zx_2025_09_27_17_29_08_0005,zx,2025_09_27_17_29_08,F:\data_set_process\data_process\01_datasets\数据预处理\原始车辆数据\zx\Entity_Recording_2025_09_27_17_29_08_vehicle.csv,5,177.135,185.96,8.825000000000017,178.56,177.995,177.86,178.56,181.585,驾驶员先动,-0.1349999999999909,极强,5,4.0,4.0,4.0,方向盘快速操作,正常,True,False,True,True,0.8,119.37211764705884,6.510505,0.2601285294117647,0.3949508235294118,0.0886111235294117,3.3532020588235296,11.191179930791236,0.0,13.975147058823552,3.426185882352941,175.135,187.96,,,122.6,-58.94750000000002,core_extreme,核心极限样本,车辆动态强且驾驶员转向明显,多输出轨迹预测,,,False,False,保留为主训练候选,用户已初步复核，核心/保守弱操作/次级样本整体可保留,True,False,False,True,0.0085600000000001,0.0340000000001055,0.00688126,0.0174009,3.4955100000000003,13.975000000000009,0.0,0.1672612,6.54513,0.260451,False,False,False,False,False,False,False,train_target_extreme,核心/次级目标极限事件，未触发超长或路外恢复风险，保留为训练候选,核心/次级目标极限事件，未触发超长或路外恢复风险，保留为训练候选,True,False,False,False,,True,0.0087474074631037,0.0337686327616411,1.02189339522239,0.6139903709997168,1.74608,10,13.957999999999998,13.975000000000009,0.03,0.007090980197114,False,False,True,False,False,train_target_extreme,目标极限事件，未触发 v1.3 路边/超长风险，保留为训练候选,目标极限事件，未触发 v1.3 路边/超长风险，保留为训练候选,True,False,False,False,,-6.143912500000001,-6.14653,-6.13797,0.0026174999999994,0.0059425000000006,False,train_target_extreme,继承 v1.3：目标极限事件，保留为训练候选,继承 v1.3：目标极限事件，保留为训练候选,True,False,False,False,,train_target_extreme,继承 v1.4：目标极限事件，保留为当前主训练候选,继承 v1.4：目标极限事件，保留为当前主训练候选,True,False,False,False,,train_noncurve_target_extreme,非弯道主训练候选：继承 v1.5，作为当前主训练集,非弯道主训练候选：继承 v1.5，作为当前主训练集,True,False,False,False,177.135,177.86,驾驶员动作,False,0.7250000000000227,False,175.86,177.86,177.86,183.86,,ok,curve1,curve1,curve1,curve1,curve1,8,True,curve1,curve1,-0.0072980238261389,329.56402571995443,4400.11,220.881,367.4777005792705,304.0176469667737,597.1792126636959,medium,4.13012e-10,9.19255e-10,0.161715,1.71257,False,model_anchor:curve1:329.6:0.00000;episode_start:curve1:304.0:-0.00000;vehicle_response:curve1:334.3:0.00000;condition_peak:curve1:354.0:0.00000;episode_end:curve1:597.2:-0.00000;episode_q25:curve1:381.0:0.00000;episode_q50:curve1:455.6:0.00000;episode_q75:curve1:527.3:-0.00000,train_curve_coord_valid_roll_candidate,道路坐标确认在弯道，且车辆侧倾/横滚/横向动态明显，可作为弯道极限或近极限候选,道路坐标确认在弯道，且车辆侧倾/横滚/横向动态明显，可作为弯道极限或近极限候选,True,False,False,False,,train_curve_roll_dynamic,弯道侧倾/动态训练候选,道路坐标确认在弯道，车辆横滚/横摆/横向动态明显，动态信号数=2。,True,False,False,False,2,高度微动正常,True,True,False,F:\data_set_process\data_process\05_rebuild_from_raw_20260511\02_samples\record_level_episode_reconstruction_v2_0_no_history_reaudit\figures\review_panels_v2_0\03_弯道训练候选\1537_rec_v1_zx_2025_09_27_17_29_08_0005.png
rec_v1_zx_2025_09_27_17_29_08_0006,zx,2025_09_27_17_29_08,F:\data_set_process\data_process\01_datasets\数据预处理\原始车辆数据\zx\Entity_Recording_2025_09_27_17_29_08_vehicle.csv,6,188.79,190.46,1.670000000000016,190.38,190.365,,190.38,189.885,缺少一方起点,,极强,1,4.0,4.0,0.5558552323785554,无明显操作,坐标风险高,True,False,False,True,0.8,115.958,2.5912211764705884,0.0884399823529411,0.066159994117647,0.0338126852941176,0.6395654147058825,1.4186991349484872,0.0,2.348882352941174,3.4168561764705885,186.79,192.46,,,122.6,-67.025,review,需要复核,窗口/坐标风险,人工复核后再决定,,,False,False,暂不进入训练,用户复核后认为需要复核类基本可舍去，先整体降为舍弃/暂缓,False,False,True,True,0.0011550000000006,0.0035000000000309,0.00039502,0.00350179,3.4897400000000003,2.347999999999999,0.0,0.03770781,2.59289,0.0884795,False,False,False,False,False,False,False,discard_prior_review,v1.1 已经人工复核为舍弃/暂缓，本轮继续不进入训练,v1.1 已经人工复核为舍弃/暂缓，本轮继续不进入训练,False,False,False,True,,True,0.0010883096560059,0.0034067267916024,0.9422594424288836,0.7608370702541106,1.74487,2,0.0309999999999917,2.347999999999999,0.03,0.0003789638353516,False,False,True,False,False,discard_prior_review,v1.1 已经人工复核为舍弃/暂缓，本轮继续不进入训练,v1.1 已经人工复核为舍弃/暂缓，本轮继续不进入训练,False,False,False,True,,-6.1420175,-6.142445,-6.14129,0.0004275000000006,0.0007274999999999,False,discard_prior_review,继承 v1.3：此前已舍弃/暂缓，不进入当前训练候选,继承 v1.3：此前已舍弃/暂缓，不进入当前训练候选,False,False,False,True,,discard_prior_review,继承 v1.4：此前已舍弃或不适合作为当前主训练候选,继承 v1.4：此前已舍弃或不适合作为当前主训练候选,False,False,False,True,,discard_noncurve_prior_review,非弯道已舍弃或不适合作为当前候选：继承 v1.5,非弯道已舍弃或不适合作为当前候选：继承 v1.5,False,False,False,True,188.79,190.365,车辆响应,False,1.575000000000017,True,188.365,190.365,190.365,196.365,,ok,curve1,curve1,curve1,curve1,curve1,7,True,curve1,curve1,-0.0072980238247788,736.8347251433187,4710.43,484.651,726.3086879873196,686.1691777701805,739.9073790144729,low_but_context_usable,6.21546e-11,9.50332e-10,1.68149,1.70888,False,model_anchor:curve1:736.8:0.00000;episode_start:curve1:686.2:-0.00000;condition_peak:curve1:737.3:-0.00000;episode_end:curve1:739.9:0.00000;episode_q25:curve1:699.4:-0.00000;episode_q50:curve1:712.9:-0.00000;episode_q75:curve1:726.3:0.00000,train_curve_coord_valid_normal_or_weak,道路坐标确认在弯道，车辆动态较弱或更像正常过弯，作为弯道普通/弱侧倾训练候选,道路坐标确认在弯道，车辆动态较弱或更像正常过弯，作为弯道普通/弱侧倾训练候选,True,False,False,False,,train_curve_normal_or_weak,弯道普通/弱侧倾训练候选,道路坐标确认在弯道，车辆动态较弱或更像正常过弯；保留为弯道普通/弱侧倾训练候选。,True,False,False,False,0,高度微动正常,True,True,False,
rec_v1_zx_2025_09_27_17_29_08_0007,zx,2025_09_27_17_29_08,F:\data_set_process\data_process\01_datasets\数据预处理\原始车辆数据\zx\Entity_Recording_2025_09_27_17_29_08_vehicle.csv,7,193.495,194.56,1.0649999999999975,194.09,194.08,,194.09,193.595,缺少一方起点,,极强,1,4.0,4.0,0.5778609169316818,无明显操作,坐标风险高,True,False,False,True,0.8,122.18526470588236,2.043605588235294,0.0733838294117647,0.0876043117647058,0.0262938176470588,0.4203062235294117,1.4748638408304109,0.0,1.371470588235297,3.4682673529411763,191.495,196.56,,,122.6,-71.42750000000001,review,需要复核,窗口/坐标风险,人工复核后再决定,,,False,False,暂不进入训练,用户复核后认为需要复核类基本可舍去，先整体降为舍弃/暂缓,False,False,True,True,0.0007100000000006,0.0034999999999172,0.0003442,0.00157715,3.49673,1.3744999999999976,0.0,0.0404767,2.04511,0.0734474,False,False,False,False,False,False,False,discard_prior_review,v1.1 已经人工复核为舍弃/暂缓，本轮继续不进入训练,v1.1 已经人工复核为舍弃/暂缓，本轮继续不进入训练,False,False,False,True,,True,0.0007382977980903,0.0028109657729505,1.039856053647452,0.6908665105386417,1.748365,2,0.0305000000000035,1.3744999999999976,0.03,0.0001631288517131,False,False,True,False,False,discard_prior_review,v1.1 已经人工复核为舍弃/暂缓，本轮继续不进入训练,v1.1 已经人工复核为舍弃/暂缓，本轮继续不进入训练,False,False,False,True,,-6.14239,-6.14275,-6.14204,0.0003600000000005,0.00035,False,discard_prior_review,继承 v1.3：此前已舍弃/暂缓，不进入当前训练候选,继承 v1.3：此前已舍弃/暂缓，不进入当前训练候选,False,False,False,True,,discard_prior_review,继承 v1.4：此前已舍弃或不适合作为当前主训练候选,继承 v1.4：此前已舍弃或不适合作为当前主训练候选,False,False,False,True,,discard_noncurve_prior_review,非弯道已舍弃或不适合作为当前候选：继承 v1.5,非弯道已舍弃或不适合作为当前候选：继承 v1.5,False,False,False,True,193.495,194.08,车辆响应,False,0.585000000000008,False,192.08,194.08,194.08,200.08,,ok,curve1,curve1,curve1,curve1,curve1,7,True,curve1,curve1,-0.0072980238247788,860.2202451740724,4804.68,564.281,860.2202451740724,840.4289840635332,876.5501150620463,low_but_context_usable,8.88178e-10,2.66453e-09,-1.72362,1.73146,False,model_anchor:curve1:860.2:0.00000;episode_start:curve1:840.4:-0.00000;condition_peak:curve1:860.6:0.00000;episode_end:curve1:876.6:0.00000;episode_q25:curve1:849.4:-0.00000;episode_q50:curve1:858.4:0.00000;episode_q75:curve1:867.5:0.00000,train_curve_coord_valid_normal_or_weak,道路坐标确认在弯道，车辆动态较弱或更像正常过弯，作为弯道普通/弱侧倾训练候选,道路坐标确认在弯道，车辆动态较弱或更像正常过弯，作为弯道普通/弱侧倾训练候选,True,False,False,False,,train_curve_normal_or_weak,弯道普通/弱侧倾训练候选,道路坐标确认在弯道，车辆动态较弱或更像正常过弯；保留为弯道普通/弱侧倾训练候选。,True,False,False,False,0,高度微动正常,True,True,False,
rec_v1_zx_2025_09_27_17_29_08_0008,zx,2025_09_27_17_29_08,F:\data_set_process\data_process\01_datasets\数据预处理\原始车辆数据\zx\Entity_Recording_2025_09_27_17_29_08_vehicle.csv,8,199.31,200.37,1.0600000000000025,199.76,199.75,,199.76,199.605,缺少一方起点,,极强,1,4.0,4.0,0.3905678209826227,无明显操作,坐标风险高,True,False,False,True,0.8,129.00669117647058,2.0168694117647057,0.0672532323529411,0.0626997764705882,0.0260116117647058,0.3919340882352941,0.996839100345832,0.0,1.0367941176470763,3.425281470588235,197.31,202.37,,,274.55,74.71000000000001,review,需要复核,窗口/坐标风险,人工复核后再决定,,,False,False,暂不进入训练,用户复核后认为需要复核类基本可舍去，先整体降为舍弃/暂缓,False,False,True,True,0.0006099999999999,0.0025000000000545,0.0003701799999999,0.00367294,3.4923,1.0354999999999848,0.0,0.0376101,2.01879,0.0673093,False,False,False,False,False,False,False,discard_prior_review,v1.1 已经人工复核为舍弃/暂缓，本轮继续不进入训练,v1.1 已经人工复核为舍弃/暂缓，本轮继续不进入训练,False,False,False,True,,True,0.0005580168282666,0.0022165446390352,0.9147816856831278,0.7929411764705883,1.74615,2,0.0184999999999888,1.0354999999999848,0.03,0.0002192361279713,False,False,True,False,False,discard_prior_review,v1.1 已经人工复核为舍弃/暂缓，本轮继续不进入训练,v1.1 已经人工复核为舍弃/暂缓，本轮继续不进入训练,False,False,False,True,,-6.14291,-6.14309,-6.14248,0.0001800000000002,0.0004299999999997,False,discard_prior_review,继承 v1.3：此前已舍弃/暂缓，不进入当前训练候选,继承 v1.3：此前已舍弃/暂缓，不进入当前训练候选,False,False,False,True,,discard_prior_review,继承 v1.4：此前已舍弃或不适合作为当前主训练候选,继承 v1.4：此前已舍弃或不适合作为当前主训练候选,False,False,False,True,,discard_noncurve_prior_review,非弯道已舍弃或不适合作为当前候选：继承 v1.5,非弯道已舍弃或不适合作为当前候选：继承 v1.5,False,False,False,True,199.31,199.75,车辆响应,False,0.4399999999999977,False,197.75,199.75,199.75,205.75,,ok,curve1,curve1,curve1,curve1,curve1,7,True,curve1,curve1,-0.0072980238247788,1058.1024703616135,4955.91,691.901,1058.4666340602632,1042.406177753377,1080.3278676999646,low_but_context_usable,8.88178e-10,1.07464e-09,-1.6892,1.70656,False,model_anchor:curve1:1058.1:0.00000;episode_start:curve1:1042.4:-0.00000;condition_peak:curve1:1058.5:-0.00000;episode_end:curve1:1080.3:-0.00000;episode_q25:curve1:1051.9:-0.00000;episode_q50:curve1:1061.3:-0.00000;episode_q75:curve1:1070.8:0.00000,train_curve_coord_valid_normal_or_weak,道路坐标确认在弯道，车辆动态较弱或更像正常过弯，作为弯道普通/弱侧倾训练候选,道路坐标确认在弯道，车辆动态较弱或更像正常过弯，作为弯道普通/弱侧倾训练候选,True,False,False,False,,train_curve_normal_or_weak,弯道普通/弱侧倾训练候选,道路坐标确认在弯道，车辆动态较弱或更像正常过弯；保留为弯道普通/弱侧倾训练候选。,True,False,False,False,0,高度微动正常,True,True,False,
rec_v1_zx_2025_09_27_17_29_08_0009,zx,2025_09_27_17_29_08,F:\data_set_process\data_process\01_datasets\数据预处理\原始车辆数据\zx\Entity_Recording_2025_09_27_17_29_08_vehicle.csv,9,202.15,205.485,3.335000000000008,203.43,203.185,203.385,203.43,203.525,车辆先变化,0.1999999999999886,极强,5,4.0,4.0,2.9128734271457986,方向盘快速操作,正常,True,False,True,True,0.8,129.36611764705884,5.242458823529411,0.2370889705882353,0.3677256470588235,0.0729489176470588,2.3633095294117648,7.434473529416774,0.0,4.50626470588233,3.365836470588236,200.15,207.485,,,274.55,70.73250000000002,core_extreme,核心极限样本,车辆动态强且驾驶员转向明显,多输出轨迹预测,,,False,False,保留为主训练候选,用户已初步复核，核心/保守弱操作/次级样本整体可保留,True,False,False,True,0.0064599999999996,0.0345000000000936,0.00596169,0.0142297,3.48619,4.508999999999986,0.0,0.1436144,5.24965,0.237372,False,False,False,False,False,False,False,train_target_extreme,核心/次级目标极限事件，未触发超长或路外恢复风险，保留为训练候选,核心/次级目标极限事件，未触发超长或路外恢复风险，保留为训练候选,True,False,False,False,,True,0.0064537547820533,0.0344841893215503,0.9990332479959356,0.7303370786516854,1.743095,4,4.026999999999987,4.508999999999986,0.03,0.0052409420524425,False,False,True,False,False,train_target_extreme,目标极限事件，未触发 v1.3 路边/超长风险，保留为训练候选,目标极限事件，未触发 v1.3 路边/超长风险，保留为训练候选,True,False,False,False,,-6.1430725,-6.14673,-6.14027,0.0036575,0.0028024999999995,False,train_target_extreme,继承 v1.3：目标极限事件，保留为训练候选,继承 v1.3：目标极限事件，保留为训练候选,True,False,False,False,,train_target_extreme,继承 v1.4：目标极限事件，保留为当前主训练候选,继承 v1.4：目标极限事件，保留为当前主训练候选,True,False,False,False,,train_noncurve_target_extreme,非弯道主训练候选：继承 v1.5，作为当前主训练集,非弯道主训练候选：继承 v1.5，作为当前主训练集,True,False,False,False,202.15,203.185,车辆响应,False,1.0349999999999966,False,201.185,203.185,203.185,209.185,,ok,curve1,curve1,curve1,curve1,curve1,8,True,curve1,curve1,-0.0072980238247788,1182.632754845469,5051.53,771.682,1190.690760075776,1144.8130166679157,1264.6862372734763,low_but_context_usable,-6.21548e-11,1.77636e-09,1.1382,1.68786,False,model_anchor:curve1:1182.6:-0.00000;episode_start:curve1:1144.8:0.00000;driver_action:curve1:1189.9:0.00000;condition_peak:curve1:1191.5:0.00000;episode_end:curve1:1264.7:0.00000;episode_q25:curve1:1175.3:0.00000;episode_q50:curve1:1205.3:-0.00000;episode_q75:curve1:1235.1:0.00000,train_curve_coord_valid_roll_candidate,道路坐标确认在弯道，且车辆侧倾/横滚/横向动态明显，可作为弯道极限或近极限候选,道路坐标确认在弯道，且车辆侧倾/横滚/横向动态明显，可作为弯道极限或近极限候选,True,False,False,False,,train_curve_normal_or_weak,弯道普通/弱侧倾训练候选,道路坐标确认在弯道，车辆动态较弱或更像正常过弯；保留为弯道普通/弱侧倾训练候选。,True,False,False,False,1,高度微动正常,True,True,False,
rec_v1_zx_2025_09_27_17_45_11_0002,zx,2025_09_27_17_45_11,F:\data_set_process\data_process\01_datasets\数据预处理\原始车辆数据\zx\Entity_Recording_2025_09_27_17_45_11_vehicle.csv,2,91.173,99.93,8.757000000000005,94.823,92.185,91.248,94.823,92.893,驾驶员先动,-0.9369999999999976,极强,4,4.0,4.0,2.021011639174304,方向盘快速操作,正常,True,False,True,True,0.8,119.97210185185185,5.486167037037037,0.2794241666666666,0.4103033333333333,0.0761810018518518,2.508933111111111,5.814551604757422,0.1973029999999999,22.69264814814811,3.413180925925926,89.173,101.93,curve1|middle_section,弯道路段|连续超车负荷事件段,96.7,1.1484999999999983,core_extreme,核心极限样本,车辆动态强且驾驶员转向明显,多输出轨迹预测,,,False,False,保留为主训练候选,用户已初步复核，核心/保守弱操作/次级样本整体可保留,True,False,False,True,0.012222,0.0329333333333963,0.01878946,0.06544,3.4965,22.72500000000001,0.197303,0.1508695,5.49128,0.28039,False,False,False,False,False,False,False,train_target_extreme,核心/次级目标极限事件，未触发超长或路外恢复风险，保留为训练候选,核心/次级目标极限事件，未触发超长或路外恢复风险，保留为训练候选,True,False,False,False,,True,0.0087354361427193,0.0332818656838679,0.7147304976860865,0.5723665429631745,1.746555,6,22.72500000000001,22.72500000000001,0.167303,0.0166070680764845,False,False,True,True,True,defer_roadedge_or_offroad,车速/制动/横向偏移/高度残差组合提示可能是路边恢复或上下马路，暂不进入主训练,车速/制动/横向偏移/高度残差组合提示可能是路边恢复或上下马路，暂不进入主训练,False,True,False,False,,-0.149393,-0.150679,-0.138457,0.001286,0.010936,False,discard_roadedge_without_large_zdrop,用户复核后抛弃：属于疑似上下马路/路边恢复，但没有明显大幅向下 z_drop，不进入当前训练候选,用户复核后抛弃：属于疑似上下马路/路边恢复，但没有明显大幅向下 z_drop，不进入当前训练候选,False,False,False,True,,discard_prior_review,继承 v1.4：此前已舍弃或不适合作为当前主训练候选,继承 v1.4：此前已舍弃或不适合作为当前主训练候选,False,False,False,True,,discard_curve_height_or_z_abnormal,弯道高度异常：高度明显变高、突变、非平滑，或不像正常下坡弯道,弯道高度异常：高度明显变高、突变、非平滑，或不像正常下坡弯道,False,False,False,True,91.173,91.248,驾驶员动作,False,0.0750000000000028,False,89.248,91.248,91.248,97.248,,ok,middle_section|curve1,section2|curve1,middle_section,section2,curve1,2,True,middle_section,section2,0.0,5.111251980752368,2587.34,5.10819,4.830195741364847,2.524938811123887,6.562139643143945,high,8.57101e-10,2.58684e-09,-0.886754,1.66971,False,model_anchor:middle_section:5.1:0.00000;episode_start:middle_section:5.1:-0.00000;vehicle_response:middle_section:4.5:-0.00000;condition_peak:middle_section:4.3:0.00000;episode_end:curve1:4.2:-0.00000;episode_q25:middle_section:6.1:-0.00000;episode_q50:middle_section:2.5:-0.00000;episode_q75:curve1:6.6:-0.00000,train_curve_coord_valid_roll_candidate,道路坐标确认在弯道，且车辆侧倾/横滚/横向动态明显，可作为弯道极限或近极限候选,道路坐标确认在弯道，且车辆侧倾/横滚/横向动态明显，可作为弯道极限或近极限候选,True,False,False,False,,train_curve_normal_or_weak,弯道普通/弱侧倾训练候选,道路坐标确认在弯道，车辆动态较弱或更像正常过弯；保留为弯道普通/弱侧倾训练候选。,True,False,False,False,1,高度微动正常,True,True,False,
rec_v1_zx_2025_09_27_17_45_11_0012,zx,2025_09_27_17_45_11,F:\data_set_process\data_process\01_datasets\数据预处理\原始车辆数据\zx\Entity_Recording_2025_09_27_17_45_11_vehicle.csv,12,336.863,348.975,12.112000000000023,338.28,338.255,338.278,338.28,345.538,车辆先变化,0.0230000000000245,极强,4,4.0,4.0,4.0,方向盘快速操作,正常,True,False,True,True,0.8,109.0190462962963,5.523018888888888,0.2914545555555555,0.4315772592592592,0.0768442388888888,3.191011111111111,12.195596402373733,0.0,8.862759259259263,3.363756851851852,334.863,350.975,,,332.805,-10.113999999999976,core_extreme,核心极限样本,车辆动态强且驾驶员转向明显,多输出轨迹预测,,,False,False,保留为主训练候选,用户已初步复核，核心/保守弱操作/次级样本整体可保留,True,False,False,True,0.0089000000000005,0.0433333333344307,0.0071635699999999,0.0180736,3.49335,8.864000000000004,0.0,0.1529884,5.53978,0.292989,False,False,False,False,False,False,False,train_target_extreme,核心/次级目标极限事件，未触发超长或路外恢复风险，保留为训练候选,核心/次级目标极限事件，未触发超长或路外恢复风险，保留为训练候选,True,False,False,False,,True,0.0088390007726637,0.0434768609275454,0.9931461542318264,0.8930856553147575,1.74459,10,3.0260000000000105,8.864000000000004,0.03,0.0068050339784677,False,False,True,False,False,train_target_extreme,目标极限事件，未触发 v1.3 路边/超长风险，保留为训练候选,目标极限事件，未触发 v1.3 路边/超长风险，保留为训练候选,True,False,False,False,,-13.1436,-13.146,-13.1371,0.0024000000000015,0.006499999999999,False,train_target_extreme,继承 v1.3：目标极限事件，保留为训练候选,继承 v1.3：目标极限事件，保留为训练候选,True,False,False,False,,train_target_extreme,继承 v1.4：目标极限事件，保留为当前主训练候选,继承 v1.4：目标极限事件，保留为当前主训练候选,True,False,False,False,,train_noncurve_target_extreme,非弯道主训练候选：继承 v1.5，作为当前主训练集,非弯道主训练候选：继承 v1.5，作为当前主训练集,True,False,False,False,336.863,338.255,车辆响应,False,1.391999999999996,False,336.255,338.255,338.255,344.255,,ok,curve2,curve2,curve2,curve2,curve2,7,True,curve2,curve2,4.5202222672746265e-13,527.9015361129138,4761.45,-4825.24,561.1041072821272,500.9106467704444,738.2941059630335,low_but_context_usable,-4.59628e-10,9.50332e-10,1.59051,1.65558,False,model_anchor:curve2:527.9:-0.00000;episode_start:curve2:500.9:-0.00000;driver_action:curve2:528.4:0.00000;episode_end:curve2:738.3:0.00000;episode_q25:curve2:561.1:0.00000;episode_q50:curve2:615.7:0.00000;episode_q75:curve2:678.4:0.00000,train_curve_coord_valid_roll_candidate,道路坐标确认在弯道，且车辆侧倾/横滚/横向动态明显，可作为弯道极限或近极限候选,道路坐标确认在弯道，且车辆侧倾/横滚/横向动态明显，可作为弯道极限或近极限候选,True,False,False,False,,train_curve_normal_or_weak,弯道普通/弱侧倾训练候选,道路坐标确认在弯道，车辆动态较弱或更像正常过弯；保留为弯道普通/弱侧倾训练候选。,True,False,False,False,1,高度微动正常,True,True,False,
rec_v1_zx_2025_09_27_17_56_42_0003,zx,2025_09_27_17_56_42,F:\data_set_process\data_process\01_datasets\数据预处理\原始车辆数据\zx\Entity_Recording_2025_09_27_17_56_42_vehicle.csv,3,108.451,121.156,12.705000000000013,109.625,109.556,109.431,109.625,113.641,驾驶员先动,-0.125,极强,4,4.0,4.0,2.740763024271564,方向盘快速操作,正常,True,False,True,True,0.8,126.50763636363637,4.165542727272728,0.1564379545454545,0.2551793333333333,0.060570403030303,2.012725333333333,9.471633907262843,0.0,8.990545454545469,3.295046363636364,106.451,123.156,curve1,弯道路段,113.905,-0.8984999999999985,core_extreme,核心极限样本,车辆动态强且驾驶员转向明显,多输出轨迹预测,,,False,False,保留为主训练候选,用户已初步复核，核心/保守弱操作/次级样本整体可保留,True,False,False,True,0.0053549999999999,0.0297500000003179,0.0057608699999999,0.0213737,3.48881,8.99300000000001,0.0,0.1141204,4.17016,0.157151,False,False,False,False,False,False,False,train_target_extreme,核心/次级目标极限事件，未触发超长或路外恢复风险，保留为训练候选,核心/次级目标极限事件，未触发超长或路外恢复风险，保留为训练候选,True,False,False,False,,True,0.0047920793112277,0.0296454650534732,0.8948794231984851,0.5665092483274301,1.744405,14,4.362000000000009,8.99300000000001,0.03,0.0045277314944979,False,False,True,False,False,train_target_extreme,目标极限事件，未触发 v1.3 路边/超长风险，保留为训练候选,目标极限事件，未触发 v1.3 路边/超长风险，保留为训练候选,True,False,False,False,,-0.1437959999999999,-0.145167,-0.139812,0.001371,0.0039839999999999,False,train_target_extreme,继承 v1.3：目标极限事件，保留为训练候选,继承 v1.3：目标极限事件，保留为训练候选,True,False,False,False,,train_target_extreme,继承 v1.4：目标极限事件，保留为当前主训练候选,继承 v1.4：目标极限事件，保留为当前主训练候选,True,False,False,False,,discard_curve_height_or_z_abnormal,弯道高度异常：高度明显变高、突变、非平滑，或不像正常下坡弯道,弯道高度异常：高度明显变高、突变、非平滑，或不像正常下坡弯道,False,False,False,True,108.451,109.431,驾驶员动作,False,0.980000000000004,False,107.431,109.431,109.431,115.431,,ok,middle_section|curve1,section2|curve1,middle_section,section2,curve1,3,True,middle_section,section2,-5.551115123125783e-17,3.728672886578549,2620.97,3.70104,4.432767047451951,2.7405712436868743,7.344783077941647,high,0.0,9.50332e-10,1.206,1.63893,False,model_anchor:middle_section:3.7:0.00000;episode_start:middle_section:2.7:0.00000;vehicle_response:middle_section:4.0:0.00000;condition_peak:middle_section:4.1:-0.00000;episode_end:curve1:5.4:-0.00000;episode_q25:middle_section:4.7:-0.00000;episode_q50:curve1:7.3:-0.00000;episode_q75:curve1:5.9:-0.00000,train_curve_coord_valid_normal_or_weak,道路坐标确认在弯道，车辆动态较弱或更像正常过弯，作为弯道普通/弱侧倾训练候选,道路坐标确认在弯道，车辆动态较弱或更像正常过弯，作为弯道普通/弱侧倾训练候选,True,False,False,False,,train_curve_normal_or_weak,弯道普通/弱侧倾训练候选,道路坐标确认在弯道，车辆动态较弱或更像正常过弯；保留为弯道普通/弱侧倾训练候选。,True,False,False,False,0,高度微动正常,True,True,False,
rec_v1_zx_2025_09_27_18_00_08_0005,zx,2025_09_27_18_00_08,F:\data_set_process\data_process\01_datasets\数据预处理\原始车辆数据\zx\Entity_Recording_2025_09_27_18_00_08_vehicle.csv,5,173.385,176.233,2.848000000000013,174.003,173.99,174.18,174.003,174.353,车辆先变化,0.1899999999999977,极强,3,4.0,4.0,2.1906481666516098,方向盘快速操作,正常,True,False,True,True,0.8,136.8263611111111,4.191294814814815,0.1839007962962963,0.2883693333333333,0.0607009555555555,1.7252553703703704,5.010834426154763,0.0,1.8245555555555484,3.348556481481481,171.385,178.233,,,238.555,63.74600000000001,core_extreme,核心极限样本,车辆动态强且驾驶员转向明显,多输出轨迹预测,,,False,False,保留为主训练候选,用户已初步复核，核心/保守弱操作/次级样本整体可保留,True,False,False,True,0.0042699999999999,0.019500000000562,0.0007511999999999,0.00533585,3.48998,1.823999999999984,0.0,0.1148741,4.19733,0.184784,False,False,False,False,False,False,False,train_target_extreme,核心/次级目标极限事件，未触发超长或路外恢复风险，保留为训练候选,核心/次级目标极限事件，未触发超长或路外恢复风险，保留为训练候选,True,False,False,False,,True,0.0042152563806858,0.0193680876644933,0.9871794802543258,0.6417910447761194,1.74499,6,0.0199999999999818,1.823999999999984,0.03,0.0008015716641929,False,False,True,False,False,train_target_extreme,目标极限事件，未触发 v1.3 路边/超长风险，保留为训练候选,目标极限事件，未触发 v1.3 路边/超长风险，保留为训练候选,True,False,False,False,,-6.1432,-6.14471,-6.14044,0.0015099999999996,0.0027600000000003,False,train_target_extreme,继承 v1.3：目标极限事件，保留为训练候选,继承 v1.3：目标极限事件，保留为训练候选,True,False,False,False,,train_target_extreme,继承 v1.4：目标极限事件，保留为当前主训练候选,继承 v1.4：目标极限事件，保留为当前主训练候选,True,False,False,False,,train_noncurve_target_extreme,非弯道主训练候选：继承 v1.5，作为当前主训练集,非弯道主训练候选：继承 v1.5，作为当前主训练集,True,False,False,False,173.385,173.99,车辆响应,False,0.6050000000000182,False,171.99,173.99,173.99,179.99,,ok,curve1,curve1,curve1,curve1,curve1,8,True,curve1,curve1,-0.0072980238247788,1152.7383029940315,5028.37,752.774,1158.3259657148833,1129.8792942903365,1238.0827730373903,low_but_context_usable,0.0,1.80743e-09,1.6199,1.64869,False,model_anchor:curve1:1152.7:0.00000;episode_start:curve1:1129.9:0.00000;driver_action:curve1:1159.9:-0.00000;condition_peak:curve1:1153.3:-0.00000;episode_end:curve1:1238.1:-0.00000;episode_q25:curve1:1156.7:0.00000;episode_q50:curve1:1183.8:0.00000;episode_q75:curve1:1210.8:-0.00000,train_curve_coord_valid_normal_or_weak,道路坐标确认在弯道，车辆动态较弱或更像正常过弯，作为弯道普通/弱侧倾训练候选,道路坐标确认在弯道，车辆动态较弱或更像正常过弯，作为弯道普通/弱侧倾训练候选,True,False,False,False,,train_curve_normal_or_weak,弯道普通/弱侧倾训练候选,道路坐标确认在弯道，车辆动态较弱或更像正常过弯；保留为弯道普通/弱侧倾训练候选。,True,False,False,False,0,高度微动正常,True,True,False,
rec_v1_zx_2025_09_27_18_07_01_0023,zx,2025_09_27_18_07_01,F:\data_set_process\data_process\01_datasets\数据预处理\原始车辆数据\zx\Entity_Recording_2025_09_27_18_07_01_vehicle.csv,23,399.05,401.267,2.2169999999999845,399.59,399.557,,399.59,400.782,缺少一方起点,,极强,1,4.0,4.0,0.7924969004736004,无明显操作,坐标风险高,True,False,False,True,0.8,93.89012129629629,2.148829629629629,0.0934132629629629,0.0892068537037037,0.0275603592592592,0.833110462962963,1.983887082760707,0.0,6.350611111111121,3.428621296296296,397.05,403.267,,,407.905,7.746499999999969,review,需要复核,窗口/坐标风险,人工复核后再决定,,,False,False,暂不进入训练,用户复核后认为需要复核类基本可舍去，先整体降为舍弃/暂缓,False,False,True,True,0.0023000000000017,0.0216666666674427,0.003021743,0.0285471,3.49839,6.348650000000006,0.0,0.0459288,2.15021,0.0936131,False,False,False,False,False,False,False,discard_prior_review,v1.1 已经人工复核为舍弃/暂缓，本轮继续不进入训练,v1.1 已经人工复核为舍弃/暂缓，本轮继续不进入训练,False,False,False,True,,True,0.0022343535611693,0.0219719989411019,0.9714580700728906,0.9503945885005636,1.747635,4,0.0816500000000104,6.348650000000006,0.03,0.0029180756848172,False,False,True,False,False,discard_prior_review,v1.1 已经人工复核为舍弃/暂缓，本轮继续不进入训练,v1.1 已经人工复核为舍弃/暂缓，本轮继续不进入训练,False,False,False,True,,-13.1395,-13.1414,-13.1391,0.0019000000000009,0.0004000000000008,False,discard_prior_review,继承 v1.3：此前已舍弃/暂缓，不进入当前训练候选,继承 v1.3：此前已舍弃/暂缓，不进入当前训练候选,False,False,False,True,,discard_prior_review,继承 v1.4：此前已舍弃或不适合作为当前主训练候选,继承 v1.4：此前已舍弃或不适合作为当前主训练候选,False,False,False,True,,discard_noncurve_prior_review,非弯道已舍弃或不适合作为当前候选：继承 v1.5,非弯道已舍弃或不适合作为当前候选：继承 v1.5,False,False,False,True,399.05,399.557,车辆响应,False,0.507000000000005,False,397.557,399.557,399.557,405.557,,ok,curve2,curve2,curve2,curve2,curve2,7,True,curve2,curve2,0.0,854.640341011307,5092.75,-5208.25,855.4082159141208,847.0521089174389,883.6464858090653,low_but_context_usable,-7.63868e-10,1.77636e-09,-1.66781,1.73555,False,model_anchor:curve2:854.6:-0.00000;episode_start:curve2:847.1:0.00000;condition_peak:curve2:855.2:-0.00000;episode_end:curve2:883.6:0.00000;episode_q25:curve2:855.4:0.00000;episode_q50:curve2:864.3:-0.00000;episode_q75:curve2:873.8:0.00000,train_curve_coord_valid_normal_or_weak,道路坐标确认在弯道，车辆动态较弱或更像正常过弯，作为弯道普通/弱侧倾训练候选,道路坐标确认在弯道，车辆动态较弱或更像正常过弯，作为弯道普通/弱侧倾训练候选,True,False,False,False,,train_curve_normal_or_weak,弯道普通/弱侧倾训练候选,道路坐标确认在弯道，车辆动态较弱或更像正常过弯；保留为弯道普通/弱侧倾训练候选。,True,False,False,False,0,高度微动正常,True,True,False,
rec_v1_zx_2025_09_27_18_17_48_0002,zx,2025_09_27_18_17_48,F:\data_set_process\data_process\01_datasets\数据预处理\原始车辆数据\zx\Entity_Recording_2025_09_27_18_17_48_vehicle.csv,2,96.219,108.319,12.100000000000009,97.364,96.555,96.354,97.364,102.879,驾驶员先动,-0.2010000000000076,极强,5,4.0,4.0,4.0,方向盘快速操作,正常,True,False,True,True,0.8,134.2307619047619,6.405018095238095,0.3560650952380952,0.5901626428571429,0.0900721261904761,3.7367538095238095,28.737742420599844,0.0,9.053999999999988,3.354840238095238,94.219,110.319,curve1|middle_section,弯道路段|连续超车负荷事件段,102.79,0.5210000000000008,core_extreme,核心极限样本,车辆动态强且驾驶员转向明显,多输出轨迹预测,,,False,False,保留为主训练候选,用户已初步复核，核心/保守弱操作/次级样本整体可保留,True,False,False,True,0.0110579999999999,0.102850000001041,0.00845871,0.0173372,3.4975500000000004,9.055999999999983,0.0,0.1793044999999999,6.40991,0.35702,False,False,False,False,False,False,False,train_target_extreme,核心/次级目标极限事件，未触发超长或路外恢复风险，保留为训练候选,核心/次级目标极限事件，未触发超长或路外恢复风险，保留为训练候选,True,False,False,False,,True,0.0111253704960245,0.1029903552010953,1.0060924666327256,0.5126033057851239,1.74372,14,7.628499999999974,9.055999999999983,0.03,0.0085279039060343,False,False,True,False,False,train_target_extreme,目标极限事件，未触发 v1.3 路边/超长风险，保留为训练候选,目标极限事件，未触发 v1.3 路边/超长风险，保留为训练候选,True,False,False,False,,-0.143318,-0.147827,-0.136769,0.0045089999999999,0.0065489999999999,False,train_target_extreme,继承 v1.3：目标极限事件，保留为训练候选,继承 v1.3：目标极限事件，保留为训练候选,True,False,False,False,,train_target_extreme,继承 v1.4：目标极限事件，保留为当前主训练候选,继承 v1.4：目标极限事件，保留为当前主训练候选,True,False,False,False,,discard_curve_height_or_z_abnormal,弯道高度异常：高度明显变高、突变、非平滑，或不像正常下坡弯道,弯道高度异常：高度明显变高、突变、非平滑，或不像正常下坡弯道,False,False,False,True,96.219,96.354,驾驶员动作,False,0.1350000000000051,False,94.354,96.354,96.354,102.354,,ok,middle_section|curve1,section2|curve1,middle_section,section2,curve1,1,True,middle_section,section2,6.938893903897762e-18,3.774126166591047,2388.56,3.77388,3.972443928528957,3.150847411193892,7.088546200930746,high,-5.36746e-10,2.04473e-09,1.27864,1.67855,False,model_anchor:middle_section:3.8:-0.00000;episode_start:middle_section:4.0:0.00000;vehicle_response:middle_section:3.6:0.00000;condition_peak:middle_section:4.2:0.00000;episode_end:curve1:7.1:-0.00000;episode_q25:middle_section:4.5:0.00000;episode_q50:middle_section:4.0:-0.00000;episode_q75:middle_section:3.2:0.00000,train_curve_coord_valid_roll_candidate,道路坐标确认在弯道，且车辆侧倾/横滚/横向动态明显，可作为弯道极限或近极限候选,道路坐标确认在弯道，且车辆侧倾/横滚/横向动态明显，可作为弯道极限或近极限候选,True,False,False,False,,train_curve_roll_dynamic,弯道侧倾/动态训练候选,道路坐标确认在弯道，车辆横滚/横摆/横向动态明显，动态信号数=3。,True,False,False,False,3,高度微动正常,True,True,False,F:\data_set_process\data_process\05_rebuild_from_raw_20260511\02_samples\record_level_episode_reconstruction_v2_0_no_history_reaudit\figures\review_panels_v2_0\03_弯道训练候选\1624_rec_v1_zx_2025_09_27_18_17_48_0002.png
rec_v1_zx_2025_09_27_18_17_48_0003,zx,2025_09_27_18_17_48,F:\data_set_process\data_process\01_datasets\数据预处理\原始车辆数据\zx\Entity_Recording_2025_09_27_18_17_48_vehicle.csv,3,125.62,127.565,1.9449999999999927,126.759,126.74,126.655,126.759,126.739,驾驶员先动,-0.0849999999999937,极强,2,4.0,4.0,1.082834143626376,弱操作,正常,True,False,True,True,0.8,126.9930238095238,3.505993095238095,0.1314008809523809,0.1598844285714285,0.0502486761904761,1.0874853095238095,4.782449637182183,0.0,0.8262857142857172,3.384793571428572,123.62,129.565,,,140.205,13.612500000000011,conservative_extreme,保守/弱操作极限样本,车辆动态强但驾驶员转向不强,车辆状态预测+驾驶员类型分类,,,False,False,保留为主训练候选,用户已初步复核，核心/保守弱操作/次级样本整体可保留,True,False,False,True,0.00245,0.0182749999999032,0.00046227,0.00241654,3.48835,0.8269999999999982,0.0,0.0793816,3.5127,0.131603,False,False,False,False,False,False,False,train_conservative_extreme,保守/弱操作极限样本，未触发超长或路外恢复风险，保留为训练候选,保守/弱操作极限样本，未触发超长或路外恢复风险，保留为训练候选,True,False,False,False,,True,0.0023890563942133,0.0181621414706937,0.975125058862606,0.5347043701799485,1.744175,2,0.8269999999999982,0.8269999999999982,0.03,0.0004652405934085,False,False,True,False,False,train_conservative_extreme,保守/弱操作极限样本，未触发 v1.3 路边/超长风险，保留为训练候选,保守/弱操作极限样本，未触发 v1.3 路边/超长风险，保留为训练候选,True,False,False,False,,-0.144001,-0.144711,-0.142261,0.00071,0.0017399999999999,False,train_conservative_extreme,继承 v1.3：保守/弱操作极限样本，保留为训练候选,继承 v1.3：保守/弱操作极限样本，保留为训练候选,True,False,False,False,,train_conservative_extreme,继承 v1.4：保守/弱操作极限样本，保留为当前主训练候选,继承 v1.4：保守/弱操作极限样本，保留为当前主训练候选,True,False,False,False,,train_noncurve_target_extreme,非弯道主训练候选：继承 v1.5，作为当前主训练集,非弯道主训练候选：继承 v1.5，作为当前主训练集,True,False,False,False,125.62,126.655,驾驶员动作,False,1.0349999999999966,False,124.655,126.655,126.655,132.655,,ok,curve1,curve1,curve1,curve1,curve1,8,True,curve1,curve1,-1.4210854715202004e-14,4.505352109038365,3485.03,4.50397,4.422513500223181,2.886893198929616,5.07637374507348,high,4.10087e-10,5.78672e-08,-1.49262,1.69808,False,model_anchor:curve1:4.5:0.00000;episode_start:curve1:4.9:0.00000;vehicle_response:curve1:4.3:-0.00000;condition_peak:curve1:4.3:-0.00000;episode_end:curve1:2.9:0.00000;episode_q25:curve1:5.1:-0.00000;episode_q50:curve1:4.6:-0.00000;episode_q75:curve1:3.6:-0.00000,train_curve_coord_valid_normal_or_weak,道路坐标确认在弯道，车辆动态较弱或更像正常过弯，作为弯道普通/弱侧倾训练候选,道路坐标确认在弯道，车辆动态较弱或更像正常过弯，作为弯道普通/弱侧倾训练候选,True,False,False,False,,train_curve_normal_or_weak,弯道普通/弱侧倾训练候选,道路坐标确认在弯道，车辆动态较弱或更像正常过弯；保留为弯道普通/弱侧倾训练候选。,True,False,False,False,0,高度微动正常,True,True,False,
rec_v1_zxy_2025_09_28_15_57_38_0003,zxy,2025_09_28_15_57_38,F:\data_set_process\data_process\01_datasets\数据预处理\原始车辆数据\zxy\Entity_Recording_2025_09_28_15_57_38_vehicle.csv,3,127.21,142.197,14.987000000000007,130.582,128.177,129.072,130.582,132.032,车辆先变化,0.8950000000000102,极强,4,4.0,4.0,2.358565420666337,方向盘快速操作,正常,True,False,True,True,0.8,104.2153611111111,3.44344425925926,0.1631911481481481,0.1873323333333333,0.0476989777777777,1.5707287777777776,4.717130841332674,0.0469474,13.211629629629613,3.4380618518518515,125.21,144.197,curve1|middle_section,弯道路段|连续超车负荷事件段,133.9,-0.8034999999999854,core_extreme,核心极限样本,车辆动态强且驾驶员转向明显,多输出轨迹预测,,,False,False,保留为主训练候选,用户已初步复核，核心/保守弱操作/次级样本整体可保留,True,False,False,True,0.0027669999999999,0.0093166666667272,0.00517165,0.0163402,3.49851,13.21499999999999,0.0469474,0.0916186,3.45626,0.16421,False,False,False,False,False,False,False,train_target_extreme,核心/次级目标极限事件，未触发超长或路外恢复风险，保留为训练候选,核心/次级目标极限事件，未触发超长或路外恢复风险，保留为训练候选,True,False,False,False,,True,0.0024534725300336,0.009360900523469,0.8866904698351126,0.517931609674729,1.747955,8,13.170999999999992,13.21499999999999,0.03,0.0056597128478806,False,False,True,False,False,train_target_extreme,目标极限事件，未触发 v1.3 路边/超长风险，保留为训练候选,目标极限事件，未触发 v1.3 路边/超长风险，保留为训练候选,True,False,False,False,,-0.14323,-0.144753,-0.141986,0.0015229999999999,0.001244,False,train_target_extreme,继承 v1.3：目标极限事件，保留为训练候选,继承 v1.3：目标极限事件，保留为训练候选,True,False,False,False,,train_target_extreme,继承 v1.4：目标极限事件，保留为当前主训练候选,继承 v1.4：目标极限事件，保留为当前主训练候选,True,False,False,False,,discard_curve_height_or_z_abnormal,弯道高度异常：高度明显变高、突变、非平滑，或不像正常下坡弯道,弯道高度异常：高度明显变高、突变、非平滑，或不像正常下坡弯道,False,False,False,True,127.21,128.177,车辆响应,False,0.9669999999999987,False,126.177,128.177,128.177,134.177,,ok,middle_section|curve1,section2|curve1,middle_section,section2,curve1,3,True,middle_section,section2,5.551115123125783e-17,2.633017192398531,2600.94,2.5988,3.867653391497935,2.139890733787452,6.140133910014341,high,8.88178e-10,9.34794e-10,0.108765,1.635,False,model_anchor:middle_section:2.6:0.00000;episode_start:middle_section:2.1:0.00000;driver_action:middle_section:3.1:-0.00000;condition_peak:middle_section:4.1:-0.00000;episode_end:curve1:4.1:0.00000;episode_q25:middle_section:4.8:-0.00000;episode_q50:curve1:3.7:-0.00000;episode_q75:curve1:6.1:0.00000,train_curve_coord_valid_normal_or_weak,道路坐标确认在弯道，车辆动态较弱或更像正常过弯，作为弯道普通/弱侧倾训练候选,道路坐标确认在弯道，车辆动态较弱或更像正常过弯，作为弯道普通/弱侧倾训练候选,True,False,False,False,,train_curve_normal_or_weak,弯道普通/弱侧倾训练候选,道路坐标确认在弯道，车辆动态较弱或更像正常过弯；保留为弯道普通/弱侧倾训练候选。,True,False,False,False,0,高度微动正常,True,True,False,
rec_v1_zxy_2025_09_28_16_01_55_0006,zxy,2025_09_28_16_01_55,F:\data_set_process\data_process\01_datasets\数据预处理\原始车辆数据\zxy\Entity_Recording_2025_09_28_16_01_55_vehicle.csv,6,160.87,170.346,9.476,161.16,161.146,166.34,161.16,166.551,车辆先变化,5.194000000000017,极强,5,4.0,4.0,1.942955184413869,方向盘快速操作,正常,True,False,True,True,0.8,91.1224369047619,4.620731904761905,0.2164865476190476,0.2411261666666666,0.0640573928571428,2.1347884285714285,10.591929024914387,0.0,15.156838095238086,3.4483516666666665,158.87,172.346,,,145.18,-20.428,core_extreme,核心极限样本,车辆动态强且驾驶员转向明显,多输出轨迹预测,,,False,False,保留为主训练候选,用户已初步复核，核心/保守弱操作/次级样本整体可保留,True,False,False,True,0.0059599999999999,0.0382500000019376,0.01053647,0.0340635,3.49478,15.156350000000003,0.0,0.108563,4.63072,0.216779,False,False,False,False,False,False,False,train_target_extreme,核心/次级目标极限事件，未触发超长或路外恢复风险，保留为训练候选,核心/次级目标极限事件，未触发超长或路外恢复风险，保留为训练候选,True,False,False,False,,True,0.0062237022832185,0.0383282499365218,1.0442453495333324,0.6338696913743076,1.74739,14,0.0075499999999948,15.156350000000003,0.03,0.0104567595713238,False,False,True,False,False,train_target_extreme,目标极限事件，未触发 v1.3 路边/超长风险，保留为训练候选,目标极限事件，未触发 v1.3 路边/超长风险，保留为训练候选,True,False,False,False,,-6.14272,-6.14445,-6.13849,0.0017300000000002,0.0042299999999997,False,train_target_extreme,继承 v1.3：目标极限事件，保留为训练候选,继承 v1.3：目标极限事件，保留为训练候选,True,False,False,False,,train_target_extreme,继承 v1.4：目标极限事件，保留为当前主训练候选,继承 v1.4：目标极限事件，保留为当前主训练候选,True,False,False,False,,train_noncurve_target_extreme,非弯道主训练候选：继承 v1.5，作为当前主训练集,非弯道主训练候选：继承 v1.5，作为当前主训练集,True,False,False,False,160.87,161.146,车辆响应,False,0.275999999999982,False,159.146,161.146,161.146,167.146,,ok,curve1,curve1,curve1,curve1,curve1,8,True,curve1,curve1,-0.0072980238223155,163.89119814700143,4270.53,117.526,242.7564231356673,157.57684652412175,394.5626832229735,medium,1.37062e-07,1.37062e-07,1.21595,1.73427,False,model_anchor:curve1:163.9:0.00000;episode_start:curve1:157.6:-0.00000;driver_action:curve1:291.4:-0.00000;condition_peak:curve1:164.2:0.00000;episode_end:curve1:394.6:0.00000;episode_q25:curve1:212.8:-0.00000;episode_q50:curve1:272.7:-0.00000;episode_q75:curve1:332.5:0.00000,train_curve_coord_valid_normal_or_weak,道路坐标确认在弯道，车辆动态较弱或更像正常过弯，作为弯道普通/弱侧倾训练候选,道路坐标确认在弯道，车辆动态较弱或更像正常过弯，作为弯道普通/弱侧倾训练候选,True,False,False,False,,train_curve_normal_or_weak,弯道普通/弱侧倾训练候选,道路坐标确认在弯道，车辆动态较弱或更像正常过弯；保留为弯道普通/弱侧倾训练候选。,True,False,False,False,0,高度微动正常,True,True,False,
rec_v1_zxy_2025_09_28_16_01_55_0007,zxy,2025_09_28_16_01_55,F:\data_set_process\data_process\01_datasets\数据预处理\原始车辆数据\zxy\Entity_Recording_2025_09_28_16_01_55_vehicle.csv,7,172.326,179.931,7.605000000000018,173.885,173.201,173.616,173.885,176.656,车辆先变化,0.4150000000000204,极强,4,4.0,4.0,2.164147413575757,方向盘快速操作,正常,True,False,True,True,0.8,113.90340476190477,3.820977142857142,0.1448447857142857,0.2376396666666666,0.050894919047619,1.7098715476190476,11.797748083912436,0.0,20.29214285714285,3.398377857142857,170.326,181.931,,,145.18,-30.9485,core_extreme,核心极限样本,车辆动态强且驾驶员转向明显,多输出轨迹预测,,,False,False,保留为主训练候选,用户已初步复核，核心/保守弱操作/次级样本整体可保留,True,False,False,True,0.0029899999999996,0.042500000001155,0.00083951,0.00199396,3.49396,20.291,0.0,0.0951233,3.8318,0.145173,False,False,False,False,False,False,False,train_target_extreme,核心/次级目标极限事件，未触发超长或路外恢复风险，保留为训练候选,核心/次级目标极限事件，未触发超长或路外恢复风险，保留为训练候选,True,False,False,False,,True,0.0030217197847051,0.0424359196273316,1.01060862364733,0.6692965154503616,1.7446700000000002,6,0.0649999999999977,20.291,0.03,0.0005975634188261,False,False,True,True,False,train_target_extreme,目标极限事件，未触发 v1.3 路边/超长风险，保留为训练候选,目标极限事件，未触发 v1.3 路边/超长风险，保留为训练候选,True,False,False,False,,-6.1406,-6.1423,-6.13931,0.0016999999999995,0.00129,False,train_target_extreme,继承 v1.3：目标极限事件，保留为训练候选,继承 v1.3：目标极限事件，保留为训练候选,True,False,False,False,,train_target_extreme,继承 v1.4：目标极限事件，保留为当前主训练候选,继承 v1.4：目标极限事件，保留为当前主训练候选,True,False,False,False,,train_noncurve_target_extreme,非弯道主训练候选：继承 v1.5，作为当前主训练集,非弯道主训练候选：继承 v1.5，作为当前主训练集,True,False,False,False,172.326,173.201,车辆响应,False,0.875,False,171.201,173.201,173.201,179.201,,ok,curve1,curve1,curve1,curve1,curve1,8,True,curve1,curve1,-0.0072980238261389,475.3102500866272,4511.18,315.252,500.691841127987,449.8795694127127,689.8715649858042,low_but_context_usable,4.66159e-11,1.01249e-09,0.679133,1.67753,False,model_anchor:curve1:475.3:0.00000;episode_start:curve1:449.9:0.00000;driver_action:curve1:487.6:0.00000;condition_peak:curve1:495.6:0.00000;episode_end:curve1:689.9:0.00000;episode_q25:curve1:505.8:-0.00000;episode_q50:curve1:564.6:0.00000;episode_q75:curve1:626.0:0.00000,train_curve_coord_valid_normal_or_weak,道路坐标确认在弯道，车辆动态较弱或更像正常过弯，作为弯道普通/弱侧倾训练候选,道路坐标确认在弯道，车辆动态较弱或更像正常过弯，作为弯道普通/弱侧倾训练候选,True,False,False,False,,train_curve_normal_or_weak,弯道普通/弱侧倾训练候选,道路坐标确认在弯道，车辆动态较弱或更像正常过弯；保留为弯道普通/弱侧倾训练候选。,True,False,False,False,0,高度微动正常,True,True,False,
rec_v1_zxy_2025_09_28_16_01_55_0008,zxy,2025_09_28_16_01_55,F:\data_set_process\data_process\01_datasets\数据预处理\原始车辆数据\zxy\Entity_Recording_2025_09_28_16_01_55_vehicle.csv,8,182.781,186.375,3.593999999999994,183.61,182.896,182.795,183.61,182.826,驾驶员先动,-0.100999999999999,极强,2,4.0,4.0,3.0993753954496794,方向盘快速操作,正常,True,False,True,True,0.8,124.90686904761904,2.888853095238095,0.1382923809523809,0.2054123571428571,0.0401589857142857,1.0866004761904762,16.896099546460867,0.0,4.85940476190477,3.4085766666666664,180.781,188.375,,,145.18,-39.398,core_extreme,核心极限样本,车辆动态强且驾驶员转向明显,多输出轨迹预测,,,False,False,保留为主训练候选,用户已初步复核，核心/保守弱操作/次级样本整体可保留,True,False,False,True,0.0034300000000007,0.3782499999985589,0.00585459,0.0190058,3.4923,4.864999999999995,0.0,0.0789743,2.89077,0.138844,False,False,False,False,False,False,False,train_target_extreme,核心/次级目标极限事件，未触发超长或路外恢复风险，保留为训练候选,核心/次级目标极限事件，未触发超长或路外恢复风险，保留为训练候选,True,False,False,False,,True,0.0033837747032565,0.3787632524664305,0.9865232371008396,0.5880306193458594,1.74615,2,4.853999999999999,4.864999999999995,0.03,0.0074251885964845,False,False,True,False,False,train_target_extreme,目标极限事件，未触发 v1.3 路边/超长风险，保留为训练候选,目标极限事件，未触发 v1.3 路边/超长风险，保留为训练候选,True,False,False,False,,-6.14404,-6.14547,-6.14204,0.00143,0.0020000000000006,False,train_target_extreme,继承 v1.3：目标极限事件，保留为训练候选,继承 v1.3：目标极限事件，保留为训练候选,True,False,False,False,,train_target_extreme,继承 v1.4：目标极限事件，保留为当前主训练候选,继承 v1.4：目标极限事件，保留为当前主训练候选,True,False,False,False,,train_noncurve_target_extreme,非弯道主训练候选：继承 v1.5，作为当前主训练集,非弯道主训练候选：继承 v1.5，作为当前主训练集,True,False,False,False,182.781,182.795,驾驶员动作,False,0.0139999999999815,False,180.795,182.795,182.795,188.795,,ok,curve1,curve1,curve1,curve1,curve1,8,True,curve1,curve1,-0.0072980238247788,780.9498844265289,4743.76,513.558,820.922295460887,780.9498844265289,915.4943868601852,low_but_context_usable,-2.48619e-10,8.88178e-10,-1.20846,1.69366,False,model_anchor:curve1:780.9:-0.00000;episode_start:curve1:780.9:-0.00000;vehicle_response:curve1:794.5:-0.00000;condition_peak:curve1:819.7:0.00000;episode_end:curve1:915.5:0.00000;episode_q25:curve1:822.1:-0.00000;episode_q50:curve1:853.6:0.00000;episode_q75:curve1:884.5:0.00000,train_curve_coord_valid_normal_or_weak,道路坐标确认在弯道，车辆动态较弱或更像正常过弯，作为弯道普通/弱侧倾训练候选,道路坐标确认在弯道，车辆动态较弱或更像正常过弯，作为弯道普通/弱侧倾训练候选,True,False,False,False,,train_curve_normal_or_weak,弯道普通/弱侧倾训练候选,道路坐标确认在弯道，车辆动态较弱或更像正常过弯；保留为弯道普通/弱侧倾训练候选。,True,False,False,False,0,高度微动正常,True,True,False,
rec_v1_zxy_2025_09_28_16_01_55_0009,zxy,2025_09_28_16_01_55,F:\data_set_process\data_process\01_datasets\数据预处理\原始车辆数据\zxy\Entity_Recording_2025_09_28_16_01_55_vehicle.csv,9,193.17,195.746,2.576000000000022,194.161,193.671,193.61,194.161,194.321,驾驶员先动,-0.0609999999999786,极强,5,4.0,4.0,3.0579670386476883,方向盘快速操作,正常,True,False,True,True,0.8,128.28811904761903,5.932716666666666,0.3162356666666667,0.458523619047619,0.0840846357142857,3.0475664285714283,16.67036383222342,0.0,1.3714999999999975,3.328900476190476,191.17,197.746,,,145.18,-49.27799999999999,core_extreme,核心极限样本,车辆动态强且驾驶员转向明显,多输出轨迹预测,,,False,False,保留为主训练候选,用户已初步复核，核心/保守弱操作/次级样本整体可保留,True,False,False,True,0.00767,0.1147499999983665,0.0034997699999999,0.0136608,3.4856,1.372,0.0,0.15214,5.93721,0.316757,False,False,False,False,False,False,False,train_target_extreme,核心/次级目标极限事件，未触发超长或路外恢复风险，保留为训练候选,核心/次级目标极限事件，未触发超长或路外恢复风险，保留为训练候选,True,False,False,False,,True,0.0074121410485021,0.1135607950829445,0.96638084074344,0.6847720659553831,1.7428,6,0.0309999999999917,1.372,0.03,0.0037847746550322,False,False,True,False,False,train_target_extreme,目标极限事件，未触发 v1.3 路边/超长风险，保留为训练候选,目标极限事件，未触发 v1.3 路边/超长风险，保留为训练候选,True,False,False,False,,-6.14255,-6.14511,-6.13744,0.0025599999999998,0.0051100000000001,False,train_target_extreme,继承 v1.3：目标极限事件，保留为训练候选,继承 v1.3：目标极限事件，保留为训练候选,True,False,False,False,,train_target_extreme,继承 v1.4：目标极限事件，保留为当前主训练候选,继承 v1.4：目标极限事件，保留为当前主训练候选,True,False,False,False,,train_noncurve_target_extreme,非弯道主训练候选：继承 v1.5，作为当前主训练集,非弯道主训练候选：继承 v1.5，作为当前主训练集,True,False,False,False,193.17,193.61,驾驶员动作,False,0.4400000000000261,False,191.61,193.61,193.61,199.61,,ok,curve1,curve1,curve1,curve1,curve1,8,True,curve1,curve1,-0.0072980238247788,1169.4047518119685,5041.69,762.831,1182.8374457439827,1153.8033969210005,1245.383683774589,low_but_context_usable,-9.32322e-11,9.19255e-10,0.719128,1.63482,False,model_anchor:curve1:1169.4:-0.00000;episode_start:curve1:1153.8:0.00000;vehicle_response:curve1:1171.5:-0.00000;condition_peak:curve1:1189.0:0.00000;episode_end:curve1:1245.4:0.00000;episode_q25:curve1:1176.7:0.00000;episode_q50:curve1:1199.6:-0.00000;episode_q75:curve1:1222.4:-0.00000,train_curve_coord_valid_roll_candidate,道路坐标确认在弯道，且车辆侧倾/横滚/横向动态明显，可作为弯道极限或近极限候选,道路坐标确认在弯道，且车辆侧倾/横滚/横向动态明显，可作为弯道极限或近极限候选,True,False,False,False,,train_curve_roll_dynamic,弯道侧倾/动态训练候选,道路坐标确认在弯道，车辆横滚/横摆/横向动态明显，动态信号数=2。,True,False,False,False,2,高度微动正常,True,True,False,
rec_v1_zxy_2025_09_28_16_12_11_0003,zxy,2025_09_28_16_12_11,F:\data_set_process\data_process\01_datasets\数据预处理\原始车辆数据\zxy\Entity_Recording_2025_09_28_16_12_11_vehicle.csv,3,90.871,98.66,7.7890000000000015,93.396,91.955,91.865,93.396,95.356,驾驶员先动,-0.0900000000000034,极强,5,4.0,4.0,1.3846663865451327,方向盘快速操作,正常,True,False,True,True,0.8,132.25061904761904,4.422567619047619,0.1579796904761904,0.1803065714285714,0.0642595119047619,2.0116818333333333,8.626002380941056,0.0,6.989095238095246,3.442498333333333,88.871,100.66,curve1|middle_section,弯道路段|连续超车负荷事件段,96.331,1.5655,core_extreme,核心极限样本,车辆动态强且驾驶员转向明显,多输出轨迹预测,,,False,False,保留为主训练候选,用户已初步复核，核心/保守弱操作/次级样本整体可保留,True,False,False,True,0.0054899999999999,0.0297499999998738,0.00582847,0.0135357,3.49625,6.989000000000004,0.0,0.1158237,4.43443,0.158118,False,False,False,False,False,False,False,train_target_extreme,核心/次级目标极限事件，未触发超长或路外恢复风险，保留为训练候选,核心/次级目标极限事件，未触发超长或路外恢复风险，保留为训练候选,True,False,False,False,,True,0.0050887456306672,0.0296220043533035,0.9269117724348472,0.5393258426966292,1.74758,6,0.0310000000000059,6.989000000000004,0.03,0.0052328030619388,False,False,True,False,False,train_target_extreme,目标极限事件，未触发 v1.3 路边/超长风险，保留为训练候选,目标极限事件，未触发 v1.3 路边/超长风险，保留为训练候选,True,False,False,False,,-0.1426755,-0.145145,-0.139655,0.0024694999999999,0.0030205,False,train_target_extreme,继承 v1.3：目标极限事件，保留为训练候选,继承 v1.3：目标极限事件，保留为训练候选,True,False,False,False,,train_target_extreme,继承 v1.4：目标极限事件，保留为当前主训练候选,继承 v1.4：目标极限事件，保留为当前主训练候选,True,False,False,False,,discard_curve_height_or_z_abnormal,弯道高度异常：高度明显变高、突变、非平滑，或不像正常下坡弯道,弯道高度异常：高度明显变高、突变、非平滑，或不像正常下坡弯道,False,False,False,True,90.871,91.865,驾驶员动作,False,0.9939999999999998,False,89.865,91.865,91.865,97.865,,ok,middle_section|curve1,section2|curve1,middle_section,section2,curve1,1,True,middle_section,section2,1.3877787807814457e-17,3.908758290175919,2588.54,3.90869,4.120809300221423,3.632024733051368,6.686650519744495,high,3.81934e-10,9.34794e-10,1.41374,1.70502,False,model_anchor:middle_section:3.9:0.00000;episode_start:middle_section:4.0:0.00000;vehicle_response:middle_section:3.8:0.00000;condition_peak:middle_section:4.2:0.00000;episode_end:curve1:6.7:0.00000;episode_q25:middle_section:3.6:0.00000;episode_q50:middle_section:5.4:0.00000;episode_q75:middle_section:4.9:0.00000,train_curve_coord_valid_normal_or_weak,道路坐标确认在弯道，车辆动态较弱或更像正常过弯，作为弯道普通/弱侧倾训练候选,道路坐标确认在弯道，车辆动态较弱或更像正常过弯，作为弯道普通/弱侧倾训练候选,True,False,False,False,,train_curve_normal_or_weak,弯道普通/弱侧倾训练候选,道路坐标确认在弯道，车辆动态较弱或更像正常过弯；保留为弯道普通/弱侧倾训练候选。,True,False,False,False,0,高度微动正常,True,True,False,
rec_v1_zxy_2025_09_28_16_12_11_0004,zxy,2025_09_28_16_12_11,F:\data_set_process\data_process\01_datasets\数据预处理\原始车辆数据\zxy\Entity_Recording_2025_09_28_16_12_11_vehicle.csv,4,116.976,119.151,2.174999999999997,118.271,117.225,117.856,118.271,117.931,车辆先变化,0.6310000000000002,极强,2,4.0,4.0,1.2987004978841037,弱操作,正常,True,False,True,True,0.8,118.10921428571427,2.808019285714286,0.1115656904761904,0.1837227619047619,0.0415488119047619,0.9485576904761904,8.090464024933178,0.0,1.54690476190477,3.433096428571428,114.976,121.151,,,134.005,15.94149999999999,conservative_extreme,保守/弱操作极限样本,车辆动态强但驾驶员转向不强,车辆状态预测+驾驶员类型分类,,,False,False,保留为主训练候选,用户已初步复核，核心/保守弱操作/次级样本整体可保留,True,False,False,True,0.0034409999999999,0.0289000000003163,0.0051795,0.0213224,3.49437,1.5490000000000066,0.0,0.0690264,2.81141,0.111799,False,False,False,False,False,False,False,train_conservative_extreme,保守/弱操作极限样本，未触发超长或路外恢复风险，保留为训练候选,保守/弱操作极限样本，未触发超长或路外恢复风险，保留为训练候选,True,False,False,False,,True,0.0026314515087054,0.0297700439853892,0.7647345273773677,0.639080459770115,1.747185,2,0.0169999999999959,1.5490000000000066,0.03,0.0039887730004164,False,False,True,False,False,train_conservative_extreme,保守/弱操作极限样本，未触发 v1.3 路边/超长风险，保留为训练候选,保守/弱操作极限样本，未触发 v1.3 路边/超长风险，保留为训练候选,True,False,False,False,,-0.142759,-0.144504,-0.141063,0.0017449999999999,0.001696,False,train_conservative_extreme,继承 v1.3：保守/弱操作极限样本，保留为训练候选,继承 v1.3：保守/弱操作极限样本，保留为训练候选,True,False,False,False,,train_conservative_extreme,继承 v1.4：保守/弱操作极限样本，保留为当前主训练候选,继承 v1.4：保守/弱操作极限样本，保留为当前主训练候选,True,False,False,False,,train_noncurve_target_extreme,非弯道主训练候选：继承 v1.5，作为当前主训练集,非弯道主训练候选：继承 v1.5，作为当前主训练集,True,False,False,False,116.976,117.225,车辆响应,False,0.2489999999999952,False,115.225,117.225,117.225,123.225,,ok,curve1,curve1,curve1,curve1,curve1,8,True,curve1,curve1,-1.4210854715202004e-14,5.152140517086267,3464.99,5.14991,4.75215129091259,3.758601794933023,5.164306786996551,high,-3.04714e-08,3.04714e-08,-0.846667,1.69712,False,model_anchor:curve1:5.2:-0.00000;episode_start:curve1:5.1:0.00000;driver_action:curve1:4.9:-0.00000;condition_peak:curve1:4.3:0.00000;episode_end:curve1:3.8:-0.00000;episode_q25:curve1:5.2:-0.00000;episode_q50:curve1:4.6:0.00000;episode_q75:curve1:4.0:0.00000,train_curve_coord_valid_normal_or_weak,道路坐标确认在弯道，车辆动态较弱或更像正常过弯，作为弯道普通/弱侧倾训练候选,道路坐标确认在弯道，车辆动态较弱或更像正常过弯，作为弯道普通/弱侧倾训练候选,True,False,False,False,,train_curve_normal_or_weak,弯道普通/弱侧倾训练候选,道路坐标确认在弯道，车辆动态较弱或更像正常过弯；保留为弯道普通/弱侧倾训练候选。,True,False,False,False,0,高度微动正常,True,True,False,
rec_v1_zxy_2025_09_28_16_12_11_0005,zxy,2025_09_28_16_12_11,F:\data_set_process\data_process\01_datasets\数据预处理\原始车辆数据\zxy\Entity_Recording_2025_09_28_16_12_11_vehicle.csv,5,133.29,134.861,1.570999999999998,133.63,,133.31,134.35,133.63,缺少一方起点,,弱,0,0.1495936877605252,2.4000000000000004,3.2,制动为主,正常,True,False,False,False,0.8,109.59316666666666,0.1988783571428571,0.0162104214285714,0.0173298285714285,0.0028634169047619,0.1337047214285714,0.9770807823143494,0.4211753619047619,18.63366666666667,0.100134380952381,131.29,136.861,curve1,弯道路段,134.005,-0.0704999999999813,review,边界复核样本,强度或语义边界不清,人工复核,,,False,False,暂不进入训练,用户复核后认为需要复核类基本可舍去，先整体降为舍弃/暂缓,False,False,True,True,0.013378,0.0854249999995646,0.03691122,0.0730211,0.1001219999999999,18.640500000000003,0.4192588,0.00533014,0.203792,0.0162796,False,False,False,False,False,False,False,discard_prior_review,v1.1 已经人工复核为舍弃/暂缓，本轮继续不进入训练,v1.1 已经人工复核为舍弃/暂缓，本轮继续不进入训练,False,False,False,True,,True,0.0145181270313249,0.0870463056774486,1.0852240268593951,0.56120826709062,0.000367,0,18.640500000000003,18.640500000000003,0.463961,0.0357874555724053,False,False,False,True,False,discard_prior_review,v1.1 已经人工复核为舍弃/暂缓，本轮继续不进入训练,v1.1 已经人工复核为舍弃/暂缓，本轮继续不进入训练,False,False,False,True,,-0.149418,-0.157625,-0.144247,0.0082069999999999,0.005171,False,discard_prior_review,继承 v1.3：此前已舍弃/暂缓，不进入当前训练候选,继承 v1.3：此前已舍弃/暂缓，不进入当前训练候选,False,False,False,True,,discard_prior_review,继承 v1.4：此前已舍弃或不适合作为当前主训练候选,继承 v1.4：此前已舍弃或不适合作为当前主训练候选,False,False,False,True,,discard_curve_height_or_z_abnormal,弯道高度异常：高度明显变高、突变、非平滑，或不像正常下坡弯道,弯道高度异常：高度明显变高、突变、非平滑，或不像正常下坡弯道,False,False,False,True,133.29,133.31,驾驶员动作,False,0.0200000000000102,False,131.31,133.31,133.31,139.31,,ok,curve1,curve1,curve1,curve1,curve1,8,True,curve1,curve1,-0.007298009918838,46.35164616868971,4005.03,3.55974,52.187627595673554,46.07789735378925,54.57164734225463,medium,-2.76008e-08,2.92411e-08,1.06278,1.06478,False,model_anchor:curve1:46.4:-0.00000;episode_start:curve1:46.1:-0.00000;condition_peak:curve1:50.3:0.00000;vehicle_peak:curve1:54.4:0.00000;episode_end:curve1:54.0:0.00000;episode_q25:curve1:50.8:0.00000;episode_q50:curve1:53.6:0.00000;episode_q75:curve1:54.6:0.00000,train_curve_coord_valid_normal_or_weak,道路坐标确认在弯道，车辆动态较弱或更像正常过弯，作为弯道普通/弱侧倾训练候选,道路坐标确认在弯道，车辆动态较弱或更像正常过弯，作为弯道普通/弱侧倾训练候选,True,False,False,False,,train_curve_normal_or_weak,弯道普通/弱侧倾训练候选,道路坐标确认在弯道，车辆动态较弱或更像正常过弯；保留为弯道普通/弱侧倾训练候选。,True,False,False,False,0,高度微动正常,True,True,False,
rec_v1_zxy_2025_09_28_16_12_11_0015,zxy,2025_09_28_16_12_11,F:\data_set_process\data_process\01_datasets\数据预处理\原始车辆数据\zxy\Entity_Recording_2025_09_28_16_12_11_vehicle.csv,15,314.36,316.591,2.2309999999999945,316.101,314.531,314.426,316.101,316.226,驾驶员先动,-0.1050000000000181,极强,5,4.0,4.0,1.8443684068058488,方向盘快速操作,正常,True,False,True,True,0.8,113.913,4.000863333333333,0.1678380238095238,0.2185045714285714,0.055412969047619,1.6662119999999998,11.489790192809846,0.0,2.459357142857144,3.4610704761904763,312.36,318.591,curve2,弯道路段,314.053,-1.4225000000000136,core_extreme,核心极限样本,车辆动态强且驾驶员转向明显,多输出轨迹预测,,,False,False,保留为主训练候选,用户已初步复核，核心/保守弱操作/次级样本整体可保留,True,False,False,True,0.0052000000000003,0.1275000000015325,0.00750678,0.020099,3.49608,2.4609999999999985,0.0,0.1060188,4.00429,0.168129,False,False,False,False,False,False,False,train_target_extreme,核心/次级目标极限事件，未触发超长或路外恢复风险，保留为训练候选,核心/次级目标极限事件，未触发超长或路外恢复风险，保留为训练候选,True,False,False,False,,True,0.0039300720135724,0.1293314273434088,0.7557830795331156,0.8745800671892497,1.74804,2,2.4609999999999985,2.4609999999999985,0.03,0.0048144903945161,False,False,True,False,False,train_target_extreme,目标极限事件，未触发 v1.3 路边/超长风险，保留为训练候选,目标极限事件，未触发 v1.3 路边/超长风险，保留为训练候选,True,False,False,False,,-13.1442,-13.1446,-13.1394,0.0004000000000008,0.0047999999999994,False,train_target_extreme,继承 v1.3：目标极限事件，保留为训练候选,继承 v1.3：目标极限事件，保留为训练候选,True,False,False,False,,train_target_extreme,继承 v1.4：目标极限事件，保留为当前主训练候选,继承 v1.4：目标极限事件，保留为当前主训练候选,True,False,False,False,,train_curve_unclear_or_weak,弯道训练候选：高度只存在小波动，侧倾较弱或普通，先纳入候选,弯道训练候选：高度只存在小波动，侧倾较弱或普通，先纳入候选,True,False,False,False,314.36,314.426,驾驶员动作,False,0.065999999999974,False,312.426,314.426,314.426,320.426,,ok,curve2,curve2,curve2,curve2,curve2,8,True,curve2,curve2,2.2735771677803466e-13,450.3876049576171,4682.88,-4736.55,466.3175739975331,449.0867207800439,495.9729933400952,medium,0.0,1.33227e-09,0.12563,1.71838,False,model_anchor:curve2:450.4:0.00000;episode_start:curve2:449.1:-0.00000;vehicle_response:curve2:452.5:0.00000;condition_peak:curve2:485.8:0.00000;episode_end:curve2:496.0:-0.00000;episode_q25:curve2:460.4:-0.00000;episode_q50:curve2:472.2:0.00000;episode_q75:curve2:484.4:0.00000,train_curve_coord_valid_normal_or_weak,道路坐标确认在弯道，车辆动态较弱或更像正常过弯，作为弯道普通/弱侧倾训练候选,道路坐标确认在弯道，车辆动态较弱或更像正常过弯，作为弯道普通/弱侧倾训练候选,True,False,False,False,,train_curve_normal_or_weak,弯道普通/弱侧倾训练候选,道路坐标确认在弯道，车辆动态较弱或更像正常过弯；保留为弯道普通/弱侧倾训练候选。,True,False,False,False,0,高度微动正常,True,True,False,
rec_v1_zxy_2025_09_28_16_12_11_0016,zxy,2025_09_28_16_12_11,F:\data_set_process\data_process\01_datasets\数据预处理\原始车辆数据\zxy\Entity_Recording_2025_09_28_16_12_11_vehicle.csv,16,320.225,325.551,5.325999999999965,320.231,320.226,320.4,320.231,321.196,车辆先变化,0.1739999999999781,极强,5,4.0,4.0,1.88011380037024,方向盘快速操作,可能切在事件中段,True,False,True,True,0.8,120.98894047619046,5.251827380952381,0.2360385476190476,0.2275835238095238,0.0706518499999999,2.3760674285714285,11.712471882053018,0.0,7.756999999999991,3.3791921428571428,318.225,327.551,,,314.053,-8.835000000000036,core_extreme,核心极限样本,车辆动态强且驾驶员转向明显,多输出轨迹预测,,,False,False,保留为主训练候选,用户已初步复核，核心/保守弱操作/次级样本整体可保留,True,False,False,True,0.0074000000000005,0.0850000000036743,0.0046523999999999,0.0171128,3.49121,7.759,0.0,0.1200918,5.2603,0.236427,False,False,False,False,False,False,False,train_target_extreme,核心/次级目标极限事件，未触发超长或路外恢复风险，保留为训练候选,核心/次级目标极限事件，未触发超长或路外恢复风险，保留为训练候选,True,False,False,False,,True,0.0074533788338513,0.0850567859963186,1.0072133559257876,0.8709526044110746,1.744915,4,0.1979999999999933,7.759,0.03,0.0049054428224582,False,False,True,False,False,train_target_extreme,目标极限事件，未触发 v1.3 路边/超长风险，保留为训练候选,目标极限事件，未触发 v1.3 路边/超长风险，保留为训练候选,True,False,False,False,,-13.1441,-13.1442,-13.1368,9.999999999976694e-05,0.0073000000000007,False,train_target_extreme,继承 v1.3：目标极限事件，保留为训练候选,继承 v1.3：目标极限事件，保留为训练候选,True,False,False,False,,train_target_extreme,继承 v1.4：目标极限事件，保留为当前主训练候选,继承 v1.4：目标极限事件，保留为当前主训练候选,True,False,False,False,,train_noncurve_target_extreme,非弯道主训练候选：继承 v1.5，作为当前主训练集,非弯道主训练候选：继承 v1.5，作为当前主训练集,True,False,False,False,320.225,320.226,车辆响应,False,0.0009999999999763,False,318.226,320.226,320.226,326.226,,ok,curve2,curve2,curve2,curve2,curve2,6,True,curve2,curve2,-2.693864511092012e-15,571.1028246019162,4805.25,-4875.5,613.4166438302632,571.1028246019162,686.5975016791816,low_but_context_usable,4.66159e-11,9.19255e-10,-1.63547,1.63547,False,model_anchor:curve2:571.1:0.00000;driver_action:curve2:574.4:0.00000;episode_end:curve2:686.6:0.00000;episode_q25:curve2:598.1:-0.00000;episode_q50:curve2:628.7:0.00000;episode_q75:curve2:658.5:0.00000,train_curve_coord_valid_roll_candidate,道路坐标确认在弯道，且车辆侧倾/横滚/横向动态明显，可作为弯道极限或近极限候选,道路坐标确认在弯道，且车辆侧倾/横滚/横向动态明显，可作为弯道极限或近极限候选,True,False,False,False,,train_curve_normal_or_weak,弯道普通/弱侧倾训练候选,道路坐标确认在弯道，车辆动态较弱或更像正常过弯；保留为弯道普通/弱侧倾训练候选。,True,False,False,False,1,高度微动正常,True,True,False,
rec_v1_zxy_2025_09_28_16_12_11_0017,zxy,2025_09_28_16_12_11,F:\data_set_process\data_process\01_datasets\数据预处理\原始车辆数据\zxy\Entity_Recording_2025_09_28_16_12_11_vehicle.csv,17,326.961,329.98,3.019000000000005,326.971,326.965,328.576,326.971,328.611,车辆先变化,1.6110000000000468,极强,2,4.0,4.0,1.269323512858079,弱操作,可能切在事件中段,True,False,True,True,0.8,129.0390714285714,3.0252119047619046,0.1113574047619047,0.1657570476190476,0.0397619928571428,1.0671025238095238,7.907455362888866,0.0,4.344190476190477,3.4942011904761903,324.961,331.98,,,339.0,10.529499999999985,conservative_extreme,保守/弱操作极限样本,车辆动态强但驾驶员转向不强,车辆状态预测+驾驶员类型分类,,,False,False,保留为主训练候选,用户已初步复核，核心/保守弱操作/次级样本整体可保留,True,False,False,True,0.0021000000000004,0.0425000000025193,0.00266048,0.0164592,3.49942,4.3444999999999965,0.0,0.0686819999999999,3.033,0.111598,False,False,False,False,False,False,False,train_conservative_extreme,保守/弱操作极限样本，未触发超长或路外恢复风险，保留为训练候选,保守/弱操作极限样本，未触发超长或路外恢复风险，保留为训练候选,True,False,False,False,,True,0.0017729451702486,0.0428391081788163,0.8442596048801337,0.9403479701739852,1.74971,2,0.0559999999999973,4.3444999999999965,0.03,0.0021237430581729,False,False,True,False,False,train_conservative_extreme,保守/弱操作极限样本，未触发 v1.3 路边/超长风险，保留为训练候选,保守/弱操作极限样本，未触发 v1.3 路边/超长风险，保留为训练候选,True,False,False,False,,-13.1416,-13.1434,-13.1413,0.0017999999999993,0.000300000000001,False,train_conservative_extreme,继承 v1.3：保守/弱操作极限样本，保留为训练候选,继承 v1.3：保守/弱操作极限样本，保留为训练候选,True,False,False,False,,train_conservative_extreme,继承 v1.4：保守/弱操作极限样本，保留为当前主训练候选,继承 v1.4：保守/弱操作极限样本，保留为当前主训练候选,True,False,False,False,,train_noncurve_target_extreme,非弯道主训练候选：继承 v1.5，作为当前主训练集,非弯道主训练候选：继承 v1.5，作为当前主训练集,True,False,False,False,326.961,326.965,车辆响应,False,0.0039999999999622,False,324.965,326.965,326.965,332.965,,ok,curve2,curve2,curve2,curve2,curve2,7,True,curve2,curve2,-2.693864511092012e-15,717.9391004210406,4954.14,-5047.97,751.8099300792059,717.9391004210406,787.2715213304579,low_but_context_usable,-9.50332e-10,9.50332e-10,-1.74502,1.74559,False,model_anchor:curve2:717.9:-0.00000;driver_action:curve2:754.3:-0.00000;condition_peak:curve2:718.1:0.00000;episode_end:curve2:787.3:-0.00000;episode_q25:curve2:734.8:0.00000;episode_q50:curve2:751.8:0.00000;episode_q75:curve2:769.6:0.00000,train_curve_coord_valid_normal_or_weak,道路坐标确认在弯道，车辆动态较弱或更像正常过弯，作为弯道普通/弱侧倾训练候选,道路坐标确认在弯道，车辆动态较弱或更像正常过弯，作为弯道普通/弱侧倾训练候选,True,False,False,False,,train_curve_normal_or_weak,弯道普通/弱侧倾训练候选,道路坐标确认在弯道，车辆动态较弱或更像正常过弯；保留为弯道普通/弱侧倾训练候选。,True,False,False,False,0,高度微动正常,True,True,False,
rec_v1_zxy_2025_09_28_16_25_51_0001,zxy,2025_09_28_16_25_51,F:\data_set_process\data_process\01_datasets\数据预处理\原始车辆数据\zxy\Entity_Recording_2025_09_28_16_25_51_vehicle.csv,1,74.025,83.16,9.134999999999993,76.315,76.315,76.32,76.315,76.395,车辆先变化,0.0049999999999954,极强,5,4.0,4.0,1.3575396786113982,方向盘快速操作,正常,True,False,True,True,0.8,109.22485294117648,4.642366470588235,0.1755857058823529,0.2033185882352941,0.0645733205882352,1.9342099117647056,3.3454438927341936,0.090503,32.092038235294126,3.4180726470588234,72.025,85.16,curve1|middle_section,弯道路段|连续超车负荷事件段,78.08,-0.5125000000000028,core_extreme,核心极限样本,车辆动态强且驾驶员转向明显,多输出轨迹预测,,,False,False,保留为主训练候选,用户已初步复核，核心/保守弱操作/次级样本整体可保留,True,False,False,True,0.0042789999999999,0.0144000000000001,0.00659725,0.0262297,3.49674,32.10119999999998,0.090503,0.1224396,4.64919,0.175771,False,False,False,False,False,False,False,train_target_extreme,核心/次级目标极限事件，未触发超长或路外恢复风险，保留为训练候选,核心/次级目标极限事件，未触发超长或路外恢复风险，保留为训练候选,True,False,False,False,,True,0.0042611003912279,0.0141736491036982,0.9958168710511998,0.5253077975376197,1.74564,6,32.10119999999998,32.10119999999998,0.060503,0.0060076206437698,False,False,True,True,True,defer_roadedge_or_offroad,车速/制动/横向偏移/高度残差组合提示可能是路边恢复或上下马路，暂不进入主训练,车速/制动/横向偏移/高度残差组合提示可能是路边恢复或上下马路，暂不进入主训练,False,True,False,False,,-0.1460564999999999,-0.146332,-0.142053,0.0002755,0.0040034999999999,False,discard_roadedge_without_large_zdrop,用户复核后抛弃：属于疑似上下马路/路边恢复，但没有明显大幅向下 z_drop，不进入当前训练候选,用户复核后抛弃：属于疑似上下马路/路边恢复，但没有明显大幅向下 z_drop，不进入当前训练候选,False,False,False,True,,discard_prior_review,继承 v1.4：此前已舍弃或不适合作为当前主训练候选,继承 v1.4：此前已舍弃或不适合作为当前主训练候选,False,False,False,True,,discard_curve_height_or_z_abnormal,弯道高度异常：高度明显变高、突变、非平滑，或不像正常下坡弯道,弯道高度异常：高度明显变高、突变、非平滑，或不像正常下坡弯道,False,False,False,True,74.025,76.315,车辆响应,False,2.289999999999992,True,74.315,76.315,76.315,82.315,,ok,middle_section|curve1,section2|curve1,middle_section,section2,curve1,2,True,middle_section,section2,1.3877787807814457e-17,4.186953604019753,2641.83,4.17523,3.8843678153591936,2.5476597570451847,5.29250018976096,high,-5.06244e-10,8.57101e-10,1.68013,1.68013,False,model_anchor:middle_section:4.2:-0.00000;episode_start:middle_section:3.6:-0.00000;episode_end:curve1:5.3:-0.00000;episode_q25:middle_section:4.2:0.00000;episode_q50:middle_section:3.1:-0.00000;episode_q75:curve1:2.5:0.00000,train_curve_coord_valid_normal_or_weak,道路坐标确认在弯道，车辆动态较弱或更像正常过弯，作为弯道普通/弱侧倾训练候选,道路坐标确认在弯道，车辆动态较弱或更像正常过弯，作为弯道普通/弱侧倾训练候选,True,False,False,False,,train_curve_normal_or_weak,弯道普通/弱侧倾训练候选,道路坐标确认在弯道，车辆动态较弱或更像正常过弯；保留为弯道普通/弱侧倾训练候选。,True,False,False,False,0,高度微动正常,True,True,False,
rec_v1_zxy_2025_09_28_16_25_51_0002,zxy,2025_09_28_16_25_51,F:\data_set_process\data_process\01_datasets\数据预处理\原始车辆数据\zxy\Entity_Recording_2025_09_28_16_25_51_vehicle.csv,2,87.63,90.06,2.430000000000007,89.055,89.015,88.86,89.055,88.945,驾驶员先动,-0.1550000000000011,极强,2,4.0,4.0,1.36402443840571,方向盘快速操作,正常,True,False,True,True,0.8,102.15132352941175,1.8236402941176468,0.0894814264705882,0.1355718235294117,0.0228535676470588,0.8588460588235294,3.361424567473601,0.0,9.394161764705885,3.416065588235294,85.63,92.06,,,80.605,-8.239999999999995,core_extreme,核心极限样本,车辆动态强且驾驶员转向明显,多输出轨迹预测,,,False,False,保留为主训练候选,用户已初步复核，核心/保守弱操作/次级样本整体可保留,True,False,False,True,0.0027349999999999,0.0206999999999855,0.006012323,0.0550666,3.48964,9.407500000000011,0.0,0.0444355,1.82458,0.0897778,False,False,False,False,False,False,False,train_target_extreme,核心/次级目标极限事件，未触发超长或路外恢复风险，保留为训练候选,核心/次级目标极限事件，未触发超长或路外恢复风险，保留为训练候选,True,False,False,False,,True,0.0024768264186548,0.0190993449760764,0.9056038093802438,0.5847893114080165,1.74482,2,0.0664500000000032,9.407500000000011,0.03,0.0052826058620466,False,False,True,False,False,train_target_extreme,目标极限事件，未触发 v1.3 路边/超长风险，保留为训练候选,目标极限事件，未触发 v1.3 路边/超长风险，保留为训练候选,True,False,False,False,,-0.1403605,-0.141398,-0.138663,0.0010374999999999,0.0016974999999999,False,train_target_extreme,继承 v1.3：目标极限事件，保留为训练候选,继承 v1.3：目标极限事件，保留为训练候选,True,False,False,False,,train_target_extreme,继承 v1.4：目标极限事件，保留为当前主训练候选,继承 v1.4：目标极限事件，保留为当前主训练候选,True,False,False,False,,train_noncurve_target_extreme,非弯道主训练候选：继承 v1.5，作为当前主训练集,非弯道主训练候选：继承 v1.5，作为当前主训练集,True,False,False,False,87.63,88.86,驾驶员动作,False,1.230000000000004,False,86.86,88.86,88.86,94.86,,ok,curve1,curve1,curve1,curve1,curve1,8,True,curve1,curve1,0.0,4.709780888185953,2994.61,4.68643,4.552195700094943,3.2025407850366827,6.136413178683863,high,-8.26023e-10,9.50332e-10,-1.30969,1.67937,False,model_anchor:curve1:4.7:-0.00000;episode_start:curve1:6.1:0.00000;vehicle_response:curve1:4.4:-0.00000;condition_peak:curve1:4.3:-0.00000;episode_end:curve1:3.2:0.00000;episode_q25:curve1:5.6:-0.00000;episode_q50:curve1:4.7:-0.00000;episode_q75:curve1:3.7:0.00000,train_curve_coord_valid_normal_or_weak,道路坐标确认在弯道，车辆动态较弱或更像正常过弯，作为弯道普通/弱侧倾训练候选,道路坐标确认在弯道，车辆动态较弱或更像正常过弯，作为弯道普通/弱侧倾训练候选,True,False,False,False,,train_curve_normal_or_weak,弯道普通/弱侧倾训练候选,道路坐标确认在弯道，车辆动态较弱或更像正常过弯；保留为弯道普通/弱侧倾训练候选。,True,False,False,False,0,高度微动正常,True,True,False,
rec_v1_zxy_2025_09_28_16_25_51_0011,zxy,2025_09_28_16_25_51,F:\data_set_process\data_process\01_datasets\数据预处理\原始车辆数据\zxy\Entity_Recording_2025_09_28_16_25_51_vehicle.csv,11,294.77,314.03,19.25999999999999,296.99,295.775,295.625,296.99,302.365,驾驶员先动,-0.1499999999999772,极强,5,4.0,4.0,2.2688461389047774,方向盘快速操作,正常,True,False,True,True,0.8,118.54116176470588,3.90559705882353,0.1947627352941176,0.293162205882353,0.0547896588235294,1.8780279411764704,5.591215916956855,0.0,30.051529411764704,3.490357058823529,292.77,316.03,,,316.7,12.300000000000011,core_extreme,核心极限样本,车辆动态强且驾驶员转向明显,多输出轨迹预测,,,False,False,保留为主训练候选,用户已初步复核，核心/保守弱操作/次级样本整体可保留,True,False,False,True,0.0058000000000006,0.0250000000000909,0.00735513,0.0235526,3.49954,30.064499999999995,0.0,0.106665,3.90834,0.195394,True,False,False,False,False,False,False,review_duration_15_20s,持续时间 15-20 秒，接近或超过常规事件上限，先进入复核而不直接训练,持续时间 19.26 秒，接近或超过常规事件上限，先进入复核而不直接训练,False,True,False,False,F:\data_set_process\data_process\05_rebuild_from_raw_20260511\02_samples\record_level_episode_reconstruction_v1_2_cleaned\figures\review_panels_v1_2\03_15到20秒_需要复核\1716_rec_v1_zxy_2025_09_28_16_25_51_0011.png,True,0.0058152342477537,0.0249464342825916,1.0026265944402004,0.9114860480207656,1.74941,16,0.0649999999999835,30.064499999999995,0.03,0.0072356256818631,False,False,True,True,False,review_duration_15_20s,持续时间 15-20 秒，先进入复核而不直接训练,持续时间 19.26 秒，先进入复核而不直接训练,False,True,False,False,F:\data_set_process\data_process\05_rebuild_from_raw_20260511\02_samples\record_level_episode_reconstruction_v1_3_cleaned\figures\review_panels_v1_3\03_15到20秒_需要复核\1716_rec_v1_zxy_2025_09_28_16_25_51_0011.png,-13.1408,-13.1449,-13.1391,0.0040999999999993,0.0017000000000013,False,defer_prior_review,继承 v1.3：仍需要复核或拆分，暂不进入当前训练候选,继承 v1.3：仍需要复核或拆分，暂不进入当前训练候选,False,True,False,False,,defer_prior_review,继承 v1.4：仍需复核或拆分，不进入当前主训练候选,继承 v1.4：仍需复核或拆分，不进入当前主训练候选,False,True,False,False,,defer_noncurve_prior_review,非弯道仍需复核或拆分：继承 v1.5,非弯道仍需复核或拆分：继承 v1.5,False,True,False,False,294.77,295.625,驾驶员动作,False,0.8550000000000182,False,293.625,295.625,295.625,301.625,,ok,curve2,curve2,curve2,curve2,curve2,8,True,curve2,curve2,-2.246638522671531e-13,549.8040411187962,4783.67,-4851.9,601.9955474901775,533.549396904893,943.0743698518146,low_but_context_usable,4.2855e-10,9.8141e-10,0.971753,1.68943,False,model_anchor:curve2:549.8:0.00000;episode_start:curve2:533.5:0.00000;vehicle_response:curve2:552.6:0.00000;condition_peak:curve2:576.7:0.00000;episode_end:curve2:943.1:0.00000;episode_q25:curve2:627.3:0.00000;episode_q50:curve2:726.2:0.00000;episode_q75:curve2:830.9:0.00000,train_curve_coord_valid_normal_or_weak,道路坐标确认在弯道，车辆动态较弱或更像正常过弯，作为弯道普通/弱侧倾训练候选,道路坐标确认在弯道，车辆动态较弱或更像正常过弯，作为弯道普通/弱侧倾训练候选,True,False,False,False,,train_curve_normal_or_weak,弯道普通/弱侧倾训练候选,道路坐标确认在弯道，车辆动态较弱或更像正常过弯；保留为弯道普通/弱侧倾训练候选。,True,False,False,False,0,高度微动正常,True,True,False,
rec_v1_zxy_2025_09_28_16_25_51_0012,zxy,2025_09_28_16_25_51,F:\data_set_process\data_process\01_datasets\数据预处理\原始车辆数据\zxy\Entity_Recording_2025_09_28_16_25_51_vehicle.csv,12,316.58,321.955,5.375,317.82,317.815,317.995,317.82,320.87,车辆先变化,0.1800000000000068,极强,5,4.0,4.0,3.2,方向盘快速操作,正常,True,False,True,True,0.8,138.21036764705883,3.955028235294117,0.155817794117647,0.2278387352941176,0.0577562882352941,1.4000105294117646,3.619655363325092,0.433695,16.457088235294123,3.4015073529411763,314.58,323.955,middle_section,连续超车负荷事件段,318.695,-0.5724999999999909,core_extreme,核心极限样本,车辆动态强且驾驶员转向明显,多输出轨迹预测,,,False,False,保留为主训练候选,用户已初步复核，核心/保守弱操作/次级样本整体可保留,True,False,False,True,0.0154999999999994,0.0600000000001728,0.03643536,0.0900495,3.48785,16.471000000000004,0.433695,0.0959414,3.96107,0.15604,False,False,False,False,False,False,False,train_target_extreme,核心/次级目标极限事件，未触发超长或路外恢复风险，保留为训练候选,核心/次级目标极限事件，未触发超长或路外恢复风险，保留为训练候选,True,False,False,False,,True,0.0123635086590088,0.0484884379080782,0.7976457199360835,0.8493723849372385,1.743925,6,14.971000000000004,16.471000000000004,0.403695,0.0296156067268457,False,False,True,True,True,defer_roadedge_or_offroad,车速/制动/横向偏移/高度残差组合提示可能是路边恢复或上下马路，暂不进入主训练,车速/制动/横向偏移/高度残差组合提示可能是路边恢复或上下马路，暂不进入主训练,False,True,False,False,,-13.144375,-13.1562,-13.1407,0.0118249999999999,0.0036749999999994,False,discard_roadedge_without_large_zdrop,用户复核后抛弃：属于疑似上下马路/路边恢复，但没有明显大幅向下 z_drop，不进入当前训练候选,用户复核后抛弃：属于疑似上下马路/路边恢复，但没有明显大幅向下 z_drop，不进入当前训练候选,False,False,False,True,,discard_prior_review,继承 v1.4：此前已舍弃或不适合作为当前主训练候选,继承 v1.4：此前已舍弃或不适合作为当前主训练候选,False,False,False,True,,discard_noncurve_prior_review,非弯道已舍弃或不适合作为当前候选：继承 v1.5,非弯道已舍弃或不适合作为当前候选：继承 v1.5,False,False,False,True,316.58,317.815,车辆响应,False,1.2350000000000136,False,315.815,317.815,317.815,323.815,,ok,middle_section|curve2,section5|curve2,middle_section,section5,curve2,1,True,middle_section,section5,1.591095207477089e-13,1004.7051473935118,5276.8,-5421.51,1004.5489629505788,994.4472598717064,1004.7138097460725,low_but_context_usable,1.55387e-10,8.57101e-10,1.66009,1.66009,False,model_anchor:middle_section:1004.7:0.00000;episode_start:curve2:1004.7:0.00000;driver_action:middle_section:1004.5:0.00000;episode_end:middle_section:994.4:0.00000;episode_q25:middle_section:1004.6:-0.00000;episode_q50:middle_section:1002.9:-0.00000;episode_q75:middle_section:999.1:-0.00000,train_curve_coord_valid_normal_or_weak,道路坐标确认在弯道，车辆动态较弱或更像正常过弯，作为弯道普通/弱侧倾训练候选,道路坐标确认在弯道，车辆动态较弱或更像正常过弯，作为弯道普通/弱侧倾训练候选,True,False,False,False,,train_curve_normal_or_weak,弯道普通/弱侧倾训练候选,道路坐标确认在弯道，车辆动态较弱或更像正常过弯；保留为弯道普通/弱侧倾训练候选。,True,False,False,False,0,高度微动正常,True,True,False,
rec_v1_zxy_2025_09_28_16_35_30_0002,zxy,2025_09_28_16_35_30,F:\data_set_process\data_process\01_datasets\数据预处理\原始车辆数据\zxy\Entity_Recording_2025_09_28_16_35_30_vehicle.csv,2,98.325,109.135,10.810000000000002,99.595,99.04,99.175,99.595,102.805,车辆先变化,0.1349999999999909,极强,5,4.0,4.0,4.0,方向盘快速操作,正常,True,False,True,True,0.8,123.60833823529411,5.911924117647059,0.2576516470588235,0.2782474411764706,0.0788214264705882,2.6267945294117645,11.500223183383744,0.0,9.344558823529413,3.454358823529412,96.325,111.135,curve1,弯道路段,103.405,-0.3250000000000028,core_extreme,核心极限样本,车辆动态强且驾驶员转向明显,多输出轨迹预测,,,False,False,保留为主训练候选,用户已初步复核，核心/保守弱操作/次级样本整体可保留,True,False,False,True,0.0081719999999999,0.6109000000005533,0.00857369,0.0197497,3.49731,9.348000000000011,0.0,0.1291477999999999,6.25662,0.258244,False,False,False,False,False,False,False,train_target_extreme,核心/次级目标极限事件，未触发超长或路外恢复风险，保留为训练候选,核心/次级目标极限事件，未触发超长或路外恢复风险，保留为训练候选,True,False,False,False,,True,0.0081630882853835,0.6073337968830639,0.9989094818139612,0.5428901734104046,1.747185,8,0.0235000000000127,9.348000000000011,0.03,0.0078680862406805,False,False,True,False,False,train_target_extreme,目标极限事件，未触发 v1.3 路边/超长风险，保留为训练候选,目标极限事件，未触发 v1.3 路边/超长风险，保留为训练候选,True,False,False,False,,-0.1435685,-0.145257,-0.137085,0.0016885,0.0064834999999999,False,train_target_extreme,继承 v1.3：目标极限事件，保留为训练候选,继承 v1.3：目标极限事件，保留为训练候选,True,False,False,False,,train_target_extreme,继承 v1.4：目标极限事件，保留为当前主训练候选,继承 v1.4：目标极限事件，保留为当前主训练候选,True,False,False,False,,discard_curve_height_or_z_abnormal,弯道高度异常：高度明显变高、突变、非平滑，或不像正常下坡弯道,弯道高度异常：高度明显变高、突变、非平滑，或不像正常下坡弯道,False,False,False,True,98.325,99.04,车辆响应,False,0.7150000000000034,False,97.04,99.04,99.04,105.04,,ok,middle_section|curve1,section2|curve1,middle_section,section2,curve1,3,True,middle_section,section2,6.938893903907227e-17,3.1822073564881785,2625.81,3.16868,3.864948949010896,2.871347241791388,5.690944112185847,high,6.21546e-11,9.03717e-10,0.673622,1.69055,False,model_anchor:middle_section:3.2:0.00000;episode_start:middle_section:2.9:0.00000;driver_action:middle_section:3.4:-0.00000;condition_peak:middle_section:4.2:0.00000;episode_end:curve1:3.7:0.00000;episode_q25:middle_section:5.2:0.00000;episode_q50:curve1:4.0:-0.00000;episode_q75:curve1:5.7:-0.00000,train_curve_coord_valid_roll_candidate,道路坐标确认在弯道，且车辆侧倾/横滚/横向动态明显，可作为弯道极限或近极限候选,道路坐标确认在弯道，且车辆侧倾/横滚/横向动态明显，可作为弯道极限或近极限候选,True,False,False,False,,train_curve_normal_or_weak,弯道普通/弱侧倾训练候选,道路坐标确认在弯道，车辆动态较弱或更像正常过弯；保留为弯道普通/弱侧倾训练候选。,True,False,False,False,1,高度微动正常,True,True,False,
rec_v1_zxy_2025_09_28_16_35_30_0019,zxy,2025_09_28_16_35_30,F:\data_set_process\data_process\01_datasets\数据预处理\原始车辆数据\zxy\Entity_Recording_2025_09_28_16_35_30_vehicle.csv,19,530.25,531.775,1.5249999999999773,531.01,531.0,,531.01,531.22,缺少一方起点,,极强,1,4.0,4.0,0.9146636402806884,弱操作,坐标风险高,True,False,False,True,0.8,90.71943088235297,1.840717058823529,0.0781945617647058,0.0817293794117647,0.0255066411764705,0.6381128529411765,2.1637546712822444,0.0,2.0849029411764803,3.4689305882352937,528.25,533.775,,,524.4,-6.612500000000068,review,需要复核,窗口/坐标风险,人工复核后再决定,,,False,False,暂不进入训练,用户复核后认为需要复核类基本可舍去，先整体降为舍弃/暂缓,False,False,True,True,0.0007000000000001,0.0100000000002182,0.00020593,0.000870342,3.49617,2.085250000000002,0.0,0.0420121,1.84439,0.078214,False,False,False,False,False,False,False,discard_prior_review,v1.1 已经人工复核为舍弃/暂缓，本轮继续不进入训练,v1.1 已经人工复核为舍弃/暂缓，本轮继续不进入训练,False,False,False,True,,True,0.0007144419350382,0.0100210831171046,1.020631335768745,0.97708674304419,1.748085,2,2.085250000000002,2.085250000000002,0.03,0.000186376160933,False,False,True,False,False,discard_prior_review,v1.1 已经人工复核为舍弃/暂缓，本轮继续不进入训练,v1.1 已经人工复核为舍弃/暂缓，本轮继续不进入训练,False,False,False,True,,-13.1432,-13.1436,-13.1429,0.000399999999999,0.000300000000001,False,discard_prior_review,继承 v1.3：此前已舍弃/暂缓，不进入当前训练候选,继承 v1.3：此前已舍弃/暂缓，不进入当前训练候选,False,False,False,True,,discard_prior_review,继承 v1.4：此前已舍弃或不适合作为当前主训练候选,继承 v1.4：此前已舍弃或不适合作为当前主训练候选,False,False,False,True,,discard_noncurve_prior_review,非弯道已舍弃或不适合作为当前候选：继承 v1.5,非弯道已舍弃或不适合作为当前候选：继承 v1.5,False,False,False,True,530.25,531.0,车辆响应,False,0.75,False,529.0,531.0,531.0,537.0,,ok,curve2,curve2,curve2,curve2,curve2,6,True,curve2,curve2,2.300515812894368e-13,481.0395719713943,4713.93,-4769.97,481.1134554680225,469.487846691848,493.372628960259,medium,8.88178e-10,9.50332e-10,-1.72318,1.73012,False,model_anchor:curve2:481.0:0.00000;episode_start:curve2:469.5:-0.00000;condition_peak:curve2:481.2:-0.00000;episode_end:curve2:493.4:0.00000;episode_q25:curve2:475.3:-0.00000;episode_q75:curve2:487.3:0.00000,train_curve_coord_valid_normal_or_weak,道路坐标确认在弯道，车辆动态较弱或更像正常过弯，作为弯道普通/弱侧倾训练候选,道路坐标确认在弯道，车辆动态较弱或更像正常过弯，作为弯道普通/弱侧倾训练候选,True,False,False,False,,train_curve_normal_or_weak,弯道普通/弱侧倾训练候选,道路坐标确认在弯道，车辆动态较弱或更像正常过弯；保留为弯道普通/弱侧倾训练候选。,True,False,False,False,0,高度微动正常,True,True,False,
rec_v1_zxy_2025_09_28_16_35_30_0020,zxy,2025_09_28_16_35_30,F:\data_set_process\data_process\01_datasets\数据预处理\原始车辆数据\zxy\Entity_Recording_2025_09_28_16_35_30_vehicle.csv,20,539.31,546.34,7.030000000000086,539.445,539.435,540.67,539.445,540.845,车辆先变化,1.2350000000000136,极强,4,4.0,4.0,1.5383749791378614,方向盘快速操作,可能切在事件中段,True,False,True,True,0.8,106.08711764705882,4.058489705882353,0.1696483235294117,0.2072359411764705,0.0564370617647058,1.537008705882353,3.639224192044832,0.0,6.873647058823536,3.465401470588235,537.31,548.34,curve2,弯道路段,541.075,-1.75,core_extreme,核心极限样本,车辆动态强且驾驶员转向明显,多输出轨迹预测,,,False,False,保留为主训练候选,用户已初步复核，核心/保守弱操作/次级样本整体可保留,True,False,False,True,0.0045000000000001,0.0250000000000909,0.0074352299999999,0.0485866,3.49877,6.8770000000000095,0.0,0.0921505,4.06688,0.169812,False,False,False,False,False,False,False,train_target_extreme,核心/次级目标极限事件，未触发超长或路外恢复风险，保留为训练候选,核心/次级目标极限事件，未触发超长或路外恢复风险，保留为训练候选,True,False,False,False,,True,0.0051708333819693,0.024629829606604,1.149074084882048,0.916103803768219,1.74822,6,6.248000000000005,6.8770000000000095,0.03,0.0110374965293965,False,False,True,False,False,train_target_extreme,目标极限事件，未触发 v1.3 路边/超长风险，保留为训练候选,目标极限事件，未触发 v1.3 路边/超长风险，保留为训练候选,True,False,False,False,,-13.1439,-13.1449,-13.1404,0.0009999999999994,0.0035000000000007,False,train_target_extreme,继承 v1.3：目标极限事件，保留为训练候选,继承 v1.3：目标极限事件，保留为训练候选,True,False,False,False,,train_target_extreme,继承 v1.4：目标极限事件，保留为当前主训练候选,继承 v1.4：目标极限事件，保留为当前主训练候选,True,False,False,False,,train_curve_unclear_or_weak,弯道训练候选：高度只存在小波动，侧倾较弱或普通，先纳入候选,弯道训练候选：高度只存在小波动，侧倾较弱或普通，先纳入候选,True,False,False,False,539.31,539.435,车辆响应,False,0.125,False,537.435,539.435,539.435,545.435,,ok,curve2,curve2,curve2,curve2,curve2,8,True,curve2,curve2,-2.2735771677803466e-13,626.0417877750469,4860.96,-4940.25,654.4024861688739,623.4541202711315,757.241612329778,low_but_context_usable,1.55386e-11,8.26023e-10,1.68657,1.7037,False,model_anchor:curve2:626.0:0.00000;episode_start:curve2:623.5:-0.00000;driver_action:curve2:650.8:0.00000;condition_peak:curve2:626.3:-0.00000;episode_end:curve2:757.2:-0.00000;episode_q25:curve2:658.0:-0.00000;episode_q50:curve2:689.5:-0.00000;episode_q75:curve2:722.6:-0.00000,train_curve_coord_valid_normal_or_weak,道路坐标确认在弯道，车辆动态较弱或更像正常过弯，作为弯道普通/弱侧倾训练候选,道路坐标确认在弯道，车辆动态较弱或更像正常过弯，作为弯道普通/弱侧倾训练候选,True,False,False,False,,train_curve_normal_or_weak,弯道普通/弱侧倾训练候选,道路坐标确认在弯道，车辆动态较弱或更像正常过弯；保留为弯道普通/弱侧倾训练候选。,True,False,False,False,0,高度微动正常,True,True,False,
rec_v1_zxy_2025_09_28_16_35_30_0021,zxy,2025_09_28_16_35_30,F:\data_set_process\data_process\01_datasets\数据预处理\原始车辆数据\zxy\Entity_Recording_2025_09_28_16_35_30_vehicle.csv,21,548.71,549.905,1.1949999999999363,548.825,548.815,,548.825,548.815,缺少一方起点,,极强,1,4.0,4.0,0.3944841662825444,无明显操作,坐标风险高,True,False,False,True,0.8,108.90282352941176,1.5036344117647058,0.0579313705882353,0.0654886529411764,0.0203967911764705,0.3157196382352941,0.933203114183918,0.0,1.4995882352941123,3.443492941176471,546.71,551.905,,,541.075,-8.232499999999959,review,需要复核,窗口/坐标风险,人工复核后再决定,,,False,False,暂不进入训练,用户复核后认为需要复核类基本可舍去，先整体降为舍弃/暂缓,False,False,True,True,0.0010999999999992,0.0099999999999909,0.00242952,0.0137256,3.49418,1.4994999999999976,0.0,0.0341172,1.50402,0.0579857,False,False,False,False,False,False,False,discard_prior_review,v1.1 已经人工复核为舍弃/暂缓，本轮继续不进入训练,v1.1 已经人工复核为舍弃/暂缓，本轮继续不进入训练,False,False,False,True,,True,0.0006612078985739,0.0108577015225917,0.601098089613105,0.9874739039665972,1.74709,2,1.4994999999999976,1.4994999999999976,0.03,0.0018758375438256,False,False,True,False,False,discard_prior_review,v1.1 已经人工复核为舍弃/暂缓，本轮继续不进入训练,v1.1 已经人工复核为舍弃/暂缓，本轮继续不进入训练,False,False,False,True,,-13.144,-13.1442,-13.1431,0.0001999999999995,0.0008999999999996,False,discard_prior_review,继承 v1.3：此前已舍弃/暂缓，不进入当前训练候选,继承 v1.3：此前已舍弃/暂缓，不进入当前训练候选,False,False,False,True,,discard_prior_review,继承 v1.4：此前已舍弃或不适合作为当前主训练候选,继承 v1.4：此前已舍弃或不适合作为当前主训练候选,False,False,False,True,,discard_noncurve_prior_review,非弯道已舍弃或不适合作为当前候选：继承 v1.5,非弯道已舍弃或不适合作为当前候选：继承 v1.5,False,False,False,True,548.71,548.815,车辆响应,False,0.1050000000000181,False,546.815,548.815,548.815,554.815,,ok,curve2,curve2,curve2,curve2,curve2,7,True,curve2,curve2,2.693864511092012e-15,805.4764343414179,5042.9,-5150.63,809.1210640361018,803.5162322592998,826.0627079791151,low_but_context_usable,8.88178e-10,8.88178e-10,-1.70319,1.71589,False,model_anchor:curve2:805.5:0.00000;episode_start:curve2:803.5:0.00000;condition_peak:curve2:805.7:-0.00000;episode_end:curve2:826.1:-0.00000;episode_q25:curve2:809.1:-0.00000;episode_q50:curve2:814.6:0.00000;episode_q75:curve2:820.3:0.00000,train_curve_coord_valid_normal_or_weak,道路坐标确认在弯道，车辆动态较弱或更像正常过弯，作为弯道普通/弱侧倾训练候选,道路坐标确认在弯道，车辆动态较弱或更像正常过弯，作为弯道普通/弱侧倾训练候选,True,False,False,False,,train_curve_normal_or_weak,弯道普通/弱侧倾训练候选,道路坐标确认在弯道，车辆动态较弱或更像正常过弯；保留为弯道普通/弱侧倾训练候选。,True,False,False,False,0,高度微动正常,True,True,False,
