protocol_version,sample_key,pool,subj,split,file,recording_id,vehicle_file,event_idx,episode_id,source_event_version,phase_type,event_level,trigger_type,event_type,road_type_anchor,is_curve,curvature_anchor,anchor_source,anchor_idx,anchor_s,history_len,future_len,valid_future_len,valid_future_s,full_future_2s,history_full_3s,time_left_after_anchor_s,keep_for_training,usable_sample,drop_reason,event_start_s,event_end_s,event_duration_s,start_idx,end_idx,trigger_score,primary_score,mechanism_tag,d3_included,instability_event_uid,leakage_note
instability_allraw_highconf_oldcode_v0_1,byx::2025_09_28_17_05_51::00001::instability_dynamic_onset,allraw_vehicle_instability_highconf,byx,test,Entity_Recording_2025_09_28_17_05_51_vehicle.csv,Entity_Recording_2025_09_28_17_05_51_vehicle.csv,F:\data_set_process\data_process\01_datasets\数据预处理\原始车辆数据\byx\Entity_Recording_2025_09_28_17_05_51_vehicle.csv,1,1,allraw_instability_rescreen_v0_1,primary,extreme_active,all_raw_vehicle_dynamic_onset_non_steering,instability_ay_roll,straight,0,0.0,all_raw_nonsteering_dynamic_onset,12168,60.84,600,400,400,2.0,True,True,504.595,True,True,,60.84,67.06,6.22,12168,13412,100.0,76.37,instability_ay_roll,True,vehicle_instability_allraw__byx__2025_09_28_17_05_51__000060840,Full raw rescreen. Anchor is derived from non-steering vehicle dynamics (ay/roll_rate). Steering metrics are only response evidence and must not be used to define onset.
instability_allraw_highconf_oldcode_v0_1,byx::2025_09_28_17_05_51::00002::instability_dynamic_onset,allraw_vehicle_instability_highconf,byx,test,Entity_Recording_2025_09_28_17_05_51_vehicle.csv,Entity_Recording_2025_09_28_17_05_51_vehicle.csv,F:\data_set_process\data_process\01_datasets\数据预处理\原始车辆数据\byx\Entity_Recording_2025_09_28_17_05_51_vehicle.csv,2,2,allraw_instability_rescreen_v0_1,secondary,extreme_active,all_raw_vehicle_dynamic_onset_non_steering,instability_ay_roll,straight,0,-0.0,all_raw_nonsteering_dynamic_onset,17549,87.745,600,400,400,2.0,True,True,477.69,True,True,,87.745,94.47,6.725,17549,18894,100.0,94.15,instability_ay_roll,True,vehicle_instability_allraw__byx__2025_09_28_17_05_51__000087745,Full raw rescreen. Anchor is derived from non-steering vehicle dynamics (ay/roll_rate). Steering metrics are only response evidence and must not be used to define onset.
instability_allraw_highconf_oldcode_v0_1,byx::2025_09_28_17_05_51::00003::instability_dynamic_onset,allraw_vehicle_instability_highconf,byx,test,Entity_Recording_2025_09_28_17_05_51_vehicle.csv,Entity_Recording_2025_09_28_17_05_51_vehicle.csv,F:\data_set_process\data_process\01_datasets\数据预处理\原始车辆数据\byx\Entity_Recording_2025_09_28_17_05_51_vehicle.csv,3,3,allraw_instability_rescreen_v0_1,none,instability_extreme,all_raw_vehicle_dynamic_onset_non_steering,instability_ay_roll,design_regular_road,0,-0.0,all_raw_nonsteering_dynamic_onset,19963,99.815,600,400,400,2.0,True,True,465.62,True,True,,99.815,115.085,15.27,19963,23017,100.0,93.06,instability_ay_roll,True,vehicle_instability_allraw__byx__2025_09_28_17_05_51__000099815,Full raw rescreen. Anchor is derived from non-steering vehicle dynamics (ay/roll_rate). Steering metrics are only response evidence and must not be used to define onset.
instability_allraw_highconf_oldcode_v0_1,byx::2025_09_28_17_05_51::00004::instability_dynamic_onset,allraw_vehicle_instability_highconf,byx,test,Entity_Recording_2025_09_28_17_05_51_vehicle.csv,Entity_Recording_2025_09_28_17_05_51_vehicle.csv,F:\data_set_process\data_process\01_datasets\数据预处理\原始车辆数据\byx\Entity_Recording_2025_09_28_17_05_51_vehicle.csv,4,4,allraw_instability_rescreen_v0_1,secondary,strong_active,all_raw_vehicle_dynamic_onset_non_steering,instability_ay_roll,straight,1,-0.00729802,all_raw_nonsteering_dynamic_onset,31698,158.49,600,400,400,2.0,True,True,406.945,True,True,,158.49,182.395,23.905,31698,36479,100.0,83.9,instability_ay_roll,True,vehicle_instability_allraw__byx__2025_09_28_17_05_51__000158490,Full raw rescreen. Anchor is derived from non-steering vehicle dynamics (ay/roll_rate). Steering metrics are only response evidence and must not be used to define onset.
instability_allraw_highconf_oldcode_v0_1,byx::2025_09_28_17_05_51::00005::instability_dynamic_onset,allraw_vehicle_instability_highconf,byx,test,Entity_Recording_2025_09_28_17_05_51_vehicle.csv,Entity_Recording_2025_09_28_17_05_51_vehicle.csv,F:\data_set_process\data_process\01_datasets\数据预处理\原始车辆数据\byx\Entity_Recording_2025_09_28_17_05_51_vehicle.csv,5,5,allraw_instability_rescreen_v0_1,secondary,strong_active,all_raw_vehicle_dynamic_onset_non_steering,instability_ay_roll,straight,0,0.0,all_raw_nonsteering_dynamic_onset,37563,187.815,600,400,400,2.0,True,True,377.62,True,True,,187.815,199.71,11.895,37563,39942,89.48,60.71,instability_ay_roll,True,vehicle_instability_allraw__byx__2025_09_28_17_05_51__000187815,Full raw rescreen. Anchor is derived from non-steering vehicle dynamics (ay/roll_rate). Steering metrics are only response evidence and must not be used to define onset.
instability_allraw_highconf_oldcode_v0_1,byx::2025_09_28_17_05_51::00006::instability_dynamic_onset,allraw_vehicle_instability_highconf,byx,test,Entity_Recording_2025_09_28_17_05_51_vehicle.csv,Entity_Recording_2025_09_28_17_05_51_vehicle.csv,F:\data_set_process\data_process\01_datasets\数据预处理\原始车辆数据\byx\Entity_Recording_2025_09_28_17_05_51_vehicle.csv,6,6,allraw_instability_rescreen_v0_1,secondary,extreme_active,all_raw_vehicle_dynamic_onset_non_steering,instability_ay_roll,straight,0,-0.0,all_raw_nonsteering_dynamic_onset,43864,219.32,600,400,400,2.0,True,True,346.115,True,True,,219.32,228.1,8.78,43864,45620,100.0,91.84,instability_ay_roll,True,vehicle_instability_allraw__byx__2025_09_28_17_05_51__000219320,Full raw rescreen. Anchor is derived from non-steering vehicle dynamics (ay/roll_rate). Steering metrics are only response evidence and must not be used to define onset.
instability_allraw_highconf_oldcode_v0_1,byx::2025_09_28_17_05_51::00007::instability_dynamic_onset,allraw_vehicle_instability_highconf,byx,test,Entity_Recording_2025_09_28_17_05_51_vehicle.csv,Entity_Recording_2025_09_28_17_05_51_vehicle.csv,F:\data_set_process\data_process\01_datasets\数据预处理\原始车辆数据\byx\Entity_Recording_2025_09_28_17_05_51_vehicle.csv,7,7,allraw_instability_rescreen_v0_1,secondary,strong_active,all_raw_vehicle_dynamic_onset_non_steering,instability_ay_roll,straight,0,0.0,all_raw_nonsteering_dynamic_onset,48613,243.065,600,400,400,2.0,True,True,322.37,True,True,,243.065,246.25,3.185,48613,49250,100.0,68.95,instability_ay_roll,True,vehicle_instability_allraw__byx__2025_09_28_17_05_51__000243065,Full raw rescreen. Anchor is derived from non-steering vehicle dynamics (ay/roll_rate). Steering metrics are only response evidence and must not be used to define onset.
instability_allraw_highconf_oldcode_v0_1,byx::2025_09_28_17_05_51::00008::instability_dynamic_onset,allraw_vehicle_instability_highconf,byx,test,Entity_Recording_2025_09_28_17_05_51_vehicle.csv,Entity_Recording_2025_09_28_17_05_51_vehicle.csv,F:\data_set_process\data_process\01_datasets\数据预处理\原始车辆数据\byx\Entity_Recording_2025_09_28_17_05_51_vehicle.csv,8,8,allraw_instability_rescreen_v0_1,secondary,strong_active,all_raw_vehicle_dynamic_onset_non_steering,instability_ay_roll,straight,0,-0.0,all_raw_nonsteering_dynamic_onset,51519,257.595,600,400,400,2.0,True,True,307.84,True,True,,257.595,270.23,12.635,51519,54046,100.0,65.86,instability_ay_roll,True,vehicle_instability_allraw__byx__2025_09_28_17_05_51__000257595,Full raw rescreen. Anchor is derived from non-steering vehicle dynamics (ay/roll_rate). Steering metrics are only response evidence and must not be used to define onset.
instability_allraw_highconf_oldcode_v0_1,byx::2025_09_28_17_05_51::00009::instability_dynamic_onset,allraw_vehicle_instability_highconf,byx,test,Entity_Recording_2025_09_28_17_05_51_vehicle.csv,Entity_Recording_2025_09_28_17_05_51_vehicle.csv,F:\data_set_process\data_process\01_datasets\数据预处理\原始车辆数据\byx\Entity_Recording_2025_09_28_17_05_51_vehicle.csv,9,9,allraw_instability_rescreen_v0_1,secondary,extreme_active,all_raw_vehicle_dynamic_onset_non_steering,instability_ay_roll,curve,0,-0.0,all_raw_nonsteering_dynamic_onset,59860,299.3,600,400,400,2.0,True,True,266.135,True,True,,299.3,339.7,40.4,59860,67940,100.0,93.59,instability_ay_roll,True,vehicle_instability_allraw__byx__2025_09_28_17_05_51__000299300,Full raw rescreen. Anchor is derived from non-steering vehicle dynamics (ay/roll_rate). Steering metrics are only response evidence and must not be used to define onset.
instability_allraw_highconf_oldcode_v0_1,byx::2025_09_28_17_05_51::00010::instability_dynamic_onset,allraw_vehicle_instability_highconf,byx,test,Entity_Recording_2025_09_28_17_05_51_vehicle.csv,Entity_Recording_2025_09_28_17_05_51_vehicle.csv,F:\data_set_process\data_process\01_datasets\数据预处理\原始车辆数据\byx\Entity_Recording_2025_09_28_17_05_51_vehicle.csv,10,10,allraw_instability_rescreen_v0_1,secondary,weak,all_raw_vehicle_dynamic_onset_non_steering,instability_ay_roll,straight,1,-0.0,all_raw_nonsteering_dynamic_onset,68780,343.9,600,400,400,2.0,True,True,221.535,True,True,,343.9,345.535,1.635,68780,69107,93.22,76.49,instability_ay_roll,True,vehicle_instability_allraw__byx__2025_09_28_17_05_51__000343900,Full raw rescreen. Anchor is derived from non-steering vehicle dynamics (ay/roll_rate). Steering metrics are only response evidence and must not be used to define onset.
instability_allraw_highconf_oldcode_v0_1,byx::2025_09_28_17_05_51::00011::instability_dynamic_onset,allraw_vehicle_instability_highconf,byx,test,Entity_Recording_2025_09_28_17_05_51_vehicle.csv,Entity_Recording_2025_09_28_17_05_51_vehicle.csv,F:\data_set_process\data_process\01_datasets\数据预处理\原始车辆数据\byx\Entity_Recording_2025_09_28_17_05_51_vehicle.csv,11,11,allraw_instability_rescreen_v0_1,secondary,extreme_active,all_raw_vehicle_dynamic_onset_non_steering,instability_ay_roll,straight,1,-0.00025321,all_raw_nonsteering_dynamic_onset,69860,349.3,600,400,400,2.0,True,True,216.135,True,True,,349.3,363.51,14.21,69860,72702,100.0,87.45,instability_ay_roll,True,vehicle_instability_allraw__byx__2025_09_28_17_05_51__000349300,Full raw rescreen. Anchor is derived from non-steering vehicle dynamics (ay/roll_rate). Steering metrics are only response evidence and must not be used to define onset.
instability_allraw_highconf_oldcode_v0_1,byx::2025_09_28_17_05_51::00012::instability_dynamic_onset,allraw_vehicle_instability_highconf,byx,test,Entity_Recording_2025_09_28_17_05_51_vehicle.csv,Entity_Recording_2025_09_28_17_05_51_vehicle.csv,F:\data_set_process\data_process\01_datasets\数据预处理\原始车辆数据\byx\Entity_Recording_2025_09_28_17_05_51_vehicle.csv,12,12,allraw_instability_rescreen_v0_1,none,instability_strong,all_raw_vehicle_dynamic_onset_non_steering,instability_ay_roll,design_regular_road,0,0.0,all_raw_nonsteering_dynamic_onset,73360,366.8,600,400,400,2.0,True,True,198.635,True,True,,366.8,367.925,1.125,73360,73585,87.74,72.24,instability_ay_roll,True,vehicle_instability_allraw__byx__2025_09_28_17_05_51__000366800,Full raw rescreen. Anchor is derived from non-steering vehicle dynamics (ay/roll_rate). Steering metrics are only response evidence and must not be used to define onset.
instability_allraw_highconf_oldcode_v0_1,byx::2025_09_28_17_05_51::00013::instability_dynamic_onset,allraw_vehicle_instability_highconf,byx,test,Entity_Recording_2025_09_28_17_05_51_vehicle.csv,Entity_Recording_2025_09_28_17_05_51_vehicle.csv,F:\data_set_process\data_process\01_datasets\数据预处理\原始车辆数据\byx\Entity_Recording_2025_09_28_17_05_51_vehicle.csv,13,13,allraw_instability_rescreen_v0_1,secondary,strong_active,all_raw_vehicle_dynamic_onset_non_steering,instability_ay_roll,straight,0,0.0,all_raw_nonsteering_dynamic_onset,74518,372.59,600,400,400,2.0,True,True,192.845,True,True,,372.59,386.135,13.545,74518,77227,100.0,78.5,instability_ay_roll,True,vehicle_instability_allraw__byx__2025_09_28_17_05_51__000372590,Full raw rescreen. Anchor is derived from non-steering vehicle dynamics (ay/roll_rate). Steering metrics are only response evidence and must not be used to define onset.
instability_allraw_highconf_oldcode_v0_1,byx::2025_09_28_17_05_51::00014::instability_dynamic_onset,allraw_vehicle_instability_highconf,byx,test,Entity_Recording_2025_09_28_17_05_51_vehicle.csv,Entity_Recording_2025_09_28_17_05_51_vehicle.csv,F:\data_set_process\data_process\01_datasets\数据预处理\原始车辆数据\byx\Entity_Recording_2025_09_28_17_05_51_vehicle.csv,14,14,allraw_instability_rescreen_v0_1,secondary,strong_active,all_raw_vehicle_dynamic_onset_non_steering,instability_ay_roll,curve,0,0.0,all_raw_nonsteering_dynamic_onset,96839,484.195,600,400,400,2.0,True,True,81.24,True,True,,484.195,519.75,35.555,96839,103950,100.0,92.81,instability_ay_roll,True,vehicle_instability_allraw__byx__2025_09_28_17_05_51__000484195,Full raw rescreen. Anchor is derived from non-steering vehicle dynamics (ay/roll_rate). Steering metrics are only response evidence and must not be used to define onset.
instability_allraw_highconf_oldcode_v0_1,byx::2025_09_28_17_05_51::00015::instability_dynamic_onset,allraw_vehicle_instability_highconf,byx,test,Entity_Recording_2025_09_28_17_05_51_vehicle.csv,Entity_Recording_2025_09_28_17_05_51_vehicle.csv,F:\data_set_process\data_process\01_datasets\数据预处理\原始车辆数据\byx\Entity_Recording_2025_09_28_17_05_51_vehicle.csv,15,15,allraw_instability_rescreen_v0_1,secondary,weak,all_raw_vehicle_dynamic_onset_non_steering,instability_ay_roll,curve,0,0.0,all_raw_nonsteering_dynamic_onset,109256,546.28,600,400,400,2.0,True,True,19.155,True,True,,546.28,563.28,17.0,109256,112656,91.76,72.16,instability_ay_roll,True,vehicle_instability_allraw__byx__2025_09_28_17_05_51__000546280,Full raw rescreen. Anchor is derived from non-steering vehicle dynamics (ay/roll_rate). Steering metrics are only response evidence and must not be used to define onset.
instability_allraw_highconf_oldcode_v0_1,byx::2025_09_28_17_15_52::00016::instability_dynamic_onset,allraw_vehicle_instability_highconf,byx,test,Entity_Recording_2025_09_28_17_15_52_vehicle.csv,Entity_Recording_2025_09_28_17_15_52_vehicle.csv,F:\data_set_process\data_process\01_datasets\数据预处理\原始车辆数据\byx\Entity_Recording_2025_09_28_17_15_52_vehicle.csv,16,16,allraw_instability_rescreen_v0_1,secondary,medium_active,all_raw_vehicle_dynamic_onset_non_steering,instability_ay_roll,straight,0,-0.0,all_raw_nonsteering_dynamic_onset,5762,28.81,600,400,400,2.0,True,True,504.95,True,True,,28.81,37.12,8.31,5762,7424,87.12,60.01,instability_ay_roll,True,vehicle_instability_allraw__byx__2025_09_28_17_15_52__000028810,Full raw rescreen. Anchor is derived from non-steering vehicle dynamics (ay/roll_rate). Steering metrics are only response evidence and must not be used to define onset.
instability_allraw_highconf_oldcode_v0_1,byx::2025_09_28_17_15_52::00017::instability_dynamic_onset,allraw_vehicle_instability_highconf,byx,test,Entity_Recording_2025_09_28_17_15_52_vehicle.csv,Entity_Recording_2025_09_28_17_15_52_vehicle.csv,F:\data_set_process\data_process\01_datasets\数据预处理\原始车辆数据\byx\Entity_Recording_2025_09_28_17_15_52_vehicle.csv,17,17,allraw_instability_rescreen_v0_1,secondary,extreme_active,all_raw_vehicle_dynamic_onset_non_steering,instability_ay_roll,straight,0,0.0,all_raw_nonsteering_dynamic_onset,11773,58.865,600,400,400,2.0,True,True,474.895,True,True,,58.865,69.03,10.165,11773,13806,100.0,81.69,instability_ay_roll,True,vehicle_instability_allraw__byx__2025_09_28_17_15_52__000058865,Full raw rescreen. Anchor is derived from non-steering vehicle dynamics (ay/roll_rate). Steering metrics are only response evidence and must not be used to define onset.
instability_allraw_highconf_oldcode_v0_1,byx::2025_09_28_17_15_52::00018::instability_dynamic_onset,allraw_vehicle_instability_highconf,byx,test,Entity_Recording_2025_09_28_17_15_52_vehicle.csv,Entity_Recording_2025_09_28_17_15_52_vehicle.csv,F:\data_set_process\data_process\01_datasets\数据预处理\原始车辆数据\byx\Entity_Recording_2025_09_28_17_15_52_vehicle.csv,18,18,allraw_instability_rescreen_v0_1,secondary,extreme_active,all_raw_vehicle_dynamic_onset_non_steering,instability_ay_roll,straight,0,0.0,all_raw_nonsteering_dynamic_onset,17489,87.445,600,400,400,2.0,True,True,446.315,True,True,,87.445,96.875,9.43,17489,19375,100.0,80.01,instability_ay_roll,True,vehicle_instability_allraw__byx__2025_09_28_17_15_52__000087445,Full raw rescreen. Anchor is derived from non-steering vehicle dynamics (ay/roll_rate). Steering metrics are only response evidence and must not be used to define onset.
instability_allraw_highconf_oldcode_v0_1,byx::2025_09_28_17_15_52::00019::instability_dynamic_onset,allraw_vehicle_instability_highconf,byx,test,Entity_Recording_2025_09_28_17_15_52_vehicle.csv,Entity_Recording_2025_09_28_17_15_52_vehicle.csv,F:\data_set_process\data_process\01_datasets\数据预处理\原始车辆数据\byx\Entity_Recording_2025_09_28_17_15_52_vehicle.csv,19,19,allraw_instability_rescreen_v0_1,secondary,strong_active,all_raw_vehicle_dynamic_onset_non_steering,instability_ay_roll,curve,1,-0.00729802,all_raw_nonsteering_dynamic_onset,26229,131.145,600,400,400,2.0,True,True,402.615,True,True,,131.145,150.435,19.29,26229,30087,100.0,75.98,instability_ay_roll,True,vehicle_instability_allraw__byx__2025_09_28_17_15_52__000131145,Full raw rescreen. Anchor is derived from non-steering vehicle dynamics (ay/roll_rate). Steering metrics are only response evidence and must not be used to define onset.
instability_allraw_highconf_oldcode_v0_1,byx::2025_09_28_17_15_52::00020::instability_dynamic_onset,allraw_vehicle_instability_highconf,byx,test,Entity_Recording_2025_09_28_17_15_52_vehicle.csv,Entity_Recording_2025_09_28_17_15_52_vehicle.csv,F:\data_set_process\data_process\01_datasets\数据预处理\原始车辆数据\byx\Entity_Recording_2025_09_28_17_15_52_vehicle.csv,20,20,allraw_instability_rescreen_v0_1,secondary,extreme_active,all_raw_vehicle_dynamic_onset_non_steering,instability_ay_roll,straight,0,0.0,all_raw_nonsteering_dynamic_onset,32808,164.04,600,400,400,2.0,True,True,369.72,True,True,,164.04,201.975,37.935,32808,40395,100.0,82.98,instability_ay_roll,True,vehicle_instability_allraw__byx__2025_09_28_17_15_52__000164040,Full raw rescreen. Anchor is derived from non-steering vehicle dynamics (ay/roll_rate). Steering metrics are only response evidence and must not be used to define onset.
instability_allraw_highconf_oldcode_v0_1,byx::2025_09_28_17_15_52::00021::instability_dynamic_onset,allraw_vehicle_instability_highconf,byx,test,Entity_Recording_2025_09_28_17_15_52_vehicle.csv,Entity_Recording_2025_09_28_17_15_52_vehicle.csv,F:\data_set_process\data_process\01_datasets\数据预处理\原始车辆数据\byx\Entity_Recording_2025_09_28_17_15_52_vehicle.csv,21,21,allraw_instability_rescreen_v0_1,secondary,strong_active,all_raw_vehicle_dynamic_onset_non_steering,instability_ay_roll,straight,0,0.0,all_raw_nonsteering_dynamic_onset,43269,216.345,600,400,400,2.0,True,True,317.415,True,True,,216.345,230.84,14.495,43269,46168,100.0,62.07,instability_ay_roll,True,vehicle_instability_allraw__byx__2025_09_28_17_15_52__000216345,Full raw rescreen. Anchor is derived from non-steering vehicle dynamics (ay/roll_rate). Steering metrics are only response evidence and must not be used to define onset.
instability_allraw_highconf_oldcode_v0_1,byx::2025_09_28_17_15_52::00022::instability_dynamic_onset,allraw_vehicle_instability_highconf,byx,test,Entity_Recording_2025_09_28_17_15_52_vehicle.csv,Entity_Recording_2025_09_28_17_15_52_vehicle.csv,F:\data_set_process\data_process\01_datasets\数据预处理\原始车辆数据\byx\Entity_Recording_2025_09_28_17_15_52_vehicle.csv,22,22,allraw_instability_rescreen_v0_1,secondary,strong_active,all_raw_vehicle_dynamic_onset_non_steering,instability_ay_roll,curve,0,-0.0,all_raw_nonsteering_dynamic_onset,52793,263.965,600,400,400,2.0,True,True,269.795,True,True,,263.965,284.705,20.74,52793,56941,100.0,76.79,instability_ay_roll,True,vehicle_instability_allraw__byx__2025_09_28_17_15_52__000263965,Full raw rescreen. Anchor is derived from non-steering vehicle dynamics (ay/roll_rate). Steering metrics are only response evidence and must not be used to define onset.
instability_allraw_highconf_oldcode_v0_1,byx::2025_09_28_17_15_52::00023::instability_dynamic_onset,allraw_vehicle_instability_highconf,byx,test,Entity_Recording_2025_09_28_17_15_52_vehicle.csv,Entity_Recording_2025_09_28_17_15_52_vehicle.csv,F:\data_set_process\data_process\01_datasets\数据预处理\原始车辆数据\byx\Entity_Recording_2025_09_28_17_15_52_vehicle.csv,23,23,allraw_instability_rescreen_v0_1,secondary,extreme_active,all_raw_vehicle_dynamic_onset_non_steering,instability_ay_roll,straight,1,0.0,all_raw_nonsteering_dynamic_onset,57485,287.425,600,400,400,2.0,True,True,246.335,True,True,,287.425,306.315,18.89,57485,61263,100.0,91.39,instability_ay_roll,True,vehicle_instability_allraw__byx__2025_09_28_17_15_52__000287425,Full raw rescreen. Anchor is derived from non-steering vehicle dynamics (ay/roll_rate). Steering metrics are only response evidence and must not be used to define onset.
instability_allraw_highconf_oldcode_v0_1,byx::2025_09_28_17_15_52::00024::instability_dynamic_onset,allraw_vehicle_instability_highconf,byx,test,Entity_Recording_2025_09_28_17_15_52_vehicle.csv,Entity_Recording_2025_09_28_17_15_52_vehicle.csv,F:\data_set_process\data_process\01_datasets\数据预处理\原始车辆数据\byx\Entity_Recording_2025_09_28_17_15_52_vehicle.csv,24,24,allraw_instability_rescreen_v0_1,secondary,extreme_active,all_raw_vehicle_dynamic_onset_non_steering,instability_ay_roll,straight,1,-0.00041236,all_raw_nonsteering_dynamic_onset,63954,319.77,600,400,400,2.0,True,True,213.99,True,True,,319.77,337.25,17.48,63954,67450,100.0,87.45,instability_ay_roll,True,vehicle_instability_allraw__byx__2025_09_28_17_15_52__000319770,Full raw rescreen. Anchor is derived from non-steering vehicle dynamics (ay/roll_rate). Steering metrics are only response evidence and must not be used to define onset.
instability_allraw_highconf_oldcode_v0_1,byx::2025_09_28_17_15_52::00025::instability_dynamic_onset,allraw_vehicle_instability_highconf,byx,test,Entity_Recording_2025_09_28_17_15_52_vehicle.csv,Entity_Recording_2025_09_28_17_15_52_vehicle.csv,F:\data_set_process\data_process\01_datasets\数据预处理\原始车辆数据\byx\Entity_Recording_2025_09_28_17_15_52_vehicle.csv,25,25,allraw_instability_rescreen_v0_1,secondary,strong_active,all_raw_vehicle_dynamic_onset_non_steering,instability_ay_roll,straight,0,-0.0,all_raw_nonsteering_dynamic_onset,68362,341.81,600,400,400,2.0,True,True,191.95,True,True,,341.81,356.88,15.07,68362,71376,90.0,61.68,instability_ay_roll,True,vehicle_instability_allraw__byx__2025_09_28_17_15_52__000341810,Full raw rescreen. Anchor is derived from non-steering vehicle dynamics (ay/roll_rate). Steering metrics are only response evidence and must not be used to define onset.
instability_allraw_highconf_oldcode_v0_1,byx::2025_09_28_17_15_52::00026::instability_dynamic_onset,allraw_vehicle_instability_highconf,byx,test,Entity_Recording_2025_09_28_17_15_52_vehicle.csv,Entity_Recording_2025_09_28_17_15_52_vehicle.csv,F:\data_set_process\data_process\01_datasets\数据预处理\原始车辆数据\byx\Entity_Recording_2025_09_28_17_15_52_vehicle.csv,26,26,allraw_instability_rescreen_v0_1,secondary,extreme_active,all_raw_vehicle_dynamic_onset_non_steering,instability_ay_roll,straight,0,0.0,all_raw_nonsteering_dynamic_onset,82384,411.92,600,400,400,2.0,True,True,121.84,True,True,,411.92,423.255,11.335,82384,84651,100.0,81.24,instability_ay_roll,True,vehicle_instability_allraw__byx__2025_09_28_17_15_52__000411920,Full raw rescreen. Anchor is derived from non-steering vehicle dynamics (ay/roll_rate). Steering metrics are only response evidence and must not be used to define onset.
instability_allraw_highconf_oldcode_v0_1,byx::2025_09_28_17_15_52::00027::instability_dynamic_onset,allraw_vehicle_instability_highconf,byx,test,Entity_Recording_2025_09_28_17_15_52_vehicle.csv,Entity_Recording_2025_09_28_17_15_52_vehicle.csv,F:\data_set_process\data_process\01_datasets\数据预处理\原始车辆数据\byx\Entity_Recording_2025_09_28_17_15_52_vehicle.csv,27,27,allraw_instability_rescreen_v0_1,none,instability_medium,all_raw_vehicle_dynamic_onset_non_steering,instability_ay_roll,design_high_risk_surface,0,0.0,all_raw_nonsteering_dynamic_onset,90138,450.69,600,400,400,2.0,True,True,83.07,True,True,,450.69,485.505,34.815,90138,97101,87.85,69.82,instability_ay_roll,True,vehicle_instability_allraw__byx__2025_09_28_17_15_52__000450690,Full raw rescreen. Anchor is derived from non-steering vehicle dynamics (ay/roll_rate). Steering metrics are only response evidence and must not be used to define onset.
instability_allraw_highconf_oldcode_v0_1,byx::2025_09_28_17_15_52::00028::instability_dynamic_onset,allraw_vehicle_instability_highconf,byx,test,Entity_Recording_2025_09_28_17_15_52_vehicle.csv,Entity_Recording_2025_09_28_17_15_52_vehicle.csv,F:\data_set_process\data_process\01_datasets\数据预处理\原始车辆数据\byx\Entity_Recording_2025_09_28_17_15_52_vehicle.csv,28,28,allraw_instability_rescreen_v0_1,none,instability_strong,all_raw_vehicle_dynamic_onset_non_steering,instability_ay_roll,design_high_risk_surface,0,0.0,all_raw_nonsteering_dynamic_onset,103471,517.355,600,400,400,2.0,True,True,16.405,True,True,,517.355,531.225,13.87,103471,106245,88.53,71.53,instability_ay_roll,True,vehicle_instability_allraw__byx__2025_09_28_17_15_52__000517355,Full raw rescreen. Anchor is derived from non-steering vehicle dynamics (ay/roll_rate). Steering metrics are only response evidence and must not be used to define onset.
instability_allraw_highconf_oldcode_v0_1,byx::2025_09_28_17_25_18::00029::instability_dynamic_onset,allraw_vehicle_instability_highconf,byx,test,Entity_Recording_2025_09_28_17_25_18_vehicle.csv,Entity_Recording_2025_09_28_17_25_18_vehicle.csv,F:\data_set_process\data_process\01_datasets\数据预处理\原始车辆数据\byx\Entity_Recording_2025_09_28_17_25_18_vehicle.csv,29,29,allraw_instability_rescreen_v0_1,secondary,extreme_active,all_raw_vehicle_dynamic_onset_non_steering,instability_ay_roll,straight,0,-0.0,all_raw_nonsteering_dynamic_onset,9982,49.91,600,400,400,2.0,True,True,535.48,True,True,,49.91,59.98,10.07,9982,11996,100.0,93.61,instability_ay_roll,True,vehicle_instability_allraw__byx__2025_09_28_17_25_18__000049910,Full raw rescreen. Anchor is derived from non-steering vehicle dynamics (ay/roll_rate). Steering metrics are only response evidence and must not be used to define onset.
instability_allraw_highconf_oldcode_v0_1,byx::2025_09_28_17_25_18::00030::instability_dynamic_onset,allraw_vehicle_instability_highconf,byx,test,Entity_Recording_2025_09_28_17_25_18_vehicle.csv,Entity_Recording_2025_09_28_17_25_18_vehicle.csv,F:\data_set_process\data_process\01_datasets\数据预处理\原始车辆数据\byx\Entity_Recording_2025_09_28_17_25_18_vehicle.csv,30,30,allraw_instability_rescreen_v0_1,none,instability_extreme,all_raw_vehicle_dynamic_onset_non_steering,instability_ay_roll,design_regular_road,0,-0.0,all_raw_nonsteering_dynamic_onset,13110,65.55,600,400,400,2.0,True,True,519.84,True,True,,65.55,88.575,23.025,13110,17715,100.0,91.64,instability_ay_roll,True,vehicle_instability_allraw__byx__2025_09_28_17_25_18__000065550,Full raw rescreen. Anchor is derived from non-steering vehicle dynamics (ay/roll_rate). Steering metrics are only response evidence and must not be used to define onset.
instability_allraw_highconf_oldcode_v0_1,byx::2025_09_28_17_25_18::00031::instability_dynamic_onset,allraw_vehicle_instability_highconf,byx,test,Entity_Recording_2025_09_28_17_25_18_vehicle.csv,Entity_Recording_2025_09_28_17_25_18_vehicle.csv,F:\data_set_process\data_process\01_datasets\数据预处理\原始车辆数据\byx\Entity_Recording_2025_09_28_17_25_18_vehicle.csv,31,31,allraw_instability_rescreen_v0_1,secondary,strong_active,all_raw_vehicle_dynamic_onset_non_steering,instability_ay_roll,straight,0,-0.0,all_raw_nonsteering_dynamic_onset,23439,117.195,600,400,400,2.0,True,True,468.195,True,True,,117.195,125.455,8.26,23439,25091,96.68,61.2,instability_ay_roll,True,vehicle_instability_allraw__byx__2025_09_28_17_25_18__000117195,Full raw rescreen. Anchor is derived from non-steering vehicle dynamics (ay/roll_rate). Steering metrics are only response evidence and must not be used to define onset.
instability_allraw_highconf_oldcode_v0_1,byx::2025_09_28_17_25_18::00032::instability_dynamic_onset,allraw_vehicle_instability_highconf,byx,test,Entity_Recording_2025_09_28_17_25_18_vehicle.csv,Entity_Recording_2025_09_28_17_25_18_vehicle.csv,F:\data_set_process\data_process\01_datasets\数据预处理\原始车辆数据\byx\Entity_Recording_2025_09_28_17_25_18_vehicle.csv,32,32,allraw_instability_rescreen_v0_1,secondary,strong_active,all_raw_vehicle_dynamic_onset_non_steering,instability_ay_roll,curve,1,-0.00729802,all_raw_nonsteering_dynamic_onset,32830,164.15,600,400,400,2.0,True,True,421.24,True,True,,164.15,182.655,18.505,32830,36531,100.0,76.49,instability_ay_roll,True,vehicle_instability_allraw__byx__2025_09_28_17_25_18__000164150,Full raw rescreen. Anchor is derived from non-steering vehicle dynamics (ay/roll_rate). Steering metrics are only response evidence and must not be used to define onset.
instability_allraw_highconf_oldcode_v0_1,byx::2025_09_28_17_25_18::00033::instability_dynamic_onset,allraw_vehicle_instability_highconf,byx,test,Entity_Recording_2025_09_28_17_25_18_vehicle.csv,Entity_Recording_2025_09_28_17_25_18_vehicle.csv,F:\data_set_process\data_process\01_datasets\数据预处理\原始车辆数据\byx\Entity_Recording_2025_09_28_17_25_18_vehicle.csv,33,33,allraw_instability_rescreen_v0_1,secondary,medium_active,all_raw_vehicle_dynamic_onset_non_steering,instability_ay_roll,straight,0,-0.0,all_raw_nonsteering_dynamic_onset,38361,191.805,600,400,400,2.0,True,True,393.585,True,True,,191.805,202.025,10.22,38361,40405,95.95,67.72,instability_ay_roll,True,vehicle_instability_allraw__byx__2025_09_28_17_25_18__000191805,Full raw rescreen. Anchor is derived from non-steering vehicle dynamics (ay/roll_rate). Steering metrics are only response evidence and must not be used to define onset.
instability_allraw_highconf_oldcode_v0_1,byx::2025_09_28_17_25_18::00034::instability_dynamic_onset,allraw_vehicle_instability_highconf,byx,test,Entity_Recording_2025_09_28_17_25_18_vehicle.csv,Entity_Recording_2025_09_28_17_25_18_vehicle.csv,F:\data_set_process\data_process\01_datasets\数据预处理\原始车辆数据\byx\Entity_Recording_2025_09_28_17_25_18_vehicle.csv,34,34,allraw_instability_rescreen_v0_1,secondary,extreme_active,all_raw_vehicle_dynamic_onset_non_steering,instability_ay_roll,straight,0,0.0,all_raw_nonsteering_dynamic_onset,45001,225.005,600,400,400,2.0,True,True,360.385,True,True,,225.005,242.445,17.44,45001,48489,100.0,66.22,instability_ay_roll,True,vehicle_instability_allraw__byx__2025_09_28_17_25_18__000225005,Full raw rescreen. Anchor is derived from non-steering vehicle dynamics (ay/roll_rate). Steering metrics are only response evidence and must not be used to define onset.
instability_allraw_highconf_oldcode_v0_1,byx::2025_09_28_17_25_18::00035::instability_dynamic_onset,allraw_vehicle_instability_highconf,byx,test,Entity_Recording_2025_09_28_17_25_18_vehicle.csv,Entity_Recording_2025_09_28_17_25_18_vehicle.csv,F:\data_set_process\data_process\01_datasets\数据预处理\原始车辆数据\byx\Entity_Recording_2025_09_28_17_25_18_vehicle.csv,35,35,allraw_instability_rescreen_v0_1,secondary,extreme_active,all_raw_vehicle_dynamic_onset_non_steering,instability_ay_roll,straight,0,0.0,all_raw_nonsteering_dynamic_onset,49653,248.265,600,400,400,2.0,True,True,337.125,True,True,,248.265,255.715,7.45,49653,51143,100.0,91.1,instability_ay_roll,True,vehicle_instability_allraw__byx__2025_09_28_17_25_18__000248265,Full raw rescreen. Anchor is derived from non-steering vehicle dynamics (ay/roll_rate). Steering metrics are only response evidence and must not be used to define onset.
instability_allraw_highconf_oldcode_v0_1,byx::2025_09_28_17_25_18::00036::instability_dynamic_onset,allraw_vehicle_instability_highconf,byx,test,Entity_Recording_2025_09_28_17_25_18_vehicle.csv,Entity_Recording_2025_09_28_17_25_18_vehicle.csv,F:\data_set_process\data_process\01_datasets\数据预处理\原始车辆数据\byx\Entity_Recording_2025_09_28_17_25_18_vehicle.csv,36,36,allraw_instability_rescreen_v0_1,none,instability_extreme,all_raw_vehicle_dynamic_onset_non_steering,instability_ay_roll,design_special_event_segment,0,0.0,all_raw_nonsteering_dynamic_onset,53165,265.825,600,400,400,2.0,True,True,319.565,True,True,,265.825,268.395,2.57,53165,53679,100.0,90.3,instability_ay_roll,True,vehicle_instability_allraw__byx__2025_09_28_17_25_18__000265825,Full raw rescreen. Anchor is derived from non-steering vehicle dynamics (ay/roll_rate). Steering metrics are only response evidence and must not be used to define onset.
instability_allraw_highconf_oldcode_v0_1,byx::2025_09_28_17_25_18::00037::instability_dynamic_onset,allraw_vehicle_instability_highconf,byx,test,Entity_Recording_2025_09_28_17_25_18_vehicle.csv,Entity_Recording_2025_09_28_17_25_18_vehicle.csv,F:\data_set_process\data_process\01_datasets\数据预处理\原始车辆数据\byx\Entity_Recording_2025_09_28_17_25_18_vehicle.csv,37,37,allraw_instability_rescreen_v0_1,none,instability_extreme,all_raw_vehicle_dynamic_onset_non_steering,instability_ay_roll,design_special_event_segment,0,-0.0,all_raw_nonsteering_dynamic_onset,55174,275.87,600,400,400,2.0,True,True,309.52,True,True,,275.87,278.475,2.605,55174,55695,100.0,87.3,instability_ay_roll,True,vehicle_instability_allraw__byx__2025_09_28_17_25_18__000275870,Full raw rescreen. Anchor is derived from non-steering vehicle dynamics (ay/roll_rate). Steering metrics are only response evidence and must not be used to define onset.
instability_allraw_highconf_oldcode_v0_1,byx::2025_09_28_17_25_18::00038::instability_dynamic_onset,allraw_vehicle_instability_highconf,byx,test,Entity_Recording_2025_09_28_17_25_18_vehicle.csv,Entity_Recording_2025_09_28_17_25_18_vehicle.csv,F:\data_set_process\data_process\01_datasets\数据预处理\原始车辆数据\byx\Entity_Recording_2025_09_28_17_25_18_vehicle.csv,38,38,allraw_instability_rescreen_v0_1,secondary,strong_active,all_raw_vehicle_dynamic_onset_non_steering,instability_ay_roll,straight,0,0.0,all_raw_nonsteering_dynamic_onset,56627,283.135,600,400,400,2.0,True,True,302.255,True,True,,283.135,285.31,2.175,56627,57062,100.0,74.12,instability_ay_roll,True,vehicle_instability_allraw__byx__2025_09_28_17_25_18__000283135,Full raw rescreen. Anchor is derived from non-steering vehicle dynamics (ay/roll_rate). Steering metrics are only response evidence and must not be used to define onset.
instability_allraw_highconf_oldcode_v0_1,byx::2025_09_28_17_25_18::00039::instability_dynamic_onset,allraw_vehicle_instability_highconf,byx,test,Entity_Recording_2025_09_28_17_25_18_vehicle.csv,Entity_Recording_2025_09_28_17_25_18_vehicle.csv,F:\data_set_process\data_process\01_datasets\数据预处理\原始车辆数据\byx\Entity_Recording_2025_09_28_17_25_18_vehicle.csv,39,39,allraw_instability_rescreen_v0_1,secondary,extreme_active,all_raw_vehicle_dynamic_onset_non_steering,instability_ay_roll,curve,0,0.0,all_raw_nonsteering_dynamic_onset,66613,333.065,600,400,400,2.0,True,True,252.325,True,True,,333.065,352.555,19.49,66613,70511,100.0,77.17,instability_ay_roll,True,vehicle_instability_allraw__byx__2025_09_28_17_25_18__000333065,Full raw rescreen. Anchor is derived from non-steering vehicle dynamics (ay/roll_rate). Steering metrics are only response evidence and must not be used to define onset.
instability_allraw_highconf_oldcode_v0_1,byx::2025_09_28_17_25_18::00040::instability_dynamic_onset,allraw_vehicle_instability_highconf,byx,test,Entity_Recording_2025_09_28_17_25_18_vehicle.csv,Entity_Recording_2025_09_28_17_25_18_vehicle.csv,F:\data_set_process\data_process\01_datasets\数据预处理\原始车辆数据\byx\Entity_Recording_2025_09_28_17_25_18_vehicle.csv,40,40,allraw_instability_rescreen_v0_1,secondary,strong_active,all_raw_vehicle_dynamic_onset_non_steering,instability_ay_roll,straight,0,-0.0,all_raw_nonsteering_dynamic_onset,76838,384.19,600,400,400,2.0,True,True,201.2,True,True,,384.19,392.435,8.245,76838,78487,100.0,80.45,instability_ay_roll,True,vehicle_instability_allraw__byx__2025_09_28_17_25_18__000384190,Full raw rescreen. Anchor is derived from non-steering vehicle dynamics (ay/roll_rate). Steering metrics are only response evidence and must not be used to define onset.
instability_allraw_highconf_oldcode_v0_1,byx::2025_09_28_17_25_18::00041::instability_dynamic_onset,allraw_vehicle_instability_highconf,byx,test,Entity_Recording_2025_09_28_17_25_18_vehicle.csv,Entity_Recording_2025_09_28_17_25_18_vehicle.csv,F:\data_set_process\data_process\01_datasets\数据预处理\原始车辆数据\byx\Entity_Recording_2025_09_28_17_25_18_vehicle.csv,41,41,allraw_instability_rescreen_v0_1,secondary,weak,all_raw_vehicle_dynamic_onset_non_steering,instability_ay_roll,straight,0,0.0,all_raw_nonsteering_dynamic_onset,80362,401.81,600,400,400,2.0,True,True,183.58,True,True,,401.81,418.07,16.26,80362,83614,100.0,81.51,instability_ay_roll,True,vehicle_instability_allraw__byx__2025_09_28_17_25_18__000401810,Full raw rescreen. Anchor is derived from non-steering vehicle dynamics (ay/roll_rate). Steering metrics are only response evidence and must not be used to define onset.
instability_allraw_highconf_oldcode_v0_1,byx::2025_09_28_17_25_18::00042::instability_dynamic_onset,allraw_vehicle_instability_highconf,byx,test,Entity_Recording_2025_09_28_17_25_18_vehicle.csv,Entity_Recording_2025_09_28_17_25_18_vehicle.csv,F:\data_set_process\data_process\01_datasets\数据预处理\原始车辆数据\byx\Entity_Recording_2025_09_28_17_25_18_vehicle.csv,42,42,allraw_instability_rescreen_v0_1,secondary,extreme_active,all_raw_vehicle_dynamic_onset_non_steering,instability_ay_roll,straight,0,0.0,all_raw_nonsteering_dynamic_onset,95405,477.025,600,400,400,2.0,True,True,108.365,True,True,,477.025,491.89,14.865,95405,98378,100.0,84.77,instability_ay_roll,True,vehicle_instability_allraw__byx__2025_09_28_17_25_18__000477025,Full raw rescreen. Anchor is derived from non-steering vehicle dynamics (ay/roll_rate). Steering metrics are only response evidence and must not be used to define onset.
instability_allraw_highconf_oldcode_v0_1,byx::2025_09_28_17_35_43::00043::instability_dynamic_onset,allraw_vehicle_instability_highconf,byx,test,Entity_Recording_2025_09_28_17_35_43_vehicle.csv,Entity_Recording_2025_09_28_17_35_43_vehicle.csv,F:\data_set_process\data_process\01_datasets\数据预处理\原始车辆数据\byx\Entity_Recording_2025_09_28_17_35_43_vehicle.csv,43,43,allraw_instability_rescreen_v0_1,secondary,strong_active,all_raw_vehicle_dynamic_onset_non_steering,instability_ay_roll,straight,0,-0.0,all_raw_nonsteering_dynamic_onset,9607,48.035,600,400,400,2.0,True,True,537.83,True,True,,48.035,55.5,7.465,9607,11100,100.0,88.12,instability_ay_roll,True,vehicle_instability_allraw__byx__2025_09_28_17_35_43__000048035,Full raw rescreen. Anchor is derived from non-steering vehicle dynamics (ay/roll_rate). Steering metrics are only response evidence and must not be used to define onset.
instability_allraw_highconf_oldcode_v0_1,byx::2025_09_28_17_35_43::00044::instability_dynamic_onset,allraw_vehicle_instability_highconf,byx,test,Entity_Recording_2025_09_28_17_35_43_vehicle.csv,Entity_Recording_2025_09_28_17_35_43_vehicle.csv,F:\data_set_process\data_process\01_datasets\数据预处理\原始车辆数据\byx\Entity_Recording_2025_09_28_17_35_43_vehicle.csv,44,44,allraw_instability_rescreen_v0_1,primary,medium_active,all_raw_vehicle_dynamic_onset_non_steering,instability_ay_roll,straight,0,0.0,all_raw_nonsteering_dynamic_onset,15783,78.915,600,400,400,2.0,True,True,506.95,True,True,,78.915,80.815,1.9,15783,16163,87.59,65.0,instability_ay_roll,True,vehicle_instability_allraw__byx__2025_09_28_17_35_43__000078915,Full raw rescreen. Anchor is derived from non-steering vehicle dynamics (ay/roll_rate). Steering metrics are only response evidence and must not be used to define onset.
instability_allraw_highconf_oldcode_v0_1,byx::2025_09_28_17_35_43::00045::instability_dynamic_onset,allraw_vehicle_instability_highconf,byx,test,Entity_Recording_2025_09_28_17_35_43_vehicle.csv,Entity_Recording_2025_09_28_17_35_43_vehicle.csv,F:\data_set_process\data_process\01_datasets\数据预处理\原始车辆数据\byx\Entity_Recording_2025_09_28_17_35_43_vehicle.csv,45,45,allraw_instability_rescreen_v0_1,secondary,strong_active,all_raw_vehicle_dynamic_onset_non_steering,instability_ay_roll,straight,0,0.0,all_raw_nonsteering_dynamic_onset,16825,84.125,600,400,400,2.0,True,True,501.74,True,True,,84.125,94.88,10.755,16825,18976,100.0,76.27,instability_ay_roll,True,vehicle_instability_allraw__byx__2025_09_28_17_35_43__000084125,Full raw rescreen. Anchor is derived from non-steering vehicle dynamics (ay/roll_rate). Steering metrics are only response evidence and must not be used to define onset.
instability_allraw_highconf_oldcode_v0_1,byx::2025_09_28_17_35_43::00046::instability_dynamic_onset,allraw_vehicle_instability_highconf,byx,test,Entity_Recording_2025_09_28_17_35_43_vehicle.csv,Entity_Recording_2025_09_28_17_35_43_vehicle.csv,F:\data_set_process\data_process\01_datasets\数据预处理\原始车辆数据\byx\Entity_Recording_2025_09_28_17_35_43_vehicle.csv,46,46,allraw_instability_rescreen_v0_1,secondary,medium_active,all_raw_vehicle_dynamic_onset_non_steering,instability_ay_roll,straight,0,0.0,all_raw_nonsteering_dynamic_onset,19586,97.93,600,400,400,2.0,True,True,487.935,True,True,,97.93,100.39,2.46,19586,20078,96.02,72.35,instability_ay_roll,True,vehicle_instability_allraw__byx__2025_09_28_17_35_43__000097930,Full raw rescreen. Anchor is derived from non-steering vehicle dynamics (ay/roll_rate). Steering metrics are only response evidence and must not be used to define onset.
instability_allraw_highconf_oldcode_v0_1,byx::2025_09_28_17_35_43::00047::instability_dynamic_onset,allraw_vehicle_instability_highconf,byx,test,Entity_Recording_2025_09_28_17_35_43_vehicle.csv,Entity_Recording_2025_09_28_17_35_43_vehicle.csv,F:\data_set_process\data_process\01_datasets\数据预处理\原始车辆数据\byx\Entity_Recording_2025_09_28_17_35_43_vehicle.csv,47,47,allraw_instability_rescreen_v0_1,secondary,weak,all_raw_vehicle_dynamic_onset_non_steering,instability_roll_only,straight,0,-0.0,all_raw_nonsteering_dynamic_onset,20834,104.17,600,400,400,2.0,True,True,481.695,True,True,,104.17,104.445,0.275,20834,20889,88.84,71.27,instability_roll_only,True,vehicle_instability_allraw__byx__2025_09_28_17_35_43__000104170,Full raw rescreen. Anchor is derived from non-steering vehicle dynamics (ay/roll_rate). Steering metrics are only response evidence and must not be used to define onset.
instability_allraw_highconf_oldcode_v0_1,byx::2025_09_28_17_35_43::00048::instability_dynamic_onset,allraw_vehicle_instability_highconf,byx,test,Entity_Recording_2025_09_28_17_35_43_vehicle.csv,Entity_Recording_2025_09_28_17_35_43_vehicle.csv,F:\data_set_process\data_process\01_datasets\数据预处理\原始车辆数据\byx\Entity_Recording_2025_09_28_17_35_43_vehicle.csv,48,48,allraw_instability_rescreen_v0_1,secondary,extreme_active,all_raw_vehicle_dynamic_onset_non_steering,instability_ay_roll,straight,0,0.0,all_raw_nonsteering_dynamic_onset,22085,110.425,600,400,400,2.0,True,True,475.44,True,True,,110.425,115.115,4.69,22085,23023,100.0,85.35,instability_ay_roll,True,vehicle_instability_allraw__byx__2025_09_28_17_35_43__000110425,Full raw rescreen. Anchor is derived from non-steering vehicle dynamics (ay/roll_rate). Steering metrics are only response evidence and must not be used to define onset.
instability_allraw_highconf_oldcode_v0_1,byx::2025_09_28_17_35_43::00049::instability_dynamic_onset,allraw_vehicle_instability_highconf,byx,test,Entity_Recording_2025_09_28_17_35_43_vehicle.csv,Entity_Recording_2025_09_28_17_35_43_vehicle.csv,F:\data_set_process\data_process\01_datasets\数据预处理\原始车辆数据\byx\Entity_Recording_2025_09_28_17_35_43_vehicle.csv,49,49,allraw_instability_rescreen_v0_1,secondary,medium_active,all_raw_vehicle_dynamic_onset_non_steering,instability_ay_roll,straight,0,-0.0,all_raw_nonsteering_dynamic_onset,23631,118.155,600,400,400,2.0,True,True,467.71,True,True,,118.155,134.4,16.245,23631,26880,92.76,68.36,instability_ay_roll,True,vehicle_instability_allraw__byx__2025_09_28_17_35_43__000118155,Full raw rescreen. Anchor is derived from non-steering vehicle dynamics (ay/roll_rate). Steering metrics are only response evidence and must not be used to define onset.
instability_allraw_highconf_oldcode_v0_1,byx::2025_09_28_17_35_43::00050::instability_dynamic_onset,allraw_vehicle_instability_highconf,byx,test,Entity_Recording_2025_09_28_17_35_43_vehicle.csv,Entity_Recording_2025_09_28_17_35_43_vehicle.csv,F:\data_set_process\data_process\01_datasets\数据预处理\原始车辆数据\byx\Entity_Recording_2025_09_28_17_35_43_vehicle.csv,50,50,allraw_instability_rescreen_v0_1,secondary,strong_active,all_raw_vehicle_dynamic_onset_non_steering,instability_ay_roll,straight,1,0.00453303,all_raw_nonsteering_dynamic_onset,32693,163.465,600,400,400,2.0,True,True,422.4,True,True,,163.465,185.08,21.615,32693,37016,100.0,85.1,instability_ay_roll,True,vehicle_instability_allraw__byx__2025_09_28_17_35_43__000163465,Full raw rescreen. Anchor is derived from non-steering vehicle dynamics (ay/roll_rate). Steering metrics are only response evidence and must not be used to define onset.
instability_allraw_highconf_oldcode_v0_1,byx::2025_09_28_17_35_43::00051::instability_dynamic_onset,allraw_vehicle_instability_highconf,byx,test,Entity_Recording_2025_09_28_17_35_43_vehicle.csv,Entity_Recording_2025_09_28_17_35_43_vehicle.csv,F:\data_set_process\data_process\01_datasets\数据预处理\原始车辆数据\byx\Entity_Recording_2025_09_28_17_35_43_vehicle.csv,51,51,allraw_instability_rescreen_v0_1,primary,extreme_active,all_raw_vehicle_dynamic_onset_non_steering,instability_ay_roll,curve,1,-0.00729802,all_raw_nonsteering_dynamic_onset,38841,194.205,600,400,400,2.0,True,True,391.66,True,True,,194.205,196.685,2.48,38841,39337,100.0,94.84,instability_ay_roll,True,vehicle_instability_allraw__byx__2025_09_28_17_35_43__000194205,Full raw rescreen. Anchor is derived from non-steering vehicle dynamics (ay/roll_rate). Steering metrics are only response evidence and must not be used to define onset.
instability_allraw_highconf_oldcode_v0_1,byx::2025_09_28_17_35_43::00052::instability_dynamic_onset,allraw_vehicle_instability_highconf,byx,test,Entity_Recording_2025_09_28_17_35_43_vehicle.csv,Entity_Recording_2025_09_28_17_35_43_vehicle.csv,F:\data_set_process\data_process\01_datasets\数据预处理\原始车辆数据\byx\Entity_Recording_2025_09_28_17_35_43_vehicle.csv,52,52,allraw_instability_rescreen_v0_1,secondary,extreme_active,all_raw_vehicle_dynamic_onset_non_steering,instability_ay_roll,curve,1,-0.00729802,all_raw_nonsteering_dynamic_onset,39867,199.335,600,400,400,2.0,True,True,386.53,True,True,,199.335,220.265,20.93,39867,44053,100.0,93.11,instability_ay_roll,True,vehicle_instability_allraw__byx__2025_09_28_17_35_43__000199335,Full raw rescreen. Anchor is derived from non-steering vehicle dynamics (ay/roll_rate). Steering metrics are only response evidence and must not be used to define onset.
instability_allraw_highconf_oldcode_v0_1,byx::2025_09_28_17_35_43::00053::instability_dynamic_onset,allraw_vehicle_instability_highconf,byx,test,Entity_Recording_2025_09_28_17_35_43_vehicle.csv,Entity_Recording_2025_09_28_17_35_43_vehicle.csv,F:\data_set_process\data_process\01_datasets\数据预处理\原始车辆数据\byx\Entity_Recording_2025_09_28_17_35_43_vehicle.csv,53,53,allraw_instability_rescreen_v0_1,secondary,extreme_active,all_raw_vehicle_dynamic_onset_non_steering,instability_ay_roll,straight,0,0.0,all_raw_nonsteering_dynamic_onset,46204,231.02,600,400,400,2.0,True,True,354.845,True,True,,231.02,254.665,23.645,46204,50933,100.0,88.07,instability_ay_roll,True,vehicle_instability_allraw__byx__2025_09_28_17_35_43__000231020,Full raw rescreen. Anchor is derived from non-steering vehicle dynamics (ay/roll_rate). Steering metrics are only response evidence and must not be used to define onset.
instability_allraw_highconf_oldcode_v0_1,byx::2025_09_28_17_35_43::00054::instability_dynamic_onset,allraw_vehicle_instability_highconf,byx,test,Entity_Recording_2025_09_28_17_35_43_vehicle.csv,Entity_Recording_2025_09_28_17_35_43_vehicle.csv,F:\data_set_process\data_process\01_datasets\数据预处理\原始车辆数据\byx\Entity_Recording_2025_09_28_17_35_43_vehicle.csv,54,54,allraw_instability_rescreen_v0_1,secondary,strong_active,all_raw_vehicle_dynamic_onset_non_steering,instability_ay_roll,straight,0,0.0,all_raw_nonsteering_dynamic_onset,51660,258.3,600,400,400,2.0,True,True,327.565,True,True,,258.3,279.85,21.55,51660,55970,100.0,75.74,instability_ay_roll,True,vehicle_instability_allraw__byx__2025_09_28_17_35_43__000258300,Full raw rescreen. Anchor is derived from non-steering vehicle dynamics (ay/roll_rate). Steering metrics are only response evidence and must not be used to define onset.
instability_allraw_highconf_oldcode_v0_1,byx::2025_09_28_17_35_43::00055::instability_dynamic_onset,allraw_vehicle_instability_highconf,byx,test,Entity_Recording_2025_09_28_17_35_43_vehicle.csv,Entity_Recording_2025_09_28_17_35_43_vehicle.csv,F:\data_set_process\data_process\01_datasets\数据预处理\原始车辆数据\byx\Entity_Recording_2025_09_28_17_35_43_vehicle.csv,55,55,allraw_instability_rescreen_v0_1,secondary,strong_active,all_raw_vehicle_dynamic_onset_non_steering,instability_ay_roll,straight,0,0.0,all_raw_nonsteering_dynamic_onset,56877,284.385,600,400,400,2.0,True,True,301.48,True,True,,284.385,291.775,7.39,56877,58355,100.0,70.41,instability_ay_roll,True,vehicle_instability_allraw__byx__2025_09_28_17_35_43__000284385,Full raw rescreen. Anchor is derived from non-steering vehicle dynamics (ay/roll_rate). Steering metrics are only response evidence and must not be used to define onset.
instability_allraw_highconf_oldcode_v0_1,byx::2025_09_28_17_35_43::00056::instability_dynamic_onset,allraw_vehicle_instability_highconf,byx,test,Entity_Recording_2025_09_28_17_35_43_vehicle.csv,Entity_Recording_2025_09_28_17_35_43_vehicle.csv,F:\data_set_process\data_process\01_datasets\数据预处理\原始车辆数据\byx\Entity_Recording_2025_09_28_17_35_43_vehicle.csv,56,56,allraw_instability_rescreen_v0_1,secondary,weak,all_raw_vehicle_dynamic_onset_non_steering,instability_ay_roll,straight,0,-0.0,all_raw_nonsteering_dynamic_onset,65965,329.825,600,400,400,2.0,True,True,256.04,True,True,,329.825,355.955,26.13,65965,71191,87.26,68.21,instability_ay_roll,True,vehicle_instability_allraw__byx__2025_09_28_17_35_43__000329825,Full raw rescreen. Anchor is derived from non-steering vehicle dynamics (ay/roll_rate). Steering metrics are only response evidence and must not be used to define onset.
instability_allraw_highconf_oldcode_v0_1,byx::2025_09_28_17_35_43::00057::instability_dynamic_onset,allraw_vehicle_instability_highconf,byx,test,Entity_Recording_2025_09_28_17_35_43_vehicle.csv,Entity_Recording_2025_09_28_17_35_43_vehicle.csv,F:\data_set_process\data_process\01_datasets\数据预处理\原始车辆数据\byx\Entity_Recording_2025_09_28_17_35_43_vehicle.csv,57,57,allraw_instability_rescreen_v0_1,secondary,extreme_active,all_raw_vehicle_dynamic_onset_non_steering,instability_ay_roll,straight,1,0.0,all_raw_nonsteering_dynamic_onset,71975,359.875,600,400,400,2.0,True,True,225.99,True,True,,359.875,374.075,14.2,71975,74815,100.0,71.16,instability_ay_roll,True,vehicle_instability_allraw__byx__2025_09_28_17_35_43__000359875,Full raw rescreen. Anchor is derived from non-steering vehicle dynamics (ay/roll_rate). Steering metrics are only response evidence and must not be used to define onset.
instability_allraw_highconf_oldcode_v0_1,byx::2025_09_28_17_35_43::00058::instability_dynamic_onset,allraw_vehicle_instability_highconf,byx,test,Entity_Recording_2025_09_28_17_35_43_vehicle.csv,Entity_Recording_2025_09_28_17_35_43_vehicle.csv,F:\data_set_process\data_process\01_datasets\数据预处理\原始车辆数据\byx\Entity_Recording_2025_09_28_17_35_43_vehicle.csv,58,58,allraw_instability_rescreen_v0_1,none,instability_strong,all_raw_vehicle_dynamic_onset_non_steering,instability_ay_roll,design_regular_road,0,0.0,all_raw_nonsteering_dynamic_onset,79531,397.655,600,400,400,2.0,True,True,188.21,True,True,,397.655,410.48,12.825,79531,82096,99.61,79.74,instability_ay_roll,True,vehicle_instability_allraw__byx__2025_09_28_17_35_43__000397655,Full raw rescreen. Anchor is derived from non-steering vehicle dynamics (ay/roll_rate). Steering metrics are only response evidence and must not be used to define onset.
instability_allraw_highconf_oldcode_v0_1,byx::2025_09_28_17_35_43::00059::instability_dynamic_onset,allraw_vehicle_instability_highconf,byx,test,Entity_Recording_2025_09_28_17_35_43_vehicle.csv,Entity_Recording_2025_09_28_17_35_43_vehicle.csv,F:\data_set_process\data_process\01_datasets\数据预处理\原始车辆数据\byx\Entity_Recording_2025_09_28_17_35_43_vehicle.csv,59,59,allraw_instability_rescreen_v0_1,secondary,extreme_active,all_raw_vehicle_dynamic_onset_non_steering,instability_ay_roll,straight,0,0.0,all_raw_nonsteering_dynamic_onset,93218,466.09,600,400,400,2.0,True,True,119.775,True,True,,466.09,483.15,17.06,93218,96630,100.0,89.67,instability_ay_roll,True,vehicle_instability_allraw__byx__2025_09_28_17_35_43__000466090,Full raw rescreen. Anchor is derived from non-steering vehicle dynamics (ay/roll_rate). Steering metrics are only response evidence and must not be used to define onset.
instability_allraw_highconf_oldcode_v0_1,byx::2025_09_28_17_35_43::00060::instability_dynamic_onset,allraw_vehicle_instability_highconf,byx,test,Entity_Recording_2025_09_28_17_35_43_vehicle.csv,Entity_Recording_2025_09_28_17_35_43_vehicle.csv,F:\data_set_process\data_process\01_datasets\数据预处理\原始车辆数据\byx\Entity_Recording_2025_09_28_17_35_43_vehicle.csv,60,60,allraw_instability_rescreen_v0_1,primary,extreme_active,all_raw_vehicle_dynamic_onset_non_steering,instability_ay_roll,straight,0,0.0,all_raw_nonsteering_dynamic_onset,99523,497.615,600,400,400,2.0,True,True,88.25,True,True,,497.615,501.005,3.39,99523,100201,94.85,63.03,instability_ay_roll,True,vehicle_instability_allraw__byx__2025_09_28_17_35_43__000497615,Full raw rescreen. Anchor is derived from non-steering vehicle dynamics (ay/roll_rate). Steering metrics are only response evidence and must not be used to define onset.
instability_allraw_highconf_oldcode_v0_1,byx::2025_09_28_17_46_00::00061::instability_dynamic_onset,allraw_vehicle_instability_highconf,byx,test,Entity_Recording_2025_09_28_17_46_00_vehicle.csv,Entity_Recording_2025_09_28_17_46_00_vehicle.csv,F:\data_set_process\data_process\01_datasets\数据预处理\原始车辆数据\byx\Entity_Recording_2025_09_28_17_46_00_vehicle.csv,61,61,allraw_instability_rescreen_v0_1,secondary,strong_active,all_raw_vehicle_dynamic_onset_non_steering,instability_ay_roll,straight,0,0.0,all_raw_nonsteering_dynamic_onset,9858,49.29,600,400,400,2.0,True,True,498.125,True,True,,49.29,63.27,13.98,9858,12654,100.0,93.53,instability_ay_roll,True,vehicle_instability_allraw__byx__2025_09_28_17_46_00__000049290,Full raw rescreen. Anchor is derived from non-steering vehicle dynamics (ay/roll_rate). Steering metrics are only response evidence and must not be used to define onset.
instability_allraw_highconf_oldcode_v0_1,byx::2025_09_28_17_46_00::00062::instability_dynamic_onset,allraw_vehicle_instability_highconf,byx,test,Entity_Recording_2025_09_28_17_46_00_vehicle.csv,Entity_Recording_2025_09_28_17_46_00_vehicle.csv,F:\data_set_process\data_process\01_datasets\数据预处理\原始车辆数据\byx\Entity_Recording_2025_09_28_17_46_00_vehicle.csv,62,62,allraw_instability_rescreen_v0_1,primary,strong_active,all_raw_vehicle_dynamic_onset_non_steering,instability_ay_roll,straight,0,0.0,all_raw_nonsteering_dynamic_onset,13548,67.74,600,400,400,2.0,True,True,479.675,True,True,,67.74,77.7,9.96,13548,15540,100.0,90.61,instability_ay_roll,True,vehicle_instability_allraw__byx__2025_09_28_17_46_00__000067740,Full raw rescreen. Anchor is derived from non-steering vehicle dynamics (ay/roll_rate). Steering metrics are only response evidence and must not be used to define onset.
instability_allraw_highconf_oldcode_v0_1,byx::2025_09_28_17_46_00::00063::instability_dynamic_onset,allraw_vehicle_instability_highconf,byx,test,Entity_Recording_2025_09_28_17_46_00_vehicle.csv,Entity_Recording_2025_09_28_17_46_00_vehicle.csv,F:\data_set_process\data_process\01_datasets\数据预处理\原始车辆数据\byx\Entity_Recording_2025_09_28_17_46_00_vehicle.csv,63,63,allraw_instability_rescreen_v0_1,secondary,extreme_active,all_raw_vehicle_dynamic_onset_non_steering,instability_ay_roll,straight,0,0.0,all_raw_nonsteering_dynamic_onset,18185,90.925,600,400,400,2.0,True,True,456.49,True,True,,90.925,92.175,1.25,18185,18435,100.0,71.06,instability_ay_roll,True,vehicle_instability_allraw__byx__2025_09_28_17_46_00__000090925,Full raw rescreen. Anchor is derived from non-steering vehicle dynamics (ay/roll_rate). Steering metrics are only response evidence and must not be used to define onset.
instability_allraw_highconf_oldcode_v0_1,byx::2025_09_28_17_46_00::00064::instability_dynamic_onset,allraw_vehicle_instability_highconf,byx,test,Entity_Recording_2025_09_28_17_46_00_vehicle.csv,Entity_Recording_2025_09_28_17_46_00_vehicle.csv,F:\data_set_process\data_process\01_datasets\数据预处理\原始车辆数据\byx\Entity_Recording_2025_09_28_17_46_00_vehicle.csv,64,64,allraw_instability_rescreen_v0_1,secondary,extreme_active,all_raw_vehicle_dynamic_onset_non_steering,instability_ay_roll,straight,0,0.0,all_raw_nonsteering_dynamic_onset,19116,95.58,600,400,400,2.0,True,True,451.835,True,True,,95.58,108.305,12.725,19116,21661,100.0,88.2,instability_ay_roll,True,vehicle_instability_allraw__byx__2025_09_28_17_46_00__000095580,Full raw rescreen. Anchor is derived from non-steering vehicle dynamics (ay/roll_rate). Steering metrics are only response evidence and must not be used to define onset.
instability_allraw_highconf_oldcode_v0_1,byx::2025_09_28_17_46_00::00065::instability_dynamic_onset,allraw_vehicle_instability_highconf,byx,test,Entity_Recording_2025_09_28_17_46_00_vehicle.csv,Entity_Recording_2025_09_28_17_46_00_vehicle.csv,F:\data_set_process\data_process\01_datasets\数据预处理\原始车辆数据\byx\Entity_Recording_2025_09_28_17_46_00_vehicle.csv,65,65,allraw_instability_rescreen_v0_1,secondary,extreme_active,all_raw_vehicle_dynamic_onset_non_steering,instability_ay_roll,straight,1,-0.00729801,all_raw_nonsteering_dynamic_onset,26987,134.935,600,400,400,2.0,True,True,412.48,True,True,,134.935,163.255,28.32,26987,32651,100.0,80.02,instability_ay_roll,True,vehicle_instability_allraw__byx__2025_09_28_17_46_00__000134935,Full raw rescreen. Anchor is derived from non-steering vehicle dynamics (ay/roll_rate). Steering metrics are only response evidence and must not be used to define onset.
instability_allraw_highconf_oldcode_v0_1,byx::2025_09_28_17_46_00::00066::instability_dynamic_onset,allraw_vehicle_instability_highconf,byx,test,Entity_Recording_2025_09_28_17_46_00_vehicle.csv,Entity_Recording_2025_09_28_17_46_00_vehicle.csv,F:\data_set_process\data_process\01_datasets\数据预处理\原始车辆数据\byx\Entity_Recording_2025_09_28_17_46_00_vehicle.csv,66,66,allraw_instability_rescreen_v0_1,secondary,strong_active,all_raw_vehicle_dynamic_onset_non_steering,instability_ay_roll,straight,0,0.0,all_raw_nonsteering_dynamic_onset,34180,170.9,600,400,400,2.0,True,True,376.515,True,True,,170.9,182.585,11.685,34180,36517,95.16,59.86,instability_ay_roll,True,vehicle_instability_allraw__byx__2025_09_28_17_46_00__000170900,Full raw rescreen. Anchor is derived from non-steering vehicle dynamics (ay/roll_rate). Steering metrics are only response evidence and must not be used to define onset.
instability_allraw_highconf_oldcode_v0_1,byx::2025_09_28_17_46_00::00067::instability_dynamic_onset,allraw_vehicle_instability_highconf,byx,test,Entity_Recording_2025_09_28_17_46_00_vehicle.csv,Entity_Recording_2025_09_28_17_46_00_vehicle.csv,F:\data_set_process\data_process\01_datasets\数据预处理\原始车辆数据\byx\Entity_Recording_2025_09_28_17_46_00_vehicle.csv,67,67,allraw_instability_rescreen_v0_1,primary,strong_active,all_raw_vehicle_dynamic_onset_non_steering,instability_ay_roll,straight,0,0.0,all_raw_nonsteering_dynamic_onset,39760,198.8,600,400,400,2.0,True,True,348.615,True,True,,198.8,206.595,7.795,39760,41319,100.0,82.09,instability_ay_roll,True,vehicle_instability_allraw__byx__2025_09_28_17_46_00__000198800,Full raw rescreen. Anchor is derived from non-steering vehicle dynamics (ay/roll_rate). Steering metrics are only response evidence and must not be used to define onset.
instability_allraw_highconf_oldcode_v0_1,byx::2025_09_28_17_46_00::00068::instability_dynamic_onset,allraw_vehicle_instability_highconf,byx,test,Entity_Recording_2025_09_28_17_46_00_vehicle.csv,Entity_Recording_2025_09_28_17_46_00_vehicle.csv,F:\data_set_process\data_process\01_datasets\数据预处理\原始车辆数据\byx\Entity_Recording_2025_09_28_17_46_00_vehicle.csv,68,68,allraw_instability_rescreen_v0_1,secondary,strong_active,all_raw_vehicle_dynamic_onset_non_steering,instability_ay_roll,straight,0,0.0,all_raw_nonsteering_dynamic_onset,43063,215.315,600,400,400,2.0,True,True,332.1,True,True,,215.315,228.13,12.815,43063,45626,100.0,62.81,instability_ay_roll,True,vehicle_instability_allraw__byx__2025_09_28_17_46_00__000215315,Full raw rescreen. Anchor is derived from non-steering vehicle dynamics (ay/roll_rate). Steering metrics are only response evidence and must not be used to define onset.
instability_allraw_highconf_oldcode_v0_1,byx::2025_09_28_17_46_00::00069::instability_dynamic_onset,allraw_vehicle_instability_highconf,byx,test,Entity_Recording_2025_09_28_17_46_00_vehicle.csv,Entity_Recording_2025_09_28_17_46_00_vehicle.csv,F:\data_set_process\data_process\01_datasets\数据预处理\原始车辆数据\byx\Entity_Recording_2025_09_28_17_46_00_vehicle.csv,69,69,allraw_instability_rescreen_v0_1,secondary,weak,all_raw_vehicle_dynamic_onset_non_steering,instability_ay_roll,straight,0,0.0,all_raw_nonsteering_dynamic_onset,55308,276.54,600,400,400,2.0,True,True,270.875,True,True,,276.54,324.21,47.67,55308,64842,93.5,72.64,instability_ay_roll,True,vehicle_instability_allraw__byx__2025_09_28_17_46_00__000276540,Full raw rescreen. Anchor is derived from non-steering vehicle dynamics (ay/roll_rate). Steering metrics are only response evidence and must not be used to define onset.
instability_allraw_highconf_oldcode_v0_1,byx::2025_09_28_17_46_00::00070::instability_dynamic_onset,allraw_vehicle_instability_highconf,byx,test,Entity_Recording_2025_09_28_17_46_00_vehicle.csv,Entity_Recording_2025_09_28_17_46_00_vehicle.csv,F:\data_set_process\data_process\01_datasets\数据预处理\原始车辆数据\byx\Entity_Recording_2025_09_28_17_46_00_vehicle.csv,70,70,allraw_instability_rescreen_v0_1,secondary,strong_active,all_raw_vehicle_dynamic_onset_non_steering,instability_ay_roll,straight,1,-0.00020449,all_raw_nonsteering_dynamic_onset,66890,334.45,600,400,400,2.0,True,True,212.965,True,True,,334.45,344.505,10.055,66890,68901,87.83,60.43,instability_ay_roll,True,vehicle_instability_allraw__byx__2025_09_28_17_46_00__000334450,Full raw rescreen. Anchor is derived from non-steering vehicle dynamics (ay/roll_rate). Steering metrics are only response evidence and must not be used to define onset.
instability_allraw_highconf_oldcode_v0_1,byx::2025_09_28_17_46_00::00071::instability_dynamic_onset,allraw_vehicle_instability_highconf,byx,test,Entity_Recording_2025_09_28_17_46_00_vehicle.csv,Entity_Recording_2025_09_28_17_46_00_vehicle.csv,F:\data_set_process\data_process\01_datasets\数据预处理\原始车辆数据\byx\Entity_Recording_2025_09_28_17_46_00_vehicle.csv,71,71,allraw_instability_rescreen_v0_1,secondary,medium_active,all_raw_vehicle_dynamic_onset_non_steering,instability_ay_roll,straight,0,0.0,all_raw_nonsteering_dynamic_onset,71629,358.145,600,400,400,2.0,True,True,189.27,True,True,,358.145,384.33,26.185,71629,76866,94.51,69.46,instability_ay_roll,True,vehicle_instability_allraw__byx__2025_09_28_17_46_00__000358145,Full raw rescreen. Anchor is derived from non-steering vehicle dynamics (ay/roll_rate). Steering metrics are only response evidence and must not be used to define onset.
instability_allraw_highconf_oldcode_v0_1,byx::2025_09_28_17_46_00::00072::instability_dynamic_onset,allraw_vehicle_instability_highconf,byx,test,Entity_Recording_2025_09_28_17_46_00_vehicle.csv,Entity_Recording_2025_09_28_17_46_00_vehicle.csv,F:\data_set_process\data_process\01_datasets\数据预处理\原始车辆数据\byx\Entity_Recording_2025_09_28_17_46_00_vehicle.csv,72,72,allraw_instability_rescreen_v0_1,secondary,strong_active,all_raw_vehicle_dynamic_onset_non_steering,instability_ay_roll,straight,0,0.0,all_raw_nonsteering_dynamic_onset,86744,433.72,600,400,400,2.0,True,True,113.695,True,True,,433.72,445.96,12.24,86744,89192,100.0,76.31,instability_ay_roll,True,vehicle_instability_allraw__byx__2025_09_28_17_46_00__000433720,Full raw rescreen. Anchor is derived from non-steering vehicle dynamics (ay/roll_rate). Steering metrics are only response evidence and must not be used to define onset.
instability_allraw_highconf_oldcode_v0_1,byx::2025_09_28_17_46_00::00073::instability_dynamic_onset,allraw_vehicle_instability_highconf,byx,test,Entity_Recording_2025_09_28_17_46_00_vehicle.csv,Entity_Recording_2025_09_28_17_46_00_vehicle.csv,F:\data_set_process\data_process\01_datasets\数据预处理\原始车辆数据\byx\Entity_Recording_2025_09_28_17_46_00_vehicle.csv,73,73,allraw_instability_rescreen_v0_1,secondary,medium_active,all_raw_vehicle_dynamic_onset_non_steering,instability_ay_roll,straight,0,0.0,all_raw_nonsteering_dynamic_onset,105560,527.8,600,400,400,2.0,True,True,19.615,True,True,,527.8,543.555,15.755,105560,108711,86.87,64.38,instability_ay_roll,True,vehicle_instability_allraw__byx__2025_09_28_17_46_00__000527800,Full raw rescreen. Anchor is derived from non-steering vehicle dynamics (ay/roll_rate). Steering metrics are only response evidence and must not be used to define onset.
instability_allraw_highconf_oldcode_v0_1,cwh::2025_09_26_19_23_28::00074::instability_dynamic_onset,allraw_vehicle_instability_highconf,cwh,train,Entity_Recording_2025_09_26_19_23_28_vehicle.csv,Entity_Recording_2025_09_26_19_23_28_vehicle.csv,F:\data_set_process\data_process\01_datasets\数据预处理\原始车辆数据\cwh\Entity_Recording_2025_09_26_19_23_28_vehicle.csv,74,74,allraw_instability_rescreen_v0_1,secondary,extreme_active,all_raw_vehicle_dynamic_onset_non_steering,instability_ay_roll,straight,1,-0.00729802,all_raw_nonsteering_dynamic_onset,29201,146.005,600,400,400,2.0,True,True,18.04,True,True,,146.005,153.92,7.915,29201,30784,100.0,94.43,instability_ay_roll,True,vehicle_instability_allraw__cwh__2025_09_26_19_23_28__000146005,Full raw rescreen. Anchor is derived from non-steering vehicle dynamics (ay/roll_rate). Steering metrics are only response evidence and must not be used to define onset.
instability_allraw_highconf_oldcode_v0_1,cwh::2025_09_26_19_27_21::00075::instability_dynamic_onset,allraw_vehicle_instability_highconf,cwh,train,Entity_Recording_2025_09_26_19_27_21_vehicle.csv,Entity_Recording_2025_09_26_19_27_21_vehicle.csv,F:\data_set_process\data_process\01_datasets\数据预处理\原始车辆数据\cwh\Entity_Recording_2025_09_26_19_27_21_vehicle.csv,75,75,allraw_instability_rescreen_v0_1,primary,strong_active,all_raw_vehicle_dynamic_onset_non_steering,instability_ay_roll,straight,0,0.0,all_raw_nonsteering_dynamic_onset,8485,42.425,600,400,400,2.0,True,True,391.505,True,True,,42.425,48.45,6.025,8485,9690,91.5,58.98,instability_ay_roll,True,vehicle_instability_allraw__cwh__2025_09_26_19_27_21__000042425,Full raw rescreen. Anchor is derived from non-steering vehicle dynamics (ay/roll_rate). Steering metrics are only response evidence and must not be used to define onset.
instability_allraw_highconf_oldcode_v0_1,cwh::2025_09_26_19_27_21::00076::instability_dynamic_onset,allraw_vehicle_instability_highconf,cwh,train,Entity_Recording_2025_09_26_19_27_21_vehicle.csv,Entity_Recording_2025_09_26_19_27_21_vehicle.csv,F:\data_set_process\data_process\01_datasets\数据预处理\原始车辆数据\cwh\Entity_Recording_2025_09_26_19_27_21_vehicle.csv,76,76,allraw_instability_rescreen_v0_1,secondary,extreme_active,all_raw_vehicle_dynamic_onset_non_steering,instability_ay_roll,straight,0,-0.0,all_raw_nonsteering_dynamic_onset,13029,65.145,600,400,400,2.0,True,True,368.785,True,True,,65.145,67.495,2.35,13029,13499,100.0,73.31,instability_ay_roll,True,vehicle_instability_allraw__cwh__2025_09_26_19_27_21__000065145,Full raw rescreen. Anchor is derived from non-steering vehicle dynamics (ay/roll_rate). Steering metrics are only response evidence and must not be used to define onset.
instability_allraw_highconf_oldcode_v0_1,cwh::2025_09_26_19_27_21::00077::instability_dynamic_onset,allraw_vehicle_instability_highconf,cwh,train,Entity_Recording_2025_09_26_19_27_21_vehicle.csv,Entity_Recording_2025_09_26_19_27_21_vehicle.csv,F:\data_set_process\data_process\01_datasets\数据预处理\原始车辆数据\cwh\Entity_Recording_2025_09_26_19_27_21_vehicle.csv,77,77,allraw_instability_rescreen_v0_1,secondary,strong_active,all_raw_vehicle_dynamic_onset_non_steering,instability_ay_roll,curve,1,-0.00729802,all_raw_nonsteering_dynamic_onset,31795,158.975,600,400,400,2.0,True,True,274.955,True,True,,158.975,166.2,7.225,31795,33240,83.29,55.74,instability_ay_roll,True,vehicle_instability_allraw__cwh__2025_09_26_19_27_21__000158975,Full raw rescreen. Anchor is derived from non-steering vehicle dynamics (ay/roll_rate). Steering metrics are only response evidence and must not be used to define onset.
instability_allraw_highconf_oldcode_v0_1,cwh::2025_09_26_19_27_21::00078::instability_dynamic_onset,allraw_vehicle_instability_highconf,cwh,train,Entity_Recording_2025_09_26_19_27_21_vehicle.csv,Entity_Recording_2025_09_26_19_27_21_vehicle.csv,F:\data_set_process\data_process\01_datasets\数据预处理\原始车辆数据\cwh\Entity_Recording_2025_09_26_19_27_21_vehicle.csv,78,78,allraw_instability_rescreen_v0_1,secondary,medium_active,all_raw_vehicle_dynamic_onset_non_steering,instability_ay_roll,curve,1,-0.00729802,all_raw_nonsteering_dynamic_onset,35901,179.505,600,400,400,2.0,True,True,254.425,True,True,,179.505,183.14,3.635,35901,36628,87.72,61.98,instability_ay_roll,True,vehicle_instability_allraw__cwh__2025_09_26_19_27_21__000179505,Full raw rescreen. Anchor is derived from non-steering vehicle dynamics (ay/roll_rate). Steering metrics are only response evidence and must not be used to define onset.
instability_allraw_highconf_oldcode_v0_1,cwh::2025_09_26_19_27_21::00079::instability_dynamic_onset,allraw_vehicle_instability_highconf,cwh,train,Entity_Recording_2025_09_26_19_27_21_vehicle.csv,Entity_Recording_2025_09_26_19_27_21_vehicle.csv,F:\data_set_process\data_process\01_datasets\数据预处理\原始车辆数据\cwh\Entity_Recording_2025_09_26_19_27_21_vehicle.csv,79,79,allraw_instability_rescreen_v0_1,secondary,strong_active,all_raw_vehicle_dynamic_onset_non_steering,instability_ay_roll,curve,1,-0.00729802,all_raw_nonsteering_dynamic_onset,41107,205.535,600,400,400,2.0,True,True,228.395,True,True,,205.535,212.48,6.945,41107,42496,91.71,57.79,instability_ay_roll,True,vehicle_instability_allraw__cwh__2025_09_26_19_27_21__000205535,Full raw rescreen. Anchor is derived from non-steering vehicle dynamics (ay/roll_rate). Steering metrics are only response evidence and must not be used to define onset.
instability_allraw_highconf_oldcode_v0_1,cwh::2025_09_26_19_35_47::00080::instability_dynamic_onset,allraw_vehicle_instability_highconf,cwh,train,Entity_Recording_2025_09_26_19_35_47_vehicle.csv,Entity_Recording_2025_09_26_19_35_47_vehicle.csv,F:\data_set_process\data_process\01_datasets\数据预处理\原始车辆数据\cwh\Entity_Recording_2025_09_26_19_35_47_vehicle.csv,80,80,allraw_instability_rescreen_v0_1,secondary,strong_active,all_raw_vehicle_dynamic_onset_non_steering,instability_ay_roll,straight,0,0.0,all_raw_nonsteering_dynamic_onset,17233,86.165,600,400,400,2.0,True,True,463.245,True,True,,86.165,91.47,5.305,17233,18294,92.4,58.22,instability_ay_roll,True,vehicle_instability_allraw__cwh__2025_09_26_19_35_47__000086165,Full raw rescreen. Anchor is derived from non-steering vehicle dynamics (ay/roll_rate). Steering metrics are only response evidence and must not be used to define onset.
instability_allraw_highconf_oldcode_v0_1,cwh::2025_09_26_19_35_47::00081::instability_dynamic_onset,allraw_vehicle_instability_highconf,cwh,train,Entity_Recording_2025_09_26_19_35_47_vehicle.csv,Entity_Recording_2025_09_26_19_35_47_vehicle.csv,F:\data_set_process\data_process\01_datasets\数据预处理\原始车辆数据\cwh\Entity_Recording_2025_09_26_19_35_47_vehicle.csv,81,81,allraw_instability_rescreen_v0_1,none,instability_medium,all_raw_vehicle_dynamic_onset_non_steering,instability_ay_roll,design_curve_context,1,-0.00729802,all_raw_nonsteering_dynamic_onset,26999,134.995,600,400,400,2.0,True,True,414.415,True,True,,134.995,148.695,13.7,26999,29739,87.58,68.39,instability_ay_roll,True,vehicle_instability_allraw__cwh__2025_09_26_19_35_47__000134995,Full raw rescreen. Anchor is derived from non-steering vehicle dynamics (ay/roll_rate). Steering metrics are only response evidence and must not be used to define onset.
instability_allraw_highconf_oldcode_v0_1,cwh::2025_09_26_19_35_47::00082::instability_dynamic_onset,allraw_vehicle_instability_highconf,cwh,train,Entity_Recording_2025_09_26_19_35_47_vehicle.csv,Entity_Recording_2025_09_26_19_35_47_vehicle.csv,F:\data_set_process\data_process\01_datasets\数据预处理\原始车辆数据\cwh\Entity_Recording_2025_09_26_19_35_47_vehicle.csv,82,82,allraw_instability_rescreen_v0_1,secondary,strong_active,all_raw_vehicle_dynamic_onset_non_steering,instability_ay_roll,straight,0,-0.0,all_raw_nonsteering_dynamic_onset,38064,190.32,600,400,400,2.0,True,True,359.09,True,True,,190.32,196.09,5.77,38064,39218,83.64,54.37,instability_ay_roll,True,vehicle_instability_allraw__cwh__2025_09_26_19_35_47__000190320,Full raw rescreen. Anchor is derived from non-steering vehicle dynamics (ay/roll_rate). Steering metrics are only response evidence and must not be used to define onset.
instability_allraw_highconf_oldcode_v0_1,cwh::2025_09_26_19_35_47::00083::instability_dynamic_onset,allraw_vehicle_instability_highconf,cwh,train,Entity_Recording_2025_09_26_19_35_47_vehicle.csv,Entity_Recording_2025_09_26_19_35_47_vehicle.csv,F:\data_set_process\data_process\01_datasets\数据预处理\原始车辆数据\cwh\Entity_Recording_2025_09_26_19_35_47_vehicle.csv,83,83,allraw_instability_rescreen_v0_1,secondary,strong_active,all_raw_vehicle_dynamic_onset_non_steering,instability_ay_roll,straight,0,0.0,all_raw_nonsteering_dynamic_onset,45059,225.295,600,400,400,2.0,True,True,324.115,True,True,,225.295,233.095,7.8,45059,46619,98.16,60.15,instability_ay_roll,True,vehicle_instability_allraw__cwh__2025_09_26_19_35_47__000225295,Full raw rescreen. Anchor is derived from non-steering vehicle dynamics (ay/roll_rate). Steering metrics are only response evidence and must not be used to define onset.
instability_allraw_highconf_oldcode_v0_1,cwh::2025_09_26_19_35_47::00084::instability_dynamic_onset,allraw_vehicle_instability_highconf,cwh,train,Entity_Recording_2025_09_26_19_35_47_vehicle.csv,Entity_Recording_2025_09_26_19_35_47_vehicle.csv,F:\data_set_process\data_process\01_datasets\数据预处理\原始车辆数据\cwh\Entity_Recording_2025_09_26_19_35_47_vehicle.csv,84,84,allraw_instability_rescreen_v0_1,none,instability_medium,all_raw_vehicle_dynamic_onset_non_steering,instability_ay_roll,design_regular_road,0,-0.0,all_raw_nonsteering_dynamic_onset,53990,269.95,600,400,400,2.0,True,True,279.46,True,True,,269.95,286.99,17.04,53990,57398,84.69,69.03,instability_ay_roll,True,vehicle_instability_allraw__cwh__2025_09_26_19_35_47__000269950,Full raw rescreen. Anchor is derived from non-steering vehicle dynamics (ay/roll_rate). Steering metrics are only response evidence and must not be used to define onset.
instability_allraw_highconf_oldcode_v0_1,cwh::2025_09_26_19_35_47::00085::instability_dynamic_onset,allraw_vehicle_instability_highconf,cwh,train,Entity_Recording_2025_09_26_19_35_47_vehicle.csv,Entity_Recording_2025_09_26_19_35_47_vehicle.csv,F:\data_set_process\data_process\01_datasets\数据预处理\原始车辆数据\cwh\Entity_Recording_2025_09_26_19_35_47_vehicle.csv,85,85,allraw_instability_rescreen_v0_1,none,instability_extreme,all_raw_vehicle_dynamic_onset_non_steering,instability_ay_roll,design_high_risk_surface,0,0.0,all_raw_nonsteering_dynamic_onset,90619,453.095,600,400,400,2.0,True,True,96.315,True,True,,453.095,477.905,24.81,90619,95581,100.0,91.95,instability_ay_roll,True,vehicle_instability_allraw__cwh__2025_09_26_19_35_47__000453095,Full raw rescreen. Anchor is derived from non-steering vehicle dynamics (ay/roll_rate). Steering metrics are only response evidence and must not be used to define onset.
instability_allraw_highconf_oldcode_v0_1,cwh::2025_09_26_19_35_47::00086::instability_dynamic_onset,allraw_vehicle_instability_highconf,cwh,train,Entity_Recording_2025_09_26_19_35_47_vehicle.csv,Entity_Recording_2025_09_26_19_35_47_vehicle.csv,F:\data_set_process\data_process\01_datasets\数据预处理\原始车辆数据\cwh\Entity_Recording_2025_09_26_19_35_47_vehicle.csv,86,86,allraw_instability_rescreen_v0_1,primary,weak,all_raw_vehicle_dynamic_onset_non_steering,instability_ay_roll,curve,0,0.0,all_raw_nonsteering_dynamic_onset,105526,527.63,600,400,400,2.0,True,True,21.78,True,True,,527.63,536.97,9.34,105526,107394,89.99,67.79,instability_ay_roll,True,vehicle_instability_allraw__cwh__2025_09_26_19_35_47__000527630,Full raw rescreen. Anchor is derived from non-steering vehicle dynamics (ay/roll_rate). Steering metrics are only response evidence and must not be used to define onset.
instability_allraw_highconf_oldcode_v0_1,cwh::2025_09_26_19_45_40::00087::instability_dynamic_onset,allraw_vehicle_instability_highconf,cwh,train,Entity_Recording_2025_09_26_19_45_40_vehicle.csv,Entity_Recording_2025_09_26_19_45_40_vehicle.csv,F:\data_set_process\data_process\01_datasets\数据预处理\原始车辆数据\cwh\Entity_Recording_2025_09_26_19_45_40_vehicle.csv,87,87,allraw_instability_rescreen_v0_1,secondary,medium_active,all_raw_vehicle_dynamic_onset_non_steering,instability_ay_roll,straight,0,0.0,all_raw_nonsteering_dynamic_onset,12245,61.225,600,400,400,2.0,True,True,477.755,True,True,,61.225,66.535,5.31,12245,13307,100.0,81.38,instability_ay_roll,True,vehicle_instability_allraw__cwh__2025_09_26_19_45_40__000061225,Full raw rescreen. Anchor is derived from non-steering vehicle dynamics (ay/roll_rate). Steering metrics are only response evidence and must not be used to define onset.
instability_allraw_highconf_oldcode_v0_1,cwh::2025_09_26_19_45_40::00088::instability_dynamic_onset,allraw_vehicle_instability_highconf,cwh,train,Entity_Recording_2025_09_26_19_45_40_vehicle.csv,Entity_Recording_2025_09_26_19_45_40_vehicle.csv,F:\data_set_process\data_process\01_datasets\数据预处理\原始车辆数据\cwh\Entity_Recording_2025_09_26_19_45_40_vehicle.csv,88,88,allraw_instability_rescreen_v0_1,secondary,medium_active,all_raw_vehicle_dynamic_onset_non_steering,instability_ay_roll,straight,0,-0.0,all_raw_nonsteering_dynamic_onset,17841,89.205,600,400,400,2.0,True,True,449.775,True,True,,89.205,95.27,6.065,17841,19054,88.89,59.07,instability_ay_roll,True,vehicle_instability_allraw__cwh__2025_09_26_19_45_40__000089205,Full raw rescreen. Anchor is derived from non-steering vehicle dynamics (ay/roll_rate). Steering metrics are only response evidence and must not be used to define onset.
instability_allraw_highconf_oldcode_v0_1,cwh::2025_09_26_19_45_40::00089::instability_dynamic_onset,allraw_vehicle_instability_highconf,cwh,train,Entity_Recording_2025_09_26_19_45_40_vehicle.csv,Entity_Recording_2025_09_26_19_45_40_vehicle.csv,F:\data_set_process\data_process\01_datasets\数据预处理\原始车辆数据\cwh\Entity_Recording_2025_09_26_19_45_40_vehicle.csv,89,89,allraw_instability_rescreen_v0_1,secondary,strong_active,all_raw_vehicle_dynamic_onset_non_steering,instability_ay_roll,straight,0,-0.0,all_raw_nonsteering_dynamic_onset,33020,165.1,600,400,400,2.0,True,True,373.88,True,True,,165.1,172.43,7.33,33020,34486,91.12,57.44,instability_ay_roll,True,vehicle_instability_allraw__cwh__2025_09_26_19_45_40__000165100,Full raw rescreen. Anchor is derived from non-steering vehicle dynamics (ay/roll_rate). Steering metrics are only response evidence and must not be used to define onset.
instability_allraw_highconf_oldcode_v0_1,cwh::2025_09_26_19_45_40::00090::instability_dynamic_onset,allraw_vehicle_instability_highconf,cwh,train,Entity_Recording_2025_09_26_19_45_40_vehicle.csv,Entity_Recording_2025_09_26_19_45_40_vehicle.csv,F:\data_set_process\data_process\01_datasets\数据预处理\原始车辆数据\cwh\Entity_Recording_2025_09_26_19_45_40_vehicle.csv,90,90,allraw_instability_rescreen_v0_1,primary,strong_active,all_raw_vehicle_dynamic_onset_non_steering,instability_ay_roll,straight,0,-0.0,all_raw_nonsteering_dynamic_onset,42850,214.25,600,400,400,2.0,True,True,324.73,True,True,,214.25,228.475,14.225,42850,45695,100.0,64.27,instability_ay_roll,True,vehicle_instability_allraw__cwh__2025_09_26_19_45_40__000214250,Full raw rescreen. Anchor is derived from non-steering vehicle dynamics (ay/roll_rate). Steering metrics are only response evidence and must not be used to define onset.
instability_allraw_highconf_oldcode_v0_1,cwh::2025_09_26_19_45_40::00091::instability_dynamic_onset,allraw_vehicle_instability_highconf,cwh,train,Entity_Recording_2025_09_26_19_45_40_vehicle.csv,Entity_Recording_2025_09_26_19_45_40_vehicle.csv,F:\data_set_process\data_process\01_datasets\数据预处理\原始车辆数据\cwh\Entity_Recording_2025_09_26_19_45_40_vehicle.csv,91,91,allraw_instability_rescreen_v0_1,primary,medium_active,all_raw_vehicle_dynamic_onset_non_steering,instability_ay_roll,curve,0,-0.0,all_raw_nonsteering_dynamic_onset,53701,268.505,600,400,400,2.0,True,True,270.475,True,True,,268.505,285.725,17.22,53701,57145,89.51,63.52,instability_ay_roll,True,vehicle_instability_allraw__cwh__2025_09_26_19_45_40__000268505,Full raw rescreen. Anchor is derived from non-steering vehicle dynamics (ay/roll_rate). Steering metrics are only response evidence and must not be used to define onset.
instability_allraw_highconf_oldcode_v0_1,cwh::2025_09_26_19_45_40::00092::instability_dynamic_onset,allraw_vehicle_instability_highconf,cwh,train,Entity_Recording_2025_09_26_19_45_40_vehicle.csv,Entity_Recording_2025_09_26_19_45_40_vehicle.csv,F:\data_set_process\data_process\01_datasets\数据预处理\原始车辆数据\cwh\Entity_Recording_2025_09_26_19_45_40_vehicle.csv,92,92,allraw_instability_rescreen_v0_1,secondary,strong_active,all_raw_vehicle_dynamic_onset_non_steering,instability_ay_roll,straight,1,0.0,all_raw_nonsteering_dynamic_onset,59884,299.42,600,400,400,2.0,True,True,239.56,True,True,,299.42,306.51,7.09,59884,61302,89.49,60.48,instability_ay_roll,True,vehicle_instability_allraw__cwh__2025_09_26_19_45_40__000299420,Full raw rescreen. Anchor is derived from non-steering vehicle dynamics (ay/roll_rate). Steering metrics are only response evidence and must not be used to define onset.
instability_allraw_highconf_oldcode_v0_1,cwh::2025_09_26_19_45_40::00093::instability_dynamic_onset,allraw_vehicle_instability_highconf,cwh,train,Entity_Recording_2025_09_26_19_45_40_vehicle.csv,Entity_Recording_2025_09_26_19_45_40_vehicle.csv,F:\data_set_process\data_process\01_datasets\数据预处理\原始车辆数据\cwh\Entity_Recording_2025_09_26_19_45_40_vehicle.csv,93,93,allraw_instability_rescreen_v0_1,secondary,medium_active,all_raw_vehicle_dynamic_onset_non_steering,instability_ay_roll,straight,1,-0.00049602,all_raw_nonsteering_dynamic_onset,64170,320.85,600,400,400,2.0,True,True,218.13,True,True,,320.85,323.03,2.18,64170,64606,84.23,60.32,instability_ay_roll,True,vehicle_instability_allraw__cwh__2025_09_26_19_45_40__000320850,Full raw rescreen. Anchor is derived from non-steering vehicle dynamics (ay/roll_rate). Steering metrics are only response evidence and must not be used to define onset.
instability_allraw_highconf_oldcode_v0_1,cwh::2025_09_26_19_45_40::00094::instability_dynamic_onset,allraw_vehicle_instability_highconf,cwh,train,Entity_Recording_2025_09_26_19_45_40_vehicle.csv,Entity_Recording_2025_09_26_19_45_40_vehicle.csv,F:\data_set_process\data_process\01_datasets\数据预处理\原始车辆数据\cwh\Entity_Recording_2025_09_26_19_45_40_vehicle.csv,94,94,allraw_instability_rescreen_v0_1,secondary,strong_active,all_raw_vehicle_dynamic_onset_non_steering,instability_ay_roll,straight,0,-0.0,all_raw_nonsteering_dynamic_onset,68201,341.005,600,400,400,2.0,True,True,197.975,True,True,,341.005,348.38,7.375,68201,69676,100.0,79.0,instability_ay_roll,True,vehicle_instability_allraw__cwh__2025_09_26_19_45_40__000341005,Full raw rescreen. Anchor is derived from non-steering vehicle dynamics (ay/roll_rate). Steering metrics are only response evidence and must not be used to define onset.
instability_allraw_highconf_oldcode_v0_1,cwh::2025_09_26_19_45_40::00095::instability_dynamic_onset,allraw_vehicle_instability_highconf,cwh,train,Entity_Recording_2025_09_26_19_45_40_vehicle.csv,Entity_Recording_2025_09_26_19_45_40_vehicle.csv,F:\data_set_process\data_process\01_datasets\数据预处理\原始车辆数据\cwh\Entity_Recording_2025_09_26_19_45_40_vehicle.csv,95,95,allraw_instability_rescreen_v0_1,secondary,strong_active,all_raw_vehicle_dynamic_onset_non_steering,instability_ay_roll,straight,0,0.0,all_raw_nonsteering_dynamic_onset,80659,403.295,600,400,400,2.0,True,True,135.685,True,True,,403.295,414.035,10.74,80659,82807,100.0,73.92,instability_ay_roll,True,vehicle_instability_allraw__cwh__2025_09_26_19_45_40__000403295,Full raw rescreen. Anchor is derived from non-steering vehicle dynamics (ay/roll_rate). Steering metrics are only response evidence and must not be used to define onset.
instability_allraw_highconf_oldcode_v0_1,cwh::2025_09_26_19_56_16::00096::instability_dynamic_onset,allraw_vehicle_instability_highconf,cwh,train,Entity_Recording_2025_09_26_19_56_16_vehicle.csv,Entity_Recording_2025_09_26_19_56_16_vehicle.csv,F:\data_set_process\data_process\01_datasets\数据预处理\原始车辆数据\cwh\Entity_Recording_2025_09_26_19_56_16_vehicle.csv,96,96,allraw_instability_rescreen_v0_1,secondary,strong_active,all_raw_vehicle_dynamic_onset_non_steering,instability_ay_roll,straight,0,0.0,all_raw_nonsteering_dynamic_onset,16149,80.745,600,400,400,2.0,True,True,445.23,True,True,,80.745,87.495,6.75,16149,17499,92.02,63.94,instability_ay_roll,True,vehicle_instability_allraw__cwh__2025_09_26_19_56_16__000080745,Full raw rescreen. Anchor is derived from non-steering vehicle dynamics (ay/roll_rate). Steering metrics are only response evidence and must not be used to define onset.
instability_allraw_highconf_oldcode_v0_1,cwh::2025_09_26_19_56_16::00097::instability_dynamic_onset,allraw_vehicle_instability_highconf,cwh,train,Entity_Recording_2025_09_26_19_56_16_vehicle.csv,Entity_Recording_2025_09_26_19_56_16_vehicle.csv,F:\data_set_process\data_process\01_datasets\数据预处理\原始车辆数据\cwh\Entity_Recording_2025_09_26_19_56_16_vehicle.csv,97,97,allraw_instability_rescreen_v0_1,primary,strong_active,all_raw_vehicle_dynamic_onset_non_steering,instability_ay_roll,straight,0,0.0,all_raw_nonsteering_dynamic_onset,36398,181.99,600,400,400,2.0,True,True,343.985,True,True,,181.99,188.155,6.165,36398,37631,98.44,64.65,instability_ay_roll,True,vehicle_instability_allraw__cwh__2025_09_26_19_56_16__000181990,Full raw rescreen. Anchor is derived from non-steering vehicle dynamics (ay/roll_rate). Steering metrics are only response evidence and must not be used to define onset.
instability_allraw_highconf_oldcode_v0_1,cwh::2025_09_26_19_56_16::00098::instability_dynamic_onset,allraw_vehicle_instability_highconf,cwh,train,Entity_Recording_2025_09_26_19_56_16_vehicle.csv,Entity_Recording_2025_09_26_19_56_16_vehicle.csv,F:\data_set_process\data_process\01_datasets\数据预处理\原始车辆数据\cwh\Entity_Recording_2025_09_26_19_56_16_vehicle.csv,98,98,allraw_instability_rescreen_v0_1,secondary,strong_active,all_raw_vehicle_dynamic_onset_non_steering,instability_ay_roll,straight,0,0.0,all_raw_nonsteering_dynamic_onset,41026,205.13,600,400,400,2.0,True,True,320.845,True,True,,205.13,211.105,5.975,41026,42221,84.19,53.19,instability_ay_roll,True,vehicle_instability_allraw__cwh__2025_09_26_19_56_16__000205130,Full raw rescreen. Anchor is derived from non-steering vehicle dynamics (ay/roll_rate). Steering metrics are only response evidence and must not be used to define onset.
instability_allraw_highconf_oldcode_v0_1,cwh::2025_09_26_19_56_16::00099::instability_dynamic_onset,allraw_vehicle_instability_highconf,cwh,train,Entity_Recording_2025_09_26_19_56_16_vehicle.csv,Entity_Recording_2025_09_26_19_56_16_vehicle.csv,F:\data_set_process\data_process\01_datasets\数据预处理\原始车辆数据\cwh\Entity_Recording_2025_09_26_19_56_16_vehicle.csv,99,99,allraw_instability_rescreen_v0_1,secondary,strong_active,all_raw_vehicle_dynamic_onset_non_steering,instability_ay_roll,straight,0,-0.0,all_raw_nonsteering_dynamic_onset,42732,213.66,600,400,400,2.0,True,True,312.315,True,True,,213.66,221.41,7.75,42732,44282,91.83,58.6,instability_ay_roll,True,vehicle_instability_allraw__cwh__2025_09_26_19_56_16__000213660,Full raw rescreen. Anchor is derived from non-steering vehicle dynamics (ay/roll_rate). Steering metrics are only response evidence and must not be used to define onset.
instability_allraw_highconf_oldcode_v0_1,cwh::2025_09_26_19_56_16::00100::instability_dynamic_onset,allraw_vehicle_instability_highconf,cwh,train,Entity_Recording_2025_09_26_19_56_16_vehicle.csv,Entity_Recording_2025_09_26_19_56_16_vehicle.csv,F:\data_set_process\data_process\01_datasets\数据预处理\原始车辆数据\cwh\Entity_Recording_2025_09_26_19_56_16_vehicle.csv,100,100,allraw_instability_rescreen_v0_1,secondary,medium_active,all_raw_vehicle_dynamic_onset_non_steering,instability_ay_roll,straight,1,-0.0,all_raw_nonsteering_dynamic_onset,57575,287.875,600,400,400,2.0,True,True,238.1,True,True,,287.875,294.745,6.87,57575,58949,90.79,65.12,instability_ay_roll,True,vehicle_instability_allraw__cwh__2025_09_26_19_56_16__000287875,Full raw rescreen. Anchor is derived from non-steering vehicle dynamics (ay/roll_rate). Steering metrics are only response evidence and must not be used to define onset.
instability_allraw_highconf_oldcode_v0_1,cwh::2025_09_26_19_56_16::00101::instability_dynamic_onset,allraw_vehicle_instability_highconf,cwh,train,Entity_Recording_2025_09_26_19_56_16_vehicle.csv,Entity_Recording_2025_09_26_19_56_16_vehicle.csv,F:\data_set_process\data_process\01_datasets\数据预处理\原始车辆数据\cwh\Entity_Recording_2025_09_26_19_56_16_vehicle.csv,101,101,allraw_instability_rescreen_v0_1,primary,strong_active,all_raw_vehicle_dynamic_onset_non_steering,instability_ay_roll,straight,1,-0.00048204,all_raw_nonsteering_dynamic_onset,61873,309.365,600,400,400,2.0,True,True,216.61,True,True,,309.365,313.045,3.68,61873,62609,100.0,71.12,instability_ay_roll,True,vehicle_instability_allraw__cwh__2025_09_26_19_56_16__000309365,Full raw rescreen. Anchor is derived from non-steering vehicle dynamics (ay/roll_rate). Steering metrics are only response evidence and must not be used to define onset.
instability_allraw_highconf_oldcode_v0_1,cwh::2025_09_26_19_56_16::00102::instability_dynamic_onset,allraw_vehicle_instability_highconf,cwh,train,Entity_Recording_2025_09_26_19_56_16_vehicle.csv,Entity_Recording_2025_09_26_19_56_16_vehicle.csv,F:\data_set_process\data_process\01_datasets\数据预处理\原始车辆数据\cwh\Entity_Recording_2025_09_26_19_56_16_vehicle.csv,102,102,allraw_instability_rescreen_v0_1,secondary,strong_active,all_raw_vehicle_dynamic_onset_non_steering,instability_ay_roll,straight,0,0.0,all_raw_nonsteering_dynamic_onset,65957,329.785,600,400,400,2.0,True,True,196.19,True,True,,329.785,333.785,4.0,65957,66757,100.0,77.25,instability_ay_roll,True,vehicle_instability_allraw__cwh__2025_09_26_19_56_16__000329785,Full raw rescreen. Anchor is derived from non-steering vehicle dynamics (ay/roll_rate). Steering metrics are only response evidence and must not be used to define onset.
instability_allraw_highconf_oldcode_v0_1,cwh::2025_09_26_19_56_16::00103::instability_dynamic_onset,allraw_vehicle_instability_highconf,cwh,train,Entity_Recording_2025_09_26_19_56_16_vehicle.csv,Entity_Recording_2025_09_26_19_56_16_vehicle.csv,F:\data_set_process\data_process\01_datasets\数据预处理\原始车辆数据\cwh\Entity_Recording_2025_09_26_19_56_16_vehicle.csv,103,103,allraw_instability_rescreen_v0_1,secondary,medium_active,all_raw_vehicle_dynamic_onset_non_steering,instability_ay_roll,straight,0,0.0,all_raw_nonsteering_dynamic_onset,77636,388.18,600,400,400,2.0,True,True,137.795,True,True,,388.18,405.935,17.755,77636,81187,84.83,56.33,instability_ay_roll,True,vehicle_instability_allraw__cwh__2025_09_26_19_56_16__000388180,Full raw rescreen. Anchor is derived from non-steering vehicle dynamics (ay/roll_rate). Steering metrics are only response evidence and must not be used to define onset.
instability_allraw_highconf_oldcode_v0_1,cwh::2025_09_26_20_06_19::00104::instability_dynamic_onset,allraw_vehicle_instability_highconf,cwh,train,Entity_Recording_2025_09_26_20_06_19_vehicle.csv,Entity_Recording_2025_09_26_20_06_19_vehicle.csv,F:\data_set_process\data_process\01_datasets\数据预处理\原始车辆数据\cwh\Entity_Recording_2025_09_26_20_06_19_vehicle.csv,104,104,allraw_instability_rescreen_v0_1,secondary,extreme_active,all_raw_vehicle_dynamic_onset_non_steering,instability_ay_roll,straight,0,0.0,all_raw_nonsteering_dynamic_onset,10627,53.135,600,400,400,2.0,True,True,451.345,True,True,,53.135,60.735,7.6,10627,12147,100.0,87.36,instability_ay_roll,True,vehicle_instability_allraw__cwh__2025_09_26_20_06_19__000053135,Full raw rescreen. Anchor is derived from non-steering vehicle dynamics (ay/roll_rate). Steering metrics are only response evidence and must not be used to define onset.
instability_allraw_highconf_oldcode_v0_1,cwh::2025_09_26_20_06_19::00105::instability_dynamic_onset,allraw_vehicle_instability_highconf,cwh,train,Entity_Recording_2025_09_26_20_06_19_vehicle.csv,Entity_Recording_2025_09_26_20_06_19_vehicle.csv,F:\data_set_process\data_process\01_datasets\数据预处理\原始车辆数据\cwh\Entity_Recording_2025_09_26_20_06_19_vehicle.csv,105,105,allraw_instability_rescreen_v0_1,primary,strong_active,all_raw_vehicle_dynamic_onset_non_steering,instability_ay_roll,curve,1,-0.00729802,all_raw_nonsteering_dynamic_onset,24908,124.54,600,400,400,2.0,True,True,379.94,True,True,,124.54,142.95,18.41,24908,28590,100.0,70.88,instability_ay_roll,True,vehicle_instability_allraw__cwh__2025_09_26_20_06_19__000124540,Full raw rescreen. Anchor is derived from non-steering vehicle dynamics (ay/roll_rate). Steering metrics are only response evidence and must not be used to define onset.
instability_allraw_highconf_oldcode_v0_1,cwh::2025_09_26_20_06_19::00106::instability_dynamic_onset,allraw_vehicle_instability_highconf,cwh,train,Entity_Recording_2025_09_26_20_06_19_vehicle.csv,Entity_Recording_2025_09_26_20_06_19_vehicle.csv,F:\data_set_process\data_process\01_datasets\数据预处理\原始车辆数据\cwh\Entity_Recording_2025_09_26_20_06_19_vehicle.csv,106,106,allraw_instability_rescreen_v0_1,secondary,medium_active,all_raw_vehicle_dynamic_onset_non_steering,instability_ay_roll,straight,0,0.0,all_raw_nonsteering_dynamic_onset,30906,154.53,600,400,400,2.0,True,True,349.95,True,True,,154.53,161.555,7.025,30906,32311,88.3,58.37,instability_ay_roll,True,vehicle_instability_allraw__cwh__2025_09_26_20_06_19__000154530,Full raw rescreen. Anchor is derived from non-steering vehicle dynamics (ay/roll_rate). Steering metrics are only response evidence and must not be used to define onset.
instability_allraw_highconf_oldcode_v0_1,cwh::2025_09_26_20_06_19::00107::instability_dynamic_onset,allraw_vehicle_instability_highconf,cwh,train,Entity_Recording_2025_09_26_20_06_19_vehicle.csv,Entity_Recording_2025_09_26_20_06_19_vehicle.csv,F:\data_set_process\data_process\01_datasets\数据预处理\原始车辆数据\cwh\Entity_Recording_2025_09_26_20_06_19_vehicle.csv,107,107,allraw_instability_rescreen_v0_1,secondary,strong_active,all_raw_vehicle_dynamic_onset_non_steering,instability_ay_roll,straight,0,0.0,all_raw_nonsteering_dynamic_onset,36164,180.82,600,400,400,2.0,True,True,323.66,True,True,,180.82,200.18,19.36,36164,40036,95.96,65.71,instability_ay_roll,True,vehicle_instability_allraw__cwh__2025_09_26_20_06_19__000180820,Full raw rescreen. Anchor is derived from non-steering vehicle dynamics (ay/roll_rate). Steering metrics are only response evidence and must not be used to define onset.
instability_allraw_highconf_oldcode_v0_1,cwh::2025_09_26_20_06_19::00108::instability_dynamic_onset,allraw_vehicle_instability_highconf,cwh,train,Entity_Recording_2025_09_26_20_06_19_vehicle.csv,Entity_Recording_2025_09_26_20_06_19_vehicle.csv,F:\data_set_process\data_process\01_datasets\数据预处理\原始车辆数据\cwh\Entity_Recording_2025_09_26_20_06_19_vehicle.csv,108,108,allraw_instability_rescreen_v0_1,secondary,strong_active,all_raw_vehicle_dynamic_onset_non_steering,instability_ay_roll,straight,0,-0.0,all_raw_nonsteering_dynamic_onset,40809,204.045,600,400,400,2.0,True,True,300.435,True,True,,204.045,210.365,6.32,40809,42073,100.0,75.01,instability_ay_roll,True,vehicle_instability_allraw__cwh__2025_09_26_20_06_19__000204045,Full raw rescreen. Anchor is derived from non-steering vehicle dynamics (ay/roll_rate). Steering metrics are only response evidence and must not be used to define onset.
instability_allraw_highconf_oldcode_v0_1,cwh::2025_09_26_20_06_19::00109::instability_dynamic_onset,allraw_vehicle_instability_highconf,cwh,train,Entity_Recording_2025_09_26_20_06_19_vehicle.csv,Entity_Recording_2025_09_26_20_06_19_vehicle.csv,F:\data_set_process\data_process\01_datasets\数据预处理\原始车辆数据\cwh\Entity_Recording_2025_09_26_20_06_19_vehicle.csv,109,109,allraw_instability_rescreen_v0_1,secondary,strong_active,all_raw_vehicle_dynamic_onset_non_steering,instability_ay_roll,straight,0,0.0,all_raw_nonsteering_dynamic_onset,63146,315.73,600,400,400,2.0,True,True,188.75,True,True,,315.73,321.1,5.37,63146,64220,100.0,67.22,instability_ay_roll,True,vehicle_instability_allraw__cwh__2025_09_26_20_06_19__000315730,Full raw rescreen. Anchor is derived from non-steering vehicle dynamics (ay/roll_rate). Steering metrics are only response evidence and must not be used to define onset.
instability_allraw_highconf_oldcode_v0_1,cwh::2025_09_26_20_06_19::00110::instability_dynamic_onset,allraw_vehicle_instability_highconf,cwh,train,Entity_Recording_2025_09_26_20_06_19_vehicle.csv,Entity_Recording_2025_09_26_20_06_19_vehicle.csv,F:\data_set_process\data_process\01_datasets\数据预处理\原始车辆数据\cwh\Entity_Recording_2025_09_26_20_06_19_vehicle.csv,110,110,allraw_instability_rescreen_v0_1,secondary,medium_active,all_raw_vehicle_dynamic_onset_non_steering,instability_ay_roll,straight,0,0.0,all_raw_nonsteering_dynamic_onset,74117,370.585,600,400,400,2.0,True,True,133.895,True,True,,370.585,381.785,11.2,74117,76357,84.79,57.41,instability_ay_roll,True,vehicle_instability_allraw__cwh__2025_09_26_20_06_19__000370585,Full raw rescreen. Anchor is derived from non-steering vehicle dynamics (ay/roll_rate). Steering metrics are only response evidence and must not be used to define onset.
instability_allraw_highconf_oldcode_v0_1,cwh::2025_09_26_20_06_19::00111::instability_dynamic_onset,allraw_vehicle_instability_highconf,cwh,train,Entity_Recording_2025_09_26_20_06_19_vehicle.csv,Entity_Recording_2025_09_26_20_06_19_vehicle.csv,F:\data_set_process\data_process\01_datasets\数据预处理\原始车辆数据\cwh\Entity_Recording_2025_09_26_20_06_19_vehicle.csv,111,111,allraw_instability_rescreen_v0_1,none,instability_medium,all_raw_vehicle_dynamic_onset_non_steering,instability_ay_roll,design_high_risk_surface,0,0.0,all_raw_nonsteering_dynamic_onset,96078,480.39,600,400,400,2.0,True,True,24.09,True,True,,480.39,489.26,8.87,96078,97852,84.12,68.73,instability_ay_roll,True,vehicle_instability_allraw__cwh__2025_09_26_20_06_19__000480390,Full raw rescreen. Anchor is derived from non-steering vehicle dynamics (ay/roll_rate). Steering metrics are only response evidence and must not be used to define onset.
instability_allraw_highconf_oldcode_v0_1,gf::2025_09_26_10_03_00::00112::instability_dynamic_onset,allraw_vehicle_instability_highconf,gf,train,Entity_Recording_2025_09_26_10_03_00_vehicle.csv,Entity_Recording_2025_09_26_10_03_00_vehicle.csv,F:\data_set_process\data_process\01_datasets\数据预处理\原始车辆数据\gf\Entity_Recording_2025_09_26_10_03_00_vehicle.csv,112,112,allraw_instability_rescreen_v0_1,secondary,strong_active,all_raw_vehicle_dynamic_onset_non_steering,instability_ay_roll,straight,0,-0.0,all_raw_nonsteering_dynamic_onset,50089,250.445,600,400,400,2.0,True,True,408.825,True,True,,250.445,255.31,4.865,50089,51062,85.92,49.87,instability_ay_roll,True,vehicle_instability_allraw__gf__2025_09_26_10_03_00__000250445,Full raw rescreen. Anchor is derived from non-steering vehicle dynamics (ay/roll_rate). Steering metrics are only response evidence and must not be used to define onset.
instability_allraw_highconf_oldcode_v0_1,gf::2025_09_26_10_03_00::00113::instability_dynamic_onset,allraw_vehicle_instability_highconf,gf,train,Entity_Recording_2025_09_26_10_03_00_vehicle.csv,Entity_Recording_2025_09_26_10_03_00_vehicle.csv,F:\data_set_process\data_process\01_datasets\数据预处理\原始车辆数据\gf\Entity_Recording_2025_09_26_10_03_00_vehicle.csv,113,113,allraw_instability_rescreen_v0_1,secondary,strong_active,all_raw_vehicle_dynamic_onset_non_steering,instability_ay_roll,straight,0,0.0,all_raw_nonsteering_dynamic_onset,53125,265.625,600,400,400,2.0,True,True,393.645,True,True,,265.625,275.89,10.265,53125,55178,89.59,59.68,instability_ay_roll,True,vehicle_instability_allraw__gf__2025_09_26_10_03_00__000265625,Full raw rescreen. Anchor is derived from non-steering vehicle dynamics (ay/roll_rate). Steering metrics are only response evidence and must not be used to define onset.
instability_allraw_highconf_oldcode_v0_1,gf::2025_09_26_10_18_49::00114::instability_dynamic_onset,allraw_vehicle_instability_highconf,gf,train,Entity_Recording_2025_09_26_10_18_49_vehicle.csv,Entity_Recording_2025_09_26_10_18_49_vehicle.csv,F:\data_set_process\data_process\01_datasets\数据预处理\原始车辆数据\gf\Entity_Recording_2025_09_26_10_18_49_vehicle.csv,114,114,allraw_instability_rescreen_v0_1,secondary,strong_active,all_raw_vehicle_dynamic_onset_non_steering,instability_ay_roll,straight,0,0.0,all_raw_nonsteering_dynamic_onset,16574,82.87,600,400,400,2.0,True,True,500.96,True,True,,82.87,83.89,1.02,16574,16778,91.75,66.47,instability_ay_roll,True,vehicle_instability_allraw__gf__2025_09_26_10_18_49__000082870,Full raw rescreen. Anchor is derived from non-steering vehicle dynamics (ay/roll_rate). Steering metrics are only response evidence and must not be used to define onset.
instability_allraw_highconf_oldcode_v0_1,gf::2025_09_26_10_18_49::00115::instability_dynamic_onset,allraw_vehicle_instability_highconf,gf,train,Entity_Recording_2025_09_26_10_18_49_vehicle.csv,Entity_Recording_2025_09_26_10_18_49_vehicle.csv,F:\data_set_process\data_process\01_datasets\数据预处理\原始车辆数据\gf\Entity_Recording_2025_09_26_10_18_49_vehicle.csv,115,115,allraw_instability_rescreen_v0_1,secondary,strong_active,all_raw_vehicle_dynamic_onset_non_steering,instability_ay_roll,straight,0,0.0,all_raw_nonsteering_dynamic_onset,17571,87.855,600,400,400,2.0,True,True,495.975,True,True,,87.855,94.73,6.875,17571,18946,100.0,74.06,instability_ay_roll,True,vehicle_instability_allraw__gf__2025_09_26_10_18_49__000087855,Full raw rescreen. Anchor is derived from non-steering vehicle dynamics (ay/roll_rate). Steering metrics are only response evidence and must not be used to define onset.
instability_allraw_highconf_oldcode_v0_1,gf::2025_09_26_10_18_49::00116::instability_dynamic_onset,allraw_vehicle_instability_highconf,gf,train,Entity_Recording_2025_09_26_10_18_49_vehicle.csv,Entity_Recording_2025_09_26_10_18_49_vehicle.csv,F:\data_set_process\data_process\01_datasets\数据预处理\原始车辆数据\gf\Entity_Recording_2025_09_26_10_18_49_vehicle.csv,116,116,allraw_instability_rescreen_v0_1,secondary,extreme_active,all_raw_vehicle_dynamic_onset_non_steering,instability_ay_roll,straight,1,-0.00729802,all_raw_nonsteering_dynamic_onset,29859,149.295,600,400,400,2.0,True,True,434.535,True,True,,149.295,167.33,18.035,29859,33466,100.0,79.28,instability_ay_roll,True,vehicle_instability_allraw__gf__2025_09_26_10_18_49__000149295,Full raw rescreen. Anchor is derived from non-steering vehicle dynamics (ay/roll_rate). Steering metrics are only response evidence and must not be used to define onset.
instability_allraw_highconf_oldcode_v0_1,gf::2025_09_26_10_18_49::00117::instability_dynamic_onset,allraw_vehicle_instability_highconf,gf,train,Entity_Recording_2025_09_26_10_18_49_vehicle.csv,Entity_Recording_2025_09_26_10_18_49_vehicle.csv,F:\data_set_process\data_process\01_datasets\数据预处理\原始车辆数据\gf\Entity_Recording_2025_09_26_10_18_49_vehicle.csv,117,117,allraw_instability_rescreen_v0_1,secondary,strong_active,all_raw_vehicle_dynamic_onset_non_steering,instability_ay_roll,straight,0,-0.0,all_raw_nonsteering_dynamic_onset,42174,210.87,600,400,400,2.0,True,True,372.96,True,True,,210.87,220.02,9.15,42174,44004,100.0,71.45,instability_ay_roll,True,vehicle_instability_allraw__gf__2025_09_26_10_18_49__000210870,Full raw rescreen. Anchor is derived from non-steering vehicle dynamics (ay/roll_rate). Steering metrics are only response evidence and must not be used to define onset.
instability_allraw_highconf_oldcode_v0_1,gf::2025_09_26_10_18_49::00118::instability_dynamic_onset,allraw_vehicle_instability_highconf,gf,train,Entity_Recording_2025_09_26_10_18_49_vehicle.csv,Entity_Recording_2025_09_26_10_18_49_vehicle.csv,F:\data_set_process\data_process\01_datasets\数据预处理\原始车辆数据\gf\Entity_Recording_2025_09_26_10_18_49_vehicle.csv,118,118,allraw_instability_rescreen_v0_1,primary,strong_active,all_raw_vehicle_dynamic_onset_non_steering,instability_ay_roll,straight,0,0.0,all_raw_nonsteering_dynamic_onset,46769,233.845,600,400,400,2.0,True,True,349.985,True,True,,233.845,242.35,8.505,46769,48470,100.0,74.41,instability_ay_roll,True,vehicle_instability_allraw__gf__2025_09_26_10_18_49__000233845,Full raw rescreen. Anchor is derived from non-steering vehicle dynamics (ay/roll_rate). Steering metrics are only response evidence and must not be used to define onset.
instability_allraw_highconf_oldcode_v0_1,gf::2025_09_26_10_18_49::00119::instability_dynamic_onset,allraw_vehicle_instability_highconf,gf,train,Entity_Recording_2025_09_26_10_18_49_vehicle.csv,Entity_Recording_2025_09_26_10_18_49_vehicle.csv,F:\data_set_process\data_process\01_datasets\数据预处理\原始车辆数据\gf\Entity_Recording_2025_09_26_10_18_49_vehicle.csv,119,119,allraw_instability_rescreen_v0_1,secondary,strong_active,all_raw_vehicle_dynamic_onset_non_steering,instability_ay_roll,curve,0,0.0,all_raw_nonsteering_dynamic_onset,57877,289.385,600,400,400,2.0,True,True,294.445,True,True,,289.385,313.965,24.58,57877,62793,100.0,77.03,instability_ay_roll,True,vehicle_instability_allraw__gf__2025_09_26_10_18_49__000289385,Full raw rescreen. Anchor is derived from non-steering vehicle dynamics (ay/roll_rate). Steering metrics are only response evidence and must not be used to define onset.
instability_allraw_highconf_oldcode_v0_1,gf::2025_09_26_10_18_49::00120::instability_dynamic_onset,allraw_vehicle_instability_highconf,gf,train,Entity_Recording_2025_09_26_10_18_49_vehicle.csv,Entity_Recording_2025_09_26_10_18_49_vehicle.csv,F:\data_set_process\data_process\01_datasets\数据预处理\原始车辆数据\gf\Entity_Recording_2025_09_26_10_18_49_vehicle.csv,120,120,allraw_instability_rescreen_v0_1,secondary,strong_active,all_raw_vehicle_dynamic_onset_non_steering,instability_ay_roll,straight,1,-0.00049602,all_raw_nonsteering_dynamic_onset,68471,342.355,600,400,400,2.0,True,True,241.475,True,True,,342.355,347.155,4.8,68471,69431,94.73,60.37,instability_ay_roll,True,vehicle_instability_allraw__gf__2025_09_26_10_18_49__000342355,Full raw rescreen. Anchor is derived from non-steering vehicle dynamics (ay/roll_rate). Steering metrics are only response evidence and must not be used to define onset.
instability_allraw_highconf_oldcode_v0_1,gf::2025_09_26_10_18_49::00121::instability_dynamic_onset,allraw_vehicle_instability_highconf,gf,train,Entity_Recording_2025_09_26_10_18_49_vehicle.csv,Entity_Recording_2025_09_26_10_18_49_vehicle.csv,F:\data_set_process\data_process\01_datasets\数据预处理\原始车辆数据\gf\Entity_Recording_2025_09_26_10_18_49_vehicle.csv,121,121,allraw_instability_rescreen_v0_1,secondary,strong_active,all_raw_vehicle_dynamic_onset_non_steering,instability_ay_roll,straight,0,0.0,all_raw_nonsteering_dynamic_onset,87875,439.375,600,400,400,2.0,True,True,144.455,True,True,,439.375,447.12,7.745,87875,89424,83.39,54.04,instability_ay_roll,True,vehicle_instability_allraw__gf__2025_09_26_10_18_49__000439375,Full raw rescreen. Anchor is derived from non-steering vehicle dynamics (ay/roll_rate). Steering metrics are only response evidence and must not be used to define onset.
instability_allraw_highconf_oldcode_v0_1,gf::2025_09_26_10_30_12::00122::instability_dynamic_onset,allraw_vehicle_instability_highconf,gf,train,Entity_Recording_2025_09_26_10_30_12_vehicle.csv,Entity_Recording_2025_09_26_10_30_12_vehicle.csv,F:\data_set_process\data_process\01_datasets\数据预处理\原始车辆数据\gf\Entity_Recording_2025_09_26_10_30_12_vehicle.csv,122,122,allraw_instability_rescreen_v0_1,secondary,extreme_active,all_raw_vehicle_dynamic_onset_non_steering,instability_ay_roll,straight,0,0.0,all_raw_nonsteering_dynamic_onset,12471,62.355,600,400,400,2.0,True,True,503.64,True,True,,62.355,71.505,9.15,12471,14301,100.0,63.95,instability_ay_roll,True,vehicle_instability_allraw__gf__2025_09_26_10_30_12__000062355,Full raw rescreen. Anchor is derived from non-steering vehicle dynamics (ay/roll_rate). Steering metrics are only response evidence and must not be used to define onset.
instability_allraw_highconf_oldcode_v0_1,gf::2025_09_26_10_30_12::00123::instability_dynamic_onset,allraw_vehicle_instability_highconf,gf,train,Entity_Recording_2025_09_26_10_30_12_vehicle.csv,Entity_Recording_2025_09_26_10_30_12_vehicle.csv,F:\data_set_process\data_process\01_datasets\数据预处理\原始车辆数据\gf\Entity_Recording_2025_09_26_10_30_12_vehicle.csv,123,123,allraw_instability_rescreen_v0_1,secondary,weak,all_raw_vehicle_dynamic_onset_non_steering,instability_ay_roll,straight,1,0.00700412,all_raw_nonsteering_dynamic_onset,26409,132.045,600,400,400,2.0,True,True,433.95,True,True,,132.045,135.415,3.37,26409,27083,88.63,74.13,instability_ay_roll,True,vehicle_instability_allraw__gf__2025_09_26_10_30_12__000132045,Full raw rescreen. Anchor is derived from non-steering vehicle dynamics (ay/roll_rate). Steering metrics are only response evidence and must not be used to define onset.
instability_allraw_highconf_oldcode_v0_1,gf::2025_09_26_10_30_12::00124::instability_dynamic_onset,allraw_vehicle_instability_highconf,gf,train,Entity_Recording_2025_09_26_10_30_12_vehicle.csv,Entity_Recording_2025_09_26_10_30_12_vehicle.csv,F:\data_set_process\data_process\01_datasets\数据预处理\原始车辆数据\gf\Entity_Recording_2025_09_26_10_30_12_vehicle.csv,124,124,allraw_instability_rescreen_v0_1,secondary,extreme_active,all_raw_vehicle_dynamic_onset_non_steering,instability_ay_roll,curve,1,-0.00729802,all_raw_nonsteering_dynamic_onset,27698,138.49,600,400,400,2.0,True,True,427.505,True,True,,138.49,157.98,19.49,27698,31596,100.0,94.85,instability_ay_roll,True,vehicle_instability_allraw__gf__2025_09_26_10_30_12__000138490,Full raw rescreen. Anchor is derived from non-steering vehicle dynamics (ay/roll_rate). Steering metrics are only response evidence and must not be used to define onset.
instability_allraw_highconf_oldcode_v0_1,gf::2025_09_26_10_30_12::00125::instability_dynamic_onset,allraw_vehicle_instability_highconf,gf,train,Entity_Recording_2025_09_26_10_30_12_vehicle.csv,Entity_Recording_2025_09_26_10_30_12_vehicle.csv,F:\data_set_process\data_process\01_datasets\数据预处理\原始车辆数据\gf\Entity_Recording_2025_09_26_10_30_12_vehicle.csv,125,125,allraw_instability_rescreen_v0_1,secondary,strong_active,all_raw_vehicle_dynamic_onset_non_steering,instability_ay_roll,straight,0,0.0,all_raw_nonsteering_dynamic_onset,41057,205.285,600,400,400,2.0,True,True,360.71,True,True,,205.285,214.065,8.78,41057,42813,100.0,83.28,instability_ay_roll,True,vehicle_instability_allraw__gf__2025_09_26_10_30_12__000205285,Full raw rescreen. Anchor is derived from non-steering vehicle dynamics (ay/roll_rate). Steering metrics are only response evidence and must not be used to define onset.
instability_allraw_highconf_oldcode_v0_1,gf::2025_09_26_10_30_12::00126::instability_dynamic_onset,allraw_vehicle_instability_highconf,gf,train,Entity_Recording_2025_09_26_10_30_12_vehicle.csv,Entity_Recording_2025_09_26_10_30_12_vehicle.csv,F:\data_set_process\data_process\01_datasets\数据预处理\原始车辆数据\gf\Entity_Recording_2025_09_26_10_30_12_vehicle.csv,126,126,allraw_instability_rescreen_v0_1,primary,strong_active,all_raw_vehicle_dynamic_onset_non_steering,instability_ay_roll,straight,0,0.0,all_raw_nonsteering_dynamic_onset,44652,223.26,600,400,400,2.0,True,True,342.735,True,True,,223.26,231.675,8.415,44652,46335,100.0,68.26,instability_ay_roll,True,vehicle_instability_allraw__gf__2025_09_26_10_30_12__000223260,Full raw rescreen. Anchor is derived from non-steering vehicle dynamics (ay/roll_rate). Steering metrics are only response evidence and must not be used to define onset.
instability_allraw_highconf_oldcode_v0_1,gf::2025_09_26_10_30_12::00127::instability_dynamic_onset,allraw_vehicle_instability_highconf,gf,train,Entity_Recording_2025_09_26_10_30_12_vehicle.csv,Entity_Recording_2025_09_26_10_30_12_vehicle.csv,F:\data_set_process\data_process\01_datasets\数据预处理\原始车辆数据\gf\Entity_Recording_2025_09_26_10_30_12_vehicle.csv,127,127,allraw_instability_rescreen_v0_1,secondary,weak,all_raw_vehicle_dynamic_onset_non_steering,instability_ay_roll,curve,0,0.0,all_raw_nonsteering_dynamic_onset,55044,275.22,600,400,400,2.0,True,True,290.775,True,True,,275.22,302.69,27.47,55044,60538,89.92,71.42,instability_ay_roll,True,vehicle_instability_allraw__gf__2025_09_26_10_30_12__000275220,Full raw rescreen. Anchor is derived from non-steering vehicle dynamics (ay/roll_rate). Steering metrics are only response evidence and must not be used to define onset.
instability_allraw_highconf_oldcode_v0_1,gf::2025_09_26_10_30_12::00128::instability_dynamic_onset,allraw_vehicle_instability_highconf,gf,train,Entity_Recording_2025_09_26_10_30_12_vehicle.csv,Entity_Recording_2025_09_26_10_30_12_vehicle.csv,F:\data_set_process\data_process\01_datasets\数据预处理\原始车辆数据\gf\Entity_Recording_2025_09_26_10_30_12_vehicle.csv,128,128,allraw_instability_rescreen_v0_1,secondary,extreme_active,all_raw_vehicle_dynamic_onset_non_steering,instability_ay_roll,straight,0,-0.0,all_raw_nonsteering_dynamic_onset,66824,334.12,600,400,400,2.0,True,True,231.875,True,True,,334.12,338.715,4.595,66824,67743,96.43,60.36,instability_ay_roll,True,vehicle_instability_allraw__gf__2025_09_26_10_30_12__000334120,Full raw rescreen. Anchor is derived from non-steering vehicle dynamics (ay/roll_rate). Steering metrics are only response evidence and must not be used to define onset.
instability_allraw_highconf_oldcode_v0_1,gf::2025_09_26_10_30_12::00129::instability_dynamic_onset,allraw_vehicle_instability_highconf,gf,train,Entity_Recording_2025_09_26_10_30_12_vehicle.csv,Entity_Recording_2025_09_26_10_30_12_vehicle.csv,F:\data_set_process\data_process\01_datasets\数据预处理\原始车辆数据\gf\Entity_Recording_2025_09_26_10_30_12_vehicle.csv,129,129,allraw_instability_rescreen_v0_1,secondary,strong_active,all_raw_vehicle_dynamic_onset_non_steering,instability_ay_roll,straight,0,-0.0,all_raw_nonsteering_dynamic_onset,85157,425.785,600,400,400,2.0,True,True,140.21,True,True,,425.785,431.67,5.885,85157,86334,100.0,73.8,instability_ay_roll,True,vehicle_instability_allraw__gf__2025_09_26_10_30_12__000425785,Full raw rescreen. Anchor is derived from non-steering vehicle dynamics (ay/roll_rate). Steering metrics are only response evidence and must not be used to define onset.
instability_allraw_highconf_oldcode_v0_1,gf::2025_09_26_10_40_59::00130::instability_dynamic_onset,allraw_vehicle_instability_highconf,gf,train,Entity_Recording_2025_09_26_10_40_59_vehicle.csv,Entity_Recording_2025_09_26_10_40_59_vehicle.csv,F:\data_set_process\data_process\01_datasets\数据预处理\原始车辆数据\gf\Entity_Recording_2025_09_26_10_40_59_vehicle.csv,130,130,allraw_instability_rescreen_v0_1,secondary,extreme_active,all_raw_vehicle_dynamic_onset_non_steering,instability_ay_roll,straight,1,-0.00729802,all_raw_nonsteering_dynamic_onset,27321,136.605,600,400,400,2.0,True,True,454.72,True,True,,136.605,154.895,18.29,27321,30979,100.0,94.98,instability_ay_roll,True,vehicle_instability_allraw__gf__2025_09_26_10_40_59__000136605,Full raw rescreen. Anchor is derived from non-steering vehicle dynamics (ay/roll_rate). Steering metrics are only response evidence and must not be used to define onset.
instability_allraw_highconf_oldcode_v0_1,gf::2025_09_26_10_40_59::00131::instability_dynamic_onset,allraw_vehicle_instability_highconf,gf,train,Entity_Recording_2025_09_26_10_40_59_vehicle.csv,Entity_Recording_2025_09_26_10_40_59_vehicle.csv,F:\data_set_process\data_process\01_datasets\数据预处理\原始车辆数据\gf\Entity_Recording_2025_09_26_10_40_59_vehicle.csv,131,131,allraw_instability_rescreen_v0_1,secondary,strong_active,all_raw_vehicle_dynamic_onset_non_steering,instability_ay_roll,straight,0,0.0,all_raw_nonsteering_dynamic_onset,36131,180.655,600,400,400,2.0,True,True,410.67,True,True,,180.655,191.3,10.645,36131,38260,100.0,79.72,instability_ay_roll,True,vehicle_instability_allraw__gf__2025_09_26_10_40_59__000180655,Full raw rescreen. Anchor is derived from non-steering vehicle dynamics (ay/roll_rate). Steering metrics are only response evidence and must not be used to define onset.
instability_allraw_highconf_oldcode_v0_1,gf::2025_09_26_10_40_59::00132::instability_dynamic_onset,allraw_vehicle_instability_highconf,gf,train,Entity_Recording_2025_09_26_10_40_59_vehicle.csv,Entity_Recording_2025_09_26_10_40_59_vehicle.csv,F:\data_set_process\data_process\01_datasets\数据预处理\原始车辆数据\gf\Entity_Recording_2025_09_26_10_40_59_vehicle.csv,132,132,allraw_instability_rescreen_v0_1,secondary,strong_active,all_raw_vehicle_dynamic_onset_non_steering,instability_ay_roll,straight,0,0.0,all_raw_nonsteering_dynamic_onset,46413,232.065,600,400,400,2.0,True,True,359.26,True,True,,232.065,241.545,9.48,46413,48309,100.0,73.59,instability_ay_roll,True,vehicle_instability_allraw__gf__2025_09_26_10_40_59__000232065,Full raw rescreen. Anchor is derived from non-steering vehicle dynamics (ay/roll_rate). Steering metrics are only response evidence and must not be used to define onset.
instability_allraw_highconf_oldcode_v0_1,gf::2025_09_26_10_40_59::00133::instability_dynamic_onset,allraw_vehicle_instability_highconf,gf,train,Entity_Recording_2025_09_26_10_40_59_vehicle.csv,Entity_Recording_2025_09_26_10_40_59_vehicle.csv,F:\data_set_process\data_process\01_datasets\数据预处理\原始车辆数据\gf\Entity_Recording_2025_09_26_10_40_59_vehicle.csv,133,133,allraw_instability_rescreen_v0_1,secondary,strong_active,all_raw_vehicle_dynamic_onset_non_steering,instability_ay_roll,curve,0,0.0,all_raw_nonsteering_dynamic_onset,58439,292.195,600,400,400,2.0,True,True,299.13,True,True,,292.195,310.4,18.205,58439,62080,100.0,73.37,instability_ay_roll,True,vehicle_instability_allraw__gf__2025_09_26_10_40_59__000292195,Full raw rescreen. Anchor is derived from non-steering vehicle dynamics (ay/roll_rate). Steering metrics are only response evidence and must not be used to define onset.
instability_allraw_highconf_oldcode_v0_1,gf::2025_09_26_10_40_59::00134::instability_dynamic_onset,allraw_vehicle_instability_highconf,gf,train,Entity_Recording_2025_09_26_10_40_59_vehicle.csv,Entity_Recording_2025_09_26_10_40_59_vehicle.csv,F:\data_set_process\data_process\01_datasets\数据预处理\原始车辆数据\gf\Entity_Recording_2025_09_26_10_40_59_vehicle.csv,134,134,allraw_instability_rescreen_v0_1,primary,strong_active,all_raw_vehicle_dynamic_onset_non_steering,instability_ay_roll,straight,0,0.0,all_raw_nonsteering_dynamic_onset,90871,454.355,600,400,400,2.0,True,True,136.97,True,True,,454.355,459.72,5.365,90871,91944,83.88,54.5,instability_ay_roll,True,vehicle_instability_allraw__gf__2025_09_26_10_40_59__000454355,Full raw rescreen. Anchor is derived from non-steering vehicle dynamics (ay/roll_rate). Steering metrics are only response evidence and must not be used to define onset.
instability_allraw_highconf_oldcode_v0_1,gf::2025_09_26_10_52_57::00135::instability_dynamic_onset,allraw_vehicle_instability_highconf,gf,train,Entity_Recording_2025_09_26_10_52_57_vehicle.csv,Entity_Recording_2025_09_26_10_52_57_vehicle.csv,F:\data_set_process\data_process\01_datasets\数据预处理\原始车辆数据\gf\Entity_Recording_2025_09_26_10_52_57_vehicle.csv,135,135,allraw_instability_rescreen_v0_1,secondary,strong_active,all_raw_vehicle_dynamic_onset_non_steering,instability_ay_roll,straight,0,0.0,all_raw_nonsteering_dynamic_onset,13359,66.795,600,400,400,2.0,True,True,551.515,True,True,,66.795,70.48,3.685,13359,14096,97.85,66.86,instability_ay_roll,True,vehicle_instability_allraw__gf__2025_09_26_10_52_57__000066795,Full raw rescreen. Anchor is derived from non-steering vehicle dynamics (ay/roll_rate). Steering metrics are only response evidence and must not be used to define onset.
instability_allraw_highconf_oldcode_v0_1,gf::2025_09_26_10_52_57::00136::instability_dynamic_onset,allraw_vehicle_instability_highconf,gf,train,Entity_Recording_2025_09_26_10_52_57_vehicle.csv,Entity_Recording_2025_09_26_10_52_57_vehicle.csv,F:\data_set_process\data_process\01_datasets\数据预处理\原始车辆数据\gf\Entity_Recording_2025_09_26_10_52_57_vehicle.csv,136,136,allraw_instability_rescreen_v0_1,secondary,medium_active,all_raw_vehicle_dynamic_onset_non_steering,instability_ay_roll,straight,1,0.00408099,all_raw_nonsteering_dynamic_onset,26962,134.81,600,400,400,2.0,True,True,483.5,True,True,,134.81,166.895,32.085,26962,33379,99.84,75.47,instability_ay_roll,True,vehicle_instability_allraw__gf__2025_09_26_10_52_57__000134810,Full raw rescreen. Anchor is derived from non-steering vehicle dynamics (ay/roll_rate). Steering metrics are only response evidence and must not be used to define onset.
instability_allraw_highconf_oldcode_v0_1,gf::2025_09_26_10_52_57::00137::instability_dynamic_onset,allraw_vehicle_instability_highconf,gf,train,Entity_Recording_2025_09_26_10_52_57_vehicle.csv,Entity_Recording_2025_09_26_10_52_57_vehicle.csv,F:\data_set_process\data_process\01_datasets\数据预处理\原始车辆数据\gf\Entity_Recording_2025_09_26_10_52_57_vehicle.csv,137,137,allraw_instability_rescreen_v0_1,secondary,weak,all_raw_vehicle_dynamic_onset_non_steering,instability_ay_roll,straight,0,0.0,all_raw_nonsteering_dynamic_onset,60174,300.87,600,400,400,2.0,True,True,317.44,True,True,,300.87,321.155,20.285,60174,64231,83.96,65.73,instability_ay_roll,True,vehicle_instability_allraw__gf__2025_09_26_10_52_57__000300870,Full raw rescreen. Anchor is derived from non-steering vehicle dynamics (ay/roll_rate). Steering metrics are only response evidence and must not be used to define onset.
instability_allraw_highconf_oldcode_v0_1,gf::2025_09_26_10_52_57::00138::instability_dynamic_onset,allraw_vehicle_instability_highconf,gf,train,Entity_Recording_2025_09_26_10_52_57_vehicle.csv,Entity_Recording_2025_09_26_10_52_57_vehicle.csv,F:\data_set_process\data_process\01_datasets\数据预处理\原始车辆数据\gf\Entity_Recording_2025_09_26_10_52_57_vehicle.csv,138,138,allraw_instability_rescreen_v0_1,primary,medium_active,all_raw_vehicle_dynamic_onset_non_steering,instability_ay_roll,straight,0,0.0,all_raw_nonsteering_dynamic_onset,94301,471.505,600,400,400,2.0,True,True,146.805,True,True,,471.505,478.04,6.535,94301,95608,82.09,54.89,instability_ay_roll,True,vehicle_instability_allraw__gf__2025_09_26_10_52_57__000471505,Full raw rescreen. Anchor is derived from non-steering vehicle dynamics (ay/roll_rate). Steering metrics are only response evidence and must not be used to define onset.
instability_allraw_highconf_oldcode_v0_1,gzj::2025_09_27_11_38_49::00139::instability_dynamic_onset,allraw_vehicle_instability_highconf,gzj,test,Entity_Recording_2025_09_27_11_38_49_vehicle.csv,Entity_Recording_2025_09_27_11_38_49_vehicle.csv,F:\data_set_process\data_process\01_datasets\数据预处理\原始车辆数据\gzj\Entity_Recording_2025_09_27_11_38_49_vehicle.csv,139,139,allraw_instability_rescreen_v0_1,secondary,extreme_active,all_raw_vehicle_dynamic_onset_non_steering,instability_ay_roll,straight,0,-0.0,all_raw_nonsteering_dynamic_onset,10319,51.595,600,400,400,2.0,True,True,34.585,True,True,,51.595,57.165,5.57,10319,11433,100.0,88.1,instability_ay_roll,True,vehicle_instability_allraw__gzj__2025_09_27_11_38_49__000051595,Full raw rescreen. Anchor is derived from non-steering vehicle dynamics (ay/roll_rate). Steering metrics are only response evidence and must not be used to define onset.
instability_allraw_highconf_oldcode_v0_1,gzj::2025_09_27_11_41_47::00140::instability_dynamic_onset,allraw_vehicle_instability_highconf,gzj,test,Entity_Recording_2025_09_27_11_41_47_vehicle.csv,Entity_Recording_2025_09_27_11_41_47_vehicle.csv,F:\data_set_process\data_process\01_datasets\数据预处理\原始车辆数据\gzj\Entity_Recording_2025_09_27_11_41_47_vehicle.csv,140,140,allraw_instability_rescreen_v0_1,secondary,weak,all_raw_vehicle_dynamic_onset_non_steering,instability_ay_roll,straight,0,0.0,all_raw_nonsteering_dynamic_onset,11695,58.475,600,400,400,2.0,True,True,583.095,True,True,,58.475,69.095,10.62,11695,13819,100.0,87.99,instability_ay_roll,True,vehicle_instability_allraw__gzj__2025_09_27_11_41_47__000058475,Full raw rescreen. Anchor is derived from non-steering vehicle dynamics (ay/roll_rate). Steering metrics are only response evidence and must not be used to define onset.
instability_allraw_highconf_oldcode_v0_1,gzj::2025_09_27_11_41_47::00141::instability_dynamic_onset,allraw_vehicle_instability_highconf,gzj,test,Entity_Recording_2025_09_27_11_41_47_vehicle.csv,Entity_Recording_2025_09_27_11_41_47_vehicle.csv,F:\data_set_process\data_process\01_datasets\数据预处理\原始车辆数据\gzj\Entity_Recording_2025_09_27_11_41_47_vehicle.csv,141,141,allraw_instability_rescreen_v0_1,secondary,extreme_active,all_raw_vehicle_dynamic_onset_non_steering,instability_ay_roll,straight,0,0.0,all_raw_nonsteering_dynamic_onset,18214,91.07,600,400,400,2.0,True,True,550.5,True,True,,91.07,101.55,10.48,18214,20310,100.0,90.56,instability_ay_roll,True,vehicle_instability_allraw__gzj__2025_09_27_11_41_47__000091070,Full raw rescreen. Anchor is derived from non-steering vehicle dynamics (ay/roll_rate). Steering metrics are only response evidence and must not be used to define onset.
instability_allraw_highconf_oldcode_v0_1,gzj::2025_09_27_11_41_47::00142::instability_dynamic_onset,allraw_vehicle_instability_highconf,gzj,test,Entity_Recording_2025_09_27_11_41_47_vehicle.csv,Entity_Recording_2025_09_27_11_41_47_vehicle.csv,F:\data_set_process\data_process\01_datasets\数据预处理\原始车辆数据\gzj\Entity_Recording_2025_09_27_11_41_47_vehicle.csv,142,142,allraw_instability_rescreen_v0_1,primary,strong_active,all_raw_vehicle_dynamic_onset_non_steering,instability_ay_roll,straight,1,-0.0,all_raw_nonsteering_dynamic_onset,23048,115.24,600,400,400,2.0,True,True,526.33,True,True,,115.24,120.28,5.04,23048,24056,91.37,59.98,instability_ay_roll,True,vehicle_instability_allraw__gzj__2025_09_27_11_41_47__000115240,Full raw rescreen. Anchor is derived from non-steering vehicle dynamics (ay/roll_rate). Steering metrics are only response evidence and must not be used to define onset.
instability_allraw_highconf_oldcode_v0_1,gzj::2025_09_27_11_41_47::00143::instability_dynamic_onset,allraw_vehicle_instability_highconf,gzj,test,Entity_Recording_2025_09_27_11_41_47_vehicle.csv,Entity_Recording_2025_09_27_11_41_47_vehicle.csv,F:\data_set_process\data_process\01_datasets\数据预处理\原始车辆数据\gzj\Entity_Recording_2025_09_27_11_41_47_vehicle.csv,143,143,allraw_instability_rescreen_v0_1,secondary,extreme_active,all_raw_vehicle_dynamic_onset_non_steering,instability_ay_roll,straight,1,-0.00729802,all_raw_nonsteering_dynamic_onset,26569,132.845,600,400,400,2.0,True,True,508.725,True,True,,132.845,156.335,23.49,26569,31267,100.0,95.45,instability_ay_roll,True,vehicle_instability_allraw__gzj__2025_09_27_11_41_47__000132845,Full raw rescreen. Anchor is derived from non-steering vehicle dynamics (ay/roll_rate). Steering metrics are only response evidence and must not be used to define onset.
instability_allraw_highconf_oldcode_v0_1,gzj::2025_09_27_11_41_47::00144::instability_dynamic_onset,allraw_vehicle_instability_highconf,gzj,test,Entity_Recording_2025_09_27_11_41_47_vehicle.csv,Entity_Recording_2025_09_27_11_41_47_vehicle.csv,F:\data_set_process\data_process\01_datasets\数据预处理\原始车辆数据\gzj\Entity_Recording_2025_09_27_11_41_47_vehicle.csv,144,144,allraw_instability_rescreen_v0_1,secondary,extreme_active,all_raw_vehicle_dynamic_onset_non_steering,instability_ay_roll,straight,0,-0.0,all_raw_nonsteering_dynamic_onset,33125,165.625,600,400,400,2.0,True,True,475.945,True,True,,165.625,173.165,7.54,33125,34633,100.0,72.9,instability_ay_roll,True,vehicle_instability_allraw__gzj__2025_09_27_11_41_47__000165625,Full raw rescreen. Anchor is derived from non-steering vehicle dynamics (ay/roll_rate). Steering metrics are only response evidence and must not be used to define onset.
instability_allraw_highconf_oldcode_v0_1,gzj::2025_09_27_11_41_47::00145::instability_dynamic_onset,allraw_vehicle_instability_highconf,gzj,test,Entity_Recording_2025_09_27_11_41_47_vehicle.csv,Entity_Recording_2025_09_27_11_41_47_vehicle.csv,F:\data_set_process\data_process\01_datasets\数据预处理\原始车辆数据\gzj\Entity_Recording_2025_09_27_11_41_47_vehicle.csv,145,145,allraw_instability_rescreen_v0_1,secondary,strong_active,all_raw_vehicle_dynamic_onset_non_steering,instability_ay_roll,straight,0,0.0,all_raw_nonsteering_dynamic_onset,36003,180.015,600,400,400,2.0,True,True,461.555,True,True,,180.015,189.145,9.13,36003,37829,95.02,65.25,instability_ay_roll,True,vehicle_instability_allraw__gzj__2025_09_27_11_41_47__000180015,Full raw rescreen. Anchor is derived from non-steering vehicle dynamics (ay/roll_rate). Steering metrics are only response evidence and must not be used to define onset.
instability_allraw_highconf_oldcode_v0_1,gzj::2025_09_27_11_41_47::00146::instability_dynamic_onset,allraw_vehicle_instability_highconf,gzj,test,Entity_Recording_2025_09_27_11_41_47_vehicle.csv,Entity_Recording_2025_09_27_11_41_47_vehicle.csv,F:\data_set_process\data_process\01_datasets\数据预处理\原始车辆数据\gzj\Entity_Recording_2025_09_27_11_41_47_vehicle.csv,146,146,allraw_instability_rescreen_v0_1,secondary,extreme_active,all_raw_vehicle_dynamic_onset_non_steering,instability_ay_roll,straight,0,0.0,all_raw_nonsteering_dynamic_onset,38673,193.365,600,400,400,2.0,True,True,448.205,True,True,,193.365,206.565,13.2,38673,41313,100.0,76.84,instability_ay_roll,True,vehicle_instability_allraw__gzj__2025_09_27_11_41_47__000193365,Full raw rescreen. Anchor is derived from non-steering vehicle dynamics (ay/roll_rate). Steering metrics are only response evidence and must not be used to define onset.
instability_allraw_highconf_oldcode_v0_1,gzj::2025_09_27_11_41_47::00147::instability_dynamic_onset,allraw_vehicle_instability_highconf,gzj,test,Entity_Recording_2025_09_27_11_41_47_vehicle.csv,Entity_Recording_2025_09_27_11_41_47_vehicle.csv,F:\data_set_process\data_process\01_datasets\数据预处理\原始车辆数据\gzj\Entity_Recording_2025_09_27_11_41_47_vehicle.csv,147,147,allraw_instability_rescreen_v0_1,secondary,strong_active,all_raw_vehicle_dynamic_onset_non_steering,instability_ay_roll,straight,0,-0.0,all_raw_nonsteering_dynamic_onset,42297,211.485,600,400,400,2.0,True,True,430.085,True,True,,211.485,214.92,3.435,42297,42984,88.44,59.69,instability_ay_roll,True,vehicle_instability_allraw__gzj__2025_09_27_11_41_47__000211485,Full raw rescreen. Anchor is derived from non-steering vehicle dynamics (ay/roll_rate). Steering metrics are only response evidence and must not be used to define onset.
instability_allraw_highconf_oldcode_v0_1,gzj::2025_09_27_11_41_47::00148::instability_dynamic_onset,allraw_vehicle_instability_highconf,gzj,test,Entity_Recording_2025_09_27_11_41_47_vehicle.csv,Entity_Recording_2025_09_27_11_41_47_vehicle.csv,F:\data_set_process\data_process\01_datasets\数据预处理\原始车辆数据\gzj\Entity_Recording_2025_09_27_11_41_47_vehicle.csv,148,148,allraw_instability_rescreen_v0_1,secondary,medium_active,all_raw_vehicle_dynamic_onset_non_steering,instability_ay_roll,straight,0,0.0,all_raw_nonsteering_dynamic_onset,44319,221.595,600,400,400,2.0,True,True,419.975,True,True,,221.595,226.055,4.46,44319,45211,83.76,58.14,instability_ay_roll,True,vehicle_instability_allraw__gzj__2025_09_27_11_41_47__000221595,Full raw rescreen. Anchor is derived from non-steering vehicle dynamics (ay/roll_rate). Steering metrics are only response evidence and must not be used to define onset.
instability_allraw_highconf_oldcode_v0_1,gzj::2025_09_27_11_41_47::00149::instability_dynamic_onset,allraw_vehicle_instability_highconf,gzj,test,Entity_Recording_2025_09_27_11_41_47_vehicle.csv,Entity_Recording_2025_09_27_11_41_47_vehicle.csv,F:\data_set_process\data_process\01_datasets\数据预处理\原始车辆数据\gzj\Entity_Recording_2025_09_27_11_41_47_vehicle.csv,149,149,allraw_instability_rescreen_v0_1,secondary,strong_active,all_raw_vehicle_dynamic_onset_non_steering,instability_ay_roll,straight,0,-0.0,all_raw_nonsteering_dynamic_onset,52013,260.065,600,400,400,2.0,True,True,381.505,True,True,,260.065,282.505,22.44,52013,56501,100.0,78.7,instability_ay_roll,True,vehicle_instability_allraw__gzj__2025_09_27_11_41_47__000260065,Full raw rescreen. Anchor is derived from non-steering vehicle dynamics (ay/roll_rate). Steering metrics are only response evidence and must not be used to define onset.
instability_allraw_highconf_oldcode_v0_1,gzj::2025_09_27_11_41_47::00150::instability_dynamic_onset,allraw_vehicle_instability_highconf,gzj,test,Entity_Recording_2025_09_27_11_41_47_vehicle.csv,Entity_Recording_2025_09_27_11_41_47_vehicle.csv,F:\data_set_process\data_process\01_datasets\数据预处理\原始车辆数据\gzj\Entity_Recording_2025_09_27_11_41_47_vehicle.csv,150,150,allraw_instability_rescreen_v0_1,secondary,strong_active,all_raw_vehicle_dynamic_onset_non_steering,instability_ay_roll,straight,1,0.0,all_raw_nonsteering_dynamic_onset,58242,291.21,600,400,400,2.0,True,True,350.36,True,True,,291.21,309.815,18.605,58242,61963,100.0,69.56,instability_ay_roll,True,vehicle_instability_allraw__gzj__2025_09_27_11_41_47__000291210,Full raw rescreen. Anchor is derived from non-steering vehicle dynamics (ay/roll_rate). Steering metrics are only response evidence and must not be used to define onset.
instability_allraw_highconf_oldcode_v0_1,gzj::2025_09_27_11_41_47::00151::instability_dynamic_onset,allraw_vehicle_instability_highconf,gzj,test,Entity_Recording_2025_09_27_11_41_47_vehicle.csv,Entity_Recording_2025_09_27_11_41_47_vehicle.csv,F:\data_set_process\data_process\01_datasets\数据预处理\原始车辆数据\gzj\Entity_Recording_2025_09_27_11_41_47_vehicle.csv,151,151,allraw_instability_rescreen_v0_1,secondary,extreme_active,all_raw_vehicle_dynamic_onset_non_steering,instability_ay_roll,straight,1,-7.961e-05,all_raw_nonsteering_dynamic_onset,62992,314.96,600,400,400,2.0,True,True,326.61,True,True,,314.96,322.76,7.8,62992,64552,100.0,94.66,instability_ay_roll,True,vehicle_instability_allraw__gzj__2025_09_27_11_41_47__000314960,Full raw rescreen. Anchor is derived from non-steering vehicle dynamics (ay/roll_rate). Steering metrics are only response evidence and must not be used to define onset.
instability_allraw_highconf_oldcode_v0_1,gzj::2025_09_27_11_41_47::00152::instability_dynamic_onset,allraw_vehicle_instability_highconf,gzj,test,Entity_Recording_2025_09_27_11_41_47_vehicle.csv,Entity_Recording_2025_09_27_11_41_47_vehicle.csv,F:\data_set_process\data_process\01_datasets\数据预处理\原始车辆数据\gzj\Entity_Recording_2025_09_27_11_41_47_vehicle.csv,152,152,allraw_instability_rescreen_v0_1,secondary,strong_active,all_raw_vehicle_dynamic_onset_non_steering,instability_ay_roll,straight,0,0.0,all_raw_nonsteering_dynamic_onset,66868,334.34,600,400,400,2.0,True,True,307.23,True,True,,334.34,349.805,15.465,66868,69961,100.0,86.72,instability_ay_roll,True,vehicle_instability_allraw__gzj__2025_09_27_11_41_47__000334340,Full raw rescreen. Anchor is derived from non-steering vehicle dynamics (ay/roll_rate). Steering metrics are only response evidence and must not be used to define onset.
instability_allraw_highconf_oldcode_v0_1,gzj::2025_09_27_11_41_47::00153::instability_dynamic_onset,allraw_vehicle_instability_highconf,gzj,test,Entity_Recording_2025_09_27_11_41_47_vehicle.csv,Entity_Recording_2025_09_27_11_41_47_vehicle.csv,F:\data_set_process\data_process\01_datasets\数据预处理\原始车辆数据\gzj\Entity_Recording_2025_09_27_11_41_47_vehicle.csv,153,153,allraw_instability_rescreen_v0_1,secondary,extreme_active,all_raw_vehicle_dynamic_onset_non_steering,instability_ay_roll,straight,0,-0.0,all_raw_nonsteering_dynamic_onset,70743,353.715,600,400,400,2.0,True,True,287.855,True,True,,353.715,358.07,4.355,70743,71614,100.0,90.53,instability_ay_roll,True,vehicle_instability_allraw__gzj__2025_09_27_11_41_47__000353715,Full raw rescreen. Anchor is derived from non-steering vehicle dynamics (ay/roll_rate). Steering metrics are only response evidence and must not be used to define onset.
instability_allraw_highconf_oldcode_v0_1,gzj::2025_09_27_11_41_47::00154::instability_dynamic_onset,allraw_vehicle_instability_highconf,gzj,test,Entity_Recording_2025_09_27_11_41_47_vehicle.csv,Entity_Recording_2025_09_27_11_41_47_vehicle.csv,F:\data_set_process\data_process\01_datasets\数据预处理\原始车辆数据\gzj\Entity_Recording_2025_09_27_11_41_47_vehicle.csv,154,154,allraw_instability_rescreen_v0_1,primary,extreme_active,all_raw_vehicle_dynamic_onset_non_steering,instability_ay_roll,straight,0,-0.0,all_raw_nonsteering_dynamic_onset,82683,413.415,600,400,400,2.0,True,True,228.155,True,True,,413.415,428.725,15.31,82683,85745,100.0,94.72,instability_ay_roll,True,vehicle_instability_allraw__gzj__2025_09_27_11_41_47__000413415,Full raw rescreen. Anchor is derived from non-steering vehicle dynamics (ay/roll_rate). Steering metrics are only response evidence and must not be used to define onset.
instability_allraw_highconf_oldcode_v0_1,gzj::2025_09_27_11_41_47::00155::instability_dynamic_onset,allraw_vehicle_instability_highconf,gzj,test,Entity_Recording_2025_09_27_11_41_47_vehicle.csv,Entity_Recording_2025_09_27_11_41_47_vehicle.csv,F:\data_set_process\data_process\01_datasets\数据预处理\原始车辆数据\gzj\Entity_Recording_2025_09_27_11_41_47_vehicle.csv,155,155,allraw_instability_rescreen_v0_1,secondary,strong_active,all_raw_vehicle_dynamic_onset_non_steering,instability_ay_roll,straight,0,-0.0,all_raw_nonsteering_dynamic_onset,86268,431.34,600,400,400,2.0,True,True,210.23,True,True,,431.34,436.855,5.515,86268,87371,89.05,62.85,instability_ay_roll,True,vehicle_instability_allraw__gzj__2025_09_27_11_41_47__000431340,Full raw rescreen. Anchor is derived from non-steering vehicle dynamics (ay/roll_rate). Steering metrics are only response evidence and must not be used to define onset.
instability_allraw_highconf_oldcode_v0_1,gzj::2025_09_27_11_41_47::00156::instability_dynamic_onset,allraw_vehicle_instability_highconf,gzj,test,Entity_Recording_2025_09_27_11_41_47_vehicle.csv,Entity_Recording_2025_09_27_11_41_47_vehicle.csv,F:\data_set_process\data_process\01_datasets\数据预处理\原始车辆数据\gzj\Entity_Recording_2025_09_27_11_41_47_vehicle.csv,156,156,allraw_instability_rescreen_v0_1,secondary,extreme_active,all_raw_vehicle_dynamic_onset_non_steering,instability_roll_only,straight,0,0.0,all_raw_nonsteering_dynamic_onset,90132,450.66,600,400,400,2.0,True,True,190.91,True,True,,450.66,451.415,0.755,90132,90283,100.0,80.63,instability_roll_only,True,vehicle_instability_allraw__gzj__2025_09_27_11_41_47__000450660,Full raw rescreen. Anchor is derived from non-steering vehicle dynamics (ay/roll_rate). Steering metrics are only response evidence and must not be used to define onset.
instability_allraw_highconf_oldcode_v0_1,gzj::2025_09_27_11_41_47::00157::instability_dynamic_onset,allraw_vehicle_instability_highconf,gzj,test,Entity_Recording_2025_09_27_11_41_47_vehicle.csv,Entity_Recording_2025_09_27_11_41_47_vehicle.csv,F:\data_set_process\data_process\01_datasets\数据预处理\原始车辆数据\gzj\Entity_Recording_2025_09_27_11_41_47_vehicle.csv,157,157,allraw_instability_rescreen_v0_1,secondary,extreme_active,all_raw_vehicle_dynamic_onset_non_steering,instability_ay_roll,straight,0,-0.0,all_raw_nonsteering_dynamic_onset,91464,457.32,600,400,400,2.0,True,True,184.25,True,True,,457.32,463.835,6.515,91464,92767,100.0,93.81,instability_ay_roll,True,vehicle_instability_allraw__gzj__2025_09_27_11_41_47__000457320,Full raw rescreen. Anchor is derived from non-steering vehicle dynamics (ay/roll_rate). Steering metrics are only response evidence and must not be used to define onset.
instability_allraw_highconf_oldcode_v0_1,gzj::2025_09_27_11_41_47::00158::instability_dynamic_onset,allraw_vehicle_instability_highconf,gzj,test,Entity_Recording_2025_09_27_11_41_47_vehicle.csv,Entity_Recording_2025_09_27_11_41_47_vehicle.csv,F:\data_set_process\data_process\01_datasets\数据预处理\原始车辆数据\gzj\Entity_Recording_2025_09_27_11_41_47_vehicle.csv,158,158,allraw_instability_rescreen_v0_1,secondary,extreme_active,all_raw_vehicle_dynamic_onset_non_steering,instability_ay_roll,straight,0,0.0,all_raw_nonsteering_dynamic_onset,94040,470.2,600,400,400,2.0,True,True,171.37,True,True,,470.2,472.93,2.73,94040,94586,84.45,51.92,instability_ay_roll,True,vehicle_instability_allraw__gzj__2025_09_27_11_41_47__000470200,Full raw rescreen. Anchor is derived from non-steering vehicle dynamics (ay/roll_rate). Steering metrics are only response evidence and must not be used to define onset.
instability_allraw_highconf_oldcode_v0_1,gzj::2025_09_27_11_41_47::00159::instability_dynamic_onset,allraw_vehicle_instability_highconf,gzj,test,Entity_Recording_2025_09_27_11_41_47_vehicle.csv,Entity_Recording_2025_09_27_11_41_47_vehicle.csv,F:\data_set_process\data_process\01_datasets\数据预处理\原始车辆数据\gzj\Entity_Recording_2025_09_27_11_41_47_vehicle.csv,159,159,allraw_instability_rescreen_v0_1,primary,strong_active,all_raw_vehicle_dynamic_onset_non_steering,instability_ay_roll,straight,0,0.0,all_raw_nonsteering_dynamic_onset,103401,517.005,600,400,400,2.0,True,True,124.565,True,True,,517.005,518.92,1.915,103401,103784,84.42,58.34,instability_ay_roll,True,vehicle_instability_allraw__gzj__2025_09_27_11_41_47__000517005,Full raw rescreen. Anchor is derived from non-steering vehicle dynamics (ay/roll_rate). Steering metrics are only response evidence and must not be used to define onset.
instability_allraw_highconf_oldcode_v0_1,gzj::2025_09_27_11_41_47::00160::instability_dynamic_onset,allraw_vehicle_instability_highconf,gzj,test,Entity_Recording_2025_09_27_11_41_47_vehicle.csv,Entity_Recording_2025_09_27_11_41_47_vehicle.csv,F:\data_set_process\data_process\01_datasets\数据预处理\原始车辆数据\gzj\Entity_Recording_2025_09_27_11_41_47_vehicle.csv,160,160,allraw_instability_rescreen_v0_1,secondary,medium_active,all_raw_vehicle_dynamic_onset_non_steering,instability_ay_roll,straight,0,-0.0,all_raw_nonsteering_dynamic_onset,115360,576.8,600,400,400,2.0,True,True,64.77,True,True,,576.8,594.17,17.37,115360,118834,82.95,54.37,instability_ay_roll,True,vehicle_instability_allraw__gzj__2025_09_27_11_41_47__000576800,Full raw rescreen. Anchor is derived from non-steering vehicle dynamics (ay/roll_rate). Steering metrics are only response evidence and must not be used to define onset.
instability_allraw_highconf_oldcode_v0_1,gzj::2025_09_27_11_41_47::00161::instability_dynamic_onset,allraw_vehicle_instability_highconf,gzj,test,Entity_Recording_2025_09_27_11_41_47_vehicle.csv,Entity_Recording_2025_09_27_11_41_47_vehicle.csv,F:\data_set_process\data_process\01_datasets\数据预处理\原始车辆数据\gzj\Entity_Recording_2025_09_27_11_41_47_vehicle.csv,161,161,allraw_instability_rescreen_v0_1,secondary,extreme_active,all_raw_vehicle_dynamic_onset_non_steering,instability_ay_roll,straight,0,-0.0,all_raw_nonsteering_dynamic_onset,123705,618.525,600,400,400,2.0,True,True,23.045,True,True,,618.525,633.745,15.22,123705,126749,100.0,94.08,instability_ay_roll,True,vehicle_instability_allraw__gzj__2025_09_27_11_41_47__000618525,Full raw rescreen. Anchor is derived from non-steering vehicle dynamics (ay/roll_rate). Steering metrics are only response evidence and must not be used to define onset.
instability_allraw_highconf_oldcode_v0_1,gzj::2025_09_27_11_53_25::00162::instability_dynamic_onset,allraw_vehicle_instability_highconf,gzj,test,Entity_Recording_2025_09_27_11_53_25_vehicle.csv,Entity_Recording_2025_09_27_11_53_25_vehicle.csv,F:\data_set_process\data_process\01_datasets\数据预处理\原始车辆数据\gzj\Entity_Recording_2025_09_27_11_53_25_vehicle.csv,162,162,allraw_instability_rescreen_v0_1,secondary,extreme_active,all_raw_vehicle_dynamic_onset_non_steering,instability_ay_roll,curve,1,-0.00729802,all_raw_nonsteering_dynamic_onset,32123,160.615,600,400,400,2.0,True,True,433.825,True,True,,160.615,187.135,26.52,32123,37427,100.0,95.77,instability_ay_roll,True,vehicle_instability_allraw__gzj__2025_09_27_11_53_25__000160615,Full raw rescreen. Anchor is derived from non-steering vehicle dynamics (ay/roll_rate). Steering metrics are only response evidence and must not be used to define onset.
instability_allraw_highconf_oldcode_v0_1,gzj::2025_09_27_11_53_25::00163::instability_dynamic_onset,allraw_vehicle_instability_highconf,gzj,test,Entity_Recording_2025_09_27_11_53_25_vehicle.csv,Entity_Recording_2025_09_27_11_53_25_vehicle.csv,F:\data_set_process\data_process\01_datasets\数据预处理\原始车辆数据\gzj\Entity_Recording_2025_09_27_11_53_25_vehicle.csv,163,163,allraw_instability_rescreen_v0_1,secondary,extreme_active,all_raw_vehicle_dynamic_onset_non_steering,instability_ay_roll,straight,1,0.0001454,all_raw_nonsteering_dynamic_onset,38030,190.15,600,400,400,2.0,True,True,404.29,True,True,,190.15,196.32,6.17,38030,39264,100.0,79.38,instability_ay_roll,True,vehicle_instability_allraw__gzj__2025_09_27_11_53_25__000190150,Full raw rescreen. Anchor is derived from non-steering vehicle dynamics (ay/roll_rate). Steering metrics are only response evidence and must not be used to define onset.
instability_allraw_highconf_oldcode_v0_1,gzj::2025_09_27_11_53_25::00164::instability_dynamic_onset,allraw_vehicle_instability_highconf,gzj,test,Entity_Recording_2025_09_27_11_53_25_vehicle.csv,Entity_Recording_2025_09_27_11_53_25_vehicle.csv,F:\data_set_process\data_process\01_datasets\数据预处理\原始车辆数据\gzj\Entity_Recording_2025_09_27_11_53_25_vehicle.csv,164,164,allraw_instability_rescreen_v0_1,secondary,extreme_active,all_raw_vehicle_dynamic_onset_non_steering,instability_ay_roll,straight,0,0.0,all_raw_nonsteering_dynamic_onset,42266,211.33,600,400,400,2.0,True,True,383.11,True,True,,211.33,225.715,14.385,42266,45143,89.56,59.76,instability_ay_roll,True,vehicle_instability_allraw__gzj__2025_09_27_11_53_25__000211330,Full raw rescreen. Anchor is derived from non-steering vehicle dynamics (ay/roll_rate). Steering metrics are only response evidence and must not be used to define onset.
instability_allraw_highconf_oldcode_v0_1,gzj::2025_09_27_11_53_25::00165::instability_dynamic_onset,allraw_vehicle_instability_highconf,gzj,test,Entity_Recording_2025_09_27_11_53_25_vehicle.csv,Entity_Recording_2025_09_27_11_53_25_vehicle.csv,F:\data_set_process\data_process\01_datasets\数据预处理\原始车辆数据\gzj\Entity_Recording_2025_09_27_11_53_25_vehicle.csv,165,165,allraw_instability_rescreen_v0_1,secondary,strong_active,all_raw_vehicle_dynamic_onset_non_steering,instability_ay_roll,straight,0,0.0,all_raw_nonsteering_dynamic_onset,45989,229.945,600,400,400,2.0,True,True,364.495,True,True,,229.945,237.565,7.62,45989,47513,93.75,64.32,instability_ay_roll,True,vehicle_instability_allraw__gzj__2025_09_27_11_53_25__000229945,Full raw rescreen. Anchor is derived from non-steering vehicle dynamics (ay/roll_rate). Steering metrics are only response evidence and must not be used to define onset.
instability_allraw_highconf_oldcode_v0_1,gzj::2025_09_27_11_53_25::00166::instability_dynamic_onset,allraw_vehicle_instability_highconf,gzj,test,Entity_Recording_2025_09_27_11_53_25_vehicle.csv,Entity_Recording_2025_09_27_11_53_25_vehicle.csv,F:\data_set_process\data_process\01_datasets\数据预处理\原始车辆数据\gzj\Entity_Recording_2025_09_27_11_53_25_vehicle.csv,166,166,allraw_instability_rescreen_v0_1,secondary,extreme_active,all_raw_vehicle_dynamic_onset_non_steering,instability_ay_roll,straight,0,0.0,all_raw_nonsteering_dynamic_onset,53775,268.875,600,400,400,2.0,True,True,325.565,True,True,,268.875,274.88,6.005,53775,54976,92.95,58.26,instability_ay_roll,True,vehicle_instability_allraw__gzj__2025_09_27_11_53_25__000268875,Full raw rescreen. Anchor is derived from non-steering vehicle dynamics (ay/roll_rate). Steering metrics are only response evidence and must not be used to define onset.
instability_allraw_highconf_oldcode_v0_1,gzj::2025_09_27_11_53_25::00167::instability_dynamic_onset,allraw_vehicle_instability_highconf,gzj,test,Entity_Recording_2025_09_27_11_53_25_vehicle.csv,Entity_Recording_2025_09_27_11_53_25_vehicle.csv,F:\data_set_process\data_process\01_datasets\数据预处理\原始车辆数据\gzj\Entity_Recording_2025_09_27_11_53_25_vehicle.csv,167,167,allraw_instability_rescreen_v0_1,secondary,strong_active,all_raw_vehicle_dynamic_onset_non_steering,instability_ay_roll,straight,0,-0.0,all_raw_nonsteering_dynamic_onset,56642,283.21,600,400,400,2.0,True,True,311.23,True,True,,283.21,284.375,1.165,56642,56875,100.0,74.43,instability_ay_roll,True,vehicle_instability_allraw__gzj__2025_09_27_11_53_25__000283210,Full raw rescreen. Anchor is derived from non-steering vehicle dynamics (ay/roll_rate). Steering metrics are only response evidence and must not be used to define onset.
instability_allraw_highconf_oldcode_v0_1,gzj::2025_09_27_11_53_25::00168::instability_dynamic_onset,allraw_vehicle_instability_highconf,gzj,test,Entity_Recording_2025_09_27_11_53_25_vehicle.csv,Entity_Recording_2025_09_27_11_53_25_vehicle.csv,F:\data_set_process\data_process\01_datasets\数据预处理\原始车辆数据\gzj\Entity_Recording_2025_09_27_11_53_25_vehicle.csv,168,168,allraw_instability_rescreen_v0_1,secondary,extreme_active,all_raw_vehicle_dynamic_onset_non_steering,instability_ay_roll,straight,0,0.0,all_raw_nonsteering_dynamic_onset,57485,287.425,600,400,400,2.0,True,True,307.015,True,True,,287.425,293.175,5.75,57485,58635,100.0,78.46,instability_ay_roll,True,vehicle_instability_allraw__gzj__2025_09_27_11_53_25__000287425,Full raw rescreen. Anchor is derived from non-steering vehicle dynamics (ay/roll_rate). Steering metrics are only response evidence and must not be used to define onset.
instability_allraw_highconf_oldcode_v0_1,gzj::2025_09_27_11_53_25::00169::instability_dynamic_onset,allraw_vehicle_instability_highconf,gzj,test,Entity_Recording_2025_09_27_11_53_25_vehicle.csv,Entity_Recording_2025_09_27_11_53_25_vehicle.csv,F:\data_set_process\data_process\01_datasets\数据预处理\原始车辆数据\gzj\Entity_Recording_2025_09_27_11_53_25_vehicle.csv,169,169,allraw_instability_rescreen_v0_1,secondary,extreme_active,all_raw_vehicle_dynamic_onset_non_steering,instability_ay_roll,straight,0,0.0,all_raw_nonsteering_dynamic_onset,61784,308.92,600,400,400,2.0,True,True,285.52,True,True,,308.92,329.025,20.105,61784,65805,100.0,73.73,instability_ay_roll,True,vehicle_instability_allraw__gzj__2025_09_27_11_53_25__000308920,Full raw rescreen. Anchor is derived from non-steering vehicle dynamics (ay/roll_rate). Steering metrics are only response evidence and must not be used to define onset.
instability_allraw_highconf_oldcode_v0_1,gzj::2025_09_27_11_53_25::00170::instability_dynamic_onset,allraw_vehicle_instability_highconf,gzj,test,Entity_Recording_2025_09_27_11_53_25_vehicle.csv,Entity_Recording_2025_09_27_11_53_25_vehicle.csv,F:\data_set_process\data_process\01_datasets\数据预处理\原始车辆数据\gzj\Entity_Recording_2025_09_27_11_53_25_vehicle.csv,170,170,allraw_instability_rescreen_v0_1,secondary,strong_active,all_raw_vehicle_dynamic_onset_non_steering,instability_ay_roll,straight,1,0.0,all_raw_nonsteering_dynamic_onset,67147,335.735,600,400,400,2.0,True,True,258.705,True,True,,335.735,336.595,0.86,67147,67319,91.6,68.2,instability_ay_roll,True,vehicle_instability_allraw__gzj__2025_09_27_11_53_25__000335735,Full raw rescreen. Anchor is derived from non-steering vehicle dynamics (ay/roll_rate). Steering metrics are only response evidence and must not be used to define onset.
instability_allraw_highconf_oldcode_v0_1,gzj::2025_09_27_11_53_25::00171::instability_dynamic_onset,allraw_vehicle_instability_highconf,gzj,test,Entity_Recording_2025_09_27_11_53_25_vehicle.csv,Entity_Recording_2025_09_27_11_53_25_vehicle.csv,F:\data_set_process\data_process\01_datasets\数据预处理\原始车辆数据\gzj\Entity_Recording_2025_09_27_11_53_25_vehicle.csv,171,171,allraw_instability_rescreen_v0_1,secondary,extreme_active,all_raw_vehicle_dynamic_onset_non_steering,instability_ay_roll,straight,1,-0.0,all_raw_nonsteering_dynamic_onset,68192,340.96,600,400,400,2.0,True,True,253.48,True,True,,340.96,353.515,12.555,68192,70703,100.0,73.41,instability_ay_roll,True,vehicle_instability_allraw__gzj__2025_09_27_11_53_25__000340960,Full raw rescreen. Anchor is derived from non-steering vehicle dynamics (ay/roll_rate). Steering metrics are only response evidence and must not be used to define onset.
instability_allraw_highconf_oldcode_v0_1,gzj::2025_09_27_11_53_25::00172::instability_dynamic_onset,allraw_vehicle_instability_highconf,gzj,test,Entity_Recording_2025_09_27_11_53_25_vehicle.csv,Entity_Recording_2025_09_27_11_53_25_vehicle.csv,F:\data_set_process\data_process\01_datasets\数据预处理\原始车辆数据\gzj\Entity_Recording_2025_09_27_11_53_25_vehicle.csv,172,172,allraw_instability_rescreen_v0_1,secondary,extreme_active,all_raw_vehicle_dynamic_onset_non_steering,instability_ay_roll,straight,1,-9.353e-05,all_raw_nonsteering_dynamic_onset,72485,362.425,600,400,400,2.0,True,True,232.015,True,True,,362.425,369.155,6.73,72485,73831,100.0,83.54,instability_ay_roll,True,vehicle_instability_allraw__gzj__2025_09_27_11_53_25__000362425,Full raw rescreen. Anchor is derived from non-steering vehicle dynamics (ay/roll_rate). Steering metrics are only response evidence and must not be used to define onset.
instability_allraw_highconf_oldcode_v0_1,gzj::2025_09_27_11_53_25::00173::instability_dynamic_onset,allraw_vehicle_instability_highconf,gzj,test,Entity_Recording_2025_09_27_11_53_25_vehicle.csv,Entity_Recording_2025_09_27_11_53_25_vehicle.csv,F:\data_set_process\data_process\01_datasets\数据预处理\原始车辆数据\gzj\Entity_Recording_2025_09_27_11_53_25_vehicle.csv,173,173,allraw_instability_rescreen_v0_1,secondary,strong_active,all_raw_vehicle_dynamic_onset_non_steering,instability_ay_roll,straight,0,0.0,all_raw_nonsteering_dynamic_onset,76124,380.62,600,400,400,2.0,True,True,213.82,True,True,,380.62,399.4,18.78,76124,79880,86.14,60.3,instability_ay_roll,True,vehicle_instability_allraw__gzj__2025_09_27_11_53_25__000380620,Full raw rescreen. Anchor is derived from non-steering vehicle dynamics (ay/roll_rate). Steering metrics are only response evidence and must not be used to define onset.
instability_allraw_highconf_oldcode_v0_1,gzj::2025_09_27_11_53_25::00174::instability_dynamic_onset,allraw_vehicle_instability_highconf,gzj,test,Entity_Recording_2025_09_27_11_53_25_vehicle.csv,Entity_Recording_2025_09_27_11_53_25_vehicle.csv,F:\data_set_process\data_process\01_datasets\数据预处理\原始车辆数据\gzj\Entity_Recording_2025_09_27_11_53_25_vehicle.csv,174,174,allraw_instability_rescreen_v0_1,secondary,extreme_active,all_raw_vehicle_dynamic_onset_non_steering,instability_ay_roll,straight,0,0.0,all_raw_nonsteering_dynamic_onset,107740,538.7,600,400,400,2.0,True,True,55.74,True,True,,538.7,547.135,8.435,107740,109427,100.0,67.78,instability_ay_roll,True,vehicle_instability_allraw__gzj__2025_09_27_11_53_25__000538700,Full raw rescreen. Anchor is derived from non-steering vehicle dynamics (ay/roll_rate). Steering metrics are only response evidence and must not be used to define onset.
instability_allraw_highconf_oldcode_v0_1,gzj::2025_09_27_11_53_25::00175::instability_dynamic_onset,allraw_vehicle_instability_highconf,gzj,test,Entity_Recording_2025_09_27_11_53_25_vehicle.csv,Entity_Recording_2025_09_27_11_53_25_vehicle.csv,F:\data_set_process\data_process\01_datasets\数据预处理\原始车辆数据\gzj\Entity_Recording_2025_09_27_11_53_25_vehicle.csv,175,175,allraw_instability_rescreen_v0_1,secondary,extreme_active,all_raw_vehicle_dynamic_onset_non_steering,instability_ay_roll,straight,0,-0.0,all_raw_nonsteering_dynamic_onset,115005,575.025,600,400,400,2.0,True,True,19.415,True,True,,575.025,591.775,16.75,115005,118355,100.0,93.59,instability_ay_roll,True,vehicle_instability_allraw__gzj__2025_09_27_11_53_25__000575025,Full raw rescreen. Anchor is derived from non-steering vehicle dynamics (ay/roll_rate). Steering metrics are only response evidence and must not be used to define onset.
instability_allraw_highconf_oldcode_v0_1,gzj::2025_09_27_12_04_23::00176::instability_dynamic_onset,allraw_vehicle_instability_highconf,gzj,test,Entity_Recording_2025_09_27_12_04_23_vehicle.csv,Entity_Recording_2025_09_27_12_04_23_vehicle.csv,F:\data_set_process\data_process\01_datasets\数据预处理\原始车辆数据\gzj\Entity_Recording_2025_09_27_12_04_23_vehicle.csv,176,176,allraw_instability_rescreen_v0_1,secondary,strong_active,all_raw_vehicle_dynamic_onset_non_steering,instability_ay_roll,straight,0,0.0,all_raw_nonsteering_dynamic_onset,19167,95.835,600,400,400,2.0,True,True,218.295,True,True,,95.835,105.19,9.355,19167,21038,100.0,73.2,instability_ay_roll,True,vehicle_instability_allraw__gzj__2025_09_27_12_04_23__000095835,Full raw rescreen. Anchor is derived from non-steering vehicle dynamics (ay/roll_rate). Steering metrics are only response evidence and must not be used to define onset.
instability_allraw_highconf_oldcode_v0_1,gzj::2025_09_27_12_04_23::00177::instability_dynamic_onset,allraw_vehicle_instability_highconf,gzj,test,Entity_Recording_2025_09_27_12_04_23_vehicle.csv,Entity_Recording_2025_09_27_12_04_23_vehicle.csv,F:\data_set_process\data_process\01_datasets\数据预处理\原始车辆数据\gzj\Entity_Recording_2025_09_27_12_04_23_vehicle.csv,177,177,allraw_instability_rescreen_v0_1,secondary,extreme_active,all_raw_vehicle_dynamic_onset_non_steering,instability_ay_roll,straight,1,-0.00729802,all_raw_nonsteering_dynamic_onset,28758,143.79,600,400,400,2.0,True,True,170.34,True,True,,143.79,165.035,21.245,28758,33007,100.0,92.57,instability_ay_roll,True,vehicle_instability_allraw__gzj__2025_09_27_12_04_23__000143790,Full raw rescreen. Anchor is derived from non-steering vehicle dynamics (ay/roll_rate). Steering metrics are only response evidence and must not be used to define onset.
instability_allraw_highconf_oldcode_v0_1,gzj::2025_09_27_12_04_23::00178::instability_dynamic_onset,allraw_vehicle_instability_highconf,gzj,test,Entity_Recording_2025_09_27_12_04_23_vehicle.csv,Entity_Recording_2025_09_27_12_04_23_vehicle.csv,F:\data_set_process\data_process\01_datasets\数据预处理\原始车辆数据\gzj\Entity_Recording_2025_09_27_12_04_23_vehicle.csv,178,178,allraw_instability_rescreen_v0_1,secondary,strong_active,all_raw_vehicle_dynamic_onset_non_steering,instability_ay_roll,straight,0,0.0,all_raw_nonsteering_dynamic_onset,34670,173.35,600,400,400,2.0,True,True,140.78,True,True,,173.35,185.48,12.13,34670,37096,82.5,57.24,instability_ay_roll,True,vehicle_instability_allraw__gzj__2025_09_27_12_04_23__000173350,Full raw rescreen. Anchor is derived from non-steering vehicle dynamics (ay/roll_rate). Steering metrics are only response evidence and must not be used to define onset.
instability_allraw_highconf_oldcode_v0_1,gzj::2025_09_27_12_04_23::00179::instability_dynamic_onset,allraw_vehicle_instability_highconf,gzj,test,Entity_Recording_2025_09_27_12_04_23_vehicle.csv,Entity_Recording_2025_09_27_12_04_23_vehicle.csv,F:\data_set_process\data_process\01_datasets\数据预处理\原始车辆数据\gzj\Entity_Recording_2025_09_27_12_04_23_vehicle.csv,179,179,allraw_instability_rescreen_v0_1,primary,strong_active,all_raw_vehicle_dynamic_onset_non_steering,instability_ay_roll,straight,0,0.0,all_raw_nonsteering_dynamic_onset,43028,215.14,600,400,400,2.0,True,True,98.99,True,True,,215.14,220.065,4.925,43028,44013,85.8,52.17,instability_ay_roll,True,vehicle_instability_allraw__gzj__2025_09_27_12_04_23__000215140,Full raw rescreen. Anchor is derived from non-steering vehicle dynamics (ay/roll_rate). Steering metrics are only response evidence and must not be used to define onset.
instability_allraw_highconf_oldcode_v0_1,gzj::2025_09_27_12_04_23::00180::instability_dynamic_onset,allraw_vehicle_instability_highconf,gzj,test,Entity_Recording_2025_09_27_12_04_23_vehicle.csv,Entity_Recording_2025_09_27_12_04_23_vehicle.csv,F:\data_set_process\data_process\01_datasets\数据预处理\原始车辆数据\gzj\Entity_Recording_2025_09_27_12_04_23_vehicle.csv,180,180,allraw_instability_rescreen_v0_1,secondary,strong_active,all_raw_vehicle_dynamic_onset_non_steering,instability_ay_roll,straight,0,0.0,all_raw_nonsteering_dynamic_onset,53179,265.895,600,400,400,2.0,True,True,48.235,True,True,,265.895,272.41,6.515,53179,54482,91.36,59.12,instability_ay_roll,True,vehicle_instability_allraw__gzj__2025_09_27_12_04_23__000265895,Full raw rescreen. Anchor is derived from non-steering vehicle dynamics (ay/roll_rate). Steering metrics are only response evidence and must not be used to define onset.
instability_allraw_highconf_oldcode_v0_1,gzj::2025_09_27_12_04_23::00181::instability_dynamic_onset,allraw_vehicle_instability_highconf,gzj,test,Entity_Recording_2025_09_27_12_04_23_vehicle.csv,Entity_Recording_2025_09_27_12_04_23_vehicle.csv,F:\data_set_process\data_process\01_datasets\数据预处理\原始车辆数据\gzj\Entity_Recording_2025_09_27_12_04_23_vehicle.csv,181,181,allraw_instability_rescreen_v0_1,secondary,weak,all_raw_vehicle_dynamic_onset_non_steering,instability_ay_roll,curve,0,0.0,all_raw_nonsteering_dynamic_onset,59477,297.385,600,400,400,2.0,True,True,16.745,True,True,,297.385,309.06,11.675,59477,61812,100.0,80.56,instability_ay_roll,True,vehicle_instability_allraw__gzj__2025_09_27_12_04_23__000297385,Full raw rescreen. Anchor is derived from non-steering vehicle dynamics (ay/roll_rate). Steering metrics are only response evidence and must not be used to define onset.
instability_allraw_highconf_oldcode_v0_1,gzj::2025_09_27_12_17_12::00182::instability_dynamic_onset,allraw_vehicle_instability_highconf,gzj,test,Entity_Recording_2025_09_27_12_17_12_vehicle.csv,Entity_Recording_2025_09_27_12_17_12_vehicle.csv,F:\data_set_process\data_process\01_datasets\数据预处理\原始车辆数据\gzj\Entity_Recording_2025_09_27_12_17_12_vehicle.csv,182,182,allraw_instability_rescreen_v0_1,secondary,extreme_active,all_raw_vehicle_dynamic_onset_non_steering,instability_ay_roll,straight,0,0.0,all_raw_nonsteering_dynamic_onset,10637,53.185,600,400,400,2.0,True,True,561.565,True,True,,53.185,57.175,3.99,10637,11435,100.0,79.33,instability_ay_roll,True,vehicle_instability_allraw__gzj__2025_09_27_12_17_12__000053185,Full raw rescreen. Anchor is derived from non-steering vehicle dynamics (ay/roll_rate). Steering metrics are only response evidence and must not be used to define onset.
instability_allraw_highconf_oldcode_v0_1,gzj::2025_09_27_12_17_12::00183::instability_dynamic_onset,allraw_vehicle_instability_highconf,gzj,test,Entity_Recording_2025_09_27_12_17_12_vehicle.csv,Entity_Recording_2025_09_27_12_17_12_vehicle.csv,F:\data_set_process\data_process\01_datasets\数据预处理\原始车辆数据\gzj\Entity_Recording_2025_09_27_12_17_12_vehicle.csv,183,183,allraw_instability_rescreen_v0_1,primary,strong_active,all_raw_vehicle_dynamic_onset_non_steering,instability_ay_roll,straight,0,-0.0,all_raw_nonsteering_dynamic_onset,16340,81.7,600,400,400,2.0,True,True,533.05,True,True,,81.7,83.695,1.995,16340,16739,100.0,80.23,instability_ay_roll,True,vehicle_instability_allraw__gzj__2025_09_27_12_17_12__000081700,Full raw rescreen. Anchor is derived from non-steering vehicle dynamics (ay/roll_rate). Steering metrics are only response evidence and must not be used to define onset.
instability_allraw_highconf_oldcode_v0_1,gzj::2025_09_27_12_17_12::00184::instability_dynamic_onset,allraw_vehicle_instability_highconf,gzj,test,Entity_Recording_2025_09_27_12_17_12_vehicle.csv,Entity_Recording_2025_09_27_12_17_12_vehicle.csv,F:\data_set_process\data_process\01_datasets\数据预处理\原始车辆数据\gzj\Entity_Recording_2025_09_27_12_17_12_vehicle.csv,184,184,allraw_instability_rescreen_v0_1,secondary,strong_active,all_raw_vehicle_dynamic_onset_non_steering,instability_ay_roll,straight,0,0.0,all_raw_nonsteering_dynamic_onset,21773,108.865,600,400,400,2.0,True,True,505.885,True,True,,108.865,115.585,6.72,21773,23117,100.0,67.92,instability_ay_roll,True,vehicle_instability_allraw__gzj__2025_09_27_12_17_12__000108865,Full raw rescreen. Anchor is derived from non-steering vehicle dynamics (ay/roll_rate). Steering metrics are only response evidence and must not be used to define onset.
instability_allraw_highconf_oldcode_v0_1,gzj::2025_09_27_12_17_12::00185::instability_dynamic_onset,allraw_vehicle_instability_highconf,gzj,test,Entity_Recording_2025_09_27_12_17_12_vehicle.csv,Entity_Recording_2025_09_27_12_17_12_vehicle.csv,F:\data_set_process\data_process\01_datasets\数据预处理\原始车辆数据\gzj\Entity_Recording_2025_09_27_12_17_12_vehicle.csv,185,185,allraw_instability_rescreen_v0_1,secondary,extreme_active,all_raw_vehicle_dynamic_onset_non_steering,instability_ay_roll,straight,1,-0.00729802,all_raw_nonsteering_dynamic_onset,30028,150.14,600,400,400,2.0,True,True,464.61,True,True,,150.14,170.4,20.26,30028,34080,100.0,80.49,instability_ay_roll,True,vehicle_instability_allraw__gzj__2025_09_27_12_17_12__000150140,Full raw rescreen. Anchor is derived from non-steering vehicle dynamics (ay/roll_rate). Steering metrics are only response evidence and must not be used to define onset.
instability_allraw_highconf_oldcode_v0_1,gzj::2025_09_27_12_17_12::00186::instability_dynamic_onset,allraw_vehicle_instability_highconf,gzj,test,Entity_Recording_2025_09_27_12_17_12_vehicle.csv,Entity_Recording_2025_09_27_12_17_12_vehicle.csv,F:\data_set_process\data_process\01_datasets\数据预处理\原始车辆数据\gzj\Entity_Recording_2025_09_27_12_17_12_vehicle.csv,186,186,allraw_instability_rescreen_v0_1,secondary,strong_active,all_raw_vehicle_dynamic_onset_non_steering,instability_ay_roll,straight,1,6.373e-05,all_raw_nonsteering_dynamic_onset,35048,175.24,600,400,400,2.0,True,True,439.51,True,True,,175.24,179.94,4.7,35048,35988,83.48,56.15,instability_ay_roll,True,vehicle_instability_allraw__gzj__2025_09_27_12_17_12__000175240,Full raw rescreen. Anchor is derived from non-steering vehicle dynamics (ay/roll_rate). Steering metrics are only response evidence and must not be used to define onset.
instability_allraw_highconf_oldcode_v0_1,gzj::2025_09_27_12_17_12::00187::instability_dynamic_onset,allraw_vehicle_instability_highconf,gzj,test,Entity_Recording_2025_09_27_12_17_12_vehicle.csv,Entity_Recording_2025_09_27_12_17_12_vehicle.csv,F:\data_set_process\data_process\01_datasets\数据预处理\原始车辆数据\gzj\Entity_Recording_2025_09_27_12_17_12_vehicle.csv,187,187,allraw_instability_rescreen_v0_1,secondary,strong_active,all_raw_vehicle_dynamic_onset_non_steering,instability_ay_roll,straight,0,-0.0,all_raw_nonsteering_dynamic_onset,37311,186.555,600,400,400,2.0,True,True,428.195,True,True,,186.555,207.865,21.31,37311,41573,88.68,58.81,instability_ay_roll,True,vehicle_instability_allraw__gzj__2025_09_27_12_17_12__000186555,Full raw rescreen. Anchor is derived from non-steering vehicle dynamics (ay/roll_rate). Steering metrics are only response evidence and must not be used to define onset.
instability_allraw_highconf_oldcode_v0_1,gzj::2025_09_27_12_17_12::00188::instability_dynamic_onset,allraw_vehicle_instability_highconf,gzj,test,Entity_Recording_2025_09_27_12_17_12_vehicle.csv,Entity_Recording_2025_09_27_12_17_12_vehicle.csv,F:\data_set_process\data_process\01_datasets\数据预处理\原始车辆数据\gzj\Entity_Recording_2025_09_27_12_17_12_vehicle.csv,188,188,allraw_instability_rescreen_v0_1,secondary,strong_active,all_raw_vehicle_dynamic_onset_non_steering,instability_ay_roll,straight,0,0.0,all_raw_nonsteering_dynamic_onset,43621,218.105,600,400,400,2.0,True,True,396.645,True,True,,218.105,223.395,5.29,43621,44679,100.0,64.38,instability_ay_roll,True,vehicle_instability_allraw__gzj__2025_09_27_12_17_12__000218105,Full raw rescreen. Anchor is derived from non-steering vehicle dynamics (ay/roll_rate). Steering metrics are only response evidence and must not be used to define onset.
instability_allraw_highconf_oldcode_v0_1,gzj::2025_09_27_12_17_12::00189::instability_dynamic_onset,allraw_vehicle_instability_highconf,gzj,test,Entity_Recording_2025_09_27_12_17_12_vehicle.csv,Entity_Recording_2025_09_27_12_17_12_vehicle.csv,F:\data_set_process\data_process\01_datasets\数据预处理\原始车辆数据\gzj\Entity_Recording_2025_09_27_12_17_12_vehicle.csv,189,189,allraw_instability_rescreen_v0_1,secondary,strong_active,all_raw_vehicle_dynamic_onset_non_steering,instability_ay_roll,straight,0,0.0,all_raw_nonsteering_dynamic_onset,50647,253.235,600,400,400,2.0,True,True,361.515,True,True,,253.235,266.215,12.98,50647,53243,100.0,71.98,instability_ay_roll,True,vehicle_instability_allraw__gzj__2025_09_27_12_17_12__000253235,Full raw rescreen. Anchor is derived from non-steering vehicle dynamics (ay/roll_rate). Steering metrics are only response evidence and must not be used to define onset.
instability_allraw_highconf_oldcode_v0_1,gzj::2025_09_27_12_17_12::00190::instability_dynamic_onset,allraw_vehicle_instability_highconf,gzj,test,Entity_Recording_2025_09_27_12_17_12_vehicle.csv,Entity_Recording_2025_09_27_12_17_12_vehicle.csv,F:\data_set_process\data_process\01_datasets\数据预处理\原始车辆数据\gzj\Entity_Recording_2025_09_27_12_17_12_vehicle.csv,190,190,allraw_instability_rescreen_v0_1,secondary,extreme_active,all_raw_vehicle_dynamic_onset_non_steering,instability_ay_roll,straight,0,0.0,all_raw_nonsteering_dynamic_onset,54688,273.44,600,400,400,2.0,True,True,341.31,True,True,,273.44,277.74,4.3,54688,55548,98.31,66.15,instability_ay_roll,True,vehicle_instability_allraw__gzj__2025_09_27_12_17_12__000273440,Full raw rescreen. Anchor is derived from non-steering vehicle dynamics (ay/roll_rate). Steering metrics are only response evidence and must not be used to define onset.
instability_allraw_highconf_oldcode_v0_1,gzj::2025_09_27_12_17_12::00191::instability_dynamic_onset,allraw_vehicle_instability_highconf,gzj,test,Entity_Recording_2025_09_27_12_17_12_vehicle.csv,Entity_Recording_2025_09_27_12_17_12_vehicle.csv,F:\data_set_process\data_process\01_datasets\数据预处理\原始车辆数据\gzj\Entity_Recording_2025_09_27_12_17_12_vehicle.csv,191,191,allraw_instability_rescreen_v0_1,secondary,strong_active,all_raw_vehicle_dynamic_onset_non_steering,instability_ay_roll,straight,1,-0.00018372,all_raw_nonsteering_dynamic_onset,72492,362.46,600,400,400,2.0,True,True,252.29,True,True,,362.46,372.05,9.59,72492,74410,100.0,90.51,instability_ay_roll,True,vehicle_instability_allraw__gzj__2025_09_27_12_17_12__000362460,Full raw rescreen. Anchor is derived from non-steering vehicle dynamics (ay/roll_rate). Steering metrics are only response evidence and must not be used to define onset.
instability_allraw_highconf_oldcode_v0_1,gzj::2025_09_27_12_17_12::00192::instability_dynamic_onset,allraw_vehicle_instability_highconf,gzj,test,Entity_Recording_2025_09_27_12_17_12_vehicle.csv,Entity_Recording_2025_09_27_12_17_12_vehicle.csv,F:\data_set_process\data_process\01_datasets\数据预处理\原始车辆数据\gzj\Entity_Recording_2025_09_27_12_17_12_vehicle.csv,192,192,allraw_instability_rescreen_v0_1,secondary,extreme_active,all_raw_vehicle_dynamic_onset_non_steering,instability_ay_roll,straight,0,0.0,all_raw_nonsteering_dynamic_onset,78518,392.59,600,400,400,2.0,True,True,222.16,True,True,,392.59,405.52,12.93,78518,81104,100.0,85.62,instability_ay_roll,True,vehicle_instability_allraw__gzj__2025_09_27_12_17_12__000392590,Full raw rescreen. Anchor is derived from non-steering vehicle dynamics (ay/roll_rate). Steering metrics are only response evidence and must not be used to define onset.
instability_allraw_highconf_oldcode_v0_1,gzj::2025_09_27_12_17_12::00193::instability_dynamic_onset,allraw_vehicle_instability_highconf,gzj,test,Entity_Recording_2025_09_27_12_17_12_vehicle.csv,Entity_Recording_2025_09_27_12_17_12_vehicle.csv,F:\data_set_process\data_process\01_datasets\数据预处理\原始车辆数据\gzj\Entity_Recording_2025_09_27_12_17_12_vehicle.csv,193,193,allraw_instability_rescreen_v0_1,secondary,strong_active,all_raw_vehicle_dynamic_onset_non_steering,instability_ay_roll,straight,0,-0.0,all_raw_nonsteering_dynamic_onset,97955,489.775,600,400,400,2.0,True,True,124.975,True,True,,489.775,495.265,5.49,97955,99053,100.0,83.12,instability_ay_roll,True,vehicle_instability_allraw__gzj__2025_09_27_12_17_12__000489775,Full raw rescreen. Anchor is derived from non-steering vehicle dynamics (ay/roll_rate). Steering metrics are only response evidence and must not be used to define onset.
instability_allraw_highconf_oldcode_v0_1,gzj::2025_09_27_12_17_12::00194::instability_dynamic_onset,allraw_vehicle_instability_highconf,gzj,test,Entity_Recording_2025_09_27_12_17_12_vehicle.csv,Entity_Recording_2025_09_27_12_17_12_vehicle.csv,F:\data_set_process\data_process\01_datasets\数据预处理\原始车辆数据\gzj\Entity_Recording_2025_09_27_12_17_12_vehicle.csv,194,194,allraw_instability_rescreen_v0_1,secondary,medium_active,all_raw_vehicle_dynamic_onset_non_steering,instability_ay_roll,curve,0,-0.0,all_raw_nonsteering_dynamic_onset,103636,518.18,600,400,400,2.0,True,True,96.57,True,True,,518.18,542.325,24.145,103636,108465,86.92,58.6,instability_ay_roll,True,vehicle_instability_allraw__gzj__2025_09_27_12_17_12__000518180,Full raw rescreen. Anchor is derived from non-steering vehicle dynamics (ay/roll_rate). Steering metrics are only response evidence and must not be used to define onset.
instability_allraw_highconf_oldcode_v0_1,gzj::2025_09_27_12_17_12::00195::instability_dynamic_onset,allraw_vehicle_instability_highconf,gzj,test,Entity_Recording_2025_09_27_12_17_12_vehicle.csv,Entity_Recording_2025_09_27_12_17_12_vehicle.csv,F:\data_set_process\data_process\01_datasets\数据预处理\原始车辆数据\gzj\Entity_Recording_2025_09_27_12_17_12_vehicle.csv,195,195,allraw_instability_rescreen_v0_1,primary,medium_active,all_raw_vehicle_dynamic_onset_non_steering,instability_ay_roll,straight,0,-0.0,all_raw_nonsteering_dynamic_onset,109346,546.73,600,400,400,2.0,True,True,68.02,True,True,,546.73,551.25,4.52,109346,110250,89.99,55.67,instability_ay_roll,True,vehicle_instability_allraw__gzj__2025_09_27_12_17_12__000546730,Full raw rescreen. Anchor is derived from non-steering vehicle dynamics (ay/roll_rate). Steering metrics are only response evidence and must not be used to define onset.
instability_allraw_highconf_oldcode_v0_1,gzj::2025_09_27_12_17_12::00196::instability_dynamic_onset,allraw_vehicle_instability_highconf,gzj,test,Entity_Recording_2025_09_27_12_17_12_vehicle.csv,Entity_Recording_2025_09_27_12_17_12_vehicle.csv,F:\data_set_process\data_process\01_datasets\数据预处理\原始车辆数据\gzj\Entity_Recording_2025_09_27_12_17_12_vehicle.csv,196,196,allraw_instability_rescreen_v0_1,none,instability_strong,all_raw_vehicle_dynamic_onset_non_steering,instability_ay_roll,design_high_risk_surface,0,0.0,all_raw_nonsteering_dynamic_onset,117188,585.94,600,400,400,2.0,True,True,28.81,True,True,,585.94,586.355,0.415,117188,117271,86.14,73.14,instability_ay_roll,True,vehicle_instability_allraw__gzj__2025_09_27_12_17_12__000585940,Full raw rescreen. Anchor is derived from non-steering vehicle dynamics (ay/roll_rate). Steering metrics are only response evidence and must not be used to define onset.
instability_allraw_highconf_oldcode_v0_1,gzj::2025_09_27_12_17_12::00197::instability_dynamic_onset,allraw_vehicle_instability_highconf,gzj,test,Entity_Recording_2025_09_27_12_17_12_vehicle.csv,Entity_Recording_2025_09_27_12_17_12_vehicle.csv,F:\data_set_process\data_process\01_datasets\数据预处理\原始车辆数据\gzj\Entity_Recording_2025_09_27_12_17_12_vehicle.csv,197,197,allraw_instability_rescreen_v0_1,secondary,extreme_active,all_raw_vehicle_dynamic_onset_non_steering,instability_ay_roll,straight,0,0.0,all_raw_nonsteering_dynamic_onset,118550,592.75,600,400,400,2.0,True,True,22.0,True,True,,592.75,606.25,13.5,118550,121250,100.0,94.7,instability_ay_roll,True,vehicle_instability_allraw__gzj__2025_09_27_12_17_12__000592750,Full raw rescreen. Anchor is derived from non-steering vehicle dynamics (ay/roll_rate). Steering metrics are only response evidence and must not be used to define onset.
instability_allraw_highconf_oldcode_v0_1,gzj::2025_09_27_12_28_14::00198::instability_dynamic_onset,allraw_vehicle_instability_highconf,gzj,test,Entity_Recording_2025_09_27_12_28_14_vehicle.csv,Entity_Recording_2025_09_27_12_28_14_vehicle.csv,F:\data_set_process\data_process\01_datasets\数据预处理\原始车辆数据\gzj\Entity_Recording_2025_09_27_12_28_14_vehicle.csv,198,198,allraw_instability_rescreen_v0_1,secondary,extreme_active,all_raw_vehicle_dynamic_onset_non_steering,instability_ay_roll,straight,0,-0.0,all_raw_nonsteering_dynamic_onset,9265,46.325,600,400,400,2.0,True,True,581.16,True,True,,46.325,53.175,6.85,9265,10635,100.0,75.76,instability_ay_roll,True,vehicle_instability_allraw__gzj__2025_09_27_12_28_14__000046325,Full raw rescreen. Anchor is derived from non-steering vehicle dynamics (ay/roll_rate). Steering metrics are only response evidence and must not be used to define onset.
instability_allraw_highconf_oldcode_v0_1,gzj::2025_09_27_12_28_14::00199::instability_dynamic_onset,allraw_vehicle_instability_highconf,gzj,test,Entity_Recording_2025_09_27_12_28_14_vehicle.csv,Entity_Recording_2025_09_27_12_28_14_vehicle.csv,F:\data_set_process\data_process\01_datasets\数据预处理\原始车辆数据\gzj\Entity_Recording_2025_09_27_12_28_14_vehicle.csv,199,199,allraw_instability_rescreen_v0_1,secondary,extreme_active,all_raw_vehicle_dynamic_onset_non_steering,instability_ay_only,straight,0,-0.0,all_raw_nonsteering_dynamic_onset,20244,101.22,600,400,400,2.0,True,True,526.265,True,True,,101.22,101.575,0.355,20244,20315,95.74,65.28,instability_ay_only,True,vehicle_instability_allraw__gzj__2025_09_27_12_28_14__000101220,Full raw rescreen. Anchor is derived from non-steering vehicle dynamics (ay/roll_rate). Steering metrics are only response evidence and must not be used to define onset.
instability_allraw_highconf_oldcode_v0_1,gzj::2025_09_27_12_28_14::00200::instability_dynamic_onset,allraw_vehicle_instability_highconf,gzj,test,Entity_Recording_2025_09_27_12_28_14_vehicle.csv,Entity_Recording_2025_09_27_12_28_14_vehicle.csv,F:\data_set_process\data_process\01_datasets\数据预处理\原始车辆数据\gzj\Entity_Recording_2025_09_27_12_28_14_vehicle.csv,200,200,allraw_instability_rescreen_v0_1,secondary,extreme_active,all_raw_vehicle_dynamic_onset_non_steering,instability_ay_roll,straight,0,0.0,all_raw_nonsteering_dynamic_onset,20898,104.49,600,400,400,2.0,True,True,522.995,True,True,,104.49,112.295,7.805,20898,22459,100.0,83.0,instability_ay_roll,True,vehicle_instability_allraw__gzj__2025_09_27_12_28_14__000104490,Full raw rescreen. Anchor is derived from non-steering vehicle dynamics (ay/roll_rate). Steering metrics are only response evidence and must not be used to define onset.
instability_allraw_highconf_oldcode_v0_1,gzj::2025_09_27_12_28_14::00201::instability_dynamic_onset,allraw_vehicle_instability_highconf,gzj,test,Entity_Recording_2025_09_27_12_28_14_vehicle.csv,Entity_Recording_2025_09_27_12_28_14_vehicle.csv,F:\data_set_process\data_process\01_datasets\数据预处理\原始车辆数据\gzj\Entity_Recording_2025_09_27_12_28_14_vehicle.csv,201,201,allraw_instability_rescreen_v0_1,secondary,extreme_active,all_raw_vehicle_dynamic_onset_non_steering,instability_ay_roll,straight,1,-0.00729802,all_raw_nonsteering_dynamic_onset,30311,151.555,600,400,400,2.0,True,True,475.93,True,True,,151.555,173.93,22.375,30311,34786,100.0,80.83,instability_ay_roll,True,vehicle_instability_allraw__gzj__2025_09_27_12_28_14__000151555,Full raw rescreen. Anchor is derived from non-steering vehicle dynamics (ay/roll_rate). Steering metrics are only response evidence and must not be used to define onset.
instability_allraw_highconf_oldcode_v0_1,gzj::2025_09_27_12_28_14::00202::instability_dynamic_onset,allraw_vehicle_instability_highconf,gzj,test,Entity_Recording_2025_09_27_12_28_14_vehicle.csv,Entity_Recording_2025_09_27_12_28_14_vehicle.csv,F:\data_set_process\data_process\01_datasets\数据预处理\原始车辆数据\gzj\Entity_Recording_2025_09_27_12_28_14_vehicle.csv,202,202,allraw_instability_rescreen_v0_1,secondary,strong_active,all_raw_vehicle_dynamic_onset_non_steering,instability_ay_roll,straight,0,-0.0,all_raw_nonsteering_dynamic_onset,36815,184.075,600,400,400,2.0,True,True,443.41,True,True,,184.075,190.725,6.65,36815,38145,86.65,59.22,instability_ay_roll,True,vehicle_instability_allraw__gzj__2025_09_27_12_28_14__000184075,Full raw rescreen. Anchor is derived from non-steering vehicle dynamics (ay/roll_rate). Steering metrics are only response evidence and must not be used to define onset.
instability_allraw_highconf_oldcode_v0_1,gzj::2025_09_27_12_28_14::00203::instability_dynamic_onset,allraw_vehicle_instability_highconf,gzj,test,Entity_Recording_2025_09_27_12_28_14_vehicle.csv,Entity_Recording_2025_09_27_12_28_14_vehicle.csv,F:\data_set_process\data_process\01_datasets\数据预处理\原始车辆数据\gzj\Entity_Recording_2025_09_27_12_28_14_vehicle.csv,203,203,allraw_instability_rescreen_v0_1,secondary,extreme_active,all_raw_vehicle_dynamic_onset_non_steering,instability_ay_roll,straight,0,0.0,all_raw_nonsteering_dynamic_onset,39696,198.48,600,400,400,2.0,True,True,429.005,True,True,,198.48,209.55,11.07,39696,41910,100.0,75.39,instability_ay_roll,True,vehicle_instability_allraw__gzj__2025_09_27_12_28_14__000198480,Full raw rescreen. Anchor is derived from non-steering vehicle dynamics (ay/roll_rate). Steering metrics are only response evidence and must not be used to define onset.
instability_allraw_highconf_oldcode_v0_1,gzj::2025_09_27_12_28_14::00204::instability_dynamic_onset,allraw_vehicle_instability_highconf,gzj,test,Entity_Recording_2025_09_27_12_28_14_vehicle.csv,Entity_Recording_2025_09_27_12_28_14_vehicle.csv,F:\data_set_process\data_process\01_datasets\数据预处理\原始车辆数据\gzj\Entity_Recording_2025_09_27_12_28_14_vehicle.csv,204,204,allraw_instability_rescreen_v0_1,secondary,extreme_active,all_raw_vehicle_dynamic_onset_non_steering,instability_ay_roll,straight,0,0.0,all_raw_nonsteering_dynamic_onset,42989,214.945,600,400,400,2.0,True,True,412.54,True,True,,214.945,227.035,12.09,42989,45407,100.0,94.02,instability_ay_roll,True,vehicle_instability_allraw__gzj__2025_09_27_12_28_14__000214945,Full raw rescreen. Anchor is derived from non-steering vehicle dynamics (ay/roll_rate). Steering metrics are only response evidence and must not be used to define onset.
instability_allraw_highconf_oldcode_v0_1,gzj::2025_09_27_12_28_14::00205::instability_dynamic_onset,allraw_vehicle_instability_highconf,gzj,test,Entity_Recording_2025_09_27_12_28_14_vehicle.csv,Entity_Recording_2025_09_27_12_28_14_vehicle.csv,F:\data_set_process\data_process\01_datasets\数据预处理\原始车辆数据\gzj\Entity_Recording_2025_09_27_12_28_14_vehicle.csv,205,205,allraw_instability_rescreen_v0_1,secondary,extreme_active,all_raw_vehicle_dynamic_onset_non_steering,instability_ay_roll,straight,0,-0.0,all_raw_nonsteering_dynamic_onset,46237,231.185,600,400,400,2.0,True,True,396.3,True,True,,231.185,240.885,9.7,46237,48177,100.0,86.72,instability_ay_roll,True,vehicle_instability_allraw__gzj__2025_09_27_12_28_14__000231185,Full raw rescreen. Anchor is derived from non-steering vehicle dynamics (ay/roll_rate). Steering metrics are only response evidence and must not be used to define onset.
instability_allraw_highconf_oldcode_v0_1,gzj::2025_09_27_12_28_14::00206::instability_dynamic_onset,allraw_vehicle_instability_highconf,gzj,test,Entity_Recording_2025_09_27_12_28_14_vehicle.csv,Entity_Recording_2025_09_27_12_28_14_vehicle.csv,F:\data_set_process\data_process\01_datasets\数据预处理\原始车辆数据\gzj\Entity_Recording_2025_09_27_12_28_14_vehicle.csv,206,206,allraw_instability_rescreen_v0_1,secondary,extreme_active,all_raw_vehicle_dynamic_onset_non_steering,instability_ay_roll,straight,0,0.0,all_raw_nonsteering_dynamic_onset,61611,308.055,600,400,400,2.0,True,True,319.43,True,True,,308.055,313.6,5.545,61611,62720,100.0,63.7,instability_ay_roll,True,vehicle_instability_allraw__gzj__2025_09_27_12_28_14__000308055,Full raw rescreen. Anchor is derived from non-steering vehicle dynamics (ay/roll_rate). Steering metrics are only response evidence and must not be used to define onset.
instability_allraw_highconf_oldcode_v0_1,gzj::2025_09_27_12_28_14::00207::instability_dynamic_onset,allraw_vehicle_instability_highconf,gzj,test,Entity_Recording_2025_09_27_12_28_14_vehicle.csv,Entity_Recording_2025_09_27_12_28_14_vehicle.csv,F:\data_set_process\data_process\01_datasets\数据预处理\原始车辆数据\gzj\Entity_Recording_2025_09_27_12_28_14_vehicle.csv,207,207,allraw_instability_rescreen_v0_1,secondary,medium_active,all_raw_vehicle_dynamic_onset_non_steering,instability_ay_roll,straight,0,0.0,all_raw_nonsteering_dynamic_onset,66285,331.425,600,400,400,2.0,True,True,296.06,True,True,,331.425,351.28,19.855,66285,70256,100.0,71.98,instability_ay_roll,True,vehicle_instability_allraw__gzj__2025_09_27_12_28_14__000331425,Full raw rescreen. Anchor is derived from non-steering vehicle dynamics (ay/roll_rate). Steering metrics are only response evidence and must not be used to define onset.
instability_allraw_highconf_oldcode_v0_1,gzj::2025_09_27_12_28_14::00208::instability_dynamic_onset,allraw_vehicle_instability_highconf,gzj,test,Entity_Recording_2025_09_27_12_28_14_vehicle.csv,Entity_Recording_2025_09_27_12_28_14_vehicle.csv,F:\data_set_process\data_process\01_datasets\数据预处理\原始车辆数据\gzj\Entity_Recording_2025_09_27_12_28_14_vehicle.csv,208,208,allraw_instability_rescreen_v0_1,secondary,strong_active,all_raw_vehicle_dynamic_onset_non_steering,instability_ay_roll,straight,1,-0.0,all_raw_nonsteering_dynamic_onset,72565,362.825,600,400,400,2.0,True,True,264.66,True,True,,362.825,376.58,13.755,72565,75316,87.08,59.77,instability_ay_roll,True,vehicle_instability_allraw__gzj__2025_09_27_12_28_14__000362825,Full raw rescreen. Anchor is derived from non-steering vehicle dynamics (ay/roll_rate). Steering metrics are only response evidence and must not be used to define onset.
instability_allraw_highconf_oldcode_v0_1,gzj::2025_09_27_12_28_14::00209::instability_dynamic_onset,allraw_vehicle_instability_highconf,gzj,test,Entity_Recording_2025_09_27_12_28_14_vehicle.csv,Entity_Recording_2025_09_27_12_28_14_vehicle.csv,F:\data_set_process\data_process\01_datasets\数据预处理\原始车辆数据\gzj\Entity_Recording_2025_09_27_12_28_14_vehicle.csv,209,209,allraw_instability_rescreen_v0_1,secondary,medium_active,all_raw_vehicle_dynamic_onset_non_steering,instability_ay_roll,straight,1,-0.00010743,all_raw_nonsteering_dynamic_onset,77619,388.095,600,400,400,2.0,True,True,239.39,True,True,,388.095,389.765,1.67,77619,77953,82.12,63.76,instability_ay_roll,True,vehicle_instability_allraw__gzj__2025_09_27_12_28_14__000388095,Full raw rescreen. Anchor is derived from non-steering vehicle dynamics (ay/roll_rate). Steering metrics are only response evidence and must not be used to define onset.
instability_allraw_highconf_oldcode_v0_1,gzj::2025_09_27_12_28_14::00210::instability_dynamic_onset,allraw_vehicle_instability_highconf,gzj,test,Entity_Recording_2025_09_27_12_28_14_vehicle.csv,Entity_Recording_2025_09_27_12_28_14_vehicle.csv,F:\data_set_process\data_process\01_datasets\数据预处理\原始车辆数据\gzj\Entity_Recording_2025_09_27_12_28_14_vehicle.csv,210,210,allraw_instability_rescreen_v0_1,secondary,extreme_active,all_raw_vehicle_dynamic_onset_non_steering,instability_ay_roll,straight,0,0.0,all_raw_nonsteering_dynamic_onset,78636,393.18,600,400,400,2.0,True,True,234.305,True,True,,393.18,401.48,8.3,78636,80296,100.0,78.57,instability_ay_roll,True,vehicle_instability_allraw__gzj__2025_09_27_12_28_14__000393180,Full raw rescreen. Anchor is derived from non-steering vehicle dynamics (ay/roll_rate). Steering metrics are only response evidence and must not be used to define onset.
instability_allraw_highconf_oldcode_v0_1,gzj::2025_09_27_12_28_14::00211::instability_dynamic_onset,allraw_vehicle_instability_highconf,gzj,test,Entity_Recording_2025_09_27_12_28_14_vehicle.csv,Entity_Recording_2025_09_27_12_28_14_vehicle.csv,F:\data_set_process\data_process\01_datasets\数据预处理\原始车辆数据\gzj\Entity_Recording_2025_09_27_12_28_14_vehicle.csv,211,211,allraw_instability_rescreen_v0_1,secondary,extreme_active,all_raw_vehicle_dynamic_onset_non_steering,instability_ay_roll,straight,0,0.0,all_raw_nonsteering_dynamic_onset,83381,416.905,600,400,400,2.0,True,True,210.58,True,True,,416.905,432.835,15.93,83381,86567,100.0,86.29,instability_ay_roll,True,vehicle_instability_allraw__gzj__2025_09_27_12_28_14__000416905,Full raw rescreen. Anchor is derived from non-steering vehicle dynamics (ay/roll_rate). Steering metrics are only response evidence and must not be used to define onset.
instability_allraw_highconf_oldcode_v0_1,gzj::2025_09_27_12_28_14::00212::instability_dynamic_onset,allraw_vehicle_instability_highconf,gzj,test,Entity_Recording_2025_09_27_12_28_14_vehicle.csv,Entity_Recording_2025_09_27_12_28_14_vehicle.csv,F:\data_set_process\data_process\01_datasets\数据预处理\原始车辆数据\gzj\Entity_Recording_2025_09_27_12_28_14_vehicle.csv,212,212,allraw_instability_rescreen_v0_1,secondary,strong_active,all_raw_vehicle_dynamic_onset_non_steering,instability_ay_roll,straight,0,-0.0,all_raw_nonsteering_dynamic_onset,95001,475.005,600,400,400,2.0,True,True,152.48,True,True,,475.005,481.595,6.59,95001,96319,90.54,57.33,instability_ay_roll,True,vehicle_instability_allraw__gzj__2025_09_27_12_28_14__000475005,Full raw rescreen. Anchor is derived from non-steering vehicle dynamics (ay/roll_rate). Steering metrics are only response evidence and must not be used to define onset.
instability_allraw_highconf_oldcode_v0_1,gzj::2025_09_27_12_28_14::00213::instability_dynamic_onset,allraw_vehicle_instability_highconf,gzj,test,Entity_Recording_2025_09_27_12_28_14_vehicle.csv,Entity_Recording_2025_09_27_12_28_14_vehicle.csv,F:\data_set_process\data_process\01_datasets\数据预处理\原始车辆数据\gzj\Entity_Recording_2025_09_27_12_28_14_vehicle.csv,213,213,allraw_instability_rescreen_v0_1,secondary,extreme_active,all_raw_vehicle_dynamic_onset_non_steering,instability_ay_roll,straight,0,0.0,all_raw_nonsteering_dynamic_onset,97395,486.975,600,400,400,2.0,True,True,140.51,True,True,,486.975,516.345,29.37,97395,103269,100.0,80.76,instability_ay_roll,True,vehicle_instability_allraw__gzj__2025_09_27_12_28_14__000486975,Full raw rescreen. Anchor is derived from non-steering vehicle dynamics (ay/roll_rate). Steering metrics are only response evidence and must not be used to define onset.
instability_allraw_highconf_oldcode_v0_1,gzj::2025_09_27_12_28_14::00214::instability_dynamic_onset,allraw_vehicle_instability_highconf,gzj,test,Entity_Recording_2025_09_27_12_28_14_vehicle.csv,Entity_Recording_2025_09_27_12_28_14_vehicle.csv,F:\data_set_process\data_process\01_datasets\数据预处理\原始车辆数据\gzj\Entity_Recording_2025_09_27_12_28_14_vehicle.csv,214,214,allraw_instability_rescreen_v0_1,secondary,strong_active,all_raw_vehicle_dynamic_onset_non_steering,instability_ay_roll,straight,0,0.0,all_raw_nonsteering_dynamic_onset,106203,531.015,600,400,400,2.0,True,True,96.47,True,True,,531.015,559.415,28.4,106203,111883,84.04,57.89,instability_ay_roll,True,vehicle_instability_allraw__gzj__2025_09_27_12_28_14__000531015,Full raw rescreen. Anchor is derived from non-steering vehicle dynamics (ay/roll_rate). Steering metrics are only response evidence and must not be used to define onset.
instability_allraw_highconf_oldcode_v0_1,gzj::2025_09_27_12_28_14::00215::instability_dynamic_onset,allraw_vehicle_instability_highconf,gzj,test,Entity_Recording_2025_09_27_12_28_14_vehicle.csv,Entity_Recording_2025_09_27_12_28_14_vehicle.csv,F:\data_set_process\data_process\01_datasets\数据预处理\原始车辆数据\gzj\Entity_Recording_2025_09_27_12_28_14_vehicle.csv,215,215,allraw_instability_rescreen_v0_1,secondary,weak,all_raw_vehicle_dynamic_onset_non_steering,instability_ay_roll,curve,0,-0.0,all_raw_nonsteering_dynamic_onset,112533,562.665,600,400,400,2.0,True,True,64.82,True,True,,562.665,567.435,4.77,112533,113487,88.74,62.92,instability_ay_roll,True,vehicle_instability_allraw__gzj__2025_09_27_12_28_14__000562665,Full raw rescreen. Anchor is derived from non-steering vehicle dynamics (ay/roll_rate). Steering metrics are only response evidence and must not be used to define onset.
instability_allraw_highconf_oldcode_v0_1,gzj::2025_09_27_12_28_14::00216::instability_dynamic_onset,allraw_vehicle_instability_highconf,gzj,test,Entity_Recording_2025_09_27_12_28_14_vehicle.csv,Entity_Recording_2025_09_27_12_28_14_vehicle.csv,F:\data_set_process\data_process\01_datasets\数据预处理\原始车辆数据\gzj\Entity_Recording_2025_09_27_12_28_14_vehicle.csv,216,216,allraw_instability_rescreen_v0_1,secondary,extreme_active,all_raw_vehicle_dynamic_onset_non_steering,instability_ay_roll,straight,0,0.0,all_raw_nonsteering_dynamic_onset,122785,613.925,600,400,400,2.0,True,True,13.56,True,True,,613.925,626.945,13.02,122785,125389,100.0,94.92,instability_ay_roll,True,vehicle_instability_allraw__gzj__2025_09_27_12_28_14__000613925,Full raw rescreen. Anchor is derived from non-steering vehicle dynamics (ay/roll_rate). Steering metrics are only response evidence and must not be used to define onset.
instability_allraw_highconf_oldcode_v0_1,hzh::2025_09_26_20_50_27::00217::instability_dynamic_onset,allraw_vehicle_instability_highconf,hzh,test,Entity_Recording_2025_09_26_20_50_27_vehicle.csv,Entity_Recording_2025_09_26_20_50_27_vehicle.csv,F:\data_set_process\data_process\01_datasets\数据预处理\原始车辆数据\hzh\Entity_Recording_2025_09_26_20_50_27_vehicle.csv,217,217,allraw_instability_rescreen_v0_1,primary,weak,all_raw_vehicle_dynamic_onset_non_steering,instability_ay_roll,straight,0,-0.0,all_raw_nonsteering_dynamic_onset,6921,34.605,600,400,400,2.0,True,True,696.555,True,True,,34.605,41.775,7.17,6921,8355,72.0,46.07,instability_ay_roll,True,vehicle_instability_allraw__hzh__2025_09_26_20_50_27__000034605,Full raw rescreen. Anchor is derived from non-steering vehicle dynamics (ay/roll_rate). Steering metrics are only response evidence and must not be used to define onset.
instability_allraw_highconf_oldcode_v0_1,hzh::2025_09_26_20_50_27::00218::instability_dynamic_onset,allraw_vehicle_instability_highconf,hzh,test,Entity_Recording_2025_09_26_20_50_27_vehicle.csv,Entity_Recording_2025_09_26_20_50_27_vehicle.csv,F:\data_set_process\data_process\01_datasets\数据预处理\原始车辆数据\hzh\Entity_Recording_2025_09_26_20_50_27_vehicle.csv,218,218,allraw_instability_rescreen_v0_1,secondary,medium_active,all_raw_vehicle_dynamic_onset_non_steering,instability_ay_roll,straight,0,0.0,all_raw_nonsteering_dynamic_onset,12238,61.19,600,400,400,2.0,True,True,669.97,True,True,,61.19,70.88,9.69,12238,14176,76.79,55.52,instability_ay_roll,True,vehicle_instability_allraw__hzh__2025_09_26_20_50_27__000061190,Full raw rescreen. Anchor is derived from non-steering vehicle dynamics (ay/roll_rate). Steering metrics are only response evidence and must not be used to define onset.
instability_allraw_highconf_oldcode_v0_1,hzh::2025_09_26_20_50_27::00219::instability_dynamic_onset,allraw_vehicle_instability_highconf,hzh,test,Entity_Recording_2025_09_26_20_50_27_vehicle.csv,Entity_Recording_2025_09_26_20_50_27_vehicle.csv,F:\data_set_process\data_process\01_datasets\数据预处理\原始车辆数据\hzh\Entity_Recording_2025_09_26_20_50_27_vehicle.csv,219,219,allraw_instability_rescreen_v0_1,secondary,strong_active,all_raw_vehicle_dynamic_onset_non_steering,instability_ay_roll,straight,0,0.0,all_raw_nonsteering_dynamic_onset,19931,99.655,600,400,400,2.0,True,True,631.505,True,True,,99.655,109.225,9.57,19931,21845,84.35,57.78,instability_ay_roll,True,vehicle_instability_allraw__hzh__2025_09_26_20_50_27__000099655,Full raw rescreen. Anchor is derived from non-steering vehicle dynamics (ay/roll_rate). Steering metrics are only response evidence and must not be used to define onset.
instability_allraw_highconf_oldcode_v0_1,hzh::2025_09_26_20_50_27::00220::instability_dynamic_onset,allraw_vehicle_instability_highconf,hzh,test,Entity_Recording_2025_09_26_20_50_27_vehicle.csv,Entity_Recording_2025_09_26_20_50_27_vehicle.csv,F:\data_set_process\data_process\01_datasets\数据预处理\原始车辆数据\hzh\Entity_Recording_2025_09_26_20_50_27_vehicle.csv,220,220,allraw_instability_rescreen_v0_1,primary,strong_active,all_raw_vehicle_dynamic_onset_non_steering,instability_ay_roll,straight,1,0.0,all_raw_nonsteering_dynamic_onset,25739,128.695,600,400,400,2.0,True,True,602.465,True,True,,128.695,137.015,8.32,25739,27403,100.0,67.95,instability_ay_roll,True,vehicle_instability_allraw__hzh__2025_09_26_20_50_27__000128695,Full raw rescreen. Anchor is derived from non-steering vehicle dynamics (ay/roll_rate). Steering metrics are only response evidence and must not be used to define onset.
instability_allraw_highconf_oldcode_v0_1,hzh::2025_09_26_20_50_27::00221::instability_dynamic_onset,allraw_vehicle_instability_highconf,hzh,test,Entity_Recording_2025_09_26_20_50_27_vehicle.csv,Entity_Recording_2025_09_26_20_50_27_vehicle.csv,F:\data_set_process\data_process\01_datasets\数据预处理\原始车辆数据\hzh\Entity_Recording_2025_09_26_20_50_27_vehicle.csv,221,221,allraw_instability_rescreen_v0_1,secondary,extreme_active,all_raw_vehicle_dynamic_onset_non_steering,instability_ay_roll,straight,1,-0.00729802,all_raw_nonsteering_dynamic_onset,29727,148.635,600,400,400,2.0,True,True,582.525,True,True,,148.635,168.98,20.345,29727,33796,100.0,94.36,instability_ay_roll,True,vehicle_instability_allraw__hzh__2025_09_26_20_50_27__000148635,Full raw rescreen. Anchor is derived from non-steering vehicle dynamics (ay/roll_rate). Steering metrics are only response evidence and must not be used to define onset.
instability_allraw_highconf_oldcode_v0_1,hzh::2025_09_26_20_50_27::00222::instability_dynamic_onset,allraw_vehicle_instability_highconf,hzh,test,Entity_Recording_2025_09_26_20_50_27_vehicle.csv,Entity_Recording_2025_09_26_20_50_27_vehicle.csv,F:\data_set_process\data_process\01_datasets\数据预处理\原始车辆数据\hzh\Entity_Recording_2025_09_26_20_50_27_vehicle.csv,222,222,allraw_instability_rescreen_v0_1,secondary,medium_active,all_raw_vehicle_dynamic_onset_non_steering,instability_ay_roll,straight,0,0.0,all_raw_nonsteering_dynamic_onset,37283,186.415,600,400,400,2.0,True,True,544.745,True,True,,186.415,194.125,7.71,37283,38825,94.96,63.22,instability_ay_roll,True,vehicle_instability_allraw__hzh__2025_09_26_20_50_27__000186415,Full raw rescreen. Anchor is derived from non-steering vehicle dynamics (ay/roll_rate). Steering metrics are only response evidence and must not be used to define onset.
instability_allraw_highconf_oldcode_v0_1,hzh::2025_09_26_20_50_27::00223::instability_dynamic_onset,allraw_vehicle_instability_highconf,hzh,test,Entity_Recording_2025_09_26_20_50_27_vehicle.csv,Entity_Recording_2025_09_26_20_50_27_vehicle.csv,F:\data_set_process\data_process\01_datasets\数据预处理\原始车辆数据\hzh\Entity_Recording_2025_09_26_20_50_27_vehicle.csv,223,223,allraw_instability_rescreen_v0_1,primary,medium_active,all_raw_vehicle_dynamic_onset_non_steering,instability_ay_roll,straight,0,0.0,all_raw_nonsteering_dynamic_onset,39769,198.845,600,400,400,2.0,True,True,532.315,True,True,,198.845,207.705,8.86,39769,41541,82.9,56.68,instability_ay_roll,True,vehicle_instability_allraw__hzh__2025_09_26_20_50_27__000198845,Full raw rescreen. Anchor is derived from non-steering vehicle dynamics (ay/roll_rate). Steering metrics are only response evidence and must not be used to define onset.
instability_allraw_highconf_oldcode_v0_1,hzh::2025_09_26_20_50_27::00224::instability_dynamic_onset,allraw_vehicle_instability_highconf,hzh,test,Entity_Recording_2025_09_26_20_50_27_vehicle.csv,Entity_Recording_2025_09_26_20_50_27_vehicle.csv,F:\data_set_process\data_process\01_datasets\数据预处理\原始车辆数据\hzh\Entity_Recording_2025_09_26_20_50_27_vehicle.csv,224,224,allraw_instability_rescreen_v0_1,secondary,strong_active,all_raw_vehicle_dynamic_onset_non_steering,instability_ay_roll,straight,0,0.0,all_raw_nonsteering_dynamic_onset,44321,221.605,600,400,400,2.0,True,True,509.555,True,True,,221.605,237.89,16.285,44321,47578,100.0,89.93,instability_ay_roll,True,vehicle_instability_allraw__hzh__2025_09_26_20_50_27__000221605,Full raw rescreen. Anchor is derived from non-steering vehicle dynamics (ay/roll_rate). Steering metrics are only response evidence and must not be used to define onset.
instability_allraw_highconf_oldcode_v0_1,hzh::2025_09_26_20_50_27::00225::instability_dynamic_onset,allraw_vehicle_instability_highconf,hzh,test,Entity_Recording_2025_09_26_20_50_27_vehicle.csv,Entity_Recording_2025_09_26_20_50_27_vehicle.csv,F:\data_set_process\data_process\01_datasets\数据预处理\原始车辆数据\hzh\Entity_Recording_2025_09_26_20_50_27_vehicle.csv,225,225,allraw_instability_rescreen_v0_1,none,instability_medium,all_raw_vehicle_dynamic_onset_non_steering,instability_roll_only,design_special_event_segment,0,-0.0,all_raw_nonsteering_dynamic_onset,49176,245.88,600,400,400,2.0,True,True,485.28,True,True,,245.88,251.355,5.475,49176,50271,72.0,45.42,instability_roll_only,True,vehicle_instability_allraw__hzh__2025_09_26_20_50_27__000245880,Full raw rescreen. Anchor is derived from non-steering vehicle dynamics (ay/roll_rate). Steering metrics are only response evidence and must not be used to define onset.
instability_allraw_highconf_oldcode_v0_1,hzh::2025_09_26_20_50_27::00226::instability_dynamic_onset,allraw_vehicle_instability_highconf,hzh,test,Entity_Recording_2025_09_26_20_50_27_vehicle.csv,Entity_Recording_2025_09_26_20_50_27_vehicle.csv,F:\data_set_process\data_process\01_datasets\数据预处理\原始车辆数据\hzh\Entity_Recording_2025_09_26_20_50_27_vehicle.csv,226,226,allraw_instability_rescreen_v0_1,none,instability_medium,all_raw_vehicle_dynamic_onset_non_steering,instability_roll_only,design_special_event_segment,0,0.0,all_raw_nonsteering_dynamic_onset,53437,267.185,600,400,400,2.0,True,True,463.975,True,True,,267.185,272.035,4.85,53437,54407,72.0,42.9,instability_roll_only,True,vehicle_instability_allraw__hzh__2025_09_26_20_50_27__000267185,Full raw rescreen. Anchor is derived from non-steering vehicle dynamics (ay/roll_rate). Steering metrics are only response evidence and must not be used to define onset.
instability_allraw_highconf_oldcode_v0_1,hzh::2025_09_26_20_50_27::00227::instability_dynamic_onset,allraw_vehicle_instability_highconf,hzh,test,Entity_Recording_2025_09_26_20_50_27_vehicle.csv,Entity_Recording_2025_09_26_20_50_27_vehicle.csv,F:\data_set_process\data_process\01_datasets\数据预处理\原始车辆数据\hzh\Entity_Recording_2025_09_26_20_50_27_vehicle.csv,227,227,allraw_instability_rescreen_v0_1,primary,extreme_active,all_raw_vehicle_dynamic_onset_non_steering,instability_roll_only,straight,0,0.0,all_raw_nonsteering_dynamic_onset,67487,337.435,600,400,400,2.0,True,True,393.725,True,True,,337.435,339.525,2.09,67487,67905,83.34,43.11,instability_roll_only,True,vehicle_instability_allraw__hzh__2025_09_26_20_50_27__000337435,Full raw rescreen. Anchor is derived from non-steering vehicle dynamics (ay/roll_rate). Steering metrics are only response evidence and must not be used to define onset.
instability_allraw_highconf_oldcode_v0_1,hzh::2025_09_26_20_50_27::00228::instability_dynamic_onset,allraw_vehicle_instability_highconf,hzh,test,Entity_Recording_2025_09_26_20_50_27_vehicle.csv,Entity_Recording_2025_09_26_20_50_27_vehicle.csv,F:\data_set_process\data_process\01_datasets\数据预处理\原始车辆数据\hzh\Entity_Recording_2025_09_26_20_50_27_vehicle.csv,228,228,allraw_instability_rescreen_v0_1,secondary,strong_active,all_raw_vehicle_dynamic_onset_non_steering,instability_ay_roll,straight,0,-0.0,all_raw_nonsteering_dynamic_onset,74997,374.985,600,400,400,2.0,True,True,356.175,True,True,,374.985,380.265,5.28,74997,76053,93.26,55.85,instability_ay_roll,True,vehicle_instability_allraw__hzh__2025_09_26_20_50_27__000374985,Full raw rescreen. Anchor is derived from non-steering vehicle dynamics (ay/roll_rate). Steering metrics are only response evidence and must not be used to define onset.
instability_allraw_highconf_oldcode_v0_1,hzh::2025_09_26_20_50_27::00229::instability_dynamic_onset,allraw_vehicle_instability_highconf,hzh,test,Entity_Recording_2025_09_26_20_50_27_vehicle.csv,Entity_Recording_2025_09_26_20_50_27_vehicle.csv,F:\data_set_process\data_process\01_datasets\数据预处理\原始车辆数据\hzh\Entity_Recording_2025_09_26_20_50_27_vehicle.csv,229,229,allraw_instability_rescreen_v0_1,primary,medium_active,all_raw_vehicle_dynamic_onset_non_steering,instability_ay_roll,straight,0,-0.0,all_raw_nonsteering_dynamic_onset,78939,394.695,600,400,400,2.0,True,True,336.465,True,True,,394.695,398.245,3.55,78939,79649,74.34,53.85,instability_ay_roll,True,vehicle_instability_allraw__hzh__2025_09_26_20_50_27__000394695,Full raw rescreen. Anchor is derived from non-steering vehicle dynamics (ay/roll_rate). Steering metrics are only response evidence and must not be used to define onset.
instability_allraw_highconf_oldcode_v0_1,hzh::2025_09_26_20_50_27::00230::instability_dynamic_onset,allraw_vehicle_instability_highconf,hzh,test,Entity_Recording_2025_09_26_20_50_27_vehicle.csv,Entity_Recording_2025_09_26_20_50_27_vehicle.csv,F:\data_set_process\data_process\01_datasets\数据预处理\原始车辆数据\hzh\Entity_Recording_2025_09_26_20_50_27_vehicle.csv,230,230,allraw_instability_rescreen_v0_1,secondary,medium_active,all_raw_vehicle_dynamic_onset_non_steering,instability_ay_roll,straight,0,0.0,all_raw_nonsteering_dynamic_onset,81002,405.01,600,400,400,2.0,True,True,326.15,True,True,,405.01,431.005,25.995,81002,86201,87.55,61.33,instability_ay_roll,True,vehicle_instability_allraw__hzh__2025_09_26_20_50_27__000405010,Full raw rescreen. Anchor is derived from non-steering vehicle dynamics (ay/roll_rate). Steering metrics are only response evidence and must not be used to define onset.
instability_allraw_highconf_oldcode_v0_1,hzh::2025_09_26_20_50_27::00231::instability_dynamic_onset,allraw_vehicle_instability_highconf,hzh,test,Entity_Recording_2025_09_26_20_50_27_vehicle.csv,Entity_Recording_2025_09_26_20_50_27_vehicle.csv,F:\data_set_process\data_process\01_datasets\数据预处理\原始车辆数据\hzh\Entity_Recording_2025_09_26_20_50_27_vehicle.csv,231,231,allraw_instability_rescreen_v0_1,none,instability_medium,all_raw_vehicle_dynamic_onset_non_steering,instability_ay_only,design_curve_context,1,0.0,all_raw_nonsteering_dynamic_onset,89951,449.755,600,400,400,2.0,True,True,281.405,True,True,,449.755,450.61,0.855,89951,90122,72.0,24.77,instability_ay_only,True,vehicle_instability_allraw__hzh__2025_09_26_20_50_27__000449755,Full raw rescreen. Anchor is derived from non-steering vehicle dynamics (ay/roll_rate). Steering metrics are only response evidence and must not be used to define onset.
instability_allraw_highconf_oldcode_v0_1,hzh::2025_09_26_20_50_27::00232::instability_dynamic_onset,allraw_vehicle_instability_highconf,hzh,test,Entity_Recording_2025_09_26_20_50_27_vehicle.csv,Entity_Recording_2025_09_26_20_50_27_vehicle.csv,F:\data_set_process\data_process\01_datasets\数据预处理\原始车辆数据\hzh\Entity_Recording_2025_09_26_20_50_27_vehicle.csv,232,232,allraw_instability_rescreen_v0_1,none,instability_medium,all_raw_vehicle_dynamic_onset_non_steering,instability_ay_roll,design_curve_context,1,-0.0,all_raw_nonsteering_dynamic_onset,91139,455.695,600,400,400,2.0,True,True,275.465,True,True,,455.695,459.85,4.155,91139,91970,72.0,43.03,instability_ay_roll,True,vehicle_instability_allraw__hzh__2025_09_26_20_50_27__000455695,Full raw rescreen. Anchor is derived from non-steering vehicle dynamics (ay/roll_rate). Steering metrics are only response evidence and must not be used to define onset.
instability_allraw_highconf_oldcode_v0_1,hzh::2025_09_26_20_50_27::00233::instability_dynamic_onset,allraw_vehicle_instability_highconf,hzh,test,Entity_Recording_2025_09_26_20_50_27_vehicle.csv,Entity_Recording_2025_09_26_20_50_27_vehicle.csv,F:\data_set_process\data_process\01_datasets\数据预处理\原始车辆数据\hzh\Entity_Recording_2025_09_26_20_50_27_vehicle.csv,233,233,allraw_instability_rescreen_v0_1,primary,medium_active,all_raw_vehicle_dynamic_onset_non_steering,instability_ay_roll,straight,1,-0.00046808,all_raw_nonsteering_dynamic_onset,94931,474.655,600,400,400,2.0,True,True,256.505,True,True,,474.655,481.295,6.64,94931,96259,83.1,57.87,instability_ay_roll,True,vehicle_instability_allraw__hzh__2025_09_26_20_50_27__000474655,Full raw rescreen. Anchor is derived from non-steering vehicle dynamics (ay/roll_rate). Steering metrics are only response evidence and must not be used to define onset.
instability_allraw_highconf_oldcode_v0_1,hzh::2025_09_26_20_50_27::00234::instability_dynamic_onset,allraw_vehicle_instability_highconf,hzh,test,Entity_Recording_2025_09_26_20_50_27_vehicle.csv,Entity_Recording_2025_09_26_20_50_27_vehicle.csv,F:\data_set_process\data_process\01_datasets\数据预处理\原始车辆数据\hzh\Entity_Recording_2025_09_26_20_50_27_vehicle.csv,234,234,allraw_instability_rescreen_v0_1,secondary,weak,all_raw_vehicle_dynamic_onset_non_steering,instability_ay_roll,straight,0,0.0,all_raw_nonsteering_dynamic_onset,115845,579.225,600,400,400,2.0,True,True,151.935,True,True,,579.225,591.585,12.36,115845,118317,72.81,52.37,instability_ay_roll,True,vehicle_instability_allraw__hzh__2025_09_26_20_50_27__000579225,Full raw rescreen. Anchor is derived from non-steering vehicle dynamics (ay/roll_rate). Steering metrics are only response evidence and must not be used to define onset.
instability_allraw_highconf_oldcode_v0_1,hzh::2025_09_26_20_50_27::00235::instability_dynamic_onset,allraw_vehicle_instability_highconf,hzh,test,Entity_Recording_2025_09_26_20_50_27_vehicle.csv,Entity_Recording_2025_09_26_20_50_27_vehicle.csv,F:\data_set_process\data_process\01_datasets\数据预处理\原始车辆数据\hzh\Entity_Recording_2025_09_26_20_50_27_vehicle.csv,235,235,allraw_instability_rescreen_v0_1,none,instability_medium,all_raw_vehicle_dynamic_onset_non_steering,instability_ay_roll,design_high_risk_surface,0,0.0,all_raw_nonsteering_dynamic_onset,119806,599.03,600,400,400,2.0,True,True,132.13,True,True,,599.03,602.39,3.36,119806,120478,72.0,60.25,instability_ay_roll,True,vehicle_instability_allraw__hzh__2025_09_26_20_50_27__000599030,Full raw rescreen. Anchor is derived from non-steering vehicle dynamics (ay/roll_rate). Steering metrics are only response evidence and must not be used to define onset.
instability_allraw_highconf_oldcode_v0_1,hzh::2025_09_26_20_50_27::00236::instability_dynamic_onset,allraw_vehicle_instability_highconf,hzh,test,Entity_Recording_2025_09_26_20_50_27_vehicle.csv,Entity_Recording_2025_09_26_20_50_27_vehicle.csv,F:\data_set_process\data_process\01_datasets\数据预处理\原始车辆数据\hzh\Entity_Recording_2025_09_26_20_50_27_vehicle.csv,236,236,allraw_instability_rescreen_v0_1,primary,weak,all_raw_vehicle_dynamic_onset_non_steering,instability_ay_roll,curve,0,-0.0,all_raw_nonsteering_dynamic_onset,122073,610.365,600,400,400,2.0,True,True,120.795,True,True,,610.365,612.305,1.94,122073,122461,72.0,50.11,instability_ay_roll,True,vehicle_instability_allraw__hzh__2025_09_26_20_50_27__000610365,Full raw rescreen. Anchor is derived from non-steering vehicle dynamics (ay/roll_rate). Steering metrics are only response evidence and must not be used to define onset.
instability_allraw_highconf_oldcode_v0_1,hzh::2025_09_26_20_50_27::00237::instability_dynamic_onset,allraw_vehicle_instability_highconf,hzh,test,Entity_Recording_2025_09_26_20_50_27_vehicle.csv,Entity_Recording_2025_09_26_20_50_27_vehicle.csv,F:\data_set_process\data_process\01_datasets\数据预处理\原始车辆数据\hzh\Entity_Recording_2025_09_26_20_50_27_vehicle.csv,237,237,allraw_instability_rescreen_v0_1,none,instability_extreme,all_raw_vehicle_dynamic_onset_non_steering,instability_ay_roll,design_high_risk_surface,0,-0.0,all_raw_nonsteering_dynamic_onset,123220,616.1,600,400,400,2.0,True,True,115.06,True,True,,616.1,641.1,25.0,123220,128220,100.0,90.44,instability_ay_roll,True,vehicle_instability_allraw__hzh__2025_09_26_20_50_27__000616100,Full raw rescreen. Anchor is derived from non-steering vehicle dynamics (ay/roll_rate). Steering metrics are only response evidence and must not be used to define onset.
instability_allraw_highconf_oldcode_v0_1,hzh::2025_09_26_20_50_27::00238::instability_dynamic_onset,allraw_vehicle_instability_highconf,hzh,test,Entity_Recording_2025_09_26_20_50_27_vehicle.csv,Entity_Recording_2025_09_26_20_50_27_vehicle.csv,F:\data_set_process\data_process\01_datasets\数据预处理\原始车辆数据\hzh\Entity_Recording_2025_09_26_20_50_27_vehicle.csv,238,238,allraw_instability_rescreen_v0_1,primary,medium_active,all_raw_vehicle_dynamic_onset_non_steering,instability_ay_roll,straight,0,0.0,all_raw_nonsteering_dynamic_onset,129158,645.79,600,400,400,2.0,True,True,85.37,True,True,,645.79,653.88,8.09,129158,130776,78.06,50.89,instability_ay_roll,True,vehicle_instability_allraw__hzh__2025_09_26_20_50_27__000645790,Full raw rescreen. Anchor is derived from non-steering vehicle dynamics (ay/roll_rate). Steering metrics are only response evidence and must not be used to define onset.
instability_allraw_highconf_oldcode_v0_1,hzh::2025_09_26_20_50_27::00239::instability_dynamic_onset,allraw_vehicle_instability_highconf,hzh,test,Entity_Recording_2025_09_26_20_50_27_vehicle.csv,Entity_Recording_2025_09_26_20_50_27_vehicle.csv,F:\data_set_process\data_process\01_datasets\数据预处理\原始车辆数据\hzh\Entity_Recording_2025_09_26_20_50_27_vehicle.csv,239,239,allraw_instability_rescreen_v0_1,primary,medium_active,all_raw_vehicle_dynamic_onset_non_steering,instability_ay_roll,straight,0,0.0,all_raw_nonsteering_dynamic_onset,136250,681.25,600,400,400,2.0,True,True,49.91,True,True,,681.25,686.355,5.105,136250,137271,98.58,66.68,instability_ay_roll,True,vehicle_instability_allraw__hzh__2025_09_26_20_50_27__000681250,Full raw rescreen. Anchor is derived from non-steering vehicle dynamics (ay/roll_rate). Steering metrics are only response evidence and must not be used to define onset.
instability_allraw_highconf_oldcode_v0_1,hzh::2025_09_26_20_50_27::00240::instability_dynamic_onset,allraw_vehicle_instability_highconf,hzh,test,Entity_Recording_2025_09_26_20_50_27_vehicle.csv,Entity_Recording_2025_09_26_20_50_27_vehicle.csv,F:\data_set_process\data_process\01_datasets\数据预处理\原始车辆数据\hzh\Entity_Recording_2025_09_26_20_50_27_vehicle.csv,240,240,allraw_instability_rescreen_v0_1,secondary,weak,all_raw_vehicle_dynamic_onset_non_steering,instability_ay_roll,curve,0,-0.0,all_raw_nonsteering_dynamic_onset,138335,691.675,600,400,400,2.0,True,True,39.485,True,True,,691.675,693.645,1.97,138335,138729,72.0,43.66,instability_ay_roll,True,vehicle_instability_allraw__hzh__2025_09_26_20_50_27__000691675,Full raw rescreen. Anchor is derived from non-steering vehicle dynamics (ay/roll_rate). Steering metrics are only response evidence and must not be used to define onset.
instability_allraw_highconf_oldcode_v0_1,hzh::2025_09_26_20_50_27::00241::instability_dynamic_onset,allraw_vehicle_instability_highconf,hzh,test,Entity_Recording_2025_09_26_20_50_27_vehicle.csv,Entity_Recording_2025_09_26_20_50_27_vehicle.csv,F:\data_set_process\data_process\01_datasets\数据预处理\原始车辆数据\hzh\Entity_Recording_2025_09_26_20_50_27_vehicle.csv,241,241,allraw_instability_rescreen_v0_1,secondary,strong_active,all_raw_vehicle_dynamic_onset_non_steering,instability_ay_roll,curve,0,0.0,all_raw_nonsteering_dynamic_onset,140207,701.035,600,400,400,2.0,True,True,30.125,True,True,,701.035,715.35,14.315,140207,143070,100.0,74.65,instability_ay_roll,True,vehicle_instability_allraw__hzh__2025_09_26_20_50_27__000701035,Full raw rescreen. Anchor is derived from non-steering vehicle dynamics (ay/roll_rate). Steering metrics are only response evidence and must not be used to define onset.
instability_allraw_highconf_oldcode_v0_1,hzh::2025_09_26_21_03_19::00242::instability_dynamic_onset,allraw_vehicle_instability_highconf,hzh,test,Entity_Recording_2025_09_26_21_03_19_vehicle.csv,Entity_Recording_2025_09_26_21_03_19_vehicle.csv,F:\data_set_process\data_process\01_datasets\数据预处理\原始车辆数据\hzh\Entity_Recording_2025_09_26_21_03_19_vehicle.csv,242,242,allraw_instability_rescreen_v0_1,secondary,strong_active,all_raw_vehicle_dynamic_onset_non_steering,instability_ay_roll,straight,0,0.0,all_raw_nonsteering_dynamic_onset,12067,60.335,600,400,400,2.0,True,True,538.245,True,True,,60.335,65.95,5.615,12067,13190,100.0,74.62,instability_ay_roll,True,vehicle_instability_allraw__hzh__2025_09_26_21_03_19__000060335,Full raw rescreen. Anchor is derived from non-steering vehicle dynamics (ay/roll_rate). Steering metrics are only response evidence and must not be used to define onset.
instability_allraw_highconf_oldcode_v0_1,hzh::2025_09_26_21_03_19::00243::instability_dynamic_onset,allraw_vehicle_instability_highconf,hzh,test,Entity_Recording_2025_09_26_21_03_19_vehicle.csv,Entity_Recording_2025_09_26_21_03_19_vehicle.csv,F:\data_set_process\data_process\01_datasets\数据预处理\原始车辆数据\hzh\Entity_Recording_2025_09_26_21_03_19_vehicle.csv,243,243,allraw_instability_rescreen_v0_1,secondary,strong_active,all_raw_vehicle_dynamic_onset_non_steering,instability_ay_roll,straight,0,0.0,all_raw_nonsteering_dynamic_onset,17621,88.105,600,400,400,2.0,True,True,510.475,True,True,,88.105,99.995,11.89,17621,19999,100.0,69.59,instability_ay_roll,True,vehicle_instability_allraw__hzh__2025_09_26_21_03_19__000088105,Full raw rescreen. Anchor is derived from non-steering vehicle dynamics (ay/roll_rate). Steering metrics are only response evidence and must not be used to define onset.
instability_allraw_highconf_oldcode_v0_1,hzh::2025_09_26_21_03_19::00244::instability_dynamic_onset,allraw_vehicle_instability_highconf,hzh,test,Entity_Recording_2025_09_26_21_03_19_vehicle.csv,Entity_Recording_2025_09_26_21_03_19_vehicle.csv,F:\data_set_process\data_process\01_datasets\数据预处理\原始车辆数据\hzh\Entity_Recording_2025_09_26_21_03_19_vehicle.csv,244,244,allraw_instability_rescreen_v0_1,secondary,extreme_active,all_raw_vehicle_dynamic_onset_non_steering,instability_ay_roll,straight,1,-0.00729802,all_raw_nonsteering_dynamic_onset,26901,134.505,600,400,400,2.0,True,True,464.075,True,True,,134.505,151.165,16.66,26901,30233,100.0,94.41,instability_ay_roll,True,vehicle_instability_allraw__hzh__2025_09_26_21_03_19__000134505,Full raw rescreen. Anchor is derived from non-steering vehicle dynamics (ay/roll_rate). Steering metrics are only response evidence and must not be used to define onset.
instability_allraw_highconf_oldcode_v0_1,hzh::2025_09_26_21_03_19::00245::instability_dynamic_onset,allraw_vehicle_instability_highconf,hzh,test,Entity_Recording_2025_09_26_21_03_19_vehicle.csv,Entity_Recording_2025_09_26_21_03_19_vehicle.csv,F:\data_set_process\data_process\01_datasets\数据预处理\原始车辆数据\hzh\Entity_Recording_2025_09_26_21_03_19_vehicle.csv,245,245,allraw_instability_rescreen_v0_1,secondary,strong_active,all_raw_vehicle_dynamic_onset_non_steering,instability_ay_roll,straight,0,0.0,all_raw_nonsteering_dynamic_onset,32176,160.88,600,400,400,2.0,True,True,437.7,True,True,,160.88,193.515,32.635,32176,38703,100.0,77.88,instability_ay_roll,True,vehicle_instability_allraw__hzh__2025_09_26_21_03_19__000160880,Full raw rescreen. Anchor is derived from non-steering vehicle dynamics (ay/roll_rate). Steering metrics are only response evidence and must not be used to define onset.
instability_allraw_highconf_oldcode_v0_1,hzh::2025_09_26_21_03_19::00246::instability_dynamic_onset,allraw_vehicle_instability_highconf,hzh,test,Entity_Recording_2025_09_26_21_03_19_vehicle.csv,Entity_Recording_2025_09_26_21_03_19_vehicle.csv,F:\data_set_process\data_process\01_datasets\数据预处理\原始车辆数据\hzh\Entity_Recording_2025_09_26_21_03_19_vehicle.csv,246,246,allraw_instability_rescreen_v0_1,primary,strong_active,all_raw_vehicle_dynamic_onset_non_steering,instability_ay_roll,straight,0,0.0,all_raw_nonsteering_dynamic_onset,40452,202.26,600,400,400,2.0,True,True,396.32,True,True,,202.26,206.465,4.205,40452,41293,100.0,67.69,instability_ay_roll,True,vehicle_instability_allraw__hzh__2025_09_26_21_03_19__000202260,Full raw rescreen. Anchor is derived from non-steering vehicle dynamics (ay/roll_rate). Steering metrics are only response evidence and must not be used to define onset.
instability_allraw_highconf_oldcode_v0_1,hzh::2025_09_26_21_03_19::00247::instability_dynamic_onset,allraw_vehicle_instability_highconf,hzh,test,Entity_Recording_2025_09_26_21_03_19_vehicle.csv,Entity_Recording_2025_09_26_21_03_19_vehicle.csv,F:\data_set_process\data_process\01_datasets\数据预处理\原始车辆数据\hzh\Entity_Recording_2025_09_26_21_03_19_vehicle.csv,247,247,allraw_instability_rescreen_v0_1,secondary,extreme_active,all_raw_vehicle_dynamic_onset_non_steering,instability_ay_roll,straight,0,-0.0,all_raw_nonsteering_dynamic_onset,44378,221.89,600,400,400,2.0,True,True,376.69,True,True,,221.89,234.64,12.75,44378,46928,100.0,93.23,instability_ay_roll,True,vehicle_instability_allraw__hzh__2025_09_26_21_03_19__000221890,Full raw rescreen. Anchor is derived from non-steering vehicle dynamics (ay/roll_rate). Steering metrics are only response evidence and must not be used to define onset.
instability_allraw_highconf_oldcode_v0_1,hzh::2025_09_26_21_03_19::00248::instability_dynamic_onset,allraw_vehicle_instability_highconf,hzh,test,Entity_Recording_2025_09_26_21_03_19_vehicle.csv,Entity_Recording_2025_09_26_21_03_19_vehicle.csv,F:\data_set_process\data_process\01_datasets\数据预处理\原始车辆数据\hzh\Entity_Recording_2025_09_26_21_03_19_vehicle.csv,248,248,allraw_instability_rescreen_v0_1,secondary,extreme_active,all_raw_vehicle_dynamic_onset_non_steering,instability_ay_roll,straight,0,0.0,all_raw_nonsteering_dynamic_onset,47763,238.815,600,400,400,2.0,True,True,359.765,True,True,,238.815,245.375,6.56,47763,49075,92.02,64.91,instability_ay_roll,True,vehicle_instability_allraw__hzh__2025_09_26_21_03_19__000238815,Full raw rescreen. Anchor is derived from non-steering vehicle dynamics (ay/roll_rate). Steering metrics are only response evidence and must not be used to define onset.
instability_allraw_highconf_oldcode_v0_1,hzh::2025_09_26_21_03_19::00249::instability_dynamic_onset,allraw_vehicle_instability_highconf,hzh,test,Entity_Recording_2025_09_26_21_03_19_vehicle.csv,Entity_Recording_2025_09_26_21_03_19_vehicle.csv,F:\data_set_process\data_process\01_datasets\数据预处理\原始车辆数据\hzh\Entity_Recording_2025_09_26_21_03_19_vehicle.csv,249,249,allraw_instability_rescreen_v0_1,none,instability_extreme,all_raw_vehicle_dynamic_onset_non_steering,instability_ay_roll,design_regular_road,0,-0.0,all_raw_nonsteering_dynamic_onset,56129,280.645,600,400,400,2.0,True,True,317.935,True,True,,280.645,299.645,19.0,56129,59929,100.0,93.45,instability_ay_roll,True,vehicle_instability_allraw__hzh__2025_09_26_21_03_19__000280645,Full raw rescreen. Anchor is derived from non-steering vehicle dynamics (ay/roll_rate). Steering metrics are only response evidence and must not be used to define onset.
instability_allraw_highconf_oldcode_v0_1,hzh::2025_09_26_21_03_19::00250::instability_dynamic_onset,allraw_vehicle_instability_highconf,hzh,test,Entity_Recording_2025_09_26_21_03_19_vehicle.csv,Entity_Recording_2025_09_26_21_03_19_vehicle.csv,F:\data_set_process\data_process\01_datasets\数据预处理\原始车辆数据\hzh\Entity_Recording_2025_09_26_21_03_19_vehicle.csv,250,250,allraw_instability_rescreen_v0_1,secondary,strong_active,all_raw_vehicle_dynamic_onset_non_steering,instability_ay_roll,straight,1,0.0,all_raw_nonsteering_dynamic_onset,62005,310.025,600,400,400,2.0,True,True,288.555,True,True,,310.025,316.605,6.58,62005,63321,100.0,67.7,instability_ay_roll,True,vehicle_instability_allraw__hzh__2025_09_26_21_03_19__000310025,Full raw rescreen. Anchor is derived from non-steering vehicle dynamics (ay/roll_rate). Steering metrics are only response evidence and must not be used to define onset.
instability_allraw_highconf_oldcode_v0_1,hzh::2025_09_26_21_03_19::00251::instability_dynamic_onset,allraw_vehicle_instability_highconf,hzh,test,Entity_Recording_2025_09_26_21_03_19_vehicle.csv,Entity_Recording_2025_09_26_21_03_19_vehicle.csv,F:\data_set_process\data_process\01_datasets\数据预处理\原始车辆数据\hzh\Entity_Recording_2025_09_26_21_03_19_vehicle.csv,251,251,allraw_instability_rescreen_v0_1,secondary,strong_active,all_raw_vehicle_dynamic_onset_non_steering,instability_ay_roll,straight,1,-0.0,all_raw_nonsteering_dynamic_onset,64160,320.8,600,400,400,2.0,True,True,277.78,True,True,,320.8,323.39,2.59,64160,64678,86.58,65.54,instability_ay_roll,True,vehicle_instability_allraw__hzh__2025_09_26_21_03_19__000320800,Full raw rescreen. Anchor is derived from non-steering vehicle dynamics (ay/roll_rate). Steering metrics are only response evidence and must not be used to define onset.
instability_allraw_highconf_oldcode_v0_1,hzh::2025_09_26_21_03_19::00252::instability_dynamic_onset,allraw_vehicle_instability_highconf,hzh,test,Entity_Recording_2025_09_26_21_03_19_vehicle.csv,Entity_Recording_2025_09_26_21_03_19_vehicle.csv,F:\data_set_process\data_process\01_datasets\数据预处理\原始车辆数据\hzh\Entity_Recording_2025_09_26_21_03_19_vehicle.csv,252,252,allraw_instability_rescreen_v0_1,primary,strong_active,all_raw_vehicle_dynamic_onset_non_steering,instability_ay_roll,straight,1,0.0,all_raw_nonsteering_dynamic_onset,65240,326.2,600,400,400,2.0,True,True,272.38,True,True,,326.2,331.265,5.065,65240,66253,99.2,65.91,instability_ay_roll,True,vehicle_instability_allraw__hzh__2025_09_26_21_03_19__000326200,Full raw rescreen. Anchor is derived from non-steering vehicle dynamics (ay/roll_rate). Steering metrics are only response evidence and must not be used to define onset.
instability_allraw_highconf_oldcode_v0_1,hzh::2025_09_26_21_03_19::00253::instability_dynamic_onset,allraw_vehicle_instability_highconf,hzh,test,Entity_Recording_2025_09_26_21_03_19_vehicle.csv,Entity_Recording_2025_09_26_21_03_19_vehicle.csv,F:\data_set_process\data_process\01_datasets\数据预处理\原始车辆数据\hzh\Entity_Recording_2025_09_26_21_03_19_vehicle.csv,253,253,allraw_instability_rescreen_v0_1,primary,strong_active,all_raw_vehicle_dynamic_onset_non_steering,instability_ay_roll,straight,0,0.0,all_raw_nonsteering_dynamic_onset,68379,341.895,600,400,400,2.0,True,True,256.685,True,True,,341.895,347.015,5.12,68379,69403,100.0,69.16,instability_ay_roll,True,vehicle_instability_allraw__hzh__2025_09_26_21_03_19__000341895,Full raw rescreen. Anchor is derived from non-steering vehicle dynamics (ay/roll_rate). Steering metrics are only response evidence and must not be used to define onset.
instability_allraw_highconf_oldcode_v0_1,hzh::2025_09_26_21_03_19::00254::instability_dynamic_onset,allraw_vehicle_instability_highconf,hzh,test,Entity_Recording_2025_09_26_21_03_19_vehicle.csv,Entity_Recording_2025_09_26_21_03_19_vehicle.csv,F:\data_set_process\data_process\01_datasets\数据预处理\原始车辆数据\hzh\Entity_Recording_2025_09_26_21_03_19_vehicle.csv,254,254,allraw_instability_rescreen_v0_1,secondary,strong_active,all_raw_vehicle_dynamic_onset_non_steering,instability_ay_roll,straight,0,0.0,all_raw_nonsteering_dynamic_onset,72118,360.59,600,400,400,2.0,True,True,237.99,True,True,,360.59,373.41,12.82,72118,74682,100.0,73.82,instability_ay_roll,True,vehicle_instability_allraw__hzh__2025_09_26_21_03_19__000360590,Full raw rescreen. Anchor is derived from non-steering vehicle dynamics (ay/roll_rate). Steering metrics are only response evidence and must not be used to define onset.
instability_allraw_highconf_oldcode_v0_1,hzh::2025_09_26_21_03_19::00255::instability_dynamic_onset,allraw_vehicle_instability_highconf,hzh,test,Entity_Recording_2025_09_26_21_03_19_vehicle.csv,Entity_Recording_2025_09_26_21_03_19_vehicle.csv,F:\data_set_process\data_process\01_datasets\数据预处理\原始车辆数据\hzh\Entity_Recording_2025_09_26_21_03_19_vehicle.csv,255,255,allraw_instability_rescreen_v0_1,secondary,strong_active,all_raw_vehicle_dynamic_onset_non_steering,instability_ay_roll,straight,0,0.0,all_raw_nonsteering_dynamic_onset,99296,496.48,600,400,400,2.0,True,True,102.1,True,True,,496.48,502.025,5.545,99296,100405,89.27,56.25,instability_ay_roll,True,vehicle_instability_allraw__hzh__2025_09_26_21_03_19__000496480,Full raw rescreen. Anchor is derived from non-steering vehicle dynamics (ay/roll_rate). Steering metrics are only response evidence and must not be used to define onset.
instability_allraw_highconf_oldcode_v0_1,hzh::2025_09_26_21_03_19::00256::instability_dynamic_onset,allraw_vehicle_instability_highconf,hzh,test,Entity_Recording_2025_09_26_21_03_19_vehicle.csv,Entity_Recording_2025_09_26_21_03_19_vehicle.csv,F:\data_set_process\data_process\01_datasets\数据预处理\原始车辆数据\hzh\Entity_Recording_2025_09_26_21_03_19_vehicle.csv,256,256,allraw_instability_rescreen_v0_1,secondary,medium_active,all_raw_vehicle_dynamic_onset_non_steering,instability_ay_roll,straight,0,-0.0,all_raw_nonsteering_dynamic_onset,100932,504.66,600,400,400,2.0,True,True,93.92,True,True,,504.66,513.32,8.66,100932,102664,90.09,56.02,instability_ay_roll,True,vehicle_instability_allraw__hzh__2025_09_26_21_03_19__000504660,Full raw rescreen. Anchor is derived from non-steering vehicle dynamics (ay/roll_rate). Steering metrics are only response evidence and must not be used to define onset.
instability_allraw_highconf_oldcode_v0_1,hzh::2025_09_26_21_03_19::00257::instability_dynamic_onset,allraw_vehicle_instability_highconf,hzh,test,Entity_Recording_2025_09_26_21_03_19_vehicle.csv,Entity_Recording_2025_09_26_21_03_19_vehicle.csv,F:\data_set_process\data_process\01_datasets\数据预处理\原始车辆数据\hzh\Entity_Recording_2025_09_26_21_03_19_vehicle.csv,257,257,allraw_instability_rescreen_v0_1,primary,medium_active,all_raw_vehicle_dynamic_onset_non_steering,instability_ay_roll,curve,0,-0.0,all_raw_nonsteering_dynamic_onset,111782,558.91,600,400,400,2.0,True,True,39.67,True,True,,558.91,566.06,7.15,111782,113212,87.16,59.53,instability_ay_roll,True,vehicle_instability_allraw__hzh__2025_09_26_21_03_19__000558910,Full raw rescreen. Anchor is derived from non-steering vehicle dynamics (ay/roll_rate). Steering metrics are only response evidence and must not be used to define onset.
instability_allraw_highconf_oldcode_v0_1,hzh::2025_09_26_21_17_02::00258::instability_dynamic_onset,allraw_vehicle_instability_highconf,hzh,test,Entity_Recording_2025_09_26_21_17_02_vehicle.csv,Entity_Recording_2025_09_26_21_17_02_vehicle.csv,F:\data_set_process\data_process\01_datasets\数据预处理\原始车辆数据\hzh\Entity_Recording_2025_09_26_21_17_02_vehicle.csv,258,258,allraw_instability_rescreen_v0_1,primary,medium_active,all_raw_vehicle_dynamic_onset_non_steering,instability_ay_roll,straight,0,0.0,all_raw_nonsteering_dynamic_onset,8742,43.71,600,400,400,2.0,True,True,620.88,True,True,,43.71,53.355,9.645,8742,10671,86.09,58.34,instability_ay_roll,True,vehicle_instability_allraw__hzh__2025_09_26_21_17_02__000043710,Full raw rescreen. Anchor is derived from non-steering vehicle dynamics (ay/roll_rate). Steering metrics are only response evidence and must not be used to define onset.
instability_allraw_highconf_oldcode_v0_1,hzh::2025_09_26_21_17_02::00259::instability_dynamic_onset,allraw_vehicle_instability_highconf,hzh,test,Entity_Recording_2025_09_26_21_17_02_vehicle.csv,Entity_Recording_2025_09_26_21_17_02_vehicle.csv,F:\data_set_process\data_process\01_datasets\数据预处理\原始车辆数据\hzh\Entity_Recording_2025_09_26_21_17_02_vehicle.csv,259,259,allraw_instability_rescreen_v0_1,secondary,medium_active,all_raw_vehicle_dynamic_onset_non_steering,instability_ay_roll,straight,0,0.0,all_raw_nonsteering_dynamic_onset,22046,110.23,600,400,400,2.0,True,True,554.36,True,True,,110.23,117.8,7.57,22046,23560,89.33,58.79,instability_ay_roll,True,vehicle_instability_allraw__hzh__2025_09_26_21_17_02__000110230,Full raw rescreen. Anchor is derived from non-steering vehicle dynamics (ay/roll_rate). Steering metrics are only response evidence and must not be used to define onset.
instability_allraw_highconf_oldcode_v0_1,hzh::2025_09_26_21_17_02::00260::instability_dynamic_onset,allraw_vehicle_instability_highconf,hzh,test,Entity_Recording_2025_09_26_21_17_02_vehicle.csv,Entity_Recording_2025_09_26_21_17_02_vehicle.csv,F:\data_set_process\data_process\01_datasets\数据预处理\原始车辆数据\hzh\Entity_Recording_2025_09_26_21_17_02_vehicle.csv,260,260,allraw_instability_rescreen_v0_1,secondary,weak,all_raw_vehicle_dynamic_onset_non_steering,instability_ay_roll,curve,1,-0.00729802,all_raw_nonsteering_dynamic_onset,32999,164.995,600,400,400,2.0,True,True,499.595,True,True,,164.995,185.575,20.58,32999,37115,100.0,93.74,instability_ay_roll,True,vehicle_instability_allraw__hzh__2025_09_26_21_17_02__000164995,Full raw rescreen. Anchor is derived from non-steering vehicle dynamics (ay/roll_rate). Steering metrics are only response evidence and must not be used to define onset.
instability_allraw_highconf_oldcode_v0_1,hzh::2025_09_26_21_17_02::00261::instability_dynamic_onset,allraw_vehicle_instability_highconf,hzh,test,Entity_Recording_2025_09_26_21_17_02_vehicle.csv,Entity_Recording_2025_09_26_21_17_02_vehicle.csv,F:\data_set_process\data_process\01_datasets\数据预处理\原始车辆数据\hzh\Entity_Recording_2025_09_26_21_17_02_vehicle.csv,261,261,allraw_instability_rescreen_v0_1,primary,strong_active,all_raw_vehicle_dynamic_onset_non_steering,instability_ay_roll,straight,0,-0.0,all_raw_nonsteering_dynamic_onset,39917,199.585,600,400,400,2.0,True,True,465.005,True,True,,199.585,207.635,8.05,39917,41527,85.58,54.59,instability_ay_roll,True,vehicle_instability_allraw__hzh__2025_09_26_21_17_02__000199585,Full raw rescreen. Anchor is derived from non-steering vehicle dynamics (ay/roll_rate). Steering metrics are only response evidence and must not be used to define onset.
instability_allraw_highconf_oldcode_v0_1,hzh::2025_09_26_21_17_02::00262::instability_dynamic_onset,allraw_vehicle_instability_highconf,hzh,test,Entity_Recording_2025_09_26_21_17_02_vehicle.csv,Entity_Recording_2025_09_26_21_17_02_vehicle.csv,F:\data_set_process\data_process\01_datasets\数据预处理\原始车辆数据\hzh\Entity_Recording_2025_09_26_21_17_02_vehicle.csv,262,262,allraw_instability_rescreen_v0_1,none,instability_extreme,all_raw_vehicle_dynamic_onset_non_steering,instability_ay_roll,design_regular_road,0,0.0,all_raw_nonsteering_dynamic_onset,65668,328.34,600,400,400,2.0,True,True,336.25,True,True,,328.34,346.735,18.395,65668,69347,100.0,91.51,instability_ay_roll,True,vehicle_instability_allraw__hzh__2025_09_26_21_17_02__000328340,Full raw rescreen. Anchor is derived from non-steering vehicle dynamics (ay/roll_rate). Steering metrics are only response evidence and must not be used to define onset.
instability_allraw_highconf_oldcode_v0_1,hzh::2025_09_26_21_17_02::00263::instability_dynamic_onset,allraw_vehicle_instability_highconf,hzh,test,Entity_Recording_2025_09_26_21_17_02_vehicle.csv,Entity_Recording_2025_09_26_21_17_02_vehicle.csv,F:\data_set_process\data_process\01_datasets\数据预处理\原始车辆数据\hzh\Entity_Recording_2025_09_26_21_17_02_vehicle.csv,263,263,allraw_instability_rescreen_v0_1,secondary,medium_active,all_raw_vehicle_dynamic_onset_non_steering,instability_ay_roll,straight,0,-0.0,all_raw_nonsteering_dynamic_onset,79503,397.515,600,400,400,2.0,True,True,267.075,True,True,,397.515,401.98,4.465,79503,80396,100.0,78.48,instability_ay_roll,True,vehicle_instability_allraw__hzh__2025_09_26_21_17_02__000397515,Full raw rescreen. Anchor is derived from non-steering vehicle dynamics (ay/roll_rate). Steering metrics are only response evidence and must not be used to define onset.
instability_allraw_highconf_oldcode_v0_1,hzh::2025_09_26_21_17_02::00264::instability_dynamic_onset,allraw_vehicle_instability_highconf,hzh,test,Entity_Recording_2025_09_26_21_17_02_vehicle.csv,Entity_Recording_2025_09_26_21_17_02_vehicle.csv,F:\data_set_process\data_process\01_datasets\数据预处理\原始车辆数据\hzh\Entity_Recording_2025_09_26_21_17_02_vehicle.csv,264,264,allraw_instability_rescreen_v0_1,secondary,extreme_active,all_raw_vehicle_dynamic_onset_non_steering,instability_ay_roll,straight,0,0.0,all_raw_nonsteering_dynamic_onset,84499,422.495,600,400,400,2.0,True,True,242.095,True,True,,422.495,429.015,6.52,84499,85803,100.0,64.97,instability_ay_roll,True,vehicle_instability_allraw__hzh__2025_09_26_21_17_02__000422495,Full raw rescreen. Anchor is derived from non-steering vehicle dynamics (ay/roll_rate). Steering metrics are only response evidence and must not be used to define onset.
instability_allraw_highconf_oldcode_v0_1,hzh::2025_09_27_19_22_27::00265::instability_dynamic_onset,allraw_vehicle_instability_highconf,hzh,test,Entity_Recording_2025_09_27_19_22_27_vehicle.csv,Entity_Recording_2025_09_27_19_22_27_vehicle.csv,F:\data_set_process\data_process\01_datasets\数据预处理\原始车辆数据\hzh\Entity_Recording_2025_09_27_19_22_27_vehicle.csv,265,265,allraw_instability_rescreen_v0_1,secondary,extreme_active,all_raw_vehicle_dynamic_onset_non_steering,instability_ay_roll,straight,0,0.0,all_raw_nonsteering_dynamic_onset,10955,54.775,600,400,400,2.0,True,True,522.175,True,True,,54.775,62.955,8.18,10955,12591,100.0,94.4,instability_ay_roll,True,vehicle_instability_allraw__hzh__2025_09_27_19_22_27__000054775,Full raw rescreen. Anchor is derived from non-steering vehicle dynamics (ay/roll_rate). Steering metrics are only response evidence and must not be used to define onset.
instability_allraw_highconf_oldcode_v0_1,hzh::2025_09_27_19_22_27::00266::instability_dynamic_onset,allraw_vehicle_instability_highconf,hzh,test,Entity_Recording_2025_09_27_19_22_27_vehicle.csv,Entity_Recording_2025_09_27_19_22_27_vehicle.csv,F:\data_set_process\data_process\01_datasets\数据预处理\原始车辆数据\hzh\Entity_Recording_2025_09_27_19_22_27_vehicle.csv,266,266,allraw_instability_rescreen_v0_1,secondary,extreme_active,all_raw_vehicle_dynamic_onset_non_steering,instability_ay_roll,straight,0,0.0,all_raw_nonsteering_dynamic_onset,14790,73.95,600,400,400,2.0,True,True,503.0,True,True,,73.95,77.595,3.645,14790,15519,100.0,92.37,instability_ay_roll,True,vehicle_instability_allraw__hzh__2025_09_27_19_22_27__000073950,Full raw rescreen. Anchor is derived from non-steering vehicle dynamics (ay/roll_rate). Steering metrics are only response evidence and must not be used to define onset.
instability_allraw_highconf_oldcode_v0_1,hzh::2025_09_27_19_22_27::00267::instability_dynamic_onset,allraw_vehicle_instability_highconf,hzh,test,Entity_Recording_2025_09_27_19_22_27_vehicle.csv,Entity_Recording_2025_09_27_19_22_27_vehicle.csv,F:\data_set_process\data_process\01_datasets\数据预处理\原始车辆数据\hzh\Entity_Recording_2025_09_27_19_22_27_vehicle.csv,267,267,allraw_instability_rescreen_v0_1,secondary,extreme_active,all_raw_vehicle_dynamic_onset_non_steering,instability_ay_roll,straight,1,-0.00729802,all_raw_nonsteering_dynamic_onset,30743,153.715,600,400,400,2.0,True,True,423.235,True,True,,153.715,172.11,18.395,30743,34422,100.0,94.57,instability_ay_roll,True,vehicle_instability_allraw__hzh__2025_09_27_19_22_27__000153715,Full raw rescreen. Anchor is derived from non-steering vehicle dynamics (ay/roll_rate). Steering metrics are only response evidence and must not be used to define onset.
instability_allraw_highconf_oldcode_v0_1,hzh::2025_09_27_19_22_27::00268::instability_dynamic_onset,allraw_vehicle_instability_highconf,hzh,test,Entity_Recording_2025_09_27_19_22_27_vehicle.csv,Entity_Recording_2025_09_27_19_22_27_vehicle.csv,F:\data_set_process\data_process\01_datasets\数据预处理\原始车辆数据\hzh\Entity_Recording_2025_09_27_19_22_27_vehicle.csv,268,268,allraw_instability_rescreen_v0_1,primary,strong_active,all_raw_vehicle_dynamic_onset_non_steering,instability_ay_roll,straight,0,0.0,all_raw_nonsteering_dynamic_onset,38703,193.515,600,400,400,2.0,True,True,383.435,True,True,,193.515,196.185,2.67,38703,39237,89.23,60.55,instability_ay_roll,True,vehicle_instability_allraw__hzh__2025_09_27_19_22_27__000193515,Full raw rescreen. Anchor is derived from non-steering vehicle dynamics (ay/roll_rate). Steering metrics are only response evidence and must not be used to define onset.
instability_allraw_highconf_oldcode_v0_1,hzh::2025_09_27_19_22_27::00269::instability_dynamic_onset,allraw_vehicle_instability_highconf,hzh,test,Entity_Recording_2025_09_27_19_22_27_vehicle.csv,Entity_Recording_2025_09_27_19_22_27_vehicle.csv,F:\data_set_process\data_process\01_datasets\数据预处理\原始车辆数据\hzh\Entity_Recording_2025_09_27_19_22_27_vehicle.csv,269,269,allraw_instability_rescreen_v0_1,secondary,extreme_active,all_raw_vehicle_dynamic_onset_non_steering,instability_ay_roll,curve,0,0.0,all_raw_nonsteering_dynamic_onset,60262,301.31,600,400,400,2.0,True,True,275.64,True,True,,301.31,316.75,15.44,60262,63350,100.0,93.38,instability_ay_roll,True,vehicle_instability_allraw__hzh__2025_09_27_19_22_27__000301310,Full raw rescreen. Anchor is derived from non-steering vehicle dynamics (ay/roll_rate). Steering metrics are only response evidence and must not be used to define onset.
instability_allraw_highconf_oldcode_v0_1,hzh::2025_09_27_19_22_27::00270::instability_dynamic_onset,allraw_vehicle_instability_highconf,hzh,test,Entity_Recording_2025_09_27_19_22_27_vehicle.csv,Entity_Recording_2025_09_27_19_22_27_vehicle.csv,F:\data_set_process\data_process\01_datasets\数据预处理\原始车辆数据\hzh\Entity_Recording_2025_09_27_19_22_27_vehicle.csv,270,270,allraw_instability_rescreen_v0_1,secondary,strong_active,all_raw_vehicle_dynamic_onset_non_steering,instability_ay_roll,straight,1,-0.0,all_raw_nonsteering_dynamic_onset,66342,331.71,600,400,400,2.0,True,True,245.24,True,True,,331.71,338.675,6.965,66342,67735,100.0,71.77,instability_ay_roll,True,vehicle_instability_allraw__hzh__2025_09_27_19_22_27__000331710,Full raw rescreen. Anchor is derived from non-steering vehicle dynamics (ay/roll_rate). Steering metrics are only response evidence and must not be used to define onset.
instability_allraw_highconf_oldcode_v0_1,hzh::2025_09_27_19_22_27::00271::instability_dynamic_onset,allraw_vehicle_instability_highconf,hzh,test,Entity_Recording_2025_09_27_19_22_27_vehicle.csv,Entity_Recording_2025_09_27_19_22_27_vehicle.csv,F:\data_set_process\data_process\01_datasets\数据预处理\原始车辆数据\hzh\Entity_Recording_2025_09_27_19_22_27_vehicle.csv,271,271,allraw_instability_rescreen_v0_1,primary,strong_active,all_raw_vehicle_dynamic_onset_non_steering,instability_ay_roll,straight,0,-0.0,all_raw_nonsteering_dynamic_onset,71942,359.71,600,400,400,2.0,True,True,217.24,True,True,,359.71,362.14,2.43,71942,72428,98.15,68.05,instability_ay_roll,True,vehicle_instability_allraw__hzh__2025_09_27_19_22_27__000359710,Full raw rescreen. Anchor is derived from non-steering vehicle dynamics (ay/roll_rate). Steering metrics are only response evidence and must not be used to define onset.
instability_allraw_highconf_oldcode_v0_1,hzh::2025_09_27_19_22_27::00272::instability_dynamic_onset,allraw_vehicle_instability_highconf,hzh,test,Entity_Recording_2025_09_27_19_22_27_vehicle.csv,Entity_Recording_2025_09_27_19_22_27_vehicle.csv,F:\data_set_process\data_process\01_datasets\数据预处理\原始车辆数据\hzh\Entity_Recording_2025_09_27_19_22_27_vehicle.csv,272,272,allraw_instability_rescreen_v0_1,secondary,medium_active,all_raw_vehicle_dynamic_onset_non_steering,instability_ay_roll,straight,0,0.0,all_raw_nonsteering_dynamic_onset,75466,377.33,600,400,400,2.0,True,True,199.62,True,True,,377.33,379.605,2.275,75466,75921,83.83,66.4,instability_ay_roll,True,vehicle_instability_allraw__hzh__2025_09_27_19_22_27__000377330,Full raw rescreen. Anchor is derived from non-steering vehicle dynamics (ay/roll_rate). Steering metrics are only response evidence and must not be used to define onset.
instability_allraw_highconf_oldcode_v0_1,hzh::2025_09_27_19_22_27::00273::instability_dynamic_onset,allraw_vehicle_instability_highconf,hzh,test,Entity_Recording_2025_09_27_19_22_27_vehicle.csv,Entity_Recording_2025_09_27_19_22_27_vehicle.csv,F:\data_set_process\data_process\01_datasets\数据预处理\原始车辆数据\hzh\Entity_Recording_2025_09_27_19_22_27_vehicle.csv,273,273,allraw_instability_rescreen_v0_1,secondary,strong_active,all_raw_vehicle_dynamic_onset_non_steering,instability_ay_roll,straight,0,0.0,all_raw_nonsteering_dynamic_onset,76501,382.505,600,400,400,2.0,True,True,194.445,True,True,,382.505,392.075,9.57,76501,78415,98.95,68.04,instability_ay_roll,True,vehicle_instability_allraw__hzh__2025_09_27_19_22_27__000382505,Full raw rescreen. Anchor is derived from non-steering vehicle dynamics (ay/roll_rate). Steering metrics are only response evidence and must not be used to define onset.
instability_allraw_highconf_oldcode_v0_1,hzh::2025_09_27_19_22_27::00274::instability_dynamic_onset,allraw_vehicle_instability_highconf,hzh,test,Entity_Recording_2025_09_27_19_22_27_vehicle.csv,Entity_Recording_2025_09_27_19_22_27_vehicle.csv,F:\data_set_process\data_process\01_datasets\数据预处理\原始车辆数据\hzh\Entity_Recording_2025_09_27_19_22_27_vehicle.csv,274,274,allraw_instability_rescreen_v0_1,secondary,strong_active,all_raw_vehicle_dynamic_onset_non_steering,instability_ay_roll,straight,0,0.0,all_raw_nonsteering_dynamic_onset,91586,457.93,600,400,400,2.0,True,True,119.02,True,True,,457.93,466.905,8.975,91586,93381,89.49,55.33,instability_ay_roll,True,vehicle_instability_allraw__hzh__2025_09_27_19_22_27__000457930,Full raw rescreen. Anchor is derived from non-steering vehicle dynamics (ay/roll_rate). Steering metrics are only response evidence and must not be used to define onset.
instability_allraw_highconf_oldcode_v0_1,hzh::2025_09_27_19_22_27::00275::instability_dynamic_onset,allraw_vehicle_instability_highconf,hzh,test,Entity_Recording_2025_09_27_19_22_27_vehicle.csv,Entity_Recording_2025_09_27_19_22_27_vehicle.csv,F:\data_set_process\data_process\01_datasets\数据预处理\原始车辆数据\hzh\Entity_Recording_2025_09_27_19_22_27_vehicle.csv,275,275,allraw_instability_rescreen_v0_1,secondary,weak,all_raw_vehicle_dynamic_onset_non_steering,instability_ay_roll,straight,0,0.0,all_raw_nonsteering_dynamic_onset,111309,556.545,600,400,400,2.0,True,True,20.405,True,True,,556.545,573.81,17.265,111309,114762,100.0,93.3,instability_ay_roll,True,vehicle_instability_allraw__hzh__2025_09_27_19_22_27__000556545,Full raw rescreen. Anchor is derived from non-steering vehicle dynamics (ay/roll_rate). Steering metrics are only response evidence and must not be used to define onset.
instability_allraw_highconf_oldcode_v0_1,hzh::2025_09_27_19_33_25::00276::instability_dynamic_onset,allraw_vehicle_instability_highconf,hzh,test,Entity_Recording_2025_09_27_19_33_25_vehicle.csv,Entity_Recording_2025_09_27_19_33_25_vehicle.csv,F:\data_set_process\data_process\01_datasets\数据预处理\原始车辆数据\hzh\Entity_Recording_2025_09_27_19_33_25_vehicle.csv,276,276,allraw_instability_rescreen_v0_1,primary,strong_active,all_raw_vehicle_dynamic_onset_non_steering,instability_ay_roll,straight,0,0.0,all_raw_nonsteering_dynamic_onset,11872,59.36,600,400,400,2.0,True,True,506.095,True,True,,59.36,64.025,4.665,11872,12805,95.6,63.34,instability_ay_roll,True,vehicle_instability_allraw__hzh__2025_09_27_19_33_25__000059360,Full raw rescreen. Anchor is derived from non-steering vehicle dynamics (ay/roll_rate). Steering metrics are only response evidence and must not be used to define onset.
instability_allraw_highconf_oldcode_v0_1,hzh::2025_09_27_19_33_25::00277::instability_dynamic_onset,allraw_vehicle_instability_highconf,hzh,test,Entity_Recording_2025_09_27_19_33_25_vehicle.csv,Entity_Recording_2025_09_27_19_33_25_vehicle.csv,F:\data_set_process\data_process\01_datasets\数据预处理\原始车辆数据\hzh\Entity_Recording_2025_09_27_19_33_25_vehicle.csv,277,277,allraw_instability_rescreen_v0_1,secondary,extreme_active,all_raw_vehicle_dynamic_onset_non_steering,instability_ay_roll,straight,0,0.0,all_raw_nonsteering_dynamic_onset,17221,86.105,600,400,400,2.0,True,True,479.35,True,True,,86.105,98.815,12.71,17221,19763,100.0,94.15,instability_ay_roll,True,vehicle_instability_allraw__hzh__2025_09_27_19_33_25__000086105,Full raw rescreen. Anchor is derived from non-steering vehicle dynamics (ay/roll_rate). Steering metrics are only response evidence and must not be used to define onset.
instability_allraw_highconf_oldcode_v0_1,hzh::2025_09_27_19_33_25::00278::instability_dynamic_onset,allraw_vehicle_instability_highconf,hzh,test,Entity_Recording_2025_09_27_19_33_25_vehicle.csv,Entity_Recording_2025_09_27_19_33_25_vehicle.csv,F:\data_set_process\data_process\01_datasets\数据预处理\原始车辆数据\hzh\Entity_Recording_2025_09_27_19_33_25_vehicle.csv,278,278,allraw_instability_rescreen_v0_1,secondary,extreme_active,all_raw_vehicle_dynamic_onset_non_steering,instability_ay_roll,curve,1,-0.00729802,all_raw_nonsteering_dynamic_onset,26807,134.035,600,400,400,2.0,True,True,431.42,True,True,,134.035,155.49,21.455,26807,31098,100.0,95.17,instability_ay_roll,True,vehicle_instability_allraw__hzh__2025_09_27_19_33_25__000134035,Full raw rescreen. Anchor is derived from non-steering vehicle dynamics (ay/roll_rate). Steering metrics are only response evidence and must not be used to define onset.
instability_allraw_highconf_oldcode_v0_1,hzh::2025_09_27_19_33_25::00279::instability_dynamic_onset,allraw_vehicle_instability_highconf,hzh,test,Entity_Recording_2025_09_27_19_33_25_vehicle.csv,Entity_Recording_2025_09_27_19_33_25_vehicle.csv,F:\data_set_process\data_process\01_datasets\数据预处理\原始车辆数据\hzh\Entity_Recording_2025_09_27_19_33_25_vehicle.csv,279,279,allraw_instability_rescreen_v0_1,secondary,strong_active,all_raw_vehicle_dynamic_onset_non_steering,instability_ay_roll,straight,0,0.0,all_raw_nonsteering_dynamic_onset,32860,164.3,600,400,400,2.0,True,True,401.155,True,True,,164.3,176.285,11.985,32860,35257,100.0,70.79,instability_ay_roll,True,vehicle_instability_allraw__hzh__2025_09_27_19_33_25__000164300,Full raw rescreen. Anchor is derived from non-steering vehicle dynamics (ay/roll_rate). Steering metrics are only response evidence and must not be used to define onset.
instability_allraw_highconf_oldcode_v0_1,hzh::2025_09_27_19_33_25::00280::instability_dynamic_onset,allraw_vehicle_instability_highconf,hzh,test,Entity_Recording_2025_09_27_19_33_25_vehicle.csv,Entity_Recording_2025_09_27_19_33_25_vehicle.csv,F:\data_set_process\data_process\01_datasets\数据预处理\原始车辆数据\hzh\Entity_Recording_2025_09_27_19_33_25_vehicle.csv,280,280,allraw_instability_rescreen_v0_1,secondary,strong_active,all_raw_vehicle_dynamic_onset_non_steering,instability_ay_roll,straight,0,-0.0,all_raw_nonsteering_dynamic_onset,39329,196.645,600,400,400,2.0,True,True,368.81,True,True,,196.645,199.83,3.185,39329,39966,100.0,70.18,instability_ay_roll,True,vehicle_instability_allraw__hzh__2025_09_27_19_33_25__000196645,Full raw rescreen. Anchor is derived from non-steering vehicle dynamics (ay/roll_rate). Steering metrics are only response evidence and must not be used to define onset.
instability_allraw_highconf_oldcode_v0_1,hzh::2025_09_27_19_33_25::00281::instability_dynamic_onset,allraw_vehicle_instability_highconf,hzh,test,Entity_Recording_2025_09_27_19_33_25_vehicle.csv,Entity_Recording_2025_09_27_19_33_25_vehicle.csv,F:\data_set_process\data_process\01_datasets\数据预处理\原始车辆数据\hzh\Entity_Recording_2025_09_27_19_33_25_vehicle.csv,281,281,allraw_instability_rescreen_v0_1,primary,medium_active,all_raw_vehicle_dynamic_onset_non_steering,instability_ay_roll,straight,0,-0.0,all_raw_nonsteering_dynamic_onset,41988,209.94,600,400,400,2.0,True,True,355.515,True,True,,209.94,216.135,6.195,41988,43227,100.0,66.89,instability_ay_roll,True,vehicle_instability_allraw__hzh__2025_09_27_19_33_25__000209940,Full raw rescreen. Anchor is derived from non-steering vehicle dynamics (ay/roll_rate). Steering metrics are only response evidence and must not be used to define onset.
instability_allraw_highconf_oldcode_v0_1,hzh::2025_09_27_19_33_25::00282::instability_dynamic_onset,allraw_vehicle_instability_highconf,hzh,test,Entity_Recording_2025_09_27_19_33_25_vehicle.csv,Entity_Recording_2025_09_27_19_33_25_vehicle.csv,F:\data_set_process\data_process\01_datasets\数据预处理\原始车辆数据\hzh\Entity_Recording_2025_09_27_19_33_25_vehicle.csv,282,282,allraw_instability_rescreen_v0_1,secondary,extreme_active,all_raw_vehicle_dynamic_onset_non_steering,instability_ay_roll,straight,0,-0.0,all_raw_nonsteering_dynamic_onset,44056,220.28,600,400,400,2.0,True,True,345.175,True,True,,220.28,230.37,10.09,44056,46074,100.0,80.41,instability_ay_roll,True,vehicle_instability_allraw__hzh__2025_09_27_19_33_25__000220280,Full raw rescreen. Anchor is derived from non-steering vehicle dynamics (ay/roll_rate). Steering metrics are only response evidence and must not be used to define onset.
instability_allraw_highconf_oldcode_v0_1,hzh::2025_09_27_19_33_25::00283::instability_dynamic_onset,allraw_vehicle_instability_highconf,hzh,test,Entity_Recording_2025_09_27_19_33_25_vehicle.csv,Entity_Recording_2025_09_27_19_33_25_vehicle.csv,F:\data_set_process\data_process\01_datasets\数据预处理\原始车辆数据\hzh\Entity_Recording_2025_09_27_19_33_25_vehicle.csv,283,283,allraw_instability_rescreen_v0_1,secondary,extreme_active,all_raw_vehicle_dynamic_onset_non_steering,instability_ay_roll,curve,0,-0.0,all_raw_nonsteering_dynamic_onset,53857,269.285,600,400,400,2.0,True,True,296.17,True,True,,269.285,288.2,18.915,53857,57640,100.0,93.6,instability_ay_roll,True,vehicle_instability_allraw__hzh__2025_09_27_19_33_25__000269285,Full raw rescreen. Anchor is derived from non-steering vehicle dynamics (ay/roll_rate). Steering metrics are only response evidence and must not be used to define onset.
instability_allraw_highconf_oldcode_v0_1,hzh::2025_09_27_19_33_25::00284::instability_dynamic_onset,allraw_vehicle_instability_highconf,hzh,test,Entity_Recording_2025_09_27_19_33_25_vehicle.csv,Entity_Recording_2025_09_27_19_33_25_vehicle.csv,F:\data_set_process\data_process\01_datasets\数据预处理\原始车辆数据\hzh\Entity_Recording_2025_09_27_19_33_25_vehicle.csv,284,284,allraw_instability_rescreen_v0_1,secondary,strong_active,all_raw_vehicle_dynamic_onset_non_steering,instability_ay_roll,straight,1,-0.0,all_raw_nonsteering_dynamic_onset,59577,297.885,600,400,400,2.0,True,True,267.57,True,True,,297.885,309.305,11.42,59577,61861,100.0,92.1,instability_ay_roll,True,vehicle_instability_allraw__hzh__2025_09_27_19_33_25__000297885,Full raw rescreen. Anchor is derived from non-steering vehicle dynamics (ay/roll_rate). Steering metrics are only response evidence and must not be used to define onset.
instability_allraw_highconf_oldcode_v0_1,hzh::2025_09_27_19_33_25::00285::instability_dynamic_onset,allraw_vehicle_instability_highconf,hzh,test,Entity_Recording_2025_09_27_19_33_25_vehicle.csv,Entity_Recording_2025_09_27_19_33_25_vehicle.csv,F:\data_set_process\data_process\01_datasets\数据预处理\原始车辆数据\hzh\Entity_Recording_2025_09_27_19_33_25_vehicle.csv,285,285,allraw_instability_rescreen_v0_1,secondary,extreme_active,all_raw_vehicle_dynamic_onset_non_steering,instability_ay_roll,straight,0,0.0,all_raw_nonsteering_dynamic_onset,65057,325.285,600,400,400,2.0,True,True,240.17,True,True,,325.285,332.385,7.1,65057,66477,100.0,94.99,instability_ay_roll,True,vehicle_instability_allraw__hzh__2025_09_27_19_33_25__000325285,Full raw rescreen. Anchor is derived from non-steering vehicle dynamics (ay/roll_rate). Steering metrics are only response evidence and must not be used to define onset.
instability_allraw_highconf_oldcode_v0_1,hzh::2025_09_27_19_33_25::00286::instability_dynamic_onset,allraw_vehicle_instability_highconf,hzh,test,Entity_Recording_2025_09_27_19_33_25_vehicle.csv,Entity_Recording_2025_09_27_19_33_25_vehicle.csv,F:\data_set_process\data_process\01_datasets\数据预处理\原始车辆数据\hzh\Entity_Recording_2025_09_27_19_33_25_vehicle.csv,286,286,allraw_instability_rescreen_v0_1,secondary,extreme_active,all_raw_vehicle_dynamic_onset_non_steering,instability_ay_roll,straight,0,0.0,all_raw_nonsteering_dynamic_onset,67510,337.55,600,400,400,2.0,True,True,227.905,True,True,,337.55,339.32,1.77,67510,67864,90.87,61.78,instability_ay_roll,True,vehicle_instability_allraw__hzh__2025_09_27_19_33_25__000337550,Full raw rescreen. Anchor is derived from non-steering vehicle dynamics (ay/roll_rate). Steering metrics are only response evidence and must not be used to define onset.
instability_allraw_highconf_oldcode_v0_1,hzh::2025_09_27_19_33_25::00287::instability_dynamic_onset,allraw_vehicle_instability_highconf,hzh,test,Entity_Recording_2025_09_27_19_33_25_vehicle.csv,Entity_Recording_2025_09_27_19_33_25_vehicle.csv,F:\data_set_process\data_process\01_datasets\数据预处理\原始车辆数据\hzh\Entity_Recording_2025_09_27_19_33_25_vehicle.csv,287,287,allraw_instability_rescreen_v0_1,none,instability_extreme,all_raw_vehicle_dynamic_onset_non_steering,instability_ay_roll,design_regular_road,0,0.0,all_raw_nonsteering_dynamic_onset,68546,342.73,600,400,400,2.0,True,True,222.725,True,True,,342.73,351.005,8.275,68546,70201,100.0,90.69,instability_ay_roll,True,vehicle_instability_allraw__hzh__2025_09_27_19_33_25__000342730,Full raw rescreen. Anchor is derived from non-steering vehicle dynamics (ay/roll_rate). Steering metrics are only response evidence and must not be used to define onset.
instability_allraw_highconf_oldcode_v0_1,hzh::2025_09_27_19_33_25::00288::instability_dynamic_onset,allraw_vehicle_instability_highconf,hzh,test,Entity_Recording_2025_09_27_19_33_25_vehicle.csv,Entity_Recording_2025_09_27_19_33_25_vehicle.csv,F:\data_set_process\data_process\01_datasets\数据预处理\原始车辆数据\hzh\Entity_Recording_2025_09_27_19_33_25_vehicle.csv,288,288,allraw_instability_rescreen_v0_1,secondary,strong_active,all_raw_vehicle_dynamic_onset_non_steering,instability_ay_roll,straight,0,0.0,all_raw_nonsteering_dynamic_onset,70702,353.51,600,400,400,2.0,True,True,211.945,True,True,,353.51,356.265,2.755,70702,71253,100.0,90.11,instability_ay_roll,True,vehicle_instability_allraw__hzh__2025_09_27_19_33_25__000353510,Full raw rescreen. Anchor is derived from non-steering vehicle dynamics (ay/roll_rate). Steering metrics are only response evidence and must not be used to define onset.
instability_allraw_highconf_oldcode_v0_1,hzh::2025_09_27_19_33_25::00289::instability_dynamic_onset,allraw_vehicle_instability_highconf,hzh,test,Entity_Recording_2025_09_27_19_33_25_vehicle.csv,Entity_Recording_2025_09_27_19_33_25_vehicle.csv,F:\data_set_process\data_process\01_datasets\数据预处理\原始车辆数据\hzh\Entity_Recording_2025_09_27_19_33_25_vehicle.csv,289,289,allraw_instability_rescreen_v0_1,secondary,strong_active,all_raw_vehicle_dynamic_onset_non_steering,instability_ay_roll,straight,0,-0.0,all_raw_nonsteering_dynamic_onset,88588,442.94,600,400,400,2.0,True,True,122.515,True,True,,442.94,454.675,11.735,88588,90935,89.98,55.54,instability_ay_roll,True,vehicle_instability_allraw__hzh__2025_09_27_19_33_25__000442940,Full raw rescreen. Anchor is derived from non-steering vehicle dynamics (ay/roll_rate). Steering metrics are only response evidence and must not be used to define onset.
instability_allraw_highconf_oldcode_v0_1,hzh::2025_09_27_19_33_25::00290::instability_dynamic_onset,allraw_vehicle_instability_highconf,hzh,test,Entity_Recording_2025_09_27_19_33_25_vehicle.csv,Entity_Recording_2025_09_27_19_33_25_vehicle.csv,F:\data_set_process\data_process\01_datasets\数据预处理\原始车辆数据\hzh\Entity_Recording_2025_09_27_19_33_25_vehicle.csv,290,290,allraw_instability_rescreen_v0_1,primary,strong_active,all_raw_vehicle_dynamic_onset_non_steering,instability_ay_roll,straight,0,-0.0,all_raw_nonsteering_dynamic_onset,94838,474.19,600,400,400,2.0,True,True,91.265,True,True,,474.19,476.04,1.85,94838,95208,84.12,61.94,instability_ay_roll,True,vehicle_instability_allraw__hzh__2025_09_27_19_33_25__000474190,Full raw rescreen. Anchor is derived from non-steering vehicle dynamics (ay/roll_rate). Steering metrics are only response evidence and must not be used to define onset.
instability_allraw_highconf_oldcode_v0_1,hzh::2025_09_27_19_33_25::00291::instability_dynamic_onset,allraw_vehicle_instability_highconf,hzh,test,Entity_Recording_2025_09_27_19_33_25_vehicle.csv,Entity_Recording_2025_09_27_19_33_25_vehicle.csv,F:\data_set_process\data_process\01_datasets\数据预处理\原始车辆数据\hzh\Entity_Recording_2025_09_27_19_33_25_vehicle.csv,291,291,allraw_instability_rescreen_v0_1,secondary,strong_active,all_raw_vehicle_dynamic_onset_non_steering,instability_ay_roll,curve,0,0.0,all_raw_nonsteering_dynamic_onset,102281,511.405,600,400,400,2.0,True,True,54.05,True,True,,511.405,523.2,11.795,102281,104640,90.01,54.49,instability_ay_roll,True,vehicle_instability_allraw__hzh__2025_09_27_19_33_25__000511405,Full raw rescreen. Anchor is derived from non-steering vehicle dynamics (ay/roll_rate). Steering metrics are only response evidence and must not be used to define onset.
instability_allraw_highconf_oldcode_v0_1,hzh::2025_09_27_19_33_25::00292::instability_dynamic_onset,allraw_vehicle_instability_highconf,hzh,test,Entity_Recording_2025_09_27_19_33_25_vehicle.csv,Entity_Recording_2025_09_27_19_33_25_vehicle.csv,F:\data_set_process\data_process\01_datasets\数据预处理\原始车辆数据\hzh\Entity_Recording_2025_09_27_19_33_25_vehicle.csv,292,292,allraw_instability_rescreen_v0_1,secondary,strong_active,all_raw_vehicle_dynamic_onset_non_steering,instability_ay_roll,straight,0,0.0,all_raw_nonsteering_dynamic_onset,105578,527.89,600,400,400,2.0,True,True,37.565,True,True,,527.89,534.805,6.915,105578,106961,100.0,86.52,instability_ay_roll,True,vehicle_instability_allraw__hzh__2025_09_27_19_33_25__000527890,Full raw rescreen. Anchor is derived from non-steering vehicle dynamics (ay/roll_rate). Steering metrics are only response evidence and must not be used to define onset.
instability_allraw_highconf_oldcode_v0_1,hzh::2025_09_27_19_44_05::00293::instability_dynamic_onset,allraw_vehicle_instability_highconf,hzh,test,Entity_Recording_2025_09_27_19_44_05_vehicle.csv,Entity_Recording_2025_09_27_19_44_05_vehicle.csv,F:\data_set_process\data_process\01_datasets\数据预处理\原始车辆数据\hzh\Entity_Recording_2025_09_27_19_44_05_vehicle.csv,293,293,allraw_instability_rescreen_v0_1,secondary,extreme_active,all_raw_vehicle_dynamic_onset_non_steering,instability_ay_roll,straight,0,0.0,all_raw_nonsteering_dynamic_onset,10274,51.37,600,400,400,2.0,True,True,495.29,True,True,,51.37,58.995,7.625,10274,11799,100.0,88.57,instability_ay_roll,True,vehicle_instability_allraw__hzh__2025_09_27_19_44_05__000051370,Full raw rescreen. Anchor is derived from non-steering vehicle dynamics (ay/roll_rate). Steering metrics are only response evidence and must not be used to define onset.
instability_allraw_highconf_oldcode_v0_1,hzh::2025_09_27_19_44_05::00294::instability_dynamic_onset,allraw_vehicle_instability_highconf,hzh,test,Entity_Recording_2025_09_27_19_44_05_vehicle.csv,Entity_Recording_2025_09_27_19_44_05_vehicle.csv,F:\data_set_process\data_process\01_datasets\数据预处理\原始车辆数据\hzh\Entity_Recording_2025_09_27_19_44_05_vehicle.csv,294,294,allraw_instability_rescreen_v0_1,secondary,strong_active,all_raw_vehicle_dynamic_onset_non_steering,instability_ay_roll,straight,0,0.0,all_raw_nonsteering_dynamic_onset,16377,81.885,600,400,400,2.0,True,True,464.775,True,True,,81.885,92.015,10.13,16377,18403,100.0,78.11,instability_ay_roll,True,vehicle_instability_allraw__hzh__2025_09_27_19_44_05__000081885,Full raw rescreen. Anchor is derived from non-steering vehicle dynamics (ay/roll_rate). Steering metrics are only response evidence and must not be used to define onset.
instability_allraw_highconf_oldcode_v0_1,hzh::2025_09_27_19_44_05::00295::instability_dynamic_onset,allraw_vehicle_instability_highconf,hzh,test,Entity_Recording_2025_09_27_19_44_05_vehicle.csv,Entity_Recording_2025_09_27_19_44_05_vehicle.csv,F:\data_set_process\data_process\01_datasets\数据预处理\原始车辆数据\hzh\Entity_Recording_2025_09_27_19_44_05_vehicle.csv,295,295,allraw_instability_rescreen_v0_1,secondary,extreme_active,all_raw_vehicle_dynamic_onset_non_steering,instability_ay_roll,curve,1,-0.00729802,all_raw_nonsteering_dynamic_onset,25782,128.91,600,400,400,2.0,True,True,417.75,True,True,,128.91,145.72,16.81,25782,29144,100.0,94.71,instability_ay_roll,True,vehicle_instability_allraw__hzh__2025_09_27_19_44_05__000128910,Full raw rescreen. Anchor is derived from non-steering vehicle dynamics (ay/roll_rate). Steering metrics are only response evidence and must not be used to define onset.
instability_allraw_highconf_oldcode_v0_1,hzh::2025_09_27_19_44_05::00296::instability_dynamic_onset,allraw_vehicle_instability_highconf,hzh,test,Entity_Recording_2025_09_27_19_44_05_vehicle.csv,Entity_Recording_2025_09_27_19_44_05_vehicle.csv,F:\data_set_process\data_process\01_datasets\数据预处理\原始车辆数据\hzh\Entity_Recording_2025_09_27_19_44_05_vehicle.csv,296,296,allraw_instability_rescreen_v0_1,secondary,strong_active,all_raw_vehicle_dynamic_onset_non_steering,instability_ay_roll,straight,0,-0.0,all_raw_nonsteering_dynamic_onset,35249,176.245,600,400,400,2.0,True,True,370.415,True,True,,176.245,178.845,2.6,35249,35769,88.82,65.07,instability_ay_roll,True,vehicle_instability_allraw__hzh__2025_09_27_19_44_05__000176245,Full raw rescreen. Anchor is derived from non-steering vehicle dynamics (ay/roll_rate). Steering metrics are only response evidence and must not be used to define onset.
instability_allraw_highconf_oldcode_v0_1,hzh::2025_09_27_19_44_05::00297::instability_dynamic_onset,allraw_vehicle_instability_highconf,hzh,test,Entity_Recording_2025_09_27_19_44_05_vehicle.csv,Entity_Recording_2025_09_27_19_44_05_vehicle.csv,F:\data_set_process\data_process\01_datasets\数据预处理\原始车辆数据\hzh\Entity_Recording_2025_09_27_19_44_05_vehicle.csv,297,297,allraw_instability_rescreen_v0_1,secondary,extreme_active,all_raw_vehicle_dynamic_onset_non_steering,instability_ay_roll,straight,0,-0.0,all_raw_nonsteering_dynamic_onset,43740,218.7,600,400,400,2.0,True,True,327.96,True,True,,218.7,229.64,10.94,43740,45928,100.0,83.37,instability_ay_roll,True,vehicle_instability_allraw__hzh__2025_09_27_19_44_05__000218700,Full raw rescreen. Anchor is derived from non-steering vehicle dynamics (ay/roll_rate). Steering metrics are only response evidence and must not be used to define onset.
instability_allraw_highconf_oldcode_v0_1,hzh::2025_09_27_19_44_05::00298::instability_dynamic_onset,allraw_vehicle_instability_highconf,hzh,test,Entity_Recording_2025_09_27_19_44_05_vehicle.csv,Entity_Recording_2025_09_27_19_44_05_vehicle.csv,F:\data_set_process\data_process\01_datasets\数据预处理\原始车辆数据\hzh\Entity_Recording_2025_09_27_19_44_05_vehicle.csv,298,298,allraw_instability_rescreen_v0_1,primary,strong_active,all_raw_vehicle_dynamic_onset_non_steering,instability_ay_roll,straight,0,0.0,all_raw_nonsteering_dynamic_onset,49251,246.255,600,400,400,2.0,True,True,300.405,True,True,,246.255,249.465,3.21,49251,49893,88.26,60.34,instability_ay_roll,True,vehicle_instability_allraw__hzh__2025_09_27_19_44_05__000246255,Full raw rescreen. Anchor is derived from non-steering vehicle dynamics (ay/roll_rate). Steering metrics are only response evidence and must not be used to define onset.
instability_allraw_highconf_oldcode_v0_1,hzh::2025_09_27_19_44_05::00299::instability_dynamic_onset,allraw_vehicle_instability_highconf,hzh,test,Entity_Recording_2025_09_27_19_44_05_vehicle.csv,Entity_Recording_2025_09_27_19_44_05_vehicle.csv,F:\data_set_process\data_process\01_datasets\数据预处理\原始车辆数据\hzh\Entity_Recording_2025_09_27_19_44_05_vehicle.csv,299,299,allraw_instability_rescreen_v0_1,secondary,strong_active,all_raw_vehicle_dynamic_onset_non_steering,instability_ay_roll,straight,1,0.0,all_raw_nonsteering_dynamic_onset,60358,301.79,600,400,400,2.0,True,True,244.87,True,True,,301.79,310.69,8.9,60358,62138,100.0,72.19,instability_ay_roll,True,vehicle_instability_allraw__hzh__2025_09_27_19_44_05__000301790,Full raw rescreen. Anchor is derived from non-steering vehicle dynamics (ay/roll_rate). Steering metrics are only response evidence and must not be used to define onset.
instability_allraw_highconf_oldcode_v0_1,hzh::2025_09_27_19_44_05::00300::instability_dynamic_onset,allraw_vehicle_instability_highconf,hzh,test,Entity_Recording_2025_09_27_19_44_05_vehicle.csv,Entity_Recording_2025_09_27_19_44_05_vehicle.csv,F:\data_set_process\data_process\01_datasets\数据预处理\原始车辆数据\hzh\Entity_Recording_2025_09_27_19_44_05_vehicle.csv,300,300,allraw_instability_rescreen_v0_1,secondary,extreme_active,all_raw_vehicle_dynamic_onset_non_steering,instability_ay_roll,straight,0,-0.0,all_raw_nonsteering_dynamic_onset,65278,326.39,600,400,400,2.0,True,True,220.27,True,True,,326.39,331.96,5.57,65278,66392,100.0,92.41,instability_ay_roll,True,vehicle_instability_allraw__hzh__2025_09_27_19_44_05__000326390,Full raw rescreen. Anchor is derived from non-steering vehicle dynamics (ay/roll_rate). Steering metrics are only response evidence and must not be used to define onset.
instability_allraw_highconf_oldcode_v0_1,hzh::2025_09_27_19_44_05::00301::instability_dynamic_onset,allraw_vehicle_instability_highconf,hzh,test,Entity_Recording_2025_09_27_19_44_05_vehicle.csv,Entity_Recording_2025_09_27_19_44_05_vehicle.csv,F:\data_set_process\data_process\01_datasets\数据预处理\原始车辆数据\hzh\Entity_Recording_2025_09_27_19_44_05_vehicle.csv,301,301,allraw_instability_rescreen_v0_1,secondary,extreme_active,all_raw_vehicle_dynamic_onset_non_steering,instability_ay_roll,straight,0,0.0,all_raw_nonsteering_dynamic_onset,69172,345.86,600,400,400,2.0,True,True,200.8,True,True,,345.86,356.785,10.925,69172,71357,100.0,76.96,instability_ay_roll,True,vehicle_instability_allraw__hzh__2025_09_27_19_44_05__000345860,Full raw rescreen. Anchor is derived from non-steering vehicle dynamics (ay/roll_rate). Steering metrics are only response evidence and must not be used to define onset.
instability_allraw_highconf_oldcode_v0_1,hzh::2025_09_27_19_44_05::00302::instability_dynamic_onset,allraw_vehicle_instability_highconf,hzh,test,Entity_Recording_2025_09_27_19_44_05_vehicle.csv,Entity_Recording_2025_09_27_19_44_05_vehicle.csv,F:\data_set_process\data_process\01_datasets\数据预处理\原始车辆数据\hzh\Entity_Recording_2025_09_27_19_44_05_vehicle.csv,302,302,allraw_instability_rescreen_v0_1,secondary,extreme_active,all_raw_vehicle_dynamic_onset_non_steering,instability_ay_roll,straight,0,-0.0,all_raw_nonsteering_dynamic_onset,81534,407.67,600,400,400,2.0,True,True,138.99,True,True,,407.67,425.07,17.4,81534,85014,91.6,53.17,instability_ay_roll,True,vehicle_instability_allraw__hzh__2025_09_27_19_44_05__000407670,Full raw rescreen. Anchor is derived from non-steering vehicle dynamics (ay/roll_rate). Steering metrics are only response evidence and must not be used to define onset.
instability_allraw_highconf_oldcode_v0_1,hzh::2025_09_27_19_44_05::00303::instability_dynamic_onset,allraw_vehicle_instability_highconf,hzh,test,Entity_Recording_2025_09_27_19_44_05_vehicle.csv,Entity_Recording_2025_09_27_19_44_05_vehicle.csv,F:\data_set_process\data_process\01_datasets\数据预处理\原始车辆数据\hzh\Entity_Recording_2025_09_27_19_44_05_vehicle.csv,303,303,allraw_instability_rescreen_v0_1,primary,medium_active,all_raw_vehicle_dynamic_onset_non_steering,instability_ay_roll,straight,0,-0.0,all_raw_nonsteering_dynamic_onset,85979,429.895,600,400,400,2.0,True,True,116.765,True,True,,429.895,437.195,7.3,85979,87439,84.75,56.19,instability_ay_roll,True,vehicle_instability_allraw__hzh__2025_09_27_19_44_05__000429895,Full raw rescreen. Anchor is derived from non-steering vehicle dynamics (ay/roll_rate). Steering metrics are only response evidence and must not be used to define onset.
instability_allraw_highconf_oldcode_v0_1,hzh::2025_09_27_19_44_05::00304::instability_dynamic_onset,allraw_vehicle_instability_highconf,hzh,test,Entity_Recording_2025_09_27_19_44_05_vehicle.csv,Entity_Recording_2025_09_27_19_44_05_vehicle.csv,F:\data_set_process\data_process\01_datasets\数据预处理\原始车辆数据\hzh\Entity_Recording_2025_09_27_19_44_05_vehicle.csv,304,304,allraw_instability_rescreen_v0_1,secondary,extreme_active,all_raw_vehicle_dynamic_onset_non_steering,instability_ay_roll,curve,0,0.0,all_raw_nonsteering_dynamic_onset,106198,530.99,600,400,400,2.0,True,True,15.67,True,True,,530.99,545.905,14.915,106198,109181,100.0,93.51,instability_ay_roll,True,vehicle_instability_allraw__hzh__2025_09_27_19_44_05__000530990,Full raw rescreen. Anchor is derived from non-steering vehicle dynamics (ay/roll_rate). Steering metrics are only response evidence and must not be used to define onset.
instability_allraw_highconf_oldcode_v0_1,jy::2025_09_26_17_17_11::00305::instability_dynamic_onset,allraw_vehicle_instability_highconf,jy,train,Entity_Recording_2025_09_26_17_17_11_vehicle.csv,Entity_Recording_2025_09_26_17_17_11_vehicle.csv,F:\data_set_process\data_process\01_datasets\数据预处理\原始车辆数据\jy\Entity_Recording_2025_09_26_17_17_11_vehicle.csv,305,305,allraw_instability_rescreen_v0_1,primary,medium_active,all_raw_vehicle_dynamic_onset_non_steering,instability_ay_roll,curve,1,-0.00729802,all_raw_nonsteering_dynamic_onset,31811,159.055,600,400,400,2.0,True,True,517.17,True,True,,159.055,180.36,21.305,31811,36072,100.0,69.64,instability_ay_roll,True,vehicle_instability_allraw__jy__2025_09_26_17_17_11__000159055,Full raw rescreen. Anchor is derived from non-steering vehicle dynamics (ay/roll_rate). Steering metrics are only response evidence and must not be used to define onset.
instability_allraw_highconf_oldcode_v0_1,jy::2025_09_26_17_17_11::00306::instability_dynamic_onset,allraw_vehicle_instability_highconf,jy,train,Entity_Recording_2025_09_26_17_17_11_vehicle.csv,Entity_Recording_2025_09_26_17_17_11_vehicle.csv,F:\data_set_process\data_process\01_datasets\数据预处理\原始车辆数据\jy\Entity_Recording_2025_09_26_17_17_11_vehicle.csv,306,306,allraw_instability_rescreen_v0_1,secondary,strong_active,all_raw_vehicle_dynamic_onset_non_steering,instability_ay_roll,straight,0,0.0,all_raw_nonsteering_dynamic_onset,44657,223.285,600,400,400,2.0,True,True,452.94,True,True,,223.285,229.34,6.055,44657,45868,100.0,67.96,instability_ay_roll,True,vehicle_instability_allraw__jy__2025_09_26_17_17_11__000223285,Full raw rescreen. Anchor is derived from non-steering vehicle dynamics (ay/roll_rate). Steering metrics are only response evidence and must not be used to define onset.
instability_allraw_highconf_oldcode_v0_1,jy::2025_09_26_17_17_11::00307::instability_dynamic_onset,allraw_vehicle_instability_highconf,jy,train,Entity_Recording_2025_09_26_17_17_11_vehicle.csv,Entity_Recording_2025_09_26_17_17_11_vehicle.csv,F:\data_set_process\data_process\01_datasets\数据预处理\原始车辆数据\jy\Entity_Recording_2025_09_26_17_17_11_vehicle.csv,307,307,allraw_instability_rescreen_v0_1,secondary,extreme_active,all_raw_vehicle_dynamic_onset_non_steering,instability_ay_roll,straight,0,0.0,all_raw_nonsteering_dynamic_onset,48089,240.445,600,400,400,2.0,True,True,435.78,True,True,,240.445,252.16,11.715,48089,50432,100.0,94.38,instability_ay_roll,True,vehicle_instability_allraw__jy__2025_09_26_17_17_11__000240445,Full raw rescreen. Anchor is derived from non-steering vehicle dynamics (ay/roll_rate). Steering metrics are only response evidence and must not be used to define onset.
instability_allraw_highconf_oldcode_v0_1,jy::2025_09_26_17_17_11::00308::instability_dynamic_onset,allraw_vehicle_instability_highconf,jy,train,Entity_Recording_2025_09_26_17_17_11_vehicle.csv,Entity_Recording_2025_09_26_17_17_11_vehicle.csv,F:\data_set_process\data_process\01_datasets\数据预处理\原始车辆数据\jy\Entity_Recording_2025_09_26_17_17_11_vehicle.csv,308,308,allraw_instability_rescreen_v0_1,primary,medium_active,all_raw_vehicle_dynamic_onset_non_steering,instability_roll_only,straight,0,0.0,all_raw_nonsteering_dynamic_onset,57916,289.58,600,400,400,2.0,True,True,386.645,True,True,,289.58,292.625,3.045,57916,58525,87.43,50.26,instability_roll_only,True,vehicle_instability_allraw__jy__2025_09_26_17_17_11__000289580,Full raw rescreen. Anchor is derived from non-steering vehicle dynamics (ay/roll_rate). Steering metrics are only response evidence and must not be used to define onset.
instability_allraw_highconf_oldcode_v0_1,jy::2025_09_26_17_17_11::00309::instability_dynamic_onset,allraw_vehicle_instability_highconf,jy,train,Entity_Recording_2025_09_26_17_17_11_vehicle.csv,Entity_Recording_2025_09_26_17_17_11_vehicle.csv,F:\data_set_process\data_process\01_datasets\数据预处理\原始车辆数据\jy\Entity_Recording_2025_09_26_17_17_11_vehicle.csv,309,309,allraw_instability_rescreen_v0_1,none,instability_strong,all_raw_vehicle_dynamic_onset_non_steering,instability_ay_roll,design_regular_road,0,-0.0,all_raw_nonsteering_dynamic_onset,72183,360.915,600,400,400,2.0,True,True,315.31,True,True,,360.915,381.365,20.45,72183,76273,100.0,81.19,instability_ay_roll,True,vehicle_instability_allraw__jy__2025_09_26_17_17_11__000360915,Full raw rescreen. Anchor is derived from non-steering vehicle dynamics (ay/roll_rate). Steering metrics are only response evidence and must not be used to define onset.
instability_allraw_highconf_oldcode_v0_1,jy::2025_09_26_17_17_11::00310::instability_dynamic_onset,allraw_vehicle_instability_highconf,jy,train,Entity_Recording_2025_09_26_17_17_11_vehicle.csv,Entity_Recording_2025_09_26_17_17_11_vehicle.csv,F:\data_set_process\data_process\01_datasets\数据预处理\原始车辆数据\jy\Entity_Recording_2025_09_26_17_17_11_vehicle.csv,310,310,allraw_instability_rescreen_v0_1,secondary,extreme_active,all_raw_vehicle_dynamic_onset_non_steering,instability_ay_roll,straight,0,0.0,all_raw_nonsteering_dynamic_onset,82881,414.405,600,400,400,2.0,True,True,261.82,True,True,,414.405,419.495,5.09,82881,83899,100.0,94.83,instability_ay_roll,True,vehicle_instability_allraw__jy__2025_09_26_17_17_11__000414405,Full raw rescreen. Anchor is derived from non-steering vehicle dynamics (ay/roll_rate). Steering metrics are only response evidence and must not be used to define onset.
instability_allraw_highconf_oldcode_v0_1,jy::2025_09_26_17_17_11::00311::instability_dynamic_onset,allraw_vehicle_instability_highconf,jy,train,Entity_Recording_2025_09_26_17_17_11_vehicle.csv,Entity_Recording_2025_09_26_17_17_11_vehicle.csv,F:\data_set_process\data_process\01_datasets\数据预处理\原始车辆数据\jy\Entity_Recording_2025_09_26_17_17_11_vehicle.csv,311,311,allraw_instability_rescreen_v0_1,secondary,extreme_active,all_raw_vehicle_dynamic_onset_non_steering,instability_ay_roll,curve,0,-0.0,all_raw_nonsteering_dynamic_onset,109533,547.665,600,400,400,2.0,True,True,128.56,True,True,,547.665,568.915,21.25,109533,113783,100.0,75.98,instability_ay_roll,True,vehicle_instability_allraw__jy__2025_09_26_17_17_11__000547665,Full raw rescreen. Anchor is derived from non-steering vehicle dynamics (ay/roll_rate). Steering metrics are only response evidence and must not be used to define onset.
instability_allraw_highconf_oldcode_v0_1,jy::2025_09_26_17_17_11::00312::instability_dynamic_onset,allraw_vehicle_instability_highconf,jy,train,Entity_Recording_2025_09_26_17_17_11_vehicle.csv,Entity_Recording_2025_09_26_17_17_11_vehicle.csv,F:\data_set_process\data_process\01_datasets\数据预处理\原始车辆数据\jy\Entity_Recording_2025_09_26_17_17_11_vehicle.csv,312,312,allraw_instability_rescreen_v0_1,secondary,weak,all_raw_vehicle_dynamic_onset_non_steering,instability_ay_roll,straight,0,0.0,all_raw_nonsteering_dynamic_onset,123003,615.015,600,400,400,2.0,True,True,61.21,True,True,,615.015,628.04,13.025,123003,125608,100.0,93.49,instability_ay_roll,True,vehicle_instability_allraw__jy__2025_09_26_17_17_11__000615015,Full raw rescreen. Anchor is derived from non-steering vehicle dynamics (ay/roll_rate). Steering metrics are only response evidence and must not be used to define onset.
instability_allraw_highconf_oldcode_v0_1,jy::2025_09_26_17_29_44::00313::instability_dynamic_onset,allraw_vehicle_instability_highconf,jy,train,Entity_Recording_2025_09_26_17_29_44_vehicle.csv,Entity_Recording_2025_09_26_17_29_44_vehicle.csv,F:\data_set_process\data_process\01_datasets\数据预处理\原始车辆数据\jy\Entity_Recording_2025_09_26_17_29_44_vehicle.csv,313,313,allraw_instability_rescreen_v0_1,secondary,weak,all_raw_vehicle_dynamic_onset_non_steering,instability_ay_roll,straight,0,-0.0,all_raw_nonsteering_dynamic_onset,11530,57.65,600,400,400,2.0,True,True,581.36,True,True,,57.65,64.505,6.855,11530,12901,88.69,70.71,instability_ay_roll,True,vehicle_instability_allraw__jy__2025_09_26_17_29_44__000057650,Full raw rescreen. Anchor is derived from non-steering vehicle dynamics (ay/roll_rate). Steering metrics are only response evidence and must not be used to define onset.
instability_allraw_highconf_oldcode_v0_1,jy::2025_09_26_17_29_44::00314::instability_dynamic_onset,allraw_vehicle_instability_highconf,jy,train,Entity_Recording_2025_09_26_17_29_44_vehicle.csv,Entity_Recording_2025_09_26_17_29_44_vehicle.csv,F:\data_set_process\data_process\01_datasets\数据预处理\原始车辆数据\jy\Entity_Recording_2025_09_26_17_29_44_vehicle.csv,314,314,allraw_instability_rescreen_v0_1,secondary,extreme_active,all_raw_vehicle_dynamic_onset_non_steering,instability_ay_roll,curve,1,-0.00729802,all_raw_nonsteering_dynamic_onset,26768,133.84,600,400,400,2.0,True,True,505.17,True,True,,133.84,144.91,11.07,26768,28982,100.0,94.44,instability_ay_roll,True,vehicle_instability_allraw__jy__2025_09_26_17_29_44__000133840,Full raw rescreen. Anchor is derived from non-steering vehicle dynamics (ay/roll_rate). Steering metrics are only response evidence and must not be used to define onset.
instability_allraw_highconf_oldcode_v0_1,jy::2025_09_26_17_29_44::00315::instability_dynamic_onset,allraw_vehicle_instability_highconf,jy,train,Entity_Recording_2025_09_26_17_29_44_vehicle.csv,Entity_Recording_2025_09_26_17_29_44_vehicle.csv,F:\data_set_process\data_process\01_datasets\数据预处理\原始车辆数据\jy\Entity_Recording_2025_09_26_17_29_44_vehicle.csv,315,315,allraw_instability_rescreen_v0_1,primary,extreme_active,all_raw_vehicle_dynamic_onset_non_steering,instability_ay_roll,curve,1,-0.00729802,all_raw_nonsteering_dynamic_onset,35371,176.855,600,400,400,2.0,True,True,462.155,True,True,,176.855,191.885,15.03,35371,38377,100.0,76.93,instability_ay_roll,True,vehicle_instability_allraw__jy__2025_09_26_17_29_44__000176855,Full raw rescreen. Anchor is derived from non-steering vehicle dynamics (ay/roll_rate). Steering metrics are only response evidence and must not be used to define onset.
instability_allraw_highconf_oldcode_v0_1,jy::2025_09_26_17_29_44::00316::instability_dynamic_onset,allraw_vehicle_instability_highconf,jy,train,Entity_Recording_2025_09_26_17_29_44_vehicle.csv,Entity_Recording_2025_09_26_17_29_44_vehicle.csv,F:\data_set_process\data_process\01_datasets\数据预处理\原始车辆数据\jy\Entity_Recording_2025_09_26_17_29_44_vehicle.csv,316,316,allraw_instability_rescreen_v0_1,secondary,strong_active,all_raw_vehicle_dynamic_onset_non_steering,instability_ay_roll,straight,0,-0.0,all_raw_nonsteering_dynamic_onset,53869,269.345,600,400,400,2.0,True,True,369.665,True,True,,269.345,276.37,7.025,53869,55274,89.26,57.25,instability_ay_roll,True,vehicle_instability_allraw__jy__2025_09_26_17_29_44__000269345,Full raw rescreen. Anchor is derived from non-steering vehicle dynamics (ay/roll_rate). Steering metrics are only response evidence and must not be used to define onset.
instability_allraw_highconf_oldcode_v0_1,jy::2025_09_26_17_29_44::00317::instability_dynamic_onset,allraw_vehicle_instability_highconf,jy,train,Entity_Recording_2025_09_26_17_29_44_vehicle.csv,Entity_Recording_2025_09_26_17_29_44_vehicle.csv,F:\data_set_process\data_process\01_datasets\数据预处理\原始车辆数据\jy\Entity_Recording_2025_09_26_17_29_44_vehicle.csv,317,317,allraw_instability_rescreen_v0_1,secondary,extreme_active,all_raw_vehicle_dynamic_onset_non_steering,instability_ay_roll,curve,0,0.0,all_raw_nonsteering_dynamic_onset,66579,332.895,600,400,400,2.0,True,True,306.115,True,True,,332.895,350.025,17.13,66579,70005,100.0,94.01,instability_ay_roll,True,vehicle_instability_allraw__jy__2025_09_26_17_29_44__000332895,Full raw rescreen. Anchor is derived from non-steering vehicle dynamics (ay/roll_rate). Steering metrics are only response evidence and must not be used to define onset.
instability_allraw_highconf_oldcode_v0_1,jy::2025_09_26_17_29_44::00318::instability_dynamic_onset,allraw_vehicle_instability_highconf,jy,train,Entity_Recording_2025_09_26_17_29_44_vehicle.csv,Entity_Recording_2025_09_26_17_29_44_vehicle.csv,F:\data_set_process\data_process\01_datasets\数据预处理\原始车辆数据\jy\Entity_Recording_2025_09_26_17_29_44_vehicle.csv,318,318,allraw_instability_rescreen_v0_1,primary,extreme_active,all_raw_vehicle_dynamic_onset_non_steering,instability_ay_roll,straight,0,-0.0,all_raw_nonsteering_dynamic_onset,85222,426.11,600,400,400,2.0,True,True,212.9,True,True,,426.11,431.58,5.47,85222,86316,100.0,65.81,instability_ay_roll,True,vehicle_instability_allraw__jy__2025_09_26_17_29_44__000426110,Full raw rescreen. Anchor is derived from non-steering vehicle dynamics (ay/roll_rate). Steering metrics are only response evidence and must not be used to define onset.
instability_allraw_highconf_oldcode_v0_1,jy::2025_09_26_17_29_44::00319::instability_dynamic_onset,allraw_vehicle_instability_highconf,jy,train,Entity_Recording_2025_09_26_17_29_44_vehicle.csv,Entity_Recording_2025_09_26_17_29_44_vehicle.csv,F:\data_set_process\data_process\01_datasets\数据预处理\原始车辆数据\jy\Entity_Recording_2025_09_26_17_29_44_vehicle.csv,319,319,allraw_instability_rescreen_v0_1,primary,medium_active,all_raw_vehicle_dynamic_onset_non_steering,instability_ay_roll,straight,0,-0.0,all_raw_nonsteering_dynamic_onset,100054,500.27,600,400,400,2.0,True,True,138.74,True,True,,500.27,506.415,6.145,100054,101283,96.7,64.53,instability_ay_roll,True,vehicle_instability_allraw__jy__2025_09_26_17_29_44__000500270,Full raw rescreen. Anchor is derived from non-steering vehicle dynamics (ay/roll_rate). Steering metrics are only response evidence and must not be used to define onset.
instability_allraw_highconf_oldcode_v0_1,jy::2025_09_26_17_29_44::00320::instability_dynamic_onset,allraw_vehicle_instability_highconf,jy,train,Entity_Recording_2025_09_26_17_29_44_vehicle.csv,Entity_Recording_2025_09_26_17_29_44_vehicle.csv,F:\data_set_process\data_process\01_datasets\数据预处理\原始车辆数据\jy\Entity_Recording_2025_09_26_17_29_44_vehicle.csv,320,320,allraw_instability_rescreen_v0_1,none,instability_strong,all_raw_vehicle_dynamic_onset_non_steering,instability_ay_roll,design_high_risk_surface,0,0.0,all_raw_nonsteering_dynamic_onset,107110,535.55,600,400,400,2.0,True,True,103.46,True,True,,535.55,537.105,1.555,107110,107421,85.06,71.02,instability_ay_roll,True,vehicle_instability_allraw__jy__2025_09_26_17_29_44__000535550,Full raw rescreen. Anchor is derived from non-steering vehicle dynamics (ay/roll_rate). Steering metrics are only response evidence and must not be used to define onset.
instability_allraw_highconf_oldcode_v0_1,jy::2025_09_26_17_29_44::00321::instability_dynamic_onset,allraw_vehicle_instability_highconf,jy,train,Entity_Recording_2025_09_26_17_29_44_vehicle.csv,Entity_Recording_2025_09_26_17_29_44_vehicle.csv,F:\data_set_process\data_process\01_datasets\数据预处理\原始车辆数据\jy\Entity_Recording_2025_09_26_17_29_44_vehicle.csv,321,321,allraw_instability_rescreen_v0_1,secondary,strong_active,all_raw_vehicle_dynamic_onset_non_steering,instability_ay_roll,curve,0,-0.0,all_raw_nonsteering_dynamic_onset,108190,540.95,600,400,400,2.0,True,True,98.06,True,True,,540.95,564.165,23.215,108190,112833,100.0,73.28,instability_ay_roll,True,vehicle_instability_allraw__jy__2025_09_26_17_29_44__000540950,Full raw rescreen. Anchor is derived from non-steering vehicle dynamics (ay/roll_rate). Steering metrics are only response evidence and must not be used to define onset.
instability_allraw_highconf_oldcode_v0_1,jy::2025_09_26_17_29_44::00322::instability_dynamic_onset,allraw_vehicle_instability_highconf,jy,train,Entity_Recording_2025_09_26_17_29_44_vehicle.csv,Entity_Recording_2025_09_26_17_29_44_vehicle.csv,F:\data_set_process\data_process\01_datasets\数据预处理\原始车辆数据\jy\Entity_Recording_2025_09_26_17_29_44_vehicle.csv,322,322,allraw_instability_rescreen_v0_1,secondary,weak,all_raw_vehicle_dynamic_onset_non_steering,instability_ay_roll,curve,0,0.0,all_raw_nonsteering_dynamic_onset,122903,614.515,600,400,400,2.0,True,True,24.495,True,True,,614.515,623.88,9.365,122903,124776,84.17,66.51,instability_ay_roll,True,vehicle_instability_allraw__jy__2025_09_26_17_29_44__000614515,Full raw rescreen. Anchor is derived from non-steering vehicle dynamics (ay/roll_rate). Steering metrics are only response evidence and must not be used to define onset.
instability_allraw_highconf_oldcode_v0_1,jy::2025_09_26_17_40_51::00323::instability_dynamic_onset,allraw_vehicle_instability_highconf,jy,train,Entity_Recording_2025_09_26_17_40_51_vehicle.csv,Entity_Recording_2025_09_26_17_40_51_vehicle.csv,F:\data_set_process\data_process\01_datasets\数据预处理\原始车辆数据\jy\Entity_Recording_2025_09_26_17_40_51_vehicle.csv,323,323,allraw_instability_rescreen_v0_1,secondary,strong_active,all_raw_vehicle_dynamic_onset_non_steering,instability_ay_roll,straight,0,-0.0,all_raw_nonsteering_dynamic_onset,13095,65.475,600,400,400,2.0,True,True,484.105,True,True,,65.475,66.615,1.14,13095,13323,100.0,69.34,instability_ay_roll,True,vehicle_instability_allraw__jy__2025_09_26_17_40_51__000065475,Full raw rescreen. Anchor is derived from non-steering vehicle dynamics (ay/roll_rate). Steering metrics are only response evidence and must not be used to define onset.
instability_allraw_highconf_oldcode_v0_1,jy::2025_09_26_17_40_51::00324::instability_dynamic_onset,allraw_vehicle_instability_highconf,jy,train,Entity_Recording_2025_09_26_17_40_51_vehicle.csv,Entity_Recording_2025_09_26_17_40_51_vehicle.csv,F:\data_set_process\data_process\01_datasets\数据预处理\原始车辆数据\jy\Entity_Recording_2025_09_26_17_40_51_vehicle.csv,324,324,allraw_instability_rescreen_v0_1,primary,strong_active,all_raw_vehicle_dynamic_onset_non_steering,instability_ay_roll,straight,0,-0.0,all_raw_nonsteering_dynamic_onset,13981,69.905,600,400,400,2.0,True,True,479.675,True,True,,69.905,72.285,2.38,13981,14457,100.0,73.33,instability_ay_roll,True,vehicle_instability_allraw__jy__2025_09_26_17_40_51__000069905,Full raw rescreen. Anchor is derived from non-steering vehicle dynamics (ay/roll_rate). Steering metrics are only response evidence and must not be used to define onset.
instability_allraw_highconf_oldcode_v0_1,jy::2025_09_26_17_40_51::00325::instability_dynamic_onset,allraw_vehicle_instability_highconf,jy,train,Entity_Recording_2025_09_26_17_40_51_vehicle.csv,Entity_Recording_2025_09_26_17_40_51_vehicle.csv,F:\data_set_process\data_process\01_datasets\数据预处理\原始车辆数据\jy\Entity_Recording_2025_09_26_17_40_51_vehicle.csv,325,325,allraw_instability_rescreen_v0_1,secondary,extreme_active,all_raw_vehicle_dynamic_onset_non_steering,instability_ay_roll,straight,1,-0.00729802,all_raw_nonsteering_dynamic_onset,27917,139.585,600,400,400,2.0,True,True,409.995,True,True,,139.585,159.055,19.47,27917,31811,100.0,95.09,instability_ay_roll,True,vehicle_instability_allraw__jy__2025_09_26_17_40_51__000139585,Full raw rescreen. Anchor is derived from non-steering vehicle dynamics (ay/roll_rate). Steering metrics are only response evidence and must not be used to define onset.
instability_allraw_highconf_oldcode_v0_1,jy::2025_09_26_17_40_51::00326::instability_dynamic_onset,allraw_vehicle_instability_highconf,jy,train,Entity_Recording_2025_09_26_17_40_51_vehicle.csv,Entity_Recording_2025_09_26_17_40_51_vehicle.csv,F:\data_set_process\data_process\01_datasets\数据预处理\原始车辆数据\jy\Entity_Recording_2025_09_26_17_40_51_vehicle.csv,326,326,allraw_instability_rescreen_v0_1,secondary,extreme_active,all_raw_vehicle_dynamic_onset_non_steering,instability_ay_roll,straight,0,0.0,all_raw_nonsteering_dynamic_onset,40878,204.39,600,400,400,2.0,True,True,345.19,True,True,,204.39,209.31,4.92,40878,41862,100.0,85.37,instability_ay_roll,True,vehicle_instability_allraw__jy__2025_09_26_17_40_51__000204390,Full raw rescreen. Anchor is derived from non-steering vehicle dynamics (ay/roll_rate). Steering metrics are only response evidence and must not be used to define onset.
instability_allraw_highconf_oldcode_v0_1,jy::2025_09_26_17_40_51::00327::instability_dynamic_onset,allraw_vehicle_instability_highconf,jy,train,Entity_Recording_2025_09_26_17_40_51_vehicle.csv,Entity_Recording_2025_09_26_17_40_51_vehicle.csv,F:\data_set_process\data_process\01_datasets\数据预处理\原始车辆数据\jy\Entity_Recording_2025_09_26_17_40_51_vehicle.csv,327,327,allraw_instability_rescreen_v0_1,secondary,extreme_active,all_raw_vehicle_dynamic_onset_non_steering,instability_ay_roll,straight,0,0.0,all_raw_nonsteering_dynamic_onset,45703,228.515,600,400,400,2.0,True,True,321.065,True,True,,228.515,233.485,4.97,45703,46697,100.0,88.96,instability_ay_roll,True,vehicle_instability_allraw__jy__2025_09_26_17_40_51__000228515,Full raw rescreen. Anchor is derived from non-steering vehicle dynamics (ay/roll_rate). Steering metrics are only response evidence and must not be used to define onset.
instability_allraw_highconf_oldcode_v0_1,jy::2025_09_26_17_40_51::00328::instability_dynamic_onset,allraw_vehicle_instability_highconf,jy,train,Entity_Recording_2025_09_26_17_40_51_vehicle.csv,Entity_Recording_2025_09_26_17_40_51_vehicle.csv,F:\data_set_process\data_process\01_datasets\数据预处理\原始车辆数据\jy\Entity_Recording_2025_09_26_17_40_51_vehicle.csv,328,328,allraw_instability_rescreen_v0_1,primary,extreme_active,all_raw_vehicle_dynamic_onset_non_steering,instability_ay_roll,curve,0,-0.0,all_raw_nonsteering_dynamic_onset,55599,277.995,600,400,400,2.0,True,True,271.585,True,True,,277.995,290.88,12.885,55599,58176,100.0,94.28,instability_ay_roll,True,vehicle_instability_allraw__jy__2025_09_26_17_40_51__000277995,Full raw rescreen. Anchor is derived from non-steering vehicle dynamics (ay/roll_rate). Steering metrics are only response evidence and must not be used to define onset.
instability_allraw_highconf_oldcode_v0_1,jy::2025_09_26_17_40_51::00329::instability_dynamic_onset,allraw_vehicle_instability_highconf,jy,train,Entity_Recording_2025_09_26_17_40_51_vehicle.csv,Entity_Recording_2025_09_26_17_40_51_vehicle.csv,F:\data_set_process\data_process\01_datasets\数据预处理\原始车辆数据\jy\Entity_Recording_2025_09_26_17_40_51_vehicle.csv,329,329,allraw_instability_rescreen_v0_1,secondary,medium_active,all_raw_vehicle_dynamic_onset_non_steering,instability_ay_roll,straight,0,0.0,all_raw_nonsteering_dynamic_onset,79920,399.6,600,400,400,2.0,True,True,149.98,True,True,,399.6,406.925,7.325,79920,81385,92.35,61.17,instability_ay_roll,True,vehicle_instability_allraw__jy__2025_09_26_17_40_51__000399600,Full raw rescreen. Anchor is derived from non-steering vehicle dynamics (ay/roll_rate). Steering metrics are only response evidence and must not be used to define onset.
instability_allraw_highconf_oldcode_v0_1,jy::2025_09_26_17_40_51::00330::instability_dynamic_onset,allraw_vehicle_instability_highconf,jy,train,Entity_Recording_2025_09_26_17_40_51_vehicle.csv,Entity_Recording_2025_09_26_17_40_51_vehicle.csv,F:\data_set_process\data_process\01_datasets\数据预处理\原始车辆数据\jy\Entity_Recording_2025_09_26_17_40_51_vehicle.csv,330,330,allraw_instability_rescreen_v0_1,secondary,strong_active,all_raw_vehicle_dynamic_onset_non_steering,instability_ay_roll,curve,0,0.0,all_raw_nonsteering_dynamic_onset,89098,445.49,600,400,400,2.0,True,True,104.09,True,True,,445.49,472.17,26.68,89098,94434,97.75,69.69,instability_ay_roll,True,vehicle_instability_allraw__jy__2025_09_26_17_40_51__000445490,Full raw rescreen. Anchor is derived from non-steering vehicle dynamics (ay/roll_rate). Steering metrics are only response evidence and must not be used to define onset.
instability_allraw_highconf_oldcode_v0_1,jy::2025_09_26_17_40_51::00331::instability_dynamic_onset,allraw_vehicle_instability_highconf,jy,train,Entity_Recording_2025_09_26_17_40_51_vehicle.csv,Entity_Recording_2025_09_26_17_40_51_vehicle.csv,F:\data_set_process\data_process\01_datasets\数据预处理\原始车辆数据\jy\Entity_Recording_2025_09_26_17_40_51_vehicle.csv,331,331,allraw_instability_rescreen_v0_1,primary,extreme_active,all_raw_vehicle_dynamic_onset_non_steering,instability_ay_roll,straight,0,0.0,all_raw_nonsteering_dynamic_onset,105221,526.105,600,400,400,2.0,True,True,23.475,True,True,,526.105,540.635,14.53,105221,108127,100.0,74.64,instability_ay_roll,True,vehicle_instability_allraw__jy__2025_09_26_17_40_51__000526105,Full raw rescreen. Anchor is derived from non-steering vehicle dynamics (ay/roll_rate). Steering metrics are only response evidence and must not be used to define onset.
instability_allraw_highconf_oldcode_v0_1,jy::2025_09_26_17_51_46::00332::instability_dynamic_onset,allraw_vehicle_instability_highconf,jy,train,Entity_Recording_2025_09_26_17_51_46_vehicle.csv,Entity_Recording_2025_09_26_17_51_46_vehicle.csv,F:\data_set_process\data_process\01_datasets\数据预处理\原始车辆数据\jy\Entity_Recording_2025_09_26_17_51_46_vehicle.csv,332,332,allraw_instability_rescreen_v0_1,secondary,extreme_active,all_raw_vehicle_dynamic_onset_non_steering,instability_ay_roll,straight,1,-0.00729802,all_raw_nonsteering_dynamic_onset,25783,128.915,600,400,400,2.0,True,True,435.98,True,True,,128.915,145.175,16.26,25783,29035,100.0,94.52,instability_ay_roll,True,vehicle_instability_allraw__jy__2025_09_26_17_51_46__000128915,Full raw rescreen. Anchor is derived from non-steering vehicle dynamics (ay/roll_rate). Steering metrics are only response evidence and must not be used to define onset.
instability_allraw_highconf_oldcode_v0_1,jy::2025_09_26_17_51_46::00333::instability_dynamic_onset,allraw_vehicle_instability_highconf,jy,train,Entity_Recording_2025_09_26_17_51_46_vehicle.csv,Entity_Recording_2025_09_26_17_51_46_vehicle.csv,F:\data_set_process\data_process\01_datasets\数据预处理\原始车辆数据\jy\Entity_Recording_2025_09_26_17_51_46_vehicle.csv,333,333,allraw_instability_rescreen_v0_1,primary,medium_active,all_raw_vehicle_dynamic_onset_non_steering,instability_ay_roll,straight,0,-0.0,all_raw_nonsteering_dynamic_onset,36980,184.9,600,400,400,2.0,True,True,379.995,True,True,,184.9,190.21,5.31,36980,38042,88.46,61.2,instability_ay_roll,True,vehicle_instability_allraw__jy__2025_09_26_17_51_46__000184900,Full raw rescreen. Anchor is derived from non-steering vehicle dynamics (ay/roll_rate). Steering metrics are only response evidence and must not be used to define onset.
instability_allraw_highconf_oldcode_v0_1,jy::2025_09_26_17_51_46::00334::instability_dynamic_onset,allraw_vehicle_instability_highconf,jy,train,Entity_Recording_2025_09_26_17_51_46_vehicle.csv,Entity_Recording_2025_09_26_17_51_46_vehicle.csv,F:\data_set_process\data_process\01_datasets\数据预处理\原始车辆数据\jy\Entity_Recording_2025_09_26_17_51_46_vehicle.csv,334,334,allraw_instability_rescreen_v0_1,secondary,extreme_active,all_raw_vehicle_dynamic_onset_non_steering,instability_ay_roll,curve,0,0.0,all_raw_nonsteering_dynamic_onset,51485,257.425,600,400,400,2.0,True,True,307.47,True,True,,257.425,274.19,16.765,51485,54838,100.0,94.4,instability_ay_roll,True,vehicle_instability_allraw__jy__2025_09_26_17_51_46__000257425,Full raw rescreen. Anchor is derived from non-steering vehicle dynamics (ay/roll_rate). Steering metrics are only response evidence and must not be used to define onset.
instability_allraw_highconf_oldcode_v0_1,jy::2025_09_26_17_51_46::00335::instability_dynamic_onset,allraw_vehicle_instability_highconf,jy,train,Entity_Recording_2025_09_26_17_51_46_vehicle.csv,Entity_Recording_2025_09_26_17_51_46_vehicle.csv,F:\data_set_process\data_process\01_datasets\数据预处理\原始车辆数据\jy\Entity_Recording_2025_09_26_17_51_46_vehicle.csv,335,335,allraw_instability_rescreen_v0_1,secondary,medium_active,all_raw_vehicle_dynamic_onset_non_steering,instability_ay_roll,curve,0,-0.0,all_raw_nonsteering_dynamic_onset,108467,542.335,600,400,400,2.0,True,True,22.56,True,True,,542.335,551.875,9.54,108467,110375,86.75,63.77,instability_ay_roll,True,vehicle_instability_allraw__jy__2025_09_26_17_51_46__000542335,Full raw rescreen. Anchor is derived from non-steering vehicle dynamics (ay/roll_rate). Steering metrics are only response evidence and must not be used to define onset.
instability_allraw_highconf_oldcode_v0_1,jy::2025_09_26_18_01_40::00336::instability_dynamic_onset,allraw_vehicle_instability_highconf,jy,train,Entity_Recording_2025_09_26_18_01_40_vehicle.csv,Entity_Recording_2025_09_26_18_01_40_vehicle.csv,F:\data_set_process\data_process\01_datasets\数据预处理\原始车辆数据\jy\Entity_Recording_2025_09_26_18_01_40_vehicle.csv,336,336,allraw_instability_rescreen_v0_1,secondary,strong_active,all_raw_vehicle_dynamic_onset_non_steering,instability_ay_roll,straight,0,-0.0,all_raw_nonsteering_dynamic_onset,12941,64.705,600,400,400,2.0,True,True,457.98,True,True,,64.705,67.605,2.9,12941,13521,93.11,62.99,instability_ay_roll,True,vehicle_instability_allraw__jy__2025_09_26_18_01_40__000064705,Full raw rescreen. Anchor is derived from non-steering vehicle dynamics (ay/roll_rate). Steering metrics are only response evidence and must not be used to define onset.
instability_allraw_highconf_oldcode_v0_1,jy::2025_09_26_18_01_40::00337::instability_dynamic_onset,allraw_vehicle_instability_highconf,jy,train,Entity_Recording_2025_09_26_18_01_40_vehicle.csv,Entity_Recording_2025_09_26_18_01_40_vehicle.csv,F:\data_set_process\data_process\01_datasets\数据预处理\原始车辆数据\jy\Entity_Recording_2025_09_26_18_01_40_vehicle.csv,337,337,allraw_instability_rescreen_v0_1,secondary,extreme_active,all_raw_vehicle_dynamic_onset_non_steering,instability_ay_roll,curve,1,-0.00729802,all_raw_nonsteering_dynamic_onset,27265,136.325,600,400,400,2.0,True,True,386.36,True,True,,136.325,156.44,20.115,27265,31288,100.0,94.31,instability_ay_roll,True,vehicle_instability_allraw__jy__2025_09_26_18_01_40__000136325,Full raw rescreen. Anchor is derived from non-steering vehicle dynamics (ay/roll_rate). Steering metrics are only response evidence and must not be used to define onset.
instability_allraw_highconf_oldcode_v0_1,jy::2025_09_26_18_01_40::00338::instability_dynamic_onset,allraw_vehicle_instability_highconf,jy,train,Entity_Recording_2025_09_26_18_01_40_vehicle.csv,Entity_Recording_2025_09_26_18_01_40_vehicle.csv,F:\data_set_process\data_process\01_datasets\数据预处理\原始车辆数据\jy\Entity_Recording_2025_09_26_18_01_40_vehicle.csv,338,338,allraw_instability_rescreen_v0_1,primary,strong_active,all_raw_vehicle_dynamic_onset_non_steering,instability_ay_roll,straight,0,0.0,all_raw_nonsteering_dynamic_onset,39747,198.735,600,400,400,2.0,True,True,323.95,True,True,,198.735,202.885,4.15,39747,40577,100.0,67.42,instability_ay_roll,True,vehicle_instability_allraw__jy__2025_09_26_18_01_40__000198735,Full raw rescreen. Anchor is derived from non-steering vehicle dynamics (ay/roll_rate). Steering metrics are only response evidence and must not be used to define onset.
instability_allraw_highconf_oldcode_v0_1,jy::2025_09_26_18_01_40::00339::instability_dynamic_onset,allraw_vehicle_instability_highconf,jy,train,Entity_Recording_2025_09_26_18_01_40_vehicle.csv,Entity_Recording_2025_09_26_18_01_40_vehicle.csv,F:\data_set_process\data_process\01_datasets\数据预处理\原始车辆数据\jy\Entity_Recording_2025_09_26_18_01_40_vehicle.csv,339,339,allraw_instability_rescreen_v0_1,none,instability_medium,all_raw_vehicle_dynamic_onset_non_steering,instability_ay_roll,design_regular_road,0,0.0,all_raw_nonsteering_dynamic_onset,53667,268.335,600,400,400,2.0,True,True,254.35,True,True,,268.335,287.125,18.79,53667,57425,83.5,66.97,instability_ay_roll,True,vehicle_instability_allraw__jy__2025_09_26_18_01_40__000268335,Full raw rescreen. Anchor is derived from non-steering vehicle dynamics (ay/roll_rate). Steering metrics are only response evidence and must not be used to define onset.
instability_allraw_highconf_oldcode_v0_1,jy::2025_09_26_18_01_40::00340::instability_dynamic_onset,allraw_vehicle_instability_highconf,jy,train,Entity_Recording_2025_09_26_18_01_40_vehicle.csv,Entity_Recording_2025_09_26_18_01_40_vehicle.csv,F:\data_set_process\data_process\01_datasets\数据预处理\原始车辆数据\jy\Entity_Recording_2025_09_26_18_01_40_vehicle.csv,340,340,allraw_instability_rescreen_v0_1,primary,strong_active,all_raw_vehicle_dynamic_onset_non_steering,instability_ay_roll,straight,0,0.0,all_raw_nonsteering_dynamic_onset,65320,326.6,600,400,400,2.0,True,True,196.085,True,True,,326.6,328.68,2.08,65320,65736,86.18,56.66,instability_ay_roll,True,vehicle_instability_allraw__jy__2025_09_26_18_01_40__000326600,Full raw rescreen. Anchor is derived from non-steering vehicle dynamics (ay/roll_rate). Steering metrics are only response evidence and must not be used to define onset.
instability_allraw_highconf_oldcode_v0_1,jy::2025_09_26_18_01_40::00341::instability_dynamic_onset,allraw_vehicle_instability_highconf,jy,train,Entity_Recording_2025_09_26_18_01_40_vehicle.csv,Entity_Recording_2025_09_26_18_01_40_vehicle.csv,F:\data_set_process\data_process\01_datasets\数据预处理\原始车辆数据\jy\Entity_Recording_2025_09_26_18_01_40_vehicle.csv,341,341,allraw_instability_rescreen_v0_1,secondary,medium_active,all_raw_vehicle_dynamic_onset_non_steering,instability_ay_roll,straight,0,-0.0,all_raw_nonsteering_dynamic_onset,80760,403.8,600,400,400,2.0,True,True,118.885,True,True,,403.8,411.085,7.285,80760,82217,97.37,64.99,instability_ay_roll,True,vehicle_instability_allraw__jy__2025_09_26_18_01_40__000403800,Full raw rescreen. Anchor is derived from non-steering vehicle dynamics (ay/roll_rate). Steering metrics are only response evidence and must not be used to define onset.
instability_allraw_highconf_oldcode_v0_1,jy::2025_09_26_18_01_40::00342::instability_dynamic_onset,allraw_vehicle_instability_highconf,jy,train,Entity_Recording_2025_09_26_18_01_40_vehicle.csv,Entity_Recording_2025_09_26_18_01_40_vehicle.csv,F:\data_set_process\data_process\01_datasets\数据预处理\原始车辆数据\jy\Entity_Recording_2025_09_26_18_01_40_vehicle.csv,342,342,allraw_instability_rescreen_v0_1,secondary,strong_active,all_raw_vehicle_dynamic_onset_non_steering,instability_ay_roll,curve,0,0.0,all_raw_nonsteering_dynamic_onset,99628,498.14,600,400,400,2.0,True,True,24.545,True,True,,498.14,515.18,17.04,99628,103036,96.58,67.7,instability_ay_roll,True,vehicle_instability_allraw__jy__2025_09_26_18_01_40__000498140,Full raw rescreen. Anchor is derived from non-steering vehicle dynamics (ay/roll_rate). Steering metrics are only response evidence and must not be used to define onset.
instability_allraw_highconf_oldcode_v0_1,lx::2025_09_26_08_58_43::00343::instability_dynamic_onset,allraw_vehicle_instability_highconf,lx,train,Entity_Recording_2025_09_26_08_58_43_vehicle.csv,Entity_Recording_2025_09_26_08_58_43_vehicle.csv,F:\data_set_process\data_process\01_datasets\数据预处理\原始车辆数据\lx\Entity_Recording_2025_09_26_08_58_43_vehicle.csv,343,343,allraw_instability_rescreen_v0_1,secondary,extreme_active,all_raw_vehicle_dynamic_onset_non_steering,instability_ay_roll,straight,1,-0.00729802,all_raw_nonsteering_dynamic_onset,30955,154.775,600,400,400,2.0,True,True,118.27,True,True,,154.775,185.445,30.67,30955,37089,100.0,78.23,instability_ay_roll,True,vehicle_instability_allraw__lx__2025_09_26_08_58_43__000154775,Full raw rescreen. Anchor is derived from non-steering vehicle dynamics (ay/roll_rate). Steering metrics are only response evidence and must not be used to define onset.
instability_allraw_highconf_oldcode_v0_1,lx::2025_09_26_08_58_43::00344::instability_dynamic_onset,allraw_vehicle_instability_highconf,lx,train,Entity_Recording_2025_09_26_08_58_43_vehicle.csv,Entity_Recording_2025_09_26_08_58_43_vehicle.csv,F:\data_set_process\data_process\01_datasets\数据预处理\原始车辆数据\lx\Entity_Recording_2025_09_26_08_58_43_vehicle.csv,344,344,allraw_instability_rescreen_v0_1,secondary,extreme_active,all_raw_vehicle_dynamic_onset_non_steering,instability_ay_roll,straight,0,-0.0,all_raw_nonsteering_dynamic_onset,50000,250.0,600,400,400,2.0,True,True,23.045,True,True,,250.0,268.925,18.925,50000,53785,100.0,95.09,instability_ay_roll,True,vehicle_instability_allraw__lx__2025_09_26_08_58_43__000250000,Full raw rescreen. Anchor is derived from non-steering vehicle dynamics (ay/roll_rate). Steering metrics are only response evidence and must not be used to define onset.
instability_allraw_highconf_oldcode_v0_1,lx::2025_09_26_09_06_38::00345::instability_dynamic_onset,allraw_vehicle_instability_highconf,lx,train,Entity_Recording_2025_09_26_09_06_38_vehicle.csv,Entity_Recording_2025_09_26_09_06_38_vehicle.csv,F:\data_set_process\data_process\01_datasets\数据预处理\原始车辆数据\lx\Entity_Recording_2025_09_26_09_06_38_vehicle.csv,345,345,allraw_instability_rescreen_v0_1,secondary,extreme_active,all_raw_vehicle_dynamic_onset_non_steering,instability_ay_roll,straight,0,0.0,all_raw_nonsteering_dynamic_onset,12960,64.8,600,400,400,2.0,True,True,318.245,True,True,,64.8,92.88,28.08,12960,18576,100.0,77.95,instability_ay_roll,True,vehicle_instability_allraw__lx__2025_09_26_09_06_38__000064800,Full raw rescreen. Anchor is derived from non-steering vehicle dynamics (ay/roll_rate). Steering metrics are only response evidence and must not be used to define onset.
instability_allraw_highconf_oldcode_v0_1,lx::2025_09_26_09_06_38::00346::instability_dynamic_onset,allraw_vehicle_instability_highconf,lx,train,Entity_Recording_2025_09_26_09_06_38_vehicle.csv,Entity_Recording_2025_09_26_09_06_38_vehicle.csv,F:\data_set_process\data_process\01_datasets\数据预处理\原始车辆数据\lx\Entity_Recording_2025_09_26_09_06_38_vehicle.csv,346,346,allraw_instability_rescreen_v0_1,secondary,strong_active,all_raw_vehicle_dynamic_onset_non_steering,instability_ay_roll,curve,1,-0.00729802,all_raw_nonsteering_dynamic_onset,43004,215.02,600,400,400,2.0,True,True,168.025,True,True,,215.02,216.555,1.535,43004,43311,99.32,73.5,instability_ay_roll,True,vehicle_instability_allraw__lx__2025_09_26_09_06_38__000215020,Full raw rescreen. Anchor is derived from non-steering vehicle dynamics (ay/roll_rate). Steering metrics are only response evidence and must not be used to define onset.
instability_allraw_highconf_oldcode_v0_1,lx::2025_09_26_09_06_38::00347::instability_dynamic_onset,allraw_vehicle_instability_highconf,lx,train,Entity_Recording_2025_09_26_09_06_38_vehicle.csv,Entity_Recording_2025_09_26_09_06_38_vehicle.csv,F:\data_set_process\data_process\01_datasets\数据预处理\原始车辆数据\lx\Entity_Recording_2025_09_26_09_06_38_vehicle.csv,347,347,allraw_instability_rescreen_v0_1,secondary,strong_active,all_raw_vehicle_dynamic_onset_non_steering,instability_ay_roll,curve,1,-0.00729802,all_raw_nonsteering_dynamic_onset,44047,220.235,600,400,400,2.0,True,True,162.81,True,True,,220.235,225.14,4.905,44047,45028,100.0,76.3,instability_ay_roll,True,vehicle_instability_allraw__lx__2025_09_26_09_06_38__000220235,Full raw rescreen. Anchor is derived from non-steering vehicle dynamics (ay/roll_rate). Steering metrics are only response evidence and must not be used to define onset.
instability_allraw_highconf_oldcode_v0_1,lx::2025_09_26_09_17_22::00348::instability_dynamic_onset,allraw_vehicle_instability_highconf,lx,train,Entity_Recording_2025_09_26_09_17_22_vehicle.csv,Entity_Recording_2025_09_26_09_17_22_vehicle.csv,F:\data_set_process\data_process\01_datasets\数据预处理\原始车辆数据\lx\Entity_Recording_2025_09_26_09_17_22_vehicle.csv,348,348,allraw_instability_rescreen_v0_1,secondary,strong_active,all_raw_vehicle_dynamic_onset_non_steering,instability_ay_roll,straight,0,0.0,all_raw_nonsteering_dynamic_onset,12149,60.745,600,400,400,2.0,True,True,558.745,True,True,,60.745,67.76,7.015,12149,13552,100.0,74.62,instability_ay_roll,True,vehicle_instability_allraw__lx__2025_09_26_09_17_22__000060745,Full raw rescreen. Anchor is derived from non-steering vehicle dynamics (ay/roll_rate). Steering metrics are only response evidence and must not be used to define onset.
instability_allraw_highconf_oldcode_v0_1,lx::2025_09_26_09_17_22::00349::instability_dynamic_onset,allraw_vehicle_instability_highconf,lx,train,Entity_Recording_2025_09_26_09_17_22_vehicle.csv,Entity_Recording_2025_09_26_09_17_22_vehicle.csv,F:\data_set_process\data_process\01_datasets\数据预处理\原始车辆数据\lx\Entity_Recording_2025_09_26_09_17_22_vehicle.csv,349,349,allraw_instability_rescreen_v0_1,secondary,extreme_active,all_raw_vehicle_dynamic_onset_non_steering,instability_ay_roll,curve,1,-0.00729802,all_raw_nonsteering_dynamic_onset,27063,135.315,600,400,400,2.0,True,True,484.175,True,True,,135.315,142.32,7.005,27063,28464,100.0,94.34,instability_ay_roll,True,vehicle_instability_allraw__lx__2025_09_26_09_17_22__000135315,Full raw rescreen. Anchor is derived from non-steering vehicle dynamics (ay/roll_rate). Steering metrics are only response evidence and must not be used to define onset.
instability_allraw_highconf_oldcode_v0_1,lx::2025_09_26_09_17_22::00350::instability_dynamic_onset,allraw_vehicle_instability_highconf,lx,train,Entity_Recording_2025_09_26_09_17_22_vehicle.csv,Entity_Recording_2025_09_26_09_17_22_vehicle.csv,F:\data_set_process\data_process\01_datasets\数据预处理\原始车辆数据\lx\Entity_Recording_2025_09_26_09_17_22_vehicle.csv,350,350,allraw_instability_rescreen_v0_1,secondary,extreme_active,all_raw_vehicle_dynamic_onset_non_steering,instability_ay_roll,curve,1,-0.00729802,all_raw_nonsteering_dynamic_onset,29147,145.735,600,400,400,2.0,True,True,473.755,True,True,,145.735,146.81,1.075,29147,29362,100.0,91.7,instability_ay_roll,True,vehicle_instability_allraw__lx__2025_09_26_09_17_22__000145735,Full raw rescreen. Anchor is derived from non-steering vehicle dynamics (ay/roll_rate). Steering metrics are only response evidence and must not be used to define onset.
instability_allraw_highconf_oldcode_v0_1,lx::2025_09_26_09_17_22::00351::instability_dynamic_onset,allraw_vehicle_instability_highconf,lx,train,Entity_Recording_2025_09_26_09_17_22_vehicle.csv,Entity_Recording_2025_09_26_09_17_22_vehicle.csv,F:\data_set_process\data_process\01_datasets\数据预处理\原始车辆数据\lx\Entity_Recording_2025_09_26_09_17_22_vehicle.csv,351,351,allraw_instability_rescreen_v0_1,primary,extreme_active,all_raw_vehicle_dynamic_onset_non_steering,instability_ay_roll,curve,1,-0.00729802,all_raw_nonsteering_dynamic_onset,30252,151.26,600,400,400,2.0,True,True,468.23,True,True,,151.26,153.91,2.65,30252,30782,100.0,65.2,instability_ay_roll,True,vehicle_instability_allraw__lx__2025_09_26_09_17_22__000151260,Full raw rescreen. Anchor is derived from non-steering vehicle dynamics (ay/roll_rate). Steering metrics are only response evidence and must not be used to define onset.
instability_allraw_highconf_oldcode_v0_1,lx::2025_09_26_09_17_22::00352::instability_dynamic_onset,allraw_vehicle_instability_highconf,lx,train,Entity_Recording_2025_09_26_09_17_22_vehicle.csv,Entity_Recording_2025_09_26_09_17_22_vehicle.csv,F:\data_set_process\data_process\01_datasets\数据预处理\原始车辆数据\lx\Entity_Recording_2025_09_26_09_17_22_vehicle.csv,352,352,allraw_instability_rescreen_v0_1,secondary,strong_active,all_raw_vehicle_dynamic_onset_non_steering,instability_ay_roll,straight,0,0.0,all_raw_nonsteering_dynamic_onset,43107,215.535,600,400,400,2.0,True,True,403.955,True,True,,215.535,224.53,8.995,43107,44906,96.93,63.42,instability_ay_roll,True,vehicle_instability_allraw__lx__2025_09_26_09_17_22__000215535,Full raw rescreen. Anchor is derived from non-steering vehicle dynamics (ay/roll_rate). Steering metrics are only response evidence and must not be used to define onset.
instability_allraw_highconf_oldcode_v0_1,lx::2025_09_26_09_17_22::00353::instability_dynamic_onset,allraw_vehicle_instability_highconf,lx,train,Entity_Recording_2025_09_26_09_17_22_vehicle.csv,Entity_Recording_2025_09_26_09_17_22_vehicle.csv,F:\data_set_process\data_process\01_datasets\数据预处理\原始车辆数据\lx\Entity_Recording_2025_09_26_09_17_22_vehicle.csv,353,353,allraw_instability_rescreen_v0_1,secondary,extreme_active,all_raw_vehicle_dynamic_onset_non_steering,instability_ay_roll,straight,0,0.0,all_raw_nonsteering_dynamic_onset,52626,263.13,600,400,400,2.0,True,True,356.36,True,True,,263.13,275.835,12.705,52626,55167,100.0,72.62,instability_ay_roll,True,vehicle_instability_allraw__lx__2025_09_26_09_17_22__000263130,Full raw rescreen. Anchor is derived from non-steering vehicle dynamics (ay/roll_rate). Steering metrics are only response evidence and must not be used to define onset.
instability_allraw_highconf_oldcode_v0_1,lx::2025_09_26_09_17_22::00354::instability_dynamic_onset,allraw_vehicle_instability_highconf,lx,train,Entity_Recording_2025_09_26_09_17_22_vehicle.csv,Entity_Recording_2025_09_26_09_17_22_vehicle.csv,F:\data_set_process\data_process\01_datasets\数据预处理\原始车辆数据\lx\Entity_Recording_2025_09_26_09_17_22_vehicle.csv,354,354,allraw_instability_rescreen_v0_1,secondary,strong_active,all_raw_vehicle_dynamic_onset_non_steering,instability_ay_roll,curve,0,0.0,all_raw_nonsteering_dynamic_onset,64913,324.565,600,400,400,2.0,True,True,294.925,True,True,,324.565,346.055,21.49,64913,69211,100.0,73.94,instability_ay_roll,True,vehicle_instability_allraw__lx__2025_09_26_09_17_22__000324565,Full raw rescreen. Anchor is derived from non-steering vehicle dynamics (ay/roll_rate). Steering metrics are only response evidence and must not be used to define onset.
instability_allraw_highconf_oldcode_v0_1,lx::2025_09_26_09_17_22::00355::instability_dynamic_onset,allraw_vehicle_instability_highconf,lx,train,Entity_Recording_2025_09_26_09_17_22_vehicle.csv,Entity_Recording_2025_09_26_09_17_22_vehicle.csv,F:\data_set_process\data_process\01_datasets\数据预处理\原始车辆数据\lx\Entity_Recording_2025_09_26_09_17_22_vehicle.csv,355,355,allraw_instability_rescreen_v0_1,secondary,extreme_active,all_raw_vehicle_dynamic_onset_non_steering,instability_ay_roll,straight,0,0.0,all_raw_nonsteering_dynamic_onset,77052,385.26,600,400,400,2.0,True,True,234.23,True,True,,385.26,390.345,5.085,77052,78069,89.61,55.12,instability_ay_roll,True,vehicle_instability_allraw__lx__2025_09_26_09_17_22__000385260,Full raw rescreen. Anchor is derived from non-steering vehicle dynamics (ay/roll_rate). Steering metrics are only response evidence and must not be used to define onset.
instability_allraw_highconf_oldcode_v0_1,lx::2025_09_26_09_17_22::00356::instability_dynamic_onset,allraw_vehicle_instability_highconf,lx,train,Entity_Recording_2025_09_26_09_17_22_vehicle.csv,Entity_Recording_2025_09_26_09_17_22_vehicle.csv,F:\data_set_process\data_process\01_datasets\数据预处理\原始车辆数据\lx\Entity_Recording_2025_09_26_09_17_22_vehicle.csv,356,356,allraw_instability_rescreen_v0_1,secondary,strong_active,all_raw_vehicle_dynamic_onset_non_steering,instability_ay_roll,straight,0,0.0,all_raw_nonsteering_dynamic_onset,95383,476.915,600,400,400,2.0,True,True,142.575,True,True,,476.915,477.565,0.65,95383,95513,100.0,70.89,instability_ay_roll,True,vehicle_instability_allraw__lx__2025_09_26_09_17_22__000476915,Full raw rescreen. Anchor is derived from non-steering vehicle dynamics (ay/roll_rate). Steering metrics are only response evidence and must not be used to define onset.
instability_allraw_highconf_oldcode_v0_1,lx::2025_09_26_09_17_22::00357::instability_dynamic_onset,allraw_vehicle_instability_highconf,lx,train,Entity_Recording_2025_09_26_09_17_22_vehicle.csv,Entity_Recording_2025_09_26_09_17_22_vehicle.csv,F:\data_set_process\data_process\01_datasets\数据预处理\原始车辆数据\lx\Entity_Recording_2025_09_26_09_17_22_vehicle.csv,357,357,allraw_instability_rescreen_v0_1,secondary,strong_active,all_raw_vehicle_dynamic_onset_non_steering,instability_ay_roll,straight,0,0.0,all_raw_nonsteering_dynamic_onset,96098,480.49,600,400,400,2.0,True,True,139.0,True,True,,480.49,485.8,5.31,96098,97160,100.0,76.63,instability_ay_roll,True,vehicle_instability_allraw__lx__2025_09_26_09_17_22__000480490,Full raw rescreen. Anchor is derived from non-steering vehicle dynamics (ay/roll_rate). Steering metrics are only response evidence and must not be used to define onset.
instability_allraw_highconf_oldcode_v0_1,lxy::2025_09_28_17_55_52::00358::instability_dynamic_onset,allraw_vehicle_instability_highconf,lxy,train,Entity_Recording_2025_09_28_17_55_52_vehicle.csv,Entity_Recording_2025_09_28_17_55_52_vehicle.csv,F:\data_set_process\data_process\01_datasets\数据预处理\原始车辆数据\lxy\Entity_Recording_2025_09_28_17_55_52_vehicle.csv,358,358,allraw_instability_rescreen_v0_1,primary,medium_active,all_raw_vehicle_dynamic_onset_non_steering,instability_ay_roll,straight,0,-0.0,all_raw_nonsteering_dynamic_onset,7568,37.84,600,400,400,2.0,True,True,555.365,True,True,,37.84,44.685,6.845,7568,8937,86.24,59.82,instability_ay_roll,True,vehicle_instability_allraw__lxy__2025_09_28_17_55_52__000037840,Full raw rescreen. Anchor is derived from non-steering vehicle dynamics (ay/roll_rate). Steering metrics are only response evidence and must not be used to define onset.
instability_allraw_highconf_oldcode_v0_1,lxy::2025_09_28_17_55_52::00359::instability_dynamic_onset,allraw_vehicle_instability_highconf,lxy,train,Entity_Recording_2025_09_28_17_55_52_vehicle.csv,Entity_Recording_2025_09_28_17_55_52_vehicle.csv,F:\data_set_process\data_process\01_datasets\数据预处理\原始车辆数据\lxy\Entity_Recording_2025_09_28_17_55_52_vehicle.csv,359,359,allraw_instability_rescreen_v0_1,secondary,strong_active,all_raw_vehicle_dynamic_onset_non_steering,instability_ay_roll,straight,0,0.0,all_raw_nonsteering_dynamic_onset,11450,57.25,600,400,400,2.0,True,True,535.955,True,True,,57.25,67.475,10.225,11450,13495,100.0,75.71,instability_ay_roll,True,vehicle_instability_allraw__lxy__2025_09_28_17_55_52__000057250,Full raw rescreen. Anchor is derived from non-steering vehicle dynamics (ay/roll_rate). Steering metrics are only response evidence and must not be used to define onset.
instability_allraw_highconf_oldcode_v0_1,lxy::2025_09_28_17_55_52::00360::instability_dynamic_onset,allraw_vehicle_instability_highconf,lxy,train,Entity_Recording_2025_09_28_17_55_52_vehicle.csv,Entity_Recording_2025_09_28_17_55_52_vehicle.csv,F:\data_set_process\data_process\01_datasets\数据预处理\原始车辆数据\lxy\Entity_Recording_2025_09_28_17_55_52_vehicle.csv,360,360,allraw_instability_rescreen_v0_1,secondary,medium_active,all_raw_vehicle_dynamic_onset_non_steering,instability_ay_roll,straight,0,0.0,all_raw_nonsteering_dynamic_onset,17836,89.18,600,400,400,2.0,True,True,504.025,True,True,,89.18,98.035,8.855,17836,19607,91.31,66.91,instability_ay_roll,True,vehicle_instability_allraw__lxy__2025_09_28_17_55_52__000089180,Full raw rescreen. Anchor is derived from non-steering vehicle dynamics (ay/roll_rate). Steering metrics are only response evidence and must not be used to define onset.
instability_allraw_highconf_oldcode_v0_1,lxy::2025_09_28_17_55_52::00361::instability_dynamic_onset,allraw_vehicle_instability_highconf,lxy,train,Entity_Recording_2025_09_28_17_55_52_vehicle.csv,Entity_Recording_2025_09_28_17_55_52_vehicle.csv,F:\data_set_process\data_process\01_datasets\数据预处理\原始车辆数据\lxy\Entity_Recording_2025_09_28_17_55_52_vehicle.csv,361,361,allraw_instability_rescreen_v0_1,secondary,extreme_active,all_raw_vehicle_dynamic_onset_non_steering,instability_ay_roll,straight,1,-0.00729802,all_raw_nonsteering_dynamic_onset,26320,131.6,600,400,400,2.0,True,True,461.605,True,True,,131.6,151.765,20.165,26320,30353,100.0,77.53,instability_ay_roll,True,vehicle_instability_allraw__lxy__2025_09_28_17_55_52__000131600,Full raw rescreen. Anchor is derived from non-steering vehicle dynamics (ay/roll_rate). Steering metrics are only response evidence and must not be used to define onset.
instability_allraw_highconf_oldcode_v0_1,lxy::2025_09_28_17_55_52::00362::instability_dynamic_onset,allraw_vehicle_instability_highconf,lxy,train,Entity_Recording_2025_09_28_17_55_52_vehicle.csv,Entity_Recording_2025_09_28_17_55_52_vehicle.csv,F:\data_set_process\data_process\01_datasets\数据预处理\原始车辆数据\lxy\Entity_Recording_2025_09_28_17_55_52_vehicle.csv,362,362,allraw_instability_rescreen_v0_1,secondary,extreme_active,all_raw_vehicle_dynamic_onset_non_steering,instability_ay_roll,straight,0,0.0,all_raw_nonsteering_dynamic_onset,32183,160.915,600,400,400,2.0,True,True,432.29,True,True,,160.915,178.14,17.225,32183,35628,100.0,75.87,instability_ay_roll,True,vehicle_instability_allraw__lxy__2025_09_28_17_55_52__000160915,Full raw rescreen. Anchor is derived from non-steering vehicle dynamics (ay/roll_rate). Steering metrics are only response evidence and must not be used to define onset.
instability_allraw_highconf_oldcode_v0_1,lxy::2025_09_28_17_55_52::00363::instability_dynamic_onset,allraw_vehicle_instability_highconf,lxy,train,Entity_Recording_2025_09_28_17_55_52_vehicle.csv,Entity_Recording_2025_09_28_17_55_52_vehicle.csv,F:\data_set_process\data_process\01_datasets\数据预处理\原始车辆数据\lxy\Entity_Recording_2025_09_28_17_55_52_vehicle.csv,363,363,allraw_instability_rescreen_v0_1,secondary,strong_active,all_raw_vehicle_dynamic_onset_non_steering,instability_ay_roll,straight,0,0.0,all_raw_nonsteering_dynamic_onset,37297,186.485,600,400,400,2.0,True,True,406.72,True,True,,186.485,195.135,8.65,37297,39027,100.0,72.55,instability_ay_roll,True,vehicle_instability_allraw__lxy__2025_09_28_17_55_52__000186485,Full raw rescreen. Anchor is derived from non-steering vehicle dynamics (ay/roll_rate). Steering metrics are only response evidence and must not be used to define onset.
instability_allraw_highconf_oldcode_v0_1,lxy::2025_09_28_17_55_52::00364::instability_dynamic_onset,allraw_vehicle_instability_highconf,lxy,train,Entity_Recording_2025_09_28_17_55_52_vehicle.csv,Entity_Recording_2025_09_28_17_55_52_vehicle.csv,F:\data_set_process\data_process\01_datasets\数据预处理\原始车辆数据\lxy\Entity_Recording_2025_09_28_17_55_52_vehicle.csv,364,364,allraw_instability_rescreen_v0_1,secondary,strong_active,all_raw_vehicle_dynamic_onset_non_steering,instability_ay_roll,straight,0,0.0,all_raw_nonsteering_dynamic_onset,40489,202.445,600,400,400,2.0,True,True,390.76,True,True,,202.445,223.325,20.88,40489,44665,100.0,73.13,instability_ay_roll,True,vehicle_instability_allraw__lxy__2025_09_28_17_55_52__000202445,Full raw rescreen. Anchor is derived from non-steering vehicle dynamics (ay/roll_rate). Steering metrics are only response evidence and must not be used to define onset.
instability_allraw_highconf_oldcode_v0_1,lxy::2025_09_28_17_55_52::00365::instability_dynamic_onset,allraw_vehicle_instability_highconf,lxy,train,Entity_Recording_2025_09_28_17_55_52_vehicle.csv,Entity_Recording_2025_09_28_17_55_52_vehicle.csv,F:\data_set_process\data_process\01_datasets\数据预处理\原始车辆数据\lxy\Entity_Recording_2025_09_28_17_55_52_vehicle.csv,365,365,allraw_instability_rescreen_v0_1,secondary,extreme_active,all_raw_vehicle_dynamic_onset_non_steering,instability_ay_roll,straight,0,0.0,all_raw_nonsteering_dynamic_onset,45319,226.595,600,400,400,2.0,True,True,366.61,True,True,,226.595,236.25,9.655,45319,47250,100.0,94.8,instability_ay_roll,True,vehicle_instability_allraw__lxy__2025_09_28_17_55_52__000226595,Full raw rescreen. Anchor is derived from non-steering vehicle dynamics (ay/roll_rate). Steering metrics are only response evidence and must not be used to define onset.
instability_allraw_highconf_oldcode_v0_1,lxy::2025_09_28_17_55_52::00366::instability_dynamic_onset,allraw_vehicle_instability_highconf,lxy,train,Entity_Recording_2025_09_28_17_55_52_vehicle.csv,Entity_Recording_2025_09_28_17_55_52_vehicle.csv,F:\data_set_process\data_process\01_datasets\数据预处理\原始车辆数据\lxy\Entity_Recording_2025_09_28_17_55_52_vehicle.csv,366,366,allraw_instability_rescreen_v0_1,primary,strong_active,all_raw_vehicle_dynamic_onset_non_steering,instability_ay_roll,straight,0,0.0,all_raw_nonsteering_dynamic_onset,48380,241.9,600,400,400,2.0,True,True,351.305,True,True,,241.9,251.35,9.45,48380,50270,100.0,93.93,instability_ay_roll,True,vehicle_instability_allraw__lxy__2025_09_28_17_55_52__000241900,Full raw rescreen. Anchor is derived from non-steering vehicle dynamics (ay/roll_rate). Steering metrics are only response evidence and must not be used to define onset.
instability_allraw_highconf_oldcode_v0_1,lxy::2025_09_28_17_55_52::00367::instability_dynamic_onset,allraw_vehicle_instability_highconf,lxy,train,Entity_Recording_2025_09_28_17_55_52_vehicle.csv,Entity_Recording_2025_09_28_17_55_52_vehicle.csv,F:\data_set_process\data_process\01_datasets\数据预处理\原始车辆数据\lxy\Entity_Recording_2025_09_28_17_55_52_vehicle.csv,367,367,allraw_instability_rescreen_v0_1,none,instability_extreme,all_raw_vehicle_dynamic_onset_non_steering,instability_ay_roll,design_regular_road,0,-0.0,all_raw_nonsteering_dynamic_onset,51084,255.42,600,400,400,2.0,True,True,337.785,True,True,,255.42,270.09,14.67,51084,54018,100.0,93.42,instability_ay_roll,True,vehicle_instability_allraw__lxy__2025_09_28_17_55_52__000255420,Full raw rescreen. Anchor is derived from non-steering vehicle dynamics (ay/roll_rate). Steering metrics are only response evidence and must not be used to define onset.
instability_allraw_highconf_oldcode_v0_1,lxy::2025_09_28_17_55_52::00368::instability_dynamic_onset,allraw_vehicle_instability_highconf,lxy,train,Entity_Recording_2025_09_28_17_55_52_vehicle.csv,Entity_Recording_2025_09_28_17_55_52_vehicle.csv,F:\data_set_process\data_process\01_datasets\数据预处理\原始车辆数据\lxy\Entity_Recording_2025_09_28_17_55_52_vehicle.csv,368,368,allraw_instability_rescreen_v0_1,primary,strong_active,all_raw_vehicle_dynamic_onset_non_steering,instability_ay_roll,straight,0,0.0,all_raw_nonsteering_dynamic_onset,54787,273.935,600,400,400,2.0,True,True,319.27,True,True,,273.935,277.43,3.495,54787,55486,100.0,91.58,instability_ay_roll,True,vehicle_instability_allraw__lxy__2025_09_28_17_55_52__000273935,Full raw rescreen. Anchor is derived from non-steering vehicle dynamics (ay/roll_rate). Steering metrics are only response evidence and must not be used to define onset.
instability_allraw_highconf_oldcode_v0_1,lxy::2025_09_28_17_55_52::00369::instability_dynamic_onset,allraw_vehicle_instability_highconf,lxy,train,Entity_Recording_2025_09_28_17_55_52_vehicle.csv,Entity_Recording_2025_09_28_17_55_52_vehicle.csv,F:\data_set_process\data_process\01_datasets\数据预处理\原始车辆数据\lxy\Entity_Recording_2025_09_28_17_55_52_vehicle.csv,369,369,allraw_instability_rescreen_v0_1,secondary,weak,all_raw_vehicle_dynamic_onset_non_steering,instability_ay_roll,straight,0,0.0,all_raw_nonsteering_dynamic_onset,55991,279.955,600,400,400,2.0,True,True,313.25,True,True,,279.955,281.565,1.61,55991,56313,100.0,87.95,instability_ay_roll,True,vehicle_instability_allraw__lxy__2025_09_28_17_55_52__000279955,Full raw rescreen. Anchor is derived from non-steering vehicle dynamics (ay/roll_rate). Steering metrics are only response evidence and must not be used to define onset.
instability_allraw_highconf_oldcode_v0_1,lxy::2025_09_28_17_55_52::00370::instability_dynamic_onset,allraw_vehicle_instability_highconf,lxy,train,Entity_Recording_2025_09_28_17_55_52_vehicle.csv,Entity_Recording_2025_09_28_17_55_52_vehicle.csv,F:\data_set_process\data_process\01_datasets\数据预处理\原始车辆数据\lxy\Entity_Recording_2025_09_28_17_55_52_vehicle.csv,370,370,allraw_instability_rescreen_v0_1,secondary,weak,all_raw_vehicle_dynamic_onset_non_steering,instability_ay_roll,curve,0,-0.0,all_raw_nonsteering_dynamic_onset,61530,307.65,600,400,400,2.0,True,True,285.555,True,True,,307.65,324.415,16.765,61530,64883,96.23,76.29,instability_ay_roll,True,vehicle_instability_allraw__lxy__2025_09_28_17_55_52__000307650,Full raw rescreen. Anchor is derived from non-steering vehicle dynamics (ay/roll_rate). Steering metrics are only response evidence and must not be used to define onset.
instability_allraw_highconf_oldcode_v0_1,lxy::2025_09_28_17_55_52::00371::instability_dynamic_onset,allraw_vehicle_instability_highconf,lxy,train,Entity_Recording_2025_09_28_17_55_52_vehicle.csv,Entity_Recording_2025_09_28_17_55_52_vehicle.csv,F:\data_set_process\data_process\01_datasets\数据预处理\原始车辆数据\lxy\Entity_Recording_2025_09_28_17_55_52_vehicle.csv,371,371,allraw_instability_rescreen_v0_1,secondary,extreme_active,all_raw_vehicle_dynamic_onset_non_steering,instability_roll_only,straight,1,-2.82e-06,all_raw_nonsteering_dynamic_onset,71414,357.07,600,400,400,2.0,True,True,236.135,True,True,,357.07,357.3,0.23,71414,71460,92.24,58.31,instability_roll_only,True,vehicle_instability_allraw__lxy__2025_09_28_17_55_52__000357070,Full raw rescreen. Anchor is derived from non-steering vehicle dynamics (ay/roll_rate). Steering metrics are only response evidence and must not be used to define onset.
instability_allraw_highconf_oldcode_v0_1,lxy::2025_09_28_17_55_52::00372::instability_dynamic_onset,allraw_vehicle_instability_highconf,lxy,train,Entity_Recording_2025_09_28_17_55_52_vehicle.csv,Entity_Recording_2025_09_28_17_55_52_vehicle.csv,F:\data_set_process\data_process\01_datasets\数据预处理\原始车辆数据\lxy\Entity_Recording_2025_09_28_17_55_52_vehicle.csv,372,372,allraw_instability_rescreen_v0_1,primary,extreme_active,all_raw_vehicle_dynamic_onset_non_steering,instability_ay_roll,straight,0,0.0,all_raw_nonsteering_dynamic_onset,72182,360.91,600,400,400,2.0,True,True,232.295,True,True,,360.91,365.825,4.915,72182,73165,100.0,72.09,instability_ay_roll,True,vehicle_instability_allraw__lxy__2025_09_28_17_55_52__000360910,Full raw rescreen. Anchor is derived from non-steering vehicle dynamics (ay/roll_rate). Steering metrics are only response evidence and must not be used to define onset.
instability_allraw_highconf_oldcode_v0_1,lxy::2025_09_28_17_55_52::00373::instability_dynamic_onset,allraw_vehicle_instability_highconf,lxy,train,Entity_Recording_2025_09_28_17_55_52_vehicle.csv,Entity_Recording_2025_09_28_17_55_52_vehicle.csv,F:\data_set_process\data_process\01_datasets\数据预处理\原始车辆数据\lxy\Entity_Recording_2025_09_28_17_55_52_vehicle.csv,373,373,allraw_instability_rescreen_v0_1,secondary,extreme_active,all_raw_vehicle_dynamic_onset_non_steering,instability_ay_roll,straight,0,-0.0,all_raw_nonsteering_dynamic_onset,76129,380.645,600,400,400,2.0,True,True,212.56,True,True,,380.645,395.21,14.565,76129,79042,100.0,73.76,instability_ay_roll,True,vehicle_instability_allraw__lxy__2025_09_28_17_55_52__000380645,Full raw rescreen. Anchor is derived from non-steering vehicle dynamics (ay/roll_rate). Steering metrics are only response evidence and must not be used to define onset.
instability_allraw_highconf_oldcode_v0_1,lxy::2025_09_28_17_55_52::00374::instability_dynamic_onset,allraw_vehicle_instability_highconf,lxy,train,Entity_Recording_2025_09_28_17_55_52_vehicle.csv,Entity_Recording_2025_09_28_17_55_52_vehicle.csv,F:\data_set_process\data_process\01_datasets\数据预处理\原始车辆数据\lxy\Entity_Recording_2025_09_28_17_55_52_vehicle.csv,374,374,allraw_instability_rescreen_v0_1,secondary,strong_active,all_raw_vehicle_dynamic_onset_non_steering,instability_ay_roll,straight,0,0.0,all_raw_nonsteering_dynamic_onset,89728,448.64,600,400,400,2.0,True,True,144.565,True,True,,448.64,469.905,21.265,89728,93981,92.57,61.02,instability_ay_roll,True,vehicle_instability_allraw__lxy__2025_09_28_17_55_52__000448640,Full raw rescreen. Anchor is derived from non-steering vehicle dynamics (ay/roll_rate). Steering metrics are only response evidence and must not be used to define onset.
instability_allraw_highconf_oldcode_v0_1,lxy::2025_09_28_17_55_52::00375::instability_dynamic_onset,allraw_vehicle_instability_highconf,lxy,train,Entity_Recording_2025_09_28_17_55_52_vehicle.csv,Entity_Recording_2025_09_28_17_55_52_vehicle.csv,F:\data_set_process\data_process\01_datasets\数据预处理\原始车辆数据\lxy\Entity_Recording_2025_09_28_17_55_52_vehicle.csv,375,375,allraw_instability_rescreen_v0_1,secondary,extreme_active,all_raw_vehicle_dynamic_onset_non_steering,instability_ay_roll,straight,0,0.0,all_raw_nonsteering_dynamic_onset,102240,511.2,600,400,400,2.0,True,True,82.005,True,True,,511.2,520.1,8.9,102240,104020,100.0,73.11,instability_ay_roll,True,vehicle_instability_allraw__lxy__2025_09_28_17_55_52__000511200,Full raw rescreen. Anchor is derived from non-steering vehicle dynamics (ay/roll_rate). Steering metrics are only response evidence and must not be used to define onset.
instability_allraw_highconf_oldcode_v0_1,lxy::2025_09_28_17_55_52::00376::instability_dynamic_onset,allraw_vehicle_instability_highconf,lxy,train,Entity_Recording_2025_09_28_17_55_52_vehicle.csv,Entity_Recording_2025_09_28_17_55_52_vehicle.csv,F:\data_set_process\data_process\01_datasets\数据预处理\原始车辆数据\lxy\Entity_Recording_2025_09_28_17_55_52_vehicle.csv,376,376,allraw_instability_rescreen_v0_1,secondary,weak,all_raw_vehicle_dynamic_onset_non_steering,instability_ay_roll,straight,0,0.0,all_raw_nonsteering_dynamic_onset,108210,541.05,600,400,400,2.0,True,True,52.155,True,True,,541.05,561.735,20.685,108210,112347,84.03,65.65,instability_ay_roll,True,vehicle_instability_allraw__lxy__2025_09_28_17_55_52__000541050,Full raw rescreen. Anchor is derived from non-steering vehicle dynamics (ay/roll_rate). Steering metrics are only response evidence and must not be used to define onset.
instability_allraw_highconf_oldcode_v0_1,lxy::2025_09_28_18_06_16::00377::instability_dynamic_onset,allraw_vehicle_instability_highconf,lxy,train,Entity_Recording_2025_09_28_18_06_16_vehicle.csv,Entity_Recording_2025_09_28_18_06_16_vehicle.csv,F:\data_set_process\data_process\01_datasets\数据预处理\原始车辆数据\lxy\Entity_Recording_2025_09_28_18_06_16_vehicle.csv,377,377,allraw_instability_rescreen_v0_1,secondary,medium_active,all_raw_vehicle_dynamic_onset_non_steering,instability_ay_roll,straight,0,0.0,all_raw_nonsteering_dynamic_onset,11554,57.77,600,400,400,2.0,True,True,521.945,True,True,,57.77,61.845,4.075,11554,12369,88.14,62.98,instability_ay_roll,True,vehicle_instability_allraw__lxy__2025_09_28_18_06_16__000057770,Full raw rescreen. Anchor is derived from non-steering vehicle dynamics (ay/roll_rate). Steering metrics are only response evidence and must not be used to define onset.
instability_allraw_highconf_oldcode_v0_1,lxy::2025_09_28_18_06_16::00378::instability_dynamic_onset,allraw_vehicle_instability_highconf,lxy,train,Entity_Recording_2025_09_28_18_06_16_vehicle.csv,Entity_Recording_2025_09_28_18_06_16_vehicle.csv,F:\data_set_process\data_process\01_datasets\数据预处理\原始车辆数据\lxy\Entity_Recording_2025_09_28_18_06_16_vehicle.csv,378,378,allraw_instability_rescreen_v0_1,secondary,extreme_active,all_raw_vehicle_dynamic_onset_non_steering,instability_ay_roll,straight,0,0.0,all_raw_nonsteering_dynamic_onset,14464,72.32,600,400,400,2.0,True,True,507.395,True,True,,72.32,81.765,9.445,14464,16353,100.0,80.74,instability_ay_roll,True,vehicle_instability_allraw__lxy__2025_09_28_18_06_16__000072320,Full raw rescreen. Anchor is derived from non-steering vehicle dynamics (ay/roll_rate). Steering metrics are only response evidence and must not be used to define onset.
instability_allraw_highconf_oldcode_v0_1,lxy::2025_09_28_18_06_16::00379::instability_dynamic_onset,allraw_vehicle_instability_highconf,lxy,train,Entity_Recording_2025_09_28_18_06_16_vehicle.csv,Entity_Recording_2025_09_28_18_06_16_vehicle.csv,F:\data_set_process\data_process\01_datasets\数据预处理\原始车辆数据\lxy\Entity_Recording_2025_09_28_18_06_16_vehicle.csv,379,379,allraw_instability_rescreen_v0_1,secondary,strong_active,all_raw_vehicle_dynamic_onset_non_steering,instability_ay_roll,straight,0,0.0,all_raw_nonsteering_dynamic_onset,16866,84.33,600,400,400,2.0,True,True,495.385,True,True,,84.33,104.78,20.45,16866,20956,100.0,81.12,instability_ay_roll,True,vehicle_instability_allraw__lxy__2025_09_28_18_06_16__000084330,Full raw rescreen. Anchor is derived from non-steering vehicle dynamics (ay/roll_rate). Steering metrics are only response evidence and must not be used to define onset.
instability_allraw_highconf_oldcode_v0_1,lxy::2025_09_28_18_06_16::00380::instability_dynamic_onset,allraw_vehicle_instability_highconf,lxy,train,Entity_Recording_2025_09_28_18_06_16_vehicle.csv,Entity_Recording_2025_09_28_18_06_16_vehicle.csv,F:\data_set_process\data_process\01_datasets\数据预处理\原始车辆数据\lxy\Entity_Recording_2025_09_28_18_06_16_vehicle.csv,380,380,allraw_instability_rescreen_v0_1,secondary,weak,all_raw_vehicle_dynamic_onset_non_steering,instability_ay_roll,straight,1,0.0,all_raw_nonsteering_dynamic_onset,21680,108.4,600,400,400,2.0,True,True,471.315,True,True,,108.4,117.295,8.895,21680,23459,100.0,81.43,instability_ay_roll,True,vehicle_instability_allraw__lxy__2025_09_28_18_06_16__000108400,Full raw rescreen. Anchor is derived from non-steering vehicle dynamics (ay/roll_rate). Steering metrics are only response evidence and must not be used to define onset.
instability_allraw_highconf_oldcode_v0_1,lxy::2025_09_28_18_06_16::00381::instability_dynamic_onset,allraw_vehicle_instability_highconf,lxy,train,Entity_Recording_2025_09_28_18_06_16_vehicle.csv,Entity_Recording_2025_09_28_18_06_16_vehicle.csv,F:\data_set_process\data_process\01_datasets\数据预处理\原始车辆数据\lxy\Entity_Recording_2025_09_28_18_06_16_vehicle.csv,381,381,allraw_instability_rescreen_v0_1,secondary,extreme_active,all_raw_vehicle_dynamic_onset_non_steering,instability_ay_roll,straight,1,-0.00729802,all_raw_nonsteering_dynamic_onset,26731,133.655,600,400,400,2.0,True,True,446.06,True,True,,133.655,150.23,16.575,26731,30046,100.0,88.69,instability_ay_roll,True,vehicle_instability_allraw__lxy__2025_09_28_18_06_16__000133655,Full raw rescreen. Anchor is derived from non-steering vehicle dynamics (ay/roll_rate). Steering metrics are only response evidence and must not be used to define onset.
instability_allraw_highconf_oldcode_v0_1,lxy::2025_09_28_18_06_16::00382::instability_dynamic_onset,allraw_vehicle_instability_highconf,lxy,train,Entity_Recording_2025_09_28_18_06_16_vehicle.csv,Entity_Recording_2025_09_28_18_06_16_vehicle.csv,F:\data_set_process\data_process\01_datasets\数据预处理\原始车辆数据\lxy\Entity_Recording_2025_09_28_18_06_16_vehicle.csv,382,382,allraw_instability_rescreen_v0_1,primary,strong_active,all_raw_vehicle_dynamic_onset_non_steering,instability_ay_roll,curve,1,-0.00729802,all_raw_nonsteering_dynamic_onset,31604,158.02,600,400,400,2.0,True,True,421.695,True,True,,158.02,161.065,3.045,31604,32213,100.0,83.18,instability_ay_roll,True,vehicle_instability_allraw__lxy__2025_09_28_18_06_16__000158020,Full raw rescreen. Anchor is derived from non-steering vehicle dynamics (ay/roll_rate). Steering metrics are only response evidence and must not be used to define onset.
instability_allraw_highconf_oldcode_v0_1,lxy::2025_09_28_18_06_16::00383::instability_dynamic_onset,allraw_vehicle_instability_highconf,lxy,train,Entity_Recording_2025_09_28_18_06_16_vehicle.csv,Entity_Recording_2025_09_28_18_06_16_vehicle.csv,F:\data_set_process\data_process\01_datasets\数据预处理\原始车辆数据\lxy\Entity_Recording_2025_09_28_18_06_16_vehicle.csv,383,383,allraw_instability_rescreen_v0_1,none,instability_strong,all_raw_vehicle_dynamic_onset_non_steering,instability_ay_roll,design_curve_context,1,-0.00729802,all_raw_nonsteering_dynamic_onset,33035,165.175,600,400,400,2.0,True,True,414.54,True,True,,165.175,185.31,20.135,33035,37062,100.0,79.62,instability_ay_roll,True,vehicle_instability_allraw__lxy__2025_09_28_18_06_16__000165175,Full raw rescreen. Anchor is derived from non-steering vehicle dynamics (ay/roll_rate). Steering metrics are only response evidence and must not be used to define onset.
instability_allraw_highconf_oldcode_v0_1,lxy::2025_09_28_18_06_16::00384::instability_dynamic_onset,allraw_vehicle_instability_highconf,lxy,train,Entity_Recording_2025_09_28_18_06_16_vehicle.csv,Entity_Recording_2025_09_28_18_06_16_vehicle.csv,F:\data_set_process\data_process\01_datasets\数据预处理\原始车辆数据\lxy\Entity_Recording_2025_09_28_18_06_16_vehicle.csv,384,384,allraw_instability_rescreen_v0_1,secondary,strong_active,all_raw_vehicle_dynamic_onset_non_steering,instability_ay_roll,straight,0,0.0,all_raw_nonsteering_dynamic_onset,50146,250.73,600,400,400,2.0,True,True,328.985,True,True,,250.73,280.09,29.36,50146,56018,94.85,61.29,instability_ay_roll,True,vehicle_instability_allraw__lxy__2025_09_28_18_06_16__000250730,Full raw rescreen. Anchor is derived from non-steering vehicle dynamics (ay/roll_rate). Steering metrics are only response evidence and must not be used to define onset.
instability_allraw_highconf_oldcode_v0_1,lxy::2025_09_28_18_06_16::00385::instability_dynamic_onset,allraw_vehicle_instability_highconf,lxy,train,Entity_Recording_2025_09_28_18_06_16_vehicle.csv,Entity_Recording_2025_09_28_18_06_16_vehicle.csv,F:\data_set_process\data_process\01_datasets\数据预处理\原始车辆数据\lxy\Entity_Recording_2025_09_28_18_06_16_vehicle.csv,385,385,allraw_instability_rescreen_v0_1,secondary,strong_active,all_raw_vehicle_dynamic_onset_non_steering,instability_ay_roll,curve,0,0.0,all_raw_nonsteering_dynamic_onset,60472,302.36,600,400,400,2.0,True,True,277.355,True,True,,302.36,318.545,16.185,60472,63709,100.0,80.28,instability_ay_roll,True,vehicle_instability_allraw__lxy__2025_09_28_18_06_16__000302360,Full raw rescreen. Anchor is derived from non-steering vehicle dynamics (ay/roll_rate). Steering metrics are only response evidence and must not be used to define onset.
instability_allraw_highconf_oldcode_v0_1,lxy::2025_09_28_18_06_16::00386::instability_dynamic_onset,allraw_vehicle_instability_highconf,lxy,train,Entity_Recording_2025_09_28_18_06_16_vehicle.csv,Entity_Recording_2025_09_28_18_06_16_vehicle.csv,F:\data_set_process\data_process\01_datasets\数据预处理\原始车辆数据\lxy\Entity_Recording_2025_09_28_18_06_16_vehicle.csv,386,386,allraw_instability_rescreen_v0_1,secondary,weak,all_raw_vehicle_dynamic_onset_non_steering,instability_ay_roll,curve,1,0.0,all_raw_nonsteering_dynamic_onset,64252,321.26,600,400,400,2.0,True,True,258.455,True,True,,321.26,322.7,1.44,64252,64540,87.8,72.04,instability_ay_roll,True,vehicle_instability_allraw__lxy__2025_09_28_18_06_16__000321260,Full raw rescreen. Anchor is derived from non-steering vehicle dynamics (ay/roll_rate). Steering metrics are only response evidence and must not be used to define onset.
instability_allraw_highconf_oldcode_v0_1,lxy::2025_09_28_18_06_16::00387::instability_dynamic_onset,allraw_vehicle_instability_highconf,lxy,train,Entity_Recording_2025_09_28_18_06_16_vehicle.csv,Entity_Recording_2025_09_28_18_06_16_vehicle.csv,F:\data_set_process\data_process\01_datasets\数据预处理\原始车辆数据\lxy\Entity_Recording_2025_09_28_18_06_16_vehicle.csv,387,387,allraw_instability_rescreen_v0_1,secondary,medium_active,all_raw_vehicle_dynamic_onset_non_steering,instability_ay_roll,straight,1,-0.0,all_raw_nonsteering_dynamic_onset,65257,326.285,600,400,400,2.0,True,True,253.43,True,True,,326.285,340.68,14.395,65257,68136,98.63,72.41,instability_ay_roll,True,vehicle_instability_allraw__lxy__2025_09_28_18_06_16__000326285,Full raw rescreen. Anchor is derived from non-steering vehicle dynamics (ay/roll_rate). Steering metrics are only response evidence and must not be used to define onset.
instability_allraw_highconf_oldcode_v0_1,lxy::2025_09_28_18_06_16::00388::instability_dynamic_onset,allraw_vehicle_instability_highconf,lxy,train,Entity_Recording_2025_09_28_18_06_16_vehicle.csv,Entity_Recording_2025_09_28_18_06_16_vehicle.csv,F:\data_set_process\data_process\01_datasets\数据预处理\原始车辆数据\lxy\Entity_Recording_2025_09_28_18_06_16_vehicle.csv,388,388,allraw_instability_rescreen_v0_1,secondary,extreme_active,all_raw_vehicle_dynamic_onset_non_steering,instability_ay_roll,straight,0,-0.0,all_raw_nonsteering_dynamic_onset,74706,373.53,600,400,400,2.0,True,True,206.185,True,True,,373.53,385.74,12.21,74706,77148,100.0,93.12,instability_ay_roll,True,vehicle_instability_allraw__lxy__2025_09_28_18_06_16__000373530,Full raw rescreen. Anchor is derived from non-steering vehicle dynamics (ay/roll_rate). Steering metrics are only response evidence and must not be used to define onset.
instability_allraw_highconf_oldcode_v0_1,lxy::2025_09_28_18_06_16::00389::instability_dynamic_onset,allraw_vehicle_instability_highconf,lxy,train,Entity_Recording_2025_09_28_18_06_16_vehicle.csv,Entity_Recording_2025_09_28_18_06_16_vehicle.csv,F:\data_set_process\data_process\01_datasets\数据预处理\原始车辆数据\lxy\Entity_Recording_2025_09_28_18_06_16_vehicle.csv,389,389,allraw_instability_rescreen_v0_1,none,instability_extreme,all_raw_vehicle_dynamic_onset_non_steering,instability_ay_roll,design_special_event_segment,0,0.0,all_raw_nonsteering_dynamic_onset,77899,389.495,600,400,400,2.0,True,True,190.22,True,True,,389.495,400.45,10.955,77899,80090,100.0,93.18,instability_ay_roll,True,vehicle_instability_allraw__lxy__2025_09_28_18_06_16__000389495,Full raw rescreen. Anchor is derived from non-steering vehicle dynamics (ay/roll_rate). Steering metrics are only response evidence and must not be used to define onset.
instability_allraw_highconf_oldcode_v0_1,lxy::2025_09_28_18_06_16::00390::instability_dynamic_onset,allraw_vehicle_instability_highconf,lxy,train,Entity_Recording_2025_09_28_18_06_16_vehicle.csv,Entity_Recording_2025_09_28_18_06_16_vehicle.csv,F:\data_set_process\data_process\01_datasets\数据预处理\原始车辆数据\lxy\Entity_Recording_2025_09_28_18_06_16_vehicle.csv,390,390,allraw_instability_rescreen_v0_1,none,instability_strong,all_raw_vehicle_dynamic_onset_non_steering,instability_ay_roll,design_special_event_segment,0,0.0,all_raw_nonsteering_dynamic_onset,80631,403.155,600,400,400,2.0,True,True,176.56,True,True,,403.155,405.34,2.185,80631,81068,100.0,80.46,instability_ay_roll,True,vehicle_instability_allraw__lxy__2025_09_28_18_06_16__000403155,Full raw rescreen. Anchor is derived from non-steering vehicle dynamics (ay/roll_rate). Steering metrics are only response evidence and must not be used to define onset.
instability_allraw_highconf_oldcode_v0_1,lxy::2025_09_28_18_06_16::00391::instability_dynamic_onset,allraw_vehicle_instability_highconf,lxy,train,Entity_Recording_2025_09_28_18_06_16_vehicle.csv,Entity_Recording_2025_09_28_18_06_16_vehicle.csv,F:\data_set_process\data_process\01_datasets\数据预处理\原始车辆数据\lxy\Entity_Recording_2025_09_28_18_06_16_vehicle.csv,391,391,allraw_instability_rescreen_v0_1,secondary,strong_active,all_raw_vehicle_dynamic_onset_non_steering,instability_ay_roll,straight,0,0.0,all_raw_nonsteering_dynamic_onset,92961,464.805,600,400,400,2.0,True,True,114.91,True,True,,464.805,475.295,10.49,92961,95059,87.38,60.61,instability_ay_roll,True,vehicle_instability_allraw__lxy__2025_09_28_18_06_16__000464805,Full raw rescreen. Anchor is derived from non-steering vehicle dynamics (ay/roll_rate). Steering metrics are only response evidence and must not be used to define onset.
instability_allraw_highconf_oldcode_v0_1,lxy::2025_09_28_18_06_16::00392::instability_dynamic_onset,allraw_vehicle_instability_highconf,lxy,train,Entity_Recording_2025_09_28_18_06_16_vehicle.csv,Entity_Recording_2025_09_28_18_06_16_vehicle.csv,F:\data_set_process\data_process\01_datasets\数据预处理\原始车辆数据\lxy\Entity_Recording_2025_09_28_18_06_16_vehicle.csv,392,392,allraw_instability_rescreen_v0_1,secondary,extreme_active,all_raw_vehicle_dynamic_onset_non_steering,instability_ay_roll,curve,0,0.0,all_raw_nonsteering_dynamic_onset,113069,565.345,600,400,400,2.0,True,True,14.37,True,True,,565.345,574.01,8.665,113069,114802,100.0,77.94,instability_ay_roll,True,vehicle_instability_allraw__lxy__2025_09_28_18_06_16__000565345,Full raw rescreen. Anchor is derived from non-steering vehicle dynamics (ay/roll_rate). Steering metrics are only response evidence and must not be used to define onset.
instability_allraw_highconf_oldcode_v0_1,lxy::2025_09_28_18_19_35::00393::instability_dynamic_onset,allraw_vehicle_instability_highconf,lxy,train,Entity_Recording_2025_09_28_18_19_35_vehicle.csv,Entity_Recording_2025_09_28_18_19_35_vehicle.csv,F:\data_set_process\data_process\01_datasets\数据预处理\原始车辆数据\lxy\Entity_Recording_2025_09_28_18_19_35_vehicle.csv,393,393,allraw_instability_rescreen_v0_1,secondary,extreme_active,all_raw_vehicle_dynamic_onset_non_steering,instability_ay_roll,straight,0,-0.0,all_raw_nonsteering_dynamic_onset,17490,87.45,600,400,400,2.0,True,True,456.58,True,True,,87.45,92.685,5.235,17490,18537,100.0,80.09,instability_ay_roll,True,vehicle_instability_allraw__lxy__2025_09_28_18_19_35__000087450,Full raw rescreen. Anchor is derived from non-steering vehicle dynamics (ay/roll_rate). Steering metrics are only response evidence and must not be used to define onset.
instability_allraw_highconf_oldcode_v0_1,lxy::2025_09_28_18_19_35::00394::instability_dynamic_onset,allraw_vehicle_instability_highconf,lxy,train,Entity_Recording_2025_09_28_18_19_35_vehicle.csv,Entity_Recording_2025_09_28_18_19_35_vehicle.csv,F:\data_set_process\data_process\01_datasets\数据预处理\原始车辆数据\lxy\Entity_Recording_2025_09_28_18_19_35_vehicle.csv,394,394,allraw_instability_rescreen_v0_1,secondary,extreme_active,all_raw_vehicle_dynamic_onset_non_steering,instability_ay_roll,curve,1,-0.00729802,all_raw_nonsteering_dynamic_onset,25811,129.055,600,400,400,2.0,True,True,414.975,True,True,,129.055,151.075,22.02,25811,30215,100.0,89.45,instability_ay_roll,True,vehicle_instability_allraw__lxy__2025_09_28_18_19_35__000129055,Full raw rescreen. Anchor is derived from non-steering vehicle dynamics (ay/roll_rate). Steering metrics are only response evidence and must not be used to define onset.
instability_allraw_highconf_oldcode_v0_1,lxy::2025_09_28_18_19_35::00395::instability_dynamic_onset,allraw_vehicle_instability_highconf,lxy,train,Entity_Recording_2025_09_28_18_19_35_vehicle.csv,Entity_Recording_2025_09_28_18_19_35_vehicle.csv,F:\data_set_process\data_process\01_datasets\数据预处理\原始车辆数据\lxy\Entity_Recording_2025_09_28_18_19_35_vehicle.csv,395,395,allraw_instability_rescreen_v0_1,secondary,extreme_active,all_raw_vehicle_dynamic_onset_non_steering,instability_ay_roll,straight,0,0.0,all_raw_nonsteering_dynamic_onset,31523,157.615,600,400,400,2.0,True,True,386.415,True,True,,157.615,172.31,14.695,31523,34462,100.0,84.55,instability_ay_roll,True,vehicle_instability_allraw__lxy__2025_09_28_18_19_35__000157615,Full raw rescreen. Anchor is derived from non-steering vehicle dynamics (ay/roll_rate). Steering metrics are only response evidence and must not be used to define onset.
instability_allraw_highconf_oldcode_v0_1,lxy::2025_09_28_18_19_35::00396::instability_dynamic_onset,allraw_vehicle_instability_highconf,lxy,train,Entity_Recording_2025_09_28_18_19_35_vehicle.csv,Entity_Recording_2025_09_28_18_19_35_vehicle.csv,F:\data_set_process\data_process\01_datasets\数据预处理\原始车辆数据\lxy\Entity_Recording_2025_09_28_18_19_35_vehicle.csv,396,396,allraw_instability_rescreen_v0_1,secondary,strong_active,all_raw_vehicle_dynamic_onset_non_steering,instability_ay_roll,straight,0,0.0,all_raw_nonsteering_dynamic_onset,35070,175.35,600,400,400,2.0,True,True,368.68,True,True,,175.35,184.515,9.165,35070,36903,100.0,73.1,instability_ay_roll,True,vehicle_instability_allraw__lxy__2025_09_28_18_19_35__000175350,Full raw rescreen. Anchor is derived from non-steering vehicle dynamics (ay/roll_rate). Steering metrics are only response evidence and must not be used to define onset.
instability_allraw_highconf_oldcode_v0_1,lxy::2025_09_28_18_19_35::00397::instability_dynamic_onset,allraw_vehicle_instability_highconf,lxy,train,Entity_Recording_2025_09_28_18_19_35_vehicle.csv,Entity_Recording_2025_09_28_18_19_35_vehicle.csv,F:\data_set_process\data_process\01_datasets\数据预处理\原始车辆数据\lxy\Entity_Recording_2025_09_28_18_19_35_vehicle.csv,397,397,allraw_instability_rescreen_v0_1,secondary,extreme_active,all_raw_vehicle_dynamic_onset_non_steering,instability_ay_roll,straight,0,-0.0,all_raw_nonsteering_dynamic_onset,37666,188.33,600,400,400,2.0,True,True,355.7,True,True,,188.33,196.995,8.665,37666,39399,100.0,87.82,instability_ay_roll,True,vehicle_instability_allraw__lxy__2025_09_28_18_19_35__000188330,Full raw rescreen. Anchor is derived from non-steering vehicle dynamics (ay/roll_rate). Steering metrics are only response evidence and must not be used to define onset.
instability_allraw_highconf_oldcode_v0_1,lxy::2025_09_28_18_19_35::00398::instability_dynamic_onset,allraw_vehicle_instability_highconf,lxy,train,Entity_Recording_2025_09_28_18_19_35_vehicle.csv,Entity_Recording_2025_09_28_18_19_35_vehicle.csv,F:\data_set_process\data_process\01_datasets\数据预处理\原始车辆数据\lxy\Entity_Recording_2025_09_28_18_19_35_vehicle.csv,398,398,allraw_instability_rescreen_v0_1,secondary,strong_active,all_raw_vehicle_dynamic_onset_non_steering,instability_ay_roll,straight,0,0.0,all_raw_nonsteering_dynamic_onset,40571,202.855,600,400,400,2.0,True,True,341.175,True,True,,202.855,210.885,8.03,40571,42177,100.0,67.81,instability_ay_roll,True,vehicle_instability_allraw__lxy__2025_09_28_18_19_35__000202855,Full raw rescreen. Anchor is derived from non-steering vehicle dynamics (ay/roll_rate). Steering metrics are only response evidence and must not be used to define onset.
instability_allraw_highconf_oldcode_v0_1,lxy::2025_09_28_18_19_35::00399::instability_dynamic_onset,allraw_vehicle_instability_highconf,lxy,train,Entity_Recording_2025_09_28_18_19_35_vehicle.csv,Entity_Recording_2025_09_28_18_19_35_vehicle.csv,F:\data_set_process\data_process\01_datasets\数据预处理\原始车辆数据\lxy\Entity_Recording_2025_09_28_18_19_35_vehicle.csv,399,399,allraw_instability_rescreen_v0_1,secondary,extreme_active,all_raw_vehicle_dynamic_onset_non_steering,instability_ay_roll,straight,0,0.0,all_raw_nonsteering_dynamic_onset,42726,213.63,600,400,400,2.0,True,True,330.4,True,True,,213.63,226.75,13.12,42726,45350,100.0,88.63,instability_ay_roll,True,vehicle_instability_allraw__lxy__2025_09_28_18_19_35__000213630,Full raw rescreen. Anchor is derived from non-steering vehicle dynamics (ay/roll_rate). Steering metrics are only response evidence and must not be used to define onset.
instability_allraw_highconf_oldcode_v0_1,lxy::2025_09_28_18_19_35::00400::instability_dynamic_onset,allraw_vehicle_instability_highconf,lxy,train,Entity_Recording_2025_09_28_18_19_35_vehicle.csv,Entity_Recording_2025_09_28_18_19_35_vehicle.csv,F:\data_set_process\data_process\01_datasets\数据预处理\原始车辆数据\lxy\Entity_Recording_2025_09_28_18_19_35_vehicle.csv,400,400,allraw_instability_rescreen_v0_1,secondary,strong_active,all_raw_vehicle_dynamic_onset_non_steering,instability_ay_roll,curve,0,-0.0,all_raw_nonsteering_dynamic_onset,52526,262.63,600,400,400,2.0,True,True,281.4,True,True,,262.63,286.4,23.77,52526,57280,100.0,74.44,instability_ay_roll,True,vehicle_instability_allraw__lxy__2025_09_28_18_19_35__000262630,Full raw rescreen. Anchor is derived from non-steering vehicle dynamics (ay/roll_rate). Steering metrics are only response evidence and must not be used to define onset.
instability_allraw_highconf_oldcode_v0_1,lxy::2025_09_28_18_19_35::00401::instability_dynamic_onset,allraw_vehicle_instability_highconf,lxy,train,Entity_Recording_2025_09_28_18_19_35_vehicle.csv,Entity_Recording_2025_09_28_18_19_35_vehicle.csv,F:\data_set_process\data_process\01_datasets\数据预处理\原始车辆数据\lxy\Entity_Recording_2025_09_28_18_19_35_vehicle.csv,401,401,allraw_instability_rescreen_v0_1,secondary,extreme_active,all_raw_vehicle_dynamic_onset_non_steering,instability_ay_roll,straight,1,0.0,all_raw_nonsteering_dynamic_onset,58174,290.87,600,400,400,2.0,True,True,253.16,True,True,,290.87,309.61,18.74,58174,61922,100.0,94.47,instability_ay_roll,True,vehicle_instability_allraw__lxy__2025_09_28_18_19_35__000290870,Full raw rescreen. Anchor is derived from non-steering vehicle dynamics (ay/roll_rate). Steering metrics are only response evidence and must not be used to define onset.
instability_allraw_highconf_oldcode_v0_1,lxy::2025_09_28_18_19_35::00402::instability_dynamic_onset,allraw_vehicle_instability_highconf,lxy,train,Entity_Recording_2025_09_28_18_19_35_vehicle.csv,Entity_Recording_2025_09_28_18_19_35_vehicle.csv,F:\data_set_process\data_process\01_datasets\数据预处理\原始车辆数据\lxy\Entity_Recording_2025_09_28_18_19_35_vehicle.csv,402,402,allraw_instability_rescreen_v0_1,secondary,extreme_active,all_raw_vehicle_dynamic_onset_non_steering,instability_ay_only,straight,1,-0.00023909,all_raw_nonsteering_dynamic_onset,63331,316.655,600,400,400,2.0,True,True,227.375,True,True,,316.655,317.07,0.415,63331,63414,96.31,65.84,instability_ay_only,True,vehicle_instability_allraw__lxy__2025_09_28_18_19_35__000316655,Full raw rescreen. Anchor is derived from non-steering vehicle dynamics (ay/roll_rate). Steering metrics are only response evidence and must not be used to define onset.
instability_allraw_highconf_oldcode_v0_1,lxy::2025_09_28_18_19_35::00403::instability_dynamic_onset,allraw_vehicle_instability_highconf,lxy,train,Entity_Recording_2025_09_28_18_19_35_vehicle.csv,Entity_Recording_2025_09_28_18_19_35_vehicle.csv,F:\data_set_process\data_process\01_datasets\数据预处理\原始车辆数据\lxy\Entity_Recording_2025_09_28_18_19_35_vehicle.csv,403,403,allraw_instability_rescreen_v0_1,secondary,extreme_active,all_raw_vehicle_dynamic_onset_non_steering,instability_ay_roll,straight,0,-0.0,all_raw_nonsteering_dynamic_onset,64007,320.035,600,400,400,2.0,True,True,223.995,True,True,,320.035,323.11,3.075,64007,64622,100.0,83.33,instability_ay_roll,True,vehicle_instability_allraw__lxy__2025_09_28_18_19_35__000320035,Full raw rescreen. Anchor is derived from non-steering vehicle dynamics (ay/roll_rate). Steering metrics are only response evidence and must not be used to define onset.
instability_allraw_highconf_oldcode_v0_1,lxy::2025_09_28_18_19_35::00404::instability_dynamic_onset,allraw_vehicle_instability_highconf,lxy,train,Entity_Recording_2025_09_28_18_19_35_vehicle.csv,Entity_Recording_2025_09_28_18_19_35_vehicle.csv,F:\data_set_process\data_process\01_datasets\数据预处理\原始车辆数据\lxy\Entity_Recording_2025_09_28_18_19_35_vehicle.csv,404,404,allraw_instability_rescreen_v0_1,secondary,weak,all_raw_vehicle_dynamic_onset_non_steering,instability_ay_roll,straight,0,0.0,all_raw_nonsteering_dynamic_onset,66944,334.72,600,400,400,2.0,True,True,209.31,True,True,,334.72,349.19,14.47,66944,69838,100.0,80.45,instability_ay_roll,True,vehicle_instability_allraw__lxy__2025_09_28_18_19_35__000334720,Full raw rescreen. Anchor is derived from non-steering vehicle dynamics (ay/roll_rate). Steering metrics are only response evidence and must not be used to define onset.
instability_allraw_highconf_oldcode_v0_1,lxy::2025_09_28_18_19_35::00405::instability_dynamic_onset,allraw_vehicle_instability_highconf,lxy,train,Entity_Recording_2025_09_28_18_19_35_vehicle.csv,Entity_Recording_2025_09_28_18_19_35_vehicle.csv,F:\data_set_process\data_process\01_datasets\数据预处理\原始车辆数据\lxy\Entity_Recording_2025_09_28_18_19_35_vehicle.csv,405,405,allraw_instability_rescreen_v0_1,secondary,extreme_active,all_raw_vehicle_dynamic_onset_non_steering,instability_ay_roll,straight,0,-0.0,all_raw_nonsteering_dynamic_onset,80418,402.09,600,400,400,2.0,True,True,141.94,True,True,,402.09,411.83,9.74,80418,82366,100.0,83.54,instability_ay_roll,True,vehicle_instability_allraw__lxy__2025_09_28_18_19_35__000402090,Full raw rescreen. Anchor is derived from non-steering vehicle dynamics (ay/roll_rate). Steering metrics are only response evidence and must not be used to define onset.
instability_allraw_highconf_oldcode_v0_1,lxy::2025_09_28_18_19_35::00406::instability_dynamic_onset,allraw_vehicle_instability_highconf,lxy,train,Entity_Recording_2025_09_28_18_19_35_vehicle.csv,Entity_Recording_2025_09_28_18_19_35_vehicle.csv,F:\data_set_process\data_process\01_datasets\数据预处理\原始车辆数据\lxy\Entity_Recording_2025_09_28_18_19_35_vehicle.csv,406,406,allraw_instability_rescreen_v0_1,secondary,medium_active,all_raw_vehicle_dynamic_onset_non_steering,instability_ay_roll,straight,0,0.0,all_raw_nonsteering_dynamic_onset,96394,481.97,600,400,400,2.0,True,True,62.06,True,True,,481.97,495.825,13.855,96394,99165,100.0,75.18,instability_ay_roll,True,vehicle_instability_allraw__lxy__2025_09_28_18_19_35__000481970,Full raw rescreen. Anchor is derived from non-steering vehicle dynamics (ay/roll_rate). Steering metrics are only response evidence and must not be used to define onset.
instability_allraw_highconf_oldcode_v0_1,rjy::2025_09_28_19_33_26::00407::instability_dynamic_onset,allraw_vehicle_instability_highconf,rjy,train,Entity_Recording_2025_09_28_19_33_26_vehicle.csv,Entity_Recording_2025_09_28_19_33_26_vehicle.csv,F:\data_set_process\data_process\01_datasets\数据预处理\原始车辆数据\rjy\Entity_Recording_2025_09_28_19_33_26_vehicle.csv,407,407,allraw_instability_rescreen_v0_1,secondary,extreme_active,all_raw_vehicle_dynamic_onset_non_steering,instability_ay_roll,straight,0,-0.0,all_raw_nonsteering_dynamic_onset,19564,97.82,600,400,400,2.0,True,True,549.08,True,True,,97.82,101.845,4.025,19564,20369,92.9,58.52,instability_ay_roll,True,vehicle_instability_allraw__rjy__2025_09_28_19_33_26__000097820,Full raw rescreen. Anchor is derived from non-steering vehicle dynamics (ay/roll_rate). Steering metrics are only response evidence and must not be used to define onset.
instability_allraw_highconf_oldcode_v0_1,rjy::2025_09_28_19_33_26::00408::instability_dynamic_onset,allraw_vehicle_instability_highconf,rjy,train,Entity_Recording_2025_09_28_19_33_26_vehicle.csv,Entity_Recording_2025_09_28_19_33_26_vehicle.csv,F:\data_set_process\data_process\01_datasets\数据预处理\原始车辆数据\rjy\Entity_Recording_2025_09_28_19_33_26_vehicle.csv,408,408,allraw_instability_rescreen_v0_1,secondary,strong_active,all_raw_vehicle_dynamic_onset_non_steering,instability_ay_roll,straight,0,0.0,all_raw_nonsteering_dynamic_onset,27424,137.12,600,400,400,2.0,True,True,509.78,True,True,,137.12,142.435,5.315,27424,28487,86.23,53.92,instability_ay_roll,True,vehicle_instability_allraw__rjy__2025_09_28_19_33_26__000137120,Full raw rescreen. Anchor is derived from non-steering vehicle dynamics (ay/roll_rate). Steering metrics are only response evidence and must not be used to define onset.
instability_allraw_highconf_oldcode_v0_1,rjy::2025_09_28_19_33_26::00409::instability_dynamic_onset,allraw_vehicle_instability_highconf,rjy,train,Entity_Recording_2025_09_28_19_33_26_vehicle.csv,Entity_Recording_2025_09_28_19_33_26_vehicle.csv,F:\data_set_process\data_process\01_datasets\数据预处理\原始车辆数据\rjy\Entity_Recording_2025_09_28_19_33_26_vehicle.csv,409,409,allraw_instability_rescreen_v0_1,secondary,medium_active,all_raw_vehicle_dynamic_onset_non_steering,instability_ay_roll,straight,1,-0.00729802,all_raw_nonsteering_dynamic_onset,37897,189.485,600,400,400,2.0,True,True,457.415,True,True,,189.485,210.535,21.05,37897,42107,85.94,56.02,instability_ay_roll,True,vehicle_instability_allraw__rjy__2025_09_28_19_33_26__000189485,Full raw rescreen. Anchor is derived from non-steering vehicle dynamics (ay/roll_rate). Steering metrics are only response evidence and must not be used to define onset.
instability_allraw_highconf_oldcode_v0_1,rjy::2025_09_28_19_33_26::00410::instability_dynamic_onset,allraw_vehicle_instability_highconf,rjy,train,Entity_Recording_2025_09_28_19_33_26_vehicle.csv,Entity_Recording_2025_09_28_19_33_26_vehicle.csv,F:\data_set_process\data_process\01_datasets\数据预处理\原始车辆数据\rjy\Entity_Recording_2025_09_28_19_33_26_vehicle.csv,410,410,allraw_instability_rescreen_v0_1,secondary,medium_active,all_raw_vehicle_dynamic_onset_non_steering,instability_ay_roll,straight,0,0.0,all_raw_nonsteering_dynamic_onset,49100,245.5,600,400,400,2.0,True,True,401.4,True,True,,245.5,254.23,8.73,49100,50846,87.05,58.4,instability_ay_roll,True,vehicle_instability_allraw__rjy__2025_09_28_19_33_26__000245500,Full raw rescreen. Anchor is derived from non-steering vehicle dynamics (ay/roll_rate). Steering metrics are only response evidence and must not be used to define onset.
instability_allraw_highconf_oldcode_v0_1,rjy::2025_09_28_19_33_26::00411::instability_dynamic_onset,allraw_vehicle_instability_highconf,rjy,train,Entity_Recording_2025_09_28_19_33_26_vehicle.csv,Entity_Recording_2025_09_28_19_33_26_vehicle.csv,F:\data_set_process\data_process\01_datasets\数据预处理\原始车辆数据\rjy\Entity_Recording_2025_09_28_19_33_26_vehicle.csv,411,411,allraw_instability_rescreen_v0_1,secondary,extreme_active,all_raw_vehicle_dynamic_onset_non_steering,instability_ay_roll,straight,0,-0.0,all_raw_nonsteering_dynamic_onset,58143,290.715,600,400,400,2.0,True,True,356.185,True,True,,290.715,295.735,5.02,58143,59147,100.0,71.74,instability_ay_roll,True,vehicle_instability_allraw__rjy__2025_09_28_19_33_26__000290715,Full raw rescreen. Anchor is derived from non-steering vehicle dynamics (ay/roll_rate). Steering metrics are only response evidence and must not be used to define onset.
instability_allraw_highconf_oldcode_v0_1,rjy::2025_09_28_19_33_26::00412::instability_dynamic_onset,allraw_vehicle_instability_highconf,rjy,train,Entity_Recording_2025_09_28_19_33_26_vehicle.csv,Entity_Recording_2025_09_28_19_33_26_vehicle.csv,F:\data_set_process\data_process\01_datasets\数据预处理\原始车辆数据\rjy\Entity_Recording_2025_09_28_19_33_26_vehicle.csv,412,412,allraw_instability_rescreen_v0_1,secondary,extreme_active,all_raw_vehicle_dynamic_onset_non_steering,instability_ay_roll,straight,1,0.0,all_raw_nonsteering_dynamic_onset,77366,386.83,600,400,400,2.0,True,True,260.07,True,True,,386.83,399.975,13.145,77366,79995,100.0,73.64,instability_ay_roll,True,vehicle_instability_allraw__rjy__2025_09_28_19_33_26__000386830,Full raw rescreen. Anchor is derived from non-steering vehicle dynamics (ay/roll_rate). Steering metrics are only response evidence and must not be used to define onset.
instability_allraw_highconf_oldcode_v0_1,rjy::2025_09_28_19_33_26::00413::instability_dynamic_onset,allraw_vehicle_instability_highconf,rjy,train,Entity_Recording_2025_09_28_19_33_26_vehicle.csv,Entity_Recording_2025_09_28_19_33_26_vehicle.csv,F:\data_set_process\data_process\01_datasets\数据预处理\原始车辆数据\rjy\Entity_Recording_2025_09_28_19_33_26_vehicle.csv,413,413,allraw_instability_rescreen_v0_1,secondary,extreme_active,all_raw_vehicle_dynamic_onset_non_steering,instability_ay_roll,straight,0,0.0,all_raw_nonsteering_dynamic_onset,83439,417.195,600,400,400,2.0,True,True,229.705,True,True,,417.195,421.54,4.345,83439,84308,100.0,83.87,instability_ay_roll,True,vehicle_instability_allraw__rjy__2025_09_28_19_33_26__000417195,Full raw rescreen. Anchor is derived from non-steering vehicle dynamics (ay/roll_rate). Steering metrics are only response evidence and must not be used to define onset.
instability_allraw_highconf_oldcode_v0_1,rjy::2025_09_28_19_33_26::00414::instability_dynamic_onset,allraw_vehicle_instability_highconf,rjy,train,Entity_Recording_2025_09_28_19_33_26_vehicle.csv,Entity_Recording_2025_09_28_19_33_26_vehicle.csv,F:\data_set_process\data_process\01_datasets\数据预处理\原始车辆数据\rjy\Entity_Recording_2025_09_28_19_33_26_vehicle.csv,414,414,allraw_instability_rescreen_v0_1,secondary,strong_active,all_raw_vehicle_dynamic_onset_non_steering,instability_ay_roll,straight,0,0.0,all_raw_nonsteering_dynamic_onset,87872,439.36,600,400,400,2.0,True,True,207.54,True,True,,439.36,442.37,3.01,87872,88474,100.0,72.02,instability_ay_roll,True,vehicle_instability_allraw__rjy__2025_09_28_19_33_26__000439360,Full raw rescreen. Anchor is derived from non-steering vehicle dynamics (ay/roll_rate). Steering metrics are only response evidence and must not be used to define onset.
instability_allraw_highconf_oldcode_v0_1,rjy::2025_09_28_19_33_26::00415::instability_dynamic_onset,allraw_vehicle_instability_highconf,rjy,train,Entity_Recording_2025_09_28_19_33_26_vehicle.csv,Entity_Recording_2025_09_28_19_33_26_vehicle.csv,F:\data_set_process\data_process\01_datasets\数据预处理\原始车辆数据\rjy\Entity_Recording_2025_09_28_19_33_26_vehicle.csv,415,415,allraw_instability_rescreen_v0_1,secondary,extreme_active,all_raw_vehicle_dynamic_onset_non_steering,instability_ay_roll,straight,0,-0.0,all_raw_nonsteering_dynamic_onset,89165,445.825,600,400,400,2.0,True,True,201.075,True,True,,445.825,459.54,13.715,89165,91908,100.0,73.22,instability_ay_roll,True,vehicle_instability_allraw__rjy__2025_09_28_19_33_26__000445825,Full raw rescreen. Anchor is derived from non-steering vehicle dynamics (ay/roll_rate). Steering metrics are only response evidence and must not be used to define onset.
instability_allraw_highconf_oldcode_v0_1,rjy::2025_09_28_19_33_26::00416::instability_dynamic_onset,allraw_vehicle_instability_highconf,rjy,train,Entity_Recording_2025_09_28_19_33_26_vehicle.csv,Entity_Recording_2025_09_28_19_33_26_vehicle.csv,F:\data_set_process\data_process\01_datasets\数据预处理\原始车辆数据\rjy\Entity_Recording_2025_09_28_19_33_26_vehicle.csv,416,416,allraw_instability_rescreen_v0_1,secondary,strong_active,all_raw_vehicle_dynamic_onset_non_steering,instability_ay_roll,straight,0,0.0,all_raw_nonsteering_dynamic_onset,103109,515.545,600,400,400,2.0,True,True,131.355,True,True,,515.545,534.175,18.63,103109,106835,100.0,70.67,instability_ay_roll,True,vehicle_instability_allraw__rjy__2025_09_28_19_33_26__000515545,Full raw rescreen. Anchor is derived from non-steering vehicle dynamics (ay/roll_rate). Steering metrics are only response evidence and must not be used to define onset.
instability_allraw_highconf_oldcode_v0_1,rjy::2025_09_28_19_33_26::00417::instability_dynamic_onset,allraw_vehicle_instability_highconf,rjy,train,Entity_Recording_2025_09_28_19_33_26_vehicle.csv,Entity_Recording_2025_09_28_19_33_26_vehicle.csv,F:\data_set_process\data_process\01_datasets\数据预处理\原始车辆数据\rjy\Entity_Recording_2025_09_28_19_33_26_vehicle.csv,417,417,allraw_instability_rescreen_v0_1,none,instability_strong,all_raw_vehicle_dynamic_onset_non_steering,instability_ay_roll,design_high_risk_surface,0,-0.0,all_raw_nonsteering_dynamic_onset,112023,560.115,600,400,400,2.0,True,True,86.785,True,True,,560.115,595.56,35.445,112023,119112,88.13,70.22,instability_ay_roll,True,vehicle_instability_allraw__rjy__2025_09_28_19_33_26__000560115,Full raw rescreen. Anchor is derived from non-steering vehicle dynamics (ay/roll_rate). Steering metrics are only response evidence and must not be used to define onset.
instability_allraw_highconf_oldcode_v0_1,rjy::2025_09_28_19_33_26::00418::instability_dynamic_onset,allraw_vehicle_instability_highconf,rjy,train,Entity_Recording_2025_09_28_19_33_26_vehicle.csv,Entity_Recording_2025_09_28_19_33_26_vehicle.csv,F:\data_set_process\data_process\01_datasets\数据预处理\原始车辆数据\rjy\Entity_Recording_2025_09_28_19_33_26_vehicle.csv,418,418,allraw_instability_rescreen_v0_1,secondary,medium_active,all_raw_vehicle_dynamic_onset_non_steering,instability_ay_roll,straight,0,-0.0,all_raw_nonsteering_dynamic_onset,119742,598.71,600,400,400,2.0,True,True,48.19,True,True,,598.71,602.09,3.38,119742,120418,93.67,67.2,instability_ay_roll,True,vehicle_instability_allraw__rjy__2025_09_28_19_33_26__000598710,Full raw rescreen. Anchor is derived from non-steering vehicle dynamics (ay/roll_rate). Steering metrics are only response evidence and must not be used to define onset.
instability_allraw_highconf_oldcode_v0_1,rjy::2025_09_28_19_33_26::00419::instability_dynamic_onset,allraw_vehicle_instability_highconf,rjy,train,Entity_Recording_2025_09_28_19_33_26_vehicle.csv,Entity_Recording_2025_09_28_19_33_26_vehicle.csv,F:\data_set_process\data_process\01_datasets\数据预处理\原始车辆数据\rjy\Entity_Recording_2025_09_28_19_33_26_vehicle.csv,419,419,allraw_instability_rescreen_v0_1,secondary,medium_active,all_raw_vehicle_dynamic_onset_non_steering,instability_ay_roll,curve,0,-0.0,all_raw_nonsteering_dynamic_onset,124932,624.66,600,400,400,2.0,True,True,22.24,True,True,,624.66,639.175,14.515,124932,127835,98.63,70.65,instability_ay_roll,True,vehicle_instability_allraw__rjy__2025_09_28_19_33_26__000624660,Full raw rescreen. Anchor is derived from non-steering vehicle dynamics (ay/roll_rate). Steering metrics are only response evidence and must not be used to define onset.
instability_allraw_highconf_oldcode_v0_1,rjy::2025_09_28_19_44_42::00420::instability_dynamic_onset,allraw_vehicle_instability_highconf,rjy,train,Entity_Recording_2025_09_28_19_44_42_vehicle.csv,Entity_Recording_2025_09_28_19_44_42_vehicle.csv,F:\data_set_process\data_process\01_datasets\数据预处理\原始车辆数据\rjy\Entity_Recording_2025_09_28_19_44_42_vehicle.csv,420,420,allraw_instability_rescreen_v0_1,secondary,strong_active,all_raw_vehicle_dynamic_onset_non_steering,instability_ay_roll,straight,0,0.0,all_raw_nonsteering_dynamic_onset,11611,58.055,600,400,400,2.0,True,True,89.535,True,True,,58.055,63.0,4.945,11611,12600,82.42,53.42,instability_ay_roll,True,vehicle_instability_allraw__rjy__2025_09_28_19_44_42__000058055,Full raw rescreen. Anchor is derived from non-steering vehicle dynamics (ay/roll_rate). Steering metrics are only response evidence and must not be used to define onset.
instability_allraw_highconf_oldcode_v0_1,rjy::2025_09_28_19_44_42::00421::instability_dynamic_onset,allraw_vehicle_instability_highconf,rjy,train,Entity_Recording_2025_09_28_19_44_42_vehicle.csv,Entity_Recording_2025_09_28_19_44_42_vehicle.csv,F:\data_set_process\data_process\01_datasets\数据预处理\原始车辆数据\rjy\Entity_Recording_2025_09_28_19_44_42_vehicle.csv,421,421,allraw_instability_rescreen_v0_1,secondary,extreme_active,all_raw_vehicle_dynamic_onset_non_steering,instability_ay_roll,straight,0,0.0,all_raw_nonsteering_dynamic_onset,18030,90.15,600,400,400,2.0,True,True,57.44,True,True,,90.15,98.96,8.81,18030,19792,100.0,92.68,instability_ay_roll,True,vehicle_instability_allraw__rjy__2025_09_28_19_44_42__000090150,Full raw rescreen. Anchor is derived from non-steering vehicle dynamics (ay/roll_rate). Steering metrics are only response evidence and must not be used to define onset.
instability_allraw_highconf_oldcode_v0_1,rjy::2025_09_28_19_44_42::00422::instability_dynamic_onset,allraw_vehicle_instability_highconf,rjy,train,Entity_Recording_2025_09_28_19_44_42_vehicle.csv,Entity_Recording_2025_09_28_19_44_42_vehicle.csv,F:\data_set_process\data_process\01_datasets\数据预处理\原始车辆数据\rjy\Entity_Recording_2025_09_28_19_44_42_vehicle.csv,422,422,allraw_instability_rescreen_v0_1,secondary,strong_active,all_raw_vehicle_dynamic_onset_non_steering,instability_ay_roll,straight,1,-0.00729802,all_raw_nonsteering_dynamic_onset,26548,132.74,600,400,400,2.0,True,True,14.85,True,True,,132.74,140.49,7.75,26548,28098,100.0,90.15,instability_ay_roll,True,vehicle_instability_allraw__rjy__2025_09_28_19_44_42__000132740,Full raw rescreen. Anchor is derived from non-steering vehicle dynamics (ay/roll_rate). Steering metrics are only response evidence and must not be used to define onset.
instability_allraw_highconf_oldcode_v0_1,rjy::2025_09_28_19_51_44::00423::instability_dynamic_onset,allraw_vehicle_instability_highconf,rjy,train,Entity_Recording_2025_09_28_19_51_44_vehicle.csv,Entity_Recording_2025_09_28_19_51_44_vehicle.csv,F:\data_set_process\data_process\01_datasets\数据预处理\原始车辆数据\rjy\Entity_Recording_2025_09_28_19_51_44_vehicle.csv,423,423,allraw_instability_rescreen_v0_1,secondary,medium_active,all_raw_vehicle_dynamic_onset_non_steering,instability_ay_roll,straight,0,-0.0,all_raw_nonsteering_dynamic_onset,11260,56.3,600,400,400,2.0,True,True,527.505,True,True,,56.3,62.6,6.3,11260,12520,84.0,56.87,instability_ay_roll,True,vehicle_instability_allraw__rjy__2025_09_28_19_51_44__000056300,Full raw rescreen. Anchor is derived from non-steering vehicle dynamics (ay/roll_rate). Steering metrics are only response evidence and must not be used to define onset.
instability_allraw_highconf_oldcode_v0_1,rjy::2025_09_28_19_51_44::00424::instability_dynamic_onset,allraw_vehicle_instability_highconf,rjy,train,Entity_Recording_2025_09_28_19_51_44_vehicle.csv,Entity_Recording_2025_09_28_19_51_44_vehicle.csv,F:\data_set_process\data_process\01_datasets\数据预处理\原始车辆数据\rjy\Entity_Recording_2025_09_28_19_51_44_vehicle.csv,424,424,allraw_instability_rescreen_v0_1,secondary,strong_active,all_raw_vehicle_dynamic_onset_non_steering,instability_ay_roll,straight,0,-0.0,all_raw_nonsteering_dynamic_onset,17588,87.94,600,400,400,2.0,True,True,495.865,True,True,,87.94,95.215,7.275,17588,19043,99.19,64.14,instability_ay_roll,True,vehicle_instability_allraw__rjy__2025_09_28_19_51_44__000087940,Full raw rescreen. Anchor is derived from non-steering vehicle dynamics (ay/roll_rate). Steering metrics are only response evidence and must not be used to define onset.
instability_allraw_highconf_oldcode_v0_1,rjy::2025_09_28_19_51_44::00425::instability_dynamic_onset,allraw_vehicle_instability_highconf,rjy,train,Entity_Recording_2025_09_28_19_51_44_vehicle.csv,Entity_Recording_2025_09_28_19_51_44_vehicle.csv,F:\data_set_process\data_process\01_datasets\数据预处理\原始车辆数据\rjy\Entity_Recording_2025_09_28_19_51_44_vehicle.csv,425,425,allraw_instability_rescreen_v0_1,secondary,strong_active,all_raw_vehicle_dynamic_onset_non_steering,instability_ay_roll,curve,1,-0.00729802,all_raw_nonsteering_dynamic_onset,26546,132.73,600,400,400,2.0,True,True,451.075,True,True,,132.73,153.81,21.08,26546,30762,100.0,79.61,instability_ay_roll,True,vehicle_instability_allraw__rjy__2025_09_28_19_51_44__000132730,Full raw rescreen. Anchor is derived from non-steering vehicle dynamics (ay/roll_rate). Steering metrics are only response evidence and must not be used to define onset.
instability_allraw_highconf_oldcode_v0_1,rjy::2025_09_28_19_51_44::00426::instability_dynamic_onset,allraw_vehicle_instability_highconf,rjy,train,Entity_Recording_2025_09_28_19_51_44_vehicle.csv,Entity_Recording_2025_09_28_19_51_44_vehicle.csv,F:\data_set_process\data_process\01_datasets\数据预处理\原始车辆数据\rjy\Entity_Recording_2025_09_28_19_51_44_vehicle.csv,426,426,allraw_instability_rescreen_v0_1,secondary,extreme_active,all_raw_vehicle_dynamic_onset_non_steering,instability_ay_roll,straight,0,0.0,all_raw_nonsteering_dynamic_onset,36170,180.85,600,400,400,2.0,True,True,402.955,True,True,,180.85,192.335,11.485,36170,38467,100.0,75.37,instability_ay_roll,True,vehicle_instability_allraw__rjy__2025_09_28_19_51_44__000180850,Full raw rescreen. Anchor is derived from non-steering vehicle dynamics (ay/roll_rate). Steering metrics are only response evidence and must not be used to define onset.
instability_allraw_highconf_oldcode_v0_1,rjy::2025_09_28_19_51_44::00427::instability_dynamic_onset,allraw_vehicle_instability_highconf,rjy,train,Entity_Recording_2025_09_28_19_51_44_vehicle.csv,Entity_Recording_2025_09_28_19_51_44_vehicle.csv,F:\data_set_process\data_process\01_datasets\数据预处理\原始车辆数据\rjy\Entity_Recording_2025_09_28_19_51_44_vehicle.csv,427,427,allraw_instability_rescreen_v0_1,primary,extreme_active,all_raw_vehicle_dynamic_onset_non_steering,instability_ay_roll,straight,0,0.0,all_raw_nonsteering_dynamic_onset,41904,209.52,600,400,400,2.0,True,True,374.285,True,True,,209.52,212.18,2.66,41904,42436,85.96,55.04,instability_ay_roll,True,vehicle_instability_allraw__rjy__2025_09_28_19_51_44__000209520,Full raw rescreen. Anchor is derived from non-steering vehicle dynamics (ay/roll_rate). Steering metrics are only response evidence and must not be used to define onset.
instability_allraw_highconf_oldcode_v0_1,rjy::2025_09_28_19_51_44::00428::instability_dynamic_onset,allraw_vehicle_instability_highconf,rjy,train,Entity_Recording_2025_09_28_19_51_44_vehicle.csv,Entity_Recording_2025_09_28_19_51_44_vehicle.csv,F:\data_set_process\data_process\01_datasets\数据预处理\原始车辆数据\rjy\Entity_Recording_2025_09_28_19_51_44_vehicle.csv,428,428,allraw_instability_rescreen_v0_1,secondary,extreme_active,all_raw_vehicle_dynamic_onset_non_steering,instability_ay_roll,straight,0,0.0,all_raw_nonsteering_dynamic_onset,45737,228.685,600,400,400,2.0,True,True,355.12,True,True,,228.685,244.995,16.31,45737,48999,100.0,94.84,instability_ay_roll,True,vehicle_instability_allraw__rjy__2025_09_28_19_51_44__000228685,Full raw rescreen. Anchor is derived from non-steering vehicle dynamics (ay/roll_rate). Steering metrics are only response evidence and must not be used to define onset.
instability_allraw_highconf_oldcode_v0_1,rjy::2025_09_28_19_51_44::00429::instability_dynamic_onset,allraw_vehicle_instability_highconf,rjy,train,Entity_Recording_2025_09_28_19_51_44_vehicle.csv,Entity_Recording_2025_09_28_19_51_44_vehicle.csv,F:\data_set_process\data_process\01_datasets\数据预处理\原始车辆数据\rjy\Entity_Recording_2025_09_28_19_51_44_vehicle.csv,429,429,allraw_instability_rescreen_v0_1,secondary,extreme_active,all_raw_vehicle_dynamic_onset_non_steering,instability_ay_roll,curve,0,0.0,all_raw_nonsteering_dynamic_onset,60599,302.995,600,400,400,2.0,True,True,280.81,True,True,,302.995,318.025,15.03,60599,63605,100.0,76.16,instability_ay_roll,True,vehicle_instability_allraw__rjy__2025_09_28_19_51_44__000302995,Full raw rescreen. Anchor is derived from non-steering vehicle dynamics (ay/roll_rate). Steering metrics are only response evidence and must not be used to define onset.
instability_allraw_highconf_oldcode_v0_1,rjy::2025_09_28_19_51_44::00430::instability_dynamic_onset,allraw_vehicle_instability_highconf,rjy,train,Entity_Recording_2025_09_28_19_51_44_vehicle.csv,Entity_Recording_2025_09_28_19_51_44_vehicle.csv,F:\data_set_process\data_process\01_datasets\数据预处理\原始车辆数据\rjy\Entity_Recording_2025_09_28_19_51_44_vehicle.csv,430,430,allraw_instability_rescreen_v0_1,secondary,strong_active,all_raw_vehicle_dynamic_onset_non_steering,instability_ay_roll,straight,1,-0.0,all_raw_nonsteering_dynamic_onset,68081,340.405,600,400,400,2.0,True,True,243.4,True,True,,340.405,345.27,4.865,68081,69054,92.68,59.51,instability_ay_roll,True,vehicle_instability_allraw__rjy__2025_09_28_19_51_44__000340405,Full raw rescreen. Anchor is derived from non-steering vehicle dynamics (ay/roll_rate). Steering metrics are only response evidence and must not be used to define onset.
instability_allraw_highconf_oldcode_v0_1,rjy::2025_09_28_19_51_44::00431::instability_dynamic_onset,allraw_vehicle_instability_highconf,rjy,train,Entity_Recording_2025_09_28_19_51_44_vehicle.csv,Entity_Recording_2025_09_28_19_51_44_vehicle.csv,F:\data_set_process\data_process\01_datasets\数据预处理\原始车辆数据\rjy\Entity_Recording_2025_09_28_19_51_44_vehicle.csv,431,431,allraw_instability_rescreen_v0_1,secondary,extreme_active,all_raw_vehicle_dynamic_onset_non_steering,instability_ay_roll,straight,1,-0.00045413,all_raw_nonsteering_dynamic_onset,71468,357.34,600,400,400,2.0,True,True,226.465,True,True,,357.34,364.255,6.915,71468,72851,100.0,90.58,instability_ay_roll,True,vehicle_instability_allraw__rjy__2025_09_28_19_51_44__000357340,Full raw rescreen. Anchor is derived from non-steering vehicle dynamics (ay/roll_rate). Steering metrics are only response evidence and must not be used to define onset.
instability_allraw_highconf_oldcode_v0_1,rjy::2025_09_28_19_51_44::00432::instability_dynamic_onset,allraw_vehicle_instability_highconf,rjy,train,Entity_Recording_2025_09_28_19_51_44_vehicle.csv,Entity_Recording_2025_09_28_19_51_44_vehicle.csv,F:\data_set_process\data_process\01_datasets\数据预处理\原始车辆数据\rjy\Entity_Recording_2025_09_28_19_51_44_vehicle.csv,432,432,allraw_instability_rescreen_v0_1,secondary,extreme_active,all_raw_vehicle_dynamic_onset_non_steering,instability_ay_roll,straight,0,-0.0,all_raw_nonsteering_dynamic_onset,76993,384.965,600,400,400,2.0,True,True,198.84,True,True,,384.965,394.455,9.49,76993,78891,100.0,80.83,instability_ay_roll,True,vehicle_instability_allraw__rjy__2025_09_28_19_51_44__000384965,Full raw rescreen. Anchor is derived from non-steering vehicle dynamics (ay/roll_rate). Steering metrics are only response evidence and must not be used to define onset.
instability_allraw_highconf_oldcode_v0_1,rjy::2025_09_28_19_51_44::00433::instability_dynamic_onset,allraw_vehicle_instability_highconf,rjy,train,Entity_Recording_2025_09_28_19_51_44_vehicle.csv,Entity_Recording_2025_09_28_19_51_44_vehicle.csv,F:\data_set_process\data_process\01_datasets\数据预处理\原始车辆数据\rjy\Entity_Recording_2025_09_28_19_51_44_vehicle.csv,433,433,allraw_instability_rescreen_v0_1,secondary,strong_active,all_raw_vehicle_dynamic_onset_non_steering,instability_ay_roll,straight,0,0.0,all_raw_nonsteering_dynamic_onset,92666,463.33,600,400,400,2.0,True,True,120.475,True,True,,463.33,478.675,15.345,92666,95735,83.94,55.15,instability_ay_roll,True,vehicle_instability_allraw__rjy__2025_09_28_19_51_44__000463330,Full raw rescreen. Anchor is derived from non-steering vehicle dynamics (ay/roll_rate). Steering metrics are only response evidence and must not be used to define onset.
instability_allraw_highconf_oldcode_v0_1,rjy::2025_09_28_19_51_44::00434::instability_dynamic_onset,allraw_vehicle_instability_highconf,rjy,train,Entity_Recording_2025_09_28_19_51_44_vehicle.csv,Entity_Recording_2025_09_28_19_51_44_vehicle.csv,F:\data_set_process\data_process\01_datasets\数据预处理\原始车辆数据\rjy\Entity_Recording_2025_09_28_19_51_44_vehicle.csv,434,434,allraw_instability_rescreen_v0_1,none,instability_strong,all_raw_vehicle_dynamic_onset_non_steering,instability_ay_roll,design_high_risk_surface,0,0.0,all_raw_nonsteering_dynamic_onset,99759,498.795,600,400,400,2.0,True,True,85.01,True,True,,498.795,521.045,22.25,99759,104209,87.78,70.22,instability_ay_roll,True,vehicle_instability_allraw__rjy__2025_09_28_19_51_44__000498795,Full raw rescreen. Anchor is derived from non-steering vehicle dynamics (ay/roll_rate). Steering metrics are only response evidence and must not be used to define onset.
instability_allraw_highconf_oldcode_v0_1,rjy::2025_09_28_19_51_44::00435::instability_dynamic_onset,allraw_vehicle_instability_highconf,rjy,train,Entity_Recording_2025_09_28_19_51_44_vehicle.csv,Entity_Recording_2025_09_28_19_51_44_vehicle.csv,F:\data_set_process\data_process\01_datasets\数据预处理\原始车辆数据\rjy\Entity_Recording_2025_09_28_19_51_44_vehicle.csv,435,435,allraw_instability_rescreen_v0_1,secondary,medium_active,all_raw_vehicle_dynamic_onset_non_steering,instability_ay_roll,straight,0,-0.0,all_raw_nonsteering_dynamic_onset,106417,532.085,600,400,400,2.0,True,True,51.72,True,True,,532.085,535.79,3.705,106417,107158,86.43,59.67,instability_ay_roll,True,vehicle_instability_allraw__rjy__2025_09_28_19_51_44__000532085,Full raw rescreen. Anchor is derived from non-steering vehicle dynamics (ay/roll_rate). Steering metrics are only response evidence and must not be used to define onset.
instability_allraw_highconf_oldcode_v0_1,rjy::2025_09_28_19_51_44::00436::instability_dynamic_onset,allraw_vehicle_instability_highconf,rjy,train,Entity_Recording_2025_09_28_19_51_44_vehicle.csv,Entity_Recording_2025_09_28_19_51_44_vehicle.csv,F:\data_set_process\data_process\01_datasets\数据预处理\原始车辆数据\rjy\Entity_Recording_2025_09_28_19_51_44_vehicle.csv,436,436,allraw_instability_rescreen_v0_1,secondary,strong_active,all_raw_vehicle_dynamic_onset_non_steering,instability_ay_roll,straight,0,-0.0,all_raw_nonsteering_dynamic_onset,107723,538.615,600,400,400,2.0,True,True,45.19,True,True,,538.615,545.66,7.045,107723,109132,100.0,63.41,instability_ay_roll,True,vehicle_instability_allraw__rjy__2025_09_28_19_51_44__000538615,Full raw rescreen. Anchor is derived from non-steering vehicle dynamics (ay/roll_rate). Steering metrics are only response evidence and must not be used to define onset.
instability_allraw_highconf_oldcode_v0_1,rjy::2025_09_28_19_51_44::00437::instability_dynamic_onset,allraw_vehicle_instability_highconf,rjy,train,Entity_Recording_2025_09_28_19_51_44_vehicle.csv,Entity_Recording_2025_09_28_19_51_44_vehicle.csv,F:\data_set_process\data_process\01_datasets\数据预处理\原始车辆数据\rjy\Entity_Recording_2025_09_28_19_51_44_vehicle.csv,437,437,allraw_instability_rescreen_v0_1,secondary,strong_active,all_raw_vehicle_dynamic_onset_non_steering,instability_ay_roll,curve,0,-0.0,all_raw_nonsteering_dynamic_onset,112994,564.97,600,400,400,2.0,True,True,18.835,True,True,,564.97,566.625,1.655,112994,113325,100.0,78.26,instability_ay_roll,True,vehicle_instability_allraw__rjy__2025_09_28_19_51_44__000564970,Full raw rescreen. Anchor is derived from non-steering vehicle dynamics (ay/roll_rate). Steering metrics are only response evidence and must not be used to define onset.
instability_allraw_highconf_oldcode_v0_1,rjy::2025_09_28_19_51_44::00438::instability_dynamic_onset,allraw_vehicle_instability_highconf,rjy,train,Entity_Recording_2025_09_28_19_51_44_vehicle.csv,Entity_Recording_2025_09_28_19_51_44_vehicle.csv,F:\data_set_process\data_process\01_datasets\数据预处理\原始车辆数据\rjy\Entity_Recording_2025_09_28_19_51_44_vehicle.csv,438,438,allraw_instability_rescreen_v0_1,secondary,extreme_active,all_raw_vehicle_dynamic_onset_non_steering,instability_ay_roll,straight,0,-0.0,all_raw_nonsteering_dynamic_onset,113845,569.225,600,400,400,2.0,True,True,14.58,True,True,,569.225,583.325,14.1,113845,116665,100.0,82.3,instability_ay_roll,True,vehicle_instability_allraw__rjy__2025_09_28_19_51_44__000569225,Full raw rescreen. Anchor is derived from non-steering vehicle dynamics (ay/roll_rate). Steering metrics are only response evidence and must not be used to define onset.
instability_allraw_highconf_oldcode_v0_1,rjy::2025_09_28_20_02_20::00439::instability_dynamic_onset,allraw_vehicle_instability_highconf,rjy,train,Entity_Recording_2025_09_28_20_02_20_vehicle.csv,Entity_Recording_2025_09_28_20_02_20_vehicle.csv,F:\data_set_process\data_process\01_datasets\数据预处理\原始车辆数据\rjy\Entity_Recording_2025_09_28_20_02_20_vehicle.csv,439,439,allraw_instability_rescreen_v0_1,secondary,weak,all_raw_vehicle_dynamic_onset_non_steering,instability_ay_roll,straight,0,0.0,all_raw_nonsteering_dynamic_onset,11945,59.725,600,400,400,2.0,True,True,668.15,True,True,,59.725,67.695,7.97,11945,13539,83.77,66.26,instability_ay_roll,True,vehicle_instability_allraw__rjy__2025_09_28_20_02_20__000059725,Full raw rescreen. Anchor is derived from non-steering vehicle dynamics (ay/roll_rate). Steering metrics are only response evidence and must not be used to define onset.
instability_allraw_highconf_oldcode_v0_1,rjy::2025_09_28_20_02_20::00440::instability_dynamic_onset,allraw_vehicle_instability_highconf,rjy,train,Entity_Recording_2025_09_28_20_02_20_vehicle.csv,Entity_Recording_2025_09_28_20_02_20_vehicle.csv,F:\data_set_process\data_process\01_datasets\数据预处理\原始车辆数据\rjy\Entity_Recording_2025_09_28_20_02_20_vehicle.csv,440,440,allraw_instability_rescreen_v0_1,primary,strong_active,all_raw_vehicle_dynamic_onset_non_steering,instability_ay_roll,straight,0,0.0,all_raw_nonsteering_dynamic_onset,19035,95.175,600,400,400,2.0,True,True,632.7,True,True,,95.175,102.26,7.085,19035,20452,100.0,68.89,instability_ay_roll,True,vehicle_instability_allraw__rjy__2025_09_28_20_02_20__000095175,Full raw rescreen. Anchor is derived from non-steering vehicle dynamics (ay/roll_rate). Steering metrics are only response evidence and must not be used to define onset.
instability_allraw_highconf_oldcode_v0_1,rjy::2025_09_28_20_02_20::00441::instability_dynamic_onset,allraw_vehicle_instability_highconf,rjy,train,Entity_Recording_2025_09_28_20_02_20_vehicle.csv,Entity_Recording_2025_09_28_20_02_20_vehicle.csv,F:\data_set_process\data_process\01_datasets\数据预处理\原始车辆数据\rjy\Entity_Recording_2025_09_28_20_02_20_vehicle.csv,441,441,allraw_instability_rescreen_v0_1,secondary,extreme_active,all_raw_vehicle_dynamic_onset_non_steering,instability_ay_roll,straight,1,-0.00729802,all_raw_nonsteering_dynamic_onset,27482,137.41,600,400,400,2.0,True,True,590.465,True,True,,137.41,150.325,12.915,27482,30065,100.0,94.51,instability_ay_roll,True,vehicle_instability_allraw__rjy__2025_09_28_20_02_20__000137410,Full raw rescreen. Anchor is derived from non-steering vehicle dynamics (ay/roll_rate). Steering metrics are only response evidence and must not be used to define onset.
instability_allraw_highconf_oldcode_v0_1,rjy::2025_09_28_20_02_20::00442::instability_dynamic_onset,allraw_vehicle_instability_highconf,rjy,train,Entity_Recording_2025_09_28_20_02_20_vehicle.csv,Entity_Recording_2025_09_28_20_02_20_vehicle.csv,F:\data_set_process\data_process\01_datasets\数据预处理\原始车辆数据\rjy\Entity_Recording_2025_09_28_20_02_20_vehicle.csv,442,442,allraw_instability_rescreen_v0_1,secondary,medium_active,all_raw_vehicle_dynamic_onset_non_steering,instability_ay_roll,straight,0,-0.0,all_raw_nonsteering_dynamic_onset,61960,309.8,600,400,400,2.0,True,True,418.075,True,True,,309.8,317.905,8.105,61960,63581,82.35,52.27,instability_ay_roll,True,vehicle_instability_allraw__rjy__2025_09_28_20_02_20__000309800,Full raw rescreen. Anchor is derived from non-steering vehicle dynamics (ay/roll_rate). Steering metrics are only response evidence and must not be used to define onset.
instability_allraw_highconf_oldcode_v0_1,rjy::2025_09_28_20_02_20::00443::instability_dynamic_onset,allraw_vehicle_instability_highconf,rjy,train,Entity_Recording_2025_09_28_20_02_20_vehicle.csv,Entity_Recording_2025_09_28_20_02_20_vehicle.csv,F:\data_set_process\data_process\01_datasets\数据预处理\原始车辆数据\rjy\Entity_Recording_2025_09_28_20_02_20_vehicle.csv,443,443,allraw_instability_rescreen_v0_1,secondary,extreme_active,all_raw_vehicle_dynamic_onset_non_steering,instability_ay_roll,straight,0,0.0,all_raw_nonsteering_dynamic_onset,67702,338.51,600,400,400,2.0,True,True,389.365,True,True,,338.51,344.465,5.955,67702,68893,100.0,85.66,instability_ay_roll,True,vehicle_instability_allraw__rjy__2025_09_28_20_02_20__000338510,Full raw rescreen. Anchor is derived from non-steering vehicle dynamics (ay/roll_rate). Steering metrics are only response evidence and must not be used to define onset.
instability_allraw_highconf_oldcode_v0_1,rjy::2025_09_28_20_02_20::00444::instability_dynamic_onset,allraw_vehicle_instability_highconf,rjy,train,Entity_Recording_2025_09_28_20_02_20_vehicle.csv,Entity_Recording_2025_09_28_20_02_20_vehicle.csv,F:\data_set_process\data_process\01_datasets\数据预处理\原始车辆数据\rjy\Entity_Recording_2025_09_28_20_02_20_vehicle.csv,444,444,allraw_instability_rescreen_v0_1,secondary,extreme_active,all_raw_vehicle_dynamic_onset_non_steering,instability_ay_roll,straight,0,0.0,all_raw_nonsteering_dynamic_onset,71167,355.835,600,400,400,2.0,True,True,372.04,True,True,,355.835,374.51,18.675,71167,74902,100.0,79.34,instability_ay_roll,True,vehicle_instability_allraw__rjy__2025_09_28_20_02_20__000355835,Full raw rescreen. Anchor is derived from non-steering vehicle dynamics (ay/roll_rate). Steering metrics are only response evidence and must not be used to define onset.
instability_allraw_highconf_oldcode_v0_1,rjy::2025_09_28_20_02_20::00445::instability_dynamic_onset,allraw_vehicle_instability_highconf,rjy,train,Entity_Recording_2025_09_28_20_02_20_vehicle.csv,Entity_Recording_2025_09_28_20_02_20_vehicle.csv,F:\data_set_process\data_process\01_datasets\数据预处理\原始车辆数据\rjy\Entity_Recording_2025_09_28_20_02_20_vehicle.csv,445,445,allraw_instability_rescreen_v0_1,secondary,medium_active,all_raw_vehicle_dynamic_onset_non_steering,instability_ay_roll,straight,0,0.0,all_raw_nonsteering_dynamic_onset,81938,409.69,600,400,400,2.0,True,True,318.185,True,True,,409.69,433.255,23.565,81938,86651,100.0,75.51,instability_ay_roll,True,vehicle_instability_allraw__rjy__2025_09_28_20_02_20__000409690,Full raw rescreen. Anchor is derived from non-steering vehicle dynamics (ay/roll_rate). Steering metrics are only response evidence and must not be used to define onset.
instability_allraw_highconf_oldcode_v0_1,rjy::2025_09_28_20_02_20::00446::instability_dynamic_onset,allraw_vehicle_instability_highconf,rjy,train,Entity_Recording_2025_09_28_20_02_20_vehicle.csv,Entity_Recording_2025_09_28_20_02_20_vehicle.csv,F:\data_set_process\data_process\01_datasets\数据预处理\原始车辆数据\rjy\Entity_Recording_2025_09_28_20_02_20_vehicle.csv,446,446,allraw_instability_rescreen_v0_1,secondary,extreme_active,all_raw_vehicle_dynamic_onset_non_steering,instability_ay_roll,straight,0,-0.0,all_raw_nonsteering_dynamic_onset,94099,470.495,600,400,400,2.0,True,True,257.38,True,True,,470.495,479.125,8.63,94099,95825,100.0,94.9,instability_ay_roll,True,vehicle_instability_allraw__rjy__2025_09_28_20_02_20__000470495,Full raw rescreen. Anchor is derived from non-steering vehicle dynamics (ay/roll_rate). Steering metrics are only response evidence and must not be used to define onset.
instability_allraw_highconf_oldcode_v0_1,rjy::2025_09_28_20_02_20::00447::instability_dynamic_onset,allraw_vehicle_instability_highconf,rjy,train,Entity_Recording_2025_09_28_20_02_20_vehicle.csv,Entity_Recording_2025_09_28_20_02_20_vehicle.csv,F:\data_set_process\data_process\01_datasets\数据预处理\原始车辆数据\rjy\Entity_Recording_2025_09_28_20_02_20_vehicle.csv,447,447,allraw_instability_rescreen_v0_1,secondary,medium_active,all_raw_vehicle_dynamic_onset_non_steering,instability_ay_roll,straight,0,0.0,all_raw_nonsteering_dynamic_onset,100168,500.84,600,400,400,2.0,True,True,227.035,True,True,,500.84,515.73,14.89,100168,103146,82.15,58.23,instability_ay_roll,True,vehicle_instability_allraw__rjy__2025_09_28_20_02_20__000500840,Full raw rescreen. Anchor is derived from non-steering vehicle dynamics (ay/roll_rate). Steering metrics are only response evidence and must not be used to define onset.
instability_allraw_highconf_oldcode_v0_1,rjy::2025_09_28_20_02_20::00448::instability_dynamic_onset,allraw_vehicle_instability_highconf,rjy,train,Entity_Recording_2025_09_28_20_02_20_vehicle.csv,Entity_Recording_2025_09_28_20_02_20_vehicle.csv,F:\data_set_process\data_process\01_datasets\数据预处理\原始车辆数据\rjy\Entity_Recording_2025_09_28_20_02_20_vehicle.csv,448,448,allraw_instability_rescreen_v0_1,secondary,extreme_active,all_raw_vehicle_dynamic_onset_non_steering,instability_ay_roll,straight,1,0.0,all_raw_nonsteering_dynamic_onset,108904,544.52,600,400,400,2.0,True,True,183.355,True,True,,544.52,555.725,11.205,108904,111145,100.0,87.5,instability_ay_roll,True,vehicle_instability_allraw__rjy__2025_09_28_20_02_20__000544520,Full raw rescreen. Anchor is derived from non-steering vehicle dynamics (ay/roll_rate). Steering metrics are only response evidence and must not be used to define onset.
instability_allraw_highconf_oldcode_v0_1,rjy::2025_09_28_20_02_20::00449::instability_dynamic_onset,allraw_vehicle_instability_highconf,rjy,train,Entity_Recording_2025_09_28_20_02_20_vehicle.csv,Entity_Recording_2025_09_28_20_02_20_vehicle.csv,F:\data_set_process\data_process\01_datasets\数据预处理\原始车辆数据\rjy\Entity_Recording_2025_09_28_20_02_20_vehicle.csv,449,449,allraw_instability_rescreen_v0_1,secondary,extreme_active,all_raw_vehicle_dynamic_onset_non_steering,instability_ay_roll,curve,1,-0.0,all_raw_nonsteering_dynamic_onset,113049,565.245,600,400,400,2.0,True,True,162.63,True,True,,565.245,583.215,17.97,113049,116643,100.0,77.85,instability_ay_roll,True,vehicle_instability_allraw__rjy__2025_09_28_20_02_20__000565245,Full raw rescreen. Anchor is derived from non-steering vehicle dynamics (ay/roll_rate). Steering metrics are only response evidence and must not be used to define onset.
instability_allraw_highconf_oldcode_v0_1,rjy::2025_09_28_20_02_20::00450::instability_dynamic_onset,allraw_vehicle_instability_highconf,rjy,train,Entity_Recording_2025_09_28_20_02_20_vehicle.csv,Entity_Recording_2025_09_28_20_02_20_vehicle.csv,F:\data_set_process\data_process\01_datasets\数据预处理\原始车辆数据\rjy\Entity_Recording_2025_09_28_20_02_20_vehicle.csv,450,450,allraw_instability_rescreen_v0_1,secondary,strong_active,all_raw_vehicle_dynamic_onset_non_steering,instability_ay_roll,straight,0,0.0,all_raw_nonsteering_dynamic_onset,120383,601.915,600,400,400,2.0,True,True,125.96,True,True,,601.915,631.7,29.785,120383,126340,100.0,90.25,instability_ay_roll,True,vehicle_instability_allraw__rjy__2025_09_28_20_02_20__000601915,Full raw rescreen. Anchor is derived from non-steering vehicle dynamics (ay/roll_rate). Steering metrics are only response evidence and must not be used to define onset.
instability_allraw_highconf_oldcode_v0_1,rjy::2025_09_28_20_02_20::00451::instability_dynamic_onset,allraw_vehicle_instability_highconf,rjy,train,Entity_Recording_2025_09_28_20_02_20_vehicle.csv,Entity_Recording_2025_09_28_20_02_20_vehicle.csv,F:\data_set_process\data_process\01_datasets\数据预处理\原始车辆数据\rjy\Entity_Recording_2025_09_28_20_02_20_vehicle.csv,451,451,allraw_instability_rescreen_v0_1,secondary,extreme_active,all_raw_vehicle_dynamic_onset_non_steering,instability_ay_roll,straight,0,-0.0,all_raw_nonsteering_dynamic_onset,140744,703.72,600,400,400,2.0,True,True,24.155,True,True,,703.72,715.955,12.235,140744,143191,100.0,88.02,instability_ay_roll,True,vehicle_instability_allraw__rjy__2025_09_28_20_02_20__000703720,Full raw rescreen. Anchor is derived from non-steering vehicle dynamics (ay/roll_rate). Steering metrics are only response evidence and must not be used to define onset.
instability_allraw_highconf_oldcode_v0_1,rjy::2025_09_28_20_15_42::00452::instability_dynamic_onset,allraw_vehicle_instability_highconf,rjy,train,Entity_Recording_2025_09_28_20_15_42_vehicle.csv,Entity_Recording_2025_09_28_20_15_42_vehicle.csv,F:\data_set_process\data_process\01_datasets\数据预处理\原始车辆数据\rjy\Entity_Recording_2025_09_28_20_15_42_vehicle.csv,452,452,allraw_instability_rescreen_v0_1,secondary,extreme_active,all_raw_vehicle_dynamic_onset_non_steering,instability_ay_roll,straight,0,0.0,all_raw_nonsteering_dynamic_onset,10652,53.26,600,400,400,2.0,True,True,545.675,True,True,,53.26,60.965,7.705,10652,12193,100.0,88.82,instability_ay_roll,True,vehicle_instability_allraw__rjy__2025_09_28_20_15_42__000053260,Full raw rescreen. Anchor is derived from non-steering vehicle dynamics (ay/roll_rate). Steering metrics are only response evidence and must not be used to define onset.
instability_allraw_highconf_oldcode_v0_1,rjy::2025_09_28_20_15_42::00453::instability_dynamic_onset,allraw_vehicle_instability_highconf,rjy,train,Entity_Recording_2025_09_28_20_15_42_vehicle.csv,Entity_Recording_2025_09_28_20_15_42_vehicle.csv,F:\data_set_process\data_process\01_datasets\数据预处理\原始车辆数据\rjy\Entity_Recording_2025_09_28_20_15_42_vehicle.csv,453,453,allraw_instability_rescreen_v0_1,secondary,extreme_active,all_raw_vehicle_dynamic_onset_non_steering,instability_ay_roll,straight,0,0.0,all_raw_nonsteering_dynamic_onset,16784,83.92,600,400,400,2.0,True,True,515.015,True,True,,83.92,94.965,11.045,16784,18993,100.0,94.07,instability_ay_roll,True,vehicle_instability_allraw__rjy__2025_09_28_20_15_42__000083920,Full raw rescreen. Anchor is derived from non-steering vehicle dynamics (ay/roll_rate). Steering metrics are only response evidence and must not be used to define onset.
instability_allraw_highconf_oldcode_v0_1,rjy::2025_09_28_20_15_42::00454::instability_dynamic_onset,allraw_vehicle_instability_highconf,rjy,train,Entity_Recording_2025_09_28_20_15_42_vehicle.csv,Entity_Recording_2025_09_28_20_15_42_vehicle.csv,F:\data_set_process\data_process\01_datasets\数据预处理\原始车辆数据\rjy\Entity_Recording_2025_09_28_20_15_42_vehicle.csv,454,454,allraw_instability_rescreen_v0_1,secondary,extreme_active,all_raw_vehicle_dynamic_onset_non_steering,instability_ay_roll,straight,1,-0.00729802,all_raw_nonsteering_dynamic_onset,28292,141.46,600,400,400,2.0,True,True,457.475,True,True,,141.46,167.615,26.155,28292,33523,100.0,84.25,instability_ay_roll,True,vehicle_instability_allraw__rjy__2025_09_28_20_15_42__000141460,Full raw rescreen. Anchor is derived from non-steering vehicle dynamics (ay/roll_rate). Steering metrics are only response evidence and must not be used to define onset.
instability_allraw_highconf_oldcode_v0_1,rjy::2025_09_28_20_15_42::00455::instability_dynamic_onset,allraw_vehicle_instability_highconf,rjy,train,Entity_Recording_2025_09_28_20_15_42_vehicle.csv,Entity_Recording_2025_09_28_20_15_42_vehicle.csv,F:\data_set_process\data_process\01_datasets\数据预处理\原始车辆数据\rjy\Entity_Recording_2025_09_28_20_15_42_vehicle.csv,455,455,allraw_instability_rescreen_v0_1,secondary,extreme_active,all_raw_vehicle_dynamic_onset_non_steering,instability_ay_roll,straight,0,0.0,all_raw_nonsteering_dynamic_onset,35319,176.595,600,400,400,2.0,True,True,422.34,True,True,,176.595,177.41,0.815,35319,35482,83.58,58.28,instability_ay_roll,True,vehicle_instability_allraw__rjy__2025_09_28_20_15_42__000176595,Full raw rescreen. Anchor is derived from non-steering vehicle dynamics (ay/roll_rate). Steering metrics are only response evidence and must not be used to define onset.
instability_allraw_highconf_oldcode_v0_1,rjy::2025_09_28_20_15_42::00456::instability_dynamic_onset,allraw_vehicle_instability_highconf,rjy,train,Entity_Recording_2025_09_28_20_15_42_vehicle.csv,Entity_Recording_2025_09_28_20_15_42_vehicle.csv,F:\data_set_process\data_process\01_datasets\数据预处理\原始车辆数据\rjy\Entity_Recording_2025_09_28_20_15_42_vehicle.csv,456,456,allraw_instability_rescreen_v0_1,secondary,extreme_active,all_raw_vehicle_dynamic_onset_non_steering,instability_ay_roll,straight,0,0.0,all_raw_nonsteering_dynamic_onset,36142,180.71,600,400,400,2.0,True,True,418.225,True,True,,180.71,189.155,8.445,36142,37831,100.0,63.72,instability_ay_roll,True,vehicle_instability_allraw__rjy__2025_09_28_20_15_42__000180710,Full raw rescreen. Anchor is derived from non-steering vehicle dynamics (ay/roll_rate). Steering metrics are only response evidence and must not be used to define onset.
instability_allraw_highconf_oldcode_v0_1,rjy::2025_09_28_20_15_42::00457::instability_dynamic_onset,allraw_vehicle_instability_highconf,rjy,train,Entity_Recording_2025_09_28_20_15_42_vehicle.csv,Entity_Recording_2025_09_28_20_15_42_vehicle.csv,F:\data_set_process\data_process\01_datasets\数据预处理\原始车辆数据\rjy\Entity_Recording_2025_09_28_20_15_42_vehicle.csv,457,457,allraw_instability_rescreen_v0_1,secondary,strong_active,all_raw_vehicle_dynamic_onset_non_steering,instability_ay_roll,straight,0,-0.0,all_raw_nonsteering_dynamic_onset,41551,207.755,600,400,400,2.0,True,True,391.18,True,True,,207.755,215.72,7.965,41551,43144,100.0,79.79,instability_ay_roll,True,vehicle_instability_allraw__rjy__2025_09_28_20_15_42__000207755,Full raw rescreen. Anchor is derived from non-steering vehicle dynamics (ay/roll_rate). Steering metrics are only response evidence and must not be used to define onset.
instability_allraw_highconf_oldcode_v0_1,rjy::2025_09_28_20_15_42::00458::instability_dynamic_onset,allraw_vehicle_instability_highconf,rjy,train,Entity_Recording_2025_09_28_20_15_42_vehicle.csv,Entity_Recording_2025_09_28_20_15_42_vehicle.csv,F:\data_set_process\data_process\01_datasets\数据预处理\原始车辆数据\rjy\Entity_Recording_2025_09_28_20_15_42_vehicle.csv,458,458,allraw_instability_rescreen_v0_1,secondary,strong_active,all_raw_vehicle_dynamic_onset_non_steering,instability_ay_roll,straight,0,-0.0,all_raw_nonsteering_dynamic_onset,44254,221.27,600,400,400,2.0,True,True,377.665,True,True,,221.27,232.235,10.965,44254,46447,100.0,93.6,instability_ay_roll,True,vehicle_instability_allraw__rjy__2025_09_28_20_15_42__000221270,Full raw rescreen. Anchor is derived from non-steering vehicle dynamics (ay/roll_rate). Steering metrics are only response evidence and must not be used to define onset.
instability_allraw_highconf_oldcode_v0_1,rjy::2025_09_28_20_15_42::00459::instability_dynamic_onset,allraw_vehicle_instability_highconf,rjy,train,Entity_Recording_2025_09_28_20_15_42_vehicle.csv,Entity_Recording_2025_09_28_20_15_42_vehicle.csv,F:\data_set_process\data_process\01_datasets\数据预处理\原始车辆数据\rjy\Entity_Recording_2025_09_28_20_15_42_vehicle.csv,459,459,allraw_instability_rescreen_v0_1,secondary,weak,all_raw_vehicle_dynamic_onset_non_steering,instability_ay_roll,straight,0,0.0,all_raw_nonsteering_dynamic_onset,48638,243.19,600,400,400,2.0,True,True,355.745,True,True,,243.19,245.42,2.23,48638,49084,86.59,59.86,instability_ay_roll,True,vehicle_instability_allraw__rjy__2025_09_28_20_15_42__000243190,Full raw rescreen. Anchor is derived from non-steering vehicle dynamics (ay/roll_rate). Steering metrics are only response evidence and must not be used to define onset.
instability_allraw_highconf_oldcode_v0_1,rjy::2025_09_28_20_15_42::00460::instability_dynamic_onset,allraw_vehicle_instability_highconf,rjy,train,Entity_Recording_2025_09_28_20_15_42_vehicle.csv,Entity_Recording_2025_09_28_20_15_42_vehicle.csv,F:\data_set_process\data_process\01_datasets\数据预处理\原始车辆数据\rjy\Entity_Recording_2025_09_28_20_15_42_vehicle.csv,460,460,allraw_instability_rescreen_v0_1,secondary,strong_active,all_raw_vehicle_dynamic_onset_non_steering,instability_roll_only,straight,0,0.0,all_raw_nonsteering_dynamic_onset,52616,263.08,600,400,400,2.0,True,True,335.855,True,True,,263.08,267.29,4.21,52616,53458,100.0,54.83,instability_roll_only,True,vehicle_instability_allraw__rjy__2025_09_28_20_15_42__000263080,Full raw rescreen. Anchor is derived from non-steering vehicle dynamics (ay/roll_rate). Steering metrics are only response evidence and must not be used to define onset.
instability_allraw_highconf_oldcode_v0_1,rjy::2025_09_28_20_15_42::00461::instability_dynamic_onset,allraw_vehicle_instability_highconf,rjy,train,Entity_Recording_2025_09_28_20_15_42_vehicle.csv,Entity_Recording_2025_09_28_20_15_42_vehicle.csv,F:\data_set_process\data_process\01_datasets\数据预处理\原始车辆数据\rjy\Entity_Recording_2025_09_28_20_15_42_vehicle.csv,461,461,allraw_instability_rescreen_v0_1,primary,extreme_active,all_raw_vehicle_dynamic_onset_non_steering,instability_ay_roll,curve,0,-0.0,all_raw_nonsteering_dynamic_onset,65961,329.805,600,400,400,2.0,True,True,269.13,True,True,,329.805,343.39,13.585,65961,68678,100.0,80.22,instability_ay_roll,True,vehicle_instability_allraw__rjy__2025_09_28_20_15_42__000329805,Full raw rescreen. Anchor is derived from non-steering vehicle dynamics (ay/roll_rate). Steering metrics are only response evidence and must not be used to define onset.
instability_allraw_highconf_oldcode_v0_1,rjy::2025_09_28_20_15_42::00462::instability_dynamic_onset,allraw_vehicle_instability_highconf,rjy,train,Entity_Recording_2025_09_28_20_15_42_vehicle.csv,Entity_Recording_2025_09_28_20_15_42_vehicle.csv,F:\data_set_process\data_process\01_datasets\数据预处理\原始车辆数据\rjy\Entity_Recording_2025_09_28_20_15_42_vehicle.csv,462,462,allraw_instability_rescreen_v0_1,secondary,extreme_active,all_raw_vehicle_dynamic_onset_non_steering,instability_ay_only,straight,1,-5.872e-05,all_raw_nonsteering_dynamic_onset,75768,378.84,600,400,400,2.0,True,True,220.095,True,True,,378.84,379.13,0.29,75768,75826,100.0,70.53,instability_ay_only,True,vehicle_instability_allraw__rjy__2025_09_28_20_15_42__000378840,Full raw rescreen. Anchor is derived from non-steering vehicle dynamics (ay/roll_rate). Steering metrics are only response evidence and must not be used to define onset.
instability_allraw_highconf_oldcode_v0_1,rjy::2025_09_28_20_15_42::00463::instability_dynamic_onset,allraw_vehicle_instability_highconf,rjy,train,Entity_Recording_2025_09_28_20_15_42_vehicle.csv,Entity_Recording_2025_09_28_20_15_42_vehicle.csv,F:\data_set_process\data_process\01_datasets\数据预处理\原始车辆数据\rjy\Entity_Recording_2025_09_28_20_15_42_vehicle.csv,463,463,allraw_instability_rescreen_v0_1,secondary,extreme_active,all_raw_vehicle_dynamic_onset_non_steering,instability_ay_roll,straight,0,0.0,all_raw_nonsteering_dynamic_onset,76415,382.075,600,400,400,2.0,True,True,216.86,True,True,,382.075,386.62,4.545,76415,77324,100.0,88.79,instability_ay_roll,True,vehicle_instability_allraw__rjy__2025_09_28_20_15_42__000382075,Full raw rescreen. Anchor is derived from non-steering vehicle dynamics (ay/roll_rate). Steering metrics are only response evidence and must not be used to define onset.
instability_allraw_highconf_oldcode_v0_1,rjy::2025_09_28_20_15_42::00464::instability_dynamic_onset,allraw_vehicle_instability_highconf,rjy,train,Entity_Recording_2025_09_28_20_15_42_vehicle.csv,Entity_Recording_2025_09_28_20_15_42_vehicle.csv,F:\data_set_process\data_process\01_datasets\数据预处理\原始车辆数据\rjy\Entity_Recording_2025_09_28_20_15_42_vehicle.csv,464,464,allraw_instability_rescreen_v0_1,secondary,strong_active,all_raw_vehicle_dynamic_onset_non_steering,instability_ay_roll,straight,0,-0.0,all_raw_nonsteering_dynamic_onset,80995,404.975,600,400,400,2.0,True,True,193.96,True,True,,404.975,412.405,7.43,80995,82481,100.0,75.69,instability_ay_roll,True,vehicle_instability_allraw__rjy__2025_09_28_20_15_42__000404975,Full raw rescreen. Anchor is derived from non-steering vehicle dynamics (ay/roll_rate). Steering metrics are only response evidence and must not be used to define onset.
instability_allraw_highconf_oldcode_v0_1,rjy::2025_09_28_20_15_42::00465::instability_dynamic_onset,allraw_vehicle_instability_highconf,rjy,train,Entity_Recording_2025_09_28_20_15_42_vehicle.csv,Entity_Recording_2025_09_28_20_15_42_vehicle.csv,F:\data_set_process\data_process\01_datasets\数据预处理\原始车辆数据\rjy\Entity_Recording_2025_09_28_20_15_42_vehicle.csv,465,465,allraw_instability_rescreen_v0_1,secondary,strong_active,all_raw_vehicle_dynamic_onset_non_steering,instability_ay_roll,straight,0,0.0,all_raw_nonsteering_dynamic_onset,93125,465.625,600,400,400,2.0,True,True,133.31,True,True,,465.625,480.76,15.135,93125,96152,100.0,70.91,instability_ay_roll,True,vehicle_instability_allraw__rjy__2025_09_28_20_15_42__000465625,Full raw rescreen. Anchor is derived from non-steering vehicle dynamics (ay/roll_rate). Steering metrics are only response evidence and must not be used to define onset.
instability_allraw_highconf_oldcode_v0_1,rjy::2025_09_28_20_15_42::00466::instability_dynamic_onset,allraw_vehicle_instability_highconf,rjy,train,Entity_Recording_2025_09_28_20_15_42_vehicle.csv,Entity_Recording_2025_09_28_20_15_42_vehicle.csv,F:\data_set_process\data_process\01_datasets\数据预处理\原始车辆数据\rjy\Entity_Recording_2025_09_28_20_15_42_vehicle.csv,466,466,allraw_instability_rescreen_v0_1,secondary,medium_active,all_raw_vehicle_dynamic_onset_non_steering,instability_ay_roll,straight,0,0.0,all_raw_nonsteering_dynamic_onset,109484,547.42,600,400,400,2.0,True,True,51.515,True,True,,547.42,556.58,9.16,109484,111316,90.64,58.29,instability_ay_roll,True,vehicle_instability_allraw__rjy__2025_09_28_20_15_42__000547420,Full raw rescreen. Anchor is derived from non-steering vehicle dynamics (ay/roll_rate). Steering metrics are only response evidence and must not be used to define onset.
instability_allraw_highconf_oldcode_v0_1,rjy::2025_09_28_20_15_42::00467::instability_dynamic_onset,allraw_vehicle_instability_highconf,rjy,train,Entity_Recording_2025_09_28_20_15_42_vehicle.csv,Entity_Recording_2025_09_28_20_15_42_vehicle.csv,F:\data_set_process\data_process\01_datasets\数据预处理\原始车辆数据\rjy\Entity_Recording_2025_09_28_20_15_42_vehicle.csv,467,467,allraw_instability_rescreen_v0_1,secondary,strong_active,all_raw_vehicle_dynamic_onset_non_steering,instability_ay_roll,straight,0,-0.0,all_raw_nonsteering_dynamic_onset,112013,560.065,600,400,400,2.0,True,True,38.87,True,True,,560.065,568.67,8.605,112013,113734,93.89,65.75,instability_ay_roll,True,vehicle_instability_allraw__rjy__2025_09_28_20_15_42__000560065,Full raw rescreen. Anchor is derived from non-steering vehicle dynamics (ay/roll_rate). Steering metrics are only response evidence and must not be used to define onset.
instability_allraw_highconf_oldcode_v0_1,rjy::2025_09_28_20_15_42::00468::instability_dynamic_onset,allraw_vehicle_instability_highconf,rjy,train,Entity_Recording_2025_09_28_20_15_42_vehicle.csv,Entity_Recording_2025_09_28_20_15_42_vehicle.csv,F:\data_set_process\data_process\01_datasets\数据预处理\原始车辆数据\rjy\Entity_Recording_2025_09_28_20_15_42_vehicle.csv,468,468,allraw_instability_rescreen_v0_1,secondary,strong_active,all_raw_vehicle_dynamic_onset_non_steering,instability_ay_roll,curve,0,0.0,all_raw_nonsteering_dynamic_onset,115369,576.845,600,400,400,2.0,True,True,22.09,True,True,,576.845,595.245,18.4,115369,119049,92.12,63.57,instability_ay_roll,True,vehicle_instability_allraw__rjy__2025_09_28_20_15_42__000576845,Full raw rescreen. Anchor is derived from non-steering vehicle dynamics (ay/roll_rate). Steering metrics are only response evidence and must not be used to define onset.
instability_allraw_highconf_oldcode_v0_1,txj::2025_09_27_08_40_46::00469::instability_dynamic_onset,allraw_vehicle_instability_highconf,txj,train,Entity_Recording_2025_09_27_08_40_46_vehicle.csv,Entity_Recording_2025_09_27_08_40_46_vehicle.csv,F:\data_set_process\data_process\01_datasets\数据预处理\原始车辆数据\txj\Entity_Recording_2025_09_27_08_40_46_vehicle.csv,469,469,allraw_instability_rescreen_v0_1,secondary,extreme_active,all_raw_vehicle_dynamic_onset_non_steering,instability_ay_roll,straight,0,-0.0,all_raw_nonsteering_dynamic_onset,20298,101.49,600,400,400,2.0,True,True,635.24,True,True,,101.49,105.365,3.875,20298,21073,84.17,51.8,instability_ay_roll,True,vehicle_instability_allraw__txj__2025_09_27_08_40_46__000101490,Full raw rescreen. Anchor is derived from non-steering vehicle dynamics (ay/roll_rate). Steering metrics are only response evidence and must not be used to define onset.
instability_allraw_highconf_oldcode_v0_1,txj::2025_09_27_08_40_46::00470::instability_dynamic_onset,allraw_vehicle_instability_highconf,txj,train,Entity_Recording_2025_09_27_08_40_46_vehicle.csv,Entity_Recording_2025_09_27_08_40_46_vehicle.csv,F:\data_set_process\data_process\01_datasets\数据预处理\原始车辆数据\txj\Entity_Recording_2025_09_27_08_40_46_vehicle.csv,470,470,allraw_instability_rescreen_v0_1,secondary,extreme_active,all_raw_vehicle_dynamic_onset_non_steering,instability_ay_roll,straight,0,-0.0,all_raw_nonsteering_dynamic_onset,25479,127.395,600,400,400,2.0,True,True,609.335,True,True,,127.395,134.665,7.27,25479,26933,100.0,96.34,instability_ay_roll,True,vehicle_instability_allraw__txj__2025_09_27_08_40_46__000127395,Full raw rescreen. Anchor is derived from non-steering vehicle dynamics (ay/roll_rate). Steering metrics are only response evidence and must not be used to define onset.
instability_allraw_highconf_oldcode_v0_1,txj::2025_09_27_08_40_46::00471::instability_dynamic_onset,allraw_vehicle_instability_highconf,txj,train,Entity_Recording_2025_09_27_08_40_46_vehicle.csv,Entity_Recording_2025_09_27_08_40_46_vehicle.csv,F:\data_set_process\data_process\01_datasets\数据预处理\原始车辆数据\txj\Entity_Recording_2025_09_27_08_40_46_vehicle.csv,471,471,allraw_instability_rescreen_v0_1,primary,extreme_active,all_raw_vehicle_dynamic_onset_non_steering,instability_ay_roll,straight,1,0.0,all_raw_nonsteering_dynamic_onset,27913,139.565,600,400,400,2.0,True,True,597.165,True,True,,139.565,144.125,4.56,27913,28825,100.0,88.18,instability_ay_roll,True,vehicle_instability_allraw__txj__2025_09_27_08_40_46__000139565,Full raw rescreen. Anchor is derived from non-steering vehicle dynamics (ay/roll_rate). Steering metrics are only response evidence and must not be used to define onset.
instability_allraw_highconf_oldcode_v0_1,txj::2025_09_27_08_40_46::00472::instability_dynamic_onset,allraw_vehicle_instability_highconf,txj,train,Entity_Recording_2025_09_27_08_40_46_vehicle.csv,Entity_Recording_2025_09_27_08_40_46_vehicle.csv,F:\data_set_process\data_process\01_datasets\数据预处理\原始车辆数据\txj\Entity_Recording_2025_09_27_08_40_46_vehicle.csv,472,472,allraw_instability_rescreen_v0_1,secondary,extreme_active,all_raw_vehicle_dynamic_onset_non_steering,instability_ay_roll,straight,1,0.0,all_raw_nonsteering_dynamic_onset,29712,148.56,600,400,400,2.0,True,True,588.17,True,True,,148.56,151.325,2.765,29712,30265,100.0,99.09,instability_ay_roll,True,vehicle_instability_allraw__txj__2025_09_27_08_40_46__000148560,Full raw rescreen. Anchor is derived from non-steering vehicle dynamics (ay/roll_rate). Steering metrics are only response evidence and must not be used to define onset.
instability_allraw_highconf_oldcode_v0_1,txj::2025_09_27_08_40_46::00473::instability_dynamic_onset,allraw_vehicle_instability_highconf,txj,train,Entity_Recording_2025_09_27_08_40_46_vehicle.csv,Entity_Recording_2025_09_27_08_40_46_vehicle.csv,F:\data_set_process\data_process\01_datasets\数据预处理\原始车辆数据\txj\Entity_Recording_2025_09_27_08_40_46_vehicle.csv,473,473,allraw_instability_rescreen_v0_1,secondary,strong_active,all_raw_vehicle_dynamic_onset_non_steering,instability_ay_roll,straight,1,-0.00729802,all_raw_nonsteering_dynamic_onset,39438,197.19,600,400,400,2.0,True,True,539.54,True,True,,197.19,216.13,18.94,39438,43226,100.0,70.89,instability_ay_roll,True,vehicle_instability_allraw__txj__2025_09_27_08_40_46__000197190,Full raw rescreen. Anchor is derived from non-steering vehicle dynamics (ay/roll_rate). Steering metrics are only response evidence and must not be used to define onset.
instability_allraw_highconf_oldcode_v0_1,txj::2025_09_27_08_40_46::00474::instability_dynamic_onset,allraw_vehicle_instability_highconf,txj,train,Entity_Recording_2025_09_27_08_40_46_vehicle.csv,Entity_Recording_2025_09_27_08_40_46_vehicle.csv,F:\data_set_process\data_process\01_datasets\数据预处理\原始车辆数据\txj\Entity_Recording_2025_09_27_08_40_46_vehicle.csv,474,474,allraw_instability_rescreen_v0_1,secondary,strong_active,all_raw_vehicle_dynamic_onset_non_steering,instability_ay_roll,straight,0,0.0,all_raw_nonsteering_dynamic_onset,46877,234.385,600,400,400,2.0,True,True,502.345,True,True,,234.385,270.83,36.445,46877,54166,98.31,67.53,instability_ay_roll,True,vehicle_instability_allraw__txj__2025_09_27_08_40_46__000234385,Full raw rescreen. Anchor is derived from non-steering vehicle dynamics (ay/roll_rate). Steering metrics are only response evidence and must not be used to define onset.
instability_allraw_highconf_oldcode_v0_1,txj::2025_09_27_08_40_46::00475::instability_dynamic_onset,allraw_vehicle_instability_highconf,txj,train,Entity_Recording_2025_09_27_08_40_46_vehicle.csv,Entity_Recording_2025_09_27_08_40_46_vehicle.csv,F:\data_set_process\data_process\01_datasets\数据预处理\原始车辆数据\txj\Entity_Recording_2025_09_27_08_40_46_vehicle.csv,475,475,allraw_instability_rescreen_v0_1,secondary,extreme_active,all_raw_vehicle_dynamic_onset_non_steering,instability_ay_roll,straight,0,-0.0,all_raw_nonsteering_dynamic_onset,55109,275.545,600,400,400,2.0,True,True,461.185,True,True,,275.545,283.65,8.105,55109,56730,100.0,72.43,instability_ay_roll,True,vehicle_instability_allraw__txj__2025_09_27_08_40_46__000275545,Full raw rescreen. Anchor is derived from non-steering vehicle dynamics (ay/roll_rate). Steering metrics are only response evidence and must not be used to define onset.
instability_allraw_highconf_oldcode_v0_1,txj::2025_09_27_08_40_46::00476::instability_dynamic_onset,allraw_vehicle_instability_highconf,txj,train,Entity_Recording_2025_09_27_08_40_46_vehicle.csv,Entity_Recording_2025_09_27_08_40_46_vehicle.csv,F:\data_set_process\data_process\01_datasets\数据预处理\原始车辆数据\txj\Entity_Recording_2025_09_27_08_40_46_vehicle.csv,476,476,allraw_instability_rescreen_v0_1,secondary,strong_active,all_raw_vehicle_dynamic_onset_non_steering,instability_ay_roll,straight,0,-0.0,all_raw_nonsteering_dynamic_onset,60226,301.13,600,400,400,2.0,True,True,435.6,True,True,,301.13,322.72,21.59,60226,64544,100.0,73.22,instability_ay_roll,True,vehicle_instability_allraw__txj__2025_09_27_08_40_46__000301130,Full raw rescreen. Anchor is derived from non-steering vehicle dynamics (ay/roll_rate). Steering metrics are only response evidence and must not be used to define onset.
instability_allraw_highconf_oldcode_v0_1,txj::2025_09_27_08_40_46::00477::instability_dynamic_onset,allraw_vehicle_instability_highconf,txj,train,Entity_Recording_2025_09_27_08_40_46_vehicle.csv,Entity_Recording_2025_09_27_08_40_46_vehicle.csv,F:\data_set_process\data_process\01_datasets\数据预处理\原始车辆数据\txj\Entity_Recording_2025_09_27_08_40_46_vehicle.csv,477,477,allraw_instability_rescreen_v0_1,secondary,extreme_active,all_raw_vehicle_dynamic_onset_non_steering,instability_ay_roll,curve,0,-0.0,all_raw_nonsteering_dynamic_onset,69864,349.32,600,400,400,2.0,True,True,387.41,True,True,,349.32,374.175,24.855,69864,74835,100.0,93.79,instability_ay_roll,True,vehicle_instability_allraw__txj__2025_09_27_08_40_46__000349320,Full raw rescreen. Anchor is derived from non-steering vehicle dynamics (ay/roll_rate). Steering metrics are only response evidence and must not be used to define onset.
instability_allraw_highconf_oldcode_v0_1,txj::2025_09_27_08_40_46::00478::instability_dynamic_onset,allraw_vehicle_instability_highconf,txj,train,Entity_Recording_2025_09_27_08_40_46_vehicle.csv,Entity_Recording_2025_09_27_08_40_46_vehicle.csv,F:\data_set_process\data_process\01_datasets\数据预处理\原始车辆数据\txj\Entity_Recording_2025_09_27_08_40_46_vehicle.csv,478,478,allraw_instability_rescreen_v0_1,secondary,extreme_active,all_raw_vehicle_dynamic_onset_non_steering,instability_ay_roll,straight,1,0.0,all_raw_nonsteering_dynamic_onset,76073,380.365,600,400,400,2.0,True,True,356.365,True,True,,380.365,402.485,22.12,76073,80497,100.0,94.45,instability_ay_roll,True,vehicle_instability_allraw__txj__2025_09_27_08_40_46__000380365,Full raw rescreen. Anchor is derived from non-steering vehicle dynamics (ay/roll_rate). Steering metrics are only response evidence and must not be used to define onset.
instability_allraw_highconf_oldcode_v0_1,txj::2025_09_27_08_40_46::00479::instability_dynamic_onset,allraw_vehicle_instability_highconf,txj,train,Entity_Recording_2025_09_27_08_40_46_vehicle.csv,Entity_Recording_2025_09_27_08_40_46_vehicle.csv,F:\data_set_process\data_process\01_datasets\数据预处理\原始车辆数据\txj\Entity_Recording_2025_09_27_08_40_46_vehicle.csv,479,479,allraw_instability_rescreen_v0_1,secondary,extreme_active,all_raw_vehicle_dynamic_onset_non_steering,instability_ay_roll,straight,0,0.0,all_raw_nonsteering_dynamic_onset,85804,429.02,600,400,400,2.0,True,True,307.71,True,True,,429.02,437.305,8.285,85804,87461,100.0,96.51,instability_ay_roll,True,vehicle_instability_allraw__txj__2025_09_27_08_40_46__000429020,Full raw rescreen. Anchor is derived from non-steering vehicle dynamics (ay/roll_rate). Steering metrics are only response evidence and must not be used to define onset.
instability_allraw_highconf_oldcode_v0_1,txj::2025_09_27_08_40_46::00480::instability_dynamic_onset,allraw_vehicle_instability_highconf,txj,train,Entity_Recording_2025_09_27_08_40_46_vehicle.csv,Entity_Recording_2025_09_27_08_40_46_vehicle.csv,F:\data_set_process\data_process\01_datasets\数据预处理\原始车辆数据\txj\Entity_Recording_2025_09_27_08_40_46_vehicle.csv,480,480,allraw_instability_rescreen_v0_1,secondary,strong_active,all_raw_vehicle_dynamic_onset_non_steering,instability_ay_roll,straight,0,-0.0,all_raw_nonsteering_dynamic_onset,88371,441.855,600,400,400,2.0,True,True,294.875,True,True,,441.855,447.985,6.13,88371,89597,100.0,70.07,instability_ay_roll,True,vehicle_instability_allraw__txj__2025_09_27_08_40_46__000441855,Full raw rescreen. Anchor is derived from non-steering vehicle dynamics (ay/roll_rate). Steering metrics are only response evidence and must not be used to define onset.
instability_allraw_highconf_oldcode_v0_1,txj::2025_09_27_08_40_46::00481::instability_dynamic_onset,allraw_vehicle_instability_highconf,txj,train,Entity_Recording_2025_09_27_08_40_46_vehicle.csv,Entity_Recording_2025_09_27_08_40_46_vehicle.csv,F:\data_set_process\data_process\01_datasets\数据预处理\原始车辆数据\txj\Entity_Recording_2025_09_27_08_40_46_vehicle.csv,481,481,allraw_instability_rescreen_v0_1,primary,weak,all_raw_vehicle_dynamic_onset_non_steering,instability_ay_roll,straight,0,-0.0,all_raw_nonsteering_dynamic_onset,91340,456.7,600,400,400,2.0,True,True,280.03,True,True,,456.7,459.325,2.625,91340,91865,97.59,68.18,instability_ay_roll,True,vehicle_instability_allraw__txj__2025_09_27_08_40_46__000456700,Full raw rescreen. Anchor is derived from non-steering vehicle dynamics (ay/roll_rate). Steering metrics are only response evidence and must not be used to define onset.
instability_allraw_highconf_oldcode_v0_1,txj::2025_09_27_08_40_46::00482::instability_dynamic_onset,allraw_vehicle_instability_highconf,txj,train,Entity_Recording_2025_09_27_08_40_46_vehicle.csv,Entity_Recording_2025_09_27_08_40_46_vehicle.csv,F:\data_set_process\data_process\01_datasets\数据预处理\原始车辆数据\txj\Entity_Recording_2025_09_27_08_40_46_vehicle.csv,482,482,allraw_instability_rescreen_v0_1,secondary,extreme_active,all_raw_vehicle_dynamic_onset_non_steering,instability_ay_roll,straight,0,-0.0,all_raw_nonsteering_dynamic_onset,96223,481.115,600,400,400,2.0,True,True,255.615,True,True,,481.115,492.395,11.28,96223,98479,100.0,95.48,instability_ay_roll,True,vehicle_instability_allraw__txj__2025_09_27_08_40_46__000481115,Full raw rescreen. Anchor is derived from non-steering vehicle dynamics (ay/roll_rate). Steering metrics are only response evidence and must not be used to define onset.
instability_allraw_highconf_oldcode_v0_1,txj::2025_09_27_08_40_46::00483::instability_dynamic_onset,allraw_vehicle_instability_highconf,txj,train,Entity_Recording_2025_09_27_08_40_46_vehicle.csv,Entity_Recording_2025_09_27_08_40_46_vehicle.csv,F:\data_set_process\data_process\01_datasets\数据预处理\原始车辆数据\txj\Entity_Recording_2025_09_27_08_40_46_vehicle.csv,483,483,allraw_instability_rescreen_v0_1,primary,extreme_active,all_raw_vehicle_dynamic_onset_non_steering,instability_ay_roll,straight,0,-0.0,all_raw_nonsteering_dynamic_onset,99260,496.3,600,400,400,2.0,True,True,240.43,True,True,,496.3,502.095,5.795,99260,100419,100.0,93.12,instability_ay_roll,True,vehicle_instability_allraw__txj__2025_09_27_08_40_46__000496300,Full raw rescreen. Anchor is derived from non-steering vehicle dynamics (ay/roll_rate). Steering metrics are only response evidence and must not be used to define onset.
instability_allraw_highconf_oldcode_v0_1,txj::2025_09_27_08_40_46::00484::instability_dynamic_onset,allraw_vehicle_instability_highconf,txj,train,Entity_Recording_2025_09_27_08_40_46_vehicle.csv,Entity_Recording_2025_09_27_08_40_46_vehicle.csv,F:\data_set_process\data_process\01_datasets\数据预处理\原始车辆数据\txj\Entity_Recording_2025_09_27_08_40_46_vehicle.csv,484,484,allraw_instability_rescreen_v0_1,secondary,extreme_active,all_raw_vehicle_dynamic_onset_non_steering,instability_ay_roll,straight,0,0.0,all_raw_nonsteering_dynamic_onset,101057,505.285,600,400,400,2.0,True,True,231.445,True,True,,505.285,509.41,4.125,101057,101882,100.0,95.68,instability_ay_roll,True,vehicle_instability_allraw__txj__2025_09_27_08_40_46__000505285,Full raw rescreen. Anchor is derived from non-steering vehicle dynamics (ay/roll_rate). Steering metrics are only response evidence and must not be used to define onset.
instability_allraw_highconf_oldcode_v0_1,txj::2025_09_27_08_40_46::00485::instability_dynamic_onset,allraw_vehicle_instability_highconf,txj,train,Entity_Recording_2025_09_27_08_40_46_vehicle.csv,Entity_Recording_2025_09_27_08_40_46_vehicle.csv,F:\data_set_process\data_process\01_datasets\数据预处理\原始车辆数据\txj\Entity_Recording_2025_09_27_08_40_46_vehicle.csv,485,485,allraw_instability_rescreen_v0_1,secondary,extreme_active,all_raw_vehicle_dynamic_onset_non_steering,instability_ay_roll,straight,0,-0.0,all_raw_nonsteering_dynamic_onset,113219,566.095,600,400,400,2.0,True,True,170.635,True,True,,566.095,578.585,12.49,113219,115717,100.0,94.38,instability_ay_roll,True,vehicle_instability_allraw__txj__2025_09_27_08_40_46__000566095,Full raw rescreen. Anchor is derived from non-steering vehicle dynamics (ay/roll_rate). Steering metrics are only response evidence and must not be used to define onset.
instability_allraw_highconf_oldcode_v0_1,txj::2025_09_27_08_40_46::00486::instability_dynamic_onset,allraw_vehicle_instability_highconf,txj,train,Entity_Recording_2025_09_27_08_40_46_vehicle.csv,Entity_Recording_2025_09_27_08_40_46_vehicle.csv,F:\data_set_process\data_process\01_datasets\数据预处理\原始车辆数据\txj\Entity_Recording_2025_09_27_08_40_46_vehicle.csv,486,486,allraw_instability_rescreen_v0_1,secondary,extreme_active,all_raw_vehicle_dynamic_onset_non_steering,instability_ay_roll,straight,0,0.0,all_raw_nonsteering_dynamic_onset,116574,582.87,600,400,400,2.0,True,True,153.86,True,True,,582.87,593.175,10.305,116574,118635,100.0,94.04,instability_ay_roll,True,vehicle_instability_allraw__txj__2025_09_27_08_40_46__000582870,Full raw rescreen. Anchor is derived from non-steering vehicle dynamics (ay/roll_rate). Steering metrics are only response evidence and must not be used to define onset.
instability_allraw_highconf_oldcode_v0_1,txj::2025_09_27_08_40_46::00487::instability_dynamic_onset,allraw_vehicle_instability_highconf,txj,train,Entity_Recording_2025_09_27_08_40_46_vehicle.csv,Entity_Recording_2025_09_27_08_40_46_vehicle.csv,F:\data_set_process\data_process\01_datasets\数据预处理\原始车辆数据\txj\Entity_Recording_2025_09_27_08_40_46_vehicle.csv,487,487,allraw_instability_rescreen_v0_1,secondary,extreme_active,all_raw_vehicle_dynamic_onset_non_steering,instability_ay_roll,curve,0,0.0,all_raw_nonsteering_dynamic_onset,126766,633.83,600,400,400,2.0,True,True,102.9,True,True,,633.83,657.475,23.645,126766,131495,100.0,82.27,instability_ay_roll,True,vehicle_instability_allraw__txj__2025_09_27_08_40_46__000633830,Full raw rescreen. Anchor is derived from non-steering vehicle dynamics (ay/roll_rate). Steering metrics are only response evidence and must not be used to define onset.
instability_allraw_highconf_oldcode_v0_1,txj::2025_09_27_08_40_46::00488::instability_dynamic_onset,allraw_vehicle_instability_highconf,txj,train,Entity_Recording_2025_09_27_08_40_46_vehicle.csv,Entity_Recording_2025_09_27_08_40_46_vehicle.csv,F:\data_set_process\data_process\01_datasets\数据预处理\原始车辆数据\txj\Entity_Recording_2025_09_27_08_40_46_vehicle.csv,488,488,allraw_instability_rescreen_v0_1,secondary,extreme_active,all_raw_vehicle_dynamic_onset_non_steering,instability_ay_roll,straight,0,0.0,all_raw_nonsteering_dynamic_onset,132119,660.595,600,400,400,2.0,True,True,76.135,True,True,,660.595,680.49,19.895,132119,136098,100.0,84.49,instability_ay_roll,True,vehicle_instability_allraw__txj__2025_09_27_08_40_46__000660595,Full raw rescreen. Anchor is derived from non-steering vehicle dynamics (ay/roll_rate). Steering metrics are only response evidence and must not be used to define onset.
instability_allraw_highconf_oldcode_v0_1,txj::2025_09_27_08_40_46::00489::instability_dynamic_onset,allraw_vehicle_instability_highconf,txj,train,Entity_Recording_2025_09_27_08_40_46_vehicle.csv,Entity_Recording_2025_09_27_08_40_46_vehicle.csv,F:\data_set_process\data_process\01_datasets\数据预处理\原始车辆数据\txj\Entity_Recording_2025_09_27_08_40_46_vehicle.csv,489,489,allraw_instability_rescreen_v0_1,primary,medium_active,all_raw_vehicle_dynamic_onset_non_steering,instability_ay_roll,straight,0,-0.0,all_raw_nonsteering_dynamic_onset,137463,687.315,600,400,400,2.0,True,True,49.415,True,True,,687.315,693.135,5.82,137463,138627,85.79,58.11,instability_ay_roll,True,vehicle_instability_allraw__txj__2025_09_27_08_40_46__000687315,Full raw rescreen. Anchor is derived from non-steering vehicle dynamics (ay/roll_rate). Steering metrics are only response evidence and must not be used to define onset.
instability_allraw_highconf_oldcode_v0_1,txj::2025_09_27_08_40_46::00490::instability_dynamic_onset,allraw_vehicle_instability_highconf,txj,train,Entity_Recording_2025_09_27_08_40_46_vehicle.csv,Entity_Recording_2025_09_27_08_40_46_vehicle.csv,F:\data_set_process\data_process\01_datasets\数据预处理\原始车辆数据\txj\Entity_Recording_2025_09_27_08_40_46_vehicle.csv,490,490,allraw_instability_rescreen_v0_1,secondary,strong_active,all_raw_vehicle_dynamic_onset_non_steering,instability_ay_roll,straight,0,-0.0,all_raw_nonsteering_dynamic_onset,140345,701.725,600,400,400,2.0,True,True,35.005,True,True,,701.725,719.6,17.875,140345,143920,100.0,68.09,instability_ay_roll,True,vehicle_instability_allraw__txj__2025_09_27_08_40_46__000701725,Full raw rescreen. Anchor is derived from non-steering vehicle dynamics (ay/roll_rate). Steering metrics are only response evidence and must not be used to define onset.
instability_allraw_highconf_oldcode_v0_1,txj::2025_09_27_08_53_44::00491::instability_dynamic_onset,allraw_vehicle_instability_highconf,txj,train,Entity_Recording_2025_09_27_08_53_44_vehicle.csv,Entity_Recording_2025_09_27_08_53_44_vehicle.csv,F:\data_set_process\data_process\01_datasets\数据预处理\原始车辆数据\txj\Entity_Recording_2025_09_27_08_53_44_vehicle.csv,491,491,allraw_instability_rescreen_v0_1,secondary,strong_active,all_raw_vehicle_dynamic_onset_non_steering,instability_ay_roll,straight,0,0.0,all_raw_nonsteering_dynamic_onset,13275,66.375,600,400,400,2.0,True,True,611.67,True,True,,66.375,71.35,4.975,13275,14270,100.0,67.73,instability_ay_roll,True,vehicle_instability_allraw__txj__2025_09_27_08_53_44__000066375,Full raw rescreen. Anchor is derived from non-steering vehicle dynamics (ay/roll_rate). Steering metrics are only response evidence and must not be used to define onset.
instability_allraw_highconf_oldcode_v0_1,txj::2025_09_27_08_53_44::00492::instability_dynamic_onset,allraw_vehicle_instability_highconf,txj,train,Entity_Recording_2025_09_27_08_53_44_vehicle.csv,Entity_Recording_2025_09_27_08_53_44_vehicle.csv,F:\data_set_process\data_process\01_datasets\数据预处理\原始车辆数据\txj\Entity_Recording_2025_09_27_08_53_44_vehicle.csv,492,492,allraw_instability_rescreen_v0_1,primary,medium_active,all_raw_vehicle_dynamic_onset_non_steering,instability_ay_roll,straight,1,0.0,all_raw_nonsteering_dynamic_onset,26221,131.105,600,400,400,2.0,True,True,546.94,True,True,,131.105,135.145,4.04,26221,27029,87.84,61.39,instability_ay_roll,True,vehicle_instability_allraw__txj__2025_09_27_08_53_44__000131105,Full raw rescreen. Anchor is derived from non-steering vehicle dynamics (ay/roll_rate). Steering metrics are only response evidence and must not be used to define onset.
instability_allraw_highconf_oldcode_v0_1,txj::2025_09_27_08_53_44::00493::instability_dynamic_onset,allraw_vehicle_instability_highconf,txj,train,Entity_Recording_2025_09_27_08_53_44_vehicle.csv,Entity_Recording_2025_09_27_08_53_44_vehicle.csv,F:\data_set_process\data_process\01_datasets\数据预处理\原始车辆数据\txj\Entity_Recording_2025_09_27_08_53_44_vehicle.csv,493,493,allraw_instability_rescreen_v0_1,secondary,extreme_active,all_raw_vehicle_dynamic_onset_non_steering,instability_ay_roll,straight,1,-0.00729802,all_raw_nonsteering_dynamic_onset,29811,149.055,600,400,400,2.0,True,True,528.99,True,True,,149.055,170.595,21.54,29811,34119,100.0,72.89,instability_ay_roll,True,vehicle_instability_allraw__txj__2025_09_27_08_53_44__000149055,Full raw rescreen. Anchor is derived from non-steering vehicle dynamics (ay/roll_rate). Steering metrics are only response evidence and must not be used to define onset.
instability_allraw_highconf_oldcode_v0_1,txj::2025_09_27_08_53_44::00494::instability_dynamic_onset,allraw_vehicle_instability_highconf,txj,train,Entity_Recording_2025_09_27_08_53_44_vehicle.csv,Entity_Recording_2025_09_27_08_53_44_vehicle.csv,F:\data_set_process\data_process\01_datasets\数据预处理\原始车辆数据\txj\Entity_Recording_2025_09_27_08_53_44_vehicle.csv,494,494,allraw_instability_rescreen_v0_1,secondary,extreme_active,all_raw_vehicle_dynamic_onset_non_steering,instability_ay_roll,straight,0,0.0,all_raw_nonsteering_dynamic_onset,35856,179.28,600,400,400,2.0,True,True,498.765,True,True,,179.28,209.92,30.64,35856,41984,100.0,96.09,instability_ay_roll,True,vehicle_instability_allraw__txj__2025_09_27_08_53_44__000179280,Full raw rescreen. Anchor is derived from non-steering vehicle dynamics (ay/roll_rate). Steering metrics are only response evidence and must not be used to define onset.
instability_allraw_highconf_oldcode_v0_1,txj::2025_09_27_08_53_44::00495::instability_dynamic_onset,allraw_vehicle_instability_highconf,txj,train,Entity_Recording_2025_09_27_08_53_44_vehicle.csv,Entity_Recording_2025_09_27_08_53_44_vehicle.csv,F:\data_set_process\data_process\01_datasets\数据预处理\原始车辆数据\txj\Entity_Recording_2025_09_27_08_53_44_vehicle.csv,495,495,allraw_instability_rescreen_v0_1,primary,extreme_active,all_raw_vehicle_dynamic_onset_non_steering,instability_ay_roll,straight,0,0.0,all_raw_nonsteering_dynamic_onset,47250,236.25,600,400,400,2.0,True,True,441.795,True,True,,236.25,238.43,2.18,47250,47686,100.0,79.14,instability_ay_roll,True,vehicle_instability_allraw__txj__2025_09_27_08_53_44__000236250,Full raw rescreen. Anchor is derived from non-steering vehicle dynamics (ay/roll_rate). Steering metrics are only response evidence and must not be used to define onset.
instability_allraw_highconf_oldcode_v0_1,txj::2025_09_27_08_53_44::00496::instability_dynamic_onset,allraw_vehicle_instability_highconf,txj,train,Entity_Recording_2025_09_27_08_53_44_vehicle.csv,Entity_Recording_2025_09_27_08_53_44_vehicle.csv,F:\data_set_process\data_process\01_datasets\数据预处理\原始车辆数据\txj\Entity_Recording_2025_09_27_08_53_44_vehicle.csv,496,496,allraw_instability_rescreen_v0_1,secondary,strong_active,all_raw_vehicle_dynamic_onset_non_steering,instability_ay_roll,straight,0,0.0,all_raw_nonsteering_dynamic_onset,60064,300.32,600,400,400,2.0,True,True,377.725,True,True,,300.32,319.21,18.89,60064,63842,95.3,63.41,instability_ay_roll,True,vehicle_instability_allraw__txj__2025_09_27_08_53_44__000300320,Full raw rescreen. Anchor is derived from non-steering vehicle dynamics (ay/roll_rate). Steering metrics are only response evidence and must not be used to define onset.
instability_allraw_highconf_oldcode_v0_1,txj::2025_09_27_08_53_44::00497::instability_dynamic_onset,allraw_vehicle_instability_highconf,txj,train,Entity_Recording_2025_09_27_08_53_44_vehicle.csv,Entity_Recording_2025_09_27_08_53_44_vehicle.csv,F:\data_set_process\data_process\01_datasets\数据预处理\原始车辆数据\txj\Entity_Recording_2025_09_27_08_53_44_vehicle.csv,497,497,allraw_instability_rescreen_v0_1,secondary,strong_active,all_raw_vehicle_dynamic_onset_non_steering,instability_ay_roll,straight,0,-0.0,all_raw_nonsteering_dynamic_onset,65358,326.79,600,400,400,2.0,True,True,351.255,True,True,,326.79,332.285,5.495,65358,66457,99.68,70.83,instability_ay_roll,True,vehicle_instability_allraw__txj__2025_09_27_08_53_44__000326790,Full raw rescreen. Anchor is derived from non-steering vehicle dynamics (ay/roll_rate). Steering metrics are only response evidence and must not be used to define onset.
instability_allraw_highconf_oldcode_v0_1,txj::2025_09_27_08_53_44::00498::instability_dynamic_onset,allraw_vehicle_instability_highconf,txj,train,Entity_Recording_2025_09_27_08_53_44_vehicle.csv,Entity_Recording_2025_09_27_08_53_44_vehicle.csv,F:\data_set_process\data_process\01_datasets\数据预处理\原始车辆数据\txj\Entity_Recording_2025_09_27_08_53_44_vehicle.csv,498,498,allraw_instability_rescreen_v0_1,secondary,extreme_active,all_raw_vehicle_dynamic_onset_non_steering,instability_ay_roll,curve,0,0.0,all_raw_nonsteering_dynamic_onset,69909,349.545,600,400,400,2.0,True,True,328.5,True,True,,349.545,370.68,21.135,69909,74136,100.0,93.42,instability_ay_roll,True,vehicle_instability_allraw__txj__2025_09_27_08_53_44__000349545,Full raw rescreen. Anchor is derived from non-steering vehicle dynamics (ay/roll_rate). Steering metrics are only response evidence and must not be used to define onset.
instability_allraw_highconf_oldcode_v0_1,txj::2025_09_27_08_53_44::00499::instability_dynamic_onset,allraw_vehicle_instability_highconf,txj,train,Entity_Recording_2025_09_27_08_53_44_vehicle.csv,Entity_Recording_2025_09_27_08_53_44_vehicle.csv,F:\data_set_process\data_process\01_datasets\数据预处理\原始车辆数据\txj\Entity_Recording_2025_09_27_08_53_44_vehicle.csv,499,499,allraw_instability_rescreen_v0_1,secondary,extreme_active,all_raw_vehicle_dynamic_onset_non_steering,instability_ay_roll,straight,1,0.0,all_raw_nonsteering_dynamic_onset,77393,386.965,600,400,400,2.0,True,True,291.08,True,True,,386.965,402.38,15.415,77393,80476,100.0,86.21,instability_ay_roll,True,vehicle_instability_allraw__txj__2025_09_27_08_53_44__000386965,Full raw rescreen. Anchor is derived from non-steering vehicle dynamics (ay/roll_rate). Steering metrics are only response evidence and must not be used to define onset.
instability_allraw_highconf_oldcode_v0_1,txj::2025_09_27_08_53_44::00500::instability_dynamic_onset,allraw_vehicle_instability_highconf,txj,train,Entity_Recording_2025_09_27_08_53_44_vehicle.csv,Entity_Recording_2025_09_27_08_53_44_vehicle.csv,F:\data_set_process\data_process\01_datasets\数据预处理\原始车辆数据\txj\Entity_Recording_2025_09_27_08_53_44_vehicle.csv,500,500,allraw_instability_rescreen_v0_1,secondary,extreme_active,all_raw_vehicle_dynamic_onset_non_steering,instability_ay_roll,straight,0,0.0,all_raw_nonsteering_dynamic_onset,88076,440.38,600,400,400,2.0,True,True,237.665,True,True,,440.38,448.735,8.355,88076,89747,100.0,95.49,instability_ay_roll,True,vehicle_instability_allraw__txj__2025_09_27_08_53_44__000440380,Full raw rescreen. Anchor is derived from non-steering vehicle dynamics (ay/roll_rate). Steering metrics are only response evidence and must not be used to define onset.
instability_allraw_highconf_oldcode_v0_1,txj::2025_09_27_08_53_44::00501::instability_dynamic_onset,allraw_vehicle_instability_highconf,txj,train,Entity_Recording_2025_09_27_08_53_44_vehicle.csv,Entity_Recording_2025_09_27_08_53_44_vehicle.csv,F:\data_set_process\data_process\01_datasets\数据预处理\原始车辆数据\txj\Entity_Recording_2025_09_27_08_53_44_vehicle.csv,501,501,allraw_instability_rescreen_v0_1,secondary,extreme_active,all_raw_vehicle_dynamic_onset_non_steering,instability_ay_roll,straight,0,-0.0,all_raw_nonsteering_dynamic_onset,90798,453.99,600,400,400,2.0,True,True,224.055,True,True,,453.99,471.35,17.36,90798,94270,100.0,94.01,instability_ay_roll,True,vehicle_instability_allraw__txj__2025_09_27_08_53_44__000453990,Full raw rescreen. Anchor is derived from non-steering vehicle dynamics (ay/roll_rate). Steering metrics are only response evidence and must not be used to define onset.
instability_allraw_highconf_oldcode_v0_1,txj::2025_09_27_08_53_44::00502::instability_dynamic_onset,allraw_vehicle_instability_highconf,txj,train,Entity_Recording_2025_09_27_08_53_44_vehicle.csv,Entity_Recording_2025_09_27_08_53_44_vehicle.csv,F:\data_set_process\data_process\01_datasets\数据预处理\原始车辆数据\txj\Entity_Recording_2025_09_27_08_53_44_vehicle.csv,502,502,allraw_instability_rescreen_v0_1,secondary,extreme_active,all_raw_vehicle_dynamic_onset_non_steering,instability_ay_roll,straight,0,0.0,all_raw_nonsteering_dynamic_onset,105903,529.515,600,400,400,2.0,True,True,148.53,True,True,,529.515,530.605,1.09,105903,106121,91.13,62.24,instability_ay_roll,True,vehicle_instability_allraw__txj__2025_09_27_08_53_44__000529515,Full raw rescreen. Anchor is derived from non-steering vehicle dynamics (ay/roll_rate). Steering metrics are only response evidence and must not be used to define onset.
instability_allraw_highconf_oldcode_v0_1,txj::2025_09_27_08_53_44::00503::instability_dynamic_onset,allraw_vehicle_instability_highconf,txj,train,Entity_Recording_2025_09_27_08_53_44_vehicle.csv,Entity_Recording_2025_09_27_08_53_44_vehicle.csv,F:\data_set_process\data_process\01_datasets\数据预处理\原始车辆数据\txj\Entity_Recording_2025_09_27_08_53_44_vehicle.csv,503,503,allraw_instability_rescreen_v0_1,secondary,extreme_active,all_raw_vehicle_dynamic_onset_non_steering,instability_ay_roll,straight,0,0.0,all_raw_nonsteering_dynamic_onset,106917,534.585,600,400,400,2.0,True,True,143.46,True,True,,534.585,558.125,23.54,106917,111625,100.0,73.01,instability_ay_roll,True,vehicle_instability_allraw__txj__2025_09_27_08_53_44__000534585,Full raw rescreen. Anchor is derived from non-steering vehicle dynamics (ay/roll_rate). Steering metrics are only response evidence and must not be used to define onset.
instability_allraw_highconf_oldcode_v0_1,txj::2025_09_27_08_53_44::00504::instability_dynamic_onset,allraw_vehicle_instability_highconf,txj,train,Entity_Recording_2025_09_27_08_53_44_vehicle.csv,Entity_Recording_2025_09_27_08_53_44_vehicle.csv,F:\data_set_process\data_process\01_datasets\数据预处理\原始车辆数据\txj\Entity_Recording_2025_09_27_08_53_44_vehicle.csv,504,504,allraw_instability_rescreen_v0_1,secondary,strong_active,all_raw_vehicle_dynamic_onset_non_steering,instability_ay_roll,straight,0,-0.0,all_raw_nonsteering_dynamic_onset,112800,564.0,600,400,400,2.0,True,True,114.045,True,True,,564.0,623.275,59.275,112800,124655,85.54,59.02,instability_ay_roll,True,vehicle_instability_allraw__txj__2025_09_27_08_53_44__000564000,Full raw rescreen. Anchor is derived from non-steering vehicle dynamics (ay/roll_rate). Steering metrics are only response evidence and must not be used to define onset.
instability_allraw_highconf_oldcode_v0_1,txj::2025_09_27_09_06_19::00505::instability_dynamic_onset,allraw_vehicle_instability_highconf,txj,train,Entity_Recording_2025_09_27_09_06_19_vehicle.csv,Entity_Recording_2025_09_27_09_06_19_vehicle.csv,F:\data_set_process\data_process\01_datasets\数据预处理\原始车辆数据\txj\Entity_Recording_2025_09_27_09_06_19_vehicle.csv,505,505,allraw_instability_rescreen_v0_1,primary,strong_active,all_raw_vehicle_dynamic_onset_non_steering,instability_ay_roll,straight,0,-0.0,all_raw_nonsteering_dynamic_onset,6497,32.485,600,400,400,2.0,True,True,597.38,True,True,,32.485,37.925,5.44,6497,7585,88.98,58.67,instability_ay_roll,True,vehicle_instability_allraw__txj__2025_09_27_09_06_19__000032485,Full raw rescreen. Anchor is derived from non-steering vehicle dynamics (ay/roll_rate). Steering metrics are only response evidence and must not be used to define onset.
instability_allraw_highconf_oldcode_v0_1,txj::2025_09_27_09_06_19::00506::instability_dynamic_onset,allraw_vehicle_instability_highconf,txj,train,Entity_Recording_2025_09_27_09_06_19_vehicle.csv,Entity_Recording_2025_09_27_09_06_19_vehicle.csv,F:\data_set_process\data_process\01_datasets\数据预处理\原始车辆数据\txj\Entity_Recording_2025_09_27_09_06_19_vehicle.csv,506,506,allraw_instability_rescreen_v0_1,secondary,extreme_active,all_raw_vehicle_dynamic_onset_non_steering,instability_ay_only,straight,0,-0.0,all_raw_nonsteering_dynamic_onset,10666,53.33,600,400,400,2.0,True,True,576.535,True,True,,53.33,54.075,0.745,10666,10815,100.0,73.26,instability_ay_only,True,vehicle_instability_allraw__txj__2025_09_27_09_06_19__000053330,Full raw rescreen. Anchor is derived from non-steering vehicle dynamics (ay/roll_rate). Steering metrics are only response evidence and must not be used to define onset.
instability_allraw_highconf_oldcode_v0_1,txj::2025_09_27_09_06_19::00507::instability_dynamic_onset,allraw_vehicle_instability_highconf,txj,train,Entity_Recording_2025_09_27_09_06_19_vehicle.csv,Entity_Recording_2025_09_27_09_06_19_vehicle.csv,F:\data_set_process\data_process\01_datasets\数据预处理\原始车辆数据\txj\Entity_Recording_2025_09_27_09_06_19_vehicle.csv,507,507,allraw_instability_rescreen_v0_1,secondary,extreme_active,all_raw_vehicle_dynamic_onset_non_steering,instability_ay_roll,straight,0,-0.0,all_raw_nonsteering_dynamic_onset,11333,56.665,600,400,400,2.0,True,True,573.2,True,True,,56.665,67.53,10.865,11333,13506,100.0,89.87,instability_ay_roll,True,vehicle_instability_allraw__txj__2025_09_27_09_06_19__000056665,Full raw rescreen. Anchor is derived from non-steering vehicle dynamics (ay/roll_rate). Steering metrics are only response evidence and must not be used to define onset.
instability_allraw_highconf_oldcode_v0_1,txj::2025_09_27_09_06_19::00508::instability_dynamic_onset,allraw_vehicle_instability_highconf,txj,train,Entity_Recording_2025_09_27_09_06_19_vehicle.csv,Entity_Recording_2025_09_27_09_06_19_vehicle.csv,F:\data_set_process\data_process\01_datasets\数据预处理\原始车辆数据\txj\Entity_Recording_2025_09_27_09_06_19_vehicle.csv,508,508,allraw_instability_rescreen_v0_1,secondary,strong_active,all_raw_vehicle_dynamic_onset_non_steering,instability_roll_only,straight,0,0.0,all_raw_nonsteering_dynamic_onset,16833,84.165,600,400,400,2.0,True,True,545.7,True,True,,84.165,84.32,0.155,16833,16864,98.99,70.16,instability_roll_only,True,vehicle_instability_allraw__txj__2025_09_27_09_06_19__000084165,Full raw rescreen. Anchor is derived from non-steering vehicle dynamics (ay/roll_rate). Steering metrics are only response evidence and must not be used to define onset.
instability_allraw_highconf_oldcode_v0_1,txj::2025_09_27_09_06_19::00509::instability_dynamic_onset,allraw_vehicle_instability_highconf,txj,train,Entity_Recording_2025_09_27_09_06_19_vehicle.csv,Entity_Recording_2025_09_27_09_06_19_vehicle.csv,F:\data_set_process\data_process\01_datasets\数据预处理\原始车辆数据\txj\Entity_Recording_2025_09_27_09_06_19_vehicle.csv,509,509,allraw_instability_rescreen_v0_1,secondary,extreme_active,all_raw_vehicle_dynamic_onset_non_steering,instability_ay_roll,straight,0,0.0,all_raw_nonsteering_dynamic_onset,17549,87.745,600,400,400,2.0,True,True,542.12,True,True,,87.745,102.18,14.435,17549,20436,100.0,94.41,instability_ay_roll,True,vehicle_instability_allraw__txj__2025_09_27_09_06_19__000087745,Full raw rescreen. Anchor is derived from non-steering vehicle dynamics (ay/roll_rate). Steering metrics are only response evidence and must not be used to define onset.
instability_allraw_highconf_oldcode_v0_1,txj::2025_09_27_09_06_19::00510::instability_dynamic_onset,allraw_vehicle_instability_highconf,txj,train,Entity_Recording_2025_09_27_09_06_19_vehicle.csv,Entity_Recording_2025_09_27_09_06_19_vehicle.csv,F:\data_set_process\data_process\01_datasets\数据预处理\原始车辆数据\txj\Entity_Recording_2025_09_27_09_06_19_vehicle.csv,510,510,allraw_instability_rescreen_v0_1,secondary,extreme_active,all_raw_vehicle_dynamic_onset_non_steering,instability_ay_roll,straight,1,-0.0,all_raw_nonsteering_dynamic_onset,21763,108.815,600,400,400,2.0,True,True,521.05,True,True,,108.815,113.74,4.925,21763,22748,100.0,94.11,instability_ay_roll,True,vehicle_instability_allraw__txj__2025_09_27_09_06_19__000108815,Full raw rescreen. Anchor is derived from non-steering vehicle dynamics (ay/roll_rate). Steering metrics are only response evidence and must not be used to define onset.
instability_allraw_highconf_oldcode_v0_1,txj::2025_09_27_09_06_19::00511::instability_dynamic_onset,allraw_vehicle_instability_highconf,txj,train,Entity_Recording_2025_09_27_09_06_19_vehicle.csv,Entity_Recording_2025_09_27_09_06_19_vehicle.csv,F:\data_set_process\data_process\01_datasets\数据预处理\原始车辆数据\txj\Entity_Recording_2025_09_27_09_06_19_vehicle.csv,511,511,allraw_instability_rescreen_v0_1,secondary,extreme_active,all_raw_vehicle_dynamic_onset_non_steering,instability_ay_roll,straight,1,-0.00729802,all_raw_nonsteering_dynamic_onset,29208,146.04,600,400,400,2.0,True,True,483.825,True,True,,146.04,165.78,19.74,29208,33156,100.0,94.15,instability_ay_roll,True,vehicle_instability_allraw__txj__2025_09_27_09_06_19__000146040,Full raw rescreen. Anchor is derived from non-steering vehicle dynamics (ay/roll_rate). Steering metrics are only response evidence and must not be used to define onset.
instability_allraw_highconf_oldcode_v0_1,txj::2025_09_27_09_06_19::00512::instability_dynamic_onset,allraw_vehicle_instability_highconf,txj,train,Entity_Recording_2025_09_27_09_06_19_vehicle.csv,Entity_Recording_2025_09_27_09_06_19_vehicle.csv,F:\data_set_process\data_process\01_datasets\数据预处理\原始车辆数据\txj\Entity_Recording_2025_09_27_09_06_19_vehicle.csv,512,512,allraw_instability_rescreen_v0_1,secondary,extreme_active,all_raw_vehicle_dynamic_onset_non_steering,instability_ay_roll,straight,0,0.0,all_raw_nonsteering_dynamic_onset,34987,174.935,600,400,400,2.0,True,True,454.93,True,True,,174.935,183.875,8.94,34987,36775,100.0,94.05,instability_ay_roll,True,vehicle_instability_allraw__txj__2025_09_27_09_06_19__000174935,Full raw rescreen. Anchor is derived from non-steering vehicle dynamics (ay/roll_rate). Steering metrics are only response evidence and must not be used to define onset.
instability_allraw_highconf_oldcode_v0_1,txj::2025_09_27_09_06_19::00513::instability_dynamic_onset,allraw_vehicle_instability_highconf,txj,train,Entity_Recording_2025_09_27_09_06_19_vehicle.csv,Entity_Recording_2025_09_27_09_06_19_vehicle.csv,F:\data_set_process\data_process\01_datasets\数据预处理\原始车辆数据\txj\Entity_Recording_2025_09_27_09_06_19_vehicle.csv,513,513,allraw_instability_rescreen_v0_1,primary,strong_active,all_raw_vehicle_dynamic_onset_non_steering,instability_ay_roll,straight,0,0.0,all_raw_nonsteering_dynamic_onset,37670,188.35,600,400,400,2.0,True,True,441.515,True,True,,188.35,195.635,7.285,37670,39127,100.0,80.16,instability_ay_roll,True,vehicle_instability_allraw__txj__2025_09_27_09_06_19__000188350,Full raw rescreen. Anchor is derived from non-steering vehicle dynamics (ay/roll_rate). Steering metrics are only response evidence and must not be used to define onset.
instability_allraw_highconf_oldcode_v0_1,txj::2025_09_27_09_06_19::00514::instability_dynamic_onset,allraw_vehicle_instability_highconf,txj,train,Entity_Recording_2025_09_27_09_06_19_vehicle.csv,Entity_Recording_2025_09_27_09_06_19_vehicle.csv,F:\data_set_process\data_process\01_datasets\数据预处理\原始车辆数据\txj\Entity_Recording_2025_09_27_09_06_19_vehicle.csv,514,514,allraw_instability_rescreen_v0_1,secondary,strong_active,all_raw_vehicle_dynamic_onset_non_steering,instability_ay_roll,straight,0,-0.0,all_raw_nonsteering_dynamic_onset,48473,242.365,600,400,400,2.0,True,True,387.5,True,True,,242.365,249.965,7.6,48473,49993,83.45,54.13,instability_ay_roll,True,vehicle_instability_allraw__txj__2025_09_27_09_06_19__000242365,Full raw rescreen. Anchor is derived from non-steering vehicle dynamics (ay/roll_rate). Steering metrics are only response evidence and must not be used to define onset.
instability_allraw_highconf_oldcode_v0_1,txj::2025_09_27_09_06_19::00515::instability_dynamic_onset,allraw_vehicle_instability_highconf,txj,train,Entity_Recording_2025_09_27_09_06_19_vehicle.csv,Entity_Recording_2025_09_27_09_06_19_vehicle.csv,F:\data_set_process\data_process\01_datasets\数据预处理\原始车辆数据\txj\Entity_Recording_2025_09_27_09_06_19_vehicle.csv,515,515,allraw_instability_rescreen_v0_1,secondary,strong_active,all_raw_vehicle_dynamic_onset_non_steering,instability_ay_roll,straight,0,0.0,all_raw_nonsteering_dynamic_onset,50750,253.75,600,400,400,2.0,True,True,376.115,True,True,,253.75,268.75,15.0,50750,53750,100.0,64.11,instability_ay_roll,True,vehicle_instability_allraw__txj__2025_09_27_09_06_19__000253750,Full raw rescreen. Anchor is derived from non-steering vehicle dynamics (ay/roll_rate). Steering metrics are only response evidence and must not be used to define onset.
instability_allraw_highconf_oldcode_v0_1,txj::2025_09_27_09_06_19::00516::instability_dynamic_onset,allraw_vehicle_instability_highconf,txj,train,Entity_Recording_2025_09_27_09_06_19_vehicle.csv,Entity_Recording_2025_09_27_09_06_19_vehicle.csv,F:\data_set_process\data_process\01_datasets\数据预处理\原始车辆数据\txj\Entity_Recording_2025_09_27_09_06_19_vehicle.csv,516,516,allraw_instability_rescreen_v0_1,secondary,strong_active,all_raw_vehicle_dynamic_onset_non_steering,instability_ay_roll,straight,0,-0.0,all_raw_nonsteering_dynamic_onset,59304,296.52,600,400,400,2.0,True,True,333.345,True,True,,296.52,320.06,23.54,59304,64012,100.0,72.77,instability_ay_roll,True,vehicle_instability_allraw__txj__2025_09_27_09_06_19__000296520,Full raw rescreen. Anchor is derived from non-steering vehicle dynamics (ay/roll_rate). Steering metrics are only response evidence and must not be used to define onset.
instability_allraw_highconf_oldcode_v0_1,txj::2025_09_27_09_06_19::00517::instability_dynamic_onset,allraw_vehicle_instability_highconf,txj,train,Entity_Recording_2025_09_27_09_06_19_vehicle.csv,Entity_Recording_2025_09_27_09_06_19_vehicle.csv,F:\data_set_process\data_process\01_datasets\数据预处理\原始车辆数据\txj\Entity_Recording_2025_09_27_09_06_19_vehicle.csv,517,517,allraw_instability_rescreen_v0_1,secondary,extreme_active,all_raw_vehicle_dynamic_onset_non_steering,instability_ay_roll,straight,1,0.0,all_raw_nonsteering_dynamic_onset,64943,324.715,600,400,400,2.0,True,True,305.15,True,True,,324.715,325.56,0.845,64943,65112,100.0,84.18,instability_ay_roll,True,vehicle_instability_allraw__txj__2025_09_27_09_06_19__000324715,Full raw rescreen. Anchor is derived from non-steering vehicle dynamics (ay/roll_rate). Steering metrics are only response evidence and must not be used to define onset.
instability_allraw_highconf_oldcode_v0_1,txj::2025_09_27_09_06_19::00518::instability_dynamic_onset,allraw_vehicle_instability_highconf,txj,train,Entity_Recording_2025_09_27_09_06_19_vehicle.csv,Entity_Recording_2025_09_27_09_06_19_vehicle.csv,F:\data_set_process\data_process\01_datasets\数据预处理\原始车辆数据\txj\Entity_Recording_2025_09_27_09_06_19_vehicle.csv,518,518,allraw_instability_rescreen_v0_1,secondary,extreme_active,all_raw_vehicle_dynamic_onset_non_steering,instability_ay_roll,straight,1,-0.0,all_raw_nonsteering_dynamic_onset,65648,328.24,600,400,400,2.0,True,True,301.625,True,True,,328.24,337.565,9.325,65648,67513,100.0,95.77,instability_ay_roll,True,vehicle_instability_allraw__txj__2025_09_27_09_06_19__000328240,Full raw rescreen. Anchor is derived from non-steering vehicle dynamics (ay/roll_rate). Steering metrics are only response evidence and must not be used to define onset.
instability_allraw_highconf_oldcode_v0_1,txj::2025_09_27_09_06_19::00519::instability_dynamic_onset,allraw_vehicle_instability_highconf,txj,train,Entity_Recording_2025_09_27_09_06_19_vehicle.csv,Entity_Recording_2025_09_27_09_06_19_vehicle.csv,F:\data_set_process\data_process\01_datasets\数据预处理\原始车辆数据\txj\Entity_Recording_2025_09_27_09_06_19_vehicle.csv,519,519,allraw_instability_rescreen_v0_1,secondary,weak,all_raw_vehicle_dynamic_onset_non_steering,instability_ay_roll,straight,1,0.0,all_raw_nonsteering_dynamic_onset,68070,340.35,600,400,400,2.0,True,True,289.515,True,True,,340.35,348.215,7.865,68070,69643,100.0,93.51,instability_ay_roll,True,vehicle_instability_allraw__txj__2025_09_27_09_06_19__000340350,Full raw rescreen. Anchor is derived from non-steering vehicle dynamics (ay/roll_rate). Steering metrics are only response evidence and must not be used to define onset.
instability_allraw_highconf_oldcode_v0_1,txj::2025_09_27_09_06_19::00520::instability_dynamic_onset,allraw_vehicle_instability_highconf,txj,train,Entity_Recording_2025_09_27_09_06_19_vehicle.csv,Entity_Recording_2025_09_27_09_06_19_vehicle.csv,F:\data_set_process\data_process\01_datasets\数据预处理\原始车辆数据\txj\Entity_Recording_2025_09_27_09_06_19_vehicle.csv,520,520,allraw_instability_rescreen_v0_1,secondary,weak,all_raw_vehicle_dynamic_onset_non_steering,instability_ay_roll,straight,0,-0.0,all_raw_nonsteering_dynamic_onset,77321,386.605,600,400,400,2.0,True,True,243.26,True,True,,386.605,410.98,24.375,77321,82196,90.13,71.37,instability_ay_roll,True,vehicle_instability_allraw__txj__2025_09_27_09_06_19__000386605,Full raw rescreen. Anchor is derived from non-steering vehicle dynamics (ay/roll_rate). Steering metrics are only response evidence and must not be used to define onset.
instability_allraw_highconf_oldcode_v0_1,txj::2025_09_27_09_06_19::00521::instability_dynamic_onset,allraw_vehicle_instability_highconf,txj,train,Entity_Recording_2025_09_27_09_06_19_vehicle.csv,Entity_Recording_2025_09_27_09_06_19_vehicle.csv,F:\data_set_process\data_process\01_datasets\数据预处理\原始车辆数据\txj\Entity_Recording_2025_09_27_09_06_19_vehicle.csv,521,521,allraw_instability_rescreen_v0_1,secondary,extreme_active,all_raw_vehicle_dynamic_onset_non_steering,instability_ay_roll,straight,0,-0.0,all_raw_nonsteering_dynamic_onset,91300,456.5,600,400,400,2.0,True,True,173.365,True,True,,456.5,485.965,29.465,91300,97193,100.0,95.95,instability_ay_roll,True,vehicle_instability_allraw__txj__2025_09_27_09_06_19__000456500,Full raw rescreen. Anchor is derived from non-steering vehicle dynamics (ay/roll_rate). Steering metrics are only response evidence and must not be used to define onset.
instability_allraw_highconf_oldcode_v0_1,txj::2025_09_27_09_06_19::00522::instability_dynamic_onset,allraw_vehicle_instability_highconf,txj,train,Entity_Recording_2025_09_27_09_06_19_vehicle.csv,Entity_Recording_2025_09_27_09_06_19_vehicle.csv,F:\data_set_process\data_process\01_datasets\数据预处理\原始车辆数据\txj\Entity_Recording_2025_09_27_09_06_19_vehicle.csv,522,522,allraw_instability_rescreen_v0_1,secondary,extreme_active,all_raw_vehicle_dynamic_onset_non_steering,instability_ay_roll,straight,0,-0.0,all_raw_nonsteering_dynamic_onset,110700,553.5,600,400,400,2.0,True,True,76.365,True,True,,553.5,568.485,14.985,110700,113697,100.0,81.74,instability_ay_roll,True,vehicle_instability_allraw__txj__2025_09_27_09_06_19__000553500,Full raw rescreen. Anchor is derived from non-steering vehicle dynamics (ay/roll_rate). Steering metrics are only response evidence and must not be used to define onset.
instability_allraw_highconf_oldcode_v0_1,txj::2025_09_27_09_06_19::00523::instability_dynamic_onset,allraw_vehicle_instability_highconf,txj,train,Entity_Recording_2025_09_27_09_06_19_vehicle.csv,Entity_Recording_2025_09_27_09_06_19_vehicle.csv,F:\data_set_process\data_process\01_datasets\数据预处理\原始车辆数据\txj\Entity_Recording_2025_09_27_09_06_19_vehicle.csv,523,523,allraw_instability_rescreen_v0_1,primary,medium_active,all_raw_vehicle_dynamic_onset_non_steering,instability_ay_roll,straight,0,-0.0,all_raw_nonsteering_dynamic_onset,115174,575.87,600,400,400,2.0,True,True,53.995,True,True,,575.87,578.685,2.815,115174,115737,100.0,69.91,instability_ay_roll,True,vehicle_instability_allraw__txj__2025_09_27_09_06_19__000575870,Full raw rescreen. Anchor is derived from non-steering vehicle dynamics (ay/roll_rate). Steering metrics are only response evidence and must not be used to define onset.
instability_allraw_highconf_oldcode_v0_1,txj::2025_09_27_09_06_19::00524::instability_dynamic_onset,allraw_vehicle_instability_highconf,txj,train,Entity_Recording_2025_09_27_09_06_19_vehicle.csv,Entity_Recording_2025_09_27_09_06_19_vehicle.csv,F:\data_set_process\data_process\01_datasets\数据预处理\原始车辆数据\txj\Entity_Recording_2025_09_27_09_06_19_vehicle.csv,524,524,allraw_instability_rescreen_v0_1,secondary,strong_active,all_raw_vehicle_dynamic_onset_non_steering,instability_ay_roll,curve,0,0.0,all_raw_nonsteering_dynamic_onset,120830,604.15,600,400,400,2.0,True,True,25.715,True,True,,604.15,620.935,16.785,120830,124187,100.0,79.39,instability_ay_roll,True,vehicle_instability_allraw__txj__2025_09_27_09_06_19__000604150,Full raw rescreen. Anchor is derived from non-steering vehicle dynamics (ay/roll_rate). Steering metrics are only response evidence and must not be used to define onset.
instability_allraw_highconf_oldcode_v0_1,txj::2025_09_27_09_17_11::00525::instability_dynamic_onset,allraw_vehicle_instability_highconf,txj,train,Entity_Recording_2025_09_27_09_17_11_vehicle.csv,Entity_Recording_2025_09_27_09_17_11_vehicle.csv,F:\data_set_process\data_process\01_datasets\数据预处理\原始车辆数据\txj\Entity_Recording_2025_09_27_09_17_11_vehicle.csv,525,525,allraw_instability_rescreen_v0_1,secondary,extreme_active,all_raw_vehicle_dynamic_onset_non_steering,instability_ay_roll,straight,0,0.0,all_raw_nonsteering_dynamic_onset,12158,60.79,600,400,400,2.0,True,True,557.48,True,True,,60.79,66.405,5.615,12158,13281,100.0,74.51,instability_ay_roll,True,vehicle_instability_allraw__txj__2025_09_27_09_17_11__000060790,Full raw rescreen. Anchor is derived from non-steering vehicle dynamics (ay/roll_rate). Steering metrics are only response evidence and must not be used to define onset.
instability_allraw_highconf_oldcode_v0_1,txj::2025_09_27_09_17_11::00526::instability_dynamic_onset,allraw_vehicle_instability_highconf,txj,train,Entity_Recording_2025_09_27_09_17_11_vehicle.csv,Entity_Recording_2025_09_27_09_17_11_vehicle.csv,F:\data_set_process\data_process\01_datasets\数据预处理\原始车辆数据\txj\Entity_Recording_2025_09_27_09_17_11_vehicle.csv,526,526,allraw_instability_rescreen_v0_1,secondary,extreme_active,all_raw_vehicle_dynamic_onset_non_steering,instability_ay_roll,straight,0,0.0,all_raw_nonsteering_dynamic_onset,18554,92.77,600,400,400,2.0,True,True,525.5,True,True,,92.77,104.985,12.215,18554,20997,100.0,77.03,instability_ay_roll,True,vehicle_instability_allraw__txj__2025_09_27_09_17_11__000092770,Full raw rescreen. Anchor is derived from non-steering vehicle dynamics (ay/roll_rate). Steering metrics are only response evidence and must not be used to define onset.
instability_allraw_highconf_oldcode_v0_1,txj::2025_09_27_09_17_11::00527::instability_dynamic_onset,allraw_vehicle_instability_highconf,txj,train,Entity_Recording_2025_09_27_09_17_11_vehicle.csv,Entity_Recording_2025_09_27_09_17_11_vehicle.csv,F:\data_set_process\data_process\01_datasets\数据预处理\原始车辆数据\txj\Entity_Recording_2025_09_27_09_17_11_vehicle.csv,527,527,allraw_instability_rescreen_v0_1,secondary,extreme_active,all_raw_vehicle_dynamic_onset_non_steering,instability_ay_roll,straight,1,0.0,all_raw_nonsteering_dynamic_onset,23661,118.305,600,400,400,2.0,True,True,499.965,True,True,,118.305,126.08,7.775,23661,25216,100.0,94.14,instability_ay_roll,True,vehicle_instability_allraw__txj__2025_09_27_09_17_11__000118305,Full raw rescreen. Anchor is derived from non-steering vehicle dynamics (ay/roll_rate). Steering metrics are only response evidence and must not be used to define onset.
instability_allraw_highconf_oldcode_v0_1,txj::2025_09_27_09_17_11::00528::instability_dynamic_onset,allraw_vehicle_instability_highconf,txj,train,Entity_Recording_2025_09_27_09_17_11_vehicle.csv,Entity_Recording_2025_09_27_09_17_11_vehicle.csv,F:\data_set_process\data_process\01_datasets\数据预处理\原始车辆数据\txj\Entity_Recording_2025_09_27_09_17_11_vehicle.csv,528,528,allraw_instability_rescreen_v0_1,secondary,extreme_active,all_raw_vehicle_dynamic_onset_non_steering,instability_ay_roll,straight,1,-0.00729802,all_raw_nonsteering_dynamic_onset,26854,134.27,600,400,400,2.0,True,True,484.0,True,True,,134.27,154.05,19.78,26854,30810,100.0,90.12,instability_ay_roll,True,vehicle_instability_allraw__txj__2025_09_27_09_17_11__000134270,Full raw rescreen. Anchor is derived from non-steering vehicle dynamics (ay/roll_rate). Steering metrics are only response evidence and must not be used to define onset.
instability_allraw_highconf_oldcode_v0_1,txj::2025_09_27_09_17_11::00529::instability_dynamic_onset,allraw_vehicle_instability_highconf,txj,train,Entity_Recording_2025_09_27_09_17_11_vehicle.csv,Entity_Recording_2025_09_27_09_17_11_vehicle.csv,F:\data_set_process\data_process\01_datasets\数据预处理\原始车辆数据\txj\Entity_Recording_2025_09_27_09_17_11_vehicle.csv,529,529,allraw_instability_rescreen_v0_1,secondary,extreme_active,all_raw_vehicle_dynamic_onset_non_steering,instability_ay_roll,curve,1,-0.00729802,all_raw_nonsteering_dynamic_onset,31456,157.28,600,400,400,2.0,True,True,460.99,True,True,,157.28,177.35,20.07,31456,35470,100.0,98.14,instability_ay_roll,True,vehicle_instability_allraw__txj__2025_09_27_09_17_11__000157280,Full raw rescreen. Anchor is derived from non-steering vehicle dynamics (ay/roll_rate). Steering metrics are only response evidence and must not be used to define onset.
instability_allraw_highconf_oldcode_v0_1,txj::2025_09_27_09_17_11::00530::instability_dynamic_onset,allraw_vehicle_instability_highconf,txj,train,Entity_Recording_2025_09_27_09_17_11_vehicle.csv,Entity_Recording_2025_09_27_09_17_11_vehicle.csv,F:\data_set_process\data_process\01_datasets\数据预处理\原始车辆数据\txj\Entity_Recording_2025_09_27_09_17_11_vehicle.csv,530,530,allraw_instability_rescreen_v0_1,primary,extreme_active,all_raw_vehicle_dynamic_onset_non_steering,instability_ay_roll,straight,1,-0.00729802,all_raw_nonsteering_dynamic_onset,40637,203.185,600,400,400,2.0,True,True,415.085,True,True,,203.185,205.2,2.015,40637,41040,100.0,66.37,instability_ay_roll,True,vehicle_instability_allraw__txj__2025_09_27_09_17_11__000203185,Full raw rescreen. Anchor is derived from non-steering vehicle dynamics (ay/roll_rate). Steering metrics are only response evidence and must not be used to define onset.
instability_allraw_highconf_oldcode_v0_1,txj::2025_09_27_09_17_11::00531::instability_dynamic_onset,allraw_vehicle_instability_highconf,txj,train,Entity_Recording_2025_09_27_09_17_11_vehicle.csv,Entity_Recording_2025_09_27_09_17_11_vehicle.csv,F:\data_set_process\data_process\01_datasets\数据预处理\原始车辆数据\txj\Entity_Recording_2025_09_27_09_17_11_vehicle.csv,531,531,allraw_instability_rescreen_v0_1,secondary,strong_active,all_raw_vehicle_dynamic_onset_non_steering,instability_ay_roll,straight,0,-0.0,all_raw_nonsteering_dynamic_onset,48669,243.345,600,400,400,2.0,True,True,374.925,True,True,,243.345,254.555,11.21,48669,50911,100.0,85.82,instability_ay_roll,True,vehicle_instability_allraw__txj__2025_09_27_09_17_11__000243345,Full raw rescreen. Anchor is derived from non-steering vehicle dynamics (ay/roll_rate). Steering metrics are only response evidence and must not be used to define onset.
instability_allraw_highconf_oldcode_v0_1,txj::2025_09_27_09_17_11::00532::instability_dynamic_onset,allraw_vehicle_instability_highconf,txj,train,Entity_Recording_2025_09_27_09_17_11_vehicle.csv,Entity_Recording_2025_09_27_09_17_11_vehicle.csv,F:\data_set_process\data_process\01_datasets\数据预处理\原始车辆数据\txj\Entity_Recording_2025_09_27_09_17_11_vehicle.csv,532,532,allraw_instability_rescreen_v0_1,secondary,extreme_active,all_raw_vehicle_dynamic_onset_non_steering,instability_ay_roll,straight,0,0.0,all_raw_nonsteering_dynamic_onset,54453,272.265,600,400,400,2.0,True,True,346.005,True,True,,272.265,293.11,20.845,54453,58622,100.0,94.21,instability_ay_roll,True,vehicle_instability_allraw__txj__2025_09_27_09_17_11__000272265,Full raw rescreen. Anchor is derived from non-steering vehicle dynamics (ay/roll_rate). Steering metrics are only response evidence and must not be used to define onset.
instability_allraw_highconf_oldcode_v0_1,txj::2025_09_27_09_17_11::00533::instability_dynamic_onset,allraw_vehicle_instability_highconf,txj,train,Entity_Recording_2025_09_27_09_17_11_vehicle.csv,Entity_Recording_2025_09_27_09_17_11_vehicle.csv,F:\data_set_process\data_process\01_datasets\数据预处理\原始车辆数据\txj\Entity_Recording_2025_09_27_09_17_11_vehicle.csv,533,533,allraw_instability_rescreen_v0_1,secondary,extreme_active,all_raw_vehicle_dynamic_onset_non_steering,instability_ay_roll,curve,0,-0.0,all_raw_nonsteering_dynamic_onset,72223,361.115,600,400,400,2.0,True,True,257.155,True,True,,361.115,382.425,21.31,72223,76485,100.0,87.97,instability_ay_roll,True,vehicle_instability_allraw__txj__2025_09_27_09_17_11__000361115,Full raw rescreen. Anchor is derived from non-steering vehicle dynamics (ay/roll_rate). Steering metrics are only response evidence and must not be used to define onset.
instability_allraw_highconf_oldcode_v0_1,txj::2025_09_27_09_17_11::00534::instability_dynamic_onset,allraw_vehicle_instability_highconf,txj,train,Entity_Recording_2025_09_27_09_17_11_vehicle.csv,Entity_Recording_2025_09_27_09_17_11_vehicle.csv,F:\data_set_process\data_process\01_datasets\数据预处理\原始车辆数据\txj\Entity_Recording_2025_09_27_09_17_11_vehicle.csv,534,534,allraw_instability_rescreen_v0_1,secondary,strong_active,all_raw_vehicle_dynamic_onset_non_steering,instability_ay_roll,straight,1,-0.0,all_raw_nonsteering_dynamic_onset,78336,391.68,600,400,400,2.0,True,True,226.59,True,True,,391.68,424.64,32.96,78336,84928,100.0,76.14,instability_ay_roll,True,vehicle_instability_allraw__txj__2025_09_27_09_17_11__000391680,Full raw rescreen. Anchor is derived from non-steering vehicle dynamics (ay/roll_rate). Steering metrics are only response evidence and must not be used to define onset.
instability_allraw_highconf_oldcode_v0_1,txj::2025_09_27_09_17_11::00535::instability_dynamic_onset,allraw_vehicle_instability_highconf,txj,train,Entity_Recording_2025_09_27_09_17_11_vehicle.csv,Entity_Recording_2025_09_27_09_17_11_vehicle.csv,F:\data_set_process\data_process\01_datasets\数据预处理\原始车辆数据\txj\Entity_Recording_2025_09_27_09_17_11_vehicle.csv,535,535,allraw_instability_rescreen_v0_1,secondary,strong_active,all_raw_vehicle_dynamic_onset_non_steering,instability_ay_roll,straight,0,0.0,all_raw_nonsteering_dynamic_onset,87714,438.57,600,400,400,2.0,True,True,179.7,True,True,,438.57,456.44,17.87,87714,91288,100.0,77.36,instability_ay_roll,True,vehicle_instability_allraw__txj__2025_09_27_09_17_11__000438570,Full raw rescreen. Anchor is derived from non-steering vehicle dynamics (ay/roll_rate). Steering metrics are only response evidence and must not be used to define onset.
instability_allraw_highconf_oldcode_v0_1,txj::2025_09_27_09_17_11::00536::instability_dynamic_onset,allraw_vehicle_instability_highconf,txj,train,Entity_Recording_2025_09_27_09_17_11_vehicle.csv,Entity_Recording_2025_09_27_09_17_11_vehicle.csv,F:\data_set_process\data_process\01_datasets\数据预处理\原始车辆数据\txj\Entity_Recording_2025_09_27_09_17_11_vehicle.csv,536,536,allraw_instability_rescreen_v0_1,secondary,medium_active,all_raw_vehicle_dynamic_onset_non_steering,instability_ay_roll,straight,0,0.0,all_raw_nonsteering_dynamic_onset,99691,498.455,600,400,400,2.0,True,True,119.815,True,True,,498.455,499.575,1.12,99691,99915,93.29,71.61,instability_ay_roll,True,vehicle_instability_allraw__txj__2025_09_27_09_17_11__000498455,Full raw rescreen. Anchor is derived from non-steering vehicle dynamics (ay/roll_rate). Steering metrics are only response evidence and must not be used to define onset.
instability_allraw_highconf_oldcode_v0_1,txj::2025_09_27_09_17_11::00537::instability_dynamic_onset,allraw_vehicle_instability_highconf,txj,train,Entity_Recording_2025_09_27_09_17_11_vehicle.csv,Entity_Recording_2025_09_27_09_17_11_vehicle.csv,F:\data_set_process\data_process\01_datasets\数据预处理\原始车辆数据\txj\Entity_Recording_2025_09_27_09_17_11_vehicle.csv,537,537,allraw_instability_rescreen_v0_1,secondary,extreme_active,all_raw_vehicle_dynamic_onset_non_steering,instability_ay_roll,straight,0,0.0,all_raw_nonsteering_dynamic_onset,100616,503.08,600,400,400,2.0,True,True,115.19,True,True,,503.08,526.875,23.795,100616,105375,100.0,87.54,instability_ay_roll,True,vehicle_instability_allraw__txj__2025_09_27_09_17_11__000503080,Full raw rescreen. Anchor is derived from non-steering vehicle dynamics (ay/roll_rate). Steering metrics are only response evidence and must not be used to define onset.
instability_allraw_highconf_oldcode_v0_1,txj::2025_09_27_09_17_11::00538::instability_dynamic_onset,allraw_vehicle_instability_highconf,txj,train,Entity_Recording_2025_09_27_09_17_11_vehicle.csv,Entity_Recording_2025_09_27_09_17_11_vehicle.csv,F:\data_set_process\data_process\01_datasets\数据预处理\原始车辆数据\txj\Entity_Recording_2025_09_27_09_17_11_vehicle.csv,538,538,allraw_instability_rescreen_v0_1,secondary,extreme_active,all_raw_vehicle_dynamic_onset_non_steering,instability_ay_roll,straight,0,-0.0,all_raw_nonsteering_dynamic_onset,112426,562.13,600,400,400,2.0,True,True,56.14,True,True,,562.13,572.465,10.335,112426,114493,100.0,84.58,instability_ay_roll,True,vehicle_instability_allraw__txj__2025_09_27_09_17_11__000562130,Full raw rescreen. Anchor is derived from non-steering vehicle dynamics (ay/roll_rate). Steering metrics are only response evidence and must not be used to define onset.
instability_allraw_highconf_oldcode_v0_1,txj::2025_09_27_09_17_11::00539::instability_dynamic_onset,allraw_vehicle_instability_highconf,txj,train,Entity_Recording_2025_09_27_09_17_11_vehicle.csv,Entity_Recording_2025_09_27_09_17_11_vehicle.csv,F:\data_set_process\data_process\01_datasets\数据预处理\原始车辆数据\txj\Entity_Recording_2025_09_27_09_17_11_vehicle.csv,539,539,allraw_instability_rescreen_v0_1,secondary,medium_active,all_raw_vehicle_dynamic_onset_non_steering,instability_ay_roll,straight,0,-0.0,all_raw_nonsteering_dynamic_onset,115161,575.805,600,400,400,2.0,True,True,42.465,True,True,,575.805,582.095,6.29,115161,116419,84.99,55.9,instability_ay_roll,True,vehicle_instability_allraw__txj__2025_09_27_09_17_11__000575805,Full raw rescreen. Anchor is derived from non-steering vehicle dynamics (ay/roll_rate). Steering metrics are only response evidence and must not be used to define onset.
instability_allraw_highconf_oldcode_v0_1,tyy::2025_09_28_14_23_43::00540::instability_dynamic_onset,allraw_vehicle_instability_highconf,tyy,train,Entity_Recording_2025_09_28_14_23_43_vehicle.csv,Entity_Recording_2025_09_28_14_23_43_vehicle.csv,F:\data_set_process\data_process\01_datasets\数据预处理\原始车辆数据\tyy\Entity_Recording_2025_09_28_14_23_43_vehicle.csv,540,540,allraw_instability_rescreen_v0_1,secondary,extreme_active,all_raw_vehicle_dynamic_onset_non_steering,instability_ay_roll,straight,0,-0.0,all_raw_nonsteering_dynamic_onset,18327,91.635,600,400,400,2.0,True,True,811.85,True,True,,91.635,98.72,7.085,18327,19744,100.0,94.56,instability_ay_roll,True,vehicle_instability_allraw__tyy__2025_09_28_14_23_43__000091635,Full raw rescreen. Anchor is derived from non-steering vehicle dynamics (ay/roll_rate). Steering metrics are only response evidence and must not be used to define onset.
instability_allraw_highconf_oldcode_v0_1,tyy::2025_09_28_14_23_43::00541::instability_dynamic_onset,allraw_vehicle_instability_highconf,tyy,train,Entity_Recording_2025_09_28_14_23_43_vehicle.csv,Entity_Recording_2025_09_28_14_23_43_vehicle.csv,F:\data_set_process\data_process\01_datasets\数据预处理\原始车辆数据\tyy\Entity_Recording_2025_09_28_14_23_43_vehicle.csv,541,541,allraw_instability_rescreen_v0_1,secondary,extreme_active,all_raw_vehicle_dynamic_onset_non_steering,instability_ay_roll,curve,1,-0.00729802,all_raw_nonsteering_dynamic_onset,35479,177.395,600,400,400,2.0,True,True,726.09,True,True,,177.395,200.885,23.49,35479,40177,100.0,81.55,instability_ay_roll,True,vehicle_instability_allraw__tyy__2025_09_28_14_23_43__000177395,Full raw rescreen. Anchor is derived from non-steering vehicle dynamics (ay/roll_rate). Steering metrics are only response evidence and must not be used to define onset.
instability_allraw_highconf_oldcode_v0_1,tyy::2025_09_28_14_23_43::00542::instability_dynamic_onset,allraw_vehicle_instability_highconf,tyy,train,Entity_Recording_2025_09_28_14_23_43_vehicle.csv,Entity_Recording_2025_09_28_14_23_43_vehicle.csv,F:\data_set_process\data_process\01_datasets\数据预处理\原始车辆数据\tyy\Entity_Recording_2025_09_28_14_23_43_vehicle.csv,542,542,allraw_instability_rescreen_v0_1,secondary,strong_active,all_raw_vehicle_dynamic_onset_non_steering,instability_ay_roll,straight,0,-0.0,all_raw_nonsteering_dynamic_onset,48764,243.82,600,400,400,2.0,True,True,659.665,True,True,,243.82,250.01,6.19,48764,50002,90.11,59.23,instability_ay_roll,True,vehicle_instability_allraw__tyy__2025_09_28_14_23_43__000243820,Full raw rescreen. Anchor is derived from non-steering vehicle dynamics (ay/roll_rate). Steering metrics are only response evidence and must not be used to define onset.
instability_allraw_highconf_oldcode_v0_1,tyy::2025_09_28_14_23_43::00543::instability_dynamic_onset,allraw_vehicle_instability_highconf,tyy,train,Entity_Recording_2025_09_28_14_23_43_vehicle.csv,Entity_Recording_2025_09_28_14_23_43_vehicle.csv,F:\data_set_process\data_process\01_datasets\数据预处理\原始车辆数据\tyy\Entity_Recording_2025_09_28_14_23_43_vehicle.csv,543,543,allraw_instability_rescreen_v0_1,secondary,extreme_active,all_raw_vehicle_dynamic_onset_non_steering,instability_ay_roll,straight,0,0.0,all_raw_nonsteering_dynamic_onset,52713,263.565,600,400,400,2.0,True,True,639.92,True,True,,263.565,264.045,0.48,52713,52809,100.0,80.09,instability_ay_roll,True,vehicle_instability_allraw__tyy__2025_09_28_14_23_43__000263565,Full raw rescreen. Anchor is derived from non-steering vehicle dynamics (ay/roll_rate). Steering metrics are only response evidence and must not be used to define onset.
instability_allraw_highconf_oldcode_v0_1,tyy::2025_09_28_14_23_43::00544::instability_dynamic_onset,allraw_vehicle_instability_highconf,tyy,train,Entity_Recording_2025_09_28_14_23_43_vehicle.csv,Entity_Recording_2025_09_28_14_23_43_vehicle.csv,F:\data_set_process\data_process\01_datasets\数据预处理\原始车辆数据\tyy\Entity_Recording_2025_09_28_14_23_43_vehicle.csv,544,544,allraw_instability_rescreen_v0_1,secondary,extreme_active,all_raw_vehicle_dynamic_onset_non_steering,instability_ay_roll,straight,0,0.0,all_raw_nonsteering_dynamic_onset,53346,266.73,600,400,400,2.0,True,True,636.755,True,True,,266.73,274.46,7.73,53346,54892,100.0,87.52,instability_ay_roll,True,vehicle_instability_allraw__tyy__2025_09_28_14_23_43__000266730,Full raw rescreen. Anchor is derived from non-steering vehicle dynamics (ay/roll_rate). Steering metrics are only response evidence and must not be used to define onset.
instability_allraw_highconf_oldcode_v0_1,tyy::2025_09_28_14_23_43::00545::instability_dynamic_onset,allraw_vehicle_instability_highconf,tyy,train,Entity_Recording_2025_09_28_14_23_43_vehicle.csv,Entity_Recording_2025_09_28_14_23_43_vehicle.csv,F:\data_set_process\data_process\01_datasets\数据预处理\原始车辆数据\tyy\Entity_Recording_2025_09_28_14_23_43_vehicle.csv,545,545,allraw_instability_rescreen_v0_1,secondary,strong_active,all_raw_vehicle_dynamic_onset_non_steering,instability_ay_roll,straight,0,0.0,all_raw_nonsteering_dynamic_onset,57399,286.995,600,400,400,2.0,True,True,616.49,True,True,,286.995,296.755,9.76,57399,59351,100.0,69.87,instability_ay_roll,True,vehicle_instability_allraw__tyy__2025_09_28_14_23_43__000286995,Full raw rescreen. Anchor is derived from non-steering vehicle dynamics (ay/roll_rate). Steering metrics are only response evidence and must not be used to define onset.
instability_allraw_highconf_oldcode_v0_1,tyy::2025_09_28_14_23_43::00546::instability_dynamic_onset,allraw_vehicle_instability_highconf,tyy,train,Entity_Recording_2025_09_28_14_23_43_vehicle.csv,Entity_Recording_2025_09_28_14_23_43_vehicle.csv,F:\data_set_process\data_process\01_datasets\数据预处理\原始车辆数据\tyy\Entity_Recording_2025_09_28_14_23_43_vehicle.csv,546,546,allraw_instability_rescreen_v0_1,secondary,strong_active,all_raw_vehicle_dynamic_onset_non_steering,instability_ay_roll,straight,0,-0.0,all_raw_nonsteering_dynamic_onset,60544,302.72,600,400,400,2.0,True,True,600.765,True,True,,302.72,315.345,12.625,60544,63069,100.0,66.42,instability_ay_roll,True,vehicle_instability_allraw__tyy__2025_09_28_14_23_43__000302720,Full raw rescreen. Anchor is derived from non-steering vehicle dynamics (ay/roll_rate). Steering metrics are only response evidence and must not be used to define onset.
instability_allraw_highconf_oldcode_v0_1,tyy::2025_09_28_14_23_43::00547::instability_dynamic_onset,allraw_vehicle_instability_highconf,tyy,train,Entity_Recording_2025_09_28_14_23_43_vehicle.csv,Entity_Recording_2025_09_28_14_23_43_vehicle.csv,F:\data_set_process\data_process\01_datasets\数据预处理\原始车辆数据\tyy\Entity_Recording_2025_09_28_14_23_43_vehicle.csv,547,547,allraw_instability_rescreen_v0_1,secondary,extreme_active,all_raw_vehicle_dynamic_onset_non_steering,instability_ay_roll,curve,0,-0.0,all_raw_nonsteering_dynamic_onset,69647,348.235,600,400,400,2.0,True,True,555.25,True,True,,348.235,358.56,10.325,69647,71712,100.0,94.31,instability_ay_roll,True,vehicle_instability_allraw__tyy__2025_09_28_14_23_43__000348235,Full raw rescreen. Anchor is derived from non-steering vehicle dynamics (ay/roll_rate). Steering metrics are only response evidence and must not be used to define onset.
instability_allraw_highconf_oldcode_v0_1,tyy::2025_09_28_14_23_43::00548::instability_dynamic_onset,allraw_vehicle_instability_highconf,tyy,train,Entity_Recording_2025_09_28_14_23_43_vehicle.csv,Entity_Recording_2025_09_28_14_23_43_vehicle.csv,F:\data_set_process\data_process\01_datasets\数据预处理\原始车辆数据\tyy\Entity_Recording_2025_09_28_14_23_43_vehicle.csv,548,548,allraw_instability_rescreen_v0_1,secondary,extreme_active,all_raw_vehicle_dynamic_onset_non_steering,instability_ay_roll,curve,1,0.0,all_raw_nonsteering_dynamic_onset,92417,462.085,600,400,400,2.0,True,True,441.4,True,True,,462.085,463.735,1.65,92417,92747,87.31,53.69,instability_ay_roll,True,vehicle_instability_allraw__tyy__2025_09_28_14_23_43__000462085,Full raw rescreen. Anchor is derived from non-steering vehicle dynamics (ay/roll_rate). Steering metrics are only response evidence and must not be used to define onset.
instability_allraw_highconf_oldcode_v0_1,tyy::2025_09_28_14_23_43::00549::instability_dynamic_onset,allraw_vehicle_instability_highconf,tyy,train,Entity_Recording_2025_09_28_14_23_43_vehicle.csv,Entity_Recording_2025_09_28_14_23_43_vehicle.csv,F:\data_set_process\data_process\01_datasets\数据预处理\原始车辆数据\tyy\Entity_Recording_2025_09_28_14_23_43_vehicle.csv,549,549,allraw_instability_rescreen_v0_1,secondary,extreme_active,all_raw_vehicle_dynamic_onset_non_steering,instability_ay_roll,straight,1,0.0,all_raw_nonsteering_dynamic_onset,100047,500.235,600,400,400,2.0,True,True,403.25,True,True,,500.235,515.75,15.515,100047,103150,100.0,94.73,instability_ay_roll,True,vehicle_instability_allraw__tyy__2025_09_28_14_23_43__000500235,Full raw rescreen. Anchor is derived from non-steering vehicle dynamics (ay/roll_rate). Steering metrics are only response evidence and must not be used to define onset.
instability_allraw_highconf_oldcode_v0_1,tyy::2025_09_28_14_23_43::00550::instability_dynamic_onset,allraw_vehicle_instability_highconf,tyy,train,Entity_Recording_2025_09_28_14_23_43_vehicle.csv,Entity_Recording_2025_09_28_14_23_43_vehicle.csv,F:\data_set_process\data_process\01_datasets\数据预处理\原始车辆数据\tyy\Entity_Recording_2025_09_28_14_23_43_vehicle.csv,550,550,allraw_instability_rescreen_v0_1,secondary,strong_active,all_raw_vehicle_dynamic_onset_non_steering,instability_ay_roll,straight,1,-9.82e-06,all_raw_nonsteering_dynamic_onset,103767,518.835,600,400,400,2.0,True,True,384.65,True,True,,518.835,534.795,15.96,103767,106959,85.2,60.0,instability_ay_roll,True,vehicle_instability_allraw__tyy__2025_09_28_14_23_43__000518835,Full raw rescreen. Anchor is derived from non-steering vehicle dynamics (ay/roll_rate). Steering metrics are only response evidence and must not be used to define onset.
instability_allraw_highconf_oldcode_v0_1,tyy::2025_09_28_14_23_43::00551::instability_dynamic_onset,allraw_vehicle_instability_highconf,tyy,train,Entity_Recording_2025_09_28_14_23_43_vehicle.csv,Entity_Recording_2025_09_28_14_23_43_vehicle.csv,F:\data_set_process\data_process\01_datasets\数据预处理\原始车辆数据\tyy\Entity_Recording_2025_09_28_14_23_43_vehicle.csv,551,551,allraw_instability_rescreen_v0_1,primary,extreme_active,all_raw_vehicle_dynamic_onset_non_steering,instability_ay_roll,straight,0,0.0,all_raw_nonsteering_dynamic_onset,125614,628.07,600,400,400,2.0,True,True,275.415,True,True,,628.07,643.515,15.445,125614,128703,100.0,70.12,instability_ay_roll,True,vehicle_instability_allraw__tyy__2025_09_28_14_23_43__000628070,Full raw rescreen. Anchor is derived from non-steering vehicle dynamics (ay/roll_rate). Steering metrics are only response evidence and must not be used to define onset.
instability_allraw_highconf_oldcode_v0_1,tyy::2025_09_28_14_23_43::00552::instability_dynamic_onset,allraw_vehicle_instability_highconf,tyy,train,Entity_Recording_2025_09_28_14_23_43_vehicle.csv,Entity_Recording_2025_09_28_14_23_43_vehicle.csv,F:\data_set_process\data_process\01_datasets\数据预处理\原始车辆数据\tyy\Entity_Recording_2025_09_28_14_23_43_vehicle.csv,552,552,allraw_instability_rescreen_v0_1,primary,strong_active,all_raw_vehicle_dynamic_onset_non_steering,instability_ay_roll,straight,0,0.0,all_raw_nonsteering_dynamic_onset,133031,665.155,600,400,400,2.0,True,True,238.33,True,True,,665.155,669.225,4.07,133031,133845,82.87,53.02,instability_ay_roll,True,vehicle_instability_allraw__tyy__2025_09_28_14_23_43__000665155,Full raw rescreen. Anchor is derived from non-steering vehicle dynamics (ay/roll_rate). Steering metrics are only response evidence and must not be used to define onset.
instability_allraw_highconf_oldcode_v0_1,tyy::2025_09_28_14_23_43::00553::instability_dynamic_onset,allraw_vehicle_instability_highconf,tyy,train,Entity_Recording_2025_09_28_14_23_43_vehicle.csv,Entity_Recording_2025_09_28_14_23_43_vehicle.csv,F:\data_set_process\data_process\01_datasets\数据预处理\原始车辆数据\tyy\Entity_Recording_2025_09_28_14_23_43_vehicle.csv,553,553,allraw_instability_rescreen_v0_1,primary,strong_active,all_raw_vehicle_dynamic_onset_non_steering,instability_ay_roll,straight,0,0.0,all_raw_nonsteering_dynamic_onset,137131,685.655,600,400,400,2.0,True,True,217.83,True,True,,685.655,688.22,2.565,137131,137644,100.0,67.6,instability_ay_roll,True,vehicle_instability_allraw__tyy__2025_09_28_14_23_43__000685655,Full raw rescreen. Anchor is derived from non-steering vehicle dynamics (ay/roll_rate). Steering metrics are only response evidence and must not be used to define onset.
instability_allraw_highconf_oldcode_v0_1,tyy::2025_09_28_14_23_43::00554::instability_dynamic_onset,allraw_vehicle_instability_highconf,tyy,train,Entity_Recording_2025_09_28_14_23_43_vehicle.csv,Entity_Recording_2025_09_28_14_23_43_vehicle.csv,F:\data_set_process\data_process\01_datasets\数据预处理\原始车辆数据\tyy\Entity_Recording_2025_09_28_14_23_43_vehicle.csv,554,554,allraw_instability_rescreen_v0_1,secondary,extreme_active,all_raw_vehicle_dynamic_onset_non_steering,instability_ay_roll,straight,0,-0.0,all_raw_nonsteering_dynamic_onset,152527,762.635,600,400,400,2.0,True,True,140.85,True,True,,762.635,799.18,36.545,152527,159836,100.0,81.79,instability_ay_roll,True,vehicle_instability_allraw__tyy__2025_09_28_14_23_43__000762635,Full raw rescreen. Anchor is derived from non-steering vehicle dynamics (ay/roll_rate). Steering metrics are only response evidence and must not be used to define onset.
instability_allraw_highconf_oldcode_v0_1,tyy::2025_09_28_14_23_43::00555::instability_dynamic_onset,allraw_vehicle_instability_highconf,tyy,train,Entity_Recording_2025_09_28_14_23_43_vehicle.csv,Entity_Recording_2025_09_28_14_23_43_vehicle.csv,F:\data_set_process\data_process\01_datasets\数据预处理\原始车辆数据\tyy\Entity_Recording_2025_09_28_14_23_43_vehicle.csv,555,555,allraw_instability_rescreen_v0_1,secondary,strong_active,all_raw_vehicle_dynamic_onset_non_steering,instability_ay_roll,straight,0,-0.0,all_raw_nonsteering_dynamic_onset,171687,858.435,600,400,400,2.0,True,True,45.05,True,True,,858.435,864.9,6.465,171687,172980,100.0,65.64,instability_ay_roll,True,vehicle_instability_allraw__tyy__2025_09_28_14_23_43__000858435,Full raw rescreen. Anchor is derived from non-steering vehicle dynamics (ay/roll_rate). Steering metrics are only response evidence and must not be used to define onset.
instability_allraw_highconf_oldcode_v0_1,tyy::2025_09_28_14_40_01::00556::instability_dynamic_onset,allraw_vehicle_instability_highconf,tyy,train,Entity_Recording_2025_09_28_14_40_01_vehicle.csv,Entity_Recording_2025_09_28_14_40_01_vehicle.csv,F:\data_set_process\data_process\01_datasets\数据预处理\原始车辆数据\tyy\Entity_Recording_2025_09_28_14_40_01_vehicle.csv,556,556,allraw_instability_rescreen_v0_1,secondary,extreme_active,all_raw_vehicle_dynamic_onset_non_steering,instability_ay_roll,straight,0,-0.0,all_raw_nonsteering_dynamic_onset,10083,50.415,600,400,400,2.0,True,True,135.16,True,True,,50.415,55.495,5.08,10083,11099,100.0,74.2,instability_ay_roll,True,vehicle_instability_allraw__tyy__2025_09_28_14_40_01__000050415,Full raw rescreen. Anchor is derived from non-steering vehicle dynamics (ay/roll_rate). Steering metrics are only response evidence and must not be used to define onset.
instability_allraw_highconf_oldcode_v0_1,tyy::2025_09_28_14_40_01::00557::instability_dynamic_onset,allraw_vehicle_instability_highconf,tyy,train,Entity_Recording_2025_09_28_14_40_01_vehicle.csv,Entity_Recording_2025_09_28_14_40_01_vehicle.csv,F:\data_set_process\data_process\01_datasets\数据预处理\原始车辆数据\tyy\Entity_Recording_2025_09_28_14_40_01_vehicle.csv,557,557,allraw_instability_rescreen_v0_1,secondary,extreme_active,all_raw_vehicle_dynamic_onset_non_steering,instability_ay_roll,straight,0,-0.0,all_raw_nonsteering_dynamic_onset,15773,78.865,600,400,400,2.0,True,True,106.71,True,True,,78.865,87.645,8.78,15773,17529,100.0,81.86,instability_ay_roll,True,vehicle_instability_allraw__tyy__2025_09_28_14_40_01__000078865,Full raw rescreen. Anchor is derived from non-steering vehicle dynamics (ay/roll_rate). Steering metrics are only response evidence and must not be used to define onset.
instability_allraw_highconf_oldcode_v0_1,tyy::2025_09_28_14_40_01::00558::instability_dynamic_onset,allraw_vehicle_instability_highconf,tyy,train,Entity_Recording_2025_09_28_14_40_01_vehicle.csv,Entity_Recording_2025_09_28_14_40_01_vehicle.csv,F:\data_set_process\data_process\01_datasets\数据预处理\原始车辆数据\tyy\Entity_Recording_2025_09_28_14_40_01_vehicle.csv,558,558,allraw_instability_rescreen_v0_1,secondary,strong_active,all_raw_vehicle_dynamic_onset_non_steering,instability_ay_roll,straight,0,-0.0,all_raw_nonsteering_dynamic_onset,22361,111.805,600,400,400,2.0,True,True,73.77,True,True,,111.805,119.275,7.47,22361,23855,100.0,91.53,instability_ay_roll,True,vehicle_instability_allraw__tyy__2025_09_28_14_40_01__000111805,Full raw rescreen. Anchor is derived from non-steering vehicle dynamics (ay/roll_rate). Steering metrics are only response evidence and must not be used to define onset.
instability_allraw_highconf_oldcode_v0_1,tyy::2025_09_28_14_40_01::00559::instability_dynamic_onset,allraw_vehicle_instability_highconf,tyy,train,Entity_Recording_2025_09_28_14_40_01_vehicle.csv,Entity_Recording_2025_09_28_14_40_01_vehicle.csv,F:\data_set_process\data_process\01_datasets\数据预处理\原始车辆数据\tyy\Entity_Recording_2025_09_28_14_40_01_vehicle.csv,559,559,allraw_instability_rescreen_v0_1,secondary,extreme_active,all_raw_vehicle_dynamic_onset_non_steering,instability_ay_roll,straight,1,0.0,all_raw_nonsteering_dynamic_onset,25309,126.545,600,400,400,2.0,True,True,59.03,True,True,,126.545,131.65,5.105,25309,26330,100.0,76.66,instability_ay_roll,True,vehicle_instability_allraw__tyy__2025_09_28_14_40_01__000126545,Full raw rescreen. Anchor is derived from non-steering vehicle dynamics (ay/roll_rate). Steering metrics are only response evidence and must not be used to define onset.
instability_allraw_highconf_oldcode_v0_1,tyy::2025_09_28_14_40_01::00560::instability_dynamic_onset,allraw_vehicle_instability_highconf,tyy,train,Entity_Recording_2025_09_28_14_40_01_vehicle.csv,Entity_Recording_2025_09_28_14_40_01_vehicle.csv,F:\data_set_process\data_process\01_datasets\数据预处理\原始车辆数据\tyy\Entity_Recording_2025_09_28_14_40_01_vehicle.csv,560,560,allraw_instability_rescreen_v0_1,secondary,extreme_active,all_raw_vehicle_dynamic_onset_non_steering,instability_ay_roll,curve,1,-0.00729802,all_raw_nonsteering_dynamic_onset,33293,166.465,600,400,400,2.0,True,True,19.11,True,True,,166.465,173.445,6.98,33293,34689,100.0,95.58,instability_ay_roll,True,vehicle_instability_allraw__tyy__2025_09_28_14_40_01__000166465,Full raw rescreen. Anchor is derived from non-steering vehicle dynamics (ay/roll_rate). Steering metrics are only response evidence and must not be used to define onset.
instability_allraw_highconf_oldcode_v0_1,tyy::2025_09_28_14_44_09::00561::instability_dynamic_onset,allraw_vehicle_instability_highconf,tyy,train,Entity_Recording_2025_09_28_14_44_09_vehicle.csv,Entity_Recording_2025_09_28_14_44_09_vehicle.csv,F:\data_set_process\data_process\01_datasets\数据预处理\原始车辆数据\tyy\Entity_Recording_2025_09_28_14_44_09_vehicle.csv,561,561,allraw_instability_rescreen_v0_1,secondary,extreme_active,all_raw_vehicle_dynamic_onset_non_steering,instability_ay_roll,straight,0,0.0,all_raw_nonsteering_dynamic_onset,11778,58.89,600,400,400,2.0,True,True,515.75,True,True,,58.89,62.82,3.93,11778,12564,100.0,83.84,instability_ay_roll,True,vehicle_instability_allraw__tyy__2025_09_28_14_44_09__000058890,Full raw rescreen. Anchor is derived from non-steering vehicle dynamics (ay/roll_rate). Steering metrics are only response evidence and must not be used to define onset.
instability_allraw_highconf_oldcode_v0_1,tyy::2025_09_28_14_44_09::00562::instability_dynamic_onset,allraw_vehicle_instability_highconf,tyy,train,Entity_Recording_2025_09_28_14_44_09_vehicle.csv,Entity_Recording_2025_09_28_14_44_09_vehicle.csv,F:\data_set_process\data_process\01_datasets\数据预处理\原始车辆数据\tyy\Entity_Recording_2025_09_28_14_44_09_vehicle.csv,562,562,allraw_instability_rescreen_v0_1,secondary,strong_active,all_raw_vehicle_dynamic_onset_non_steering,instability_ay_roll,straight,0,-0.0,all_raw_nonsteering_dynamic_onset,15606,78.03,600,400,400,2.0,True,True,496.61,True,True,,78.03,88.385,10.355,15606,17677,100.0,86.69,instability_ay_roll,True,vehicle_instability_allraw__tyy__2025_09_28_14_44_09__000078030,Full raw rescreen. Anchor is derived from non-steering vehicle dynamics (ay/roll_rate). Steering metrics are only response evidence and must not be used to define onset.
instability_allraw_highconf_oldcode_v0_1,tyy::2025_09_28_14_44_09::00563::instability_dynamic_onset,allraw_vehicle_instability_highconf,tyy,train,Entity_Recording_2025_09_28_14_44_09_vehicle.csv,Entity_Recording_2025_09_28_14_44_09_vehicle.csv,F:\data_set_process\data_process\01_datasets\数据预处理\原始车辆数据\tyy\Entity_Recording_2025_09_28_14_44_09_vehicle.csv,563,563,allraw_instability_rescreen_v0_1,secondary,strong_active,all_raw_vehicle_dynamic_onset_non_steering,instability_ay_roll,straight,1,-0.0,all_raw_nonsteering_dynamic_onset,30768,153.84,600,400,400,2.0,True,True,420.8,True,True,,153.84,172.97,19.13,30768,34594,94.1,66.61,instability_ay_roll,True,vehicle_instability_allraw__tyy__2025_09_28_14_44_09__000153840,Full raw rescreen. Anchor is derived from non-steering vehicle dynamics (ay/roll_rate). Steering metrics are only response evidence and must not be used to define onset.
instability_allraw_highconf_oldcode_v0_1,tyy::2025_09_28_14_44_09::00564::instability_dynamic_onset,allraw_vehicle_instability_highconf,tyy,train,Entity_Recording_2025_09_28_14_44_09_vehicle.csv,Entity_Recording_2025_09_28_14_44_09_vehicle.csv,F:\data_set_process\data_process\01_datasets\数据预处理\原始车辆数据\tyy\Entity_Recording_2025_09_28_14_44_09_vehicle.csv,564,564,allraw_instability_rescreen_v0_1,secondary,extreme_active,all_raw_vehicle_dynamic_onset_non_steering,instability_ay_roll,curve,1,-0.00729802,all_raw_nonsteering_dynamic_onset,45601,228.005,600,400,400,2.0,True,True,346.635,True,True,,228.005,235.275,7.27,45601,47055,100.0,93.88,instability_ay_roll,True,vehicle_instability_allraw__tyy__2025_09_28_14_44_09__000228005,Full raw rescreen. Anchor is derived from non-steering vehicle dynamics (ay/roll_rate). Steering metrics are only response evidence and must not be used to define onset.
instability_allraw_highconf_oldcode_v0_1,tyy::2025_09_28_14_44_09::00565::instability_dynamic_onset,allraw_vehicle_instability_highconf,tyy,train,Entity_Recording_2025_09_28_14_44_09_vehicle.csv,Entity_Recording_2025_09_28_14_44_09_vehicle.csv,F:\data_set_process\data_process\01_datasets\数据预处理\原始车辆数据\tyy\Entity_Recording_2025_09_28_14_44_09_vehicle.csv,565,565,allraw_instability_rescreen_v0_1,secondary,strong_active,all_raw_vehicle_dynamic_onset_non_steering,instability_ay_roll,curve,1,-0.00729802,all_raw_nonsteering_dynamic_onset,50756,253.78,600,400,400,2.0,True,True,320.86,True,True,,253.78,266.755,12.975,50756,53351,100.0,64.49,instability_ay_roll,True,vehicle_instability_allraw__tyy__2025_09_28_14_44_09__000253780,Full raw rescreen. Anchor is derived from non-steering vehicle dynamics (ay/roll_rate). Steering metrics are only response evidence and must not be used to define onset.
instability_allraw_highconf_oldcode_v0_1,tyy::2025_09_28_14_44_09::00566::instability_dynamic_onset,allraw_vehicle_instability_highconf,tyy,train,Entity_Recording_2025_09_28_14_44_09_vehicle.csv,Entity_Recording_2025_09_28_14_44_09_vehicle.csv,F:\data_set_process\data_process\01_datasets\数据预处理\原始车辆数据\tyy\Entity_Recording_2025_09_28_14_44_09_vehicle.csv,566,566,allraw_instability_rescreen_v0_1,primary,strong_active,all_raw_vehicle_dynamic_onset_non_steering,instability_ay_roll,curve,1,-0.00729802,all_raw_nonsteering_dynamic_onset,77601,388.005,600,400,400,2.0,True,True,186.635,True,True,,388.005,403.355,15.35,77601,80671,100.0,80.02,instability_ay_roll,True,vehicle_instability_allraw__tyy__2025_09_28_14_44_09__000388005,Full raw rescreen. Anchor is derived from non-steering vehicle dynamics (ay/roll_rate). Steering metrics are only response evidence and must not be used to define onset.
instability_allraw_highconf_oldcode_v0_1,tyy::2025_09_28_14_44_09::00567::instability_dynamic_onset,allraw_vehicle_instability_highconf,tyy,train,Entity_Recording_2025_09_28_14_44_09_vehicle.csv,Entity_Recording_2025_09_28_14_44_09_vehicle.csv,F:\data_set_process\data_process\01_datasets\数据预处理\原始车辆数据\tyy\Entity_Recording_2025_09_28_14_44_09_vehicle.csv,567,567,allraw_instability_rescreen_v0_1,secondary,medium_active,all_raw_vehicle_dynamic_onset_non_steering,instability_ay_roll,curve,1,-0.00729802,all_raw_nonsteering_dynamic_onset,89873,449.365,600,400,400,2.0,True,True,125.275,True,True,,449.365,458.16,8.795,89873,91632,100.0,80.51,instability_ay_roll,True,vehicle_instability_allraw__tyy__2025_09_28_14_44_09__000449365,Full raw rescreen. Anchor is derived from non-steering vehicle dynamics (ay/roll_rate). Steering metrics are only response evidence and must not be used to define onset.
instability_allraw_highconf_oldcode_v0_1,tyy::2025_09_28_14_44_09::00568::instability_dynamic_onset,allraw_vehicle_instability_highconf,tyy,train,Entity_Recording_2025_09_28_14_44_09_vehicle.csv,Entity_Recording_2025_09_28_14_44_09_vehicle.csv,F:\data_set_process\data_process\01_datasets\数据预处理\原始车辆数据\tyy\Entity_Recording_2025_09_28_14_44_09_vehicle.csv,568,568,allraw_instability_rescreen_v0_1,secondary,weak,all_raw_vehicle_dynamic_onset_non_steering,instability_ay_roll,curve,1,-0.00729802,all_raw_nonsteering_dynamic_onset,94331,471.655,600,400,400,2.0,True,True,102.985,True,True,,471.655,483.7,12.045,94331,96740,100.0,77.51,instability_ay_roll,True,vehicle_instability_allraw__tyy__2025_09_28_14_44_09__000471655,Full raw rescreen. Anchor is derived from non-steering vehicle dynamics (ay/roll_rate). Steering metrics are only response evidence and must not be used to define onset.
instability_allraw_highconf_oldcode_v0_1,tyy::2025_09_28_14_44_09::00569::instability_dynamic_onset,allraw_vehicle_instability_highconf,tyy,train,Entity_Recording_2025_09_28_14_44_09_vehicle.csv,Entity_Recording_2025_09_28_14_44_09_vehicle.csv,F:\data_set_process\data_process\01_datasets\数据预处理\原始车辆数据\tyy\Entity_Recording_2025_09_28_14_44_09_vehicle.csv,569,569,allraw_instability_rescreen_v0_1,secondary,medium_active,all_raw_vehicle_dynamic_onset_non_steering,instability_ay_roll,curve,1,-0.00729802,all_raw_nonsteering_dynamic_onset,100639,503.195,600,400,400,2.0,True,True,71.445,True,True,,503.195,504.72,1.525,100639,100944,83.92,58.57,instability_ay_roll,True,vehicle_instability_allraw__tyy__2025_09_28_14_44_09__000503195,Full raw rescreen. Anchor is derived from non-steering vehicle dynamics (ay/roll_rate). Steering metrics are only response evidence and must not be used to define onset.
instability_allraw_highconf_oldcode_v0_1,tyy::2025_09_28_14_44_09::00570::instability_dynamic_onset,allraw_vehicle_instability_highconf,tyy,train,Entity_Recording_2025_09_28_14_44_09_vehicle.csv,Entity_Recording_2025_09_28_14_44_09_vehicle.csv,F:\data_set_process\data_process\01_datasets\数据预处理\原始车辆数据\tyy\Entity_Recording_2025_09_28_14_44_09_vehicle.csv,570,570,allraw_instability_rescreen_v0_1,none,instability_medium,all_raw_vehicle_dynamic_onset_non_steering,instability_ay_roll,design_curve_context,1,-0.00729802,all_raw_nonsteering_dynamic_onset,110829,554.145,600,400,400,2.0,True,True,20.495,True,True,,554.145,554.995,0.85,110829,110999,82.58,65.85,instability_ay_roll,True,vehicle_instability_allraw__tyy__2025_09_28_14_44_09__000554145,Full raw rescreen. Anchor is derived from non-steering vehicle dynamics (ay/roll_rate). Steering metrics are only response evidence and must not be used to define onset.
instability_allraw_highconf_oldcode_v0_1,tyy::2025_09_28_14_57_17::00571::instability_dynamic_onset,allraw_vehicle_instability_highconf,tyy,train,Entity_Recording_2025_09_28_14_57_17_vehicle.csv,Entity_Recording_2025_09_28_14_57_17_vehicle.csv,F:\data_set_process\data_process\01_datasets\数据预处理\原始车辆数据\tyy\Entity_Recording_2025_09_28_14_57_17_vehicle.csv,571,571,allraw_instability_rescreen_v0_1,secondary,strong_active,all_raw_vehicle_dynamic_onset_non_steering,instability_ay_roll,straight,0,-0.0,all_raw_nonsteering_dynamic_onset,14543,72.715,600,400,400,2.0,True,True,373.95,True,True,,72.715,81.35,8.635,14543,16270,100.0,71.52,instability_ay_roll,True,vehicle_instability_allraw__tyy__2025_09_28_14_57_17__000072715,Full raw rescreen. Anchor is derived from non-steering vehicle dynamics (ay/roll_rate). Steering metrics are only response evidence and must not be used to define onset.
instability_allraw_highconf_oldcode_v0_1,tyy::2025_09_28_14_57_17::00572::instability_dynamic_onset,allraw_vehicle_instability_highconf,tyy,train,Entity_Recording_2025_09_28_14_57_17_vehicle.csv,Entity_Recording_2025_09_28_14_57_17_vehicle.csv,F:\data_set_process\data_process\01_datasets\数据预处理\原始车辆数据\tyy\Entity_Recording_2025_09_28_14_57_17_vehicle.csv,572,572,allraw_instability_rescreen_v0_1,secondary,strong_active,all_raw_vehicle_dynamic_onset_non_steering,instability_ay_roll,straight,0,0.0,all_raw_nonsteering_dynamic_onset,21296,106.48,600,400,400,2.0,True,True,340.185,True,True,,106.48,114.86,8.38,21296,22972,100.0,92.11,instability_ay_roll,True,vehicle_instability_allraw__tyy__2025_09_28_14_57_17__000106480,Full raw rescreen. Anchor is derived from non-steering vehicle dynamics (ay/roll_rate). Steering metrics are only response evidence and must not be used to define onset.
instability_allraw_highconf_oldcode_v0_1,tyy::2025_09_28_14_57_17::00573::instability_dynamic_onset,allraw_vehicle_instability_highconf,tyy,train,Entity_Recording_2025_09_28_14_57_17_vehicle.csv,Entity_Recording_2025_09_28_14_57_17_vehicle.csv,F:\data_set_process\data_process\01_datasets\数据预处理\原始车辆数据\tyy\Entity_Recording_2025_09_28_14_57_17_vehicle.csv,573,573,allraw_instability_rescreen_v0_1,secondary,extreme_active,all_raw_vehicle_dynamic_onset_non_steering,instability_ay_roll,straight,1,-0.00729802,all_raw_nonsteering_dynamic_onset,31743,158.715,600,400,400,2.0,True,True,287.95,True,True,,158.715,179.48,20.765,31743,35896,100.0,93.6,instability_ay_roll,True,vehicle_instability_allraw__tyy__2025_09_28_14_57_17__000158715,Full raw rescreen. Anchor is derived from non-steering vehicle dynamics (ay/roll_rate). Steering metrics are only response evidence and must not be used to define onset.
instability_allraw_highconf_oldcode_v0_1,tyy::2025_09_28_14_57_17::00574::instability_dynamic_onset,allraw_vehicle_instability_highconf,tyy,train,Entity_Recording_2025_09_28_14_57_17_vehicle.csv,Entity_Recording_2025_09_28_14_57_17_vehicle.csv,F:\data_set_process\data_process\01_datasets\数据预处理\原始车辆数据\tyy\Entity_Recording_2025_09_28_14_57_17_vehicle.csv,574,574,allraw_instability_rescreen_v0_1,primary,strong_active,all_raw_vehicle_dynamic_onset_non_steering,instability_ay_roll,straight,0,0.0,all_raw_nonsteering_dynamic_onset,45236,226.18,600,400,400,2.0,True,True,220.485,True,True,,226.18,228.445,2.265,45236,45689,82.77,56.34,instability_ay_roll,True,vehicle_instability_allraw__tyy__2025_09_28_14_57_17__000226180,Full raw rescreen. Anchor is derived from non-steering vehicle dynamics (ay/roll_rate). Steering metrics are only response evidence and must not be used to define onset.
instability_allraw_highconf_oldcode_v0_1,tyy::2025_09_28_14_57_17::00575::instability_dynamic_onset,allraw_vehicle_instability_highconf,tyy,train,Entity_Recording_2025_09_28_14_57_17_vehicle.csv,Entity_Recording_2025_09_28_14_57_17_vehicle.csv,F:\data_set_process\data_process\01_datasets\数据预处理\原始车辆数据\tyy\Entity_Recording_2025_09_28_14_57_17_vehicle.csv,575,575,allraw_instability_rescreen_v0_1,secondary,strong_active,all_raw_vehicle_dynamic_onset_non_steering,instability_ay_roll,straight,0,-0.0,all_raw_nonsteering_dynamic_onset,49173,245.865,600,400,400,2.0,True,True,200.8,True,True,,245.865,250.725,4.86,49173,50145,86.59,51.67,instability_ay_roll,True,vehicle_instability_allraw__tyy__2025_09_28_14_57_17__000245865,Full raw rescreen. Anchor is derived from non-steering vehicle dynamics (ay/roll_rate). Steering metrics are only response evidence and must not be used to define onset.
instability_allraw_highconf_oldcode_v0_1,tyy::2025_09_28_14_57_17::00576::instability_dynamic_onset,allraw_vehicle_instability_highconf,tyy,train,Entity_Recording_2025_09_28_14_57_17_vehicle.csv,Entity_Recording_2025_09_28_14_57_17_vehicle.csv,F:\data_set_process\data_process\01_datasets\数据预处理\原始车辆数据\tyy\Entity_Recording_2025_09_28_14_57_17_vehicle.csv,576,576,allraw_instability_rescreen_v0_1,secondary,extreme_active,all_raw_vehicle_dynamic_onset_non_steering,instability_ay_roll,straight,0,0.0,all_raw_nonsteering_dynamic_onset,53918,269.59,600,400,400,2.0,True,True,177.075,True,True,,269.59,277.4,7.81,53918,55480,100.0,79.86,instability_ay_roll,True,vehicle_instability_allraw__tyy__2025_09_28_14_57_17__000269590,Full raw rescreen. Anchor is derived from non-steering vehicle dynamics (ay/roll_rate). Steering metrics are only response evidence and must not be used to define onset.
instability_allraw_highconf_oldcode_v0_1,tyy::2025_09_28_14_57_17::00577::instability_dynamic_onset,allraw_vehicle_instability_highconf,tyy,train,Entity_Recording_2025_09_28_14_57_17_vehicle.csv,Entity_Recording_2025_09_28_14_57_17_vehicle.csv,F:\data_set_process\data_process\01_datasets\数据预处理\原始车辆数据\tyy\Entity_Recording_2025_09_28_14_57_17_vehicle.csv,577,577,allraw_instability_rescreen_v0_1,secondary,strong_active,all_raw_vehicle_dynamic_onset_non_steering,instability_ay_roll,straight,0,0.0,all_raw_nonsteering_dynamic_onset,56511,282.555,600,400,400,2.0,True,True,164.11,True,True,,282.555,288.5,5.945,56511,57700,88.64,58.54,instability_ay_roll,True,vehicle_instability_allraw__tyy__2025_09_28_14_57_17__000282555,Full raw rescreen. Anchor is derived from non-steering vehicle dynamics (ay/roll_rate). Steering metrics are only response evidence and must not be used to define onset.
instability_allraw_highconf_oldcode_v0_1,tyy::2025_09_28_14_57_17::00578::instability_dynamic_onset,allraw_vehicle_instability_highconf,tyy,train,Entity_Recording_2025_09_28_14_57_17_vehicle.csv,Entity_Recording_2025_09_28_14_57_17_vehicle.csv,F:\data_set_process\data_process\01_datasets\数据预处理\原始车辆数据\tyy\Entity_Recording_2025_09_28_14_57_17_vehicle.csv,578,578,allraw_instability_rescreen_v0_1,secondary,extreme_active,all_raw_vehicle_dynamic_onset_non_steering,instability_ay_roll,straight,0,-0.0,all_raw_nonsteering_dynamic_onset,80575,402.875,600,400,400,2.0,True,True,43.79,True,True,,402.875,412.065,9.19,80575,82413,100.0,94.87,instability_ay_roll,True,vehicle_instability_allraw__tyy__2025_09_28_14_57_17__000402875,Full raw rescreen. Anchor is derived from non-steering vehicle dynamics (ay/roll_rate). Steering metrics are only response evidence and must not be used to define onset.
instability_allraw_highconf_oldcode_v0_1,tyy::2025_09_28_14_57_17::00579::instability_dynamic_onset,allraw_vehicle_instability_highconf,tyy,train,Entity_Recording_2025_09_28_14_57_17_vehicle.csv,Entity_Recording_2025_09_28_14_57_17_vehicle.csv,F:\data_set_process\data_process\01_datasets\数据预处理\原始车辆数据\tyy\Entity_Recording_2025_09_28_14_57_17_vehicle.csv,579,579,allraw_instability_rescreen_v0_1,primary,extreme_active,all_raw_vehicle_dynamic_onset_non_steering,instability_ay_roll,straight,0,-0.0,all_raw_nonsteering_dynamic_onset,85493,427.465,600,400,400,2.0,True,True,19.2,True,True,,427.465,432.925,5.46,85493,86585,100.0,93.03,instability_ay_roll,True,vehicle_instability_allraw__tyy__2025_09_28_14_57_17__000427465,Full raw rescreen. Anchor is derived from non-steering vehicle dynamics (ay/roll_rate). Steering metrics are only response evidence and must not be used to define onset.
instability_allraw_highconf_oldcode_v0_1,xst::2025_09_26_11_34_18::00580::instability_dynamic_onset,allraw_vehicle_instability_highconf,xst,train,Entity_Recording_2025_09_26_11_34_18_vehicle.csv,Entity_Recording_2025_09_26_11_34_18_vehicle.csv,F:\data_set_process\data_process\01_datasets\数据预处理\原始车辆数据\xst\Entity_Recording_2025_09_26_11_34_18_vehicle.csv,580,580,allraw_instability_rescreen_v0_1,secondary,extreme_active,all_raw_vehicle_dynamic_onset_non_steering,instability_ay_roll,straight,1,-0.00729802,all_raw_nonsteering_dynamic_onset,29229,146.145,600,400,400,2.0,True,True,596.725,True,True,,146.145,160.69,14.545,29229,32138,100.0,94.29,instability_ay_roll,True,vehicle_instability_allraw__xst__2025_09_26_11_34_18__000146145,Full raw rescreen. Anchor is derived from non-steering vehicle dynamics (ay/roll_rate). Steering metrics are only response evidence and must not be used to define onset.
instability_allraw_highconf_oldcode_v0_1,xst::2025_09_26_11_34_18::00581::instability_dynamic_onset,allraw_vehicle_instability_highconf,xst,train,Entity_Recording_2025_09_26_11_34_18_vehicle.csv,Entity_Recording_2025_09_26_11_34_18_vehicle.csv,F:\data_set_process\data_process\01_datasets\数据预处理\原始车辆数据\xst\Entity_Recording_2025_09_26_11_34_18_vehicle.csv,581,581,allraw_instability_rescreen_v0_1,primary,strong_active,all_raw_vehicle_dynamic_onset_non_steering,instability_ay_roll,straight,0,0.0,all_raw_nonsteering_dynamic_onset,68483,342.415,600,400,400,2.0,True,True,400.455,True,True,,342.415,345.205,2.79,68483,69041,91.81,59.17,instability_ay_roll,True,vehicle_instability_allraw__xst__2025_09_26_11_34_18__000342415,Full raw rescreen. Anchor is derived from non-steering vehicle dynamics (ay/roll_rate). Steering metrics are only response evidence and must not be used to define onset.
instability_allraw_highconf_oldcode_v0_1,xst::2025_09_26_11_34_18::00582::instability_dynamic_onset,allraw_vehicle_instability_highconf,xst,train,Entity_Recording_2025_09_26_11_34_18_vehicle.csv,Entity_Recording_2025_09_26_11_34_18_vehicle.csv,F:\data_set_process\data_process\01_datasets\数据预处理\原始车辆数据\xst\Entity_Recording_2025_09_26_11_34_18_vehicle.csv,582,582,allraw_instability_rescreen_v0_1,secondary,extreme_active,all_raw_vehicle_dynamic_onset_non_steering,instability_ay_roll,curve,0,0.0,all_raw_nonsteering_dynamic_onset,139480,697.4,600,400,400,2.0,True,True,45.47,True,True,,697.4,712.925,15.525,139480,142585,100.0,93.41,instability_ay_roll,True,vehicle_instability_allraw__xst__2025_09_26_11_34_18__000697400,Full raw rescreen. Anchor is derived from non-steering vehicle dynamics (ay/roll_rate). Steering metrics are only response evidence and must not be used to define onset.
instability_allraw_highconf_oldcode_v0_1,yyl::2025_09_28_09_14_23::00583::instability_dynamic_onset,allraw_vehicle_instability_highconf,yyl,train,Entity_Recording_2025_09_28_09_14_23_vehicle.csv,Entity_Recording_2025_09_28_09_14_23_vehicle.csv,F:\data_set_process\data_process\01_datasets\数据预处理\原始车辆数据\yyl\Entity_Recording_2025_09_28_09_14_23_vehicle.csv,583,583,allraw_instability_rescreen_v0_1,secondary,extreme_active,all_raw_vehicle_dynamic_onset_non_steering,instability_ay_roll,straight,0,0.0,all_raw_nonsteering_dynamic_onset,22080,110.4,600,400,400,2.0,True,True,668.565,True,True,,110.4,123.815,13.415,22080,24763,100.0,94.97,instability_ay_roll,True,vehicle_instability_allraw__yyl__2025_09_28_09_14_23__000110400,Full raw rescreen. Anchor is derived from non-steering vehicle dynamics (ay/roll_rate). Steering metrics are only response evidence and must not be used to define onset.
instability_allraw_highconf_oldcode_v0_1,yyl::2025_09_28_09_14_23::00584::instability_dynamic_onset,allraw_vehicle_instability_highconf,yyl,train,Entity_Recording_2025_09_28_09_14_23_vehicle.csv,Entity_Recording_2025_09_28_09_14_23_vehicle.csv,F:\data_set_process\data_process\01_datasets\数据预处理\原始车辆数据\yyl\Entity_Recording_2025_09_28_09_14_23_vehicle.csv,584,584,allraw_instability_rescreen_v0_1,secondary,strong_active,all_raw_vehicle_dynamic_onset_non_steering,instability_ay_roll,straight,1,0.0,all_raw_nonsteering_dynamic_onset,27437,137.185,600,400,400,2.0,True,True,641.78,True,True,,137.185,150.015,12.83,27437,30003,100.0,72.45,instability_ay_roll,True,vehicle_instability_allraw__yyl__2025_09_28_09_14_23__000137185,Full raw rescreen. Anchor is derived from non-steering vehicle dynamics (ay/roll_rate). Steering metrics are only response evidence and must not be used to define onset.
instability_allraw_highconf_oldcode_v0_1,yyl::2025_09_28_09_14_23::00585::instability_dynamic_onset,allraw_vehicle_instability_highconf,yyl,train,Entity_Recording_2025_09_28_09_14_23_vehicle.csv,Entity_Recording_2025_09_28_09_14_23_vehicle.csv,F:\data_set_process\data_process\01_datasets\数据预处理\原始车辆数据\yyl\Entity_Recording_2025_09_28_09_14_23_vehicle.csv,585,585,allraw_instability_rescreen_v0_1,secondary,strong_active,all_raw_vehicle_dynamic_onset_non_steering,instability_ay_roll,straight,1,0.0,all_raw_nonsteering_dynamic_onset,32567,162.835,600,400,400,2.0,True,True,616.13,True,True,,162.835,165.74,2.905,32567,33148,100.0,63.82,instability_ay_roll,True,vehicle_instability_allraw__yyl__2025_09_28_09_14_23__000162835,Full raw rescreen. Anchor is derived from non-steering vehicle dynamics (ay/roll_rate). Steering metrics are only response evidence and must not be used to define onset.
instability_allraw_highconf_oldcode_v0_1,yyl::2025_09_28_09_14_23::00586::instability_dynamic_onset,allraw_vehicle_instability_highconf,yyl,train,Entity_Recording_2025_09_28_09_14_23_vehicle.csv,Entity_Recording_2025_09_28_09_14_23_vehicle.csv,F:\data_set_process\data_process\01_datasets\数据预处理\原始车辆数据\yyl\Entity_Recording_2025_09_28_09_14_23_vehicle.csv,586,586,allraw_instability_rescreen_v0_1,secondary,extreme_active,all_raw_vehicle_dynamic_onset_non_steering,instability_ay_roll,straight,1,-0.00729802,all_raw_nonsteering_dynamic_onset,44390,221.95,600,400,400,2.0,True,True,557.015,True,True,,221.95,235.46,13.51,44390,47092,100.0,94.68,instability_ay_roll,True,vehicle_instability_allraw__yyl__2025_09_28_09_14_23__000221950,Full raw rescreen. Anchor is derived from non-steering vehicle dynamics (ay/roll_rate). Steering metrics are only response evidence and must not be used to define onset.
instability_allraw_highconf_oldcode_v0_1,yyl::2025_09_28_09_14_23::00587::instability_dynamic_onset,allraw_vehicle_instability_highconf,yyl,train,Entity_Recording_2025_09_28_09_14_23_vehicle.csv,Entity_Recording_2025_09_28_09_14_23_vehicle.csv,F:\data_set_process\data_process\01_datasets\数据预处理\原始车辆数据\yyl\Entity_Recording_2025_09_28_09_14_23_vehicle.csv,587,587,allraw_instability_rescreen_v0_1,secondary,strong_active,all_raw_vehicle_dynamic_onset_non_steering,instability_ay_roll,straight,0,-0.0,all_raw_nonsteering_dynamic_onset,86377,431.885,600,400,400,2.0,True,True,347.08,True,True,,431.885,451.185,19.3,86377,90237,100.0,73.0,instability_ay_roll,True,vehicle_instability_allraw__yyl__2025_09_28_09_14_23__000431885,Full raw rescreen. Anchor is derived from non-steering vehicle dynamics (ay/roll_rate). Steering metrics are only response evidence and must not be used to define onset.
instability_allraw_highconf_oldcode_v0_1,yyl::2025_09_28_09_14_23::00588::instability_dynamic_onset,allraw_vehicle_instability_highconf,yyl,train,Entity_Recording_2025_09_28_09_14_23_vehicle.csv,Entity_Recording_2025_09_28_09_14_23_vehicle.csv,F:\data_set_process\data_process\01_datasets\数据预处理\原始车辆数据\yyl\Entity_Recording_2025_09_28_09_14_23_vehicle.csv,588,588,allraw_instability_rescreen_v0_1,secondary,weak,all_raw_vehicle_dynamic_onset_non_steering,instability_ay_roll,curve,0,-0.0,all_raw_nonsteering_dynamic_onset,97452,487.26,600,400,400,2.0,True,True,291.705,True,True,,487.26,502.6,15.34,97452,100520,94.28,75.02,instability_ay_roll,True,vehicle_instability_allraw__yyl__2025_09_28_09_14_23__000487260,Full raw rescreen. Anchor is derived from non-steering vehicle dynamics (ay/roll_rate). Steering metrics are only response evidence and must not be used to define onset.
instability_allraw_highconf_oldcode_v0_1,yyl::2025_09_28_09_14_23::00589::instability_dynamic_onset,allraw_vehicle_instability_highconf,yyl,train,Entity_Recording_2025_09_28_09_14_23_vehicle.csv,Entity_Recording_2025_09_28_09_14_23_vehicle.csv,F:\data_set_process\data_process\01_datasets\数据预处理\原始车辆数据\yyl\Entity_Recording_2025_09_28_09_14_23_vehicle.csv,589,589,allraw_instability_rescreen_v0_1,secondary,strong_active,all_raw_vehicle_dynamic_onset_non_steering,instability_ay_roll,straight,1,-0.0,all_raw_nonsteering_dynamic_onset,103385,516.925,600,400,400,2.0,True,True,262.04,True,True,,516.925,526.01,9.085,103385,105202,100.0,76.01,instability_ay_roll,True,vehicle_instability_allraw__yyl__2025_09_28_09_14_23__000516925,Full raw rescreen. Anchor is derived from non-steering vehicle dynamics (ay/roll_rate). Steering metrics are only response evidence and must not be used to define onset.
instability_allraw_highconf_oldcode_v0_1,yyl::2025_09_28_09_14_23::00590::instability_dynamic_onset,allraw_vehicle_instability_highconf,yyl,train,Entity_Recording_2025_09_28_09_14_23_vehicle.csv,Entity_Recording_2025_09_28_09_14_23_vehicle.csv,F:\data_set_process\data_process\01_datasets\数据预处理\原始车辆数据\yyl\Entity_Recording_2025_09_28_09_14_23_vehicle.csv,590,590,allraw_instability_rescreen_v0_1,secondary,extreme_active,all_raw_vehicle_dynamic_onset_non_steering,instability_ay_roll,straight,0,0.0,all_raw_nonsteering_dynamic_onset,113647,568.235,600,400,400,2.0,True,True,210.73,True,True,,568.235,581.56,13.325,113647,116312,100.0,89.99,instability_ay_roll,True,vehicle_instability_allraw__yyl__2025_09_28_09_14_23__000568235,Full raw rescreen. Anchor is derived from non-steering vehicle dynamics (ay/roll_rate). Steering metrics are only response evidence and must not be used to define onset.
instability_allraw_highconf_oldcode_v0_1,yyl::2025_09_28_09_14_23::00591::instability_dynamic_onset,allraw_vehicle_instability_highconf,yyl,train,Entity_Recording_2025_09_28_09_14_23_vehicle.csv,Entity_Recording_2025_09_28_09_14_23_vehicle.csv,F:\data_set_process\data_process\01_datasets\数据预处理\原始车辆数据\yyl\Entity_Recording_2025_09_28_09_14_23_vehicle.csv,591,591,allraw_instability_rescreen_v0_1,secondary,strong_active,all_raw_vehicle_dynamic_onset_non_steering,instability_ay_roll,straight,0,0.0,all_raw_nonsteering_dynamic_onset,142501,712.505,600,400,400,2.0,True,True,66.46,True,True,,712.505,726.525,14.02,142501,145305,100.0,61.38,instability_ay_roll,True,vehicle_instability_allraw__yyl__2025_09_28_09_14_23__000712505,Full raw rescreen. Anchor is derived from non-steering vehicle dynamics (ay/roll_rate). Steering metrics are only response evidence and must not be used to define onset.
instability_allraw_highconf_oldcode_v0_1,yyl::2025_09_28_09_14_23::00592::instability_dynamic_onset,allraw_vehicle_instability_highconf,yyl,train,Entity_Recording_2025_09_28_09_14_23_vehicle.csv,Entity_Recording_2025_09_28_09_14_23_vehicle.csv,F:\data_set_process\data_process\01_datasets\数据预处理\原始车辆数据\yyl\Entity_Recording_2025_09_28_09_14_23_vehicle.csv,592,592,allraw_instability_rescreen_v0_1,secondary,extreme_active,all_raw_vehicle_dynamic_onset_non_steering,instability_ay_roll,straight,0,0.0,all_raw_nonsteering_dynamic_onset,149651,748.255,600,400,400,2.0,True,True,30.71,True,True,,748.255,761.1,12.845,149651,152220,100.0,94.43,instability_ay_roll,True,vehicle_instability_allraw__yyl__2025_09_28_09_14_23__000748255,Full raw rescreen. Anchor is derived from non-steering vehicle dynamics (ay/roll_rate). Steering metrics are only response evidence and must not be used to define onset.
instability_allraw_highconf_oldcode_v0_1,yyl::2025_09_28_09_29_01::00593::instability_dynamic_onset,allraw_vehicle_instability_highconf,yyl,train,Entity_Recording_2025_09_28_09_29_01_vehicle.csv,Entity_Recording_2025_09_28_09_29_01_vehicle.csv,F:\data_set_process\data_process\01_datasets\数据预处理\原始车辆数据\yyl\Entity_Recording_2025_09_28_09_29_01_vehicle.csv,593,593,allraw_instability_rescreen_v0_1,secondary,medium_active,all_raw_vehicle_dynamic_onset_non_steering,instability_ay_roll,straight,0,0.0,all_raw_nonsteering_dynamic_onset,20935,104.675,600,400,400,2.0,True,True,467.115,True,True,,104.675,113.845,9.17,20935,22769,100.0,67.24,instability_ay_roll,True,vehicle_instability_allraw__yyl__2025_09_28_09_29_01__000104675,Full raw rescreen. Anchor is derived from non-steering vehicle dynamics (ay/roll_rate). Steering metrics are only response evidence and must not be used to define onset.
instability_allraw_highconf_oldcode_v0_1,yyl::2025_09_28_09_29_01::00594::instability_dynamic_onset,allraw_vehicle_instability_highconf,yyl,train,Entity_Recording_2025_09_28_09_29_01_vehicle.csv,Entity_Recording_2025_09_28_09_29_01_vehicle.csv,F:\data_set_process\data_process\01_datasets\数据预处理\原始车辆数据\yyl\Entity_Recording_2025_09_28_09_29_01_vehicle.csv,594,594,allraw_instability_rescreen_v0_1,secondary,strong_active,all_raw_vehicle_dynamic_onset_non_steering,instability_ay_roll,straight,1,-0.00729802,all_raw_nonsteering_dynamic_onset,29687,148.435,600,400,400,2.0,True,True,423.355,True,True,,148.435,165.745,17.31,29687,33149,100.0,76.15,instability_ay_roll,True,vehicle_instability_allraw__yyl__2025_09_28_09_29_01__000148435,Full raw rescreen. Anchor is derived from non-steering vehicle dynamics (ay/roll_rate). Steering metrics are only response evidence and must not be used to define onset.
instability_allraw_highconf_oldcode_v0_1,yyl::2025_09_28_09_29_01::00595::instability_dynamic_onset,allraw_vehicle_instability_highconf,yyl,train,Entity_Recording_2025_09_28_09_29_01_vehicle.csv,Entity_Recording_2025_09_28_09_29_01_vehicle.csv,F:\data_set_process\data_process\01_datasets\数据预处理\原始车辆数据\yyl\Entity_Recording_2025_09_28_09_29_01_vehicle.csv,595,595,allraw_instability_rescreen_v0_1,secondary,strong_active,all_raw_vehicle_dynamic_onset_non_steering,instability_ay_roll,straight,0,0.0,all_raw_nonsteering_dynamic_onset,35837,179.185,600,400,400,2.0,True,True,392.605,True,True,,179.185,200.39,21.205,35837,40078,98.37,67.84,instability_ay_roll,True,vehicle_instability_allraw__yyl__2025_09_28_09_29_01__000179185,Full raw rescreen. Anchor is derived from non-steering vehicle dynamics (ay/roll_rate). Steering metrics are only response evidence and must not be used to define onset.
instability_allraw_highconf_oldcode_v0_1,yyl::2025_09_28_09_29_01::00596::instability_dynamic_onset,allraw_vehicle_instability_highconf,yyl,train,Entity_Recording_2025_09_28_09_29_01_vehicle.csv,Entity_Recording_2025_09_28_09_29_01_vehicle.csv,F:\data_set_process\data_process\01_datasets\数据预处理\原始车辆数据\yyl\Entity_Recording_2025_09_28_09_29_01_vehicle.csv,596,596,allraw_instability_rescreen_v0_1,secondary,strong_active,all_raw_vehicle_dynamic_onset_non_steering,instability_ay_roll,straight,0,0.0,all_raw_nonsteering_dynamic_onset,42105,210.525,600,400,400,2.0,True,True,361.265,True,True,,210.525,217.98,7.455,42105,43596,92.51,59.32,instability_ay_roll,True,vehicle_instability_allraw__yyl__2025_09_28_09_29_01__000210525,Full raw rescreen. Anchor is derived from non-steering vehicle dynamics (ay/roll_rate). Steering metrics are only response evidence and must not be used to define onset.
instability_allraw_highconf_oldcode_v0_1,yyl::2025_09_28_09_29_01::00597::instability_dynamic_onset,allraw_vehicle_instability_highconf,yyl,train,Entity_Recording_2025_09_28_09_29_01_vehicle.csv,Entity_Recording_2025_09_28_09_29_01_vehicle.csv,F:\data_set_process\data_process\01_datasets\数据预处理\原始车辆数据\yyl\Entity_Recording_2025_09_28_09_29_01_vehicle.csv,597,597,allraw_instability_rescreen_v0_1,primary,strong_active,all_raw_vehicle_dynamic_onset_non_steering,instability_ay_roll,straight,0,0.0,all_raw_nonsteering_dynamic_onset,47178,235.89,600,400,400,2.0,True,True,335.9,True,True,,235.89,239.1,3.21,47178,47820,100.0,73.03,instability_ay_roll,True,vehicle_instability_allraw__yyl__2025_09_28_09_29_01__000235890,Full raw rescreen. Anchor is derived from non-steering vehicle dynamics (ay/roll_rate). Steering metrics are only response evidence and must not be used to define onset.
instability_allraw_highconf_oldcode_v0_1,yyl::2025_09_28_09_29_01::00598::instability_dynamic_onset,allraw_vehicle_instability_highconf,yyl,train,Entity_Recording_2025_09_28_09_29_01_vehicle.csv,Entity_Recording_2025_09_28_09_29_01_vehicle.csv,F:\data_set_process\data_process\01_datasets\数据预处理\原始车辆数据\yyl\Entity_Recording_2025_09_28_09_29_01_vehicle.csv,598,598,allraw_instability_rescreen_v0_1,secondary,extreme_active,all_raw_vehicle_dynamic_onset_non_steering,instability_ay_roll,straight,0,0.0,all_raw_nonsteering_dynamic_onset,50470,252.35,600,400,400,2.0,True,True,319.44,True,True,,252.35,259.15,6.8,50470,51830,100.0,81.21,instability_ay_roll,True,vehicle_instability_allraw__yyl__2025_09_28_09_29_01__000252350,Full raw rescreen. Anchor is derived from non-steering vehicle dynamics (ay/roll_rate). Steering metrics are only response evidence and must not be used to define onset.
instability_allraw_highconf_oldcode_v0_1,yyl::2025_09_28_09_29_01::00599::instability_dynamic_onset,allraw_vehicle_instability_highconf,yyl,train,Entity_Recording_2025_09_28_09_29_01_vehicle.csv,Entity_Recording_2025_09_28_09_29_01_vehicle.csv,F:\data_set_process\data_process\01_datasets\数据预处理\原始车辆数据\yyl\Entity_Recording_2025_09_28_09_29_01_vehicle.csv,599,599,allraw_instability_rescreen_v0_1,secondary,medium_active,all_raw_vehicle_dynamic_onset_non_steering,instability_ay_roll,curve,0,0.0,all_raw_nonsteering_dynamic_onset,58757,293.785,600,400,400,2.0,True,True,278.005,True,True,,293.785,309.015,15.23,58757,61803,100.0,92.36,instability_ay_roll,True,vehicle_instability_allraw__yyl__2025_09_28_09_29_01__000293785,Full raw rescreen. Anchor is derived from non-steering vehicle dynamics (ay/roll_rate). Steering metrics are only response evidence and must not be used to define onset.
instability_allraw_highconf_oldcode_v0_1,yyl::2025_09_28_09_29_01::00600::instability_dynamic_onset,allraw_vehicle_instability_highconf,yyl,train,Entity_Recording_2025_09_28_09_29_01_vehicle.csv,Entity_Recording_2025_09_28_09_29_01_vehicle.csv,F:\data_set_process\data_process\01_datasets\数据预处理\原始车辆数据\yyl\Entity_Recording_2025_09_28_09_29_01_vehicle.csv,600,600,allraw_instability_rescreen_v0_1,secondary,strong_active,all_raw_vehicle_dynamic_onset_non_steering,instability_ay_roll,straight,1,0.0,all_raw_nonsteering_dynamic_onset,64983,324.915,600,400,400,2.0,True,True,246.875,True,True,,324.915,340.375,15.46,64983,68075,96.66,62.55,instability_ay_roll,True,vehicle_instability_allraw__yyl__2025_09_28_09_29_01__000324915,Full raw rescreen. Anchor is derived from non-steering vehicle dynamics (ay/roll_rate). Steering metrics are only response evidence and must not be used to define onset.
instability_allraw_highconf_oldcode_v0_1,yyl::2025_09_28_09_29_01::00601::instability_dynamic_onset,allraw_vehicle_instability_highconf,yyl,train,Entity_Recording_2025_09_28_09_29_01_vehicle.csv,Entity_Recording_2025_09_28_09_29_01_vehicle.csv,F:\data_set_process\data_process\01_datasets\数据预处理\原始车辆数据\yyl\Entity_Recording_2025_09_28_09_29_01_vehicle.csv,601,601,allraw_instability_rescreen_v0_1,primary,strong_active,all_raw_vehicle_dynamic_onset_non_steering,instability_ay_roll,straight,0,0.0,all_raw_nonsteering_dynamic_onset,71511,357.555,600,400,400,2.0,True,True,214.235,True,True,,357.555,360.475,2.92,71511,72095,87.44,59.45,instability_ay_roll,True,vehicle_instability_allraw__yyl__2025_09_28_09_29_01__000357555,Full raw rescreen. Anchor is derived from non-steering vehicle dynamics (ay/roll_rate). Steering metrics are only response evidence and must not be used to define onset.
instability_allraw_highconf_oldcode_v0_1,yyl::2025_09_28_09_29_01::00602::instability_dynamic_onset,allraw_vehicle_instability_highconf,yyl,train,Entity_Recording_2025_09_28_09_29_01_vehicle.csv,Entity_Recording_2025_09_28_09_29_01_vehicle.csv,F:\data_set_process\data_process\01_datasets\数据预处理\原始车辆数据\yyl\Entity_Recording_2025_09_28_09_29_01_vehicle.csv,602,602,allraw_instability_rescreen_v0_1,secondary,strong_active,all_raw_vehicle_dynamic_onset_non_steering,instability_ay_roll,straight,0,0.0,all_raw_nonsteering_dynamic_onset,76117,380.585,600,400,400,2.0,True,True,191.205,True,True,,380.585,393.05,12.465,76117,78610,95.95,61.29,instability_ay_roll,True,vehicle_instability_allraw__yyl__2025_09_28_09_29_01__000380585,Full raw rescreen. Anchor is derived from non-steering vehicle dynamics (ay/roll_rate). Steering metrics are only response evidence and must not be used to define onset.
instability_allraw_highconf_oldcode_v0_1,yyl::2025_09_28_09_29_01::00603::instability_dynamic_onset,allraw_vehicle_instability_highconf,yyl,train,Entity_Recording_2025_09_28_09_29_01_vehicle.csv,Entity_Recording_2025_09_28_09_29_01_vehicle.csv,F:\data_set_process\data_process\01_datasets\数据预处理\原始车辆数据\yyl\Entity_Recording_2025_09_28_09_29_01_vehicle.csv,603,603,allraw_instability_rescreen_v0_1,secondary,strong_active,all_raw_vehicle_dynamic_onset_non_steering,instability_ay_roll,straight,0,0.0,all_raw_nonsteering_dynamic_onset,89814,449.07,600,400,400,2.0,True,True,122.72,True,True,,449.07,461.49,12.42,89814,92298,96.7,61.36,instability_ay_roll,True,vehicle_instability_allraw__yyl__2025_09_28_09_29_01__000449070,Full raw rescreen. Anchor is derived from non-steering vehicle dynamics (ay/roll_rate). Steering metrics are only response evidence and must not be used to define onset.
instability_allraw_highconf_oldcode_v0_1,yyl::2025_09_28_09_29_01::00604::instability_dynamic_onset,allraw_vehicle_instability_highconf,yyl,train,Entity_Recording_2025_09_28_09_29_01_vehicle.csv,Entity_Recording_2025_09_28_09_29_01_vehicle.csv,F:\data_set_process\data_process\01_datasets\数据预处理\原始车辆数据\yyl\Entity_Recording_2025_09_28_09_29_01_vehicle.csv,604,604,allraw_instability_rescreen_v0_1,secondary,extreme_active,all_raw_vehicle_dynamic_onset_non_steering,instability_ay_roll,straight,0,0.0,all_raw_nonsteering_dynamic_onset,102893,514.465,600,400,400,2.0,True,True,57.325,True,True,,514.465,525.07,10.605,102893,105014,100.0,75.84,instability_ay_roll,True,vehicle_instability_allraw__yyl__2025_09_28_09_29_01__000514465,Full raw rescreen. Anchor is derived from non-steering vehicle dynamics (ay/roll_rate). Steering metrics are only response evidence and must not be used to define onset.
instability_allraw_highconf_oldcode_v0_1,yyl::2025_09_28_09_29_01::00605::instability_dynamic_onset,allraw_vehicle_instability_highconf,yyl,train,Entity_Recording_2025_09_28_09_29_01_vehicle.csv,Entity_Recording_2025_09_28_09_29_01_vehicle.csv,F:\data_set_process\data_process\01_datasets\数据预处理\原始车辆数据\yyl\Entity_Recording_2025_09_28_09_29_01_vehicle.csv,605,605,allraw_instability_rescreen_v0_1,secondary,strong_active,all_raw_vehicle_dynamic_onset_non_steering,instability_ay_roll,straight,0,0.0,all_raw_nonsteering_dynamic_onset,108416,542.08,600,400,400,2.0,True,True,29.71,True,True,,542.08,567.175,25.095,108416,113435,100.0,73.46,instability_ay_roll,True,vehicle_instability_allraw__yyl__2025_09_28_09_29_01__000542080,Full raw rescreen. Anchor is derived from non-steering vehicle dynamics (ay/roll_rate). Steering metrics are only response evidence and must not be used to define onset.
instability_allraw_highconf_oldcode_v0_1,yyl::2025_09_28_09_39_01::00606::instability_dynamic_onset,allraw_vehicle_instability_highconf,yyl,train,Entity_Recording_2025_09_28_09_39_01_vehicle.csv,Entity_Recording_2025_09_28_09_39_01_vehicle.csv,F:\data_set_process\data_process\01_datasets\数据预处理\原始车辆数据\yyl\Entity_Recording_2025_09_28_09_39_01_vehicle.csv,606,606,allraw_instability_rescreen_v0_1,secondary,strong_active,all_raw_vehicle_dynamic_onset_non_steering,instability_ay_roll,straight,1,-0.00729802,all_raw_nonsteering_dynamic_onset,28871,144.355,600,400,400,2.0,True,True,427.195,True,True,,144.355,161.35,16.995,28871,32270,100.0,80.7,instability_ay_roll,True,vehicle_instability_allraw__yyl__2025_09_28_09_39_01__000144355,Full raw rescreen. Anchor is derived from non-steering vehicle dynamics (ay/roll_rate). Steering metrics are only response evidence and must not be used to define onset.
instability_allraw_highconf_oldcode_v0_1,yyl::2025_09_28_09_39_01::00607::instability_dynamic_onset,allraw_vehicle_instability_highconf,yyl,train,Entity_Recording_2025_09_28_09_39_01_vehicle.csv,Entity_Recording_2025_09_28_09_39_01_vehicle.csv,F:\data_set_process\data_process\01_datasets\数据预处理\原始车辆数据\yyl\Entity_Recording_2025_09_28_09_39_01_vehicle.csv,607,607,allraw_instability_rescreen_v0_1,secondary,strong_active,all_raw_vehicle_dynamic_onset_non_steering,instability_ay_roll,curve,1,-0.00010172,all_raw_nonsteering_dynamic_onset,32790,163.95,600,400,400,2.0,True,True,407.6,True,True,,163.95,170.465,6.515,32790,34093,89.71,61.62,instability_ay_roll,True,vehicle_instability_allraw__yyl__2025_09_28_09_39_01__000163950,Full raw rescreen. Anchor is derived from non-steering vehicle dynamics (ay/roll_rate). Steering metrics are only response evidence and must not be used to define onset.
instability_allraw_highconf_oldcode_v0_1,yyl::2025_09_28_09_39_01::00608::instability_dynamic_onset,allraw_vehicle_instability_highconf,yyl,train,Entity_Recording_2025_09_28_09_39_01_vehicle.csv,Entity_Recording_2025_09_28_09_39_01_vehicle.csv,F:\data_set_process\data_process\01_datasets\数据预处理\原始车辆数据\yyl\Entity_Recording_2025_09_28_09_39_01_vehicle.csv,608,608,allraw_instability_rescreen_v0_1,secondary,strong_active,all_raw_vehicle_dynamic_onset_non_steering,instability_ay_roll,straight,0,0.0,all_raw_nonsteering_dynamic_onset,58359,291.795,600,400,400,2.0,True,True,279.755,True,True,,291.795,310.455,18.66,58359,62091,100.0,83.07,instability_ay_roll,True,vehicle_instability_allraw__yyl__2025_09_28_09_39_01__000291795,Full raw rescreen. Anchor is derived from non-steering vehicle dynamics (ay/roll_rate). Steering metrics are only response evidence and must not be used to define onset.
instability_allraw_highconf_oldcode_v0_1,yyl::2025_09_28_09_39_01::00609::instability_dynamic_onset,allraw_vehicle_instability_highconf,yyl,train,Entity_Recording_2025_09_28_09_39_01_vehicle.csv,Entity_Recording_2025_09_28_09_39_01_vehicle.csv,F:\data_set_process\data_process\01_datasets\数据预处理\原始车辆数据\yyl\Entity_Recording_2025_09_28_09_39_01_vehicle.csv,609,609,allraw_instability_rescreen_v0_1,secondary,medium_active,all_raw_vehicle_dynamic_onset_non_steering,instability_ay_roll,straight,0,0.0,all_raw_nonsteering_dynamic_onset,75193,375.965,600,400,400,2.0,True,True,195.585,True,True,,375.965,388.775,12.81,75193,77755,97.9,68.46,instability_ay_roll,True,vehicle_instability_allraw__yyl__2025_09_28_09_39_01__000375965,Full raw rescreen. Anchor is derived from non-steering vehicle dynamics (ay/roll_rate). Steering metrics are only response evidence and must not be used to define onset.
instability_allraw_highconf_oldcode_v0_1,yyl::2025_09_28_09_39_01::00610::instability_dynamic_onset,allraw_vehicle_instability_highconf,yyl,train,Entity_Recording_2025_09_28_09_39_01_vehicle.csv,Entity_Recording_2025_09_28_09_39_01_vehicle.csv,F:\data_set_process\data_process\01_datasets\数据预处理\原始车辆数据\yyl\Entity_Recording_2025_09_28_09_39_01_vehicle.csv,610,610,allraw_instability_rescreen_v0_1,secondary,strong_active,all_raw_vehicle_dynamic_onset_non_steering,instability_ay_roll,straight,0,0.0,all_raw_nonsteering_dynamic_onset,88128,440.64,600,400,400,2.0,True,True,130.91,True,True,,440.64,458.145,17.505,88128,91629,98.51,68.91,instability_ay_roll,True,vehicle_instability_allraw__yyl__2025_09_28_09_39_01__000440640,Full raw rescreen. Anchor is derived from non-steering vehicle dynamics (ay/roll_rate). Steering metrics are only response evidence and must not be used to define onset.
instability_allraw_highconf_oldcode_v0_1,yyl::2025_09_28_09_39_01::00611::instability_dynamic_onset,allraw_vehicle_instability_highconf,yyl,train,Entity_Recording_2025_09_28_09_39_01_vehicle.csv,Entity_Recording_2025_09_28_09_39_01_vehicle.csv,F:\data_set_process\data_process\01_datasets\数据预处理\原始车辆数据\yyl\Entity_Recording_2025_09_28_09_39_01_vehicle.csv,611,611,allraw_instability_rescreen_v0_1,secondary,strong_active,all_raw_vehicle_dynamic_onset_non_steering,instability_ay_roll,straight,0,-0.0,all_raw_nonsteering_dynamic_onset,102741,513.705,600,400,400,2.0,True,True,57.845,True,True,,513.705,564.295,50.59,102741,112859,96.78,56.38,instability_ay_roll,True,vehicle_instability_allraw__yyl__2025_09_28_09_39_01__000513705,Full raw rescreen. Anchor is derived from non-steering vehicle dynamics (ay/roll_rate). Steering metrics are only response evidence and must not be used to define onset.
instability_allraw_highconf_oldcode_v0_1,yyl::2025_09_28_09_49_11::00612::instability_dynamic_onset,allraw_vehicle_instability_highconf,yyl,train,Entity_Recording_2025_09_28_09_49_11_vehicle.csv,Entity_Recording_2025_09_28_09_49_11_vehicle.csv,F:\data_set_process\data_process\01_datasets\数据预处理\原始车辆数据\yyl\Entity_Recording_2025_09_28_09_49_11_vehicle.csv,612,612,allraw_instability_rescreen_v0_1,secondary,strong_active,all_raw_vehicle_dynamic_onset_non_steering,instability_ay_roll,straight,0,0.0,all_raw_nonsteering_dynamic_onset,12577,62.885,600,400,400,2.0,True,True,479.945,True,True,,62.885,71.555,8.67,12577,14311,100.0,75.38,instability_ay_roll,True,vehicle_instability_allraw__yyl__2025_09_28_09_49_11__000062885,Full raw rescreen. Anchor is derived from non-steering vehicle dynamics (ay/roll_rate). Steering metrics are only response evidence and must not be used to define onset.
instability_allraw_highconf_oldcode_v0_1,yyl::2025_09_28_09_49_11::00613::instability_dynamic_onset,allraw_vehicle_instability_highconf,yyl,train,Entity_Recording_2025_09_28_09_49_11_vehicle.csv,Entity_Recording_2025_09_28_09_49_11_vehicle.csv,F:\data_set_process\data_process\01_datasets\数据预处理\原始车辆数据\yyl\Entity_Recording_2025_09_28_09_49_11_vehicle.csv,613,613,allraw_instability_rescreen_v0_1,secondary,strong_active,all_raw_vehicle_dynamic_onset_non_steering,instability_ay_roll,straight,0,0.0,all_raw_nonsteering_dynamic_onset,18089,90.445,600,400,400,2.0,True,True,452.385,True,True,,90.445,99.85,9.405,18089,19970,100.0,70.0,instability_ay_roll,True,vehicle_instability_allraw__yyl__2025_09_28_09_49_11__000090445,Full raw rescreen. Anchor is derived from non-steering vehicle dynamics (ay/roll_rate). Steering metrics are only response evidence and must not be used to define onset.
instability_allraw_highconf_oldcode_v0_1,yyl::2025_09_28_09_49_11::00614::instability_dynamic_onset,allraw_vehicle_instability_highconf,yyl,train,Entity_Recording_2025_09_28_09_49_11_vehicle.csv,Entity_Recording_2025_09_28_09_49_11_vehicle.csv,F:\data_set_process\data_process\01_datasets\数据预处理\原始车辆数据\yyl\Entity_Recording_2025_09_28_09_49_11_vehicle.csv,614,614,allraw_instability_rescreen_v0_1,secondary,extreme_active,all_raw_vehicle_dynamic_onset_non_steering,instability_ay_roll,straight,1,-0.00729802,all_raw_nonsteering_dynamic_onset,26451,132.255,600,400,400,2.0,True,True,410.575,True,True,,132.255,146.595,14.34,26451,29319,100.0,93.63,instability_ay_roll,True,vehicle_instability_allraw__yyl__2025_09_28_09_49_11__000132255,Full raw rescreen. Anchor is derived from non-steering vehicle dynamics (ay/roll_rate). Steering metrics are only response evidence and must not be used to define onset.
instability_allraw_highconf_oldcode_v0_1,yyl::2025_09_28_09_49_11::00615::instability_dynamic_onset,allraw_vehicle_instability_highconf,yyl,train,Entity_Recording_2025_09_28_09_49_11_vehicle.csv,Entity_Recording_2025_09_28_09_49_11_vehicle.csv,F:\data_set_process\data_process\01_datasets\数据预处理\原始车辆数据\yyl\Entity_Recording_2025_09_28_09_49_11_vehicle.csv,615,615,allraw_instability_rescreen_v0_1,none,instability_strong,all_raw_vehicle_dynamic_onset_non_steering,instability_ay_roll,design_curve_context,1,-0.00729802,all_raw_nonsteering_dynamic_onset,29834,149.17,600,400,400,2.0,True,True,393.66,True,True,,149.17,157.615,8.445,29834,31523,94.36,74.65,instability_ay_roll,True,vehicle_instability_allraw__yyl__2025_09_28_09_49_11__000149170,Full raw rescreen. Anchor is derived from non-steering vehicle dynamics (ay/roll_rate). Steering metrics are only response evidence and must not be used to define onset.
instability_allraw_highconf_oldcode_v0_1,yyl::2025_09_28_09_49_11::00616::instability_dynamic_onset,allraw_vehicle_instability_highconf,yyl,train,Entity_Recording_2025_09_28_09_49_11_vehicle.csv,Entity_Recording_2025_09_28_09_49_11_vehicle.csv,F:\data_set_process\data_process\01_datasets\数据预处理\原始车辆数据\yyl\Entity_Recording_2025_09_28_09_49_11_vehicle.csv,616,616,allraw_instability_rescreen_v0_1,secondary,strong_active,all_raw_vehicle_dynamic_onset_non_steering,instability_ay_roll,straight,0,-0.0,all_raw_nonsteering_dynamic_onset,40254,201.27,600,400,400,2.0,True,True,341.56,True,True,,201.27,211.43,10.16,40254,42286,100.0,70.17,instability_ay_roll,True,vehicle_instability_allraw__yyl__2025_09_28_09_49_11__000201270,Full raw rescreen. Anchor is derived from non-steering vehicle dynamics (ay/roll_rate). Steering metrics are only response evidence and must not be used to define onset.
instability_allraw_highconf_oldcode_v0_1,yyl::2025_09_28_09_49_11::00617::instability_dynamic_onset,allraw_vehicle_instability_highconf,yyl,train,Entity_Recording_2025_09_28_09_49_11_vehicle.csv,Entity_Recording_2025_09_28_09_49_11_vehicle.csv,F:\data_set_process\data_process\01_datasets\数据预处理\原始车辆数据\yyl\Entity_Recording_2025_09_28_09_49_11_vehicle.csv,617,617,allraw_instability_rescreen_v0_1,secondary,strong_active,all_raw_vehicle_dynamic_onset_non_steering,instability_ay_roll,straight,0,-0.0,all_raw_nonsteering_dynamic_onset,42992,214.96,600,400,400,2.0,True,True,327.87,True,True,,214.96,222.435,7.475,42992,44487,89.97,58.12,instability_ay_roll,True,vehicle_instability_allraw__yyl__2025_09_28_09_49_11__000214960,Full raw rescreen. Anchor is derived from non-steering vehicle dynamics (ay/roll_rate). Steering metrics are only response evidence and must not be used to define onset.
instability_allraw_highconf_oldcode_v0_1,yyl::2025_09_28_09_49_11::00618::instability_dynamic_onset,allraw_vehicle_instability_highconf,yyl,train,Entity_Recording_2025_09_28_09_49_11_vehicle.csv,Entity_Recording_2025_09_28_09_49_11_vehicle.csv,F:\data_set_process\data_process\01_datasets\数据预处理\原始车辆数据\yyl\Entity_Recording_2025_09_28_09_49_11_vehicle.csv,618,618,allraw_instability_rescreen_v0_1,secondary,strong_active,all_raw_vehicle_dynamic_onset_non_steering,instability_ay_roll,straight,0,0.0,all_raw_nonsteering_dynamic_onset,45062,225.31,600,400,400,2.0,True,True,317.52,True,True,,225.31,233.055,7.745,45062,46611,100.0,65.52,instability_ay_roll,True,vehicle_instability_allraw__yyl__2025_09_28_09_49_11__000225310,Full raw rescreen. Anchor is derived from non-steering vehicle dynamics (ay/roll_rate). Steering metrics are only response evidence and must not be used to define onset.
instability_allraw_highconf_oldcode_v0_1,yyl::2025_09_28_09_49_11::00619::instability_dynamic_onset,allraw_vehicle_instability_highconf,yyl,train,Entity_Recording_2025_09_28_09_49_11_vehicle.csv,Entity_Recording_2025_09_28_09_49_11_vehicle.csv,F:\data_set_process\data_process\01_datasets\数据预处理\原始车辆数据\yyl\Entity_Recording_2025_09_28_09_49_11_vehicle.csv,619,619,allraw_instability_rescreen_v0_1,secondary,weak,all_raw_vehicle_dynamic_onset_non_steering,instability_ay_roll,curve,0,-0.0,all_raw_nonsteering_dynamic_onset,53803,269.015,600,400,400,2.0,True,True,273.815,True,True,,269.015,285.915,16.9,53803,57183,93.55,74.77,instability_ay_roll,True,vehicle_instability_allraw__yyl__2025_09_28_09_49_11__000269015,Full raw rescreen. Anchor is derived from non-steering vehicle dynamics (ay/roll_rate). Steering metrics are only response evidence and must not be used to define onset.
instability_allraw_highconf_oldcode_v0_1,yyl::2025_09_28_09_49_11::00620::instability_dynamic_onset,allraw_vehicle_instability_highconf,yyl,train,Entity_Recording_2025_09_28_09_49_11_vehicle.csv,Entity_Recording_2025_09_28_09_49_11_vehicle.csv,F:\data_set_process\data_process\01_datasets\数据预处理\原始车辆数据\yyl\Entity_Recording_2025_09_28_09_49_11_vehicle.csv,620,620,allraw_instability_rescreen_v0_1,primary,strong_active,all_raw_vehicle_dynamic_onset_non_steering,instability_ay_roll,straight,0,-0.0,all_raw_nonsteering_dynamic_onset,65536,327.68,600,400,400,2.0,True,True,215.15,True,True,,327.68,332.665,4.985,65536,66533,100.0,69.65,instability_ay_roll,True,vehicle_instability_allraw__yyl__2025_09_28_09_49_11__000327680,Full raw rescreen. Anchor is derived from non-steering vehicle dynamics (ay/roll_rate). Steering metrics are only response evidence and must not be used to define onset.
instability_allraw_highconf_oldcode_v0_1,yyl::2025_09_28_09_49_11::00621::instability_dynamic_onset,allraw_vehicle_instability_highconf,yyl,train,Entity_Recording_2025_09_28_09_49_11_vehicle.csv,Entity_Recording_2025_09_28_09_49_11_vehicle.csv,F:\data_set_process\data_process\01_datasets\数据预处理\原始车辆数据\yyl\Entity_Recording_2025_09_28_09_49_11_vehicle.csv,621,621,allraw_instability_rescreen_v0_1,secondary,strong_active,all_raw_vehicle_dynamic_onset_non_steering,instability_ay_roll,straight,0,0.0,all_raw_nonsteering_dynamic_onset,69891,349.455,600,400,400,2.0,True,True,193.375,True,True,,349.455,360.09,10.635,69891,72018,97.61,68.7,instability_ay_roll,True,vehicle_instability_allraw__yyl__2025_09_28_09_49_11__000349455,Full raw rescreen. Anchor is derived from non-steering vehicle dynamics (ay/roll_rate). Steering metrics are only response evidence and must not be used to define onset.
instability_allraw_highconf_oldcode_v0_1,yyl::2025_09_28_09_49_11::00622::instability_dynamic_onset,allraw_vehicle_instability_highconf,yyl,train,Entity_Recording_2025_09_28_09_49_11_vehicle.csv,Entity_Recording_2025_09_28_09_49_11_vehicle.csv,F:\data_set_process\data_process\01_datasets\数据预处理\原始车辆数据\yyl\Entity_Recording_2025_09_28_09_49_11_vehicle.csv,622,622,allraw_instability_rescreen_v0_1,secondary,strong_active,all_raw_vehicle_dynamic_onset_non_steering,instability_ay_roll,straight,0,0.0,all_raw_nonsteering_dynamic_onset,96894,484.47,600,400,400,2.0,True,True,58.36,True,True,,484.47,497.13,12.66,96894,99426,89.74,54.81,instability_ay_roll,True,vehicle_instability_allraw__yyl__2025_09_28_09_49_11__000484470,Full raw rescreen. Anchor is derived from non-steering vehicle dynamics (ay/roll_rate). Steering metrics are only response evidence and must not be used to define onset.
instability_allraw_highconf_oldcode_v0_1,yyl::2025_09_28_09_49_11::00623::instability_dynamic_onset,allraw_vehicle_instability_highconf,yyl,train,Entity_Recording_2025_09_28_09_49_11_vehicle.csv,Entity_Recording_2025_09_28_09_49_11_vehicle.csv,F:\data_set_process\data_process\01_datasets\数据预处理\原始车辆数据\yyl\Entity_Recording_2025_09_28_09_49_11_vehicle.csv,623,623,allraw_instability_rescreen_v0_1,none,instability_strong,all_raw_vehicle_dynamic_onset_non_steering,instability_ay_roll,design_high_risk_surface,0,0.0,all_raw_nonsteering_dynamic_onset,105398,526.99,600,400,400,2.0,True,True,15.84,True,True,,526.99,541.535,14.545,105398,108307,89.06,70.99,instability_ay_roll,True,vehicle_instability_allraw__yyl__2025_09_28_09_49_11__000526990,Full raw rescreen. Anchor is derived from non-steering vehicle dynamics (ay/roll_rate). Steering metrics are only response evidence and must not be used to define onset.
instability_allraw_highconf_oldcode_v0_1,yzy::2025_09_27_14_13_03::00624::instability_dynamic_onset,allraw_vehicle_instability_highconf,yzy,train,Entity_Recording_2025_09_27_14_13_03_vehicle.csv,Entity_Recording_2025_09_27_14_13_03_vehicle.csv,F:\data_set_process\data_process\01_datasets\数据预处理\原始车辆数据\yzy\Entity_Recording_2025_09_27_14_13_03_vehicle.csv,624,624,allraw_instability_rescreen_v0_1,secondary,strong_active,all_raw_vehicle_dynamic_onset_non_steering,instability_ay_roll,curve,1,-0.00729802,all_raw_nonsteering_dynamic_onset,36602,183.01,600,400,400,2.0,True,True,511.97,True,True,,183.01,191.515,8.505,36602,38303,100.0,94.38,instability_ay_roll,True,vehicle_instability_allraw__yzy__2025_09_27_14_13_03__000183010,Full raw rescreen. Anchor is derived from non-steering vehicle dynamics (ay/roll_rate). Steering metrics are only response evidence and must not be used to define onset.
instability_allraw_highconf_oldcode_v0_1,yzy::2025_09_27_14_13_03::00625::instability_dynamic_onset,allraw_vehicle_instability_highconf,yzy,train,Entity_Recording_2025_09_27_14_13_03_vehicle.csv,Entity_Recording_2025_09_27_14_13_03_vehicle.csv,F:\data_set_process\data_process\01_datasets\数据预处理\原始车辆数据\yzy\Entity_Recording_2025_09_27_14_13_03_vehicle.csv,625,625,allraw_instability_rescreen_v0_1,secondary,weak,all_raw_vehicle_dynamic_onset_non_steering,instability_ay_roll,curve,1,-0.00729802,all_raw_nonsteering_dynamic_onset,39049,195.245,600,400,400,2.0,True,True,499.735,True,True,,195.245,204.31,9.065,39049,40862,100.0,93.43,instability_ay_roll,True,vehicle_instability_allraw__yzy__2025_09_27_14_13_03__000195245,Full raw rescreen. Anchor is derived from non-steering vehicle dynamics (ay/roll_rate). Steering metrics are only response evidence and must not be used to define onset.
instability_allraw_highconf_oldcode_v0_1,yzy::2025_09_27_14_13_03::00626::instability_dynamic_onset,allraw_vehicle_instability_highconf,yzy,train,Entity_Recording_2025_09_27_14_13_03_vehicle.csv,Entity_Recording_2025_09_27_14_13_03_vehicle.csv,F:\data_set_process\data_process\01_datasets\数据预处理\原始车辆数据\yzy\Entity_Recording_2025_09_27_14_13_03_vehicle.csv,626,626,allraw_instability_rescreen_v0_1,secondary,strong_active,all_raw_vehicle_dynamic_onset_non_steering,instability_ay_roll,straight,1,5.949e-05,all_raw_nonsteering_dynamic_onset,42337,211.685,600,400,400,2.0,True,True,483.295,True,True,,211.685,213.035,1.35,42337,42607,100.0,79.33,instability_ay_roll,True,vehicle_instability_allraw__yzy__2025_09_27_14_13_03__000211685,Full raw rescreen. Anchor is derived from non-steering vehicle dynamics (ay/roll_rate). Steering metrics are only response evidence and must not be used to define onset.
instability_allraw_highconf_oldcode_v0_1,yzy::2025_09_27_14_13_03::00627::instability_dynamic_onset,allraw_vehicle_instability_highconf,yzy,train,Entity_Recording_2025_09_27_14_13_03_vehicle.csv,Entity_Recording_2025_09_27_14_13_03_vehicle.csv,F:\data_set_process\data_process\01_datasets\数据预处理\原始车辆数据\yzy\Entity_Recording_2025_09_27_14_13_03_vehicle.csv,627,627,allraw_instability_rescreen_v0_1,secondary,strong_active,all_raw_vehicle_dynamic_onset_non_steering,instability_ay_roll,straight,0,0.0,all_raw_nonsteering_dynamic_onset,43213,216.065,600,400,400,2.0,True,True,478.915,True,True,,216.065,232.66,16.595,43213,46532,100.0,82.83,instability_ay_roll,True,vehicle_instability_allraw__yzy__2025_09_27_14_13_03__000216065,Full raw rescreen. Anchor is derived from non-steering vehicle dynamics (ay/roll_rate). Steering metrics are only response evidence and must not be used to define onset.
instability_allraw_highconf_oldcode_v0_1,yzy::2025_09_27_14_13_03::00628::instability_dynamic_onset,allraw_vehicle_instability_highconf,yzy,train,Entity_Recording_2025_09_27_14_13_03_vehicle.csv,Entity_Recording_2025_09_27_14_13_03_vehicle.csv,F:\data_set_process\data_process\01_datasets\数据预处理\原始车辆数据\yzy\Entity_Recording_2025_09_27_14_13_03_vehicle.csv,628,628,allraw_instability_rescreen_v0_1,secondary,strong_active,all_raw_vehicle_dynamic_onset_non_steering,instability_ay_roll,straight,0,0.0,all_raw_nonsteering_dynamic_onset,48846,244.23,600,400,400,2.0,True,True,450.75,True,True,,244.23,244.97,0.74,48846,48994,95.97,70.97,instability_ay_roll,True,vehicle_instability_allraw__yzy__2025_09_27_14_13_03__000244230,Full raw rescreen. Anchor is derived from non-steering vehicle dynamics (ay/roll_rate). Steering metrics are only response evidence and must not be used to define onset.
instability_allraw_highconf_oldcode_v0_1,yzy::2025_09_27_14_13_03::00629::instability_dynamic_onset,allraw_vehicle_instability_highconf,yzy,train,Entity_Recording_2025_09_27_14_13_03_vehicle.csv,Entity_Recording_2025_09_27_14_13_03_vehicle.csv,F:\data_set_process\data_process\01_datasets\数据预处理\原始车辆数据\yzy\Entity_Recording_2025_09_27_14_13_03_vehicle.csv,629,629,allraw_instability_rescreen_v0_1,secondary,extreme_active,all_raw_vehicle_dynamic_onset_non_steering,instability_ay_roll,straight,0,-0.0,all_raw_nonsteering_dynamic_onset,49772,248.86,600,400,400,2.0,True,True,446.12,True,True,,248.86,258.595,9.735,49772,51719,100.0,95.38,instability_ay_roll,True,vehicle_instability_allraw__yzy__2025_09_27_14_13_03__000248860,Full raw rescreen. Anchor is derived from non-steering vehicle dynamics (ay/roll_rate). Steering metrics are only response evidence and must not be used to define onset.
instability_allraw_highconf_oldcode_v0_1,yzy::2025_09_27_14_13_03::00630::instability_dynamic_onset,allraw_vehicle_instability_highconf,yzy,train,Entity_Recording_2025_09_27_14_13_03_vehicle.csv,Entity_Recording_2025_09_27_14_13_03_vehicle.csv,F:\data_set_process\data_process\01_datasets\数据预处理\原始车辆数据\yzy\Entity_Recording_2025_09_27_14_13_03_vehicle.csv,630,630,allraw_instability_rescreen_v0_1,secondary,strong_active,all_raw_vehicle_dynamic_onset_non_steering,instability_ay_roll,straight,0,-0.0,all_raw_nonsteering_dynamic_onset,52977,264.885,600,400,400,2.0,True,True,430.095,True,True,,264.885,273.655,8.77,52977,54731,100.0,87.12,instability_ay_roll,True,vehicle_instability_allraw__yzy__2025_09_27_14_13_03__000264885,Full raw rescreen. Anchor is derived from non-steering vehicle dynamics (ay/roll_rate). Steering metrics are only response evidence and must not be used to define onset.
instability_allraw_highconf_oldcode_v0_1,yzy::2025_09_27_14_13_03::00631::instability_dynamic_onset,allraw_vehicle_instability_highconf,yzy,train,Entity_Recording_2025_09_27_14_13_03_vehicle.csv,Entity_Recording_2025_09_27_14_13_03_vehicle.csv,F:\data_set_process\data_process\01_datasets\数据预处理\原始车辆数据\yzy\Entity_Recording_2025_09_27_14_13_03_vehicle.csv,631,631,allraw_instability_rescreen_v0_1,secondary,strong_active,all_raw_vehicle_dynamic_onset_non_steering,instability_ay_roll,straight,0,-0.0,all_raw_nonsteering_dynamic_onset,57892,289.46,600,400,400,2.0,True,True,405.52,True,True,,289.46,293.075,3.615,57892,58615,91.65,57.66,instability_ay_roll,True,vehicle_instability_allraw__yzy__2025_09_27_14_13_03__000289460,Full raw rescreen. Anchor is derived from non-steering vehicle dynamics (ay/roll_rate). Steering metrics are only response evidence and must not be used to define onset.
instability_allraw_highconf_oldcode_v0_1,yzy::2025_09_27_14_13_03::00632::instability_dynamic_onset,allraw_vehicle_instability_highconf,yzy,train,Entity_Recording_2025_09_27_14_13_03_vehicle.csv,Entity_Recording_2025_09_27_14_13_03_vehicle.csv,F:\data_set_process\data_process\01_datasets\数据预处理\原始车辆数据\yzy\Entity_Recording_2025_09_27_14_13_03_vehicle.csv,632,632,allraw_instability_rescreen_v0_1,secondary,extreme_active,all_raw_vehicle_dynamic_onset_non_steering,instability_ay_roll,curve,0,0.0,all_raw_nonsteering_dynamic_onset,69623,348.115,600,400,400,2.0,True,True,346.865,True,True,,348.115,369.78,21.665,69623,73956,100.0,81.75,instability_ay_roll,True,vehicle_instability_allraw__yzy__2025_09_27_14_13_03__000348115,Full raw rescreen. Anchor is derived from non-steering vehicle dynamics (ay/roll_rate). Steering metrics are only response evidence and must not be used to define onset.
instability_allraw_highconf_oldcode_v0_1,yzy::2025_09_27_14_13_03::00633::instability_dynamic_onset,allraw_vehicle_instability_highconf,yzy,train,Entity_Recording_2025_09_27_14_13_03_vehicle.csv,Entity_Recording_2025_09_27_14_13_03_vehicle.csv,F:\data_set_process\data_process\01_datasets\数据预处理\原始车辆数据\yzy\Entity_Recording_2025_09_27_14_13_03_vehicle.csv,633,633,allraw_instability_rescreen_v0_1,primary,extreme_active,all_raw_vehicle_dynamic_onset_non_steering,instability_ay_roll,straight,0,0.0,all_raw_nonsteering_dynamic_onset,81585,407.925,600,400,400,2.0,True,True,287.055,True,True,,407.925,414.62,6.695,81585,82924,100.0,86.28,instability_ay_roll,True,vehicle_instability_allraw__yzy__2025_09_27_14_13_03__000407925,Full raw rescreen. Anchor is derived from non-steering vehicle dynamics (ay/roll_rate). Steering metrics are only response evidence and must not be used to define onset.
instability_allraw_highconf_oldcode_v0_1,yzy::2025_09_27_14_13_03::00634::instability_dynamic_onset,allraw_vehicle_instability_highconf,yzy,train,Entity_Recording_2025_09_27_14_13_03_vehicle.csv,Entity_Recording_2025_09_27_14_13_03_vehicle.csv,F:\data_set_process\data_process\01_datasets\数据预处理\原始车辆数据\yzy\Entity_Recording_2025_09_27_14_13_03_vehicle.csv,634,634,allraw_instability_rescreen_v0_1,secondary,extreme_active,all_raw_vehicle_dynamic_onset_non_steering,instability_ay_roll,straight,0,0.0,all_raw_nonsteering_dynamic_onset,83670,418.35,600,400,400,2.0,True,True,276.63,True,True,,418.35,430.315,11.965,83670,86063,100.0,93.17,instability_ay_roll,True,vehicle_instability_allraw__yzy__2025_09_27_14_13_03__000418350,Full raw rescreen. Anchor is derived from non-steering vehicle dynamics (ay/roll_rate). Steering metrics are only response evidence and must not be used to define onset.
instability_allraw_highconf_oldcode_v0_1,yzy::2025_09_27_14_13_03::00635::instability_dynamic_onset,allraw_vehicle_instability_highconf,yzy,train,Entity_Recording_2025_09_27_14_13_03_vehicle.csv,Entity_Recording_2025_09_27_14_13_03_vehicle.csv,F:\data_set_process\data_process\01_datasets\数据预处理\原始车辆数据\yzy\Entity_Recording_2025_09_27_14_13_03_vehicle.csv,635,635,allraw_instability_rescreen_v0_1,secondary,strong_active,all_raw_vehicle_dynamic_onset_non_steering,instability_ay_roll,straight,0,-0.0,all_raw_nonsteering_dynamic_onset,91092,455.46,600,400,400,2.0,True,True,239.52,True,True,,455.46,475.56,20.1,91092,95112,100.0,69.6,instability_ay_roll,True,vehicle_instability_allraw__yzy__2025_09_27_14_13_03__000455460,Full raw rescreen. Anchor is derived from non-steering vehicle dynamics (ay/roll_rate). Steering metrics are only response evidence and must not be used to define onset.
instability_allraw_highconf_oldcode_v0_1,yzy::2025_09_27_14_13_03::00636::instability_dynamic_onset,allraw_vehicle_instability_highconf,yzy,train,Entity_Recording_2025_09_27_14_13_03_vehicle.csv,Entity_Recording_2025_09_27_14_13_03_vehicle.csv,F:\data_set_process\data_process\01_datasets\数据预处理\原始车辆数据\yzy\Entity_Recording_2025_09_27_14_13_03_vehicle.csv,636,636,allraw_instability_rescreen_v0_1,secondary,strong_active,all_raw_vehicle_dynamic_onset_non_steering,instability_ay_roll,straight,0,-0.0,all_raw_nonsteering_dynamic_onset,102381,511.905,600,400,400,2.0,True,True,183.075,True,True,,511.905,516.65,4.745,102381,103330,100.0,82.34,instability_ay_roll,True,vehicle_instability_allraw__yzy__2025_09_27_14_13_03__000511905,Full raw rescreen. Anchor is derived from non-steering vehicle dynamics (ay/roll_rate). Steering metrics are only response evidence and must not be used to define onset.
instability_allraw_highconf_oldcode_v0_1,yzy::2025_09_27_14_13_03::00637::instability_dynamic_onset,allraw_vehicle_instability_highconf,yzy,train,Entity_Recording_2025_09_27_14_13_03_vehicle.csv,Entity_Recording_2025_09_27_14_13_03_vehicle.csv,F:\data_set_process\data_process\01_datasets\数据预处理\原始车辆数据\yzy\Entity_Recording_2025_09_27_14_13_03_vehicle.csv,637,637,allraw_instability_rescreen_v0_1,secondary,strong_active,all_raw_vehicle_dynamic_onset_non_steering,instability_ay_roll,straight,0,0.0,all_raw_nonsteering_dynamic_onset,104905,524.525,600,400,400,2.0,True,True,170.455,True,True,,524.525,531.675,7.15,104905,106335,100.0,75.17,instability_ay_roll,True,vehicle_instability_allraw__yzy__2025_09_27_14_13_03__000524525,Full raw rescreen. Anchor is derived from non-steering vehicle dynamics (ay/roll_rate). Steering metrics are only response evidence and must not be used to define onset.
instability_allraw_highconf_oldcode_v0_1,yzy::2025_09_27_14_13_03::00638::instability_dynamic_onset,allraw_vehicle_instability_highconf,yzy,train,Entity_Recording_2025_09_27_14_13_03_vehicle.csv,Entity_Recording_2025_09_27_14_13_03_vehicle.csv,F:\data_set_process\data_process\01_datasets\数据预处理\原始车辆数据\yzy\Entity_Recording_2025_09_27_14_13_03_vehicle.csv,638,638,allraw_instability_rescreen_v0_1,primary,strong_active,all_raw_vehicle_dynamic_onset_non_steering,instability_ay_roll,straight,0,-0.0,all_raw_nonsteering_dynamic_onset,108795,543.975,600,400,400,2.0,True,True,151.005,True,True,,543.975,550.46,6.485,108795,110092,100.0,67.42,instability_ay_roll,True,vehicle_instability_allraw__yzy__2025_09_27_14_13_03__000543975,Full raw rescreen. Anchor is derived from non-steering vehicle dynamics (ay/roll_rate). Steering metrics are only response evidence and must not be used to define onset.
instability_allraw_highconf_oldcode_v0_1,yzy::2025_09_27_14_13_03::00639::instability_dynamic_onset,allraw_vehicle_instability_highconf,yzy,train,Entity_Recording_2025_09_27_14_13_03_vehicle.csv,Entity_Recording_2025_09_27_14_13_03_vehicle.csv,F:\data_set_process\data_process\01_datasets\数据预处理\原始车辆数据\yzy\Entity_Recording_2025_09_27_14_13_03_vehicle.csv,639,639,allraw_instability_rescreen_v0_1,none,instability_medium,all_raw_vehicle_dynamic_onset_non_steering,instability_ay_roll,design_high_risk_surface,0,-0.0,all_raw_nonsteering_dynamic_onset,114618,573.09,600,400,400,2.0,True,True,121.89,True,True,,573.09,588.415,15.325,114618,117683,82.75,66.37,instability_ay_roll,True,vehicle_instability_allraw__yzy__2025_09_27_14_13_03__000573090,Full raw rescreen. Anchor is derived from non-steering vehicle dynamics (ay/roll_rate). Steering metrics are only response evidence and must not be used to define onset.
instability_allraw_highconf_oldcode_v0_1,yzy::2025_09_27_14_13_03::00640::instability_dynamic_onset,allraw_vehicle_instability_highconf,yzy,train,Entity_Recording_2025_09_27_14_13_03_vehicle.csv,Entity_Recording_2025_09_27_14_13_03_vehicle.csv,F:\data_set_process\data_process\01_datasets\数据预处理\原始车辆数据\yzy\Entity_Recording_2025_09_27_14_13_03_vehicle.csv,640,640,allraw_instability_rescreen_v0_1,secondary,extreme_active,all_raw_vehicle_dynamic_onset_non_steering,instability_ay_roll,straight,0,0.0,all_raw_nonsteering_dynamic_onset,122346,611.73,600,400,400,2.0,True,True,83.25,True,True,,611.73,626.545,14.815,122346,125309,87.55,56.76,instability_ay_roll,True,vehicle_instability_allraw__yzy__2025_09_27_14_13_03__000611730,Full raw rescreen. Anchor is derived from non-steering vehicle dynamics (ay/roll_rate). Steering metrics are only response evidence and must not be used to define onset.
instability_allraw_highconf_oldcode_v0_1,yzy::2025_09_27_14_26_04::00641::instability_dynamic_onset,allraw_vehicle_instability_highconf,yzy,train,Entity_Recording_2025_09_27_14_26_04_vehicle.csv,Entity_Recording_2025_09_27_14_26_04_vehicle.csv,F:\data_set_process\data_process\01_datasets\数据预处理\原始车辆数据\yzy\Entity_Recording_2025_09_27_14_26_04_vehicle.csv,641,641,allraw_instability_rescreen_v0_1,secondary,extreme_active,all_raw_vehicle_dynamic_onset_non_steering,instability_ay_roll,straight,0,-0.0,all_raw_nonsteering_dynamic_onset,12177,60.885,600,400,400,2.0,True,True,554.385,True,True,,60.885,71.015,10.13,12177,14203,100.0,93.19,instability_ay_roll,True,vehicle_instability_allraw__yzy__2025_09_27_14_26_04__000060885,Full raw rescreen. Anchor is derived from non-steering vehicle dynamics (ay/roll_rate). Steering metrics are only response evidence and must not be used to define onset.
instability_allraw_highconf_oldcode_v0_1,yzy::2025_09_27_14_26_04::00642::instability_dynamic_onset,allraw_vehicle_instability_highconf,yzy,train,Entity_Recording_2025_09_27_14_26_04_vehicle.csv,Entity_Recording_2025_09_27_14_26_04_vehicle.csv,F:\data_set_process\data_process\01_datasets\数据预处理\原始车辆数据\yzy\Entity_Recording_2025_09_27_14_26_04_vehicle.csv,642,642,allraw_instability_rescreen_v0_1,secondary,extreme_active,all_raw_vehicle_dynamic_onset_non_steering,instability_ay_roll,straight,0,-0.0,all_raw_nonsteering_dynamic_onset,15017,75.085,600,400,400,2.0,True,True,540.185,True,True,,75.085,83.11,8.025,15017,16622,100.0,94.08,instability_ay_roll,True,vehicle_instability_allraw__yzy__2025_09_27_14_26_04__000075085,Full raw rescreen. Anchor is derived from non-steering vehicle dynamics (ay/roll_rate). Steering metrics are only response evidence and must not be used to define onset.
instability_allraw_highconf_oldcode_v0_1,yzy::2025_09_27_14_26_04::00643::instability_dynamic_onset,allraw_vehicle_instability_highconf,yzy,train,Entity_Recording_2025_09_27_14_26_04_vehicle.csv,Entity_Recording_2025_09_27_14_26_04_vehicle.csv,F:\data_set_process\data_process\01_datasets\数据预处理\原始车辆数据\yzy\Entity_Recording_2025_09_27_14_26_04_vehicle.csv,643,643,allraw_instability_rescreen_v0_1,primary,extreme_active,all_raw_vehicle_dynamic_onset_non_steering,instability_ay_roll,straight,0,-0.0,all_raw_nonsteering_dynamic_onset,17279,86.395,600,400,400,2.0,True,True,528.875,True,True,,86.395,90.99,4.595,17279,18198,100.0,99.27,instability_ay_roll,True,vehicle_instability_allraw__yzy__2025_09_27_14_26_04__000086395,Full raw rescreen. Anchor is derived from non-steering vehicle dynamics (ay/roll_rate). Steering metrics are only response evidence and must not be used to define onset.
instability_allraw_highconf_oldcode_v0_1,yzy::2025_09_27_14_26_04::00644::instability_dynamic_onset,allraw_vehicle_instability_highconf,yzy,train,Entity_Recording_2025_09_27_14_26_04_vehicle.csv,Entity_Recording_2025_09_27_14_26_04_vehicle.csv,F:\data_set_process\data_process\01_datasets\数据预处理\原始车辆数据\yzy\Entity_Recording_2025_09_27_14_26_04_vehicle.csv,644,644,allraw_instability_rescreen_v0_1,secondary,medium_active,all_raw_vehicle_dynamic_onset_non_steering,instability_ay_roll,straight,0,0.0,all_raw_nonsteering_dynamic_onset,18824,94.12,600,400,400,2.0,True,True,521.15,True,True,,94.12,97.14,3.02,18824,19428,100.0,75.71,instability_ay_roll,True,vehicle_instability_allraw__yzy__2025_09_27_14_26_04__000094120,Full raw rescreen. Anchor is derived from non-steering vehicle dynamics (ay/roll_rate). Steering metrics are only response evidence and must not be used to define onset.
instability_allraw_highconf_oldcode_v0_1,yzy::2025_09_27_14_26_04::00645::instability_dynamic_onset,allraw_vehicle_instability_highconf,yzy,train,Entity_Recording_2025_09_27_14_26_04_vehicle.csv,Entity_Recording_2025_09_27_14_26_04_vehicle.csv,F:\data_set_process\data_process\01_datasets\数据预处理\原始车辆数据\yzy\Entity_Recording_2025_09_27_14_26_04_vehicle.csv,645,645,allraw_instability_rescreen_v0_1,secondary,strong_active,all_raw_vehicle_dynamic_onset_non_steering,instability_ay_roll,straight,1,-0.00729802,all_raw_nonsteering_dynamic_onset,33857,169.285,600,400,400,2.0,True,True,445.985,True,True,,169.285,190.88,21.595,33857,38176,100.0,76.61,instability_ay_roll,True,vehicle_instability_allraw__yzy__2025_09_27_14_26_04__000169285,Full raw rescreen. Anchor is derived from non-steering vehicle dynamics (ay/roll_rate). Steering metrics are only response evidence and must not be used to define onset.
instability_allraw_highconf_oldcode_v0_1,yzy::2025_09_27_14_26_04::00646::instability_dynamic_onset,allraw_vehicle_instability_highconf,yzy,train,Entity_Recording_2025_09_27_14_26_04_vehicle.csv,Entity_Recording_2025_09_27_14_26_04_vehicle.csv,F:\data_set_process\data_process\01_datasets\数据预处理\原始车辆数据\yzy\Entity_Recording_2025_09_27_14_26_04_vehicle.csv,646,646,allraw_instability_rescreen_v0_1,secondary,strong_active,all_raw_vehicle_dynamic_onset_non_steering,instability_ay_roll,straight,0,0.0,all_raw_nonsteering_dynamic_onset,41077,205.385,600,400,400,2.0,True,True,409.885,True,True,,205.385,227.54,22.155,41077,45508,95.86,65.2,instability_ay_roll,True,vehicle_instability_allraw__yzy__2025_09_27_14_26_04__000205385,Full raw rescreen. Anchor is derived from non-steering vehicle dynamics (ay/roll_rate). Steering metrics are only response evidence and must not be used to define onset.
instability_allraw_highconf_oldcode_v0_1,yzy::2025_09_27_14_26_04::00647::instability_dynamic_onset,allraw_vehicle_instability_highconf,yzy,train,Entity_Recording_2025_09_27_14_26_04_vehicle.csv,Entity_Recording_2025_09_27_14_26_04_vehicle.csv,F:\data_set_process\data_process\01_datasets\数据预处理\原始车辆数据\yzy\Entity_Recording_2025_09_27_14_26_04_vehicle.csv,647,647,allraw_instability_rescreen_v0_1,secondary,extreme_active,all_raw_vehicle_dynamic_onset_non_steering,instability_ay_roll,straight,0,-0.0,all_raw_nonsteering_dynamic_onset,47802,239.01,600,400,400,2.0,True,True,376.26,True,True,,239.01,247.025,8.015,47802,49405,100.0,95.37,instability_ay_roll,True,vehicle_instability_allraw__yzy__2025_09_27_14_26_04__000239010,Full raw rescreen. Anchor is derived from non-steering vehicle dynamics (ay/roll_rate). Steering metrics are only response evidence and must not be used to define onset.
instability_allraw_highconf_oldcode_v0_1,yzy::2025_09_27_14_26_04::00648::instability_dynamic_onset,allraw_vehicle_instability_highconf,yzy,train,Entity_Recording_2025_09_27_14_26_04_vehicle.csv,Entity_Recording_2025_09_27_14_26_04_vehicle.csv,F:\data_set_process\data_process\01_datasets\数据预处理\原始车辆数据\yzy\Entity_Recording_2025_09_27_14_26_04_vehicle.csv,648,648,allraw_instability_rescreen_v0_1,secondary,extreme_active,all_raw_vehicle_dynamic_onset_non_steering,instability_ay_roll,straight,0,0.0,all_raw_nonsteering_dynamic_onset,49961,249.805,600,400,400,2.0,True,True,365.465,True,True,,249.805,264.83,15.025,49961,52966,100.0,93.55,instability_ay_roll,True,vehicle_instability_allraw__yzy__2025_09_27_14_26_04__000249805,Full raw rescreen. Anchor is derived from non-steering vehicle dynamics (ay/roll_rate). Steering metrics are only response evidence and must not be used to define onset.
instability_allraw_highconf_oldcode_v0_1,yzy::2025_09_27_14_26_04::00649::instability_dynamic_onset,allraw_vehicle_instability_highconf,yzy,train,Entity_Recording_2025_09_27_14_26_04_vehicle.csv,Entity_Recording_2025_09_27_14_26_04_vehicle.csv,F:\data_set_process\data_process\01_datasets\数据预处理\原始车辆数据\yzy\Entity_Recording_2025_09_27_14_26_04_vehicle.csv,649,649,allraw_instability_rescreen_v0_1,secondary,medium_active,all_raw_vehicle_dynamic_onset_non_steering,instability_ay_roll,straight,0,-0.0,all_raw_nonsteering_dynamic_onset,57338,286.69,600,400,400,2.0,True,True,328.58,True,True,,286.69,296.3,9.61,57338,59260,89.45,61.41,instability_ay_roll,True,vehicle_instability_allraw__yzy__2025_09_27_14_26_04__000286690,Full raw rescreen. Anchor is derived from non-steering vehicle dynamics (ay/roll_rate). Steering metrics are only response evidence and must not be used to define onset.
instability_allraw_highconf_oldcode_v0_1,yzy::2025_09_27_14_26_04::00650::instability_dynamic_onset,allraw_vehicle_instability_highconf,yzy,train,Entity_Recording_2025_09_27_14_26_04_vehicle.csv,Entity_Recording_2025_09_27_14_26_04_vehicle.csv,F:\data_set_process\data_process\01_datasets\数据预处理\原始车辆数据\yzy\Entity_Recording_2025_09_27_14_26_04_vehicle.csv,650,650,allraw_instability_rescreen_v0_1,secondary,strong_active,all_raw_vehicle_dynamic_onset_non_steering,instability_ay_roll,curve,0,-0.0,all_raw_nonsteering_dynamic_onset,66589,332.945,600,400,400,2.0,True,True,282.325,True,True,,332.945,356.86,23.915,66589,71372,100.0,75.86,instability_ay_roll,True,vehicle_instability_allraw__yzy__2025_09_27_14_26_04__000332945,Full raw rescreen. Anchor is derived from non-steering vehicle dynamics (ay/roll_rate). Steering metrics are only response evidence and must not be used to define onset.
instability_allraw_highconf_oldcode_v0_1,yzy::2025_09_27_14_26_04::00651::instability_dynamic_onset,allraw_vehicle_instability_highconf,yzy,train,Entity_Recording_2025_09_27_14_26_04_vehicle.csv,Entity_Recording_2025_09_27_14_26_04_vehicle.csv,F:\data_set_process\data_process\01_datasets\数据预处理\原始车辆数据\yzy\Entity_Recording_2025_09_27_14_26_04_vehicle.csv,651,651,allraw_instability_rescreen_v0_1,secondary,strong_active,all_raw_vehicle_dynamic_onset_non_steering,instability_ay_roll,straight,1,0.0,all_raw_nonsteering_dynamic_onset,73053,365.265,600,400,400,2.0,True,True,250.005,True,True,,365.265,372.71,7.445,73053,74542,98.3,61.48,instability_ay_roll,True,vehicle_instability_allraw__yzy__2025_09_27_14_26_04__000365265,Full raw rescreen. Anchor is derived from non-steering vehicle dynamics (ay/roll_rate). Steering metrics are only response evidence and must not be used to define onset.
instability_allraw_highconf_oldcode_v0_1,yzy::2025_09_27_14_26_04::00652::instability_dynamic_onset,allraw_vehicle_instability_highconf,yzy,train,Entity_Recording_2025_09_27_14_26_04_vehicle.csv,Entity_Recording_2025_09_27_14_26_04_vehicle.csv,F:\data_set_process\data_process\01_datasets\数据预处理\原始车辆数据\yzy\Entity_Recording_2025_09_27_14_26_04_vehicle.csv,652,652,allraw_instability_rescreen_v0_1,secondary,strong_active,all_raw_vehicle_dynamic_onset_non_steering,instability_ay_roll,straight,1,2.525e-05,all_raw_nonsteering_dynamic_onset,77130,385.65,600,400,400,2.0,True,True,229.62,True,True,,385.65,396.095,10.445,77130,79219,100.0,93.28,instability_ay_roll,True,vehicle_instability_allraw__yzy__2025_09_27_14_26_04__000385650,Full raw rescreen. Anchor is derived from non-steering vehicle dynamics (ay/roll_rate). Steering metrics are only response evidence and must not be used to define onset.
instability_allraw_highconf_oldcode_v0_1,yzy::2025_09_27_14_26_04::00653::instability_dynamic_onset,allraw_vehicle_instability_highconf,yzy,train,Entity_Recording_2025_09_27_14_26_04_vehicle.csv,Entity_Recording_2025_09_27_14_26_04_vehicle.csv,F:\data_set_process\data_process\01_datasets\数据预处理\原始车辆数据\yzy\Entity_Recording_2025_09_27_14_26_04_vehicle.csv,653,653,allraw_instability_rescreen_v0_1,secondary,medium_active,all_raw_vehicle_dynamic_onset_non_steering,instability_ay_roll,straight,0,0.0,all_raw_nonsteering_dynamic_onset,81661,408.305,600,400,400,2.0,True,True,206.965,True,True,,408.305,420.99,12.685,81661,84198,93.56,67.55,instability_ay_roll,True,vehicle_instability_allraw__yzy__2025_09_27_14_26_04__000408305,Full raw rescreen. Anchor is derived from non-steering vehicle dynamics (ay/roll_rate). Steering metrics are only response evidence and must not be used to define onset.
instability_allraw_highconf_oldcode_v0_1,yzy::2025_09_27_14_26_04::00654::instability_dynamic_onset,allraw_vehicle_instability_highconf,yzy,train,Entity_Recording_2025_09_27_14_26_04_vehicle.csv,Entity_Recording_2025_09_27_14_26_04_vehicle.csv,F:\data_set_process\data_process\01_datasets\数据预处理\原始车辆数据\yzy\Entity_Recording_2025_09_27_14_26_04_vehicle.csv,654,654,allraw_instability_rescreen_v0_1,secondary,strong_active,all_raw_vehicle_dynamic_onset_non_steering,instability_ay_roll,straight,0,0.0,all_raw_nonsteering_dynamic_onset,85737,428.685,600,400,400,2.0,True,True,186.585,True,True,,428.685,431.67,2.985,85737,86334,88.16,57.96,instability_ay_roll,True,vehicle_instability_allraw__yzy__2025_09_27_14_26_04__000428685,Full raw rescreen. Anchor is derived from non-steering vehicle dynamics (ay/roll_rate). Steering metrics are only response evidence and must not be used to define onset.
instability_allraw_highconf_oldcode_v0_1,yzy::2025_09_27_14_26_04::00655::instability_dynamic_onset,allraw_vehicle_instability_highconf,yzy,train,Entity_Recording_2025_09_27_14_26_04_vehicle.csv,Entity_Recording_2025_09_27_14_26_04_vehicle.csv,F:\data_set_process\data_process\01_datasets\数据预处理\原始车辆数据\yzy\Entity_Recording_2025_09_27_14_26_04_vehicle.csv,655,655,allraw_instability_rescreen_v0_1,secondary,extreme_active,all_raw_vehicle_dynamic_onset_non_steering,instability_ay_roll,straight,0,-0.0,all_raw_nonsteering_dynamic_onset,94721,473.605,600,400,400,2.0,True,True,141.665,True,True,,473.605,477.675,4.07,94721,95535,100.0,69.03,instability_ay_roll,True,vehicle_instability_allraw__yzy__2025_09_27_14_26_04__000473605,Full raw rescreen. Anchor is derived from non-steering vehicle dynamics (ay/roll_rate). Steering metrics are only response evidence and must not be used to define onset.
instability_allraw_highconf_oldcode_v0_1,yzy::2025_09_27_14_26_04::00656::instability_dynamic_onset,allraw_vehicle_instability_highconf,yzy,train,Entity_Recording_2025_09_27_14_26_04_vehicle.csv,Entity_Recording_2025_09_27_14_26_04_vehicle.csv,F:\data_set_process\data_process\01_datasets\数据预处理\原始车辆数据\yzy\Entity_Recording_2025_09_27_14_26_04_vehicle.csv,656,656,allraw_instability_rescreen_v0_1,none,instability_strong,all_raw_vehicle_dynamic_onset_non_steering,instability_ay_roll,design_high_risk_surface,0,-0.0,all_raw_nonsteering_dynamic_onset,104946,524.73,600,400,400,2.0,True,True,90.54,True,True,,524.73,538.205,13.475,104946,107641,89.33,71.57,instability_ay_roll,True,vehicle_instability_allraw__yzy__2025_09_27_14_26_04__000524730,Full raw rescreen. Anchor is derived from non-steering vehicle dynamics (ay/roll_rate). Steering metrics are only response evidence and must not be used to define onset.
instability_allraw_highconf_oldcode_v0_1,yzy::2025_09_27_14_26_04::00657::instability_dynamic_onset,allraw_vehicle_instability_highconf,yzy,train,Entity_Recording_2025_09_27_14_26_04_vehicle.csv,Entity_Recording_2025_09_27_14_26_04_vehicle.csv,F:\data_set_process\data_process\01_datasets\数据预处理\原始车辆数据\yzy\Entity_Recording_2025_09_27_14_26_04_vehicle.csv,657,657,allraw_instability_rescreen_v0_1,secondary,strong_active,all_raw_vehicle_dynamic_onset_non_steering,instability_ay_roll,straight,0,0.0,all_raw_nonsteering_dynamic_onset,111968,559.84,600,400,400,2.0,True,True,55.43,True,True,,559.84,570.525,10.685,111968,114105,94.46,60.13,instability_ay_roll,True,vehicle_instability_allraw__yzy__2025_09_27_14_26_04__000559840,Full raw rescreen. Anchor is derived from non-steering vehicle dynamics (ay/roll_rate). Steering metrics are only response evidence and must not be used to define onset.
instability_allraw_highconf_oldcode_v0_1,yzy::2025_09_27_14_26_04::00658::instability_dynamic_onset,allraw_vehicle_instability_highconf,yzy,train,Entity_Recording_2025_09_27_14_26_04_vehicle.csv,Entity_Recording_2025_09_27_14_26_04_vehicle.csv,F:\data_set_process\data_process\01_datasets\数据预处理\原始车辆数据\yzy\Entity_Recording_2025_09_27_14_26_04_vehicle.csv,658,658,allraw_instability_rescreen_v0_1,secondary,extreme_active,all_raw_vehicle_dynamic_onset_non_steering,instability_ay_roll,straight,0,0.0,all_raw_nonsteering_dynamic_onset,118354,591.77,600,400,400,2.0,True,True,23.5,True,True,,591.77,605.165,13.395,118354,121033,100.0,94.35,instability_ay_roll,True,vehicle_instability_allraw__yzy__2025_09_27_14_26_04__000591770,Full raw rescreen. Anchor is derived from non-steering vehicle dynamics (ay/roll_rate). Steering metrics are only response evidence and must not be used to define onset.
instability_allraw_highconf_oldcode_v0_1,yzy::2025_09_27_14_37_08::00659::instability_dynamic_onset,allraw_vehicle_instability_highconf,yzy,train,Entity_Recording_2025_09_27_14_37_08_vehicle.csv,Entity_Recording_2025_09_27_14_37_08_vehicle.csv,F:\data_set_process\data_process\01_datasets\数据预处理\原始车辆数据\yzy\Entity_Recording_2025_09_27_14_37_08_vehicle.csv,659,659,allraw_instability_rescreen_v0_1,secondary,extreme_active,all_raw_vehicle_dynamic_onset_non_steering,instability_ay_roll,straight,0,0.0,all_raw_nonsteering_dynamic_onset,18504,92.52,600,400,400,2.0,True,True,502.405,True,True,,92.52,105.17,12.65,18504,21034,100.0,94.52,instability_ay_roll,True,vehicle_instability_allraw__yzy__2025_09_27_14_37_08__000092520,Full raw rescreen. Anchor is derived from non-steering vehicle dynamics (ay/roll_rate). Steering metrics are only response evidence and must not be used to define onset.
instability_allraw_highconf_oldcode_v0_1,yzy::2025_09_27_14_37_08::00660::instability_dynamic_onset,allraw_vehicle_instability_highconf,yzy,train,Entity_Recording_2025_09_27_14_37_08_vehicle.csv,Entity_Recording_2025_09_27_14_37_08_vehicle.csv,F:\data_set_process\data_process\01_datasets\数据预处理\原始车辆数据\yzy\Entity_Recording_2025_09_27_14_37_08_vehicle.csv,660,660,allraw_instability_rescreen_v0_1,secondary,strong_active,all_raw_vehicle_dynamic_onset_non_steering,instability_ay_roll,straight,0,0.0,all_raw_nonsteering_dynamic_onset,21657,108.285,600,400,400,2.0,True,True,486.64,True,True,,108.285,110.615,2.33,21657,22123,100.0,75.98,instability_ay_roll,True,vehicle_instability_allraw__yzy__2025_09_27_14_37_08__000108285,Full raw rescreen. Anchor is derived from non-steering vehicle dynamics (ay/roll_rate). Steering metrics are only response evidence and must not be used to define onset.
instability_allraw_highconf_oldcode_v0_1,yzy::2025_09_27_14_37_08::00661::instability_dynamic_onset,allraw_vehicle_instability_highconf,yzy,train,Entity_Recording_2025_09_27_14_37_08_vehicle.csv,Entity_Recording_2025_09_27_14_37_08_vehicle.csv,F:\data_set_process\data_process\01_datasets\数据预处理\原始车辆数据\yzy\Entity_Recording_2025_09_27_14_37_08_vehicle.csv,661,661,allraw_instability_rescreen_v0_1,secondary,strong_active,all_raw_vehicle_dynamic_onset_non_steering,instability_ay_roll,straight,0,0.0,all_raw_nonsteering_dynamic_onset,27321,136.605,600,400,400,2.0,True,True,458.32,True,True,,136.605,153.18,16.575,27321,30636,100.0,72.94,instability_ay_roll,True,vehicle_instability_allraw__yzy__2025_09_27_14_37_08__000136605,Full raw rescreen. Anchor is derived from non-steering vehicle dynamics (ay/roll_rate). Steering metrics are only response evidence and must not be used to define onset.
instability_allraw_highconf_oldcode_v0_1,yzy::2025_09_27_14_37_08::00662::instability_dynamic_onset,allraw_vehicle_instability_highconf,yzy,train,Entity_Recording_2025_09_27_14_37_08_vehicle.csv,Entity_Recording_2025_09_27_14_37_08_vehicle.csv,F:\data_set_process\data_process\01_datasets\数据预处理\原始车辆数据\yzy\Entity_Recording_2025_09_27_14_37_08_vehicle.csv,662,662,allraw_instability_rescreen_v0_1,secondary,strong_active,all_raw_vehicle_dynamic_onset_non_steering,instability_ay_roll,curve,1,-0.00729802,all_raw_nonsteering_dynamic_onset,36184,180.92,600,400,400,2.0,True,True,414.005,True,True,,180.92,203.145,22.225,36184,40629,100.0,84.36,instability_ay_roll,True,vehicle_instability_allraw__yzy__2025_09_27_14_37_08__000180920,Full raw rescreen. Anchor is derived from non-steering vehicle dynamics (ay/roll_rate). Steering metrics are only response evidence and must not be used to define onset.
instability_allraw_highconf_oldcode_v0_1,yzy::2025_09_27_14_37_08::00663::instability_dynamic_onset,allraw_vehicle_instability_highconf,yzy,train,Entity_Recording_2025_09_27_14_37_08_vehicle.csv,Entity_Recording_2025_09_27_14_37_08_vehicle.csv,F:\data_set_process\data_process\01_datasets\数据预处理\原始车辆数据\yzy\Entity_Recording_2025_09_27_14_37_08_vehicle.csv,663,663,allraw_instability_rescreen_v0_1,secondary,strong_active,all_raw_vehicle_dynamic_onset_non_steering,instability_ay_roll,straight,0,0.0,all_raw_nonsteering_dynamic_onset,42733,213.665,600,400,400,2.0,True,True,381.26,True,True,,213.665,238.35,24.685,42733,47670,100.0,70.85,instability_ay_roll,True,vehicle_instability_allraw__yzy__2025_09_27_14_37_08__000213665,Full raw rescreen. Anchor is derived from non-steering vehicle dynamics (ay/roll_rate). Steering metrics are only response evidence and must not be used to define onset.
instability_allraw_highconf_oldcode_v0_1,yzy::2025_09_27_14_37_08::00664::instability_dynamic_onset,allraw_vehicle_instability_highconf,yzy,train,Entity_Recording_2025_09_27_14_37_08_vehicle.csv,Entity_Recording_2025_09_27_14_37_08_vehicle.csv,F:\data_set_process\data_process\01_datasets\数据预处理\原始车辆数据\yzy\Entity_Recording_2025_09_27_14_37_08_vehicle.csv,664,664,allraw_instability_rescreen_v0_1,secondary,extreme_active,all_raw_vehicle_dynamic_onset_non_steering,instability_ay_roll,straight,0,0.0,all_raw_nonsteering_dynamic_onset,50349,251.745,600,400,400,2.0,True,True,343.18,True,True,,251.745,258.885,7.14,50349,51777,100.0,91.5,instability_ay_roll,True,vehicle_instability_allraw__yzy__2025_09_27_14_37_08__000251745,Full raw rescreen. Anchor is derived from non-steering vehicle dynamics (ay/roll_rate). Steering metrics are only response evidence and must not be used to define onset.
instability_allraw_highconf_oldcode_v0_1,yzy::2025_09_27_14_37_08::00665::instability_dynamic_onset,allraw_vehicle_instability_highconf,yzy,train,Entity_Recording_2025_09_27_14_37_08_vehicle.csv,Entity_Recording_2025_09_27_14_37_08_vehicle.csv,F:\data_set_process\data_process\01_datasets\数据预处理\原始车辆数据\yzy\Entity_Recording_2025_09_27_14_37_08_vehicle.csv,665,665,allraw_instability_rescreen_v0_1,secondary,strong_active,all_raw_vehicle_dynamic_onset_non_steering,instability_ay_roll,straight,0,0.0,all_raw_nonsteering_dynamic_onset,53877,269.385,600,400,400,2.0,True,True,325.54,True,True,,269.385,291.06,21.675,53877,58212,100.0,77.69,instability_ay_roll,True,vehicle_instability_allraw__yzy__2025_09_27_14_37_08__000269385,Full raw rescreen. Anchor is derived from non-steering vehicle dynamics (ay/roll_rate). Steering metrics are only response evidence and must not be used to define onset.
instability_allraw_highconf_oldcode_v0_1,yzy::2025_09_27_14_37_08::00666::instability_dynamic_onset,allraw_vehicle_instability_highconf,yzy,train,Entity_Recording_2025_09_27_14_37_08_vehicle.csv,Entity_Recording_2025_09_27_14_37_08_vehicle.csv,F:\data_set_process\data_process\01_datasets\数据预处理\原始车辆数据\yzy\Entity_Recording_2025_09_27_14_37_08_vehicle.csv,666,666,allraw_instability_rescreen_v0_1,none,instability_strong,all_raw_vehicle_dynamic_onset_non_steering,instability_ay_roll,design_regular_road,0,0.0,all_raw_nonsteering_dynamic_onset,64355,321.775,600,400,400,2.0,True,True,273.15,True,True,,321.775,340.395,18.62,64355,68079,87.46,70.18,instability_ay_roll,True,vehicle_instability_allraw__yzy__2025_09_27_14_37_08__000321775,Full raw rescreen. Anchor is derived from non-steering vehicle dynamics (ay/roll_rate). Steering metrics are only response evidence and must not be used to define onset.
instability_allraw_highconf_oldcode_v0_1,yzy::2025_09_27_14_37_08::00667::instability_dynamic_onset,allraw_vehicle_instability_highconf,yzy,train,Entity_Recording_2025_09_27_14_37_08_vehicle.csv,Entity_Recording_2025_09_27_14_37_08_vehicle.csv,F:\data_set_process\data_process\01_datasets\数据预处理\原始车辆数据\yzy\Entity_Recording_2025_09_27_14_37_08_vehicle.csv,667,667,allraw_instability_rescreen_v0_1,secondary,strong_active,all_raw_vehicle_dynamic_onset_non_steering,instability_ay_roll,straight,1,0.0,all_raw_nonsteering_dynamic_onset,70233,351.165,600,400,400,2.0,True,True,243.76,True,True,,351.165,358.05,6.885,70233,71610,100.0,63.45,instability_ay_roll,True,vehicle_instability_allraw__yzy__2025_09_27_14_37_08__000351165,Full raw rescreen. Anchor is derived from non-steering vehicle dynamics (ay/roll_rate). Steering metrics are only response evidence and must not be used to define onset.
instability_allraw_highconf_oldcode_v0_1,yzy::2025_09_27_14_37_08::00668::instability_dynamic_onset,allraw_vehicle_instability_highconf,yzy,train,Entity_Recording_2025_09_27_14_37_08_vehicle.csv,Entity_Recording_2025_09_27_14_37_08_vehicle.csv,F:\data_set_process\data_process\01_datasets\数据预处理\原始车辆数据\yzy\Entity_Recording_2025_09_27_14_37_08_vehicle.csv,668,668,allraw_instability_rescreen_v0_1,secondary,strong_active,all_raw_vehicle_dynamic_onset_non_steering,instability_ay_roll,straight,0,0.0,all_raw_nonsteering_dynamic_onset,75288,376.44,600,400,400,2.0,True,True,218.485,True,True,,376.44,382.74,6.3,75288,76548,98.32,63.21,instability_ay_roll,True,vehicle_instability_allraw__yzy__2025_09_27_14_37_08__000376440,Full raw rescreen. Anchor is derived from non-steering vehicle dynamics (ay/roll_rate). Steering metrics are only response evidence and must not be used to define onset.
instability_allraw_highconf_oldcode_v0_1,yzy::2025_09_27_14_37_08::00669::instability_dynamic_onset,allraw_vehicle_instability_highconf,yzy,train,Entity_Recording_2025_09_27_14_37_08_vehicle.csv,Entity_Recording_2025_09_27_14_37_08_vehicle.csv,F:\data_set_process\data_process\01_datasets\数据预处理\原始车辆数据\yzy\Entity_Recording_2025_09_27_14_37_08_vehicle.csv,669,669,allraw_instability_rescreen_v0_1,secondary,strong_active,all_raw_vehicle_dynamic_onset_non_steering,instability_ay_roll,straight,0,0.0,all_raw_nonsteering_dynamic_onset,79809,399.045,600,400,400,2.0,True,True,195.88,True,True,,399.045,409.29,10.245,79809,81858,99.93,68.43,instability_ay_roll,True,vehicle_instability_allraw__yzy__2025_09_27_14_37_08__000399045,Full raw rescreen. Anchor is derived from non-steering vehicle dynamics (ay/roll_rate). Steering metrics are only response evidence and must not be used to define onset.
instability_allraw_highconf_oldcode_v0_1,yzy::2025_09_27_14_37_08::00670::instability_dynamic_onset,allraw_vehicle_instability_highconf,yzy,train,Entity_Recording_2025_09_27_14_37_08_vehicle.csv,Entity_Recording_2025_09_27_14_37_08_vehicle.csv,F:\data_set_process\data_process\01_datasets\数据预处理\原始车辆数据\yzy\Entity_Recording_2025_09_27_14_37_08_vehicle.csv,670,670,allraw_instability_rescreen_v0_1,secondary,medium_active,all_raw_vehicle_dynamic_onset_non_steering,instability_ay_roll,straight,0,0.0,all_raw_nonsteering_dynamic_onset,92554,462.77,600,400,400,2.0,True,True,132.155,True,True,,462.77,463.71,0.94,92554,92742,87.34,66.87,instability_ay_roll,True,vehicle_instability_allraw__yzy__2025_09_27_14_37_08__000462770,Full raw rescreen. Anchor is derived from non-steering vehicle dynamics (ay/roll_rate). Steering metrics are only response evidence and must not be used to define onset.
instability_allraw_highconf_oldcode_v0_1,yzy::2025_09_27_14_37_08::00671::instability_dynamic_onset,allraw_vehicle_instability_highconf,yzy,train,Entity_Recording_2025_09_27_14_37_08_vehicle.csv,Entity_Recording_2025_09_27_14_37_08_vehicle.csv,F:\data_set_process\data_process\01_datasets\数据预处理\原始车辆数据\yzy\Entity_Recording_2025_09_27_14_37_08_vehicle.csv,671,671,allraw_instability_rescreen_v0_1,secondary,strong_active,all_raw_vehicle_dynamic_onset_non_steering,instability_ay_roll,straight,0,0.0,all_raw_nonsteering_dynamic_onset,93248,466.24,600,400,400,2.0,True,True,128.685,True,True,,466.24,487.565,21.325,93248,97513,100.0,71.56,instability_ay_roll,True,vehicle_instability_allraw__yzy__2025_09_27_14_37_08__000466240,Full raw rescreen. Anchor is derived from non-steering vehicle dynamics (ay/roll_rate). Steering metrics are only response evidence and must not be used to define onset.
instability_allraw_highconf_oldcode_v0_1,yzy::2025_09_27_14_37_08::00672::instability_dynamic_onset,allraw_vehicle_instability_highconf,yzy,train,Entity_Recording_2025_09_27_14_37_08_vehicle.csv,Entity_Recording_2025_09_27_14_37_08_vehicle.csv,F:\data_set_process\data_process\01_datasets\数据预处理\原始车辆数据\yzy\Entity_Recording_2025_09_27_14_37_08_vehicle.csv,672,672,allraw_instability_rescreen_v0_1,secondary,strong_active,all_raw_vehicle_dynamic_onset_non_steering,instability_ay_roll,straight,0,0.0,all_raw_nonsteering_dynamic_onset,107634,538.17,600,400,400,2.0,True,True,56.755,True,True,,538.17,553.935,15.765,107634,110787,100.0,60.98,instability_ay_roll,True,vehicle_instability_allraw__yzy__2025_09_27_14_37_08__000538170,Full raw rescreen. Anchor is derived from non-steering vehicle dynamics (ay/roll_rate). Steering metrics are only response evidence and must not be used to define onset.
instability_allraw_highconf_oldcode_v0_1,yzy::2025_09_27_15_04_26::00673::instability_dynamic_onset,allraw_vehicle_instability_highconf,yzy,train,Entity_Recording_2025_09_27_15_04_26_vehicle.csv,Entity_Recording_2025_09_27_15_04_26_vehicle.csv,F:\data_set_process\data_process\01_datasets\数据预处理\原始车辆数据\yzy\Entity_Recording_2025_09_27_15_04_26_vehicle.csv,673,673,allraw_instability_rescreen_v0_1,secondary,extreme_active,all_raw_vehicle_dynamic_onset_non_steering,instability_ay_roll,straight,0,0.0,all_raw_nonsteering_dynamic_onset,12658,63.29,600,400,400,2.0,True,True,50.195,True,True,,63.29,70.365,7.075,12658,14073,100.0,94.25,instability_ay_roll,True,vehicle_instability_allraw__yzy__2025_09_27_15_04_26__000063290,Full raw rescreen. Anchor is derived from non-steering vehicle dynamics (ay/roll_rate). Steering metrics are only response evidence and must not be used to define onset.
instability_allraw_highconf_oldcode_v0_1,yzy::2025_09_27_15_07_57::00674::instability_dynamic_onset,allraw_vehicle_instability_highconf,yzy,train,Entity_Recording_2025_09_27_15_07_57_vehicle.csv,Entity_Recording_2025_09_27_15_07_57_vehicle.csv,F:\data_set_process\data_process\01_datasets\数据预处理\原始车辆数据\yzy\Entity_Recording_2025_09_27_15_07_57_vehicle.csv,674,674,allraw_instability_rescreen_v0_1,secondary,medium_active,all_raw_vehicle_dynamic_onset_non_steering,instability_ay_roll,straight,0,0.0,all_raw_nonsteering_dynamic_onset,17203,86.015,600,400,400,2.0,True,True,499.53,True,True,,86.015,101.48,15.465,17203,20296,98.87,73.43,instability_ay_roll,True,vehicle_instability_allraw__yzy__2025_09_27_15_07_57__000086015,Full raw rescreen. Anchor is derived from non-steering vehicle dynamics (ay/roll_rate). Steering metrics are only response evidence and must not be used to define onset.
instability_allraw_highconf_oldcode_v0_1,yzy::2025_09_27_15_07_57::00675::instability_dynamic_onset,allraw_vehicle_instability_highconf,yzy,train,Entity_Recording_2025_09_27_15_07_57_vehicle.csv,Entity_Recording_2025_09_27_15_07_57_vehicle.csv,F:\data_set_process\data_process\01_datasets\数据预处理\原始车辆数据\yzy\Entity_Recording_2025_09_27_15_07_57_vehicle.csv,675,675,allraw_instability_rescreen_v0_1,primary,strong_active,all_raw_vehicle_dynamic_onset_non_steering,instability_ay_roll,curve,1,-0.00729802,all_raw_nonsteering_dynamic_onset,26180,130.9,600,400,400,2.0,True,True,454.645,True,True,,130.9,154.005,23.105,26180,30801,100.0,68.79,instability_ay_roll,True,vehicle_instability_allraw__yzy__2025_09_27_15_07_57__000130900,Full raw rescreen. Anchor is derived from non-steering vehicle dynamics (ay/roll_rate). Steering metrics are only response evidence and must not be used to define onset.
instability_allraw_highconf_oldcode_v0_1,yzy::2025_09_27_15_07_57::00676::instability_dynamic_onset,allraw_vehicle_instability_highconf,yzy,train,Entity_Recording_2025_09_27_15_07_57_vehicle.csv,Entity_Recording_2025_09_27_15_07_57_vehicle.csv,F:\data_set_process\data_process\01_datasets\数据预处理\原始车辆数据\yzy\Entity_Recording_2025_09_27_15_07_57_vehicle.csv,676,676,allraw_instability_rescreen_v0_1,secondary,strong_active,all_raw_vehicle_dynamic_onset_non_steering,instability_ay_roll,curve,0,0.0,all_raw_nonsteering_dynamic_onset,32569,162.845,600,400,400,2.0,True,True,422.7,True,True,,162.845,179.635,16.79,32569,35927,95.77,61.77,instability_ay_roll,True,vehicle_instability_allraw__yzy__2025_09_27_15_07_57__000162845,Full raw rescreen. Anchor is derived from non-steering vehicle dynamics (ay/roll_rate). Steering metrics are only response evidence and must not be used to define onset.
instability_allraw_highconf_oldcode_v0_1,yzy::2025_09_27_15_07_57::00677::instability_dynamic_onset,allraw_vehicle_instability_highconf,yzy,train,Entity_Recording_2025_09_27_15_07_57_vehicle.csv,Entity_Recording_2025_09_27_15_07_57_vehicle.csv,F:\data_set_process\data_process\01_datasets\数据预处理\原始车辆数据\yzy\Entity_Recording_2025_09_27_15_07_57_vehicle.csv,677,677,allraw_instability_rescreen_v0_1,secondary,extreme_active,all_raw_vehicle_dynamic_onset_non_steering,instability_ay_roll,straight,0,0.0,all_raw_nonsteering_dynamic_onset,40118,200.59,600,400,400,2.0,True,True,384.955,True,True,,200.59,208.17,7.58,40118,41634,100.0,94.87,instability_ay_roll,True,vehicle_instability_allraw__yzy__2025_09_27_15_07_57__000200590,Full raw rescreen. Anchor is derived from non-steering vehicle dynamics (ay/roll_rate). Steering metrics are only response evidence and must not be used to define onset.
instability_allraw_highconf_oldcode_v0_1,yzy::2025_09_27_15_07_57::00678::instability_dynamic_onset,allraw_vehicle_instability_highconf,yzy,train,Entity_Recording_2025_09_27_15_07_57_vehicle.csv,Entity_Recording_2025_09_27_15_07_57_vehicle.csv,F:\data_set_process\data_process\01_datasets\数据预处理\原始车辆数据\yzy\Entity_Recording_2025_09_27_15_07_57_vehicle.csv,678,678,allraw_instability_rescreen_v0_1,none,instability_extreme,all_raw_vehicle_dynamic_onset_non_steering,instability_ay_roll,design_special_event_segment,0,-0.0,all_raw_nonsteering_dynamic_onset,42578,212.89,600,400,400,2.0,True,True,372.655,True,True,,212.89,218.245,5.355,42578,43649,100.0,87.62,instability_ay_roll,True,vehicle_instability_allraw__yzy__2025_09_27_15_07_57__000212890,Full raw rescreen. Anchor is derived from non-steering vehicle dynamics (ay/roll_rate). Steering metrics are only response evidence and must not be used to define onset.
instability_allraw_highconf_oldcode_v0_1,yzy::2025_09_27_15_07_57::00679::instability_dynamic_onset,allraw_vehicle_instability_highconf,yzy,train,Entity_Recording_2025_09_27_15_07_57_vehicle.csv,Entity_Recording_2025_09_27_15_07_57_vehicle.csv,F:\data_set_process\data_process\01_datasets\数据预处理\原始车辆数据\yzy\Entity_Recording_2025_09_27_15_07_57_vehicle.csv,679,679,allraw_instability_rescreen_v0_1,secondary,strong_active,all_raw_vehicle_dynamic_onset_non_steering,instability_ay_roll,straight,0,0.0,all_raw_nonsteering_dynamic_onset,44272,221.36,600,400,400,2.0,True,True,364.185,True,True,,221.36,227.555,6.195,44272,45511,100.0,89.22,instability_ay_roll,True,vehicle_instability_allraw__yzy__2025_09_27_15_07_57__000221360,Full raw rescreen. Anchor is derived from non-steering vehicle dynamics (ay/roll_rate). Steering metrics are only response evidence and must not be used to define onset.
instability_allraw_highconf_oldcode_v0_1,yzy::2025_09_27_15_07_57::00680::instability_dynamic_onset,allraw_vehicle_instability_highconf,yzy,train,Entity_Recording_2025_09_27_15_07_57_vehicle.csv,Entity_Recording_2025_09_27_15_07_57_vehicle.csv,F:\data_set_process\data_process\01_datasets\数据预处理\原始车辆数据\yzy\Entity_Recording_2025_09_27_15_07_57_vehicle.csv,680,680,allraw_instability_rescreen_v0_1,secondary,strong_active,all_raw_vehicle_dynamic_onset_non_steering,instability_ay_roll,straight,0,-0.0,all_raw_nonsteering_dynamic_onset,50249,251.245,600,400,400,2.0,True,True,334.3,True,True,,251.245,259.86,8.615,50249,51972,84.1,54.19,instability_ay_roll,True,vehicle_instability_allraw__yzy__2025_09_27_15_07_57__000251245,Full raw rescreen. Anchor is derived from non-steering vehicle dynamics (ay/roll_rate). Steering metrics are only response evidence and must not be used to define onset.
instability_allraw_highconf_oldcode_v0_1,yzy::2025_09_27_15_07_57::00681::instability_dynamic_onset,allraw_vehicle_instability_highconf,yzy,train,Entity_Recording_2025_09_27_15_07_57_vehicle.csv,Entity_Recording_2025_09_27_15_07_57_vehicle.csv,F:\data_set_process\data_process\01_datasets\数据预处理\原始车辆数据\yzy\Entity_Recording_2025_09_27_15_07_57_vehicle.csv,681,681,allraw_instability_rescreen_v0_1,secondary,weak,all_raw_vehicle_dynamic_onset_non_steering,instability_ay_roll,straight,0,0.0,all_raw_nonsteering_dynamic_onset,58495,292.475,600,400,400,2.0,True,True,293.07,True,True,,292.475,317.8,25.325,58495,63560,89.01,68.91,instability_ay_roll,True,vehicle_instability_allraw__yzy__2025_09_27_15_07_57__000292475,Full raw rescreen. Anchor is derived from non-steering vehicle dynamics (ay/roll_rate). Steering metrics are only response evidence and must not be used to define onset.
instability_allraw_highconf_oldcode_v0_1,yzy::2025_09_27_15_07_57::00682::instability_dynamic_onset,allraw_vehicle_instability_highconf,yzy,train,Entity_Recording_2025_09_27_15_07_57_vehicle.csv,Entity_Recording_2025_09_27_15_07_57_vehicle.csv,F:\data_set_process\data_process\01_datasets\数据预处理\原始车辆数据\yzy\Entity_Recording_2025_09_27_15_07_57_vehicle.csv,682,682,allraw_instability_rescreen_v0_1,secondary,medium_active,all_raw_vehicle_dynamic_onset_non_steering,instability_ay_roll,straight,1,0.0,all_raw_nonsteering_dynamic_onset,65776,328.88,600,400,400,2.0,True,True,256.665,True,True,,328.88,332.905,4.025,65776,66581,90.05,64.27,instability_ay_roll,True,vehicle_instability_allraw__yzy__2025_09_27_15_07_57__000328880,Full raw rescreen. Anchor is derived from non-steering vehicle dynamics (ay/roll_rate). Steering metrics are only response evidence and must not be used to define onset.
instability_allraw_highconf_oldcode_v0_1,yzy::2025_09_27_15_07_57::00683::instability_dynamic_onset,allraw_vehicle_instability_highconf,yzy,train,Entity_Recording_2025_09_27_15_07_57_vehicle.csv,Entity_Recording_2025_09_27_15_07_57_vehicle.csv,F:\data_set_process\data_process\01_datasets\数据预处理\原始车辆数据\yzy\Entity_Recording_2025_09_27_15_07_57_vehicle.csv,683,683,allraw_instability_rescreen_v0_1,secondary,weak,all_raw_vehicle_dynamic_onset_non_steering,instability_ay_roll,straight,1,4.19e-06,all_raw_nonsteering_dynamic_onset,70542,352.71,600,400,400,2.0,True,True,232.835,True,True,,352.71,353.97,1.26,70542,70794,86.7,70.01,instability_ay_roll,True,vehicle_instability_allraw__yzy__2025_09_27_15_07_57__000352710,Full raw rescreen. Anchor is derived from non-steering vehicle dynamics (ay/roll_rate). Steering metrics are only response evidence and must not be used to define onset.
instability_allraw_highconf_oldcode_v0_1,yzy::2025_09_27_15_07_57::00684::instability_dynamic_onset,allraw_vehicle_instability_highconf,yzy,train,Entity_Recording_2025_09_27_15_07_57_vehicle.csv,Entity_Recording_2025_09_27_15_07_57_vehicle.csv,F:\data_set_process\data_process\01_datasets\数据预处理\原始车辆数据\yzy\Entity_Recording_2025_09_27_15_07_57_vehicle.csv,684,684,allraw_instability_rescreen_v0_1,secondary,strong_active,all_raw_vehicle_dynamic_onset_non_steering,instability_ay_roll,straight,0,0.0,all_raw_nonsteering_dynamic_onset,71780,358.9,600,400,400,2.0,True,True,226.645,True,True,,358.9,363.48,4.58,71780,72696,100.0,74.0,instability_ay_roll,True,vehicle_instability_allraw__yzy__2025_09_27_15_07_57__000358900,Full raw rescreen. Anchor is derived from non-steering vehicle dynamics (ay/roll_rate). Steering metrics are only response evidence and must not be used to define onset.
instability_allraw_highconf_oldcode_v0_1,yzy::2025_09_27_15_07_57::00685::instability_dynamic_onset,allraw_vehicle_instability_highconf,yzy,train,Entity_Recording_2025_09_27_15_07_57_vehicle.csv,Entity_Recording_2025_09_27_15_07_57_vehicle.csv,F:\data_set_process\data_process\01_datasets\数据预处理\原始车辆数据\yzy\Entity_Recording_2025_09_27_15_07_57_vehicle.csv,685,685,allraw_instability_rescreen_v0_1,secondary,strong_active,all_raw_vehicle_dynamic_onset_non_steering,instability_ay_roll,straight,0,-0.0,all_raw_nonsteering_dynamic_onset,75810,379.05,600,400,400,2.0,True,True,206.495,True,True,,379.05,390.425,11.375,75810,78085,85.72,59.86,instability_ay_roll,True,vehicle_instability_allraw__yzy__2025_09_27_15_07_57__000379050,Full raw rescreen. Anchor is derived from non-steering vehicle dynamics (ay/roll_rate). Steering metrics are only response evidence and must not be used to define onset.
instability_allraw_highconf_oldcode_v0_1,yzy::2025_09_27_15_07_57::00686::instability_dynamic_onset,allraw_vehicle_instability_highconf,yzy,train,Entity_Recording_2025_09_27_15_07_57_vehicle.csv,Entity_Recording_2025_09_27_15_07_57_vehicle.csv,F:\data_set_process\data_process\01_datasets\数据预处理\原始车辆数据\yzy\Entity_Recording_2025_09_27_15_07_57_vehicle.csv,686,686,allraw_instability_rescreen_v0_1,secondary,strong_active,all_raw_vehicle_dynamic_onset_non_steering,instability_ay_roll,straight,0,0.0,all_raw_nonsteering_dynamic_onset,89405,447.025,600,400,400,2.0,True,True,138.52,True,True,,447.025,463.94,16.915,89405,92788,92.32,59.33,instability_ay_roll,True,vehicle_instability_allraw__yzy__2025_09_27_15_07_57__000447025,Full raw rescreen. Anchor is derived from non-steering vehicle dynamics (ay/roll_rate). Steering metrics are only response evidence and must not be used to define onset.
instability_allraw_highconf_oldcode_v0_1,zdq::2025_09_26_15_14_51::00687::instability_dynamic_onset,allraw_vehicle_instability_highconf,zdq,train,Entity_Recording_2025_09_26_15_14_51_vehicle.csv,Entity_Recording_2025_09_26_15_14_51_vehicle.csv,F:\data_set_process\data_process\01_datasets\数据预处理\原始车辆数据\zdq\Entity_Recording_2025_09_26_15_14_51_vehicle.csv,687,687,allraw_instability_rescreen_v0_1,secondary,extreme_active,all_raw_vehicle_dynamic_onset_non_steering,instability_ay_roll,straight,0,-0.0,all_raw_nonsteering_dynamic_onset,11905,59.525,600,400,400,2.0,True,True,295.935,True,True,,59.525,66.395,6.87,11905,13279,100.0,76.01,instability_ay_roll,True,vehicle_instability_allraw__zdq__2025_09_26_15_14_51__000059525,Full raw rescreen. Anchor is derived from non-steering vehicle dynamics (ay/roll_rate). Steering metrics are only response evidence and must not be used to define onset.
instability_allraw_highconf_oldcode_v0_1,zdq::2025_09_26_15_14_51::00688::instability_dynamic_onset,allraw_vehicle_instability_highconf,zdq,train,Entity_Recording_2025_09_26_15_14_51_vehicle.csv,Entity_Recording_2025_09_26_15_14_51_vehicle.csv,F:\data_set_process\data_process\01_datasets\数据预处理\原始车辆数据\zdq\Entity_Recording_2025_09_26_15_14_51_vehicle.csv,688,688,allraw_instability_rescreen_v0_1,secondary,extreme_active,all_raw_vehicle_dynamic_onset_non_steering,instability_ay_roll,straight,1,-0.00729802,all_raw_nonsteering_dynamic_onset,30818,154.09,600,400,400,2.0,True,True,201.37,True,True,,154.09,177.635,23.545,30818,35527,100.0,96.8,instability_ay_roll,True,vehicle_instability_allraw__zdq__2025_09_26_15_14_51__000154090,Full raw rescreen. Anchor is derived from non-steering vehicle dynamics (ay/roll_rate). Steering metrics are only response evidence and must not be used to define onset.
instability_allraw_highconf_oldcode_v0_1,zdq::2025_09_26_15_14_51::00689::instability_dynamic_onset,allraw_vehicle_instability_highconf,zdq,train,Entity_Recording_2025_09_26_15_14_51_vehicle.csv,Entity_Recording_2025_09_26_15_14_51_vehicle.csv,F:\data_set_process\data_process\01_datasets\数据预处理\原始车辆数据\zdq\Entity_Recording_2025_09_26_15_14_51_vehicle.csv,689,689,allraw_instability_rescreen_v0_1,secondary,extreme_active,all_raw_vehicle_dynamic_onset_non_steering,instability_ay_roll,straight,0,0.0,all_raw_nonsteering_dynamic_onset,47992,239.96,600,400,400,2.0,True,True,115.5,True,True,,239.96,247.945,7.985,47992,49589,100.0,97.15,instability_ay_roll,True,vehicle_instability_allraw__zdq__2025_09_26_15_14_51__000239960,Full raw rescreen. Anchor is derived from non-steering vehicle dynamics (ay/roll_rate). Steering metrics are only response evidence and must not be used to define onset.
instability_allraw_highconf_oldcode_v0_1,zdq::2025_09_26_15_14_51::00690::instability_dynamic_onset,allraw_vehicle_instability_highconf,zdq,train,Entity_Recording_2025_09_26_15_14_51_vehicle.csv,Entity_Recording_2025_09_26_15_14_51_vehicle.csv,F:\data_set_process\data_process\01_datasets\数据预处理\原始车辆数据\zdq\Entity_Recording_2025_09_26_15_14_51_vehicle.csv,690,690,allraw_instability_rescreen_v0_1,secondary,extreme_active,all_raw_vehicle_dynamic_onset_non_steering,instability_ay_roll,straight,0,-0.0,all_raw_nonsteering_dynamic_onset,50297,251.485,600,400,400,2.0,True,True,103.975,True,True,,251.485,259.095,7.61,50297,51819,100.0,85.2,instability_ay_roll,True,vehicle_instability_allraw__zdq__2025_09_26_15_14_51__000251485,Full raw rescreen. Anchor is derived from non-steering vehicle dynamics (ay/roll_rate). Steering metrics are only response evidence and must not be used to define onset.
instability_allraw_highconf_oldcode_v0_1,zdq::2025_09_26_15_14_51::00691::instability_dynamic_onset,allraw_vehicle_instability_highconf,zdq,train,Entity_Recording_2025_09_26_15_14_51_vehicle.csv,Entity_Recording_2025_09_26_15_14_51_vehicle.csv,F:\data_set_process\data_process\01_datasets\数据预处理\原始车辆数据\zdq\Entity_Recording_2025_09_26_15_14_51_vehicle.csv,691,691,allraw_instability_rescreen_v0_1,none,instability_strong,all_raw_vehicle_dynamic_onset_non_steering,instability_ay_roll,design_special_event_segment,0,0.0,all_raw_nonsteering_dynamic_onset,53028,265.14,600,400,400,2.0,True,True,90.32,True,True,,265.14,277.475,12.335,53028,55495,100.0,76.14,instability_ay_roll,True,vehicle_instability_allraw__zdq__2025_09_26_15_14_51__000265140,Full raw rescreen. Anchor is derived from non-steering vehicle dynamics (ay/roll_rate). Steering metrics are only response evidence and must not be used to define onset.
instability_allraw_highconf_oldcode_v0_1,zdq::2025_09_26_15_21_51::00692::instability_dynamic_onset,allraw_vehicle_instability_highconf,zdq,train,Entity_Recording_2025_09_26_15_21_51_vehicle.csv,Entity_Recording_2025_09_26_15_21_51_vehicle.csv,F:\data_set_process\data_process\01_datasets\数据预处理\原始车辆数据\zdq\Entity_Recording_2025_09_26_15_21_51_vehicle.csv,692,692,allraw_instability_rescreen_v0_1,secondary,strong_active,all_raw_vehicle_dynamic_onset_non_steering,instability_ay_roll,straight,0,-0.0,all_raw_nonsteering_dynamic_onset,46389,231.945,600,400,400,2.0,True,True,29.91,True,True,,231.945,246.165,14.22,46389,49233,99.7,71.14,instability_ay_roll,True,vehicle_instability_allraw__zdq__2025_09_26_15_21_51__000231945,Full raw rescreen. Anchor is derived from non-steering vehicle dynamics (ay/roll_rate). Steering metrics are only response evidence and must not be used to define onset.
instability_allraw_highconf_oldcode_v0_1,zdq::2025_09_26_15_27_09::00693::instability_dynamic_onset,allraw_vehicle_instability_highconf,zdq,train,Entity_Recording_2025_09_26_15_27_09_vehicle.csv,Entity_Recording_2025_09_26_15_27_09_vehicle.csv,F:\data_set_process\data_process\01_datasets\数据预处理\原始车辆数据\zdq\Entity_Recording_2025_09_26_15_27_09_vehicle.csv,693,693,allraw_instability_rescreen_v0_1,secondary,extreme_active,all_raw_vehicle_dynamic_onset_non_steering,instability_roll_only,straight,0,-0.0,all_raw_nonsteering_dynamic_onset,9732,48.66,600,400,400,2.0,True,True,492.7,True,True,,48.66,48.835,0.175,9732,9767,100.0,77.2,instability_roll_only,True,vehicle_instability_allraw__zdq__2025_09_26_15_27_09__000048660,Full raw rescreen. Anchor is derived from non-steering vehicle dynamics (ay/roll_rate). Steering metrics are only response evidence and must not be used to define onset.
instability_allraw_highconf_oldcode_v0_1,zdq::2025_09_26_15_27_09::00694::instability_dynamic_onset,allraw_vehicle_instability_highconf,zdq,train,Entity_Recording_2025_09_26_15_27_09_vehicle.csv,Entity_Recording_2025_09_26_15_27_09_vehicle.csv,F:\data_set_process\data_process\01_datasets\数据预处理\原始车辆数据\zdq\Entity_Recording_2025_09_26_15_27_09_vehicle.csv,694,694,allraw_instability_rescreen_v0_1,secondary,extreme_active,all_raw_vehicle_dynamic_onset_non_steering,instability_ay_roll,straight,0,0.0,all_raw_nonsteering_dynamic_onset,10502,52.51,600,400,400,2.0,True,True,488.85,True,True,,52.51,56.97,4.46,10502,11394,100.0,91.66,instability_ay_roll,True,vehicle_instability_allraw__zdq__2025_09_26_15_27_09__000052510,Full raw rescreen. Anchor is derived from non-steering vehicle dynamics (ay/roll_rate). Steering metrics are only response evidence and must not be used to define onset.
instability_allraw_highconf_oldcode_v0_1,zdq::2025_09_26_15_27_09::00695::instability_dynamic_onset,allraw_vehicle_instability_highconf,zdq,train,Entity_Recording_2025_09_26_15_27_09_vehicle.csv,Entity_Recording_2025_09_26_15_27_09_vehicle.csv,F:\data_set_process\data_process\01_datasets\数据预处理\原始车辆数据\zdq\Entity_Recording_2025_09_26_15_27_09_vehicle.csv,695,695,allraw_instability_rescreen_v0_1,secondary,strong_active,all_raw_vehicle_dynamic_onset_non_steering,instability_ay_roll,straight,0,0.0,all_raw_nonsteering_dynamic_onset,12150,60.75,600,400,400,2.0,True,True,480.61,True,True,,60.75,63.125,2.375,12150,12625,100.0,76.77,instability_ay_roll,True,vehicle_instability_allraw__zdq__2025_09_26_15_27_09__000060750,Full raw rescreen. Anchor is derived from non-steering vehicle dynamics (ay/roll_rate). Steering metrics are only response evidence and must not be used to define onset.
instability_allraw_highconf_oldcode_v0_1,zdq::2025_09_26_15_27_09::00696::instability_dynamic_onset,allraw_vehicle_instability_highconf,zdq,train,Entity_Recording_2025_09_26_15_27_09_vehicle.csv,Entity_Recording_2025_09_26_15_27_09_vehicle.csv,F:\data_set_process\data_process\01_datasets\数据预处理\原始车辆数据\zdq\Entity_Recording_2025_09_26_15_27_09_vehicle.csv,696,696,allraw_instability_rescreen_v0_1,secondary,strong_active,all_raw_vehicle_dynamic_onset_non_steering,instability_ay_roll,straight,1,-0.00729802,all_raw_nonsteering_dynamic_onset,25040,125.2,600,400,400,2.0,True,True,416.16,True,True,,125.2,146.19,20.99,25040,29238,100.0,85.8,instability_ay_roll,True,vehicle_instability_allraw__zdq__2025_09_26_15_27_09__000125200,Full raw rescreen. Anchor is derived from non-steering vehicle dynamics (ay/roll_rate). Steering metrics are only response evidence and must not be used to define onset.
instability_allraw_highconf_oldcode_v0_1,zdq::2025_09_26_15_27_09::00697::instability_dynamic_onset,allraw_vehicle_instability_highconf,zdq,train,Entity_Recording_2025_09_26_15_27_09_vehicle.csv,Entity_Recording_2025_09_26_15_27_09_vehicle.csv,F:\data_set_process\data_process\01_datasets\数据预处理\原始车辆数据\zdq\Entity_Recording_2025_09_26_15_27_09_vehicle.csv,697,697,allraw_instability_rescreen_v0_1,primary,strong_active,all_raw_vehicle_dynamic_onset_non_steering,instability_ay_roll,straight,0,-0.0,all_raw_nonsteering_dynamic_onset,43638,218.19,600,400,400,2.0,True,True,323.17,True,True,,218.19,223.965,5.775,43638,44793,100.0,66.32,instability_ay_roll,True,vehicle_instability_allraw__zdq__2025_09_26_15_27_09__000218190,Full raw rescreen. Anchor is derived from non-steering vehicle dynamics (ay/roll_rate). Steering metrics are only response evidence and must not be used to define onset.
instability_allraw_highconf_oldcode_v0_1,zdq::2025_09_26_15_27_09::00698::instability_dynamic_onset,allraw_vehicle_instability_highconf,zdq,train,Entity_Recording_2025_09_26_15_27_09_vehicle.csv,Entity_Recording_2025_09_26_15_27_09_vehicle.csv,F:\data_set_process\data_process\01_datasets\数据预处理\原始车辆数据\zdq\Entity_Recording_2025_09_26_15_27_09_vehicle.csv,698,698,allraw_instability_rescreen_v0_1,none,instability_strong,all_raw_vehicle_dynamic_onset_non_steering,instability_ay_roll,design_regular_road,0,0.0,all_raw_nonsteering_dynamic_onset,54705,273.525,600,400,400,2.0,True,True,267.835,True,True,,273.525,297.89,24.365,54705,59578,92.56,76.69,instability_ay_roll,True,vehicle_instability_allraw__zdq__2025_09_26_15_27_09__000273525,Full raw rescreen. Anchor is derived from non-steering vehicle dynamics (ay/roll_rate). Steering metrics are only response evidence and must not be used to define onset.
instability_allraw_highconf_oldcode_v0_1,zdq::2025_09_26_15_27_09::00699::instability_dynamic_onset,allraw_vehicle_instability_highconf,zdq,train,Entity_Recording_2025_09_26_15_27_09_vehicle.csv,Entity_Recording_2025_09_26_15_27_09_vehicle.csv,F:\data_set_process\data_process\01_datasets\数据预处理\原始车辆数据\zdq\Entity_Recording_2025_09_26_15_27_09_vehicle.csv,699,699,allraw_instability_rescreen_v0_1,primary,strong_active,all_raw_vehicle_dynamic_onset_non_steering,instability_ay_roll,straight,0,-0.0,all_raw_nonsteering_dynamic_onset,84019,420.095,600,400,400,2.0,True,True,121.265,True,True,,420.095,426.46,6.365,84019,85292,100.0,67.65,instability_ay_roll,True,vehicle_instability_allraw__zdq__2025_09_26_15_27_09__000420095,Full raw rescreen. Anchor is derived from non-steering vehicle dynamics (ay/roll_rate). Steering metrics are only response evidence and must not be used to define onset.
instability_allraw_highconf_oldcode_v0_1,zdq::2025_09_26_15_27_09::00700::instability_dynamic_onset,allraw_vehicle_instability_highconf,zdq,train,Entity_Recording_2025_09_26_15_27_09_vehicle.csv,Entity_Recording_2025_09_26_15_27_09_vehicle.csv,F:\data_set_process\data_process\01_datasets\数据预处理\原始车辆数据\zdq\Entity_Recording_2025_09_26_15_27_09_vehicle.csv,700,700,allraw_instability_rescreen_v0_1,secondary,extreme_active,all_raw_vehicle_dynamic_onset_non_steering,instability_ay_roll,curve,0,-0.0,all_raw_nonsteering_dynamic_onset,91306,456.53,600,400,400,2.0,True,True,84.83,True,True,,456.53,480.895,24.365,91306,96179,100.0,93.21,instability_ay_roll,True,vehicle_instability_allraw__zdq__2025_09_26_15_27_09__000456530,Full raw rescreen. Anchor is derived from non-steering vehicle dynamics (ay/roll_rate). Steering metrics are only response evidence and must not be used to define onset.
instability_allraw_highconf_oldcode_v0_1,zdq::2025_09_26_15_37_30::00701::instability_dynamic_onset,allraw_vehicle_instability_highconf,zdq,train,Entity_Recording_2025_09_26_15_37_30_vehicle.csv,Entity_Recording_2025_09_26_15_37_30_vehicle.csv,F:\data_set_process\data_process\01_datasets\数据预处理\原始车辆数据\zdq\Entity_Recording_2025_09_26_15_37_30_vehicle.csv,701,701,allraw_instability_rescreen_v0_1,secondary,extreme_active,all_raw_vehicle_dynamic_onset_non_steering,instability_ay_roll,curve,1,-0.00729802,all_raw_nonsteering_dynamic_onset,24198,120.99,600,400,400,2.0,True,True,402.685,True,True,,120.99,140.38,19.39,24198,28076,100.0,96.08,instability_ay_roll,True,vehicle_instability_allraw__zdq__2025_09_26_15_37_30__000120990,Full raw rescreen. Anchor is derived from non-steering vehicle dynamics (ay/roll_rate). Steering metrics are only response evidence and must not be used to define onset.
instability_allraw_highconf_oldcode_v0_1,zdq::2025_09_26_15_37_30::00702::instability_dynamic_onset,allraw_vehicle_instability_highconf,zdq,train,Entity_Recording_2025_09_26_15_37_30_vehicle.csv,Entity_Recording_2025_09_26_15_37_30_vehicle.csv,F:\data_set_process\data_process\01_datasets\数据预处理\原始车辆数据\zdq\Entity_Recording_2025_09_26_15_37_30_vehicle.csv,702,702,allraw_instability_rescreen_v0_1,secondary,strong_active,all_raw_vehicle_dynamic_onset_non_steering,instability_ay_roll,straight,0,0.0,all_raw_nonsteering_dynamic_onset,35705,178.525,600,400,400,2.0,True,True,345.15,True,True,,178.525,183.79,5.265,35705,36758,100.0,77.61,instability_ay_roll,True,vehicle_instability_allraw__zdq__2025_09_26_15_37_30__000178525,Full raw rescreen. Anchor is derived from non-steering vehicle dynamics (ay/roll_rate). Steering metrics are only response evidence and must not be used to define onset.
instability_allraw_highconf_oldcode_v0_1,zdq::2025_09_26_15_37_30::00703::instability_dynamic_onset,allraw_vehicle_instability_highconf,zdq,train,Entity_Recording_2025_09_26_15_37_30_vehicle.csv,Entity_Recording_2025_09_26_15_37_30_vehicle.csv,F:\data_set_process\data_process\01_datasets\数据预处理\原始车辆数据\zdq\Entity_Recording_2025_09_26_15_37_30_vehicle.csv,703,703,allraw_instability_rescreen_v0_1,primary,strong_active,all_raw_vehicle_dynamic_onset_non_steering,instability_ay_roll,straight,0,-0.0,all_raw_nonsteering_dynamic_onset,40404,202.02,600,400,400,2.0,True,True,321.655,True,True,,202.02,205.53,3.51,40404,41106,89.21,57.75,instability_ay_roll,True,vehicle_instability_allraw__zdq__2025_09_26_15_37_30__000202020,Full raw rescreen. Anchor is derived from non-steering vehicle dynamics (ay/roll_rate). Steering metrics are only response evidence and must not be used to define onset.
instability_allraw_highconf_oldcode_v0_1,zdq::2025_09_26_15_37_30::00704::instability_dynamic_onset,allraw_vehicle_instability_highconf,zdq,train,Entity_Recording_2025_09_26_15_37_30_vehicle.csv,Entity_Recording_2025_09_26_15_37_30_vehicle.csv,F:\data_set_process\data_process\01_datasets\数据预处理\原始车辆数据\zdq\Entity_Recording_2025_09_26_15_37_30_vehicle.csv,704,704,allraw_instability_rescreen_v0_1,secondary,weak,all_raw_vehicle_dynamic_onset_non_steering,instability_ay_roll,curve,0,-0.0,all_raw_nonsteering_dynamic_onset,50289,251.445,600,400,400,2.0,True,True,272.23,True,True,,251.445,274.235,22.79,50289,54847,89.5,71.42,instability_ay_roll,True,vehicle_instability_allraw__zdq__2025_09_26_15_37_30__000251445,Full raw rescreen. Anchor is derived from non-steering vehicle dynamics (ay/roll_rate). Steering metrics are only response evidence and must not be used to define onset.
instability_allraw_highconf_oldcode_v0_1,zdq::2025_09_26_15_37_30::00705::instability_dynamic_onset,allraw_vehicle_instability_highconf,zdq,train,Entity_Recording_2025_09_26_15_37_30_vehicle.csv,Entity_Recording_2025_09_26_15_37_30_vehicle.csv,F:\data_set_process\data_process\01_datasets\数据预处理\原始车辆数据\zdq\Entity_Recording_2025_09_26_15_37_30_vehicle.csv,705,705,allraw_instability_rescreen_v0_1,secondary,strong_active,all_raw_vehicle_dynamic_onset_non_steering,instability_ay_roll,curve,0,0.0,all_raw_nonsteering_dynamic_onset,100399,501.995,600,400,400,2.0,True,True,21.68,True,True,,501.995,513.61,11.615,100399,102722,100.0,93.92,instability_ay_roll,True,vehicle_instability_allraw__zdq__2025_09_26_15_37_30__000501995,Full raw rescreen. Anchor is derived from non-steering vehicle dynamics (ay/roll_rate). Steering metrics are only response evidence and must not be used to define onset.
instability_allraw_highconf_oldcode_v0_1,zdq::2025_09_26_15_52_46::00706::instability_dynamic_onset,allraw_vehicle_instability_highconf,zdq,train,Entity_Recording_2025_09_26_15_52_46_vehicle.csv,Entity_Recording_2025_09_26_15_52_46_vehicle.csv,F:\data_set_process\data_process\01_datasets\数据预处理\原始车辆数据\zdq\Entity_Recording_2025_09_26_15_52_46_vehicle.csv,706,706,allraw_instability_rescreen_v0_1,secondary,strong_active,all_raw_vehicle_dynamic_onset_non_steering,instability_ay_roll,straight,0,0.0,all_raw_nonsteering_dynamic_onset,11614,58.07,600,400,400,2.0,True,True,543.295,True,True,,58.07,60.83,2.76,11614,12166,100.0,73.8,instability_ay_roll,True,vehicle_instability_allraw__zdq__2025_09_26_15_52_46__000058070,Full raw rescreen. Anchor is derived from non-steering vehicle dynamics (ay/roll_rate). Steering metrics are only response evidence and must not be used to define onset.
instability_allraw_highconf_oldcode_v0_1,zdq::2025_09_26_15_52_46::00707::instability_dynamic_onset,allraw_vehicle_instability_highconf,zdq,train,Entity_Recording_2025_09_26_15_52_46_vehicle.csv,Entity_Recording_2025_09_26_15_52_46_vehicle.csv,F:\data_set_process\data_process\01_datasets\数据预处理\原始车辆数据\zdq\Entity_Recording_2025_09_26_15_52_46_vehicle.csv,707,707,allraw_instability_rescreen_v0_1,secondary,extreme_active,all_raw_vehicle_dynamic_onset_non_steering,instability_ay_roll,curve,1,-0.00729802,all_raw_nonsteering_dynamic_onset,26074,130.37,600,400,400,2.0,True,True,470.995,True,True,,130.37,137.165,6.795,26074,27433,100.0,94.53,instability_ay_roll,True,vehicle_instability_allraw__zdq__2025_09_26_15_52_46__000130370,Full raw rescreen. Anchor is derived from non-steering vehicle dynamics (ay/roll_rate). Steering metrics are only response evidence and must not be used to define onset.
instability_allraw_highconf_oldcode_v0_1,zdq::2025_09_26_15_52_46::00708::instability_dynamic_onset,allraw_vehicle_instability_highconf,zdq,train,Entity_Recording_2025_09_26_15_52_46_vehicle.csv,Entity_Recording_2025_09_26_15_52_46_vehicle.csv,F:\data_set_process\data_process\01_datasets\数据预处理\原始车辆数据\zdq\Entity_Recording_2025_09_26_15_52_46_vehicle.csv,708,708,allraw_instability_rescreen_v0_1,secondary,strong_active,all_raw_vehicle_dynamic_onset_non_steering,instability_ay_roll,curve,1,-0.00729802,all_raw_nonsteering_dynamic_onset,32331,161.655,600,400,400,2.0,True,True,439.71,True,True,,161.655,170.5,8.845,32331,34100,94.89,62.18,instability_ay_roll,True,vehicle_instability_allraw__zdq__2025_09_26_15_52_46__000161655,Full raw rescreen. Anchor is derived from non-steering vehicle dynamics (ay/roll_rate). Steering metrics are only response evidence and must not be used to define onset.
instability_allraw_highconf_oldcode_v0_1,zdq::2025_09_26_15_52_46::00709::instability_dynamic_onset,allraw_vehicle_instability_highconf,zdq,train,Entity_Recording_2025_09_26_15_52_46_vehicle.csv,Entity_Recording_2025_09_26_15_52_46_vehicle.csv,F:\data_set_process\data_process\01_datasets\数据预处理\原始车辆数据\zdq\Entity_Recording_2025_09_26_15_52_46_vehicle.csv,709,709,allraw_instability_rescreen_v0_1,secondary,extreme_active,all_raw_vehicle_dynamic_onset_non_steering,instability_ay_roll,straight,0,0.0,all_raw_nonsteering_dynamic_onset,48543,242.715,600,400,400,2.0,True,True,358.65,True,True,,242.715,250.14,7.425,48543,50028,100.0,94.42,instability_ay_roll,True,vehicle_instability_allraw__zdq__2025_09_26_15_52_46__000242715,Full raw rescreen. Anchor is derived from non-steering vehicle dynamics (ay/roll_rate). Steering metrics are only response evidence and must not be used to define onset.
instability_allraw_highconf_oldcode_v0_1,zdq::2025_09_26_15_52_46::00710::instability_dynamic_onset,allraw_vehicle_instability_highconf,zdq,train,Entity_Recording_2025_09_26_15_52_46_vehicle.csv,Entity_Recording_2025_09_26_15_52_46_vehicle.csv,F:\data_set_process\data_process\01_datasets\数据预处理\原始车辆数据\zdq\Entity_Recording_2025_09_26_15_52_46_vehicle.csv,710,710,allraw_instability_rescreen_v0_1,secondary,extreme_active,all_raw_vehicle_dynamic_onset_non_steering,instability_ay_roll,straight,0,0.0,all_raw_nonsteering_dynamic_onset,51104,255.52,600,400,400,2.0,True,True,345.845,True,True,,255.52,264.05,8.53,51104,52810,100.0,75.96,instability_ay_roll,True,vehicle_instability_allraw__zdq__2025_09_26_15_52_46__000255520,Full raw rescreen. Anchor is derived from non-steering vehicle dynamics (ay/roll_rate). Steering metrics are only response evidence and must not be used to define onset.
instability_allraw_highconf_oldcode_v0_1,zdq::2025_09_26_15_52_46::00711::instability_dynamic_onset,allraw_vehicle_instability_highconf,zdq,train,Entity_Recording_2025_09_26_15_52_46_vehicle.csv,Entity_Recording_2025_09_26_15_52_46_vehicle.csv,F:\data_set_process\data_process\01_datasets\数据预处理\原始车辆数据\zdq\Entity_Recording_2025_09_26_15_52_46_vehicle.csv,711,711,allraw_instability_rescreen_v0_1,secondary,extreme_active,all_raw_vehicle_dynamic_onset_non_steering,instability_ay_roll,curve,0,0.0,all_raw_nonsteering_dynamic_onset,63898,319.49,600,400,400,2.0,True,True,281.875,True,True,,319.49,336.235,16.745,63898,67247,100.0,84.31,instability_ay_roll,True,vehicle_instability_allraw__zdq__2025_09_26_15_52_46__000319490,Full raw rescreen. Anchor is derived from non-steering vehicle dynamics (ay/roll_rate). Steering metrics are only response evidence and must not be used to define onset.
instability_allraw_highconf_oldcode_v0_1,zdq::2025_09_26_15_52_46::00712::instability_dynamic_onset,allraw_vehicle_instability_highconf,zdq,train,Entity_Recording_2025_09_26_15_52_46_vehicle.csv,Entity_Recording_2025_09_26_15_52_46_vehicle.csv,F:\data_set_process\data_process\01_datasets\数据预处理\原始车辆数据\zdq\Entity_Recording_2025_09_26_15_52_46_vehicle.csv,712,712,allraw_instability_rescreen_v0_1,none,instability_strong,all_raw_vehicle_dynamic_onset_non_steering,instability_ay_roll,design_high_risk_surface,0,0.0,all_raw_nonsteering_dynamic_onset,115577,577.885,600,400,400,2.0,True,True,23.48,True,True,,577.885,590.04,12.155,115577,118008,91.05,74.05,instability_ay_roll,True,vehicle_instability_allraw__zdq__2025_09_26_15_52_46__000577885,Full raw rescreen. Anchor is derived from non-steering vehicle dynamics (ay/roll_rate). Steering metrics are only response evidence and must not be used to define onset.
instability_allraw_highconf_oldcode_v0_1,zdq::2025_09_26_16_03_48::00713::instability_dynamic_onset,allraw_vehicle_instability_highconf,zdq,train,Entity_Recording_2025_09_26_16_03_48_vehicle.csv,Entity_Recording_2025_09_26_16_03_48_vehicle.csv,F:\data_set_process\data_process\01_datasets\数据预处理\原始车辆数据\zdq\Entity_Recording_2025_09_26_16_03_48_vehicle.csv,713,713,allraw_instability_rescreen_v0_1,secondary,extreme_active,all_raw_vehicle_dynamic_onset_non_steering,instability_ay_roll,straight,1,-0.00729802,all_raw_nonsteering_dynamic_onset,27305,136.525,600,400,400,2.0,True,True,421.345,True,True,,136.525,144.06,7.535,27305,28812,100.0,94.5,instability_ay_roll,True,vehicle_instability_allraw__zdq__2025_09_26_16_03_48__000136525,Full raw rescreen. Anchor is derived from non-steering vehicle dynamics (ay/roll_rate). Steering metrics are only response evidence and must not be used to define onset.
instability_allraw_highconf_oldcode_v0_1,zdq::2025_09_26_16_03_48::00714::instability_dynamic_onset,allraw_vehicle_instability_highconf,zdq,train,Entity_Recording_2025_09_26_16_03_48_vehicle.csv,Entity_Recording_2025_09_26_16_03_48_vehicle.csv,F:\data_set_process\data_process\01_datasets\数据预处理\原始车辆数据\zdq\Entity_Recording_2025_09_26_16_03_48_vehicle.csv,714,714,allraw_instability_rescreen_v0_1,secondary,extreme_active,all_raw_vehicle_dynamic_onset_non_steering,instability_ay_roll,curve,1,-0.00729802,all_raw_nonsteering_dynamic_onset,29413,147.065,600,400,400,2.0,True,True,410.805,True,True,,147.065,148.795,1.73,29413,29759,100.0,89.84,instability_ay_roll,True,vehicle_instability_allraw__zdq__2025_09_26_16_03_48__000147065,Full raw rescreen. Anchor is derived from non-steering vehicle dynamics (ay/roll_rate). Steering metrics are only response evidence and must not be used to define onset.
instability_allraw_highconf_oldcode_v0_1,zdq::2025_09_26_16_03_48::00715::instability_dynamic_onset,allraw_vehicle_instability_highconf,zdq,train,Entity_Recording_2025_09_26_16_03_48_vehicle.csv,Entity_Recording_2025_09_26_16_03_48_vehicle.csv,F:\data_set_process\data_process\01_datasets\数据预处理\原始车辆数据\zdq\Entity_Recording_2025_09_26_16_03_48_vehicle.csv,715,715,allraw_instability_rescreen_v0_1,secondary,extreme_active,all_raw_vehicle_dynamic_onset_non_steering,instability_ay_roll,curve,1,-0.00729802,all_raw_nonsteering_dynamic_onset,30406,152.03,600,400,400,2.0,True,True,405.84,True,True,,152.03,152.495,0.465,30406,30499,86.47,60.62,instability_ay_roll,True,vehicle_instability_allraw__zdq__2025_09_26_16_03_48__000152030,Full raw rescreen. Anchor is derived from non-steering vehicle dynamics (ay/roll_rate). Steering metrics are only response evidence and must not be used to define onset.
instability_allraw_highconf_oldcode_v0_1,zdq::2025_09_26_16_03_48::00716::instability_dynamic_onset,allraw_vehicle_instability_highconf,zdq,train,Entity_Recording_2025_09_26_16_03_48_vehicle.csv,Entity_Recording_2025_09_26_16_03_48_vehicle.csv,F:\data_set_process\data_process\01_datasets\数据预处理\原始车辆数据\zdq\Entity_Recording_2025_09_26_16_03_48_vehicle.csv,716,716,allraw_instability_rescreen_v0_1,secondary,extreme_active,all_raw_vehicle_dynamic_onset_non_steering,instability_ay_roll,straight,0,0.0,all_raw_nonsteering_dynamic_onset,41981,209.905,600,400,400,2.0,True,True,347.965,True,True,,209.905,215.63,5.725,41981,43126,100.0,74.05,instability_ay_roll,True,vehicle_instability_allraw__zdq__2025_09_26_16_03_48__000209905,Full raw rescreen. Anchor is derived from non-steering vehicle dynamics (ay/roll_rate). Steering metrics are only response evidence and must not be used to define onset.
instability_allraw_highconf_oldcode_v0_1,zdq::2025_09_26_16_03_48::00717::instability_dynamic_onset,allraw_vehicle_instability_highconf,zdq,train,Entity_Recording_2025_09_26_16_03_48_vehicle.csv,Entity_Recording_2025_09_26_16_03_48_vehicle.csv,F:\data_set_process\data_process\01_datasets\数据预处理\原始车辆数据\zdq\Entity_Recording_2025_09_26_16_03_48_vehicle.csv,717,717,allraw_instability_rescreen_v0_1,secondary,strong_active,all_raw_vehicle_dynamic_onset_non_steering,instability_ay_roll,straight,0,-0.0,all_raw_nonsteering_dynamic_onset,57552,287.76,600,400,400,2.0,True,True,270.11,True,True,,287.76,306.63,18.87,57552,61326,100.0,73.89,instability_ay_roll,True,vehicle_instability_allraw__zdq__2025_09_26_16_03_48__000287760,Full raw rescreen. Anchor is derived from non-steering vehicle dynamics (ay/roll_rate). Steering metrics are only response evidence and must not be used to define onset.
instability_allraw_highconf_oldcode_v0_1,zdq::2025_09_26_16_03_48::00718::instability_dynamic_onset,allraw_vehicle_instability_highconf,zdq,train,Entity_Recording_2025_09_26_16_03_48_vehicle.csv,Entity_Recording_2025_09_26_16_03_48_vehicle.csv,F:\data_set_process\data_process\01_datasets\数据预处理\原始车辆数据\zdq\Entity_Recording_2025_09_26_16_03_48_vehicle.csv,718,718,allraw_instability_rescreen_v0_1,primary,strong_active,all_raw_vehicle_dynamic_onset_non_steering,instability_ay_roll,straight,0,0.0,all_raw_nonsteering_dynamic_onset,69437,347.185,600,400,400,2.0,True,True,210.685,True,True,,347.185,350.125,2.94,69437,70025,100.0,67.85,instability_ay_roll,True,vehicle_instability_allraw__zdq__2025_09_26_16_03_48__000347185,Full raw rescreen. Anchor is derived from non-steering vehicle dynamics (ay/roll_rate). Steering metrics are only response evidence and must not be used to define onset.
instability_allraw_highconf_oldcode_v0_1,zdq::2025_09_26_16_03_48::00719::instability_dynamic_onset,allraw_vehicle_instability_highconf,zdq,train,Entity_Recording_2025_09_26_16_03_48_vehicle.csv,Entity_Recording_2025_09_26_16_03_48_vehicle.csv,F:\data_set_process\data_process\01_datasets\数据预处理\原始车辆数据\zdq\Entity_Recording_2025_09_26_16_03_48_vehicle.csv,719,719,allraw_instability_rescreen_v0_1,primary,extreme_active,all_raw_vehicle_dynamic_onset_non_steering,instability_ay_roll,straight,0,-0.0,all_raw_nonsteering_dynamic_onset,86827,434.135,600,400,400,2.0,True,True,123.735,True,True,,434.135,441.475,7.34,86827,88295,100.0,92.45,instability_ay_roll,True,vehicle_instability_allraw__zdq__2025_09_26_16_03_48__000434135,Full raw rescreen. Anchor is derived from non-steering vehicle dynamics (ay/roll_rate). Steering metrics are only response evidence and must not be used to define onset.
instability_allraw_highconf_oldcode_v0_1,zdq::2025_09_26_16_03_48::00720::instability_dynamic_onset,allraw_vehicle_instability_highconf,zdq,train,Entity_Recording_2025_09_26_16_03_48_vehicle.csv,Entity_Recording_2025_09_26_16_03_48_vehicle.csv,F:\data_set_process\data_process\01_datasets\数据预处理\原始车辆数据\zdq\Entity_Recording_2025_09_26_16_03_48_vehicle.csv,720,720,allraw_instability_rescreen_v0_1,secondary,medium_active,all_raw_vehicle_dynamic_onset_non_steering,instability_ay_roll,curve,0,0.0,all_raw_nonsteering_dynamic_onset,94276,471.38,600,400,400,2.0,True,True,86.49,True,True,,471.38,496.52,25.14,94276,99304,100.0,92.73,instability_ay_roll,True,vehicle_instability_allraw__zdq__2025_09_26_16_03_48__000471380,Full raw rescreen. Anchor is derived from non-steering vehicle dynamics (ay/roll_rate). Steering metrics are only response evidence and must not be used to define onset.
instability_allraw_highconf_oldcode_v0_1,zdq::2025_09_26_16_03_48::00721::instability_dynamic_onset,allraw_vehicle_instability_highconf,zdq,train,Entity_Recording_2025_09_26_16_03_48_vehicle.csv,Entity_Recording_2025_09_26_16_03_48_vehicle.csv,F:\data_set_process\data_process\01_datasets\数据预处理\原始车辆数据\zdq\Entity_Recording_2025_09_26_16_03_48_vehicle.csv,721,721,allraw_instability_rescreen_v0_1,secondary,weak,all_raw_vehicle_dynamic_onset_non_steering,instability_ay_roll,curve,0,0.0,all_raw_nonsteering_dynamic_onset,108146,540.73,600,400,400,2.0,True,True,17.14,True,True,,540.73,551.59,10.86,108146,110318,96.47,76.01,instability_ay_roll,True,vehicle_instability_allraw__zdq__2025_09_26_16_03_48__000540730,Full raw rescreen. Anchor is derived from non-steering vehicle dynamics (ay/roll_rate). Steering metrics are only response evidence and must not be used to define onset.
instability_allraw_highconf_oldcode_v0_1,zt::2025_09_28_11_20_08::00722::instability_dynamic_onset,allraw_vehicle_instability_highconf,zt,val,Entity_Recording_2025_09_28_11_20_08_vehicle.csv,Entity_Recording_2025_09_28_11_20_08_vehicle.csv,F:\data_set_process\data_process\01_datasets\数据预处理\原始车辆数据\zt\Entity_Recording_2025_09_28_11_20_08_vehicle.csv,722,722,allraw_instability_rescreen_v0_1,primary,strong_active,all_raw_vehicle_dynamic_onset_non_steering,instability_ay_roll,straight,1,-0.00729802,all_raw_nonsteering_dynamic_onset,31656,158.28,600,400,400,2.0,True,True,466.615,True,True,,158.28,175.58,17.3,31656,35116,100.0,75.04,instability_ay_roll,True,vehicle_instability_allraw__zt__2025_09_28_11_20_08__000158280,Full raw rescreen. Anchor is derived from non-steering vehicle dynamics (ay/roll_rate). Steering metrics are only response evidence and must not be used to define onset.
instability_allraw_highconf_oldcode_v0_1,zt::2025_09_28_11_20_08::00723::instability_dynamic_onset,allraw_vehicle_instability_highconf,zt,val,Entity_Recording_2025_09_28_11_20_08_vehicle.csv,Entity_Recording_2025_09_28_11_20_08_vehicle.csv,F:\data_set_process\data_process\01_datasets\数据预处理\原始车辆数据\zt\Entity_Recording_2025_09_28_11_20_08_vehicle.csv,723,723,allraw_instability_rescreen_v0_1,secondary,extreme_active,all_raw_vehicle_dynamic_onset_non_steering,instability_ay_roll,straight,0,0.0,all_raw_nonsteering_dynamic_onset,39973,199.865,600,400,400,2.0,True,True,425.03,True,True,,199.865,211.575,11.71,39973,42315,100.0,71.11,instability_ay_roll,True,vehicle_instability_allraw__zt__2025_09_28_11_20_08__000199865,Full raw rescreen. Anchor is derived from non-steering vehicle dynamics (ay/roll_rate). Steering metrics are only response evidence and must not be used to define onset.
instability_allraw_highconf_oldcode_v0_1,zt::2025_09_28_11_20_08::00724::instability_dynamic_onset,allraw_vehicle_instability_highconf,zt,val,Entity_Recording_2025_09_28_11_20_08_vehicle.csv,Entity_Recording_2025_09_28_11_20_08_vehicle.csv,F:\data_set_process\data_process\01_datasets\数据预处理\原始车辆数据\zt\Entity_Recording_2025_09_28_11_20_08_vehicle.csv,724,724,allraw_instability_rescreen_v0_1,secondary,extreme_active,all_raw_vehicle_dynamic_onset_non_steering,instability_ay_roll,straight,0,0.0,all_raw_nonsteering_dynamic_onset,50207,251.035,600,400,400,2.0,True,True,373.86,True,True,,251.035,256.6,5.565,50207,51320,100.0,71.66,instability_ay_roll,True,vehicle_instability_allraw__zt__2025_09_28_11_20_08__000251035,Full raw rescreen. Anchor is derived from non-steering vehicle dynamics (ay/roll_rate). Steering metrics are only response evidence and must not be used to define onset.
instability_allraw_highconf_oldcode_v0_1,zt::2025_09_28_11_20_08::00725::instability_dynamic_onset,allraw_vehicle_instability_highconf,zt,val,Entity_Recording_2025_09_28_11_20_08_vehicle.csv,Entity_Recording_2025_09_28_11_20_08_vehicle.csv,F:\data_set_process\data_process\01_datasets\数据预处理\原始车辆数据\zt\Entity_Recording_2025_09_28_11_20_08_vehicle.csv,725,725,allraw_instability_rescreen_v0_1,primary,medium_active,all_raw_vehicle_dynamic_onset_non_steering,instability_ay_roll,straight,0,-0.0,all_raw_nonsteering_dynamic_onset,54107,270.535,600,400,400,2.0,True,True,354.36,True,True,,270.535,273.68,3.145,54107,54736,92.29,61.98,instability_ay_roll,True,vehicle_instability_allraw__zt__2025_09_28_11_20_08__000270535,Full raw rescreen. Anchor is derived from non-steering vehicle dynamics (ay/roll_rate). Steering metrics are only response evidence and must not be used to define onset.
instability_allraw_highconf_oldcode_v0_1,zt::2025_09_28_11_20_08::00726::instability_dynamic_onset,allraw_vehicle_instability_highconf,zt,val,Entity_Recording_2025_09_28_11_20_08_vehicle.csv,Entity_Recording_2025_09_28_11_20_08_vehicle.csv,F:\data_set_process\data_process\01_datasets\数据预处理\原始车辆数据\zt\Entity_Recording_2025_09_28_11_20_08_vehicle.csv,726,726,allraw_instability_rescreen_v0_1,secondary,weak,all_raw_vehicle_dynamic_onset_non_steering,instability_ay_roll,curve,0,0.0,all_raw_nonsteering_dynamic_onset,62545,312.725,600,400,400,2.0,True,True,312.17,True,True,,312.725,331.23,18.505,62545,66246,100.0,80.56,instability_ay_roll,True,vehicle_instability_allraw__zt__2025_09_28_11_20_08__000312725,Full raw rescreen. Anchor is derived from non-steering vehicle dynamics (ay/roll_rate). Steering metrics are only response evidence and must not be used to define onset.
instability_allraw_highconf_oldcode_v0_1,zt::2025_09_28_11_20_08::00727::instability_dynamic_onset,allraw_vehicle_instability_highconf,zt,val,Entity_Recording_2025_09_28_11_20_08_vehicle.csv,Entity_Recording_2025_09_28_11_20_08_vehicle.csv,F:\data_set_process\data_process\01_datasets\数据预处理\原始车辆数据\zt\Entity_Recording_2025_09_28_11_20_08_vehicle.csv,727,727,allraw_instability_rescreen_v0_1,secondary,strong_active,all_raw_vehicle_dynamic_onset_non_steering,instability_ay_roll,straight,1,-0.0,all_raw_nonsteering_dynamic_onset,67751,338.755,600,400,400,2.0,True,True,286.14,True,True,,338.755,356.22,17.465,67751,71244,88.49,60.08,instability_ay_roll,True,vehicle_instability_allraw__zt__2025_09_28_11_20_08__000338755,Full raw rescreen. Anchor is derived from non-steering vehicle dynamics (ay/roll_rate). Steering metrics are only response evidence and must not be used to define onset.
instability_allraw_highconf_oldcode_v0_1,zt::2025_09_28_11_20_08::00728::instability_dynamic_onset,allraw_vehicle_instability_highconf,zt,val,Entity_Recording_2025_09_28_11_20_08_vehicle.csv,Entity_Recording_2025_09_28_11_20_08_vehicle.csv,F:\data_set_process\data_process\01_datasets\数据预处理\原始车辆数据\zt\Entity_Recording_2025_09_28_11_20_08_vehicle.csv,728,728,allraw_instability_rescreen_v0_1,primary,strong_active,all_raw_vehicle_dynamic_onset_non_steering,instability_ay_roll,straight,0,0.0,all_raw_nonsteering_dynamic_onset,83273,416.365,600,400,400,2.0,True,True,208.53,True,True,,416.365,419.535,3.17,83273,83907,82.74,56.28,instability_ay_roll,True,vehicle_instability_allraw__zt__2025_09_28_11_20_08__000416365,Full raw rescreen. Anchor is derived from non-steering vehicle dynamics (ay/roll_rate). Steering metrics are only response evidence and must not be used to define onset.
instability_allraw_highconf_oldcode_v0_1,zt::2025_09_28_11_20_08::00729::instability_dynamic_onset,allraw_vehicle_instability_highconf,zt,val,Entity_Recording_2025_09_28_11_20_08_vehicle.csv,Entity_Recording_2025_09_28_11_20_08_vehicle.csv,F:\data_set_process\data_process\01_datasets\数据预处理\原始车辆数据\zt\Entity_Recording_2025_09_28_11_20_08_vehicle.csv,729,729,allraw_instability_rescreen_v0_1,secondary,strong_active,all_raw_vehicle_dynamic_onset_non_steering,instability_ay_roll,straight,0,-0.0,all_raw_nonsteering_dynamic_onset,94598,472.99,600,400,400,2.0,True,True,151.905,True,True,,472.99,476.09,3.1,94598,95218,89.91,59.76,instability_ay_roll,True,vehicle_instability_allraw__zt__2025_09_28_11_20_08__000472990,Full raw rescreen. Anchor is derived from non-steering vehicle dynamics (ay/roll_rate). Steering metrics are only response evidence and must not be used to define onset.
instability_allraw_highconf_oldcode_v0_1,zt::2025_09_28_11_20_08::00730::instability_dynamic_onset,allraw_vehicle_instability_highconf,zt,val,Entity_Recording_2025_09_28_11_20_08_vehicle.csv,Entity_Recording_2025_09_28_11_20_08_vehicle.csv,F:\data_set_process\data_process\01_datasets\数据预处理\原始车辆数据\zt\Entity_Recording_2025_09_28_11_20_08_vehicle.csv,730,730,allraw_instability_rescreen_v0_1,secondary,strong_active,all_raw_vehicle_dynamic_onset_non_steering,instability_ay_roll,straight,0,-0.0,all_raw_nonsteering_dynamic_onset,97613,488.065,600,400,400,2.0,True,True,136.83,True,True,,488.065,495.14,7.075,97613,99028,96.84,60.83,instability_ay_roll,True,vehicle_instability_allraw__zt__2025_09_28_11_20_08__000488065,Full raw rescreen. Anchor is derived from non-steering vehicle dynamics (ay/roll_rate). Steering metrics are only response evidence and must not be used to define onset.
instability_allraw_highconf_oldcode_v0_1,zx::2025_09_27_16_32_00::00731::instability_dynamic_onset,allraw_vehicle_instability_highconf,zx,val,Entity_Recording_2025_09_27_16_32_00_vehicle.csv,Entity_Recording_2025_09_27_16_32_00_vehicle.csv,F:\data_set_process\data_process\01_datasets\数据预处理\原始车辆数据\zx\Entity_Recording_2025_09_27_16_32_00_vehicle.csv,731,731,allraw_instability_rescreen_v0_1,primary,strong_active,all_raw_vehicle_dynamic_onset_non_steering,instability_ay_roll,straight,0,0.0,all_raw_nonsteering_dynamic_onset,5751,28.755,600,400,400,2.0,True,True,671.49,True,True,,28.755,30.89,2.135,5751,6178,87.11,63.55,instability_ay_roll,True,vehicle_instability_allraw__zx__2025_09_27_16_32_00__000028755,Full raw rescreen. Anchor is derived from non-steering vehicle dynamics (ay/roll_rate). Steering metrics are only response evidence and must not be used to define onset.
instability_allraw_highconf_oldcode_v0_1,zx::2025_09_27_16_32_00::00732::instability_dynamic_onset,allraw_vehicle_instability_highconf,zx,val,Entity_Recording_2025_09_27_16_32_00_vehicle.csv,Entity_Recording_2025_09_27_16_32_00_vehicle.csv,F:\data_set_process\data_process\01_datasets\数据预处理\原始车辆数据\zx\Entity_Recording_2025_09_27_16_32_00_vehicle.csv,732,732,allraw_instability_rescreen_v0_1,secondary,extreme_active,all_raw_vehicle_dynamic_onset_non_steering,instability_ay_roll,straight,0,0.0,all_raw_nonsteering_dynamic_onset,14571,72.855,600,400,400,2.0,True,True,627.39,True,True,,72.855,85.525,12.67,14571,17105,100.0,94.84,instability_ay_roll,True,vehicle_instability_allraw__zx__2025_09_27_16_32_00__000072855,Full raw rescreen. Anchor is derived from non-steering vehicle dynamics (ay/roll_rate). Steering metrics are only response evidence and must not be used to define onset.
instability_allraw_highconf_oldcode_v0_1,zx::2025_09_27_16_32_00::00733::instability_dynamic_onset,allraw_vehicle_instability_highconf,zx,val,Entity_Recording_2025_09_27_16_32_00_vehicle.csv,Entity_Recording_2025_09_27_16_32_00_vehicle.csv,F:\data_set_process\data_process\01_datasets\数据预处理\原始车辆数据\zx\Entity_Recording_2025_09_27_16_32_00_vehicle.csv,733,733,allraw_instability_rescreen_v0_1,secondary,strong_active,all_raw_vehicle_dynamic_onset_non_steering,instability_roll_only,straight,0,0.0,all_raw_nonsteering_dynamic_onset,20317,101.585,600,400,400,2.0,True,True,598.66,True,True,,101.585,101.935,0.35,20317,20387,82.92,43.36,instability_roll_only,True,vehicle_instability_allraw__zx__2025_09_27_16_32_00__000101585,Full raw rescreen. Anchor is derived from non-steering vehicle dynamics (ay/roll_rate). Steering metrics are only response evidence and must not be used to define onset.
instability_allraw_highconf_oldcode_v0_1,zx::2025_09_27_16_32_00::00734::instability_dynamic_onset,allraw_vehicle_instability_highconf,zx,val,Entity_Recording_2025_09_27_16_32_00_vehicle.csv,Entity_Recording_2025_09_27_16_32_00_vehicle.csv,F:\data_set_process\data_process\01_datasets\数据预处理\原始车辆数据\zx\Entity_Recording_2025_09_27_16_32_00_vehicle.csv,734,734,allraw_instability_rescreen_v0_1,primary,strong_active,all_raw_vehicle_dynamic_onset_non_steering,instability_ay_roll,straight,0,0.0,all_raw_nonsteering_dynamic_onset,21062,105.31,600,400,400,2.0,True,True,594.935,True,True,,105.31,118.92,13.61,21062,23784,100.0,62.77,instability_ay_roll,True,vehicle_instability_allraw__zx__2025_09_27_16_32_00__000105310,Full raw rescreen. Anchor is derived from non-steering vehicle dynamics (ay/roll_rate). Steering metrics are only response evidence and must not be used to define onset.
instability_allraw_highconf_oldcode_v0_1,zx::2025_09_27_16_32_00::00735::instability_dynamic_onset,allraw_vehicle_instability_highconf,zx,val,Entity_Recording_2025_09_27_16_32_00_vehicle.csv,Entity_Recording_2025_09_27_16_32_00_vehicle.csv,F:\data_set_process\data_process\01_datasets\数据预处理\原始车辆数据\zx\Entity_Recording_2025_09_27_16_32_00_vehicle.csv,735,735,allraw_instability_rescreen_v0_1,primary,medium_active,all_raw_vehicle_dynamic_onset_non_steering,instability_ay_roll,straight,0,-0.0,all_raw_nonsteering_dynamic_onset,24404,122.02,600,400,400,2.0,True,True,578.225,True,True,,122.02,127.585,5.565,24404,25517,100.0,69.68,instability_ay_roll,True,vehicle_instability_allraw__zx__2025_09_27_16_32_00__000122020,Full raw rescreen. Anchor is derived from non-steering vehicle dynamics (ay/roll_rate). Steering metrics are only response evidence and must not be used to define onset.
instability_allraw_highconf_oldcode_v0_1,zx::2025_09_27_16_32_00::00736::instability_dynamic_onset,allraw_vehicle_instability_highconf,zx,val,Entity_Recording_2025_09_27_16_32_00_vehicle.csv,Entity_Recording_2025_09_27_16_32_00_vehicle.csv,F:\data_set_process\data_process\01_datasets\数据预处理\原始车辆数据\zx\Entity_Recording_2025_09_27_16_32_00_vehicle.csv,736,736,allraw_instability_rescreen_v0_1,secondary,extreme_active,all_raw_vehicle_dynamic_onset_non_steering,instability_ay_roll,straight,0,-0.0,all_raw_nonsteering_dynamic_onset,29760,148.8,600,400,400,2.0,True,True,551.445,True,True,,148.8,156.575,7.775,29760,31315,100.0,95.0,instability_ay_roll,True,vehicle_instability_allraw__zx__2025_09_27_16_32_00__000148800,Full raw rescreen. Anchor is derived from non-steering vehicle dynamics (ay/roll_rate). Steering metrics are only response evidence and must not be used to define onset.
instability_allraw_highconf_oldcode_v0_1,zx::2025_09_27_16_32_00::00737::instability_dynamic_onset,allraw_vehicle_instability_highconf,zx,val,Entity_Recording_2025_09_27_16_32_00_vehicle.csv,Entity_Recording_2025_09_27_16_32_00_vehicle.csv,F:\data_set_process\data_process\01_datasets\数据预处理\原始车辆数据\zx\Entity_Recording_2025_09_27_16_32_00_vehicle.csv,737,737,allraw_instability_rescreen_v0_1,secondary,extreme_active,all_raw_vehicle_dynamic_onset_non_steering,instability_ay_roll,straight,0,0.0,all_raw_nonsteering_dynamic_onset,32754,163.77,600,400,400,2.0,True,True,536.475,True,True,,163.77,190.285,26.515,32754,38057,100.0,74.03,instability_ay_roll,True,vehicle_instability_allraw__zx__2025_09_27_16_32_00__000163770,Full raw rescreen. Anchor is derived from non-steering vehicle dynamics (ay/roll_rate). Steering metrics are only response evidence and must not be used to define onset.
instability_allraw_highconf_oldcode_v0_1,zx::2025_09_27_16_32_00::00738::instability_dynamic_onset,allraw_vehicle_instability_highconf,zx,val,Entity_Recording_2025_09_27_16_32_00_vehicle.csv,Entity_Recording_2025_09_27_16_32_00_vehicle.csv,F:\data_set_process\data_process\01_datasets\数据预处理\原始车辆数据\zx\Entity_Recording_2025_09_27_16_32_00_vehicle.csv,738,738,allraw_instability_rescreen_v0_1,secondary,strong_active,all_raw_vehicle_dynamic_onset_non_steering,instability_ay_roll,straight,1,-0.00729802,all_raw_nonsteering_dynamic_onset,46330,231.65,600,400,400,2.0,True,True,468.595,True,True,,231.65,249.515,17.865,46330,49903,100.0,80.99,instability_ay_roll,True,vehicle_instability_allraw__zx__2025_09_27_16_32_00__000231650,Full raw rescreen. Anchor is derived from non-steering vehicle dynamics (ay/roll_rate). Steering metrics are only response evidence and must not be used to define onset.
instability_allraw_highconf_oldcode_v0_1,zx::2025_09_27_16_32_00::00739::instability_dynamic_onset,allraw_vehicle_instability_highconf,zx,val,Entity_Recording_2025_09_27_16_32_00_vehicle.csv,Entity_Recording_2025_09_27_16_32_00_vehicle.csv,F:\data_set_process\data_process\01_datasets\数据预处理\原始车辆数据\zx\Entity_Recording_2025_09_27_16_32_00_vehicle.csv,739,739,allraw_instability_rescreen_v0_1,secondary,extreme_active,all_raw_vehicle_dynamic_onset_non_steering,instability_ay_roll,straight,0,0.0,all_raw_nonsteering_dynamic_onset,52014,260.07,600,400,400,2.0,True,True,440.175,True,True,,260.07,268.245,8.175,52014,53649,100.0,82.88,instability_ay_roll,True,vehicle_instability_allraw__zx__2025_09_27_16_32_00__000260070,Full raw rescreen. Anchor is derived from non-steering vehicle dynamics (ay/roll_rate). Steering metrics are only response evidence and must not be used to define onset.
instability_allraw_highconf_oldcode_v0_1,zx::2025_09_27_16_32_00::00740::instability_dynamic_onset,allraw_vehicle_instability_highconf,zx,val,Entity_Recording_2025_09_27_16_32_00_vehicle.csv,Entity_Recording_2025_09_27_16_32_00_vehicle.csv,F:\data_set_process\data_process\01_datasets\数据预处理\原始车辆数据\zx\Entity_Recording_2025_09_27_16_32_00_vehicle.csv,740,740,allraw_instability_rescreen_v0_1,secondary,extreme_active,all_raw_vehicle_dynamic_onset_non_steering,instability_ay_roll,straight,0,-0.0,all_raw_nonsteering_dynamic_onset,62515,312.575,600,400,400,2.0,True,True,387.67,True,True,,312.575,329.305,16.73,62515,65861,100.0,91.61,instability_ay_roll,True,vehicle_instability_allraw__zx__2025_09_27_16_32_00__000312575,Full raw rescreen. Anchor is derived from non-steering vehicle dynamics (ay/roll_rate). Steering metrics are only response evidence and must not be used to define onset.
instability_allraw_highconf_oldcode_v0_1,zx::2025_09_27_16_32_00::00741::instability_dynamic_onset,allraw_vehicle_instability_highconf,zx,val,Entity_Recording_2025_09_27_16_32_00_vehicle.csv,Entity_Recording_2025_09_27_16_32_00_vehicle.csv,F:\data_set_process\data_process\01_datasets\数据预处理\原始车辆数据\zx\Entity_Recording_2025_09_27_16_32_00_vehicle.csv,741,741,allraw_instability_rescreen_v0_1,secondary,weak,all_raw_vehicle_dynamic_onset_non_steering,instability_ay_roll,curve,0,0.0,all_raw_nonsteering_dynamic_onset,72975,364.875,600,400,400,2.0,True,True,335.37,True,True,,364.875,380.585,15.71,72975,76117,100.0,82.33,instability_ay_roll,True,vehicle_instability_allraw__zx__2025_09_27_16_32_00__000364875,Full raw rescreen. Anchor is derived from non-steering vehicle dynamics (ay/roll_rate). Steering metrics are only response evidence and must not be used to define onset.
instability_allraw_highconf_oldcode_v0_1,zx::2025_09_27_16_32_00::00742::instability_dynamic_onset,allraw_vehicle_instability_highconf,zx,val,Entity_Recording_2025_09_27_16_32_00_vehicle.csv,Entity_Recording_2025_09_27_16_32_00_vehicle.csv,F:\data_set_process\data_process\01_datasets\数据预处理\原始车辆数据\zx\Entity_Recording_2025_09_27_16_32_00_vehicle.csv,742,742,allraw_instability_rescreen_v0_1,secondary,weak,all_raw_vehicle_dynamic_onset_non_steering,instability_ay_roll,curve,1,0.0,all_raw_nonsteering_dynamic_onset,76990,384.95,600,400,400,2.0,True,True,315.295,True,True,,384.95,386.94,1.99,76990,77388,86.3,72.23,instability_ay_roll,True,vehicle_instability_allraw__zx__2025_09_27_16_32_00__000384950,Full raw rescreen. Anchor is derived from non-steering vehicle dynamics (ay/roll_rate). Steering metrics are only response evidence and must not be used to define onset.
instability_allraw_highconf_oldcode_v0_1,zx::2025_09_27_16_32_00::00743::instability_dynamic_onset,allraw_vehicle_instability_highconf,zx,val,Entity_Recording_2025_09_27_16_32_00_vehicle.csv,Entity_Recording_2025_09_27_16_32_00_vehicle.csv,F:\data_set_process\data_process\01_datasets\数据预处理\原始车辆数据\zx\Entity_Recording_2025_09_27_16_32_00_vehicle.csv,743,743,allraw_instability_rescreen_v0_1,secondary,extreme_active,all_raw_vehicle_dynamic_onset_non_steering,instability_ay_roll,straight,1,0.0,all_raw_nonsteering_dynamic_onset,79660,398.3,600,400,400,2.0,True,True,301.945,True,True,,398.3,406.425,8.125,79660,81285,100.0,80.74,instability_ay_roll,True,vehicle_instability_allraw__zx__2025_09_27_16_32_00__000398300,Full raw rescreen. Anchor is derived from non-steering vehicle dynamics (ay/roll_rate). Steering metrics are only response evidence and must not be used to define onset.
instability_allraw_highconf_oldcode_v0_1,zx::2025_09_27_16_32_00::00744::instability_dynamic_onset,allraw_vehicle_instability_highconf,zx,val,Entity_Recording_2025_09_27_16_32_00_vehicle.csv,Entity_Recording_2025_09_27_16_32_00_vehicle.csv,F:\data_set_process\data_process\01_datasets\数据预处理\原始车辆数据\zx\Entity_Recording_2025_09_27_16_32_00_vehicle.csv,744,744,allraw_instability_rescreen_v0_1,secondary,extreme_active,all_raw_vehicle_dynamic_onset_non_steering,instability_ay_roll,straight,1,-0.00011437,all_raw_nonsteering_dynamic_onset,83531,417.655,600,400,400,2.0,True,True,282.59,True,True,,417.655,418.285,0.63,83531,83657,100.0,87.86,instability_ay_roll,True,vehicle_instability_allraw__zx__2025_09_27_16_32_00__000417655,Full raw rescreen. Anchor is derived from non-steering vehicle dynamics (ay/roll_rate). Steering metrics are only response evidence and must not be used to define onset.
instability_allraw_highconf_oldcode_v0_1,zx::2025_09_27_16_32_00::00745::instability_dynamic_onset,allraw_vehicle_instability_highconf,zx,val,Entity_Recording_2025_09_27_16_32_00_vehicle.csv,Entity_Recording_2025_09_27_16_32_00_vehicle.csv,F:\data_set_process\data_process\01_datasets\数据预处理\原始车辆数据\zx\Entity_Recording_2025_09_27_16_32_00_vehicle.csv,745,745,allraw_instability_rescreen_v0_1,secondary,extreme_active,all_raw_vehicle_dynamic_onset_non_steering,instability_ay_roll,straight,0,-0.0,all_raw_nonsteering_dynamic_onset,84205,421.025,600,400,400,2.0,True,True,279.22,True,True,,421.025,434.185,13.16,84205,86837,100.0,95.74,instability_ay_roll,True,vehicle_instability_allraw__zx__2025_09_27_16_32_00__000421025,Full raw rescreen. Anchor is derived from non-steering vehicle dynamics (ay/roll_rate). Steering metrics are only response evidence and must not be used to define onset.
instability_allraw_highconf_oldcode_v0_1,zx::2025_09_27_16_32_00::00746::instability_dynamic_onset,allraw_vehicle_instability_highconf,zx,val,Entity_Recording_2025_09_27_16_32_00_vehicle.csv,Entity_Recording_2025_09_27_16_32_00_vehicle.csv,F:\data_set_process\data_process\01_datasets\数据预处理\原始车辆数据\zx\Entity_Recording_2025_09_27_16_32_00_vehicle.csv,746,746,allraw_instability_rescreen_v0_1,secondary,strong_active,all_raw_vehicle_dynamic_onset_non_steering,instability_ay_roll,straight,0,-0.0,all_raw_nonsteering_dynamic_onset,89255,446.275,600,400,400,2.0,True,True,253.97,True,True,,446.275,463.42,17.145,89255,92684,87.48,59.25,instability_ay_roll,True,vehicle_instability_allraw__zx__2025_09_27_16_32_00__000446275,Full raw rescreen. Anchor is derived from non-steering vehicle dynamics (ay/roll_rate). Steering metrics are only response evidence and must not be used to define onset.
instability_allraw_highconf_oldcode_v0_1,zx::2025_09_27_16_32_00::00747::instability_dynamic_onset,allraw_vehicle_instability_highconf,zx,val,Entity_Recording_2025_09_27_16_32_00_vehicle.csv,Entity_Recording_2025_09_27_16_32_00_vehicle.csv,F:\data_set_process\data_process\01_datasets\数据预处理\原始车辆数据\zx\Entity_Recording_2025_09_27_16_32_00_vehicle.csv,747,747,allraw_instability_rescreen_v0_1,primary,strong_active,all_raw_vehicle_dynamic_onset_non_steering,instability_ay_roll,straight,0,0.0,all_raw_nonsteering_dynamic_onset,94127,470.635,600,400,400,2.0,True,True,229.61,True,True,,470.635,488.035,17.4,94127,97607,98.96,59.44,instability_ay_roll,True,vehicle_instability_allraw__zx__2025_09_27_16_32_00__000470635,Full raw rescreen. Anchor is derived from non-steering vehicle dynamics (ay/roll_rate). Steering metrics are only response evidence and must not be used to define onset.
instability_allraw_highconf_oldcode_v0_1,zx::2025_09_27_16_32_00::00748::instability_dynamic_onset,allraw_vehicle_instability_highconf,zx,val,Entity_Recording_2025_09_27_16_32_00_vehicle.csv,Entity_Recording_2025_09_27_16_32_00_vehicle.csv,F:\data_set_process\data_process\01_datasets\数据预处理\原始车辆数据\zx\Entity_Recording_2025_09_27_16_32_00_vehicle.csv,748,748,allraw_instability_rescreen_v0_1,secondary,strong_active,all_raw_vehicle_dynamic_onset_non_steering,instability_ay_roll,straight,0,0.0,all_raw_nonsteering_dynamic_onset,98124,490.62,600,400,400,2.0,True,True,209.625,True,True,,490.62,497.78,7.16,98124,99556,100.0,89.96,instability_ay_roll,True,vehicle_instability_allraw__zx__2025_09_27_16_32_00__000490620,Full raw rescreen. Anchor is derived from non-steering vehicle dynamics (ay/roll_rate). Steering metrics are only response evidence and must not be used to define onset.
instability_allraw_highconf_oldcode_v0_1,zx::2025_09_27_16_32_00::00749::instability_dynamic_onset,allraw_vehicle_instability_highconf,zx,val,Entity_Recording_2025_09_27_16_32_00_vehicle.csv,Entity_Recording_2025_09_27_16_32_00_vehicle.csv,F:\data_set_process\data_process\01_datasets\数据预处理\原始车辆数据\zx\Entity_Recording_2025_09_27_16_32_00_vehicle.csv,749,749,allraw_instability_rescreen_v0_1,secondary,extreme_active,all_raw_vehicle_dynamic_onset_non_steering,instability_ay_roll,straight,0,0.0,all_raw_nonsteering_dynamic_onset,111985,559.925,600,400,400,2.0,True,True,140.32,True,True,,559.925,569.0,9.075,111985,113800,100.0,80.27,instability_ay_roll,True,vehicle_instability_allraw__zx__2025_09_27_16_32_00__000559925,Full raw rescreen. Anchor is derived from non-steering vehicle dynamics (ay/roll_rate). Steering metrics are only response evidence and must not be used to define onset.
instability_allraw_highconf_oldcode_v0_1,zx::2025_09_27_16_32_00::00750::instability_dynamic_onset,allraw_vehicle_instability_highconf,zx,val,Entity_Recording_2025_09_27_16_32_00_vehicle.csv,Entity_Recording_2025_09_27_16_32_00_vehicle.csv,F:\data_set_process\data_process\01_datasets\数据预处理\原始车辆数据\zx\Entity_Recording_2025_09_27_16_32_00_vehicle.csv,750,750,allraw_instability_rescreen_v0_1,secondary,medium_active,all_raw_vehicle_dynamic_onset_non_steering,instability_ay_roll,curve,0,-0.0,all_raw_nonsteering_dynamic_onset,118601,593.005,600,400,400,2.0,True,True,107.24,True,True,,593.005,612.42,19.415,118601,122484,85.44,63.13,instability_ay_roll,True,vehicle_instability_allraw__zx__2025_09_27_16_32_00__000593005,Full raw rescreen. Anchor is derived from non-steering vehicle dynamics (ay/roll_rate). Steering metrics are only response evidence and must not be used to define onset.
instability_allraw_highconf_oldcode_v0_1,zx::2025_09_27_16_32_00::00751::instability_dynamic_onset,allraw_vehicle_instability_highconf,zx,val,Entity_Recording_2025_09_27_16_32_00_vehicle.csv,Entity_Recording_2025_09_27_16_32_00_vehicle.csv,F:\data_set_process\data_process\01_datasets\数据预处理\原始车辆数据\zx\Entity_Recording_2025_09_27_16_32_00_vehicle.csv,751,751,allraw_instability_rescreen_v0_1,none,instability_extreme,all_raw_vehicle_dynamic_onset_non_steering,instability_ay_roll,design_high_risk_surface,0,-0.0,all_raw_nonsteering_dynamic_onset,123161,615.805,600,400,400,2.0,True,True,84.44,True,True,,615.805,638.76,22.955,123161,127752,100.0,93.04,instability_ay_roll,True,vehicle_instability_allraw__zx__2025_09_27_16_32_00__000615805,Full raw rescreen. Anchor is derived from non-steering vehicle dynamics (ay/roll_rate). Steering metrics are only response evidence and must not be used to define onset.
instability_allraw_highconf_oldcode_v0_1,zx::2025_09_27_16_32_00::00752::instability_dynamic_onset,allraw_vehicle_instability_highconf,zx,val,Entity_Recording_2025_09_27_16_32_00_vehicle.csv,Entity_Recording_2025_09_27_16_32_00_vehicle.csv,F:\data_set_process\data_process\01_datasets\数据预处理\原始车辆数据\zx\Entity_Recording_2025_09_27_16_32_00_vehicle.csv,752,752,allraw_instability_rescreen_v0_1,secondary,strong_active,all_raw_vehicle_dynamic_onset_non_steering,instability_ay_roll,straight,0,0.0,all_raw_nonsteering_dynamic_onset,129117,645.585,600,400,400,2.0,True,True,54.66,True,True,,645.585,661.455,15.87,129117,132291,93.22,58.7,instability_ay_roll,True,vehicle_instability_allraw__zx__2025_09_27_16_32_00__000645585,Full raw rescreen. Anchor is derived from non-steering vehicle dynamics (ay/roll_rate). Steering metrics are only response evidence and must not be used to define onset.
instability_allraw_highconf_oldcode_v0_1,zx::2025_09_27_16_46_13::00753::instability_dynamic_onset,allraw_vehicle_instability_highconf,zx,val,Entity_Recording_2025_09_27_16_46_13_vehicle.csv,Entity_Recording_2025_09_27_16_46_13_vehicle.csv,F:\data_set_process\data_process\01_datasets\数据预处理\原始车辆数据\zx\Entity_Recording_2025_09_27_16_46_13_vehicle.csv,753,753,allraw_instability_rescreen_v0_1,primary,extreme_active,all_raw_vehicle_dynamic_onset_non_steering,instability_ay_roll,straight,0,-0.0,all_raw_nonsteering_dynamic_onset,15778,78.89,600,400,400,2.0,True,True,631.21,True,True,,78.89,83.265,4.375,15778,16653,100.0,78.95,instability_ay_roll,True,vehicle_instability_allraw__zx__2025_09_27_16_46_13__000078890,Full raw rescreen. Anchor is derived from non-steering vehicle dynamics (ay/roll_rate). Steering metrics are only response evidence and must not be used to define onset.
instability_allraw_highconf_oldcode_v0_1,zx::2025_09_27_16_46_13::00754::instability_dynamic_onset,allraw_vehicle_instability_highconf,zx,val,Entity_Recording_2025_09_27_16_46_13_vehicle.csv,Entity_Recording_2025_09_27_16_46_13_vehicle.csv,F:\data_set_process\data_process\01_datasets\数据预处理\原始车辆数据\zx\Entity_Recording_2025_09_27_16_46_13_vehicle.csv,754,754,allraw_instability_rescreen_v0_1,secondary,extreme_active,all_raw_vehicle_dynamic_onset_non_steering,instability_ay_roll,straight,0,-0.0,all_raw_nonsteering_dynamic_onset,17415,87.075,600,400,400,2.0,True,True,623.025,True,True,,87.075,93.96,6.885,17415,18792,100.0,86.26,instability_ay_roll,True,vehicle_instability_allraw__zx__2025_09_27_16_46_13__000087075,Full raw rescreen. Anchor is derived from non-steering vehicle dynamics (ay/roll_rate). Steering metrics are only response evidence and must not be used to define onset.
instability_allraw_highconf_oldcode_v0_1,zx::2025_09_27_16_46_13::00755::instability_dynamic_onset,allraw_vehicle_instability_highconf,zx,val,Entity_Recording_2025_09_27_16_46_13_vehicle.csv,Entity_Recording_2025_09_27_16_46_13_vehicle.csv,F:\data_set_process\data_process\01_datasets\数据预处理\原始车辆数据\zx\Entity_Recording_2025_09_27_16_46_13_vehicle.csv,755,755,allraw_instability_rescreen_v0_1,secondary,extreme_active,all_raw_vehicle_dynamic_onset_non_steering,instability_ay_roll,straight,0,0.0,all_raw_nonsteering_dynamic_onset,22236,111.18,600,400,400,2.0,True,True,598.92,True,True,,111.18,121.34,10.16,22236,24268,100.0,83.5,instability_ay_roll,True,vehicle_instability_allraw__zx__2025_09_27_16_46_13__000111180,Full raw rescreen. Anchor is derived from non-steering vehicle dynamics (ay/roll_rate). Steering metrics are only response evidence and must not be used to define onset.
instability_allraw_highconf_oldcode_v0_1,zx::2025_09_27_16_46_13::00756::instability_dynamic_onset,allraw_vehicle_instability_highconf,zx,val,Entity_Recording_2025_09_27_16_46_13_vehicle.csv,Entity_Recording_2025_09_27_16_46_13_vehicle.csv,F:\data_set_process\data_process\01_datasets\数据预处理\原始车辆数据\zx\Entity_Recording_2025_09_27_16_46_13_vehicle.csv,756,756,allraw_instability_rescreen_v0_1,secondary,extreme_active,all_raw_vehicle_dynamic_onset_non_steering,instability_ay_roll,curve,1,-0.00729802,all_raw_nonsteering_dynamic_onset,30586,152.93,600,400,400,2.0,True,True,557.17,True,True,,152.93,162.89,9.96,30586,32578,100.0,94.83,instability_ay_roll,True,vehicle_instability_allraw__zx__2025_09_27_16_46_13__000152930,Full raw rescreen. Anchor is derived from non-steering vehicle dynamics (ay/roll_rate). Steering metrics are only response evidence and must not be used to define onset.
instability_allraw_highconf_oldcode_v0_1,zx::2025_09_27_16_46_13::00757::instability_dynamic_onset,allraw_vehicle_instability_highconf,zx,val,Entity_Recording_2025_09_27_16_46_13_vehicle.csv,Entity_Recording_2025_09_27_16_46_13_vehicle.csv,F:\data_set_process\data_process\01_datasets\数据预处理\原始车辆数据\zx\Entity_Recording_2025_09_27_16_46_13_vehicle.csv,757,757,allraw_instability_rescreen_v0_1,none,instability_medium,all_raw_vehicle_dynamic_onset_non_steering,instability_ay_roll,design_curve_context,1,-0.00729802,all_raw_nonsteering_dynamic_onset,42499,212.495,600,400,400,2.0,True,True,497.605,True,True,,212.495,214.23,1.735,42499,42846,83.48,65.68,instability_ay_roll,True,vehicle_instability_allraw__zx__2025_09_27_16_46_13__000212495,Full raw rescreen. Anchor is derived from non-steering vehicle dynamics (ay/roll_rate). Steering metrics are only response evidence and must not be used to define onset.
instability_allraw_highconf_oldcode_v0_1,zx::2025_09_27_16_46_13::00758::instability_dynamic_onset,allraw_vehicle_instability_highconf,zx,val,Entity_Recording_2025_09_27_16_46_13_vehicle.csv,Entity_Recording_2025_09_27_16_46_13_vehicle.csv,F:\data_set_process\data_process\01_datasets\数据预处理\原始车辆数据\zx\Entity_Recording_2025_09_27_16_46_13_vehicle.csv,758,758,allraw_instability_rescreen_v0_1,secondary,strong_active,all_raw_vehicle_dynamic_onset_non_steering,instability_ay_roll,curve,1,-0.00729802,all_raw_nonsteering_dynamic_onset,43591,217.955,600,400,400,2.0,True,True,492.145,True,True,,217.955,221.385,3.43,43591,44277,82.61,49.83,instability_ay_roll,True,vehicle_instability_allraw__zx__2025_09_27_16_46_13__000217955,Full raw rescreen. Anchor is derived from non-steering vehicle dynamics (ay/roll_rate). Steering metrics are only response evidence and must not be used to define onset.
instability_allraw_highconf_oldcode_v0_1,zx::2025_09_27_16_46_13::00759::instability_dynamic_onset,allraw_vehicle_instability_highconf,zx,val,Entity_Recording_2025_09_27_16_46_13_vehicle.csv,Entity_Recording_2025_09_27_16_46_13_vehicle.csv,F:\data_set_process\data_process\01_datasets\数据预处理\原始车辆数据\zx\Entity_Recording_2025_09_27_16_46_13_vehicle.csv,759,759,allraw_instability_rescreen_v0_1,primary,strong_active,all_raw_vehicle_dynamic_onset_non_steering,instability_ay_roll,curve,1,-0.00729802,all_raw_nonsteering_dynamic_onset,47504,237.52,600,400,400,2.0,True,True,472.58,True,True,,237.52,251.875,14.355,47504,50375,94.08,59.28,instability_ay_roll,True,vehicle_instability_allraw__zx__2025_09_27_16_46_13__000237520,Full raw rescreen. Anchor is derived from non-steering vehicle dynamics (ay/roll_rate). Steering metrics are only response evidence and must not be used to define onset.
instability_allraw_highconf_oldcode_v0_1,zx::2025_09_27_16_46_13::00760::instability_dynamic_onset,allraw_vehicle_instability_highconf,zx,val,Entity_Recording_2025_09_27_16_46_13_vehicle.csv,Entity_Recording_2025_09_27_16_46_13_vehicle.csv,F:\data_set_process\data_process\01_datasets\数据预处理\原始车辆数据\zx\Entity_Recording_2025_09_27_16_46_13_vehicle.csv,760,760,allraw_instability_rescreen_v0_1,secondary,extreme_active,all_raw_vehicle_dynamic_onset_non_steering,instability_ay_roll,straight,0,0.0,all_raw_nonsteering_dynamic_onset,52659,263.295,600,400,400,2.0,True,True,446.805,True,True,,263.295,270.135,6.84,52659,54027,100.0,87.28,instability_ay_roll,True,vehicle_instability_allraw__zx__2025_09_27_16_46_13__000263295,Full raw rescreen. Anchor is derived from non-steering vehicle dynamics (ay/roll_rate). Steering metrics are only response evidence and must not be used to define onset.
instability_allraw_highconf_oldcode_v0_1,zx::2025_09_27_16_46_13::00761::instability_dynamic_onset,allraw_vehicle_instability_highconf,zx,val,Entity_Recording_2025_09_27_16_46_13_vehicle.csv,Entity_Recording_2025_09_27_16_46_13_vehicle.csv,F:\data_set_process\data_process\01_datasets\数据预处理\原始车辆数据\zx\Entity_Recording_2025_09_27_16_46_13_vehicle.csv,761,761,allraw_instability_rescreen_v0_1,secondary,strong_active,all_raw_vehicle_dynamic_onset_non_steering,instability_ay_roll,straight,0,0.0,all_raw_nonsteering_dynamic_onset,58602,293.01,600,400,400,2.0,True,True,417.09,True,True,,293.01,299.195,6.185,58602,59839,93.3,62.32,instability_ay_roll,True,vehicle_instability_allraw__zx__2025_09_27_16_46_13__000293010,Full raw rescreen. Anchor is derived from non-steering vehicle dynamics (ay/roll_rate). Steering metrics are only response evidence and must not be used to define onset.
instability_allraw_highconf_oldcode_v0_1,zx::2025_09_27_16_46_13::00762::instability_dynamic_onset,allraw_vehicle_instability_highconf,zx,val,Entity_Recording_2025_09_27_16_46_13_vehicle.csv,Entity_Recording_2025_09_27_16_46_13_vehicle.csv,F:\data_set_process\data_process\01_datasets\数据预处理\原始车辆数据\zx\Entity_Recording_2025_09_27_16_46_13_vehicle.csv,762,762,allraw_instability_rescreen_v0_1,secondary,extreme_active,all_raw_vehicle_dynamic_onset_non_steering,instability_ay_roll,straight,0,0.0,all_raw_nonsteering_dynamic_onset,63251,316.255,600,400,400,2.0,True,True,393.845,True,True,,316.255,322.765,6.51,63251,64553,100.0,95.44,instability_ay_roll,True,vehicle_instability_allraw__zx__2025_09_27_16_46_13__000316255,Full raw rescreen. Anchor is derived from non-steering vehicle dynamics (ay/roll_rate). Steering metrics are only response evidence and must not be used to define onset.
instability_allraw_highconf_oldcode_v0_1,zx::2025_09_27_16_46_13::00763::instability_dynamic_onset,allraw_vehicle_instability_highconf,zx,val,Entity_Recording_2025_09_27_16_46_13_vehicle.csv,Entity_Recording_2025_09_27_16_46_13_vehicle.csv,F:\data_set_process\data_process\01_datasets\数据预处理\原始车辆数据\zx\Entity_Recording_2025_09_27_16_46_13_vehicle.csv,763,763,allraw_instability_rescreen_v0_1,secondary,extreme_active,all_raw_vehicle_dynamic_onset_non_steering,instability_ay_roll,straight,0,-0.0,all_raw_nonsteering_dynamic_onset,65599,327.995,600,400,400,2.0,True,True,382.105,True,True,,327.995,341.985,13.99,65599,68397,100.0,86.79,instability_ay_roll,True,vehicle_instability_allraw__zx__2025_09_27_16_46_13__000327995,Full raw rescreen. Anchor is derived from non-steering vehicle dynamics (ay/roll_rate). Steering metrics are only response evidence and must not be used to define onset.
instability_allraw_highconf_oldcode_v0_1,zx::2025_09_27_16_46_13::00764::instability_dynamic_onset,allraw_vehicle_instability_highconf,zx,val,Entity_Recording_2025_09_27_16_46_13_vehicle.csv,Entity_Recording_2025_09_27_16_46_13_vehicle.csv,F:\data_set_process\data_process\01_datasets\数据预处理\原始车辆数据\zx\Entity_Recording_2025_09_27_16_46_13_vehicle.csv,764,764,allraw_instability_rescreen_v0_1,secondary,strong_active,all_raw_vehicle_dynamic_onset_non_steering,instability_ay_roll,curve,0,0.0,all_raw_nonsteering_dynamic_onset,77488,387.44,600,400,400,2.0,True,True,322.66,True,True,,387.44,410.35,22.91,77488,82070,100.0,79.97,instability_ay_roll,True,vehicle_instability_allraw__zx__2025_09_27_16_46_13__000387440,Full raw rescreen. Anchor is derived from non-steering vehicle dynamics (ay/roll_rate). Steering metrics are only response evidence and must not be used to define onset.
instability_allraw_highconf_oldcode_v0_1,zx::2025_09_27_16_46_13::00765::instability_dynamic_onset,allraw_vehicle_instability_highconf,zx,val,Entity_Recording_2025_09_27_16_46_13_vehicle.csv,Entity_Recording_2025_09_27_16_46_13_vehicle.csv,F:\data_set_process\data_process\01_datasets\数据预处理\原始车辆数据\zx\Entity_Recording_2025_09_27_16_46_13_vehicle.csv,765,765,allraw_instability_rescreen_v0_1,secondary,medium_active,all_raw_vehicle_dynamic_onset_non_steering,instability_ay_roll,straight,1,0.0,all_raw_nonsteering_dynamic_onset,84076,420.38,600,400,400,2.0,True,True,289.72,True,True,,420.38,435.925,15.545,84076,87185,100.0,78.73,instability_ay_roll,True,vehicle_instability_allraw__zx__2025_09_27_16_46_13__000420380,Full raw rescreen. Anchor is derived from non-steering vehicle dynamics (ay/roll_rate). Steering metrics are only response evidence and must not be used to define onset.
instability_allraw_highconf_oldcode_v0_1,zx::2025_09_27_16_46_13::00766::instability_dynamic_onset,allraw_vehicle_instability_highconf,zx,val,Entity_Recording_2025_09_27_16_46_13_vehicle.csv,Entity_Recording_2025_09_27_16_46_13_vehicle.csv,F:\data_set_process\data_process\01_datasets\数据预处理\原始车辆数据\zx\Entity_Recording_2025_09_27_16_46_13_vehicle.csv,766,766,allraw_instability_rescreen_v0_1,none,instability_extreme,all_raw_vehicle_dynamic_onset_non_steering,instability_ay_roll,design_curve_context,1,0.0,all_raw_nonsteering_dynamic_onset,88882,444.41,600,400,400,2.0,True,True,265.69,True,True,,444.41,448.07,3.66,88882,89614,100.0,87.23,instability_ay_roll,True,vehicle_instability_allraw__zx__2025_09_27_16_46_13__000444410,Full raw rescreen. Anchor is derived from non-steering vehicle dynamics (ay/roll_rate). Steering metrics are only response evidence and must not be used to define onset.
instability_allraw_highconf_oldcode_v0_1,zx::2025_09_27_16_46_13::00767::instability_dynamic_onset,allraw_vehicle_instability_highconf,zx,val,Entity_Recording_2025_09_27_16_46_13_vehicle.csv,Entity_Recording_2025_09_27_16_46_13_vehicle.csv,F:\data_set_process\data_process\01_datasets\数据预处理\原始车辆数据\zx\Entity_Recording_2025_09_27_16_46_13_vehicle.csv,767,767,allraw_instability_rescreen_v0_1,none,instability_extreme,all_raw_vehicle_dynamic_onset_non_steering,instability_ay_roll,design_curve_context,1,-0.0,all_raw_nonsteering_dynamic_onset,90283,451.415,600,400,400,2.0,True,True,258.685,True,True,,451.415,463.35,11.935,90283,92670,100.0,93.13,instability_ay_roll,True,vehicle_instability_allraw__zx__2025_09_27_16_46_13__000451415,Full raw rescreen. Anchor is derived from non-steering vehicle dynamics (ay/roll_rate). Steering metrics are only response evidence and must not be used to define onset.
instability_allraw_highconf_oldcode_v0_1,zx::2025_09_27_16_46_13::00768::instability_dynamic_onset,allraw_vehicle_instability_highconf,zx,val,Entity_Recording_2025_09_27_16_46_13_vehicle.csv,Entity_Recording_2025_09_27_16_46_13_vehicle.csv,F:\data_set_process\data_process\01_datasets\数据预处理\原始车辆数据\zx\Entity_Recording_2025_09_27_16_46_13_vehicle.csv,768,768,allraw_instability_rescreen_v0_1,primary,extreme_active,all_raw_vehicle_dynamic_onset_non_steering,instability_ay_roll,straight,0,-0.0,all_raw_nonsteering_dynamic_onset,97928,489.64,600,400,400,2.0,True,True,220.46,True,True,,489.64,498.17,8.53,97928,99634,100.0,91.5,instability_ay_roll,True,vehicle_instability_allraw__zx__2025_09_27_16_46_13__000489640,Full raw rescreen. Anchor is derived from non-steering vehicle dynamics (ay/roll_rate). Steering metrics are only response evidence and must not be used to define onset.
instability_allraw_highconf_oldcode_v0_1,zx::2025_09_27_16_46_13::00769::instability_dynamic_onset,allraw_vehicle_instability_highconf,zx,val,Entity_Recording_2025_09_27_16_46_13_vehicle.csv,Entity_Recording_2025_09_27_16_46_13_vehicle.csv,F:\data_set_process\data_process\01_datasets\数据预处理\原始车辆数据\zx\Entity_Recording_2025_09_27_16_46_13_vehicle.csv,769,769,allraw_instability_rescreen_v0_1,secondary,extreme_active,all_raw_vehicle_dynamic_onset_non_steering,instability_roll_only,straight,0,-0.0,all_raw_nonsteering_dynamic_onset,100209,501.045,600,400,400,2.0,True,True,209.055,True,True,,501.045,501.4,0.355,100209,100280,100.0,74.13,instability_roll_only,True,vehicle_instability_allraw__zx__2025_09_27_16_46_13__000501045,Full raw rescreen. Anchor is derived from non-steering vehicle dynamics (ay/roll_rate). Steering metrics are only response evidence and must not be used to define onset.
instability_allraw_highconf_oldcode_v0_1,zx::2025_09_27_16_46_13::00770::instability_dynamic_onset,allraw_vehicle_instability_highconf,zx,val,Entity_Recording_2025_09_27_16_46_13_vehicle.csv,Entity_Recording_2025_09_27_16_46_13_vehicle.csv,F:\data_set_process\data_process\01_datasets\数据预处理\原始车辆数据\zx\Entity_Recording_2025_09_27_16_46_13_vehicle.csv,770,770,allraw_instability_rescreen_v0_1,none,instability_strong,all_raw_vehicle_dynamic_onset_non_steering,instability_ay_roll,design_regular_road,0,0.0,all_raw_nonsteering_dynamic_onset,101757,508.785,600,400,400,2.0,True,True,201.315,True,True,,508.785,520.43,11.645,101757,104086,94.88,73.04,instability_ay_roll,True,vehicle_instability_allraw__zx__2025_09_27_16_46_13__000508785,Full raw rescreen. Anchor is derived from non-steering vehicle dynamics (ay/roll_rate). Steering metrics are only response evidence and must not be used to define onset.
instability_allraw_highconf_oldcode_v0_1,zx::2025_09_27_16_46_13::00771::instability_dynamic_onset,allraw_vehicle_instability_highconf,zx,val,Entity_Recording_2025_09_27_16_46_13_vehicle.csv,Entity_Recording_2025_09_27_16_46_13_vehicle.csv,F:\data_set_process\data_process\01_datasets\数据预处理\原始车辆数据\zx\Entity_Recording_2025_09_27_16_46_13_vehicle.csv,771,771,allraw_instability_rescreen_v0_1,secondary,extreme_active,all_raw_vehicle_dynamic_onset_non_steering,instability_ay_roll,straight,0,0.0,all_raw_nonsteering_dynamic_onset,116128,580.64,600,400,400,2.0,True,True,129.46,True,True,,580.64,597.005,16.365,116128,119401,100.0,93.94,instability_ay_roll,True,vehicle_instability_allraw__zx__2025_09_27_16_46_13__000580640,Full raw rescreen. Anchor is derived from non-steering vehicle dynamics (ay/roll_rate). Steering metrics are only response evidence and must not be used to define onset.
instability_allraw_highconf_oldcode_v0_1,zx::2025_09_27_16_46_13::00772::instability_dynamic_onset,allraw_vehicle_instability_highconf,zx,val,Entity_Recording_2025_09_27_16_46_13_vehicle.csv,Entity_Recording_2025_09_27_16_46_13_vehicle.csv,F:\data_set_process\data_process\01_datasets\数据预处理\原始车辆数据\zx\Entity_Recording_2025_09_27_16_46_13_vehicle.csv,772,772,allraw_instability_rescreen_v0_1,secondary,strong_active,all_raw_vehicle_dynamic_onset_non_steering,instability_ay_roll,straight,0,0.0,all_raw_nonsteering_dynamic_onset,119910,599.55,600,400,400,2.0,True,True,110.55,True,True,,599.55,602.835,3.285,119910,120567,100.0,80.61,instability_ay_roll,True,vehicle_instability_allraw__zx__2025_09_27_16_46_13__000599550,Full raw rescreen. Anchor is derived from non-steering vehicle dynamics (ay/roll_rate). Steering metrics are only response evidence and must not be used to define onset.
instability_allraw_highconf_oldcode_v0_1,zx::2025_09_27_16_46_13::00773::instability_dynamic_onset,allraw_vehicle_instability_highconf,zx,val,Entity_Recording_2025_09_27_16_46_13_vehicle.csv,Entity_Recording_2025_09_27_16_46_13_vehicle.csv,F:\data_set_process\data_process\01_datasets\数据预处理\原始车辆数据\zx\Entity_Recording_2025_09_27_16_46_13_vehicle.csv,773,773,allraw_instability_rescreen_v0_1,secondary,weak,all_raw_vehicle_dynamic_onset_non_steering,instability_ay_roll,curve,0,-0.0,all_raw_nonsteering_dynamic_onset,126534,632.67,600,400,400,2.0,True,True,77.43,True,True,,632.67,680.27,47.6,126534,136054,90.49,70.37,instability_ay_roll,True,vehicle_instability_allraw__zx__2025_09_27_16_46_13__000632670,Full raw rescreen. Anchor is derived from non-steering vehicle dynamics (ay/roll_rate). Steering metrics are only response evidence and must not be used to define onset.
instability_allraw_highconf_oldcode_v0_1,zx::2025_09_27_17_14_07::00774::instability_dynamic_onset,allraw_vehicle_instability_highconf,zx,val,Entity_Recording_2025_09_27_17_14_07_vehicle.csv,Entity_Recording_2025_09_27_17_14_07_vehicle.csv,F:\data_set_process\data_process\01_datasets\数据预处理\原始车辆数据\zx\Entity_Recording_2025_09_27_17_14_07_vehicle.csv,774,774,allraw_instability_rescreen_v0_1,primary,strong_active,all_raw_vehicle_dynamic_onset_non_steering,instability_ay_roll,straight,0,-0.0,all_raw_nonsteering_dynamic_onset,20667,103.335,600,400,400,2.0,True,True,458.27,True,True,,103.335,108.225,4.89,20667,21645,100.0,70.75,instability_ay_roll,True,vehicle_instability_allraw__zx__2025_09_27_17_14_07__000103335,Full raw rescreen. Anchor is derived from non-steering vehicle dynamics (ay/roll_rate). Steering metrics are only response evidence and must not be used to define onset.
instability_allraw_highconf_oldcode_v0_1,zx::2025_09_27_17_14_07::00775::instability_dynamic_onset,allraw_vehicle_instability_highconf,zx,val,Entity_Recording_2025_09_27_17_14_07_vehicle.csv,Entity_Recording_2025_09_27_17_14_07_vehicle.csv,F:\data_set_process\data_process\01_datasets\数据预处理\原始车辆数据\zx\Entity_Recording_2025_09_27_17_14_07_vehicle.csv,775,775,allraw_instability_rescreen_v0_1,secondary,extreme_active,all_raw_vehicle_dynamic_onset_non_steering,instability_ay_roll,straight,0,0.0,all_raw_nonsteering_dynamic_onset,25502,127.51,600,400,400,2.0,True,True,434.095,True,True,,127.51,143.0,15.49,25502,28600,100.0,79.98,instability_ay_roll,True,vehicle_instability_allraw__zx__2025_09_27_17_14_07__000127510,Full raw rescreen. Anchor is derived from non-steering vehicle dynamics (ay/roll_rate). Steering metrics are only response evidence and must not be used to define onset.
instability_allraw_highconf_oldcode_v0_1,zx::2025_09_27_17_14_07::00776::instability_dynamic_onset,allraw_vehicle_instability_highconf,zx,val,Entity_Recording_2025_09_27_17_14_07_vehicle.csv,Entity_Recording_2025_09_27_17_14_07_vehicle.csv,F:\data_set_process\data_process\01_datasets\数据预处理\原始车辆数据\zx\Entity_Recording_2025_09_27_17_14_07_vehicle.csv,776,776,allraw_instability_rescreen_v0_1,secondary,strong_active,all_raw_vehicle_dynamic_onset_non_steering,instability_ay_roll,straight,1,-0.0,all_raw_nonsteering_dynamic_onset,30252,151.26,600,400,400,2.0,True,True,410.345,True,True,,151.26,158.87,7.61,30252,31774,91.95,60.75,instability_ay_roll,True,vehicle_instability_allraw__zx__2025_09_27_17_14_07__000151260,Full raw rescreen. Anchor is derived from non-steering vehicle dynamics (ay/roll_rate). Steering metrics are only response evidence and must not be used to define onset.
instability_allraw_highconf_oldcode_v0_1,zx::2025_09_27_17_14_07::00777::instability_dynamic_onset,allraw_vehicle_instability_highconf,zx,val,Entity_Recording_2025_09_27_17_14_07_vehicle.csv,Entity_Recording_2025_09_27_17_14_07_vehicle.csv,F:\data_set_process\data_process\01_datasets\数据预处理\原始车辆数据\zx\Entity_Recording_2025_09_27_17_14_07_vehicle.csv,777,777,allraw_instability_rescreen_v0_1,secondary,extreme_active,all_raw_vehicle_dynamic_onset_non_steering,instability_ay_roll,straight,1,-0.00729802,all_raw_nonsteering_dynamic_onset,34472,172.36,600,400,400,2.0,True,True,389.245,True,True,,172.36,195.685,23.325,34472,39137,100.0,78.69,instability_ay_roll,True,vehicle_instability_allraw__zx__2025_09_27_17_14_07__000172360,Full raw rescreen. Anchor is derived from non-steering vehicle dynamics (ay/roll_rate). Steering metrics are only response evidence and must not be used to define onset.
instability_allraw_highconf_oldcode_v0_1,zx::2025_09_27_17_14_07::00778::instability_dynamic_onset,allraw_vehicle_instability_highconf,zx,val,Entity_Recording_2025_09_27_17_14_07_vehicle.csv,Entity_Recording_2025_09_27_17_14_07_vehicle.csv,F:\data_set_process\data_process\01_datasets\数据预处理\原始车辆数据\zx\Entity_Recording_2025_09_27_17_14_07_vehicle.csv,778,778,allraw_instability_rescreen_v0_1,secondary,extreme_active,all_raw_vehicle_dynamic_onset_non_steering,instability_ay_roll,straight,0,0.0,all_raw_nonsteering_dynamic_onset,39687,198.435,600,400,400,2.0,True,True,363.17,True,True,,198.435,208.375,9.94,39687,41675,100.0,82.47,instability_ay_roll,True,vehicle_instability_allraw__zx__2025_09_27_17_14_07__000198435,Full raw rescreen. Anchor is derived from non-steering vehicle dynamics (ay/roll_rate). Steering metrics are only response evidence and must not be used to define onset.
instability_allraw_highconf_oldcode_v0_1,zx::2025_09_27_17_14_07::00779::instability_dynamic_onset,allraw_vehicle_instability_highconf,zx,val,Entity_Recording_2025_09_27_17_14_07_vehicle.csv,Entity_Recording_2025_09_27_17_14_07_vehicle.csv,F:\data_set_process\data_process\01_datasets\数据预处理\原始车辆数据\zx\Entity_Recording_2025_09_27_17_14_07_vehicle.csv,779,779,allraw_instability_rescreen_v0_1,secondary,extreme_active,all_raw_vehicle_dynamic_onset_non_steering,instability_ay_roll,straight,0,-0.0,all_raw_nonsteering_dynamic_onset,49834,249.17,600,400,400,2.0,True,True,312.435,True,True,,249.17,254.66,5.49,49834,50932,100.0,93.38,instability_ay_roll,True,vehicle_instability_allraw__zx__2025_09_27_17_14_07__000249170,Full raw rescreen. Anchor is derived from non-steering vehicle dynamics (ay/roll_rate). Steering metrics are only response evidence and must not be used to define onset.
instability_allraw_highconf_oldcode_v0_1,zx::2025_09_27_17_14_07::00780::instability_dynamic_onset,allraw_vehicle_instability_highconf,zx,val,Entity_Recording_2025_09_27_17_14_07_vehicle.csv,Entity_Recording_2025_09_27_17_14_07_vehicle.csv,F:\data_set_process\data_process\01_datasets\数据预处理\原始车辆数据\zx\Entity_Recording_2025_09_27_17_14_07_vehicle.csv,780,780,allraw_instability_rescreen_v0_1,none,instability_extreme,all_raw_vehicle_dynamic_onset_non_steering,instability_ay_roll,design_special_event_segment,0,0.0,all_raw_nonsteering_dynamic_onset,54573,272.865,600,400,400,2.0,True,True,288.74,True,True,,272.865,279.485,6.62,54573,55897,100.0,93.15,instability_ay_roll,True,vehicle_instability_allraw__zx__2025_09_27_17_14_07__000272865,Full raw rescreen. Anchor is derived from non-steering vehicle dynamics (ay/roll_rate). Steering metrics are only response evidence and must not be used to define onset.
instability_allraw_highconf_oldcode_v0_1,zx::2025_09_27_17_14_07::00781::instability_dynamic_onset,allraw_vehicle_instability_highconf,zx,val,Entity_Recording_2025_09_27_17_14_07_vehicle.csv,Entity_Recording_2025_09_27_17_14_07_vehicle.csv,F:\data_set_process\data_process\01_datasets\数据预处理\原始车辆数据\zx\Entity_Recording_2025_09_27_17_14_07_vehicle.csv,781,781,allraw_instability_rescreen_v0_1,secondary,medium_active,all_raw_vehicle_dynamic_onset_non_steering,instability_ay_roll,straight,0,-0.0,all_raw_nonsteering_dynamic_onset,57612,288.06,600,400,400,2.0,True,True,273.545,True,True,,288.06,290.575,2.515,57612,58115,100.0,72.1,instability_ay_roll,True,vehicle_instability_allraw__zx__2025_09_27_17_14_07__000288060,Full raw rescreen. Anchor is derived from non-steering vehicle dynamics (ay/roll_rate). Steering metrics are only response evidence and must not be used to define onset.
instability_allraw_highconf_oldcode_v0_1,zx::2025_09_27_17_14_07::00782::instability_dynamic_onset,allraw_vehicle_instability_highconf,zx,val,Entity_Recording_2025_09_27_17_14_07_vehicle.csv,Entity_Recording_2025_09_27_17_14_07_vehicle.csv,F:\data_set_process\data_process\01_datasets\数据预处理\原始车辆数据\zx\Entity_Recording_2025_09_27_17_14_07_vehicle.csv,782,782,allraw_instability_rescreen_v0_1,secondary,medium_active,all_raw_vehicle_dynamic_onset_non_steering,instability_ay_roll,straight,0,0.0,all_raw_nonsteering_dynamic_onset,58631,293.155,600,400,400,2.0,True,True,268.45,True,True,,293.155,295.515,2.36,58631,59103,100.0,72.71,instability_ay_roll,True,vehicle_instability_allraw__zx__2025_09_27_17_14_07__000293155,Full raw rescreen. Anchor is derived from non-steering vehicle dynamics (ay/roll_rate). Steering metrics are only response evidence and must not be used to define onset.
instability_allraw_highconf_oldcode_v0_1,zx::2025_09_27_17_14_07::00783::instability_dynamic_onset,allraw_vehicle_instability_highconf,zx,val,Entity_Recording_2025_09_27_17_14_07_vehicle.csv,Entity_Recording_2025_09_27_17_14_07_vehicle.csv,F:\data_set_process\data_process\01_datasets\数据预处理\原始车辆数据\zx\Entity_Recording_2025_09_27_17_14_07_vehicle.csv,783,783,allraw_instability_rescreen_v0_1,secondary,strong_active,all_raw_vehicle_dynamic_onset_non_steering,instability_ay_roll,straight,1,-0.0,all_raw_nonsteering_dynamic_onset,76077,380.385,600,400,400,2.0,True,True,181.22,True,True,,380.385,393.405,13.02,76077,78681,100.0,73.63,instability_ay_roll,True,vehicle_instability_allraw__zx__2025_09_27_17_14_07__000380385,Full raw rescreen. Anchor is derived from non-steering vehicle dynamics (ay/roll_rate). Steering metrics are only response evidence and must not be used to define onset.
instability_allraw_highconf_oldcode_v0_1,zx::2025_09_27_17_14_07::00784::instability_dynamic_onset,allraw_vehicle_instability_highconf,zx,val,Entity_Recording_2025_09_27_17_14_07_vehicle.csv,Entity_Recording_2025_09_27_17_14_07_vehicle.csv,F:\data_set_process\data_process\01_datasets\数据预处理\原始车辆数据\zx\Entity_Recording_2025_09_27_17_14_07_vehicle.csv,784,784,allraw_instability_rescreen_v0_1,primary,strong_active,all_raw_vehicle_dynamic_onset_non_steering,instability_ay_roll,straight,1,-0.00050301,all_raw_nonsteering_dynamic_onset,80405,402.025,600,400,400,2.0,True,True,159.58,True,True,,402.025,404.125,2.1,80405,80825,86.32,60.81,instability_ay_roll,True,vehicle_instability_allraw__zx__2025_09_27_17_14_07__000402025,Full raw rescreen. Anchor is derived from non-steering vehicle dynamics (ay/roll_rate). Steering metrics are only response evidence and must not be used to define onset.
instability_allraw_highconf_oldcode_v0_1,zx::2025_09_27_17_14_07::00785::instability_dynamic_onset,allraw_vehicle_instability_highconf,zx,val,Entity_Recording_2025_09_27_17_14_07_vehicle.csv,Entity_Recording_2025_09_27_17_14_07_vehicle.csv,F:\data_set_process\data_process\01_datasets\数据预处理\原始车辆数据\zx\Entity_Recording_2025_09_27_17_14_07_vehicle.csv,785,785,allraw_instability_rescreen_v0_1,secondary,weak,all_raw_vehicle_dynamic_onset_non_steering,instability_ay_roll,straight,0,-0.0,all_raw_nonsteering_dynamic_onset,81476,407.38,600,400,400,2.0,True,True,154.225,True,True,,407.38,408.455,1.075,81476,81691,89.17,73.46,instability_ay_roll,True,vehicle_instability_allraw__zx__2025_09_27_17_14_07__000407380,Full raw rescreen. Anchor is derived from non-steering vehicle dynamics (ay/roll_rate). Steering metrics are only response evidence and must not be used to define onset.
instability_allraw_highconf_oldcode_v0_1,zx::2025_09_27_17_14_07::00786::instability_dynamic_onset,allraw_vehicle_instability_highconf,zx,val,Entity_Recording_2025_09_27_17_14_07_vehicle.csv,Entity_Recording_2025_09_27_17_14_07_vehicle.csv,F:\data_set_process\data_process\01_datasets\数据预处理\原始车辆数据\zx\Entity_Recording_2025_09_27_17_14_07_vehicle.csv,786,786,allraw_instability_rescreen_v0_1,secondary,extreme_active,all_raw_vehicle_dynamic_onset_non_steering,instability_ay_roll,straight,0,0.0,all_raw_nonsteering_dynamic_onset,82590,412.95,600,400,400,2.0,True,True,148.655,True,True,,412.95,437.6,24.65,82590,87520,100.0,85.34,instability_ay_roll,True,vehicle_instability_allraw__zx__2025_09_27_17_14_07__000412950,Full raw rescreen. Anchor is derived from non-steering vehicle dynamics (ay/roll_rate). Steering metrics are only response evidence and must not be used to define onset.
instability_allraw_highconf_oldcode_v0_1,zx::2025_09_27_17_14_07::00787::instability_dynamic_onset,allraw_vehicle_instability_highconf,zx,val,Entity_Recording_2025_09_27_17_14_07_vehicle.csv,Entity_Recording_2025_09_27_17_14_07_vehicle.csv,F:\data_set_process\data_process\01_datasets\数据预处理\原始车辆数据\zx\Entity_Recording_2025_09_27_17_14_07_vehicle.csv,787,787,allraw_instability_rescreen_v0_1,secondary,strong_active,all_raw_vehicle_dynamic_onset_non_steering,instability_ay_roll,straight,0,0.0,all_raw_nonsteering_dynamic_onset,94399,471.995,600,400,400,2.0,True,True,89.61,True,True,,471.995,476.265,4.27,94399,95253,93.01,59.25,instability_ay_roll,True,vehicle_instability_allraw__zx__2025_09_27_17_14_07__000471995,Full raw rescreen. Anchor is derived from non-steering vehicle dynamics (ay/roll_rate). Steering metrics are only response evidence and must not be used to define onset.
instability_allraw_highconf_oldcode_v0_1,zx::2025_09_27_17_14_07::00788::instability_dynamic_onset,allraw_vehicle_instability_highconf,zx,val,Entity_Recording_2025_09_27_17_14_07_vehicle.csv,Entity_Recording_2025_09_27_17_14_07_vehicle.csv,F:\data_set_process\data_process\01_datasets\数据预处理\原始车辆数据\zx\Entity_Recording_2025_09_27_17_14_07_vehicle.csv,788,788,allraw_instability_rescreen_v0_1,secondary,extreme_active,all_raw_vehicle_dynamic_onset_non_steering,instability_ay_roll,straight,0,-0.0,all_raw_nonsteering_dynamic_onset,97263,486.315,600,400,400,2.0,True,True,75.29,True,True,,486.315,499.15,12.835,97263,99830,100.0,94.03,instability_ay_roll,True,vehicle_instability_allraw__zx__2025_09_27_17_14_07__000486315,Full raw rescreen. Anchor is derived from non-steering vehicle dynamics (ay/roll_rate). Steering metrics are only response evidence and must not be used to define onset.
instability_allraw_highconf_oldcode_v0_1,zx::2025_09_27_17_14_07::00789::instability_dynamic_onset,allraw_vehicle_instability_highconf,zx,val,Entity_Recording_2025_09_27_17_14_07_vehicle.csv,Entity_Recording_2025_09_27_17_14_07_vehicle.csv,F:\data_set_process\data_process\01_datasets\数据预处理\原始车辆数据\zx\Entity_Recording_2025_09_27_17_14_07_vehicle.csv,789,789,allraw_instability_rescreen_v0_1,none,instability_strong,all_raw_vehicle_dynamic_onset_non_steering,instability_ay_roll,design_high_risk_surface,0,0.0,all_raw_nonsteering_dynamic_onset,100991,504.955,600,400,400,2.0,True,True,56.65,True,True,,504.955,512.68,7.725,100991,102536,100.0,77.34,instability_ay_roll,True,vehicle_instability_allraw__zx__2025_09_27_17_14_07__000504955,Full raw rescreen. Anchor is derived from non-steering vehicle dynamics (ay/roll_rate). Steering metrics are only response evidence and must not be used to define onset.
instability_allraw_highconf_oldcode_v0_1,zx::2025_09_27_17_25_16::00790::instability_dynamic_onset,allraw_vehicle_instability_highconf,zx,val,Entity_Recording_2025_09_27_17_25_16_vehicle.csv,Entity_Recording_2025_09_27_17_25_16_vehicle.csv,F:\data_set_process\data_process\01_datasets\数据预处理\原始车辆数据\zx\Entity_Recording_2025_09_27_17_25_16_vehicle.csv,790,790,allraw_instability_rescreen_v0_1,secondary,strong_active,all_raw_vehicle_dynamic_onset_non_steering,instability_ay_roll,straight,0,0.0,all_raw_nonsteering_dynamic_onset,3684,18.42,600,400,400,2.0,True,True,120.21,True,True,,18.42,21.63,3.21,3684,4326,100.0,82.85,instability_ay_roll,True,vehicle_instability_allraw__zx__2025_09_27_17_25_16__000018420,Full raw rescreen. Anchor is derived from non-steering vehicle dynamics (ay/roll_rate). Steering metrics are only response evidence and must not be used to define onset.
instability_allraw_highconf_oldcode_v0_1,zx::2025_09_27_17_25_16::00791::instability_dynamic_onset,allraw_vehicle_instability_highconf,zx,val,Entity_Recording_2025_09_27_17_25_16_vehicle.csv,Entity_Recording_2025_09_27_17_25_16_vehicle.csv,F:\data_set_process\data_process\01_datasets\数据预处理\原始车辆数据\zx\Entity_Recording_2025_09_27_17_25_16_vehicle.csv,791,791,allraw_instability_rescreen_v0_1,secondary,strong_active,all_raw_vehicle_dynamic_onset_non_steering,instability_ay_roll,straight,0,0.0,all_raw_nonsteering_dynamic_onset,11190,55.95,600,400,400,2.0,True,True,82.68,True,True,,55.95,58.93,2.98,11190,11786,85.55,56.27,instability_ay_roll,True,vehicle_instability_allraw__zx__2025_09_27_17_25_16__000055950,Full raw rescreen. Anchor is derived from non-steering vehicle dynamics (ay/roll_rate). Steering metrics are only response evidence and must not be used to define onset.
instability_allraw_highconf_oldcode_v0_1,zx::2025_09_27_17_25_16::00792::instability_dynamic_onset,allraw_vehicle_instability_highconf,zx,val,Entity_Recording_2025_09_27_17_25_16_vehicle.csv,Entity_Recording_2025_09_27_17_25_16_vehicle.csv,F:\data_set_process\data_process\01_datasets\数据预处理\原始车辆数据\zx\Entity_Recording_2025_09_27_17_25_16_vehicle.csv,792,792,allraw_instability_rescreen_v0_1,secondary,extreme_active,all_raw_vehicle_dynamic_onset_non_steering,instability_ay_roll,straight,0,0.0,all_raw_nonsteering_dynamic_onset,16448,82.24,600,400,400,2.0,True,True,56.39,True,True,,82.24,90.1,7.86,16448,18020,100.0,78.18,instability_ay_roll,True,vehicle_instability_allraw__zx__2025_09_27_17_25_16__000082240,Full raw rescreen. Anchor is derived from non-steering vehicle dynamics (ay/roll_rate). Steering metrics are only response evidence and must not be used to define onset.
instability_allraw_highconf_oldcode_v0_1,zx::2025_09_27_17_25_16::00793::instability_dynamic_onset,allraw_vehicle_instability_highconf,zx,val,Entity_Recording_2025_09_27_17_25_16_vehicle.csv,Entity_Recording_2025_09_27_17_25_16_vehicle.csv,F:\data_set_process\data_process\01_datasets\数据预处理\原始车辆数据\zx\Entity_Recording_2025_09_27_17_25_16_vehicle.csv,793,793,allraw_instability_rescreen_v0_1,secondary,extreme_active,all_raw_vehicle_dynamic_onset_non_steering,instability_ay_roll,curve,1,-0.00729802,all_raw_nonsteering_dynamic_onset,24729,123.645,600,400,400,2.0,True,True,14.985,True,True,,123.645,131.035,7.39,24729,26207,100.0,95.97,instability_ay_roll,True,vehicle_instability_allraw__zx__2025_09_27_17_25_16__000123645,Full raw rescreen. Anchor is derived from non-steering vehicle dynamics (ay/roll_rate). Steering metrics are only response evidence and must not be used to define onset.
instability_allraw_highconf_oldcode_v0_1,zx::2025_09_27_17_29_08::00794::instability_dynamic_onset,allraw_vehicle_instability_highconf,zx,val,Entity_Recording_2025_09_27_17_29_08_vehicle.csv,Entity_Recording_2025_09_27_17_29_08_vehicle.csv,F:\data_set_process\data_process\01_datasets\数据预处理\原始车辆数据\zx\Entity_Recording_2025_09_27_17_29_08_vehicle.csv,794,794,allraw_instability_rescreen_v0_1,secondary,medium_active,all_raw_vehicle_dynamic_onset_non_steering,instability_ay_roll,straight,0,-0.0,all_raw_nonsteering_dynamic_onset,9412,47.06,600,400,400,2.0,True,True,379.47,True,True,,47.06,55.42,8.36,9412,11084,95.55,61.96,instability_ay_roll,True,vehicle_instability_allraw__zx__2025_09_27_17_29_08__000047060,Full raw rescreen. Anchor is derived from non-steering vehicle dynamics (ay/roll_rate). Steering metrics are only response evidence and must not be used to define onset.
instability_allraw_highconf_oldcode_v0_1,zx::2025_09_27_17_29_08::00795::instability_dynamic_onset,allraw_vehicle_instability_highconf,zx,val,Entity_Recording_2025_09_27_17_29_08_vehicle.csv,Entity_Recording_2025_09_27_17_29_08_vehicle.csv,F:\data_set_process\data_process\01_datasets\数据预处理\原始车辆数据\zx\Entity_Recording_2025_09_27_17_29_08_vehicle.csv,795,795,allraw_instability_rescreen_v0_1,secondary,extreme_active,all_raw_vehicle_dynamic_onset_non_steering,instability_ay_roll,straight,0,-0.0,all_raw_nonsteering_dynamic_onset,13076,65.38,600,400,400,2.0,True,True,361.15,True,True,,65.38,73.74,8.36,13076,14748,100.0,95.29,instability_ay_roll,True,vehicle_instability_allraw__zx__2025_09_27_17_29_08__000065380,Full raw rescreen. Anchor is derived from non-steering vehicle dynamics (ay/roll_rate). Steering metrics are only response evidence and must not be used to define onset.
instability_allraw_highconf_oldcode_v0_1,zx::2025_09_27_17_29_08::00796::instability_dynamic_onset,allraw_vehicle_instability_highconf,zx,val,Entity_Recording_2025_09_27_17_29_08_vehicle.csv,Entity_Recording_2025_09_27_17_29_08_vehicle.csv,F:\data_set_process\data_process\01_datasets\数据预处理\原始车辆数据\zx\Entity_Recording_2025_09_27_17_29_08_vehicle.csv,796,796,allraw_instability_rescreen_v0_1,primary,extreme_active,all_raw_vehicle_dynamic_onset_non_steering,instability_ay_roll,straight,0,-0.0,all_raw_nonsteering_dynamic_onset,16518,82.59,600,400,400,2.0,True,True,343.94,True,True,,82.59,102.585,19.995,16518,20517,100.0,93.98,instability_ay_roll,True,vehicle_instability_allraw__zx__2025_09_27_17_29_08__000082590,Full raw rescreen. Anchor is derived from non-steering vehicle dynamics (ay/roll_rate). Steering metrics are only response evidence and must not be used to define onset.
instability_allraw_highconf_oldcode_v0_1,zx::2025_09_27_17_29_08::00797::instability_dynamic_onset,allraw_vehicle_instability_highconf,zx,val,Entity_Recording_2025_09_27_17_29_08_vehicle.csv,Entity_Recording_2025_09_27_17_29_08_vehicle.csv,F:\data_set_process\data_process\01_datasets\数据预处理\原始车辆数据\zx\Entity_Recording_2025_09_27_17_29_08_vehicle.csv,797,797,allraw_instability_rescreen_v0_1,secondary,strong_active,all_raw_vehicle_dynamic_onset_non_steering,instability_ay_roll,straight,0,0.0,all_raw_nonsteering_dynamic_onset,23924,119.62,600,400,400,2.0,True,True,306.91,True,True,,119.62,136.04,16.42,23924,27208,92.3,58.15,instability_ay_roll,True,vehicle_instability_allraw__zx__2025_09_27_17_29_08__000119620,Full raw rescreen. Anchor is derived from non-steering vehicle dynamics (ay/roll_rate). Steering metrics are only response evidence and must not be used to define onset.
instability_allraw_highconf_oldcode_v0_1,zx::2025_09_27_17_29_08::00798::instability_dynamic_onset,allraw_vehicle_instability_highconf,zx,val,Entity_Recording_2025_09_27_17_29_08_vehicle.csv,Entity_Recording_2025_09_27_17_29_08_vehicle.csv,F:\data_set_process\data_process\01_datasets\数据预处理\原始车辆数据\zx\Entity_Recording_2025_09_27_17_29_08_vehicle.csv,798,798,allraw_instability_rescreen_v0_1,none,instability_extreme,all_raw_vehicle_dynamic_onset_non_steering,instability_ay_roll,design_curve_context,1,0.0,all_raw_nonsteering_dynamic_onset,29619,148.095,600,400,400,2.0,True,True,278.435,True,True,,148.095,168.7,20.605,29619,33740,100.0,91.2,instability_ay_roll,True,vehicle_instability_allraw__zx__2025_09_27_17_29_08__000148095,Full raw rescreen. Anchor is derived from non-steering vehicle dynamics (ay/roll_rate). Steering metrics are only response evidence and must not be used to define onset.
instability_allraw_highconf_oldcode_v0_1,zx::2025_09_27_17_29_08::00799::instability_dynamic_onset,allraw_vehicle_instability_highconf,zx,val,Entity_Recording_2025_09_27_17_29_08_vehicle.csv,Entity_Recording_2025_09_27_17_29_08_vehicle.csv,F:\data_set_process\data_process\01_datasets\数据预处理\原始车辆数据\zx\Entity_Recording_2025_09_27_17_29_08_vehicle.csv,799,799,allraw_instability_rescreen_v0_1,secondary,extreme_active,all_raw_vehicle_dynamic_onset_non_steering,instability_ay_roll,curve,1,-0.00729802,all_raw_nonsteering_dynamic_onset,35442,177.21,600,400,400,2.0,True,True,249.32,True,True,,177.21,195.085,17.875,35442,39017,100.0,80.06,instability_ay_roll,True,vehicle_instability_allraw__zx__2025_09_27_17_29_08__000177210,Full raw rescreen. Anchor is derived from non-steering vehicle dynamics (ay/roll_rate). Steering metrics are only response evidence and must not be used to define onset.
instability_allraw_highconf_oldcode_v0_1,zx::2025_09_27_17_29_08::00800::instability_dynamic_onset,allraw_vehicle_instability_highconf,zx,val,Entity_Recording_2025_09_27_17_29_08_vehicle.csv,Entity_Recording_2025_09_27_17_29_08_vehicle.csv,F:\data_set_process\data_process\01_datasets\数据预处理\原始车辆数据\zx\Entity_Recording_2025_09_27_17_29_08_vehicle.csv,800,800,allraw_instability_rescreen_v0_1,primary,extreme_active,all_raw_vehicle_dynamic_onset_non_steering,instability_ay_roll,curve,1,-0.00729802,all_raw_nonsteering_dynamic_onset,39906,199.53,600,400,400,2.0,True,True,227.0,True,True,,199.53,208.155,8.625,39906,41631,100.0,73.86,instability_ay_roll,True,vehicle_instability_allraw__zx__2025_09_27_17_29_08__000199530,Full raw rescreen. Anchor is derived from non-steering vehicle dynamics (ay/roll_rate). Steering metrics are only response evidence and must not be used to define onset.
instability_allraw_highconf_oldcode_v0_1,zx::2025_09_27_17_29_08::00801::instability_dynamic_onset,allraw_vehicle_instability_highconf,zx,val,Entity_Recording_2025_09_27_17_29_08_vehicle.csv,Entity_Recording_2025_09_27_17_29_08_vehicle.csv,F:\data_set_process\data_process\01_datasets\数据预处理\原始车辆数据\zx\Entity_Recording_2025_09_27_17_29_08_vehicle.csv,801,801,allraw_instability_rescreen_v0_1,secondary,strong_active,all_raw_vehicle_dynamic_onset_non_steering,instability_ay_roll,curve,1,-0.00729802,all_raw_nonsteering_dynamic_onset,45194,225.97,600,400,400,2.0,True,True,200.56,True,True,,225.97,241.005,15.035,45194,48201,100.0,78.23,instability_ay_roll,True,vehicle_instability_allraw__zx__2025_09_27_17_29_08__000225970,Full raw rescreen. Anchor is derived from non-steering vehicle dynamics (ay/roll_rate). Steering metrics are only response evidence and must not be used to define onset.
instability_allraw_highconf_oldcode_v0_1,zx::2025_09_27_17_29_08::00802::instability_dynamic_onset,allraw_vehicle_instability_highconf,zx,val,Entity_Recording_2025_09_27_17_29_08_vehicle.csv,Entity_Recording_2025_09_27_17_29_08_vehicle.csv,F:\data_set_process\data_process\01_datasets\数据预处理\原始车辆数据\zx\Entity_Recording_2025_09_27_17_29_08_vehicle.csv,802,802,allraw_instability_rescreen_v0_1,secondary,weak,all_raw_vehicle_dynamic_onset_non_steering,instability_ay_roll,curve,1,-0.00729802,all_raw_nonsteering_dynamic_onset,48835,244.175,600,400,400,2.0,True,True,182.355,True,True,,244.175,245.63,1.455,48835,49126,88.95,73.03,instability_ay_roll,True,vehicle_instability_allraw__zx__2025_09_27_17_29_08__000244175,Full raw rescreen. Anchor is derived from non-steering vehicle dynamics (ay/roll_rate). Steering metrics are only response evidence and must not be used to define onset.
instability_allraw_highconf_oldcode_v0_1,zx::2025_09_27_17_29_08::00803::instability_dynamic_onset,allraw_vehicle_instability_highconf,zx,val,Entity_Recording_2025_09_27_17_29_08_vehicle.csv,Entity_Recording_2025_09_27_17_29_08_vehicle.csv,F:\data_set_process\data_process\01_datasets\数据预处理\原始车辆数据\zx\Entity_Recording_2025_09_27_17_29_08_vehicle.csv,803,803,allraw_instability_rescreen_v0_1,secondary,strong_active,all_raw_vehicle_dynamic_onset_non_steering,instability_ay_roll,curve,1,-0.00729802,all_raw_nonsteering_dynamic_onset,60559,302.795,600,400,400,2.0,True,True,123.735,True,True,,302.795,320.105,17.31,60559,64021,100.0,75.31,instability_ay_roll,True,vehicle_instability_allraw__zx__2025_09_27_17_29_08__000302795,Full raw rescreen. Anchor is derived from non-steering vehicle dynamics (ay/roll_rate). Steering metrics are only response evidence and must not be used to define onset.
instability_allraw_highconf_oldcode_v0_1,zx::2025_09_27_17_29_08::00804::instability_dynamic_onset,allraw_vehicle_instability_highconf,zx,val,Entity_Recording_2025_09_27_17_29_08_vehicle.csv,Entity_Recording_2025_09_27_17_29_08_vehicle.csv,F:\data_set_process\data_process\01_datasets\数据预处理\原始车辆数据\zx\Entity_Recording_2025_09_27_17_29_08_vehicle.csv,804,804,allraw_instability_rescreen_v0_1,secondary,strong_active,all_raw_vehicle_dynamic_onset_non_steering,instability_ay_roll,curve,1,-0.00729802,all_raw_nonsteering_dynamic_onset,72906,364.53,600,400,400,2.0,True,True,62.0,True,True,,364.53,374.625,10.095,72906,74925,100.0,74.75,instability_ay_roll,True,vehicle_instability_allraw__zx__2025_09_27_17_29_08__000364530,Full raw rescreen. Anchor is derived from non-steering vehicle dynamics (ay/roll_rate). Steering metrics are only response evidence and must not be used to define onset.
instability_allraw_highconf_oldcode_v0_1,zx::2025_09_27_17_29_08::00805::instability_dynamic_onset,allraw_vehicle_instability_highconf,zx,val,Entity_Recording_2025_09_27_17_29_08_vehicle.csv,Entity_Recording_2025_09_27_17_29_08_vehicle.csv,F:\data_set_process\data_process\01_datasets\数据预处理\原始车辆数据\zx\Entity_Recording_2025_09_27_17_29_08_vehicle.csv,805,805,allraw_instability_rescreen_v0_1,secondary,extreme_active,all_raw_vehicle_dynamic_onset_non_steering,instability_ay_roll,curve,1,-0.00729802,all_raw_nonsteering_dynamic_onset,80512,402.56,600,400,400,2.0,True,True,23.97,True,True,,402.56,418.58,16.02,80512,83716,100.0,93.63,instability_ay_roll,True,vehicle_instability_allraw__zx__2025_09_27_17_29_08__000402560,Full raw rescreen. Anchor is derived from non-steering vehicle dynamics (ay/roll_rate). Steering metrics are only response evidence and must not be used to define onset.
instability_allraw_highconf_oldcode_v0_1,zx::2025_09_27_17_45_11::00806::instability_dynamic_onset,allraw_vehicle_instability_highconf,zx,val,Entity_Recording_2025_09_27_17_45_11_vehicle.csv,Entity_Recording_2025_09_27_17_45_11_vehicle.csv,F:\data_set_process\data_process\01_datasets\数据预处理\原始车辆数据\zx\Entity_Recording_2025_09_27_17_45_11_vehicle.csv,806,806,allraw_instability_rescreen_v0_1,secondary,extreme_active,all_raw_vehicle_dynamic_onset_non_steering,instability_ay_roll,straight,0,-0.0,all_raw_nonsteering_dynamic_onset,18409,92.045,600,400,400,2.0,True,True,531.83,True,True,,92.045,100.735,8.69,18409,20147,100.0,78.37,instability_ay_roll,True,vehicle_instability_allraw__zx__2025_09_27_17_45_11__000092045,Full raw rescreen. Anchor is derived from non-steering vehicle dynamics (ay/roll_rate). Steering metrics are only response evidence and must not be used to define onset.
instability_allraw_highconf_oldcode_v0_1,zx::2025_09_27_17_45_11::00807::instability_dynamic_onset,allraw_vehicle_instability_highconf,zx,val,Entity_Recording_2025_09_27_17_45_11_vehicle.csv,Entity_Recording_2025_09_27_17_45_11_vehicle.csv,F:\data_set_process\data_process\01_datasets\数据预处理\原始车辆数据\zx\Entity_Recording_2025_09_27_17_45_11_vehicle.csv,807,807,allraw_instability_rescreen_v0_1,secondary,extreme_active,all_raw_vehicle_dynamic_onset_non_steering,instability_ay_roll,curve,1,-0.00729802,all_raw_nonsteering_dynamic_onset,27056,135.28,600,400,400,2.0,True,True,488.595,True,True,,135.28,146.49,11.21,27056,29298,100.0,95.52,instability_ay_roll,True,vehicle_instability_allraw__zx__2025_09_27_17_45_11__000135280,Full raw rescreen. Anchor is derived from non-steering vehicle dynamics (ay/roll_rate). Steering metrics are only response evidence and must not be used to define onset.
instability_allraw_highconf_oldcode_v0_1,zx::2025_09_27_17_45_11::00808::instability_dynamic_onset,allraw_vehicle_instability_highconf,zx,val,Entity_Recording_2025_09_27_17_45_11_vehicle.csv,Entity_Recording_2025_09_27_17_45_11_vehicle.csv,F:\data_set_process\data_process\01_datasets\数据预处理\原始车辆数据\zx\Entity_Recording_2025_09_27_17_45_11_vehicle.csv,808,808,allraw_instability_rescreen_v0_1,none,instability_strong,all_raw_vehicle_dynamic_onset_non_steering,instability_ay_roll,design_curve_context,1,-0.00729802,all_raw_nonsteering_dynamic_onset,31702,158.51,600,400,400,2.0,True,True,465.365,True,True,,158.51,161.29,2.78,31702,32258,90.0,71.02,instability_ay_roll,True,vehicle_instability_allraw__zx__2025_09_27_17_45_11__000158510,Full raw rescreen. Anchor is derived from non-steering vehicle dynamics (ay/roll_rate). Steering metrics are only response evidence and must not be used to define onset.
instability_allraw_highconf_oldcode_v0_1,zx::2025_09_27_17_45_11::00809::instability_dynamic_onset,allraw_vehicle_instability_highconf,zx,val,Entity_Recording_2025_09_27_17_45_11_vehicle.csv,Entity_Recording_2025_09_27_17_45_11_vehicle.csv,F:\data_set_process\data_process\01_datasets\数据预处理\原始车辆数据\zx\Entity_Recording_2025_09_27_17_45_11_vehicle.csv,809,809,allraw_instability_rescreen_v0_1,primary,weak,all_raw_vehicle_dynamic_onset_non_steering,instability_ay_roll,curve,1,-0.00729802,all_raw_nonsteering_dynamic_onset,33282,166.41,600,400,400,2.0,True,True,457.465,True,True,,166.41,167.76,1.35,33282,33552,88.05,61.79,instability_ay_roll,True,vehicle_instability_allraw__zx__2025_09_27_17_45_11__000166410,Full raw rescreen. Anchor is derived from non-steering vehicle dynamics (ay/roll_rate). Steering metrics are only response evidence and must not be used to define onset.
instability_allraw_highconf_oldcode_v0_1,zx::2025_09_27_17_45_11::00810::instability_dynamic_onset,allraw_vehicle_instability_highconf,zx,val,Entity_Recording_2025_09_27_17_45_11_vehicle.csv,Entity_Recording_2025_09_27_17_45_11_vehicle.csv,F:\data_set_process\data_process\01_datasets\数据预处理\原始车辆数据\zx\Entity_Recording_2025_09_27_17_45_11_vehicle.csv,810,810,allraw_instability_rescreen_v0_1,none,instability_strong,all_raw_vehicle_dynamic_onset_non_steering,instability_ay_roll,design_curve_context,1,-0.00729802,all_raw_nonsteering_dynamic_onset,35066,175.33,600,400,400,2.0,True,True,448.545,True,True,,175.33,175.91,0.58,35066,35182,92.6,72.8,instability_ay_roll,True,vehicle_instability_allraw__zx__2025_09_27_17_45_11__000175330,Full raw rescreen. Anchor is derived from non-steering vehicle dynamics (ay/roll_rate). Steering metrics are only response evidence and must not be used to define onset.
instability_allraw_highconf_oldcode_v0_1,zx::2025_09_27_17_45_11::00811::instability_dynamic_onset,allraw_vehicle_instability_highconf,zx,val,Entity_Recording_2025_09_27_17_45_11_vehicle.csv,Entity_Recording_2025_09_27_17_45_11_vehicle.csv,F:\data_set_process\data_process\01_datasets\数据预处理\原始车辆数据\zx\Entity_Recording_2025_09_27_17_45_11_vehicle.csv,811,811,allraw_instability_rescreen_v0_1,primary,extreme_active,all_raw_vehicle_dynamic_onset_non_steering,instability_ay_roll,curve,1,-0.00729802,all_raw_nonsteering_dynamic_onset,35933,179.665,600,400,400,2.0,True,True,444.21,True,True,,179.665,189.42,9.755,35933,37884,100.0,81.21,instability_ay_roll,True,vehicle_instability_allraw__zx__2025_09_27_17_45_11__000179665,Full raw rescreen. Anchor is derived from non-steering vehicle dynamics (ay/roll_rate). Steering metrics are only response evidence and must not be used to define onset.
instability_allraw_highconf_oldcode_v0_1,zx::2025_09_27_17_45_11::00812::instability_dynamic_onset,allraw_vehicle_instability_highconf,zx,val,Entity_Recording_2025_09_27_17_45_11_vehicle.csv,Entity_Recording_2025_09_27_17_45_11_vehicle.csv,F:\data_set_process\data_process\01_datasets\数据预处理\原始车辆数据\zx\Entity_Recording_2025_09_27_17_45_11_vehicle.csv,812,812,allraw_instability_rescreen_v0_1,secondary,strong_active,all_raw_vehicle_dynamic_onset_non_steering,instability_ay_roll,straight,0,0.0,all_raw_nonsteering_dynamic_onset,40472,202.36,600,400,400,2.0,True,True,421.515,True,True,,202.36,213.32,10.96,40472,42664,95.92,64.81,instability_ay_roll,True,vehicle_instability_allraw__zx__2025_09_27_17_45_11__000202360,Full raw rescreen. Anchor is derived from non-steering vehicle dynamics (ay/roll_rate). Steering metrics are only response evidence and must not be used to define onset.
instability_allraw_highconf_oldcode_v0_1,zx::2025_09_27_17_45_11::00813::instability_dynamic_onset,allraw_vehicle_instability_highconf,zx,val,Entity_Recording_2025_09_27_17_45_11_vehicle.csv,Entity_Recording_2025_09_27_17_45_11_vehicle.csv,F:\data_set_process\data_process\01_datasets\数据预处理\原始车辆数据\zx\Entity_Recording_2025_09_27_17_45_11_vehicle.csv,813,813,allraw_instability_rescreen_v0_1,secondary,extreme_active,all_raw_vehicle_dynamic_onset_non_steering,instability_ay_roll,straight,0,0.0,all_raw_nonsteering_dynamic_onset,46375,231.875,600,400,400,2.0,True,True,392.0,True,True,,231.875,238.82,6.945,46375,47764,100.0,87.21,instability_ay_roll,True,vehicle_instability_allraw__zx__2025_09_27_17_45_11__000231875,Full raw rescreen. Anchor is derived from non-steering vehicle dynamics (ay/roll_rate). Steering metrics are only response evidence and must not be used to define onset.
instability_allraw_highconf_oldcode_v0_1,zx::2025_09_27_17_45_11::00814::instability_dynamic_onset,allraw_vehicle_instability_highconf,zx,val,Entity_Recording_2025_09_27_17_45_11_vehicle.csv,Entity_Recording_2025_09_27_17_45_11_vehicle.csv,F:\data_set_process\data_process\01_datasets\数据预处理\原始车辆数据\zx\Entity_Recording_2025_09_27_17_45_11_vehicle.csv,814,814,allraw_instability_rescreen_v0_1,secondary,strong_active,all_raw_vehicle_dynamic_onset_non_steering,instability_ay_roll,straight,0,-0.0,all_raw_nonsteering_dynamic_onset,48402,242.01,600,400,400,2.0,True,True,381.865,True,True,,242.01,253.565,11.555,48402,50713,100.0,72.6,instability_ay_roll,True,vehicle_instability_allraw__zx__2025_09_27_17_45_11__000242010,Full raw rescreen. Anchor is derived from non-steering vehicle dynamics (ay/roll_rate). Steering metrics are only response evidence and must not be used to define onset.
instability_allraw_highconf_oldcode_v0_1,zx::2025_09_27_17_45_11::00815::instability_dynamic_onset,allraw_vehicle_instability_highconf,zx,val,Entity_Recording_2025_09_27_17_45_11_vehicle.csv,Entity_Recording_2025_09_27_17_45_11_vehicle.csv,F:\data_set_process\data_process\01_datasets\数据预处理\原始车辆数据\zx\Entity_Recording_2025_09_27_17_45_11_vehicle.csv,815,815,allraw_instability_rescreen_v0_1,secondary,extreme_active,all_raw_vehicle_dynamic_onset_non_steering,instability_ay_roll,straight,0,-0.0,all_raw_nonsteering_dynamic_onset,51318,256.59,600,400,400,2.0,True,True,367.285,True,True,,256.59,279.63,23.04,51318,55926,100.0,86.96,instability_ay_roll,True,vehicle_instability_allraw__zx__2025_09_27_17_45_11__000256590,Full raw rescreen. Anchor is derived from non-steering vehicle dynamics (ay/roll_rate). Steering metrics are only response evidence and must not be used to define onset.
instability_allraw_highconf_oldcode_v0_1,zx::2025_09_27_17_45_11::00816::instability_dynamic_onset,allraw_vehicle_instability_highconf,zx,val,Entity_Recording_2025_09_27_17_45_11_vehicle.csv,Entity_Recording_2025_09_27_17_45_11_vehicle.csv,F:\data_set_process\data_process\01_datasets\数据预处理\原始车辆数据\zx\Entity_Recording_2025_09_27_17_45_11_vehicle.csv,816,816,allraw_instability_rescreen_v0_1,secondary,strong_active,all_raw_vehicle_dynamic_onset_non_steering,instability_ay_roll,straight,0,0.0,all_raw_nonsteering_dynamic_onset,57014,285.07,600,400,400,2.0,True,True,338.805,True,True,,285.07,297.775,12.705,57014,59555,100.0,79.33,instability_ay_roll,True,vehicle_instability_allraw__zx__2025_09_27_17_45_11__000285070,Full raw rescreen. Anchor is derived from non-steering vehicle dynamics (ay/roll_rate). Steering metrics are only response evidence and must not be used to define onset.
instability_allraw_highconf_oldcode_v0_1,zx::2025_09_27_17_45_11::00817::instability_dynamic_onset,allraw_vehicle_instability_highconf,zx,val,Entity_Recording_2025_09_27_17_45_11_vehicle.csv,Entity_Recording_2025_09_27_17_45_11_vehicle.csv,F:\data_set_process\data_process\01_datasets\数据预处理\原始车辆数据\zx\Entity_Recording_2025_09_27_17_45_11_vehicle.csv,817,817,allraw_instability_rescreen_v0_1,secondary,extreme_active,all_raw_vehicle_dynamic_onset_non_steering,instability_ay_roll,curve,0,-0.0,all_raw_nonsteering_dynamic_onset,60348,301.74,600,400,400,2.0,True,True,322.135,True,True,,301.74,318.66,16.92,60348,63732,100.0,93.99,instability_ay_roll,True,vehicle_instability_allraw__zx__2025_09_27_17_45_11__000301740,Full raw rescreen. Anchor is derived from non-steering vehicle dynamics (ay/roll_rate). Steering metrics are only response evidence and must not be used to define onset.
instability_allraw_highconf_oldcode_v0_1,zx::2025_09_27_17_45_11::00818::instability_dynamic_onset,allraw_vehicle_instability_highconf,zx,val,Entity_Recording_2025_09_27_17_45_11_vehicle.csv,Entity_Recording_2025_09_27_17_45_11_vehicle.csv,F:\data_set_process\data_process\01_datasets\数据预处理\原始车辆数据\zx\Entity_Recording_2025_09_27_17_45_11_vehicle.csv,818,818,allraw_instability_rescreen_v0_1,secondary,strong_active,all_raw_vehicle_dynamic_onset_non_steering,instability_ay_roll,straight,1,-0.0,all_raw_nonsteering_dynamic_onset,67325,336.625,600,400,400,2.0,True,True,287.25,True,True,,336.625,350.275,13.65,67325,70055,89.39,59.8,instability_ay_roll,True,vehicle_instability_allraw__zx__2025_09_27_17_45_11__000336625,Full raw rescreen. Anchor is derived from non-steering vehicle dynamics (ay/roll_rate). Steering metrics are only response evidence and must not be used to define onset.
instability_allraw_highconf_oldcode_v0_1,zx::2025_09_27_17_45_11::00819::instability_dynamic_onset,allraw_vehicle_instability_highconf,zx,val,Entity_Recording_2025_09_27_17_45_11_vehicle.csv,Entity_Recording_2025_09_27_17_45_11_vehicle.csv,F:\data_set_process\data_process\01_datasets\数据预处理\原始车辆数据\zx\Entity_Recording_2025_09_27_17_45_11_vehicle.csv,819,819,allraw_instability_rescreen_v0_1,secondary,extreme_active,all_raw_vehicle_dynamic_onset_non_steering,instability_ay_roll,straight,0,-0.0,all_raw_nonsteering_dynamic_onset,72256,361.28,600,400,400,2.0,True,True,262.595,True,True,,361.28,369.82,8.54,72256,73964,100.0,94.49,instability_ay_roll,True,vehicle_instability_allraw__zx__2025_09_27_17_45_11__000361280,Full raw rescreen. Anchor is derived from non-steering vehicle dynamics (ay/roll_rate). Steering metrics are only response evidence and must not be used to define onset.
instability_allraw_highconf_oldcode_v0_1,zx::2025_09_27_17_45_11::00820::instability_dynamic_onset,allraw_vehicle_instability_highconf,zx,val,Entity_Recording_2025_09_27_17_45_11_vehicle.csv,Entity_Recording_2025_09_27_17_45_11_vehicle.csv,F:\data_set_process\data_process\01_datasets\数据预处理\原始车辆数据\zx\Entity_Recording_2025_09_27_17_45_11_vehicle.csv,820,820,allraw_instability_rescreen_v0_1,secondary,strong_active,all_raw_vehicle_dynamic_onset_non_steering,instability_ay_roll,straight,0,-0.0,all_raw_nonsteering_dynamic_onset,77088,385.44,600,400,400,2.0,True,True,238.435,True,True,,385.44,396.545,11.105,77088,79309,100.0,88.1,instability_ay_roll,True,vehicle_instability_allraw__zx__2025_09_27_17_45_11__000385440,Full raw rescreen. Anchor is derived from non-steering vehicle dynamics (ay/roll_rate). Steering metrics are only response evidence and must not be used to define onset.
instability_allraw_highconf_oldcode_v0_1,zx::2025_09_27_17_45_11::00821::instability_dynamic_onset,allraw_vehicle_instability_highconf,zx,val,Entity_Recording_2025_09_27_17_45_11_vehicle.csv,Entity_Recording_2025_09_27_17_45_11_vehicle.csv,F:\data_set_process\data_process\01_datasets\数据预处理\原始车辆数据\zx\Entity_Recording_2025_09_27_17_45_11_vehicle.csv,821,821,allraw_instability_rescreen_v0_1,secondary,medium_active,all_raw_vehicle_dynamic_onset_non_steering,instability_ay_roll,straight,0,-0.0,all_raw_nonsteering_dynamic_onset,89189,445.945,600,400,400,2.0,True,True,177.93,True,True,,445.945,446.93,0.985,89189,89386,93.88,69.03,instability_ay_roll,True,vehicle_instability_allraw__zx__2025_09_27_17_45_11__000445945,Full raw rescreen. Anchor is derived from non-steering vehicle dynamics (ay/roll_rate). Steering metrics are only response evidence and must not be used to define onset.
instability_allraw_highconf_oldcode_v0_1,zx::2025_09_27_17_45_11::00822::instability_dynamic_onset,allraw_vehicle_instability_highconf,zx,val,Entity_Recording_2025_09_27_17_45_11_vehicle.csv,Entity_Recording_2025_09_27_17_45_11_vehicle.csv,F:\data_set_process\data_process\01_datasets\数据预处理\原始车辆数据\zx\Entity_Recording_2025_09_27_17_45_11_vehicle.csv,822,822,allraw_instability_rescreen_v0_1,secondary,extreme_active,all_raw_vehicle_dynamic_onset_non_steering,instability_ay_roll,straight,0,0.0,all_raw_nonsteering_dynamic_onset,89964,449.82,600,400,400,2.0,True,True,174.055,True,True,,449.82,463.715,13.895,89964,92743,100.0,92.38,instability_ay_roll,True,vehicle_instability_allraw__zx__2025_09_27_17_45_11__000449820,Full raw rescreen. Anchor is derived from non-steering vehicle dynamics (ay/roll_rate). Steering metrics are only response evidence and must not be used to define onset.
instability_allraw_highconf_oldcode_v0_1,zx::2025_09_27_17_45_11::00823::instability_dynamic_onset,allraw_vehicle_instability_highconf,zx,val,Entity_Recording_2025_09_27_17_45_11_vehicle.csv,Entity_Recording_2025_09_27_17_45_11_vehicle.csv,F:\data_set_process\data_process\01_datasets\数据预处理\原始车辆数据\zx\Entity_Recording_2025_09_27_17_45_11_vehicle.csv,823,823,allraw_instability_rescreen_v0_1,none,instability_extreme,all_raw_vehicle_dynamic_onset_non_steering,instability_ay_roll,design_high_risk_surface,0,0.0,all_raw_nonsteering_dynamic_onset,93820,469.1,600,400,400,2.0,True,True,154.775,True,True,,469.1,489.73,20.63,93820,97946,100.0,93.23,instability_ay_roll,True,vehicle_instability_allraw__zx__2025_09_27_17_45_11__000469100,Full raw rescreen. Anchor is derived from non-steering vehicle dynamics (ay/roll_rate). Steering metrics are only response evidence and must not be used to define onset.
instability_allraw_highconf_oldcode_v0_1,zx::2025_09_27_17_45_11::00824::instability_dynamic_onset,allraw_vehicle_instability_highconf,zx,val,Entity_Recording_2025_09_27_17_45_11_vehicle.csv,Entity_Recording_2025_09_27_17_45_11_vehicle.csv,F:\data_set_process\data_process\01_datasets\数据预处理\原始车辆数据\zx\Entity_Recording_2025_09_27_17_45_11_vehicle.csv,824,824,allraw_instability_rescreen_v0_1,secondary,strong_active,all_raw_vehicle_dynamic_onset_non_steering,instability_ay_roll,straight,0,-0.0,all_raw_nonsteering_dynamic_onset,101671,508.355,600,400,400,2.0,True,True,115.52,True,True,,508.355,521.075,12.72,101671,104215,100.0,69.51,instability_ay_roll,True,vehicle_instability_allraw__zx__2025_09_27_17_45_11__000508355,Full raw rescreen. Anchor is derived from non-steering vehicle dynamics (ay/roll_rate). Steering metrics are only response evidence and must not be used to define onset.
instability_allraw_highconf_oldcode_v0_1,zx::2025_09_27_17_45_11::00825::instability_dynamic_onset,allraw_vehicle_instability_highconf,zx,val,Entity_Recording_2025_09_27_17_45_11_vehicle.csv,Entity_Recording_2025_09_27_17_45_11_vehicle.csv,F:\data_set_process\data_process\01_datasets\数据预处理\原始车辆数据\zx\Entity_Recording_2025_09_27_17_45_11_vehicle.csv,825,825,allraw_instability_rescreen_v0_1,secondary,weak,all_raw_vehicle_dynamic_onset_non_steering,instability_ay_roll,curve,0,0.0,all_raw_nonsteering_dynamic_onset,104938,524.69,600,400,400,2.0,True,True,99.185,True,True,,524.69,570.47,45.78,104938,114094,95.55,74.62,instability_ay_roll,True,vehicle_instability_allraw__zx__2025_09_27_17_45_11__000524690,Full raw rescreen. Anchor is derived from non-steering vehicle dynamics (ay/roll_rate). Steering metrics are only response evidence and must not be used to define onset.
instability_allraw_highconf_oldcode_v0_1,zx::2025_09_27_17_45_11::00826::instability_dynamic_onset,allraw_vehicle_instability_highconf,zx,val,Entity_Recording_2025_09_27_17_45_11_vehicle.csv,Entity_Recording_2025_09_27_17_45_11_vehicle.csv,F:\data_set_process\data_process\01_datasets\数据预处理\原始车辆数据\zx\Entity_Recording_2025_09_27_17_45_11_vehicle.csv,826,826,allraw_instability_rescreen_v0_1,secondary,strong_active,all_raw_vehicle_dynamic_onset_non_steering,instability_ay_roll,curve,0,0.0,all_raw_nonsteering_dynamic_onset,117759,588.795,600,400,400,2.0,True,True,35.08,True,True,,588.795,602.53,13.735,117759,120506,100.0,93.84,instability_ay_roll,True,vehicle_instability_allraw__zx__2025_09_27_17_45_11__000588795,Full raw rescreen. Anchor is derived from non-steering vehicle dynamics (ay/roll_rate). Steering metrics are only response evidence and must not be used to define onset.
instability_allraw_highconf_oldcode_v0_1,zx::2025_09_27_17_56_42::00827::instability_dynamic_onset,allraw_vehicle_instability_highconf,zx,val,Entity_Recording_2025_09_27_17_56_42_vehicle.csv,Entity_Recording_2025_09_27_17_56_42_vehicle.csv,F:\data_set_process\data_process\01_datasets\数据预处理\原始车辆数据\zx\Entity_Recording_2025_09_27_17_56_42_vehicle.csv,827,827,allraw_instability_rescreen_v0_1,secondary,strong_active,all_raw_vehicle_dynamic_onset_non_steering,instability_ay_roll,straight,0,0.0,all_raw_nonsteering_dynamic_onset,16175,80.875,600,400,400,2.0,True,True,88.715,True,True,,80.875,95.205,14.33,16175,19041,100.0,69.0,instability_ay_roll,True,vehicle_instability_allraw__zx__2025_09_27_17_56_42__000080875,Full raw rescreen. Anchor is derived from non-steering vehicle dynamics (ay/roll_rate). Steering metrics are only response evidence and must not be used to define onset.
instability_allraw_highconf_oldcode_v0_1,zx::2025_09_27_17_56_42::00828::instability_dynamic_onset,allraw_vehicle_instability_highconf,zx,val,Entity_Recording_2025_09_27_17_56_42_vehicle.csv,Entity_Recording_2025_09_27_17_56_42_vehicle.csv,F:\data_set_process\data_process\01_datasets\数据预处理\原始车辆数据\zx\Entity_Recording_2025_09_27_17_56_42_vehicle.csv,828,828,allraw_instability_rescreen_v0_1,secondary,strong_active,all_raw_vehicle_dynamic_onset_non_steering,instability_ay_roll,straight,0,-0.0,all_raw_nonsteering_dynamic_onset,21730,108.65,600,400,400,2.0,True,True,60.94,True,True,,108.65,120.91,12.26,21730,24182,97.38,62.21,instability_ay_roll,True,vehicle_instability_allraw__zx__2025_09_27_17_56_42__000108650,Full raw rescreen. Anchor is derived from non-steering vehicle dynamics (ay/roll_rate). Steering metrics are only response evidence and must not be used to define onset.
instability_allraw_highconf_oldcode_v0_1,zx::2025_09_27_17_56_42::00829::instability_dynamic_onset,allraw_vehicle_instability_highconf,zx,val,Entity_Recording_2025_09_27_17_56_42_vehicle.csv,Entity_Recording_2025_09_27_17_56_42_vehicle.csv,F:\data_set_process\data_process\01_datasets\数据预处理\原始车辆数据\zx\Entity_Recording_2025_09_27_17_56_42_vehicle.csv,829,829,allraw_instability_rescreen_v0_1,secondary,extreme_active,all_raw_vehicle_dynamic_onset_non_steering,instability_ay_roll,curve,1,-0.00729802,all_raw_nonsteering_dynamic_onset,29854,149.27,600,400,400,2.0,True,True,20.32,True,True,,149.27,162.295,13.025,29854,32459,100.0,95.25,instability_ay_roll,True,vehicle_instability_allraw__zx__2025_09_27_17_56_42__000149270,Full raw rescreen. Anchor is derived from non-steering vehicle dynamics (ay/roll_rate). Steering metrics are only response evidence and must not be used to define onset.
instability_allraw_highconf_oldcode_v0_1,zx::2025_09_27_18_00_08::00830::instability_dynamic_onset,allraw_vehicle_instability_highconf,zx,val,Entity_Recording_2025_09_27_18_00_08_vehicle.csv,Entity_Recording_2025_09_27_18_00_08_vehicle.csv,F:\data_set_process\data_process\01_datasets\数据预处理\原始车辆数据\zx\Entity_Recording_2025_09_27_18_00_08_vehicle.csv,830,830,allraw_instability_rescreen_v0_1,primary,strong_active,all_raw_vehicle_dynamic_onset_non_steering,instability_ay_roll,straight,0,0.0,all_raw_nonsteering_dynamic_onset,4090,20.45,600,400,400,2.0,True,True,359.28,True,True,,20.45,21.845,1.395,4090,4369,89.23,58.45,instability_ay_roll,True,vehicle_instability_allraw__zx__2025_09_27_18_00_08__000020450,Full raw rescreen. Anchor is derived from non-steering vehicle dynamics (ay/roll_rate). Steering metrics are only response evidence and must not be used to define onset.
instability_allraw_highconf_oldcode_v0_1,zx::2025_09_27_18_00_08::00831::instability_dynamic_onset,allraw_vehicle_instability_highconf,zx,val,Entity_Recording_2025_09_27_18_00_08_vehicle.csv,Entity_Recording_2025_09_27_18_00_08_vehicle.csv,F:\data_set_process\data_process\01_datasets\数据预处理\原始车辆数据\zx\Entity_Recording_2025_09_27_18_00_08_vehicle.csv,831,831,allraw_instability_rescreen_v0_1,secondary,strong_active,all_raw_vehicle_dynamic_onset_non_steering,instability_ay_roll,straight,0,-0.0,all_raw_nonsteering_dynamic_onset,10049,50.245,600,400,400,2.0,True,True,329.485,True,True,,50.245,56.93,6.685,10049,11386,100.0,67.94,instability_ay_roll,True,vehicle_instability_allraw__zx__2025_09_27_18_00_08__000050245,Full raw rescreen. Anchor is derived from non-steering vehicle dynamics (ay/roll_rate). Steering metrics are only response evidence and must not be used to define onset.
instability_allraw_highconf_oldcode_v0_1,zx::2025_09_27_18_00_08::00832::instability_dynamic_onset,allraw_vehicle_instability_highconf,zx,val,Entity_Recording_2025_09_27_18_00_08_vehicle.csv,Entity_Recording_2025_09_27_18_00_08_vehicle.csv,F:\data_set_process\data_process\01_datasets\数据预处理\原始车辆数据\zx\Entity_Recording_2025_09_27_18_00_08_vehicle.csv,832,832,allraw_instability_rescreen_v0_1,secondary,strong_active,all_raw_vehicle_dynamic_onset_non_steering,instability_ay_roll,straight,0,0.0,all_raw_nonsteering_dynamic_onset,13213,66.065,600,400,400,2.0,True,True,313.665,True,True,,66.065,92.745,26.68,13213,18549,93.63,64.51,instability_ay_roll,True,vehicle_instability_allraw__zx__2025_09_27_18_00_08__000066065,Full raw rescreen. Anchor is derived from non-steering vehicle dynamics (ay/roll_rate). Steering metrics are only response evidence and must not be used to define onset.
instability_allraw_highconf_oldcode_v0_1,zx::2025_09_27_18_00_08::00833::instability_dynamic_onset,allraw_vehicle_instability_highconf,zx,val,Entity_Recording_2025_09_27_18_00_08_vehicle.csv,Entity_Recording_2025_09_27_18_00_08_vehicle.csv,F:\data_set_process\data_process\01_datasets\数据预处理\原始车辆数据\zx\Entity_Recording_2025_09_27_18_00_08_vehicle.csv,833,833,allraw_instability_rescreen_v0_1,secondary,extreme_active,all_raw_vehicle_dynamic_onset_non_steering,instability_ay_roll,straight,1,0.0,all_raw_nonsteering_dynamic_onset,23858,119.29,600,400,400,2.0,True,True,260.44,True,True,,119.29,137.51,18.22,23858,27502,100.0,93.51,instability_ay_roll,True,vehicle_instability_allraw__zx__2025_09_27_18_00_08__000119290,Full raw rescreen. Anchor is derived from non-steering vehicle dynamics (ay/roll_rate). Steering metrics are only response evidence and must not be used to define onset.
instability_allraw_highconf_oldcode_v0_1,zx::2025_09_27_18_00_08::00834::instability_dynamic_onset,allraw_vehicle_instability_highconf,zx,val,Entity_Recording_2025_09_27_18_00_08_vehicle.csv,Entity_Recording_2025_09_27_18_00_08_vehicle.csv,F:\data_set_process\data_process\01_datasets\数据预处理\原始车辆数据\zx\Entity_Recording_2025_09_27_18_00_08_vehicle.csv,834,834,allraw_instability_rescreen_v0_1,secondary,extreme_active,all_raw_vehicle_dynamic_onset_non_steering,instability_ay_roll,curve,1,-0.00729802,all_raw_nonsteering_dynamic_onset,29936,149.68,600,400,400,2.0,True,True,230.05,True,True,,149.68,161.33,11.65,29936,32266,100.0,91.34,instability_ay_roll,True,vehicle_instability_allraw__zx__2025_09_27_18_00_08__000149680,Full raw rescreen. Anchor is derived from non-steering vehicle dynamics (ay/roll_rate). Steering metrics are only response evidence and must not be used to define onset.
instability_allraw_highconf_oldcode_v0_1,zx::2025_09_27_18_00_08::00835::instability_dynamic_onset,allraw_vehicle_instability_highconf,zx,val,Entity_Recording_2025_09_27_18_00_08_vehicle.csv,Entity_Recording_2025_09_27_18_00_08_vehicle.csv,F:\data_set_process\data_process\01_datasets\数据预处理\原始车辆数据\zx\Entity_Recording_2025_09_27_18_00_08_vehicle.csv,835,835,allraw_instability_rescreen_v0_1,primary,strong_active,all_raw_vehicle_dynamic_onset_non_steering,instability_ay_roll,curve,1,-0.00729802,all_raw_nonsteering_dynamic_onset,34701,173.505,600,400,400,2.0,True,True,206.225,True,True,,173.505,176.785,3.28,34701,35357,91.19,64.25,instability_ay_roll,True,vehicle_instability_allraw__zx__2025_09_27_18_00_08__000173505,Full raw rescreen. Anchor is derived from non-steering vehicle dynamics (ay/roll_rate). Steering metrics are only response evidence and must not be used to define onset.
instability_allraw_highconf_oldcode_v0_1,zx::2025_09_27_18_00_08::00836::instability_dynamic_onset,allraw_vehicle_instability_highconf,zx,val,Entity_Recording_2025_09_27_18_00_08_vehicle.csv,Entity_Recording_2025_09_27_18_00_08_vehicle.csv,F:\data_set_process\data_process\01_datasets\数据预处理\原始车辆数据\zx\Entity_Recording_2025_09_27_18_00_08_vehicle.csv,836,836,allraw_instability_rescreen_v0_1,secondary,extreme_active,all_raw_vehicle_dynamic_onset_non_steering,instability_ay_roll,curve,1,-0.00729802,all_raw_nonsteering_dynamic_onset,39136,195.68,600,400,400,2.0,True,True,184.05,True,True,,195.68,206.29,10.61,39136,41258,100.0,91.11,instability_ay_roll,True,vehicle_instability_allraw__zx__2025_09_27_18_00_08__000195680,Full raw rescreen. Anchor is derived from non-steering vehicle dynamics (ay/roll_rate). Steering metrics are only response evidence and must not be used to define onset.
instability_allraw_highconf_oldcode_v0_1,zx::2025_09_27_18_00_08::00837::instability_dynamic_onset,allraw_vehicle_instability_highconf,zx,val,Entity_Recording_2025_09_27_18_00_08_vehicle.csv,Entity_Recording_2025_09_27_18_00_08_vehicle.csv,F:\data_set_process\data_process\01_datasets\数据预处理\原始车辆数据\zx\Entity_Recording_2025_09_27_18_00_08_vehicle.csv,837,837,allraw_instability_rescreen_v0_1,secondary,strong_active,all_raw_vehicle_dynamic_onset_non_steering,instability_ay_roll,curve,1,-0.00729802,all_raw_nonsteering_dynamic_onset,51272,256.36,600,400,400,2.0,True,True,123.37,True,True,,256.36,266.965,10.605,51272,53393,100.0,68.55,instability_ay_roll,True,vehicle_instability_allraw__zx__2025_09_27_18_00_08__000256360,Full raw rescreen. Anchor is derived from non-steering vehicle dynamics (ay/roll_rate). Steering metrics are only response evidence and must not be used to define onset.
instability_allraw_highconf_oldcode_v0_1,zx::2025_09_27_18_00_08::00838::instability_dynamic_onset,allraw_vehicle_instability_highconf,zx,val,Entity_Recording_2025_09_27_18_00_08_vehicle.csv,Entity_Recording_2025_09_27_18_00_08_vehicle.csv,F:\data_set_process\data_process\01_datasets\数据预处理\原始车辆数据\zx\Entity_Recording_2025_09_27_18_00_08_vehicle.csv,838,838,allraw_instability_rescreen_v0_1,secondary,strong_active,all_raw_vehicle_dynamic_onset_non_steering,instability_ay_roll,curve,1,-0.00729802,all_raw_nonsteering_dynamic_onset,62716,313.58,600,400,400,2.0,True,True,66.15,True,True,,313.58,315.3,1.72,62716,63060,91.33,66.9,instability_ay_roll,True,vehicle_instability_allraw__zx__2025_09_27_18_00_08__000313580,Full raw rescreen. Anchor is derived from non-steering vehicle dynamics (ay/roll_rate). Steering metrics are only response evidence and must not be used to define onset.
instability_allraw_highconf_oldcode_v0_1,zx::2025_09_27_18_00_08::00839::instability_dynamic_onset,allraw_vehicle_instability_highconf,zx,val,Entity_Recording_2025_09_27_18_00_08_vehicle.csv,Entity_Recording_2025_09_27_18_00_08_vehicle.csv,F:\data_set_process\data_process\01_datasets\数据预处理\原始车辆数据\zx\Entity_Recording_2025_09_27_18_00_08_vehicle.csv,839,839,allraw_instability_rescreen_v0_1,secondary,strong_active,all_raw_vehicle_dynamic_onset_non_steering,instability_ay_roll,curve,1,-0.00729802,all_raw_nonsteering_dynamic_onset,64072,320.36,600,400,400,2.0,True,True,59.37,True,True,,320.36,338.14,17.78,64072,67628,84.48,57.45,instability_ay_roll,True,vehicle_instability_allraw__zx__2025_09_27_18_00_08__000320360,Full raw rescreen. Anchor is derived from non-steering vehicle dynamics (ay/roll_rate). Steering metrics are only response evidence and must not be used to define onset.
instability_allraw_highconf_oldcode_v0_1,zx::2025_09_27_18_00_08::00840::instability_dynamic_onset,allraw_vehicle_instability_highconf,zx,val,Entity_Recording_2025_09_27_18_00_08_vehicle.csv,Entity_Recording_2025_09_27_18_00_08_vehicle.csv,F:\data_set_process\data_process\01_datasets\数据预处理\原始车辆数据\zx\Entity_Recording_2025_09_27_18_00_08_vehicle.csv,840,840,allraw_instability_rescreen_v0_1,primary,strong_active,all_raw_vehicle_dynamic_onset_non_steering,instability_ay_roll,curve,1,-0.00729802,all_raw_nonsteering_dynamic_onset,70781,353.905,600,400,400,2.0,True,True,25.825,True,True,,353.905,373.74,19.835,70781,74748,96.18,63.82,instability_ay_roll,True,vehicle_instability_allraw__zx__2025_09_27_18_00_08__000353905,Full raw rescreen. Anchor is derived from non-steering vehicle dynamics (ay/roll_rate). Steering metrics are only response evidence and must not be used to define onset.
instability_allraw_highconf_oldcode_v0_1,zx::2025_09_27_18_07_01::00841::instability_dynamic_onset,allraw_vehicle_instability_highconf,zx,val,Entity_Recording_2025_09_27_18_07_01_vehicle.csv,Entity_Recording_2025_09_27_18_07_01_vehicle.csv,F:\data_set_process\data_process\01_datasets\数据预处理\原始车辆数据\zx\Entity_Recording_2025_09_27_18_07_01_vehicle.csv,841,841,allraw_instability_rescreen_v0_1,secondary,strong_active,all_raw_vehicle_dynamic_onset_non_steering,instability_ay_roll,straight,0,0.0,all_raw_nonsteering_dynamic_onset,5062,25.31,600,400,400,2.0,True,True,576.455,True,True,,25.31,45.035,19.725,5062,9007,100.0,88.16,instability_ay_roll,True,vehicle_instability_allraw__zx__2025_09_27_18_07_01__000025310,Full raw rescreen. Anchor is derived from non-steering vehicle dynamics (ay/roll_rate). Steering metrics are only response evidence and must not be used to define onset.
instability_allraw_highconf_oldcode_v0_1,zx::2025_09_27_18_07_01::00842::instability_dynamic_onset,allraw_vehicle_instability_highconf,zx,val,Entity_Recording_2025_09_27_18_07_01_vehicle.csv,Entity_Recording_2025_09_27_18_07_01_vehicle.csv,F:\data_set_process\data_process\01_datasets\数据预处理\原始车辆数据\zx\Entity_Recording_2025_09_27_18_07_01_vehicle.csv,842,842,allraw_instability_rescreen_v0_1,secondary,strong_active,all_raw_vehicle_dynamic_onset_non_steering,instability_ay_roll,straight,0,0.0,all_raw_nonsteering_dynamic_onset,9651,48.255,600,400,400,2.0,True,True,553.51,True,True,,48.255,66.065,17.81,9651,13213,98.65,67.31,instability_ay_roll,True,vehicle_instability_allraw__zx__2025_09_27_18_07_01__000048255,Full raw rescreen. Anchor is derived from non-steering vehicle dynamics (ay/roll_rate). Steering metrics are only response evidence and must not be used to define onset.
instability_allraw_highconf_oldcode_v0_1,zx::2025_09_27_18_07_01::00843::instability_dynamic_onset,allraw_vehicle_instability_highconf,zx,val,Entity_Recording_2025_09_27_18_07_01_vehicle.csv,Entity_Recording_2025_09_27_18_07_01_vehicle.csv,F:\data_set_process\data_process\01_datasets\数据预处理\原始车辆数据\zx\Entity_Recording_2025_09_27_18_07_01_vehicle.csv,843,843,allraw_instability_rescreen_v0_1,secondary,extreme_active,all_raw_vehicle_dynamic_onset_non_steering,instability_ay_roll,straight,0,-0.0,all_raw_nonsteering_dynamic_onset,14262,71.31,600,400,400,2.0,True,True,530.455,True,True,,71.31,79.665,8.355,14262,15933,100.0,94.2,instability_ay_roll,True,vehicle_instability_allraw__zx__2025_09_27_18_07_01__000071310,Full raw rescreen. Anchor is derived from non-steering vehicle dynamics (ay/roll_rate). Steering metrics are only response evidence and must not be used to define onset.
instability_allraw_highconf_oldcode_v0_1,zx::2025_09_27_18_07_01::00844::instability_dynamic_onset,allraw_vehicle_instability_highconf,zx,val,Entity_Recording_2025_09_27_18_07_01_vehicle.csv,Entity_Recording_2025_09_27_18_07_01_vehicle.csv,F:\data_set_process\data_process\01_datasets\数据预处理\原始车辆数据\zx\Entity_Recording_2025_09_27_18_07_01_vehicle.csv,844,844,allraw_instability_rescreen_v0_1,none,instability_extreme,all_raw_vehicle_dynamic_onset_non_steering,instability_ay_roll,design_regular_road,0,-0.0,all_raw_nonsteering_dynamic_onset,17577,87.885,600,400,400,2.0,True,True,513.88,True,True,,87.885,110.2,22.315,17577,22040,100.0,93.08,instability_ay_roll,True,vehicle_instability_allraw__zx__2025_09_27_18_07_01__000087885,Full raw rescreen. Anchor is derived from non-steering vehicle dynamics (ay/roll_rate). Steering metrics are only response evidence and must not be used to define onset.
instability_allraw_highconf_oldcode_v0_1,zx::2025_09_27_18_07_01::00845::instability_dynamic_onset,allraw_vehicle_instability_highconf,zx,val,Entity_Recording_2025_09_27_18_07_01_vehicle.csv,Entity_Recording_2025_09_27_18_07_01_vehicle.csv,F:\data_set_process\data_process\01_datasets\数据预处理\原始车辆数据\zx\Entity_Recording_2025_09_27_18_07_01_vehicle.csv,845,845,allraw_instability_rescreen_v0_1,secondary,extreme_active,all_raw_vehicle_dynamic_onset_non_steering,instability_ay_roll,straight,0,0.0,all_raw_nonsteering_dynamic_onset,24627,123.135,600,400,400,2.0,True,True,478.63,True,True,,123.135,142.245,19.11,24627,28449,100.0,87.53,instability_ay_roll,True,vehicle_instability_allraw__zx__2025_09_27_18_07_01__000123135,Full raw rescreen. Anchor is derived from non-steering vehicle dynamics (ay/roll_rate). Steering metrics are only response evidence and must not be used to define onset.
instability_allraw_highconf_oldcode_v0_1,zx::2025_09_27_18_07_01::00846::instability_dynamic_onset,allraw_vehicle_instability_highconf,zx,val,Entity_Recording_2025_09_27_18_07_01_vehicle.csv,Entity_Recording_2025_09_27_18_07_01_vehicle.csv,F:\data_set_process\data_process\01_datasets\数据预处理\原始车辆数据\zx\Entity_Recording_2025_09_27_18_07_01_vehicle.csv,846,846,allraw_instability_rescreen_v0_1,primary,extreme_active,all_raw_vehicle_dynamic_onset_non_steering,instability_ay_roll,straight,1,-0.0,all_raw_nonsteering_dynamic_onset,29856,149.28,600,400,400,2.0,True,True,452.485,True,True,,149.28,154.73,5.45,29856,30946,100.0,93.23,instability_ay_roll,True,vehicle_instability_allraw__zx__2025_09_27_18_07_01__000149280,Full raw rescreen. Anchor is derived from non-steering vehicle dynamics (ay/roll_rate). Steering metrics are only response evidence and must not be used to define onset.
instability_allraw_highconf_oldcode_v0_1,zx::2025_09_27_18_07_01::00847::instability_dynamic_onset,allraw_vehicle_instability_highconf,zx,val,Entity_Recording_2025_09_27_18_07_01_vehicle.csv,Entity_Recording_2025_09_27_18_07_01_vehicle.csv,F:\data_set_process\data_process\01_datasets\数据预处理\原始车辆数据\zx\Entity_Recording_2025_09_27_18_07_01_vehicle.csv,847,847,allraw_instability_rescreen_v0_1,secondary,extreme_active,all_raw_vehicle_dynamic_onset_non_steering,instability_ay_roll,straight,1,-0.00729802,all_raw_nonsteering_dynamic_onset,38711,193.555,600,400,400,2.0,True,True,408.21,True,True,,193.555,215.055,21.5,38711,43011,100.0,83.07,instability_ay_roll,True,vehicle_instability_allraw__zx__2025_09_27_18_07_01__000193555,Full raw rescreen. Anchor is derived from non-steering vehicle dynamics (ay/roll_rate). Steering metrics are only response evidence and must not be used to define onset.
instability_allraw_highconf_oldcode_v0_1,zx::2025_09_27_18_07_01::00848::instability_dynamic_onset,allraw_vehicle_instability_highconf,zx,val,Entity_Recording_2025_09_27_18_07_01_vehicle.csv,Entity_Recording_2025_09_27_18_07_01_vehicle.csv,F:\data_set_process\data_process\01_datasets\数据预处理\原始车辆数据\zx\Entity_Recording_2025_09_27_18_07_01_vehicle.csv,848,848,allraw_instability_rescreen_v0_1,secondary,strong_active,all_raw_vehicle_dynamic_onset_non_steering,instability_ay_roll,straight,0,-0.0,all_raw_nonsteering_dynamic_onset,44658,223.29,600,400,400,2.0,True,True,378.475,True,True,,223.29,235.47,12.18,44658,47094,100.0,73.33,instability_ay_roll,True,vehicle_instability_allraw__zx__2025_09_27_18_07_01__000223290,Full raw rescreen. Anchor is derived from non-steering vehicle dynamics (ay/roll_rate). Steering metrics are only response evidence and must not be used to define onset.
instability_allraw_highconf_oldcode_v0_1,zx::2025_09_27_18_07_01::00849::instability_dynamic_onset,allraw_vehicle_instability_highconf,zx,val,Entity_Recording_2025_09_27_18_07_01_vehicle.csv,Entity_Recording_2025_09_27_18_07_01_vehicle.csv,F:\data_set_process\data_process\01_datasets\数据预处理\原始车辆数据\zx\Entity_Recording_2025_09_27_18_07_01_vehicle.csv,849,849,allraw_instability_rescreen_v0_1,secondary,extreme_active,all_raw_vehicle_dynamic_onset_non_steering,instability_ay_roll,straight,0,0.0,all_raw_nonsteering_dynamic_onset,50277,251.385,600,400,400,2.0,True,True,350.38,True,True,,251.385,257.54,6.155,50277,51508,100.0,81.84,instability_ay_roll,True,vehicle_instability_allraw__zx__2025_09_27_18_07_01__000251385,Full raw rescreen. Anchor is derived from non-steering vehicle dynamics (ay/roll_rate). Steering metrics are only response evidence and must not be used to define onset.
instability_allraw_highconf_oldcode_v0_1,zx::2025_09_27_18_07_01::00850::instability_dynamic_onset,allraw_vehicle_instability_highconf,zx,val,Entity_Recording_2025_09_27_18_07_01_vehicle.csv,Entity_Recording_2025_09_27_18_07_01_vehicle.csv,F:\data_set_process\data_process\01_datasets\数据预处理\原始车辆数据\zx\Entity_Recording_2025_09_27_18_07_01_vehicle.csv,850,850,allraw_instability_rescreen_v0_1,secondary,extreme_active,all_raw_vehicle_dynamic_onset_non_steering,instability_ay_roll,straight,0,-0.0,all_raw_nonsteering_dynamic_onset,55430,277.15,600,400,400,2.0,True,True,324.615,True,True,,277.15,288.345,11.195,55430,57669,100.0,82.96,instability_ay_roll,True,vehicle_instability_allraw__zx__2025_09_27_18_07_01__000277150,Full raw rescreen. Anchor is derived from non-steering vehicle dynamics (ay/roll_rate). Steering metrics are only response evidence and must not be used to define onset.
instability_allraw_highconf_oldcode_v0_1,zx::2025_09_27_18_07_01::00851::instability_dynamic_onset,allraw_vehicle_instability_highconf,zx,val,Entity_Recording_2025_09_27_18_07_01_vehicle.csv,Entity_Recording_2025_09_27_18_07_01_vehicle.csv,F:\data_set_process\data_process\01_datasets\数据预处理\原始车辆数据\zx\Entity_Recording_2025_09_27_18_07_01_vehicle.csv,851,851,allraw_instability_rescreen_v0_1,secondary,strong_active,all_raw_vehicle_dynamic_onset_non_steering,instability_ay_roll,curve,0,-0.0,all_raw_nonsteering_dynamic_onset,64717,323.585,600,400,400,2.0,True,True,278.18,True,True,,323.585,338.595,15.01,64717,67719,100.0,72.81,instability_ay_roll,True,vehicle_instability_allraw__zx__2025_09_27_18_07_01__000323585,Full raw rescreen. Anchor is derived from non-steering vehicle dynamics (ay/roll_rate). Steering metrics are only response evidence and must not be used to define onset.
instability_allraw_highconf_oldcode_v0_1,zx::2025_09_27_18_07_01::00852::instability_dynamic_onset,allraw_vehicle_instability_highconf,zx,val,Entity_Recording_2025_09_27_18_07_01_vehicle.csv,Entity_Recording_2025_09_27_18_07_01_vehicle.csv,F:\data_set_process\data_process\01_datasets\数据预处理\原始车辆数据\zx\Entity_Recording_2025_09_27_18_07_01_vehicle.csv,852,852,allraw_instability_rescreen_v0_1,none,instability_medium,all_raw_vehicle_dynamic_onset_non_steering,instability_ay_only,design_curve_context,1,-0.0,all_raw_nonsteering_dynamic_onset,68416,342.08,600,400,400,2.0,True,True,259.685,True,True,,342.08,343.16,1.08,68416,68632,85.17,67.98,instability_ay_only,True,vehicle_instability_allraw__zx__2025_09_27_18_07_01__000342080,Full raw rescreen. Anchor is derived from non-steering vehicle dynamics (ay/roll_rate). Steering metrics are only response evidence and must not be used to define onset.
instability_allraw_highconf_oldcode_v0_1,zx::2025_09_27_18_07_01::00853::instability_dynamic_onset,allraw_vehicle_instability_highconf,zx,val,Entity_Recording_2025_09_27_18_07_01_vehicle.csv,Entity_Recording_2025_09_27_18_07_01_vehicle.csv,F:\data_set_process\data_process\01_datasets\数据预处理\原始车辆数据\zx\Entity_Recording_2025_09_27_18_07_01_vehicle.csv,853,853,allraw_instability_rescreen_v0_1,secondary,extreme_active,all_raw_vehicle_dynamic_onset_non_steering,instability_ay_roll,straight,1,-0.0,all_raw_nonsteering_dynamic_onset,70659,353.295,600,400,400,2.0,True,True,248.47,True,True,,353.295,367.935,14.64,70659,73587,100.0,94.12,instability_ay_roll,True,vehicle_instability_allraw__zx__2025_09_27_18_07_01__000353295,Full raw rescreen. Anchor is derived from non-steering vehicle dynamics (ay/roll_rate). Steering metrics are only response evidence and must not be used to define onset.
instability_allraw_highconf_oldcode_v0_1,zx::2025_09_27_18_07_01::00854::instability_dynamic_onset,allraw_vehicle_instability_highconf,zx,val,Entity_Recording_2025_09_27_18_07_01_vehicle.csv,Entity_Recording_2025_09_27_18_07_01_vehicle.csv,F:\data_set_process\data_process\01_datasets\数据预处理\原始车辆数据\zx\Entity_Recording_2025_09_27_18_07_01_vehicle.csv,854,854,allraw_instability_rescreen_v0_1,none,instability_extreme,all_raw_vehicle_dynamic_onset_non_steering,instability_ay_roll,design_curve_context,1,0.0,all_raw_nonsteering_dynamic_onset,75292,376.46,600,400,400,2.0,True,True,225.305,True,True,,376.46,384.11,7.65,75292,76822,100.0,93.01,instability_ay_roll,True,vehicle_instability_allraw__zx__2025_09_27_18_07_01__000376460,Full raw rescreen. Anchor is derived from non-steering vehicle dynamics (ay/roll_rate). Steering metrics are only response evidence and must not be used to define onset.
instability_allraw_highconf_oldcode_v0_1,zx::2025_09_27_18_07_01::00855::instability_dynamic_onset,allraw_vehicle_instability_highconf,zx,val,Entity_Recording_2025_09_27_18_07_01_vehicle.csv,Entity_Recording_2025_09_27_18_07_01_vehicle.csv,F:\data_set_process\data_process\01_datasets\数据预处理\原始车辆数据\zx\Entity_Recording_2025_09_27_18_07_01_vehicle.csv,855,855,allraw_instability_rescreen_v0_1,secondary,extreme_active,all_raw_vehicle_dynamic_onset_non_steering,instability_ay_roll,straight,1,0.0,all_raw_nonsteering_dynamic_onset,77467,387.335,600,400,400,2.0,True,True,214.43,True,True,,387.335,421.38,34.045,77467,84276,100.0,95.06,instability_ay_roll,True,vehicle_instability_allraw__zx__2025_09_27_18_07_01__000387335,Full raw rescreen. Anchor is derived from non-steering vehicle dynamics (ay/roll_rate). Steering metrics are only response evidence and must not be used to define onset.
instability_allraw_highconf_oldcode_v0_1,zx::2025_09_27_18_07_01::00856::instability_dynamic_onset,allraw_vehicle_instability_highconf,zx,val,Entity_Recording_2025_09_27_18_07_01_vehicle.csv,Entity_Recording_2025_09_27_18_07_01_vehicle.csv,F:\data_set_process\data_process\01_datasets\数据预处理\原始车辆数据\zx\Entity_Recording_2025_09_27_18_07_01_vehicle.csv,856,856,allraw_instability_rescreen_v0_1,secondary,extreme_active,all_raw_vehicle_dynamic_onset_non_steering,instability_ay_roll,straight,0,-0.0,all_raw_nonsteering_dynamic_onset,86294,431.47,600,400,400,2.0,True,True,170.295,True,True,,431.47,439.145,7.675,86294,87829,100.0,80.77,instability_ay_roll,True,vehicle_instability_allraw__zx__2025_09_27_18_07_01__000431470,Full raw rescreen. Anchor is derived from non-steering vehicle dynamics (ay/roll_rate). Steering metrics are only response evidence and must not be used to define onset.
instability_allraw_highconf_oldcode_v0_1,zx::2025_09_27_18_07_01::00857::instability_dynamic_onset,allraw_vehicle_instability_highconf,zx,val,Entity_Recording_2025_09_27_18_07_01_vehicle.csv,Entity_Recording_2025_09_27_18_07_01_vehicle.csv,F:\data_set_process\data_process\01_datasets\数据预处理\原始车辆数据\zx\Entity_Recording_2025_09_27_18_07_01_vehicle.csv,857,857,allraw_instability_rescreen_v0_1,secondary,extreme_active,all_raw_vehicle_dynamic_onset_non_steering,instability_ay_roll,straight,0,0.0,all_raw_nonsteering_dynamic_onset,98476,492.38,600,400,400,2.0,True,True,109.385,True,True,,492.38,507.095,14.715,98476,101419,100.0,74.24,instability_ay_roll,True,vehicle_instability_allraw__zx__2025_09_27_18_07_01__000492380,Full raw rescreen. Anchor is derived from non-steering vehicle dynamics (ay/roll_rate). Steering metrics are only response evidence and must not be used to define onset.
instability_allraw_highconf_oldcode_v0_1,zx::2025_09_27_18_07_01::00858::instability_dynamic_onset,allraw_vehicle_instability_highconf,zx,val,Entity_Recording_2025_09_27_18_07_01_vehicle.csv,Entity_Recording_2025_09_27_18_07_01_vehicle.csv,F:\data_set_process\data_process\01_datasets\数据预处理\原始车辆数据\zx\Entity_Recording_2025_09_27_18_07_01_vehicle.csv,858,858,allraw_instability_rescreen_v0_1,secondary,extreme_active,all_raw_vehicle_dynamic_onset_non_steering,instability_ay_roll,straight,0,0.0,all_raw_nonsteering_dynamic_onset,110017,550.085,600,400,400,2.0,True,True,51.68,True,True,,550.085,565.91,15.825,110017,113182,100.0,72.65,instability_ay_roll,True,vehicle_instability_allraw__zx__2025_09_27_18_07_01__000550085,Full raw rescreen. Anchor is derived from non-steering vehicle dynamics (ay/roll_rate). Steering metrics are only response evidence and must not be used to define onset.
instability_allraw_highconf_oldcode_v0_1,zx::2025_09_27_18_07_01::00859::instability_dynamic_onset,allraw_vehicle_instability_highconf,zx,val,Entity_Recording_2025_09_27_18_07_01_vehicle.csv,Entity_Recording_2025_09_27_18_07_01_vehicle.csv,F:\data_set_process\data_process\01_datasets\数据预处理\原始车辆数据\zx\Entity_Recording_2025_09_27_18_07_01_vehicle.csv,859,859,allraw_instability_rescreen_v0_1,secondary,weak,all_raw_vehicle_dynamic_onset_non_steering,instability_ay_roll,straight,0,0.0,all_raw_nonsteering_dynamic_onset,116941,584.705,600,400,400,2.0,True,True,17.06,True,True,,584.705,601.145,16.44,116941,120229,91.91,73.41,instability_ay_roll,True,vehicle_instability_allraw__zx__2025_09_27_18_07_01__000584705,Full raw rescreen. Anchor is derived from non-steering vehicle dynamics (ay/roll_rate). Steering metrics are only response evidence and must not be used to define onset.
instability_allraw_highconf_oldcode_v0_1,zx::2025_09_27_18_17_48::00860::instability_dynamic_onset,allraw_vehicle_instability_highconf,zx,val,Entity_Recording_2025_09_27_18_17_48_vehicle.csv,Entity_Recording_2025_09_27_18_17_48_vehicle.csv,F:\data_set_process\data_process\01_datasets\数据预处理\原始车辆数据\zx\Entity_Recording_2025_09_27_18_17_48_vehicle.csv,860,860,allraw_instability_rescreen_v0_1,secondary,extreme_active,all_raw_vehicle_dynamic_onset_non_steering,instability_ay_roll,straight,0,0.0,all_raw_nonsteering_dynamic_onset,16174,80.87,600,400,400,2.0,True,True,491.945,True,True,,80.87,93.325,12.455,16174,18665,100.0,80.92,instability_ay_roll,True,vehicle_instability_allraw__zx__2025_09_27_18_17_48__000080870,Full raw rescreen. Anchor is derived from non-steering vehicle dynamics (ay/roll_rate). Steering metrics are only response evidence and must not be used to define onset.
instability_allraw_highconf_oldcode_v0_1,zx::2025_09_27_18_17_48::00861::instability_dynamic_onset,allraw_vehicle_instability_highconf,zx,val,Entity_Recording_2025_09_27_18_17_48_vehicle.csv,Entity_Recording_2025_09_27_18_17_48_vehicle.csv,F:\data_set_process\data_process\01_datasets\数据预处理\原始车辆数据\zx\Entity_Recording_2025_09_27_18_17_48_vehicle.csv,861,861,allraw_instability_rescreen_v0_1,secondary,extreme_active,all_raw_vehicle_dynamic_onset_non_steering,instability_ay_roll,straight,0,0.0,all_raw_nonsteering_dynamic_onset,19268,96.34,600,400,400,2.0,True,True,476.475,True,True,,96.34,110.885,14.545,19268,22177,100.0,88.69,instability_ay_roll,True,vehicle_instability_allraw__zx__2025_09_27_18_17_48__000096340,Full raw rescreen. Anchor is derived from non-steering vehicle dynamics (ay/roll_rate). Steering metrics are only response evidence and must not be used to define onset.
instability_allraw_highconf_oldcode_v0_1,zx::2025_09_27_18_17_48::00862::instability_dynamic_onset,allraw_vehicle_instability_highconf,zx,val,Entity_Recording_2025_09_27_18_17_48_vehicle.csv,Entity_Recording_2025_09_27_18_17_48_vehicle.csv,F:\data_set_process\data_process\01_datasets\数据预处理\原始车辆数据\zx\Entity_Recording_2025_09_27_18_17_48_vehicle.csv,862,862,allraw_instability_rescreen_v0_1,secondary,extreme_active,all_raw_vehicle_dynamic_onset_non_steering,instability_ay_roll,curve,1,-0.00729802,all_raw_nonsteering_dynamic_onset,29052,145.26,600,400,400,2.0,True,True,427.555,True,True,,145.26,166.735,21.475,29052,33347,100.0,94.68,instability_ay_roll,True,vehicle_instability_allraw__zx__2025_09_27_18_17_48__000145260,Full raw rescreen. Anchor is derived from non-steering vehicle dynamics (ay/roll_rate). Steering metrics are only response evidence and must not be used to define onset.
instability_allraw_highconf_oldcode_v0_1,zx::2025_09_27_18_17_48::00863::instability_dynamic_onset,allraw_vehicle_instability_highconf,zx,val,Entity_Recording_2025_09_27_18_17_48_vehicle.csv,Entity_Recording_2025_09_27_18_17_48_vehicle.csv,F:\data_set_process\data_process\01_datasets\数据预处理\原始车辆数据\zx\Entity_Recording_2025_09_27_18_17_48_vehicle.csv,863,863,allraw_instability_rescreen_v0_1,secondary,extreme_active,all_raw_vehicle_dynamic_onset_non_steering,instability_ay_roll,straight,0,0.0,all_raw_nonsteering_dynamic_onset,35368,176.84,600,400,400,2.0,True,True,395.975,True,True,,176.84,186.735,9.895,35368,37347,93.09,61.56,instability_ay_roll,True,vehicle_instability_allraw__zx__2025_09_27_18_17_48__000176840,Full raw rescreen. Anchor is derived from non-steering vehicle dynamics (ay/roll_rate). Steering metrics are only response evidence and must not be used to define onset.
instability_allraw_highconf_oldcode_v0_1,zx::2025_09_27_18_17_48::00864::instability_dynamic_onset,allraw_vehicle_instability_highconf,zx,val,Entity_Recording_2025_09_27_18_17_48_vehicle.csv,Entity_Recording_2025_09_27_18_17_48_vehicle.csv,F:\data_set_process\data_process\01_datasets\数据预处理\原始车辆数据\zx\Entity_Recording_2025_09_27_18_17_48_vehicle.csv,864,864,allraw_instability_rescreen_v0_1,secondary,extreme_active,all_raw_vehicle_dynamic_onset_non_steering,instability_ay_roll,straight,0,0.0,all_raw_nonsteering_dynamic_onset,41006,205.03,600,400,400,2.0,True,True,367.785,True,True,,205.03,210.965,5.935,41006,42193,100.0,81.59,instability_ay_roll,True,vehicle_instability_allraw__zx__2025_09_27_18_17_48__000205030,Full raw rescreen. Anchor is derived from non-steering vehicle dynamics (ay/roll_rate). Steering metrics are only response evidence and must not be used to define onset.
instability_allraw_highconf_oldcode_v0_1,zx::2025_09_27_18_17_48::00865::instability_dynamic_onset,allraw_vehicle_instability_highconf,zx,val,Entity_Recording_2025_09_27_18_17_48_vehicle.csv,Entity_Recording_2025_09_27_18_17_48_vehicle.csv,F:\data_set_process\data_process\01_datasets\数据预处理\原始车辆数据\zx\Entity_Recording_2025_09_27_18_17_48_vehicle.csv,865,865,allraw_instability_rescreen_v0_1,secondary,strong_active,all_raw_vehicle_dynamic_onset_non_steering,instability_ay_roll,straight,0,-0.0,all_raw_nonsteering_dynamic_onset,46194,230.97,600,400,400,2.0,True,True,341.845,True,True,,230.97,239.025,8.055,46194,47805,100.0,67.58,instability_ay_roll,True,vehicle_instability_allraw__zx__2025_09_27_18_17_48__000230970,Full raw rescreen. Anchor is derived from non-steering vehicle dynamics (ay/roll_rate). Steering metrics are only response evidence and must not be used to define onset.
instability_allraw_highconf_oldcode_v0_1,zx::2025_09_27_18_17_48::00866::instability_dynamic_onset,allraw_vehicle_instability_highconf,zx,val,Entity_Recording_2025_09_27_18_17_48_vehicle.csv,Entity_Recording_2025_09_27_18_17_48_vehicle.csv,F:\data_set_process\data_process\01_datasets\数据预处理\原始车辆数据\zx\Entity_Recording_2025_09_27_18_17_48_vehicle.csv,866,866,allraw_instability_rescreen_v0_1,primary,strong_active,all_raw_vehicle_dynamic_onset_non_steering,instability_ay_roll,straight,0,0.0,all_raw_nonsteering_dynamic_onset,50789,253.945,600,400,400,2.0,True,True,318.87,True,True,,253.945,258.025,4.08,50789,51605,100.0,66.89,instability_ay_roll,True,vehicle_instability_allraw__zx__2025_09_27_18_17_48__000253945,Full raw rescreen. Anchor is derived from non-steering vehicle dynamics (ay/roll_rate). Steering metrics are only response evidence and must not be used to define onset.
instability_allraw_highconf_oldcode_v0_1,zx::2025_09_27_18_17_48::00867::instability_dynamic_onset,allraw_vehicle_instability_highconf,zx,val,Entity_Recording_2025_09_27_18_17_48_vehicle.csv,Entity_Recording_2025_09_27_18_17_48_vehicle.csv,F:\data_set_process\data_process\01_datasets\数据预处理\原始车辆数据\zx\Entity_Recording_2025_09_27_18_17_48_vehicle.csv,867,867,allraw_instability_rescreen_v0_1,secondary,weak,all_raw_vehicle_dynamic_onset_non_steering,instability_ay_roll,curve,0,0.0,all_raw_nonsteering_dynamic_onset,56083,280.415,600,400,400,2.0,True,True,292.4,True,True,,280.415,300.195,19.78,56083,60039,97.6,77.54,instability_ay_roll,True,vehicle_instability_allraw__zx__2025_09_27_18_17_48__000280415,Full raw rescreen. Anchor is derived from non-steering vehicle dynamics (ay/roll_rate). Steering metrics are only response evidence and must not be used to define onset.
instability_allraw_highconf_oldcode_v0_1,zx::2025_09_27_18_17_48::00868::instability_dynamic_onset,allraw_vehicle_instability_highconf,zx,val,Entity_Recording_2025_09_27_18_17_48_vehicle.csv,Entity_Recording_2025_09_27_18_17_48_vehicle.csv,F:\data_set_process\data_process\01_datasets\数据预处理\原始车辆数据\zx\Entity_Recording_2025_09_27_18_17_48_vehicle.csv,868,868,allraw_instability_rescreen_v0_1,secondary,extreme_active,all_raw_vehicle_dynamic_onset_non_steering,instability_ay_roll,straight,1,0.0,all_raw_nonsteering_dynamic_onset,61449,307.245,600,400,400,2.0,True,True,265.57,True,True,,307.245,334.32,27.075,61449,66864,100.0,94.65,instability_ay_roll,True,vehicle_instability_allraw__zx__2025_09_27_18_17_48__000307245,Full raw rescreen. Anchor is derived from non-steering vehicle dynamics (ay/roll_rate). Steering metrics are only response evidence and must not be used to define onset.
instability_allraw_highconf_oldcode_v0_1,zx::2025_09_27_18_17_48::00869::instability_dynamic_onset,allraw_vehicle_instability_highconf,zx,val,Entity_Recording_2025_09_27_18_17_48_vehicle.csv,Entity_Recording_2025_09_27_18_17_48_vehicle.csv,F:\data_set_process\data_process\01_datasets\数据预处理\原始车辆数据\zx\Entity_Recording_2025_09_27_18_17_48_vehicle.csv,869,869,allraw_instability_rescreen_v0_1,secondary,strong_active,all_raw_vehicle_dynamic_onset_non_steering,instability_ay_roll,straight,0,-0.0,all_raw_nonsteering_dynamic_onset,75421,377.105,600,400,400,2.0,True,True,195.71,True,True,,377.105,385.62,8.515,75421,77124,100.0,84.39,instability_ay_roll,True,vehicle_instability_allraw__zx__2025_09_27_18_17_48__000377105,Full raw rescreen. Anchor is derived from non-steering vehicle dynamics (ay/roll_rate). Steering metrics are only response evidence and must not be used to define onset.
instability_allraw_highconf_oldcode_v0_1,zx::2025_09_27_18_17_48::00870::instability_dynamic_onset,allraw_vehicle_instability_highconf,zx,val,Entity_Recording_2025_09_27_18_17_48_vehicle.csv,Entity_Recording_2025_09_27_18_17_48_vehicle.csv,F:\data_set_process\data_process\01_datasets\数据预处理\原始车辆数据\zx\Entity_Recording_2025_09_27_18_17_48_vehicle.csv,870,870,allraw_instability_rescreen_v0_1,secondary,weak,all_raw_vehicle_dynamic_onset_non_steering,instability_ay_roll,straight,0,0.0,all_raw_nonsteering_dynamic_onset,87115,435.575,600,400,400,2.0,True,True,137.24,True,True,,435.575,448.49,12.915,87115,89698,88.97,69.89,instability_ay_roll,True,vehicle_instability_allraw__zx__2025_09_27_18_17_48__000435575,Full raw rescreen. Anchor is derived from non-steering vehicle dynamics (ay/roll_rate). Steering metrics are only response evidence and must not be used to define onset.
instability_allraw_highconf_oldcode_v0_1,zx::2025_09_27_18_17_48::00871::instability_dynamic_onset,allraw_vehicle_instability_highconf,zx,val,Entity_Recording_2025_09_27_18_17_48_vehicle.csv,Entity_Recording_2025_09_27_18_17_48_vehicle.csv,F:\data_set_process\data_process\01_datasets\数据预处理\原始车辆数据\zx\Entity_Recording_2025_09_27_18_17_48_vehicle.csv,871,871,allraw_instability_rescreen_v0_1,secondary,weak,all_raw_vehicle_dynamic_onset_non_steering,instability_ay_roll,straight,0,-0.0,all_raw_nonsteering_dynamic_onset,93793,468.965,600,400,400,2.0,True,True,103.85,True,True,,468.965,489.875,20.91,93793,97975,82.95,64.2,instability_ay_roll,True,vehicle_instability_allraw__zx__2025_09_27_18_17_48__000468965,Full raw rescreen. Anchor is derived from non-steering vehicle dynamics (ay/roll_rate). Steering metrics are only response evidence and must not be used to define onset.
instability_allraw_highconf_oldcode_v0_1,zx::2025_09_27_18_17_48::00872::instability_dynamic_onset,allraw_vehicle_instability_highconf,zx,val,Entity_Recording_2025_09_27_18_17_48_vehicle.csv,Entity_Recording_2025_09_27_18_17_48_vehicle.csv,F:\data_set_process\data_process\01_datasets\数据预处理\原始车辆数据\zx\Entity_Recording_2025_09_27_18_17_48_vehicle.csv,872,872,allraw_instability_rescreen_v0_1,none,instability_extreme,all_raw_vehicle_dynamic_onset_non_steering,instability_ay_roll,design_high_risk_surface,0,0.0,all_raw_nonsteering_dynamic_onset,98575,492.875,600,400,400,2.0,True,True,79.94,True,True,,492.875,508.25,15.375,98575,101650,100.0,93.02,instability_ay_roll,True,vehicle_instability_allraw__zx__2025_09_27_18_17_48__000492875,Full raw rescreen. Anchor is derived from non-steering vehicle dynamics (ay/roll_rate). Steering metrics are only response evidence and must not be used to define onset.
instability_allraw_highconf_oldcode_v0_1,zx::2025_09_27_18_17_48::00873::instability_dynamic_onset,allraw_vehicle_instability_highconf,zx,val,Entity_Recording_2025_09_27_18_17_48_vehicle.csv,Entity_Recording_2025_09_27_18_17_48_vehicle.csv,F:\data_set_process\data_process\01_datasets\数据预处理\原始车辆数据\zx\Entity_Recording_2025_09_27_18_17_48_vehicle.csv,873,873,allraw_instability_rescreen_v0_1,secondary,extreme_active,all_raw_vehicle_dynamic_onset_non_steering,instability_ay_roll,straight,0,-0.0,all_raw_nonsteering_dynamic_onset,104528,522.64,600,400,400,2.0,True,True,50.175,True,True,,522.64,530.875,8.235,104528,106175,100.0,94.03,instability_ay_roll,True,vehicle_instability_allraw__zx__2025_09_27_18_17_48__000522640,Full raw rescreen. Anchor is derived from non-steering vehicle dynamics (ay/roll_rate). Steering metrics are only response evidence and must not be used to define onset.
instability_allraw_highconf_oldcode_v0_1,zx::2025_09_27_18_17_48::00874::instability_dynamic_onset,allraw_vehicle_instability_highconf,zx,val,Entity_Recording_2025_09_27_18_17_48_vehicle.csv,Entity_Recording_2025_09_27_18_17_48_vehicle.csv,F:\data_set_process\data_process\01_datasets\数据预处理\原始车辆数据\zx\Entity_Recording_2025_09_27_18_17_48_vehicle.csv,874,874,allraw_instability_rescreen_v0_1,secondary,weak,all_raw_vehicle_dynamic_onset_non_steering,instability_ay_roll,straight,0,-0.0,all_raw_nonsteering_dynamic_onset,106814,534.07,600,400,400,2.0,True,True,38.745,True,True,,534.07,535.33,1.26,106814,107066,100.0,80.75,instability_ay_roll,True,vehicle_instability_allraw__zx__2025_09_27_18_17_48__000534070,Full raw rescreen. Anchor is derived from non-steering vehicle dynamics (ay/roll_rate). Steering metrics are only response evidence and must not be used to define onset.
instability_allraw_highconf_oldcode_v0_1,zx::2025_09_27_18_17_48::00875::instability_dynamic_onset,allraw_vehicle_instability_highconf,zx,val,Entity_Recording_2025_09_27_18_17_48_vehicle.csv,Entity_Recording_2025_09_27_18_17_48_vehicle.csv,F:\data_set_process\data_process\01_datasets\数据预处理\原始车辆数据\zx\Entity_Recording_2025_09_27_18_17_48_vehicle.csv,875,875,allraw_instability_rescreen_v0_1,secondary,medium_active,all_raw_vehicle_dynamic_onset_non_steering,instability_ay_roll,curve,0,0.0,all_raw_nonsteering_dynamic_onset,110954,554.77,600,400,400,2.0,True,True,18.045,True,True,,554.77,569.38,14.61,110954,113876,98.18,73.13,instability_ay_roll,True,vehicle_instability_allraw__zx__2025_09_27_18_17_48__000554770,Full raw rescreen. Anchor is derived from non-steering vehicle dynamics (ay/roll_rate). Steering metrics are only response evidence and must not be used to define onset.
instability_allraw_highconf_oldcode_v0_1,zxy::2025_09_28_15_57_38::00876::instability_dynamic_onset,allraw_vehicle_instability_highconf,zxy,train,Entity_Recording_2025_09_28_15_57_38_vehicle.csv,Entity_Recording_2025_09_28_15_57_38_vehicle.csv,F:\data_set_process\data_process\01_datasets\数据预处理\原始车辆数据\zxy\Entity_Recording_2025_09_28_15_57_38_vehicle.csv,876,876,allraw_instability_rescreen_v0_1,secondary,strong_active,all_raw_vehicle_dynamic_onset_non_steering,instability_ay_roll,straight,0,0.0,all_raw_nonsteering_dynamic_onset,18538,92.69,600,400,400,2.0,True,True,108.085,True,True,,92.69,100.75,8.06,18538,20150,96.23,65.97,instability_ay_roll,True,vehicle_instability_allraw__zxy__2025_09_28_15_57_38__000092690,Full raw rescreen. Anchor is derived from non-steering vehicle dynamics (ay/roll_rate). Steering metrics are only response evidence and must not be used to define onset.
instability_allraw_highconf_oldcode_v0_1,zxy::2025_09_28_15_57_38::00877::instability_dynamic_onset,allraw_vehicle_instability_highconf,zxy,train,Entity_Recording_2025_09_28_15_57_38_vehicle.csv,Entity_Recording_2025_09_28_15_57_38_vehicle.csv,F:\data_set_process\data_process\01_datasets\数据预处理\原始车辆数据\zxy\Entity_Recording_2025_09_28_15_57_38_vehicle.csv,877,877,allraw_instability_rescreen_v0_1,secondary,strong_active,all_raw_vehicle_dynamic_onset_non_steering,instability_ay_roll,straight,0,-0.0,all_raw_nonsteering_dynamic_onset,25636,128.18,600,400,400,2.0,True,True,72.595,True,True,,128.18,141.54,13.36,25636,28308,88.25,56.33,instability_ay_roll,True,vehicle_instability_allraw__zxy__2025_09_28_15_57_38__000128180,Full raw rescreen. Anchor is derived from non-steering vehicle dynamics (ay/roll_rate). Steering metrics are only response evidence and must not be used to define onset.
instability_allraw_highconf_oldcode_v0_1,zxy::2025_09_28_15_57_38::00878::instability_dynamic_onset,allraw_vehicle_instability_highconf,zxy,train,Entity_Recording_2025_09_28_15_57_38_vehicle.csv,Entity_Recording_2025_09_28_15_57_38_vehicle.csv,F:\data_set_process\data_process\01_datasets\数据预处理\原始车辆数据\zxy\Entity_Recording_2025_09_28_15_57_38_vehicle.csv,878,878,allraw_instability_rescreen_v0_1,secondary,strong_active,all_raw_vehicle_dynamic_onset_non_steering,instability_ay_roll,curve,1,-0.00729802,all_raw_nonsteering_dynamic_onset,36470,182.35,600,400,400,2.0,True,True,18.425,True,True,,182.35,190.905,8.555,36470,38181,100.0,93.79,instability_ay_roll,True,vehicle_instability_allraw__zxy__2025_09_28_15_57_38__000182350,Full raw rescreen. Anchor is derived from non-steering vehicle dynamics (ay/roll_rate). Steering metrics are only response evidence and must not be used to define onset.
instability_allraw_highconf_oldcode_v0_1,zxy::2025_09_28_16_01_55::00879::instability_dynamic_onset,allraw_vehicle_instability_highconf,zxy,train,Entity_Recording_2025_09_28_16_01_55_vehicle.csv,Entity_Recording_2025_09_28_16_01_55_vehicle.csv,F:\data_set_process\data_process\01_datasets\数据预处理\原始车辆数据\zxy\Entity_Recording_2025_09_28_16_01_55_vehicle.csv,879,879,allraw_instability_rescreen_v0_1,primary,strong_active,all_raw_vehicle_dynamic_onset_non_steering,instability_ay_roll,straight,0,-0.0,all_raw_nonsteering_dynamic_onset,16856,84.28,600,400,400,2.0,True,True,478.475,True,True,,84.28,88.92,4.64,16856,17784,97.91,64.69,instability_ay_roll,True,vehicle_instability_allraw__zxy__2025_09_28_16_01_55__000084280,Full raw rescreen. Anchor is derived from non-steering vehicle dynamics (ay/roll_rate). Steering metrics are only response evidence and must not be used to define onset.
instability_allraw_highconf_oldcode_v0_1,zxy::2025_09_28_16_01_55::00880::instability_dynamic_onset,allraw_vehicle_instability_highconf,zxy,train,Entity_Recording_2025_09_28_16_01_55_vehicle.csv,Entity_Recording_2025_09_28_16_01_55_vehicle.csv,F:\data_set_process\data_process\01_datasets\数据预处理\原始车辆数据\zxy\Entity_Recording_2025_09_28_16_01_55_vehicle.csv,880,880,allraw_instability_rescreen_v0_1,secondary,strong_active,all_raw_vehicle_dynamic_onset_non_steering,instability_ay_roll,straight,0,-0.0,all_raw_nonsteering_dynamic_onset,18309,91.545,600,400,400,2.0,True,True,471.21,True,True,,91.545,100.095,8.55,18309,20019,93.41,63.7,instability_ay_roll,True,vehicle_instability_allraw__zxy__2025_09_28_16_01_55__000091545,Full raw rescreen. Anchor is derived from non-steering vehicle dynamics (ay/roll_rate). Steering metrics are only response evidence and must not be used to define onset.
instability_allraw_highconf_oldcode_v0_1,zxy::2025_09_28_16_01_55::00881::instability_dynamic_onset,allraw_vehicle_instability_highconf,zxy,train,Entity_Recording_2025_09_28_16_01_55_vehicle.csv,Entity_Recording_2025_09_28_16_01_55_vehicle.csv,F:\data_set_process\data_process\01_datasets\数据预处理\原始车辆数据\zxy\Entity_Recording_2025_09_28_16_01_55_vehicle.csv,881,881,allraw_instability_rescreen_v0_1,secondary,extreme_active,all_raw_vehicle_dynamic_onset_non_steering,instability_ay_roll,curve,1,-0.00729802,all_raw_nonsteering_dynamic_onset,38654,193.27,600,400,400,2.0,True,True,369.485,True,True,,193.27,220.87,27.6,38654,44174,100.0,83.87,instability_ay_roll,True,vehicle_instability_allraw__zxy__2025_09_28_16_01_55__000193270,Full raw rescreen. Anchor is derived from non-steering vehicle dynamics (ay/roll_rate). Steering metrics are only response evidence and must not be used to define onset.
instability_allraw_highconf_oldcode_v0_1,zxy::2025_09_28_16_01_55::00882::instability_dynamic_onset,allraw_vehicle_instability_highconf,zxy,train,Entity_Recording_2025_09_28_16_01_55_vehicle.csv,Entity_Recording_2025_09_28_16_01_55_vehicle.csv,F:\data_set_process\data_process\01_datasets\数据预处理\原始车辆数据\zxy\Entity_Recording_2025_09_28_16_01_55_vehicle.csv,882,882,allraw_instability_rescreen_v0_1,secondary,strong_active,all_raw_vehicle_dynamic_onset_non_steering,instability_ay_roll,curve,1,-0.00729802,all_raw_nonsteering_dynamic_onset,44680,223.4,600,400,400,2.0,True,True,339.355,True,True,,223.4,241.535,18.135,44680,48307,85.91,58.24,instability_ay_roll,True,vehicle_instability_allraw__zxy__2025_09_28_16_01_55__000223400,Full raw rescreen. Anchor is derived from non-steering vehicle dynamics (ay/roll_rate). Steering metrics are only response evidence and must not be used to define onset.
instability_allraw_highconf_oldcode_v0_1,zxy::2025_09_28_16_01_55::00883::instability_dynamic_onset,allraw_vehicle_instability_highconf,zxy,train,Entity_Recording_2025_09_28_16_01_55_vehicle.csv,Entity_Recording_2025_09_28_16_01_55_vehicle.csv,F:\data_set_process\data_process\01_datasets\数据预处理\原始车辆数据\zxy\Entity_Recording_2025_09_28_16_01_55_vehicle.csv,883,883,allraw_instability_rescreen_v0_1,secondary,strong_active,all_raw_vehicle_dynamic_onset_non_steering,instability_ay_roll,curve,1,-0.00729802,all_raw_nonsteering_dynamic_onset,51452,257.26,600,400,400,2.0,True,True,305.495,True,True,,257.26,263.235,5.975,51452,52647,89.46,62.61,instability_ay_roll,True,vehicle_instability_allraw__zxy__2025_09_28_16_01_55__000257260,Full raw rescreen. Anchor is derived from non-steering vehicle dynamics (ay/roll_rate). Steering metrics are only response evidence and must not be used to define onset.
instability_allraw_highconf_oldcode_v0_1,zxy::2025_09_28_16_01_55::00884::instability_dynamic_onset,allraw_vehicle_instability_highconf,zxy,train,Entity_Recording_2025_09_28_16_01_55_vehicle.csv,Entity_Recording_2025_09_28_16_01_55_vehicle.csv,F:\data_set_process\data_process\01_datasets\数据预处理\原始车辆数据\zxy\Entity_Recording_2025_09_28_16_01_55_vehicle.csv,884,884,allraw_instability_rescreen_v0_1,secondary,strong_active,all_raw_vehicle_dynamic_onset_non_steering,instability_ay_roll,curve,1,-0.00729802,all_raw_nonsteering_dynamic_onset,53685,268.425,600,400,400,2.0,True,True,294.33,True,True,,268.425,282.07,13.645,53685,56414,100.0,68.08,instability_ay_roll,True,vehicle_instability_allraw__zxy__2025_09_28_16_01_55__000268425,Full raw rescreen. Anchor is derived from non-steering vehicle dynamics (ay/roll_rate). Steering metrics are only response evidence and must not be used to define onset.
instability_allraw_highconf_oldcode_v0_1,zxy::2025_09_28_16_01_55::00885::instability_dynamic_onset,allraw_vehicle_instability_highconf,zxy,train,Entity_Recording_2025_09_28_16_01_55_vehicle.csv,Entity_Recording_2025_09_28_16_01_55_vehicle.csv,F:\data_set_process\data_process\01_datasets\数据预处理\原始车辆数据\zxy\Entity_Recording_2025_09_28_16_01_55_vehicle.csv,885,885,allraw_instability_rescreen_v0_1,secondary,extreme_active,all_raw_vehicle_dynamic_onset_non_steering,instability_ay_roll,curve,1,-0.00729802,all_raw_nonsteering_dynamic_onset,59984,299.92,600,400,400,2.0,True,True,262.835,True,True,,299.92,316.495,16.575,59984,63299,100.0,96.47,instability_ay_roll,True,vehicle_instability_allraw__zxy__2025_09_28_16_01_55__000299920,Full raw rescreen. Anchor is derived from non-steering vehicle dynamics (ay/roll_rate). Steering metrics are only response evidence and must not be used to define onset.
instability_allraw_highconf_oldcode_v0_1,zxy::2025_09_28_16_01_55::00886::instability_dynamic_onset,allraw_vehicle_instability_highconf,zxy,train,Entity_Recording_2025_09_28_16_01_55_vehicle.csv,Entity_Recording_2025_09_28_16_01_55_vehicle.csv,F:\data_set_process\data_process\01_datasets\数据预处理\原始车辆数据\zxy\Entity_Recording_2025_09_28_16_01_55_vehicle.csv,886,886,allraw_instability_rescreen_v0_1,secondary,extreme_active,all_raw_vehicle_dynamic_onset_non_steering,instability_ay_roll,curve,1,-0.00729802,all_raw_nonsteering_dynamic_onset,69846,349.23,600,400,400,2.0,True,True,213.525,True,True,,349.23,362.395,13.165,69846,72479,98.34,63.39,instability_ay_roll,True,vehicle_instability_allraw__zxy__2025_09_28_16_01_55__000349230,Full raw rescreen. Anchor is derived from non-steering vehicle dynamics (ay/roll_rate). Steering metrics are only response evidence and must not be used to define onset.
instability_allraw_highconf_oldcode_v0_1,zxy::2025_09_28_16_01_55::00887::instability_dynamic_onset,allraw_vehicle_instability_highconf,zxy,train,Entity_Recording_2025_09_28_16_01_55_vehicle.csv,Entity_Recording_2025_09_28_16_01_55_vehicle.csv,F:\data_set_process\data_process\01_datasets\数据预处理\原始车辆数据\zxy\Entity_Recording_2025_09_28_16_01_55_vehicle.csv,887,887,allraw_instability_rescreen_v0_1,secondary,extreme_active,all_raw_vehicle_dynamic_onset_non_steering,instability_ay_roll,curve,1,-0.00729802,all_raw_nonsteering_dynamic_onset,75477,377.385,600,400,400,2.0,True,True,185.37,True,True,,377.385,405.46,28.075,75477,81092,86.88,57.58,instability_ay_roll,True,vehicle_instability_allraw__zxy__2025_09_28_16_01_55__000377385,Full raw rescreen. Anchor is derived from non-steering vehicle dynamics (ay/roll_rate). Steering metrics are only response evidence and must not be used to define onset.
instability_allraw_highconf_oldcode_v0_1,zxy::2025_09_28_16_12_11::00888::instability_dynamic_onset,allraw_vehicle_instability_highconf,zxy,train,Entity_Recording_2025_09_28_16_12_11_vehicle.csv,Entity_Recording_2025_09_28_16_12_11_vehicle.csv,F:\data_set_process\data_process\01_datasets\数据预处理\原始车辆数据\zxy\Entity_Recording_2025_09_28_16_12_11_vehicle.csv,888,888,allraw_instability_rescreen_v0_1,secondary,strong_active,all_raw_vehicle_dynamic_onset_non_steering,instability_ay_roll,straight,0,-0.0,all_raw_nonsteering_dynamic_onset,18185,90.925,600,400,400,2.0,True,True,523.0,True,True,,90.925,98.515,7.59,18185,19703,91.13,61.66,instability_ay_roll,True,vehicle_instability_allraw__zxy__2025_09_28_16_12_11__000090925,Full raw rescreen. Anchor is derived from non-steering vehicle dynamics (ay/roll_rate). Steering metrics are only response evidence and must not be used to define onset.
instability_allraw_highconf_oldcode_v0_1,zxy::2025_09_28_16_12_11::00889::instability_dynamic_onset,allraw_vehicle_instability_highconf,zxy,train,Entity_Recording_2025_09_28_16_12_11_vehicle.csv,Entity_Recording_2025_09_28_16_12_11_vehicle.csv,F:\data_set_process\data_process\01_datasets\数据预处理\原始车辆数据\zxy\Entity_Recording_2025_09_28_16_12_11_vehicle.csv,889,889,allraw_instability_rescreen_v0_1,secondary,strong_active,all_raw_vehicle_dynamic_onset_non_steering,instability_ay_roll,straight,1,-0.00729802,all_raw_nonsteering_dynamic_onset,27488,137.44,600,400,400,2.0,True,True,476.485,True,True,,137.44,181.875,44.435,27488,36375,100.0,77.63,instability_ay_roll,True,vehicle_instability_allraw__zxy__2025_09_28_16_12_11__000137440,Full raw rescreen. Anchor is derived from non-steering vehicle dynamics (ay/roll_rate). Steering metrics are only response evidence and must not be used to define onset.
instability_allraw_highconf_oldcode_v0_1,zxy::2025_09_28_16_12_11::00890::instability_dynamic_onset,allraw_vehicle_instability_highconf,zxy,train,Entity_Recording_2025_09_28_16_12_11_vehicle.csv,Entity_Recording_2025_09_28_16_12_11_vehicle.csv,F:\data_set_process\data_process\01_datasets\数据预处理\原始车辆数据\zxy\Entity_Recording_2025_09_28_16_12_11_vehicle.csv,890,890,allraw_instability_rescreen_v0_1,secondary,strong_active,all_raw_vehicle_dynamic_onset_non_steering,instability_ay_roll,straight,0,0.0,all_raw_nonsteering_dynamic_onset,56610,283.05,600,400,400,2.0,True,True,330.875,True,True,,283.05,361.545,78.495,56610,72309,100.0,73.12,instability_ay_roll,True,vehicle_instability_allraw__zxy__2025_09_28_16_12_11__000283050,Full raw rescreen. Anchor is derived from non-steering vehicle dynamics (ay/roll_rate). Steering metrics are only response evidence and must not be used to define onset.
instability_allraw_highconf_oldcode_v0_1,zxy::2025_09_28_16_12_11::00891::instability_dynamic_onset,allraw_vehicle_instability_highconf,zxy,train,Entity_Recording_2025_09_28_16_12_11_vehicle.csv,Entity_Recording_2025_09_28_16_12_11_vehicle.csv,F:\data_set_process\data_process\01_datasets\数据预处理\原始车辆数据\zxy\Entity_Recording_2025_09_28_16_12_11_vehicle.csv,891,891,allraw_instability_rescreen_v0_1,secondary,strong_active,all_raw_vehicle_dynamic_onset_non_steering,instability_ay_roll,straight,0,0.0,all_raw_nonsteering_dynamic_onset,77467,387.335,600,400,400,2.0,True,True,226.59,True,True,,387.335,426.905,39.57,77467,85381,89.77,59.33,instability_ay_roll,True,vehicle_instability_allraw__zxy__2025_09_28_16_12_11__000387335,Full raw rescreen. Anchor is derived from non-steering vehicle dynamics (ay/roll_rate). Steering metrics are only response evidence and must not be used to define onset.
instability_allraw_highconf_oldcode_v0_1,zxy::2025_09_28_16_12_11::00892::instability_dynamic_onset,allraw_vehicle_instability_highconf,zxy,train,Entity_Recording_2025_09_28_16_12_11_vehicle.csv,Entity_Recording_2025_09_28_16_12_11_vehicle.csv,F:\data_set_process\data_process\01_datasets\数据预处理\原始车辆数据\zxy\Entity_Recording_2025_09_28_16_12_11_vehicle.csv,892,892,allraw_instability_rescreen_v0_1,secondary,extreme_active,all_raw_vehicle_dynamic_onset_non_steering,instability_ay_roll,curve,0,-0.0,all_raw_nonsteering_dynamic_onset,116723,583.615,600,400,400,2.0,True,True,30.31,True,True,,583.615,586.58,2.965,116723,117316,100.0,70.06,instability_ay_roll,True,vehicle_instability_allraw__zxy__2025_09_28_16_12_11__000583615,Full raw rescreen. Anchor is derived from non-steering vehicle dynamics (ay/roll_rate). Steering metrics are only response evidence and must not be used to define onset.
instability_allraw_highconf_oldcode_v0_1,zxy::2025_09_28_16_25_51::00893::instability_dynamic_onset,allraw_vehicle_instability_highconf,zxy,train,Entity_Recording_2025_09_28_16_25_51_vehicle.csv,Entity_Recording_2025_09_28_16_25_51_vehicle.csv,F:\data_set_process\data_process\01_datasets\数据预处理\原始车辆数据\zxy\Entity_Recording_2025_09_28_16_25_51_vehicle.csv,893,893,allraw_instability_rescreen_v0_1,secondary,strong_active,all_raw_vehicle_dynamic_onset_non_steering,instability_ay_roll,straight,0,0.0,all_raw_nonsteering_dynamic_onset,15144,75.72,600,400,400,2.0,True,True,480.455,True,True,,75.72,89.84,14.12,15144,17968,100.0,64.52,instability_ay_roll,True,vehicle_instability_allraw__zxy__2025_09_28_16_25_51__000075720,Full raw rescreen. Anchor is derived from non-steering vehicle dynamics (ay/roll_rate). Steering metrics are only response evidence and must not be used to define onset.
instability_allraw_highconf_oldcode_v0_1,zxy::2025_09_28_16_25_51::00894::instability_dynamic_onset,allraw_vehicle_instability_highconf,zxy,train,Entity_Recording_2025_09_28_16_25_51_vehicle.csv,Entity_Recording_2025_09_28_16_25_51_vehicle.csv,F:\data_set_process\data_process\01_datasets\数据预处理\原始车辆数据\zxy\Entity_Recording_2025_09_28_16_25_51_vehicle.csv,894,894,allraw_instability_rescreen_v0_1,secondary,strong_active,all_raw_vehicle_dynamic_onset_non_steering,instability_ay_roll,straight,1,-0.00729802,all_raw_nonsteering_dynamic_onset,24319,121.595,600,400,400,2.0,True,True,434.58,True,True,,121.595,161.405,39.81,24319,32281,100.0,67.6,instability_ay_roll,True,vehicle_instability_allraw__zxy__2025_09_28_16_25_51__000121595,Full raw rescreen. Anchor is derived from non-steering vehicle dynamics (ay/roll_rate). Steering metrics are only response evidence and must not be used to define onset.
instability_allraw_highconf_oldcode_v0_1,zxy::2025_09_28_16_25_51::00895::instability_dynamic_onset,allraw_vehicle_instability_highconf,zxy,train,Entity_Recording_2025_09_28_16_25_51_vehicle.csv,Entity_Recording_2025_09_28_16_25_51_vehicle.csv,F:\data_set_process\data_process\01_datasets\数据预处理\原始车辆数据\zxy\Entity_Recording_2025_09_28_16_25_51_vehicle.csv,895,895,allraw_instability_rescreen_v0_1,secondary,strong_active,all_raw_vehicle_dynamic_onset_non_steering,instability_ay_roll,straight,0,-0.0,all_raw_nonsteering_dynamic_onset,32868,164.34,600,400,400,2.0,True,True,391.835,True,True,,164.34,230.135,65.795,32868,46027,84.39,56.04,instability_ay_roll,True,vehicle_instability_allraw__zxy__2025_09_28_16_25_51__000164340,Full raw rescreen. Anchor is derived from non-steering vehicle dynamics (ay/roll_rate). Steering metrics are only response evidence and must not be used to define onset.
instability_allraw_highconf_oldcode_v0_1,zxy::2025_09_28_16_25_51::00896::instability_dynamic_onset,allraw_vehicle_instability_highconf,zxy,train,Entity_Recording_2025_09_28_16_25_51_vehicle.csv,Entity_Recording_2025_09_28_16_25_51_vehicle.csv,F:\data_set_process\data_process\01_datasets\数据预处理\原始车辆数据\zxy\Entity_Recording_2025_09_28_16_25_51_vehicle.csv,896,896,allraw_instability_rescreen_v0_1,secondary,medium_active,all_raw_vehicle_dynamic_onset_non_steering,instability_ay_roll,curve,0,-0.0,all_raw_nonsteering_dynamic_onset,50852,254.26,600,400,400,2.0,True,True,301.915,True,True,,254.26,322.34,68.08,50852,64468,100.0,93.95,instability_ay_roll,True,vehicle_instability_allraw__zxy__2025_09_28_16_25_51__000254260,Full raw rescreen. Anchor is derived from non-steering vehicle dynamics (ay/roll_rate). Steering metrics are only response evidence and must not be used to define onset.
instability_allraw_highconf_oldcode_v0_1,zxy::2025_09_28_16_25_51::00897::instability_dynamic_onset,allraw_vehicle_instability_highconf,zxy,train,Entity_Recording_2025_09_28_16_25_51_vehicle.csv,Entity_Recording_2025_09_28_16_25_51_vehicle.csv,F:\data_set_process\data_process\01_datasets\数据预处理\原始车辆数据\zxy\Entity_Recording_2025_09_28_16_25_51_vehicle.csv,897,897,allraw_instability_rescreen_v0_1,secondary,strong_active,all_raw_vehicle_dynamic_onset_non_steering,instability_ay_roll,straight,0,0.0,all_raw_nonsteering_dynamic_onset,83587,417.935,600,400,400,2.0,True,True,138.24,True,True,,417.935,430.615,12.68,83587,86123,95.65,63.75,instability_ay_roll,True,vehicle_instability_allraw__zxy__2025_09_28_16_25_51__000417935,Full raw rescreen. Anchor is derived from non-steering vehicle dynamics (ay/roll_rate). Steering metrics are only response evidence and must not be used to define onset.
instability_allraw_highconf_oldcode_v0_1,zxy::2025_09_28_16_25_51::00898::instability_dynamic_onset,allraw_vehicle_instability_highconf,zxy,train,Entity_Recording_2025_09_28_16_25_51_vehicle.csv,Entity_Recording_2025_09_28_16_25_51_vehicle.csv,F:\data_set_process\data_process\01_datasets\数据预处理\原始车辆数据\zxy\Entity_Recording_2025_09_28_16_25_51_vehicle.csv,898,898,allraw_instability_rescreen_v0_1,secondary,weak,all_raw_vehicle_dynamic_onset_non_steering,instability_ay_roll,straight,0,0.0,all_raw_nonsteering_dynamic_onset,86675,433.375,600,400,400,2.0,True,True,122.8,True,True,,433.375,445.895,12.52,86675,89179,100.0,88.17,instability_ay_roll,True,vehicle_instability_allraw__zxy__2025_09_28_16_25_51__000433375,Full raw rescreen. Anchor is derived from non-steering vehicle dynamics (ay/roll_rate). Steering metrics are only response evidence and must not be used to define onset.
instability_allraw_highconf_oldcode_v0_1,zxy::2025_09_28_16_35_30::00899::instability_dynamic_onset,allraw_vehicle_instability_highconf,zxy,train,Entity_Recording_2025_09_28_16_35_30_vehicle.csv,Entity_Recording_2025_09_28_16_35_30_vehicle.csv,F:\data_set_process\data_process\01_datasets\数据预处理\原始车辆数据\zxy\Entity_Recording_2025_09_28_16_35_30_vehicle.csv,899,899,allraw_instability_rescreen_v0_1,secondary,strong_active,all_raw_vehicle_dynamic_onset_non_steering,instability_ay_roll,straight,0,0.0,all_raw_nonsteering_dynamic_onset,19339,96.695,600,400,400,2.0,True,True,701.99,True,True,,96.695,112.175,15.48,19339,22435,100.0,80.4,instability_ay_roll,True,vehicle_instability_allraw__zxy__2025_09_28_16_35_30__000096695,Full raw rescreen. Anchor is derived from non-steering vehicle dynamics (ay/roll_rate). Steering metrics are only response evidence and must not be used to define onset.
instability_allraw_highconf_oldcode_v0_1,zxy::2025_09_28_16_35_30::00900::instability_dynamic_onset,allraw_vehicle_instability_highconf,zxy,train,Entity_Recording_2025_09_28_16_35_30_vehicle.csv,Entity_Recording_2025_09_28_16_35_30_vehicle.csv,F:\data_set_process\data_process\01_datasets\数据预处理\原始车辆数据\zxy\Entity_Recording_2025_09_28_16_35_30_vehicle.csv,900,900,allraw_instability_rescreen_v0_1,secondary,strong_active,all_raw_vehicle_dynamic_onset_non_steering,instability_ay_roll,straight,1,-0.00729802,all_raw_nonsteering_dynamic_onset,28250,141.25,600,400,400,2.0,True,True,657.435,True,True,,141.25,181.42,40.17,28250,36284,100.0,77.47,instability_ay_roll,True,vehicle_instability_allraw__zxy__2025_09_28_16_35_30__000141250,Full raw rescreen. Anchor is derived from non-steering vehicle dynamics (ay/roll_rate). Steering metrics are only response evidence and must not be used to define onset.
instability_allraw_highconf_oldcode_v0_1,zxy::2025_09_28_16_35_30::00901::instability_dynamic_onset,allraw_vehicle_instability_highconf,zxy,train,Entity_Recording_2025_09_28_16_35_30_vehicle.csv,Entity_Recording_2025_09_28_16_35_30_vehicle.csv,F:\data_set_process\data_process\01_datasets\数据预处理\原始车辆数据\zxy\Entity_Recording_2025_09_28_16_35_30_vehicle.csv,901,901,allraw_instability_rescreen_v0_1,secondary,extreme_active,all_raw_vehicle_dynamic_onset_non_steering,instability_ay_roll,straight,0,0.0,all_raw_nonsteering_dynamic_onset,37024,185.12,600,400,400,2.0,True,True,613.565,True,True,,185.12,202.87,17.75,37024,40574,100.0,74.18,instability_ay_roll,True,vehicle_instability_allraw__zxy__2025_09_28_16_35_30__000185120,Full raw rescreen. Anchor is derived from non-steering vehicle dynamics (ay/roll_rate). Steering metrics are only response evidence and must not be used to define onset.
instability_allraw_highconf_oldcode_v0_1,zxy::2025_09_28_16_35_30::00902::instability_dynamic_onset,allraw_vehicle_instability_highconf,zxy,train,Entity_Recording_2025_09_28_16_35_30_vehicle.csv,Entity_Recording_2025_09_28_16_35_30_vehicle.csv,F:\data_set_process\data_process\01_datasets\数据预处理\原始车辆数据\zxy\Entity_Recording_2025_09_28_16_35_30_vehicle.csv,902,902,allraw_instability_rescreen_v0_1,primary,medium_active,all_raw_vehicle_dynamic_onset_non_steering,instability_ay_only,curve,0,-0.0,all_raw_nonsteering_dynamic_onset,92004,460.02,600,400,400,2.0,True,True,338.665,True,True,,460.02,462.51,2.49,92004,92502,83.66,52.95,instability_ay_only,True,vehicle_instability_allraw__zxy__2025_09_28_16_35_30__000460020,Full raw rescreen. Anchor is derived from non-steering vehicle dynamics (ay/roll_rate). Steering metrics are only response evidence and must not be used to define onset.
instability_allraw_highconf_oldcode_v0_1,zxy::2025_09_28_16_35_30::00903::instability_dynamic_onset,allraw_vehicle_instability_highconf,zxy,train,Entity_Recording_2025_09_28_16_35_30_vehicle.csv,Entity_Recording_2025_09_28_16_35_30_vehicle.csv,F:\data_set_process\data_process\01_datasets\数据预处理\原始车辆数据\zxy\Entity_Recording_2025_09_28_16_35_30_vehicle.csv,903,903,allraw_instability_rescreen_v0_1,secondary,strong_active,all_raw_vehicle_dynamic_onset_non_steering,instability_roll_only,curve,0,0.0,all_raw_nonsteering_dynamic_onset,93417,467.085,600,400,400,2.0,True,True,331.6,True,True,,467.085,468.445,1.36,93417,93689,84.61,55.98,instability_roll_only,True,vehicle_instability_allraw__zxy__2025_09_28_16_35_30__000467085,Full raw rescreen. Anchor is derived from non-steering vehicle dynamics (ay/roll_rate). Steering metrics are only response evidence and must not be used to define onset.
instability_allraw_highconf_oldcode_v0_1,zxy::2025_09_28_16_35_30::00904::instability_dynamic_onset,allraw_vehicle_instability_highconf,zxy,train,Entity_Recording_2025_09_28_16_35_30_vehicle.csv,Entity_Recording_2025_09_28_16_35_30_vehicle.csv,F:\data_set_process\data_process\01_datasets\数据预处理\原始车辆数据\zxy\Entity_Recording_2025_09_28_16_35_30_vehicle.csv,904,904,allraw_instability_rescreen_v0_1,secondary,extreme_active,all_raw_vehicle_dynamic_onset_non_steering,instability_ay_roll,curve,0,0.0,all_raw_nonsteering_dynamic_onset,94217,471.085,600,400,400,2.0,True,True,327.6,True,True,,471.085,474.675,3.59,94217,94935,100.0,67.28,instability_ay_roll,True,vehicle_instability_allraw__zxy__2025_09_28_16_35_30__000471085,Full raw rescreen. Anchor is derived from non-steering vehicle dynamics (ay/roll_rate). Steering metrics are only response evidence and must not be used to define onset.
instability_allraw_highconf_oldcode_v0_1,zxy::2025_09_28_16_35_30::00905::instability_dynamic_onset,allraw_vehicle_instability_highconf,zxy,train,Entity_Recording_2025_09_28_16_35_30_vehicle.csv,Entity_Recording_2025_09_28_16_35_30_vehicle.csv,F:\data_set_process\data_process\01_datasets\数据预处理\原始车辆数据\zxy\Entity_Recording_2025_09_28_16_35_30_vehicle.csv,905,905,allraw_instability_rescreen_v0_1,secondary,strong_active,all_raw_vehicle_dynamic_onset_non_steering,instability_ay_roll,curve,0,0.0,all_raw_nonsteering_dynamic_onset,138318,691.59,600,400,400,2.0,True,True,107.095,True,True,,691.59,742.535,50.945,138318,148507,93.56,58.37,instability_ay_roll,True,vehicle_instability_allraw__zxy__2025_09_28_16_35_30__000691590,Full raw rescreen. Anchor is derived from non-steering vehicle dynamics (ay/roll_rate). Steering metrics are only response evidence and must not be used to define onset.
instability_allraw_highconf_oldcode_v0_1,zxy::2025_09_28_16_35_30::00906::instability_dynamic_onset,allraw_vehicle_instability_highconf,zxy,train,Entity_Recording_2025_09_28_16_35_30_vehicle.csv,Entity_Recording_2025_09_28_16_35_30_vehicle.csv,F:\data_set_process\data_process\01_datasets\数据预处理\原始车辆数据\zxy\Entity_Recording_2025_09_28_16_35_30_vehicle.csv,906,906,allraw_instability_rescreen_v0_1,secondary,strong_active,all_raw_vehicle_dynamic_onset_non_steering,instability_ay_roll,curve,0,-0.0,all_raw_nonsteering_dynamic_onset,157192,785.96,600,400,400,2.0,True,True,12.725,True,True,,785.96,790.56,4.6,157192,158112,83.31,57.98,instability_ay_roll,True,vehicle_instability_allraw__zxy__2025_09_28_16_35_30__000785960,Full raw rescreen. Anchor is derived from non-steering vehicle dynamics (ay/roll_rate). Steering metrics are only response evidence and must not be used to define onset.
