sample_id,event_uid,subject,session_stamp,anchor_time_rel_s,anchor_time_abs_s,window_config_id,input_start_rel_s,input_end_rel_s,label_start_rel_s,label_end_rel_s,anchor_source,causal_setting,event_type,event_level,road_type_anchor,is_curve,curvature_anchor,instability_review_score,road_guided_instability_score,codex_recommended_decision,road_guided_recommended_decision,vehicle_relative_path,vehicle_absolute_path,vehicle_sha256,anchor_idx_oldcode,event_start_rel_s,event_end_rel_s,event_duration_s,split,random_event_split,session_level_split,subject_level_split,array_row,vehicle_raw_relative_path,vehicle_raw_sha256,input_valid_ratio,label_valid_ratio,anchor_steer
vehicle_instability_allraw__byx__2025_09_28_17_05_51__000060840__pre1_label2_event_trigger,vehicle_instability_allraw__byx__2025_09_28_17_05_51__000060840,byx,2025_09_28_17_05_51,60.84,,pre1_label2_event_trigger,-1.0,0.0,0.0,2.0,all_raw_vehicle_dynamic_onset_non_steering,all_raw_detected_vehicle_instability_onset_predict_future_steering_response,instability_ay_roll,extreme_active,straight,0,0.0,76.37,100.0,auto_accept_instability_high,hybrid_accept_high,原始车辆数据/byx/Entity_Recording_2025_09_28_17_05_51_vehicle.csv,F:\data_set_process\data_process\01_datasets\数据预处理\原始车辆数据\byx\Entity_Recording_2025_09_28_17_05_51_vehicle.csv,0669b6e6f787d648bf573404d22e53e3e60d8bf6cfe2ed7072c7305575b2f93c,12168,60.84,67.06,6.22,train,train,train,test,0,原始车辆数据/byx/Entity_Recording_2025_09_28_17_05_51_vehicle.csv,0669b6e6f787d648bf573404d22e53e3e60d8bf6cfe2ed7072c7305575b2f93c,1.0,1.0,-0.5265672206878662
vehicle_instability_allraw__byx__2025_09_28_17_05_51__000087745__pre1_label2_event_trigger,vehicle_instability_allraw__byx__2025_09_28_17_05_51__000087745,byx,2025_09_28_17_05_51,87.745,,pre1_label2_event_trigger,-1.0,0.0,0.0,2.0,all_raw_vehicle_dynamic_onset_non_steering,all_raw_detected_vehicle_instability_onset_predict_future_steering_response,instability_ay_roll,extreme_active,straight,0,-0.0,94.15,100.0,auto_accept_instability_high,hybrid_accept_high,原始车辆数据/byx/Entity_Recording_2025_09_28_17_05_51_vehicle.csv,F:\data_set_process\data_process\01_datasets\数据预处理\原始车辆数据\byx\Entity_Recording_2025_09_28_17_05_51_vehicle.csv,0669b6e6f787d648bf573404d22e53e3e60d8bf6cfe2ed7072c7305575b2f93c,17549,87.745,94.47,6.725,train,test,train,test,1,原始车辆数据/byx/Entity_Recording_2025_09_28_17_05_51_vehicle.csv,0669b6e6f787d648bf573404d22e53e3e60d8bf6cfe2ed7072c7305575b2f93c,1.0,1.0,0.19722138345241547
vehicle_instability_allraw__byx__2025_09_28_17_05_51__000099815__pre1_label2_event_trigger,vehicle_instability_allraw__byx__2025_09_28_17_05_51__000099815,byx,2025_09_28_17_05_51,99.815,,pre1_label2_event_trigger,-1.0,0.0,0.0,2.0,all_raw_vehicle_dynamic_onset_non_steering,all_raw_detected_vehicle_instability_onset_predict_future_steering_response,instability_ay_roll,instability_extreme,design_regular_road,0,-0.0,93.06,100.0,auto_accept_instability_high,hybrid_accept_high,原始车辆数据/byx/Entity_Recording_2025_09_28_17_05_51_vehicle.csv,F:\data_set_process\data_process\01_datasets\数据预处理\原始车辆数据\byx\Entity_Recording_2025_09_28_17_05_51_vehicle.csv,0669b6e6f787d648bf573404d22e53e3e60d8bf6cfe2ed7072c7305575b2f93c,19963,99.815,115.085,15.27,train,train,train,test,2,原始车辆数据/byx/Entity_Recording_2025_09_28_17_05_51_vehicle.csv,0669b6e6f787d648bf573404d22e53e3e60d8bf6cfe2ed7072c7305575b2f93c,1.0,1.0,-3.068459987640381
vehicle_instability_allraw__byx__2025_09_28_17_05_51__000158490__pre1_label2_event_trigger,vehicle_instability_allraw__byx__2025_09_28_17_05_51__000158490,byx,2025_09_28_17_05_51,158.49,,pre1_label2_event_trigger,-1.0,0.0,0.0,2.0,all_raw_vehicle_dynamic_onset_non_steering,all_raw_detected_vehicle_instability_onset_predict_future_steering_response,instability_ay_roll,strong_active,straight,1,-0.00729802,83.9,100.0,auto_accept_instability_high,hybrid_accept_high,原始车辆数据/byx/Entity_Recording_2025_09_28_17_05_51_vehicle.csv,F:\data_set_process\data_process\01_datasets\数据预处理\原始车辆数据\byx\Entity_Recording_2025_09_28_17_05_51_vehicle.csv,0669b6e6f787d648bf573404d22e53e3e60d8bf6cfe2ed7072c7305575b2f93c,31698,158.49,182.395,23.905,train,train,train,test,3,原始车辆数据/byx/Entity_Recording_2025_09_28_17_05_51_vehicle.csv,0669b6e6f787d648bf573404d22e53e3e60d8bf6cfe2ed7072c7305575b2f93c,1.0,1.0,-0.48520201444625854
vehicle_instability_allraw__byx__2025_09_28_17_05_51__000187815__pre1_label2_event_trigger,vehicle_instability_allraw__byx__2025_09_28_17_05_51__000187815,byx,2025_09_28_17_05_51,187.815,,pre1_label2_event_trigger,-1.0,0.0,0.0,2.0,all_raw_vehicle_dynamic_onset_non_steering,all_raw_detected_vehicle_instability_onset_predict_future_steering_response,instability_ay_roll,strong_active,straight,0,0.0,60.71,89.48,auto_accept_instability_medium,hybrid_accept_high,原始车辆数据/byx/Entity_Recording_2025_09_28_17_05_51_vehicle.csv,F:\data_set_process\data_process\01_datasets\数据预处理\原始车辆数据\byx\Entity_Recording_2025_09_28_17_05_51_vehicle.csv,0669b6e6f787d648bf573404d22e53e3e60d8bf6cfe2ed7072c7305575b2f93c,37563,187.815,199.71,11.895,train,train,train,test,4,原始车辆数据/byx/Entity_Recording_2025_09_28_17_05_51_vehicle.csv,0669b6e6f787d648bf573404d22e53e3e60d8bf6cfe2ed7072c7305575b2f93c,1.0,1.0,0.13561199605464935
vehicle_instability_allraw__byx__2025_09_28_17_05_51__000219320__pre1_label2_event_trigger,vehicle_instability_allraw__byx__2025_09_28_17_05_51__000219320,byx,2025_09_28_17_05_51,219.32,,pre1_label2_event_trigger,-1.0,0.0,0.0,2.0,all_raw_vehicle_dynamic_onset_non_steering,all_raw_detected_vehicle_instability_onset_predict_future_steering_response,instability_ay_roll,extreme_active,straight,0,-0.0,91.84,100.0,auto_accept_instability_high,hybrid_accept_high,原始车辆数据/byx/Entity_Recording_2025_09_28_17_05_51_vehicle.csv,F:\data_set_process\data_process\01_datasets\数据预处理\原始车辆数据\byx\Entity_Recording_2025_09_28_17_05_51_vehicle.csv,0669b6e6f787d648bf573404d22e53e3e60d8bf6cfe2ed7072c7305575b2f93c,43864,219.32,228.1,8.78,train,train,train,test,5,原始车辆数据/byx/Entity_Recording_2025_09_28_17_05_51_vehicle.csv,0669b6e6f787d648bf573404d22e53e3e60d8bf6cfe2ed7072c7305575b2f93c,1.0,1.0,-0.4722859859466553
vehicle_instability_allraw__byx__2025_09_28_17_05_51__000243065__pre1_label2_event_trigger,vehicle_instability_allraw__byx__2025_09_28_17_05_51__000243065,byx,2025_09_28_17_05_51,243.065,,pre1_label2_event_trigger,-1.0,0.0,0.0,2.0,all_raw_vehicle_dynamic_onset_non_steering,all_raw_detected_vehicle_instability_onset_predict_future_steering_response,instability_ay_roll,strong_active,straight,0,0.0,68.95,100.0,auto_accept_instability_medium,hybrid_accept_high,原始车辆数据/byx/Entity_Recording_2025_09_28_17_05_51_vehicle.csv,F:\data_set_process\data_process\01_datasets\数据预处理\原始车辆数据\byx\Entity_Recording_2025_09_28_17_05_51_vehicle.csv,0669b6e6f787d648bf573404d22e53e3e60d8bf6cfe2ed7072c7305575b2f93c,48613,243.065,246.25,3.185,train,train,train,test,6,原始车辆数据/byx/Entity_Recording_2025_09_28_17_05_51_vehicle.csv,0669b6e6f787d648bf573404d22e53e3e60d8bf6cfe2ed7072c7305575b2f93c,1.0,1.0,0.04118980094790459
vehicle_instability_allraw__byx__2025_09_28_17_05_51__000257595__pre1_label2_event_trigger,vehicle_instability_allraw__byx__2025_09_28_17_05_51__000257595,byx,2025_09_28_17_05_51,257.595,,pre1_label2_event_trigger,-1.0,0.0,0.0,2.0,all_raw_vehicle_dynamic_onset_non_steering,all_raw_detected_vehicle_instability_onset_predict_future_steering_response,instability_ay_roll,strong_active,straight,0,-0.0,65.86,100.0,auto_accept_instability_medium,hybrid_accept_high,原始车辆数据/byx/Entity_Recording_2025_09_28_17_05_51_vehicle.csv,F:\data_set_process\data_process\01_datasets\数据预处理\原始车辆数据\byx\Entity_Recording_2025_09_28_17_05_51_vehicle.csv,0669b6e6f787d648bf573404d22e53e3e60d8bf6cfe2ed7072c7305575b2f93c,51519,257.595,270.23,12.635,train,test,train,test,7,原始车辆数据/byx/Entity_Recording_2025_09_28_17_05_51_vehicle.csv,0669b6e6f787d648bf573404d22e53e3e60d8bf6cfe2ed7072c7305575b2f93c,1.0,1.0,-0.4106760025024414
vehicle_instability_allraw__byx__2025_09_28_17_05_51__000299300__pre1_label2_event_trigger,vehicle_instability_allraw__byx__2025_09_28_17_05_51__000299300,byx,2025_09_28_17_05_51,299.3,,pre1_label2_event_trigger,-1.0,0.0,0.0,2.0,all_raw_vehicle_dynamic_onset_non_steering,all_raw_detected_vehicle_instability_onset_predict_future_steering_response,instability_ay_roll,extreme_active,curve,0,-0.0,93.59,100.0,auto_accept_instability_high,hybrid_accept_high,原始车辆数据/byx/Entity_Recording_2025_09_28_17_05_51_vehicle.csv,F:\data_set_process\data_process\01_datasets\数据预处理\原始车辆数据\byx\Entity_Recording_2025_09_28_17_05_51_vehicle.csv,0669b6e6f787d648bf573404d22e53e3e60d8bf6cfe2ed7072c7305575b2f93c,59860,299.3,339.7,40.4,train,train,train,test,8,原始车辆数据/byx/Entity_Recording_2025_09_28_17_05_51_vehicle.csv,0669b6e6f787d648bf573404d22e53e3e60d8bf6cfe2ed7072c7305575b2f93c,1.0,1.0,0.12007803469896317
vehicle_instability_allraw__byx__2025_09_28_17_05_51__000343900__pre1_label2_event_trigger,vehicle_instability_allraw__byx__2025_09_28_17_05_51__000343900,byx,2025_09_28_17_05_51,343.9,,pre1_label2_event_trigger,-1.0,0.0,0.0,2.0,all_raw_vehicle_dynamic_onset_non_steering,all_raw_detected_vehicle_instability_onset_predict_future_steering_response,instability_ay_roll,weak,straight,1,-0.0,76.49,93.22,auto_accept_instability_high,hybrid_accept_high,原始车辆数据/byx/Entity_Recording_2025_09_28_17_05_51_vehicle.csv,F:\data_set_process\data_process\01_datasets\数据预处理\原始车辆数据\byx\Entity_Recording_2025_09_28_17_05_51_vehicle.csv,0669b6e6f787d648bf573404d22e53e3e60d8bf6cfe2ed7072c7305575b2f93c,68780,343.9,345.535,1.635,train,train,train,test,9,原始车辆数据/byx/Entity_Recording_2025_09_28_17_05_51_vehicle.csv,0669b6e6f787d648bf573404d22e53e3e60d8bf6cfe2ed7072c7305575b2f93c,1.0,1.0,0.1490509957075119
vehicle_instability_allraw__byx__2025_09_28_17_05_51__000349300__pre1_label2_event_trigger,vehicle_instability_allraw__byx__2025_09_28_17_05_51__000349300,byx,2025_09_28_17_05_51,349.3,,pre1_label2_event_trigger,-1.0,0.0,0.0,2.0,all_raw_vehicle_dynamic_onset_non_steering,all_raw_detected_vehicle_instability_onset_predict_future_steering_response,instability_ay_roll,extreme_active,straight,1,-0.00025321,87.45,100.0,auto_accept_instability_high,hybrid_accept_high,原始车辆数据/byx/Entity_Recording_2025_09_28_17_05_51_vehicle.csv,F:\data_set_process\data_process\01_datasets\数据预处理\原始车辆数据\byx\Entity_Recording_2025_09_28_17_05_51_vehicle.csv,0669b6e6f787d648bf573404d22e53e3e60d8bf6cfe2ed7072c7305575b2f93c,69860,349.3,363.51,14.21,train,train,train,test,10,原始车辆数据/byx/Entity_Recording_2025_09_28_17_05_51_vehicle.csv,0669b6e6f787d648bf573404d22e53e3e60d8bf6cfe2ed7072c7305575b2f93c,1.0,1.0,0.11606399714946747
vehicle_instability_allraw__byx__2025_09_28_17_05_51__000366800__pre1_label2_event_trigger,vehicle_instability_allraw__byx__2025_09_28_17_05_51__000366800,byx,2025_09_28_17_05_51,366.8,,pre1_label2_event_trigger,-1.0,0.0,0.0,2.0,all_raw_vehicle_dynamic_onset_non_steering,all_raw_detected_vehicle_instability_onset_predict_future_steering_response,instability_ay_roll,instability_strong,design_regular_road,0,0.0,72.24,87.74,auto_accept_instability_medium,hybrid_accept_high,原始车辆数据/byx/Entity_Recording_2025_09_28_17_05_51_vehicle.csv,F:\data_set_process\data_process\01_datasets\数据预处理\原始车辆数据\byx\Entity_Recording_2025_09_28_17_05_51_vehicle.csv,0669b6e6f787d648bf573404d22e53e3e60d8bf6cfe2ed7072c7305575b2f93c,73360,366.8,367.925,1.125,train,train,train,test,11,原始车辆数据/byx/Entity_Recording_2025_09_28_17_05_51_vehicle.csv,0669b6e6f787d648bf573404d22e53e3e60d8bf6cfe2ed7072c7305575b2f93c,1.0,1.0,-0.3680900037288666
vehicle_instability_allraw__byx__2025_09_28_17_05_51__000372590__pre1_label2_event_trigger,vehicle_instability_allraw__byx__2025_09_28_17_05_51__000372590,byx,2025_09_28_17_05_51,372.59,,pre1_label2_event_trigger,-1.0,0.0,0.0,2.0,all_raw_vehicle_dynamic_onset_non_steering,all_raw_detected_vehicle_instability_onset_predict_future_steering_response,instability_ay_roll,strong_active,straight,0,0.0,78.5,100.0,auto_accept_instability_high,hybrid_accept_high,原始车辆数据/byx/Entity_Recording_2025_09_28_17_05_51_vehicle.csv,F:\data_set_process\data_process\01_datasets\数据预处理\原始车辆数据\byx\Entity_Recording_2025_09_28_17_05_51_vehicle.csv,0669b6e6f787d648bf573404d22e53e3e60d8bf6cfe2ed7072c7305575b2f93c,74518,372.59,386.135,13.545,train,train,train,test,12,原始车辆数据/byx/Entity_Recording_2025_09_28_17_05_51_vehicle.csv,0669b6e6f787d648bf573404d22e53e3e60d8bf6cfe2ed7072c7305575b2f93c,1.0,1.0,0.16493399441242218
vehicle_instability_allraw__byx__2025_09_28_17_05_51__000484195__pre1_label2_event_trigger,vehicle_instability_allraw__byx__2025_09_28_17_05_51__000484195,byx,2025_09_28_17_05_51,484.195,,pre1_label2_event_trigger,-1.0,0.0,0.0,2.0,all_raw_vehicle_dynamic_onset_non_steering,all_raw_detected_vehicle_instability_onset_predict_future_steering_response,instability_ay_roll,strong_active,curve,0,0.0,92.81,100.0,auto_accept_instability_high,hybrid_accept_high,原始车辆数据/byx/Entity_Recording_2025_09_28_17_05_51_vehicle.csv,F:\data_set_process\data_process\01_datasets\数据预处理\原始车辆数据\byx\Entity_Recording_2025_09_28_17_05_51_vehicle.csv,0669b6e6f787d648bf573404d22e53e3e60d8bf6cfe2ed7072c7305575b2f93c,96839,484.195,519.75,35.555,train,train,train,test,13,原始车辆数据/byx/Entity_Recording_2025_09_28_17_05_51_vehicle.csv,0669b6e6f787d648bf573404d22e53e3e60d8bf6cfe2ed7072c7305575b2f93c,1.0,1.0,0.14747999608516693
vehicle_instability_allraw__byx__2025_09_28_17_05_51__000546280__pre1_label2_event_trigger,vehicle_instability_allraw__byx__2025_09_28_17_05_51__000546280,byx,2025_09_28_17_05_51,546.28,,pre1_label2_event_trigger,-1.0,0.0,0.0,2.0,all_raw_vehicle_dynamic_onset_non_steering,all_raw_detected_vehicle_instability_onset_predict_future_steering_response,instability_ay_roll,weak,curve,0,0.0,72.16,91.76,auto_accept_instability_medium,hybrid_accept_high,原始车辆数据/byx/Entity_Recording_2025_09_28_17_05_51_vehicle.csv,F:\data_set_process\data_process\01_datasets\数据预处理\原始车辆数据\byx\Entity_Recording_2025_09_28_17_05_51_vehicle.csv,0669b6e6f787d648bf573404d22e53e3e60d8bf6cfe2ed7072c7305575b2f93c,109256,546.28,563.28,17.0,train,val,train,test,14,原始车辆数据/byx/Entity_Recording_2025_09_28_17_05_51_vehicle.csv,0669b6e6f787d648bf573404d22e53e3e60d8bf6cfe2ed7072c7305575b2f93c,1.0,1.0,-0.38554301857948303
vehicle_instability_allraw__byx__2025_09_28_17_15_52__000028810__pre1_label2_event_trigger,vehicle_instability_allraw__byx__2025_09_28_17_15_52__000028810,byx,2025_09_28_17_15_52,28.81,,pre1_label2_event_trigger,-1.0,0.0,0.0,2.0,all_raw_vehicle_dynamic_onset_non_steering,all_raw_detected_vehicle_instability_onset_predict_future_steering_response,instability_ay_roll,medium_active,straight,0,-0.0,60.01,87.12,auto_accept_instability_medium,hybrid_accept_high,原始车辆数据/byx/Entity_Recording_2025_09_28_17_15_52_vehicle.csv,F:\data_set_process\data_process\01_datasets\数据预处理\原始车辆数据\byx\Entity_Recording_2025_09_28_17_15_52_vehicle.csv,89b465112ea75c97ee6c1ec1b0242816839b20f6c26302a11072bba769d63a75,5762,28.81,37.12,8.31,train,train,train,test,15,原始车辆数据/byx/Entity_Recording_2025_09_28_17_15_52_vehicle.csv,89b465112ea75c97ee6c1ec1b0242816839b20f6c26302a11072bba769d63a75,1.0,1.0,-0.3604121506214142
vehicle_instability_allraw__byx__2025_09_28_17_15_52__000058865__pre1_label2_event_trigger,vehicle_instability_allraw__byx__2025_09_28_17_15_52__000058865,byx,2025_09_28_17_15_52,58.865,,pre1_label2_event_trigger,-1.0,0.0,0.0,2.0,all_raw_vehicle_dynamic_onset_non_steering,all_raw_detected_vehicle_instability_onset_predict_future_steering_response,instability_ay_roll,extreme_active,straight,0,0.0,81.69,100.0,auto_accept_instability_high,hybrid_accept_high,原始车辆数据/byx/Entity_Recording_2025_09_28_17_15_52_vehicle.csv,F:\data_set_process\data_process\01_datasets\数据预处理\原始车辆数据\byx\Entity_Recording_2025_09_28_17_15_52_vehicle.csv,89b465112ea75c97ee6c1ec1b0242816839b20f6c26302a11072bba769d63a75,11773,58.865,69.03,10.165,train,train,train,test,16,原始车辆数据/byx/Entity_Recording_2025_09_28_17_15_52_vehicle.csv,89b465112ea75c97ee6c1ec1b0242816839b20f6c26302a11072bba769d63a75,1.0,1.0,0.2553420066833496
vehicle_instability_allraw__byx__2025_09_28_17_15_52__000087445__pre1_label2_event_trigger,vehicle_instability_allraw__byx__2025_09_28_17_15_52__000087445,byx,2025_09_28_17_15_52,87.445,,pre1_label2_event_trigger,-1.0,0.0,0.0,2.0,all_raw_vehicle_dynamic_onset_non_steering,all_raw_detected_vehicle_instability_onset_predict_future_steering_response,instability_ay_roll,extreme_active,straight,0,0.0,80.01,100.0,auto_accept_instability_high,hybrid_accept_high,原始车辆数据/byx/Entity_Recording_2025_09_28_17_15_52_vehicle.csv,F:\data_set_process\data_process\01_datasets\数据预处理\原始车辆数据\byx\Entity_Recording_2025_09_28_17_15_52_vehicle.csv,89b465112ea75c97ee6c1ec1b0242816839b20f6c26302a11072bba769d63a75,17489,87.445,96.875,9.43,train,val,train,test,17,原始车辆数据/byx/Entity_Recording_2025_09_28_17_15_52_vehicle.csv,89b465112ea75c97ee6c1ec1b0242816839b20f6c26302a11072bba769d63a75,1.0,1.0,-0.46390900015830994
vehicle_instability_allraw__byx__2025_09_28_17_15_52__000131145__pre1_label2_event_trigger,vehicle_instability_allraw__byx__2025_09_28_17_15_52__000131145,byx,2025_09_28_17_15_52,131.145,,pre1_label2_event_trigger,-1.0,0.0,0.0,2.0,all_raw_vehicle_dynamic_onset_non_steering,all_raw_detected_vehicle_instability_onset_predict_future_steering_response,instability_ay_roll,strong_active,curve,1,-0.00729802,75.98,100.0,auto_accept_instability_high,hybrid_accept_high,原始车辆数据/byx/Entity_Recording_2025_09_28_17_15_52_vehicle.csv,F:\data_set_process\data_process\01_datasets\数据预处理\原始车辆数据\byx\Entity_Recording_2025_09_28_17_15_52_vehicle.csv,89b465112ea75c97ee6c1ec1b0242816839b20f6c26302a11072bba769d63a75,26229,131.145,150.435,19.29,train,train,train,test,18,原始车辆数据/byx/Entity_Recording_2025_09_28_17_15_52_vehicle.csv,89b465112ea75c97ee6c1ec1b0242816839b20f6c26302a11072bba769d63a75,1.0,1.0,-0.4906120002269745
vehicle_instability_allraw__byx__2025_09_28_17_15_52__000164040__pre1_label2_event_trigger,vehicle_instability_allraw__byx__2025_09_28_17_15_52__000164040,byx,2025_09_28_17_15_52,164.04,,pre1_label2_event_trigger,-1.0,0.0,0.0,2.0,all_raw_vehicle_dynamic_onset_non_steering,all_raw_detected_vehicle_instability_onset_predict_future_steering_response,instability_ay_roll,extreme_active,straight,0,0.0,82.98,100.0,auto_accept_instability_high,hybrid_accept_high,原始车辆数据/byx/Entity_Recording_2025_09_28_17_15_52_vehicle.csv,F:\data_set_process\data_process\01_datasets\数据预处理\原始车辆数据\byx\Entity_Recording_2025_09_28_17_15_52_vehicle.csv,89b465112ea75c97ee6c1ec1b0242816839b20f6c26302a11072bba769d63a75,32808,164.04,201.975,37.935,train,train,train,test,19,原始车辆数据/byx/Entity_Recording_2025_09_28_17_15_52_vehicle.csv,89b465112ea75c97ee6c1ec1b0242816839b20f6c26302a11072bba769d63a75,1.0,1.0,-0.42743128538131714
vehicle_instability_allraw__byx__2025_09_28_17_15_52__000216345__pre1_label2_event_trigger,vehicle_instability_allraw__byx__2025_09_28_17_15_52__000216345,byx,2025_09_28_17_15_52,216.345,,pre1_label2_event_trigger,-1.0,0.0,0.0,2.0,all_raw_vehicle_dynamic_onset_non_steering,all_raw_detected_vehicle_instability_onset_predict_future_steering_response,instability_ay_roll,strong_active,straight,0,0.0,62.07,100.0,auto_accept_instability_medium,hybrid_accept_high,原始车辆数据/byx/Entity_Recording_2025_09_28_17_15_52_vehicle.csv,F:\data_set_process\data_process\01_datasets\数据预处理\原始车辆数据\byx\Entity_Recording_2025_09_28_17_15_52_vehicle.csv,89b465112ea75c97ee6c1ec1b0242816839b20f6c26302a11072bba769d63a75,43269,216.345,230.84,14.495,train,train,train,test,20,原始车辆数据/byx/Entity_Recording_2025_09_28_17_15_52_vehicle.csv,89b465112ea75c97ee6c1ec1b0242816839b20f6c26302a11072bba769d63a75,1.0,1.0,0.20106245577335358
vehicle_instability_allraw__byx__2025_09_28_17_15_52__000263965__pre1_label2_event_trigger,vehicle_instability_allraw__byx__2025_09_28_17_15_52__000263965,byx,2025_09_28_17_15_52,263.965,,pre1_label2_event_trigger,-1.0,0.0,0.0,2.0,all_raw_vehicle_dynamic_onset_non_steering,all_raw_detected_vehicle_instability_onset_predict_future_steering_response,instability_ay_roll,strong_active,curve,0,-0.0,76.79,100.0,auto_accept_instability_high,hybrid_accept_high,原始车辆数据/byx/Entity_Recording_2025_09_28_17_15_52_vehicle.csv,F:\data_set_process\data_process\01_datasets\数据预处理\原始车辆数据\byx\Entity_Recording_2025_09_28_17_15_52_vehicle.csv,89b465112ea75c97ee6c1ec1b0242816839b20f6c26302a11072bba769d63a75,52793,263.965,284.705,20.74,train,test,train,test,21,原始车辆数据/byx/Entity_Recording_2025_09_28_17_15_52_vehicle.csv,89b465112ea75c97ee6c1ec1b0242816839b20f6c26302a11072bba769d63a75,1.0,1.0,0.21554799377918243
vehicle_instability_allraw__byx__2025_09_28_17_15_52__000287425__pre1_label2_event_trigger,vehicle_instability_allraw__byx__2025_09_28_17_15_52__000287425,byx,2025_09_28_17_15_52,287.425,,pre1_label2_event_trigger,-1.0,0.0,0.0,2.0,all_raw_vehicle_dynamic_onset_non_steering,all_raw_detected_vehicle_instability_onset_predict_future_steering_response,instability_ay_roll,extreme_active,straight,1,0.0,91.39,100.0,auto_accept_instability_high,hybrid_accept_high,原始车辆数据/byx/Entity_Recording_2025_09_28_17_15_52_vehicle.csv,F:\data_set_process\data_process\01_datasets\数据预处理\原始车辆数据\byx\Entity_Recording_2025_09_28_17_15_52_vehicle.csv,89b465112ea75c97ee6c1ec1b0242816839b20f6c26302a11072bba769d63a75,57485,287.425,306.315,18.89,train,val,train,test,22,原始车辆数据/byx/Entity_Recording_2025_09_28_17_15_52_vehicle.csv,89b465112ea75c97ee6c1ec1b0242816839b20f6c26302a11072bba769d63a75,1.0,1.0,0.1165880486369133
vehicle_instability_allraw__byx__2025_09_28_17_15_52__000319770__pre1_label2_event_trigger,vehicle_instability_allraw__byx__2025_09_28_17_15_52__000319770,byx,2025_09_28_17_15_52,319.77,,pre1_label2_event_trigger,-1.0,0.0,0.0,2.0,all_raw_vehicle_dynamic_onset_non_steering,all_raw_detected_vehicle_instability_onset_predict_future_steering_response,instability_ay_roll,extreme_active,straight,1,-0.00041236,87.45,100.0,auto_accept_instability_high,hybrid_accept_high,原始车辆数据/byx/Entity_Recording_2025_09_28_17_15_52_vehicle.csv,F:\data_set_process\data_process\01_datasets\数据预处理\原始车辆数据\byx\Entity_Recording_2025_09_28_17_15_52_vehicle.csv,89b465112ea75c97ee6c1ec1b0242816839b20f6c26302a11072bba769d63a75,63954,319.77,337.25,17.48,train,train,train,test,23,原始车辆数据/byx/Entity_Recording_2025_09_28_17_15_52_vehicle.csv,89b465112ea75c97ee6c1ec1b0242816839b20f6c26302a11072bba769d63a75,1.0,1.0,-0.45727598667144775
vehicle_instability_allraw__byx__2025_09_28_17_15_52__000341810__pre1_label2_event_trigger,vehicle_instability_allraw__byx__2025_09_28_17_15_52__000341810,byx,2025_09_28_17_15_52,341.81,,pre1_label2_event_trigger,-1.0,0.0,0.0,2.0,all_raw_vehicle_dynamic_onset_non_steering,all_raw_detected_vehicle_instability_onset_predict_future_steering_response,instability_ay_roll,strong_active,straight,0,-0.0,61.68,90.0,auto_accept_instability_medium,hybrid_accept_high,原始车辆数据/byx/Entity_Recording_2025_09_28_17_15_52_vehicle.csv,F:\data_set_process\data_process\01_datasets\数据预处理\原始车辆数据\byx\Entity_Recording_2025_09_28_17_15_52_vehicle.csv,89b465112ea75c97ee6c1ec1b0242816839b20f6c26302a11072bba769d63a75,68362,341.81,356.88,15.07,train,train,train,test,24,原始车辆数据/byx/Entity_Recording_2025_09_28_17_15_52_vehicle.csv,89b465112ea75c97ee6c1ec1b0242816839b20f6c26302a11072bba769d63a75,1.0,1.0,-0.5216808319091797
vehicle_instability_allraw__byx__2025_09_28_17_15_52__000411920__pre1_label2_event_trigger,vehicle_instability_allraw__byx__2025_09_28_17_15_52__000411920,byx,2025_09_28_17_15_52,411.92,,pre1_label2_event_trigger,-1.0,0.0,0.0,2.0,all_raw_vehicle_dynamic_onset_non_steering,all_raw_detected_vehicle_instability_onset_predict_future_steering_response,instability_ay_roll,extreme_active,straight,0,0.0,81.24,100.0,auto_accept_instability_high,hybrid_accept_high,原始车辆数据/byx/Entity_Recording_2025_09_28_17_15_52_vehicle.csv,F:\data_set_process\data_process\01_datasets\数据预处理\原始车辆数据\byx\Entity_Recording_2025_09_28_17_15_52_vehicle.csv,89b465112ea75c97ee6c1ec1b0242816839b20f6c26302a11072bba769d63a75,82384,411.92,423.255,11.335,train,train,train,test,25,原始车辆数据/byx/Entity_Recording_2025_09_28_17_15_52_vehicle.csv,89b465112ea75c97ee6c1ec1b0242816839b20f6c26302a11072bba769d63a75,1.0,1.0,-0.47368180751800537
vehicle_instability_allraw__byx__2025_09_28_17_15_52__000450690__pre1_label2_event_trigger,vehicle_instability_allraw__byx__2025_09_28_17_15_52__000450690,byx,2025_09_28_17_15_52,450.69,,pre1_label2_event_trigger,-1.0,0.0,0.0,2.0,all_raw_vehicle_dynamic_onset_non_steering,all_raw_detected_vehicle_instability_onset_predict_future_steering_response,instability_ay_roll,instability_medium,design_high_risk_surface,0,0.0,69.82,87.85,auto_accept_instability_medium,hybrid_accept_high,原始车辆数据/byx/Entity_Recording_2025_09_28_17_15_52_vehicle.csv,F:\data_set_process\data_process\01_datasets\数据预处理\原始车辆数据\byx\Entity_Recording_2025_09_28_17_15_52_vehicle.csv,89b465112ea75c97ee6c1ec1b0242816839b20f6c26302a11072bba769d63a75,90138,450.69,485.505,34.815,train,test,train,test,26,原始车辆数据/byx/Entity_Recording_2025_09_28_17_15_52_vehicle.csv,89b465112ea75c97ee6c1ec1b0242816839b20f6c26302a11072bba769d63a75,1.0,1.0,0.1417209953069687
vehicle_instability_allraw__byx__2025_09_28_17_15_52__000517355__pre1_label2_event_trigger,vehicle_instability_allraw__byx__2025_09_28_17_15_52__000517355,byx,2025_09_28_17_15_52,517.355,,pre1_label2_event_trigger,-1.0,0.0,0.0,2.0,all_raw_vehicle_dynamic_onset_non_steering,all_raw_detected_vehicle_instability_onset_predict_future_steering_response,instability_ay_roll,instability_strong,design_high_risk_surface,0,0.0,71.53,88.53,auto_accept_instability_medium,hybrid_accept_high,原始车辆数据/byx/Entity_Recording_2025_09_28_17_15_52_vehicle.csv,F:\data_set_process\data_process\01_datasets\数据预处理\原始车辆数据\byx\Entity_Recording_2025_09_28_17_15_52_vehicle.csv,89b465112ea75c97ee6c1ec1b0242816839b20f6c26302a11072bba769d63a75,103471,517.355,531.225,13.87,train,train,train,test,27,原始车辆数据/byx/Entity_Recording_2025_09_28_17_15_52_vehicle.csv,89b465112ea75c97ee6c1ec1b0242816839b20f6c26302a11072bba769d63a75,1.0,1.0,-0.43964800238609314
vehicle_instability_allraw__byx__2025_09_28_17_25_18__000049910__pre1_label2_event_trigger,vehicle_instability_allraw__byx__2025_09_28_17_25_18__000049910,byx,2025_09_28_17_25_18,49.91,,pre1_label2_event_trigger,-1.0,0.0,0.0,2.0,all_raw_vehicle_dynamic_onset_non_steering,all_raw_detected_vehicle_instability_onset_predict_future_steering_response,instability_ay_roll,extreme_active,straight,0,-0.0,93.61,100.0,auto_accept_instability_high,hybrid_accept_high,原始车辆数据/byx/Entity_Recording_2025_09_28_17_25_18_vehicle.csv,F:\data_set_process\data_process\01_datasets\数据预处理\原始车辆数据\byx\Entity_Recording_2025_09_28_17_25_18_vehicle.csv,76b6f176acdb4aa57f18c32d4de11e87c8c09bd708780400439194f7383c4cd3,9982,49.91,59.98,10.07,train,test,train,test,28,原始车辆数据/byx/Entity_Recording_2025_09_28_17_25_18_vehicle.csv,76b6f176acdb4aa57f18c32d4de11e87c8c09bd708780400439194f7383c4cd3,1.0,1.0,0.10925731062889099
vehicle_instability_allraw__byx__2025_09_28_17_25_18__000065550__pre1_label2_event_trigger,vehicle_instability_allraw__byx__2025_09_28_17_25_18__000065550,byx,2025_09_28_17_25_18,65.55,,pre1_label2_event_trigger,-1.0,0.0,0.0,2.0,all_raw_vehicle_dynamic_onset_non_steering,all_raw_detected_vehicle_instability_onset_predict_future_steering_response,instability_ay_roll,instability_extreme,design_regular_road,0,-0.0,91.64,100.0,auto_accept_instability_high,hybrid_accept_high,原始车辆数据/byx/Entity_Recording_2025_09_28_17_25_18_vehicle.csv,F:\data_set_process\data_process\01_datasets\数据预处理\原始车辆数据\byx\Entity_Recording_2025_09_28_17_25_18_vehicle.csv,76b6f176acdb4aa57f18c32d4de11e87c8c09bd708780400439194f7383c4cd3,13110,65.55,88.575,23.025,train,train,train,test,29,原始车辆数据/byx/Entity_Recording_2025_09_28_17_25_18_vehicle.csv,76b6f176acdb4aa57f18c32d4de11e87c8c09bd708780400439194f7383c4cd3,1.0,1.0,1.9205600023269653
vehicle_instability_allraw__byx__2025_09_28_17_25_18__000117195__pre1_label2_event_trigger,vehicle_instability_allraw__byx__2025_09_28_17_25_18__000117195,byx,2025_09_28_17_25_18,117.195,,pre1_label2_event_trigger,-1.0,0.0,0.0,2.0,all_raw_vehicle_dynamic_onset_non_steering,all_raw_detected_vehicle_instability_onset_predict_future_steering_response,instability_ay_roll,strong_active,straight,0,-0.0,61.2,96.68,auto_accept_instability_medium,hybrid_accept_high,原始车辆数据/byx/Entity_Recording_2025_09_28_17_25_18_vehicle.csv,F:\data_set_process\data_process\01_datasets\数据预处理\原始车辆数据\byx\Entity_Recording_2025_09_28_17_25_18_vehicle.csv,76b6f176acdb4aa57f18c32d4de11e87c8c09bd708780400439194f7383c4cd3,23439,117.195,125.455,8.26,train,test,train,test,30,原始车辆数据/byx/Entity_Recording_2025_09_28_17_25_18_vehicle.csv,76b6f176acdb4aa57f18c32d4de11e87c8c09bd708780400439194f7383c4cd3,1.0,1.0,-0.43004900217056274
vehicle_instability_allraw__byx__2025_09_28_17_25_18__000164150__pre1_label2_event_trigger,vehicle_instability_allraw__byx__2025_09_28_17_25_18__000164150,byx,2025_09_28_17_25_18,164.15,,pre1_label2_event_trigger,-1.0,0.0,0.0,2.0,all_raw_vehicle_dynamic_onset_non_steering,all_raw_detected_vehicle_instability_onset_predict_future_steering_response,instability_ay_roll,strong_active,curve,1,-0.00729802,76.49,100.0,auto_accept_instability_high,hybrid_accept_high,原始车辆数据/byx/Entity_Recording_2025_09_28_17_25_18_vehicle.csv,F:\data_set_process\data_process\01_datasets\数据预处理\原始车辆数据\byx\Entity_Recording_2025_09_28_17_25_18_vehicle.csv,76b6f176acdb4aa57f18c32d4de11e87c8c09bd708780400439194f7383c4cd3,32830,164.15,182.655,18.505,train,train,train,test,31,原始车辆数据/byx/Entity_Recording_2025_09_28_17_25_18_vehicle.csv,76b6f176acdb4aa57f18c32d4de11e87c8c09bd708780400439194f7383c4cd3,1.0,1.0,-0.46268659830093384
vehicle_instability_allraw__byx__2025_09_28_17_25_18__000191805__pre1_label2_event_trigger,vehicle_instability_allraw__byx__2025_09_28_17_25_18__000191805,byx,2025_09_28_17_25_18,191.805,,pre1_label2_event_trigger,-1.0,0.0,0.0,2.0,all_raw_vehicle_dynamic_onset_non_steering,all_raw_detected_vehicle_instability_onset_predict_future_steering_response,instability_ay_roll,medium_active,straight,0,-0.0,67.72,95.95,auto_accept_instability_medium,hybrid_accept_high,原始车辆数据/byx/Entity_Recording_2025_09_28_17_25_18_vehicle.csv,F:\data_set_process\data_process\01_datasets\数据预处理\原始车辆数据\byx\Entity_Recording_2025_09_28_17_25_18_vehicle.csv,76b6f176acdb4aa57f18c32d4de11e87c8c09bd708780400439194f7383c4cd3,38361,191.805,202.025,10.22,train,train,train,test,32,原始车辆数据/byx/Entity_Recording_2025_09_28_17_25_18_vehicle.csv,76b6f176acdb4aa57f18c32d4de11e87c8c09bd708780400439194f7383c4cd3,1.0,1.0,-0.4338890016078949
vehicle_instability_allraw__byx__2025_09_28_17_25_18__000225005__pre1_label2_event_trigger,vehicle_instability_allraw__byx__2025_09_28_17_25_18__000225005,byx,2025_09_28_17_25_18,225.005,,pre1_label2_event_trigger,-1.0,0.0,0.0,2.0,all_raw_vehicle_dynamic_onset_non_steering,all_raw_detected_vehicle_instability_onset_predict_future_steering_response,instability_ay_roll,extreme_active,straight,0,0.0,66.22,100.0,auto_accept_instability_medium,hybrid_accept_high,原始车辆数据/byx/Entity_Recording_2025_09_28_17_25_18_vehicle.csv,F:\data_set_process\data_process\01_datasets\数据预处理\原始车辆数据\byx\Entity_Recording_2025_09_28_17_25_18_vehicle.csv,76b6f176acdb4aa57f18c32d4de11e87c8c09bd708780400439194f7383c4cd3,45001,225.005,242.445,17.44,train,train,train,test,33,原始车辆数据/byx/Entity_Recording_2025_09_28_17_25_18_vehicle.csv,76b6f176acdb4aa57f18c32d4de11e87c8c09bd708780400439194f7383c4cd3,1.0,1.0,-0.4253369867801666
vehicle_instability_allraw__byx__2025_09_28_17_25_18__000248265__pre1_label2_event_trigger,vehicle_instability_allraw__byx__2025_09_28_17_25_18__000248265,byx,2025_09_28_17_25_18,248.265,,pre1_label2_event_trigger,-1.0,0.0,0.0,2.0,all_raw_vehicle_dynamic_onset_non_steering,all_raw_detected_vehicle_instability_onset_predict_future_steering_response,instability_ay_roll,extreme_active,straight,0,0.0,91.1,100.0,auto_accept_instability_high,hybrid_accept_high,原始车辆数据/byx/Entity_Recording_2025_09_28_17_25_18_vehicle.csv,F:\data_set_process\data_process\01_datasets\数据预处理\原始车辆数据\byx\Entity_Recording_2025_09_28_17_25_18_vehicle.csv,76b6f176acdb4aa57f18c32d4de11e87c8c09bd708780400439194f7383c4cd3,49653,248.265,255.715,7.45,train,train,train,test,34,原始车辆数据/byx/Entity_Recording_2025_09_28_17_25_18_vehicle.csv,76b6f176acdb4aa57f18c32d4de11e87c8c09bd708780400439194f7383c4cd3,1.0,1.0,0.2483615130186081
vehicle_instability_allraw__byx__2025_09_28_17_25_18__000265825__pre1_label2_event_trigger,vehicle_instability_allraw__byx__2025_09_28_17_25_18__000265825,byx,2025_09_28_17_25_18,265.825,,pre1_label2_event_trigger,-1.0,0.0,0.0,2.0,all_raw_vehicle_dynamic_onset_non_steering,all_raw_detected_vehicle_instability_onset_predict_future_steering_response,instability_ay_roll,instability_extreme,design_special_event_segment,0,0.0,90.3,100.0,auto_accept_instability_high,hybrid_accept_high,原始车辆数据/byx/Entity_Recording_2025_09_28_17_25_18_vehicle.csv,F:\data_set_process\data_process\01_datasets\数据预处理\原始车辆数据\byx\Entity_Recording_2025_09_28_17_25_18_vehicle.csv,76b6f176acdb4aa57f18c32d4de11e87c8c09bd708780400439194f7383c4cd3,53165,265.825,268.395,2.57,train,train,train,test,35,原始车辆数据/byx/Entity_Recording_2025_09_28_17_25_18_vehicle.csv,76b6f176acdb4aa57f18c32d4de11e87c8c09bd708780400439194f7383c4cd3,1.0,1.0,-2.5368399620056152
vehicle_instability_allraw__byx__2025_09_28_17_25_18__000275870__pre1_label2_event_trigger,vehicle_instability_allraw__byx__2025_09_28_17_25_18__000275870,byx,2025_09_28_17_25_18,275.87,,pre1_label2_event_trigger,-1.0,0.0,0.0,2.0,all_raw_vehicle_dynamic_onset_non_steering,all_raw_detected_vehicle_instability_onset_predict_future_steering_response,instability_ay_roll,instability_extreme,design_special_event_segment,0,-0.0,87.3,100.0,auto_accept_instability_high,hybrid_accept_high,原始车辆数据/byx/Entity_Recording_2025_09_28_17_25_18_vehicle.csv,F:\data_set_process\data_process\01_datasets\数据预处理\原始车辆数据\byx\Entity_Recording_2025_09_28_17_25_18_vehicle.csv,76b6f176acdb4aa57f18c32d4de11e87c8c09bd708780400439194f7383c4cd3,55174,275.87,278.475,2.605,train,train,train,test,36,原始车辆数据/byx/Entity_Recording_2025_09_28_17_25_18_vehicle.csv,76b6f176acdb4aa57f18c32d4de11e87c8c09bd708780400439194f7383c4cd3,1.0,1.0,2.3614299297332764
vehicle_instability_allraw__byx__2025_09_28_17_25_18__000283135__pre1_label2_event_trigger,vehicle_instability_allraw__byx__2025_09_28_17_25_18__000283135,byx,2025_09_28_17_25_18,283.135,,pre1_label2_event_trigger,-1.0,0.0,0.0,2.0,all_raw_vehicle_dynamic_onset_non_steering,all_raw_detected_vehicle_instability_onset_predict_future_steering_response,instability_ay_roll,strong_active,straight,0,0.0,74.12,100.0,auto_accept_instability_medium,hybrid_accept_high,原始车辆数据/byx/Entity_Recording_2025_09_28_17_25_18_vehicle.csv,F:\data_set_process\data_process\01_datasets\数据预处理\原始车辆数据\byx\Entity_Recording_2025_09_28_17_25_18_vehicle.csv,76b6f176acdb4aa57f18c32d4de11e87c8c09bd708780400439194f7383c4cd3,56627,283.135,285.31,2.175,train,val,train,test,37,原始车辆数据/byx/Entity_Recording_2025_09_28_17_25_18_vehicle.csv,76b6f176acdb4aa57f18c32d4de11e87c8c09bd708780400439194f7383c4cd3,1.0,1.0,1.8313699960708618
vehicle_instability_allraw__byx__2025_09_28_17_25_18__000333065__pre1_label2_event_trigger,vehicle_instability_allraw__byx__2025_09_28_17_25_18__000333065,byx,2025_09_28_17_25_18,333.065,,pre1_label2_event_trigger,-1.0,0.0,0.0,2.0,all_raw_vehicle_dynamic_onset_non_steering,all_raw_detected_vehicle_instability_onset_predict_future_steering_response,instability_ay_roll,extreme_active,curve,0,0.0,77.17,100.0,auto_accept_instability_high,hybrid_accept_high,原始车辆数据/byx/Entity_Recording_2025_09_28_17_25_18_vehicle.csv,F:\data_set_process\data_process\01_datasets\数据预处理\原始车辆数据\byx\Entity_Recording_2025_09_28_17_25_18_vehicle.csv,76b6f176acdb4aa57f18c32d4de11e87c8c09bd708780400439194f7383c4cd3,66613,333.065,352.555,19.49,train,test,train,test,38,原始车辆数据/byx/Entity_Recording_2025_09_28_17_25_18_vehicle.csv,76b6f176acdb4aa57f18c32d4de11e87c8c09bd708780400439194f7383c4cd3,1.0,1.0,0.0474729984998703
vehicle_instability_allraw__byx__2025_09_28_17_25_18__000384190__pre1_label2_event_trigger,vehicle_instability_allraw__byx__2025_09_28_17_25_18__000384190,byx,2025_09_28_17_25_18,384.19,,pre1_label2_event_trigger,-1.0,0.0,0.0,2.0,all_raw_vehicle_dynamic_onset_non_steering,all_raw_detected_vehicle_instability_onset_predict_future_steering_response,instability_ay_roll,strong_active,straight,0,-0.0,80.45,100.0,auto_accept_instability_high,hybrid_accept_high,原始车辆数据/byx/Entity_Recording_2025_09_28_17_25_18_vehicle.csv,F:\data_set_process\data_process\01_datasets\数据预处理\原始车辆数据\byx\Entity_Recording_2025_09_28_17_25_18_vehicle.csv,76b6f176acdb4aa57f18c32d4de11e87c8c09bd708780400439194f7383c4cd3,76838,384.19,392.435,8.245,train,train,train,test,39,原始车辆数据/byx/Entity_Recording_2025_09_28_17_25_18_vehicle.csv,76b6f176acdb4aa57f18c32d4de11e87c8c09bd708780400439194f7383c4cd3,1.0,1.0,-0.39392098784446716
vehicle_instability_allraw__byx__2025_09_28_17_25_18__000401810__pre1_label2_event_trigger,vehicle_instability_allraw__byx__2025_09_28_17_25_18__000401810,byx,2025_09_28_17_25_18,401.81,,pre1_label2_event_trigger,-1.0,0.0,0.0,2.0,all_raw_vehicle_dynamic_onset_non_steering,all_raw_detected_vehicle_instability_onset_predict_future_steering_response,instability_ay_roll,weak,straight,0,0.0,81.51,100.0,auto_accept_instability_high,hybrid_accept_high,原始车辆数据/byx/Entity_Recording_2025_09_28_17_25_18_vehicle.csv,F:\data_set_process\data_process\01_datasets\数据预处理\原始车辆数据\byx\Entity_Recording_2025_09_28_17_25_18_vehicle.csv,76b6f176acdb4aa57f18c32d4de11e87c8c09bd708780400439194f7383c4cd3,80362,401.81,418.07,16.26,train,train,train,test,40,原始车辆数据/byx/Entity_Recording_2025_09_28_17_25_18_vehicle.csv,76b6f176acdb4aa57f18c32d4de11e87c8c09bd708780400439194f7383c4cd3,1.0,1.0,0.1556829959154129
vehicle_instability_allraw__byx__2025_09_28_17_25_18__000477025__pre1_label2_event_trigger,vehicle_instability_allraw__byx__2025_09_28_17_25_18__000477025,byx,2025_09_28_17_25_18,477.025,,pre1_label2_event_trigger,-1.0,0.0,0.0,2.0,all_raw_vehicle_dynamic_onset_non_steering,all_raw_detected_vehicle_instability_onset_predict_future_steering_response,instability_ay_roll,extreme_active,straight,0,0.0,84.77,100.0,auto_accept_instability_high,hybrid_accept_high,原始车辆数据/byx/Entity_Recording_2025_09_28_17_25_18_vehicle.csv,F:\data_set_process\data_process\01_datasets\数据预处理\原始车辆数据\byx\Entity_Recording_2025_09_28_17_25_18_vehicle.csv,76b6f176acdb4aa57f18c32d4de11e87c8c09bd708780400439194f7383c4cd3,95405,477.025,491.89,14.865,train,train,train,test,41,原始车辆数据/byx/Entity_Recording_2025_09_28_17_25_18_vehicle.csv,76b6f176acdb4aa57f18c32d4de11e87c8c09bd708780400439194f7383c4cd3,1.0,1.0,-0.6194170117378235
vehicle_instability_allraw__byx__2025_09_28_17_35_43__000048035__pre1_label2_event_trigger,vehicle_instability_allraw__byx__2025_09_28_17_35_43__000048035,byx,2025_09_28_17_35_43,48.035,,pre1_label2_event_trigger,-1.0,0.0,0.0,2.0,all_raw_vehicle_dynamic_onset_non_steering,all_raw_detected_vehicle_instability_onset_predict_future_steering_response,instability_ay_roll,strong_active,straight,0,-0.0,88.12,100.0,auto_accept_instability_high,hybrid_accept_high,原始车辆数据/byx/Entity_Recording_2025_09_28_17_35_43_vehicle.csv,F:\data_set_process\data_process\01_datasets\数据预处理\原始车辆数据\byx\Entity_Recording_2025_09_28_17_35_43_vehicle.csv,facc231296f1672792e40223812a82a39b208c27b27fd545c550204a1448f76b,9607,48.035,55.5,7.465,train,train,train,test,42,原始车辆数据/byx/Entity_Recording_2025_09_28_17_35_43_vehicle.csv,facc231296f1672792e40223812a82a39b208c27b27fd545c550204a1448f76b,1.0,1.0,0.2645919919013977
vehicle_instability_allraw__byx__2025_09_28_17_35_43__000078915__pre1_label2_event_trigger,vehicle_instability_allraw__byx__2025_09_28_17_35_43__000078915,byx,2025_09_28_17_35_43,78.915,,pre1_label2_event_trigger,-1.0,0.0,0.0,2.0,all_raw_vehicle_dynamic_onset_non_steering,all_raw_detected_vehicle_instability_onset_predict_future_steering_response,instability_ay_roll,medium_active,straight,0,0.0,65.0,87.59,auto_accept_instability_medium,hybrid_accept_high,原始车辆数据/byx/Entity_Recording_2025_09_28_17_35_43_vehicle.csv,F:\data_set_process\data_process\01_datasets\数据预处理\原始车辆数据\byx\Entity_Recording_2025_09_28_17_35_43_vehicle.csv,facc231296f1672792e40223812a82a39b208c27b27fd545c550204a1448f76b,15783,78.915,80.815,1.9,train,train,train,test,43,原始车辆数据/byx/Entity_Recording_2025_09_28_17_35_43_vehicle.csv,facc231296f1672792e40223812a82a39b208c27b27fd545c550204a1448f76b,1.0,1.0,-0.2640681564807892
vehicle_instability_allraw__byx__2025_09_28_17_35_43__000084125__pre1_label2_event_trigger,vehicle_instability_allraw__byx__2025_09_28_17_35_43__000084125,byx,2025_09_28_17_35_43,84.125,,pre1_label2_event_trigger,-1.0,0.0,0.0,2.0,all_raw_vehicle_dynamic_onset_non_steering,all_raw_detected_vehicle_instability_onset_predict_future_steering_response,instability_ay_roll,strong_active,straight,0,0.0,76.27,100.0,auto_accept_instability_high,hybrid_accept_high,原始车辆数据/byx/Entity_Recording_2025_09_28_17_35_43_vehicle.csv,F:\data_set_process\data_process\01_datasets\数据预处理\原始车辆数据\byx\Entity_Recording_2025_09_28_17_35_43_vehicle.csv,facc231296f1672792e40223812a82a39b208c27b27fd545c550204a1448f76b,16825,84.125,94.88,10.755,train,train,train,test,44,原始车辆数据/byx/Entity_Recording_2025_09_28_17_35_43_vehicle.csv,facc231296f1672792e40223812a82a39b208c27b27fd545c550204a1448f76b,1.0,1.0,0.3038620054721832
vehicle_instability_allraw__byx__2025_09_28_17_35_43__000097930__pre1_label2_event_trigger,vehicle_instability_allraw__byx__2025_09_28_17_35_43__000097930,byx,2025_09_28_17_35_43,97.93,,pre1_label2_event_trigger,-1.0,0.0,0.0,2.0,all_raw_vehicle_dynamic_onset_non_steering,all_raw_detected_vehicle_instability_onset_predict_future_steering_response,instability_ay_roll,medium_active,straight,0,0.0,72.35,96.02,auto_accept_instability_medium,hybrid_accept_high,原始车辆数据/byx/Entity_Recording_2025_09_28_17_35_43_vehicle.csv,F:\data_set_process\data_process\01_datasets\数据预处理\原始车辆数据\byx\Entity_Recording_2025_09_28_17_35_43_vehicle.csv,facc231296f1672792e40223812a82a39b208c27b27fd545c550204a1448f76b,19586,97.93,100.39,2.46,train,train,train,test,45,原始车辆数据/byx/Entity_Recording_2025_09_28_17_35_43_vehicle.csv,facc231296f1672792e40223812a82a39b208c27b27fd545c550204a1448f76b,1.0,1.0,0.12566399574279785
vehicle_instability_allraw__byx__2025_09_28_17_35_43__000104170__pre1_label2_event_trigger,vehicle_instability_allraw__byx__2025_09_28_17_35_43__000104170,byx,2025_09_28_17_35_43,104.17,,pre1_label2_event_trigger,-1.0,0.0,0.0,2.0,all_raw_vehicle_dynamic_onset_non_steering,all_raw_detected_vehicle_instability_onset_predict_future_steering_response,instability_roll_only,weak,straight,0,-0.0,71.27,88.84,auto_accept_instability_medium,hybrid_accept_high,原始车辆数据/byx/Entity_Recording_2025_09_28_17_35_43_vehicle.csv,F:\data_set_process\data_process\01_datasets\数据预处理\原始车辆数据\byx\Entity_Recording_2025_09_28_17_35_43_vehicle.csv,facc231296f1672792e40223812a82a39b208c27b27fd545c550204a1448f76b,20834,104.17,104.445,0.275,train,test,train,test,46,原始车辆数据/byx/Entity_Recording_2025_09_28_17_35_43_vehicle.csv,facc231296f1672792e40223812a82a39b208c27b27fd545c550204a1448f76b,1.0,1.0,-0.2157236635684967
vehicle_instability_allraw__byx__2025_09_28_17_35_43__000110425__pre1_label2_event_trigger,vehicle_instability_allraw__byx__2025_09_28_17_35_43__000110425,byx,2025_09_28_17_35_43,110.425,,pre1_label2_event_trigger,-1.0,0.0,0.0,2.0,all_raw_vehicle_dynamic_onset_non_steering,all_raw_detected_vehicle_instability_onset_predict_future_steering_response,instability_ay_roll,extreme_active,straight,0,0.0,85.35,100.0,auto_accept_instability_high,hybrid_accept_high,原始车辆数据/byx/Entity_Recording_2025_09_28_17_35_43_vehicle.csv,F:\data_set_process\data_process\01_datasets\数据预处理\原始车辆数据\byx\Entity_Recording_2025_09_28_17_35_43_vehicle.csv,facc231296f1672792e40223812a82a39b208c27b27fd545c550204a1448f76b,22085,110.425,115.115,4.69,train,train,train,test,47,原始车辆数据/byx/Entity_Recording_2025_09_28_17_35_43_vehicle.csv,facc231296f1672792e40223812a82a39b208c27b27fd545c550204a1448f76b,1.0,1.0,0.20786899328231812
vehicle_instability_allraw__byx__2025_09_28_17_35_43__000118155__pre1_label2_event_trigger,vehicle_instability_allraw__byx__2025_09_28_17_35_43__000118155,byx,2025_09_28_17_35_43,118.155,,pre1_label2_event_trigger,-1.0,0.0,0.0,2.0,all_raw_vehicle_dynamic_onset_non_steering,all_raw_detected_vehicle_instability_onset_predict_future_steering_response,instability_ay_roll,medium_active,straight,0,-0.0,68.36,92.76,auto_accept_instability_medium,hybrid_accept_high,原始车辆数据/byx/Entity_Recording_2025_09_28_17_35_43_vehicle.csv,F:\data_set_process\data_process\01_datasets\数据预处理\原始车辆数据\byx\Entity_Recording_2025_09_28_17_35_43_vehicle.csv,facc231296f1672792e40223812a82a39b208c27b27fd545c550204a1448f76b,23631,118.155,134.4,16.245,train,val,train,test,48,原始车辆数据/byx/Entity_Recording_2025_09_28_17_35_43_vehicle.csv,facc231296f1672792e40223812a82a39b208c27b27fd545c550204a1448f76b,1.0,1.0,0.18674999475479126
vehicle_instability_allraw__byx__2025_09_28_17_35_43__000163465__pre1_label2_event_trigger,vehicle_instability_allraw__byx__2025_09_28_17_35_43__000163465,byx,2025_09_28_17_35_43,163.465,,pre1_label2_event_trigger,-1.0,0.0,0.0,2.0,all_raw_vehicle_dynamic_onset_non_steering,all_raw_detected_vehicle_instability_onset_predict_future_steering_response,instability_ay_roll,strong_active,straight,1,0.00453303,85.1,100.0,auto_accept_instability_high,hybrid_accept_high,原始车辆数据/byx/Entity_Recording_2025_09_28_17_35_43_vehicle.csv,F:\data_set_process\data_process\01_datasets\数据预处理\原始车辆数据\byx\Entity_Recording_2025_09_28_17_35_43_vehicle.csv,facc231296f1672792e40223812a82a39b208c27b27fd545c550204a1448f76b,32693,163.465,185.08,21.615,train,test,train,test,49,原始车辆数据/byx/Entity_Recording_2025_09_28_17_35_43_vehicle.csv,facc231296f1672792e40223812a82a39b208c27b27fd545c550204a1448f76b,1.0,1.0,0.032987140119075775
vehicle_instability_allraw__byx__2025_09_28_17_35_43__000194205__pre1_label2_event_trigger,vehicle_instability_allraw__byx__2025_09_28_17_35_43__000194205,byx,2025_09_28_17_35_43,194.205,,pre1_label2_event_trigger,-1.0,0.0,0.0,2.0,all_raw_vehicle_dynamic_onset_non_steering,all_raw_detected_vehicle_instability_onset_predict_future_steering_response,instability_ay_roll,extreme_active,curve,1,-0.00729802,94.84,100.0,auto_accept_instability_high,hybrid_accept_high,原始车辆数据/byx/Entity_Recording_2025_09_28_17_35_43_vehicle.csv,F:\data_set_process\data_process\01_datasets\数据预处理\原始车辆数据\byx\Entity_Recording_2025_09_28_17_35_43_vehicle.csv,facc231296f1672792e40223812a82a39b208c27b27fd545c550204a1448f76b,38841,194.205,196.685,2.48,train,train,train,test,50,原始车辆数据/byx/Entity_Recording_2025_09_28_17_35_43_vehicle.csv,facc231296f1672792e40223812a82a39b208c27b27fd545c550204a1448f76b,1.0,1.0,-1.430999994277954
vehicle_instability_allraw__byx__2025_09_28_17_35_43__000199335__pre1_label2_event_trigger,vehicle_instability_allraw__byx__2025_09_28_17_35_43__000199335,byx,2025_09_28_17_35_43,199.335,,pre1_label2_event_trigger,-1.0,0.0,0.0,2.0,all_raw_vehicle_dynamic_onset_non_steering,all_raw_detected_vehicle_instability_onset_predict_future_steering_response,instability_ay_roll,extreme_active,curve,1,-0.00729802,93.11,100.0,auto_accept_instability_high,hybrid_accept_high,原始车辆数据/byx/Entity_Recording_2025_09_28_17_35_43_vehicle.csv,F:\data_set_process\data_process\01_datasets\数据预处理\原始车辆数据\byx\Entity_Recording_2025_09_28_17_35_43_vehicle.csv,facc231296f1672792e40223812a82a39b208c27b27fd545c550204a1448f76b,39867,199.335,220.265,20.93,train,train,train,test,51,原始车辆数据/byx/Entity_Recording_2025_09_28_17_35_43_vehicle.csv,facc231296f1672792e40223812a82a39b208c27b27fd545c550204a1448f76b,1.0,1.0,-3.227289915084839
vehicle_instability_allraw__byx__2025_09_28_17_35_43__000231020__pre1_label2_event_trigger,vehicle_instability_allraw__byx__2025_09_28_17_35_43__000231020,byx,2025_09_28_17_35_43,231.02,,pre1_label2_event_trigger,-1.0,0.0,0.0,2.0,all_raw_vehicle_dynamic_onset_non_steering,all_raw_detected_vehicle_instability_onset_predict_future_steering_response,instability_ay_roll,extreme_active,straight,0,0.0,88.07,100.0,auto_accept_instability_high,hybrid_accept_high,原始车辆数据/byx/Entity_Recording_2025_09_28_17_35_43_vehicle.csv,F:\data_set_process\data_process\01_datasets\数据预处理\原始车辆数据\byx\Entity_Recording_2025_09_28_17_35_43_vehicle.csv,facc231296f1672792e40223812a82a39b208c27b27fd545c550204a1448f76b,46204,231.02,254.665,23.645,train,train,train,test,52,原始车辆数据/byx/Entity_Recording_2025_09_28_17_35_43_vehicle.csv,facc231296f1672792e40223812a82a39b208c27b27fd545c550204a1448f76b,1.0,1.0,0.09808749705553055
vehicle_instability_allraw__byx__2025_09_28_17_35_43__000258300__pre1_label2_event_trigger,vehicle_instability_allraw__byx__2025_09_28_17_35_43__000258300,byx,2025_09_28_17_35_43,258.3,,pre1_label2_event_trigger,-1.0,0.0,0.0,2.0,all_raw_vehicle_dynamic_onset_non_steering,all_raw_detected_vehicle_instability_onset_predict_future_steering_response,instability_ay_roll,strong_active,straight,0,0.0,75.74,100.0,auto_accept_instability_high,hybrid_accept_high,原始车辆数据/byx/Entity_Recording_2025_09_28_17_35_43_vehicle.csv,F:\data_set_process\data_process\01_datasets\数据预处理\原始车辆数据\byx\Entity_Recording_2025_09_28_17_35_43_vehicle.csv,facc231296f1672792e40223812a82a39b208c27b27fd545c550204a1448f76b,51660,258.3,279.85,21.55,train,test,train,test,53,原始车辆数据/byx/Entity_Recording_2025_09_28_17_35_43_vehicle.csv,facc231296f1672792e40223812a82a39b208c27b27fd545c550204a1448f76b,1.0,1.0,0.039095792919397354
vehicle_instability_allraw__byx__2025_09_28_17_35_43__000284385__pre1_label2_event_trigger,vehicle_instability_allraw__byx__2025_09_28_17_35_43__000284385,byx,2025_09_28_17_35_43,284.385,,pre1_label2_event_trigger,-1.0,0.0,0.0,2.0,all_raw_vehicle_dynamic_onset_non_steering,all_raw_detected_vehicle_instability_onset_predict_future_steering_response,instability_ay_roll,strong_active,straight,0,0.0,70.41,100.0,auto_accept_instability_medium,hybrid_accept_high,原始车辆数据/byx/Entity_Recording_2025_09_28_17_35_43_vehicle.csv,F:\data_set_process\data_process\01_datasets\数据预处理\原始车辆数据\byx\Entity_Recording_2025_09_28_17_35_43_vehicle.csv,facc231296f1672792e40223812a82a39b208c27b27fd545c550204a1448f76b,56877,284.385,291.775,7.39,train,train,train,test,54,原始车辆数据/byx/Entity_Recording_2025_09_28_17_35_43_vehicle.csv,facc231296f1672792e40223812a82a39b208c27b27fd545c550204a1448f76b,1.0,1.0,0.1354379951953888
vehicle_instability_allraw__byx__2025_09_28_17_35_43__000329825__pre1_label2_event_trigger,vehicle_instability_allraw__byx__2025_09_28_17_35_43__000329825,byx,2025_09_28_17_35_43,329.825,,pre1_label2_event_trigger,-1.0,0.0,0.0,2.0,all_raw_vehicle_dynamic_onset_non_steering,all_raw_detected_vehicle_instability_onset_predict_future_steering_response,instability_ay_roll,weak,straight,0,-0.0,68.21,87.26,auto_accept_instability_medium,hybrid_accept_high,原始车辆数据/byx/Entity_Recording_2025_09_28_17_35_43_vehicle.csv,F:\data_set_process\data_process\01_datasets\数据预处理\原始车辆数据\byx\Entity_Recording_2025_09_28_17_35_43_vehicle.csv,facc231296f1672792e40223812a82a39b208c27b27fd545c550204a1448f76b,65965,329.825,355.955,26.13,train,train,train,test,55,原始车辆数据/byx/Entity_Recording_2025_09_28_17_35_43_vehicle.csv,facc231296f1672792e40223812a82a39b208c27b27fd545c550204a1448f76b,1.0,1.0,0.18797199428081512
vehicle_instability_allraw__byx__2025_09_28_17_35_43__000359875__pre1_label2_event_trigger,vehicle_instability_allraw__byx__2025_09_28_17_35_43__000359875,byx,2025_09_28_17_35_43,359.875,,pre1_label2_event_trigger,-1.0,0.0,0.0,2.0,all_raw_vehicle_dynamic_onset_non_steering,all_raw_detected_vehicle_instability_onset_predict_future_steering_response,instability_ay_roll,extreme_active,straight,1,0.0,71.16,100.0,auto_accept_instability_medium,hybrid_accept_high,原始车辆数据/byx/Entity_Recording_2025_09_28_17_35_43_vehicle.csv,F:\data_set_process\data_process\01_datasets\数据预处理\原始车辆数据\byx\Entity_Recording_2025_09_28_17_35_43_vehicle.csv,facc231296f1672792e40223812a82a39b208c27b27fd545c550204a1448f76b,71975,359.875,374.075,14.2,train,train,train,test,56,原始车辆数据/byx/Entity_Recording_2025_09_28_17_35_43_vehicle.csv,facc231296f1672792e40223812a82a39b208c27b27fd545c550204a1448f76b,1.0,1.0,-0.3658210039138794
vehicle_instability_allraw__byx__2025_09_28_17_35_43__000397655__pre1_label2_event_trigger,vehicle_instability_allraw__byx__2025_09_28_17_35_43__000397655,byx,2025_09_28_17_35_43,397.655,,pre1_label2_event_trigger,-1.0,0.0,0.0,2.0,all_raw_vehicle_dynamic_onset_non_steering,all_raw_detected_vehicle_instability_onset_predict_future_steering_response,instability_ay_roll,instability_strong,design_regular_road,0,0.0,79.74,99.61,auto_accept_instability_high,hybrid_accept_high,原始车辆数据/byx/Entity_Recording_2025_09_28_17_35_43_vehicle.csv,F:\data_set_process\data_process\01_datasets\数据预处理\原始车辆数据\byx\Entity_Recording_2025_09_28_17_35_43_vehicle.csv,facc231296f1672792e40223812a82a39b208c27b27fd545c550204a1448f76b,79531,397.655,410.48,12.825,train,train,train,test,57,原始车辆数据/byx/Entity_Recording_2025_09_28_17_35_43_vehicle.csv,facc231296f1672792e40223812a82a39b208c27b27fd545c550204a1448f76b,1.0,1.0,-0.4202750027179718
vehicle_instability_allraw__byx__2025_09_28_17_35_43__000466090__pre1_label2_event_trigger,vehicle_instability_allraw__byx__2025_09_28_17_35_43__000466090,byx,2025_09_28_17_35_43,466.09,,pre1_label2_event_trigger,-1.0,0.0,0.0,2.0,all_raw_vehicle_dynamic_onset_non_steering,all_raw_detected_vehicle_instability_onset_predict_future_steering_response,instability_ay_roll,extreme_active,straight,0,0.0,89.67,100.0,auto_accept_instability_high,hybrid_accept_high,原始车辆数据/byx/Entity_Recording_2025_09_28_17_35_43_vehicle.csv,F:\data_set_process\data_process\01_datasets\数据预处理\原始车辆数据\byx\Entity_Recording_2025_09_28_17_35_43_vehicle.csv,facc231296f1672792e40223812a82a39b208c27b27fd545c550204a1448f76b,93218,466.09,483.15,17.06,train,train,train,test,58,原始车辆数据/byx/Entity_Recording_2025_09_28_17_35_43_vehicle.csv,facc231296f1672792e40223812a82a39b208c27b27fd545c550204a1448f76b,1.0,1.0,-0.8201299905776978
vehicle_instability_allraw__byx__2025_09_28_17_35_43__000497615__pre1_label2_event_trigger,vehicle_instability_allraw__byx__2025_09_28_17_35_43__000497615,byx,2025_09_28_17_35_43,497.615,,pre1_label2_event_trigger,-1.0,0.0,0.0,2.0,all_raw_vehicle_dynamic_onset_non_steering,all_raw_detected_vehicle_instability_onset_predict_future_steering_response,instability_ay_roll,extreme_active,straight,0,0.0,63.03,94.85,auto_accept_instability_medium,hybrid_accept_high,原始车辆数据/byx/Entity_Recording_2025_09_28_17_35_43_vehicle.csv,F:\data_set_process\data_process\01_datasets\数据预处理\原始车辆数据\byx\Entity_Recording_2025_09_28_17_35_43_vehicle.csv,facc231296f1672792e40223812a82a39b208c27b27fd545c550204a1448f76b,99523,497.615,501.005,3.39,train,train,train,test,59,原始车辆数据/byx/Entity_Recording_2025_09_28_17_35_43_vehicle.csv,facc231296f1672792e40223812a82a39b208c27b27fd545c550204a1448f76b,1.0,1.0,-0.2818709909915924
vehicle_instability_allraw__byx__2025_09_28_17_46_00__000049290__pre1_label2_event_trigger,vehicle_instability_allraw__byx__2025_09_28_17_46_00__000049290,byx,2025_09_28_17_46_00,49.29,,pre1_label2_event_trigger,-1.0,0.0,0.0,2.0,all_raw_vehicle_dynamic_onset_non_steering,all_raw_detected_vehicle_instability_onset_predict_future_steering_response,instability_ay_roll,strong_active,straight,0,0.0,93.53,100.0,auto_accept_instability_high,hybrid_accept_high,原始车辆数据/byx/Entity_Recording_2025_09_28_17_46_00_vehicle.csv,F:\data_set_process\data_process\01_datasets\数据预处理\原始车辆数据\byx\Entity_Recording_2025_09_28_17_46_00_vehicle.csv,e481ab16165d90e97b5f7ad4a9b5644609e28fb96223f013026d1f1f88437463,9858,49.29,63.27,13.98,test,train,test,test,60,原始车辆数据/byx/Entity_Recording_2025_09_28_17_46_00_vehicle.csv,e481ab16165d90e97b5f7ad4a9b5644609e28fb96223f013026d1f1f88437463,1.0,1.0,0.018324973061680794
vehicle_instability_allraw__byx__2025_09_28_17_46_00__000067740__pre1_label2_event_trigger,vehicle_instability_allraw__byx__2025_09_28_17_46_00__000067740,byx,2025_09_28_17_46_00,67.74,,pre1_label2_event_trigger,-1.0,0.0,0.0,2.0,all_raw_vehicle_dynamic_onset_non_steering,all_raw_detected_vehicle_instability_onset_predict_future_steering_response,instability_ay_roll,strong_active,straight,0,0.0,90.61,100.0,auto_accept_instability_high,hybrid_accept_high,原始车辆数据/byx/Entity_Recording_2025_09_28_17_46_00_vehicle.csv,F:\data_set_process\data_process\01_datasets\数据预处理\原始车辆数据\byx\Entity_Recording_2025_09_28_17_46_00_vehicle.csv,e481ab16165d90e97b5f7ad4a9b5644609e28fb96223f013026d1f1f88437463,13548,67.74,77.7,9.96,test,train,test,test,61,原始车辆数据/byx/Entity_Recording_2025_09_28_17_46_00_vehicle.csv,e481ab16165d90e97b5f7ad4a9b5644609e28fb96223f013026d1f1f88437463,1.0,1.0,-0.48293301463127136
vehicle_instability_allraw__byx__2025_09_28_17_46_00__000090925__pre1_label2_event_trigger,vehicle_instability_allraw__byx__2025_09_28_17_46_00__000090925,byx,2025_09_28_17_46_00,90.925,,pre1_label2_event_trigger,-1.0,0.0,0.0,2.0,all_raw_vehicle_dynamic_onset_non_steering,all_raw_detected_vehicle_instability_onset_predict_future_steering_response,instability_ay_roll,extreme_active,straight,0,0.0,71.06,100.0,auto_accept_instability_medium,hybrid_accept_high,原始车辆数据/byx/Entity_Recording_2025_09_28_17_46_00_vehicle.csv,F:\data_set_process\data_process\01_datasets\数据预处理\原始车辆数据\byx\Entity_Recording_2025_09_28_17_46_00_vehicle.csv,e481ab16165d90e97b5f7ad4a9b5644609e28fb96223f013026d1f1f88437463,18185,90.925,92.175,1.25,test,train,test,test,62,原始车辆数据/byx/Entity_Recording_2025_09_28_17_46_00_vehicle.csv,e481ab16165d90e97b5f7ad4a9b5644609e28fb96223f013026d1f1f88437463,1.0,1.0,-0.44610607624053955
vehicle_instability_allraw__byx__2025_09_28_17_46_00__000095580__pre1_label2_event_trigger,vehicle_instability_allraw__byx__2025_09_28_17_46_00__000095580,byx,2025_09_28_17_46_00,95.58,,pre1_label2_event_trigger,-1.0,0.0,0.0,2.0,all_raw_vehicle_dynamic_onset_non_steering,all_raw_detected_vehicle_instability_onset_predict_future_steering_response,instability_ay_roll,extreme_active,straight,0,0.0,88.2,100.0,auto_accept_instability_high,hybrid_accept_high,原始车辆数据/byx/Entity_Recording_2025_09_28_17_46_00_vehicle.csv,F:\data_set_process\data_process\01_datasets\数据预处理\原始车辆数据\byx\Entity_Recording_2025_09_28_17_46_00_vehicle.csv,e481ab16165d90e97b5f7ad4a9b5644609e28fb96223f013026d1f1f88437463,19116,95.58,108.305,12.725,test,train,test,test,63,原始车辆数据/byx/Entity_Recording_2025_09_28_17_46_00_vehicle.csv,e481ab16165d90e97b5f7ad4a9b5644609e28fb96223f013026d1f1f88437463,1.0,1.0,-0.3576180040836334
vehicle_instability_allraw__byx__2025_09_28_17_46_00__000134935__pre1_label2_event_trigger,vehicle_instability_allraw__byx__2025_09_28_17_46_00__000134935,byx,2025_09_28_17_46_00,134.935,,pre1_label2_event_trigger,-1.0,0.0,0.0,2.0,all_raw_vehicle_dynamic_onset_non_steering,all_raw_detected_vehicle_instability_onset_predict_future_steering_response,instability_ay_roll,extreme_active,straight,1,-0.00729801,80.02,100.0,auto_accept_instability_high,hybrid_accept_high,原始车辆数据/byx/Entity_Recording_2025_09_28_17_46_00_vehicle.csv,F:\data_set_process\data_process\01_datasets\数据预处理\原始车辆数据\byx\Entity_Recording_2025_09_28_17_46_00_vehicle.csv,e481ab16165d90e97b5f7ad4a9b5644609e28fb96223f013026d1f1f88437463,26987,134.935,163.255,28.32,test,train,test,test,64,原始车辆数据/byx/Entity_Recording_2025_09_28_17_46_00_vehicle.csv,e481ab16165d90e97b5f7ad4a9b5644609e28fb96223f013026d1f1f88437463,1.0,1.0,-0.247488334774971
vehicle_instability_allraw__byx__2025_09_28_17_46_00__000170900__pre1_label2_event_trigger,vehicle_instability_allraw__byx__2025_09_28_17_46_00__000170900,byx,2025_09_28_17_46_00,170.9,,pre1_label2_event_trigger,-1.0,0.0,0.0,2.0,all_raw_vehicle_dynamic_onset_non_steering,all_raw_detected_vehicle_instability_onset_predict_future_steering_response,instability_ay_roll,strong_active,straight,0,0.0,59.86,95.16,auto_accept_instability_medium,hybrid_accept_high,原始车辆数据/byx/Entity_Recording_2025_09_28_17_46_00_vehicle.csv,F:\data_set_process\data_process\01_datasets\数据预处理\原始车辆数据\byx\Entity_Recording_2025_09_28_17_46_00_vehicle.csv,e481ab16165d90e97b5f7ad4a9b5644609e28fb96223f013026d1f1f88437463,34180,170.9,182.585,11.685,test,train,test,test,65,原始车辆数据/byx/Entity_Recording_2025_09_28_17_46_00_vehicle.csv,e481ab16165d90e97b5f7ad4a9b5644609e28fb96223f013026d1f1f88437463,1.0,1.0,-0.28728216886520386
vehicle_instability_allraw__byx__2025_09_28_17_46_00__000198800__pre1_label2_event_trigger,vehicle_instability_allraw__byx__2025_09_28_17_46_00__000198800,byx,2025_09_28_17_46_00,198.8,,pre1_label2_event_trigger,-1.0,0.0,0.0,2.0,all_raw_vehicle_dynamic_onset_non_steering,all_raw_detected_vehicle_instability_onset_predict_future_steering_response,instability_ay_roll,strong_active,straight,0,0.0,82.09,100.0,auto_accept_instability_high,hybrid_accept_high,原始车辆数据/byx/Entity_Recording_2025_09_28_17_46_00_vehicle.csv,F:\data_set_process\data_process\01_datasets\数据预处理\原始车辆数据\byx\Entity_Recording_2025_09_28_17_46_00_vehicle.csv,e481ab16165d90e97b5f7ad4a9b5644609e28fb96223f013026d1f1f88437463,39760,198.8,206.595,7.795,test,train,test,test,66,原始车辆数据/byx/Entity_Recording_2025_09_28_17_46_00_vehicle.csv,e481ab16165d90e97b5f7ad4a9b5644609e28fb96223f013026d1f1f88437463,1.0,1.0,-0.4242900013923645
vehicle_instability_allraw__byx__2025_09_28_17_46_00__000215315__pre1_label2_event_trigger,vehicle_instability_allraw__byx__2025_09_28_17_46_00__000215315,byx,2025_09_28_17_46_00,215.315,,pre1_label2_event_trigger,-1.0,0.0,0.0,2.0,all_raw_vehicle_dynamic_onset_non_steering,all_raw_detected_vehicle_instability_onset_predict_future_steering_response,instability_ay_roll,strong_active,straight,0,0.0,62.81,100.0,auto_accept_instability_medium,hybrid_accept_high,原始车辆数据/byx/Entity_Recording_2025_09_28_17_46_00_vehicle.csv,F:\data_set_process\data_process\01_datasets\数据预处理\原始车辆数据\byx\Entity_Recording_2025_09_28_17_46_00_vehicle.csv,e481ab16165d90e97b5f7ad4a9b5644609e28fb96223f013026d1f1f88437463,43063,215.315,228.13,12.815,test,train,test,test,67,原始车辆数据/byx/Entity_Recording_2025_09_28_17_46_00_vehicle.csv,e481ab16165d90e97b5f7ad4a9b5644609e28fb96223f013026d1f1f88437463,1.0,1.0,0.14992377161979675
vehicle_instability_allraw__byx__2025_09_28_17_46_00__000276540__pre1_label2_event_trigger,vehicle_instability_allraw__byx__2025_09_28_17_46_00__000276540,byx,2025_09_28_17_46_00,276.54,,pre1_label2_event_trigger,-1.0,0.0,0.0,2.0,all_raw_vehicle_dynamic_onset_non_steering,all_raw_detected_vehicle_instability_onset_predict_future_steering_response,instability_ay_roll,weak,straight,0,0.0,72.64,93.5,auto_accept_instability_medium,hybrid_accept_high,原始车辆数据/byx/Entity_Recording_2025_09_28_17_46_00_vehicle.csv,F:\data_set_process\data_process\01_datasets\数据预处理\原始车辆数据\byx\Entity_Recording_2025_09_28_17_46_00_vehicle.csv,e481ab16165d90e97b5f7ad4a9b5644609e28fb96223f013026d1f1f88437463,55308,276.54,324.21,47.67,test,test,test,test,68,原始车辆数据/byx/Entity_Recording_2025_09_28_17_46_00_vehicle.csv,e481ab16165d90e97b5f7ad4a9b5644609e28fb96223f013026d1f1f88437463,1.0,1.0,-0.28571000695228577
vehicle_instability_allraw__byx__2025_09_28_17_46_00__000334450__pre1_label2_event_trigger,vehicle_instability_allraw__byx__2025_09_28_17_46_00__000334450,byx,2025_09_28_17_46_00,334.45,,pre1_label2_event_trigger,-1.0,0.0,0.0,2.0,all_raw_vehicle_dynamic_onset_non_steering,all_raw_detected_vehicle_instability_onset_predict_future_steering_response,instability_ay_roll,strong_active,straight,1,-0.00020449,60.43,87.83,auto_accept_instability_medium,hybrid_accept_high,原始车辆数据/byx/Entity_Recording_2025_09_28_17_46_00_vehicle.csv,F:\data_set_process\data_process\01_datasets\数据预处理\原始车辆数据\byx\Entity_Recording_2025_09_28_17_46_00_vehicle.csv,e481ab16165d90e97b5f7ad4a9b5644609e28fb96223f013026d1f1f88437463,66890,334.45,344.505,10.055,test,train,test,test,69,原始车辆数据/byx/Entity_Recording_2025_09_28_17_46_00_vehicle.csv,e481ab16165d90e97b5f7ad4a9b5644609e28fb96223f013026d1f1f88437463,1.0,1.0,-0.3349289894104004
vehicle_instability_allraw__byx__2025_09_28_17_46_00__000358145__pre1_label2_event_trigger,vehicle_instability_allraw__byx__2025_09_28_17_46_00__000358145,byx,2025_09_28_17_46_00,358.145,,pre1_label2_event_trigger,-1.0,0.0,0.0,2.0,all_raw_vehicle_dynamic_onset_non_steering,all_raw_detected_vehicle_instability_onset_predict_future_steering_response,instability_ay_roll,medium_active,straight,0,0.0,69.46,94.51,auto_accept_instability_medium,hybrid_accept_high,原始车辆数据/byx/Entity_Recording_2025_09_28_17_46_00_vehicle.csv,F:\data_set_process\data_process\01_datasets\数据预处理\原始车辆数据\byx\Entity_Recording_2025_09_28_17_46_00_vehicle.csv,e481ab16165d90e97b5f7ad4a9b5644609e28fb96223f013026d1f1f88437463,71629,358.145,384.33,26.185,test,train,test,test,70,原始车辆数据/byx/Entity_Recording_2025_09_28_17_46_00_vehicle.csv,e481ab16165d90e97b5f7ad4a9b5644609e28fb96223f013026d1f1f88437463,1.0,1.0,-0.32463109493255615
vehicle_instability_allraw__byx__2025_09_28_17_46_00__000433720__pre1_label2_event_trigger,vehicle_instability_allraw__byx__2025_09_28_17_46_00__000433720,byx,2025_09_28_17_46_00,433.72,,pre1_label2_event_trigger,-1.0,0.0,0.0,2.0,all_raw_vehicle_dynamic_onset_non_steering,all_raw_detected_vehicle_instability_onset_predict_future_steering_response,instability_ay_roll,strong_active,straight,0,0.0,76.31,100.0,auto_accept_instability_high,hybrid_accept_high,原始车辆数据/byx/Entity_Recording_2025_09_28_17_46_00_vehicle.csv,F:\data_set_process\data_process\01_datasets\数据预处理\原始车辆数据\byx\Entity_Recording_2025_09_28_17_46_00_vehicle.csv,e481ab16165d90e97b5f7ad4a9b5644609e28fb96223f013026d1f1f88437463,86744,433.72,445.96,12.24,test,train,test,test,71,原始车辆数据/byx/Entity_Recording_2025_09_28_17_46_00_vehicle.csv,e481ab16165d90e97b5f7ad4a9b5644609e28fb96223f013026d1f1f88437463,1.0,1.0,-0.5281369090080261
vehicle_instability_allraw__byx__2025_09_28_17_46_00__000527800__pre1_label2_event_trigger,vehicle_instability_allraw__byx__2025_09_28_17_46_00__000527800,byx,2025_09_28_17_46_00,527.8,,pre1_label2_event_trigger,-1.0,0.0,0.0,2.0,all_raw_vehicle_dynamic_onset_non_steering,all_raw_detected_vehicle_instability_onset_predict_future_steering_response,instability_ay_roll,medium_active,straight,0,0.0,64.38,86.87,auto_accept_instability_medium,hybrid_accept_high,原始车辆数据/byx/Entity_Recording_2025_09_28_17_46_00_vehicle.csv,F:\data_set_process\data_process\01_datasets\数据预处理\原始车辆数据\byx\Entity_Recording_2025_09_28_17_46_00_vehicle.csv,e481ab16165d90e97b5f7ad4a9b5644609e28fb96223f013026d1f1f88437463,105560,527.8,543.555,15.755,test,train,test,test,72,原始车辆数据/byx/Entity_Recording_2025_09_28_17_46_00_vehicle.csv,e481ab16165d90e97b5f7ad4a9b5644609e28fb96223f013026d1f1f88437463,1.0,1.0,0.028972499072551727
vehicle_instability_allraw__cwh__2025_09_26_19_23_28__000146005__pre1_label2_event_trigger,vehicle_instability_allraw__cwh__2025_09_26_19_23_28__000146005,cwh,2025_09_26_19_23_28,146.005,,pre1_label2_event_trigger,-1.0,0.0,0.0,2.0,all_raw_vehicle_dynamic_onset_non_steering,all_raw_detected_vehicle_instability_onset_predict_future_steering_response,instability_ay_roll,extreme_active,straight,1,-0.00729802,94.43,100.0,auto_accept_instability_high,hybrid_accept_high,原始车辆数据/cwh/Entity_Recording_2025_09_26_19_23_28_vehicle.csv,F:\data_set_process\data_process\01_datasets\数据预处理\原始车辆数据\cwh\Entity_Recording_2025_09_26_19_23_28_vehicle.csv,c9ae8b2b55355449f073e1a9de5f1f183c1d5d3b724dad0ea8b7dce9a77d1812,29201,146.005,153.92,7.915,train,train,train,train,73,原始车辆数据/cwh/Entity_Recording_2025_09_26_19_23_28_vehicle.csv,c9ae8b2b55355449f073e1a9de5f1f183c1d5d3b724dad0ea8b7dce9a77d1812,1.0,1.0,-0.46355900168418884
vehicle_instability_allraw__cwh__2025_09_26_19_27_21__000042425__pre1_label2_event_trigger,vehicle_instability_allraw__cwh__2025_09_26_19_27_21__000042425,cwh,2025_09_26_19_27_21,42.425,,pre1_label2_event_trigger,-1.0,0.0,0.0,2.0,all_raw_vehicle_dynamic_onset_non_steering,all_raw_detected_vehicle_instability_onset_predict_future_steering_response,instability_ay_roll,strong_active,straight,0,0.0,58.98,91.5,auto_accept_instability_medium,hybrid_accept_high,原始车辆数据/cwh/Entity_Recording_2025_09_26_19_27_21_vehicle.csv,F:\data_set_process\data_process\01_datasets\数据预处理\原始车辆数据\cwh\Entity_Recording_2025_09_26_19_27_21_vehicle.csv,5990b24325f474f71ba9b64920ced7ea4748d301d3b46d74c85d72d84924dc63,8485,42.425,48.45,6.025,train,train,train,train,74,原始车辆数据/cwh/Entity_Recording_2025_09_26_19_27_21_vehicle.csv,5990b24325f474f71ba9b64920ced7ea4748d301d3b46d74c85d72d84924dc63,1.0,1.0,-0.34540098905563354
vehicle_instability_allraw__cwh__2025_09_26_19_27_21__000065145__pre1_label2_event_trigger,vehicle_instability_allraw__cwh__2025_09_26_19_27_21__000065145,cwh,2025_09_26_19_27_21,65.145,,pre1_label2_event_trigger,-1.0,0.0,0.0,2.0,all_raw_vehicle_dynamic_onset_non_steering,all_raw_detected_vehicle_instability_onset_predict_future_steering_response,instability_ay_roll,extreme_active,straight,0,-0.0,73.31,100.0,auto_accept_instability_medium,hybrid_accept_high,原始车辆数据/cwh/Entity_Recording_2025_09_26_19_27_21_vehicle.csv,F:\data_set_process\data_process\01_datasets\数据预处理\原始车辆数据\cwh\Entity_Recording_2025_09_26_19_27_21_vehicle.csv,5990b24325f474f71ba9b64920ced7ea4748d301d3b46d74c85d72d84924dc63,13029,65.145,67.495,2.35,train,val,train,train,75,原始车辆数据/cwh/Entity_Recording_2025_09_26_19_27_21_vehicle.csv,5990b24325f474f71ba9b64920ced7ea4748d301d3b46d74c85d72d84924dc63,1.0,1.0,0.21066099405288696
vehicle_instability_allraw__cwh__2025_09_26_19_27_21__000158975__pre1_label2_event_trigger,vehicle_instability_allraw__cwh__2025_09_26_19_27_21__000158975,cwh,2025_09_26_19_27_21,158.975,,pre1_label2_event_trigger,-1.0,0.0,0.0,2.0,all_raw_vehicle_dynamic_onset_non_steering,all_raw_detected_vehicle_instability_onset_predict_future_steering_response,instability_ay_roll,strong_active,curve,1,-0.00729802,55.74,83.29,needs_human_review,hybrid_accept_high,原始车辆数据/cwh/Entity_Recording_2025_09_26_19_27_21_vehicle.csv,F:\data_set_process\data_process\01_datasets\数据预处理\原始车辆数据\cwh\Entity_Recording_2025_09_26_19_27_21_vehicle.csv,5990b24325f474f71ba9b64920ced7ea4748d301d3b46d74c85d72d84924dc63,31795,158.975,166.2,7.225,train,val,train,train,76,原始车辆数据/cwh/Entity_Recording_2025_09_26_19_27_21_vehicle.csv,5990b24325f474f71ba9b64920ced7ea4748d301d3b46d74c85d72d84924dc63,1.0,1.0,-0.4876450002193451
vehicle_instability_allraw__cwh__2025_09_26_19_27_21__000179505__pre1_label2_event_trigger,vehicle_instability_allraw__cwh__2025_09_26_19_27_21__000179505,cwh,2025_09_26_19_27_21,179.505,,pre1_label2_event_trigger,-1.0,0.0,0.0,2.0,all_raw_vehicle_dynamic_onset_non_steering,all_raw_detected_vehicle_instability_onset_predict_future_steering_response,instability_ay_roll,medium_active,curve,1,-0.00729802,61.98,87.72,auto_accept_instability_medium,hybrid_accept_high,原始车辆数据/cwh/Entity_Recording_2025_09_26_19_27_21_vehicle.csv,F:\data_set_process\data_process\01_datasets\数据预处理\原始车辆数据\cwh\Entity_Recording_2025_09_26_19_27_21_vehicle.csv,5990b24325f474f71ba9b64920ced7ea4748d301d3b46d74c85d72d84924dc63,35901,179.505,183.14,3.635,train,train,train,train,77,原始车辆数据/cwh/Entity_Recording_2025_09_26_19_27_21_vehicle.csv,5990b24325f474f71ba9b64920ced7ea4748d301d3b46d74c85d72d84924dc63,1.0,1.0,-0.44331416487693787
vehicle_instability_allraw__cwh__2025_09_26_19_27_21__000205535__pre1_label2_event_trigger,vehicle_instability_allraw__cwh__2025_09_26_19_27_21__000205535,cwh,2025_09_26_19_27_21,205.535,,pre1_label2_event_trigger,-1.0,0.0,0.0,2.0,all_raw_vehicle_dynamic_onset_non_steering,all_raw_detected_vehicle_instability_onset_predict_future_steering_response,instability_ay_roll,strong_active,curve,1,-0.00729802,57.79,91.71,needs_human_review,hybrid_accept_high,原始车辆数据/cwh/Entity_Recording_2025_09_26_19_27_21_vehicle.csv,F:\data_set_process\data_process\01_datasets\数据预处理\原始车辆数据\cwh\Entity_Recording_2025_09_26_19_27_21_vehicle.csv,5990b24325f474f71ba9b64920ced7ea4748d301d3b46d74c85d72d84924dc63,41107,205.535,212.48,6.945,train,train,train,train,78,原始车辆数据/cwh/Entity_Recording_2025_09_26_19_27_21_vehicle.csv,5990b24325f474f71ba9b64920ced7ea4748d301d3b46d74c85d72d84924dc63,1.0,1.0,-0.41120001673698425
vehicle_instability_allraw__cwh__2025_09_26_19_35_47__000086165__pre1_label2_event_trigger,vehicle_instability_allraw__cwh__2025_09_26_19_35_47__000086165,cwh,2025_09_26_19_35_47,86.165,,pre1_label2_event_trigger,-1.0,0.0,0.0,2.0,all_raw_vehicle_dynamic_onset_non_steering,all_raw_detected_vehicle_instability_onset_predict_future_steering_response,instability_ay_roll,strong_active,straight,0,0.0,58.22,92.4,auto_accept_instability_medium,hybrid_accept_high,原始车辆数据/cwh/Entity_Recording_2025_09_26_19_35_47_vehicle.csv,F:\data_set_process\data_process\01_datasets\数据预处理\原始车辆数据\cwh\Entity_Recording_2025_09_26_19_35_47_vehicle.csv,f62a7f66b19ff747f4e688cd8d24fbf18a0388155a0f1ab37ca87fa018478d9f,17233,86.165,91.47,5.305,train,train,train,train,79,原始车辆数据/cwh/Entity_Recording_2025_09_26_19_35_47_vehicle.csv,f62a7f66b19ff747f4e688cd8d24fbf18a0388155a0f1ab37ca87fa018478d9f,1.0,1.0,-0.02513270080089569
vehicle_instability_allraw__cwh__2025_09_26_19_35_47__000134995__pre1_label2_event_trigger,vehicle_instability_allraw__cwh__2025_09_26_19_35_47__000134995,cwh,2025_09_26_19_35_47,134.995,,pre1_label2_event_trigger,-1.0,0.0,0.0,2.0,all_raw_vehicle_dynamic_onset_non_steering,all_raw_detected_vehicle_instability_onset_predict_future_steering_response,instability_ay_roll,instability_medium,design_curve_context,1,-0.00729802,68.39,87.58,auto_accept_instability_medium,hybrid_accept_high,原始车辆数据/cwh/Entity_Recording_2025_09_26_19_35_47_vehicle.csv,F:\data_set_process\data_process\01_datasets\数据预处理\原始车辆数据\cwh\Entity_Recording_2025_09_26_19_35_47_vehicle.csv,f62a7f66b19ff747f4e688cd8d24fbf18a0388155a0f1ab37ca87fa018478d9f,26999,134.995,148.695,13.7,train,val,train,train,80,原始车辆数据/cwh/Entity_Recording_2025_09_26_19_35_47_vehicle.csv,f62a7f66b19ff747f4e688cd8d24fbf18a0388155a0f1ab37ca87fa018478d9f,1.0,1.0,0.36494800448417664
vehicle_instability_allraw__cwh__2025_09_26_19_35_47__000190320__pre1_label2_event_trigger,vehicle_instability_allraw__cwh__2025_09_26_19_35_47__000190320,cwh,2025_09_26_19_35_47,190.32,,pre1_label2_event_trigger,-1.0,0.0,0.0,2.0,all_raw_vehicle_dynamic_onset_non_steering,all_raw_detected_vehicle_instability_onset_predict_future_steering_response,instability_ay_roll,strong_active,straight,0,-0.0,54.37,83.64,needs_human_review,hybrid_accept_high,原始车辆数据/cwh/Entity_Recording_2025_09_26_19_35_47_vehicle.csv,F:\data_set_process\data_process\01_datasets\数据预处理\原始车辆数据\cwh\Entity_Recording_2025_09_26_19_35_47_vehicle.csv,f62a7f66b19ff747f4e688cd8d24fbf18a0388155a0f1ab37ca87fa018478d9f,38064,190.32,196.09,5.77,train,train,train,train,81,原始车辆数据/cwh/Entity_Recording_2025_09_26_19_35_47_vehicle.csv,f62a7f66b19ff747f4e688cd8d24fbf18a0388155a0f1ab37ca87fa018478d9f,1.0,1.0,-0.42778000235557556
vehicle_instability_allraw__cwh__2025_09_26_19_35_47__000225295__pre1_label2_event_trigger,vehicle_instability_allraw__cwh__2025_09_26_19_35_47__000225295,cwh,2025_09_26_19_35_47,225.295,,pre1_label2_event_trigger,-1.0,0.0,0.0,2.0,all_raw_vehicle_dynamic_onset_non_steering,all_raw_detected_vehicle_instability_onset_predict_future_steering_response,instability_ay_roll,strong_active,straight,0,0.0,60.15,98.16,auto_accept_instability_medium,hybrid_accept_high,原始车辆数据/cwh/Entity_Recording_2025_09_26_19_35_47_vehicle.csv,F:\data_set_process\data_process\01_datasets\数据预处理\原始车辆数据\cwh\Entity_Recording_2025_09_26_19_35_47_vehicle.csv,f62a7f66b19ff747f4e688cd8d24fbf18a0388155a0f1ab37ca87fa018478d9f,45059,225.295,233.095,7.8,train,train,train,train,82,原始车辆数据/cwh/Entity_Recording_2025_09_26_19_35_47_vehicle.csv,f62a7f66b19ff747f4e688cd8d24fbf18a0388155a0f1ab37ca87fa018478d9f,1.0,1.0,-0.4150390028953552
vehicle_instability_allraw__cwh__2025_09_26_19_35_47__000269950__pre1_label2_event_trigger,vehicle_instability_allraw__cwh__2025_09_26_19_35_47__000269950,cwh,2025_09_26_19_35_47,269.95,,pre1_label2_event_trigger,-1.0,0.0,0.0,2.0,all_raw_vehicle_dynamic_onset_non_steering,all_raw_detected_vehicle_instability_onset_predict_future_steering_response,instability_ay_roll,instability_medium,design_regular_road,0,-0.0,69.03,84.69,auto_accept_instability_medium,hybrid_accept_high,原始车辆数据/cwh/Entity_Recording_2025_09_26_19_35_47_vehicle.csv,F:\data_set_process\data_process\01_datasets\数据预处理\原始车辆数据\cwh\Entity_Recording_2025_09_26_19_35_47_vehicle.csv,f62a7f66b19ff747f4e688cd8d24fbf18a0388155a0f1ab37ca87fa018478d9f,53990,269.95,286.99,17.04,train,val,train,train,83,原始车辆数据/cwh/Entity_Recording_2025_09_26_19_35_47_vehicle.csv,f62a7f66b19ff747f4e688cd8d24fbf18a0388155a0f1ab37ca87fa018478d9f,1.0,1.0,0.12025299668312073
vehicle_instability_allraw__cwh__2025_09_26_19_35_47__000453095__pre1_label2_event_trigger,vehicle_instability_allraw__cwh__2025_09_26_19_35_47__000453095,cwh,2025_09_26_19_35_47,453.095,,pre1_label2_event_trigger,-1.0,0.0,0.0,2.0,all_raw_vehicle_dynamic_onset_non_steering,all_raw_detected_vehicle_instability_onset_predict_future_steering_response,instability_ay_roll,instability_extreme,design_high_risk_surface,0,0.0,91.95,100.0,auto_accept_instability_high,hybrid_accept_high,原始车辆数据/cwh/Entity_Recording_2025_09_26_19_35_47_vehicle.csv,F:\data_set_process\data_process\01_datasets\数据预处理\原始车辆数据\cwh\Entity_Recording_2025_09_26_19_35_47_vehicle.csv,f62a7f66b19ff747f4e688cd8d24fbf18a0388155a0f1ab37ca87fa018478d9f,90619,453.095,477.905,24.81,train,train,train,train,84,原始车辆数据/cwh/Entity_Recording_2025_09_26_19_35_47_vehicle.csv,f62a7f66b19ff747f4e688cd8d24fbf18a0388155a0f1ab37ca87fa018478d9f,1.0,1.0,0.1516689956188202
vehicle_instability_allraw__cwh__2025_09_26_19_35_47__000527630__pre1_label2_event_trigger,vehicle_instability_allraw__cwh__2025_09_26_19_35_47__000527630,cwh,2025_09_26_19_35_47,527.63,,pre1_label2_event_trigger,-1.0,0.0,0.0,2.0,all_raw_vehicle_dynamic_onset_non_steering,all_raw_detected_vehicle_instability_onset_predict_future_steering_response,instability_ay_roll,weak,curve,0,0.0,67.79,89.99,auto_accept_instability_medium,hybrid_accept_high,原始车辆数据/cwh/Entity_Recording_2025_09_26_19_35_47_vehicle.csv,F:\data_set_process\data_process\01_datasets\数据预处理\原始车辆数据\cwh\Entity_Recording_2025_09_26_19_35_47_vehicle.csv,f62a7f66b19ff747f4e688cd8d24fbf18a0388155a0f1ab37ca87fa018478d9f,105526,527.63,536.97,9.34,train,train,train,train,85,原始车辆数据/cwh/Entity_Recording_2025_09_26_19_35_47_vehicle.csv,f62a7f66b19ff747f4e688cd8d24fbf18a0388155a0f1ab37ca87fa018478d9f,1.0,1.0,-0.49462583661079407
vehicle_instability_allraw__cwh__2025_09_26_19_45_40__000061225__pre1_label2_event_trigger,vehicle_instability_allraw__cwh__2025_09_26_19_45_40__000061225,cwh,2025_09_26_19_45_40,61.225,,pre1_label2_event_trigger,-1.0,0.0,0.0,2.0,all_raw_vehicle_dynamic_onset_non_steering,all_raw_detected_vehicle_instability_onset_predict_future_steering_response,instability_ay_roll,medium_active,straight,0,0.0,81.38,100.0,auto_accept_instability_high,hybrid_accept_high,原始车辆数据/cwh/Entity_Recording_2025_09_26_19_45_40_vehicle.csv,F:\data_set_process\data_process\01_datasets\数据预处理\原始车辆数据\cwh\Entity_Recording_2025_09_26_19_45_40_vehicle.csv,84d62a3d6c6629280b4a509503cfcc9aca56bb2fd67cc033d64040913d12a5d4,12245,61.225,66.535,5.31,train,train,train,train,86,原始车辆数据/cwh/Entity_Recording_2025_09_26_19_45_40_vehicle.csv,84d62a3d6c6629280b4a509503cfcc9aca56bb2fd67cc033d64040913d12a5d4,1.0,1.0,-0.4448840022087097
vehicle_instability_allraw__cwh__2025_09_26_19_45_40__000089205__pre1_label2_event_trigger,vehicle_instability_allraw__cwh__2025_09_26_19_45_40__000089205,cwh,2025_09_26_19_45_40,89.205,,pre1_label2_event_trigger,-1.0,0.0,0.0,2.0,all_raw_vehicle_dynamic_onset_non_steering,all_raw_detected_vehicle_instability_onset_predict_future_steering_response,instability_ay_roll,medium_active,straight,0,-0.0,59.07,88.89,auto_accept_instability_medium,hybrid_accept_high,原始车辆数据/cwh/Entity_Recording_2025_09_26_19_45_40_vehicle.csv,F:\data_set_process\data_process\01_datasets\数据预处理\原始车辆数据\cwh\Entity_Recording_2025_09_26_19_45_40_vehicle.csv,84d62a3d6c6629280b4a509503cfcc9aca56bb2fd67cc033d64040913d12a5d4,17841,89.205,95.27,6.065,train,train,train,train,87,原始车辆数据/cwh/Entity_Recording_2025_09_26_19_45_40_vehicle.csv,84d62a3d6c6629280b4a509503cfcc9aca56bb2fd67cc033d64040913d12a5d4,1.0,1.0,-0.40509098768234253
vehicle_instability_allraw__cwh__2025_09_26_19_45_40__000165100__pre1_label2_event_trigger,vehicle_instability_allraw__cwh__2025_09_26_19_45_40__000165100,cwh,2025_09_26_19_45_40,165.1,,pre1_label2_event_trigger,-1.0,0.0,0.0,2.0,all_raw_vehicle_dynamic_onset_non_steering,all_raw_detected_vehicle_instability_onset_predict_future_steering_response,instability_ay_roll,strong_active,straight,0,-0.0,57.44,91.12,needs_human_review,hybrid_accept_high,原始车辆数据/cwh/Entity_Recording_2025_09_26_19_45_40_vehicle.csv,F:\data_set_process\data_process\01_datasets\数据预处理\原始车辆数据\cwh\Entity_Recording_2025_09_26_19_45_40_vehicle.csv,84d62a3d6c6629280b4a509503cfcc9aca56bb2fd67cc033d64040913d12a5d4,33020,165.1,172.43,7.33,train,val,train,train,88,原始车辆数据/cwh/Entity_Recording_2025_09_26_19_45_40_vehicle.csv,84d62a3d6c6629280b4a509503cfcc9aca56bb2fd67cc033d64040913d12a5d4,1.0,1.0,-0.24190300703048706
vehicle_instability_allraw__cwh__2025_09_26_19_45_40__000214250__pre1_label2_event_trigger,vehicle_instability_allraw__cwh__2025_09_26_19_45_40__000214250,cwh,2025_09_26_19_45_40,214.25,,pre1_label2_event_trigger,-1.0,0.0,0.0,2.0,all_raw_vehicle_dynamic_onset_non_steering,all_raw_detected_vehicle_instability_onset_predict_future_steering_response,instability_ay_roll,strong_active,straight,0,-0.0,64.27,100.0,auto_accept_instability_medium,hybrid_accept_high,原始车辆数据/cwh/Entity_Recording_2025_09_26_19_45_40_vehicle.csv,F:\data_set_process\data_process\01_datasets\数据预处理\原始车辆数据\cwh\Entity_Recording_2025_09_26_19_45_40_vehicle.csv,84d62a3d6c6629280b4a509503cfcc9aca56bb2fd67cc033d64040913d12a5d4,42850,214.25,228.475,14.225,train,train,train,train,89,原始车辆数据/cwh/Entity_Recording_2025_09_26_19_45_40_vehicle.csv,84d62a3d6c6629280b4a509503cfcc9aca56bb2fd67cc033d64040913d12a5d4,1.0,1.0,0.2410299926996231
vehicle_instability_allraw__cwh__2025_09_26_19_45_40__000268505__pre1_label2_event_trigger,vehicle_instability_allraw__cwh__2025_09_26_19_45_40__000268505,cwh,2025_09_26_19_45_40,268.505,,pre1_label2_event_trigger,-1.0,0.0,0.0,2.0,all_raw_vehicle_dynamic_onset_non_steering,all_raw_detected_vehicle_instability_onset_predict_future_steering_response,instability_ay_roll,medium_active,curve,0,-0.0,63.52,89.51,auto_accept_instability_medium,hybrid_accept_high,原始车辆数据/cwh/Entity_Recording_2025_09_26_19_45_40_vehicle.csv,F:\data_set_process\data_process\01_datasets\数据预处理\原始车辆数据\cwh\Entity_Recording_2025_09_26_19_45_40_vehicle.csv,84d62a3d6c6629280b4a509503cfcc9aca56bb2fd67cc033d64040913d12a5d4,53701,268.505,285.725,17.22,train,train,train,train,90,原始车辆数据/cwh/Entity_Recording_2025_09_26_19_45_40_vehicle.csv,84d62a3d6c6629280b4a509503cfcc9aca56bb2fd67cc033d64040913d12a5d4,1.0,1.0,0.15376399457454681
vehicle_instability_allraw__cwh__2025_09_26_19_45_40__000299420__pre1_label2_event_trigger,vehicle_instability_allraw__cwh__2025_09_26_19_45_40__000299420,cwh,2025_09_26_19_45_40,299.42,,pre1_label2_event_trigger,-1.0,0.0,0.0,2.0,all_raw_vehicle_dynamic_onset_non_steering,all_raw_detected_vehicle_instability_onset_predict_future_steering_response,instability_ay_roll,strong_active,straight,1,0.0,60.48,89.49,auto_accept_instability_medium,hybrid_accept_high,原始车辆数据/cwh/Entity_Recording_2025_09_26_19_45_40_vehicle.csv,F:\data_set_process\data_process\01_datasets\数据预处理\原始车辆数据\cwh\Entity_Recording_2025_09_26_19_45_40_vehicle.csv,84d62a3d6c6629280b4a509503cfcc9aca56bb2fd67cc033d64040913d12a5d4,59884,299.42,306.51,7.09,train,train,train,train,91,原始车辆数据/cwh/Entity_Recording_2025_09_26_19_45_40_vehicle.csv,84d62a3d6c6629280b4a509503cfcc9aca56bb2fd67cc033d64040913d12a5d4,1.0,1.0,0.21956199407577515
vehicle_instability_allraw__cwh__2025_09_26_19_45_40__000320850__pre1_label2_event_trigger,vehicle_instability_allraw__cwh__2025_09_26_19_45_40__000320850,cwh,2025_09_26_19_45_40,320.85,,pre1_label2_event_trigger,-1.0,0.0,0.0,2.0,all_raw_vehicle_dynamic_onset_non_steering,all_raw_detected_vehicle_instability_onset_predict_future_steering_response,instability_ay_roll,medium_active,straight,1,-0.00049602,60.32,84.23,auto_accept_instability_medium,hybrid_accept_high,原始车辆数据/cwh/Entity_Recording_2025_09_26_19_45_40_vehicle.csv,F:\data_set_process\data_process\01_datasets\数据预处理\原始车辆数据\cwh\Entity_Recording_2025_09_26_19_45_40_vehicle.csv,84d62a3d6c6629280b4a509503cfcc9aca56bb2fd67cc033d64040913d12a5d4,64170,320.85,323.03,2.18,train,test,train,train,92,原始车辆数据/cwh/Entity_Recording_2025_09_26_19_45_40_vehicle.csv,84d62a3d6c6629280b4a509503cfcc9aca56bb2fd67cc033d64040913d12a5d4,1.0,1.0,-0.45954498648643494
vehicle_instability_allraw__cwh__2025_09_26_19_45_40__000341005__pre1_label2_event_trigger,vehicle_instability_allraw__cwh__2025_09_26_19_45_40__000341005,cwh,2025_09_26_19_45_40,341.005,,pre1_label2_event_trigger,-1.0,0.0,0.0,2.0,all_raw_vehicle_dynamic_onset_non_steering,all_raw_detected_vehicle_instability_onset_predict_future_steering_response,instability_ay_roll,strong_active,straight,0,-0.0,79.0,100.0,auto_accept_instability_high,hybrid_accept_high,原始车辆数据/cwh/Entity_Recording_2025_09_26_19_45_40_vehicle.csv,F:\data_set_process\data_process\01_datasets\数据预处理\原始车辆数据\cwh\Entity_Recording_2025_09_26_19_45_40_vehicle.csv,84d62a3d6c6629280b4a509503cfcc9aca56bb2fd67cc033d64040913d12a5d4,68201,341.005,348.38,7.375,train,train,train,train,93,原始车辆数据/cwh/Entity_Recording_2025_09_26_19_45_40_vehicle.csv,84d62a3d6c6629280b4a509503cfcc9aca56bb2fd67cc033d64040913d12a5d4,1.0,1.0,0.04415680095553398
vehicle_instability_allraw__cwh__2025_09_26_19_45_40__000403295__pre1_label2_event_trigger,vehicle_instability_allraw__cwh__2025_09_26_19_45_40__000403295,cwh,2025_09_26_19_45_40,403.295,,pre1_label2_event_trigger,-1.0,0.0,0.0,2.0,all_raw_vehicle_dynamic_onset_non_steering,all_raw_detected_vehicle_instability_onset_predict_future_steering_response,instability_ay_roll,strong_active,straight,0,0.0,73.92,100.0,auto_accept_instability_medium,hybrid_accept_high,原始车辆数据/cwh/Entity_Recording_2025_09_26_19_45_40_vehicle.csv,F:\data_set_process\data_process\01_datasets\数据预处理\原始车辆数据\cwh\Entity_Recording_2025_09_26_19_45_40_vehicle.csv,84d62a3d6c6629280b4a509503cfcc9aca56bb2fd67cc033d64040913d12a5d4,80659,403.295,414.035,10.74,train,train,train,train,94,原始车辆数据/cwh/Entity_Recording_2025_09_26_19_45_40_vehicle.csv,84d62a3d6c6629280b4a509503cfcc9aca56bb2fd67cc033d64040913d12a5d4,1.0,1.0,-0.46914398670196533
vehicle_instability_allraw__cwh__2025_09_26_19_56_16__000080745__pre1_label2_event_trigger,vehicle_instability_allraw__cwh__2025_09_26_19_56_16__000080745,cwh,2025_09_26_19_56_16,80.745,,pre1_label2_event_trigger,-1.0,0.0,0.0,2.0,all_raw_vehicle_dynamic_onset_non_steering,all_raw_detected_vehicle_instability_onset_predict_future_steering_response,instability_ay_roll,strong_active,straight,0,0.0,63.94,92.02,auto_accept_instability_medium,hybrid_accept_high,原始车辆数据/cwh/Entity_Recording_2025_09_26_19_56_16_vehicle.csv,F:\data_set_process\data_process\01_datasets\数据预处理\原始车辆数据\cwh\Entity_Recording_2025_09_26_19_56_16_vehicle.csv,8b7c9cac7da23d7bf54d3e61d12170f5967ca715dc59a389e45fbf9008b2efa5,16149,80.745,87.495,6.75,val,train,val,train,95,原始车辆数据/cwh/Entity_Recording_2025_09_26_19_56_16_vehicle.csv,8b7c9cac7da23d7bf54d3e61d12170f5967ca715dc59a389e45fbf9008b2efa5,1.0,1.0,-0.3661699891090393
vehicle_instability_allraw__cwh__2025_09_26_19_56_16__000181990__pre1_label2_event_trigger,vehicle_instability_allraw__cwh__2025_09_26_19_56_16__000181990,cwh,2025_09_26_19_56_16,181.99,,pre1_label2_event_trigger,-1.0,0.0,0.0,2.0,all_raw_vehicle_dynamic_onset_non_steering,all_raw_detected_vehicle_instability_onset_predict_future_steering_response,instability_ay_roll,strong_active,straight,0,0.0,64.65,98.44,auto_accept_instability_medium,hybrid_accept_high,原始车辆数据/cwh/Entity_Recording_2025_09_26_19_56_16_vehicle.csv,F:\data_set_process\data_process\01_datasets\数据预处理\原始车辆数据\cwh\Entity_Recording_2025_09_26_19_56_16_vehicle.csv,8b7c9cac7da23d7bf54d3e61d12170f5967ca715dc59a389e45fbf9008b2efa5,36398,181.99,188.155,6.165,val,train,val,train,96,原始车辆数据/cwh/Entity_Recording_2025_09_26_19_56_16_vehicle.csv,8b7c9cac7da23d7bf54d3e61d12170f5967ca715dc59a389e45fbf9008b2efa5,1.0,1.0,-0.4279549717903137
vehicle_instability_allraw__cwh__2025_09_26_19_56_16__000205130__pre1_label2_event_trigger,vehicle_instability_allraw__cwh__2025_09_26_19_56_16__000205130,cwh,2025_09_26_19_56_16,205.13,,pre1_label2_event_trigger,-1.0,0.0,0.0,2.0,all_raw_vehicle_dynamic_onset_non_steering,all_raw_detected_vehicle_instability_onset_predict_future_steering_response,instability_ay_roll,strong_active,straight,0,0.0,53.19,84.19,needs_human_review,hybrid_accept_high,原始车辆数据/cwh/Entity_Recording_2025_09_26_19_56_16_vehicle.csv,F:\data_set_process\data_process\01_datasets\数据预处理\原始车辆数据\cwh\Entity_Recording_2025_09_26_19_56_16_vehicle.csv,8b7c9cac7da23d7bf54d3e61d12170f5967ca715dc59a389e45fbf9008b2efa5,41026,205.13,211.105,5.975,val,train,val,train,97,原始车辆数据/cwh/Entity_Recording_2025_09_26_19_56_16_vehicle.csv,8b7c9cac7da23d7bf54d3e61d12170f5967ca715dc59a389e45fbf9008b2efa5,1.0,1.0,0.21729299426078796
vehicle_instability_allraw__cwh__2025_09_26_19_56_16__000213660__pre1_label2_event_trigger,vehicle_instability_allraw__cwh__2025_09_26_19_56_16__000213660,cwh,2025_09_26_19_56_16,213.66,,pre1_label2_event_trigger,-1.0,0.0,0.0,2.0,all_raw_vehicle_dynamic_onset_non_steering,all_raw_detected_vehicle_instability_onset_predict_future_steering_response,instability_ay_roll,strong_active,straight,0,-0.0,58.6,91.83,auto_accept_instability_medium,hybrid_accept_high,原始车辆数据/cwh/Entity_Recording_2025_09_26_19_56_16_vehicle.csv,F:\data_set_process\data_process\01_datasets\数据预处理\原始车辆数据\cwh\Entity_Recording_2025_09_26_19_56_16_vehicle.csv,8b7c9cac7da23d7bf54d3e61d12170f5967ca715dc59a389e45fbf9008b2efa5,42732,213.66,221.41,7.75,val,val,val,train,98,原始车辆数据/cwh/Entity_Recording_2025_09_26_19_56_16_vehicle.csv,8b7c9cac7da23d7bf54d3e61d12170f5967ca715dc59a389e45fbf9008b2efa5,1.0,1.0,0.13857924938201904
vehicle_instability_allraw__cwh__2025_09_26_19_56_16__000287875__pre1_label2_event_trigger,vehicle_instability_allraw__cwh__2025_09_26_19_56_16__000287875,cwh,2025_09_26_19_56_16,287.875,,pre1_label2_event_trigger,-1.0,0.0,0.0,2.0,all_raw_vehicle_dynamic_onset_non_steering,all_raw_detected_vehicle_instability_onset_predict_future_steering_response,instability_ay_roll,medium_active,straight,1,-0.0,65.12,90.79,auto_accept_instability_medium,hybrid_accept_high,原始车辆数据/cwh/Entity_Recording_2025_09_26_19_56_16_vehicle.csv,F:\data_set_process\data_process\01_datasets\数据预处理\原始车辆数据\cwh\Entity_Recording_2025_09_26_19_56_16_vehicle.csv,8b7c9cac7da23d7bf54d3e61d12170f5967ca715dc59a389e45fbf9008b2efa5,57575,287.875,294.745,6.87,val,val,val,train,99,原始车辆数据/cwh/Entity_Recording_2025_09_26_19_56_16_vehicle.csv,8b7c9cac7da23d7bf54d3e61d12170f5967ca715dc59a389e45fbf9008b2efa5,1.0,1.0,0.17575499415397644
vehicle_instability_allraw__cwh__2025_09_26_19_56_16__000309365__pre1_label2_event_trigger,vehicle_instability_allraw__cwh__2025_09_26_19_56_16__000309365,cwh,2025_09_26_19_56_16,309.365,,pre1_label2_event_trigger,-1.0,0.0,0.0,2.0,all_raw_vehicle_dynamic_onset_non_steering,all_raw_detected_vehicle_instability_onset_predict_future_steering_response,instability_ay_roll,strong_active,straight,1,-0.00048204,71.12,100.0,auto_accept_instability_medium,hybrid_accept_high,原始车辆数据/cwh/Entity_Recording_2025_09_26_19_56_16_vehicle.csv,F:\data_set_process\data_process\01_datasets\数据预处理\原始车辆数据\cwh\Entity_Recording_2025_09_26_19_56_16_vehicle.csv,8b7c9cac7da23d7bf54d3e61d12170f5967ca715dc59a389e45fbf9008b2efa5,61873,309.365,313.045,3.68,val,val,val,train,100,原始车辆数据/cwh/Entity_Recording_2025_09_26_19_56_16_vehicle.csv,8b7c9cac7da23d7bf54d3e61d12170f5967ca715dc59a389e45fbf9008b2efa5,1.0,1.0,-0.44767698645591736
vehicle_instability_allraw__cwh__2025_09_26_19_56_16__000329785__pre1_label2_event_trigger,vehicle_instability_allraw__cwh__2025_09_26_19_56_16__000329785,cwh,2025_09_26_19_56_16,329.785,,pre1_label2_event_trigger,-1.0,0.0,0.0,2.0,all_raw_vehicle_dynamic_onset_non_steering,all_raw_detected_vehicle_instability_onset_predict_future_steering_response,instability_ay_roll,strong_active,straight,0,0.0,77.25,100.0,auto_accept_instability_high,hybrid_accept_high,原始车辆数据/cwh/Entity_Recording_2025_09_26_19_56_16_vehicle.csv,F:\data_set_process\data_process\01_datasets\数据预处理\原始车辆数据\cwh\Entity_Recording_2025_09_26_19_56_16_vehicle.csv,8b7c9cac7da23d7bf54d3e61d12170f5967ca715dc59a389e45fbf9008b2efa5,65957,329.785,333.785,4.0,val,train,val,train,101,原始车辆数据/cwh/Entity_Recording_2025_09_26_19_56_16_vehicle.csv,8b7c9cac7da23d7bf54d3e61d12170f5967ca715dc59a389e45fbf9008b2efa5,1.0,1.0,0.20699599385261536
vehicle_instability_allraw__cwh__2025_09_26_19_56_16__000388180__pre1_label2_event_trigger,vehicle_instability_allraw__cwh__2025_09_26_19_56_16__000388180,cwh,2025_09_26_19_56_16,388.18,,pre1_label2_event_trigger,-1.0,0.0,0.0,2.0,all_raw_vehicle_dynamic_onset_non_steering,all_raw_detected_vehicle_instability_onset_predict_future_steering_response,instability_ay_roll,medium_active,straight,0,0.0,56.33,84.83,needs_human_review,hybrid_accept_high,原始车辆数据/cwh/Entity_Recording_2025_09_26_19_56_16_vehicle.csv,F:\data_set_process\data_process\01_datasets\数据预处理\原始车辆数据\cwh\Entity_Recording_2025_09_26_19_56_16_vehicle.csv,8b7c9cac7da23d7bf54d3e61d12170f5967ca715dc59a389e45fbf9008b2efa5,77636,388.18,405.935,17.755,val,train,val,train,102,原始车辆数据/cwh/Entity_Recording_2025_09_26_19_56_16_vehicle.csv,8b7c9cac7da23d7bf54d3e61d12170f5967ca715dc59a389e45fbf9008b2efa5,1.0,1.0,-0.3822271227836609
vehicle_instability_allraw__cwh__2025_09_26_20_06_19__000053135__pre1_label2_event_trigger,vehicle_instability_allraw__cwh__2025_09_26_20_06_19__000053135,cwh,2025_09_26_20_06_19,53.135,,pre1_label2_event_trigger,-1.0,0.0,0.0,2.0,all_raw_vehicle_dynamic_onset_non_steering,all_raw_detected_vehicle_instability_onset_predict_future_steering_response,instability_ay_roll,extreme_active,straight,0,0.0,87.36,100.0,auto_accept_instability_high,hybrid_accept_high,原始车辆数据/cwh/Entity_Recording_2025_09_26_20_06_19_vehicle.csv,F:\data_set_process\data_process\01_datasets\数据预处理\原始车辆数据\cwh\Entity_Recording_2025_09_26_20_06_19_vehicle.csv,df471111c5e9f3f57bc55cf9cd8c6befc78ac4d5408e5039273c5c661005f7cc,10627,53.135,60.735,7.6,train,train,train,train,103,原始车辆数据/cwh/Entity_Recording_2025_09_26_20_06_19_vehicle.csv,df471111c5e9f3f57bc55cf9cd8c6befc78ac4d5408e5039273c5c661005f7cc,1.0,1.0,-0.42969998717308044
vehicle_instability_allraw__cwh__2025_09_26_20_06_19__000124540__pre1_label2_event_trigger,vehicle_instability_allraw__cwh__2025_09_26_20_06_19__000124540,cwh,2025_09_26_20_06_19,124.54,,pre1_label2_event_trigger,-1.0,0.0,0.0,2.0,all_raw_vehicle_dynamic_onset_non_steering,all_raw_detected_vehicle_instability_onset_predict_future_steering_response,instability_ay_roll,strong_active,curve,1,-0.00729802,70.88,100.0,auto_accept_instability_medium,hybrid_accept_high,原始车辆数据/cwh/Entity_Recording_2025_09_26_20_06_19_vehicle.csv,F:\data_set_process\data_process\01_datasets\数据预处理\原始车辆数据\cwh\Entity_Recording_2025_09_26_20_06_19_vehicle.csv,df471111c5e9f3f57bc55cf9cd8c6befc78ac4d5408e5039273c5c661005f7cc,24908,124.54,142.95,18.41,train,train,train,train,104,原始车辆数据/cwh/Entity_Recording_2025_09_26_20_06_19_vehicle.csv,df471111c5e9f3f57bc55cf9cd8c6befc78ac4d5408e5039273c5c661005f7cc,1.0,1.0,-0.49514999985694885
vehicle_instability_allraw__cwh__2025_09_26_20_06_19__000154530__pre1_label2_event_trigger,vehicle_instability_allraw__cwh__2025_09_26_20_06_19__000154530,cwh,2025_09_26_20_06_19,154.53,,pre1_label2_event_trigger,-1.0,0.0,0.0,2.0,all_raw_vehicle_dynamic_onset_non_steering,all_raw_detected_vehicle_instability_onset_predict_future_steering_response,instability_ay_roll,medium_active,straight,0,0.0,58.37,88.3,auto_accept_instability_medium,hybrid_accept_high,原始车辆数据/cwh/Entity_Recording_2025_09_26_20_06_19_vehicle.csv,F:\data_set_process\data_process\01_datasets\数据预处理\原始车辆数据\cwh\Entity_Recording_2025_09_26_20_06_19_vehicle.csv,df471111c5e9f3f57bc55cf9cd8c6befc78ac4d5408e5039273c5c661005f7cc,30906,154.53,161.555,7.025,train,train,train,train,105,原始车辆数据/cwh/Entity_Recording_2025_09_26_20_06_19_vehicle.csv,df471111c5e9f3f57bc55cf9cd8c6befc78ac4d5408e5039273c5c661005f7cc,1.0,1.0,-0.39427000284194946
vehicle_instability_allraw__cwh__2025_09_26_20_06_19__000180820__pre1_label2_event_trigger,vehicle_instability_allraw__cwh__2025_09_26_20_06_19__000180820,cwh,2025_09_26_20_06_19,180.82,,pre1_label2_event_trigger,-1.0,0.0,0.0,2.0,all_raw_vehicle_dynamic_onset_non_steering,all_raw_detected_vehicle_instability_onset_predict_future_steering_response,instability_ay_roll,strong_active,straight,0,0.0,65.71,95.96,auto_accept_instability_medium,hybrid_accept_high,原始车辆数据/cwh/Entity_Recording_2025_09_26_20_06_19_vehicle.csv,F:\data_set_process\data_process\01_datasets\数据预处理\原始车辆数据\cwh\Entity_Recording_2025_09_26_20_06_19_vehicle.csv,df471111c5e9f3f57bc55cf9cd8c6befc78ac4d5408e5039273c5c661005f7cc,36164,180.82,200.18,19.36,train,train,train,train,106,原始车辆数据/cwh/Entity_Recording_2025_09_26_20_06_19_vehicle.csv,df471111c5e9f3f57bc55cf9cd8c6befc78ac4d5408e5039273c5c661005f7cc,1.0,1.0,-0.4761259853839874
vehicle_instability_allraw__cwh__2025_09_26_20_06_19__000204045__pre1_label2_event_trigger,vehicle_instability_allraw__cwh__2025_09_26_20_06_19__000204045,cwh,2025_09_26_20_06_19,204.045,,pre1_label2_event_trigger,-1.0,0.0,0.0,2.0,all_raw_vehicle_dynamic_onset_non_steering,all_raw_detected_vehicle_instability_onset_predict_future_steering_response,instability_ay_roll,strong_active,straight,0,-0.0,75.01,100.0,auto_accept_instability_high,hybrid_accept_high,原始车辆数据/cwh/Entity_Recording_2025_09_26_20_06_19_vehicle.csv,F:\data_set_process\data_process\01_datasets\数据预处理\原始车辆数据\cwh\Entity_Recording_2025_09_26_20_06_19_vehicle.csv,df471111c5e9f3f57bc55cf9cd8c6befc78ac4d5408e5039273c5c661005f7cc,40809,204.045,210.365,6.32,train,val,train,train,107,原始车辆数据/cwh/Entity_Recording_2025_09_26_20_06_19_vehicle.csv,df471111c5e9f3f57bc55cf9cd8c6befc78ac4d5408e5039273c5c661005f7cc,1.0,1.0,-0.48345598578453064
vehicle_instability_allraw__cwh__2025_09_26_20_06_19__000315730__pre1_label2_event_trigger,vehicle_instability_allraw__cwh__2025_09_26_20_06_19__000315730,cwh,2025_09_26_20_06_19,315.73,,pre1_label2_event_trigger,-1.0,0.0,0.0,2.0,all_raw_vehicle_dynamic_onset_non_steering,all_raw_detected_vehicle_instability_onset_predict_future_steering_response,instability_ay_roll,strong_active,straight,0,0.0,67.22,100.0,auto_accept_instability_medium,hybrid_accept_high,原始车辆数据/cwh/Entity_Recording_2025_09_26_20_06_19_vehicle.csv,F:\data_set_process\data_process\01_datasets\数据预处理\原始车辆数据\cwh\Entity_Recording_2025_09_26_20_06_19_vehicle.csv,df471111c5e9f3f57bc55cf9cd8c6befc78ac4d5408e5039273c5c661005f7cc,63146,315.73,321.1,5.37,train,train,train,train,108,原始车辆数据/cwh/Entity_Recording_2025_09_26_20_06_19_vehicle.csv,df471111c5e9f3f57bc55cf9cd8c6befc78ac4d5408e5039273c5c661005f7cc,1.0,1.0,0.14695699512958527
vehicle_instability_allraw__cwh__2025_09_26_20_06_19__000370585__pre1_label2_event_trigger,vehicle_instability_allraw__cwh__2025_09_26_20_06_19__000370585,cwh,2025_09_26_20_06_19,370.585,,pre1_label2_event_trigger,-1.0,0.0,0.0,2.0,all_raw_vehicle_dynamic_onset_non_steering,all_raw_detected_vehicle_instability_onset_predict_future_steering_response,instability_ay_roll,medium_active,straight,0,0.0,57.41,84.79,needs_human_review,hybrid_accept_high,原始车辆数据/cwh/Entity_Recording_2025_09_26_20_06_19_vehicle.csv,F:\data_set_process\data_process\01_datasets\数据预处理\原始车辆数据\cwh\Entity_Recording_2025_09_26_20_06_19_vehicle.csv,df471111c5e9f3f57bc55cf9cd8c6befc78ac4d5408e5039273c5c661005f7cc,74117,370.585,381.785,11.2,train,train,train,train,109,原始车辆数据/cwh/Entity_Recording_2025_09_26_20_06_19_vehicle.csv,df471111c5e9f3f57bc55cf9cd8c6befc78ac4d5408e5039273c5c661005f7cc,1.0,1.0,-0.5316269993782043
vehicle_instability_allraw__cwh__2025_09_26_20_06_19__000480390__pre1_label2_event_trigger,vehicle_instability_allraw__cwh__2025_09_26_20_06_19__000480390,cwh,2025_09_26_20_06_19,480.39,,pre1_label2_event_trigger,-1.0,0.0,0.0,2.0,all_raw_vehicle_dynamic_onset_non_steering,all_raw_detected_vehicle_instability_onset_predict_future_steering_response,instability_ay_roll,instability_medium,design_high_risk_surface,0,0.0,68.73,84.12,auto_accept_instability_medium,hybrid_accept_high,原始车辆数据/cwh/Entity_Recording_2025_09_26_20_06_19_vehicle.csv,F:\data_set_process\data_process\01_datasets\数据预处理\原始车辆数据\cwh\Entity_Recording_2025_09_26_20_06_19_vehicle.csv,df471111c5e9f3f57bc55cf9cd8c6befc78ac4d5408e5039273c5c661005f7cc,96078,480.39,489.26,8.87,train,train,train,train,110,原始车辆数据/cwh/Entity_Recording_2025_09_26_20_06_19_vehicle.csv,df471111c5e9f3f57bc55cf9cd8c6befc78ac4d5408e5039273c5c661005f7cc,1.0,1.0,-0.4518660008907318
vehicle_instability_allraw__gf__2025_09_26_10_03_00__000250445__pre1_label2_event_trigger,vehicle_instability_allraw__gf__2025_09_26_10_03_00__000250445,gf,2025_09_26_10_03_00,250.445,,pre1_label2_event_trigger,-1.0,0.0,0.0,2.0,all_raw_vehicle_dynamic_onset_non_steering,all_raw_detected_vehicle_instability_onset_predict_future_steering_response,instability_ay_roll,strong_active,straight,0,-0.0,49.87,85.92,needs_human_review,hybrid_accept_high,原始车辆数据/gf/Entity_Recording_2025_09_26_10_03_00_vehicle.csv,F:\data_set_process\data_process\01_datasets\数据预处理\原始车辆数据\gf\Entity_Recording_2025_09_26_10_03_00_vehicle.csv,1e4232604e33cbf98c8e524d44c86abf65e3f9c0068e3630f80dfb47e73c793f,50089,250.445,255.31,4.865,train,train,train,train,111,原始车辆数据/gf/Entity_Recording_2025_09_26_10_03_00_vehicle.csv,1e4232604e33cbf98c8e524d44c86abf65e3f9c0068e3630f80dfb47e73c793f,1.0,1.0,0.16667892038822174
vehicle_instability_allraw__gf__2025_09_26_10_03_00__000265625__pre1_label2_event_trigger,vehicle_instability_allraw__gf__2025_09_26_10_03_00__000265625,gf,2025_09_26_10_03_00,265.625,,pre1_label2_event_trigger,-1.0,0.0,0.0,2.0,all_raw_vehicle_dynamic_onset_non_steering,all_raw_detected_vehicle_instability_onset_predict_future_steering_response,instability_ay_roll,strong_active,straight,0,0.0,59.68,89.59,auto_accept_instability_medium,hybrid_accept_high,原始车辆数据/gf/Entity_Recording_2025_09_26_10_03_00_vehicle.csv,F:\data_set_process\data_process\01_datasets\数据预处理\原始车辆数据\gf\Entity_Recording_2025_09_26_10_03_00_vehicle.csv,1e4232604e33cbf98c8e524d44c86abf65e3f9c0068e3630f80dfb47e73c793f,53125,265.625,275.89,10.265,train,train,train,train,112,原始车辆数据/gf/Entity_Recording_2025_09_26_10_03_00_vehicle.csv,1e4232604e33cbf98c8e524d44c86abf65e3f9c0068e3630f80dfb47e73c793f,1.0,1.0,-0.44418665766716003
vehicle_instability_allraw__gf__2025_09_26_10_18_49__000082870__pre1_label2_event_trigger,vehicle_instability_allraw__gf__2025_09_26_10_18_49__000082870,gf,2025_09_26_10_18_49,82.87,,pre1_label2_event_trigger,-1.0,0.0,0.0,2.0,all_raw_vehicle_dynamic_onset_non_steering,all_raw_detected_vehicle_instability_onset_predict_future_steering_response,instability_ay_roll,strong_active,straight,0,0.0,66.47,91.75,auto_accept_instability_medium,hybrid_accept_high,原始车辆数据/gf/Entity_Recording_2025_09_26_10_18_49_vehicle.csv,F:\data_set_process\data_process\01_datasets\数据预处理\原始车辆数据\gf\Entity_Recording_2025_09_26_10_18_49_vehicle.csv,6ee51bd1c9b8e8386372885e569d42d78b31b4e7c26984fe3b746e99da155494,16574,82.87,83.89,1.02,train,train,train,train,113,原始车辆数据/gf/Entity_Recording_2025_09_26_10_18_49_vehicle.csv,6ee51bd1c9b8e8386372885e569d42d78b31b4e7c26984fe3b746e99da155494,1.0,1.0,-0.5707229971885681
vehicle_instability_allraw__gf__2025_09_26_10_18_49__000087855__pre1_label2_event_trigger,vehicle_instability_allraw__gf__2025_09_26_10_18_49__000087855,gf,2025_09_26_10_18_49,87.855,,pre1_label2_event_trigger,-1.0,0.0,0.0,2.0,all_raw_vehicle_dynamic_onset_non_steering,all_raw_detected_vehicle_instability_onset_predict_future_steering_response,instability_ay_roll,strong_active,straight,0,0.0,74.06,100.0,auto_accept_instability_medium,hybrid_accept_high,原始车辆数据/gf/Entity_Recording_2025_09_26_10_18_49_vehicle.csv,F:\data_set_process\data_process\01_datasets\数据预处理\原始车辆数据\gf\Entity_Recording_2025_09_26_10_18_49_vehicle.csv,6ee51bd1c9b8e8386372885e569d42d78b31b4e7c26984fe3b746e99da155494,17571,87.855,94.73,6.875,train,train,train,train,114,原始车辆数据/gf/Entity_Recording_2025_09_26_10_18_49_vehicle.csv,6ee51bd1c9b8e8386372885e569d42d78b31b4e7c26984fe3b746e99da155494,1.0,1.0,0.1886707842350006
vehicle_instability_allraw__gf__2025_09_26_10_18_49__000149295__pre1_label2_event_trigger,vehicle_instability_allraw__gf__2025_09_26_10_18_49__000149295,gf,2025_09_26_10_18_49,149.295,,pre1_label2_event_trigger,-1.0,0.0,0.0,2.0,all_raw_vehicle_dynamic_onset_non_steering,all_raw_detected_vehicle_instability_onset_predict_future_steering_response,instability_ay_roll,extreme_active,straight,1,-0.00729802,79.28,100.0,auto_accept_instability_high,hybrid_accept_high,原始车辆数据/gf/Entity_Recording_2025_09_26_10_18_49_vehicle.csv,F:\data_set_process\data_process\01_datasets\数据预处理\原始车辆数据\gf\Entity_Recording_2025_09_26_10_18_49_vehicle.csv,6ee51bd1c9b8e8386372885e569d42d78b31b4e7c26984fe3b746e99da155494,29859,149.295,167.33,18.035,train,val,train,train,115,原始车辆数据/gf/Entity_Recording_2025_09_26_10_18_49_vehicle.csv,6ee51bd1c9b8e8386372885e569d42d78b31b4e7c26984fe3b746e99da155494,1.0,1.0,-0.44767776131629944
vehicle_instability_allraw__gf__2025_09_26_10_18_49__000210870__pre1_label2_event_trigger,vehicle_instability_allraw__gf__2025_09_26_10_18_49__000210870,gf,2025_09_26_10_18_49,210.87,,pre1_label2_event_trigger,-1.0,0.0,0.0,2.0,all_raw_vehicle_dynamic_onset_non_steering,all_raw_detected_vehicle_instability_onset_predict_future_steering_response,instability_ay_roll,strong_active,straight,0,-0.0,71.45,100.0,auto_accept_instability_medium,hybrid_accept_high,原始车辆数据/gf/Entity_Recording_2025_09_26_10_18_49_vehicle.csv,F:\data_set_process\data_process\01_datasets\数据预处理\原始车辆数据\gf\Entity_Recording_2025_09_26_10_18_49_vehicle.csv,6ee51bd1c9b8e8386372885e569d42d78b31b4e7c26984fe3b746e99da155494,42174,210.87,220.02,9.15,train,train,train,train,116,原始车辆数据/gf/Entity_Recording_2025_09_26_10_18_49_vehicle.csv,6ee51bd1c9b8e8386372885e569d42d78b31b4e7c26984fe3b746e99da155494,1.0,1.0,-0.419054239988327
vehicle_instability_allraw__gf__2025_09_26_10_18_49__000233845__pre1_label2_event_trigger,vehicle_instability_allraw__gf__2025_09_26_10_18_49__000233845,gf,2025_09_26_10_18_49,233.845,,pre1_label2_event_trigger,-1.0,0.0,0.0,2.0,all_raw_vehicle_dynamic_onset_non_steering,all_raw_detected_vehicle_instability_onset_predict_future_steering_response,instability_ay_roll,strong_active,straight,0,0.0,74.41,100.0,auto_accept_instability_medium,hybrid_accept_high,原始车辆数据/gf/Entity_Recording_2025_09_26_10_18_49_vehicle.csv,F:\data_set_process\data_process\01_datasets\数据预处理\原始车辆数据\gf\Entity_Recording_2025_09_26_10_18_49_vehicle.csv,6ee51bd1c9b8e8386372885e569d42d78b31b4e7c26984fe3b746e99da155494,46769,233.845,242.35,8.505,train,train,train,train,117,原始车辆数据/gf/Entity_Recording_2025_09_26_10_18_49_vehicle.csv,6ee51bd1c9b8e8386372885e569d42d78b31b4e7c26984fe3b746e99da155494,1.0,1.0,-0.41975200176239014
vehicle_instability_allraw__gf__2025_09_26_10_18_49__000289385__pre1_label2_event_trigger,vehicle_instability_allraw__gf__2025_09_26_10_18_49__000289385,gf,2025_09_26_10_18_49,289.385,,pre1_label2_event_trigger,-1.0,0.0,0.0,2.0,all_raw_vehicle_dynamic_onset_non_steering,all_raw_detected_vehicle_instability_onset_predict_future_steering_response,instability_ay_roll,strong_active,curve,0,0.0,77.03,100.0,auto_accept_instability_high,hybrid_accept_high,原始车辆数据/gf/Entity_Recording_2025_09_26_10_18_49_vehicle.csv,F:\data_set_process\data_process\01_datasets\数据预处理\原始车辆数据\gf\Entity_Recording_2025_09_26_10_18_49_vehicle.csv,6ee51bd1c9b8e8386372885e569d42d78b31b4e7c26984fe3b746e99da155494,57877,289.385,313.965,24.58,train,test,train,train,118,原始车辆数据/gf/Entity_Recording_2025_09_26_10_18_49_vehicle.csv,6ee51bd1c9b8e8386372885e569d42d78b31b4e7c26984fe3b746e99da155494,1.0,1.0,0.18011799454689026
vehicle_instability_allraw__gf__2025_09_26_10_18_49__000342355__pre1_label2_event_trigger,vehicle_instability_allraw__gf__2025_09_26_10_18_49__000342355,gf,2025_09_26_10_18_49,342.355,,pre1_label2_event_trigger,-1.0,0.0,0.0,2.0,all_raw_vehicle_dynamic_onset_non_steering,all_raw_detected_vehicle_instability_onset_predict_future_steering_response,instability_ay_roll,strong_active,straight,1,-0.00049602,60.37,94.73,auto_accept_instability_medium,hybrid_accept_high,原始车辆数据/gf/Entity_Recording_2025_09_26_10_18_49_vehicle.csv,F:\data_set_process\data_process\01_datasets\数据预处理\原始车辆数据\gf\Entity_Recording_2025_09_26_10_18_49_vehicle.csv,6ee51bd1c9b8e8386372885e569d42d78b31b4e7c26984fe3b746e99da155494,68471,342.355,347.155,4.8,train,train,train,train,119,原始车辆数据/gf/Entity_Recording_2025_09_26_10_18_49_vehicle.csv,6ee51bd1c9b8e8386372885e569d42d78b31b4e7c26984fe3b746e99da155494,1.0,1.0,-0.3462730050086975
vehicle_instability_allraw__gf__2025_09_26_10_18_49__000439375__pre1_label2_event_trigger,vehicle_instability_allraw__gf__2025_09_26_10_18_49__000439375,gf,2025_09_26_10_18_49,439.375,,pre1_label2_event_trigger,-1.0,0.0,0.0,2.0,all_raw_vehicle_dynamic_onset_non_steering,all_raw_detected_vehicle_instability_onset_predict_future_steering_response,instability_ay_roll,strong_active,straight,0,0.0,54.04,83.39,needs_human_review,hybrid_accept_high,原始车辆数据/gf/Entity_Recording_2025_09_26_10_18_49_vehicle.csv,F:\data_set_process\data_process\01_datasets\数据预处理\原始车辆数据\gf\Entity_Recording_2025_09_26_10_18_49_vehicle.csv,6ee51bd1c9b8e8386372885e569d42d78b31b4e7c26984fe3b746e99da155494,87875,439.375,447.12,7.745,train,val,train,train,120,原始车辆数据/gf/Entity_Recording_2025_09_26_10_18_49_vehicle.csv,6ee51bd1c9b8e8386372885e569d42d78b31b4e7c26984fe3b746e99da155494,1.0,1.0,-0.4806640148162842
vehicle_instability_allraw__gf__2025_09_26_10_30_12__000062355__pre1_label2_event_trigger,vehicle_instability_allraw__gf__2025_09_26_10_30_12__000062355,gf,2025_09_26_10_30_12,62.355,,pre1_label2_event_trigger,-1.0,0.0,0.0,2.0,all_raw_vehicle_dynamic_onset_non_steering,all_raw_detected_vehicle_instability_onset_predict_future_steering_response,instability_ay_roll,extreme_active,straight,0,0.0,63.95,100.0,auto_accept_instability_medium,hybrid_accept_high,原始车辆数据/gf/Entity_Recording_2025_09_26_10_30_12_vehicle.csv,F:\data_set_process\data_process\01_datasets\数据预处理\原始车辆数据\gf\Entity_Recording_2025_09_26_10_30_12_vehicle.csv,aa606fb1ecf71feef1f564dd422c382295247b323dd5beda17fc393f502341b6,12471,62.355,71.505,9.15,test,val,test,train,121,原始车辆数据/gf/Entity_Recording_2025_09_26_10_30_12_vehicle.csv,aa606fb1ecf71feef1f564dd422c382295247b323dd5beda17fc393f502341b6,1.0,1.0,-0.33911699056625366
vehicle_instability_allraw__gf__2025_09_26_10_30_12__000132045__pre1_label2_event_trigger,vehicle_instability_allraw__gf__2025_09_26_10_30_12__000132045,gf,2025_09_26_10_30_12,132.045,,pre1_label2_event_trigger,-1.0,0.0,0.0,2.0,all_raw_vehicle_dynamic_onset_non_steering,all_raw_detected_vehicle_instability_onset_predict_future_steering_response,instability_ay_roll,weak,straight,1,0.00700412,74.13,88.63,auto_accept_instability_medium,hybrid_accept_high,原始车辆数据/gf/Entity_Recording_2025_09_26_10_30_12_vehicle.csv,F:\data_set_process\data_process\01_datasets\数据预处理\原始车辆数据\gf\Entity_Recording_2025_09_26_10_30_12_vehicle.csv,aa606fb1ecf71feef1f564dd422c382295247b323dd5beda17fc393f502341b6,26409,132.045,135.415,3.37,test,train,test,train,122,原始车辆数据/gf/Entity_Recording_2025_09_26_10_30_12_vehicle.csv,aa606fb1ecf71feef1f564dd422c382295247b323dd5beda17fc393f502341b6,1.0,1.0,-0.41521409153938293
vehicle_instability_allraw__gf__2025_09_26_10_30_12__000138490__pre1_label2_event_trigger,vehicle_instability_allraw__gf__2025_09_26_10_30_12__000138490,gf,2025_09_26_10_30_12,138.49,,pre1_label2_event_trigger,-1.0,0.0,0.0,2.0,all_raw_vehicle_dynamic_onset_non_steering,all_raw_detected_vehicle_instability_onset_predict_future_steering_response,instability_ay_roll,extreme_active,curve,1,-0.00729802,94.85,100.0,auto_accept_instability_high,hybrid_accept_high,原始车辆数据/gf/Entity_Recording_2025_09_26_10_30_12_vehicle.csv,F:\data_set_process\data_process\01_datasets\数据预处理\原始车辆数据\gf\Entity_Recording_2025_09_26_10_30_12_vehicle.csv,aa606fb1ecf71feef1f564dd422c382295247b323dd5beda17fc393f502341b6,27698,138.49,157.98,19.49,test,train,test,train,123,原始车辆数据/gf/Entity_Recording_2025_09_26_10_30_12_vehicle.csv,aa606fb1ecf71feef1f564dd422c382295247b323dd5beda17fc393f502341b6,1.0,1.0,-0.48485198616981506
vehicle_instability_allraw__gf__2025_09_26_10_30_12__000205285__pre1_label2_event_trigger,vehicle_instability_allraw__gf__2025_09_26_10_30_12__000205285,gf,2025_09_26_10_30_12,205.285,,pre1_label2_event_trigger,-1.0,0.0,0.0,2.0,all_raw_vehicle_dynamic_onset_non_steering,all_raw_detected_vehicle_instability_onset_predict_future_steering_response,instability_ay_roll,strong_active,straight,0,0.0,83.28,100.0,auto_accept_instability_high,hybrid_accept_high,原始车辆数据/gf/Entity_Recording_2025_09_26_10_30_12_vehicle.csv,F:\data_set_process\data_process\01_datasets\数据预处理\原始车辆数据\gf\Entity_Recording_2025_09_26_10_30_12_vehicle.csv,aa606fb1ecf71feef1f564dd422c382295247b323dd5beda17fc393f502341b6,41057,205.285,214.065,8.78,test,train,test,train,124,原始车辆数据/gf/Entity_Recording_2025_09_26_10_30_12_vehicle.csv,aa606fb1ecf71feef1f564dd422c382295247b323dd5beda17fc393f502341b6,1.0,1.0,-0.04537801817059517
vehicle_instability_allraw__gf__2025_09_26_10_30_12__000223260__pre1_label2_event_trigger,vehicle_instability_allraw__gf__2025_09_26_10_30_12__000223260,gf,2025_09_26_10_30_12,223.26,,pre1_label2_event_trigger,-1.0,0.0,0.0,2.0,all_raw_vehicle_dynamic_onset_non_steering,all_raw_detected_vehicle_instability_onset_predict_future_steering_response,instability_ay_roll,strong_active,straight,0,0.0,68.26,100.0,auto_accept_instability_medium,hybrid_accept_high,原始车辆数据/gf/Entity_Recording_2025_09_26_10_30_12_vehicle.csv,F:\data_set_process\data_process\01_datasets\数据预处理\原始车辆数据\gf\Entity_Recording_2025_09_26_10_30_12_vehicle.csv,aa606fb1ecf71feef1f564dd422c382295247b323dd5beda17fc393f502341b6,44652,223.26,231.675,8.415,test,val,test,train,125,原始车辆数据/gf/Entity_Recording_2025_09_26_10_30_12_vehicle.csv,aa606fb1ecf71feef1f564dd422c382295247b323dd5beda17fc393f502341b6,1.0,1.0,-0.45082172751426697
vehicle_instability_allraw__gf__2025_09_26_10_30_12__000275220__pre1_label2_event_trigger,vehicle_instability_allraw__gf__2025_09_26_10_30_12__000275220,gf,2025_09_26_10_30_12,275.22,,pre1_label2_event_trigger,-1.0,0.0,0.0,2.0,all_raw_vehicle_dynamic_onset_non_steering,all_raw_detected_vehicle_instability_onset_predict_future_steering_response,instability_ay_roll,weak,curve,0,0.0,71.42,89.92,auto_accept_instability_medium,hybrid_accept_high,原始车辆数据/gf/Entity_Recording_2025_09_26_10_30_12_vehicle.csv,F:\data_set_process\data_process\01_datasets\数据预处理\原始车辆数据\gf\Entity_Recording_2025_09_26_10_30_12_vehicle.csv,aa606fb1ecf71feef1f564dd422c382295247b323dd5beda17fc393f502341b6,55044,275.22,302.69,27.47,test,train,test,train,126,原始车辆数据/gf/Entity_Recording_2025_09_26_10_30_12_vehicle.csv,aa606fb1ecf71feef1f564dd422c382295247b323dd5beda17fc393f502341b6,1.0,1.0,-0.2108359932899475
vehicle_instability_allraw__gf__2025_09_26_10_30_12__000334120__pre1_label2_event_trigger,vehicle_instability_allraw__gf__2025_09_26_10_30_12__000334120,gf,2025_09_26_10_30_12,334.12,,pre1_label2_event_trigger,-1.0,0.0,0.0,2.0,all_raw_vehicle_dynamic_onset_non_steering,all_raw_detected_vehicle_instability_onset_predict_future_steering_response,instability_ay_roll,extreme_active,straight,0,-0.0,60.36,96.43,auto_accept_instability_medium,hybrid_accept_high,原始车辆数据/gf/Entity_Recording_2025_09_26_10_30_12_vehicle.csv,F:\data_set_process\data_process\01_datasets\数据预处理\原始车辆数据\gf\Entity_Recording_2025_09_26_10_30_12_vehicle.csv,aa606fb1ecf71feef1f564dd422c382295247b323dd5beda17fc393f502341b6,66824,334.12,338.715,4.595,test,train,test,train,127,原始车辆数据/gf/Entity_Recording_2025_09_26_10_30_12_vehicle.csv,aa606fb1ecf71feef1f564dd422c382295247b323dd5beda17fc393f502341b6,1.0,1.0,-0.45832300186157227
vehicle_instability_allraw__gf__2025_09_26_10_30_12__000425785__pre1_label2_event_trigger,vehicle_instability_allraw__gf__2025_09_26_10_30_12__000425785,gf,2025_09_26_10_30_12,425.785,,pre1_label2_event_trigger,-1.0,0.0,0.0,2.0,all_raw_vehicle_dynamic_onset_non_steering,all_raw_detected_vehicle_instability_onset_predict_future_steering_response,instability_ay_roll,strong_active,straight,0,-0.0,73.8,100.0,auto_accept_instability_medium,hybrid_accept_high,原始车辆数据/gf/Entity_Recording_2025_09_26_10_30_12_vehicle.csv,F:\data_set_process\data_process\01_datasets\数据预处理\原始车辆数据\gf\Entity_Recording_2025_09_26_10_30_12_vehicle.csv,aa606fb1ecf71feef1f564dd422c382295247b323dd5beda17fc393f502341b6,85157,425.785,431.67,5.885,test,train,test,train,128,原始车辆数据/gf/Entity_Recording_2025_09_26_10_30_12_vehicle.csv,aa606fb1ecf71feef1f564dd422c382295247b323dd5beda17fc393f502341b6,1.0,1.0,-0.9449210166931152
vehicle_instability_allraw__gf__2025_09_26_10_40_59__000136605__pre1_label2_event_trigger,vehicle_instability_allraw__gf__2025_09_26_10_40_59__000136605,gf,2025_09_26_10_40_59,136.605,,pre1_label2_event_trigger,-1.0,0.0,0.0,2.0,all_raw_vehicle_dynamic_onset_non_steering,all_raw_detected_vehicle_instability_onset_predict_future_steering_response,instability_ay_roll,extreme_active,straight,1,-0.00729802,94.98,100.0,auto_accept_instability_high,hybrid_accept_high,原始车辆数据/gf/Entity_Recording_2025_09_26_10_40_59_vehicle.csv,F:\data_set_process\data_process\01_datasets\数据预处理\原始车辆数据\gf\Entity_Recording_2025_09_26_10_40_59_vehicle.csv,04caf01ecb8979b76d4bb15ba69d9b5f7c6a2ea75953dfdd03bdef8780487989,27321,136.605,154.895,18.29,train,train,train,train,129,原始车辆数据/gf/Entity_Recording_2025_09_26_10_40_59_vehicle.csv,04caf01ecb8979b76d4bb15ba69d9b5f7c6a2ea75953dfdd03bdef8780487989,1.0,1.0,0.12566432356834412
vehicle_instability_allraw__gf__2025_09_26_10_40_59__000180655__pre1_label2_event_trigger,vehicle_instability_allraw__gf__2025_09_26_10_40_59__000180655,gf,2025_09_26_10_40_59,180.655,,pre1_label2_event_trigger,-1.0,0.0,0.0,2.0,all_raw_vehicle_dynamic_onset_non_steering,all_raw_detected_vehicle_instability_onset_predict_future_steering_response,instability_ay_roll,strong_active,straight,0,0.0,79.72,100.0,auto_accept_instability_high,hybrid_accept_high,原始车辆数据/gf/Entity_Recording_2025_09_26_10_40_59_vehicle.csv,F:\data_set_process\data_process\01_datasets\数据预处理\原始车辆数据\gf\Entity_Recording_2025_09_26_10_40_59_vehicle.csv,04caf01ecb8979b76d4bb15ba69d9b5f7c6a2ea75953dfdd03bdef8780487989,36131,180.655,191.3,10.645,train,val,train,train,130,原始车辆数据/gf/Entity_Recording_2025_09_26_10_40_59_vehicle.csv,04caf01ecb8979b76d4bb15ba69d9b5f7c6a2ea75953dfdd03bdef8780487989,1.0,1.0,0.3307400047779083
vehicle_instability_allraw__gf__2025_09_26_10_40_59__000232065__pre1_label2_event_trigger,vehicle_instability_allraw__gf__2025_09_26_10_40_59__000232065,gf,2025_09_26_10_40_59,232.065,,pre1_label2_event_trigger,-1.0,0.0,0.0,2.0,all_raw_vehicle_dynamic_onset_non_steering,all_raw_detected_vehicle_instability_onset_predict_future_steering_response,instability_ay_roll,strong_active,straight,0,0.0,73.59,100.0,auto_accept_instability_medium,hybrid_accept_high,原始车辆数据/gf/Entity_Recording_2025_09_26_10_40_59_vehicle.csv,F:\data_set_process\data_process\01_datasets\数据预处理\原始车辆数据\gf\Entity_Recording_2025_09_26_10_40_59_vehicle.csv,04caf01ecb8979b76d4bb15ba69d9b5f7c6a2ea75953dfdd03bdef8780487989,46413,232.065,241.545,9.48,train,test,train,train,131,原始车辆数据/gf/Entity_Recording_2025_09_26_10_40_59_vehicle.csv,04caf01ecb8979b76d4bb15ba69d9b5f7c6a2ea75953dfdd03bdef8780487989,1.0,1.0,-0.41277000308036804
vehicle_instability_allraw__gf__2025_09_26_10_40_59__000292195__pre1_label2_event_trigger,vehicle_instability_allraw__gf__2025_09_26_10_40_59__000292195,gf,2025_09_26_10_40_59,292.195,,pre1_label2_event_trigger,-1.0,0.0,0.0,2.0,all_raw_vehicle_dynamic_onset_non_steering,all_raw_detected_vehicle_instability_onset_predict_future_steering_response,instability_ay_roll,strong_active,curve,0,0.0,73.37,100.0,auto_accept_instability_medium,hybrid_accept_high,原始车辆数据/gf/Entity_Recording_2025_09_26_10_40_59_vehicle.csv,F:\data_set_process\data_process\01_datasets\数据预处理\原始车辆数据\gf\Entity_Recording_2025_09_26_10_40_59_vehicle.csv,04caf01ecb8979b76d4bb15ba69d9b5f7c6a2ea75953dfdd03bdef8780487989,58439,292.195,310.4,18.205,train,train,train,train,132,原始车辆数据/gf/Entity_Recording_2025_09_26_10_40_59_vehicle.csv,04caf01ecb8979b76d4bb15ba69d9b5f7c6a2ea75953dfdd03bdef8780487989,1.0,1.0,-0.030717799440026283
vehicle_instability_allraw__gf__2025_09_26_10_40_59__000454355__pre1_label2_event_trigger,vehicle_instability_allraw__gf__2025_09_26_10_40_59__000454355,gf,2025_09_26_10_40_59,454.355,,pre1_label2_event_trigger,-1.0,0.0,0.0,2.0,all_raw_vehicle_dynamic_onset_non_steering,all_raw_detected_vehicle_instability_onset_predict_future_steering_response,instability_ay_roll,strong_active,straight,0,0.0,54.5,83.88,needs_human_review,hybrid_accept_high,原始车辆数据/gf/Entity_Recording_2025_09_26_10_40_59_vehicle.csv,F:\data_set_process\data_process\01_datasets\数据预处理\原始车辆数据\gf\Entity_Recording_2025_09_26_10_40_59_vehicle.csv,04caf01ecb8979b76d4bb15ba69d9b5f7c6a2ea75953dfdd03bdef8780487989,90871,454.355,459.72,5.365,train,train,train,train,133,原始车辆数据/gf/Entity_Recording_2025_09_26_10_40_59_vehicle.csv,04caf01ecb8979b76d4bb15ba69d9b5f7c6a2ea75953dfdd03bdef8780487989,1.0,1.0,-0.6798059344291687
vehicle_instability_allraw__gf__2025_09_26_10_52_57__000066795__pre1_label2_event_trigger,vehicle_instability_allraw__gf__2025_09_26_10_52_57__000066795,gf,2025_09_26_10_52_57,66.795,,pre1_label2_event_trigger,-1.0,0.0,0.0,2.0,all_raw_vehicle_dynamic_onset_non_steering,all_raw_detected_vehicle_instability_onset_predict_future_steering_response,instability_ay_roll,strong_active,straight,0,0.0,66.86,97.85,auto_accept_instability_medium,hybrid_accept_high,原始车辆数据/gf/Entity_Recording_2025_09_26_10_52_57_vehicle.csv,F:\data_set_process\data_process\01_datasets\数据预处理\原始车辆数据\gf\Entity_Recording_2025_09_26_10_52_57_vehicle.csv,8cf27411f644ff61566465ffb0071cb331cc4f0775effb4ef2b6f6a57628faa4,13359,66.795,70.48,3.685,test,test,test,train,134,原始车辆数据/gf/Entity_Recording_2025_09_26_10_52_57_vehicle.csv,8cf27411f644ff61566465ffb0071cb331cc4f0775effb4ef2b6f6a57628faa4,1.0,1.0,0.23352499306201935
vehicle_instability_allraw__gf__2025_09_26_10_52_57__000134810__pre1_label2_event_trigger,vehicle_instability_allraw__gf__2025_09_26_10_52_57__000134810,gf,2025_09_26_10_52_57,134.81,,pre1_label2_event_trigger,-1.0,0.0,0.0,2.0,all_raw_vehicle_dynamic_onset_non_steering,all_raw_detected_vehicle_instability_onset_predict_future_steering_response,instability_ay_roll,medium_active,straight,1,0.00408099,75.47,99.84,auto_accept_instability_high,hybrid_accept_high,原始车辆数据/gf/Entity_Recording_2025_09_26_10_52_57_vehicle.csv,F:\data_set_process\data_process\01_datasets\数据预处理\原始车辆数据\gf\Entity_Recording_2025_09_26_10_52_57_vehicle.csv,8cf27411f644ff61566465ffb0071cb331cc4f0775effb4ef2b6f6a57628faa4,26962,134.81,166.895,32.085,test,train,test,train,135,原始车辆数据/gf/Entity_Recording_2025_09_26_10_52_57_vehicle.csv,8cf27411f644ff61566465ffb0071cb331cc4f0775effb4ef2b6f6a57628faa4,1.0,1.0,-0.44366300106048584
vehicle_instability_allraw__gf__2025_09_26_10_52_57__000300870__pre1_label2_event_trigger,vehicle_instability_allraw__gf__2025_09_26_10_52_57__000300870,gf,2025_09_26_10_52_57,300.87,,pre1_label2_event_trigger,-1.0,0.0,0.0,2.0,all_raw_vehicle_dynamic_onset_non_steering,all_raw_detected_vehicle_instability_onset_predict_future_steering_response,instability_ay_roll,weak,straight,0,0.0,65.73,83.96,auto_accept_instability_medium,hybrid_accept_high,原始车辆数据/gf/Entity_Recording_2025_09_26_10_52_57_vehicle.csv,F:\data_set_process\data_process\01_datasets\数据预处理\原始车辆数据\gf\Entity_Recording_2025_09_26_10_52_57_vehicle.csv,8cf27411f644ff61566465ffb0071cb331cc4f0775effb4ef2b6f6a57628faa4,60174,300.87,321.155,20.285,test,train,test,train,136,原始车辆数据/gf/Entity_Recording_2025_09_26_10_52_57_vehicle.csv,8cf27411f644ff61566465ffb0071cb331cc4f0775effb4ef2b6f6a57628faa4,1.0,1.0,0.10087999701499939
vehicle_instability_allraw__gf__2025_09_26_10_52_57__000471505__pre1_label2_event_trigger,vehicle_instability_allraw__gf__2025_09_26_10_52_57__000471505,gf,2025_09_26_10_52_57,471.505,,pre1_label2_event_trigger,-1.0,0.0,0.0,2.0,all_raw_vehicle_dynamic_onset_non_steering,all_raw_detected_vehicle_instability_onset_predict_future_steering_response,instability_ay_roll,medium_active,straight,0,0.0,54.89,82.09,needs_human_review,hybrid_accept_high,原始车辆数据/gf/Entity_Recording_2025_09_26_10_52_57_vehicle.csv,F:\data_set_process\data_process\01_datasets\数据预处理\原始车辆数据\gf\Entity_Recording_2025_09_26_10_52_57_vehicle.csv,8cf27411f644ff61566465ffb0071cb331cc4f0775effb4ef2b6f6a57628faa4,94301,471.505,478.04,6.535,test,train,test,train,137,原始车辆数据/gf/Entity_Recording_2025_09_26_10_52_57_vehicle.csv,8cf27411f644ff61566465ffb0071cb331cc4f0775effb4ef2b6f6a57628faa4,1.0,1.0,-0.5550146698951721
vehicle_instability_allraw__gzj__2025_09_27_11_38_49__000051595__pre1_label2_event_trigger,vehicle_instability_allraw__gzj__2025_09_27_11_38_49__000051595,gzj,2025_09_27_11_38_49,51.595,,pre1_label2_event_trigger,-1.0,0.0,0.0,2.0,all_raw_vehicle_dynamic_onset_non_steering,all_raw_detected_vehicle_instability_onset_predict_future_steering_response,instability_ay_roll,extreme_active,straight,0,-0.0,88.1,100.0,auto_accept_instability_high,hybrid_accept_high,原始车辆数据/gzj/Entity_Recording_2025_09_27_11_38_49_vehicle.csv,F:\data_set_process\data_process\01_datasets\数据预处理\原始车辆数据\gzj\Entity_Recording_2025_09_27_11_38_49_vehicle.csv,2d4cad799d77f98918a1c812fd09c6e76e5162a9f6d1c35864615069858fde16,10319,51.595,57.165,5.57,test,train,test,test,138,原始车辆数据/gzj/Entity_Recording_2025_09_27_11_38_49_vehicle.csv,2d4cad799d77f98918a1c812fd09c6e76e5162a9f6d1c35864615069858fde16,1.0,1.0,0.1733109951019287
vehicle_instability_allraw__gzj__2025_09_27_11_41_47__000058475__pre1_label2_event_trigger,vehicle_instability_allraw__gzj__2025_09_27_11_41_47__000058475,gzj,2025_09_27_11_41_47,58.475,,pre1_label2_event_trigger,-1.0,0.0,0.0,2.0,all_raw_vehicle_dynamic_onset_non_steering,all_raw_detected_vehicle_instability_onset_predict_future_steering_response,instability_ay_roll,weak,straight,0,0.0,87.99,100.0,auto_accept_instability_high,hybrid_accept_high,原始车辆数据/gzj/Entity_Recording_2025_09_27_11_41_47_vehicle.csv,F:\data_set_process\data_process\01_datasets\数据预处理\原始车辆数据\gzj\Entity_Recording_2025_09_27_11_41_47_vehicle.csv,2d324d79c2498cd06126fbfe07d11576bd84436686ccbbbcf61a43e4e1d159bf,11695,58.475,69.095,10.62,train,train,train,test,139,原始车辆数据/gzj/Entity_Recording_2025_09_27_11_41_47_vehicle.csv,2d324d79c2498cd06126fbfe07d11576bd84436686ccbbbcf61a43e4e1d159bf,1.0,1.0,0.07033679634332657
vehicle_instability_allraw__gzj__2025_09_27_11_41_47__000091070__pre1_label2_event_trigger,vehicle_instability_allraw__gzj__2025_09_27_11_41_47__000091070,gzj,2025_09_27_11_41_47,91.07,,pre1_label2_event_trigger,-1.0,0.0,0.0,2.0,all_raw_vehicle_dynamic_onset_non_steering,all_raw_detected_vehicle_instability_onset_predict_future_steering_response,instability_ay_roll,extreme_active,straight,0,0.0,90.56,100.0,auto_accept_instability_high,hybrid_accept_high,原始车辆数据/gzj/Entity_Recording_2025_09_27_11_41_47_vehicle.csv,F:\data_set_process\data_process\01_datasets\数据预处理\原始车辆数据\gzj\Entity_Recording_2025_09_27_11_41_47_vehicle.csv,2d324d79c2498cd06126fbfe07d11576bd84436686ccbbbcf61a43e4e1d159bf,18214,91.07,101.55,10.48,train,train,train,test,140,原始车辆数据/gzj/Entity_Recording_2025_09_27_11_41_47_vehicle.csv,2d324d79c2498cd06126fbfe07d11576bd84436686ccbbbcf61a43e4e1d159bf,1.0,1.0,0.17436020076274872
vehicle_instability_allraw__gzj__2025_09_27_11_41_47__000115240__pre1_label2_event_trigger,vehicle_instability_allraw__gzj__2025_09_27_11_41_47__000115240,gzj,2025_09_27_11_41_47,115.24,,pre1_label2_event_trigger,-1.0,0.0,0.0,2.0,all_raw_vehicle_dynamic_onset_non_steering,all_raw_detected_vehicle_instability_onset_predict_future_steering_response,instability_ay_roll,strong_active,straight,1,-0.0,59.98,91.37,auto_accept_instability_medium,hybrid_accept_high,原始车辆数据/gzj/Entity_Recording_2025_09_27_11_41_47_vehicle.csv,F:\data_set_process\data_process\01_datasets\数据预处理\原始车辆数据\gzj\Entity_Recording_2025_09_27_11_41_47_vehicle.csv,2d324d79c2498cd06126fbfe07d11576bd84436686ccbbbcf61a43e4e1d159bf,23048,115.24,120.28,5.04,train,train,train,test,141,原始车辆数据/gzj/Entity_Recording_2025_09_27_11_41_47_vehicle.csv,2d324d79c2498cd06126fbfe07d11576bd84436686ccbbbcf61a43e4e1d159bf,1.0,1.0,0.19425499439239502
vehicle_instability_allraw__gzj__2025_09_27_11_41_47__000132845__pre1_label2_event_trigger,vehicle_instability_allraw__gzj__2025_09_27_11_41_47__000132845,gzj,2025_09_27_11_41_47,132.845,,pre1_label2_event_trigger,-1.0,0.0,0.0,2.0,all_raw_vehicle_dynamic_onset_non_steering,all_raw_detected_vehicle_instability_onset_predict_future_steering_response,instability_ay_roll,extreme_active,straight,1,-0.00729802,95.45,100.0,auto_accept_instability_high,hybrid_accept_high,原始车辆数据/gzj/Entity_Recording_2025_09_27_11_41_47_vehicle.csv,F:\data_set_process\data_process\01_datasets\数据预处理\原始车辆数据\gzj\Entity_Recording_2025_09_27_11_41_47_vehicle.csv,2d324d79c2498cd06126fbfe07d11576bd84436686ccbbbcf61a43e4e1d159bf,26569,132.845,156.335,23.49,train,train,train,test,142,原始车辆数据/gzj/Entity_Recording_2025_09_27_11_41_47_vehicle.csv,2d324d79c2498cd06126fbfe07d11576bd84436686ccbbbcf61a43e4e1d159bf,1.0,1.0,-0.6417580246925354
vehicle_instability_allraw__gzj__2025_09_27_11_41_47__000165625__pre1_label2_event_trigger,vehicle_instability_allraw__gzj__2025_09_27_11_41_47__000165625,gzj,2025_09_27_11_41_47,165.625,,pre1_label2_event_trigger,-1.0,0.0,0.0,2.0,all_raw_vehicle_dynamic_onset_non_steering,all_raw_detected_vehicle_instability_onset_predict_future_steering_response,instability_ay_roll,extreme_active,straight,0,-0.0,72.9,100.0,auto_accept_instability_medium,hybrid_accept_high,原始车辆数据/gzj/Entity_Recording_2025_09_27_11_41_47_vehicle.csv,F:\data_set_process\data_process\01_datasets\数据预处理\原始车辆数据\gzj\Entity_Recording_2025_09_27_11_41_47_vehicle.csv,2d324d79c2498cd06126fbfe07d11576bd84436686ccbbbcf61a43e4e1d159bf,33125,165.625,173.165,7.54,train,val,train,test,143,原始车辆数据/gzj/Entity_Recording_2025_09_27_11_41_47_vehicle.csv,2d324d79c2498cd06126fbfe07d11576bd84436686ccbbbcf61a43e4e1d159bf,1.0,1.0,-0.02059386856853962
vehicle_instability_allraw__gzj__2025_09_27_11_41_47__000180015__pre1_label2_event_trigger,vehicle_instability_allraw__gzj__2025_09_27_11_41_47__000180015,gzj,2025_09_27_11_41_47,180.015,,pre1_label2_event_trigger,-1.0,0.0,0.0,2.0,all_raw_vehicle_dynamic_onset_non_steering,all_raw_detected_vehicle_instability_onset_predict_future_steering_response,instability_ay_roll,strong_active,straight,0,0.0,65.25,95.02,auto_accept_instability_medium,hybrid_accept_high,原始车辆数据/gzj/Entity_Recording_2025_09_27_11_41_47_vehicle.csv,F:\data_set_process\data_process\01_datasets\数据预处理\原始车辆数据\gzj\Entity_Recording_2025_09_27_11_41_47_vehicle.csv,2d324d79c2498cd06126fbfe07d11576bd84436686ccbbbcf61a43e4e1d159bf,36003,180.015,189.145,9.13,train,train,train,test,144,原始车辆数据/gzj/Entity_Recording_2025_09_27_11_41_47_vehicle.csv,2d324d79c2498cd06126fbfe07d11576bd84436686ccbbbcf61a43e4e1d159bf,1.0,1.0,0.24905799329280853
vehicle_instability_allraw__gzj__2025_09_27_11_41_47__000193365__pre1_label2_event_trigger,vehicle_instability_allraw__gzj__2025_09_27_11_41_47__000193365,gzj,2025_09_27_11_41_47,193.365,,pre1_label2_event_trigger,-1.0,0.0,0.0,2.0,all_raw_vehicle_dynamic_onset_non_steering,all_raw_detected_vehicle_instability_onset_predict_future_steering_response,instability_ay_roll,extreme_active,straight,0,0.0,76.84,100.0,auto_accept_instability_high,hybrid_accept_high,原始车辆数据/gzj/Entity_Recording_2025_09_27_11_41_47_vehicle.csv,F:\data_set_process\data_process\01_datasets\数据预处理\原始车辆数据\gzj\Entity_Recording_2025_09_27_11_41_47_vehicle.csv,2d324d79c2498cd06126fbfe07d11576bd84436686ccbbbcf61a43e4e1d159bf,38673,193.365,206.565,13.2,train,test,train,test,145,原始车辆数据/gzj/Entity_Recording_2025_09_27_11_41_47_vehicle.csv,2d324d79c2498cd06126fbfe07d11576bd84436686ccbbbcf61a43e4e1d159bf,1.0,1.0,-0.4012509882450104
vehicle_instability_allraw__gzj__2025_09_27_11_41_47__000211485__pre1_label2_event_trigger,vehicle_instability_allraw__gzj__2025_09_27_11_41_47__000211485,gzj,2025_09_27_11_41_47,211.485,,pre1_label2_event_trigger,-1.0,0.0,0.0,2.0,all_raw_vehicle_dynamic_onset_non_steering,all_raw_detected_vehicle_instability_onset_predict_future_steering_response,instability_ay_roll,strong_active,straight,0,-0.0,59.69,88.44,auto_accept_instability_medium,hybrid_accept_high,原始车辆数据/gzj/Entity_Recording_2025_09_27_11_41_47_vehicle.csv,F:\data_set_process\data_process\01_datasets\数据预处理\原始车辆数据\gzj\Entity_Recording_2025_09_27_11_41_47_vehicle.csv,2d324d79c2498cd06126fbfe07d11576bd84436686ccbbbcf61a43e4e1d159bf,42297,211.485,214.92,3.435,train,train,train,test,146,原始车辆数据/gzj/Entity_Recording_2025_09_27_11_41_47_vehicle.csv,2d324d79c2498cd06126fbfe07d11576bd84436686ccbbbcf61a43e4e1d159bf,1.0,1.0,0.047298844903707504
vehicle_instability_allraw__gzj__2025_09_27_11_41_47__000221595__pre1_label2_event_trigger,vehicle_instability_allraw__gzj__2025_09_27_11_41_47__000221595,gzj,2025_09_27_11_41_47,221.595,,pre1_label2_event_trigger,-1.0,0.0,0.0,2.0,all_raw_vehicle_dynamic_onset_non_steering,all_raw_detected_vehicle_instability_onset_predict_future_steering_response,instability_ay_roll,medium_active,straight,0,0.0,58.14,83.76,auto_accept_instability_medium,hybrid_accept_high,原始车辆数据/gzj/Entity_Recording_2025_09_27_11_41_47_vehicle.csv,F:\data_set_process\data_process\01_datasets\数据预处理\原始车辆数据\gzj\Entity_Recording_2025_09_27_11_41_47_vehicle.csv,2d324d79c2498cd06126fbfe07d11576bd84436686ccbbbcf61a43e4e1d159bf,44319,221.595,226.055,4.46,train,train,train,test,147,原始车辆数据/gzj/Entity_Recording_2025_09_27_11_41_47_vehicle.csv,2d324d79c2498cd06126fbfe07d11576bd84436686ccbbbcf61a43e4e1d159bf,1.0,1.0,0.05689769983291626
vehicle_instability_allraw__gzj__2025_09_27_11_41_47__000260065__pre1_label2_event_trigger,vehicle_instability_allraw__gzj__2025_09_27_11_41_47__000260065,gzj,2025_09_27_11_41_47,260.065,,pre1_label2_event_trigger,-1.0,0.0,0.0,2.0,all_raw_vehicle_dynamic_onset_non_steering,all_raw_detected_vehicle_instability_onset_predict_future_steering_response,instability_ay_roll,strong_active,straight,0,-0.0,78.7,100.0,auto_accept_instability_high,hybrid_accept_high,原始车辆数据/gzj/Entity_Recording_2025_09_27_11_41_47_vehicle.csv,F:\data_set_process\data_process\01_datasets\数据预处理\原始车辆数据\gzj\Entity_Recording_2025_09_27_11_41_47_vehicle.csv,2d324d79c2498cd06126fbfe07d11576bd84436686ccbbbcf61a43e4e1d159bf,52013,260.065,282.505,22.44,train,train,train,test,148,原始车辆数据/gzj/Entity_Recording_2025_09_27_11_41_47_vehicle.csv,2d324d79c2498cd06126fbfe07d11576bd84436686ccbbbcf61a43e4e1d159bf,1.0,1.0,0.11344599723815918
vehicle_instability_allraw__gzj__2025_09_27_11_41_47__000291210__pre1_label2_event_trigger,vehicle_instability_allraw__gzj__2025_09_27_11_41_47__000291210,gzj,2025_09_27_11_41_47,291.21,,pre1_label2_event_trigger,-1.0,0.0,0.0,2.0,all_raw_vehicle_dynamic_onset_non_steering,all_raw_detected_vehicle_instability_onset_predict_future_steering_response,instability_ay_roll,strong_active,straight,1,0.0,69.56,100.0,auto_accept_instability_medium,hybrid_accept_high,原始车辆数据/gzj/Entity_Recording_2025_09_27_11_41_47_vehicle.csv,F:\data_set_process\data_process\01_datasets\数据预处理\原始车辆数据\gzj\Entity_Recording_2025_09_27_11_41_47_vehicle.csv,2d324d79c2498cd06126fbfe07d11576bd84436686ccbbbcf61a43e4e1d159bf,58242,291.21,309.815,18.605,train,test,train,test,149,原始车辆数据/gzj/Entity_Recording_2025_09_27_11_41_47_vehicle.csv,2d324d79c2498cd06126fbfe07d11576bd84436686ccbbbcf61a43e4e1d159bf,1.0,1.0,-0.48223400115966797
vehicle_instability_allraw__gzj__2025_09_27_11_41_47__000314960__pre1_label2_event_trigger,vehicle_instability_allraw__gzj__2025_09_27_11_41_47__000314960,gzj,2025_09_27_11_41_47,314.96,,pre1_label2_event_trigger,-1.0,0.0,0.0,2.0,all_raw_vehicle_dynamic_onset_non_steering,all_raw_detected_vehicle_instability_onset_predict_future_steering_response,instability_ay_roll,extreme_active,straight,1,-7.961e-05,94.66,100.0,auto_accept_instability_high,hybrid_accept_high,原始车辆数据/gzj/Entity_Recording_2025_09_27_11_41_47_vehicle.csv,F:\data_set_process\data_process\01_datasets\数据预处理\原始车辆数据\gzj\Entity_Recording_2025_09_27_11_41_47_vehicle.csv,2d324d79c2498cd06126fbfe07d11576bd84436686ccbbbcf61a43e4e1d159bf,62992,314.96,322.76,7.8,train,train,train,test,150,原始车辆数据/gzj/Entity_Recording_2025_09_27_11_41_47_vehicle.csv,2d324d79c2498cd06126fbfe07d11576bd84436686ccbbbcf61a43e4e1d159bf,1.0,1.0,-0.4401736855506897
vehicle_instability_allraw__gzj__2025_09_27_11_41_47__000334340__pre1_label2_event_trigger,vehicle_instability_allraw__gzj__2025_09_27_11_41_47__000334340,gzj,2025_09_27_11_41_47,334.34,,pre1_label2_event_trigger,-1.0,0.0,0.0,2.0,all_raw_vehicle_dynamic_onset_non_steering,all_raw_detected_vehicle_instability_onset_predict_future_steering_response,instability_ay_roll,strong_active,straight,0,0.0,86.72,100.0,auto_accept_instability_high,hybrid_accept_high,原始车辆数据/gzj/Entity_Recording_2025_09_27_11_41_47_vehicle.csv,F:\data_set_process\data_process\01_datasets\数据预处理\原始车辆数据\gzj\Entity_Recording_2025_09_27_11_41_47_vehicle.csv,2d324d79c2498cd06126fbfe07d11576bd84436686ccbbbcf61a43e4e1d159bf,66868,334.34,349.805,15.465,train,train,train,test,151,原始车辆数据/gzj/Entity_Recording_2025_09_27_11_41_47_vehicle.csv,2d324d79c2498cd06126fbfe07d11576bd84436686ccbbbcf61a43e4e1d159bf,1.0,1.0,0.1329946219921112
vehicle_instability_allraw__gzj__2025_09_27_11_41_47__000353715__pre1_label2_event_trigger,vehicle_instability_allraw__gzj__2025_09_27_11_41_47__000353715,gzj,2025_09_27_11_41_47,353.715,,pre1_label2_event_trigger,-1.0,0.0,0.0,2.0,all_raw_vehicle_dynamic_onset_non_steering,all_raw_detected_vehicle_instability_onset_predict_future_steering_response,instability_ay_roll,extreme_active,straight,0,-0.0,90.53,100.0,auto_accept_instability_high,hybrid_accept_high,原始车辆数据/gzj/Entity_Recording_2025_09_27_11_41_47_vehicle.csv,F:\data_set_process\data_process\01_datasets\数据预处理\原始车辆数据\gzj\Entity_Recording_2025_09_27_11_41_47_vehicle.csv,2d324d79c2498cd06126fbfe07d11576bd84436686ccbbbcf61a43e4e1d159bf,70743,353.715,358.07,4.355,train,train,train,test,152,原始车辆数据/gzj/Entity_Recording_2025_09_27_11_41_47_vehicle.csv,2d324d79c2498cd06126fbfe07d11576bd84436686ccbbbcf61a43e4e1d159bf,1.0,1.0,-4.185999870300293
vehicle_instability_allraw__gzj__2025_09_27_11_41_47__000413415__pre1_label2_event_trigger,vehicle_instability_allraw__gzj__2025_09_27_11_41_47__000413415,gzj,2025_09_27_11_41_47,413.415,,pre1_label2_event_trigger,-1.0,0.0,0.0,2.0,all_raw_vehicle_dynamic_onset_non_steering,all_raw_detected_vehicle_instability_onset_predict_future_steering_response,instability_ay_roll,extreme_active,straight,0,-0.0,94.72,100.0,auto_accept_instability_high,hybrid_accept_high,原始车辆数据/gzj/Entity_Recording_2025_09_27_11_41_47_vehicle.csv,F:\data_set_process\data_process\01_datasets\数据预处理\原始车辆数据\gzj\Entity_Recording_2025_09_27_11_41_47_vehicle.csv,2d324d79c2498cd06126fbfe07d11576bd84436686ccbbbcf61a43e4e1d159bf,82683,413.415,428.725,15.31,train,train,train,test,153,原始车辆数据/gzj/Entity_Recording_2025_09_27_11_41_47_vehicle.csv,2d324d79c2498cd06126fbfe07d11576bd84436686ccbbbcf61a43e4e1d159bf,1.0,1.0,0.6396629810333252
vehicle_instability_allraw__gzj__2025_09_27_11_41_47__000431340__pre1_label2_event_trigger,vehicle_instability_allraw__gzj__2025_09_27_11_41_47__000431340,gzj,2025_09_27_11_41_47,431.34,,pre1_label2_event_trigger,-1.0,0.0,0.0,2.0,all_raw_vehicle_dynamic_onset_non_steering,all_raw_detected_vehicle_instability_onset_predict_future_steering_response,instability_ay_roll,strong_active,straight,0,-0.0,62.85,89.05,auto_accept_instability_medium,hybrid_accept_high,原始车辆数据/gzj/Entity_Recording_2025_09_27_11_41_47_vehicle.csv,F:\data_set_process\data_process\01_datasets\数据预处理\原始车辆数据\gzj\Entity_Recording_2025_09_27_11_41_47_vehicle.csv,2d324d79c2498cd06126fbfe07d11576bd84436686ccbbbcf61a43e4e1d159bf,86268,431.34,436.855,5.515,train,train,train,test,154,原始车辆数据/gzj/Entity_Recording_2025_09_27_11_41_47_vehicle.csv,2d324d79c2498cd06126fbfe07d11576bd84436686ccbbbcf61a43e4e1d159bf,1.0,1.0,-0.27035099267959595
vehicle_instability_allraw__gzj__2025_09_27_11_41_47__000450660__pre1_label2_event_trigger,vehicle_instability_allraw__gzj__2025_09_27_11_41_47__000450660,gzj,2025_09_27_11_41_47,450.66,,pre1_label2_event_trigger,-1.0,0.0,0.0,2.0,all_raw_vehicle_dynamic_onset_non_steering,all_raw_detected_vehicle_instability_onset_predict_future_steering_response,instability_roll_only,extreme_active,straight,0,0.0,80.63,100.0,auto_accept_instability_high,hybrid_accept_high,原始车辆数据/gzj/Entity_Recording_2025_09_27_11_41_47_vehicle.csv,F:\data_set_process\data_process\01_datasets\数据预处理\原始车辆数据\gzj\Entity_Recording_2025_09_27_11_41_47_vehicle.csv,2d324d79c2498cd06126fbfe07d11576bd84436686ccbbbcf61a43e4e1d159bf,90132,450.66,451.415,0.755,train,train,train,test,155,原始车辆数据/gzj/Entity_Recording_2025_09_27_11_41_47_vehicle.csv,2d324d79c2498cd06126fbfe07d11576bd84436686ccbbbcf61a43e4e1d159bf,1.0,1.0,-0.02548234537243843
vehicle_instability_allraw__gzj__2025_09_27_11_41_47__000457320__pre1_label2_event_trigger,vehicle_instability_allraw__gzj__2025_09_27_11_41_47__000457320,gzj,2025_09_27_11_41_47,457.32,,pre1_label2_event_trigger,-1.0,0.0,0.0,2.0,all_raw_vehicle_dynamic_onset_non_steering,all_raw_detected_vehicle_instability_onset_predict_future_steering_response,instability_ay_roll,extreme_active,straight,0,-0.0,93.81,100.0,auto_accept_instability_high,hybrid_accept_high,原始车辆数据/gzj/Entity_Recording_2025_09_27_11_41_47_vehicle.csv,F:\data_set_process\data_process\01_datasets\数据预处理\原始车辆数据\gzj\Entity_Recording_2025_09_27_11_41_47_vehicle.csv,2d324d79c2498cd06126fbfe07d11576bd84436686ccbbbcf61a43e4e1d159bf,91464,457.32,463.835,6.515,train,test,train,test,156,原始车辆数据/gzj/Entity_Recording_2025_09_27_11_41_47_vehicle.csv,2d324d79c2498cd06126fbfe07d11576bd84436686ccbbbcf61a43e4e1d159bf,1.0,1.0,0.4630360007286072
vehicle_instability_allraw__gzj__2025_09_27_11_41_47__000470200__pre1_label2_event_trigger,vehicle_instability_allraw__gzj__2025_09_27_11_41_47__000470200,gzj,2025_09_27_11_41_47,470.2,,pre1_label2_event_trigger,-1.0,0.0,0.0,2.0,all_raw_vehicle_dynamic_onset_non_steering,all_raw_detected_vehicle_instability_onset_predict_future_steering_response,instability_ay_roll,extreme_active,straight,0,0.0,51.92,84.45,needs_human_review,hybrid_accept_high,原始车辆数据/gzj/Entity_Recording_2025_09_27_11_41_47_vehicle.csv,F:\data_set_process\data_process\01_datasets\数据预处理\原始车辆数据\gzj\Entity_Recording_2025_09_27_11_41_47_vehicle.csv,2d324d79c2498cd06126fbfe07d11576bd84436686ccbbbcf61a43e4e1d159bf,94040,470.2,472.93,2.73,train,train,train,test,157,原始车辆数据/gzj/Entity_Recording_2025_09_27_11_41_47_vehicle.csv,2d324d79c2498cd06126fbfe07d11576bd84436686ccbbbcf61a43e4e1d159bf,1.0,1.0,-5.289919853210449
vehicle_instability_allraw__gzj__2025_09_27_11_41_47__000517005__pre1_label2_event_trigger,vehicle_instability_allraw__gzj__2025_09_27_11_41_47__000517005,gzj,2025_09_27_11_41_47,517.005,,pre1_label2_event_trigger,-1.0,0.0,0.0,2.0,all_raw_vehicle_dynamic_onset_non_steering,all_raw_detected_vehicle_instability_onset_predict_future_steering_response,instability_ay_roll,strong_active,straight,0,0.0,58.34,84.42,auto_accept_instability_medium,hybrid_accept_high,原始车辆数据/gzj/Entity_Recording_2025_09_27_11_41_47_vehicle.csv,F:\data_set_process\data_process\01_datasets\数据预处理\原始车辆数据\gzj\Entity_Recording_2025_09_27_11_41_47_vehicle.csv,2d324d79c2498cd06126fbfe07d11576bd84436686ccbbbcf61a43e4e1d159bf,103401,517.005,518.92,1.915,train,train,train,test,158,原始车辆数据/gzj/Entity_Recording_2025_09_27_11_41_47_vehicle.csv,2d324d79c2498cd06126fbfe07d11576bd84436686ccbbbcf61a43e4e1d159bf,1.0,1.0,-0.3448770046234131
vehicle_instability_allraw__gzj__2025_09_27_11_41_47__000576800__pre1_label2_event_trigger,vehicle_instability_allraw__gzj__2025_09_27_11_41_47__000576800,gzj,2025_09_27_11_41_47,576.8,,pre1_label2_event_trigger,-1.0,0.0,0.0,2.0,all_raw_vehicle_dynamic_onset_non_steering,all_raw_detected_vehicle_instability_onset_predict_future_steering_response,instability_ay_roll,medium_active,straight,0,-0.0,54.37,82.95,needs_human_review,hybrid_accept_high,原始车辆数据/gzj/Entity_Recording_2025_09_27_11_41_47_vehicle.csv,F:\data_set_process\data_process\01_datasets\数据预处理\原始车辆数据\gzj\Entity_Recording_2025_09_27_11_41_47_vehicle.csv,2d324d79c2498cd06126fbfe07d11576bd84436686ccbbbcf61a43e4e1d159bf,115360,576.8,594.17,17.37,train,train,train,test,159,原始车辆数据/gzj/Entity_Recording_2025_09_27_11_41_47_vehicle.csv,2d324d79c2498cd06126fbfe07d11576bd84436686ccbbbcf61a43e4e1d159bf,1.0,1.0,0.1583009958267212
vehicle_instability_allraw__gzj__2025_09_27_11_41_47__000618525__pre1_label2_event_trigger,vehicle_instability_allraw__gzj__2025_09_27_11_41_47__000618525,gzj,2025_09_27_11_41_47,618.525,,pre1_label2_event_trigger,-1.0,0.0,0.0,2.0,all_raw_vehicle_dynamic_onset_non_steering,all_raw_detected_vehicle_instability_onset_predict_future_steering_response,instability_ay_roll,extreme_active,straight,0,-0.0,94.08,100.0,auto_accept_instability_high,hybrid_accept_high,原始车辆数据/gzj/Entity_Recording_2025_09_27_11_41_47_vehicle.csv,F:\data_set_process\data_process\01_datasets\数据预处理\原始车辆数据\gzj\Entity_Recording_2025_09_27_11_41_47_vehicle.csv,2d324d79c2498cd06126fbfe07d11576bd84436686ccbbbcf61a43e4e1d159bf,123705,618.525,633.745,15.22,train,train,train,test,160,原始车辆数据/gzj/Entity_Recording_2025_09_27_11_41_47_vehicle.csv,2d324d79c2498cd06126fbfe07d11576bd84436686ccbbbcf61a43e4e1d159bf,1.0,1.0,-0.5471609830856323
vehicle_instability_allraw__gzj__2025_09_27_11_53_25__000160615__pre1_label2_event_trigger,vehicle_instability_allraw__gzj__2025_09_27_11_53_25__000160615,gzj,2025_09_27_11_53_25,160.615,,pre1_label2_event_trigger,-1.0,0.0,0.0,2.0,all_raw_vehicle_dynamic_onset_non_steering,all_raw_detected_vehicle_instability_onset_predict_future_steering_response,instability_ay_roll,extreme_active,curve,1,-0.00729802,95.77,100.0,auto_accept_instability_high,hybrid_accept_high,原始车辆数据/gzj/Entity_Recording_2025_09_27_11_53_25_vehicle.csv,F:\data_set_process\data_process\01_datasets\数据预处理\原始车辆数据\gzj\Entity_Recording_2025_09_27_11_53_25_vehicle.csv,d089b40a99b8a75d5f3fca1452967be18332a03fa89fd2e37d875a45d6db761e,32123,160.615,187.135,26.52,train,test,train,test,161,原始车辆数据/gzj/Entity_Recording_2025_09_27_11_53_25_vehicle.csv,d089b40a99b8a75d5f3fca1452967be18332a03fa89fd2e37d875a45d6db761e,1.0,1.0,-0.9046003222465515
vehicle_instability_allraw__gzj__2025_09_27_11_53_25__000190150__pre1_label2_event_trigger,vehicle_instability_allraw__gzj__2025_09_27_11_53_25__000190150,gzj,2025_09_27_11_53_25,190.15,,pre1_label2_event_trigger,-1.0,0.0,0.0,2.0,all_raw_vehicle_dynamic_onset_non_steering,all_raw_detected_vehicle_instability_onset_predict_future_steering_response,instability_ay_roll,extreme_active,straight,1,0.0001454,79.38,100.0,auto_accept_instability_high,hybrid_accept_high,原始车辆数据/gzj/Entity_Recording_2025_09_27_11_53_25_vehicle.csv,F:\data_set_process\data_process\01_datasets\数据预处理\原始车辆数据\gzj\Entity_Recording_2025_09_27_11_53_25_vehicle.csv,d089b40a99b8a75d5f3fca1452967be18332a03fa89fd2e37d875a45d6db761e,38030,190.15,196.32,6.17,train,train,train,test,162,原始车辆数据/gzj/Entity_Recording_2025_09_27_11_53_25_vehicle.csv,d089b40a99b8a75d5f3fca1452967be18332a03fa89fd2e37d875a45d6db761e,1.0,1.0,-0.3347546458244324
vehicle_instability_allraw__gzj__2025_09_27_11_53_25__000211330__pre1_label2_event_trigger,vehicle_instability_allraw__gzj__2025_09_27_11_53_25__000211330,gzj,2025_09_27_11_53_25,211.33,,pre1_label2_event_trigger,-1.0,0.0,0.0,2.0,all_raw_vehicle_dynamic_onset_non_steering,all_raw_detected_vehicle_instability_onset_predict_future_steering_response,instability_ay_roll,extreme_active,straight,0,0.0,59.76,89.56,auto_accept_instability_medium,hybrid_accept_high,原始车辆数据/gzj/Entity_Recording_2025_09_27_11_53_25_vehicle.csv,F:\data_set_process\data_process\01_datasets\数据预处理\原始车辆数据\gzj\Entity_Recording_2025_09_27_11_53_25_vehicle.csv,d089b40a99b8a75d5f3fca1452967be18332a03fa89fd2e37d875a45d6db761e,42266,211.33,225.715,14.385,train,train,train,test,163,原始车辆数据/gzj/Entity_Recording_2025_09_27_11_53_25_vehicle.csv,d089b40a99b8a75d5f3fca1452967be18332a03fa89fd2e37d875a45d6db761e,1.0,1.0,-0.34016498923301697
vehicle_instability_allraw__gzj__2025_09_27_11_53_25__000229945__pre1_label2_event_trigger,vehicle_instability_allraw__gzj__2025_09_27_11_53_25__000229945,gzj,2025_09_27_11_53_25,229.945,,pre1_label2_event_trigger,-1.0,0.0,0.0,2.0,all_raw_vehicle_dynamic_onset_non_steering,all_raw_detected_vehicle_instability_onset_predict_future_steering_response,instability_ay_roll,strong_active,straight,0,0.0,64.32,93.75,auto_accept_instability_medium,hybrid_accept_high,原始车辆数据/gzj/Entity_Recording_2025_09_27_11_53_25_vehicle.csv,F:\data_set_process\data_process\01_datasets\数据预处理\原始车辆数据\gzj\Entity_Recording_2025_09_27_11_53_25_vehicle.csv,d089b40a99b8a75d5f3fca1452967be18332a03fa89fd2e37d875a45d6db761e,45989,229.945,237.565,7.62,train,train,train,test,164,原始车辆数据/gzj/Entity_Recording_2025_09_27_11_53_25_vehicle.csv,d089b40a99b8a75d5f3fca1452967be18332a03fa89fd2e37d875a45d6db761e,1.0,1.0,0.23335100710391998
vehicle_instability_allraw__gzj__2025_09_27_11_53_25__000268875__pre1_label2_event_trigger,vehicle_instability_allraw__gzj__2025_09_27_11_53_25__000268875,gzj,2025_09_27_11_53_25,268.875,,pre1_label2_event_trigger,-1.0,0.0,0.0,2.0,all_raw_vehicle_dynamic_onset_non_steering,all_raw_detected_vehicle_instability_onset_predict_future_steering_response,instability_ay_roll,extreme_active,straight,0,0.0,58.26,92.95,auto_accept_instability_medium,hybrid_accept_high,原始车辆数据/gzj/Entity_Recording_2025_09_27_11_53_25_vehicle.csv,F:\data_set_process\data_process\01_datasets\数据预处理\原始车辆数据\gzj\Entity_Recording_2025_09_27_11_53_25_vehicle.csv,d089b40a99b8a75d5f3fca1452967be18332a03fa89fd2e37d875a45d6db761e,53775,268.875,274.88,6.005,train,train,train,test,165,原始车辆数据/gzj/Entity_Recording_2025_09_27_11_53_25_vehicle.csv,d089b40a99b8a75d5f3fca1452967be18332a03fa89fd2e37d875a45d6db761e,1.0,1.0,-0.5265660285949707
vehicle_instability_allraw__gzj__2025_09_27_11_53_25__000283210__pre1_label2_event_trigger,vehicle_instability_allraw__gzj__2025_09_27_11_53_25__000283210,gzj,2025_09_27_11_53_25,283.21,,pre1_label2_event_trigger,-1.0,0.0,0.0,2.0,all_raw_vehicle_dynamic_onset_non_steering,all_raw_detected_vehicle_instability_onset_predict_future_steering_response,instability_ay_roll,strong_active,straight,0,-0.0,74.43,100.0,auto_accept_instability_medium,hybrid_accept_high,原始车辆数据/gzj/Entity_Recording_2025_09_27_11_53_25_vehicle.csv,F:\data_set_process\data_process\01_datasets\数据预处理\原始车辆数据\gzj\Entity_Recording_2025_09_27_11_53_25_vehicle.csv,d089b40a99b8a75d5f3fca1452967be18332a03fa89fd2e37d875a45d6db761e,56642,283.21,284.375,1.165,train,val,train,test,166,原始车辆数据/gzj/Entity_Recording_2025_09_27_11_53_25_vehicle.csv,d089b40a99b8a75d5f3fca1452967be18332a03fa89fd2e37d875a45d6db761e,1.0,1.0,-0.07923790067434311
vehicle_instability_allraw__gzj__2025_09_27_11_53_25__000287425__pre1_label2_event_trigger,vehicle_instability_allraw__gzj__2025_09_27_11_53_25__000287425,gzj,2025_09_27_11_53_25,287.425,,pre1_label2_event_trigger,-1.0,0.0,0.0,2.0,all_raw_vehicle_dynamic_onset_non_steering,all_raw_detected_vehicle_instability_onset_predict_future_steering_response,instability_ay_roll,extreme_active,straight,0,0.0,78.46,100.0,auto_accept_instability_high,hybrid_accept_high,原始车辆数据/gzj/Entity_Recording_2025_09_27_11_53_25_vehicle.csv,F:\data_set_process\data_process\01_datasets\数据预处理\原始车辆数据\gzj\Entity_Recording_2025_09_27_11_53_25_vehicle.csv,d089b40a99b8a75d5f3fca1452967be18332a03fa89fd2e37d875a45d6db761e,57485,287.425,293.175,5.75,train,train,train,test,167,原始车辆数据/gzj/Entity_Recording_2025_09_27_11_53_25_vehicle.csv,d089b40a99b8a75d5f3fca1452967be18332a03fa89fd2e37d875a45d6db761e,1.0,1.0,-0.4096289873123169
vehicle_instability_allraw__gzj__2025_09_27_11_53_25__000308920__pre1_label2_event_trigger,vehicle_instability_allraw__gzj__2025_09_27_11_53_25__000308920,gzj,2025_09_27_11_53_25,308.92,,pre1_label2_event_trigger,-1.0,0.0,0.0,2.0,all_raw_vehicle_dynamic_onset_non_steering,all_raw_detected_vehicle_instability_onset_predict_future_steering_response,instability_ay_roll,extreme_active,straight,0,0.0,73.73,100.0,auto_accept_instability_medium,hybrid_accept_high,原始车辆数据/gzj/Entity_Recording_2025_09_27_11_53_25_vehicle.csv,F:\data_set_process\data_process\01_datasets\数据预处理\原始车辆数据\gzj\Entity_Recording_2025_09_27_11_53_25_vehicle.csv,d089b40a99b8a75d5f3fca1452967be18332a03fa89fd2e37d875a45d6db761e,61784,308.92,329.025,20.105,train,train,train,test,168,原始车辆数据/gzj/Entity_Recording_2025_09_27_11_53_25_vehicle.csv,d089b40a99b8a75d5f3fca1452967be18332a03fa89fd2e37d875a45d6db761e,1.0,1.0,0.06021390110254288
vehicle_instability_allraw__gzj__2025_09_27_11_53_25__000335735__pre1_label2_event_trigger,vehicle_instability_allraw__gzj__2025_09_27_11_53_25__000335735,gzj,2025_09_27_11_53_25,335.735,,pre1_label2_event_trigger,-1.0,0.0,0.0,2.0,all_raw_vehicle_dynamic_onset_non_steering,all_raw_detected_vehicle_instability_onset_predict_future_steering_response,instability_ay_roll,strong_active,straight,1,0.0,68.2,91.6,auto_accept_instability_medium,hybrid_accept_high,原始车辆数据/gzj/Entity_Recording_2025_09_27_11_53_25_vehicle.csv,F:\data_set_process\data_process\01_datasets\数据预处理\原始车辆数据\gzj\Entity_Recording_2025_09_27_11_53_25_vehicle.csv,d089b40a99b8a75d5f3fca1452967be18332a03fa89fd2e37d875a45d6db761e,67147,335.735,336.595,0.86,train,val,train,test,169,原始车辆数据/gzj/Entity_Recording_2025_09_27_11_53_25_vehicle.csv,d089b40a99b8a75d5f3fca1452967be18332a03fa89fd2e37d875a45d6db761e,1.0,1.0,0.11135199666023254
vehicle_instability_allraw__gzj__2025_09_27_11_53_25__000340960__pre1_label2_event_trigger,vehicle_instability_allraw__gzj__2025_09_27_11_53_25__000340960,gzj,2025_09_27_11_53_25,340.96,,pre1_label2_event_trigger,-1.0,0.0,0.0,2.0,all_raw_vehicle_dynamic_onset_non_steering,all_raw_detected_vehicle_instability_onset_predict_future_steering_response,instability_ay_roll,extreme_active,straight,1,-0.0,73.41,100.0,auto_accept_instability_medium,hybrid_accept_high,原始车辆数据/gzj/Entity_Recording_2025_09_27_11_53_25_vehicle.csv,F:\data_set_process\data_process\01_datasets\数据预处理\原始车辆数据\gzj\Entity_Recording_2025_09_27_11_53_25_vehicle.csv,d089b40a99b8a75d5f3fca1452967be18332a03fa89fd2e37d875a45d6db761e,68192,340.96,353.515,12.555,train,test,train,test,170,原始车辆数据/gzj/Entity_Recording_2025_09_27_11_53_25_vehicle.csv,d089b40a99b8a75d5f3fca1452967be18332a03fa89fd2e37d875a45d6db761e,1.0,1.0,0.12513990700244904
vehicle_instability_allraw__gzj__2025_09_27_11_53_25__000362425__pre1_label2_event_trigger,vehicle_instability_allraw__gzj__2025_09_27_11_53_25__000362425,gzj,2025_09_27_11_53_25,362.425,,pre1_label2_event_trigger,-1.0,0.0,0.0,2.0,all_raw_vehicle_dynamic_onset_non_steering,all_raw_detected_vehicle_instability_onset_predict_future_steering_response,instability_ay_roll,extreme_active,straight,1,-9.353e-05,83.54,100.0,auto_accept_instability_high,hybrid_accept_high,原始车辆数据/gzj/Entity_Recording_2025_09_27_11_53_25_vehicle.csv,F:\data_set_process\data_process\01_datasets\数据预处理\原始车辆数据\gzj\Entity_Recording_2025_09_27_11_53_25_vehicle.csv,d089b40a99b8a75d5f3fca1452967be18332a03fa89fd2e37d875a45d6db761e,72485,362.425,369.155,6.73,train,train,train,test,171,原始车辆数据/gzj/Entity_Recording_2025_09_27_11_53_25_vehicle.csv,d089b40a99b8a75d5f3fca1452967be18332a03fa89fd2e37d875a45d6db761e,1.0,1.0,-0.3647739887237549
vehicle_instability_allraw__gzj__2025_09_27_11_53_25__000380620__pre1_label2_event_trigger,vehicle_instability_allraw__gzj__2025_09_27_11_53_25__000380620,gzj,2025_09_27_11_53_25,380.62,,pre1_label2_event_trigger,-1.0,0.0,0.0,2.0,all_raw_vehicle_dynamic_onset_non_steering,all_raw_detected_vehicle_instability_onset_predict_future_steering_response,instability_ay_roll,strong_active,straight,0,0.0,60.3,86.14,auto_accept_instability_medium,hybrid_accept_high,原始车辆数据/gzj/Entity_Recording_2025_09_27_11_53_25_vehicle.csv,F:\data_set_process\data_process\01_datasets\数据预处理\原始车辆数据\gzj\Entity_Recording_2025_09_27_11_53_25_vehicle.csv,d089b40a99b8a75d5f3fca1452967be18332a03fa89fd2e37d875a45d6db761e,76124,380.62,399.4,18.78,train,train,train,test,172,原始车辆数据/gzj/Entity_Recording_2025_09_27_11_53_25_vehicle.csv,d089b40a99b8a75d5f3fca1452967be18332a03fa89fd2e37d875a45d6db761e,1.0,1.0,0.15777799487113953
vehicle_instability_allraw__gzj__2025_09_27_11_53_25__000538700__pre1_label2_event_trigger,vehicle_instability_allraw__gzj__2025_09_27_11_53_25__000538700,gzj,2025_09_27_11_53_25,538.7,,pre1_label2_event_trigger,-1.0,0.0,0.0,2.0,all_raw_vehicle_dynamic_onset_non_steering,all_raw_detected_vehicle_instability_onset_predict_future_steering_response,instability_ay_roll,extreme_active,straight,0,0.0,67.78,100.0,auto_accept_instability_medium,hybrid_accept_high,原始车辆数据/gzj/Entity_Recording_2025_09_27_11_53_25_vehicle.csv,F:\data_set_process\data_process\01_datasets\数据预处理\原始车辆数据\gzj\Entity_Recording_2025_09_27_11_53_25_vehicle.csv,d089b40a99b8a75d5f3fca1452967be18332a03fa89fd2e37d875a45d6db761e,107740,538.7,547.135,8.435,train,val,train,test,173,原始车辆数据/gzj/Entity_Recording_2025_09_27_11_53_25_vehicle.csv,d089b40a99b8a75d5f3fca1452967be18332a03fa89fd2e37d875a45d6db761e,1.0,1.0,-0.21537399291992188
vehicle_instability_allraw__gzj__2025_09_27_11_53_25__000575025__pre1_label2_event_trigger,vehicle_instability_allraw__gzj__2025_09_27_11_53_25__000575025,gzj,2025_09_27_11_53_25,575.025,,pre1_label2_event_trigger,-1.0,0.0,0.0,2.0,all_raw_vehicle_dynamic_onset_non_steering,all_raw_detected_vehicle_instability_onset_predict_future_steering_response,instability_ay_roll,extreme_active,straight,0,-0.0,93.59,100.0,auto_accept_instability_high,hybrid_accept_high,原始车辆数据/gzj/Entity_Recording_2025_09_27_11_53_25_vehicle.csv,F:\data_set_process\data_process\01_datasets\数据预处理\原始车辆数据\gzj\Entity_Recording_2025_09_27_11_53_25_vehicle.csv,d089b40a99b8a75d5f3fca1452967be18332a03fa89fd2e37d875a45d6db761e,115005,575.025,591.775,16.75,train,train,train,test,174,原始车辆数据/gzj/Entity_Recording_2025_09_27_11_53_25_vehicle.csv,d089b40a99b8a75d5f3fca1452967be18332a03fa89fd2e37d875a45d6db761e,1.0,1.0,-0.420973002910614
vehicle_instability_allraw__gzj__2025_09_27_12_04_23__000095835__pre1_label2_event_trigger,vehicle_instability_allraw__gzj__2025_09_27_12_04_23__000095835,gzj,2025_09_27_12_04_23,95.835,,pre1_label2_event_trigger,-1.0,0.0,0.0,2.0,all_raw_vehicle_dynamic_onset_non_steering,all_raw_detected_vehicle_instability_onset_predict_future_steering_response,instability_ay_roll,strong_active,straight,0,0.0,73.2,100.0,auto_accept_instability_medium,hybrid_accept_high,原始车辆数据/gzj/Entity_Recording_2025_09_27_12_04_23_vehicle.csv,F:\data_set_process\data_process\01_datasets\数据预处理\原始车辆数据\gzj\Entity_Recording_2025_09_27_12_04_23_vehicle.csv,0e0ffdd2fc8910a27b145000413d474d45e672895117bbd5b52ba21501236ae6,19167,95.835,105.19,9.355,train,train,train,test,175,原始车辆数据/gzj/Entity_Recording_2025_09_27_12_04_23_vehicle.csv,0e0ffdd2fc8910a27b145000413d474d45e672895117bbd5b52ba21501236ae6,1.0,1.0,0.21292999386787415
vehicle_instability_allraw__gzj__2025_09_27_12_04_23__000143790__pre1_label2_event_trigger,vehicle_instability_allraw__gzj__2025_09_27_12_04_23__000143790,gzj,2025_09_27_12_04_23,143.79,,pre1_label2_event_trigger,-1.0,0.0,0.0,2.0,all_raw_vehicle_dynamic_onset_non_steering,all_raw_detected_vehicle_instability_onset_predict_future_steering_response,instability_ay_roll,extreme_active,straight,1,-0.00729802,92.57,100.0,auto_accept_instability_high,hybrid_accept_high,原始车辆数据/gzj/Entity_Recording_2025_09_27_12_04_23_vehicle.csv,F:\data_set_process\data_process\01_datasets\数据预处理\原始车辆数据\gzj\Entity_Recording_2025_09_27_12_04_23_vehicle.csv,0e0ffdd2fc8910a27b145000413d474d45e672895117bbd5b52ba21501236ae6,28758,143.79,165.035,21.245,train,test,train,test,176,原始车辆数据/gzj/Entity_Recording_2025_09_27_12_04_23_vehicle.csv,0e0ffdd2fc8910a27b145000413d474d45e672895117bbd5b52ba21501236ae6,1.0,1.0,-0.5044000148773193
vehicle_instability_allraw__gzj__2025_09_27_12_04_23__000173350__pre1_label2_event_trigger,vehicle_instability_allraw__gzj__2025_09_27_12_04_23__000173350,gzj,2025_09_27_12_04_23,173.35,,pre1_label2_event_trigger,-1.0,0.0,0.0,2.0,all_raw_vehicle_dynamic_onset_non_steering,all_raw_detected_vehicle_instability_onset_predict_future_steering_response,instability_ay_roll,strong_active,straight,0,0.0,57.24,82.5,needs_human_review,hybrid_accept_high,原始车辆数据/gzj/Entity_Recording_2025_09_27_12_04_23_vehicle.csv,F:\data_set_process\data_process\01_datasets\数据预处理\原始车辆数据\gzj\Entity_Recording_2025_09_27_12_04_23_vehicle.csv,0e0ffdd2fc8910a27b145000413d474d45e672895117bbd5b52ba21501236ae6,34670,173.35,185.48,12.13,train,val,train,test,177,原始车辆数据/gzj/Entity_Recording_2025_09_27_12_04_23_vehicle.csv,0e0ffdd2fc8910a27b145000413d474d45e672895117bbd5b52ba21501236ae6,1.0,1.0,-0.4726349115371704
vehicle_instability_allraw__gzj__2025_09_27_12_04_23__000215140__pre1_label2_event_trigger,vehicle_instability_allraw__gzj__2025_09_27_12_04_23__000215140,gzj,2025_09_27_12_04_23,215.14,,pre1_label2_event_trigger,-1.0,0.0,0.0,2.0,all_raw_vehicle_dynamic_onset_non_steering,all_raw_detected_vehicle_instability_onset_predict_future_steering_response,instability_ay_roll,strong_active,straight,0,0.0,52.17,85.8,needs_human_review,hybrid_accept_high,原始车辆数据/gzj/Entity_Recording_2025_09_27_12_04_23_vehicle.csv,F:\data_set_process\data_process\01_datasets\数据预处理\原始车辆数据\gzj\Entity_Recording_2025_09_27_12_04_23_vehicle.csv,0e0ffdd2fc8910a27b145000413d474d45e672895117bbd5b52ba21501236ae6,43028,215.14,220.065,4.925,train,test,train,test,178,原始车辆数据/gzj/Entity_Recording_2025_09_27_12_04_23_vehicle.csv,0e0ffdd2fc8910a27b145000413d474d45e672895117bbd5b52ba21501236ae6,1.0,1.0,0.02652899920940399
vehicle_instability_allraw__gzj__2025_09_27_12_04_23__000265895__pre1_label2_event_trigger,vehicle_instability_allraw__gzj__2025_09_27_12_04_23__000265895,gzj,2025_09_27_12_04_23,265.895,,pre1_label2_event_trigger,-1.0,0.0,0.0,2.0,all_raw_vehicle_dynamic_onset_non_steering,all_raw_detected_vehicle_instability_onset_predict_future_steering_response,instability_ay_roll,strong_active,straight,0,0.0,59.12,91.36,auto_accept_instability_medium,hybrid_accept_high,原始车辆数据/gzj/Entity_Recording_2025_09_27_12_04_23_vehicle.csv,F:\data_set_process\data_process\01_datasets\数据预处理\原始车辆数据\gzj\Entity_Recording_2025_09_27_12_04_23_vehicle.csv,0e0ffdd2fc8910a27b145000413d474d45e672895117bbd5b52ba21501236ae6,53179,265.895,272.41,6.515,train,train,train,test,179,原始车辆数据/gzj/Entity_Recording_2025_09_27_12_04_23_vehicle.csv,0e0ffdd2fc8910a27b145000413d474d45e672895117bbd5b52ba21501236ae6,1.0,1.0,-0.21921299397945404
vehicle_instability_allraw__gzj__2025_09_27_12_04_23__000297385__pre1_label2_event_trigger,vehicle_instability_allraw__gzj__2025_09_27_12_04_23__000297385,gzj,2025_09_27_12_04_23,297.385,,pre1_label2_event_trigger,-1.0,0.0,0.0,2.0,all_raw_vehicle_dynamic_onset_non_steering,all_raw_detected_vehicle_instability_onset_predict_future_steering_response,instability_ay_roll,weak,curve,0,0.0,80.56,100.0,auto_accept_instability_high,hybrid_accept_high,原始车辆数据/gzj/Entity_Recording_2025_09_27_12_04_23_vehicle.csv,F:\data_set_process\data_process\01_datasets\数据预处理\原始车辆数据\gzj\Entity_Recording_2025_09_27_12_04_23_vehicle.csv,0e0ffdd2fc8910a27b145000413d474d45e672895117bbd5b52ba21501236ae6,59477,297.385,309.06,11.675,train,train,train,test,180,原始车辆数据/gzj/Entity_Recording_2025_09_27_12_04_23_vehicle.csv,0e0ffdd2fc8910a27b145000413d474d45e672895117bbd5b52ba21501236ae6,1.0,1.0,0.1839580088853836
vehicle_instability_allraw__gzj__2025_09_27_12_17_12__000053185__pre1_label2_event_trigger,vehicle_instability_allraw__gzj__2025_09_27_12_17_12__000053185,gzj,2025_09_27_12_17_12,53.185,,pre1_label2_event_trigger,-1.0,0.0,0.0,2.0,all_raw_vehicle_dynamic_onset_non_steering,all_raw_detected_vehicle_instability_onset_predict_future_steering_response,instability_ay_roll,extreme_active,straight,0,0.0,79.33,100.0,auto_accept_instability_high,hybrid_accept_high,原始车辆数据/gzj/Entity_Recording_2025_09_27_12_17_12_vehicle.csv,F:\data_set_process\data_process\01_datasets\数据预处理\原始车辆数据\gzj\Entity_Recording_2025_09_27_12_17_12_vehicle.csv,d13252a729d8fc94d0d11982947c1b07540e6ec3a83114fcee6b4e5de0483d30,10637,53.185,57.175,3.99,test,train,test,test,181,原始车辆数据/gzj/Entity_Recording_2025_09_27_12_17_12_vehicle.csv,d13252a729d8fc94d0d11982947c1b07540e6ec3a83114fcee6b4e5de0483d30,1.0,1.0,0.24364691972732544
vehicle_instability_allraw__gzj__2025_09_27_12_17_12__000081700__pre1_label2_event_trigger,vehicle_instability_allraw__gzj__2025_09_27_12_17_12__000081700,gzj,2025_09_27_12_17_12,81.7,,pre1_label2_event_trigger,-1.0,0.0,0.0,2.0,all_raw_vehicle_dynamic_onset_non_steering,all_raw_detected_vehicle_instability_onset_predict_future_steering_response,instability_ay_roll,strong_active,straight,0,-0.0,80.23,100.0,auto_accept_instability_high,hybrid_accept_high,原始车辆数据/gzj/Entity_Recording_2025_09_27_12_17_12_vehicle.csv,F:\data_set_process\data_process\01_datasets\数据预处理\原始车辆数据\gzj\Entity_Recording_2025_09_27_12_17_12_vehicle.csv,d13252a729d8fc94d0d11982947c1b07540e6ec3a83114fcee6b4e5de0483d30,16340,81.7,83.695,1.995,test,train,test,test,182,原始车辆数据/gzj/Entity_Recording_2025_09_27_12_17_12_vehicle.csv,d13252a729d8fc94d0d11982947c1b07540e6ec3a83114fcee6b4e5de0483d30,1.0,1.0,0.13735507428646088
vehicle_instability_allraw__gzj__2025_09_27_12_17_12__000108865__pre1_label2_event_trigger,vehicle_instability_allraw__gzj__2025_09_27_12_17_12__000108865,gzj,2025_09_27_12_17_12,108.865,,pre1_label2_event_trigger,-1.0,0.0,0.0,2.0,all_raw_vehicle_dynamic_onset_non_steering,all_raw_detected_vehicle_instability_onset_predict_future_steering_response,instability_ay_roll,strong_active,straight,0,0.0,67.92,100.0,auto_accept_instability_medium,hybrid_accept_high,原始车辆数据/gzj/Entity_Recording_2025_09_27_12_17_12_vehicle.csv,F:\data_set_process\data_process\01_datasets\数据预处理\原始车辆数据\gzj\Entity_Recording_2025_09_27_12_17_12_vehicle.csv,d13252a729d8fc94d0d11982947c1b07540e6ec3a83114fcee6b4e5de0483d30,21773,108.865,115.585,6.72,test,train,test,test,183,原始车辆数据/gzj/Entity_Recording_2025_09_27_12_17_12_vehicle.csv,d13252a729d8fc94d0d11982947c1b07540e6ec3a83114fcee6b4e5de0483d30,1.0,1.0,-0.5073664784431458
vehicle_instability_allraw__gzj__2025_09_27_12_17_12__000150140__pre1_label2_event_trigger,vehicle_instability_allraw__gzj__2025_09_27_12_17_12__000150140,gzj,2025_09_27_12_17_12,150.14,,pre1_label2_event_trigger,-1.0,0.0,0.0,2.0,all_raw_vehicle_dynamic_onset_non_steering,all_raw_detected_vehicle_instability_onset_predict_future_steering_response,instability_ay_roll,extreme_active,straight,1,-0.00729802,80.49,100.0,auto_accept_instability_high,hybrid_accept_high,原始车辆数据/gzj/Entity_Recording_2025_09_27_12_17_12_vehicle.csv,F:\data_set_process\data_process\01_datasets\数据预处理\原始车辆数据\gzj\Entity_Recording_2025_09_27_12_17_12_vehicle.csv,d13252a729d8fc94d0d11982947c1b07540e6ec3a83114fcee6b4e5de0483d30,30028,150.14,170.4,20.26,test,train,test,test,184,原始车辆数据/gzj/Entity_Recording_2025_09_27_12_17_12_vehicle.csv,d13252a729d8fc94d0d11982947c1b07540e6ec3a83114fcee6b4e5de0483d30,1.0,1.0,-0.8082619905471802
vehicle_instability_allraw__gzj__2025_09_27_12_17_12__000175240__pre1_label2_event_trigger,vehicle_instability_allraw__gzj__2025_09_27_12_17_12__000175240,gzj,2025_09_27_12_17_12,175.24,,pre1_label2_event_trigger,-1.0,0.0,0.0,2.0,all_raw_vehicle_dynamic_onset_non_steering,all_raw_detected_vehicle_instability_onset_predict_future_steering_response,instability_ay_roll,strong_active,straight,1,6.373e-05,56.15,83.48,needs_human_review,hybrid_accept_high,原始车辆数据/gzj/Entity_Recording_2025_09_27_12_17_12_vehicle.csv,F:\data_set_process\data_process\01_datasets\数据预处理\原始车辆数据\gzj\Entity_Recording_2025_09_27_12_17_12_vehicle.csv,d13252a729d8fc94d0d11982947c1b07540e6ec3a83114fcee6b4e5de0483d30,35048,175.24,179.94,4.7,test,train,test,test,185,原始车辆数据/gzj/Entity_Recording_2025_09_27_12_17_12_vehicle.csv,d13252a729d8fc94d0d11982947c1b07540e6ec3a83114fcee6b4e5de0483d30,1.0,1.0,0.25027987360954285
vehicle_instability_allraw__gzj__2025_09_27_12_17_12__000186555__pre1_label2_event_trigger,vehicle_instability_allraw__gzj__2025_09_27_12_17_12__000186555,gzj,2025_09_27_12_17_12,186.555,,pre1_label2_event_trigger,-1.0,0.0,0.0,2.0,all_raw_vehicle_dynamic_onset_non_steering,all_raw_detected_vehicle_instability_onset_predict_future_steering_response,instability_ay_roll,strong_active,straight,0,-0.0,58.81,88.68,auto_accept_instability_medium,hybrid_accept_high,原始车辆数据/gzj/Entity_Recording_2025_09_27_12_17_12_vehicle.csv,F:\data_set_process\data_process\01_datasets\数据预处理\原始车辆数据\gzj\Entity_Recording_2025_09_27_12_17_12_vehicle.csv,d13252a729d8fc94d0d11982947c1b07540e6ec3a83114fcee6b4e5de0483d30,37311,186.555,207.865,21.31,test,val,test,test,186,原始车辆数据/gzj/Entity_Recording_2025_09_27_12_17_12_vehicle.csv,d13252a729d8fc94d0d11982947c1b07540e6ec3a83114fcee6b4e5de0483d30,1.0,1.0,-0.42708200216293335
vehicle_instability_allraw__gzj__2025_09_27_12_17_12__000218105__pre1_label2_event_trigger,vehicle_instability_allraw__gzj__2025_09_27_12_17_12__000218105,gzj,2025_09_27_12_17_12,218.105,,pre1_label2_event_trigger,-1.0,0.0,0.0,2.0,all_raw_vehicle_dynamic_onset_non_steering,all_raw_detected_vehicle_instability_onset_predict_future_steering_response,instability_ay_roll,strong_active,straight,0,0.0,64.38,100.0,auto_accept_instability_medium,hybrid_accept_high,原始车辆数据/gzj/Entity_Recording_2025_09_27_12_17_12_vehicle.csv,F:\data_set_process\data_process\01_datasets\数据预处理\原始车辆数据\gzj\Entity_Recording_2025_09_27_12_17_12_vehicle.csv,d13252a729d8fc94d0d11982947c1b07540e6ec3a83114fcee6b4e5de0483d30,43621,218.105,223.395,5.29,test,train,test,test,187,原始车辆数据/gzj/Entity_Recording_2025_09_27_12_17_12_vehicle.csv,d13252a729d8fc94d0d11982947c1b07540e6ec3a83114fcee6b4e5de0483d30,1.0,1.0,0.15131999552249908
vehicle_instability_allraw__gzj__2025_09_27_12_17_12__000253235__pre1_label2_event_trigger,vehicle_instability_allraw__gzj__2025_09_27_12_17_12__000253235,gzj,2025_09_27_12_17_12,253.235,,pre1_label2_event_trigger,-1.0,0.0,0.0,2.0,all_raw_vehicle_dynamic_onset_non_steering,all_raw_detected_vehicle_instability_onset_predict_future_steering_response,instability_ay_roll,strong_active,straight,0,0.0,71.98,100.0,auto_accept_instability_medium,hybrid_accept_high,原始车辆数据/gzj/Entity_Recording_2025_09_27_12_17_12_vehicle.csv,F:\data_set_process\data_process\01_datasets\数据预处理\原始车辆数据\gzj\Entity_Recording_2025_09_27_12_17_12_vehicle.csv,d13252a729d8fc94d0d11982947c1b07540e6ec3a83114fcee6b4e5de0483d30,50647,253.235,266.215,12.98,test,train,test,test,188,原始车辆数据/gzj/Entity_Recording_2025_09_27_12_17_12_vehicle.csv,d13252a729d8fc94d0d11982947c1b07540e6ec3a83114fcee6b4e5de0483d30,1.0,1.0,-0.3405137062072754
vehicle_instability_allraw__gzj__2025_09_27_12_17_12__000273440__pre1_label2_event_trigger,vehicle_instability_allraw__gzj__2025_09_27_12_17_12__000273440,gzj,2025_09_27_12_17_12,273.44,,pre1_label2_event_trigger,-1.0,0.0,0.0,2.0,all_raw_vehicle_dynamic_onset_non_steering,all_raw_detected_vehicle_instability_onset_predict_future_steering_response,instability_ay_roll,extreme_active,straight,0,0.0,66.15,98.31,auto_accept_instability_medium,hybrid_accept_high,原始车辆数据/gzj/Entity_Recording_2025_09_27_12_17_12_vehicle.csv,F:\data_set_process\data_process\01_datasets\数据预处理\原始车辆数据\gzj\Entity_Recording_2025_09_27_12_17_12_vehicle.csv,d13252a729d8fc94d0d11982947c1b07540e6ec3a83114fcee6b4e5de0483d30,54688,273.44,277.74,4.3,test,val,test,test,189,原始车辆数据/gzj/Entity_Recording_2025_09_27_12_17_12_vehicle.csv,d13252a729d8fc94d0d11982947c1b07540e6ec3a83114fcee6b4e5de0483d30,1.0,1.0,0.1839579939842224
vehicle_instability_allraw__gzj__2025_09_27_12_17_12__000362460__pre1_label2_event_trigger,vehicle_instability_allraw__gzj__2025_09_27_12_17_12__000362460,gzj,2025_09_27_12_17_12,362.46,,pre1_label2_event_trigger,-1.0,0.0,0.0,2.0,all_raw_vehicle_dynamic_onset_non_steering,all_raw_detected_vehicle_instability_onset_predict_future_steering_response,instability_ay_roll,strong_active,straight,1,-0.00018372,90.51,100.0,auto_accept_instability_high,hybrid_accept_high,原始车辆数据/gzj/Entity_Recording_2025_09_27_12_17_12_vehicle.csv,F:\data_set_process\data_process\01_datasets\数据预处理\原始车辆数据\gzj\Entity_Recording_2025_09_27_12_17_12_vehicle.csv,d13252a729d8fc94d0d11982947c1b07540e6ec3a83114fcee6b4e5de0483d30,72492,362.46,372.05,9.59,test,train,test,test,190,原始车辆数据/gzj/Entity_Recording_2025_09_27_12_17_12_vehicle.csv,d13252a729d8fc94d0d11982947c1b07540e6ec3a83114fcee6b4e5de0483d30,1.0,1.0,0.20106199383735657
vehicle_instability_allraw__gzj__2025_09_27_12_17_12__000392590__pre1_label2_event_trigger,vehicle_instability_allraw__gzj__2025_09_27_12_17_12__000392590,gzj,2025_09_27_12_17_12,392.59,,pre1_label2_event_trigger,-1.0,0.0,0.0,2.0,all_raw_vehicle_dynamic_onset_non_steering,all_raw_detected_vehicle_instability_onset_predict_future_steering_response,instability_ay_roll,extreme_active,straight,0,0.0,85.62,100.0,auto_accept_instability_high,hybrid_accept_high,原始车辆数据/gzj/Entity_Recording_2025_09_27_12_17_12_vehicle.csv,F:\data_set_process\data_process\01_datasets\数据预处理\原始车辆数据\gzj\Entity_Recording_2025_09_27_12_17_12_vehicle.csv,d13252a729d8fc94d0d11982947c1b07540e6ec3a83114fcee6b4e5de0483d30,78518,392.59,405.52,12.93,test,train,test,test,191,原始车辆数据/gzj/Entity_Recording_2025_09_27_12_17_12_vehicle.csv,d13252a729d8fc94d0d11982947c1b07540e6ec3a83114fcee6b4e5de0483d30,1.0,1.0,0.2134539932012558
vehicle_instability_allraw__gzj__2025_09_27_12_17_12__000489775__pre1_label2_event_trigger,vehicle_instability_allraw__gzj__2025_09_27_12_17_12__000489775,gzj,2025_09_27_12_17_12,489.775,,pre1_label2_event_trigger,-1.0,0.0,0.0,2.0,all_raw_vehicle_dynamic_onset_non_steering,all_raw_detected_vehicle_instability_onset_predict_future_steering_response,instability_ay_roll,strong_active,straight,0,-0.0,83.12,100.0,auto_accept_instability_high,hybrid_accept_high,原始车辆数据/gzj/Entity_Recording_2025_09_27_12_17_12_vehicle.csv,F:\data_set_process\data_process\01_datasets\数据预处理\原始车辆数据\gzj\Entity_Recording_2025_09_27_12_17_12_vehicle.csv,d13252a729d8fc94d0d11982947c1b07540e6ec3a83114fcee6b4e5de0483d30,97955,489.775,495.265,5.49,test,val,test,test,192,原始车辆数据/gzj/Entity_Recording_2025_09_27_12_17_12_vehicle.csv,d13252a729d8fc94d0d11982947c1b07540e6ec3a83114fcee6b4e5de0483d30,1.0,1.0,-0.3933970034122467
vehicle_instability_allraw__gzj__2025_09_27_12_17_12__000518180__pre1_label2_event_trigger,vehicle_instability_allraw__gzj__2025_09_27_12_17_12__000518180,gzj,2025_09_27_12_17_12,518.18,,pre1_label2_event_trigger,-1.0,0.0,0.0,2.0,all_raw_vehicle_dynamic_onset_non_steering,all_raw_detected_vehicle_instability_onset_predict_future_steering_response,instability_ay_roll,medium_active,curve,0,-0.0,58.6,86.92,auto_accept_instability_medium,hybrid_accept_high,原始车辆数据/gzj/Entity_Recording_2025_09_27_12_17_12_vehicle.csv,F:\data_set_process\data_process\01_datasets\数据预处理\原始车辆数据\gzj\Entity_Recording_2025_09_27_12_17_12_vehicle.csv,d13252a729d8fc94d0d11982947c1b07540e6ec3a83114fcee6b4e5de0483d30,103636,518.18,542.325,24.145,test,val,test,test,193,原始车辆数据/gzj/Entity_Recording_2025_09_27_12_17_12_vehicle.csv,d13252a729d8fc94d0d11982947c1b07540e6ec3a83114fcee6b4e5de0483d30,1.0,1.0,0.20001429319381714
vehicle_instability_allraw__gzj__2025_09_27_12_17_12__000546730__pre1_label2_event_trigger,vehicle_instability_allraw__gzj__2025_09_27_12_17_12__000546730,gzj,2025_09_27_12_17_12,546.73,,pre1_label2_event_trigger,-1.0,0.0,0.0,2.0,all_raw_vehicle_dynamic_onset_non_steering,all_raw_detected_vehicle_instability_onset_predict_future_steering_response,instability_ay_roll,medium_active,straight,0,-0.0,55.67,89.99,needs_human_review,hybrid_accept_high,原始车辆数据/gzj/Entity_Recording_2025_09_27_12_17_12_vehicle.csv,F:\data_set_process\data_process\01_datasets\数据预处理\原始车辆数据\gzj\Entity_Recording_2025_09_27_12_17_12_vehicle.csv,d13252a729d8fc94d0d11982947c1b07540e6ec3a83114fcee6b4e5de0483d30,109346,546.73,551.25,4.52,test,train,test,test,194,原始车辆数据/gzj/Entity_Recording_2025_09_27_12_17_12_vehicle.csv,d13252a729d8fc94d0d11982947c1b07540e6ec3a83114fcee6b4e5de0483d30,1.0,1.0,-0.4722859859466553
vehicle_instability_allraw__gzj__2025_09_27_12_17_12__000585940__pre1_label2_event_trigger,vehicle_instability_allraw__gzj__2025_09_27_12_17_12__000585940,gzj,2025_09_27_12_17_12,585.94,,pre1_label2_event_trigger,-1.0,0.0,0.0,2.0,all_raw_vehicle_dynamic_onset_non_steering,all_raw_detected_vehicle_instability_onset_predict_future_steering_response,instability_ay_roll,instability_strong,design_high_risk_surface,0,0.0,73.14,86.14,auto_accept_instability_medium,hybrid_accept_high,原始车辆数据/gzj/Entity_Recording_2025_09_27_12_17_12_vehicle.csv,F:\data_set_process\data_process\01_datasets\数据预处理\原始车辆数据\gzj\Entity_Recording_2025_09_27_12_17_12_vehicle.csv,d13252a729d8fc94d0d11982947c1b07540e6ec3a83114fcee6b4e5de0483d30,117188,585.94,586.355,0.415,test,test,test,test,195,原始车辆数据/gzj/Entity_Recording_2025_09_27_12_17_12_vehicle.csv,d13252a729d8fc94d0d11982947c1b07540e6ec3a83114fcee6b4e5de0483d30,1.0,1.0,-0.3296929895877838
vehicle_instability_allraw__gzj__2025_09_27_12_17_12__000592750__pre1_label2_event_trigger,vehicle_instability_allraw__gzj__2025_09_27_12_17_12__000592750,gzj,2025_09_27_12_17_12,592.75,,pre1_label2_event_trigger,-1.0,0.0,0.0,2.0,all_raw_vehicle_dynamic_onset_non_steering,all_raw_detected_vehicle_instability_onset_predict_future_steering_response,instability_ay_roll,extreme_active,straight,0,0.0,94.7,100.0,auto_accept_instability_high,hybrid_accept_high,原始车辆数据/gzj/Entity_Recording_2025_09_27_12_17_12_vehicle.csv,F:\data_set_process\data_process\01_datasets\数据预处理\原始车辆数据\gzj\Entity_Recording_2025_09_27_12_17_12_vehicle.csv,d13252a729d8fc94d0d11982947c1b07540e6ec3a83114fcee6b4e5de0483d30,118550,592.75,606.25,13.5,test,train,test,test,196,原始车辆数据/gzj/Entity_Recording_2025_09_27_12_17_12_vehicle.csv,d13252a729d8fc94d0d11982947c1b07540e6ec3a83114fcee6b4e5de0483d30,1.0,1.0,-0.0654497966170311
vehicle_instability_allraw__gzj__2025_09_27_12_28_14__000046325__pre1_label2_event_trigger,vehicle_instability_allraw__gzj__2025_09_27_12_28_14__000046325,gzj,2025_09_27_12_28_14,46.325,,pre1_label2_event_trigger,-1.0,0.0,0.0,2.0,all_raw_vehicle_dynamic_onset_non_steering,all_raw_detected_vehicle_instability_onset_predict_future_steering_response,instability_ay_roll,extreme_active,straight,0,-0.0,75.76,100.0,auto_accept_instability_high,hybrid_accept_high,原始车辆数据/gzj/Entity_Recording_2025_09_27_12_28_14_vehicle.csv,F:\data_set_process\data_process\01_datasets\数据预处理\原始车辆数据\gzj\Entity_Recording_2025_09_27_12_28_14_vehicle.csv,4f0c93c6426234284e4be5038f0b87afc03f9cb28eaf25e6b30d2c098b0f7016,9265,46.325,53.175,6.85,train,train,train,test,197,原始车辆数据/gzj/Entity_Recording_2025_09_27_12_28_14_vehicle.csv,4f0c93c6426234284e4be5038f0b87afc03f9cb28eaf25e6b30d2c098b0f7016,1.0,1.0,-0.30281636118888855
vehicle_instability_allraw__gzj__2025_09_27_12_28_14__000101220__pre1_label2_event_trigger,vehicle_instability_allraw__gzj__2025_09_27_12_28_14__000101220,gzj,2025_09_27_12_28_14,101.22,,pre1_label2_event_trigger,-1.0,0.0,0.0,2.0,all_raw_vehicle_dynamic_onset_non_steering,all_raw_detected_vehicle_instability_onset_predict_future_steering_response,instability_ay_only,extreme_active,straight,0,-0.0,65.28,95.74,auto_accept_instability_medium,hybrid_accept_high,原始车辆数据/gzj/Entity_Recording_2025_09_27_12_28_14_vehicle.csv,F:\data_set_process\data_process\01_datasets\数据预处理\原始车辆数据\gzj\Entity_Recording_2025_09_27_12_28_14_vehicle.csv,4f0c93c6426234284e4be5038f0b87afc03f9cb28eaf25e6b30d2c098b0f7016,20244,101.22,101.575,0.355,train,test,train,test,198,原始车辆数据/gzj/Entity_Recording_2025_09_27_12_28_14_vehicle.csv,4f0c93c6426234284e4be5038f0b87afc03f9cb28eaf25e6b30d2c098b0f7016,1.0,1.0,0.1254890263080597
vehicle_instability_allraw__gzj__2025_09_27_12_28_14__000104490__pre1_label2_event_trigger,vehicle_instability_allraw__gzj__2025_09_27_12_28_14__000104490,gzj,2025_09_27_12_28_14,104.49,,pre1_label2_event_trigger,-1.0,0.0,0.0,2.0,all_raw_vehicle_dynamic_onset_non_steering,all_raw_detected_vehicle_instability_onset_predict_future_steering_response,instability_ay_roll,extreme_active,straight,0,0.0,83.0,100.0,auto_accept_instability_high,hybrid_accept_high,原始车辆数据/gzj/Entity_Recording_2025_09_27_12_28_14_vehicle.csv,F:\data_set_process\data_process\01_datasets\数据预处理\原始车辆数据\gzj\Entity_Recording_2025_09_27_12_28_14_vehicle.csv,4f0c93c6426234284e4be5038f0b87afc03f9cb28eaf25e6b30d2c098b0f7016,20898,104.49,112.295,7.805,train,test,train,test,199,原始车辆数据/gzj/Entity_Recording_2025_09_27_12_28_14_vehicle.csv,4f0c93c6426234284e4be5038f0b87afc03f9cb28eaf25e6b30d2c098b0f7016,1.0,1.0,-0.5377359986305237
vehicle_instability_allraw__gzj__2025_09_27_12_28_14__000151555__pre1_label2_event_trigger,vehicle_instability_allraw__gzj__2025_09_27_12_28_14__000151555,gzj,2025_09_27_12_28_14,151.555,,pre1_label2_event_trigger,-1.0,0.0,0.0,2.0,all_raw_vehicle_dynamic_onset_non_steering,all_raw_detected_vehicle_instability_onset_predict_future_steering_response,instability_ay_roll,extreme_active,straight,1,-0.00729802,80.83,100.0,auto_accept_instability_high,hybrid_accept_high,原始车辆数据/gzj/Entity_Recording_2025_09_27_12_28_14_vehicle.csv,F:\data_set_process\data_process\01_datasets\数据预处理\原始车辆数据\gzj\Entity_Recording_2025_09_27_12_28_14_vehicle.csv,4f0c93c6426234284e4be5038f0b87afc03f9cb28eaf25e6b30d2c098b0f7016,30311,151.555,173.93,22.375,train,test,train,test,200,原始车辆数据/gzj/Entity_Recording_2025_09_27_12_28_14_vehicle.csv,4f0c93c6426234284e4be5038f0b87afc03f9cb28eaf25e6b30d2c098b0f7016,1.0,1.0,-1.0292212963104248
vehicle_instability_allraw__gzj__2025_09_27_12_28_14__000184075__pre1_label2_event_trigger,vehicle_instability_allraw__gzj__2025_09_27_12_28_14__000184075,gzj,2025_09_27_12_28_14,184.075,,pre1_label2_event_trigger,-1.0,0.0,0.0,2.0,all_raw_vehicle_dynamic_onset_non_steering,all_raw_detected_vehicle_instability_onset_predict_future_steering_response,instability_ay_roll,strong_active,straight,0,-0.0,59.22,86.65,auto_accept_instability_medium,hybrid_accept_high,原始车辆数据/gzj/Entity_Recording_2025_09_27_12_28_14_vehicle.csv,F:\data_set_process\data_process\01_datasets\数据预处理\原始车辆数据\gzj\Entity_Recording_2025_09_27_12_28_14_vehicle.csv,4f0c93c6426234284e4be5038f0b87afc03f9cb28eaf25e6b30d2c098b0f7016,36815,184.075,190.725,6.65,train,train,train,test,201,原始车辆数据/gzj/Entity_Recording_2025_09_27_12_28_14_vehicle.csv,4f0c93c6426234284e4be5038f0b87afc03f9cb28eaf25e6b30d2c098b0f7016,1.0,1.0,0.05009090155363083
vehicle_instability_allraw__gzj__2025_09_27_12_28_14__000198480__pre1_label2_event_trigger,vehicle_instability_allraw__gzj__2025_09_27_12_28_14__000198480,gzj,2025_09_27_12_28_14,198.48,,pre1_label2_event_trigger,-1.0,0.0,0.0,2.0,all_raw_vehicle_dynamic_onset_non_steering,all_raw_detected_vehicle_instability_onset_predict_future_steering_response,instability_ay_roll,extreme_active,straight,0,0.0,75.39,100.0,auto_accept_instability_high,hybrid_accept_high,原始车辆数据/gzj/Entity_Recording_2025_09_27_12_28_14_vehicle.csv,F:\data_set_process\data_process\01_datasets\数据预处理\原始车辆数据\gzj\Entity_Recording_2025_09_27_12_28_14_vehicle.csv,4f0c93c6426234284e4be5038f0b87afc03f9cb28eaf25e6b30d2c098b0f7016,39696,198.48,209.55,11.07,train,train,train,test,202,原始车辆数据/gzj/Entity_Recording_2025_09_27_12_28_14_vehicle.csv,4f0c93c6426234284e4be5038f0b87afc03f9cb28eaf25e6b30d2c098b0f7016,1.0,1.0,0.20490187406539917
vehicle_instability_allraw__gzj__2025_09_27_12_28_14__000214945__pre1_label2_event_trigger,vehicle_instability_allraw__gzj__2025_09_27_12_28_14__000214945,gzj,2025_09_27_12_28_14,214.945,,pre1_label2_event_trigger,-1.0,0.0,0.0,2.0,all_raw_vehicle_dynamic_onset_non_steering,all_raw_detected_vehicle_instability_onset_predict_future_steering_response,instability_ay_roll,extreme_active,straight,0,0.0,94.02,100.0,auto_accept_instability_high,hybrid_accept_high,原始车辆数据/gzj/Entity_Recording_2025_09_27_12_28_14_vehicle.csv,F:\data_set_process\data_process\01_datasets\数据预处理\原始车辆数据\gzj\Entity_Recording_2025_09_27_12_28_14_vehicle.csv,4f0c93c6426234284e4be5038f0b87afc03f9cb28eaf25e6b30d2c098b0f7016,42989,214.945,227.035,12.09,train,train,train,test,203,原始车辆数据/gzj/Entity_Recording_2025_09_27_12_28_14_vehicle.csv,4f0c93c6426234284e4be5038f0b87afc03f9cb28eaf25e6b30d2c098b0f7016,1.0,1.0,0.006632669363170862
vehicle_instability_allraw__gzj__2025_09_27_12_28_14__000231185__pre1_label2_event_trigger,vehicle_instability_allraw__gzj__2025_09_27_12_28_14__000231185,gzj,2025_09_27_12_28_14,231.185,,pre1_label2_event_trigger,-1.0,0.0,0.0,2.0,all_raw_vehicle_dynamic_onset_non_steering,all_raw_detected_vehicle_instability_onset_predict_future_steering_response,instability_ay_roll,extreme_active,straight,0,-0.0,86.72,100.0,auto_accept_instability_high,hybrid_accept_high,原始车辆数据/gzj/Entity_Recording_2025_09_27_12_28_14_vehicle.csv,F:\data_set_process\data_process\01_datasets\数据预处理\原始车辆数据\gzj\Entity_Recording_2025_09_27_12_28_14_vehicle.csv,4f0c93c6426234284e4be5038f0b87afc03f9cb28eaf25e6b30d2c098b0f7016,46237,231.185,240.885,9.7,train,train,train,test,204,原始车辆数据/gzj/Entity_Recording_2025_09_27_12_28_14_vehicle.csv,4f0c93c6426234284e4be5038f0b87afc03f9cb28eaf25e6b30d2c098b0f7016,1.0,1.0,-2.5692999362945557
vehicle_instability_allraw__gzj__2025_09_27_12_28_14__000308055__pre1_label2_event_trigger,vehicle_instability_allraw__gzj__2025_09_27_12_28_14__000308055,gzj,2025_09_27_12_28_14,308.055,,pre1_label2_event_trigger,-1.0,0.0,0.0,2.0,all_raw_vehicle_dynamic_onset_non_steering,all_raw_detected_vehicle_instability_onset_predict_future_steering_response,instability_ay_roll,extreme_active,straight,0,0.0,63.7,100.0,auto_accept_instability_medium,hybrid_accept_high,原始车辆数据/gzj/Entity_Recording_2025_09_27_12_28_14_vehicle.csv,F:\data_set_process\data_process\01_datasets\数据预处理\原始车辆数据\gzj\Entity_Recording_2025_09_27_12_28_14_vehicle.csv,4f0c93c6426234284e4be5038f0b87afc03f9cb28eaf25e6b30d2c098b0f7016,61611,308.055,313.6,5.545,train,train,train,test,205,原始车辆数据/gzj/Entity_Recording_2025_09_27_12_28_14_vehicle.csv,4f0c93c6426234284e4be5038f0b87afc03f9cb28eaf25e6b30d2c098b0f7016,1.0,1.0,0.18779699504375458
vehicle_instability_allraw__gzj__2025_09_27_12_28_14__000331425__pre1_label2_event_trigger,vehicle_instability_allraw__gzj__2025_09_27_12_28_14__000331425,gzj,2025_09_27_12_28_14,331.425,,pre1_label2_event_trigger,-1.0,0.0,0.0,2.0,all_raw_vehicle_dynamic_onset_non_steering,all_raw_detected_vehicle_instability_onset_predict_future_steering_response,instability_ay_roll,medium_active,straight,0,0.0,71.98,100.0,auto_accept_instability_medium,hybrid_accept_high,原始车辆数据/gzj/Entity_Recording_2025_09_27_12_28_14_vehicle.csv,F:\data_set_process\data_process\01_datasets\数据预处理\原始车辆数据\gzj\Entity_Recording_2025_09_27_12_28_14_vehicle.csv,4f0c93c6426234284e4be5038f0b87afc03f9cb28eaf25e6b30d2c098b0f7016,66285,331.425,351.28,19.855,train,train,train,test,206,原始车辆数据/gzj/Entity_Recording_2025_09_27_12_28_14_vehicle.csv,4f0c93c6426234284e4be5038f0b87afc03f9cb28eaf25e6b30d2c098b0f7016,1.0,1.0,0.14573541283607483
vehicle_instability_allraw__gzj__2025_09_27_12_28_14__000362825__pre1_label2_event_trigger,vehicle_instability_allraw__gzj__2025_09_27_12_28_14__000362825,gzj,2025_09_27_12_28_14,362.825,,pre1_label2_event_trigger,-1.0,0.0,0.0,2.0,all_raw_vehicle_dynamic_onset_non_steering,all_raw_detected_vehicle_instability_onset_predict_future_steering_response,instability_ay_roll,strong_active,straight,1,-0.0,59.77,87.08,auto_accept_instability_medium,hybrid_accept_high,原始车辆数据/gzj/Entity_Recording_2025_09_27_12_28_14_vehicle.csv,F:\data_set_process\data_process\01_datasets\数据预处理\原始车辆数据\gzj\Entity_Recording_2025_09_27_12_28_14_vehicle.csv,4f0c93c6426234284e4be5038f0b87afc03f9cb28eaf25e6b30d2c098b0f7016,72565,362.825,376.58,13.755,train,train,train,test,207,原始车辆数据/gzj/Entity_Recording_2025_09_27_12_28_14_vehicle.csv,4f0c93c6426234284e4be5038f0b87afc03f9cb28eaf25e6b30d2c098b0f7016,1.0,1.0,-0.21781699359416962
vehicle_instability_allraw__gzj__2025_09_27_12_28_14__000388095__pre1_label2_event_trigger,vehicle_instability_allraw__gzj__2025_09_27_12_28_14__000388095,gzj,2025_09_27_12_28_14,388.095,,pre1_label2_event_trigger,-1.0,0.0,0.0,2.0,all_raw_vehicle_dynamic_onset_non_steering,all_raw_detected_vehicle_instability_onset_predict_future_steering_response,instability_ay_roll,medium_active,straight,1,-0.00010743,63.76,82.12,auto_accept_instability_medium,hybrid_accept_high,原始车辆数据/gzj/Entity_Recording_2025_09_27_12_28_14_vehicle.csv,F:\data_set_process\data_process\01_datasets\数据预处理\原始车辆数据\gzj\Entity_Recording_2025_09_27_12_28_14_vehicle.csv,4f0c93c6426234284e4be5038f0b87afc03f9cb28eaf25e6b30d2c098b0f7016,77619,388.095,389.765,1.67,train,train,train,test,208,原始车辆数据/gzj/Entity_Recording_2025_09_27_12_28_14_vehicle.csv,4f0c93c6426234284e4be5038f0b87afc03f9cb28eaf25e6b30d2c098b0f7016,1.0,1.0,0.13892799615859985
vehicle_instability_allraw__gzj__2025_09_27_12_28_14__000393180__pre1_label2_event_trigger,vehicle_instability_allraw__gzj__2025_09_27_12_28_14__000393180,gzj,2025_09_27_12_28_14,393.18,,pre1_label2_event_trigger,-1.0,0.0,0.0,2.0,all_raw_vehicle_dynamic_onset_non_steering,all_raw_detected_vehicle_instability_onset_predict_future_steering_response,instability_ay_roll,extreme_active,straight,0,0.0,78.57,100.0,auto_accept_instability_high,hybrid_accept_high,原始车辆数据/gzj/Entity_Recording_2025_09_27_12_28_14_vehicle.csv,F:\data_set_process\data_process\01_datasets\数据预处理\原始车辆数据\gzj\Entity_Recording_2025_09_27_12_28_14_vehicle.csv,4f0c93c6426234284e4be5038f0b87afc03f9cb28eaf25e6b30d2c098b0f7016,78636,393.18,401.48,8.3,train,train,train,test,209,原始车辆数据/gzj/Entity_Recording_2025_09_27_12_28_14_vehicle.csv,4f0c93c6426234284e4be5038f0b87afc03f9cb28eaf25e6b30d2c098b0f7016,1.0,1.0,-0.41154900193214417
vehicle_instability_allraw__gzj__2025_09_27_12_28_14__000416905__pre1_label2_event_trigger,vehicle_instability_allraw__gzj__2025_09_27_12_28_14__000416905,gzj,2025_09_27_12_28_14,416.905,,pre1_label2_event_trigger,-1.0,0.0,0.0,2.0,all_raw_vehicle_dynamic_onset_non_steering,all_raw_detected_vehicle_instability_onset_predict_future_steering_response,instability_ay_roll,extreme_active,straight,0,0.0,86.29,100.0,auto_accept_instability_high,hybrid_accept_high,原始车辆数据/gzj/Entity_Recording_2025_09_27_12_28_14_vehicle.csv,F:\data_set_process\data_process\01_datasets\数据预处理\原始车辆数据\gzj\Entity_Recording_2025_09_27_12_28_14_vehicle.csv,4f0c93c6426234284e4be5038f0b87afc03f9cb28eaf25e6b30d2c098b0f7016,83381,416.905,432.835,15.93,train,train,train,test,210,原始车辆数据/gzj/Entity_Recording_2025_09_27_12_28_14_vehicle.csv,4f0c93c6426234284e4be5038f0b87afc03f9cb28eaf25e6b30d2c098b0f7016,1.0,1.0,-0.41242098808288574
vehicle_instability_allraw__gzj__2025_09_27_12_28_14__000475005__pre1_label2_event_trigger,vehicle_instability_allraw__gzj__2025_09_27_12_28_14__000475005,gzj,2025_09_27_12_28_14,475.005,,pre1_label2_event_trigger,-1.0,0.0,0.0,2.0,all_raw_vehicle_dynamic_onset_non_steering,all_raw_detected_vehicle_instability_onset_predict_future_steering_response,instability_ay_roll,strong_active,straight,0,-0.0,57.33,90.54,needs_human_review,hybrid_accept_high,原始车辆数据/gzj/Entity_Recording_2025_09_27_12_28_14_vehicle.csv,F:\data_set_process\data_process\01_datasets\数据预处理\原始车辆数据\gzj\Entity_Recording_2025_09_27_12_28_14_vehicle.csv,4f0c93c6426234284e4be5038f0b87afc03f9cb28eaf25e6b30d2c098b0f7016,95001,475.005,481.595,6.59,train,train,train,test,211,原始车辆数据/gzj/Entity_Recording_2025_09_27_12_28_14_vehicle.csv,4f0c93c6426234284e4be5038f0b87afc03f9cb28eaf25e6b30d2c098b0f7016,1.0,1.0,0.7874929904937744
vehicle_instability_allraw__gzj__2025_09_27_12_28_14__000486975__pre1_label2_event_trigger,vehicle_instability_allraw__gzj__2025_09_27_12_28_14__000486975,gzj,2025_09_27_12_28_14,486.975,,pre1_label2_event_trigger,-1.0,0.0,0.0,2.0,all_raw_vehicle_dynamic_onset_non_steering,all_raw_detected_vehicle_instability_onset_predict_future_steering_response,instability_ay_roll,extreme_active,straight,0,0.0,80.76,100.0,auto_accept_instability_high,hybrid_accept_high,原始车辆数据/gzj/Entity_Recording_2025_09_27_12_28_14_vehicle.csv,F:\data_set_process\data_process\01_datasets\数据预处理\原始车辆数据\gzj\Entity_Recording_2025_09_27_12_28_14_vehicle.csv,4f0c93c6426234284e4be5038f0b87afc03f9cb28eaf25e6b30d2c098b0f7016,97395,486.975,516.345,29.37,train,train,train,test,212,原始车辆数据/gzj/Entity_Recording_2025_09_27_12_28_14_vehicle.csv,4f0c93c6426234284e4be5038f0b87afc03f9cb28eaf25e6b30d2c098b0f7016,1.0,1.0,-0.1600469946861267
vehicle_instability_allraw__gzj__2025_09_27_12_28_14__000531015__pre1_label2_event_trigger,vehicle_instability_allraw__gzj__2025_09_27_12_28_14__000531015,gzj,2025_09_27_12_28_14,531.015,,pre1_label2_event_trigger,-1.0,0.0,0.0,2.0,all_raw_vehicle_dynamic_onset_non_steering,all_raw_detected_vehicle_instability_onset_predict_future_steering_response,instability_ay_roll,strong_active,straight,0,0.0,57.89,84.04,needs_human_review,hybrid_accept_high,原始车辆数据/gzj/Entity_Recording_2025_09_27_12_28_14_vehicle.csv,F:\data_set_process\data_process\01_datasets\数据预处理\原始车辆数据\gzj\Entity_Recording_2025_09_27_12_28_14_vehicle.csv,4f0c93c6426234284e4be5038f0b87afc03f9cb28eaf25e6b30d2c098b0f7016,106203,531.015,559.415,28.4,train,test,train,test,213,原始车辆数据/gzj/Entity_Recording_2025_09_27_12_28_14_vehicle.csv,4f0c93c6426234284e4be5038f0b87afc03f9cb28eaf25e6b30d2c098b0f7016,1.0,1.0,0.1284559965133667
vehicle_instability_allraw__gzj__2025_09_27_12_28_14__000562665__pre1_label2_event_trigger,vehicle_instability_allraw__gzj__2025_09_27_12_28_14__000562665,gzj,2025_09_27_12_28_14,562.665,,pre1_label2_event_trigger,-1.0,0.0,0.0,2.0,all_raw_vehicle_dynamic_onset_non_steering,all_raw_detected_vehicle_instability_onset_predict_future_steering_response,instability_ay_roll,weak,curve,0,-0.0,62.92,88.74,auto_accept_instability_medium,hybrid_accept_high,原始车辆数据/gzj/Entity_Recording_2025_09_27_12_28_14_vehicle.csv,F:\data_set_process\data_process\01_datasets\数据预处理\原始车辆数据\gzj\Entity_Recording_2025_09_27_12_28_14_vehicle.csv,4f0c93c6426234284e4be5038f0b87afc03f9cb28eaf25e6b30d2c098b0f7016,112533,562.665,567.435,4.77,train,train,train,test,214,原始车辆数据/gzj/Entity_Recording_2025_09_27_12_28_14_vehicle.csv,4f0c93c6426234284e4be5038f0b87afc03f9cb28eaf25e6b30d2c098b0f7016,1.0,1.0,-0.23335100710391998
vehicle_instability_allraw__gzj__2025_09_27_12_28_14__000613925__pre1_label2_event_trigger,vehicle_instability_allraw__gzj__2025_09_27_12_28_14__000613925,gzj,2025_09_27_12_28_14,613.925,,pre1_label2_event_trigger,-1.0,0.0,0.0,2.0,all_raw_vehicle_dynamic_onset_non_steering,all_raw_detected_vehicle_instability_onset_predict_future_steering_response,instability_ay_roll,extreme_active,straight,0,0.0,94.92,100.0,auto_accept_instability_high,hybrid_accept_high,原始车辆数据/gzj/Entity_Recording_2025_09_27_12_28_14_vehicle.csv,F:\data_set_process\data_process\01_datasets\数据预处理\原始车辆数据\gzj\Entity_Recording_2025_09_27_12_28_14_vehicle.csv,4f0c93c6426234284e4be5038f0b87afc03f9cb28eaf25e6b30d2c098b0f7016,122785,613.925,626.945,13.02,train,train,train,test,215,原始车辆数据/gzj/Entity_Recording_2025_09_27_12_28_14_vehicle.csv,4f0c93c6426234284e4be5038f0b87afc03f9cb28eaf25e6b30d2c098b0f7016,1.0,1.0,-0.3721039891242981
vehicle_instability_allraw__hzh__2025_09_26_20_50_27__000034605__pre1_label2_event_trigger,vehicle_instability_allraw__hzh__2025_09_26_20_50_27__000034605,hzh,2025_09_26_20_50_27,34.605,,pre1_label2_event_trigger,-1.0,0.0,0.0,2.0,all_raw_vehicle_dynamic_onset_non_steering,all_raw_detected_vehicle_instability_onset_predict_future_steering_response,instability_ay_roll,weak,straight,0,-0.0,46.07,72.0,needs_human_review,manual_confirmed_accept,原始车辆数据/hzh/Entity_Recording_2025_09_26_20_50_27_vehicle.csv,F:\data_set_process\data_process\01_datasets\数据预处理\原始车辆数据\hzh\Entity_Recording_2025_09_26_20_50_27_vehicle.csv,70145aac303ef29c2fc4760ca0b819dd5240b13b5c685826daece1d0713c8c33,6921,34.605,41.775,7.17,test,test,test,test,216,原始车辆数据/hzh/Entity_Recording_2025_09_26_20_50_27_vehicle.csv,70145aac303ef29c2fc4760ca0b819dd5240b13b5c685826daece1d0713c8c33,1.0,1.0,0.04415680095553398
vehicle_instability_allraw__hzh__2025_09_26_20_50_27__000061190__pre1_label2_event_trigger,vehicle_instability_allraw__hzh__2025_09_26_20_50_27__000061190,hzh,2025_09_26_20_50_27,61.19,,pre1_label2_event_trigger,-1.0,0.0,0.0,2.0,all_raw_vehicle_dynamic_onset_non_steering,all_raw_detected_vehicle_instability_onset_predict_future_steering_response,instability_ay_roll,medium_active,straight,0,0.0,55.52,76.79,needs_human_review,manual_confirmed_accept,原始车辆数据/hzh/Entity_Recording_2025_09_26_20_50_27_vehicle.csv,F:\data_set_process\data_process\01_datasets\数据预处理\原始车辆数据\hzh\Entity_Recording_2025_09_26_20_50_27_vehicle.csv,70145aac303ef29c2fc4760ca0b819dd5240b13b5c685826daece1d0713c8c33,12238,61.19,70.88,9.69,test,val,test,test,217,原始车辆数据/hzh/Entity_Recording_2025_09_26_20_50_27_vehicle.csv,70145aac303ef29c2fc4760ca0b819dd5240b13b5c685826daece1d0713c8c33,1.0,1.0,-0.4173080027103424
vehicle_instability_allraw__hzh__2025_09_26_20_50_27__000099655__pre1_label2_event_trigger,vehicle_instability_allraw__hzh__2025_09_26_20_50_27__000099655,hzh,2025_09_26_20_50_27,99.655,,pre1_label2_event_trigger,-1.0,0.0,0.0,2.0,all_raw_vehicle_dynamic_onset_non_steering,all_raw_detected_vehicle_instability_onset_predict_future_steering_response,instability_ay_roll,strong_active,straight,0,0.0,57.78,84.35,needs_human_review,hybrid_accept_high,原始车辆数据/hzh/Entity_Recording_2025_09_26_20_50_27_vehicle.csv,F:\data_set_process\data_process\01_datasets\数据预处理\原始车辆数据\hzh\Entity_Recording_2025_09_26_20_50_27_vehicle.csv,70145aac303ef29c2fc4760ca0b819dd5240b13b5c685826daece1d0713c8c33,19931,99.655,109.225,9.57,test,train,test,test,218,原始车辆数据/hzh/Entity_Recording_2025_09_26_20_50_27_vehicle.csv,70145aac303ef29c2fc4760ca0b819dd5240b13b5c685826daece1d0713c8c33,1.0,1.0,-0.3469710052013397
vehicle_instability_allraw__hzh__2025_09_26_20_50_27__000128695__pre1_label2_event_trigger,vehicle_instability_allraw__hzh__2025_09_26_20_50_27__000128695,hzh,2025_09_26_20_50_27,128.695,,pre1_label2_event_trigger,-1.0,0.0,0.0,2.0,all_raw_vehicle_dynamic_onset_non_steering,all_raw_detected_vehicle_instability_onset_predict_future_steering_response,instability_ay_roll,strong_active,straight,1,0.0,67.95,100.0,auto_accept_instability_medium,manual_confirmed_accept,原始车辆数据/hzh/Entity_Recording_2025_09_26_20_50_27_vehicle.csv,F:\data_set_process\data_process\01_datasets\数据预处理\原始车辆数据\hzh\Entity_Recording_2025_09_26_20_50_27_vehicle.csv,70145aac303ef29c2fc4760ca0b819dd5240b13b5c685826daece1d0713c8c33,25739,128.695,137.015,8.32,test,test,test,test,219,原始车辆数据/hzh/Entity_Recording_2025_09_26_20_50_27_vehicle.csv,70145aac303ef29c2fc4760ca0b819dd5240b13b5c685826daece1d0713c8c33,1.0,1.0,0.14817799627780914
vehicle_instability_allraw__hzh__2025_09_26_20_50_27__000148635__pre1_label2_event_trigger,vehicle_instability_allraw__hzh__2025_09_26_20_50_27__000148635,hzh,2025_09_26_20_50_27,148.635,,pre1_label2_event_trigger,-1.0,0.0,0.0,2.0,all_raw_vehicle_dynamic_onset_non_steering,all_raw_detected_vehicle_instability_onset_predict_future_steering_response,instability_ay_roll,extreme_active,straight,1,-0.00729802,94.36,100.0,auto_accept_instability_high,manual_confirmed_accept,原始车辆数据/hzh/Entity_Recording_2025_09_26_20_50_27_vehicle.csv,F:\data_set_process\data_process\01_datasets\数据预处理\原始车辆数据\hzh\Entity_Recording_2025_09_26_20_50_27_vehicle.csv,70145aac303ef29c2fc4760ca0b819dd5240b13b5c685826daece1d0713c8c33,29727,148.635,168.98,20.345,test,train,test,test,220,原始车辆数据/hzh/Entity_Recording_2025_09_26_20_50_27_vehicle.csv,70145aac303ef29c2fc4760ca0b819dd5240b13b5c685826daece1d0713c8c33,1.0,1.0,-0.4934050142765045
vehicle_instability_allraw__hzh__2025_09_26_20_50_27__000186415__pre1_label2_event_trigger,vehicle_instability_allraw__hzh__2025_09_26_20_50_27__000186415,hzh,2025_09_26_20_50_27,186.415,,pre1_label2_event_trigger,-1.0,0.0,0.0,2.0,all_raw_vehicle_dynamic_onset_non_steering,all_raw_detected_vehicle_instability_onset_predict_future_steering_response,instability_ay_roll,medium_active,straight,0,0.0,63.22,94.96,auto_accept_instability_medium,manual_confirmed_accept,原始车辆数据/hzh/Entity_Recording_2025_09_26_20_50_27_vehicle.csv,F:\data_set_process\data_process\01_datasets\数据预处理\原始车辆数据\hzh\Entity_Recording_2025_09_26_20_50_27_vehicle.csv,70145aac303ef29c2fc4760ca0b819dd5240b13b5c685826daece1d0713c8c33,37283,186.415,194.125,7.71,test,train,test,test,221,原始车辆数据/hzh/Entity_Recording_2025_09_26_20_50_27_vehicle.csv,70145aac303ef29c2fc4760ca0b819dd5240b13b5c685826daece1d0713c8c33,1.0,1.0,-0.46478092670440674
vehicle_instability_allraw__hzh__2025_09_26_20_50_27__000198845__pre1_label2_event_trigger,vehicle_instability_allraw__hzh__2025_09_26_20_50_27__000198845,hzh,2025_09_26_20_50_27,198.845,,pre1_label2_event_trigger,-1.0,0.0,0.0,2.0,all_raw_vehicle_dynamic_onset_non_steering,all_raw_detected_vehicle_instability_onset_predict_future_steering_response,instability_ay_roll,medium_active,straight,0,0.0,56.68,82.9,needs_human_review,manual_confirmed_accept,原始车辆数据/hzh/Entity_Recording_2025_09_26_20_50_27_vehicle.csv,F:\data_set_process\data_process\01_datasets\数据预处理\原始车辆数据\hzh\Entity_Recording_2025_09_26_20_50_27_vehicle.csv,70145aac303ef29c2fc4760ca0b819dd5240b13b5c685826daece1d0713c8c33,39769,198.845,207.705,8.86,test,test,test,test,222,原始车辆数据/hzh/Entity_Recording_2025_09_26_20_50_27_vehicle.csv,70145aac303ef29c2fc4760ca0b819dd5240b13b5c685826daece1d0713c8c33,1.0,1.0,0.24172799289226532
vehicle_instability_allraw__hzh__2025_09_26_20_50_27__000221605__pre1_label2_event_trigger,vehicle_instability_allraw__hzh__2025_09_26_20_50_27__000221605,hzh,2025_09_26_20_50_27,221.605,,pre1_label2_event_trigger,-1.0,0.0,0.0,2.0,all_raw_vehicle_dynamic_onset_non_steering,all_raw_detected_vehicle_instability_onset_predict_future_steering_response,instability_ay_roll,strong_active,straight,0,0.0,89.93,100.0,auto_accept_instability_high,manual_confirmed_accept,原始车辆数据/hzh/Entity_Recording_2025_09_26_20_50_27_vehicle.csv,F:\data_set_process\data_process\01_datasets\数据预处理\原始车辆数据\hzh\Entity_Recording_2025_09_26_20_50_27_vehicle.csv,70145aac303ef29c2fc4760ca0b819dd5240b13b5c685826daece1d0713c8c33,44321,221.605,237.89,16.285,test,train,test,test,223,原始车辆数据/hzh/Entity_Recording_2025_09_26_20_50_27_vehicle.csv,70145aac303ef29c2fc4760ca0b819dd5240b13b5c685826daece1d0713c8c33,1.0,1.0,-0.026005400344729424
vehicle_instability_allraw__hzh__2025_09_26_20_50_27__000245880__pre1_label2_event_trigger,vehicle_instability_allraw__hzh__2025_09_26_20_50_27__000245880,hzh,2025_09_26_20_50_27,245.88,,pre1_label2_event_trigger,-1.0,0.0,0.0,2.0,all_raw_vehicle_dynamic_onset_non_steering,all_raw_detected_vehicle_instability_onset_predict_future_steering_response,instability_roll_only,instability_medium,design_special_event_segment,0,-0.0,45.42,72.0,needs_human_review,manual_confirmed_accept,原始车辆数据/hzh/Entity_Recording_2025_09_26_20_50_27_vehicle.csv,F:\data_set_process\data_process\01_datasets\数据预处理\原始车辆数据\hzh\Entity_Recording_2025_09_26_20_50_27_vehicle.csv,70145aac303ef29c2fc4760ca0b819dd5240b13b5c685826daece1d0713c8c33,49176,245.88,251.355,5.475,test,train,test,test,224,原始车辆数据/hzh/Entity_Recording_2025_09_26_20_50_27_vehicle.csv,70145aac303ef29c2fc4760ca0b819dd5240b13b5c685826daece1d0713c8c33,1.0,1.0,2.1060900688171387
vehicle_instability_allraw__hzh__2025_09_26_20_50_27__000267185__pre1_label2_event_trigger,vehicle_instability_allraw__hzh__2025_09_26_20_50_27__000267185,hzh,2025_09_26_20_50_27,267.185,,pre1_label2_event_trigger,-1.0,0.0,0.0,2.0,all_raw_vehicle_dynamic_onset_non_steering,all_raw_detected_vehicle_instability_onset_predict_future_steering_response,instability_roll_only,instability_medium,design_special_event_segment,0,0.0,42.9,72.0,needs_human_review,manual_confirmed_accept,原始车辆数据/hzh/Entity_Recording_2025_09_26_20_50_27_vehicle.csv,F:\data_set_process\data_process\01_datasets\数据预处理\原始车辆数据\hzh\Entity_Recording_2025_09_26_20_50_27_vehicle.csv,70145aac303ef29c2fc4760ca0b819dd5240b13b5c685826daece1d0713c8c33,53437,267.185,272.035,4.85,test,train,test,test,225,原始车辆数据/hzh/Entity_Recording_2025_09_26_20_50_27_vehicle.csv,70145aac303ef29c2fc4760ca0b819dd5240b13b5c685826daece1d0713c8c33,1.0,1.0,-0.09599310159683228
vehicle_instability_allraw__hzh__2025_09_26_20_50_27__000337435__pre1_label2_event_trigger,vehicle_instability_allraw__hzh__2025_09_26_20_50_27__000337435,hzh,2025_09_26_20_50_27,337.435,,pre1_label2_event_trigger,-1.0,0.0,0.0,2.0,all_raw_vehicle_dynamic_onset_non_steering,all_raw_detected_vehicle_instability_onset_predict_future_steering_response,instability_roll_only,extreme_active,straight,0,0.0,43.11,83.34,needs_human_review,hybrid_accept_high,原始车辆数据/hzh/Entity_Recording_2025_09_26_20_50_27_vehicle.csv,F:\data_set_process\data_process\01_datasets\数据预处理\原始车辆数据\hzh\Entity_Recording_2025_09_26_20_50_27_vehicle.csv,70145aac303ef29c2fc4760ca0b819dd5240b13b5c685826daece1d0713c8c33,67487,337.435,339.525,2.09,test,train,test,test,226,原始车辆数据/hzh/Entity_Recording_2025_09_26_20_50_27_vehicle.csv,70145aac303ef29c2fc4760ca0b819dd5240b13b5c685826daece1d0713c8c33,1.0,1.0,4.472060203552246
vehicle_instability_allraw__hzh__2025_09_26_20_50_27__000374985__pre1_label2_event_trigger,vehicle_instability_allraw__hzh__2025_09_26_20_50_27__000374985,hzh,2025_09_26_20_50_27,374.985,,pre1_label2_event_trigger,-1.0,0.0,0.0,2.0,all_raw_vehicle_dynamic_onset_non_steering,all_raw_detected_vehicle_instability_onset_predict_future_steering_response,instability_ay_roll,strong_active,straight,0,-0.0,55.85,93.26,needs_human_review,manual_confirmed_accept,原始车辆数据/hzh/Entity_Recording_2025_09_26_20_50_27_vehicle.csv,F:\data_set_process\data_process\01_datasets\数据预处理\原始车辆数据\hzh\Entity_Recording_2025_09_26_20_50_27_vehicle.csv,70145aac303ef29c2fc4760ca0b819dd5240b13b5c685826daece1d0713c8c33,74997,374.985,380.265,5.28,test,train,test,test,227,原始车辆数据/hzh/Entity_Recording_2025_09_26_20_50_27_vehicle.csv,70145aac303ef29c2fc4760ca0b819dd5240b13b5c685826daece1d0713c8c33,1.0,1.0,0.03176499903202057
vehicle_instability_allraw__hzh__2025_09_26_20_50_27__000394695__pre1_label2_event_trigger,vehicle_instability_allraw__hzh__2025_09_26_20_50_27__000394695,hzh,2025_09_26_20_50_27,394.695,,pre1_label2_event_trigger,-1.0,0.0,0.0,2.0,all_raw_vehicle_dynamic_onset_non_steering,all_raw_detected_vehicle_instability_onset_predict_future_steering_response,instability_ay_roll,medium_active,straight,0,-0.0,53.85,74.34,needs_human_review,manual_confirmed_accept,原始车辆数据/hzh/Entity_Recording_2025_09_26_20_50_27_vehicle.csv,F:\data_set_process\data_process\01_datasets\数据预处理\原始车辆数据\hzh\Entity_Recording_2025_09_26_20_50_27_vehicle.csv,70145aac303ef29c2fc4760ca0b819dd5240b13b5c685826daece1d0713c8c33,78939,394.695,398.245,3.55,test,train,test,test,228,原始车辆数据/hzh/Entity_Recording_2025_09_26_20_50_27_vehicle.csv,70145aac303ef29c2fc4760ca0b819dd5240b13b5c685826daece1d0713c8c33,1.0,1.0,-0.4017750024795532
vehicle_instability_allraw__hzh__2025_09_26_20_50_27__000405010__pre1_label2_event_trigger,vehicle_instability_allraw__hzh__2025_09_26_20_50_27__000405010,hzh,2025_09_26_20_50_27,405.01,,pre1_label2_event_trigger,-1.0,0.0,0.0,2.0,all_raw_vehicle_dynamic_onset_non_steering,all_raw_detected_vehicle_instability_onset_predict_future_steering_response,instability_ay_roll,medium_active,straight,0,0.0,61.33,87.55,auto_accept_instability_medium,manual_confirmed_accept,原始车辆数据/hzh/Entity_Recording_2025_09_26_20_50_27_vehicle.csv,F:\data_set_process\data_process\01_datasets\数据预处理\原始车辆数据\hzh\Entity_Recording_2025_09_26_20_50_27_vehicle.csv,70145aac303ef29c2fc4760ca0b819dd5240b13b5c685826daece1d0713c8c33,81002,405.01,431.005,25.995,test,val,test,test,229,原始车辆数据/hzh/Entity_Recording_2025_09_26_20_50_27_vehicle.csv,70145aac303ef29c2fc4760ca0b819dd5240b13b5c685826daece1d0713c8c33,1.0,1.0,0.011343576945364475
vehicle_instability_allraw__hzh__2025_09_26_20_50_27__000449755__pre1_label2_event_trigger,vehicle_instability_allraw__hzh__2025_09_26_20_50_27__000449755,hzh,2025_09_26_20_50_27,449.755,,pre1_label2_event_trigger,-1.0,0.0,0.0,2.0,all_raw_vehicle_dynamic_onset_non_steering,all_raw_detected_vehicle_instability_onset_predict_future_steering_response,instability_ay_only,instability_medium,design_curve_context,1,0.0,24.77,72.0,reject_low_instability_evidence,manual_confirmed_accept,原始车辆数据/hzh/Entity_Recording_2025_09_26_20_50_27_vehicle.csv,F:\data_set_process\data_process\01_datasets\数据预处理\原始车辆数据\hzh\Entity_Recording_2025_09_26_20_50_27_vehicle.csv,70145aac303ef29c2fc4760ca0b819dd5240b13b5c685826daece1d0713c8c33,89951,449.755,450.61,0.855,test,train,test,test,230,原始车辆数据/hzh/Entity_Recording_2025_09_26_20_50_27_vehicle.csv,70145aac303ef29c2fc4760ca0b819dd5240b13b5c685826daece1d0713c8c33,1.0,1.0,-0.46024298667907715
vehicle_instability_allraw__hzh__2025_09_26_20_50_27__000455695__pre1_label2_event_trigger,vehicle_instability_allraw__hzh__2025_09_26_20_50_27__000455695,hzh,2025_09_26_20_50_27,455.695,,pre1_label2_event_trigger,-1.0,0.0,0.0,2.0,all_raw_vehicle_dynamic_onset_non_steering,all_raw_detected_vehicle_instability_onset_predict_future_steering_response,instability_ay_roll,instability_medium,design_curve_context,1,-0.0,43.03,72.0,needs_human_review,manual_confirmed_accept,原始车辆数据/hzh/Entity_Recording_2025_09_26_20_50_27_vehicle.csv,F:\data_set_process\data_process\01_datasets\数据预处理\原始车辆数据\hzh\Entity_Recording_2025_09_26_20_50_27_vehicle.csv,70145aac303ef29c2fc4760ca0b819dd5240b13b5c685826daece1d0713c8c33,91139,455.695,459.85,4.155,test,train,test,test,231,原始车辆数据/hzh/Entity_Recording_2025_09_26_20_50_27_vehicle.csv,70145aac303ef29c2fc4760ca0b819dd5240b13b5c685826daece1d0713c8c33,1.0,1.0,-0.0017458093352615833
vehicle_instability_allraw__hzh__2025_09_26_20_50_27__000474655__pre1_label2_event_trigger,vehicle_instability_allraw__hzh__2025_09_26_20_50_27__000474655,hzh,2025_09_26_20_50_27,474.655,,pre1_label2_event_trigger,-1.0,0.0,0.0,2.0,all_raw_vehicle_dynamic_onset_non_steering,all_raw_detected_vehicle_instability_onset_predict_future_steering_response,instability_ay_roll,medium_active,straight,1,-0.00046808,57.87,83.1,needs_human_review,manual_confirmed_accept,原始车辆数据/hzh/Entity_Recording_2025_09_26_20_50_27_vehicle.csv,F:\data_set_process\data_process\01_datasets\数据预处理\原始车辆数据\hzh\Entity_Recording_2025_09_26_20_50_27_vehicle.csv,70145aac303ef29c2fc4760ca0b819dd5240b13b5c685826daece1d0713c8c33,94931,474.655,481.295,6.64,test,train,test,test,232,原始车辆数据/hzh/Entity_Recording_2025_09_26_20_50_27_vehicle.csv,70145aac303ef29c2fc4760ca0b819dd5240b13b5c685826daece1d0713c8c33,1.0,1.0,0.1596979945898056
vehicle_instability_allraw__hzh__2025_09_26_20_50_27__000579225__pre1_label2_event_trigger,vehicle_instability_allraw__hzh__2025_09_26_20_50_27__000579225,hzh,2025_09_26_20_50_27,579.225,,pre1_label2_event_trigger,-1.0,0.0,0.0,2.0,all_raw_vehicle_dynamic_onset_non_steering,all_raw_detected_vehicle_instability_onset_predict_future_steering_response,instability_ay_roll,weak,straight,0,0.0,52.37,72.81,needs_human_review,manual_confirmed_accept,原始车辆数据/hzh/Entity_Recording_2025_09_26_20_50_27_vehicle.csv,F:\data_set_process\data_process\01_datasets\数据预处理\原始车辆数据\hzh\Entity_Recording_2025_09_26_20_50_27_vehicle.csv,70145aac303ef29c2fc4760ca0b819dd5240b13b5c685826daece1d0713c8c33,115845,579.225,591.585,12.36,test,train,test,test,233,原始车辆数据/hzh/Entity_Recording_2025_09_26_20_50_27_vehicle.csv,70145aac303ef29c2fc4760ca0b819dd5240b13b5c685826daece1d0713c8c33,1.0,1.0,-0.48048898577690125
vehicle_instability_allraw__hzh__2025_09_26_20_50_27__000599030__pre1_label2_event_trigger,vehicle_instability_allraw__hzh__2025_09_26_20_50_27__000599030,hzh,2025_09_26_20_50_27,599.03,,pre1_label2_event_trigger,-1.0,0.0,0.0,2.0,all_raw_vehicle_dynamic_onset_non_steering,all_raw_detected_vehicle_instability_onset_predict_future_steering_response,instability_ay_roll,instability_medium,design_high_risk_surface,0,0.0,60.25,72.0,auto_accept_instability_medium,manual_confirmed_accept,原始车辆数据/hzh/Entity_Recording_2025_09_26_20_50_27_vehicle.csv,F:\data_set_process\data_process\01_datasets\数据预处理\原始车辆数据\hzh\Entity_Recording_2025_09_26_20_50_27_vehicle.csv,70145aac303ef29c2fc4760ca0b819dd5240b13b5c685826daece1d0713c8c33,119806,599.03,602.39,3.36,test,train,test,test,234,原始车辆数据/hzh/Entity_Recording_2025_09_26_20_50_27_vehicle.csv,70145aac303ef29c2fc4760ca0b819dd5240b13b5c685826daece1d0713c8c33,1.0,1.0,-0.13351799547672272
vehicle_instability_allraw__hzh__2025_09_26_20_50_27__000610365__pre1_label2_event_trigger,vehicle_instability_allraw__hzh__2025_09_26_20_50_27__000610365,hzh,2025_09_26_20_50_27,610.365,,pre1_label2_event_trigger,-1.0,0.0,0.0,2.0,all_raw_vehicle_dynamic_onset_non_steering,all_raw_detected_vehicle_instability_onset_predict_future_steering_response,instability_ay_roll,weak,curve,0,-0.0,50.11,72.0,needs_human_review,manual_confirmed_accept,原始车辆数据/hzh/Entity_Recording_2025_09_26_20_50_27_vehicle.csv,F:\data_set_process\data_process\01_datasets\数据预处理\原始车辆数据\hzh\Entity_Recording_2025_09_26_20_50_27_vehicle.csv,70145aac303ef29c2fc4760ca0b819dd5240b13b5c685826daece1d0713c8c33,122073,610.365,612.305,1.94,test,val,test,test,235,原始车辆数据/hzh/Entity_Recording_2025_09_26_20_50_27_vehicle.csv,70145aac303ef29c2fc4760ca0b819dd5240b13b5c685826daece1d0713c8c33,1.0,1.0,0.10262418538331985
vehicle_instability_allraw__hzh__2025_09_26_20_50_27__000616100__pre1_label2_event_trigger,vehicle_instability_allraw__hzh__2025_09_26_20_50_27__000616100,hzh,2025_09_26_20_50_27,616.1,,pre1_label2_event_trigger,-1.0,0.0,0.0,2.0,all_raw_vehicle_dynamic_onset_non_steering,all_raw_detected_vehicle_instability_onset_predict_future_steering_response,instability_ay_roll,instability_extreme,design_high_risk_surface,0,-0.0,90.44,100.0,auto_accept_instability_high,manual_confirmed_accept,原始车辆数据/hzh/Entity_Recording_2025_09_26_20_50_27_vehicle.csv,F:\data_set_process\data_process\01_datasets\数据预处理\原始车辆数据\hzh\Entity_Recording_2025_09_26_20_50_27_vehicle.csv,70145aac303ef29c2fc4760ca0b819dd5240b13b5c685826daece1d0713c8c33,123220,616.1,641.1,25.0,test,train,test,test,236,原始车辆数据/hzh/Entity_Recording_2025_09_26_20_50_27_vehicle.csv,70145aac303ef29c2fc4760ca0b819dd5240b13b5c685826daece1d0713c8c33,1.0,1.0,0.12671099603176117
vehicle_instability_allraw__hzh__2025_09_26_20_50_27__000645790__pre1_label2_event_trigger,vehicle_instability_allraw__hzh__2025_09_26_20_50_27__000645790,hzh,2025_09_26_20_50_27,645.79,,pre1_label2_event_trigger,-1.0,0.0,0.0,2.0,all_raw_vehicle_dynamic_onset_non_steering,all_raw_detected_vehicle_instability_onset_predict_future_steering_response,instability_ay_roll,medium_active,straight,0,0.0,50.89,78.06,needs_human_review,manual_confirmed_accept,原始车辆数据/hzh/Entity_Recording_2025_09_26_20_50_27_vehicle.csv,F:\data_set_process\data_process\01_datasets\数据预处理\原始车辆数据\hzh\Entity_Recording_2025_09_26_20_50_27_vehicle.csv,70145aac303ef29c2fc4760ca0b819dd5240b13b5c685826daece1d0713c8c33,129158,645.79,653.88,8.09,test,train,test,test,237,原始车辆数据/hzh/Entity_Recording_2025_09_26_20_50_27_vehicle.csv,70145aac303ef29c2fc4760ca0b819dd5240b13b5c685826daece1d0713c8c33,1.0,1.0,-0.4614650011062622
vehicle_instability_allraw__hzh__2025_09_26_20_50_27__000681250__pre1_label2_event_trigger,vehicle_instability_allraw__hzh__2025_09_26_20_50_27__000681250,hzh,2025_09_26_20_50_27,681.25,,pre1_label2_event_trigger,-1.0,0.0,0.0,2.0,all_raw_vehicle_dynamic_onset_non_steering,all_raw_detected_vehicle_instability_onset_predict_future_steering_response,instability_ay_roll,medium_active,straight,0,0.0,66.68,98.58,auto_accept_instability_medium,manual_confirmed_accept,原始车辆数据/hzh/Entity_Recording_2025_09_26_20_50_27_vehicle.csv,F:\data_set_process\data_process\01_datasets\数据预处理\原始车辆数据\hzh\Entity_Recording_2025_09_26_20_50_27_vehicle.csv,70145aac303ef29c2fc4760ca0b819dd5240b13b5c685826daece1d0713c8c33,136250,681.25,686.355,5.105,test,val,test,test,238,原始车辆数据/hzh/Entity_Recording_2025_09_26_20_50_27_vehicle.csv,70145aac303ef29c2fc4760ca0b819dd5240b13b5c685826daece1d0713c8c33,1.0,1.0,-0.12897999584674835
vehicle_instability_allraw__hzh__2025_09_26_20_50_27__000691675__pre1_label2_event_trigger,vehicle_instability_allraw__hzh__2025_09_26_20_50_27__000691675,hzh,2025_09_26_20_50_27,691.675,,pre1_label2_event_trigger,-1.0,0.0,0.0,2.0,all_raw_vehicle_dynamic_onset_non_steering,all_raw_detected_vehicle_instability_onset_predict_future_steering_response,instability_ay_roll,weak,curve,0,-0.0,43.66,72.0,needs_human_review,manual_confirmed_accept,原始车辆数据/hzh/Entity_Recording_2025_09_26_20_50_27_vehicle.csv,F:\data_set_process\data_process\01_datasets\数据预处理\原始车辆数据\hzh\Entity_Recording_2025_09_26_20_50_27_vehicle.csv,70145aac303ef29c2fc4760ca0b819dd5240b13b5c685826daece1d0713c8c33,138335,691.675,693.645,1.97,test,val,test,test,239,原始车辆数据/hzh/Entity_Recording_2025_09_26_20_50_27_vehicle.csv,70145aac303ef29c2fc4760ca0b819dd5240b13b5c685826daece1d0713c8c33,1.0,1.0,-0.36494800448417664
vehicle_instability_allraw__hzh__2025_09_26_20_50_27__000701035__pre1_label2_event_trigger,vehicle_instability_allraw__hzh__2025_09_26_20_50_27__000701035,hzh,2025_09_26_20_50_27,701.035,,pre1_label2_event_trigger,-1.0,0.0,0.0,2.0,all_raw_vehicle_dynamic_onset_non_steering,all_raw_detected_vehicle_instability_onset_predict_future_steering_response,instability_ay_roll,strong_active,curve,0,0.0,74.65,100.0,auto_accept_instability_medium,hybrid_accept_high,原始车辆数据/hzh/Entity_Recording_2025_09_26_20_50_27_vehicle.csv,F:\data_set_process\data_process\01_datasets\数据预处理\原始车辆数据\hzh\Entity_Recording_2025_09_26_20_50_27_vehicle.csv,70145aac303ef29c2fc4760ca0b819dd5240b13b5c685826daece1d0713c8c33,140207,701.035,715.35,14.315,test,test,test,test,240,原始车辆数据/hzh/Entity_Recording_2025_09_26_20_50_27_vehicle.csv,70145aac303ef29c2fc4760ca0b819dd5240b13b5c685826daece1d0713c8c33,1.0,1.0,0.16615499556064606
vehicle_instability_allraw__hzh__2025_09_26_21_03_19__000060335__pre1_label2_event_trigger,vehicle_instability_allraw__hzh__2025_09_26_21_03_19__000060335,hzh,2025_09_26_21_03_19,60.335,,pre1_label2_event_trigger,-1.0,0.0,0.0,2.0,all_raw_vehicle_dynamic_onset_non_steering,all_raw_detected_vehicle_instability_onset_predict_future_steering_response,instability_ay_roll,strong_active,straight,0,0.0,74.62,100.0,auto_accept_instability_medium,hybrid_accept_high,原始车辆数据/hzh/Entity_Recording_2025_09_26_21_03_19_vehicle.csv,F:\data_set_process\data_process\01_datasets\数据预处理\原始车辆数据\hzh\Entity_Recording_2025_09_26_21_03_19_vehicle.csv,f3431bc9e0df50a1c77345636371d9e9117dedd56076f5d609f1ae697470342d,12067,60.335,65.95,5.615,test,train,test,test,241,原始车辆数据/hzh/Entity_Recording_2025_09_26_21_03_19_vehicle.csv,f3431bc9e0df50a1c77345636371d9e9117dedd56076f5d609f1ae697470342d,1.0,1.0,-0.02164210006594658
vehicle_instability_allraw__hzh__2025_09_26_21_03_19__000088105__pre1_label2_event_trigger,vehicle_instability_allraw__hzh__2025_09_26_21_03_19__000088105,hzh,2025_09_26_21_03_19,88.105,,pre1_label2_event_trigger,-1.0,0.0,0.0,2.0,all_raw_vehicle_dynamic_onset_non_steering,all_raw_detected_vehicle_instability_onset_predict_future_steering_response,instability_ay_roll,strong_active,straight,0,0.0,69.59,100.0,auto_accept_instability_medium,hybrid_accept_high,原始车辆数据/hzh/Entity_Recording_2025_09_26_21_03_19_vehicle.csv,F:\data_set_process\data_process\01_datasets\数据预处理\原始车辆数据\hzh\Entity_Recording_2025_09_26_21_03_19_vehicle.csv,f3431bc9e0df50a1c77345636371d9e9117dedd56076f5d609f1ae697470342d,17621,88.105,99.995,11.89,test,train,test,test,242,原始车辆数据/hzh/Entity_Recording_2025_09_26_21_03_19_vehicle.csv,f3431bc9e0df50a1c77345636371d9e9117dedd56076f5d609f1ae697470342d,1.0,1.0,0.07085952162742615
vehicle_instability_allraw__hzh__2025_09_26_21_03_19__000134505__pre1_label2_event_trigger,vehicle_instability_allraw__hzh__2025_09_26_21_03_19__000134505,hzh,2025_09_26_21_03_19,134.505,,pre1_label2_event_trigger,-1.0,0.0,0.0,2.0,all_raw_vehicle_dynamic_onset_non_steering,all_raw_detected_vehicle_instability_onset_predict_future_steering_response,instability_ay_roll,extreme_active,straight,1,-0.00729802,94.41,100.0,auto_accept_instability_high,hybrid_accept_high,原始车辆数据/hzh/Entity_Recording_2025_09_26_21_03_19_vehicle.csv,F:\data_set_process\data_process\01_datasets\数据预处理\原始车辆数据\hzh\Entity_Recording_2025_09_26_21_03_19_vehicle.csv,f3431bc9e0df50a1c77345636371d9e9117dedd56076f5d609f1ae697470342d,26901,134.505,151.165,16.66,test,train,test,test,243,原始车辆数据/hzh/Entity_Recording_2025_09_26_21_03_19_vehicle.csv,f3431bc9e0df50a1c77345636371d9e9117dedd56076f5d609f1ae697470342d,1.0,1.0,-0.6000440120697021
vehicle_instability_allraw__hzh__2025_09_26_21_03_19__000160880__pre1_label2_event_trigger,vehicle_instability_allraw__hzh__2025_09_26_21_03_19__000160880,hzh,2025_09_26_21_03_19,160.88,,pre1_label2_event_trigger,-1.0,0.0,0.0,2.0,all_raw_vehicle_dynamic_onset_non_steering,all_raw_detected_vehicle_instability_onset_predict_future_steering_response,instability_ay_roll,strong_active,straight,0,0.0,77.88,100.0,auto_accept_instability_high,hybrid_accept_high,原始车辆数据/hzh/Entity_Recording_2025_09_26_21_03_19_vehicle.csv,F:\data_set_process\data_process\01_datasets\数据预处理\原始车辆数据\hzh\Entity_Recording_2025_09_26_21_03_19_vehicle.csv,f3431bc9e0df50a1c77345636371d9e9117dedd56076f5d609f1ae697470342d,32176,160.88,193.515,32.635,test,train,test,test,244,原始车辆数据/hzh/Entity_Recording_2025_09_26_21_03_19_vehicle.csv,f3431bc9e0df50a1c77345636371d9e9117dedd56076f5d609f1ae697470342d,1.0,1.0,0.2340490072965622
vehicle_instability_allraw__hzh__2025_09_26_21_03_19__000202260__pre1_label2_event_trigger,vehicle_instability_allraw__hzh__2025_09_26_21_03_19__000202260,hzh,2025_09_26_21_03_19,202.26,,pre1_label2_event_trigger,-1.0,0.0,0.0,2.0,all_raw_vehicle_dynamic_onset_non_steering,all_raw_detected_vehicle_instability_onset_predict_future_steering_response,instability_ay_roll,strong_active,straight,0,0.0,67.69,100.0,auto_accept_instability_medium,hybrid_accept_high,原始车辆数据/hzh/Entity_Recording_2025_09_26_21_03_19_vehicle.csv,F:\data_set_process\data_process\01_datasets\数据预处理\原始车辆数据\hzh\Entity_Recording_2025_09_26_21_03_19_vehicle.csv,f3431bc9e0df50a1c77345636371d9e9117dedd56076f5d609f1ae697470342d,40452,202.26,206.465,4.205,test,train,test,test,245,原始车辆数据/hzh/Entity_Recording_2025_09_26_21_03_19_vehicle.csv,f3431bc9e0df50a1c77345636371d9e9117dedd56076f5d609f1ae697470342d,1.0,1.0,0.1453859955072403
vehicle_instability_allraw__hzh__2025_09_26_21_03_19__000221890__pre1_label2_event_trigger,vehicle_instability_allraw__hzh__2025_09_26_21_03_19__000221890,hzh,2025_09_26_21_03_19,221.89,,pre1_label2_event_trigger,-1.0,0.0,0.0,2.0,all_raw_vehicle_dynamic_onset_non_steering,all_raw_detected_vehicle_instability_onset_predict_future_steering_response,instability_ay_roll,extreme_active,straight,0,-0.0,93.23,100.0,auto_accept_instability_high,hybrid_accept_high,原始车辆数据/hzh/Entity_Recording_2025_09_26_21_03_19_vehicle.csv,F:\data_set_process\data_process\01_datasets\数据预处理\原始车辆数据\hzh\Entity_Recording_2025_09_26_21_03_19_vehicle.csv,f3431bc9e0df50a1c77345636371d9e9117dedd56076f5d609f1ae697470342d,44378,221.89,234.64,12.75,test,train,test,test,246,原始车辆数据/hzh/Entity_Recording_2025_09_26_21_03_19_vehicle.csv,f3431bc9e0df50a1c77345636371d9e9117dedd56076f5d609f1ae697470342d,1.0,1.0,-0.5387821793556213
vehicle_instability_allraw__hzh__2025_09_26_21_03_19__000238815__pre1_label2_event_trigger,vehicle_instability_allraw__hzh__2025_09_26_21_03_19__000238815,hzh,2025_09_26_21_03_19,238.815,,pre1_label2_event_trigger,-1.0,0.0,0.0,2.0,all_raw_vehicle_dynamic_onset_non_steering,all_raw_detected_vehicle_instability_onset_predict_future_steering_response,instability_ay_roll,extreme_active,straight,0,0.0,64.91,92.02,auto_accept_instability_medium,hybrid_accept_high,原始车辆数据/hzh/Entity_Recording_2025_09_26_21_03_19_vehicle.csv,F:\data_set_process\data_process\01_datasets\数据预处理\原始车辆数据\hzh\Entity_Recording_2025_09_26_21_03_19_vehicle.csv,f3431bc9e0df50a1c77345636371d9e9117dedd56076f5d609f1ae697470342d,47763,238.815,245.375,6.56,test,train,test,test,247,原始车辆数据/hzh/Entity_Recording_2025_09_26_21_03_19_vehicle.csv,f3431bc9e0df50a1c77345636371d9e9117dedd56076f5d609f1ae697470342d,1.0,1.0,0.2377139925956726
vehicle_instability_allraw__hzh__2025_09_26_21_03_19__000280645__pre1_label2_event_trigger,vehicle_instability_allraw__hzh__2025_09_26_21_03_19__000280645,hzh,2025_09_26_21_03_19,280.645,,pre1_label2_event_trigger,-1.0,0.0,0.0,2.0,all_raw_vehicle_dynamic_onset_non_steering,all_raw_detected_vehicle_instability_onset_predict_future_steering_response,instability_ay_roll,instability_extreme,design_regular_road,0,-0.0,93.45,100.0,auto_accept_instability_high,hybrid_accept_high,原始车辆数据/hzh/Entity_Recording_2025_09_26_21_03_19_vehicle.csv,F:\data_set_process\data_process\01_datasets\数据预处理\原始车辆数据\hzh\Entity_Recording_2025_09_26_21_03_19_vehicle.csv,f3431bc9e0df50a1c77345636371d9e9117dedd56076f5d609f1ae697470342d,56129,280.645,299.645,19.0,test,train,test,test,248,原始车辆数据/hzh/Entity_Recording_2025_09_26_21_03_19_vehicle.csv,f3431bc9e0df50a1c77345636371d9e9117dedd56076f5d609f1ae697470342d,1.0,1.0,0.11850804090499878
vehicle_instability_allraw__hzh__2025_09_26_21_03_19__000310025__pre1_label2_event_trigger,vehicle_instability_allraw__hzh__2025_09_26_21_03_19__000310025,hzh,2025_09_26_21_03_19,310.025,,pre1_label2_event_trigger,-1.0,0.0,0.0,2.0,all_raw_vehicle_dynamic_onset_non_steering,all_raw_detected_vehicle_instability_onset_predict_future_steering_response,instability_ay_roll,strong_active,straight,1,0.0,67.7,100.0,auto_accept_instability_medium,hybrid_accept_high,原始车辆数据/hzh/Entity_Recording_2025_09_26_21_03_19_vehicle.csv,F:\data_set_process\data_process\01_datasets\数据预处理\原始车辆数据\hzh\Entity_Recording_2025_09_26_21_03_19_vehicle.csv,f3431bc9e0df50a1c77345636371d9e9117dedd56076f5d609f1ae697470342d,62005,310.025,316.605,6.58,test,train,test,test,249,原始车辆数据/hzh/Entity_Recording_2025_09_26_21_03_19_vehicle.csv,f3431bc9e0df50a1c77345636371d9e9117dedd56076f5d609f1ae697470342d,1.0,1.0,0.19373199343681335
vehicle_instability_allraw__hzh__2025_09_26_21_03_19__000320800__pre1_label2_event_trigger,vehicle_instability_allraw__hzh__2025_09_26_21_03_19__000320800,hzh,2025_09_26_21_03_19,320.8,,pre1_label2_event_trigger,-1.0,0.0,0.0,2.0,all_raw_vehicle_dynamic_onset_non_steering,all_raw_detected_vehicle_instability_onset_predict_future_steering_response,instability_ay_roll,strong_active,straight,1,-0.0,65.54,86.58,auto_accept_instability_medium,hybrid_accept_high,原始车辆数据/hzh/Entity_Recording_2025_09_26_21_03_19_vehicle.csv,F:\data_set_process\data_process\01_datasets\数据预处理\原始车辆数据\hzh\Entity_Recording_2025_09_26_21_03_19_vehicle.csv,f3431bc9e0df50a1c77345636371d9e9117dedd56076f5d609f1ae697470342d,64160,320.8,323.39,2.59,test,train,test,test,250,原始车辆数据/hzh/Entity_Recording_2025_09_26_21_03_19_vehicle.csv,f3431bc9e0df50a1c77345636371d9e9117dedd56076f5d609f1ae697470342d,1.0,1.0,0.23963358998298645
vehicle_instability_allraw__hzh__2025_09_26_21_03_19__000326200__pre1_label2_event_trigger,vehicle_instability_allraw__hzh__2025_09_26_21_03_19__000326200,hzh,2025_09_26_21_03_19,326.2,,pre1_label2_event_trigger,-1.0,0.0,0.0,2.0,all_raw_vehicle_dynamic_onset_non_steering,all_raw_detected_vehicle_instability_onset_predict_future_steering_response,instability_ay_roll,strong_active,straight,1,0.0,65.91,99.2,auto_accept_instability_medium,hybrid_accept_high,原始车辆数据/hzh/Entity_Recording_2025_09_26_21_03_19_vehicle.csv,F:\data_set_process\data_process\01_datasets\数据预处理\原始车辆数据\hzh\Entity_Recording_2025_09_26_21_03_19_vehicle.csv,f3431bc9e0df50a1c77345636371d9e9117dedd56076f5d609f1ae697470342d,65240,326.2,331.265,5.065,test,train,test,test,251,原始车辆数据/hzh/Entity_Recording_2025_09_26_21_03_19_vehicle.csv,f3431bc9e0df50a1c77345636371d9e9117dedd56076f5d609f1ae697470342d,1.0,1.0,-0.2825689911842346
vehicle_instability_allraw__hzh__2025_09_26_21_03_19__000341895__pre1_label2_event_trigger,vehicle_instability_allraw__hzh__2025_09_26_21_03_19__000341895,hzh,2025_09_26_21_03_19,341.895,,pre1_label2_event_trigger,-1.0,0.0,0.0,2.0,all_raw_vehicle_dynamic_onset_non_steering,all_raw_detected_vehicle_instability_onset_predict_future_steering_response,instability_ay_roll,strong_active,straight,0,0.0,69.16,100.0,auto_accept_instability_medium,hybrid_accept_high,原始车辆数据/hzh/Entity_Recording_2025_09_26_21_03_19_vehicle.csv,F:\data_set_process\data_process\01_datasets\数据预处理\原始车辆数据\hzh\Entity_Recording_2025_09_26_21_03_19_vehicle.csv,f3431bc9e0df50a1c77345636371d9e9117dedd56076f5d609f1ae697470342d,68379,341.895,347.015,5.12,test,train,test,test,252,原始车辆数据/hzh/Entity_Recording_2025_09_26_21_03_19_vehicle.csv,f3431bc9e0df50a1c77345636371d9e9117dedd56076f5d609f1ae697470342d,1.0,1.0,-0.5023059844970703
vehicle_instability_allraw__hzh__2025_09_26_21_03_19__000360590__pre1_label2_event_trigger,vehicle_instability_allraw__hzh__2025_09_26_21_03_19__000360590,hzh,2025_09_26_21_03_19,360.59,,pre1_label2_event_trigger,-1.0,0.0,0.0,2.0,all_raw_vehicle_dynamic_onset_non_steering,all_raw_detected_vehicle_instability_onset_predict_future_steering_response,instability_ay_roll,strong_active,straight,0,0.0,73.82,100.0,auto_accept_instability_medium,hybrid_accept_high,原始车辆数据/hzh/Entity_Recording_2025_09_26_21_03_19_vehicle.csv,F:\data_set_process\data_process\01_datasets\数据预处理\原始车辆数据\hzh\Entity_Recording_2025_09_26_21_03_19_vehicle.csv,f3431bc9e0df50a1c77345636371d9e9117dedd56076f5d609f1ae697470342d,72118,360.59,373.41,12.82,test,test,test,test,253,原始车辆数据/hzh/Entity_Recording_2025_09_26_21_03_19_vehicle.csv,f3431bc9e0df50a1c77345636371d9e9117dedd56076f5d609f1ae697470342d,1.0,1.0,-0.2134539932012558
vehicle_instability_allraw__hzh__2025_09_26_21_03_19__000496480__pre1_label2_event_trigger,vehicle_instability_allraw__hzh__2025_09_26_21_03_19__000496480,hzh,2025_09_26_21_03_19,496.48,,pre1_label2_event_trigger,-1.0,0.0,0.0,2.0,all_raw_vehicle_dynamic_onset_non_steering,all_raw_detected_vehicle_instability_onset_predict_future_steering_response,instability_ay_roll,strong_active,straight,0,0.0,56.25,89.27,needs_human_review,hybrid_accept_high,原始车辆数据/hzh/Entity_Recording_2025_09_26_21_03_19_vehicle.csv,F:\data_set_process\data_process\01_datasets\数据预处理\原始车辆数据\hzh\Entity_Recording_2025_09_26_21_03_19_vehicle.csv,f3431bc9e0df50a1c77345636371d9e9117dedd56076f5d609f1ae697470342d,99296,496.48,502.025,5.545,test,train,test,test,254,原始车辆数据/hzh/Entity_Recording_2025_09_26_21_03_19_vehicle.csv,f3431bc9e0df50a1c77345636371d9e9117dedd56076f5d609f1ae697470342d,1.0,1.0,-0.21554799377918243
vehicle_instability_allraw__hzh__2025_09_26_21_03_19__000504660__pre1_label2_event_trigger,vehicle_instability_allraw__hzh__2025_09_26_21_03_19__000504660,hzh,2025_09_26_21_03_19,504.66,,pre1_label2_event_trigger,-1.0,0.0,0.0,2.0,all_raw_vehicle_dynamic_onset_non_steering,all_raw_detected_vehicle_instability_onset_predict_future_steering_response,instability_ay_roll,medium_active,straight,0,-0.0,56.02,90.09,needs_human_review,hybrid_accept_high,原始车辆数据/hzh/Entity_Recording_2025_09_26_21_03_19_vehicle.csv,F:\data_set_process\data_process\01_datasets\数据预处理\原始车辆数据\hzh\Entity_Recording_2025_09_26_21_03_19_vehicle.csv,f3431bc9e0df50a1c77345636371d9e9117dedd56076f5d609f1ae697470342d,100932,504.66,513.32,8.66,test,val,test,test,255,原始车辆数据/hzh/Entity_Recording_2025_09_26_21_03_19_vehicle.csv,f3431bc9e0df50a1c77345636371d9e9117dedd56076f5d609f1ae697470342d,1.0,1.0,-0.48118698596954346
vehicle_instability_allraw__hzh__2025_09_26_21_03_19__000558910__pre1_label2_event_trigger,vehicle_instability_allraw__hzh__2025_09_26_21_03_19__000558910,hzh,2025_09_26_21_03_19,558.91,,pre1_label2_event_trigger,-1.0,0.0,0.0,2.0,all_raw_vehicle_dynamic_onset_non_steering,all_raw_detected_vehicle_instability_onset_predict_future_steering_response,instability_ay_roll,medium_active,curve,0,-0.0,59.53,87.16,auto_accept_instability_medium,hybrid_accept_high,原始车辆数据/hzh/Entity_Recording_2025_09_26_21_03_19_vehicle.csv,F:\data_set_process\data_process\01_datasets\数据预处理\原始车辆数据\hzh\Entity_Recording_2025_09_26_21_03_19_vehicle.csv,f3431bc9e0df50a1c77345636371d9e9117dedd56076f5d609f1ae697470342d,111782,558.91,566.06,7.15,test,train,test,test,256,原始车辆数据/hzh/Entity_Recording_2025_09_26_21_03_19_vehicle.csv,f3431bc9e0df50a1c77345636371d9e9117dedd56076f5d609f1ae697470342d,1.0,1.0,-0.4967198371887207
vehicle_instability_allraw__hzh__2025_09_26_21_17_02__000043710__pre1_label2_event_trigger,vehicle_instability_allraw__hzh__2025_09_26_21_17_02__000043710,hzh,2025_09_26_21_17_02,43.71,,pre1_label2_event_trigger,-1.0,0.0,0.0,2.0,all_raw_vehicle_dynamic_onset_non_steering,all_raw_detected_vehicle_instability_onset_predict_future_steering_response,instability_ay_roll,medium_active,straight,0,0.0,58.34,86.09,auto_accept_instability_medium,hybrid_accept_high,原始车辆数据/hzh/Entity_Recording_2025_09_26_21_17_02_vehicle.csv,F:\data_set_process\data_process\01_datasets\数据预处理\原始车辆数据\hzh\Entity_Recording_2025_09_26_21_17_02_vehicle.csv,3f29be6faacf4866df22a866363d9fee1ed6c01b1ec827193044c011637766cd,8742,43.71,53.355,9.645,train,val,train,test,257,原始车辆数据/hzh/Entity_Recording_2025_09_26_21_17_02_vehicle.csv,3f29be6faacf4866df22a866363d9fee1ed6c01b1ec827193044c011637766cd,1.0,1.0,0.22724199295043945
vehicle_instability_allraw__hzh__2025_09_26_21_17_02__000110230__pre1_label2_event_trigger,vehicle_instability_allraw__hzh__2025_09_26_21_17_02__000110230,hzh,2025_09_26_21_17_02,110.23,,pre1_label2_event_trigger,-1.0,0.0,0.0,2.0,all_raw_vehicle_dynamic_onset_non_steering,all_raw_detected_vehicle_instability_onset_predict_future_steering_response,instability_ay_roll,medium_active,straight,0,0.0,58.79,89.33,auto_accept_instability_medium,hybrid_accept_high,原始车辆数据/hzh/Entity_Recording_2025_09_26_21_17_02_vehicle.csv,F:\data_set_process\data_process\01_datasets\数据预处理\原始车辆数据\hzh\Entity_Recording_2025_09_26_21_17_02_vehicle.csv,3f29be6faacf4866df22a866363d9fee1ed6c01b1ec827193044c011637766cd,22046,110.23,117.8,7.57,train,val,train,test,258,原始车辆数据/hzh/Entity_Recording_2025_09_26_21_17_02_vehicle.csv,3f29be6faacf4866df22a866363d9fee1ed6c01b1ec827193044c011637766cd,1.0,1.0,0.20839199423789978
vehicle_instability_allraw__hzh__2025_09_26_21_17_02__000164995__pre1_label2_event_trigger,vehicle_instability_allraw__hzh__2025_09_26_21_17_02__000164995,hzh,2025_09_26_21_17_02,164.995,,pre1_label2_event_trigger,-1.0,0.0,0.0,2.0,all_raw_vehicle_dynamic_onset_non_steering,all_raw_detected_vehicle_instability_onset_predict_future_steering_response,instability_ay_roll,weak,curve,1,-0.00729802,93.74,100.0,auto_accept_instability_high,hybrid_accept_high,原始车辆数据/hzh/Entity_Recording_2025_09_26_21_17_02_vehicle.csv,F:\data_set_process\data_process\01_datasets\数据预处理\原始车辆数据\hzh\Entity_Recording_2025_09_26_21_17_02_vehicle.csv,3f29be6faacf4866df22a866363d9fee1ed6c01b1ec827193044c011637766cd,32999,164.995,185.575,20.58,train,train,train,test,259,原始车辆数据/hzh/Entity_Recording_2025_09_26_21_17_02_vehicle.csv,3f29be6faacf4866df22a866363d9fee1ed6c01b1ec827193044c011637766cd,1.0,1.0,-0.42987489700317383
vehicle_instability_allraw__hzh__2025_09_26_21_17_02__000199585__pre1_label2_event_trigger,vehicle_instability_allraw__hzh__2025_09_26_21_17_02__000199585,hzh,2025_09_26_21_17_02,199.585,,pre1_label2_event_trigger,-1.0,0.0,0.0,2.0,all_raw_vehicle_dynamic_onset_non_steering,all_raw_detected_vehicle_instability_onset_predict_future_steering_response,instability_ay_roll,strong_active,straight,0,-0.0,54.59,85.58,needs_human_review,hybrid_accept_high,原始车辆数据/hzh/Entity_Recording_2025_09_26_21_17_02_vehicle.csv,F:\data_set_process\data_process\01_datasets\数据预处理\原始车辆数据\hzh\Entity_Recording_2025_09_26_21_17_02_vehicle.csv,3f29be6faacf4866df22a866363d9fee1ed6c01b1ec827193044c011637766cd,39917,199.585,207.635,8.05,train,test,train,test,260,原始车辆数据/hzh/Entity_Recording_2025_09_26_21_17_02_vehicle.csv,3f29be6faacf4866df22a866363d9fee1ed6c01b1ec827193044c011637766cd,1.0,1.0,0.05777040123939514
vehicle_instability_allraw__hzh__2025_09_26_21_17_02__000328340__pre1_label2_event_trigger,vehicle_instability_allraw__hzh__2025_09_26_21_17_02__000328340,hzh,2025_09_26_21_17_02,328.34,,pre1_label2_event_trigger,-1.0,0.0,0.0,2.0,all_raw_vehicle_dynamic_onset_non_steering,all_raw_detected_vehicle_instability_onset_predict_future_steering_response,instability_ay_roll,instability_extreme,design_regular_road,0,0.0,91.51,100.0,auto_accept_instability_high,hybrid_accept_high,原始车辆数据/hzh/Entity_Recording_2025_09_26_21_17_02_vehicle.csv,F:\data_set_process\data_process\01_datasets\数据预处理\原始车辆数据\hzh\Entity_Recording_2025_09_26_21_17_02_vehicle.csv,3f29be6faacf4866df22a866363d9fee1ed6c01b1ec827193044c011637766cd,65668,328.34,346.735,18.395,train,train,train,test,261,原始车辆数据/hzh/Entity_Recording_2025_09_26_21_17_02_vehicle.csv,3f29be6faacf4866df22a866363d9fee1ed6c01b1ec827193044c011637766cd,1.0,1.0,0.14259299635887146
vehicle_instability_allraw__hzh__2025_09_26_21_17_02__000397515__pre1_label2_event_trigger,vehicle_instability_allraw__hzh__2025_09_26_21_17_02__000397515,hzh,2025_09_26_21_17_02,397.515,,pre1_label2_event_trigger,-1.0,0.0,0.0,2.0,all_raw_vehicle_dynamic_onset_non_steering,all_raw_detected_vehicle_instability_onset_predict_future_steering_response,instability_ay_roll,medium_active,straight,0,-0.0,78.48,100.0,auto_accept_instability_high,hybrid_accept_high,原始车辆数据/hzh/Entity_Recording_2025_09_26_21_17_02_vehicle.csv,F:\data_set_process\data_process\01_datasets\数据预处理\原始车辆数据\hzh\Entity_Recording_2025_09_26_21_17_02_vehicle.csv,3f29be6faacf4866df22a866363d9fee1ed6c01b1ec827193044c011637766cd,79503,397.515,401.98,4.465,train,test,train,test,262,原始车辆数据/hzh/Entity_Recording_2025_09_26_21_17_02_vehicle.csv,3f29be6faacf4866df22a866363d9fee1ed6c01b1ec827193044c011637766cd,1.0,1.0,-0.5433201789855957
vehicle_instability_allraw__hzh__2025_09_26_21_17_02__000422495__pre1_label2_event_trigger,vehicle_instability_allraw__hzh__2025_09_26_21_17_02__000422495,hzh,2025_09_26_21_17_02,422.495,,pre1_label2_event_trigger,-1.0,0.0,0.0,2.0,all_raw_vehicle_dynamic_onset_non_steering,all_raw_detected_vehicle_instability_onset_predict_future_steering_response,instability_ay_roll,extreme_active,straight,0,0.0,64.97,100.0,auto_accept_instability_medium,hybrid_accept_high,原始车辆数据/hzh/Entity_Recording_2025_09_26_21_17_02_vehicle.csv,F:\data_set_process\data_process\01_datasets\数据预处理\原始车辆数据\hzh\Entity_Recording_2025_09_26_21_17_02_vehicle.csv,3f29be6faacf4866df22a866363d9fee1ed6c01b1ec827193044c011637766cd,84499,422.495,429.015,6.52,train,train,train,test,263,原始车辆数据/hzh/Entity_Recording_2025_09_26_21_17_02_vehicle.csv,3f29be6faacf4866df22a866363d9fee1ed6c01b1ec827193044c011637766cd,1.0,1.0,0.22392556071281433
vehicle_instability_allraw__hzh__2025_09_27_19_22_27__000054775__pre1_label2_event_trigger,vehicle_instability_allraw__hzh__2025_09_27_19_22_27__000054775,hzh,2025_09_27_19_22_27,54.775,,pre1_label2_event_trigger,-1.0,0.0,0.0,2.0,all_raw_vehicle_dynamic_onset_non_steering,all_raw_detected_vehicle_instability_onset_predict_future_steering_response,instability_ay_roll,extreme_active,straight,0,0.0,94.4,100.0,auto_accept_instability_high,hybrid_accept_high,原始车辆数据/hzh/Entity_Recording_2025_09_27_19_22_27_vehicle.csv,F:\data_set_process\data_process\01_datasets\数据预处理\原始车辆数据\hzh\Entity_Recording_2025_09_27_19_22_27_vehicle.csv,a4c313d8f9707d2fd12bcc4421c179cdba5fc8d2e0656371f297b76fe104c6d3,10955,54.775,62.955,8.18,train,train,train,test,264,原始车辆数据/hzh/Entity_Recording_2025_09_27_19_22_27_vehicle.csv,a4c313d8f9707d2fd12bcc4421c179cdba5fc8d2e0656371f297b76fe104c6d3,1.0,1.0,-0.4424409866333008
vehicle_instability_allraw__hzh__2025_09_27_19_22_27__000073950__pre1_label2_event_trigger,vehicle_instability_allraw__hzh__2025_09_27_19_22_27__000073950,hzh,2025_09_27_19_22_27,73.95,,pre1_label2_event_trigger,-1.0,0.0,0.0,2.0,all_raw_vehicle_dynamic_onset_non_steering,all_raw_detected_vehicle_instability_onset_predict_future_steering_response,instability_ay_roll,extreme_active,straight,0,0.0,92.37,100.0,auto_accept_instability_high,hybrid_accept_high,原始车辆数据/hzh/Entity_Recording_2025_09_27_19_22_27_vehicle.csv,F:\data_set_process\data_process\01_datasets\数据预处理\原始车辆数据\hzh\Entity_Recording_2025_09_27_19_22_27_vehicle.csv,a4c313d8f9707d2fd12bcc4421c179cdba5fc8d2e0656371f297b76fe104c6d3,14790,73.95,77.595,3.645,train,train,train,test,265,原始车辆数据/hzh/Entity_Recording_2025_09_27_19_22_27_vehicle.csv,a4c313d8f9707d2fd12bcc4421c179cdba5fc8d2e0656371f297b76fe104c6d3,1.0,1.0,-0.04817109927535057
vehicle_instability_allraw__hzh__2025_09_27_19_22_27__000153715__pre1_label2_event_trigger,vehicle_instability_allraw__hzh__2025_09_27_19_22_27__000153715,hzh,2025_09_27_19_22_27,153.715,,pre1_label2_event_trigger,-1.0,0.0,0.0,2.0,all_raw_vehicle_dynamic_onset_non_steering,all_raw_detected_vehicle_instability_onset_predict_future_steering_response,instability_ay_roll,extreme_active,straight,1,-0.00729802,94.57,100.0,auto_accept_instability_high,hybrid_accept_high,原始车辆数据/hzh/Entity_Recording_2025_09_27_19_22_27_vehicle.csv,F:\data_set_process\data_process\01_datasets\数据预处理\原始车辆数据\hzh\Entity_Recording_2025_09_27_19_22_27_vehicle.csv,a4c313d8f9707d2fd12bcc4421c179cdba5fc8d2e0656371f297b76fe104c6d3,30743,153.715,172.11,18.395,train,train,train,test,266,原始车辆数据/hzh/Entity_Recording_2025_09_27_19_22_27_vehicle.csv,a4c313d8f9707d2fd12bcc4421c179cdba5fc8d2e0656371f297b76fe104c6d3,1.0,1.0,-0.27209699153900146
vehicle_instability_allraw__hzh__2025_09_27_19_22_27__000193515__pre1_label2_event_trigger,vehicle_instability_allraw__hzh__2025_09_27_19_22_27__000193515,hzh,2025_09_27_19_22_27,193.515,,pre1_label2_event_trigger,-1.0,0.0,0.0,2.0,all_raw_vehicle_dynamic_onset_non_steering,all_raw_detected_vehicle_instability_onset_predict_future_steering_response,instability_ay_roll,strong_active,straight,0,0.0,60.55,89.23,auto_accept_instability_medium,hybrid_accept_high,原始车辆数据/hzh/Entity_Recording_2025_09_27_19_22_27_vehicle.csv,F:\data_set_process\data_process\01_datasets\数据预处理\原始车辆数据\hzh\Entity_Recording_2025_09_27_19_22_27_vehicle.csv,a4c313d8f9707d2fd12bcc4421c179cdba5fc8d2e0656371f297b76fe104c6d3,38703,193.515,196.185,2.67,train,train,train,test,267,原始车辆数据/hzh/Entity_Recording_2025_09_27_19_22_27_vehicle.csv,a4c313d8f9707d2fd12bcc4421c179cdba5fc8d2e0656371f297b76fe104c6d3,1.0,1.0,-0.5202829837799072
vehicle_instability_allraw__hzh__2025_09_27_19_22_27__000301310__pre1_label2_event_trigger,vehicle_instability_allraw__hzh__2025_09_27_19_22_27__000301310,hzh,2025_09_27_19_22_27,301.31,,pre1_label2_event_trigger,-1.0,0.0,0.0,2.0,all_raw_vehicle_dynamic_onset_non_steering,all_raw_detected_vehicle_instability_onset_predict_future_steering_response,instability_ay_roll,extreme_active,curve,0,0.0,93.38,100.0,auto_accept_instability_high,hybrid_accept_high,原始车辆数据/hzh/Entity_Recording_2025_09_27_19_22_27_vehicle.csv,F:\data_set_process\data_process\01_datasets\数据预处理\原始车辆数据\hzh\Entity_Recording_2025_09_27_19_22_27_vehicle.csv,a4c313d8f9707d2fd12bcc4421c179cdba5fc8d2e0656371f297b76fe104c6d3,60262,301.31,316.75,15.44,train,train,train,test,268,原始车辆数据/hzh/Entity_Recording_2025_09_27_19_22_27_vehicle.csv,a4c313d8f9707d2fd12bcc4421c179cdba5fc8d2e0656371f297b76fe104c6d3,1.0,1.0,0.12566399574279785
vehicle_instability_allraw__hzh__2025_09_27_19_22_27__000331710__pre1_label2_event_trigger,vehicle_instability_allraw__hzh__2025_09_27_19_22_27__000331710,hzh,2025_09_27_19_22_27,331.71,,pre1_label2_event_trigger,-1.0,0.0,0.0,2.0,all_raw_vehicle_dynamic_onset_non_steering,all_raw_detected_vehicle_instability_onset_predict_future_steering_response,instability_ay_roll,strong_active,straight,1,-0.0,71.77,100.0,auto_accept_instability_medium,hybrid_accept_high,原始车辆数据/hzh/Entity_Recording_2025_09_27_19_22_27_vehicle.csv,F:\data_set_process\data_process\01_datasets\数据预处理\原始车辆数据\hzh\Entity_Recording_2025_09_27_19_22_27_vehicle.csv,a4c313d8f9707d2fd12bcc4421c179cdba5fc8d2e0656371f297b76fe104c6d3,66342,331.71,338.675,6.965,train,train,train,test,269,原始车辆数据/hzh/Entity_Recording_2025_09_27_19_22_27_vehicle.csv,a4c313d8f9707d2fd12bcc4421c179cdba5fc8d2e0656371f297b76fe104c6d3,1.0,1.0,0.17540761828422546
vehicle_instability_allraw__hzh__2025_09_27_19_22_27__000359710__pre1_label2_event_trigger,vehicle_instability_allraw__hzh__2025_09_27_19_22_27__000359710,hzh,2025_09_27_19_22_27,359.71,,pre1_label2_event_trigger,-1.0,0.0,0.0,2.0,all_raw_vehicle_dynamic_onset_non_steering,all_raw_detected_vehicle_instability_onset_predict_future_steering_response,instability_ay_roll,strong_active,straight,0,-0.0,68.05,98.15,auto_accept_instability_medium,hybrid_accept_high,原始车辆数据/hzh/Entity_Recording_2025_09_27_19_22_27_vehicle.csv,F:\data_set_process\data_process\01_datasets\数据预处理\原始车辆数据\hzh\Entity_Recording_2025_09_27_19_22_27_vehicle.csv,a4c313d8f9707d2fd12bcc4421c179cdba5fc8d2e0656371f297b76fe104c6d3,71942,359.71,362.14,2.43,train,train,train,test,270,原始车辆数据/hzh/Entity_Recording_2025_09_27_19_22_27_vehicle.csv,a4c313d8f9707d2fd12bcc4421c179cdba5fc8d2e0656371f297b76fe104c6d3,1.0,1.0,-0.5366889834403992
vehicle_instability_allraw__hzh__2025_09_27_19_22_27__000377330__pre1_label2_event_trigger,vehicle_instability_allraw__hzh__2025_09_27_19_22_27__000377330,hzh,2025_09_27_19_22_27,377.33,,pre1_label2_event_trigger,-1.0,0.0,0.0,2.0,all_raw_vehicle_dynamic_onset_non_steering,all_raw_detected_vehicle_instability_onset_predict_future_steering_response,instability_ay_roll,medium_active,straight,0,0.0,66.4,83.83,auto_accept_instability_medium,hybrid_accept_high,原始车辆数据/hzh/Entity_Recording_2025_09_27_19_22_27_vehicle.csv,F:\data_set_process\data_process\01_datasets\数据预处理\原始车辆数据\hzh\Entity_Recording_2025_09_27_19_22_27_vehicle.csv,a4c313d8f9707d2fd12bcc4421c179cdba5fc8d2e0656371f297b76fe104c6d3,75466,377.33,379.605,2.275,train,train,train,test,271,原始车辆数据/hzh/Entity_Recording_2025_09_27_19_22_27_vehicle.csv,a4c313d8f9707d2fd12bcc4421c179cdba5fc8d2e0656371f297b76fe104c6d3,1.0,1.0,0.12531499564647675
vehicle_instability_allraw__hzh__2025_09_27_19_22_27__000382505__pre1_label2_event_trigger,vehicle_instability_allraw__hzh__2025_09_27_19_22_27__000382505,hzh,2025_09_27_19_22_27,382.505,,pre1_label2_event_trigger,-1.0,0.0,0.0,2.0,all_raw_vehicle_dynamic_onset_non_steering,all_raw_detected_vehicle_instability_onset_predict_future_steering_response,instability_ay_roll,strong_active,straight,0,0.0,68.04,98.95,auto_accept_instability_medium,hybrid_accept_high,原始车辆数据/hzh/Entity_Recording_2025_09_27_19_22_27_vehicle.csv,F:\data_set_process\data_process\01_datasets\数据预处理\原始车辆数据\hzh\Entity_Recording_2025_09_27_19_22_27_vehicle.csv,a4c313d8f9707d2fd12bcc4421c179cdba5fc8d2e0656371f297b76fe104c6d3,76501,382.505,392.075,9.57,train,train,train,test,272,原始车辆数据/hzh/Entity_Recording_2025_09_27_19_22_27_vehicle.csv,a4c313d8f9707d2fd12bcc4421c179cdba5fc8d2e0656371f297b76fe104c6d3,1.0,1.0,-0.4078829884529114
vehicle_instability_allraw__hzh__2025_09_27_19_22_27__000457930__pre1_label2_event_trigger,vehicle_instability_allraw__hzh__2025_09_27_19_22_27__000457930,hzh,2025_09_27_19_22_27,457.93,,pre1_label2_event_trigger,-1.0,0.0,0.0,2.0,all_raw_vehicle_dynamic_onset_non_steering,all_raw_detected_vehicle_instability_onset_predict_future_steering_response,instability_ay_roll,strong_active,straight,0,0.0,55.33,89.49,needs_human_review,hybrid_accept_high,原始车辆数据/hzh/Entity_Recording_2025_09_27_19_22_27_vehicle.csv,F:\data_set_process\data_process\01_datasets\数据预处理\原始车辆数据\hzh\Entity_Recording_2025_09_27_19_22_27_vehicle.csv,a4c313d8f9707d2fd12bcc4421c179cdba5fc8d2e0656371f297b76fe104c6d3,91586,457.93,466.905,8.975,train,test,train,test,273,原始车辆数据/hzh/Entity_Recording_2025_09_27_19_22_27_vehicle.csv,a4c313d8f9707d2fd12bcc4421c179cdba5fc8d2e0656371f297b76fe104c6d3,1.0,1.0,-0.48258399963378906
vehicle_instability_allraw__hzh__2025_09_27_19_22_27__000556545__pre1_label2_event_trigger,vehicle_instability_allraw__hzh__2025_09_27_19_22_27__000556545,hzh,2025_09_27_19_22_27,556.545,,pre1_label2_event_trigger,-1.0,0.0,0.0,2.0,all_raw_vehicle_dynamic_onset_non_steering,all_raw_detected_vehicle_instability_onset_predict_future_steering_response,instability_ay_roll,weak,straight,0,0.0,93.3,100.0,auto_accept_instability_high,hybrid_accept_high,原始车辆数据/hzh/Entity_Recording_2025_09_27_19_22_27_vehicle.csv,F:\data_set_process\data_process\01_datasets\数据预处理\原始车辆数据\hzh\Entity_Recording_2025_09_27_19_22_27_vehicle.csv,a4c313d8f9707d2fd12bcc4421c179cdba5fc8d2e0656371f297b76fe104c6d3,111309,556.545,573.81,17.265,train,train,train,test,274,原始车辆数据/hzh/Entity_Recording_2025_09_27_19_22_27_vehicle.csv,a4c313d8f9707d2fd12bcc4421c179cdba5fc8d2e0656371f297b76fe104c6d3,1.0,1.0,0.05201080068945885
vehicle_instability_allraw__hzh__2025_09_27_19_33_25__000059360__pre1_label2_event_trigger,vehicle_instability_allraw__hzh__2025_09_27_19_33_25__000059360,hzh,2025_09_27_19_33_25,59.36,,pre1_label2_event_trigger,-1.0,0.0,0.0,2.0,all_raw_vehicle_dynamic_onset_non_steering,all_raw_detected_vehicle_instability_onset_predict_future_steering_response,instability_ay_roll,strong_active,straight,0,0.0,63.34,95.6,auto_accept_instability_medium,hybrid_accept_high,原始车辆数据/hzh/Entity_Recording_2025_09_27_19_33_25_vehicle.csv,F:\data_set_process\data_process\01_datasets\数据预处理\原始车辆数据\hzh\Entity_Recording_2025_09_27_19_33_25_vehicle.csv,188a8b4e059622f849519c23a5d2203be2916dd2d73a463c329e8140ad2cb786,11872,59.36,64.025,4.665,train,train,train,test,275,原始车辆数据/hzh/Entity_Recording_2025_09_27_19_33_25_vehicle.csv,188a8b4e059622f849519c23a5d2203be2916dd2d73a463c329e8140ad2cb786,1.0,1.0,-0.5073679089546204
vehicle_instability_allraw__hzh__2025_09_27_19_33_25__000086105__pre1_label2_event_trigger,vehicle_instability_allraw__hzh__2025_09_27_19_33_25__000086105,hzh,2025_09_27_19_33_25,86.105,,pre1_label2_event_trigger,-1.0,0.0,0.0,2.0,all_raw_vehicle_dynamic_onset_non_steering,all_raw_detected_vehicle_instability_onset_predict_future_steering_response,instability_ay_roll,extreme_active,straight,0,0.0,94.15,100.0,auto_accept_instability_high,hybrid_accept_high,原始车辆数据/hzh/Entity_Recording_2025_09_27_19_33_25_vehicle.csv,F:\data_set_process\data_process\01_datasets\数据预处理\原始车辆数据\hzh\Entity_Recording_2025_09_27_19_33_25_vehicle.csv,188a8b4e059622f849519c23a5d2203be2916dd2d73a463c329e8140ad2cb786,17221,86.105,98.815,12.71,train,train,train,test,276,原始车辆数据/hzh/Entity_Recording_2025_09_27_19_33_25_vehicle.csv,188a8b4e059622f849519c23a5d2203be2916dd2d73a463c329e8140ad2cb786,1.0,1.0,0.1961749941110611
vehicle_instability_allraw__hzh__2025_09_27_19_33_25__000134035__pre1_label2_event_trigger,vehicle_instability_allraw__hzh__2025_09_27_19_33_25__000134035,hzh,2025_09_27_19_33_25,134.035,,pre1_label2_event_trigger,-1.0,0.0,0.0,2.0,all_raw_vehicle_dynamic_onset_non_steering,all_raw_detected_vehicle_instability_onset_predict_future_steering_response,instability_ay_roll,extreme_active,curve,1,-0.00729802,95.17,100.0,auto_accept_instability_high,hybrid_accept_high,原始车辆数据/hzh/Entity_Recording_2025_09_27_19_33_25_vehicle.csv,F:\data_set_process\data_process\01_datasets\数据预处理\原始车辆数据\hzh\Entity_Recording_2025_09_27_19_33_25_vehicle.csv,188a8b4e059622f849519c23a5d2203be2916dd2d73a463c329e8140ad2cb786,26807,134.035,155.49,21.455,train,train,train,test,277,原始车辆数据/hzh/Entity_Recording_2025_09_27_19_33_25_vehicle.csv,188a8b4e059622f849519c23a5d2203be2916dd2d73a463c329e8140ad2cb786,1.0,1.0,-0.4298746585845947
vehicle_instability_allraw__hzh__2025_09_27_19_33_25__000164300__pre1_label2_event_trigger,vehicle_instability_allraw__hzh__2025_09_27_19_33_25__000164300,hzh,2025_09_27_19_33_25,164.3,,pre1_label2_event_trigger,-1.0,0.0,0.0,2.0,all_raw_vehicle_dynamic_onset_non_steering,all_raw_detected_vehicle_instability_onset_predict_future_steering_response,instability_ay_roll,strong_active,straight,0,0.0,70.79,100.0,auto_accept_instability_medium,hybrid_accept_high,原始车辆数据/hzh/Entity_Recording_2025_09_27_19_33_25_vehicle.csv,F:\data_set_process\data_process\01_datasets\数据预处理\原始车辆数据\hzh\Entity_Recording_2025_09_27_19_33_25_vehicle.csv,188a8b4e059622f849519c23a5d2203be2916dd2d73a463c329e8140ad2cb786,32860,164.3,176.285,11.985,train,train,train,test,278,原始车辆数据/hzh/Entity_Recording_2025_09_27_19_33_25_vehicle.csv,188a8b4e059622f849519c23a5d2203be2916dd2d73a463c329e8140ad2cb786,1.0,1.0,0.051836300641298294
vehicle_instability_allraw__hzh__2025_09_27_19_33_25__000196645__pre1_label2_event_trigger,vehicle_instability_allraw__hzh__2025_09_27_19_33_25__000196645,hzh,2025_09_27_19_33_25,196.645,,pre1_label2_event_trigger,-1.0,0.0,0.0,2.0,all_raw_vehicle_dynamic_onset_non_steering,all_raw_detected_vehicle_instability_onset_predict_future_steering_response,instability_ay_roll,strong_active,straight,0,-0.0,70.18,100.0,auto_accept_instability_medium,hybrid_accept_high,原始车辆数据/hzh/Entity_Recording_2025_09_27_19_33_25_vehicle.csv,F:\data_set_process\data_process\01_datasets\数据预处理\原始车辆数据\hzh\Entity_Recording_2025_09_27_19_33_25_vehicle.csv,188a8b4e059622f849519c23a5d2203be2916dd2d73a463c329e8140ad2cb786,39329,196.645,199.83,3.185,train,test,train,test,279,原始车辆数据/hzh/Entity_Recording_2025_09_27_19_33_25_vehicle.csv,188a8b4e059622f849519c23a5d2203be2916dd2d73a463c329e8140ad2cb786,1.0,1.0,-0.5511749982833862
vehicle_instability_allraw__hzh__2025_09_27_19_33_25__000209940__pre1_label2_event_trigger,vehicle_instability_allraw__hzh__2025_09_27_19_33_25__000209940,hzh,2025_09_27_19_33_25,209.94,,pre1_label2_event_trigger,-1.0,0.0,0.0,2.0,all_raw_vehicle_dynamic_onset_non_steering,all_raw_detected_vehicle_instability_onset_predict_future_steering_response,instability_ay_roll,medium_active,straight,0,-0.0,66.89,100.0,auto_accept_instability_medium,hybrid_accept_high,原始车辆数据/hzh/Entity_Recording_2025_09_27_19_33_25_vehicle.csv,F:\data_set_process\data_process\01_datasets\数据预处理\原始车辆数据\hzh\Entity_Recording_2025_09_27_19_33_25_vehicle.csv,188a8b4e059622f849519c23a5d2203be2916dd2d73a463c329e8140ad2cb786,41988,209.94,216.135,6.195,train,train,train,test,280,原始车辆数据/hzh/Entity_Recording_2025_09_27_19_33_25_vehicle.csv,188a8b4e059622f849519c23a5d2203be2916dd2d73a463c329e8140ad2cb786,1.0,1.0,0.16388599574565887
vehicle_instability_allraw__hzh__2025_09_27_19_33_25__000220280__pre1_label2_event_trigger,vehicle_instability_allraw__hzh__2025_09_27_19_33_25__000220280,hzh,2025_09_27_19_33_25,220.28,,pre1_label2_event_trigger,-1.0,0.0,0.0,2.0,all_raw_vehicle_dynamic_onset_non_steering,all_raw_detected_vehicle_instability_onset_predict_future_steering_response,instability_ay_roll,extreme_active,straight,0,-0.0,80.41,100.0,auto_accept_instability_high,hybrid_accept_high,原始车辆数据/hzh/Entity_Recording_2025_09_27_19_33_25_vehicle.csv,F:\data_set_process\data_process\01_datasets\数据预处理\原始车辆数据\hzh\Entity_Recording_2025_09_27_19_33_25_vehicle.csv,188a8b4e059622f849519c23a5d2203be2916dd2d73a463c329e8140ad2cb786,44056,220.28,230.37,10.09,train,train,train,test,281,原始车辆数据/hzh/Entity_Recording_2025_09_27_19_33_25_vehicle.csv,188a8b4e059622f849519c23a5d2203be2916dd2d73a463c329e8140ad2cb786,1.0,1.0,0.14329199492931366
vehicle_instability_allraw__hzh__2025_09_27_19_33_25__000269285__pre1_label2_event_trigger,vehicle_instability_allraw__hzh__2025_09_27_19_33_25__000269285,hzh,2025_09_27_19_33_25,269.285,,pre1_label2_event_trigger,-1.0,0.0,0.0,2.0,all_raw_vehicle_dynamic_onset_non_steering,all_raw_detected_vehicle_instability_onset_predict_future_steering_response,instability_ay_roll,extreme_active,curve,0,-0.0,93.6,100.0,auto_accept_instability_high,hybrid_accept_high,原始车辆数据/hzh/Entity_Recording_2025_09_27_19_33_25_vehicle.csv,F:\data_set_process\data_process\01_datasets\数据预处理\原始车辆数据\hzh\Entity_Recording_2025_09_27_19_33_25_vehicle.csv,188a8b4e059622f849519c23a5d2203be2916dd2d73a463c329e8140ad2cb786,53857,269.285,288.2,18.915,train,test,train,test,282,原始车辆数据/hzh/Entity_Recording_2025_09_27_19_33_25_vehicle.csv,188a8b4e059622f849519c23a5d2203be2916dd2d73a463c329e8140ad2cb786,1.0,1.0,0.08813923597335815
vehicle_instability_allraw__hzh__2025_09_27_19_33_25__000297885__pre1_label2_event_trigger,vehicle_instability_allraw__hzh__2025_09_27_19_33_25__000297885,hzh,2025_09_27_19_33_25,297.885,,pre1_label2_event_trigger,-1.0,0.0,0.0,2.0,all_raw_vehicle_dynamic_onset_non_steering,all_raw_detected_vehicle_instability_onset_predict_future_steering_response,instability_ay_roll,strong_active,straight,1,-0.0,92.1,100.0,auto_accept_instability_high,hybrid_accept_high,原始车辆数据/hzh/Entity_Recording_2025_09_27_19_33_25_vehicle.csv,F:\data_set_process\data_process\01_datasets\数据预处理\原始车辆数据\hzh\Entity_Recording_2025_09_27_19_33_25_vehicle.csv,188a8b4e059622f849519c23a5d2203be2916dd2d73a463c329e8140ad2cb786,59577,297.885,309.305,11.42,train,train,train,test,283,原始车辆数据/hzh/Entity_Recording_2025_09_27_19_33_25_vehicle.csv,188a8b4e059622f849519c23a5d2203be2916dd2d73a463c329e8140ad2cb786,1.0,1.0,0.11623899638652802
vehicle_instability_allraw__hzh__2025_09_27_19_33_25__000325285__pre1_label2_event_trigger,vehicle_instability_allraw__hzh__2025_09_27_19_33_25__000325285,hzh,2025_09_27_19_33_25,325.285,,pre1_label2_event_trigger,-1.0,0.0,0.0,2.0,all_raw_vehicle_dynamic_onset_non_steering,all_raw_detected_vehicle_instability_onset_predict_future_steering_response,instability_ay_roll,extreme_active,straight,0,0.0,94.99,100.0,auto_accept_instability_high,hybrid_accept_high,原始车辆数据/hzh/Entity_Recording_2025_09_27_19_33_25_vehicle.csv,F:\data_set_process\data_process\01_datasets\数据预处理\原始车辆数据\hzh\Entity_Recording_2025_09_27_19_33_25_vehicle.csv,188a8b4e059622f849519c23a5d2203be2916dd2d73a463c329e8140ad2cb786,65057,325.285,332.385,7.1,train,test,train,test,284,原始车辆数据/hzh/Entity_Recording_2025_09_27_19_33_25_vehicle.csv,188a8b4e059622f849519c23a5d2203be2916dd2d73a463c329e8140ad2cb786,1.0,1.0,-0.42917600274086
vehicle_instability_allraw__hzh__2025_09_27_19_33_25__000337550__pre1_label2_event_trigger,vehicle_instability_allraw__hzh__2025_09_27_19_33_25__000337550,hzh,2025_09_27_19_33_25,337.55,,pre1_label2_event_trigger,-1.0,0.0,0.0,2.0,all_raw_vehicle_dynamic_onset_non_steering,all_raw_detected_vehicle_instability_onset_predict_future_steering_response,instability_ay_roll,extreme_active,straight,0,0.0,61.78,90.87,auto_accept_instability_medium,hybrid_accept_high,原始车辆数据/hzh/Entity_Recording_2025_09_27_19_33_25_vehicle.csv,F:\data_set_process\data_process\01_datasets\数据预处理\原始车辆数据\hzh\Entity_Recording_2025_09_27_19_33_25_vehicle.csv,188a8b4e059622f849519c23a5d2203be2916dd2d73a463c329e8140ad2cb786,67510,337.55,339.32,1.77,train,train,train,test,285,原始车辆数据/hzh/Entity_Recording_2025_09_27_19_33_25_vehicle.csv,188a8b4e059622f849519c23a5d2203be2916dd2d73a463c329e8140ad2cb786,1.0,1.0,-3.2093098163604736
vehicle_instability_allraw__hzh__2025_09_27_19_33_25__000342730__pre1_label2_event_trigger,vehicle_instability_allraw__hzh__2025_09_27_19_33_25__000342730,hzh,2025_09_27_19_33_25,342.73,,pre1_label2_event_trigger,-1.0,0.0,0.0,2.0,all_raw_vehicle_dynamic_onset_non_steering,all_raw_detected_vehicle_instability_onset_predict_future_steering_response,instability_ay_roll,instability_extreme,design_regular_road,0,0.0,90.69,100.0,auto_accept_instability_high,hybrid_accept_high,原始车辆数据/hzh/Entity_Recording_2025_09_27_19_33_25_vehicle.csv,F:\data_set_process\data_process\01_datasets\数据预处理\原始车辆数据\hzh\Entity_Recording_2025_09_27_19_33_25_vehicle.csv,188a8b4e059622f849519c23a5d2203be2916dd2d73a463c329e8140ad2cb786,68546,342.73,351.005,8.275,train,train,train,test,286,原始车辆数据/hzh/Entity_Recording_2025_09_27_19_33_25_vehicle.csv,188a8b4e059622f849519c23a5d2203be2916dd2d73a463c329e8140ad2cb786,1.0,1.0,4.219160079956055
vehicle_instability_allraw__hzh__2025_09_27_19_33_25__000353510__pre1_label2_event_trigger,vehicle_instability_allraw__hzh__2025_09_27_19_33_25__000353510,hzh,2025_09_27_19_33_25,353.51,,pre1_label2_event_trigger,-1.0,0.0,0.0,2.0,all_raw_vehicle_dynamic_onset_non_steering,all_raw_detected_vehicle_instability_onset_predict_future_steering_response,instability_ay_roll,strong_active,straight,0,0.0,90.11,100.0,auto_accept_instability_high,hybrid_accept_high,原始车辆数据/hzh/Entity_Recording_2025_09_27_19_33_25_vehicle.csv,F:\data_set_process\data_process\01_datasets\数据预处理\原始车辆数据\hzh\Entity_Recording_2025_09_27_19_33_25_vehicle.csv,188a8b4e059622f849519c23a5d2203be2916dd2d73a463c329e8140ad2cb786,70702,353.51,356.265,2.755,train,val,train,test,287,原始车辆数据/hzh/Entity_Recording_2025_09_27_19_33_25_vehicle.csv,188a8b4e059622f849519c23a5d2203be2916dd2d73a463c329e8140ad2cb786,1.0,1.0,-0.08918555080890656
vehicle_instability_allraw__hzh__2025_09_27_19_33_25__000442940__pre1_label2_event_trigger,vehicle_instability_allraw__hzh__2025_09_27_19_33_25__000442940,hzh,2025_09_27_19_33_25,442.94,,pre1_label2_event_trigger,-1.0,0.0,0.0,2.0,all_raw_vehicle_dynamic_onset_non_steering,all_raw_detected_vehicle_instability_onset_predict_future_steering_response,instability_ay_roll,strong_active,straight,0,-0.0,55.54,89.98,needs_human_review,hybrid_accept_high,原始车辆数据/hzh/Entity_Recording_2025_09_27_19_33_25_vehicle.csv,F:\data_set_process\data_process\01_datasets\数据预处理\原始车辆数据\hzh\Entity_Recording_2025_09_27_19_33_25_vehicle.csv,188a8b4e059622f849519c23a5d2203be2916dd2d73a463c329e8140ad2cb786,88588,442.94,454.675,11.735,train,val,train,test,288,原始车辆数据/hzh/Entity_Recording_2025_09_27_19_33_25_vehicle.csv,188a8b4e059622f849519c23a5d2203be2916dd2d73a463c329e8140ad2cb786,1.0,1.0,-0.511031985282898
vehicle_instability_allraw__hzh__2025_09_27_19_33_25__000474190__pre1_label2_event_trigger,vehicle_instability_allraw__hzh__2025_09_27_19_33_25__000474190,hzh,2025_09_27_19_33_25,474.19,,pre1_label2_event_trigger,-1.0,0.0,0.0,2.0,all_raw_vehicle_dynamic_onset_non_steering,all_raw_detected_vehicle_instability_onset_predict_future_steering_response,instability_ay_roll,strong_active,straight,0,-0.0,61.94,84.12,auto_accept_instability_medium,hybrid_accept_high,原始车辆数据/hzh/Entity_Recording_2025_09_27_19_33_25_vehicle.csv,F:\data_set_process\data_process\01_datasets\数据预处理\原始车辆数据\hzh\Entity_Recording_2025_09_27_19_33_25_vehicle.csv,188a8b4e059622f849519c23a5d2203be2916dd2d73a463c329e8140ad2cb786,94838,474.19,476.04,1.85,train,val,train,test,289,原始车辆数据/hzh/Entity_Recording_2025_09_27_19_33_25_vehicle.csv,188a8b4e059622f849519c23a5d2203be2916dd2d73a463c329e8140ad2cb786,1.0,1.0,0.019547700881958008
vehicle_instability_allraw__hzh__2025_09_27_19_33_25__000511405__pre1_label2_event_trigger,vehicle_instability_allraw__hzh__2025_09_27_19_33_25__000511405,hzh,2025_09_27_19_33_25,511.405,,pre1_label2_event_trigger,-1.0,0.0,0.0,2.0,all_raw_vehicle_dynamic_onset_non_steering,all_raw_detected_vehicle_instability_onset_predict_future_steering_response,instability_ay_roll,strong_active,curve,0,0.0,54.49,90.01,needs_human_review,hybrid_accept_high,原始车辆数据/hzh/Entity_Recording_2025_09_27_19_33_25_vehicle.csv,F:\data_set_process\data_process\01_datasets\数据预处理\原始车辆数据\hzh\Entity_Recording_2025_09_27_19_33_25_vehicle.csv,188a8b4e059622f849519c23a5d2203be2916dd2d73a463c329e8140ad2cb786,102281,511.405,523.2,11.795,train,train,train,test,290,原始车辆数据/hzh/Entity_Recording_2025_09_27_19_33_25_vehicle.csv,188a8b4e059622f849519c23a5d2203be2916dd2d73a463c329e8140ad2cb786,1.0,1.0,0.1389281302690506
vehicle_instability_allraw__hzh__2025_09_27_19_33_25__000527890__pre1_label2_event_trigger,vehicle_instability_allraw__hzh__2025_09_27_19_33_25__000527890,hzh,2025_09_27_19_33_25,527.89,,pre1_label2_event_trigger,-1.0,0.0,0.0,2.0,all_raw_vehicle_dynamic_onset_non_steering,all_raw_detected_vehicle_instability_onset_predict_future_steering_response,instability_ay_roll,strong_active,straight,0,0.0,86.52,100.0,auto_accept_instability_high,hybrid_accept_high,原始车辆数据/hzh/Entity_Recording_2025_09_27_19_33_25_vehicle.csv,F:\data_set_process\data_process\01_datasets\数据预处理\原始车辆数据\hzh\Entity_Recording_2025_09_27_19_33_25_vehicle.csv,188a8b4e059622f849519c23a5d2203be2916dd2d73a463c329e8140ad2cb786,105578,527.89,534.805,6.915,train,val,train,test,291,原始车辆数据/hzh/Entity_Recording_2025_09_27_19_33_25_vehicle.csv,188a8b4e059622f849519c23a5d2203be2916dd2d73a463c329e8140ad2cb786,1.0,1.0,-0.43511098623275757
vehicle_instability_allraw__hzh__2025_09_27_19_44_05__000051370__pre1_label2_event_trigger,vehicle_instability_allraw__hzh__2025_09_27_19_44_05__000051370,hzh,2025_09_27_19_44_05,51.37,,pre1_label2_event_trigger,-1.0,0.0,0.0,2.0,all_raw_vehicle_dynamic_onset_non_steering,all_raw_detected_vehicle_instability_onset_predict_future_steering_response,instability_ay_roll,extreme_active,straight,0,0.0,88.57,100.0,auto_accept_instability_high,hybrid_accept_high,原始车辆数据/hzh/Entity_Recording_2025_09_27_19_44_05_vehicle.csv,F:\data_set_process\data_process\01_datasets\数据预处理\原始车辆数据\hzh\Entity_Recording_2025_09_27_19_44_05_vehicle.csv,fb116d2c865919069210f7acf249cd516840389724bb34d7b882351568741bce,10274,51.37,58.995,7.625,test,val,test,test,292,原始车辆数据/hzh/Entity_Recording_2025_09_27_19_44_05_vehicle.csv,fb116d2c865919069210f7acf249cd516840389724bb34d7b882351568741bce,1.0,1.0,-0.4600690007209778
vehicle_instability_allraw__hzh__2025_09_27_19_44_05__000081885__pre1_label2_event_trigger,vehicle_instability_allraw__hzh__2025_09_27_19_44_05__000081885,hzh,2025_09_27_19_44_05,81.885,,pre1_label2_event_trigger,-1.0,0.0,0.0,2.0,all_raw_vehicle_dynamic_onset_non_steering,all_raw_detected_vehicle_instability_onset_predict_future_steering_response,instability_ay_roll,strong_active,straight,0,0.0,78.11,100.0,auto_accept_instability_high,hybrid_accept_high,原始车辆数据/hzh/Entity_Recording_2025_09_27_19_44_05_vehicle.csv,F:\data_set_process\data_process\01_datasets\数据预处理\原始车辆数据\hzh\Entity_Recording_2025_09_27_19_44_05_vehicle.csv,fb116d2c865919069210f7acf249cd516840389724bb34d7b882351568741bce,16377,81.885,92.015,10.13,test,test,test,test,293,原始车辆数据/hzh/Entity_Recording_2025_09_27_19_44_05_vehicle.csv,fb116d2c865919069210f7acf249cd516840389724bb34d7b882351568741bce,1.0,1.0,0.22654399275779724
vehicle_instability_allraw__hzh__2025_09_27_19_44_05__000128910__pre1_label2_event_trigger,vehicle_instability_allraw__hzh__2025_09_27_19_44_05__000128910,hzh,2025_09_27_19_44_05,128.91,,pre1_label2_event_trigger,-1.0,0.0,0.0,2.0,all_raw_vehicle_dynamic_onset_non_steering,all_raw_detected_vehicle_instability_onset_predict_future_steering_response,instability_ay_roll,extreme_active,curve,1,-0.00729802,94.71,100.0,auto_accept_instability_high,hybrid_accept_high,原始车辆数据/hzh/Entity_Recording_2025_09_27_19_44_05_vehicle.csv,F:\data_set_process\data_process\01_datasets\数据预处理\原始车辆数据\hzh\Entity_Recording_2025_09_27_19_44_05_vehicle.csv,fb116d2c865919069210f7acf249cd516840389724bb34d7b882351568741bce,25782,128.91,145.72,16.81,test,train,test,test,294,原始车辆数据/hzh/Entity_Recording_2025_09_27_19_44_05_vehicle.csv,fb116d2c865919069210f7acf249cd516840389724bb34d7b882351568741bce,1.0,1.0,-0.3422589898109436
vehicle_instability_allraw__hzh__2025_09_27_19_44_05__000176245__pre1_label2_event_trigger,vehicle_instability_allraw__hzh__2025_09_27_19_44_05__000176245,hzh,2025_09_27_19_44_05,176.245,,pre1_label2_event_trigger,-1.0,0.0,0.0,2.0,all_raw_vehicle_dynamic_onset_non_steering,all_raw_detected_vehicle_instability_onset_predict_future_steering_response,instability_ay_roll,strong_active,straight,0,-0.0,65.07,88.82,auto_accept_instability_medium,hybrid_accept_high,原始车辆数据/hzh/Entity_Recording_2025_09_27_19_44_05_vehicle.csv,F:\data_set_process\data_process\01_datasets\数据预处理\原始车辆数据\hzh\Entity_Recording_2025_09_27_19_44_05_vehicle.csv,fb116d2c865919069210f7acf249cd516840389724bb34d7b882351568741bce,35249,176.245,178.845,2.6,test,train,test,test,295,原始车辆数据/hzh/Entity_Recording_2025_09_27_19_44_05_vehicle.csv,fb116d2c865919069210f7acf249cd516840389724bb34d7b882351568741bce,1.0,1.0,0.1656319946050644
vehicle_instability_allraw__hzh__2025_09_27_19_44_05__000218700__pre1_label2_event_trigger,vehicle_instability_allraw__hzh__2025_09_27_19_44_05__000218700,hzh,2025_09_27_19_44_05,218.7,,pre1_label2_event_trigger,-1.0,0.0,0.0,2.0,all_raw_vehicle_dynamic_onset_non_steering,all_raw_detected_vehicle_instability_onset_predict_future_steering_response,instability_ay_roll,extreme_active,straight,0,-0.0,83.37,100.0,auto_accept_instability_high,hybrid_accept_high,原始车辆数据/hzh/Entity_Recording_2025_09_27_19_44_05_vehicle.csv,F:\data_set_process\data_process\01_datasets\数据预处理\原始车辆数据\hzh\Entity_Recording_2025_09_27_19_44_05_vehicle.csv,fb116d2c865919069210f7acf249cd516840389724bb34d7b882351568741bce,43740,218.7,229.64,10.94,test,train,test,test,296,原始车辆数据/hzh/Entity_Recording_2025_09_27_19_44_05_vehicle.csv,fb116d2c865919069210f7acf249cd516840389724bb34d7b882351568741bce,1.0,1.0,0.17278799414634705
vehicle_instability_allraw__hzh__2025_09_27_19_44_05__000246255__pre1_label2_event_trigger,vehicle_instability_allraw__hzh__2025_09_27_19_44_05__000246255,hzh,2025_09_27_19_44_05,246.255,,pre1_label2_event_trigger,-1.0,0.0,0.0,2.0,all_raw_vehicle_dynamic_onset_non_steering,all_raw_detected_vehicle_instability_onset_predict_future_steering_response,instability_ay_roll,strong_active,straight,0,0.0,60.34,88.26,auto_accept_instability_medium,hybrid_accept_high,原始车辆数据/hzh/Entity_Recording_2025_09_27_19_44_05_vehicle.csv,F:\data_set_process\data_process\01_datasets\数据预处理\原始车辆数据\hzh\Entity_Recording_2025_09_27_19_44_05_vehicle.csv,fb116d2c865919069210f7acf249cd516840389724bb34d7b882351568741bce,49251,246.255,249.465,3.21,test,test,test,test,297,原始车辆数据/hzh/Entity_Recording_2025_09_27_19_44_05_vehicle.csv,fb116d2c865919069210f7acf249cd516840389724bb34d7b882351568741bce,1.0,1.0,0.15131999552249908
vehicle_instability_allraw__hzh__2025_09_27_19_44_05__000301790__pre1_label2_event_trigger,vehicle_instability_allraw__hzh__2025_09_27_19_44_05__000301790,hzh,2025_09_27_19_44_05,301.79,,pre1_label2_event_trigger,-1.0,0.0,0.0,2.0,all_raw_vehicle_dynamic_onset_non_steering,all_raw_detected_vehicle_instability_onset_predict_future_steering_response,instability_ay_roll,strong_active,straight,1,0.0,72.19,100.0,auto_accept_instability_medium,hybrid_accept_high,原始车辆数据/hzh/Entity_Recording_2025_09_27_19_44_05_vehicle.csv,F:\data_set_process\data_process\01_datasets\数据预处理\原始车辆数据\hzh\Entity_Recording_2025_09_27_19_44_05_vehicle.csv,fb116d2c865919069210f7acf249cd516840389724bb34d7b882351568741bce,60358,301.79,310.69,8.9,test,train,test,test,298,原始车辆数据/hzh/Entity_Recording_2025_09_27_19_44_05_vehicle.csv,fb116d2c865919069210f7acf249cd516840389724bb34d7b882351568741bce,1.0,1.0,0.23736444115638733
vehicle_instability_allraw__hzh__2025_09_27_19_44_05__000326390__pre1_label2_event_trigger,vehicle_instability_allraw__hzh__2025_09_27_19_44_05__000326390,hzh,2025_09_27_19_44_05,326.39,,pre1_label2_event_trigger,-1.0,0.0,0.0,2.0,all_raw_vehicle_dynamic_onset_non_steering,all_raw_detected_vehicle_instability_onset_predict_future_steering_response,instability_ay_roll,extreme_active,straight,0,-0.0,92.41,100.0,auto_accept_instability_high,hybrid_accept_high,原始车辆数据/hzh/Entity_Recording_2025_09_27_19_44_05_vehicle.csv,F:\data_set_process\data_process\01_datasets\数据预处理\原始车辆数据\hzh\Entity_Recording_2025_09_27_19_44_05_vehicle.csv,fb116d2c865919069210f7acf249cd516840389724bb34d7b882351568741bce,65278,326.39,331.96,5.57,test,train,test,test,299,原始车辆数据/hzh/Entity_Recording_2025_09_27_19_44_05_vehicle.csv,fb116d2c865919069210f7acf249cd516840389724bb34d7b882351568741bce,1.0,1.0,-0.31223899126052856
vehicle_instability_allraw__hzh__2025_09_27_19_44_05__000345860__pre1_label2_event_trigger,vehicle_instability_allraw__hzh__2025_09_27_19_44_05__000345860,hzh,2025_09_27_19_44_05,345.86,,pre1_label2_event_trigger,-1.0,0.0,0.0,2.0,all_raw_vehicle_dynamic_onset_non_steering,all_raw_detected_vehicle_instability_onset_predict_future_steering_response,instability_ay_roll,extreme_active,straight,0,0.0,76.96,100.0,auto_accept_instability_high,hybrid_accept_high,原始车辆数据/hzh/Entity_Recording_2025_09_27_19_44_05_vehicle.csv,F:\data_set_process\data_process\01_datasets\数据预处理\原始车辆数据\hzh\Entity_Recording_2025_09_27_19_44_05_vehicle.csv,fb116d2c865919069210f7acf249cd516840389724bb34d7b882351568741bce,69172,345.86,356.785,10.925,test,train,test,test,300,原始车辆数据/hzh/Entity_Recording_2025_09_27_19_44_05_vehicle.csv,fb116d2c865919069210f7acf249cd516840389724bb34d7b882351568741bce,1.0,1.0,0.049916401505470276
vehicle_instability_allraw__hzh__2025_09_27_19_44_05__000407670__pre1_label2_event_trigger,vehicle_instability_allraw__hzh__2025_09_27_19_44_05__000407670,hzh,2025_09_27_19_44_05,407.67,,pre1_label2_event_trigger,-1.0,0.0,0.0,2.0,all_raw_vehicle_dynamic_onset_non_steering,all_raw_detected_vehicle_instability_onset_predict_future_steering_response,instability_ay_roll,extreme_active,straight,0,-0.0,53.17,91.6,needs_human_review,hybrid_accept_high,原始车辆数据/hzh/Entity_Recording_2025_09_27_19_44_05_vehicle.csv,F:\data_set_process\data_process\01_datasets\数据预处理\原始车辆数据\hzh\Entity_Recording_2025_09_27_19_44_05_vehicle.csv,fb116d2c865919069210f7acf249cd516840389724bb34d7b882351568741bce,81534,407.67,425.07,17.4,test,train,test,test,301,原始车辆数据/hzh/Entity_Recording_2025_09_27_19_44_05_vehicle.csv,fb116d2c865919069210f7acf249cd516840389724bb34d7b882351568741bce,1.0,1.0,-1.7116400003433228
vehicle_instability_allraw__hzh__2025_09_27_19_44_05__000429895__pre1_label2_event_trigger,vehicle_instability_allraw__hzh__2025_09_27_19_44_05__000429895,hzh,2025_09_27_19_44_05,429.895,,pre1_label2_event_trigger,-1.0,0.0,0.0,2.0,all_raw_vehicle_dynamic_onset_non_steering,all_raw_detected_vehicle_instability_onset_predict_future_steering_response,instability_ay_roll,medium_active,straight,0,-0.0,56.19,84.75,needs_human_review,hybrid_accept_high,原始车辆数据/hzh/Entity_Recording_2025_09_27_19_44_05_vehicle.csv,F:\data_set_process\data_process\01_datasets\数据预处理\原始车辆数据\hzh\Entity_Recording_2025_09_27_19_44_05_vehicle.csv,fb116d2c865919069210f7acf249cd516840389724bb34d7b882351568741bce,85979,429.895,437.195,7.3,test,val,test,test,302,原始车辆数据/hzh/Entity_Recording_2025_09_27_19_44_05_vehicle.csv,fb116d2c865919069210f7acf249cd516840389724bb34d7b882351568741bce,1.0,1.0,-0.07522369921207428
vehicle_instability_allraw__hzh__2025_09_27_19_44_05__000530990__pre1_label2_event_trigger,vehicle_instability_allraw__hzh__2025_09_27_19_44_05__000530990,hzh,2025_09_27_19_44_05,530.99,,pre1_label2_event_trigger,-1.0,0.0,0.0,2.0,all_raw_vehicle_dynamic_onset_non_steering,all_raw_detected_vehicle_instability_onset_predict_future_steering_response,instability_ay_roll,extreme_active,curve,0,0.0,93.51,100.0,auto_accept_instability_high,hybrid_accept_high,原始车辆数据/hzh/Entity_Recording_2025_09_27_19_44_05_vehicle.csv,F:\data_set_process\data_process\01_datasets\数据预处理\原始车辆数据\hzh\Entity_Recording_2025_09_27_19_44_05_vehicle.csv,fb116d2c865919069210f7acf249cd516840389724bb34d7b882351568741bce,106198,530.99,545.905,14.915,test,train,test,test,303,原始车辆数据/hzh/Entity_Recording_2025_09_27_19_44_05_vehicle.csv,fb116d2c865919069210f7acf249cd516840389724bb34d7b882351568741bce,1.0,1.0,-0.3771660029888153
vehicle_instability_allraw__jy__2025_09_26_17_17_11__000159055__pre1_label2_event_trigger,vehicle_instability_allraw__jy__2025_09_26_17_17_11__000159055,jy,2025_09_26_17_17_11,159.055,,pre1_label2_event_trigger,-1.0,0.0,0.0,2.0,all_raw_vehicle_dynamic_onset_non_steering,all_raw_detected_vehicle_instability_onset_predict_future_steering_response,instability_ay_roll,medium_active,curve,1,-0.00729802,69.64,100.0,auto_accept_instability_medium,hybrid_accept_high,原始车辆数据/jy/Entity_Recording_2025_09_26_17_17_11_vehicle.csv,F:\data_set_process\data_process\01_datasets\数据预处理\原始车辆数据\jy\Entity_Recording_2025_09_26_17_17_11_vehicle.csv,b34a48da97fd55e0916d9a604e9f6b1021ef6fbe2809dea1ea9e93abe1c65941,31811,159.055,180.36,21.305,train,train,train,train,304,原始车辆数据/jy/Entity_Recording_2025_09_26_17_17_11_vehicle.csv,b34a48da97fd55e0916d9a604e9f6b1021ef6fbe2809dea1ea9e93abe1c65941,1.0,1.0,-0.400378942489624
vehicle_instability_allraw__jy__2025_09_26_17_17_11__000223285__pre1_label2_event_trigger,vehicle_instability_allraw__jy__2025_09_26_17_17_11__000223285,jy,2025_09_26_17_17_11,223.285,,pre1_label2_event_trigger,-1.0,0.0,0.0,2.0,all_raw_vehicle_dynamic_onset_non_steering,all_raw_detected_vehicle_instability_onset_predict_future_steering_response,instability_ay_roll,strong_active,straight,0,0.0,67.96,100.0,auto_accept_instability_medium,hybrid_accept_high,原始车辆数据/jy/Entity_Recording_2025_09_26_17_17_11_vehicle.csv,F:\data_set_process\data_process\01_datasets\数据预处理\原始车辆数据\jy\Entity_Recording_2025_09_26_17_17_11_vehicle.csv,b34a48da97fd55e0916d9a604e9f6b1021ef6fbe2809dea1ea9e93abe1c65941,44657,223.285,229.34,6.055,train,train,train,train,305,原始车辆数据/jy/Entity_Recording_2025_09_26_17_17_11_vehicle.csv,b34a48da97fd55e0916d9a604e9f6b1021ef6fbe2809dea1ea9e93abe1c65941,1.0,1.0,0.12932899594306946
vehicle_instability_allraw__jy__2025_09_26_17_17_11__000240445__pre1_label2_event_trigger,vehicle_instability_allraw__jy__2025_09_26_17_17_11__000240445,jy,2025_09_26_17_17_11,240.445,,pre1_label2_event_trigger,-1.0,0.0,0.0,2.0,all_raw_vehicle_dynamic_onset_non_steering,all_raw_detected_vehicle_instability_onset_predict_future_steering_response,instability_ay_roll,extreme_active,straight,0,0.0,94.38,100.0,auto_accept_instability_high,hybrid_accept_high,原始车辆数据/jy/Entity_Recording_2025_09_26_17_17_11_vehicle.csv,F:\data_set_process\data_process\01_datasets\数据预处理\原始车辆数据\jy\Entity_Recording_2025_09_26_17_17_11_vehicle.csv,b34a48da97fd55e0916d9a604e9f6b1021ef6fbe2809dea1ea9e93abe1c65941,48089,240.445,252.16,11.715,train,train,train,train,306,原始车辆数据/jy/Entity_Recording_2025_09_26_17_17_11_vehicle.csv,b34a48da97fd55e0916d9a604e9f6b1021ef6fbe2809dea1ea9e93abe1c65941,1.0,1.0,0.030892299488186836
vehicle_instability_allraw__jy__2025_09_26_17_17_11__000289580__pre1_label2_event_trigger,vehicle_instability_allraw__jy__2025_09_26_17_17_11__000289580,jy,2025_09_26_17_17_11,289.58,,pre1_label2_event_trigger,-1.0,0.0,0.0,2.0,all_raw_vehicle_dynamic_onset_non_steering,all_raw_detected_vehicle_instability_onset_predict_future_steering_response,instability_roll_only,medium_active,straight,0,0.0,50.26,87.43,needs_human_review,hybrid_accept_high,原始车辆数据/jy/Entity_Recording_2025_09_26_17_17_11_vehicle.csv,F:\data_set_process\data_process\01_datasets\数据预处理\原始车辆数据\jy\Entity_Recording_2025_09_26_17_17_11_vehicle.csv,b34a48da97fd55e0916d9a604e9f6b1021ef6fbe2809dea1ea9e93abe1c65941,57916,289.58,292.625,3.045,train,train,train,train,307,原始车辆数据/jy/Entity_Recording_2025_09_26_17_17_11_vehicle.csv,b34a48da97fd55e0916d9a604e9f6b1021ef6fbe2809dea1ea9e93abe1c65941,1.0,1.0,2.4780194759368896
vehicle_instability_allraw__jy__2025_09_26_17_17_11__000360915__pre1_label2_event_trigger,vehicle_instability_allraw__jy__2025_09_26_17_17_11__000360915,jy,2025_09_26_17_17_11,360.915,,pre1_label2_event_trigger,-1.0,0.0,0.0,2.0,all_raw_vehicle_dynamic_onset_non_steering,all_raw_detected_vehicle_instability_onset_predict_future_steering_response,instability_ay_roll,instability_strong,design_regular_road,0,-0.0,81.19,100.0,auto_accept_instability_high,hybrid_accept_high,原始车辆数据/jy/Entity_Recording_2025_09_26_17_17_11_vehicle.csv,F:\data_set_process\data_process\01_datasets\数据预处理\原始车辆数据\jy\Entity_Recording_2025_09_26_17_17_11_vehicle.csv,b34a48da97fd55e0916d9a604e9f6b1021ef6fbe2809dea1ea9e93abe1c65941,72183,360.915,381.365,20.45,train,val,train,train,308,原始车辆数据/jy/Entity_Recording_2025_09_26_17_17_11_vehicle.csv,b34a48da97fd55e0916d9a604e9f6b1021ef6fbe2809dea1ea9e93abe1c65941,1.0,1.0,0.14067399501800537
vehicle_instability_allraw__jy__2025_09_26_17_17_11__000414405__pre1_label2_event_trigger,vehicle_instability_allraw__jy__2025_09_26_17_17_11__000414405,jy,2025_09_26_17_17_11,414.405,,pre1_label2_event_trigger,-1.0,0.0,0.0,2.0,all_raw_vehicle_dynamic_onset_non_steering,all_raw_detected_vehicle_instability_onset_predict_future_steering_response,instability_ay_roll,extreme_active,straight,0,0.0,94.83,100.0,auto_accept_instability_high,hybrid_accept_high,原始车辆数据/jy/Entity_Recording_2025_09_26_17_17_11_vehicle.csv,F:\data_set_process\data_process\01_datasets\数据预处理\原始车辆数据\jy\Entity_Recording_2025_09_26_17_17_11_vehicle.csv,b34a48da97fd55e0916d9a604e9f6b1021ef6fbe2809dea1ea9e93abe1c65941,82881,414.405,419.495,5.09,train,train,train,train,309,原始车辆数据/jy/Entity_Recording_2025_09_26_17_17_11_vehicle.csv,b34a48da97fd55e0916d9a604e9f6b1021ef6fbe2809dea1ea9e93abe1c65941,1.0,1.0,-0.2726186215877533
vehicle_instability_allraw__jy__2025_09_26_17_17_11__000547665__pre1_label2_event_trigger,vehicle_instability_allraw__jy__2025_09_26_17_17_11__000547665,jy,2025_09_26_17_17_11,547.665,,pre1_label2_event_trigger,-1.0,0.0,0.0,2.0,all_raw_vehicle_dynamic_onset_non_steering,all_raw_detected_vehicle_instability_onset_predict_future_steering_response,instability_ay_roll,extreme_active,curve,0,-0.0,75.98,100.0,auto_accept_instability_high,hybrid_accept_high,原始车辆数据/jy/Entity_Recording_2025_09_26_17_17_11_vehicle.csv,F:\data_set_process\data_process\01_datasets\数据预处理\原始车辆数据\jy\Entity_Recording_2025_09_26_17_17_11_vehicle.csv,b34a48da97fd55e0916d9a604e9f6b1021ef6fbe2809dea1ea9e93abe1c65941,109533,547.665,568.915,21.25,train,test,train,train,310,原始车辆数据/jy/Entity_Recording_2025_09_26_17_17_11_vehicle.csv,b34a48da97fd55e0916d9a604e9f6b1021ef6fbe2809dea1ea9e93abe1c65941,1.0,1.0,0.14433899521827698
vehicle_instability_allraw__jy__2025_09_26_17_17_11__000615015__pre1_label2_event_trigger,vehicle_instability_allraw__jy__2025_09_26_17_17_11__000615015,jy,2025_09_26_17_17_11,615.015,,pre1_label2_event_trigger,-1.0,0.0,0.0,2.0,all_raw_vehicle_dynamic_onset_non_steering,all_raw_detected_vehicle_instability_onset_predict_future_steering_response,instability_ay_roll,weak,straight,0,0.0,93.49,100.0,auto_accept_instability_high,hybrid_accept_high,原始车辆数据/jy/Entity_Recording_2025_09_26_17_17_11_vehicle.csv,F:\data_set_process\data_process\01_datasets\数据预处理\原始车辆数据\jy\Entity_Recording_2025_09_26_17_17_11_vehicle.csv,b34a48da97fd55e0916d9a604e9f6b1021ef6fbe2809dea1ea9e93abe1c65941,123003,615.015,628.04,13.025,train,train,train,train,311,原始车辆数据/jy/Entity_Recording_2025_09_26_17_17_11_vehicle.csv,b34a48da97fd55e0916d9a604e9f6b1021ef6fbe2809dea1ea9e93abe1c65941,1.0,1.0,-0.39549198746681213
vehicle_instability_allraw__jy__2025_09_26_17_29_44__000057650__pre1_label2_event_trigger,vehicle_instability_allraw__jy__2025_09_26_17_29_44__000057650,jy,2025_09_26_17_29_44,57.65,,pre1_label2_event_trigger,-1.0,0.0,0.0,2.0,all_raw_vehicle_dynamic_onset_non_steering,all_raw_detected_vehicle_instability_onset_predict_future_steering_response,instability_ay_roll,weak,straight,0,-0.0,70.71,88.69,auto_accept_instability_medium,hybrid_accept_high,原始车辆数据/jy/Entity_Recording_2025_09_26_17_29_44_vehicle.csv,F:\data_set_process\data_process\01_datasets\数据预处理\原始车辆数据\jy\Entity_Recording_2025_09_26_17_29_44_vehicle.csv,35d4c3cb2d1a37f82def814bfd3531823ab7a7d6025dc3a1b44643f25e66376a,11530,57.65,64.505,6.855,train,test,train,train,312,原始车辆数据/jy/Entity_Recording_2025_09_26_17_29_44_vehicle.csv,35d4c3cb2d1a37f82def814bfd3531823ab7a7d6025dc3a1b44643f25e66376a,1.0,1.0,-0.35133498907089233
vehicle_instability_allraw__jy__2025_09_26_17_29_44__000133840__pre1_label2_event_trigger,vehicle_instability_allraw__jy__2025_09_26_17_29_44__000133840,jy,2025_09_26_17_29_44,133.84,,pre1_label2_event_trigger,-1.0,0.0,0.0,2.0,all_raw_vehicle_dynamic_onset_non_steering,all_raw_detected_vehicle_instability_onset_predict_future_steering_response,instability_ay_roll,extreme_active,curve,1,-0.00729802,94.44,100.0,auto_accept_instability_high,hybrid_accept_high,原始车辆数据/jy/Entity_Recording_2025_09_26_17_29_44_vehicle.csv,F:\data_set_process\data_process\01_datasets\数据预处理\原始车辆数据\jy\Entity_Recording_2025_09_26_17_29_44_vehicle.csv,35d4c3cb2d1a37f82def814bfd3531823ab7a7d6025dc3a1b44643f25e66376a,26768,133.84,144.91,11.07,train,test,train,train,313,原始车辆数据/jy/Entity_Recording_2025_09_26_17_29_44_vehicle.csv,35d4c3cb2d1a37f82def814bfd3531823ab7a7d6025dc3a1b44643f25e66376a,1.0,1.0,-0.47228631377220154
vehicle_instability_allraw__jy__2025_09_26_17_29_44__000176855__pre1_label2_event_trigger,vehicle_instability_allraw__jy__2025_09_26_17_29_44__000176855,jy,2025_09_26_17_29_44,176.855,,pre1_label2_event_trigger,-1.0,0.0,0.0,2.0,all_raw_vehicle_dynamic_onset_non_steering,all_raw_detected_vehicle_instability_onset_predict_future_steering_response,instability_ay_roll,extreme_active,curve,1,-0.00729802,76.93,100.0,auto_accept_instability_high,hybrid_accept_high,原始车辆数据/jy/Entity_Recording_2025_09_26_17_29_44_vehicle.csv,F:\data_set_process\data_process\01_datasets\数据预处理\原始车辆数据\jy\Entity_Recording_2025_09_26_17_29_44_vehicle.csv,35d4c3cb2d1a37f82def814bfd3531823ab7a7d6025dc3a1b44643f25e66376a,35371,176.855,191.885,15.03,train,val,train,train,314,原始车辆数据/jy/Entity_Recording_2025_09_26_17_29_44_vehicle.csv,35d4c3cb2d1a37f82def814bfd3531823ab7a7d6025dc3a1b44643f25e66376a,1.0,1.0,4.885000228881836
vehicle_instability_allraw__jy__2025_09_26_17_29_44__000269345__pre1_label2_event_trigger,vehicle_instability_allraw__jy__2025_09_26_17_29_44__000269345,jy,2025_09_26_17_29_44,269.345,,pre1_label2_event_trigger,-1.0,0.0,0.0,2.0,all_raw_vehicle_dynamic_onset_non_steering,all_raw_detected_vehicle_instability_onset_predict_future_steering_response,instability_ay_roll,strong_active,straight,0,-0.0,57.25,89.26,needs_human_review,hybrid_accept_high,原始车辆数据/jy/Entity_Recording_2025_09_26_17_29_44_vehicle.csv,F:\data_set_process\data_process\01_datasets\数据预处理\原始车辆数据\jy\Entity_Recording_2025_09_26_17_29_44_vehicle.csv,35d4c3cb2d1a37f82def814bfd3531823ab7a7d6025dc3a1b44643f25e66376a,53869,269.345,276.37,7.025,train,train,train,train,315,原始车辆数据/jy/Entity_Recording_2025_09_26_17_29_44_vehicle.csv,35d4c3cb2d1a37f82def814bfd3531823ab7a7d6025dc3a1b44643f25e66376a,1.0,1.0,-0.44104498624801636
vehicle_instability_allraw__jy__2025_09_26_17_29_44__000332895__pre1_label2_event_trigger,vehicle_instability_allraw__jy__2025_09_26_17_29_44__000332895,jy,2025_09_26_17_29_44,332.895,,pre1_label2_event_trigger,-1.0,0.0,0.0,2.0,all_raw_vehicle_dynamic_onset_non_steering,all_raw_detected_vehicle_instability_onset_predict_future_steering_response,instability_ay_roll,extreme_active,curve,0,0.0,94.01,100.0,auto_accept_instability_high,hybrid_accept_high,原始车辆数据/jy/Entity_Recording_2025_09_26_17_29_44_vehicle.csv,F:\data_set_process\data_process\01_datasets\数据预处理\原始车辆数据\jy\Entity_Recording_2025_09_26_17_29_44_vehicle.csv,35d4c3cb2d1a37f82def814bfd3531823ab7a7d6025dc3a1b44643f25e66376a,66579,332.895,350.025,17.13,train,test,train,train,316,原始车辆数据/jy/Entity_Recording_2025_09_26_17_29_44_vehicle.csv,35d4c3cb2d1a37f82def814bfd3531823ab7a7d6025dc3a1b44643f25e66376a,1.0,1.0,0.1284559965133667
vehicle_instability_allraw__jy__2025_09_26_17_29_44__000426110__pre1_label2_event_trigger,vehicle_instability_allraw__jy__2025_09_26_17_29_44__000426110,jy,2025_09_26_17_29_44,426.11,,pre1_label2_event_trigger,-1.0,0.0,0.0,2.0,all_raw_vehicle_dynamic_onset_non_steering,all_raw_detected_vehicle_instability_onset_predict_future_steering_response,instability_ay_roll,extreme_active,straight,0,-0.0,65.81,100.0,auto_accept_instability_medium,hybrid_accept_high,原始车辆数据/jy/Entity_Recording_2025_09_26_17_29_44_vehicle.csv,F:\data_set_process\data_process\01_datasets\数据预处理\原始车辆数据\jy\Entity_Recording_2025_09_26_17_29_44_vehicle.csv,35d4c3cb2d1a37f82def814bfd3531823ab7a7d6025dc3a1b44643f25e66376a,85222,426.11,431.58,5.47,train,val,train,train,317,原始车辆数据/jy/Entity_Recording_2025_09_26_17_29_44_vehicle.csv,35d4c3cb2d1a37f82def814bfd3531823ab7a7d6025dc3a1b44643f25e66376a,1.0,1.0,-0.630761981010437
vehicle_instability_allraw__jy__2025_09_26_17_29_44__000500270__pre1_label2_event_trigger,vehicle_instability_allraw__jy__2025_09_26_17_29_44__000500270,jy,2025_09_26_17_29_44,500.27,,pre1_label2_event_trigger,-1.0,0.0,0.0,2.0,all_raw_vehicle_dynamic_onset_non_steering,all_raw_detected_vehicle_instability_onset_predict_future_steering_response,instability_ay_roll,medium_active,straight,0,-0.0,64.53,96.7,auto_accept_instability_medium,hybrid_accept_high,原始车辆数据/jy/Entity_Recording_2025_09_26_17_29_44_vehicle.csv,F:\data_set_process\data_process\01_datasets\数据预处理\原始车辆数据\jy\Entity_Recording_2025_09_26_17_29_44_vehicle.csv,35d4c3cb2d1a37f82def814bfd3531823ab7a7d6025dc3a1b44643f25e66376a,100054,500.27,506.415,6.145,train,val,train,train,318,原始车辆数据/jy/Entity_Recording_2025_09_26_17_29_44_vehicle.csv,35d4c3cb2d1a37f82def814bfd3531823ab7a7d6025dc3a1b44643f25e66376a,1.0,1.0,-0.6909760236740112
vehicle_instability_allraw__jy__2025_09_26_17_29_44__000535550__pre1_label2_event_trigger,vehicle_instability_allraw__jy__2025_09_26_17_29_44__000535550,jy,2025_09_26_17_29_44,535.55,,pre1_label2_event_trigger,-1.0,0.0,0.0,2.0,all_raw_vehicle_dynamic_onset_non_steering,all_raw_detected_vehicle_instability_onset_predict_future_steering_response,instability_ay_roll,instability_strong,design_high_risk_surface,0,0.0,71.02,85.06,auto_accept_instability_medium,hybrid_accept_high,原始车辆数据/jy/Entity_Recording_2025_09_26_17_29_44_vehicle.csv,F:\data_set_process\data_process\01_datasets\数据预处理\原始车辆数据\jy\Entity_Recording_2025_09_26_17_29_44_vehicle.csv,35d4c3cb2d1a37f82def814bfd3531823ab7a7d6025dc3a1b44643f25e66376a,107110,535.55,537.105,1.555,train,val,train,train,319,原始车辆数据/jy/Entity_Recording_2025_09_26_17_29_44_vehicle.csv,35d4c3cb2d1a37f82def814bfd3531823ab7a7d6025dc3a1b44643f25e66376a,1.0,1.0,0.0902329683303833
vehicle_instability_allraw__jy__2025_09_26_17_29_44__000540950__pre1_label2_event_trigger,vehicle_instability_allraw__jy__2025_09_26_17_29_44__000540950,jy,2025_09_26_17_29_44,540.95,,pre1_label2_event_trigger,-1.0,0.0,0.0,2.0,all_raw_vehicle_dynamic_onset_non_steering,all_raw_detected_vehicle_instability_onset_predict_future_steering_response,instability_ay_roll,strong_active,curve,0,-0.0,73.28,100.0,auto_accept_instability_medium,hybrid_accept_high,原始车辆数据/jy/Entity_Recording_2025_09_26_17_29_44_vehicle.csv,F:\data_set_process\data_process\01_datasets\数据预处理\原始车辆数据\jy\Entity_Recording_2025_09_26_17_29_44_vehicle.csv,35d4c3cb2d1a37f82def814bfd3531823ab7a7d6025dc3a1b44643f25e66376a,108190,540.95,564.165,23.215,train,train,train,train,320,原始车辆数据/jy/Entity_Recording_2025_09_26_17_29_44_vehicle.csv,35d4c3cb2d1a37f82def814bfd3531823ab7a7d6025dc3a1b44643f25e66376a,1.0,1.0,0.14922599494457245
vehicle_instability_allraw__jy__2025_09_26_17_29_44__000614515__pre1_label2_event_trigger,vehicle_instability_allraw__jy__2025_09_26_17_29_44__000614515,jy,2025_09_26_17_29_44,614.515,,pre1_label2_event_trigger,-1.0,0.0,0.0,2.0,all_raw_vehicle_dynamic_onset_non_steering,all_raw_detected_vehicle_instability_onset_predict_future_steering_response,instability_ay_roll,weak,curve,0,0.0,66.51,84.17,auto_accept_instability_medium,hybrid_accept_high,原始车辆数据/jy/Entity_Recording_2025_09_26_17_29_44_vehicle.csv,F:\data_set_process\data_process\01_datasets\数据预处理\原始车辆数据\jy\Entity_Recording_2025_09_26_17_29_44_vehicle.csv,35d4c3cb2d1a37f82def814bfd3531823ab7a7d6025dc3a1b44643f25e66376a,122903,614.515,623.88,9.365,train,test,train,train,321,原始车辆数据/jy/Entity_Recording_2025_09_26_17_29_44_vehicle.csv,35d4c3cb2d1a37f82def814bfd3531823ab7a7d6025dc3a1b44643f25e66376a,1.0,1.0,-0.5155699849128723
vehicle_instability_allraw__jy__2025_09_26_17_40_51__000065475__pre1_label2_event_trigger,vehicle_instability_allraw__jy__2025_09_26_17_40_51__000065475,jy,2025_09_26_17_40_51,65.475,,pre1_label2_event_trigger,-1.0,0.0,0.0,2.0,all_raw_vehicle_dynamic_onset_non_steering,all_raw_detected_vehicle_instability_onset_predict_future_steering_response,instability_ay_roll,strong_active,straight,0,-0.0,69.34,100.0,auto_accept_instability_medium,hybrid_accept_high,原始车辆数据/jy/Entity_Recording_2025_09_26_17_40_51_vehicle.csv,F:\data_set_process\data_process\01_datasets\数据预处理\原始车辆数据\jy\Entity_Recording_2025_09_26_17_40_51_vehicle.csv,8cdc2a8316610e6519cb65c8da03ebe31072d5934d25309b863c566da5e2c4eb,13095,65.475,66.615,1.14,train,train,train,train,322,原始车辆数据/jy/Entity_Recording_2025_09_26_17_40_51_vehicle.csv,8cdc2a8316610e6519cb65c8da03ebe31072d5934d25309b863c566da5e2c4eb,1.0,1.0,-0.39793500304222107
vehicle_instability_allraw__jy__2025_09_26_17_40_51__000069905__pre1_label2_event_trigger,vehicle_instability_allraw__jy__2025_09_26_17_40_51__000069905,jy,2025_09_26_17_40_51,69.905,,pre1_label2_event_trigger,-1.0,0.0,0.0,2.0,all_raw_vehicle_dynamic_onset_non_steering,all_raw_detected_vehicle_instability_onset_predict_future_steering_response,instability_ay_roll,strong_active,straight,0,-0.0,73.33,100.0,auto_accept_instability_medium,hybrid_accept_high,原始车辆数据/jy/Entity_Recording_2025_09_26_17_40_51_vehicle.csv,F:\data_set_process\data_process\01_datasets\数据预处理\原始车辆数据\jy\Entity_Recording_2025_09_26_17_40_51_vehicle.csv,8cdc2a8316610e6519cb65c8da03ebe31072d5934d25309b863c566da5e2c4eb,13981,69.905,72.285,2.38,train,val,train,train,323,原始车辆数据/jy/Entity_Recording_2025_09_26_17_40_51_vehicle.csv,8cdc2a8316610e6519cb65c8da03ebe31072d5934d25309b863c566da5e2c4eb,1.0,1.0,0.1829109936952591
vehicle_instability_allraw__jy__2025_09_26_17_40_51__000139585__pre1_label2_event_trigger,vehicle_instability_allraw__jy__2025_09_26_17_40_51__000139585,jy,2025_09_26_17_40_51,139.585,,pre1_label2_event_trigger,-1.0,0.0,0.0,2.0,all_raw_vehicle_dynamic_onset_non_steering,all_raw_detected_vehicle_instability_onset_predict_future_steering_response,instability_ay_roll,extreme_active,straight,1,-0.00729802,95.09,100.0,auto_accept_instability_high,hybrid_accept_high,原始车辆数据/jy/Entity_Recording_2025_09_26_17_40_51_vehicle.csv,F:\data_set_process\data_process\01_datasets\数据预处理\原始车辆数据\jy\Entity_Recording_2025_09_26_17_40_51_vehicle.csv,8cdc2a8316610e6519cb65c8da03ebe31072d5934d25309b863c566da5e2c4eb,27917,139.585,159.055,19.47,train,train,train,train,324,原始车辆数据/jy/Entity_Recording_2025_09_26_17_40_51_vehicle.csv,8cdc2a8316610e6519cb65c8da03ebe31072d5934d25309b863c566da5e2c4eb,1.0,1.0,-0.5274389982223511
vehicle_instability_allraw__jy__2025_09_26_17_40_51__000204390__pre1_label2_event_trigger,vehicle_instability_allraw__jy__2025_09_26_17_40_51__000204390,jy,2025_09_26_17_40_51,204.39,,pre1_label2_event_trigger,-1.0,0.0,0.0,2.0,all_raw_vehicle_dynamic_onset_non_steering,all_raw_detected_vehicle_instability_onset_predict_future_steering_response,instability_ay_roll,extreme_active,straight,0,0.0,85.37,100.0,auto_accept_instability_high,hybrid_accept_high,原始车辆数据/jy/Entity_Recording_2025_09_26_17_40_51_vehicle.csv,F:\data_set_process\data_process\01_datasets\数据预处理\原始车辆数据\jy\Entity_Recording_2025_09_26_17_40_51_vehicle.csv,8cdc2a8316610e6519cb65c8da03ebe31072d5934d25309b863c566da5e2c4eb,40878,204.39,209.31,4.92,train,val,train,train,325,原始车辆数据/jy/Entity_Recording_2025_09_26_17_40_51_vehicle.csv,8cdc2a8316610e6519cb65c8da03ebe31072d5934d25309b863c566da5e2c4eb,1.0,1.0,-0.3815290033817291
vehicle_instability_allraw__jy__2025_09_26_17_40_51__000228515__pre1_label2_event_trigger,vehicle_instability_allraw__jy__2025_09_26_17_40_51__000228515,jy,2025_09_26_17_40_51,228.515,,pre1_label2_event_trigger,-1.0,0.0,0.0,2.0,all_raw_vehicle_dynamic_onset_non_steering,all_raw_detected_vehicle_instability_onset_predict_future_steering_response,instability_ay_roll,extreme_active,straight,0,0.0,88.96,100.0,auto_accept_instability_high,hybrid_accept_high,原始车辆数据/jy/Entity_Recording_2025_09_26_17_40_51_vehicle.csv,F:\data_set_process\data_process\01_datasets\数据预处理\原始车辆数据\jy\Entity_Recording_2025_09_26_17_40_51_vehicle.csv,8cdc2a8316610e6519cb65c8da03ebe31072d5934d25309b863c566da5e2c4eb,45703,228.515,233.485,4.97,train,val,train,train,326,原始车辆数据/jy/Entity_Recording_2025_09_26_17_40_51_vehicle.csv,8cdc2a8316610e6519cb65c8da03ebe31072d5934d25309b863c566da5e2c4eb,1.0,1.0,0.31520530581474304
vehicle_instability_allraw__jy__2025_09_26_17_40_51__000277995__pre1_label2_event_trigger,vehicle_instability_allraw__jy__2025_09_26_17_40_51__000277995,jy,2025_09_26_17_40_51,277.995,,pre1_label2_event_trigger,-1.0,0.0,0.0,2.0,all_raw_vehicle_dynamic_onset_non_steering,all_raw_detected_vehicle_instability_onset_predict_future_steering_response,instability_ay_roll,extreme_active,curve,0,-0.0,94.28,100.0,auto_accept_instability_high,hybrid_accept_high,原始车辆数据/jy/Entity_Recording_2025_09_26_17_40_51_vehicle.csv,F:\data_set_process\data_process\01_datasets\数据预处理\原始车辆数据\jy\Entity_Recording_2025_09_26_17_40_51_vehicle.csv,8cdc2a8316610e6519cb65c8da03ebe31072d5934d25309b863c566da5e2c4eb,55599,277.995,290.88,12.885,train,train,train,train,327,原始车辆数据/jy/Entity_Recording_2025_09_26_17_40_51_vehicle.csv,8cdc2a8316610e6519cb65c8da03ebe31072d5934d25309b863c566da5e2c4eb,1.0,1.0,0.07103490084409714
vehicle_instability_allraw__jy__2025_09_26_17_40_51__000399600__pre1_label2_event_trigger,vehicle_instability_allraw__jy__2025_09_26_17_40_51__000399600,jy,2025_09_26_17_40_51,399.6,,pre1_label2_event_trigger,-1.0,0.0,0.0,2.0,all_raw_vehicle_dynamic_onset_non_steering,all_raw_detected_vehicle_instability_onset_predict_future_steering_response,instability_ay_roll,medium_active,straight,0,0.0,61.17,92.35,auto_accept_instability_medium,hybrid_accept_high,原始车辆数据/jy/Entity_Recording_2025_09_26_17_40_51_vehicle.csv,F:\data_set_process\data_process\01_datasets\数据预处理\原始车辆数据\jy\Entity_Recording_2025_09_26_17_40_51_vehicle.csv,8cdc2a8316610e6519cb65c8da03ebe31072d5934d25309b863c566da5e2c4eb,79920,399.6,406.925,7.325,train,train,train,train,328,原始车辆数据/jy/Entity_Recording_2025_09_26_17_40_51_vehicle.csv,8cdc2a8316610e6519cb65c8da03ebe31072d5934d25309b863c566da5e2c4eb,1.0,1.0,0.4232420027256012
vehicle_instability_allraw__jy__2025_09_26_17_40_51__000445490__pre1_label2_event_trigger,vehicle_instability_allraw__jy__2025_09_26_17_40_51__000445490,jy,2025_09_26_17_40_51,445.49,,pre1_label2_event_trigger,-1.0,0.0,0.0,2.0,all_raw_vehicle_dynamic_onset_non_steering,all_raw_detected_vehicle_instability_onset_predict_future_steering_response,instability_ay_roll,strong_active,curve,0,0.0,69.69,97.75,auto_accept_instability_medium,hybrid_accept_high,原始车辆数据/jy/Entity_Recording_2025_09_26_17_40_51_vehicle.csv,F:\data_set_process\data_process\01_datasets\数据预处理\原始车辆数据\jy\Entity_Recording_2025_09_26_17_40_51_vehicle.csv,8cdc2a8316610e6519cb65c8da03ebe31072d5934d25309b863c566da5e2c4eb,89098,445.49,472.17,26.68,train,train,train,train,329,原始车辆数据/jy/Entity_Recording_2025_09_26_17_40_51_vehicle.csv,8cdc2a8316610e6519cb65c8da03ebe31072d5934d25309b863c566da5e2c4eb,1.0,1.0,0.10594099760055542
vehicle_instability_allraw__jy__2025_09_26_17_40_51__000526105__pre1_label2_event_trigger,vehicle_instability_allraw__jy__2025_09_26_17_40_51__000526105,jy,2025_09_26_17_40_51,526.105,,pre1_label2_event_trigger,-1.0,0.0,0.0,2.0,all_raw_vehicle_dynamic_onset_non_steering,all_raw_detected_vehicle_instability_onset_predict_future_steering_response,instability_ay_roll,extreme_active,straight,0,0.0,74.64,100.0,auto_accept_instability_medium,hybrid_accept_high,原始车辆数据/jy/Entity_Recording_2025_09_26_17_40_51_vehicle.csv,F:\data_set_process\data_process\01_datasets\数据预处理\原始车辆数据\jy\Entity_Recording_2025_09_26_17_40_51_vehicle.csv,8cdc2a8316610e6519cb65c8da03ebe31072d5934d25309b863c566da5e2c4eb,105221,526.105,540.635,14.53,train,train,train,train,330,原始车辆数据/jy/Entity_Recording_2025_09_26_17_40_51_vehicle.csv,8cdc2a8316610e6519cb65c8da03ebe31072d5934d25309b863c566da5e2c4eb,1.0,1.0,-0.5766569972038269
vehicle_instability_allraw__jy__2025_09_26_17_51_46__000128915__pre1_label2_event_trigger,vehicle_instability_allraw__jy__2025_09_26_17_51_46__000128915,jy,2025_09_26_17_51_46,128.915,,pre1_label2_event_trigger,-1.0,0.0,0.0,2.0,all_raw_vehicle_dynamic_onset_non_steering,all_raw_detected_vehicle_instability_onset_predict_future_steering_response,instability_ay_roll,extreme_active,straight,1,-0.00729802,94.52,100.0,auto_accept_instability_high,hybrid_accept_high,原始车辆数据/jy/Entity_Recording_2025_09_26_17_51_46_vehicle.csv,F:\data_set_process\data_process\01_datasets\数据预处理\原始车辆数据\jy\Entity_Recording_2025_09_26_17_51_46_vehicle.csv,9be6b671a8518dcfd7d9faf6184dda1816dfdf52303d86a8f8d0c0f92123e130,25783,128.915,145.175,16.26,train,val,train,train,331,原始车辆数据/jy/Entity_Recording_2025_09_26_17_51_46_vehicle.csv,9be6b671a8518dcfd7d9faf6184dda1816dfdf52303d86a8f8d0c0f92123e130,1.0,1.0,-0.4729839861392975
vehicle_instability_allraw__jy__2025_09_26_17_51_46__000184900__pre1_label2_event_trigger,vehicle_instability_allraw__jy__2025_09_26_17_51_46__000184900,jy,2025_09_26_17_51_46,184.9,,pre1_label2_event_trigger,-1.0,0.0,0.0,2.0,all_raw_vehicle_dynamic_onset_non_steering,all_raw_detected_vehicle_instability_onset_predict_future_steering_response,instability_ay_roll,medium_active,straight,0,-0.0,61.2,88.46,auto_accept_instability_medium,hybrid_accept_high,原始车辆数据/jy/Entity_Recording_2025_09_26_17_51_46_vehicle.csv,F:\data_set_process\data_process\01_datasets\数据预处理\原始车辆数据\jy\Entity_Recording_2025_09_26_17_51_46_vehicle.csv,9be6b671a8518dcfd7d9faf6184dda1816dfdf52303d86a8f8d0c0f92123e130,36980,184.9,190.21,5.31,train,train,train,train,332,原始车辆数据/jy/Entity_Recording_2025_09_26_17_51_46_vehicle.csv,9be6b671a8518dcfd7d9faf6184dda1816dfdf52303d86a8f8d0c0f92123e130,1.0,1.0,0.13421596586704254
vehicle_instability_allraw__jy__2025_09_26_17_51_46__000257425__pre1_label2_event_trigger,vehicle_instability_allraw__jy__2025_09_26_17_51_46__000257425,jy,2025_09_26_17_51_46,257.425,,pre1_label2_event_trigger,-1.0,0.0,0.0,2.0,all_raw_vehicle_dynamic_onset_non_steering,all_raw_detected_vehicle_instability_onset_predict_future_steering_response,instability_ay_roll,extreme_active,curve,0,0.0,94.4,100.0,auto_accept_instability_high,hybrid_accept_high,原始车辆数据/jy/Entity_Recording_2025_09_26_17_51_46_vehicle.csv,F:\data_set_process\data_process\01_datasets\数据预处理\原始车辆数据\jy\Entity_Recording_2025_09_26_17_51_46_vehicle.csv,9be6b671a8518dcfd7d9faf6184dda1816dfdf52303d86a8f8d0c0f92123e130,51485,257.425,274.19,16.765,train,train,train,train,333,原始车辆数据/jy/Entity_Recording_2025_09_26_17_51_46_vehicle.csv,9be6b671a8518dcfd7d9faf6184dda1816dfdf52303d86a8f8d0c0f92123e130,1.0,1.0,0.09250249713659286
vehicle_instability_allraw__jy__2025_09_26_17_51_46__000542335__pre1_label2_event_trigger,vehicle_instability_allraw__jy__2025_09_26_17_51_46__000542335,jy,2025_09_26_17_51_46,542.335,,pre1_label2_event_trigger,-1.0,0.0,0.0,2.0,all_raw_vehicle_dynamic_onset_non_steering,all_raw_detected_vehicle_instability_onset_predict_future_steering_response,instability_ay_roll,medium_active,curve,0,-0.0,63.77,86.75,auto_accept_instability_medium,hybrid_accept_high,原始车辆数据/jy/Entity_Recording_2025_09_26_17_51_46_vehicle.csv,F:\data_set_process\data_process\01_datasets\数据预处理\原始车辆数据\jy\Entity_Recording_2025_09_26_17_51_46_vehicle.csv,9be6b671a8518dcfd7d9faf6184dda1816dfdf52303d86a8f8d0c0f92123e130,108467,542.335,551.875,9.54,train,train,train,train,334,原始车辆数据/jy/Entity_Recording_2025_09_26_17_51_46_vehicle.csv,9be6b671a8518dcfd7d9faf6184dda1816dfdf52303d86a8f8d0c0f92123e130,1.0,1.0,-0.4316200017929077
vehicle_instability_allraw__jy__2025_09_26_18_01_40__000064705__pre1_label2_event_trigger,vehicle_instability_allraw__jy__2025_09_26_18_01_40__000064705,jy,2025_09_26_18_01_40,64.705,,pre1_label2_event_trigger,-1.0,0.0,0.0,2.0,all_raw_vehicle_dynamic_onset_non_steering,all_raw_detected_vehicle_instability_onset_predict_future_steering_response,instability_ay_roll,strong_active,straight,0,-0.0,62.99,93.11,auto_accept_instability_medium,hybrid_accept_high,原始车辆数据/jy/Entity_Recording_2025_09_26_18_01_40_vehicle.csv,F:\data_set_process\data_process\01_datasets\数据预处理\原始车辆数据\jy\Entity_Recording_2025_09_26_18_01_40_vehicle.csv,4cec057f18b8e18b438e62a5356aac62e02d69f2b03c2e67e5bdf8490d92a5d2,12941,64.705,67.605,2.9,val,train,val,train,335,原始车辆数据/jy/Entity_Recording_2025_09_26_18_01_40_vehicle.csv,4cec057f18b8e18b438e62a5356aac62e02d69f2b03c2e67e5bdf8490d92a5d2,1.0,1.0,0.16371199488639832
vehicle_instability_allraw__jy__2025_09_26_18_01_40__000136325__pre1_label2_event_trigger,vehicle_instability_allraw__jy__2025_09_26_18_01_40__000136325,jy,2025_09_26_18_01_40,136.325,,pre1_label2_event_trigger,-1.0,0.0,0.0,2.0,all_raw_vehicle_dynamic_onset_non_steering,all_raw_detected_vehicle_instability_onset_predict_future_steering_response,instability_ay_roll,extreme_active,curve,1,-0.00729802,94.31,100.0,auto_accept_instability_high,hybrid_accept_high,原始车辆数据/jy/Entity_Recording_2025_09_26_18_01_40_vehicle.csv,F:\data_set_process\data_process\01_datasets\数据预处理\原始车辆数据\jy\Entity_Recording_2025_09_26_18_01_40_vehicle.csv,4cec057f18b8e18b438e62a5356aac62e02d69f2b03c2e67e5bdf8490d92a5d2,27265,136.325,156.44,20.115,val,train,val,train,336,原始车辆数据/jy/Entity_Recording_2025_09_26_18_01_40_vehicle.csv,4cec057f18b8e18b438e62a5356aac62e02d69f2b03c2e67e5bdf8490d92a5d2,1.0,1.0,-0.542622983455658
vehicle_instability_allraw__jy__2025_09_26_18_01_40__000198735__pre1_label2_event_trigger,vehicle_instability_allraw__jy__2025_09_26_18_01_40__000198735,jy,2025_09_26_18_01_40,198.735,,pre1_label2_event_trigger,-1.0,0.0,0.0,2.0,all_raw_vehicle_dynamic_onset_non_steering,all_raw_detected_vehicle_instability_onset_predict_future_steering_response,instability_ay_roll,strong_active,straight,0,0.0,67.42,100.0,auto_accept_instability_medium,hybrid_accept_high,原始车辆数据/jy/Entity_Recording_2025_09_26_18_01_40_vehicle.csv,F:\data_set_process\data_process\01_datasets\数据预处理\原始车辆数据\jy\Entity_Recording_2025_09_26_18_01_40_vehicle.csv,4cec057f18b8e18b438e62a5356aac62e02d69f2b03c2e67e5bdf8490d92a5d2,39747,198.735,202.885,4.15,val,test,val,train,337,原始车辆数据/jy/Entity_Recording_2025_09_26_18_01_40_vehicle.csv,4cec057f18b8e18b438e62a5356aac62e02d69f2b03c2e67e5bdf8490d92a5d2,1.0,1.0,0.31258800625801086
vehicle_instability_allraw__jy__2025_09_26_18_01_40__000268335__pre1_label2_event_trigger,vehicle_instability_allraw__jy__2025_09_26_18_01_40__000268335,jy,2025_09_26_18_01_40,268.335,,pre1_label2_event_trigger,-1.0,0.0,0.0,2.0,all_raw_vehicle_dynamic_onset_non_steering,all_raw_detected_vehicle_instability_onset_predict_future_steering_response,instability_ay_roll,instability_medium,design_regular_road,0,0.0,66.97,83.5,auto_accept_instability_medium,hybrid_accept_high,原始车辆数据/jy/Entity_Recording_2025_09_26_18_01_40_vehicle.csv,F:\data_set_process\data_process\01_datasets\数据预处理\原始车辆数据\jy\Entity_Recording_2025_09_26_18_01_40_vehicle.csv,4cec057f18b8e18b438e62a5356aac62e02d69f2b03c2e67e5bdf8490d92a5d2,53667,268.335,287.125,18.79,val,train,val,train,338,原始车辆数据/jy/Entity_Recording_2025_09_26_18_01_40_vehicle.csv,4cec057f18b8e18b438e62a5356aac62e02d69f2b03c2e67e5bdf8490d92a5d2,1.0,1.0,0.15184399485588074
vehicle_instability_allraw__jy__2025_09_26_18_01_40__000326600__pre1_label2_event_trigger,vehicle_instability_allraw__jy__2025_09_26_18_01_40__000326600,jy,2025_09_26_18_01_40,326.6,,pre1_label2_event_trigger,-1.0,0.0,0.0,2.0,all_raw_vehicle_dynamic_onset_non_steering,all_raw_detected_vehicle_instability_onset_predict_future_steering_response,instability_ay_roll,strong_active,straight,0,0.0,56.66,86.18,needs_human_review,hybrid_accept_high,原始车辆数据/jy/Entity_Recording_2025_09_26_18_01_40_vehicle.csv,F:\data_set_process\data_process\01_datasets\数据预处理\原始车辆数据\jy\Entity_Recording_2025_09_26_18_01_40_vehicle.csv,4cec057f18b8e18b438e62a5356aac62e02d69f2b03c2e67e5bdf8490d92a5d2,65320,326.6,328.68,2.08,val,val,val,train,339,原始车辆数据/jy/Entity_Recording_2025_09_26_18_01_40_vehicle.csv,4cec057f18b8e18b438e62a5356aac62e02d69f2b03c2e67e5bdf8490d92a5d2,1.0,1.0,-0.5126029849052429
vehicle_instability_allraw__jy__2025_09_26_18_01_40__000403800__pre1_label2_event_trigger,vehicle_instability_allraw__jy__2025_09_26_18_01_40__000403800,jy,2025_09_26_18_01_40,403.8,,pre1_label2_event_trigger,-1.0,0.0,0.0,2.0,all_raw_vehicle_dynamic_onset_non_steering,all_raw_detected_vehicle_instability_onset_predict_future_steering_response,instability_ay_roll,medium_active,straight,0,-0.0,64.99,97.37,auto_accept_instability_medium,hybrid_accept_high,原始车辆数据/jy/Entity_Recording_2025_09_26_18_01_40_vehicle.csv,F:\data_set_process\data_process\01_datasets\数据预处理\原始车辆数据\jy\Entity_Recording_2025_09_26_18_01_40_vehicle.csv,4cec057f18b8e18b438e62a5356aac62e02d69f2b03c2e67e5bdf8490d92a5d2,80760,403.8,411.085,7.285,val,test,val,train,340,原始车辆数据/jy/Entity_Recording_2025_09_26_18_01_40_vehicle.csv,4cec057f18b8e18b438e62a5356aac62e02d69f2b03c2e67e5bdf8490d92a5d2,1.0,1.0,-0.7770209908485413
vehicle_instability_allraw__jy__2025_09_26_18_01_40__000498140__pre1_label2_event_trigger,vehicle_instability_allraw__jy__2025_09_26_18_01_40__000498140,jy,2025_09_26_18_01_40,498.14,,pre1_label2_event_trigger,-1.0,0.0,0.0,2.0,all_raw_vehicle_dynamic_onset_non_steering,all_raw_detected_vehicle_instability_onset_predict_future_steering_response,instability_ay_roll,strong_active,curve,0,0.0,67.7,96.58,auto_accept_instability_medium,hybrid_accept_high,原始车辆数据/jy/Entity_Recording_2025_09_26_18_01_40_vehicle.csv,F:\data_set_process\data_process\01_datasets\数据预处理\原始车辆数据\jy\Entity_Recording_2025_09_26_18_01_40_vehicle.csv,4cec057f18b8e18b438e62a5356aac62e02d69f2b03c2e67e5bdf8490d92a5d2,99628,498.14,515.18,17.04,val,train,val,train,341,原始车辆数据/jy/Entity_Recording_2025_09_26_18_01_40_vehicle.csv,4cec057f18b8e18b438e62a5356aac62e02d69f2b03c2e67e5bdf8490d92a5d2,1.0,1.0,0.08848819881677628
vehicle_instability_allraw__lx__2025_09_26_08_58_43__000154775__pre1_label2_event_trigger,vehicle_instability_allraw__lx__2025_09_26_08_58_43__000154775,lx,2025_09_26_08_58_43,154.775,,pre1_label2_event_trigger,-1.0,0.0,0.0,2.0,all_raw_vehicle_dynamic_onset_non_steering,all_raw_detected_vehicle_instability_onset_predict_future_steering_response,instability_ay_roll,extreme_active,straight,1,-0.00729802,78.23,100.0,auto_accept_instability_high,hybrid_accept_high,原始车辆数据/lx/Entity_Recording_2025_09_26_08_58_43_vehicle.csv,F:\data_set_process\data_process\01_datasets\数据预处理\原始车辆数据\lx\Entity_Recording_2025_09_26_08_58_43_vehicle.csv,dc5ccad13b3e382773e3079623cd82934f4cb025c460f92fab3bad8af0290a5d,30955,154.775,185.445,30.67,val,val,val,train,342,原始车辆数据/lx/Entity_Recording_2025_09_26_08_58_43_vehicle.csv,dc5ccad13b3e382773e3079623cd82934f4cb025c460f92fab3bad8af0290a5d,1.0,1.0,-0.3747220039367676
vehicle_instability_allraw__lx__2025_09_26_08_58_43__000250000__pre1_label2_event_trigger,vehicle_instability_allraw__lx__2025_09_26_08_58_43__000250000,lx,2025_09_26_08_58_43,250.0,,pre1_label2_event_trigger,-1.0,0.0,0.0,2.0,all_raw_vehicle_dynamic_onset_non_steering,all_raw_detected_vehicle_instability_onset_predict_future_steering_response,instability_ay_roll,extreme_active,straight,0,-0.0,95.09,100.0,auto_accept_instability_high,hybrid_accept_high,原始车辆数据/lx/Entity_Recording_2025_09_26_08_58_43_vehicle.csv,F:\data_set_process\data_process\01_datasets\数据预处理\原始车辆数据\lx\Entity_Recording_2025_09_26_08_58_43_vehicle.csv,dc5ccad13b3e382773e3079623cd82934f4cb025c460f92fab3bad8af0290a5d,50000,250.0,268.925,18.925,val,train,val,train,343,原始车辆数据/lx/Entity_Recording_2025_09_26_08_58_43_vehicle.csv,dc5ccad13b3e382773e3079623cd82934f4cb025c460f92fab3bad8af0290a5d,1.0,1.0,-0.31922098994255066
vehicle_instability_allraw__lx__2025_09_26_09_06_38__000064800__pre1_label2_event_trigger,vehicle_instability_allraw__lx__2025_09_26_09_06_38__000064800,lx,2025_09_26_09_06_38,64.8,,pre1_label2_event_trigger,-1.0,0.0,0.0,2.0,all_raw_vehicle_dynamic_onset_non_steering,all_raw_detected_vehicle_instability_onset_predict_future_steering_response,instability_ay_roll,extreme_active,straight,0,0.0,77.95,100.0,auto_accept_instability_high,hybrid_accept_high,原始车辆数据/lx/Entity_Recording_2025_09_26_09_06_38_vehicle.csv,F:\data_set_process\data_process\01_datasets\数据预处理\原始车辆数据\lx\Entity_Recording_2025_09_26_09_06_38_vehicle.csv,8ebcfdac8a5463e90a020cd6622eb6e2df9f7bd5b5000dbbce29a0cf8f2edbc1,12960,64.8,92.88,28.08,val,train,val,train,344,原始车辆数据/lx/Entity_Recording_2025_09_26_09_06_38_vehicle.csv,8ebcfdac8a5463e90a020cd6622eb6e2df9f7bd5b5000dbbce29a0cf8f2edbc1,1.0,1.0,0.058468498289585114
vehicle_instability_allraw__lx__2025_09_26_09_06_38__000215020__pre1_label2_event_trigger,vehicle_instability_allraw__lx__2025_09_26_09_06_38__000215020,lx,2025_09_26_09_06_38,215.02,,pre1_label2_event_trigger,-1.0,0.0,0.0,2.0,all_raw_vehicle_dynamic_onset_non_steering,all_raw_detected_vehicle_instability_onset_predict_future_steering_response,instability_ay_roll,strong_active,curve,1,-0.00729802,73.5,99.32,auto_accept_instability_medium,hybrid_accept_high,原始车辆数据/lx/Entity_Recording_2025_09_26_09_06_38_vehicle.csv,F:\data_set_process\data_process\01_datasets\数据预处理\原始车辆数据\lx\Entity_Recording_2025_09_26_09_06_38_vehicle.csv,8ebcfdac8a5463e90a020cd6622eb6e2df9f7bd5b5000dbbce29a0cf8f2edbc1,43004,215.02,216.555,1.535,val,train,val,train,345,原始车辆数据/lx/Entity_Recording_2025_09_26_09_06_38_vehicle.csv,8ebcfdac8a5463e90a020cd6622eb6e2df9f7bd5b5000dbbce29a0cf8f2edbc1,1.0,1.0,0.7065094709396362
vehicle_instability_allraw__lx__2025_09_26_09_06_38__000220235__pre1_label2_event_trigger,vehicle_instability_allraw__lx__2025_09_26_09_06_38__000220235,lx,2025_09_26_09_06_38,220.235,,pre1_label2_event_trigger,-1.0,0.0,0.0,2.0,all_raw_vehicle_dynamic_onset_non_steering,all_raw_detected_vehicle_instability_onset_predict_future_steering_response,instability_ay_roll,strong_active,curve,1,-0.00729802,76.3,100.0,auto_accept_instability_high,hybrid_accept_high,原始车辆数据/lx/Entity_Recording_2025_09_26_09_06_38_vehicle.csv,F:\data_set_process\data_process\01_datasets\数据预处理\原始车辆数据\lx\Entity_Recording_2025_09_26_09_06_38_vehicle.csv,8ebcfdac8a5463e90a020cd6622eb6e2df9f7bd5b5000dbbce29a0cf8f2edbc1,44047,220.235,225.14,4.905,val,train,val,train,346,原始车辆数据/lx/Entity_Recording_2025_09_26_09_06_38_vehicle.csv,8ebcfdac8a5463e90a020cd6622eb6e2df9f7bd5b5000dbbce29a0cf8f2edbc1,1.0,1.0,-1.0698896646499634
vehicle_instability_allraw__lx__2025_09_26_09_17_22__000060745__pre1_label2_event_trigger,vehicle_instability_allraw__lx__2025_09_26_09_17_22__000060745,lx,2025_09_26_09_17_22,60.745,,pre1_label2_event_trigger,-1.0,0.0,0.0,2.0,all_raw_vehicle_dynamic_onset_non_steering,all_raw_detected_vehicle_instability_onset_predict_future_steering_response,instability_ay_roll,strong_active,straight,0,0.0,74.62,100.0,auto_accept_instability_medium,hybrid_accept_high,原始车辆数据/lx/Entity_Recording_2025_09_26_09_17_22_vehicle.csv,F:\data_set_process\data_process\01_datasets\数据预处理\原始车辆数据\lx\Entity_Recording_2025_09_26_09_17_22_vehicle.csv,0de154f51319f69f4e2c9c2ec1ea1ce284954418e3b9c6ebaf936fb1573a198f,12149,60.745,67.76,7.015,train,train,train,train,347,原始车辆数据/lx/Entity_Recording_2025_09_26_09_17_22_vehicle.csv,0de154f51319f69f4e2c9c2ec1ea1ce284954418e3b9c6ebaf936fb1573a198f,1.0,1.0,-0.46687600016593933
vehicle_instability_allraw__lx__2025_09_26_09_17_22__000135315__pre1_label2_event_trigger,vehicle_instability_allraw__lx__2025_09_26_09_17_22__000135315,lx,2025_09_26_09_17_22,135.315,,pre1_label2_event_trigger,-1.0,0.0,0.0,2.0,all_raw_vehicle_dynamic_onset_non_steering,all_raw_detected_vehicle_instability_onset_predict_future_steering_response,instability_ay_roll,extreme_active,curve,1,-0.00729802,94.34,100.0,auto_accept_instability_high,hybrid_accept_high,原始车辆数据/lx/Entity_Recording_2025_09_26_09_17_22_vehicle.csv,F:\data_set_process\data_process\01_datasets\数据预处理\原始车辆数据\lx\Entity_Recording_2025_09_26_09_17_22_vehicle.csv,0de154f51319f69f4e2c9c2ec1ea1ce284954418e3b9c6ebaf936fb1573a198f,27063,135.315,142.32,7.005,train,test,train,train,348,原始车辆数据/lx/Entity_Recording_2025_09_26_09_17_22_vehicle.csv,0de154f51319f69f4e2c9c2ec1ea1ce284954418e3b9c6ebaf936fb1573a198f,1.0,1.0,-0.4735078513622284
vehicle_instability_allraw__lx__2025_09_26_09_17_22__000145735__pre1_label2_event_trigger,vehicle_instability_allraw__lx__2025_09_26_09_17_22__000145735,lx,2025_09_26_09_17_22,145.735,,pre1_label2_event_trigger,-1.0,0.0,0.0,2.0,all_raw_vehicle_dynamic_onset_non_steering,all_raw_detected_vehicle_instability_onset_predict_future_steering_response,instability_ay_roll,extreme_active,curve,1,-0.00729802,91.7,100.0,auto_accept_instability_high,hybrid_accept_high,原始车辆数据/lx/Entity_Recording_2025_09_26_09_17_22_vehicle.csv,F:\data_set_process\data_process\01_datasets\数据预处理\原始车辆数据\lx\Entity_Recording_2025_09_26_09_17_22_vehicle.csv,0de154f51319f69f4e2c9c2ec1ea1ce284954418e3b9c6ebaf936fb1573a198f,29147,145.735,146.81,1.075,train,train,train,train,349,原始车辆数据/lx/Entity_Recording_2025_09_26_09_17_22_vehicle.csv,0de154f51319f69f4e2c9c2ec1ea1ce284954418e3b9c6ebaf936fb1573a198f,1.0,1.0,-3.9159998893737793
vehicle_instability_allraw__lx__2025_09_26_09_17_22__000151260__pre1_label2_event_trigger,vehicle_instability_allraw__lx__2025_09_26_09_17_22__000151260,lx,2025_09_26_09_17_22,151.26,,pre1_label2_event_trigger,-1.0,0.0,0.0,2.0,all_raw_vehicle_dynamic_onset_non_steering,all_raw_detected_vehicle_instability_onset_predict_future_steering_response,instability_ay_roll,extreme_active,curve,1,-0.00729802,65.2,100.0,auto_accept_instability_medium,hybrid_accept_high,原始车辆数据/lx/Entity_Recording_2025_09_26_09_17_22_vehicle.csv,F:\data_set_process\data_process\01_datasets\数据预处理\原始车辆数据\lx\Entity_Recording_2025_09_26_09_17_22_vehicle.csv,0de154f51319f69f4e2c9c2ec1ea1ce284954418e3b9c6ebaf936fb1573a198f,30252,151.26,153.91,2.65,train,train,train,train,350,原始车辆数据/lx/Entity_Recording_2025_09_26_09_17_22_vehicle.csv,0de154f51319f69f4e2c9c2ec1ea1ce284954418e3b9c6ebaf936fb1573a198f,1.0,1.0,-5.773369789123535
vehicle_instability_allraw__lx__2025_09_26_09_17_22__000215535__pre1_label2_event_trigger,vehicle_instability_allraw__lx__2025_09_26_09_17_22__000215535,lx,2025_09_26_09_17_22,215.535,,pre1_label2_event_trigger,-1.0,0.0,0.0,2.0,all_raw_vehicle_dynamic_onset_non_steering,all_raw_detected_vehicle_instability_onset_predict_future_steering_response,instability_ay_roll,strong_active,straight,0,0.0,63.42,96.93,auto_accept_instability_medium,hybrid_accept_high,原始车辆数据/lx/Entity_Recording_2025_09_26_09_17_22_vehicle.csv,F:\data_set_process\data_process\01_datasets\数据预处理\原始车辆数据\lx\Entity_Recording_2025_09_26_09_17_22_vehicle.csv,0de154f51319f69f4e2c9c2ec1ea1ce284954418e3b9c6ebaf936fb1573a198f,43107,215.535,224.53,8.995,train,train,train,train,351,原始车辆数据/lx/Entity_Recording_2025_09_26_09_17_22_vehicle.csv,0de154f51319f69f4e2c9c2ec1ea1ce284954418e3b9c6ebaf936fb1573a198f,1.0,1.0,0.17540593445301056
vehicle_instability_allraw__lx__2025_09_26_09_17_22__000263130__pre1_label2_event_trigger,vehicle_instability_allraw__lx__2025_09_26_09_17_22__000263130,lx,2025_09_26_09_17_22,263.13,,pre1_label2_event_trigger,-1.0,0.0,0.0,2.0,all_raw_vehicle_dynamic_onset_non_steering,all_raw_detected_vehicle_instability_onset_predict_future_steering_response,instability_ay_roll,extreme_active,straight,0,0.0,72.62,100.0,auto_accept_instability_medium,hybrid_accept_high,原始车辆数据/lx/Entity_Recording_2025_09_26_09_17_22_vehicle.csv,F:\data_set_process\data_process\01_datasets\数据预处理\原始车辆数据\lx\Entity_Recording_2025_09_26_09_17_22_vehicle.csv,0de154f51319f69f4e2c9c2ec1ea1ce284954418e3b9c6ebaf936fb1573a198f,52626,263.13,275.835,12.705,train,test,train,train,352,原始车辆数据/lx/Entity_Recording_2025_09_26_09_17_22_vehicle.csv,0de154f51319f69f4e2c9c2ec1ea1ce284954418e3b9c6ebaf936fb1573a198f,1.0,1.0,-0.1846548616886139
vehicle_instability_allraw__lx__2025_09_26_09_17_22__000324565__pre1_label2_event_trigger,vehicle_instability_allraw__lx__2025_09_26_09_17_22__000324565,lx,2025_09_26_09_17_22,324.565,,pre1_label2_event_trigger,-1.0,0.0,0.0,2.0,all_raw_vehicle_dynamic_onset_non_steering,all_raw_detected_vehicle_instability_onset_predict_future_steering_response,instability_ay_roll,strong_active,curve,0,0.0,73.94,100.0,auto_accept_instability_medium,hybrid_accept_high,原始车辆数据/lx/Entity_Recording_2025_09_26_09_17_22_vehicle.csv,F:\data_set_process\data_process\01_datasets\数据预处理\原始车辆数据\lx\Entity_Recording_2025_09_26_09_17_22_vehicle.csv,0de154f51319f69f4e2c9c2ec1ea1ce284954418e3b9c6ebaf936fb1573a198f,64913,324.565,346.055,21.49,train,val,train,train,353,原始车辆数据/lx/Entity_Recording_2025_09_26_09_17_22_vehicle.csv,0de154f51319f69f4e2c9c2ec1ea1ce284954418e3b9c6ebaf936fb1573a198f,1.0,1.0,0.1391029953956604
vehicle_instability_allraw__lx__2025_09_26_09_17_22__000385260__pre1_label2_event_trigger,vehicle_instability_allraw__lx__2025_09_26_09_17_22__000385260,lx,2025_09_26_09_17_22,385.26,,pre1_label2_event_trigger,-1.0,0.0,0.0,2.0,all_raw_vehicle_dynamic_onset_non_steering,all_raw_detected_vehicle_instability_onset_predict_future_steering_response,instability_ay_roll,extreme_active,straight,0,0.0,55.12,89.61,needs_human_review,hybrid_accept_high,原始车辆数据/lx/Entity_Recording_2025_09_26_09_17_22_vehicle.csv,F:\data_set_process\data_process\01_datasets\数据预处理\原始车辆数据\lx\Entity_Recording_2025_09_26_09_17_22_vehicle.csv,0de154f51319f69f4e2c9c2ec1ea1ce284954418e3b9c6ebaf936fb1573a198f,77052,385.26,390.345,5.085,train,train,train,train,354,原始车辆数据/lx/Entity_Recording_2025_09_26_09_17_22_vehicle.csv,0de154f51319f69f4e2c9c2ec1ea1ce284954418e3b9c6ebaf936fb1573a198f,1.0,1.0,0.3466219902038574
vehicle_instability_allraw__lx__2025_09_26_09_17_22__000476915__pre1_label2_event_trigger,vehicle_instability_allraw__lx__2025_09_26_09_17_22__000476915,lx,2025_09_26_09_17_22,476.915,,pre1_label2_event_trigger,-1.0,0.0,0.0,2.0,all_raw_vehicle_dynamic_onset_non_steering,all_raw_detected_vehicle_instability_onset_predict_future_steering_response,instability_ay_roll,strong_active,straight,0,0.0,70.89,100.0,auto_accept_instability_medium,hybrid_accept_high,原始车辆数据/lx/Entity_Recording_2025_09_26_09_17_22_vehicle.csv,F:\data_set_process\data_process\01_datasets\数据预处理\原始车辆数据\lx\Entity_Recording_2025_09_26_09_17_22_vehicle.csv,0de154f51319f69f4e2c9c2ec1ea1ce284954418e3b9c6ebaf936fb1573a198f,95383,476.915,477.565,0.65,train,train,train,train,355,原始车辆数据/lx/Entity_Recording_2025_09_26_09_17_22_vehicle.csv,0de154f51319f69f4e2c9c2ec1ea1ce284954418e3b9c6ebaf936fb1573a198f,1.0,1.0,-1.3329099416732788
vehicle_instability_allraw__lx__2025_09_26_09_17_22__000480490__pre1_label2_event_trigger,vehicle_instability_allraw__lx__2025_09_26_09_17_22__000480490,lx,2025_09_26_09_17_22,480.49,,pre1_label2_event_trigger,-1.0,0.0,0.0,2.0,all_raw_vehicle_dynamic_onset_non_steering,all_raw_detected_vehicle_instability_onset_predict_future_steering_response,instability_ay_roll,strong_active,straight,0,0.0,76.63,100.0,auto_accept_instability_high,hybrid_accept_high,原始车辆数据/lx/Entity_Recording_2025_09_26_09_17_22_vehicle.csv,F:\data_set_process\data_process\01_datasets\数据预处理\原始车辆数据\lx\Entity_Recording_2025_09_26_09_17_22_vehicle.csv,0de154f51319f69f4e2c9c2ec1ea1ce284954418e3b9c6ebaf936fb1573a198f,96098,480.49,485.8,5.31,train,train,train,train,356,原始车辆数据/lx/Entity_Recording_2025_09_26_09_17_22_vehicle.csv,0de154f51319f69f4e2c9c2ec1ea1ce284954418e3b9c6ebaf936fb1573a198f,1.0,1.0,-0.6232559084892273
vehicle_instability_allraw__lxy__2025_09_28_17_55_52__000037840__pre1_label2_event_trigger,vehicle_instability_allraw__lxy__2025_09_28_17_55_52__000037840,lxy,2025_09_28_17_55_52,37.84,,pre1_label2_event_trigger,-1.0,0.0,0.0,2.0,all_raw_vehicle_dynamic_onset_non_steering,all_raw_detected_vehicle_instability_onset_predict_future_steering_response,instability_ay_roll,medium_active,straight,0,-0.0,59.82,86.24,auto_accept_instability_medium,hybrid_accept_high,原始车辆数据/lxy/Entity_Recording_2025_09_28_17_55_52_vehicle.csv,F:\data_set_process\data_process\01_datasets\数据预处理\原始车辆数据\lxy\Entity_Recording_2025_09_28_17_55_52_vehicle.csv,d90ab0cfa5c21e51e410d89a6ace5d3c1ffc2848207d57886468a273fc1d3f01,7568,37.84,44.685,6.845,train,train,train,train,357,原始车辆数据/lxy/Entity_Recording_2025_09_28_17_55_52_vehicle.csv,d90ab0cfa5c21e51e410d89a6ace5d3c1ffc2848207d57886468a273fc1d3f01,1.0,1.0,0.08080869913101196
vehicle_instability_allraw__lxy__2025_09_28_17_55_52__000057250__pre1_label2_event_trigger,vehicle_instability_allraw__lxy__2025_09_28_17_55_52__000057250,lxy,2025_09_28_17_55_52,57.25,,pre1_label2_event_trigger,-1.0,0.0,0.0,2.0,all_raw_vehicle_dynamic_onset_non_steering,all_raw_detected_vehicle_instability_onset_predict_future_steering_response,instability_ay_roll,strong_active,straight,0,0.0,75.71,100.0,auto_accept_instability_high,hybrid_accept_high,原始车辆数据/lxy/Entity_Recording_2025_09_28_17_55_52_vehicle.csv,F:\data_set_process\data_process\01_datasets\数据预处理\原始车辆数据\lxy\Entity_Recording_2025_09_28_17_55_52_vehicle.csv,d90ab0cfa5c21e51e410d89a6ace5d3c1ffc2848207d57886468a273fc1d3f01,11450,57.25,67.475,10.225,train,val,train,train,358,原始车辆数据/lxy/Entity_Recording_2025_09_28_17_55_52_vehicle.csv,d90ab0cfa5c21e51e410d89a6ace5d3c1ffc2848207d57886468a273fc1d3f01,1.0,1.0,0.024085499346256256
vehicle_instability_allraw__lxy__2025_09_28_17_55_52__000089180__pre1_label2_event_trigger,vehicle_instability_allraw__lxy__2025_09_28_17_55_52__000089180,lxy,2025_09_28_17_55_52,89.18,,pre1_label2_event_trigger,-1.0,0.0,0.0,2.0,all_raw_vehicle_dynamic_onset_non_steering,all_raw_detected_vehicle_instability_onset_predict_future_steering_response,instability_ay_roll,medium_active,straight,0,0.0,66.91,91.31,auto_accept_instability_medium,hybrid_accept_high,原始车辆数据/lxy/Entity_Recording_2025_09_28_17_55_52_vehicle.csv,F:\data_set_process\data_process\01_datasets\数据预处理\原始车辆数据\lxy\Entity_Recording_2025_09_28_17_55_52_vehicle.csv,d90ab0cfa5c21e51e410d89a6ace5d3c1ffc2848207d57886468a273fc1d3f01,17836,89.18,98.035,8.855,train,train,train,train,359,原始车辆数据/lxy/Entity_Recording_2025_09_28_17_55_52_vehicle.csv,d90ab0cfa5c21e51e410d89a6ace5d3c1ffc2848207d57886468a273fc1d3f01,1.0,1.0,-0.3841469883918762
vehicle_instability_allraw__lxy__2025_09_28_17_55_52__000131600__pre1_label2_event_trigger,vehicle_instability_allraw__lxy__2025_09_28_17_55_52__000131600,lxy,2025_09_28_17_55_52,131.6,,pre1_label2_event_trigger,-1.0,0.0,0.0,2.0,all_raw_vehicle_dynamic_onset_non_steering,all_raw_detected_vehicle_instability_onset_predict_future_steering_response,instability_ay_roll,extreme_active,straight,1,-0.00729802,77.53,100.0,auto_accept_instability_high,hybrid_accept_high,原始车辆数据/lxy/Entity_Recording_2025_09_28_17_55_52_vehicle.csv,F:\data_set_process\data_process\01_datasets\数据预处理\原始车辆数据\lxy\Entity_Recording_2025_09_28_17_55_52_vehicle.csv,d90ab0cfa5c21e51e410d89a6ace5d3c1ffc2848207d57886468a273fc1d3f01,26320,131.6,151.765,20.165,train,train,train,train,360,原始车辆数据/lxy/Entity_Recording_2025_09_28_17_55_52_vehicle.csv,d90ab0cfa5c21e51e410d89a6ace5d3c1ffc2848207d57886468a273fc1d3f01,1.0,1.0,-0.010820993222296238
vehicle_instability_allraw__lxy__2025_09_28_17_55_52__000160915__pre1_label2_event_trigger,vehicle_instability_allraw__lxy__2025_09_28_17_55_52__000160915,lxy,2025_09_28_17_55_52,160.915,,pre1_label2_event_trigger,-1.0,0.0,0.0,2.0,all_raw_vehicle_dynamic_onset_non_steering,all_raw_detected_vehicle_instability_onset_predict_future_steering_response,instability_ay_roll,extreme_active,straight,0,0.0,75.87,100.0,auto_accept_instability_high,hybrid_accept_high,原始车辆数据/lxy/Entity_Recording_2025_09_28_17_55_52_vehicle.csv,F:\data_set_process\data_process\01_datasets\数据预处理\原始车辆数据\lxy\Entity_Recording_2025_09_28_17_55_52_vehicle.csv,d90ab0cfa5c21e51e410d89a6ace5d3c1ffc2848207d57886468a273fc1d3f01,32183,160.915,178.14,17.225,train,val,train,train,361,原始车辆数据/lxy/Entity_Recording_2025_09_28_17_55_52_vehicle.csv,d90ab0cfa5c21e51e410d89a6ace5d3c1ffc2848207d57886468a273fc1d3f01,1.0,1.0,-0.31433427333831787
vehicle_instability_allraw__lxy__2025_09_28_17_55_52__000186485__pre1_label2_event_trigger,vehicle_instability_allraw__lxy__2025_09_28_17_55_52__000186485,lxy,2025_09_28_17_55_52,186.485,,pre1_label2_event_trigger,-1.0,0.0,0.0,2.0,all_raw_vehicle_dynamic_onset_non_steering,all_raw_detected_vehicle_instability_onset_predict_future_steering_response,instability_ay_roll,strong_active,straight,0,0.0,72.55,100.0,auto_accept_instability_medium,hybrid_accept_high,原始车辆数据/lxy/Entity_Recording_2025_09_28_17_55_52_vehicle.csv,F:\data_set_process\data_process\01_datasets\数据预处理\原始车辆数据\lxy\Entity_Recording_2025_09_28_17_55_52_vehicle.csv,d90ab0cfa5c21e51e410d89a6ace5d3c1ffc2848207d57886468a273fc1d3f01,37297,186.485,195.135,8.65,train,train,train,train,362,原始车辆数据/lxy/Entity_Recording_2025_09_28_17_55_52_vehicle.csv,d90ab0cfa5c21e51e410d89a6ace5d3c1ffc2848207d57886468a273fc1d3f01,1.0,1.0,-0.4242900013923645
vehicle_instability_allraw__lxy__2025_09_28_17_55_52__000202445__pre1_label2_event_trigger,vehicle_instability_allraw__lxy__2025_09_28_17_55_52__000202445,lxy,2025_09_28_17_55_52,202.445,,pre1_label2_event_trigger,-1.0,0.0,0.0,2.0,all_raw_vehicle_dynamic_onset_non_steering,all_raw_detected_vehicle_instability_onset_predict_future_steering_response,instability_ay_roll,strong_active,straight,0,0.0,73.13,100.0,auto_accept_instability_medium,hybrid_accept_high,原始车辆数据/lxy/Entity_Recording_2025_09_28_17_55_52_vehicle.csv,F:\data_set_process\data_process\01_datasets\数据预处理\原始车辆数据\lxy\Entity_Recording_2025_09_28_17_55_52_vehicle.csv,d90ab0cfa5c21e51e410d89a6ace5d3c1ffc2848207d57886468a273fc1d3f01,40489,202.445,223.325,20.88,train,train,train,train,363,原始车辆数据/lxy/Entity_Recording_2025_09_28_17_55_52_vehicle.csv,d90ab0cfa5c21e51e410d89a6ace5d3c1ffc2848207d57886468a273fc1d3f01,1.0,1.0,-0.4787440001964569
vehicle_instability_allraw__lxy__2025_09_28_17_55_52__000226595__pre1_label2_event_trigger,vehicle_instability_allraw__lxy__2025_09_28_17_55_52__000226595,lxy,2025_09_28_17_55_52,226.595,,pre1_label2_event_trigger,-1.0,0.0,0.0,2.0,all_raw_vehicle_dynamic_onset_non_steering,all_raw_detected_vehicle_instability_onset_predict_future_steering_response,instability_ay_roll,extreme_active,straight,0,0.0,94.8,100.0,auto_accept_instability_high,hybrid_accept_high,原始车辆数据/lxy/Entity_Recording_2025_09_28_17_55_52_vehicle.csv,F:\data_set_process\data_process\01_datasets\数据预处理\原始车辆数据\lxy\Entity_Recording_2025_09_28_17_55_52_vehicle.csv,d90ab0cfa5c21e51e410d89a6ace5d3c1ffc2848207d57886468a273fc1d3f01,45319,226.595,236.25,9.655,train,train,train,train,364,原始车辆数据/lxy/Entity_Recording_2025_09_28_17_55_52_vehicle.csv,d90ab0cfa5c21e51e410d89a6ace5d3c1ffc2848207d57886468a273fc1d3f01,1.0,1.0,-2.230530023574829
vehicle_instability_allraw__lxy__2025_09_28_17_55_52__000241900__pre1_label2_event_trigger,vehicle_instability_allraw__lxy__2025_09_28_17_55_52__000241900,lxy,2025_09_28_17_55_52,241.9,,pre1_label2_event_trigger,-1.0,0.0,0.0,2.0,all_raw_vehicle_dynamic_onset_non_steering,all_raw_detected_vehicle_instability_onset_predict_future_steering_response,instability_ay_roll,strong_active,straight,0,0.0,93.93,100.0,auto_accept_instability_high,hybrid_accept_high,原始车辆数据/lxy/Entity_Recording_2025_09_28_17_55_52_vehicle.csv,F:\data_set_process\data_process\01_datasets\数据预处理\原始车辆数据\lxy\Entity_Recording_2025_09_28_17_55_52_vehicle.csv,d90ab0cfa5c21e51e410d89a6ace5d3c1ffc2848207d57886468a273fc1d3f01,48380,241.9,251.35,9.45,train,train,train,train,365,原始车辆数据/lxy/Entity_Recording_2025_09_28_17_55_52_vehicle.csv,d90ab0cfa5c21e51e410d89a6ace5d3c1ffc2848207d57886468a273fc1d3f01,1.0,1.0,-0.5145230293273926
vehicle_instability_allraw__lxy__2025_09_28_17_55_52__000255420__pre1_label2_event_trigger,vehicle_instability_allraw__lxy__2025_09_28_17_55_52__000255420,lxy,2025_09_28_17_55_52,255.42,,pre1_label2_event_trigger,-1.0,0.0,0.0,2.0,all_raw_vehicle_dynamic_onset_non_steering,all_raw_detected_vehicle_instability_onset_predict_future_steering_response,instability_ay_roll,instability_extreme,design_regular_road,0,-0.0,93.42,100.0,auto_accept_instability_high,hybrid_accept_high,原始车辆数据/lxy/Entity_Recording_2025_09_28_17_55_52_vehicle.csv,F:\data_set_process\data_process\01_datasets\数据预处理\原始车辆数据\lxy\Entity_Recording_2025_09_28_17_55_52_vehicle.csv,d90ab0cfa5c21e51e410d89a6ace5d3c1ffc2848207d57886468a273fc1d3f01,51084,255.42,270.09,14.67,train,train,train,train,366,原始车辆数据/lxy/Entity_Recording_2025_09_28_17_55_52_vehicle.csv,d90ab0cfa5c21e51e410d89a6ace5d3c1ffc2848207d57886468a273fc1d3f01,1.0,1.0,-2.0968399047851562
vehicle_instability_allraw__lxy__2025_09_28_17_55_52__000273935__pre1_label2_event_trigger,vehicle_instability_allraw__lxy__2025_09_28_17_55_52__000273935,lxy,2025_09_28_17_55_52,273.935,,pre1_label2_event_trigger,-1.0,0.0,0.0,2.0,all_raw_vehicle_dynamic_onset_non_steering,all_raw_detected_vehicle_instability_onset_predict_future_steering_response,instability_ay_roll,strong_active,straight,0,0.0,91.58,100.0,auto_accept_instability_high,hybrid_accept_high,原始车辆数据/lxy/Entity_Recording_2025_09_28_17_55_52_vehicle.csv,F:\data_set_process\data_process\01_datasets\数据预处理\原始车辆数据\lxy\Entity_Recording_2025_09_28_17_55_52_vehicle.csv,d90ab0cfa5c21e51e410d89a6ace5d3c1ffc2848207d57886468a273fc1d3f01,54787,273.935,277.43,3.495,train,test,train,train,367,原始车辆数据/lxy/Entity_Recording_2025_09_28_17_55_52_vehicle.csv,d90ab0cfa5c21e51e410d89a6ace5d3c1ffc2848207d57886468a273fc1d3f01,1.0,1.0,0.13665899634361267
vehicle_instability_allraw__lxy__2025_09_28_17_55_52__000279955__pre1_label2_event_trigger,vehicle_instability_allraw__lxy__2025_09_28_17_55_52__000279955,lxy,2025_09_28_17_55_52,279.955,,pre1_label2_event_trigger,-1.0,0.0,0.0,2.0,all_raw_vehicle_dynamic_onset_non_steering,all_raw_detected_vehicle_instability_onset_predict_future_steering_response,instability_ay_roll,weak,straight,0,0.0,87.95,100.0,auto_accept_instability_high,hybrid_accept_high,原始车辆数据/lxy/Entity_Recording_2025_09_28_17_55_52_vehicle.csv,F:\data_set_process\data_process\01_datasets\数据预处理\原始车辆数据\lxy\Entity_Recording_2025_09_28_17_55_52_vehicle.csv,d90ab0cfa5c21e51e410d89a6ace5d3c1ffc2848207d57886468a273fc1d3f01,55991,279.955,281.565,1.61,train,train,train,train,368,原始车辆数据/lxy/Entity_Recording_2025_09_28_17_55_52_vehicle.csv,d90ab0cfa5c21e51e410d89a6ace5d3c1ffc2848207d57886468a273fc1d3f01,1.0,1.0,0.42446398735046387
vehicle_instability_allraw__lxy__2025_09_28_17_55_52__000307650__pre1_label2_event_trigger,vehicle_instability_allraw__lxy__2025_09_28_17_55_52__000307650,lxy,2025_09_28_17_55_52,307.65,,pre1_label2_event_trigger,-1.0,0.0,0.0,2.0,all_raw_vehicle_dynamic_onset_non_steering,all_raw_detected_vehicle_instability_onset_predict_future_steering_response,instability_ay_roll,weak,curve,0,-0.0,76.29,96.23,auto_accept_instability_high,hybrid_accept_high,原始车辆数据/lxy/Entity_Recording_2025_09_28_17_55_52_vehicle.csv,F:\data_set_process\data_process\01_datasets\数据预处理\原始车辆数据\lxy\Entity_Recording_2025_09_28_17_55_52_vehicle.csv,d90ab0cfa5c21e51e410d89a6ace5d3c1ffc2848207d57886468a273fc1d3f01,61530,307.65,324.415,16.765,train,train,train,train,369,原始车辆数据/lxy/Entity_Recording_2025_09_28_17_55_52_vehicle.csv,d90ab0cfa5c21e51e410d89a6ace5d3c1ffc2848207d57886468a273fc1d3f01,1.0,1.0,0.09878554940223694
vehicle_instability_allraw__lxy__2025_09_28_17_55_52__000357070__pre1_label2_event_trigger,vehicle_instability_allraw__lxy__2025_09_28_17_55_52__000357070,lxy,2025_09_28_17_55_52,357.07,,pre1_label2_event_trigger,-1.0,0.0,0.0,2.0,all_raw_vehicle_dynamic_onset_non_steering,all_raw_detected_vehicle_instability_onset_predict_future_steering_response,instability_roll_only,extreme_active,straight,1,-2.82e-06,58.31,92.24,auto_accept_instability_medium,hybrid_accept_high,原始车辆数据/lxy/Entity_Recording_2025_09_28_17_55_52_vehicle.csv,F:\data_set_process\data_process\01_datasets\数据预处理\原始车辆数据\lxy\Entity_Recording_2025_09_28_17_55_52_vehicle.csv,d90ab0cfa5c21e51e410d89a6ace5d3c1ffc2848207d57886468a273fc1d3f01,71414,357.07,357.3,0.23,train,test,train,train,370,原始车辆数据/lxy/Entity_Recording_2025_09_28_17_55_52_vehicle.csv,d90ab0cfa5c21e51e410d89a6ace5d3c1ffc2848207d57886468a273fc1d3f01,1.0,1.0,-0.17470699548721313
vehicle_instability_allraw__lxy__2025_09_28_17_55_52__000360910__pre1_label2_event_trigger,vehicle_instability_allraw__lxy__2025_09_28_17_55_52__000360910,lxy,2025_09_28_17_55_52,360.91,,pre1_label2_event_trigger,-1.0,0.0,0.0,2.0,all_raw_vehicle_dynamic_onset_non_steering,all_raw_detected_vehicle_instability_onset_predict_future_steering_response,instability_ay_roll,extreme_active,straight,0,0.0,72.09,100.0,auto_accept_instability_medium,hybrid_accept_high,原始车辆数据/lxy/Entity_Recording_2025_09_28_17_55_52_vehicle.csv,F:\data_set_process\data_process\01_datasets\数据预处理\原始车辆数据\lxy\Entity_Recording_2025_09_28_17_55_52_vehicle.csv,d90ab0cfa5c21e51e410d89a6ace5d3c1ffc2848207d57886468a273fc1d3f01,72182,360.91,365.825,4.915,train,val,train,train,371,原始车辆数据/lxy/Entity_Recording_2025_09_28_17_55_52_vehicle.csv,d90ab0cfa5c21e51e410d89a6ace5d3c1ffc2848207d57886468a273fc1d3f01,1.0,1.0,-0.47315898537635803
vehicle_instability_allraw__lxy__2025_09_28_17_55_52__000380645__pre1_label2_event_trigger,vehicle_instability_allraw__lxy__2025_09_28_17_55_52__000380645,lxy,2025_09_28_17_55_52,380.645,,pre1_label2_event_trigger,-1.0,0.0,0.0,2.0,all_raw_vehicle_dynamic_onset_non_steering,all_raw_detected_vehicle_instability_onset_predict_future_steering_response,instability_ay_roll,extreme_active,straight,0,-0.0,73.76,100.0,auto_accept_instability_medium,hybrid_accept_high,原始车辆数据/lxy/Entity_Recording_2025_09_28_17_55_52_vehicle.csv,F:\data_set_process\data_process\01_datasets\数据预处理\原始车辆数据\lxy\Entity_Recording_2025_09_28_17_55_52_vehicle.csv,d90ab0cfa5c21e51e410d89a6ace5d3c1ffc2848207d57886468a273fc1d3f01,76129,380.645,395.21,14.565,train,val,train,train,372,原始车辆数据/lxy/Entity_Recording_2025_09_28_17_55_52_vehicle.csv,d90ab0cfa5c21e51e410d89a6ace5d3c1ffc2848207d57886468a273fc1d3f01,1.0,1.0,0.03298676386475563
vehicle_instability_allraw__lxy__2025_09_28_17_55_52__000448640__pre1_label2_event_trigger,vehicle_instability_allraw__lxy__2025_09_28_17_55_52__000448640,lxy,2025_09_28_17_55_52,448.64,,pre1_label2_event_trigger,-1.0,0.0,0.0,2.0,all_raw_vehicle_dynamic_onset_non_steering,all_raw_detected_vehicle_instability_onset_predict_future_steering_response,instability_ay_roll,strong_active,straight,0,0.0,61.02,92.57,auto_accept_instability_medium,hybrid_accept_high,原始车辆数据/lxy/Entity_Recording_2025_09_28_17_55_52_vehicle.csv,F:\data_set_process\data_process\01_datasets\数据预处理\原始车辆数据\lxy\Entity_Recording_2025_09_28_17_55_52_vehicle.csv,d90ab0cfa5c21e51e410d89a6ace5d3c1ffc2848207d57886468a273fc1d3f01,89728,448.64,469.905,21.265,train,train,train,train,373,原始车辆数据/lxy/Entity_Recording_2025_09_28_17_55_52_vehicle.csv,d90ab0cfa5c21e51e410d89a6ace5d3c1ffc2848207d57886468a273fc1d3f01,1.0,1.0,-0.6974340081214905
vehicle_instability_allraw__lxy__2025_09_28_17_55_52__000511200__pre1_label2_event_trigger,vehicle_instability_allraw__lxy__2025_09_28_17_55_52__000511200,lxy,2025_09_28_17_55_52,511.2,,pre1_label2_event_trigger,-1.0,0.0,0.0,2.0,all_raw_vehicle_dynamic_onset_non_steering,all_raw_detected_vehicle_instability_onset_predict_future_steering_response,instability_ay_roll,extreme_active,straight,0,0.0,73.11,100.0,auto_accept_instability_medium,hybrid_accept_high,原始车辆数据/lxy/Entity_Recording_2025_09_28_17_55_52_vehicle.csv,F:\data_set_process\data_process\01_datasets\数据预处理\原始车辆数据\lxy\Entity_Recording_2025_09_28_17_55_52_vehicle.csv,d90ab0cfa5c21e51e410d89a6ace5d3c1ffc2848207d57886468a273fc1d3f01,102240,511.2,520.1,8.9,train,test,train,train,374,原始车辆数据/lxy/Entity_Recording_2025_09_28_17_55_52_vehicle.csv,d90ab0cfa5c21e51e410d89a6ace5d3c1ffc2848207d57886468a273fc1d3f01,1.0,1.0,0.033335648477077484
vehicle_instability_allraw__lxy__2025_09_28_17_55_52__000541050__pre1_label2_event_trigger,vehicle_instability_allraw__lxy__2025_09_28_17_55_52__000541050,lxy,2025_09_28_17_55_52,541.05,,pre1_label2_event_trigger,-1.0,0.0,0.0,2.0,all_raw_vehicle_dynamic_onset_non_steering,all_raw_detected_vehicle_instability_onset_predict_future_steering_response,instability_ay_roll,weak,straight,0,0.0,65.65,84.03,auto_accept_instability_medium,hybrid_accept_high,原始车辆数据/lxy/Entity_Recording_2025_09_28_17_55_52_vehicle.csv,F:\data_set_process\data_process\01_datasets\数据预处理\原始车辆数据\lxy\Entity_Recording_2025_09_28_17_55_52_vehicle.csv,d90ab0cfa5c21e51e410d89a6ace5d3c1ffc2848207d57886468a273fc1d3f01,108210,541.05,561.735,20.685,train,train,train,train,375,原始车辆数据/lxy/Entity_Recording_2025_09_28_17_55_52_vehicle.csv,d90ab0cfa5c21e51e410d89a6ace5d3c1ffc2848207d57886468a273fc1d3f01,1.0,1.0,-0.40020400285720825
vehicle_instability_allraw__lxy__2025_09_28_18_06_16__000057770__pre1_label2_event_trigger,vehicle_instability_allraw__lxy__2025_09_28_18_06_16__000057770,lxy,2025_09_28_18_06_16,57.77,,pre1_label2_event_trigger,-1.0,0.0,0.0,2.0,all_raw_vehicle_dynamic_onset_non_steering,all_raw_detected_vehicle_instability_onset_predict_future_steering_response,instability_ay_roll,medium_active,straight,0,0.0,62.98,88.14,auto_accept_instability_medium,hybrid_accept_high,原始车辆数据/lxy/Entity_Recording_2025_09_28_18_06_16_vehicle.csv,F:\data_set_process\data_process\01_datasets\数据预处理\原始车辆数据\lxy\Entity_Recording_2025_09_28_18_06_16_vehicle.csv,cd3480403bb284dc392305cb7c6f6bc74fe724d2c11fa8cd916fd86b2e6d1938,11554,57.77,61.845,4.075,train,test,train,train,376,原始车辆数据/lxy/Entity_Recording_2025_09_28_18_06_16_vehicle.csv,cd3480403bb284dc392305cb7c6f6bc74fe724d2c11fa8cd916fd86b2e6d1938,1.0,1.0,-0.4450591206550598
vehicle_instability_allraw__lxy__2025_09_28_18_06_16__000072320__pre1_label2_event_trigger,vehicle_instability_allraw__lxy__2025_09_28_18_06_16__000072320,lxy,2025_09_28_18_06_16,72.32,,pre1_label2_event_trigger,-1.0,0.0,0.0,2.0,all_raw_vehicle_dynamic_onset_non_steering,all_raw_detected_vehicle_instability_onset_predict_future_steering_response,instability_ay_roll,extreme_active,straight,0,0.0,80.74,100.0,auto_accept_instability_high,hybrid_accept_high,原始车辆数据/lxy/Entity_Recording_2025_09_28_18_06_16_vehicle.csv,F:\data_set_process\data_process\01_datasets\数据预处理\原始车辆数据\lxy\Entity_Recording_2025_09_28_18_06_16_vehicle.csv,cd3480403bb284dc392305cb7c6f6bc74fe724d2c11fa8cd916fd86b2e6d1938,14464,72.32,81.765,9.445,train,val,train,train,377,原始车辆数据/lxy/Entity_Recording_2025_09_28_18_06_16_vehicle.csv,cd3480403bb284dc392305cb7c6f6bc74fe724d2c11fa8cd916fd86b2e6d1938,1.0,1.0,-0.44244101643562317
vehicle_instability_allraw__lxy__2025_09_28_18_06_16__000084330__pre1_label2_event_trigger,vehicle_instability_allraw__lxy__2025_09_28_18_06_16__000084330,lxy,2025_09_28_18_06_16,84.33,,pre1_label2_event_trigger,-1.0,0.0,0.0,2.0,all_raw_vehicle_dynamic_onset_non_steering,all_raw_detected_vehicle_instability_onset_predict_future_steering_response,instability_ay_roll,strong_active,straight,0,0.0,81.12,100.0,auto_accept_instability_high,hybrid_accept_high,原始车辆数据/lxy/Entity_Recording_2025_09_28_18_06_16_vehicle.csv,F:\data_set_process\data_process\01_datasets\数据预处理\原始车辆数据\lxy\Entity_Recording_2025_09_28_18_06_16_vehicle.csv,cd3480403bb284dc392305cb7c6f6bc74fe724d2c11fa8cd916fd86b2e6d1938,16866,84.33,104.78,20.45,train,train,train,train,378,原始车辆数据/lxy/Entity_Recording_2025_09_28_18_06_16_vehicle.csv,cd3480403bb284dc392305cb7c6f6bc74fe724d2c11fa8cd916fd86b2e6d1938,1.0,1.0,-0.01762779988348484
vehicle_instability_allraw__lxy__2025_09_28_18_06_16__000108400__pre1_label2_event_trigger,vehicle_instability_allraw__lxy__2025_09_28_18_06_16__000108400,lxy,2025_09_28_18_06_16,108.4,,pre1_label2_event_trigger,-1.0,0.0,0.0,2.0,all_raw_vehicle_dynamic_onset_non_steering,all_raw_detected_vehicle_instability_onset_predict_future_steering_response,instability_ay_roll,weak,straight,1,0.0,81.43,100.0,auto_accept_instability_high,hybrid_accept_high,原始车辆数据/lxy/Entity_Recording_2025_09_28_18_06_16_vehicle.csv,F:\data_set_process\data_process\01_datasets\数据预处理\原始车辆数据\lxy\Entity_Recording_2025_09_28_18_06_16_vehicle.csv,cd3480403bb284dc392305cb7c6f6bc74fe724d2c11fa8cd916fd86b2e6d1938,21680,108.4,117.295,8.895,train,test,train,train,379,原始车辆数据/lxy/Entity_Recording_2025_09_28_18_06_16_vehicle.csv,cd3480403bb284dc392305cb7c6f6bc74fe724d2c11fa8cd916fd86b2e6d1938,1.0,1.0,-0.23841199278831482
vehicle_instability_allraw__lxy__2025_09_28_18_06_16__000133655__pre1_label2_event_trigger,vehicle_instability_allraw__lxy__2025_09_28_18_06_16__000133655,lxy,2025_09_28_18_06_16,133.655,,pre1_label2_event_trigger,-1.0,0.0,0.0,2.0,all_raw_vehicle_dynamic_onset_non_steering,all_raw_detected_vehicle_instability_onset_predict_future_steering_response,instability_ay_roll,extreme_active,straight,1,-0.00729802,88.69,100.0,auto_accept_instability_high,hybrid_accept_high,原始车辆数据/lxy/Entity_Recording_2025_09_28_18_06_16_vehicle.csv,F:\data_set_process\data_process\01_datasets\数据预处理\原始车辆数据\lxy\Entity_Recording_2025_09_28_18_06_16_vehicle.csv,cd3480403bb284dc392305cb7c6f6bc74fe724d2c11fa8cd916fd86b2e6d1938,26731,133.655,150.23,16.575,train,val,train,train,380,原始车辆数据/lxy/Entity_Recording_2025_09_28_18_06_16_vehicle.csv,cd3480403bb284dc392305cb7c6f6bc74fe724d2c11fa8cd916fd86b2e6d1938,1.0,1.0,-0.3956660032272339
vehicle_instability_allraw__lxy__2025_09_28_18_06_16__000158020__pre1_label2_event_trigger,vehicle_instability_allraw__lxy__2025_09_28_18_06_16__000158020,lxy,2025_09_28_18_06_16,158.02,,pre1_label2_event_trigger,-1.0,0.0,0.0,2.0,all_raw_vehicle_dynamic_onset_non_steering,all_raw_detected_vehicle_instability_onset_predict_future_steering_response,instability_ay_roll,strong_active,curve,1,-0.00729802,83.18,100.0,auto_accept_instability_high,hybrid_accept_high,原始车辆数据/lxy/Entity_Recording_2025_09_28_18_06_16_vehicle.csv,F:\data_set_process\data_process\01_datasets\数据预处理\原始车辆数据\lxy\Entity_Recording_2025_09_28_18_06_16_vehicle.csv,cd3480403bb284dc392305cb7c6f6bc74fe724d2c11fa8cd916fd86b2e6d1938,31604,158.02,161.065,3.045,train,train,train,train,381,原始车辆数据/lxy/Entity_Recording_2025_09_28_18_06_16_vehicle.csv,cd3480403bb284dc392305cb7c6f6bc74fe724d2c11fa8cd916fd86b2e6d1938,1.0,1.0,1.643049955368042
vehicle_instability_allraw__lxy__2025_09_28_18_06_16__000165175__pre1_label2_event_trigger,vehicle_instability_allraw__lxy__2025_09_28_18_06_16__000165175,lxy,2025_09_28_18_06_16,165.175,,pre1_label2_event_trigger,-1.0,0.0,0.0,2.0,all_raw_vehicle_dynamic_onset_non_steering,all_raw_detected_vehicle_instability_onset_predict_future_steering_response,instability_ay_roll,instability_strong,design_curve_context,1,-0.00729802,79.62,100.0,auto_accept_instability_high,hybrid_accept_high,原始车辆数据/lxy/Entity_Recording_2025_09_28_18_06_16_vehicle.csv,F:\data_set_process\data_process\01_datasets\数据预处理\原始车辆数据\lxy\Entity_Recording_2025_09_28_18_06_16_vehicle.csv,cd3480403bb284dc392305cb7c6f6bc74fe724d2c11fa8cd916fd86b2e6d1938,33035,165.175,185.31,20.135,train,train,train,train,382,原始车辆数据/lxy/Entity_Recording_2025_09_28_18_06_16_vehicle.csv,cd3480403bb284dc392305cb7c6f6bc74fe724d2c11fa8cd916fd86b2e6d1938,1.0,1.0,-2.7014200687408447
vehicle_instability_allraw__lxy__2025_09_28_18_06_16__000250730__pre1_label2_event_trigger,vehicle_instability_allraw__lxy__2025_09_28_18_06_16__000250730,lxy,2025_09_28_18_06_16,250.73,,pre1_label2_event_trigger,-1.0,0.0,0.0,2.0,all_raw_vehicle_dynamic_onset_non_steering,all_raw_detected_vehicle_instability_onset_predict_future_steering_response,instability_ay_roll,strong_active,straight,0,0.0,61.29,94.85,auto_accept_instability_medium,hybrid_accept_high,原始车辆数据/lxy/Entity_Recording_2025_09_28_18_06_16_vehicle.csv,F:\data_set_process\data_process\01_datasets\数据预处理\原始车辆数据\lxy\Entity_Recording_2025_09_28_18_06_16_vehicle.csv,cd3480403bb284dc392305cb7c6f6bc74fe724d2c11fa8cd916fd86b2e6d1938,50146,250.73,280.09,29.36,train,test,train,train,383,原始车辆数据/lxy/Entity_Recording_2025_09_28_18_06_16_vehicle.csv,cd3480403bb284dc392305cb7c6f6bc74fe724d2c11fa8cd916fd86b2e6d1938,1.0,1.0,0.303164005279541
vehicle_instability_allraw__lxy__2025_09_28_18_06_16__000302360__pre1_label2_event_trigger,vehicle_instability_allraw__lxy__2025_09_28_18_06_16__000302360,lxy,2025_09_28_18_06_16,302.36,,pre1_label2_event_trigger,-1.0,0.0,0.0,2.0,all_raw_vehicle_dynamic_onset_non_steering,all_raw_detected_vehicle_instability_onset_predict_future_steering_response,instability_ay_roll,strong_active,curve,0,0.0,80.28,100.0,auto_accept_instability_high,hybrid_accept_high,原始车辆数据/lxy/Entity_Recording_2025_09_28_18_06_16_vehicle.csv,F:\data_set_process\data_process\01_datasets\数据预处理\原始车辆数据\lxy\Entity_Recording_2025_09_28_18_06_16_vehicle.csv,cd3480403bb284dc392305cb7c6f6bc74fe724d2c11fa8cd916fd86b2e6d1938,60472,302.36,318.545,16.185,train,train,train,train,384,原始车辆数据/lxy/Entity_Recording_2025_09_28_18_06_16_vehicle.csv,cd3480403bb284dc392305cb7c6f6bc74fe724d2c11fa8cd916fd86b2e6d1938,1.0,1.0,0.04694940149784088
vehicle_instability_allraw__lxy__2025_09_28_18_06_16__000321260__pre1_label2_event_trigger,vehicle_instability_allraw__lxy__2025_09_28_18_06_16__000321260,lxy,2025_09_28_18_06_16,321.26,,pre1_label2_event_trigger,-1.0,0.0,0.0,2.0,all_raw_vehicle_dynamic_onset_non_steering,all_raw_detected_vehicle_instability_onset_predict_future_steering_response,instability_ay_roll,weak,curve,1,0.0,72.04,87.8,auto_accept_instability_medium,hybrid_accept_high,原始车辆数据/lxy/Entity_Recording_2025_09_28_18_06_16_vehicle.csv,F:\data_set_process\data_process\01_datasets\数据预处理\原始车辆数据\lxy\Entity_Recording_2025_09_28_18_06_16_vehicle.csv,cd3480403bb284dc392305cb7c6f6bc74fe724d2c11fa8cd916fd86b2e6d1938,64252,321.26,322.7,1.44,train,train,train,train,385,原始车辆数据/lxy/Entity_Recording_2025_09_28_18_06_16_vehicle.csv,cd3480403bb284dc392305cb7c6f6bc74fe724d2c11fa8cd916fd86b2e6d1938,1.0,1.0,-0.3183479905128479
vehicle_instability_allraw__lxy__2025_09_28_18_06_16__000326285__pre1_label2_event_trigger,vehicle_instability_allraw__lxy__2025_09_28_18_06_16__000326285,lxy,2025_09_28_18_06_16,326.285,,pre1_label2_event_trigger,-1.0,0.0,0.0,2.0,all_raw_vehicle_dynamic_onset_non_steering,all_raw_detected_vehicle_instability_onset_predict_future_steering_response,instability_ay_roll,medium_active,straight,1,-0.0,72.41,98.63,auto_accept_instability_medium,hybrid_accept_high,原始车辆数据/lxy/Entity_Recording_2025_09_28_18_06_16_vehicle.csv,F:\data_set_process\data_process\01_datasets\数据预处理\原始车辆数据\lxy\Entity_Recording_2025_09_28_18_06_16_vehicle.csv,cd3480403bb284dc392305cb7c6f6bc74fe724d2c11fa8cd916fd86b2e6d1938,65257,326.285,340.68,14.395,train,test,train,train,386,原始车辆数据/lxy/Entity_Recording_2025_09_28_18_06_16_vehicle.csv,cd3480403bb284dc392305cb7c6f6bc74fe724d2c11fa8cd916fd86b2e6d1938,1.0,1.0,-0.3771660029888153
vehicle_instability_allraw__lxy__2025_09_28_18_06_16__000373530__pre1_label2_event_trigger,vehicle_instability_allraw__lxy__2025_09_28_18_06_16__000373530,lxy,2025_09_28_18_06_16,373.53,,pre1_label2_event_trigger,-1.0,0.0,0.0,2.0,all_raw_vehicle_dynamic_onset_non_steering,all_raw_detected_vehicle_instability_onset_predict_future_steering_response,instability_ay_roll,extreme_active,straight,0,-0.0,93.12,100.0,auto_accept_instability_high,hybrid_accept_high,原始车辆数据/lxy/Entity_Recording_2025_09_28_18_06_16_vehicle.csv,F:\data_set_process\data_process\01_datasets\数据预处理\原始车辆数据\lxy\Entity_Recording_2025_09_28_18_06_16_vehicle.csv,cd3480403bb284dc392305cb7c6f6bc74fe724d2c11fa8cd916fd86b2e6d1938,74706,373.53,385.74,12.21,train,train,train,train,387,原始车辆数据/lxy/Entity_Recording_2025_09_28_18_06_16_vehicle.csv,cd3480403bb284dc392305cb7c6f6bc74fe724d2c11fa8cd916fd86b2e6d1938,1.0,1.0,-0.41277000308036804
vehicle_instability_allraw__lxy__2025_09_28_18_06_16__000389495__pre1_label2_event_trigger,vehicle_instability_allraw__lxy__2025_09_28_18_06_16__000389495,lxy,2025_09_28_18_06_16,389.495,,pre1_label2_event_trigger,-1.0,0.0,0.0,2.0,all_raw_vehicle_dynamic_onset_non_steering,all_raw_detected_vehicle_instability_onset_predict_future_steering_response,instability_ay_roll,instability_extreme,design_special_event_segment,0,0.0,93.18,100.0,auto_accept_instability_high,hybrid_accept_high,原始车辆数据/lxy/Entity_Recording_2025_09_28_18_06_16_vehicle.csv,F:\data_set_process\data_process\01_datasets\数据预处理\原始车辆数据\lxy\Entity_Recording_2025_09_28_18_06_16_vehicle.csv,cd3480403bb284dc392305cb7c6f6bc74fe724d2c11fa8cd916fd86b2e6d1938,77899,389.495,400.45,10.955,train,train,train,train,388,原始车辆数据/lxy/Entity_Recording_2025_09_28_18_06_16_vehicle.csv,cd3480403bb284dc392305cb7c6f6bc74fe724d2c11fa8cd916fd86b2e6d1938,1.0,1.0,2.282020092010498
vehicle_instability_allraw__lxy__2025_09_28_18_06_16__000403155__pre1_label2_event_trigger,vehicle_instability_allraw__lxy__2025_09_28_18_06_16__000403155,lxy,2025_09_28_18_06_16,403.155,,pre1_label2_event_trigger,-1.0,0.0,0.0,2.0,all_raw_vehicle_dynamic_onset_non_steering,all_raw_detected_vehicle_instability_onset_predict_future_steering_response,instability_ay_roll,instability_strong,design_special_event_segment,0,0.0,80.46,100.0,auto_accept_instability_high,hybrid_accept_high,原始车辆数据/lxy/Entity_Recording_2025_09_28_18_06_16_vehicle.csv,F:\data_set_process\data_process\01_datasets\数据预处理\原始车辆数据\lxy\Entity_Recording_2025_09_28_18_06_16_vehicle.csv,cd3480403bb284dc392305cb7c6f6bc74fe724d2c11fa8cd916fd86b2e6d1938,80631,403.155,405.34,2.185,train,train,train,train,389,原始车辆数据/lxy/Entity_Recording_2025_09_28_18_06_16_vehicle.csv,cd3480403bb284dc392305cb7c6f6bc74fe724d2c11fa8cd916fd86b2e6d1938,1.0,1.0,-0.3797839879989624
vehicle_instability_allraw__lxy__2025_09_28_18_06_16__000464805__pre1_label2_event_trigger,vehicle_instability_allraw__lxy__2025_09_28_18_06_16__000464805,lxy,2025_09_28_18_06_16,464.805,,pre1_label2_event_trigger,-1.0,0.0,0.0,2.0,all_raw_vehicle_dynamic_onset_non_steering,all_raw_detected_vehicle_instability_onset_predict_future_steering_response,instability_ay_roll,strong_active,straight,0,0.0,60.61,87.38,auto_accept_instability_medium,hybrid_accept_high,原始车辆数据/lxy/Entity_Recording_2025_09_28_18_06_16_vehicle.csv,F:\data_set_process\data_process\01_datasets\数据预处理\原始车辆数据\lxy\Entity_Recording_2025_09_28_18_06_16_vehicle.csv,cd3480403bb284dc392305cb7c6f6bc74fe724d2c11fa8cd916fd86b2e6d1938,92961,464.805,475.295,10.49,train,train,train,train,390,原始车辆数据/lxy/Entity_Recording_2025_09_28_18_06_16_vehicle.csv,cd3480403bb284dc392305cb7c6f6bc74fe724d2c11fa8cd916fd86b2e6d1938,1.0,1.0,-0.3820528984069824
vehicle_instability_allraw__lxy__2025_09_28_18_06_16__000565345__pre1_label2_event_trigger,vehicle_instability_allraw__lxy__2025_09_28_18_06_16__000565345,lxy,2025_09_28_18_06_16,565.345,,pre1_label2_event_trigger,-1.0,0.0,0.0,2.0,all_raw_vehicle_dynamic_onset_non_steering,all_raw_detected_vehicle_instability_onset_predict_future_steering_response,instability_ay_roll,extreme_active,curve,0,0.0,77.94,100.0,auto_accept_instability_high,hybrid_accept_high,原始车辆数据/lxy/Entity_Recording_2025_09_28_18_06_16_vehicle.csv,F:\data_set_process\data_process\01_datasets\数据预处理\原始车辆数据\lxy\Entity_Recording_2025_09_28_18_06_16_vehicle.csv,cd3480403bb284dc392305cb7c6f6bc74fe724d2c11fa8cd916fd86b2e6d1938,113069,565.345,574.01,8.665,train,val,train,train,391,原始车辆数据/lxy/Entity_Recording_2025_09_28_18_06_16_vehicle.csv,cd3480403bb284dc392305cb7c6f6bc74fe724d2c11fa8cd916fd86b2e6d1938,1.0,1.0,-0.41678500175476074
vehicle_instability_allraw__lxy__2025_09_28_18_19_35__000087450__pre1_label2_event_trigger,vehicle_instability_allraw__lxy__2025_09_28_18_19_35__000087450,lxy,2025_09_28_18_19_35,87.45,,pre1_label2_event_trigger,-1.0,0.0,0.0,2.0,all_raw_vehicle_dynamic_onset_non_steering,all_raw_detected_vehicle_instability_onset_predict_future_steering_response,instability_ay_roll,extreme_active,straight,0,-0.0,80.09,100.0,auto_accept_instability_high,hybrid_accept_high,原始车辆数据/lxy/Entity_Recording_2025_09_28_18_19_35_vehicle.csv,F:\data_set_process\data_process\01_datasets\数据预处理\原始车辆数据\lxy\Entity_Recording_2025_09_28_18_19_35_vehicle.csv,1735d287d37c5f3b5ef292385010787581b3864457b61b1ccb7002f4fb47158a,17490,87.45,92.685,5.235,train,val,train,train,392,原始车辆数据/lxy/Entity_Recording_2025_09_28_18_19_35_vehicle.csv,1735d287d37c5f3b5ef292385010787581b3864457b61b1ccb7002f4fb47158a,1.0,1.0,-0.3752456605434418
vehicle_instability_allraw__lxy__2025_09_28_18_19_35__000129055__pre1_label2_event_trigger,vehicle_instability_allraw__lxy__2025_09_28_18_19_35__000129055,lxy,2025_09_28_18_19_35,129.055,,pre1_label2_event_trigger,-1.0,0.0,0.0,2.0,all_raw_vehicle_dynamic_onset_non_steering,all_raw_detected_vehicle_instability_onset_predict_future_steering_response,instability_ay_roll,extreme_active,curve,1,-0.00729802,89.45,100.0,auto_accept_instability_high,hybrid_accept_high,原始车辆数据/lxy/Entity_Recording_2025_09_28_18_19_35_vehicle.csv,F:\data_set_process\data_process\01_datasets\数据预处理\原始车辆数据\lxy\Entity_Recording_2025_09_28_18_19_35_vehicle.csv,1735d287d37c5f3b5ef292385010787581b3864457b61b1ccb7002f4fb47158a,25811,129.055,151.075,22.02,train,train,train,train,393,原始车辆数据/lxy/Entity_Recording_2025_09_28_18_19_35_vehicle.csv,1735d287d37c5f3b5ef292385010787581b3864457b61b1ccb7002f4fb47158a,1.0,1.0,-0.39130300283432007
vehicle_instability_allraw__lxy__2025_09_28_18_19_35__000157615__pre1_label2_event_trigger,vehicle_instability_allraw__lxy__2025_09_28_18_19_35__000157615,lxy,2025_09_28_18_19_35,157.615,,pre1_label2_event_trigger,-1.0,0.0,0.0,2.0,all_raw_vehicle_dynamic_onset_non_steering,all_raw_detected_vehicle_instability_onset_predict_future_steering_response,instability_ay_roll,extreme_active,straight,0,0.0,84.55,100.0,auto_accept_instability_high,hybrid_accept_high,原始车辆数据/lxy/Entity_Recording_2025_09_28_18_19_35_vehicle.csv,F:\data_set_process\data_process\01_datasets\数据预处理\原始车辆数据\lxy\Entity_Recording_2025_09_28_18_19_35_vehicle.csv,1735d287d37c5f3b5ef292385010787581b3864457b61b1ccb7002f4fb47158a,31523,157.615,172.31,14.695,train,train,train,train,394,原始车辆数据/lxy/Entity_Recording_2025_09_28_18_19_35_vehicle.csv,1735d287d37c5f3b5ef292385010787581b3864457b61b1ccb7002f4fb47158a,1.0,1.0,-0.011344599537551403
vehicle_instability_allraw__lxy__2025_09_28_18_19_35__000175350__pre1_label2_event_trigger,vehicle_instability_allraw__lxy__2025_09_28_18_19_35__000175350,lxy,2025_09_28_18_19_35,175.35,,pre1_label2_event_trigger,-1.0,0.0,0.0,2.0,all_raw_vehicle_dynamic_onset_non_steering,all_raw_detected_vehicle_instability_onset_predict_future_steering_response,instability_ay_roll,strong_active,straight,0,0.0,73.1,100.0,auto_accept_instability_medium,hybrid_accept_high,原始车辆数据/lxy/Entity_Recording_2025_09_28_18_19_35_vehicle.csv,F:\data_set_process\data_process\01_datasets\数据预处理\原始车辆数据\lxy\Entity_Recording_2025_09_28_18_19_35_vehicle.csv,1735d287d37c5f3b5ef292385010787581b3864457b61b1ccb7002f4fb47158a,35070,175.35,184.515,9.165,train,train,train,train,395,原始车辆数据/lxy/Entity_Recording_2025_09_28_18_19_35_vehicle.csv,1735d287d37c5f3b5ef292385010787581b3864457b61b1ccb7002f4fb47158a,1.0,1.0,0.10367300361394882
vehicle_instability_allraw__lxy__2025_09_28_18_19_35__000188330__pre1_label2_event_trigger,vehicle_instability_allraw__lxy__2025_09_28_18_19_35__000188330,lxy,2025_09_28_18_19_35,188.33,,pre1_label2_event_trigger,-1.0,0.0,0.0,2.0,all_raw_vehicle_dynamic_onset_non_steering,all_raw_detected_vehicle_instability_onset_predict_future_steering_response,instability_ay_roll,extreme_active,straight,0,-0.0,87.82,100.0,auto_accept_instability_high,hybrid_accept_high,原始车辆数据/lxy/Entity_Recording_2025_09_28_18_19_35_vehicle.csv,F:\data_set_process\data_process\01_datasets\数据预处理\原始车辆数据\lxy\Entity_Recording_2025_09_28_18_19_35_vehicle.csv,1735d287d37c5f3b5ef292385010787581b3864457b61b1ccb7002f4fb47158a,37666,188.33,196.995,8.665,train,train,train,train,396,原始车辆数据/lxy/Entity_Recording_2025_09_28_18_19_35_vehicle.csv,1735d287d37c5f3b5ef292385010787581b3864457b61b1ccb7002f4fb47158a,1.0,1.0,-0.46355900168418884
vehicle_instability_allraw__lxy__2025_09_28_18_19_35__000202855__pre1_label2_event_trigger,vehicle_instability_allraw__lxy__2025_09_28_18_19_35__000202855,lxy,2025_09_28_18_19_35,202.855,,pre1_label2_event_trigger,-1.0,0.0,0.0,2.0,all_raw_vehicle_dynamic_onset_non_steering,all_raw_detected_vehicle_instability_onset_predict_future_steering_response,instability_ay_roll,strong_active,straight,0,0.0,67.81,100.0,auto_accept_instability_medium,hybrid_accept_high,原始车辆数据/lxy/Entity_Recording_2025_09_28_18_19_35_vehicle.csv,F:\data_set_process\data_process\01_datasets\数据预处理\原始车辆数据\lxy\Entity_Recording_2025_09_28_18_19_35_vehicle.csv,1735d287d37c5f3b5ef292385010787581b3864457b61b1ccb7002f4fb47158a,40571,202.855,210.885,8.03,train,test,train,train,397,原始车辆数据/lxy/Entity_Recording_2025_09_28_18_19_35_vehicle.csv,1735d287d37c5f3b5ef292385010787581b3864457b61b1ccb7002f4fb47158a,1.0,1.0,0.10855899751186371
vehicle_instability_allraw__lxy__2025_09_28_18_19_35__000213630__pre1_label2_event_trigger,vehicle_instability_allraw__lxy__2025_09_28_18_19_35__000213630,lxy,2025_09_28_18_19_35,213.63,,pre1_label2_event_trigger,-1.0,0.0,0.0,2.0,all_raw_vehicle_dynamic_onset_non_steering,all_raw_detected_vehicle_instability_onset_predict_future_steering_response,instability_ay_roll,extreme_active,straight,0,0.0,88.63,100.0,auto_accept_instability_high,hybrid_accept_high,原始车辆数据/lxy/Entity_Recording_2025_09_28_18_19_35_vehicle.csv,F:\data_set_process\data_process\01_datasets\数据预处理\原始车辆数据\lxy\Entity_Recording_2025_09_28_18_19_35_vehicle.csv,1735d287d37c5f3b5ef292385010787581b3864457b61b1ccb7002f4fb47158a,42726,213.63,226.75,13.12,train,train,train,train,398,原始车辆数据/lxy/Entity_Recording_2025_09_28_18_19_35_vehicle.csv,1735d287d37c5f3b5ef292385010787581b3864457b61b1ccb7002f4fb47158a,1.0,1.0,0.2101379930973053
vehicle_instability_allraw__lxy__2025_09_28_18_19_35__000262630__pre1_label2_event_trigger,vehicle_instability_allraw__lxy__2025_09_28_18_19_35__000262630,lxy,2025_09_28_18_19_35,262.63,,pre1_label2_event_trigger,-1.0,0.0,0.0,2.0,all_raw_vehicle_dynamic_onset_non_steering,all_raw_detected_vehicle_instability_onset_predict_future_steering_response,instability_ay_roll,strong_active,curve,0,-0.0,74.44,100.0,auto_accept_instability_medium,hybrid_accept_high,原始车辆数据/lxy/Entity_Recording_2025_09_28_18_19_35_vehicle.csv,F:\data_set_process\data_process\01_datasets\数据预处理\原始车辆数据\lxy\Entity_Recording_2025_09_28_18_19_35_vehicle.csv,1735d287d37c5f3b5ef292385010787581b3864457b61b1ccb7002f4fb47158a,52526,262.63,286.4,23.77,train,train,train,train,399,原始车辆数据/lxy/Entity_Recording_2025_09_28_18_19_35_vehicle.csv,1735d287d37c5f3b5ef292385010787581b3864457b61b1ccb7002f4fb47158a,1.0,1.0,0.09267699718475342
vehicle_instability_allraw__lxy__2025_09_28_18_19_35__000290870__pre1_label2_event_trigger,vehicle_instability_allraw__lxy__2025_09_28_18_19_35__000290870,lxy,2025_09_28_18_19_35,290.87,,pre1_label2_event_trigger,-1.0,0.0,0.0,2.0,all_raw_vehicle_dynamic_onset_non_steering,all_raw_detected_vehicle_instability_onset_predict_future_steering_response,instability_ay_roll,extreme_active,straight,1,0.0,94.47,100.0,auto_accept_instability_high,hybrid_accept_high,原始车辆数据/lxy/Entity_Recording_2025_09_28_18_19_35_vehicle.csv,F:\data_set_process\data_process\01_datasets\数据预处理\原始车辆数据\lxy\Entity_Recording_2025_09_28_18_19_35_vehicle.csv,1735d287d37c5f3b5ef292385010787581b3864457b61b1ccb7002f4fb47158a,58174,290.87,309.61,18.74,train,val,train,train,400,原始车辆数据/lxy/Entity_Recording_2025_09_28_18_19_35_vehicle.csv,1735d287d37c5f3b5ef292385010787581b3864457b61b1ccb7002f4fb47158a,1.0,1.0,-0.32009345293045044
vehicle_instability_allraw__lxy__2025_09_28_18_19_35__000316655__pre1_label2_event_trigger,vehicle_instability_allraw__lxy__2025_09_28_18_19_35__000316655,lxy,2025_09_28_18_19_35,316.655,,pre1_label2_event_trigger,-1.0,0.0,0.0,2.0,all_raw_vehicle_dynamic_onset_non_steering,all_raw_detected_vehicle_instability_onset_predict_future_steering_response,instability_ay_only,extreme_active,straight,1,-0.00023909,65.84,96.31,auto_accept_instability_medium,hybrid_accept_high,原始车辆数据/lxy/Entity_Recording_2025_09_28_18_19_35_vehicle.csv,F:\data_set_process\data_process\01_datasets\数据预处理\原始车辆数据\lxy\Entity_Recording_2025_09_28_18_19_35_vehicle.csv,1735d287d37c5f3b5ef292385010787581b3864457b61b1ccb7002f4fb47158a,63331,316.655,317.07,0.415,train,val,train,train,401,原始车辆数据/lxy/Entity_Recording_2025_09_28_18_19_35_vehicle.csv,1735d287d37c5f3b5ef292385010787581b3864457b61b1ccb7002f4fb47158a,1.0,1.0,-0.40823298692703247
vehicle_instability_allraw__lxy__2025_09_28_18_19_35__000320035__pre1_label2_event_trigger,vehicle_instability_allraw__lxy__2025_09_28_18_19_35__000320035,lxy,2025_09_28_18_19_35,320.035,,pre1_label2_event_trigger,-1.0,0.0,0.0,2.0,all_raw_vehicle_dynamic_onset_non_steering,all_raw_detected_vehicle_instability_onset_predict_future_steering_response,instability_ay_roll,extreme_active,straight,0,-0.0,83.33,100.0,auto_accept_instability_high,hybrid_accept_high,原始车辆数据/lxy/Entity_Recording_2025_09_28_18_19_35_vehicle.csv,F:\data_set_process\data_process\01_datasets\数据预处理\原始车辆数据\lxy\Entity_Recording_2025_09_28_18_19_35_vehicle.csv,1735d287d37c5f3b5ef292385010787581b3864457b61b1ccb7002f4fb47158a,64007,320.035,323.11,3.075,train,train,train,train,402,原始车辆数据/lxy/Entity_Recording_2025_09_28_18_19_35_vehicle.csv,1735d287d37c5f3b5ef292385010787581b3864457b61b1ccb7002f4fb47158a,1.0,1.0,-0.45535600185394287
vehicle_instability_allraw__lxy__2025_09_28_18_19_35__000334720__pre1_label2_event_trigger,vehicle_instability_allraw__lxy__2025_09_28_18_19_35__000334720,lxy,2025_09_28_18_19_35,334.72,,pre1_label2_event_trigger,-1.0,0.0,0.0,2.0,all_raw_vehicle_dynamic_onset_non_steering,all_raw_detected_vehicle_instability_onset_predict_future_steering_response,instability_ay_roll,weak,straight,0,0.0,80.45,100.0,auto_accept_instability_high,hybrid_accept_high,原始车辆数据/lxy/Entity_Recording_2025_09_28_18_19_35_vehicle.csv,F:\data_set_process\data_process\01_datasets\数据预处理\原始车辆数据\lxy\Entity_Recording_2025_09_28_18_19_35_vehicle.csv,1735d287d37c5f3b5ef292385010787581b3864457b61b1ccb7002f4fb47158a,66944,334.72,349.19,14.47,train,train,train,train,403,原始车辆数据/lxy/Entity_Recording_2025_09_28_18_19_35_vehicle.csv,1735d287d37c5f3b5ef292385010787581b3864457b61b1ccb7002f4fb47158a,1.0,1.0,0.1082099974155426
vehicle_instability_allraw__lxy__2025_09_28_18_19_35__000402090__pre1_label2_event_trigger,vehicle_instability_allraw__lxy__2025_09_28_18_19_35__000402090,lxy,2025_09_28_18_19_35,402.09,,pre1_label2_event_trigger,-1.0,0.0,0.0,2.0,all_raw_vehicle_dynamic_onset_non_steering,all_raw_detected_vehicle_instability_onset_predict_future_steering_response,instability_ay_roll,extreme_active,straight,0,-0.0,83.54,100.0,auto_accept_instability_high,hybrid_accept_high,原始车辆数据/lxy/Entity_Recording_2025_09_28_18_19_35_vehicle.csv,F:\data_set_process\data_process\01_datasets\数据预处理\原始车辆数据\lxy\Entity_Recording_2025_09_28_18_19_35_vehicle.csv,1735d287d37c5f3b5ef292385010787581b3864457b61b1ccb7002f4fb47158a,80418,402.09,411.83,9.74,train,test,train,train,404,原始车辆数据/lxy/Entity_Recording_2025_09_28_18_19_35_vehicle.csv,1735d287d37c5f3b5ef292385010787581b3864457b61b1ccb7002f4fb47158a,1.0,1.0,-0.5508258938789368
vehicle_instability_allraw__lxy__2025_09_28_18_19_35__000481970__pre1_label2_event_trigger,vehicle_instability_allraw__lxy__2025_09_28_18_19_35__000481970,lxy,2025_09_28_18_19_35,481.97,,pre1_label2_event_trigger,-1.0,0.0,0.0,2.0,all_raw_vehicle_dynamic_onset_non_steering,all_raw_detected_vehicle_instability_onset_predict_future_steering_response,instability_ay_roll,medium_active,straight,0,0.0,75.18,100.0,auto_accept_instability_high,hybrid_accept_high,原始车辆数据/lxy/Entity_Recording_2025_09_28_18_19_35_vehicle.csv,F:\data_set_process\data_process\01_datasets\数据预处理\原始车辆数据\lxy\Entity_Recording_2025_09_28_18_19_35_vehicle.csv,1735d287d37c5f3b5ef292385010787581b3864457b61b1ccb7002f4fb47158a,96394,481.97,495.825,13.855,train,train,train,train,405,原始车辆数据/lxy/Entity_Recording_2025_09_28_18_19_35_vehicle.csv,1735d287d37c5f3b5ef292385010787581b3864457b61b1ccb7002f4fb47158a,1.0,1.0,-2.282370090484619
vehicle_instability_allraw__rjy__2025_09_28_19_33_26__000097820__pre1_label2_event_trigger,vehicle_instability_allraw__rjy__2025_09_28_19_33_26__000097820,rjy,2025_09_28_19_33_26,97.82,,pre1_label2_event_trigger,-1.0,0.0,0.0,2.0,all_raw_vehicle_dynamic_onset_non_steering,all_raw_detected_vehicle_instability_onset_predict_future_steering_response,instability_ay_roll,extreme_active,straight,0,-0.0,58.52,92.9,auto_accept_instability_medium,hybrid_accept_high,原始车辆数据/rjy/Entity_Recording_2025_09_28_19_33_26_vehicle.csv,F:\data_set_process\data_process\01_datasets\数据预处理\原始车辆数据\rjy\Entity_Recording_2025_09_28_19_33_26_vehicle.csv,01436a5bdee52567619ced49be5980032c8fe3c36e01f1ac42fee70dcf8a6f21,19564,97.82,101.845,4.025,train,train,train,train,406,原始车辆数据/rjy/Entity_Recording_2025_09_28_19_33_26_vehicle.csv,01436a5bdee52567619ced49be5980032c8fe3c36e01f1ac42fee70dcf8a6f21,1.0,1.0,-0.5288349986076355
vehicle_instability_allraw__rjy__2025_09_28_19_33_26__000137120__pre1_label2_event_trigger,vehicle_instability_allraw__rjy__2025_09_28_19_33_26__000137120,rjy,2025_09_28_19_33_26,137.12,,pre1_label2_event_trigger,-1.0,0.0,0.0,2.0,all_raw_vehicle_dynamic_onset_non_steering,all_raw_detected_vehicle_instability_onset_predict_future_steering_response,instability_ay_roll,strong_active,straight,0,0.0,53.92,86.23,needs_human_review,hybrid_accept_high,原始车辆数据/rjy/Entity_Recording_2025_09_28_19_33_26_vehicle.csv,F:\data_set_process\data_process\01_datasets\数据预处理\原始车辆数据\rjy\Entity_Recording_2025_09_28_19_33_26_vehicle.csv,01436a5bdee52567619ced49be5980032c8fe3c36e01f1ac42fee70dcf8a6f21,27424,137.12,142.435,5.315,train,train,train,train,407,原始车辆数据/rjy/Entity_Recording_2025_09_28_19_33_26_vehicle.csv,01436a5bdee52567619ced49be5980032c8fe3c36e01f1ac42fee70dcf8a6f21,1.0,1.0,0.1766269952058792
vehicle_instability_allraw__rjy__2025_09_28_19_33_26__000189485__pre1_label2_event_trigger,vehicle_instability_allraw__rjy__2025_09_28_19_33_26__000189485,rjy,2025_09_28_19_33_26,189.485,,pre1_label2_event_trigger,-1.0,0.0,0.0,2.0,all_raw_vehicle_dynamic_onset_non_steering,all_raw_detected_vehicle_instability_onset_predict_future_steering_response,instability_ay_roll,medium_active,straight,1,-0.00729802,56.02,85.94,needs_human_review,hybrid_accept_high,原始车辆数据/rjy/Entity_Recording_2025_09_28_19_33_26_vehicle.csv,F:\data_set_process\data_process\01_datasets\数据预处理\原始车辆数据\rjy\Entity_Recording_2025_09_28_19_33_26_vehicle.csv,01436a5bdee52567619ced49be5980032c8fe3c36e01f1ac42fee70dcf8a6f21,37897,189.485,210.535,21.05,train,train,train,train,408,原始车辆数据/rjy/Entity_Recording_2025_09_28_19_33_26_vehicle.csv,01436a5bdee52567619ced49be5980032c8fe3c36e01f1ac42fee70dcf8a6f21,1.0,1.0,-0.38030698895454407
vehicle_instability_allraw__rjy__2025_09_28_19_33_26__000245500__pre1_label2_event_trigger,vehicle_instability_allraw__rjy__2025_09_28_19_33_26__000245500,rjy,2025_09_28_19_33_26,245.5,,pre1_label2_event_trigger,-1.0,0.0,0.0,2.0,all_raw_vehicle_dynamic_onset_non_steering,all_raw_detected_vehicle_instability_onset_predict_future_steering_response,instability_ay_roll,medium_active,straight,0,0.0,58.4,87.05,auto_accept_instability_medium,hybrid_accept_high,原始车辆数据/rjy/Entity_Recording_2025_09_28_19_33_26_vehicle.csv,F:\data_set_process\data_process\01_datasets\数据预处理\原始车辆数据\rjy\Entity_Recording_2025_09_28_19_33_26_vehicle.csv,01436a5bdee52567619ced49be5980032c8fe3c36e01f1ac42fee70dcf8a6f21,49100,245.5,254.23,8.73,train,test,train,train,409,原始车辆数据/rjy/Entity_Recording_2025_09_28_19_33_26_vehicle.csv,01436a5bdee52567619ced49be5980032c8fe3c36e01f1ac42fee70dcf8a6f21,1.0,1.0,-0.4906120002269745
vehicle_instability_allraw__rjy__2025_09_28_19_33_26__000290715__pre1_label2_event_trigger,vehicle_instability_allraw__rjy__2025_09_28_19_33_26__000290715,rjy,2025_09_28_19_33_26,290.715,,pre1_label2_event_trigger,-1.0,0.0,0.0,2.0,all_raw_vehicle_dynamic_onset_non_steering,all_raw_detected_vehicle_instability_onset_predict_future_steering_response,instability_ay_roll,extreme_active,straight,0,-0.0,71.74,100.0,auto_accept_instability_medium,hybrid_accept_high,原始车辆数据/rjy/Entity_Recording_2025_09_28_19_33_26_vehicle.csv,F:\data_set_process\data_process\01_datasets\数据预处理\原始车辆数据\rjy\Entity_Recording_2025_09_28_19_33_26_vehicle.csv,01436a5bdee52567619ced49be5980032c8fe3c36e01f1ac42fee70dcf8a6f21,58143,290.715,295.735,5.02,train,val,train,train,410,原始车辆数据/rjy/Entity_Recording_2025_09_28_19_33_26_vehicle.csv,01436a5bdee52567619ced49be5980032c8fe3c36e01f1ac42fee70dcf8a6f21,1.0,1.0,-0.6661938428878784
vehicle_instability_allraw__rjy__2025_09_28_19_33_26__000386830__pre1_label2_event_trigger,vehicle_instability_allraw__rjy__2025_09_28_19_33_26__000386830,rjy,2025_09_28_19_33_26,386.83,,pre1_label2_event_trigger,-1.0,0.0,0.0,2.0,all_raw_vehicle_dynamic_onset_non_steering,all_raw_detected_vehicle_instability_onset_predict_future_steering_response,instability_ay_roll,extreme_active,straight,1,0.0,73.64,100.0,auto_accept_instability_medium,hybrid_accept_high,原始车辆数据/rjy/Entity_Recording_2025_09_28_19_33_26_vehicle.csv,F:\data_set_process\data_process\01_datasets\数据预处理\原始车辆数据\rjy\Entity_Recording_2025_09_28_19_33_26_vehicle.csv,01436a5bdee52567619ced49be5980032c8fe3c36e01f1ac42fee70dcf8a6f21,77366,386.83,399.975,13.145,train,val,train,train,411,原始车辆数据/rjy/Entity_Recording_2025_09_28_19_33_26_vehicle.csv,01436a5bdee52567619ced49be5980032c8fe3c36e01f1ac42fee70dcf8a6f21,1.0,1.0,-0.10559183359146118
vehicle_instability_allraw__rjy__2025_09_28_19_33_26__000417195__pre1_label2_event_trigger,vehicle_instability_allraw__rjy__2025_09_28_19_33_26__000417195,rjy,2025_09_28_19_33_26,417.195,,pre1_label2_event_trigger,-1.0,0.0,0.0,2.0,all_raw_vehicle_dynamic_onset_non_steering,all_raw_detected_vehicle_instability_onset_predict_future_steering_response,instability_ay_roll,extreme_active,straight,0,0.0,83.87,100.0,auto_accept_instability_high,hybrid_accept_high,原始车辆数据/rjy/Entity_Recording_2025_09_28_19_33_26_vehicle.csv,F:\data_set_process\data_process\01_datasets\数据预处理\原始车辆数据\rjy\Entity_Recording_2025_09_28_19_33_26_vehicle.csv,01436a5bdee52567619ced49be5980032c8fe3c36e01f1ac42fee70dcf8a6f21,83439,417.195,421.54,4.345,train,train,train,train,412,原始车辆数据/rjy/Entity_Recording_2025_09_28_19_33_26_vehicle.csv,01436a5bdee52567619ced49be5980032c8fe3c36e01f1ac42fee70dcf8a6f21,1.0,1.0,-0.5030040144920349
vehicle_instability_allraw__rjy__2025_09_28_19_33_26__000439360__pre1_label2_event_trigger,vehicle_instability_allraw__rjy__2025_09_28_19_33_26__000439360,rjy,2025_09_28_19_33_26,439.36,,pre1_label2_event_trigger,-1.0,0.0,0.0,2.0,all_raw_vehicle_dynamic_onset_non_steering,all_raw_detected_vehicle_instability_onset_predict_future_steering_response,instability_ay_roll,strong_active,straight,0,0.0,72.02,100.0,auto_accept_instability_medium,hybrid_accept_high,原始车辆数据/rjy/Entity_Recording_2025_09_28_19_33_26_vehicle.csv,F:\data_set_process\data_process\01_datasets\数据预处理\原始车辆数据\rjy\Entity_Recording_2025_09_28_19_33_26_vehicle.csv,01436a5bdee52567619ced49be5980032c8fe3c36e01f1ac42fee70dcf8a6f21,87872,439.36,442.37,3.01,train,train,train,train,413,原始车辆数据/rjy/Entity_Recording_2025_09_28_19_33_26_vehicle.csv,01436a5bdee52567619ced49be5980032c8fe3c36e01f1ac42fee70dcf8a6f21,1.0,1.0,0.10332299768924713
vehicle_instability_allraw__rjy__2025_09_28_19_33_26__000445825__pre1_label2_event_trigger,vehicle_instability_allraw__rjy__2025_09_28_19_33_26__000445825,rjy,2025_09_28_19_33_26,445.825,,pre1_label2_event_trigger,-1.0,0.0,0.0,2.0,all_raw_vehicle_dynamic_onset_non_steering,all_raw_detected_vehicle_instability_onset_predict_future_steering_response,instability_ay_roll,extreme_active,straight,0,-0.0,73.22,100.0,auto_accept_instability_medium,hybrid_accept_high,原始车辆数据/rjy/Entity_Recording_2025_09_28_19_33_26_vehicle.csv,F:\data_set_process\data_process\01_datasets\数据预处理\原始车辆数据\rjy\Entity_Recording_2025_09_28_19_33_26_vehicle.csv,01436a5bdee52567619ced49be5980032c8fe3c36e01f1ac42fee70dcf8a6f21,89165,445.825,459.54,13.715,train,train,train,train,414,原始车辆数据/rjy/Entity_Recording_2025_09_28_19_33_26_vehicle.csv,01436a5bdee52567619ced49be5980032c8fe3c36e01f1ac42fee70dcf8a6f21,1.0,1.0,-0.08098330348730087
vehicle_instability_allraw__rjy__2025_09_28_19_33_26__000515545__pre1_label2_event_trigger,vehicle_instability_allraw__rjy__2025_09_28_19_33_26__000515545,rjy,2025_09_28_19_33_26,515.545,,pre1_label2_event_trigger,-1.0,0.0,0.0,2.0,all_raw_vehicle_dynamic_onset_non_steering,all_raw_detected_vehicle_instability_onset_predict_future_steering_response,instability_ay_roll,strong_active,straight,0,0.0,70.67,100.0,auto_accept_instability_medium,hybrid_accept_high,原始车辆数据/rjy/Entity_Recording_2025_09_28_19_33_26_vehicle.csv,F:\data_set_process\data_process\01_datasets\数据预处理\原始车辆数据\rjy\Entity_Recording_2025_09_28_19_33_26_vehicle.csv,01436a5bdee52567619ced49be5980032c8fe3c36e01f1ac42fee70dcf8a6f21,103109,515.545,534.175,18.63,train,train,train,train,415,原始车辆数据/rjy/Entity_Recording_2025_09_28_19_33_26_vehicle.csv,01436a5bdee52567619ced49be5980032c8fe3c36e01f1ac42fee70dcf8a6f21,1.0,1.0,-0.3211408853530884
vehicle_instability_allraw__rjy__2025_09_28_19_33_26__000560115__pre1_label2_event_trigger,vehicle_instability_allraw__rjy__2025_09_28_19_33_26__000560115,rjy,2025_09_28_19_33_26,560.115,,pre1_label2_event_trigger,-1.0,0.0,0.0,2.0,all_raw_vehicle_dynamic_onset_non_steering,all_raw_detected_vehicle_instability_onset_predict_future_steering_response,instability_ay_roll,instability_strong,design_high_risk_surface,0,-0.0,70.22,88.13,auto_accept_instability_medium,hybrid_accept_high,原始车辆数据/rjy/Entity_Recording_2025_09_28_19_33_26_vehicle.csv,F:\data_set_process\data_process\01_datasets\数据预处理\原始车辆数据\rjy\Entity_Recording_2025_09_28_19_33_26_vehicle.csv,01436a5bdee52567619ced49be5980032c8fe3c36e01f1ac42fee70dcf8a6f21,112023,560.115,595.56,35.445,train,train,train,train,416,原始车辆数据/rjy/Entity_Recording_2025_09_28_19_33_26_vehicle.csv,01436a5bdee52567619ced49be5980032c8fe3c36e01f1ac42fee70dcf8a6f21,1.0,1.0,0.1630139946937561
vehicle_instability_allraw__rjy__2025_09_28_19_33_26__000598710__pre1_label2_event_trigger,vehicle_instability_allraw__rjy__2025_09_28_19_33_26__000598710,rjy,2025_09_28_19_33_26,598.71,,pre1_label2_event_trigger,-1.0,0.0,0.0,2.0,all_raw_vehicle_dynamic_onset_non_steering,all_raw_detected_vehicle_instability_onset_predict_future_steering_response,instability_ay_roll,medium_active,straight,0,-0.0,67.2,93.67,auto_accept_instability_medium,hybrid_accept_high,原始车辆数据/rjy/Entity_Recording_2025_09_28_19_33_26_vehicle.csv,F:\data_set_process\data_process\01_datasets\数据预处理\原始车辆数据\rjy\Entity_Recording_2025_09_28_19_33_26_vehicle.csv,01436a5bdee52567619ced49be5980032c8fe3c36e01f1ac42fee70dcf8a6f21,119742,598.71,602.09,3.38,train,test,train,train,417,原始车辆数据/rjy/Entity_Recording_2025_09_28_19_33_26_vehicle.csv,01436a5bdee52567619ced49be5980032c8fe3c36e01f1ac42fee70dcf8a6f21,1.0,1.0,-0.37227898836135864
vehicle_instability_allraw__rjy__2025_09_28_19_33_26__000624660__pre1_label2_event_trigger,vehicle_instability_allraw__rjy__2025_09_28_19_33_26__000624660,rjy,2025_09_28_19_33_26,624.66,,pre1_label2_event_trigger,-1.0,0.0,0.0,2.0,all_raw_vehicle_dynamic_onset_non_steering,all_raw_detected_vehicle_instability_onset_predict_future_steering_response,instability_ay_roll,medium_active,curve,0,-0.0,70.65,98.63,auto_accept_instability_medium,hybrid_accept_high,原始车辆数据/rjy/Entity_Recording_2025_09_28_19_33_26_vehicle.csv,F:\data_set_process\data_process\01_datasets\数据预处理\原始车辆数据\rjy\Entity_Recording_2025_09_28_19_33_26_vehicle.csv,01436a5bdee52567619ced49be5980032c8fe3c36e01f1ac42fee70dcf8a6f21,124932,624.66,639.175,14.515,train,train,train,train,418,原始车辆数据/rjy/Entity_Recording_2025_09_28_19_33_26_vehicle.csv,01436a5bdee52567619ced49be5980032c8fe3c36e01f1ac42fee70dcf8a6f21,1.0,1.0,-0.42010098695755005
vehicle_instability_allraw__rjy__2025_09_28_19_44_42__000058055__pre1_label2_event_trigger,vehicle_instability_allraw__rjy__2025_09_28_19_44_42__000058055,rjy,2025_09_28_19_44_42,58.055,,pre1_label2_event_trigger,-1.0,0.0,0.0,2.0,all_raw_vehicle_dynamic_onset_non_steering,all_raw_detected_vehicle_instability_onset_predict_future_steering_response,instability_ay_roll,strong_active,straight,0,0.0,53.42,82.42,needs_human_review,hybrid_accept_high,原始车辆数据/rjy/Entity_Recording_2025_09_28_19_44_42_vehicle.csv,F:\data_set_process\data_process\01_datasets\数据预处理\原始车辆数据\rjy\Entity_Recording_2025_09_28_19_44_42_vehicle.csv,5b5abba83d45b9ab931f971a3e31909a3e683748b21a57a708cc039986cd1337,11611,58.055,63.0,4.945,train,train,train,train,419,原始车辆数据/rjy/Entity_Recording_2025_09_28_19_44_42_vehicle.csv,5b5abba83d45b9ab931f971a3e31909a3e683748b21a57a708cc039986cd1337,1.0,1.0,-0.23980799317359924
vehicle_instability_allraw__rjy__2025_09_28_19_44_42__000090150__pre1_label2_event_trigger,vehicle_instability_allraw__rjy__2025_09_28_19_44_42__000090150,rjy,2025_09_28_19_44_42,90.15,,pre1_label2_event_trigger,-1.0,0.0,0.0,2.0,all_raw_vehicle_dynamic_onset_non_steering,all_raw_detected_vehicle_instability_onset_predict_future_steering_response,instability_ay_roll,extreme_active,straight,0,0.0,92.68,100.0,auto_accept_instability_high,hybrid_accept_high,原始车辆数据/rjy/Entity_Recording_2025_09_28_19_44_42_vehicle.csv,F:\data_set_process\data_process\01_datasets\数据预处理\原始车辆数据\rjy\Entity_Recording_2025_09_28_19_44_42_vehicle.csv,5b5abba83d45b9ab931f971a3e31909a3e683748b21a57a708cc039986cd1337,18030,90.15,98.96,8.81,train,val,train,train,420,原始车辆数据/rjy/Entity_Recording_2025_09_28_19_44_42_vehicle.csv,5b5abba83d45b9ab931f971a3e31909a3e683748b21a57a708cc039986cd1337,1.0,1.0,-0.428303986787796
vehicle_instability_allraw__rjy__2025_09_28_19_44_42__000132740__pre1_label2_event_trigger,vehicle_instability_allraw__rjy__2025_09_28_19_44_42__000132740,rjy,2025_09_28_19_44_42,132.74,,pre1_label2_event_trigger,-1.0,0.0,0.0,2.0,all_raw_vehicle_dynamic_onset_non_steering,all_raw_detected_vehicle_instability_onset_predict_future_steering_response,instability_ay_roll,strong_active,straight,1,-0.00729802,90.15,100.0,auto_accept_instability_high,hybrid_accept_high,原始车辆数据/rjy/Entity_Recording_2025_09_28_19_44_42_vehicle.csv,F:\data_set_process\data_process\01_datasets\数据预处理\原始车辆数据\rjy\Entity_Recording_2025_09_28_19_44_42_vehicle.csv,5b5abba83d45b9ab931f971a3e31909a3e683748b21a57a708cc039986cd1337,26548,132.74,140.49,7.75,train,train,train,train,421,原始车辆数据/rjy/Entity_Recording_2025_09_28_19_44_42_vehicle.csv,5b5abba83d45b9ab931f971a3e31909a3e683748b21a57a708cc039986cd1337,1.0,1.0,-0.39845898747444153
vehicle_instability_allraw__rjy__2025_09_28_19_51_44__000056300__pre1_label2_event_trigger,vehicle_instability_allraw__rjy__2025_09_28_19_51_44__000056300,rjy,2025_09_28_19_51_44,56.3,,pre1_label2_event_trigger,-1.0,0.0,0.0,2.0,all_raw_vehicle_dynamic_onset_non_steering,all_raw_detected_vehicle_instability_onset_predict_future_steering_response,instability_ay_roll,medium_active,straight,0,-0.0,56.87,84.0,needs_human_review,hybrid_accept_high,原始车辆数据/rjy/Entity_Recording_2025_09_28_19_51_44_vehicle.csv,F:\data_set_process\data_process\01_datasets\数据预处理\原始车辆数据\rjy\Entity_Recording_2025_09_28_19_51_44_vehicle.csv,321490a10177e5c7ad5a2f27b679df1230aed32a58b20343e3b5a221e415a954,11260,56.3,62.6,6.3,train,val,train,train,422,原始车辆数据/rjy/Entity_Recording_2025_09_28_19_51_44_vehicle.csv,321490a10177e5c7ad5a2f27b679df1230aed32a58b20343e3b5a221e415a954,1.0,1.0,-0.4022980034351349
vehicle_instability_allraw__rjy__2025_09_28_19_51_44__000087940__pre1_label2_event_trigger,vehicle_instability_allraw__rjy__2025_09_28_19_51_44__000087940,rjy,2025_09_28_19_51_44,87.94,,pre1_label2_event_trigger,-1.0,0.0,0.0,2.0,all_raw_vehicle_dynamic_onset_non_steering,all_raw_detected_vehicle_instability_onset_predict_future_steering_response,instability_ay_roll,strong_active,straight,0,-0.0,64.14,99.19,auto_accept_instability_medium,hybrid_accept_high,原始车辆数据/rjy/Entity_Recording_2025_09_28_19_51_44_vehicle.csv,F:\data_set_process\data_process\01_datasets\数据预处理\原始车辆数据\rjy\Entity_Recording_2025_09_28_19_51_44_vehicle.csv,321490a10177e5c7ad5a2f27b679df1230aed32a58b20343e3b5a221e415a954,17588,87.94,95.215,7.275,train,train,train,train,423,原始车辆数据/rjy/Entity_Recording_2025_09_28_19_51_44_vehicle.csv,321490a10177e5c7ad5a2f27b679df1230aed32a58b20343e3b5a221e415a954,1.0,1.0,-0.4831070005893707
vehicle_instability_allraw__rjy__2025_09_28_19_51_44__000132730__pre1_label2_event_trigger,vehicle_instability_allraw__rjy__2025_09_28_19_51_44__000132730,rjy,2025_09_28_19_51_44,132.73,,pre1_label2_event_trigger,-1.0,0.0,0.0,2.0,all_raw_vehicle_dynamic_onset_non_steering,all_raw_detected_vehicle_instability_onset_predict_future_steering_response,instability_ay_roll,strong_active,curve,1,-0.00729802,79.61,100.0,auto_accept_instability_high,hybrid_accept_high,原始车辆数据/rjy/Entity_Recording_2025_09_28_19_51_44_vehicle.csv,F:\data_set_process\data_process\01_datasets\数据预处理\原始车辆数据\rjy\Entity_Recording_2025_09_28_19_51_44_vehicle.csv,321490a10177e5c7ad5a2f27b679df1230aed32a58b20343e3b5a221e415a954,26546,132.73,153.81,21.08,train,val,train,train,424,原始车辆数据/rjy/Entity_Recording_2025_09_28_19_51_44_vehicle.csv,321490a10177e5c7ad5a2f27b679df1230aed32a58b20343e3b5a221e415a954,1.0,1.0,-0.47158798575401306
vehicle_instability_allraw__rjy__2025_09_28_19_51_44__000180850__pre1_label2_event_trigger,vehicle_instability_allraw__rjy__2025_09_28_19_51_44__000180850,rjy,2025_09_28_19_51_44,180.85,,pre1_label2_event_trigger,-1.0,0.0,0.0,2.0,all_raw_vehicle_dynamic_onset_non_steering,all_raw_detected_vehicle_instability_onset_predict_future_steering_response,instability_ay_roll,extreme_active,straight,0,0.0,75.37,100.0,auto_accept_instability_high,hybrid_accept_high,原始车辆数据/rjy/Entity_Recording_2025_09_28_19_51_44_vehicle.csv,F:\data_set_process\data_process\01_datasets\数据预处理\原始车辆数据\rjy\Entity_Recording_2025_09_28_19_51_44_vehicle.csv,321490a10177e5c7ad5a2f27b679df1230aed32a58b20343e3b5a221e415a954,36170,180.85,192.335,11.485,train,train,train,train,425,原始车辆数据/rjy/Entity_Recording_2025_09_28_19_51_44_vehicle.csv,321490a10177e5c7ad5a2f27b679df1230aed32a58b20343e3b5a221e415a954,1.0,1.0,0.26982760429382324
vehicle_instability_allraw__rjy__2025_09_28_19_51_44__000209520__pre1_label2_event_trigger,vehicle_instability_allraw__rjy__2025_09_28_19_51_44__000209520,rjy,2025_09_28_19_51_44,209.52,,pre1_label2_event_trigger,-1.0,0.0,0.0,2.0,all_raw_vehicle_dynamic_onset_non_steering,all_raw_detected_vehicle_instability_onset_predict_future_steering_response,instability_ay_roll,extreme_active,straight,0,0.0,55.04,85.96,needs_human_review,hybrid_accept_high,原始车辆数据/rjy/Entity_Recording_2025_09_28_19_51_44_vehicle.csv,F:\data_set_process\data_process\01_datasets\数据预处理\原始车辆数据\rjy\Entity_Recording_2025_09_28_19_51_44_vehicle.csv,321490a10177e5c7ad5a2f27b679df1230aed32a58b20343e3b5a221e415a954,41904,209.52,212.18,2.66,train,train,train,train,426,原始车辆数据/rjy/Entity_Recording_2025_09_28_19_51_44_vehicle.csv,321490a10177e5c7ad5a2f27b679df1230aed32a58b20343e3b5a221e415a954,1.0,1.0,0.09616772830486298
vehicle_instability_allraw__rjy__2025_09_28_19_51_44__000228685__pre1_label2_event_trigger,vehicle_instability_allraw__rjy__2025_09_28_19_51_44__000228685,rjy,2025_09_28_19_51_44,228.685,,pre1_label2_event_trigger,-1.0,0.0,0.0,2.0,all_raw_vehicle_dynamic_onset_non_steering,all_raw_detected_vehicle_instability_onset_predict_future_steering_response,instability_ay_roll,extreme_active,straight,0,0.0,94.84,100.0,auto_accept_instability_high,hybrid_accept_high,原始车辆数据/rjy/Entity_Recording_2025_09_28_19_51_44_vehicle.csv,F:\data_set_process\data_process\01_datasets\数据预处理\原始车辆数据\rjy\Entity_Recording_2025_09_28_19_51_44_vehicle.csv,321490a10177e5c7ad5a2f27b679df1230aed32a58b20343e3b5a221e415a954,45737,228.685,244.995,16.31,train,test,train,train,427,原始车辆数据/rjy/Entity_Recording_2025_09_28_19_51_44_vehicle.csv,321490a10177e5c7ad5a2f27b679df1230aed32a58b20343e3b5a221e415a954,1.0,1.0,-0.3893829882144928
vehicle_instability_allraw__rjy__2025_09_28_19_51_44__000302995__pre1_label2_event_trigger,vehicle_instability_allraw__rjy__2025_09_28_19_51_44__000302995,rjy,2025_09_28_19_51_44,302.995,,pre1_label2_event_trigger,-1.0,0.0,0.0,2.0,all_raw_vehicle_dynamic_onset_non_steering,all_raw_detected_vehicle_instability_onset_predict_future_steering_response,instability_ay_roll,extreme_active,curve,0,0.0,76.16,100.0,auto_accept_instability_high,hybrid_accept_high,原始车辆数据/rjy/Entity_Recording_2025_09_28_19_51_44_vehicle.csv,F:\data_set_process\data_process\01_datasets\数据预处理\原始车辆数据\rjy\Entity_Recording_2025_09_28_19_51_44_vehicle.csv,321490a10177e5c7ad5a2f27b679df1230aed32a58b20343e3b5a221e415a954,60599,302.995,318.025,15.03,train,train,train,train,428,原始车辆数据/rjy/Entity_Recording_2025_09_28_19_51_44_vehicle.csv,321490a10177e5c7ad5a2f27b679df1230aed32a58b20343e3b5a221e415a954,1.0,1.0,0.1455598920583725
vehicle_instability_allraw__rjy__2025_09_28_19_51_44__000340405__pre1_label2_event_trigger,vehicle_instability_allraw__rjy__2025_09_28_19_51_44__000340405,rjy,2025_09_28_19_51_44,340.405,,pre1_label2_event_trigger,-1.0,0.0,0.0,2.0,all_raw_vehicle_dynamic_onset_non_steering,all_raw_detected_vehicle_instability_onset_predict_future_steering_response,instability_ay_roll,strong_active,straight,1,-0.0,59.51,92.68,auto_accept_instability_medium,hybrid_accept_high,原始车辆数据/rjy/Entity_Recording_2025_09_28_19_51_44_vehicle.csv,F:\data_set_process\data_process\01_datasets\数据预处理\原始车辆数据\rjy\Entity_Recording_2025_09_28_19_51_44_vehicle.csv,321490a10177e5c7ad5a2f27b679df1230aed32a58b20343e3b5a221e415a954,68081,340.405,345.27,4.865,train,test,train,train,429,原始车辆数据/rjy/Entity_Recording_2025_09_28_19_51_44_vehicle.csv,321490a10177e5c7ad5a2f27b679df1230aed32a58b20343e3b5a221e415a954,1.0,1.0,-0.5042260885238647
vehicle_instability_allraw__rjy__2025_09_28_19_51_44__000357340__pre1_label2_event_trigger,vehicle_instability_allraw__rjy__2025_09_28_19_51_44__000357340,rjy,2025_09_28_19_51_44,357.34,,pre1_label2_event_trigger,-1.0,0.0,0.0,2.0,all_raw_vehicle_dynamic_onset_non_steering,all_raw_detected_vehicle_instability_onset_predict_future_steering_response,instability_ay_roll,extreme_active,straight,1,-0.00045413,90.58,100.0,auto_accept_instability_high,hybrid_accept_high,原始车辆数据/rjy/Entity_Recording_2025_09_28_19_51_44_vehicle.csv,F:\data_set_process\data_process\01_datasets\数据预处理\原始车辆数据\rjy\Entity_Recording_2025_09_28_19_51_44_vehicle.csv,321490a10177e5c7ad5a2f27b679df1230aed32a58b20343e3b5a221e415a954,71468,357.34,364.255,6.915,train,test,train,train,430,原始车辆数据/rjy/Entity_Recording_2025_09_28_19_51_44_vehicle.csv,321490a10177e5c7ad5a2f27b679df1230aed32a58b20343e3b5a221e415a954,1.0,1.0,-0.4272570013999939
vehicle_instability_allraw__rjy__2025_09_28_19_51_44__000384965__pre1_label2_event_trigger,vehicle_instability_allraw__rjy__2025_09_28_19_51_44__000384965,rjy,2025_09_28_19_51_44,384.965,,pre1_label2_event_trigger,-1.0,0.0,0.0,2.0,all_raw_vehicle_dynamic_onset_non_steering,all_raw_detected_vehicle_instability_onset_predict_future_steering_response,instability_ay_roll,extreme_active,straight,0,-0.0,80.83,100.0,auto_accept_instability_high,hybrid_accept_high,原始车辆数据/rjy/Entity_Recording_2025_09_28_19_51_44_vehicle.csv,F:\data_set_process\data_process\01_datasets\数据预处理\原始车辆数据\rjy\Entity_Recording_2025_09_28_19_51_44_vehicle.csv,321490a10177e5c7ad5a2f27b679df1230aed32a58b20343e3b5a221e415a954,76993,384.965,394.455,9.49,train,train,train,train,431,原始车辆数据/rjy/Entity_Recording_2025_09_28_19_51_44_vehicle.csv,321490a10177e5c7ad5a2f27b679df1230aed32a58b20343e3b5a221e415a954,1.0,1.0,0.23125599324703217
vehicle_instability_allraw__rjy__2025_09_28_19_51_44__000463330__pre1_label2_event_trigger,vehicle_instability_allraw__rjy__2025_09_28_19_51_44__000463330,rjy,2025_09_28_19_51_44,463.33,,pre1_label2_event_trigger,-1.0,0.0,0.0,2.0,all_raw_vehicle_dynamic_onset_non_steering,all_raw_detected_vehicle_instability_onset_predict_future_steering_response,instability_ay_roll,strong_active,straight,0,0.0,55.15,83.94,needs_human_review,hybrid_accept_high,原始车辆数据/rjy/Entity_Recording_2025_09_28_19_51_44_vehicle.csv,F:\data_set_process\data_process\01_datasets\数据预处理\原始车辆数据\rjy\Entity_Recording_2025_09_28_19_51_44_vehicle.csv,321490a10177e5c7ad5a2f27b679df1230aed32a58b20343e3b5a221e415a954,92666,463.33,478.675,15.345,train,train,train,train,432,原始车辆数据/rjy/Entity_Recording_2025_09_28_19_51_44_vehicle.csv,321490a10177e5c7ad5a2f27b679df1230aed32a58b20343e3b5a221e415a954,1.0,1.0,-0.36634498834609985
vehicle_instability_allraw__rjy__2025_09_28_19_51_44__000498795__pre1_label2_event_trigger,vehicle_instability_allraw__rjy__2025_09_28_19_51_44__000498795,rjy,2025_09_28_19_51_44,498.795,,pre1_label2_event_trigger,-1.0,0.0,0.0,2.0,all_raw_vehicle_dynamic_onset_non_steering,all_raw_detected_vehicle_instability_onset_predict_future_steering_response,instability_ay_roll,instability_strong,design_high_risk_surface,0,0.0,70.22,87.78,auto_accept_instability_medium,hybrid_accept_high,原始车辆数据/rjy/Entity_Recording_2025_09_28_19_51_44_vehicle.csv,F:\data_set_process\data_process\01_datasets\数据预处理\原始车辆数据\rjy\Entity_Recording_2025_09_28_19_51_44_vehicle.csv,321490a10177e5c7ad5a2f27b679df1230aed32a58b20343e3b5a221e415a954,99759,498.795,521.045,22.25,train,train,train,train,433,原始车辆数据/rjy/Entity_Recording_2025_09_28_19_51_44_vehicle.csv,321490a10177e5c7ad5a2f27b679df1230aed32a58b20343e3b5a221e415a954,1.0,1.0,0.12182395905256271
vehicle_instability_allraw__rjy__2025_09_28_19_51_44__000532085__pre1_label2_event_trigger,vehicle_instability_allraw__rjy__2025_09_28_19_51_44__000532085,rjy,2025_09_28_19_51_44,532.085,,pre1_label2_event_trigger,-1.0,0.0,0.0,2.0,all_raw_vehicle_dynamic_onset_non_steering,all_raw_detected_vehicle_instability_onset_predict_future_steering_response,instability_ay_roll,medium_active,straight,0,-0.0,59.67,86.43,auto_accept_instability_medium,hybrid_accept_high,原始车辆数据/rjy/Entity_Recording_2025_09_28_19_51_44_vehicle.csv,F:\data_set_process\data_process\01_datasets\数据预处理\原始车辆数据\rjy\Entity_Recording_2025_09_28_19_51_44_vehicle.csv,321490a10177e5c7ad5a2f27b679df1230aed32a58b20343e3b5a221e415a954,106417,532.085,535.79,3.705,train,val,train,train,434,原始车辆数据/rjy/Entity_Recording_2025_09_28_19_51_44_vehicle.csv,321490a10177e5c7ad5a2f27b679df1230aed32a58b20343e3b5a221e415a954,1.0,1.0,-0.45326197147369385
vehicle_instability_allraw__rjy__2025_09_28_19_51_44__000538615__pre1_label2_event_trigger,vehicle_instability_allraw__rjy__2025_09_28_19_51_44__000538615,rjy,2025_09_28_19_51_44,538.615,,pre1_label2_event_trigger,-1.0,0.0,0.0,2.0,all_raw_vehicle_dynamic_onset_non_steering,all_raw_detected_vehicle_instability_onset_predict_future_steering_response,instability_ay_roll,strong_active,straight,0,-0.0,63.41,100.0,auto_accept_instability_medium,hybrid_accept_high,原始车辆数据/rjy/Entity_Recording_2025_09_28_19_51_44_vehicle.csv,F:\data_set_process\data_process\01_datasets\数据预处理\原始车辆数据\rjy\Entity_Recording_2025_09_28_19_51_44_vehicle.csv,321490a10177e5c7ad5a2f27b679df1230aed32a58b20343e3b5a221e415a954,107723,538.615,545.66,7.045,train,train,train,train,435,原始车辆数据/rjy/Entity_Recording_2025_09_28_19_51_44_vehicle.csv,321490a10177e5c7ad5a2f27b679df1230aed32a58b20343e3b5a221e415a954,1.0,1.0,-0.40282198786735535
vehicle_instability_allraw__rjy__2025_09_28_19_51_44__000564970__pre1_label2_event_trigger,vehicle_instability_allraw__rjy__2025_09_28_19_51_44__000564970,rjy,2025_09_28_19_51_44,564.97,,pre1_label2_event_trigger,-1.0,0.0,0.0,2.0,all_raw_vehicle_dynamic_onset_non_steering,all_raw_detected_vehicle_instability_onset_predict_future_steering_response,instability_ay_roll,strong_active,curve,0,-0.0,78.26,100.0,auto_accept_instability_high,hybrid_accept_high,原始车辆数据/rjy/Entity_Recording_2025_09_28_19_51_44_vehicle.csv,F:\data_set_process\data_process\01_datasets\数据预处理\原始车辆数据\rjy\Entity_Recording_2025_09_28_19_51_44_vehicle.csv,321490a10177e5c7ad5a2f27b679df1230aed32a58b20343e3b5a221e415a954,112994,564.97,566.625,1.655,train,test,train,train,436,原始车辆数据/rjy/Entity_Recording_2025_09_28_19_51_44_vehicle.csv,321490a10177e5c7ad5a2f27b679df1230aed32a58b20343e3b5a221e415a954,1.0,1.0,-0.2665095925331116
vehicle_instability_allraw__rjy__2025_09_28_19_51_44__000569225__pre1_label2_event_trigger,vehicle_instability_allraw__rjy__2025_09_28_19_51_44__000569225,rjy,2025_09_28_19_51_44,569.225,,pre1_label2_event_trigger,-1.0,0.0,0.0,2.0,all_raw_vehicle_dynamic_onset_non_steering,all_raw_detected_vehicle_instability_onset_predict_future_steering_response,instability_ay_roll,extreme_active,straight,0,-0.0,82.3,100.0,auto_accept_instability_high,hybrid_accept_high,原始车辆数据/rjy/Entity_Recording_2025_09_28_19_51_44_vehicle.csv,F:\data_set_process\data_process\01_datasets\数据预处理\原始车辆数据\rjy\Entity_Recording_2025_09_28_19_51_44_vehicle.csv,321490a10177e5c7ad5a2f27b679df1230aed32a58b20343e3b5a221e415a954,113845,569.225,583.325,14.1,train,train,train,train,437,原始车辆数据/rjy/Entity_Recording_2025_09_28_19_51_44_vehicle.csv,321490a10177e5c7ad5a2f27b679df1230aed32a58b20343e3b5a221e415a954,1.0,1.0,-0.4468015432357788
vehicle_instability_allraw__rjy__2025_09_28_20_02_20__000059725__pre1_label2_event_trigger,vehicle_instability_allraw__rjy__2025_09_28_20_02_20__000059725,rjy,2025_09_28_20_02_20,59.725,,pre1_label2_event_trigger,-1.0,0.0,0.0,2.0,all_raw_vehicle_dynamic_onset_non_steering,all_raw_detected_vehicle_instability_onset_predict_future_steering_response,instability_ay_roll,weak,straight,0,0.0,66.26,83.77,auto_accept_instability_medium,hybrid_accept_high,原始车辆数据/rjy/Entity_Recording_2025_09_28_20_02_20_vehicle.csv,F:\data_set_process\data_process\01_datasets\数据预处理\原始车辆数据\rjy\Entity_Recording_2025_09_28_20_02_20_vehicle.csv,33ef0d599b2ccd1b84d498caffb5fff7666013196faaaa8a9934cfdc57e22346,11945,59.725,67.695,7.97,train,val,train,train,438,原始车辆数据/rjy/Entity_Recording_2025_09_28_20_02_20_vehicle.csv,33ef0d599b2ccd1b84d498caffb5fff7666013196faaaa8a9934cfdc57e22346,1.0,1.0,-0.4190540015697479
vehicle_instability_allraw__rjy__2025_09_28_20_02_20__000095175__pre1_label2_event_trigger,vehicle_instability_allraw__rjy__2025_09_28_20_02_20__000095175,rjy,2025_09_28_20_02_20,95.175,,pre1_label2_event_trigger,-1.0,0.0,0.0,2.0,all_raw_vehicle_dynamic_onset_non_steering,all_raw_detected_vehicle_instability_onset_predict_future_steering_response,instability_ay_roll,strong_active,straight,0,0.0,68.89,100.0,auto_accept_instability_medium,hybrid_accept_high,原始车辆数据/rjy/Entity_Recording_2025_09_28_20_02_20_vehicle.csv,F:\data_set_process\data_process\01_datasets\数据预处理\原始车辆数据\rjy\Entity_Recording_2025_09_28_20_02_20_vehicle.csv,33ef0d599b2ccd1b84d498caffb5fff7666013196faaaa8a9934cfdc57e22346,19035,95.175,102.26,7.085,train,train,train,train,439,原始车辆数据/rjy/Entity_Recording_2025_09_28_20_02_20_vehicle.csv,33ef0d599b2ccd1b84d498caffb5fff7666013196faaaa8a9934cfdc57e22346,1.0,1.0,-0.3544762134552002
vehicle_instability_allraw__rjy__2025_09_28_20_02_20__000137410__pre1_label2_event_trigger,vehicle_instability_allraw__rjy__2025_09_28_20_02_20__000137410,rjy,2025_09_28_20_02_20,137.41,,pre1_label2_event_trigger,-1.0,0.0,0.0,2.0,all_raw_vehicle_dynamic_onset_non_steering,all_raw_detected_vehicle_instability_onset_predict_future_steering_response,instability_ay_roll,extreme_active,straight,1,-0.00729802,94.51,100.0,auto_accept_instability_high,hybrid_accept_high,原始车辆数据/rjy/Entity_Recording_2025_09_28_20_02_20_vehicle.csv,F:\data_set_process\data_process\01_datasets\数据预处理\原始车辆数据\rjy\Entity_Recording_2025_09_28_20_02_20_vehicle.csv,33ef0d599b2ccd1b84d498caffb5fff7666013196faaaa8a9934cfdc57e22346,27482,137.41,150.325,12.915,train,train,train,train,440,原始车辆数据/rjy/Entity_Recording_2025_09_28_20_02_20_vehicle.csv,33ef0d599b2ccd1b84d498caffb5fff7666013196faaaa8a9934cfdc57e22346,1.0,1.0,-0.4316205382347107
vehicle_instability_allraw__rjy__2025_09_28_20_02_20__000309800__pre1_label2_event_trigger,vehicle_instability_allraw__rjy__2025_09_28_20_02_20__000309800,rjy,2025_09_28_20_02_20,309.8,,pre1_label2_event_trigger,-1.0,0.0,0.0,2.0,all_raw_vehicle_dynamic_onset_non_steering,all_raw_detected_vehicle_instability_onset_predict_future_steering_response,instability_ay_roll,medium_active,straight,0,-0.0,52.27,82.35,needs_human_review,hybrid_accept_high,原始车辆数据/rjy/Entity_Recording_2025_09_28_20_02_20_vehicle.csv,F:\data_set_process\data_process\01_datasets\数据预处理\原始车辆数据\rjy\Entity_Recording_2025_09_28_20_02_20_vehicle.csv,33ef0d599b2ccd1b84d498caffb5fff7666013196faaaa8a9934cfdc57e22346,61960,309.8,317.905,8.105,train,train,train,train,441,原始车辆数据/rjy/Entity_Recording_2025_09_28_20_02_20_vehicle.csv,33ef0d599b2ccd1b84d498caffb5fff7666013196faaaa8a9934cfdc57e22346,1.0,1.0,-0.4202750027179718
vehicle_instability_allraw__rjy__2025_09_28_20_02_20__000338510__pre1_label2_event_trigger,vehicle_instability_allraw__rjy__2025_09_28_20_02_20__000338510,rjy,2025_09_28_20_02_20,338.51,,pre1_label2_event_trigger,-1.0,0.0,0.0,2.0,all_raw_vehicle_dynamic_onset_non_steering,all_raw_detected_vehicle_instability_onset_predict_future_steering_response,instability_ay_roll,extreme_active,straight,0,0.0,85.66,100.0,auto_accept_instability_high,hybrid_accept_high,原始车辆数据/rjy/Entity_Recording_2025_09_28_20_02_20_vehicle.csv,F:\data_set_process\data_process\01_datasets\数据预处理\原始车辆数据\rjy\Entity_Recording_2025_09_28_20_02_20_vehicle.csv,33ef0d599b2ccd1b84d498caffb5fff7666013196faaaa8a9934cfdc57e22346,67702,338.51,344.465,5.955,train,test,train,train,442,原始车辆数据/rjy/Entity_Recording_2025_09_28_20_02_20_vehicle.csv,33ef0d599b2ccd1b84d498caffb5fff7666013196faaaa8a9934cfdc57e22346,1.0,1.0,-0.3698349893093109
vehicle_instability_allraw__rjy__2025_09_28_20_02_20__000355835__pre1_label2_event_trigger,vehicle_instability_allraw__rjy__2025_09_28_20_02_20__000355835,rjy,2025_09_28_20_02_20,355.835,,pre1_label2_event_trigger,-1.0,0.0,0.0,2.0,all_raw_vehicle_dynamic_onset_non_steering,all_raw_detected_vehicle_instability_onset_predict_future_steering_response,instability_ay_roll,extreme_active,straight,0,0.0,79.34,100.0,auto_accept_instability_high,hybrid_accept_high,原始车辆数据/rjy/Entity_Recording_2025_09_28_20_02_20_vehicle.csv,F:\data_set_process\data_process\01_datasets\数据预处理\原始车辆数据\rjy\Entity_Recording_2025_09_28_20_02_20_vehicle.csv,33ef0d599b2ccd1b84d498caffb5fff7666013196faaaa8a9934cfdc57e22346,71167,355.835,374.51,18.675,train,train,train,train,443,原始车辆数据/rjy/Entity_Recording_2025_09_28_20_02_20_vehicle.csv,33ef0d599b2ccd1b84d498caffb5fff7666013196faaaa8a9934cfdc57e22346,1.0,1.0,0.0008730075205676258
vehicle_instability_allraw__rjy__2025_09_28_20_02_20__000409690__pre1_label2_event_trigger,vehicle_instability_allraw__rjy__2025_09_28_20_02_20__000409690,rjy,2025_09_28_20_02_20,409.69,,pre1_label2_event_trigger,-1.0,0.0,0.0,2.0,all_raw_vehicle_dynamic_onset_non_steering,all_raw_detected_vehicle_instability_onset_predict_future_steering_response,instability_ay_roll,medium_active,straight,0,0.0,75.51,100.0,auto_accept_instability_high,hybrid_accept_high,原始车辆数据/rjy/Entity_Recording_2025_09_28_20_02_20_vehicle.csv,F:\data_set_process\data_process\01_datasets\数据预处理\原始车辆数据\rjy\Entity_Recording_2025_09_28_20_02_20_vehicle.csv,33ef0d599b2ccd1b84d498caffb5fff7666013196faaaa8a9934cfdc57e22346,81938,409.69,433.255,23.565,train,train,train,train,444,原始车辆数据/rjy/Entity_Recording_2025_09_28_20_02_20_vehicle.csv,33ef0d599b2ccd1b84d498caffb5fff7666013196faaaa8a9934cfdc57e22346,1.0,1.0,-0.11187572777271271
vehicle_instability_allraw__rjy__2025_09_28_20_02_20__000470495__pre1_label2_event_trigger,vehicle_instability_allraw__rjy__2025_09_28_20_02_20__000470495,rjy,2025_09_28_20_02_20,470.495,,pre1_label2_event_trigger,-1.0,0.0,0.0,2.0,all_raw_vehicle_dynamic_onset_non_steering,all_raw_detected_vehicle_instability_onset_predict_future_steering_response,instability_ay_roll,extreme_active,straight,0,-0.0,94.9,100.0,auto_accept_instability_high,hybrid_accept_high,原始车辆数据/rjy/Entity_Recording_2025_09_28_20_02_20_vehicle.csv,F:\data_set_process\data_process\01_datasets\数据预处理\原始车辆数据\rjy\Entity_Recording_2025_09_28_20_02_20_vehicle.csv,33ef0d599b2ccd1b84d498caffb5fff7666013196faaaa8a9934cfdc57e22346,94099,470.495,479.125,8.63,train,train,train,train,445,原始车辆数据/rjy/Entity_Recording_2025_09_28_20_02_20_vehicle.csv,33ef0d599b2ccd1b84d498caffb5fff7666013196faaaa8a9934cfdc57e22346,1.0,1.0,-0.42236873507499695
vehicle_instability_allraw__rjy__2025_09_28_20_02_20__000500840__pre1_label2_event_trigger,vehicle_instability_allraw__rjy__2025_09_28_20_02_20__000500840,rjy,2025_09_28_20_02_20,500.84,,pre1_label2_event_trigger,-1.0,0.0,0.0,2.0,all_raw_vehicle_dynamic_onset_non_steering,all_raw_detected_vehicle_instability_onset_predict_future_steering_response,instability_ay_roll,medium_active,straight,0,0.0,58.23,82.15,auto_accept_instability_medium,hybrid_accept_high,原始车辆数据/rjy/Entity_Recording_2025_09_28_20_02_20_vehicle.csv,F:\data_set_process\data_process\01_datasets\数据预处理\原始车辆数据\rjy\Entity_Recording_2025_09_28_20_02_20_vehicle.csv,33ef0d599b2ccd1b84d498caffb5fff7666013196faaaa8a9934cfdc57e22346,100168,500.84,515.73,14.89,train,val,train,train,446,原始车辆数据/rjy/Entity_Recording_2025_09_28_20_02_20_vehicle.csv,33ef0d599b2ccd1b84d498caffb5fff7666013196faaaa8a9934cfdc57e22346,1.0,1.0,-0.09128069877624512
vehicle_instability_allraw__rjy__2025_09_28_20_02_20__000544520__pre1_label2_event_trigger,vehicle_instability_allraw__rjy__2025_09_28_20_02_20__000544520,rjy,2025_09_28_20_02_20,544.52,,pre1_label2_event_trigger,-1.0,0.0,0.0,2.0,all_raw_vehicle_dynamic_onset_non_steering,all_raw_detected_vehicle_instability_onset_predict_future_steering_response,instability_ay_roll,extreme_active,straight,1,0.0,87.5,100.0,auto_accept_instability_high,hybrid_accept_high,原始车辆数据/rjy/Entity_Recording_2025_09_28_20_02_20_vehicle.csv,F:\data_set_process\data_process\01_datasets\数据预处理\原始车辆数据\rjy\Entity_Recording_2025_09_28_20_02_20_vehicle.csv,33ef0d599b2ccd1b84d498caffb5fff7666013196faaaa8a9934cfdc57e22346,108904,544.52,555.725,11.205,train,train,train,train,447,原始车辆数据/rjy/Entity_Recording_2025_09_28_20_02_20_vehicle.csv,33ef0d599b2ccd1b84d498caffb5fff7666013196faaaa8a9934cfdc57e22346,1.0,1.0,-0.47926706075668335
vehicle_instability_allraw__rjy__2025_09_28_20_02_20__000565245__pre1_label2_event_trigger,vehicle_instability_allraw__rjy__2025_09_28_20_02_20__000565245,rjy,2025_09_28_20_02_20,565.245,,pre1_label2_event_trigger,-1.0,0.0,0.0,2.0,all_raw_vehicle_dynamic_onset_non_steering,all_raw_detected_vehicle_instability_onset_predict_future_steering_response,instability_ay_roll,extreme_active,curve,1,-0.0,77.85,100.0,auto_accept_instability_high,hybrid_accept_high,原始车辆数据/rjy/Entity_Recording_2025_09_28_20_02_20_vehicle.csv,F:\data_set_process\data_process\01_datasets\数据预处理\原始车辆数据\rjy\Entity_Recording_2025_09_28_20_02_20_vehicle.csv,33ef0d599b2ccd1b84d498caffb5fff7666013196faaaa8a9934cfdc57e22346,113049,565.245,583.215,17.97,train,train,train,train,448,原始车辆数据/rjy/Entity_Recording_2025_09_28_20_02_20_vehicle.csv,33ef0d599b2ccd1b84d498caffb5fff7666013196faaaa8a9934cfdc57e22346,1.0,1.0,0.21589699387550354
vehicle_instability_allraw__rjy__2025_09_28_20_02_20__000601915__pre1_label2_event_trigger,vehicle_instability_allraw__rjy__2025_09_28_20_02_20__000601915,rjy,2025_09_28_20_02_20,601.915,,pre1_label2_event_trigger,-1.0,0.0,0.0,2.0,all_raw_vehicle_dynamic_onset_non_steering,all_raw_detected_vehicle_instability_onset_predict_future_steering_response,instability_ay_roll,strong_active,straight,0,0.0,90.25,100.0,auto_accept_instability_high,hybrid_accept_high,原始车辆数据/rjy/Entity_Recording_2025_09_28_20_02_20_vehicle.csv,F:\data_set_process\data_process\01_datasets\数据预处理\原始车辆数据\rjy\Entity_Recording_2025_09_28_20_02_20_vehicle.csv,33ef0d599b2ccd1b84d498caffb5fff7666013196faaaa8a9934cfdc57e22346,120383,601.915,631.7,29.785,train,train,train,train,449,原始车辆数据/rjy/Entity_Recording_2025_09_28_20_02_20_vehicle.csv,33ef0d599b2ccd1b84d498caffb5fff7666013196faaaa8a9934cfdc57e22346,1.0,1.0,-0.441567987203598
vehicle_instability_allraw__rjy__2025_09_28_20_02_20__000703720__pre1_label2_event_trigger,vehicle_instability_allraw__rjy__2025_09_28_20_02_20__000703720,rjy,2025_09_28_20_02_20,703.72,,pre1_label2_event_trigger,-1.0,0.0,0.0,2.0,all_raw_vehicle_dynamic_onset_non_steering,all_raw_detected_vehicle_instability_onset_predict_future_steering_response,instability_ay_roll,extreme_active,straight,0,-0.0,88.02,100.0,auto_accept_instability_high,hybrid_accept_high,原始车辆数据/rjy/Entity_Recording_2025_09_28_20_02_20_vehicle.csv,F:\data_set_process\data_process\01_datasets\数据预处理\原始车辆数据\rjy\Entity_Recording_2025_09_28_20_02_20_vehicle.csv,33ef0d599b2ccd1b84d498caffb5fff7666013196faaaa8a9934cfdc57e22346,140744,703.72,715.955,12.235,train,test,train,train,450,原始车辆数据/rjy/Entity_Recording_2025_09_28_20_02_20_vehicle.csv,33ef0d599b2ccd1b84d498caffb5fff7666013196faaaa8a9934cfdc57e22346,1.0,1.0,0.18064190447330475
vehicle_instability_allraw__rjy__2025_09_28_20_15_42__000053260__pre1_label2_event_trigger,vehicle_instability_allraw__rjy__2025_09_28_20_15_42__000053260,rjy,2025_09_28_20_15_42,53.26,,pre1_label2_event_trigger,-1.0,0.0,0.0,2.0,all_raw_vehicle_dynamic_onset_non_steering,all_raw_detected_vehicle_instability_onset_predict_future_steering_response,instability_ay_roll,extreme_active,straight,0,0.0,88.82,100.0,auto_accept_instability_high,hybrid_accept_high,原始车辆数据/rjy/Entity_Recording_2025_09_28_20_15_42_vehicle.csv,F:\data_set_process\data_process\01_datasets\数据预处理\原始车辆数据\rjy\Entity_Recording_2025_09_28_20_15_42_vehicle.csv,ec20c18f4693dd1c278921d576601c0c8d734912a407db081977d5da990e7817,10652,53.26,60.965,7.705,val,train,val,train,451,原始车辆数据/rjy/Entity_Recording_2025_09_28_20_15_42_vehicle.csv,ec20c18f4693dd1c278921d576601c0c8d734912a407db081977d5da990e7817,1.0,1.0,0.028274299576878548
vehicle_instability_allraw__rjy__2025_09_28_20_15_42__000083920__pre1_label2_event_trigger,vehicle_instability_allraw__rjy__2025_09_28_20_15_42__000083920,rjy,2025_09_28_20_15_42,83.92,,pre1_label2_event_trigger,-1.0,0.0,0.0,2.0,all_raw_vehicle_dynamic_onset_non_steering,all_raw_detected_vehicle_instability_onset_predict_future_steering_response,instability_ay_roll,extreme_active,straight,0,0.0,94.07,100.0,auto_accept_instability_high,hybrid_accept_high,原始车辆数据/rjy/Entity_Recording_2025_09_28_20_15_42_vehicle.csv,F:\data_set_process\data_process\01_datasets\数据预处理\原始车辆数据\rjy\Entity_Recording_2025_09_28_20_15_42_vehicle.csv,ec20c18f4693dd1c278921d576601c0c8d734912a407db081977d5da990e7817,16784,83.92,94.965,11.045,val,test,val,train,452,原始车辆数据/rjy/Entity_Recording_2025_09_28_20_15_42_vehicle.csv,ec20c18f4693dd1c278921d576601c0c8d734912a407db081977d5da990e7817,1.0,1.0,-0.4195770025253296
vehicle_instability_allraw__rjy__2025_09_28_20_15_42__000141460__pre1_label2_event_trigger,vehicle_instability_allraw__rjy__2025_09_28_20_15_42__000141460,rjy,2025_09_28_20_15_42,141.46,,pre1_label2_event_trigger,-1.0,0.0,0.0,2.0,all_raw_vehicle_dynamic_onset_non_steering,all_raw_detected_vehicle_instability_onset_predict_future_steering_response,instability_ay_roll,extreme_active,straight,1,-0.00729802,84.25,100.0,auto_accept_instability_high,hybrid_accept_high,原始车辆数据/rjy/Entity_Recording_2025_09_28_20_15_42_vehicle.csv,F:\data_set_process\data_process\01_datasets\数据预处理\原始车辆数据\rjy\Entity_Recording_2025_09_28_20_15_42_vehicle.csv,ec20c18f4693dd1c278921d576601c0c8d734912a407db081977d5da990e7817,28292,141.46,167.615,26.155,val,train,val,train,453,原始车辆数据/rjy/Entity_Recording_2025_09_28_20_15_42_vehicle.csv,ec20c18f4693dd1c278921d576601c0c8d734912a407db081977d5da990e7817,1.0,1.0,-0.015184399671852589
vehicle_instability_allraw__rjy__2025_09_28_20_15_42__000176595__pre1_label2_event_trigger,vehicle_instability_allraw__rjy__2025_09_28_20_15_42__000176595,rjy,2025_09_28_20_15_42,176.595,,pre1_label2_event_trigger,-1.0,0.0,0.0,2.0,all_raw_vehicle_dynamic_onset_non_steering,all_raw_detected_vehicle_instability_onset_predict_future_steering_response,instability_ay_roll,extreme_active,straight,0,0.0,58.28,83.58,auto_accept_instability_medium,hybrid_accept_high,原始车辆数据/rjy/Entity_Recording_2025_09_28_20_15_42_vehicle.csv,F:\data_set_process\data_process\01_datasets\数据预处理\原始车辆数据\rjy\Entity_Recording_2025_09_28_20_15_42_vehicle.csv,ec20c18f4693dd1c278921d576601c0c8d734912a407db081977d5da990e7817,35319,176.595,177.41,0.815,val,train,val,train,454,原始车辆数据/rjy/Entity_Recording_2025_09_28_20_15_42_vehicle.csv,ec20c18f4693dd1c278921d576601c0c8d734912a407db081977d5da990e7817,1.0,1.0,-0.47455498576164246
vehicle_instability_allraw__rjy__2025_09_28_20_15_42__000180710__pre1_label2_event_trigger,vehicle_instability_allraw__rjy__2025_09_28_20_15_42__000180710,rjy,2025_09_28_20_15_42,180.71,,pre1_label2_event_trigger,-1.0,0.0,0.0,2.0,all_raw_vehicle_dynamic_onset_non_steering,all_raw_detected_vehicle_instability_onset_predict_future_steering_response,instability_ay_roll,extreme_active,straight,0,0.0,63.72,100.0,auto_accept_instability_medium,hybrid_accept_high,原始车辆数据/rjy/Entity_Recording_2025_09_28_20_15_42_vehicle.csv,F:\data_set_process\data_process\01_datasets\数据预处理\原始车辆数据\rjy\Entity_Recording_2025_09_28_20_15_42_vehicle.csv,ec20c18f4693dd1c278921d576601c0c8d734912a407db081977d5da990e7817,36142,180.71,189.155,8.445,val,train,val,train,455,原始车辆数据/rjy/Entity_Recording_2025_09_28_20_15_42_vehicle.csv,ec20c18f4693dd1c278921d576601c0c8d734912a407db081977d5da990e7817,1.0,1.0,-0.47996601462364197
vehicle_instability_allraw__rjy__2025_09_28_20_15_42__000207755__pre1_label2_event_trigger,vehicle_instability_allraw__rjy__2025_09_28_20_15_42__000207755,rjy,2025_09_28_20_15_42,207.755,,pre1_label2_event_trigger,-1.0,0.0,0.0,2.0,all_raw_vehicle_dynamic_onset_non_steering,all_raw_detected_vehicle_instability_onset_predict_future_steering_response,instability_ay_roll,strong_active,straight,0,-0.0,79.79,100.0,auto_accept_instability_high,hybrid_accept_high,原始车辆数据/rjy/Entity_Recording_2025_09_28_20_15_42_vehicle.csv,F:\data_set_process\data_process\01_datasets\数据预处理\原始车辆数据\rjy\Entity_Recording_2025_09_28_20_15_42_vehicle.csv,ec20c18f4693dd1c278921d576601c0c8d734912a407db081977d5da990e7817,41551,207.755,215.72,7.965,val,test,val,train,456,原始车辆数据/rjy/Entity_Recording_2025_09_28_20_15_42_vehicle.csv,ec20c18f4693dd1c278921d576601c0c8d734912a407db081977d5da990e7817,1.0,1.0,-0.40544000267982483
vehicle_instability_allraw__rjy__2025_09_28_20_15_42__000221270__pre1_label2_event_trigger,vehicle_instability_allraw__rjy__2025_09_28_20_15_42__000221270,rjy,2025_09_28_20_15_42,221.27,,pre1_label2_event_trigger,-1.0,0.0,0.0,2.0,all_raw_vehicle_dynamic_onset_non_steering,all_raw_detected_vehicle_instability_onset_predict_future_steering_response,instability_ay_roll,strong_active,straight,0,-0.0,93.6,100.0,auto_accept_instability_high,hybrid_accept_high,原始车辆数据/rjy/Entity_Recording_2025_09_28_20_15_42_vehicle.csv,F:\data_set_process\data_process\01_datasets\数据预处理\原始车辆数据\rjy\Entity_Recording_2025_09_28_20_15_42_vehicle.csv,ec20c18f4693dd1c278921d576601c0c8d734912a407db081977d5da990e7817,44254,221.27,232.235,10.965,val,train,val,train,457,原始车辆数据/rjy/Entity_Recording_2025_09_28_20_15_42_vehicle.csv,ec20c18f4693dd1c278921d576601c0c8d734912a407db081977d5da990e7817,1.0,1.0,0.13055099546909332
vehicle_instability_allraw__rjy__2025_09_28_20_15_42__000243190__pre1_label2_event_trigger,vehicle_instability_allraw__rjy__2025_09_28_20_15_42__000243190,rjy,2025_09_28_20_15_42,243.19,,pre1_label2_event_trigger,-1.0,0.0,0.0,2.0,all_raw_vehicle_dynamic_onset_non_steering,all_raw_detected_vehicle_instability_onset_predict_future_steering_response,instability_ay_roll,weak,straight,0,0.0,59.86,86.59,auto_accept_instability_medium,hybrid_accept_high,原始车辆数据/rjy/Entity_Recording_2025_09_28_20_15_42_vehicle.csv,F:\data_set_process\data_process\01_datasets\数据预处理\原始车辆数据\rjy\Entity_Recording_2025_09_28_20_15_42_vehicle.csv,ec20c18f4693dd1c278921d576601c0c8d734912a407db081977d5da990e7817,48638,243.19,245.42,2.23,val,train,val,train,458,原始车辆数据/rjy/Entity_Recording_2025_09_28_20_15_42_vehicle.csv,ec20c18f4693dd1c278921d576601c0c8d734912a407db081977d5da990e7817,1.0,1.0,1.9748400449752808
vehicle_instability_allraw__rjy__2025_09_28_20_15_42__000263080__pre1_label2_event_trigger,vehicle_instability_allraw__rjy__2025_09_28_20_15_42__000263080,rjy,2025_09_28_20_15_42,263.08,,pre1_label2_event_trigger,-1.0,0.0,0.0,2.0,all_raw_vehicle_dynamic_onset_non_steering,all_raw_detected_vehicle_instability_onset_predict_future_steering_response,instability_roll_only,strong_active,straight,0,0.0,54.83,100.0,needs_human_review,hybrid_accept_high,原始车辆数据/rjy/Entity_Recording_2025_09_28_20_15_42_vehicle.csv,F:\data_set_process\data_process\01_datasets\数据预处理\原始车辆数据\rjy\Entity_Recording_2025_09_28_20_15_42_vehicle.csv,ec20c18f4693dd1c278921d576601c0c8d734912a407db081977d5da990e7817,52616,263.08,267.29,4.21,val,val,val,train,459,原始车辆数据/rjy/Entity_Recording_2025_09_28_20_15_42_vehicle.csv,ec20c18f4693dd1c278921d576601c0c8d734912a407db081977d5da990e7817,1.0,1.0,1.2260899543762207
vehicle_instability_allraw__rjy__2025_09_28_20_15_42__000329805__pre1_label2_event_trigger,vehicle_instability_allraw__rjy__2025_09_28_20_15_42__000329805,rjy,2025_09_28_20_15_42,329.805,,pre1_label2_event_trigger,-1.0,0.0,0.0,2.0,all_raw_vehicle_dynamic_onset_non_steering,all_raw_detected_vehicle_instability_onset_predict_future_steering_response,instability_ay_roll,extreme_active,curve,0,-0.0,80.22,100.0,auto_accept_instability_high,hybrid_accept_high,原始车辆数据/rjy/Entity_Recording_2025_09_28_20_15_42_vehicle.csv,F:\data_set_process\data_process\01_datasets\数据预处理\原始车辆数据\rjy\Entity_Recording_2025_09_28_20_15_42_vehicle.csv,ec20c18f4693dd1c278921d576601c0c8d734912a407db081977d5da990e7817,65961,329.805,343.39,13.585,val,val,val,train,460,原始车辆数据/rjy/Entity_Recording_2025_09_28_20_15_42_vehicle.csv,ec20c18f4693dd1c278921d576601c0c8d734912a407db081977d5da990e7817,1.0,1.0,0.11222469061613083
vehicle_instability_allraw__rjy__2025_09_28_20_15_42__000378840__pre1_label2_event_trigger,vehicle_instability_allraw__rjy__2025_09_28_20_15_42__000378840,rjy,2025_09_28_20_15_42,378.84,,pre1_label2_event_trigger,-1.0,0.0,0.0,2.0,all_raw_vehicle_dynamic_onset_non_steering,all_raw_detected_vehicle_instability_onset_predict_future_steering_response,instability_ay_only,extreme_active,straight,1,-5.872e-05,70.53,100.0,auto_accept_instability_medium,hybrid_accept_high,原始车辆数据/rjy/Entity_Recording_2025_09_28_20_15_42_vehicle.csv,F:\data_set_process\data_process\01_datasets\数据预处理\原始车辆数据\rjy\Entity_Recording_2025_09_28_20_15_42_vehicle.csv,ec20c18f4693dd1c278921d576601c0c8d734912a407db081977d5da990e7817,75768,378.84,379.13,0.29,val,val,val,train,461,原始车辆数据/rjy/Entity_Recording_2025_09_28_20_15_42_vehicle.csv,ec20c18f4693dd1c278921d576601c0c8d734912a407db081977d5da990e7817,1.0,1.0,-0.3951430022716522
vehicle_instability_allraw__rjy__2025_09_28_20_15_42__000382075__pre1_label2_event_trigger,vehicle_instability_allraw__rjy__2025_09_28_20_15_42__000382075,rjy,2025_09_28_20_15_42,382.075,,pre1_label2_event_trigger,-1.0,0.0,0.0,2.0,all_raw_vehicle_dynamic_onset_non_steering,all_raw_detected_vehicle_instability_onset_predict_future_steering_response,instability_ay_roll,extreme_active,straight,0,0.0,88.79,100.0,auto_accept_instability_high,hybrid_accept_high,原始车辆数据/rjy/Entity_Recording_2025_09_28_20_15_42_vehicle.csv,F:\data_set_process\data_process\01_datasets\数据预处理\原始车辆数据\rjy\Entity_Recording_2025_09_28_20_15_42_vehicle.csv,ec20c18f4693dd1c278921d576601c0c8d734912a407db081977d5da990e7817,76415,382.075,386.62,4.545,val,val,val,train,462,原始车辆数据/rjy/Entity_Recording_2025_09_28_20_15_42_vehicle.csv,ec20c18f4693dd1c278921d576601c0c8d734912a407db081977d5da990e7817,1.0,1.0,-0.04677502438426018
vehicle_instability_allraw__rjy__2025_09_28_20_15_42__000404975__pre1_label2_event_trigger,vehicle_instability_allraw__rjy__2025_09_28_20_15_42__000404975,rjy,2025_09_28_20_15_42,404.975,,pre1_label2_event_trigger,-1.0,0.0,0.0,2.0,all_raw_vehicle_dynamic_onset_non_steering,all_raw_detected_vehicle_instability_onset_predict_future_steering_response,instability_ay_roll,strong_active,straight,0,-0.0,75.69,100.0,auto_accept_instability_high,hybrid_accept_high,原始车辆数据/rjy/Entity_Recording_2025_09_28_20_15_42_vehicle.csv,F:\data_set_process\data_process\01_datasets\数据预处理\原始车辆数据\rjy\Entity_Recording_2025_09_28_20_15_42_vehicle.csv,ec20c18f4693dd1c278921d576601c0c8d734912a407db081977d5da990e7817,80995,404.975,412.405,7.43,val,test,val,train,463,原始车辆数据/rjy/Entity_Recording_2025_09_28_20_15_42_vehicle.csv,ec20c18f4693dd1c278921d576601c0c8d734912a407db081977d5da990e7817,1.0,1.0,0.1342153549194336
vehicle_instability_allraw__rjy__2025_09_28_20_15_42__000465625__pre1_label2_event_trigger,vehicle_instability_allraw__rjy__2025_09_28_20_15_42__000465625,rjy,2025_09_28_20_15_42,465.625,,pre1_label2_event_trigger,-1.0,0.0,0.0,2.0,all_raw_vehicle_dynamic_onset_non_steering,all_raw_detected_vehicle_instability_onset_predict_future_steering_response,instability_ay_roll,strong_active,straight,0,0.0,70.91,100.0,auto_accept_instability_medium,hybrid_accept_high,原始车辆数据/rjy/Entity_Recording_2025_09_28_20_15_42_vehicle.csv,F:\data_set_process\data_process\01_datasets\数据预处理\原始车辆数据\rjy\Entity_Recording_2025_09_28_20_15_42_vehicle.csv,ec20c18f4693dd1c278921d576601c0c8d734912a407db081977d5da990e7817,93125,465.625,480.76,15.135,val,val,val,train,464,原始车辆数据/rjy/Entity_Recording_2025_09_28_20_15_42_vehicle.csv,ec20c18f4693dd1c278921d576601c0c8d734912a407db081977d5da990e7817,1.0,1.0,-1.3667700290679932
vehicle_instability_allraw__rjy__2025_09_28_20_15_42__000547420__pre1_label2_event_trigger,vehicle_instability_allraw__rjy__2025_09_28_20_15_42__000547420,rjy,2025_09_28_20_15_42,547.42,,pre1_label2_event_trigger,-1.0,0.0,0.0,2.0,all_raw_vehicle_dynamic_onset_non_steering,all_raw_detected_vehicle_instability_onset_predict_future_steering_response,instability_ay_roll,medium_active,straight,0,0.0,58.29,90.64,auto_accept_instability_medium,hybrid_accept_high,原始车辆数据/rjy/Entity_Recording_2025_09_28_20_15_42_vehicle.csv,F:\data_set_process\data_process\01_datasets\数据预处理\原始车辆数据\rjy\Entity_Recording_2025_09_28_20_15_42_vehicle.csv,ec20c18f4693dd1c278921d576601c0c8d734912a407db081977d5da990e7817,109484,547.42,556.58,9.16,val,train,val,train,465,原始车辆数据/rjy/Entity_Recording_2025_09_28_20_15_42_vehicle.csv,ec20c18f4693dd1c278921d576601c0c8d734912a407db081977d5da990e7817,1.0,1.0,-0.006633110344409943
vehicle_instability_allraw__rjy__2025_09_28_20_15_42__000560065__pre1_label2_event_trigger,vehicle_instability_allraw__rjy__2025_09_28_20_15_42__000560065,rjy,2025_09_28_20_15_42,560.065,,pre1_label2_event_trigger,-1.0,0.0,0.0,2.0,all_raw_vehicle_dynamic_onset_non_steering,all_raw_detected_vehicle_instability_onset_predict_future_steering_response,instability_ay_roll,strong_active,straight,0,-0.0,65.75,93.89,auto_accept_instability_medium,hybrid_accept_high,原始车辆数据/rjy/Entity_Recording_2025_09_28_20_15_42_vehicle.csv,F:\data_set_process\data_process\01_datasets\数据预处理\原始车辆数据\rjy\Entity_Recording_2025_09_28_20_15_42_vehicle.csv,ec20c18f4693dd1c278921d576601c0c8d734912a407db081977d5da990e7817,112013,560.065,568.67,8.605,val,test,val,train,466,原始车辆数据/rjy/Entity_Recording_2025_09_28_20_15_42_vehicle.csv,ec20c18f4693dd1c278921d576601c0c8d734912a407db081977d5da990e7817,1.0,1.0,-0.07627090066671371
vehicle_instability_allraw__rjy__2025_09_28_20_15_42__000576845__pre1_label2_event_trigger,vehicle_instability_allraw__rjy__2025_09_28_20_15_42__000576845,rjy,2025_09_28_20_15_42,576.845,,pre1_label2_event_trigger,-1.0,0.0,0.0,2.0,all_raw_vehicle_dynamic_onset_non_steering,all_raw_detected_vehicle_instability_onset_predict_future_steering_response,instability_ay_roll,strong_active,curve,0,0.0,63.57,92.12,auto_accept_instability_medium,hybrid_accept_high,原始车辆数据/rjy/Entity_Recording_2025_09_28_20_15_42_vehicle.csv,F:\data_set_process\data_process\01_datasets\数据预处理\原始车辆数据\rjy\Entity_Recording_2025_09_28_20_15_42_vehicle.csv,ec20c18f4693dd1c278921d576601c0c8d734912a407db081977d5da990e7817,115369,576.845,595.245,18.4,val,train,val,train,467,原始车辆数据/rjy/Entity_Recording_2025_09_28_20_15_42_vehicle.csv,ec20c18f4693dd1c278921d576601c0c8d734912a407db081977d5da990e7817,1.0,1.0,0.07382740080356598
vehicle_instability_allraw__txj__2025_09_27_08_40_46__000101490__pre1_label2_event_trigger,vehicle_instability_allraw__txj__2025_09_27_08_40_46__000101490,txj,2025_09_27_08_40_46,101.49,,pre1_label2_event_trigger,-1.0,0.0,0.0,2.0,all_raw_vehicle_dynamic_onset_non_steering,all_raw_detected_vehicle_instability_onset_predict_future_steering_response,instability_ay_roll,extreme_active,straight,0,-0.0,51.8,84.17,needs_human_review,hybrid_accept_high,原始车辆数据/txj/Entity_Recording_2025_09_27_08_40_46_vehicle.csv,F:\data_set_process\data_process\01_datasets\数据预处理\原始车辆数据\txj\Entity_Recording_2025_09_27_08_40_46_vehicle.csv,038a1a948db349e9c2765b83e4de7766c763c2bf68c487b92fc9fb83e56d8f83,20298,101.49,105.365,3.875,val,train,val,train,468,原始车辆数据/txj/Entity_Recording_2025_09_27_08_40_46_vehicle.csv,038a1a948db349e9c2765b83e4de7766c763c2bf68c487b92fc9fb83e56d8f83,1.0,1.0,0.2778559923171997
vehicle_instability_allraw__txj__2025_09_27_08_40_46__000127395__pre1_label2_event_trigger,vehicle_instability_allraw__txj__2025_09_27_08_40_46__000127395,txj,2025_09_27_08_40_46,127.395,,pre1_label2_event_trigger,-1.0,0.0,0.0,2.0,all_raw_vehicle_dynamic_onset_non_steering,all_raw_detected_vehicle_instability_onset_predict_future_steering_response,instability_ay_roll,extreme_active,straight,0,-0.0,96.34,100.0,auto_accept_instability_high,hybrid_accept_high,原始车辆数据/txj/Entity_Recording_2025_09_27_08_40_46_vehicle.csv,F:\data_set_process\data_process\01_datasets\数据预处理\原始车辆数据\txj\Entity_Recording_2025_09_27_08_40_46_vehicle.csv,038a1a948db349e9c2765b83e4de7766c763c2bf68c487b92fc9fb83e56d8f83,25479,127.395,134.665,7.27,val,test,val,train,469,原始车辆数据/txj/Entity_Recording_2025_09_27_08_40_46_vehicle.csv,038a1a948db349e9c2765b83e4de7766c763c2bf68c487b92fc9fb83e56d8f83,1.0,1.0,-0.5633921027183533
vehicle_instability_allraw__txj__2025_09_27_08_40_46__000139565__pre1_label2_event_trigger,vehicle_instability_allraw__txj__2025_09_27_08_40_46__000139565,txj,2025_09_27_08_40_46,139.565,,pre1_label2_event_trigger,-1.0,0.0,0.0,2.0,all_raw_vehicle_dynamic_onset_non_steering,all_raw_detected_vehicle_instability_onset_predict_future_steering_response,instability_ay_roll,extreme_active,straight,1,0.0,88.18,100.0,auto_accept_instability_high,hybrid_accept_high,原始车辆数据/txj/Entity_Recording_2025_09_27_08_40_46_vehicle.csv,F:\data_set_process\data_process\01_datasets\数据预处理\原始车辆数据\txj\Entity_Recording_2025_09_27_08_40_46_vehicle.csv,038a1a948db349e9c2765b83e4de7766c763c2bf68c487b92fc9fb83e56d8f83,27913,139.565,144.125,4.56,val,test,val,train,470,原始车辆数据/txj/Entity_Recording_2025_09_27_08_40_46_vehicle.csv,038a1a948db349e9c2765b83e4de7766c763c2bf68c487b92fc9fb83e56d8f83,1.0,1.0,4.955689907073975
vehicle_instability_allraw__txj__2025_09_27_08_40_46__000148560__pre1_label2_event_trigger,vehicle_instability_allraw__txj__2025_09_27_08_40_46__000148560,txj,2025_09_27_08_40_46,148.56,,pre1_label2_event_trigger,-1.0,0.0,0.0,2.0,all_raw_vehicle_dynamic_onset_non_steering,all_raw_detected_vehicle_instability_onset_predict_future_steering_response,instability_ay_roll,extreme_active,straight,1,0.0,99.09,100.0,auto_accept_instability_high,hybrid_accept_high,原始车辆数据/txj/Entity_Recording_2025_09_27_08_40_46_vehicle.csv,F:\data_set_process\data_process\01_datasets\数据预处理\原始车辆数据\txj\Entity_Recording_2025_09_27_08_40_46_vehicle.csv,038a1a948db349e9c2765b83e4de7766c763c2bf68c487b92fc9fb83e56d8f83,29712,148.56,151.325,2.765,val,train,val,train,471,原始车辆数据/txj/Entity_Recording_2025_09_27_08_40_46_vehicle.csv,038a1a948db349e9c2765b83e4de7766c763c2bf68c487b92fc9fb83e56d8f83,1.0,1.0,-5.929580211639404
vehicle_instability_allraw__txj__2025_09_27_08_40_46__000197190__pre1_label2_event_trigger,vehicle_instability_allraw__txj__2025_09_27_08_40_46__000197190,txj,2025_09_27_08_40_46,197.19,,pre1_label2_event_trigger,-1.0,0.0,0.0,2.0,all_raw_vehicle_dynamic_onset_non_steering,all_raw_detected_vehicle_instability_onset_predict_future_steering_response,instability_ay_roll,strong_active,straight,1,-0.00729802,70.89,100.0,auto_accept_instability_medium,hybrid_accept_high,原始车辆数据/txj/Entity_Recording_2025_09_27_08_40_46_vehicle.csv,F:\data_set_process\data_process\01_datasets\数据预处理\原始车辆数据\txj\Entity_Recording_2025_09_27_08_40_46_vehicle.csv,038a1a948db349e9c2765b83e4de7766c763c2bf68c487b92fc9fb83e56d8f83,39438,197.19,216.13,18.94,val,val,val,train,472,原始车辆数据/txj/Entity_Recording_2025_09_27_08_40_46_vehicle.csv,038a1a948db349e9c2765b83e4de7766c763c2bf68c487b92fc9fb83e56d8f83,1.0,1.0,-0.4743798077106476
vehicle_instability_allraw__txj__2025_09_27_08_40_46__000234385__pre1_label2_event_trigger,vehicle_instability_allraw__txj__2025_09_27_08_40_46__000234385,txj,2025_09_27_08_40_46,234.385,,pre1_label2_event_trigger,-1.0,0.0,0.0,2.0,all_raw_vehicle_dynamic_onset_non_steering,all_raw_detected_vehicle_instability_onset_predict_future_steering_response,instability_ay_roll,strong_active,straight,0,0.0,67.53,98.31,auto_accept_instability_medium,hybrid_accept_high,原始车辆数据/txj/Entity_Recording_2025_09_27_08_40_46_vehicle.csv,F:\data_set_process\data_process\01_datasets\数据预处理\原始车辆数据\txj\Entity_Recording_2025_09_27_08_40_46_vehicle.csv,038a1a948db349e9c2765b83e4de7766c763c2bf68c487b92fc9fb83e56d8f83,46877,234.385,270.83,36.445,val,train,val,train,473,原始车辆数据/txj/Entity_Recording_2025_09_27_08_40_46_vehicle.csv,038a1a948db349e9c2765b83e4de7766c763c2bf68c487b92fc9fb83e56d8f83,1.0,1.0,0.32044199109077454
vehicle_instability_allraw__txj__2025_09_27_08_40_46__000275545__pre1_label2_event_trigger,vehicle_instability_allraw__txj__2025_09_27_08_40_46__000275545,txj,2025_09_27_08_40_46,275.545,,pre1_label2_event_trigger,-1.0,0.0,0.0,2.0,all_raw_vehicle_dynamic_onset_non_steering,all_raw_detected_vehicle_instability_onset_predict_future_steering_response,instability_ay_roll,extreme_active,straight,0,-0.0,72.43,100.0,auto_accept_instability_medium,hybrid_accept_high,原始车辆数据/txj/Entity_Recording_2025_09_27_08_40_46_vehicle.csv,F:\data_set_process\data_process\01_datasets\数据预处理\原始车辆数据\txj\Entity_Recording_2025_09_27_08_40_46_vehicle.csv,038a1a948db349e9c2765b83e4de7766c763c2bf68c487b92fc9fb83e56d8f83,55109,275.545,283.65,8.105,val,test,val,train,474,原始车辆数据/txj/Entity_Recording_2025_09_27_08_40_46_vehicle.csv,038a1a948db349e9c2765b83e4de7766c763c2bf68c487b92fc9fb83e56d8f83,1.0,1.0,4.6118597984313965
vehicle_instability_allraw__txj__2025_09_27_08_40_46__000301130__pre1_label2_event_trigger,vehicle_instability_allraw__txj__2025_09_27_08_40_46__000301130,txj,2025_09_27_08_40_46,301.13,,pre1_label2_event_trigger,-1.0,0.0,0.0,2.0,all_raw_vehicle_dynamic_onset_non_steering,all_raw_detected_vehicle_instability_onset_predict_future_steering_response,instability_ay_roll,strong_active,straight,0,-0.0,73.22,100.0,auto_accept_instability_medium,hybrid_accept_high,原始车辆数据/txj/Entity_Recording_2025_09_27_08_40_46_vehicle.csv,F:\data_set_process\data_process\01_datasets\数据预处理\原始车辆数据\txj\Entity_Recording_2025_09_27_08_40_46_vehicle.csv,038a1a948db349e9c2765b83e4de7766c763c2bf68c487b92fc9fb83e56d8f83,60226,301.13,322.72,21.59,val,train,val,train,475,原始车辆数据/txj/Entity_Recording_2025_09_27_08_40_46_vehicle.csv,038a1a948db349e9c2765b83e4de7766c763c2bf68c487b92fc9fb83e56d8f83,1.0,1.0,0.10995599627494812
vehicle_instability_allraw__txj__2025_09_27_08_40_46__000349320__pre1_label2_event_trigger,vehicle_instability_allraw__txj__2025_09_27_08_40_46__000349320,txj,2025_09_27_08_40_46,349.32,,pre1_label2_event_trigger,-1.0,0.0,0.0,2.0,all_raw_vehicle_dynamic_onset_non_steering,all_raw_detected_vehicle_instability_onset_predict_future_steering_response,instability_ay_roll,extreme_active,curve,0,-0.0,93.79,100.0,auto_accept_instability_high,hybrid_accept_high,原始车辆数据/txj/Entity_Recording_2025_09_27_08_40_46_vehicle.csv,F:\data_set_process\data_process\01_datasets\数据预处理\原始车辆数据\txj\Entity_Recording_2025_09_27_08_40_46_vehicle.csv,038a1a948db349e9c2765b83e4de7766c763c2bf68c487b92fc9fb83e56d8f83,69864,349.32,374.175,24.855,val,val,val,train,476,原始车辆数据/txj/Entity_Recording_2025_09_27_08_40_46_vehicle.csv,038a1a948db349e9c2765b83e4de7766c763c2bf68c487b92fc9fb83e56d8f83,1.0,1.0,0.10629100352525711
vehicle_instability_allraw__txj__2025_09_27_08_40_46__000380365__pre1_label2_event_trigger,vehicle_instability_allraw__txj__2025_09_27_08_40_46__000380365,txj,2025_09_27_08_40_46,380.365,,pre1_label2_event_trigger,-1.0,0.0,0.0,2.0,all_raw_vehicle_dynamic_onset_non_steering,all_raw_detected_vehicle_instability_onset_predict_future_steering_response,instability_ay_roll,extreme_active,straight,1,0.0,94.45,100.0,auto_accept_instability_high,hybrid_accept_high,原始车辆数据/txj/Entity_Recording_2025_09_27_08_40_46_vehicle.csv,F:\data_set_process\data_process\01_datasets\数据预处理\原始车辆数据\txj\Entity_Recording_2025_09_27_08_40_46_vehicle.csv,038a1a948db349e9c2765b83e4de7766c763c2bf68c487b92fc9fb83e56d8f83,76073,380.365,402.485,22.12,val,train,val,train,477,原始车辆数据/txj/Entity_Recording_2025_09_27_08_40_46_vehicle.csv,038a1a948db349e9c2765b83e4de7766c763c2bf68c487b92fc9fb83e56d8f83,1.0,1.0,-0.5235990285873413
vehicle_instability_allraw__txj__2025_09_27_08_40_46__000429020__pre1_label2_event_trigger,vehicle_instability_allraw__txj__2025_09_27_08_40_46__000429020,txj,2025_09_27_08_40_46,429.02,,pre1_label2_event_trigger,-1.0,0.0,0.0,2.0,all_raw_vehicle_dynamic_onset_non_steering,all_raw_detected_vehicle_instability_onset_predict_future_steering_response,instability_ay_roll,extreme_active,straight,0,0.0,96.51,100.0,auto_accept_instability_high,hybrid_accept_high,原始车辆数据/txj/Entity_Recording_2025_09_27_08_40_46_vehicle.csv,F:\data_set_process\data_process\01_datasets\数据预处理\原始车辆数据\txj\Entity_Recording_2025_09_27_08_40_46_vehicle.csv,038a1a948db349e9c2765b83e4de7766c763c2bf68c487b92fc9fb83e56d8f83,85804,429.02,437.305,8.285,val,train,val,train,478,原始车辆数据/txj/Entity_Recording_2025_09_27_08_40_46_vehicle.csv,038a1a948db349e9c2765b83e4de7766c763c2bf68c487b92fc9fb83e56d8f83,1.0,1.0,-0.48572543263435364
vehicle_instability_allraw__txj__2025_09_27_08_40_46__000441855__pre1_label2_event_trigger,vehicle_instability_allraw__txj__2025_09_27_08_40_46__000441855,txj,2025_09_27_08_40_46,441.855,,pre1_label2_event_trigger,-1.0,0.0,0.0,2.0,all_raw_vehicle_dynamic_onset_non_steering,all_raw_detected_vehicle_instability_onset_predict_future_steering_response,instability_ay_roll,strong_active,straight,0,-0.0,70.07,100.0,auto_accept_instability_medium,hybrid_accept_high,原始车辆数据/txj/Entity_Recording_2025_09_27_08_40_46_vehicle.csv,F:\data_set_process\data_process\01_datasets\数据预处理\原始车辆数据\txj\Entity_Recording_2025_09_27_08_40_46_vehicle.csv,038a1a948db349e9c2765b83e4de7766c763c2bf68c487b92fc9fb83e56d8f83,88371,441.855,447.985,6.13,val,train,val,train,479,原始车辆数据/txj/Entity_Recording_2025_09_27_08_40_46_vehicle.csv,038a1a948db349e9c2765b83e4de7766c763c2bf68c487b92fc9fb83e56d8f83,1.0,1.0,3.2950100898742676
vehicle_instability_allraw__txj__2025_09_27_08_40_46__000456700__pre1_label2_event_trigger,vehicle_instability_allraw__txj__2025_09_27_08_40_46__000456700,txj,2025_09_27_08_40_46,456.7,,pre1_label2_event_trigger,-1.0,0.0,0.0,2.0,all_raw_vehicle_dynamic_onset_non_steering,all_raw_detected_vehicle_instability_onset_predict_future_steering_response,instability_ay_roll,weak,straight,0,-0.0,68.18,97.59,auto_accept_instability_medium,hybrid_accept_high,原始车辆数据/txj/Entity_Recording_2025_09_27_08_40_46_vehicle.csv,F:\data_set_process\data_process\01_datasets\数据预处理\原始车辆数据\txj\Entity_Recording_2025_09_27_08_40_46_vehicle.csv,038a1a948db349e9c2765b83e4de7766c763c2bf68c487b92fc9fb83e56d8f83,91340,456.7,459.325,2.625,val,val,val,train,480,原始车辆数据/txj/Entity_Recording_2025_09_27_08_40_46_vehicle.csv,038a1a948db349e9c2765b83e4de7766c763c2bf68c487b92fc9fb83e56d8f83,1.0,1.0,-0.27000200748443604
vehicle_instability_allraw__txj__2025_09_27_08_40_46__000481115__pre1_label2_event_trigger,vehicle_instability_allraw__txj__2025_09_27_08_40_46__000481115,txj,2025_09_27_08_40_46,481.115,,pre1_label2_event_trigger,-1.0,0.0,0.0,2.0,all_raw_vehicle_dynamic_onset_non_steering,all_raw_detected_vehicle_instability_onset_predict_future_steering_response,instability_ay_roll,extreme_active,straight,0,-0.0,95.48,100.0,auto_accept_instability_high,hybrid_accept_high,原始车辆数据/txj/Entity_Recording_2025_09_27_08_40_46_vehicle.csv,F:\data_set_process\data_process\01_datasets\数据预处理\原始车辆数据\txj\Entity_Recording_2025_09_27_08_40_46_vehicle.csv,038a1a948db349e9c2765b83e4de7766c763c2bf68c487b92fc9fb83e56d8f83,96223,481.115,492.395,11.28,val,test,val,train,481,原始车辆数据/txj/Entity_Recording_2025_09_27_08_40_46_vehicle.csv,038a1a948db349e9c2765b83e4de7766c763c2bf68c487b92fc9fb83e56d8f83,1.0,1.0,-0.4417428970336914
vehicle_instability_allraw__txj__2025_09_27_08_40_46__000496300__pre1_label2_event_trigger,vehicle_instability_allraw__txj__2025_09_27_08_40_46__000496300,txj,2025_09_27_08_40_46,496.3,,pre1_label2_event_trigger,-1.0,0.0,0.0,2.0,all_raw_vehicle_dynamic_onset_non_steering,all_raw_detected_vehicle_instability_onset_predict_future_steering_response,instability_ay_roll,extreme_active,straight,0,-0.0,93.12,100.0,auto_accept_instability_high,hybrid_accept_high,原始车辆数据/txj/Entity_Recording_2025_09_27_08_40_46_vehicle.csv,F:\data_set_process\data_process\01_datasets\数据预处理\原始车辆数据\txj\Entity_Recording_2025_09_27_08_40_46_vehicle.csv,038a1a948db349e9c2765b83e4de7766c763c2bf68c487b92fc9fb83e56d8f83,99260,496.3,502.095,5.795,val,train,val,train,482,原始车辆数据/txj/Entity_Recording_2025_09_27_08_40_46_vehicle.csv,038a1a948db349e9c2765b83e4de7766c763c2bf68c487b92fc9fb83e56d8f83,1.0,1.0,3.8772499561309814
vehicle_instability_allraw__txj__2025_09_27_08_40_46__000505285__pre1_label2_event_trigger,vehicle_instability_allraw__txj__2025_09_27_08_40_46__000505285,txj,2025_09_27_08_40_46,505.285,,pre1_label2_event_trigger,-1.0,0.0,0.0,2.0,all_raw_vehicle_dynamic_onset_non_steering,all_raw_detected_vehicle_instability_onset_predict_future_steering_response,instability_ay_roll,extreme_active,straight,0,0.0,95.68,100.0,auto_accept_instability_high,hybrid_accept_high,原始车辆数据/txj/Entity_Recording_2025_09_27_08_40_46_vehicle.csv,F:\data_set_process\data_process\01_datasets\数据预处理\原始车辆数据\txj\Entity_Recording_2025_09_27_08_40_46_vehicle.csv,038a1a948db349e9c2765b83e4de7766c763c2bf68c487b92fc9fb83e56d8f83,101057,505.285,509.41,4.125,val,train,val,train,483,原始车辆数据/txj/Entity_Recording_2025_09_27_08_40_46_vehicle.csv,038a1a948db349e9c2765b83e4de7766c763c2bf68c487b92fc9fb83e56d8f83,1.0,1.0,-1.1471999883651733
vehicle_instability_allraw__txj__2025_09_27_08_40_46__000566095__pre1_label2_event_trigger,vehicle_instability_allraw__txj__2025_09_27_08_40_46__000566095,txj,2025_09_27_08_40_46,566.095,,pre1_label2_event_trigger,-1.0,0.0,0.0,2.0,all_raw_vehicle_dynamic_onset_non_steering,all_raw_detected_vehicle_instability_onset_predict_future_steering_response,instability_ay_roll,extreme_active,straight,0,-0.0,94.38,100.0,auto_accept_instability_high,hybrid_accept_high,原始车辆数据/txj/Entity_Recording_2025_09_27_08_40_46_vehicle.csv,F:\data_set_process\data_process\01_datasets\数据预处理\原始车辆数据\txj\Entity_Recording_2025_09_27_08_40_46_vehicle.csv,038a1a948db349e9c2765b83e4de7766c763c2bf68c487b92fc9fb83e56d8f83,113219,566.095,578.585,12.49,val,train,val,train,484,原始车辆数据/txj/Entity_Recording_2025_09_27_08_40_46_vehicle.csv,038a1a948db349e9c2765b83e4de7766c763c2bf68c487b92fc9fb83e56d8f83,1.0,1.0,-1.7783198356628418
vehicle_instability_allraw__txj__2025_09_27_08_40_46__000582870__pre1_label2_event_trigger,vehicle_instability_allraw__txj__2025_09_27_08_40_46__000582870,txj,2025_09_27_08_40_46,582.87,,pre1_label2_event_trigger,-1.0,0.0,0.0,2.0,all_raw_vehicle_dynamic_onset_non_steering,all_raw_detected_vehicle_instability_onset_predict_future_steering_response,instability_ay_roll,extreme_active,straight,0,0.0,94.04,100.0,auto_accept_instability_high,hybrid_accept_high,原始车辆数据/txj/Entity_Recording_2025_09_27_08_40_46_vehicle.csv,F:\data_set_process\data_process\01_datasets\数据预处理\原始车辆数据\txj\Entity_Recording_2025_09_27_08_40_46_vehicle.csv,038a1a948db349e9c2765b83e4de7766c763c2bf68c487b92fc9fb83e56d8f83,116574,582.87,593.175,10.305,val,train,val,train,485,原始车辆数据/txj/Entity_Recording_2025_09_27_08_40_46_vehicle.csv,038a1a948db349e9c2765b83e4de7766c763c2bf68c487b92fc9fb83e56d8f83,1.0,1.0,-4.764400005340576
vehicle_instability_allraw__txj__2025_09_27_08_40_46__000633830__pre1_label2_event_trigger,vehicle_instability_allraw__txj__2025_09_27_08_40_46__000633830,txj,2025_09_27_08_40_46,633.83,,pre1_label2_event_trigger,-1.0,0.0,0.0,2.0,all_raw_vehicle_dynamic_onset_non_steering,all_raw_detected_vehicle_instability_onset_predict_future_steering_response,instability_ay_roll,extreme_active,curve,0,0.0,82.27,100.0,auto_accept_instability_high,hybrid_accept_high,原始车辆数据/txj/Entity_Recording_2025_09_27_08_40_46_vehicle.csv,F:\data_set_process\data_process\01_datasets\数据预处理\原始车辆数据\txj\Entity_Recording_2025_09_27_08_40_46_vehicle.csv,038a1a948db349e9c2765b83e4de7766c763c2bf68c487b92fc9fb83e56d8f83,126766,633.83,657.475,23.645,val,train,val,train,486,原始车辆数据/txj/Entity_Recording_2025_09_27_08_40_46_vehicle.csv,038a1a948db349e9c2765b83e4de7766c763c2bf68c487b92fc9fb83e56d8f83,1.0,1.0,0.1965239942073822
vehicle_instability_allraw__txj__2025_09_27_08_40_46__000660595__pre1_label2_event_trigger,vehicle_instability_allraw__txj__2025_09_27_08_40_46__000660595,txj,2025_09_27_08_40_46,660.595,,pre1_label2_event_trigger,-1.0,0.0,0.0,2.0,all_raw_vehicle_dynamic_onset_non_steering,all_raw_detected_vehicle_instability_onset_predict_future_steering_response,instability_ay_roll,extreme_active,straight,0,0.0,84.49,100.0,auto_accept_instability_high,hybrid_accept_high,原始车辆数据/txj/Entity_Recording_2025_09_27_08_40_46_vehicle.csv,F:\data_set_process\data_process\01_datasets\数据预处理\原始车辆数据\txj\Entity_Recording_2025_09_27_08_40_46_vehicle.csv,038a1a948db349e9c2765b83e4de7766c763c2bf68c487b92fc9fb83e56d8f83,132119,660.595,680.49,19.895,val,test,val,train,487,原始车辆数据/txj/Entity_Recording_2025_09_27_08_40_46_vehicle.csv,038a1a948db349e9c2765b83e4de7766c763c2bf68c487b92fc9fb83e56d8f83,1.0,1.0,-0.7967429757118225
vehicle_instability_allraw__txj__2025_09_27_08_40_46__000687315__pre1_label2_event_trigger,vehicle_instability_allraw__txj__2025_09_27_08_40_46__000687315,txj,2025_09_27_08_40_46,687.315,,pre1_label2_event_trigger,-1.0,0.0,0.0,2.0,all_raw_vehicle_dynamic_onset_non_steering,all_raw_detected_vehicle_instability_onset_predict_future_steering_response,instability_ay_roll,medium_active,straight,0,-0.0,58.11,85.79,auto_accept_instability_medium,hybrid_accept_high,原始车辆数据/txj/Entity_Recording_2025_09_27_08_40_46_vehicle.csv,F:\data_set_process\data_process\01_datasets\数据预处理\原始车辆数据\txj\Entity_Recording_2025_09_27_08_40_46_vehicle.csv,038a1a948db349e9c2765b83e4de7766c763c2bf68c487b92fc9fb83e56d8f83,137463,687.315,693.135,5.82,val,train,val,train,488,原始车辆数据/txj/Entity_Recording_2025_09_27_08_40_46_vehicle.csv,038a1a948db349e9c2765b83e4de7766c763c2bf68c487b92fc9fb83e56d8f83,1.0,1.0,-0.43266698718070984
vehicle_instability_allraw__txj__2025_09_27_08_40_46__000701725__pre1_label2_event_trigger,vehicle_instability_allraw__txj__2025_09_27_08_40_46__000701725,txj,2025_09_27_08_40_46,701.725,,pre1_label2_event_trigger,-1.0,0.0,0.0,2.0,all_raw_vehicle_dynamic_onset_non_steering,all_raw_detected_vehicle_instability_onset_predict_future_steering_response,instability_ay_roll,strong_active,straight,0,-0.0,68.09,100.0,auto_accept_instability_medium,hybrid_accept_high,原始车辆数据/txj/Entity_Recording_2025_09_27_08_40_46_vehicle.csv,F:\data_set_process\data_process\01_datasets\数据预处理\原始车辆数据\txj\Entity_Recording_2025_09_27_08_40_46_vehicle.csv,038a1a948db349e9c2765b83e4de7766c763c2bf68c487b92fc9fb83e56d8f83,140345,701.725,719.6,17.875,val,train,val,train,489,原始车辆数据/txj/Entity_Recording_2025_09_27_08_40_46_vehicle.csv,038a1a948db349e9c2765b83e4de7766c763c2bf68c487b92fc9fb83e56d8f83,1.0,1.0,-0.13788099586963654
vehicle_instability_allraw__txj__2025_09_27_08_53_44__000066375__pre1_label2_event_trigger,vehicle_instability_allraw__txj__2025_09_27_08_53_44__000066375,txj,2025_09_27_08_53_44,66.375,,pre1_label2_event_trigger,-1.0,0.0,0.0,2.0,all_raw_vehicle_dynamic_onset_non_steering,all_raw_detected_vehicle_instability_onset_predict_future_steering_response,instability_ay_roll,strong_active,straight,0,0.0,67.73,100.0,auto_accept_instability_medium,hybrid_accept_high,原始车辆数据/txj/Entity_Recording_2025_09_27_08_53_44_vehicle.csv,F:\data_set_process\data_process\01_datasets\数据预处理\原始车辆数据\txj\Entity_Recording_2025_09_27_08_53_44_vehicle.csv,45dd2a65495e9fa1bc4319913c4d3559c3fa9fccb8be5b136ce4ceb8ce397910,13275,66.375,71.35,4.975,val,train,val,train,490,原始车辆数据/txj/Entity_Recording_2025_09_27_08_53_44_vehicle.csv,45dd2a65495e9fa1bc4319913c4d3559c3fa9fccb8be5b136ce4ceb8ce397910,1.0,1.0,-0.02635449916124344
vehicle_instability_allraw__txj__2025_09_27_08_53_44__000131105__pre1_label2_event_trigger,vehicle_instability_allraw__txj__2025_09_27_08_53_44__000131105,txj,2025_09_27_08_53_44,131.105,,pre1_label2_event_trigger,-1.0,0.0,0.0,2.0,all_raw_vehicle_dynamic_onset_non_steering,all_raw_detected_vehicle_instability_onset_predict_future_steering_response,instability_ay_roll,medium_active,straight,1,0.0,61.39,87.84,auto_accept_instability_medium,hybrid_accept_high,原始车辆数据/txj/Entity_Recording_2025_09_27_08_53_44_vehicle.csv,F:\data_set_process\data_process\01_datasets\数据预处理\原始车辆数据\txj\Entity_Recording_2025_09_27_08_53_44_vehicle.csv,45dd2a65495e9fa1bc4319913c4d3559c3fa9fccb8be5b136ce4ceb8ce397910,26221,131.105,135.145,4.04,val,train,val,train,491,原始车辆数据/txj/Entity_Recording_2025_09_27_08_53_44_vehicle.csv,45dd2a65495e9fa1bc4319913c4d3559c3fa9fccb8be5b136ce4ceb8ce397910,1.0,1.0,0.22147957980632782
vehicle_instability_allraw__txj__2025_09_27_08_53_44__000149055__pre1_label2_event_trigger,vehicle_instability_allraw__txj__2025_09_27_08_53_44__000149055,txj,2025_09_27_08_53_44,149.055,,pre1_label2_event_trigger,-1.0,0.0,0.0,2.0,all_raw_vehicle_dynamic_onset_non_steering,all_raw_detected_vehicle_instability_onset_predict_future_steering_response,instability_ay_roll,extreme_active,straight,1,-0.00729802,72.89,100.0,auto_accept_instability_medium,hybrid_accept_high,原始车辆数据/txj/Entity_Recording_2025_09_27_08_53_44_vehicle.csv,F:\data_set_process\data_process\01_datasets\数据预处理\原始车辆数据\txj\Entity_Recording_2025_09_27_08_53_44_vehicle.csv,45dd2a65495e9fa1bc4319913c4d3559c3fa9fccb8be5b136ce4ceb8ce397910,29811,149.055,170.595,21.54,val,train,val,train,492,原始车辆数据/txj/Entity_Recording_2025_09_27_08_53_44_vehicle.csv,45dd2a65495e9fa1bc4319913c4d3559c3fa9fccb8be5b136ce4ceb8ce397910,1.0,1.0,-0.3595379889011383
vehicle_instability_allraw__txj__2025_09_27_08_53_44__000179280__pre1_label2_event_trigger,vehicle_instability_allraw__txj__2025_09_27_08_53_44__000179280,txj,2025_09_27_08_53_44,179.28,,pre1_label2_event_trigger,-1.0,0.0,0.0,2.0,all_raw_vehicle_dynamic_onset_non_steering,all_raw_detected_vehicle_instability_onset_predict_future_steering_response,instability_ay_roll,extreme_active,straight,0,0.0,96.09,100.0,auto_accept_instability_high,hybrid_accept_high,原始车辆数据/txj/Entity_Recording_2025_09_27_08_53_44_vehicle.csv,F:\data_set_process\data_process\01_datasets\数据预处理\原始车辆数据\txj\Entity_Recording_2025_09_27_08_53_44_vehicle.csv,45dd2a65495e9fa1bc4319913c4d3559c3fa9fccb8be5b136ce4ceb8ce397910,35856,179.28,209.92,30.64,val,train,val,train,493,原始车辆数据/txj/Entity_Recording_2025_09_27_08_53_44_vehicle.csv,45dd2a65495e9fa1bc4319913c4d3559c3fa9fccb8be5b136ce4ceb8ce397910,1.0,1.0,0.4790932536125183
vehicle_instability_allraw__txj__2025_09_27_08_53_44__000236250__pre1_label2_event_trigger,vehicle_instability_allraw__txj__2025_09_27_08_53_44__000236250,txj,2025_09_27_08_53_44,236.25,,pre1_label2_event_trigger,-1.0,0.0,0.0,2.0,all_raw_vehicle_dynamic_onset_non_steering,all_raw_detected_vehicle_instability_onset_predict_future_steering_response,instability_ay_roll,extreme_active,straight,0,0.0,79.14,100.0,auto_accept_instability_high,hybrid_accept_high,原始车辆数据/txj/Entity_Recording_2025_09_27_08_53_44_vehicle.csv,F:\data_set_process\data_process\01_datasets\数据预处理\原始车辆数据\txj\Entity_Recording_2025_09_27_08_53_44_vehicle.csv,45dd2a65495e9fa1bc4319913c4d3559c3fa9fccb8be5b136ce4ceb8ce397910,47250,236.25,238.43,2.18,val,train,val,train,494,原始车辆数据/txj/Entity_Recording_2025_09_27_08_53_44_vehicle.csv,45dd2a65495e9fa1bc4319913c4d3559c3fa9fccb8be5b136ce4ceb8ce397910,1.0,1.0,-5.997650146484375
vehicle_instability_allraw__txj__2025_09_27_08_53_44__000300320__pre1_label2_event_trigger,vehicle_instability_allraw__txj__2025_09_27_08_53_44__000300320,txj,2025_09_27_08_53_44,300.32,,pre1_label2_event_trigger,-1.0,0.0,0.0,2.0,all_raw_vehicle_dynamic_onset_non_steering,all_raw_detected_vehicle_instability_onset_predict_future_steering_response,instability_ay_roll,strong_active,straight,0,0.0,63.41,95.3,auto_accept_instability_medium,hybrid_accept_high,原始车辆数据/txj/Entity_Recording_2025_09_27_08_53_44_vehicle.csv,F:\data_set_process\data_process\01_datasets\数据预处理\原始车辆数据\txj\Entity_Recording_2025_09_27_08_53_44_vehicle.csv,45dd2a65495e9fa1bc4319913c4d3559c3fa9fccb8be5b136ce4ceb8ce397910,60064,300.32,319.21,18.89,val,train,val,train,495,原始车辆数据/txj/Entity_Recording_2025_09_27_08_53_44_vehicle.csv,45dd2a65495e9fa1bc4319913c4d3559c3fa9fccb8be5b136ce4ceb8ce397910,1.0,1.0,-0.10960700362920761
vehicle_instability_allraw__txj__2025_09_27_08_53_44__000326790__pre1_label2_event_trigger,vehicle_instability_allraw__txj__2025_09_27_08_53_44__000326790,txj,2025_09_27_08_53_44,326.79,,pre1_label2_event_trigger,-1.0,0.0,0.0,2.0,all_raw_vehicle_dynamic_onset_non_steering,all_raw_detected_vehicle_instability_onset_predict_future_steering_response,instability_ay_roll,strong_active,straight,0,-0.0,70.83,99.68,auto_accept_instability_medium,hybrid_accept_high,原始车辆数据/txj/Entity_Recording_2025_09_27_08_53_44_vehicle.csv,F:\data_set_process\data_process\01_datasets\数据预处理\原始车辆数据\txj\Entity_Recording_2025_09_27_08_53_44_vehicle.csv,45dd2a65495e9fa1bc4319913c4d3559c3fa9fccb8be5b136ce4ceb8ce397910,65358,326.79,332.285,5.495,val,test,val,train,496,原始车辆数据/txj/Entity_Recording_2025_09_27_08_53_44_vehicle.csv,45dd2a65495e9fa1bc4319913c4d3559c3fa9fccb8be5b136ce4ceb8ce397910,1.0,1.0,0.16371199488639832
vehicle_instability_allraw__txj__2025_09_27_08_53_44__000349545__pre1_label2_event_trigger,vehicle_instability_allraw__txj__2025_09_27_08_53_44__000349545,txj,2025_09_27_08_53_44,349.545,,pre1_label2_event_trigger,-1.0,0.0,0.0,2.0,all_raw_vehicle_dynamic_onset_non_steering,all_raw_detected_vehicle_instability_onset_predict_future_steering_response,instability_ay_roll,extreme_active,curve,0,0.0,93.42,100.0,auto_accept_instability_high,hybrid_accept_high,原始车辆数据/txj/Entity_Recording_2025_09_27_08_53_44_vehicle.csv,F:\data_set_process\data_process\01_datasets\数据预处理\原始车辆数据\txj\Entity_Recording_2025_09_27_08_53_44_vehicle.csv,45dd2a65495e9fa1bc4319913c4d3559c3fa9fccb8be5b136ce4ceb8ce397910,69909,349.545,370.68,21.135,val,train,val,train,497,原始车辆数据/txj/Entity_Recording_2025_09_27_08_53_44_vehicle.csv,45dd2a65495e9fa1bc4319913c4d3559c3fa9fccb8be5b136ce4ceb8ce397910,1.0,1.0,0.10681399703025818
vehicle_instability_allraw__txj__2025_09_27_08_53_44__000386965__pre1_label2_event_trigger,vehicle_instability_allraw__txj__2025_09_27_08_53_44__000386965,txj,2025_09_27_08_53_44,386.965,,pre1_label2_event_trigger,-1.0,0.0,0.0,2.0,all_raw_vehicle_dynamic_onset_non_steering,all_raw_detected_vehicle_instability_onset_predict_future_steering_response,instability_ay_roll,extreme_active,straight,1,0.0,86.21,100.0,auto_accept_instability_high,hybrid_accept_high,原始车辆数据/txj/Entity_Recording_2025_09_27_08_53_44_vehicle.csv,F:\data_set_process\data_process\01_datasets\数据预处理\原始车辆数据\txj\Entity_Recording_2025_09_27_08_53_44_vehicle.csv,45dd2a65495e9fa1bc4319913c4d3559c3fa9fccb8be5b136ce4ceb8ce397910,77393,386.965,402.38,15.415,val,train,val,train,498,原始车辆数据/txj/Entity_Recording_2025_09_27_08_53_44_vehicle.csv,45dd2a65495e9fa1bc4319913c4d3559c3fa9fccb8be5b136ce4ceb8ce397910,1.0,1.0,-0.5311040282249451
vehicle_instability_allraw__txj__2025_09_27_08_53_44__000440380__pre1_label2_event_trigger,vehicle_instability_allraw__txj__2025_09_27_08_53_44__000440380,txj,2025_09_27_08_53_44,440.38,,pre1_label2_event_trigger,-1.0,0.0,0.0,2.0,all_raw_vehicle_dynamic_onset_non_steering,all_raw_detected_vehicle_instability_onset_predict_future_steering_response,instability_ay_roll,extreme_active,straight,0,0.0,95.49,100.0,auto_accept_instability_high,hybrid_accept_high,原始车辆数据/txj/Entity_Recording_2025_09_27_08_53_44_vehicle.csv,F:\data_set_process\data_process\01_datasets\数据预处理\原始车辆数据\txj\Entity_Recording_2025_09_27_08_53_44_vehicle.csv,45dd2a65495e9fa1bc4319913c4d3559c3fa9fccb8be5b136ce4ceb8ce397910,88076,440.38,448.735,8.355,val,test,val,train,499,原始车辆数据/txj/Entity_Recording_2025_09_27_08_53_44_vehicle.csv,45dd2a65495e9fa1bc4319913c4d3559c3fa9fccb8be5b136ce4ceb8ce397910,1.0,1.0,-0.42708200216293335
vehicle_instability_allraw__txj__2025_09_27_08_53_44__000453990__pre1_label2_event_trigger,vehicle_instability_allraw__txj__2025_09_27_08_53_44__000453990,txj,2025_09_27_08_53_44,453.99,,pre1_label2_event_trigger,-1.0,0.0,0.0,2.0,all_raw_vehicle_dynamic_onset_non_steering,all_raw_detected_vehicle_instability_onset_predict_future_steering_response,instability_ay_roll,extreme_active,straight,0,-0.0,94.01,100.0,auto_accept_instability_high,hybrid_accept_high,原始车辆数据/txj/Entity_Recording_2025_09_27_08_53_44_vehicle.csv,F:\data_set_process\data_process\01_datasets\数据预处理\原始车辆数据\txj\Entity_Recording_2025_09_27_08_53_44_vehicle.csv,45dd2a65495e9fa1bc4319913c4d3559c3fa9fccb8be5b136ce4ceb8ce397910,90798,453.99,471.35,17.36,val,test,val,train,500,原始车辆数据/txj/Entity_Recording_2025_09_27_08_53_44_vehicle.csv,45dd2a65495e9fa1bc4319913c4d3559c3fa9fccb8be5b136ce4ceb8ce397910,1.0,1.0,2.8693199157714844
vehicle_instability_allraw__txj__2025_09_27_08_53_44__000529515__pre1_label2_event_trigger,vehicle_instability_allraw__txj__2025_09_27_08_53_44__000529515,txj,2025_09_27_08_53_44,529.515,,pre1_label2_event_trigger,-1.0,0.0,0.0,2.0,all_raw_vehicle_dynamic_onset_non_steering,all_raw_detected_vehicle_instability_onset_predict_future_steering_response,instability_ay_roll,extreme_active,straight,0,0.0,62.24,91.13,auto_accept_instability_medium,hybrid_accept_high,原始车辆数据/txj/Entity_Recording_2025_09_27_08_53_44_vehicle.csv,F:\data_set_process\data_process\01_datasets\数据预处理\原始车辆数据\txj\Entity_Recording_2025_09_27_08_53_44_vehicle.csv,45dd2a65495e9fa1bc4319913c4d3559c3fa9fccb8be5b136ce4ceb8ce397910,105903,529.515,530.605,1.09,val,train,val,train,501,原始车辆数据/txj/Entity_Recording_2025_09_27_08_53_44_vehicle.csv,45dd2a65495e9fa1bc4319913c4d3559c3fa9fccb8be5b136ce4ceb8ce397910,1.0,1.0,0.18482999503612518
vehicle_instability_allraw__txj__2025_09_27_08_53_44__000534585__pre1_label2_event_trigger,vehicle_instability_allraw__txj__2025_09_27_08_53_44__000534585,txj,2025_09_27_08_53_44,534.585,,pre1_label2_event_trigger,-1.0,0.0,0.0,2.0,all_raw_vehicle_dynamic_onset_non_steering,all_raw_detected_vehicle_instability_onset_predict_future_steering_response,instability_ay_roll,extreme_active,straight,0,0.0,73.01,100.0,auto_accept_instability_medium,hybrid_accept_high,原始车辆数据/txj/Entity_Recording_2025_09_27_08_53_44_vehicle.csv,F:\data_set_process\data_process\01_datasets\数据预处理\原始车辆数据\txj\Entity_Recording_2025_09_27_08_53_44_vehicle.csv,45dd2a65495e9fa1bc4319913c4d3559c3fa9fccb8be5b136ce4ceb8ce397910,106917,534.585,558.125,23.54,val,train,val,train,502,原始车辆数据/txj/Entity_Recording_2025_09_27_08_53_44_vehicle.csv,45dd2a65495e9fa1bc4319913c4d3559c3fa9fccb8be5b136ce4ceb8ce397910,1.0,1.0,-1.2351700067520142
vehicle_instability_allraw__txj__2025_09_27_08_53_44__000564000__pre1_label2_event_trigger,vehicle_instability_allraw__txj__2025_09_27_08_53_44__000564000,txj,2025_09_27_08_53_44,564.0,,pre1_label2_event_trigger,-1.0,0.0,0.0,2.0,all_raw_vehicle_dynamic_onset_non_steering,all_raw_detected_vehicle_instability_onset_predict_future_steering_response,instability_ay_roll,strong_active,straight,0,-0.0,59.02,85.54,auto_accept_instability_medium,hybrid_accept_high,原始车辆数据/txj/Entity_Recording_2025_09_27_08_53_44_vehicle.csv,F:\data_set_process\data_process\01_datasets\数据预处理\原始车辆数据\txj\Entity_Recording_2025_09_27_08_53_44_vehicle.csv,45dd2a65495e9fa1bc4319913c4d3559c3fa9fccb8be5b136ce4ceb8ce397910,112800,564.0,623.275,59.275,val,train,val,train,503,原始车辆数据/txj/Entity_Recording_2025_09_27_08_53_44_vehicle.csv,45dd2a65495e9fa1bc4319913c4d3559c3fa9fccb8be5b136ce4ceb8ce397910,1.0,1.0,0.09058260172605515
vehicle_instability_allraw__txj__2025_09_27_09_06_19__000032485__pre1_label2_event_trigger,vehicle_instability_allraw__txj__2025_09_27_09_06_19__000032485,txj,2025_09_27_09_06_19,32.485,,pre1_label2_event_trigger,-1.0,0.0,0.0,2.0,all_raw_vehicle_dynamic_onset_non_steering,all_raw_detected_vehicle_instability_onset_predict_future_steering_response,instability_ay_roll,strong_active,straight,0,-0.0,58.67,88.98,auto_accept_instability_medium,hybrid_accept_high,原始车辆数据/txj/Entity_Recording_2025_09_27_09_06_19_vehicle.csv,F:\data_set_process\data_process\01_datasets\数据预处理\原始车辆数据\txj\Entity_Recording_2025_09_27_09_06_19_vehicle.csv,9dc9b2b49d4887358c963988e6783766b6807729011f0d48f6fe857180b0dd86,6497,32.485,37.925,5.44,train,test,train,train,504,原始车辆数据/txj/Entity_Recording_2025_09_27_09_06_19_vehicle.csv,9dc9b2b49d4887358c963988e6783766b6807729011f0d48f6fe857180b0dd86,1.0,1.0,-0.020594153553247452
vehicle_instability_allraw__txj__2025_09_27_09_06_19__000053330__pre1_label2_event_trigger,vehicle_instability_allraw__txj__2025_09_27_09_06_19__000053330,txj,2025_09_27_09_06_19,53.33,,pre1_label2_event_trigger,-1.0,0.0,0.0,2.0,all_raw_vehicle_dynamic_onset_non_steering,all_raw_detected_vehicle_instability_onset_predict_future_steering_response,instability_ay_only,extreme_active,straight,0,-0.0,73.26,100.0,auto_accept_instability_medium,hybrid_accept_high,原始车辆数据/txj/Entity_Recording_2025_09_27_09_06_19_vehicle.csv,F:\data_set_process\data_process\01_datasets\数据预处理\原始车辆数据\txj\Entity_Recording_2025_09_27_09_06_19_vehicle.csv,9dc9b2b49d4887358c963988e6783766b6807729011f0d48f6fe857180b0dd86,10666,53.33,54.075,0.745,train,train,train,train,505,原始车辆数据/txj/Entity_Recording_2025_09_27_09_06_19_vehicle.csv,9dc9b2b49d4887358c963988e6783766b6807729011f0d48f6fe857180b0dd86,1.0,1.0,-0.34208500385284424
vehicle_instability_allraw__txj__2025_09_27_09_06_19__000056665__pre1_label2_event_trigger,vehicle_instability_allraw__txj__2025_09_27_09_06_19__000056665,txj,2025_09_27_09_06_19,56.665,,pre1_label2_event_trigger,-1.0,0.0,0.0,2.0,all_raw_vehicle_dynamic_onset_non_steering,all_raw_detected_vehicle_instability_onset_predict_future_steering_response,instability_ay_roll,extreme_active,straight,0,-0.0,89.87,100.0,auto_accept_instability_high,hybrid_accept_high,原始车辆数据/txj/Entity_Recording_2025_09_27_09_06_19_vehicle.csv,F:\data_set_process\data_process\01_datasets\数据预处理\原始车辆数据\txj\Entity_Recording_2025_09_27_09_06_19_vehicle.csv,9dc9b2b49d4887358c963988e6783766b6807729011f0d48f6fe857180b0dd86,11333,56.665,67.53,10.865,train,train,train,train,506,原始车辆数据/txj/Entity_Recording_2025_09_27_09_06_19_vehicle.csv,9dc9b2b49d4887358c963988e6783766b6807729011f0d48f6fe857180b0dd86,1.0,1.0,0.08203049749135971
vehicle_instability_allraw__txj__2025_09_27_09_06_19__000084165__pre1_label2_event_trigger,vehicle_instability_allraw__txj__2025_09_27_09_06_19__000084165,txj,2025_09_27_09_06_19,84.165,,pre1_label2_event_trigger,-1.0,0.0,0.0,2.0,all_raw_vehicle_dynamic_onset_non_steering,all_raw_detected_vehicle_instability_onset_predict_future_steering_response,instability_roll_only,strong_active,straight,0,0.0,70.16,98.99,auto_accept_instability_medium,hybrid_accept_high,原始车辆数据/txj/Entity_Recording_2025_09_27_09_06_19_vehicle.csv,F:\data_set_process\data_process\01_datasets\数据预处理\原始车辆数据\txj\Entity_Recording_2025_09_27_09_06_19_vehicle.csv,9dc9b2b49d4887358c963988e6783766b6807729011f0d48f6fe857180b0dd86,16833,84.165,84.32,0.155,train,train,train,train,507,原始车辆数据/txj/Entity_Recording_2025_09_27_09_06_19_vehicle.csv,9dc9b2b49d4887358c963988e6783766b6807729011f0d48f6fe857180b0dd86,1.0,1.0,-0.25883206725120544
vehicle_instability_allraw__txj__2025_09_27_09_06_19__000087745__pre1_label2_event_trigger,vehicle_instability_allraw__txj__2025_09_27_09_06_19__000087745,txj,2025_09_27_09_06_19,87.745,,pre1_label2_event_trigger,-1.0,0.0,0.0,2.0,all_raw_vehicle_dynamic_onset_non_steering,all_raw_detected_vehicle_instability_onset_predict_future_steering_response,instability_ay_roll,extreme_active,straight,0,0.0,94.41,100.0,auto_accept_instability_high,hybrid_accept_high,原始车辆数据/txj/Entity_Recording_2025_09_27_09_06_19_vehicle.csv,F:\data_set_process\data_process\01_datasets\数据预处理\原始车辆数据\txj\Entity_Recording_2025_09_27_09_06_19_vehicle.csv,9dc9b2b49d4887358c963988e6783766b6807729011f0d48f6fe857180b0dd86,17549,87.745,102.18,14.435,train,train,train,train,508,原始车辆数据/txj/Entity_Recording_2025_09_27_09_06_19_vehicle.csv,9dc9b2b49d4887358c963988e6783766b6807729011f0d48f6fe857180b0dd86,1.0,1.0,-0.43266698718070984
vehicle_instability_allraw__txj__2025_09_27_09_06_19__000108815__pre1_label2_event_trigger,vehicle_instability_allraw__txj__2025_09_27_09_06_19__000108815,txj,2025_09_27_09_06_19,108.815,,pre1_label2_event_trigger,-1.0,0.0,0.0,2.0,all_raw_vehicle_dynamic_onset_non_steering,all_raw_detected_vehicle_instability_onset_predict_future_steering_response,instability_ay_roll,extreme_active,straight,1,-0.0,94.11,100.0,auto_accept_instability_high,hybrid_accept_high,原始车辆数据/txj/Entity_Recording_2025_09_27_09_06_19_vehicle.csv,F:\data_set_process\data_process\01_datasets\数据预处理\原始车辆数据\txj\Entity_Recording_2025_09_27_09_06_19_vehicle.csv,9dc9b2b49d4887358c963988e6783766b6807729011f0d48f6fe857180b0dd86,21763,108.815,113.74,4.925,train,test,train,train,509,原始车辆数据/txj/Entity_Recording_2025_09_27_09_06_19_vehicle.csv,9dc9b2b49d4887358c963988e6783766b6807729011f0d48f6fe857180b0dd86,1.0,1.0,0.24015699326992035
vehicle_instability_allraw__txj__2025_09_27_09_06_19__000146040__pre1_label2_event_trigger,vehicle_instability_allraw__txj__2025_09_27_09_06_19__000146040,txj,2025_09_27_09_06_19,146.04,,pre1_label2_event_trigger,-1.0,0.0,0.0,2.0,all_raw_vehicle_dynamic_onset_non_steering,all_raw_detected_vehicle_instability_onset_predict_future_steering_response,instability_ay_roll,extreme_active,straight,1,-0.00729802,94.15,100.0,auto_accept_instability_high,hybrid_accept_high,原始车辆数据/txj/Entity_Recording_2025_09_27_09_06_19_vehicle.csv,F:\data_set_process\data_process\01_datasets\数据预处理\原始车辆数据\txj\Entity_Recording_2025_09_27_09_06_19_vehicle.csv,9dc9b2b49d4887358c963988e6783766b6807729011f0d48f6fe857180b0dd86,29208,146.04,165.78,19.74,train,train,train,train,510,原始车辆数据/txj/Entity_Recording_2025_09_27_09_06_19_vehicle.csv,9dc9b2b49d4887358c963988e6783766b6807729011f0d48f6fe857180b0dd86,1.0,1.0,-0.38222700357437134
vehicle_instability_allraw__txj__2025_09_27_09_06_19__000174935__pre1_label2_event_trigger,vehicle_instability_allraw__txj__2025_09_27_09_06_19__000174935,txj,2025_09_27_09_06_19,174.935,,pre1_label2_event_trigger,-1.0,0.0,0.0,2.0,all_raw_vehicle_dynamic_onset_non_steering,all_raw_detected_vehicle_instability_onset_predict_future_steering_response,instability_ay_roll,extreme_active,straight,0,0.0,94.05,100.0,auto_accept_instability_high,hybrid_accept_high,原始车辆数据/txj/Entity_Recording_2025_09_27_09_06_19_vehicle.csv,F:\data_set_process\data_process\01_datasets\数据预处理\原始车辆数据\txj\Entity_Recording_2025_09_27_09_06_19_vehicle.csv,9dc9b2b49d4887358c963988e6783766b6807729011f0d48f6fe857180b0dd86,34987,174.935,183.875,8.94,train,train,train,train,511,原始车辆数据/txj/Entity_Recording_2025_09_27_09_06_19_vehicle.csv,9dc9b2b49d4887358c963988e6783766b6807729011f0d48f6fe857180b0dd86,1.0,1.0,0.24225200712680817
vehicle_instability_allraw__txj__2025_09_27_09_06_19__000188350__pre1_label2_event_trigger,vehicle_instability_allraw__txj__2025_09_27_09_06_19__000188350,txj,2025_09_27_09_06_19,188.35,,pre1_label2_event_trigger,-1.0,0.0,0.0,2.0,all_raw_vehicle_dynamic_onset_non_steering,all_raw_detected_vehicle_instability_onset_predict_future_steering_response,instability_ay_roll,strong_active,straight,0,0.0,80.16,100.0,auto_accept_instability_high,hybrid_accept_high,原始车辆数据/txj/Entity_Recording_2025_09_27_09_06_19_vehicle.csv,F:\data_set_process\data_process\01_datasets\数据预处理\原始车辆数据\txj\Entity_Recording_2025_09_27_09_06_19_vehicle.csv,9dc9b2b49d4887358c963988e6783766b6807729011f0d48f6fe857180b0dd86,37670,188.35,195.635,7.285,train,val,train,train,512,原始车辆数据/txj/Entity_Recording_2025_09_27_09_06_19_vehicle.csv,9dc9b2b49d4887358c963988e6783766b6807729011f0d48f6fe857180b0dd86,1.0,1.0,-3.4196200370788574
vehicle_instability_allraw__txj__2025_09_27_09_06_19__000242365__pre1_label2_event_trigger,vehicle_instability_allraw__txj__2025_09_27_09_06_19__000242365,txj,2025_09_27_09_06_19,242.365,,pre1_label2_event_trigger,-1.0,0.0,0.0,2.0,all_raw_vehicle_dynamic_onset_non_steering,all_raw_detected_vehicle_instability_onset_predict_future_steering_response,instability_ay_roll,strong_active,straight,0,-0.0,54.13,83.45,needs_human_review,hybrid_accept_high,原始车辆数据/txj/Entity_Recording_2025_09_27_09_06_19_vehicle.csv,F:\data_set_process\data_process\01_datasets\数据预处理\原始车辆数据\txj\Entity_Recording_2025_09_27_09_06_19_vehicle.csv,9dc9b2b49d4887358c963988e6783766b6807729011f0d48f6fe857180b0dd86,48473,242.365,249.965,7.6,train,val,train,train,513,原始车辆数据/txj/Entity_Recording_2025_09_27_09_06_19_vehicle.csv,9dc9b2b49d4887358c963988e6783766b6807729011f0d48f6fe857180b0dd86,1.0,1.0,0.13718299567699432
vehicle_instability_allraw__txj__2025_09_27_09_06_19__000253750__pre1_label2_event_trigger,vehicle_instability_allraw__txj__2025_09_27_09_06_19__000253750,txj,2025_09_27_09_06_19,253.75,,pre1_label2_event_trigger,-1.0,0.0,0.0,2.0,all_raw_vehicle_dynamic_onset_non_steering,all_raw_detected_vehicle_instability_onset_predict_future_steering_response,instability_ay_roll,strong_active,straight,0,0.0,64.11,100.0,auto_accept_instability_medium,hybrid_accept_high,原始车辆数据/txj/Entity_Recording_2025_09_27_09_06_19_vehicle.csv,F:\data_set_process\data_process\01_datasets\数据预处理\原始车辆数据\txj\Entity_Recording_2025_09_27_09_06_19_vehicle.csv,9dc9b2b49d4887358c963988e6783766b6807729011f0d48f6fe857180b0dd86,50750,253.75,268.75,15.0,train,val,train,train,514,原始车辆数据/txj/Entity_Recording_2025_09_27_09_06_19_vehicle.csv,9dc9b2b49d4887358c963988e6783766b6807729011f0d48f6fe857180b0dd86,1.0,1.0,-0.5562360286712646
vehicle_instability_allraw__txj__2025_09_27_09_06_19__000296520__pre1_label2_event_trigger,vehicle_instability_allraw__txj__2025_09_27_09_06_19__000296520,txj,2025_09_27_09_06_19,296.52,,pre1_label2_event_trigger,-1.0,0.0,0.0,2.0,all_raw_vehicle_dynamic_onset_non_steering,all_raw_detected_vehicle_instability_onset_predict_future_steering_response,instability_ay_roll,strong_active,straight,0,-0.0,72.77,100.0,auto_accept_instability_medium,hybrid_accept_high,原始车辆数据/txj/Entity_Recording_2025_09_27_09_06_19_vehicle.csv,F:\data_set_process\data_process\01_datasets\数据预处理\原始车辆数据\txj\Entity_Recording_2025_09_27_09_06_19_vehicle.csv,9dc9b2b49d4887358c963988e6783766b6807729011f0d48f6fe857180b0dd86,59304,296.52,320.06,23.54,train,val,train,train,515,原始车辆数据/txj/Entity_Recording_2025_09_27_09_06_19_vehicle.csv,9dc9b2b49d4887358c963988e6783766b6807729011f0d48f6fe857180b0dd86,1.0,1.0,-0.4434880018234253
vehicle_instability_allraw__txj__2025_09_27_09_06_19__000324715__pre1_label2_event_trigger,vehicle_instability_allraw__txj__2025_09_27_09_06_19__000324715,txj,2025_09_27_09_06_19,324.715,,pre1_label2_event_trigger,-1.0,0.0,0.0,2.0,all_raw_vehicle_dynamic_onset_non_steering,all_raw_detected_vehicle_instability_onset_predict_future_steering_response,instability_ay_roll,extreme_active,straight,1,0.0,84.18,100.0,auto_accept_instability_high,hybrid_accept_high,原始车辆数据/txj/Entity_Recording_2025_09_27_09_06_19_vehicle.csv,F:\data_set_process\data_process\01_datasets\数据预处理\原始车辆数据\txj\Entity_Recording_2025_09_27_09_06_19_vehicle.csv,9dc9b2b49d4887358c963988e6783766b6807729011f0d48f6fe857180b0dd86,64943,324.715,325.56,0.845,train,train,train,train,516,原始车辆数据/txj/Entity_Recording_2025_09_27_09_06_19_vehicle.csv,9dc9b2b49d4887358c963988e6783766b6807729011f0d48f6fe857180b0dd86,1.0,1.0,-0.3808309733867645
vehicle_instability_allraw__txj__2025_09_27_09_06_19__000328240__pre1_label2_event_trigger,vehicle_instability_allraw__txj__2025_09_27_09_06_19__000328240,txj,2025_09_27_09_06_19,328.24,,pre1_label2_event_trigger,-1.0,0.0,0.0,2.0,all_raw_vehicle_dynamic_onset_non_steering,all_raw_detected_vehicle_instability_onset_predict_future_steering_response,instability_ay_roll,extreme_active,straight,1,-0.0,95.77,100.0,auto_accept_instability_high,hybrid_accept_high,原始车辆数据/txj/Entity_Recording_2025_09_27_09_06_19_vehicle.csv,F:\data_set_process\data_process\01_datasets\数据预处理\原始车辆数据\txj\Entity_Recording_2025_09_27_09_06_19_vehicle.csv,9dc9b2b49d4887358c963988e6783766b6807729011f0d48f6fe857180b0dd86,65648,328.24,337.565,9.325,train,train,train,train,517,原始车辆数据/txj/Entity_Recording_2025_09_27_09_06_19_vehicle.csv,9dc9b2b49d4887358c963988e6783766b6807729011f0d48f6fe857180b0dd86,1.0,1.0,-0.40142595767974854
vehicle_instability_allraw__txj__2025_09_27_09_06_19__000340350__pre1_label2_event_trigger,vehicle_instability_allraw__txj__2025_09_27_09_06_19__000340350,txj,2025_09_27_09_06_19,340.35,,pre1_label2_event_trigger,-1.0,0.0,0.0,2.0,all_raw_vehicle_dynamic_onset_non_steering,all_raw_detected_vehicle_instability_onset_predict_future_steering_response,instability_ay_roll,weak,straight,1,0.0,93.51,100.0,auto_accept_instability_high,hybrid_accept_high,原始车辆数据/txj/Entity_Recording_2025_09_27_09_06_19_vehicle.csv,F:\data_set_process\data_process\01_datasets\数据预处理\原始车辆数据\txj\Entity_Recording_2025_09_27_09_06_19_vehicle.csv,9dc9b2b49d4887358c963988e6783766b6807729011f0d48f6fe857180b0dd86,68070,340.35,348.215,7.865,train,train,train,train,518,原始车辆数据/txj/Entity_Recording_2025_09_27_09_06_19_vehicle.csv,9dc9b2b49d4887358c963988e6783766b6807729011f0d48f6fe857180b0dd86,1.0,1.0,0.35377800464630127
vehicle_instability_allraw__txj__2025_09_27_09_06_19__000386605__pre1_label2_event_trigger,vehicle_instability_allraw__txj__2025_09_27_09_06_19__000386605,txj,2025_09_27_09_06_19,386.605,,pre1_label2_event_trigger,-1.0,0.0,0.0,2.0,all_raw_vehicle_dynamic_onset_non_steering,all_raw_detected_vehicle_instability_onset_predict_future_steering_response,instability_ay_roll,weak,straight,0,-0.0,71.37,90.13,auto_accept_instability_medium,hybrid_accept_high,原始车辆数据/txj/Entity_Recording_2025_09_27_09_06_19_vehicle.csv,F:\data_set_process\data_process\01_datasets\数据预处理\原始车辆数据\txj\Entity_Recording_2025_09_27_09_06_19_vehicle.csv,9dc9b2b49d4887358c963988e6783766b6807729011f0d48f6fe857180b0dd86,77321,386.605,410.98,24.375,train,test,train,train,519,原始车辆数据/txj/Entity_Recording_2025_09_27_09_06_19_vehicle.csv,9dc9b2b49d4887358c963988e6783766b6807729011f0d48f6fe857180b0dd86,1.0,1.0,-0.41835498809814453
vehicle_instability_allraw__txj__2025_09_27_09_06_19__000456500__pre1_label2_event_trigger,vehicle_instability_allraw__txj__2025_09_27_09_06_19__000456500,txj,2025_09_27_09_06_19,456.5,,pre1_label2_event_trigger,-1.0,0.0,0.0,2.0,all_raw_vehicle_dynamic_onset_non_steering,all_raw_detected_vehicle_instability_onset_predict_future_steering_response,instability_ay_roll,extreme_active,straight,0,-0.0,95.95,100.0,auto_accept_instability_high,hybrid_accept_high,原始车辆数据/txj/Entity_Recording_2025_09_27_09_06_19_vehicle.csv,F:\data_set_process\data_process\01_datasets\数据预处理\原始车辆数据\txj\Entity_Recording_2025_09_27_09_06_19_vehicle.csv,9dc9b2b49d4887358c963988e6783766b6807729011f0d48f6fe857180b0dd86,91300,456.5,485.965,29.465,train,train,train,train,520,原始车辆数据/txj/Entity_Recording_2025_09_27_09_06_19_vehicle.csv,9dc9b2b49d4887358c963988e6783766b6807729011f0d48f6fe857180b0dd86,1.0,1.0,1.717229962348938
vehicle_instability_allraw__txj__2025_09_27_09_06_19__000553500__pre1_label2_event_trigger,vehicle_instability_allraw__txj__2025_09_27_09_06_19__000553500,txj,2025_09_27_09_06_19,553.5,,pre1_label2_event_trigger,-1.0,0.0,0.0,2.0,all_raw_vehicle_dynamic_onset_non_steering,all_raw_detected_vehicle_instability_onset_predict_future_steering_response,instability_ay_roll,extreme_active,straight,0,-0.0,81.74,100.0,auto_accept_instability_high,hybrid_accept_high,原始车辆数据/txj/Entity_Recording_2025_09_27_09_06_19_vehicle.csv,F:\data_set_process\data_process\01_datasets\数据预处理\原始车辆数据\txj\Entity_Recording_2025_09_27_09_06_19_vehicle.csv,9dc9b2b49d4887358c963988e6783766b6807729011f0d48f6fe857180b0dd86,110700,553.5,568.485,14.985,train,val,train,train,521,原始车辆数据/txj/Entity_Recording_2025_09_27_09_06_19_vehicle.csv,9dc9b2b49d4887358c963988e6783766b6807729011f0d48f6fe857180b0dd86,1.0,1.0,-0.6908010244369507
vehicle_instability_allraw__txj__2025_09_27_09_06_19__000575870__pre1_label2_event_trigger,vehicle_instability_allraw__txj__2025_09_27_09_06_19__000575870,txj,2025_09_27_09_06_19,575.87,,pre1_label2_event_trigger,-1.0,0.0,0.0,2.0,all_raw_vehicle_dynamic_onset_non_steering,all_raw_detected_vehicle_instability_onset_predict_future_steering_response,instability_ay_roll,medium_active,straight,0,-0.0,69.91,100.0,auto_accept_instability_medium,hybrid_accept_high,原始车辆数据/txj/Entity_Recording_2025_09_27_09_06_19_vehicle.csv,F:\data_set_process\data_process\01_datasets\数据预处理\原始车辆数据\txj\Entity_Recording_2025_09_27_09_06_19_vehicle.csv,9dc9b2b49d4887358c963988e6783766b6807729011f0d48f6fe857180b0dd86,115174,575.87,578.685,2.815,train,train,train,train,522,原始车辆数据/txj/Entity_Recording_2025_09_27_09_06_19_vehicle.csv,9dc9b2b49d4887358c963988e6783766b6807729011f0d48f6fe857180b0dd86,1.0,1.0,-0.36198100447654724
vehicle_instability_allraw__txj__2025_09_27_09_06_19__000604150__pre1_label2_event_trigger,vehicle_instability_allraw__txj__2025_09_27_09_06_19__000604150,txj,2025_09_27_09_06_19,604.15,,pre1_label2_event_trigger,-1.0,0.0,0.0,2.0,all_raw_vehicle_dynamic_onset_non_steering,all_raw_detected_vehicle_instability_onset_predict_future_steering_response,instability_ay_roll,strong_active,curve,0,0.0,79.39,100.0,auto_accept_instability_high,hybrid_accept_high,原始车辆数据/txj/Entity_Recording_2025_09_27_09_06_19_vehicle.csv,F:\data_set_process\data_process\01_datasets\数据预处理\原始车辆数据\txj\Entity_Recording_2025_09_27_09_06_19_vehicle.csv,9dc9b2b49d4887358c963988e6783766b6807729011f0d48f6fe857180b0dd86,120830,604.15,620.935,16.785,train,train,train,train,523,原始车辆数据/txj/Entity_Recording_2025_09_27_09_06_19_vehicle.csv,9dc9b2b49d4887358c963988e6783766b6807729011f0d48f6fe857180b0dd86,1.0,1.0,-0.06300640106201172
vehicle_instability_allraw__txj__2025_09_27_09_17_11__000060790__pre1_label2_event_trigger,vehicle_instability_allraw__txj__2025_09_27_09_17_11__000060790,txj,2025_09_27_09_17_11,60.79,,pre1_label2_event_trigger,-1.0,0.0,0.0,2.0,all_raw_vehicle_dynamic_onset_non_steering,all_raw_detected_vehicle_instability_onset_predict_future_steering_response,instability_ay_roll,extreme_active,straight,0,0.0,74.51,100.0,auto_accept_instability_medium,hybrid_accept_high,原始车辆数据/txj/Entity_Recording_2025_09_27_09_17_11_vehicle.csv,F:\data_set_process\data_process\01_datasets\数据预处理\原始车辆数据\txj\Entity_Recording_2025_09_27_09_17_11_vehicle.csv,35314d52e160ca04cc923db50d18ecae69cc095b4f372529e93a8c17fc54a61d,12158,60.79,66.405,5.615,train,train,train,train,524,原始车辆数据/txj/Entity_Recording_2025_09_27_09_17_11_vehicle.csv,35314d52e160ca04cc923db50d18ecae69cc095b4f372529e93a8c17fc54a61d,1.0,1.0,-0.5157449841499329
vehicle_instability_allraw__txj__2025_09_27_09_17_11__000092770__pre1_label2_event_trigger,vehicle_instability_allraw__txj__2025_09_27_09_17_11__000092770,txj,2025_09_27_09_17_11,92.77,,pre1_label2_event_trigger,-1.0,0.0,0.0,2.0,all_raw_vehicle_dynamic_onset_non_steering,all_raw_detected_vehicle_instability_onset_predict_future_steering_response,instability_ay_roll,extreme_active,straight,0,0.0,77.03,100.0,auto_accept_instability_high,hybrid_accept_high,原始车辆数据/txj/Entity_Recording_2025_09_27_09_17_11_vehicle.csv,F:\data_set_process\data_process\01_datasets\数据预处理\原始车辆数据\txj\Entity_Recording_2025_09_27_09_17_11_vehicle.csv,35314d52e160ca04cc923db50d18ecae69cc095b4f372529e93a8c17fc54a61d,18554,92.77,104.985,12.215,train,train,train,train,525,原始车辆数据/txj/Entity_Recording_2025_09_27_09_17_11_vehicle.csv,35314d52e160ca04cc923db50d18ecae69cc095b4f372529e93a8c17fc54a61d,1.0,1.0,-1.0314899682998657
vehicle_instability_allraw__txj__2025_09_27_09_17_11__000118305__pre1_label2_event_trigger,vehicle_instability_allraw__txj__2025_09_27_09_17_11__000118305,txj,2025_09_27_09_17_11,118.305,,pre1_label2_event_trigger,-1.0,0.0,0.0,2.0,all_raw_vehicle_dynamic_onset_non_steering,all_raw_detected_vehicle_instability_onset_predict_future_steering_response,instability_ay_roll,extreme_active,straight,1,0.0,94.14,100.0,auto_accept_instability_high,hybrid_accept_high,原始车辆数据/txj/Entity_Recording_2025_09_27_09_17_11_vehicle.csv,F:\data_set_process\data_process\01_datasets\数据预处理\原始车辆数据\txj\Entity_Recording_2025_09_27_09_17_11_vehicle.csv,35314d52e160ca04cc923db50d18ecae69cc095b4f372529e93a8c17fc54a61d,23661,118.305,126.08,7.775,train,train,train,train,526,原始车辆数据/txj/Entity_Recording_2025_09_27_09_17_11_vehicle.csv,35314d52e160ca04cc923db50d18ecae69cc095b4f372529e93a8c17fc54a61d,1.0,1.0,0.15184399485588074
vehicle_instability_allraw__txj__2025_09_27_09_17_11__000134270__pre1_label2_event_trigger,vehicle_instability_allraw__txj__2025_09_27_09_17_11__000134270,txj,2025_09_27_09_17_11,134.27,,pre1_label2_event_trigger,-1.0,0.0,0.0,2.0,all_raw_vehicle_dynamic_onset_non_steering,all_raw_detected_vehicle_instability_onset_predict_future_steering_response,instability_ay_roll,extreme_active,straight,1,-0.00729802,90.12,100.0,auto_accept_instability_high,hybrid_accept_high,原始车辆数据/txj/Entity_Recording_2025_09_27_09_17_11_vehicle.csv,F:\data_set_process\data_process\01_datasets\数据预处理\原始车辆数据\txj\Entity_Recording_2025_09_27_09_17_11_vehicle.csv,35314d52e160ca04cc923db50d18ecae69cc095b4f372529e93a8c17fc54a61d,26854,134.27,154.05,19.78,train,train,train,train,527,原始车辆数据/txj/Entity_Recording_2025_09_27_09_17_11_vehicle.csv,35314d52e160ca04cc923db50d18ecae69cc095b4f372529e93a8c17fc54a61d,1.0,1.0,0.052011456340551376
vehicle_instability_allraw__txj__2025_09_27_09_17_11__000157280__pre1_label2_event_trigger,vehicle_instability_allraw__txj__2025_09_27_09_17_11__000157280,txj,2025_09_27_09_17_11,157.28,,pre1_label2_event_trigger,-1.0,0.0,0.0,2.0,all_raw_vehicle_dynamic_onset_non_steering,all_raw_detected_vehicle_instability_onset_predict_future_steering_response,instability_ay_roll,extreme_active,curve,1,-0.00729802,98.14,100.0,auto_accept_instability_high,hybrid_accept_high,原始车辆数据/txj/Entity_Recording_2025_09_27_09_17_11_vehicle.csv,F:\data_set_process\data_process\01_datasets\数据预处理\原始车辆数据\txj\Entity_Recording_2025_09_27_09_17_11_vehicle.csv,35314d52e160ca04cc923db50d18ecae69cc095b4f372529e93a8c17fc54a61d,31456,157.28,177.35,20.07,train,train,train,train,528,原始车辆数据/txj/Entity_Recording_2025_09_27_09_17_11_vehicle.csv,35314d52e160ca04cc923db50d18ecae69cc095b4f372529e93a8c17fc54a61d,1.0,1.0,1.8802399635314941
vehicle_instability_allraw__txj__2025_09_27_09_17_11__000203185__pre1_label2_event_trigger,vehicle_instability_allraw__txj__2025_09_27_09_17_11__000203185,txj,2025_09_27_09_17_11,203.185,,pre1_label2_event_trigger,-1.0,0.0,0.0,2.0,all_raw_vehicle_dynamic_onset_non_steering,all_raw_detected_vehicle_instability_onset_predict_future_steering_response,instability_ay_roll,extreme_active,straight,1,-0.00729802,66.37,100.0,auto_accept_instability_medium,hybrid_accept_high,原始车辆数据/txj/Entity_Recording_2025_09_27_09_17_11_vehicle.csv,F:\data_set_process\data_process\01_datasets\数据预处理\原始车辆数据\txj\Entity_Recording_2025_09_27_09_17_11_vehicle.csv,35314d52e160ca04cc923db50d18ecae69cc095b4f372529e93a8c17fc54a61d,40637,203.185,205.2,2.015,train,train,train,train,529,原始车辆数据/txj/Entity_Recording_2025_09_27_09_17_11_vehicle.csv,35314d52e160ca04cc923db50d18ecae69cc095b4f372529e93a8c17fc54a61d,1.0,1.0,5.031779766082764
vehicle_instability_allraw__txj__2025_09_27_09_17_11__000243345__pre1_label2_event_trigger,vehicle_instability_allraw__txj__2025_09_27_09_17_11__000243345,txj,2025_09_27_09_17_11,243.345,,pre1_label2_event_trigger,-1.0,0.0,0.0,2.0,all_raw_vehicle_dynamic_onset_non_steering,all_raw_detected_vehicle_instability_onset_predict_future_steering_response,instability_ay_roll,strong_active,straight,0,-0.0,85.82,100.0,auto_accept_instability_high,hybrid_accept_high,原始车辆数据/txj/Entity_Recording_2025_09_27_09_17_11_vehicle.csv,F:\data_set_process\data_process\01_datasets\数据预处理\原始车辆数据\txj\Entity_Recording_2025_09_27_09_17_11_vehicle.csv,35314d52e160ca04cc923db50d18ecae69cc095b4f372529e93a8c17fc54a61d,48669,243.345,254.555,11.21,train,test,train,train,530,原始车辆数据/txj/Entity_Recording_2025_09_27_09_17_11_vehicle.csv,35314d52e160ca04cc923db50d18ecae69cc095b4f372529e93a8c17fc54a61d,1.0,1.0,0.24469499289989471
vehicle_instability_allraw__txj__2025_09_27_09_17_11__000272265__pre1_label2_event_trigger,vehicle_instability_allraw__txj__2025_09_27_09_17_11__000272265,txj,2025_09_27_09_17_11,272.265,,pre1_label2_event_trigger,-1.0,0.0,0.0,2.0,all_raw_vehicle_dynamic_onset_non_steering,all_raw_detected_vehicle_instability_onset_predict_future_steering_response,instability_ay_roll,extreme_active,straight,0,0.0,94.21,100.0,auto_accept_instability_high,hybrid_accept_high,原始车辆数据/txj/Entity_Recording_2025_09_27_09_17_11_vehicle.csv,F:\data_set_process\data_process\01_datasets\数据预处理\原始车辆数据\txj\Entity_Recording_2025_09_27_09_17_11_vehicle.csv,35314d52e160ca04cc923db50d18ecae69cc095b4f372529e93a8c17fc54a61d,54453,272.265,293.11,20.845,train,train,train,train,531,原始车辆数据/txj/Entity_Recording_2025_09_27_09_17_11_vehicle.csv,35314d52e160ca04cc923db50d18ecae69cc095b4f372529e93a8c17fc54a61d,1.0,1.0,-0.46774834394454956
vehicle_instability_allraw__txj__2025_09_27_09_17_11__000361115__pre1_label2_event_trigger,vehicle_instability_allraw__txj__2025_09_27_09_17_11__000361115,txj,2025_09_27_09_17_11,361.115,,pre1_label2_event_trigger,-1.0,0.0,0.0,2.0,all_raw_vehicle_dynamic_onset_non_steering,all_raw_detected_vehicle_instability_onset_predict_future_steering_response,instability_ay_roll,extreme_active,curve,0,-0.0,87.97,100.0,auto_accept_instability_high,hybrid_accept_high,原始车辆数据/txj/Entity_Recording_2025_09_27_09_17_11_vehicle.csv,F:\data_set_process\data_process\01_datasets\数据预处理\原始车辆数据\txj\Entity_Recording_2025_09_27_09_17_11_vehicle.csv,35314d52e160ca04cc923db50d18ecae69cc095b4f372529e93a8c17fc54a61d,72223,361.115,382.425,21.31,train,val,train,train,532,原始车辆数据/txj/Entity_Recording_2025_09_27_09_17_11_vehicle.csv,35314d52e160ca04cc923db50d18ecae69cc095b4f372529e93a8c17fc54a61d,1.0,1.0,-0.12129998952150345
vehicle_instability_allraw__txj__2025_09_27_09_17_11__000391680__pre1_label2_event_trigger,vehicle_instability_allraw__txj__2025_09_27_09_17_11__000391680,txj,2025_09_27_09_17_11,391.68,,pre1_label2_event_trigger,-1.0,0.0,0.0,2.0,all_raw_vehicle_dynamic_onset_non_steering,all_raw_detected_vehicle_instability_onset_predict_future_steering_response,instability_ay_roll,strong_active,straight,1,-0.0,76.14,100.0,auto_accept_instability_high,hybrid_accept_high,原始车辆数据/txj/Entity_Recording_2025_09_27_09_17_11_vehicle.csv,F:\data_set_process\data_process\01_datasets\数据预处理\原始车辆数据\txj\Entity_Recording_2025_09_27_09_17_11_vehicle.csv,35314d52e160ca04cc923db50d18ecae69cc095b4f372529e93a8c17fc54a61d,78336,391.68,424.64,32.96,train,test,train,train,533,原始车辆数据/txj/Entity_Recording_2025_09_27_09_17_11_vehicle.csv,35314d52e160ca04cc923db50d18ecae69cc095b4f372529e93a8c17fc54a61d,1.0,1.0,-0.4857245087623596
vehicle_instability_allraw__txj__2025_09_27_09_17_11__000438570__pre1_label2_event_trigger,vehicle_instability_allraw__txj__2025_09_27_09_17_11__000438570,txj,2025_09_27_09_17_11,438.57,,pre1_label2_event_trigger,-1.0,0.0,0.0,2.0,all_raw_vehicle_dynamic_onset_non_steering,all_raw_detected_vehicle_instability_onset_predict_future_steering_response,instability_ay_roll,strong_active,straight,0,0.0,77.36,100.0,auto_accept_instability_high,hybrid_accept_high,原始车辆数据/txj/Entity_Recording_2025_09_27_09_17_11_vehicle.csv,F:\data_set_process\data_process\01_datasets\数据预处理\原始车辆数据\txj\Entity_Recording_2025_09_27_09_17_11_vehicle.csv,35314d52e160ca04cc923db50d18ecae69cc095b4f372529e93a8c17fc54a61d,87714,438.57,456.44,17.87,train,train,train,train,534,原始车辆数据/txj/Entity_Recording_2025_09_27_09_17_11_vehicle.csv,35314d52e160ca04cc923db50d18ecae69cc095b4f372529e93a8c17fc54a61d,1.0,1.0,0.16877198219299316
vehicle_instability_allraw__txj__2025_09_27_09_17_11__000498455__pre1_label2_event_trigger,vehicle_instability_allraw__txj__2025_09_27_09_17_11__000498455,txj,2025_09_27_09_17_11,498.455,,pre1_label2_event_trigger,-1.0,0.0,0.0,2.0,all_raw_vehicle_dynamic_onset_non_steering,all_raw_detected_vehicle_instability_onset_predict_future_steering_response,instability_ay_roll,medium_active,straight,0,0.0,71.61,93.29,auto_accept_instability_medium,hybrid_accept_high,原始车辆数据/txj/Entity_Recording_2025_09_27_09_17_11_vehicle.csv,F:\data_set_process\data_process\01_datasets\数据预处理\原始车辆数据\txj\Entity_Recording_2025_09_27_09_17_11_vehicle.csv,35314d52e160ca04cc923db50d18ecae69cc095b4f372529e93a8c17fc54a61d,99691,498.455,499.575,1.12,train,train,train,train,535,原始车辆数据/txj/Entity_Recording_2025_09_27_09_17_11_vehicle.csv,35314d52e160ca04cc923db50d18ecae69cc095b4f372529e93a8c17fc54a61d,1.0,1.0,-0.46076700091362
vehicle_instability_allraw__txj__2025_09_27_09_17_11__000503080__pre1_label2_event_trigger,vehicle_instability_allraw__txj__2025_09_27_09_17_11__000503080,txj,2025_09_27_09_17_11,503.08,,pre1_label2_event_trigger,-1.0,0.0,0.0,2.0,all_raw_vehicle_dynamic_onset_non_steering,all_raw_detected_vehicle_instability_onset_predict_future_steering_response,instability_ay_roll,extreme_active,straight,0,0.0,87.54,100.0,auto_accept_instability_high,hybrid_accept_high,原始车辆数据/txj/Entity_Recording_2025_09_27_09_17_11_vehicle.csv,F:\data_set_process\data_process\01_datasets\数据预处理\原始车辆数据\txj\Entity_Recording_2025_09_27_09_17_11_vehicle.csv,35314d52e160ca04cc923db50d18ecae69cc095b4f372529e93a8c17fc54a61d,100616,503.08,526.875,23.795,train,train,train,train,536,原始车辆数据/txj/Entity_Recording_2025_09_27_09_17_11_vehicle.csv,35314d52e160ca04cc923db50d18ecae69cc095b4f372529e93a8c17fc54a61d,1.0,1.0,-0.5304059982299805
vehicle_instability_allraw__txj__2025_09_27_09_17_11__000562130__pre1_label2_event_trigger,vehicle_instability_allraw__txj__2025_09_27_09_17_11__000562130,txj,2025_09_27_09_17_11,562.13,,pre1_label2_event_trigger,-1.0,0.0,0.0,2.0,all_raw_vehicle_dynamic_onset_non_steering,all_raw_detected_vehicle_instability_onset_predict_future_steering_response,instability_ay_roll,extreme_active,straight,0,-0.0,84.58,100.0,auto_accept_instability_high,hybrid_accept_high,原始车辆数据/txj/Entity_Recording_2025_09_27_09_17_11_vehicle.csv,F:\data_set_process\data_process\01_datasets\数据预处理\原始车辆数据\txj\Entity_Recording_2025_09_27_09_17_11_vehicle.csv,35314d52e160ca04cc923db50d18ecae69cc095b4f372529e93a8c17fc54a61d,112426,562.13,572.465,10.335,train,train,train,train,537,原始车辆数据/txj/Entity_Recording_2025_09_27_09_17_11_vehicle.csv,35314d52e160ca04cc923db50d18ecae69cc095b4f372529e93a8c17fc54a61d,1.0,1.0,-0.3525559902191162
vehicle_instability_allraw__txj__2025_09_27_09_17_11__000575805__pre1_label2_event_trigger,vehicle_instability_allraw__txj__2025_09_27_09_17_11__000575805,txj,2025_09_27_09_17_11,575.805,,pre1_label2_event_trigger,-1.0,0.0,0.0,2.0,all_raw_vehicle_dynamic_onset_non_steering,all_raw_detected_vehicle_instability_onset_predict_future_steering_response,instability_ay_roll,medium_active,straight,0,-0.0,55.9,84.99,needs_human_review,hybrid_accept_high,原始车辆数据/txj/Entity_Recording_2025_09_27_09_17_11_vehicle.csv,F:\data_set_process\data_process\01_datasets\数据预处理\原始车辆数据\txj\Entity_Recording_2025_09_27_09_17_11_vehicle.csv,35314d52e160ca04cc923db50d18ecae69cc095b4f372529e93a8c17fc54a61d,115161,575.805,582.095,6.29,train,train,train,train,538,原始车辆数据/txj/Entity_Recording_2025_09_27_09_17_11_vehicle.csv,35314d52e160ca04cc923db50d18ecae69cc095b4f372529e93a8c17fc54a61d,1.0,1.0,-0.08150690048933029
vehicle_instability_allraw__tyy__2025_09_28_14_23_43__000091635__pre1_label2_event_trigger,vehicle_instability_allraw__tyy__2025_09_28_14_23_43__000091635,tyy,2025_09_28_14_23_43,91.635,,pre1_label2_event_trigger,-1.0,0.0,0.0,2.0,all_raw_vehicle_dynamic_onset_non_steering,all_raw_detected_vehicle_instability_onset_predict_future_steering_response,instability_ay_roll,extreme_active,straight,0,-0.0,94.56,100.0,auto_accept_instability_high,hybrid_accept_high,原始车辆数据/tyy/Entity_Recording_2025_09_28_14_23_43_vehicle.csv,F:\data_set_process\data_process\01_datasets\数据预处理\原始车辆数据\tyy\Entity_Recording_2025_09_28_14_23_43_vehicle.csv,51eaed96db7a8b4c379c1557cf71a7a4572f4d6fb4588403d0914cb4e3442e00,18327,91.635,98.72,7.085,train,train,train,train,539,原始车辆数据/tyy/Entity_Recording_2025_09_28_14_23_43_vehicle.csv,51eaed96db7a8b4c379c1557cf71a7a4572f4d6fb4588403d0914cb4e3442e00,1.0,1.0,0.23352499306201935
vehicle_instability_allraw__tyy__2025_09_28_14_23_43__000177395__pre1_label2_event_trigger,vehicle_instability_allraw__tyy__2025_09_28_14_23_43__000177395,tyy,2025_09_28_14_23_43,177.395,,pre1_label2_event_trigger,-1.0,0.0,0.0,2.0,all_raw_vehicle_dynamic_onset_non_steering,all_raw_detected_vehicle_instability_onset_predict_future_steering_response,instability_ay_roll,extreme_active,curve,1,-0.00729802,81.55,100.0,auto_accept_instability_high,hybrid_accept_high,原始车辆数据/tyy/Entity_Recording_2025_09_28_14_23_43_vehicle.csv,F:\data_set_process\data_process\01_datasets\数据预处理\原始车辆数据\tyy\Entity_Recording_2025_09_28_14_23_43_vehicle.csv,51eaed96db7a8b4c379c1557cf71a7a4572f4d6fb4588403d0914cb4e3442e00,35479,177.395,200.885,23.49,train,train,train,train,540,原始车辆数据/tyy/Entity_Recording_2025_09_28_14_23_43_vehicle.csv,51eaed96db7a8b4c379c1557cf71a7a4572f4d6fb4588403d0914cb4e3442e00,1.0,1.0,-0.4810130000114441
vehicle_instability_allraw__tyy__2025_09_28_14_23_43__000243820__pre1_label2_event_trigger,vehicle_instability_allraw__tyy__2025_09_28_14_23_43__000243820,tyy,2025_09_28_14_23_43,243.82,,pre1_label2_event_trigger,-1.0,0.0,0.0,2.0,all_raw_vehicle_dynamic_onset_non_steering,all_raw_detected_vehicle_instability_onset_predict_future_steering_response,instability_ay_roll,strong_active,straight,0,-0.0,59.23,90.11,auto_accept_instability_medium,hybrid_accept_high,原始车辆数据/tyy/Entity_Recording_2025_09_28_14_23_43_vehicle.csv,F:\data_set_process\data_process\01_datasets\数据预处理\原始车辆数据\tyy\Entity_Recording_2025_09_28_14_23_43_vehicle.csv,51eaed96db7a8b4c379c1557cf71a7a4572f4d6fb4588403d0914cb4e3442e00,48764,243.82,250.01,6.19,train,train,train,train,541,原始车辆数据/tyy/Entity_Recording_2025_09_28_14_23_43_vehicle.csv,51eaed96db7a8b4c379c1557cf71a7a4572f4d6fb4588403d0914cb4e3442e00,1.0,1.0,-0.5305802822113037
vehicle_instability_allraw__tyy__2025_09_28_14_23_43__000263565__pre1_label2_event_trigger,vehicle_instability_allraw__tyy__2025_09_28_14_23_43__000263565,tyy,2025_09_28_14_23_43,263.565,,pre1_label2_event_trigger,-1.0,0.0,0.0,2.0,all_raw_vehicle_dynamic_onset_non_steering,all_raw_detected_vehicle_instability_onset_predict_future_steering_response,instability_ay_roll,extreme_active,straight,0,0.0,80.09,100.0,auto_accept_instability_high,hybrid_accept_high,原始车辆数据/tyy/Entity_Recording_2025_09_28_14_23_43_vehicle.csv,F:\data_set_process\data_process\01_datasets\数据预处理\原始车辆数据\tyy\Entity_Recording_2025_09_28_14_23_43_vehicle.csv,51eaed96db7a8b4c379c1557cf71a7a4572f4d6fb4588403d0914cb4e3442e00,52713,263.565,264.045,0.48,train,train,train,train,542,原始车辆数据/tyy/Entity_Recording_2025_09_28_14_23_43_vehicle.csv,51eaed96db7a8b4c379c1557cf71a7a4572f4d6fb4588403d0914cb4e3442e00,1.0,1.0,-0.4382515251636505
vehicle_instability_allraw__tyy__2025_09_28_14_23_43__000266730__pre1_label2_event_trigger,vehicle_instability_allraw__tyy__2025_09_28_14_23_43__000266730,tyy,2025_09_28_14_23_43,266.73,,pre1_label2_event_trigger,-1.0,0.0,0.0,2.0,all_raw_vehicle_dynamic_onset_non_steering,all_raw_detected_vehicle_instability_onset_predict_future_steering_response,instability_ay_roll,extreme_active,straight,0,0.0,87.52,100.0,auto_accept_instability_high,hybrid_accept_high,原始车辆数据/tyy/Entity_Recording_2025_09_28_14_23_43_vehicle.csv,F:\data_set_process\data_process\01_datasets\数据预处理\原始车辆数据\tyy\Entity_Recording_2025_09_28_14_23_43_vehicle.csv,51eaed96db7a8b4c379c1557cf71a7a4572f4d6fb4588403d0914cb4e3442e00,53346,266.73,274.46,7.73,train,train,train,train,543,原始车辆数据/tyy/Entity_Recording_2025_09_28_14_23_43_vehicle.csv,51eaed96db7a8b4c379c1557cf71a7a4572f4d6fb4588403d0914cb4e3442e00,1.0,1.0,-0.30421099066734314
vehicle_instability_allraw__tyy__2025_09_28_14_23_43__000286995__pre1_label2_event_trigger,vehicle_instability_allraw__tyy__2025_09_28_14_23_43__000286995,tyy,2025_09_28_14_23_43,286.995,,pre1_label2_event_trigger,-1.0,0.0,0.0,2.0,all_raw_vehicle_dynamic_onset_non_steering,all_raw_detected_vehicle_instability_onset_predict_future_steering_response,instability_ay_roll,strong_active,straight,0,0.0,69.87,100.0,auto_accept_instability_medium,hybrid_accept_high,原始车辆数据/tyy/Entity_Recording_2025_09_28_14_23_43_vehicle.csv,F:\data_set_process\data_process\01_datasets\数据预处理\原始车辆数据\tyy\Entity_Recording_2025_09_28_14_23_43_vehicle.csv,51eaed96db7a8b4c379c1557cf71a7a4572f4d6fb4588403d0914cb4e3442e00,57399,286.995,296.755,9.76,train,train,train,train,544,原始车辆数据/tyy/Entity_Recording_2025_09_28_14_23_43_vehicle.csv,51eaed96db7a8b4c379c1557cf71a7a4572f4d6fb4588403d0914cb4e3442e00,1.0,1.0,0.20699599385261536
vehicle_instability_allraw__tyy__2025_09_28_14_23_43__000302720__pre1_label2_event_trigger,vehicle_instability_allraw__tyy__2025_09_28_14_23_43__000302720,tyy,2025_09_28_14_23_43,302.72,,pre1_label2_event_trigger,-1.0,0.0,0.0,2.0,all_raw_vehicle_dynamic_onset_non_steering,all_raw_detected_vehicle_instability_onset_predict_future_steering_response,instability_ay_roll,strong_active,straight,0,-0.0,66.42,100.0,auto_accept_instability_medium,hybrid_accept_high,原始车辆数据/tyy/Entity_Recording_2025_09_28_14_23_43_vehicle.csv,F:\data_set_process\data_process\01_datasets\数据预处理\原始车辆数据\tyy\Entity_Recording_2025_09_28_14_23_43_vehicle.csv,51eaed96db7a8b4c379c1557cf71a7a4572f4d6fb4588403d0914cb4e3442e00,60544,302.72,315.345,12.625,train,train,train,train,545,原始车辆数据/tyy/Entity_Recording_2025_09_28_14_23_43_vehicle.csv,51eaed96db7a8b4c379c1557cf71a7a4572f4d6fb4588403d0914cb4e3442e00,1.0,1.0,-0.4766486585140228
vehicle_instability_allraw__tyy__2025_09_28_14_23_43__000348235__pre1_label2_event_trigger,vehicle_instability_allraw__tyy__2025_09_28_14_23_43__000348235,tyy,2025_09_28_14_23_43,348.235,,pre1_label2_event_trigger,-1.0,0.0,0.0,2.0,all_raw_vehicle_dynamic_onset_non_steering,all_raw_detected_vehicle_instability_onset_predict_future_steering_response,instability_ay_roll,extreme_active,curve,0,-0.0,94.31,100.0,auto_accept_instability_high,hybrid_accept_high,原始车辆数据/tyy/Entity_Recording_2025_09_28_14_23_43_vehicle.csv,F:\data_set_process\data_process\01_datasets\数据预处理\原始车辆数据\tyy\Entity_Recording_2025_09_28_14_23_43_vehicle.csv,51eaed96db7a8b4c379c1557cf71a7a4572f4d6fb4588403d0914cb4e3442e00,69647,348.235,358.56,10.325,train,train,train,train,546,原始车辆数据/tyy/Entity_Recording_2025_09_28_14_23_43_vehicle.csv,51eaed96db7a8b4c379c1557cf71a7a4572f4d6fb4588403d0914cb4e3442e00,1.0,1.0,0.13159720599651337
vehicle_instability_allraw__tyy__2025_09_28_14_23_43__000462085__pre1_label2_event_trigger,vehicle_instability_allraw__tyy__2025_09_28_14_23_43__000462085,tyy,2025_09_28_14_23_43,462.085,,pre1_label2_event_trigger,-1.0,0.0,0.0,2.0,all_raw_vehicle_dynamic_onset_non_steering,all_raw_detected_vehicle_instability_onset_predict_future_steering_response,instability_ay_roll,extreme_active,curve,1,0.0,53.69,87.31,needs_human_review,hybrid_accept_high,原始车辆数据/tyy/Entity_Recording_2025_09_28_14_23_43_vehicle.csv,F:\data_set_process\data_process\01_datasets\数据预处理\原始车辆数据\tyy\Entity_Recording_2025_09_28_14_23_43_vehicle.csv,51eaed96db7a8b4c379c1557cf71a7a4572f4d6fb4588403d0914cb4e3442e00,92417,462.085,463.735,1.65,train,train,train,train,547,原始车辆数据/tyy/Entity_Recording_2025_09_28_14_23_43_vehicle.csv,51eaed96db7a8b4c379c1557cf71a7a4572f4d6fb4588403d0914cb4e3442e00,1.0,1.0,-0.964818000793457
vehicle_instability_allraw__tyy__2025_09_28_14_23_43__000500235__pre1_label2_event_trigger,vehicle_instability_allraw__tyy__2025_09_28_14_23_43__000500235,tyy,2025_09_28_14_23_43,500.235,,pre1_label2_event_trigger,-1.0,0.0,0.0,2.0,all_raw_vehicle_dynamic_onset_non_steering,all_raw_detected_vehicle_instability_onset_predict_future_steering_response,instability_ay_roll,extreme_active,straight,1,0.0,94.73,100.0,auto_accept_instability_high,hybrid_accept_high,原始车辆数据/tyy/Entity_Recording_2025_09_28_14_23_43_vehicle.csv,F:\data_set_process\data_process\01_datasets\数据预处理\原始车辆数据\tyy\Entity_Recording_2025_09_28_14_23_43_vehicle.csv,51eaed96db7a8b4c379c1557cf71a7a4572f4d6fb4588403d0914cb4e3442e00,100047,500.235,515.75,15.515,train,train,train,train,548,原始车辆数据/tyy/Entity_Recording_2025_09_28_14_23_43_vehicle.csv,51eaed96db7a8b4c379c1557cf71a7a4572f4d6fb4588403d0914cb4e3442e00,1.0,1.0,-0.577180027961731
vehicle_instability_allraw__tyy__2025_09_28_14_23_43__000518835__pre1_label2_event_trigger,vehicle_instability_allraw__tyy__2025_09_28_14_23_43__000518835,tyy,2025_09_28_14_23_43,518.835,,pre1_label2_event_trigger,-1.0,0.0,0.0,2.0,all_raw_vehicle_dynamic_onset_non_steering,all_raw_detected_vehicle_instability_onset_predict_future_steering_response,instability_ay_roll,strong_active,straight,1,-9.82e-06,60.0,85.2,auto_accept_instability_medium,hybrid_accept_high,原始车辆数据/tyy/Entity_Recording_2025_09_28_14_23_43_vehicle.csv,F:\data_set_process\data_process\01_datasets\数据预处理\原始车辆数据\tyy\Entity_Recording_2025_09_28_14_23_43_vehicle.csv,51eaed96db7a8b4c379c1557cf71a7a4572f4d6fb4588403d0914cb4e3442e00,103767,518.835,534.795,15.96,train,train,train,train,549,原始车辆数据/tyy/Entity_Recording_2025_09_28_14_23_43_vehicle.csv,51eaed96db7a8b4c379c1557cf71a7a4572f4d6fb4588403d0914cb4e3442e00,1.0,1.0,-0.4324930012226105
vehicle_instability_allraw__tyy__2025_09_28_14_23_43__000628070__pre1_label2_event_trigger,vehicle_instability_allraw__tyy__2025_09_28_14_23_43__000628070,tyy,2025_09_28_14_23_43,628.07,,pre1_label2_event_trigger,-1.0,0.0,0.0,2.0,all_raw_vehicle_dynamic_onset_non_steering,all_raw_detected_vehicle_instability_onset_predict_future_steering_response,instability_ay_roll,extreme_active,straight,0,0.0,70.12,100.0,auto_accept_instability_medium,hybrid_accept_high,原始车辆数据/tyy/Entity_Recording_2025_09_28_14_23_43_vehicle.csv,F:\data_set_process\data_process\01_datasets\数据预处理\原始车辆数据\tyy\Entity_Recording_2025_09_28_14_23_43_vehicle.csv,51eaed96db7a8b4c379c1557cf71a7a4572f4d6fb4588403d0914cb4e3442e00,125614,628.07,643.515,15.445,train,train,train,train,550,原始车辆数据/tyy/Entity_Recording_2025_09_28_14_23_43_vehicle.csv,51eaed96db7a8b4c379c1557cf71a7a4572f4d6fb4588403d0914cb4e3442e00,1.0,1.0,1.3260999917984009
vehicle_instability_allraw__tyy__2025_09_28_14_23_43__000665155__pre1_label2_event_trigger,vehicle_instability_allraw__tyy__2025_09_28_14_23_43__000665155,tyy,2025_09_28_14_23_43,665.155,,pre1_label2_event_trigger,-1.0,0.0,0.0,2.0,all_raw_vehicle_dynamic_onset_non_steering,all_raw_detected_vehicle_instability_onset_predict_future_steering_response,instability_ay_roll,strong_active,straight,0,0.0,53.02,82.87,needs_human_review,hybrid_accept_high,原始车辆数据/tyy/Entity_Recording_2025_09_28_14_23_43_vehicle.csv,F:\data_set_process\data_process\01_datasets\数据预处理\原始车辆数据\tyy\Entity_Recording_2025_09_28_14_23_43_vehicle.csv,51eaed96db7a8b4c379c1557cf71a7a4572f4d6fb4588403d0914cb4e3442e00,133031,665.155,669.225,4.07,train,train,train,train,551,原始车辆数据/tyy/Entity_Recording_2025_09_28_14_23_43_vehicle.csv,51eaed96db7a8b4c379c1557cf71a7a4572f4d6fb4588403d0914cb4e3442e00,1.0,1.0,0.18901899456977844
vehicle_instability_allraw__tyy__2025_09_28_14_23_43__000685655__pre1_label2_event_trigger,vehicle_instability_allraw__tyy__2025_09_28_14_23_43__000685655,tyy,2025_09_28_14_23_43,685.655,,pre1_label2_event_trigger,-1.0,0.0,0.0,2.0,all_raw_vehicle_dynamic_onset_non_steering,all_raw_detected_vehicle_instability_onset_predict_future_steering_response,instability_ay_roll,strong_active,straight,0,0.0,67.6,100.0,auto_accept_instability_medium,hybrid_accept_high,原始车辆数据/tyy/Entity_Recording_2025_09_28_14_23_43_vehicle.csv,F:\data_set_process\data_process\01_datasets\数据预处理\原始车辆数据\tyy\Entity_Recording_2025_09_28_14_23_43_vehicle.csv,51eaed96db7a8b4c379c1557cf71a7a4572f4d6fb4588403d0914cb4e3442e00,137131,685.655,688.22,2.565,train,test,train,train,552,原始车辆数据/tyy/Entity_Recording_2025_09_28_14_23_43_vehicle.csv,51eaed96db7a8b4c379c1557cf71a7a4572f4d6fb4588403d0914cb4e3442e00,1.0,1.0,-0.5881762504577637
vehicle_instability_allraw__tyy__2025_09_28_14_23_43__000762635__pre1_label2_event_trigger,vehicle_instability_allraw__tyy__2025_09_28_14_23_43__000762635,tyy,2025_09_28_14_23_43,762.635,,pre1_label2_event_trigger,-1.0,0.0,0.0,2.0,all_raw_vehicle_dynamic_onset_non_steering,all_raw_detected_vehicle_instability_onset_predict_future_steering_response,instability_ay_roll,extreme_active,straight,0,-0.0,81.79,100.0,auto_accept_instability_high,hybrid_accept_high,原始车辆数据/tyy/Entity_Recording_2025_09_28_14_23_43_vehicle.csv,F:\data_set_process\data_process\01_datasets\数据预处理\原始车辆数据\tyy\Entity_Recording_2025_09_28_14_23_43_vehicle.csv,51eaed96db7a8b4c379c1557cf71a7a4572f4d6fb4588403d0914cb4e3442e00,152527,762.635,799.18,36.545,train,train,train,train,553,原始车辆数据/tyy/Entity_Recording_2025_09_28_14_23_43_vehicle.csv,51eaed96db7a8b4c379c1557cf71a7a4572f4d6fb4588403d0914cb4e3442e00,1.0,1.0,-0.1673770695924759
vehicle_instability_allraw__tyy__2025_09_28_14_23_43__000858435__pre1_label2_event_trigger,vehicle_instability_allraw__tyy__2025_09_28_14_23_43__000858435,tyy,2025_09_28_14_23_43,858.435,,pre1_label2_event_trigger,-1.0,0.0,0.0,2.0,all_raw_vehicle_dynamic_onset_non_steering,all_raw_detected_vehicle_instability_onset_predict_future_steering_response,instability_ay_roll,strong_active,straight,0,-0.0,65.64,100.0,auto_accept_instability_medium,hybrid_accept_high,原始车辆数据/tyy/Entity_Recording_2025_09_28_14_23_43_vehicle.csv,F:\data_set_process\data_process\01_datasets\数据预处理\原始车辆数据\tyy\Entity_Recording_2025_09_28_14_23_43_vehicle.csv,51eaed96db7a8b4c379c1557cf71a7a4572f4d6fb4588403d0914cb4e3442e00,171687,858.435,864.9,6.465,train,train,train,train,554,原始车辆数据/tyy/Entity_Recording_2025_09_28_14_23_43_vehicle.csv,51eaed96db7a8b4c379c1557cf71a7a4572f4d6fb4588403d0914cb4e3442e00,1.0,1.0,-0.39392098784446716
vehicle_instability_allraw__tyy__2025_09_28_14_40_01__000050415__pre1_label2_event_trigger,vehicle_instability_allraw__tyy__2025_09_28_14_40_01__000050415,tyy,2025_09_28_14_40_01,50.415,,pre1_label2_event_trigger,-1.0,0.0,0.0,2.0,all_raw_vehicle_dynamic_onset_non_steering,all_raw_detected_vehicle_instability_onset_predict_future_steering_response,instability_ay_roll,extreme_active,straight,0,-0.0,74.2,100.0,auto_accept_instability_medium,hybrid_accept_high,原始车辆数据/tyy/Entity_Recording_2025_09_28_14_40_01_vehicle.csv,F:\data_set_process\data_process\01_datasets\数据预处理\原始车辆数据\tyy\Entity_Recording_2025_09_28_14_40_01_vehicle.csv,1a2517b443af923a89487be766c9cabc7db60214e7a517280d728e5af2cb5a4f,10083,50.415,55.495,5.08,train,train,train,train,555,原始车辆数据/tyy/Entity_Recording_2025_09_28_14_40_01_vehicle.csv,1a2517b443af923a89487be766c9cabc7db60214e7a517280d728e5af2cb5a4f,1.0,1.0,0.24434645473957062
vehicle_instability_allraw__tyy__2025_09_28_14_40_01__000078865__pre1_label2_event_trigger,vehicle_instability_allraw__tyy__2025_09_28_14_40_01__000078865,tyy,2025_09_28_14_40_01,78.865,,pre1_label2_event_trigger,-1.0,0.0,0.0,2.0,all_raw_vehicle_dynamic_onset_non_steering,all_raw_detected_vehicle_instability_onset_predict_future_steering_response,instability_ay_roll,extreme_active,straight,0,-0.0,81.86,100.0,auto_accept_instability_high,hybrid_accept_high,原始车辆数据/tyy/Entity_Recording_2025_09_28_14_40_01_vehicle.csv,F:\data_set_process\data_process\01_datasets\数据预处理\原始车辆数据\tyy\Entity_Recording_2025_09_28_14_40_01_vehicle.csv,1a2517b443af923a89487be766c9cabc7db60214e7a517280d728e5af2cb5a4f,15773,78.865,87.645,8.78,train,train,train,train,556,原始车辆数据/tyy/Entity_Recording_2025_09_28_14_40_01_vehicle.csv,1a2517b443af923a89487be766c9cabc7db60214e7a517280d728e5af2cb5a4f,1.0,1.0,-0.42376598715782166
vehicle_instability_allraw__tyy__2025_09_28_14_40_01__000111805__pre1_label2_event_trigger,vehicle_instability_allraw__tyy__2025_09_28_14_40_01__000111805,tyy,2025_09_28_14_40_01,111.805,,pre1_label2_event_trigger,-1.0,0.0,0.0,2.0,all_raw_vehicle_dynamic_onset_non_steering,all_raw_detected_vehicle_instability_onset_predict_future_steering_response,instability_ay_roll,strong_active,straight,0,-0.0,91.53,100.0,auto_accept_instability_high,hybrid_accept_high,原始车辆数据/tyy/Entity_Recording_2025_09_28_14_40_01_vehicle.csv,F:\data_set_process\data_process\01_datasets\数据预处理\原始车辆数据\tyy\Entity_Recording_2025_09_28_14_40_01_vehicle.csv,1a2517b443af923a89487be766c9cabc7db60214e7a517280d728e5af2cb5a4f,22361,111.805,119.275,7.47,train,train,train,train,557,原始车辆数据/tyy/Entity_Recording_2025_09_28_14_40_01_vehicle.csv,1a2517b443af923a89487be766c9cabc7db60214e7a517280d728e5af2cb5a4f,1.0,1.0,-0.4508189857006073
vehicle_instability_allraw__tyy__2025_09_28_14_40_01__000126545__pre1_label2_event_trigger,vehicle_instability_allraw__tyy__2025_09_28_14_40_01__000126545,tyy,2025_09_28_14_40_01,126.545,,pre1_label2_event_trigger,-1.0,0.0,0.0,2.0,all_raw_vehicle_dynamic_onset_non_steering,all_raw_detected_vehicle_instability_onset_predict_future_steering_response,instability_ay_roll,extreme_active,straight,1,0.0,76.66,100.0,auto_accept_instability_high,hybrid_accept_high,原始车辆数据/tyy/Entity_Recording_2025_09_28_14_40_01_vehicle.csv,F:\data_set_process\data_process\01_datasets\数据预处理\原始车辆数据\tyy\Entity_Recording_2025_09_28_14_40_01_vehicle.csv,1a2517b443af923a89487be766c9cabc7db60214e7a517280d728e5af2cb5a4f,25309,126.545,131.65,5.105,train,train,train,train,558,原始车辆数据/tyy/Entity_Recording_2025_09_28_14_40_01_vehicle.csv,1a2517b443af923a89487be766c9cabc7db60214e7a517280d728e5af2cb5a4f,1.0,1.0,-0.30159300565719604
vehicle_instability_allraw__tyy__2025_09_28_14_40_01__000166465__pre1_label2_event_trigger,vehicle_instability_allraw__tyy__2025_09_28_14_40_01__000166465,tyy,2025_09_28_14_40_01,166.465,,pre1_label2_event_trigger,-1.0,0.0,0.0,2.0,all_raw_vehicle_dynamic_onset_non_steering,all_raw_detected_vehicle_instability_onset_predict_future_steering_response,instability_ay_roll,extreme_active,curve,1,-0.00729802,95.58,100.0,auto_accept_instability_high,hybrid_accept_high,原始车辆数据/tyy/Entity_Recording_2025_09_28_14_40_01_vehicle.csv,F:\data_set_process\data_process\01_datasets\数据预处理\原始车辆数据\tyy\Entity_Recording_2025_09_28_14_40_01_vehicle.csv,1a2517b443af923a89487be766c9cabc7db60214e7a517280d728e5af2cb5a4f,33293,166.465,173.445,6.98,train,val,train,train,559,原始车辆数据/tyy/Entity_Recording_2025_09_28_14_40_01_vehicle.csv,1a2517b443af923a89487be766c9cabc7db60214e7a517280d728e5af2cb5a4f,1.0,1.0,-0.3960149884223938
vehicle_instability_allraw__tyy__2025_09_28_14_44_09__000058890__pre1_label2_event_trigger,vehicle_instability_allraw__tyy__2025_09_28_14_44_09__000058890,tyy,2025_09_28_14_44_09,58.89,,pre1_label2_event_trigger,-1.0,0.0,0.0,2.0,all_raw_vehicle_dynamic_onset_non_steering,all_raw_detected_vehicle_instability_onset_predict_future_steering_response,instability_ay_roll,extreme_active,straight,0,0.0,83.84,100.0,auto_accept_instability_high,hybrid_accept_high,原始车辆数据/tyy/Entity_Recording_2025_09_28_14_44_09_vehicle.csv,F:\data_set_process\data_process\01_datasets\数据预处理\原始车辆数据\tyy\Entity_Recording_2025_09_28_14_44_09_vehicle.csv,59415e702283573a11af78dfcf113ceeca7f395adbac9aa2e6327363c327ba55,11778,58.89,62.82,3.93,test,test,test,train,560,原始车辆数据/tyy/Entity_Recording_2025_09_28_14_44_09_vehicle.csv,59415e702283573a11af78dfcf113ceeca7f395adbac9aa2e6327363c327ba55,1.0,1.0,0.26040300726890564
vehicle_instability_allraw__tyy__2025_09_28_14_44_09__000078030__pre1_label2_event_trigger,vehicle_instability_allraw__tyy__2025_09_28_14_44_09__000078030,tyy,2025_09_28_14_44_09,78.03,,pre1_label2_event_trigger,-1.0,0.0,0.0,2.0,all_raw_vehicle_dynamic_onset_non_steering,all_raw_detected_vehicle_instability_onset_predict_future_steering_response,instability_ay_roll,strong_active,straight,0,-0.0,86.69,100.0,auto_accept_instability_high,hybrid_accept_high,原始车辆数据/tyy/Entity_Recording_2025_09_28_14_44_09_vehicle.csv,F:\data_set_process\data_process\01_datasets\数据预处理\原始车辆数据\tyy\Entity_Recording_2025_09_28_14_44_09_vehicle.csv,59415e702283573a11af78dfcf113ceeca7f395adbac9aa2e6327363c327ba55,15606,78.03,88.385,10.355,test,test,test,train,561,原始车辆数据/tyy/Entity_Recording_2025_09_28_14_44_09_vehicle.csv,59415e702283573a11af78dfcf113ceeca7f395adbac9aa2e6327363c327ba55,1.0,1.0,-0.5475138425827026
vehicle_instability_allraw__tyy__2025_09_28_14_44_09__000153840__pre1_label2_event_trigger,vehicle_instability_allraw__tyy__2025_09_28_14_44_09__000153840,tyy,2025_09_28_14_44_09,153.84,,pre1_label2_event_trigger,-1.0,0.0,0.0,2.0,all_raw_vehicle_dynamic_onset_non_steering,all_raw_detected_vehicle_instability_onset_predict_future_steering_response,instability_ay_roll,strong_active,straight,1,-0.0,66.61,94.1,auto_accept_instability_medium,hybrid_accept_high,原始车辆数据/tyy/Entity_Recording_2025_09_28_14_44_09_vehicle.csv,F:\data_set_process\data_process\01_datasets\数据预处理\原始车辆数据\tyy\Entity_Recording_2025_09_28_14_44_09_vehicle.csv,59415e702283573a11af78dfcf113ceeca7f395adbac9aa2e6327363c327ba55,30768,153.84,172.97,19.13,test,test,test,train,562,原始车辆数据/tyy/Entity_Recording_2025_09_28_14_44_09_vehicle.csv,59415e702283573a11af78dfcf113ceeca7f395adbac9aa2e6327363c327ba55,1.0,1.0,0.449770987033844
vehicle_instability_allraw__tyy__2025_09_28_14_44_09__000228005__pre1_label2_event_trigger,vehicle_instability_allraw__tyy__2025_09_28_14_44_09__000228005,tyy,2025_09_28_14_44_09,228.005,,pre1_label2_event_trigger,-1.0,0.0,0.0,2.0,all_raw_vehicle_dynamic_onset_non_steering,all_raw_detected_vehicle_instability_onset_predict_future_steering_response,instability_ay_roll,extreme_active,curve,1,-0.00729802,93.88,100.0,auto_accept_instability_high,hybrid_accept_high,原始车辆数据/tyy/Entity_Recording_2025_09_28_14_44_09_vehicle.csv,F:\data_set_process\data_process\01_datasets\数据预处理\原始车辆数据\tyy\Entity_Recording_2025_09_28_14_44_09_vehicle.csv,59415e702283573a11af78dfcf113ceeca7f395adbac9aa2e6327363c327ba55,45601,228.005,235.275,7.27,test,train,test,train,563,原始车辆数据/tyy/Entity_Recording_2025_09_28_14_44_09_vehicle.csv,59415e702283573a11af78dfcf113ceeca7f395adbac9aa2e6327363c327ba55,1.0,1.0,-0.4824090003967285
vehicle_instability_allraw__tyy__2025_09_28_14_44_09__000253780__pre1_label2_event_trigger,vehicle_instability_allraw__tyy__2025_09_28_14_44_09__000253780,tyy,2025_09_28_14_44_09,253.78,,pre1_label2_event_trigger,-1.0,0.0,0.0,2.0,all_raw_vehicle_dynamic_onset_non_steering,all_raw_detected_vehicle_instability_onset_predict_future_steering_response,instability_ay_roll,strong_active,curve,1,-0.00729802,64.49,100.0,auto_accept_instability_medium,hybrid_accept_high,原始车辆数据/tyy/Entity_Recording_2025_09_28_14_44_09_vehicle.csv,F:\data_set_process\data_process\01_datasets\数据预处理\原始车辆数据\tyy\Entity_Recording_2025_09_28_14_44_09_vehicle.csv,59415e702283573a11af78dfcf113ceeca7f395adbac9aa2e6327363c327ba55,50756,253.78,266.755,12.975,test,val,test,train,564,原始车辆数据/tyy/Entity_Recording_2025_09_28_14_44_09_vehicle.csv,59415e702283573a11af78dfcf113ceeca7f395adbac9aa2e6327363c327ba55,1.0,1.0,-0.44767725467681885
vehicle_instability_allraw__tyy__2025_09_28_14_44_09__000388005__pre1_label2_event_trigger,vehicle_instability_allraw__tyy__2025_09_28_14_44_09__000388005,tyy,2025_09_28_14_44_09,388.005,,pre1_label2_event_trigger,-1.0,0.0,0.0,2.0,all_raw_vehicle_dynamic_onset_non_steering,all_raw_detected_vehicle_instability_onset_predict_future_steering_response,instability_ay_roll,strong_active,curve,1,-0.00729802,80.02,100.0,auto_accept_instability_high,hybrid_accept_high,原始车辆数据/tyy/Entity_Recording_2025_09_28_14_44_09_vehicle.csv,F:\data_set_process\data_process\01_datasets\数据预处理\原始车辆数据\tyy\Entity_Recording_2025_09_28_14_44_09_vehicle.csv,59415e702283573a11af78dfcf113ceeca7f395adbac9aa2e6327363c327ba55,77601,388.005,403.355,15.35,test,train,test,train,565,原始车辆数据/tyy/Entity_Recording_2025_09_28_14_44_09_vehicle.csv,59415e702283573a11af78dfcf113ceeca7f395adbac9aa2e6327363c327ba55,1.0,1.0,0.27663519978523254
vehicle_instability_allraw__tyy__2025_09_28_14_44_09__000449365__pre1_label2_event_trigger,vehicle_instability_allraw__tyy__2025_09_28_14_44_09__000449365,tyy,2025_09_28_14_44_09,449.365,,pre1_label2_event_trigger,-1.0,0.0,0.0,2.0,all_raw_vehicle_dynamic_onset_non_steering,all_raw_detected_vehicle_instability_onset_predict_future_steering_response,instability_ay_roll,medium_active,curve,1,-0.00729802,80.51,100.0,auto_accept_instability_high,hybrid_accept_high,原始车辆数据/tyy/Entity_Recording_2025_09_28_14_44_09_vehicle.csv,F:\data_set_process\data_process\01_datasets\数据预处理\原始车辆数据\tyy\Entity_Recording_2025_09_28_14_44_09_vehicle.csv,59415e702283573a11af78dfcf113ceeca7f395adbac9aa2e6327363c327ba55,89873,449.365,458.16,8.795,test,train,test,train,566,原始车辆数据/tyy/Entity_Recording_2025_09_28_14_44_09_vehicle.csv,59415e702283573a11af78dfcf113ceeca7f395adbac9aa2e6327363c327ba55,1.0,1.0,-0.34260961413383484
vehicle_instability_allraw__tyy__2025_09_28_14_44_09__000471655__pre1_label2_event_trigger,vehicle_instability_allraw__tyy__2025_09_28_14_44_09__000471655,tyy,2025_09_28_14_44_09,471.655,,pre1_label2_event_trigger,-1.0,0.0,0.0,2.0,all_raw_vehicle_dynamic_onset_non_steering,all_raw_detected_vehicle_instability_onset_predict_future_steering_response,instability_ay_roll,weak,curve,1,-0.00729802,77.51,100.0,auto_accept_instability_high,hybrid_accept_high,原始车辆数据/tyy/Entity_Recording_2025_09_28_14_44_09_vehicle.csv,F:\data_set_process\data_process\01_datasets\数据预处理\原始车辆数据\tyy\Entity_Recording_2025_09_28_14_44_09_vehicle.csv,59415e702283573a11af78dfcf113ceeca7f395adbac9aa2e6327363c327ba55,94331,471.655,483.7,12.045,test,train,test,train,567,原始车辆数据/tyy/Entity_Recording_2025_09_28_14_44_09_vehicle.csv,59415e702283573a11af78dfcf113ceeca7f395adbac9aa2e6327363c327ba55,1.0,1.0,-0.08272860199213028
vehicle_instability_allraw__tyy__2025_09_28_14_44_09__000503195__pre1_label2_event_trigger,vehicle_instability_allraw__tyy__2025_09_28_14_44_09__000503195,tyy,2025_09_28_14_44_09,503.195,,pre1_label2_event_trigger,-1.0,0.0,0.0,2.0,all_raw_vehicle_dynamic_onset_non_steering,all_raw_detected_vehicle_instability_onset_predict_future_steering_response,instability_ay_roll,medium_active,curve,1,-0.00729802,58.57,83.92,auto_accept_instability_medium,hybrid_accept_high,原始车辆数据/tyy/Entity_Recording_2025_09_28_14_44_09_vehicle.csv,F:\data_set_process\data_process\01_datasets\数据预处理\原始车辆数据\tyy\Entity_Recording_2025_09_28_14_44_09_vehicle.csv,59415e702283573a11af78dfcf113ceeca7f395adbac9aa2e6327363c327ba55,100639,503.195,504.72,1.525,test,train,test,train,568,原始车辆数据/tyy/Entity_Recording_2025_09_28_14_44_09_vehicle.csv,59415e702283573a11af78dfcf113ceeca7f395adbac9aa2e6327363c327ba55,1.0,1.0,-1.0929301977157593
vehicle_instability_allraw__tyy__2025_09_28_14_44_09__000554145__pre1_label2_event_trigger,vehicle_instability_allraw__tyy__2025_09_28_14_44_09__000554145,tyy,2025_09_28_14_44_09,554.145,,pre1_label2_event_trigger,-1.0,0.0,0.0,2.0,all_raw_vehicle_dynamic_onset_non_steering,all_raw_detected_vehicle_instability_onset_predict_future_steering_response,instability_ay_roll,instability_medium,design_curve_context,1,-0.00729802,65.85,82.58,auto_accept_instability_medium,hybrid_accept_high,原始车辆数据/tyy/Entity_Recording_2025_09_28_14_44_09_vehicle.csv,F:\data_set_process\data_process\01_datasets\数据预处理\原始车辆数据\tyy\Entity_Recording_2025_09_28_14_44_09_vehicle.csv,59415e702283573a11af78dfcf113ceeca7f395adbac9aa2e6327363c327ba55,110829,554.145,554.995,0.85,test,train,test,train,569,原始车辆数据/tyy/Entity_Recording_2025_09_28_14_44_09_vehicle.csv,59415e702283573a11af78dfcf113ceeca7f395adbac9aa2e6327363c327ba55,1.0,1.0,-0.33126300573349
vehicle_instability_allraw__tyy__2025_09_28_14_57_17__000072715__pre1_label2_event_trigger,vehicle_instability_allraw__tyy__2025_09_28_14_57_17__000072715,tyy,2025_09_28_14_57_17,72.715,,pre1_label2_event_trigger,-1.0,0.0,0.0,2.0,all_raw_vehicle_dynamic_onset_non_steering,all_raw_detected_vehicle_instability_onset_predict_future_steering_response,instability_ay_roll,strong_active,straight,0,-0.0,71.52,100.0,auto_accept_instability_medium,hybrid_accept_high,原始车辆数据/tyy/Entity_Recording_2025_09_28_14_57_17_vehicle.csv,F:\data_set_process\data_process\01_datasets\数据预处理\原始车辆数据\tyy\Entity_Recording_2025_09_28_14_57_17_vehicle.csv,dd1127e5cf3742fe46c2d55e839261b79b041c5e7825193aec04e11d57df8d54,14543,72.715,81.35,8.635,train,train,train,train,570,原始车辆数据/tyy/Entity_Recording_2025_09_28_14_57_17_vehicle.csv,dd1127e5cf3742fe46c2d55e839261b79b041c5e7825193aec04e11d57df8d54,1.0,1.0,-0.4454079866409302
vehicle_instability_allraw__tyy__2025_09_28_14_57_17__000106480__pre1_label2_event_trigger,vehicle_instability_allraw__tyy__2025_09_28_14_57_17__000106480,tyy,2025_09_28_14_57_17,106.48,,pre1_label2_event_trigger,-1.0,0.0,0.0,2.0,all_raw_vehicle_dynamic_onset_non_steering,all_raw_detected_vehicle_instability_onset_predict_future_steering_response,instability_ay_roll,strong_active,straight,0,0.0,92.11,100.0,auto_accept_instability_high,hybrid_accept_high,原始车辆数据/tyy/Entity_Recording_2025_09_28_14_57_17_vehicle.csv,F:\data_set_process\data_process\01_datasets\数据预处理\原始车辆数据\tyy\Entity_Recording_2025_09_28_14_57_17_vehicle.csv,dd1127e5cf3742fe46c2d55e839261b79b041c5e7825193aec04e11d57df8d54,21296,106.48,114.86,8.38,train,train,train,train,571,原始车辆数据/tyy/Entity_Recording_2025_09_28_14_57_17_vehicle.csv,dd1127e5cf3742fe46c2d55e839261b79b041c5e7825193aec04e11d57df8d54,1.0,1.0,-0.5096359848976135
vehicle_instability_allraw__tyy__2025_09_28_14_57_17__000158715__pre1_label2_event_trigger,vehicle_instability_allraw__tyy__2025_09_28_14_57_17__000158715,tyy,2025_09_28_14_57_17,158.715,,pre1_label2_event_trigger,-1.0,0.0,0.0,2.0,all_raw_vehicle_dynamic_onset_non_steering,all_raw_detected_vehicle_instability_onset_predict_future_steering_response,instability_ay_roll,extreme_active,straight,1,-0.00729802,93.6,100.0,auto_accept_instability_high,hybrid_accept_high,原始车辆数据/tyy/Entity_Recording_2025_09_28_14_57_17_vehicle.csv,F:\data_set_process\data_process\01_datasets\数据预处理\原始车辆数据\tyy\Entity_Recording_2025_09_28_14_57_17_vehicle.csv,dd1127e5cf3742fe46c2d55e839261b79b041c5e7825193aec04e11d57df8d54,31743,158.715,179.48,20.765,train,test,train,train,572,原始车辆数据/tyy/Entity_Recording_2025_09_28_14_57_17_vehicle.csv,dd1127e5cf3742fe46c2d55e839261b79b041c5e7825193aec04e11d57df8d54,1.0,1.0,-0.4820599853992462
vehicle_instability_allraw__tyy__2025_09_28_14_57_17__000226180__pre1_label2_event_trigger,vehicle_instability_allraw__tyy__2025_09_28_14_57_17__000226180,tyy,2025_09_28_14_57_17,226.18,,pre1_label2_event_trigger,-1.0,0.0,0.0,2.0,all_raw_vehicle_dynamic_onset_non_steering,all_raw_detected_vehicle_instability_onset_predict_future_steering_response,instability_ay_roll,strong_active,straight,0,0.0,56.34,82.77,needs_human_review,hybrid_accept_high,原始车辆数据/tyy/Entity_Recording_2025_09_28_14_57_17_vehicle.csv,F:\data_set_process\data_process\01_datasets\数据预处理\原始车辆数据\tyy\Entity_Recording_2025_09_28_14_57_17_vehicle.csv,dd1127e5cf3742fe46c2d55e839261b79b041c5e7825193aec04e11d57df8d54,45236,226.18,228.445,2.265,train,test,train,train,573,原始车辆数据/tyy/Entity_Recording_2025_09_28_14_57_17_vehicle.csv,dd1127e5cf3742fe46c2d55e839261b79b041c5e7825193aec04e11d57df8d54,1.0,1.0,0.22357699275016785
vehicle_instability_allraw__tyy__2025_09_28_14_57_17__000245865__pre1_label2_event_trigger,vehicle_instability_allraw__tyy__2025_09_28_14_57_17__000245865,tyy,2025_09_28_14_57_17,245.865,,pre1_label2_event_trigger,-1.0,0.0,0.0,2.0,all_raw_vehicle_dynamic_onset_non_steering,all_raw_detected_vehicle_instability_onset_predict_future_steering_response,instability_ay_roll,strong_active,straight,0,-0.0,51.67,86.59,needs_human_review,hybrid_accept_high,原始车辆数据/tyy/Entity_Recording_2025_09_28_14_57_17_vehicle.csv,F:\data_set_process\data_process\01_datasets\数据预处理\原始车辆数据\tyy\Entity_Recording_2025_09_28_14_57_17_vehicle.csv,dd1127e5cf3742fe46c2d55e839261b79b041c5e7825193aec04e11d57df8d54,49173,245.865,250.725,4.86,train,train,train,train,574,原始车辆数据/tyy/Entity_Recording_2025_09_28_14_57_17_vehicle.csv,dd1127e5cf3742fe46c2d55e839261b79b041c5e7825193aec04e11d57df8d54,1.0,1.0,0.03124445118010044
vehicle_instability_allraw__tyy__2025_09_28_14_57_17__000269590__pre1_label2_event_trigger,vehicle_instability_allraw__tyy__2025_09_28_14_57_17__000269590,tyy,2025_09_28_14_57_17,269.59,,pre1_label2_event_trigger,-1.0,0.0,0.0,2.0,all_raw_vehicle_dynamic_onset_non_steering,all_raw_detected_vehicle_instability_onset_predict_future_steering_response,instability_ay_roll,extreme_active,straight,0,0.0,79.86,100.0,auto_accept_instability_high,hybrid_accept_high,原始车辆数据/tyy/Entity_Recording_2025_09_28_14_57_17_vehicle.csv,F:\data_set_process\data_process\01_datasets\数据预处理\原始车辆数据\tyy\Entity_Recording_2025_09_28_14_57_17_vehicle.csv,dd1127e5cf3742fe46c2d55e839261b79b041c5e7825193aec04e11d57df8d54,53918,269.59,277.4,7.81,train,train,train,train,575,原始车辆数据/tyy/Entity_Recording_2025_09_28_14_57_17_vehicle.csv,dd1127e5cf3742fe46c2d55e839261b79b041c5e7825193aec04e11d57df8d54,1.0,1.0,0.1659809947013855
vehicle_instability_allraw__tyy__2025_09_28_14_57_17__000282555__pre1_label2_event_trigger,vehicle_instability_allraw__tyy__2025_09_28_14_57_17__000282555,tyy,2025_09_28_14_57_17,282.555,,pre1_label2_event_trigger,-1.0,0.0,0.0,2.0,all_raw_vehicle_dynamic_onset_non_steering,all_raw_detected_vehicle_instability_onset_predict_future_steering_response,instability_ay_roll,strong_active,straight,0,0.0,58.54,88.64,auto_accept_instability_medium,hybrid_accept_high,原始车辆数据/tyy/Entity_Recording_2025_09_28_14_57_17_vehicle.csv,F:\data_set_process\data_process\01_datasets\数据预处理\原始车辆数据\tyy\Entity_Recording_2025_09_28_14_57_17_vehicle.csv,dd1127e5cf3742fe46c2d55e839261b79b041c5e7825193aec04e11d57df8d54,56511,282.555,288.5,5.945,train,train,train,train,576,原始车辆数据/tyy/Entity_Recording_2025_09_28_14_57_17_vehicle.csv,dd1127e5cf3742fe46c2d55e839261b79b041c5e7825193aec04e11d57df8d54,1.0,1.0,0.16336728632450104
vehicle_instability_allraw__tyy__2025_09_28_14_57_17__000402875__pre1_label2_event_trigger,vehicle_instability_allraw__tyy__2025_09_28_14_57_17__000402875,tyy,2025_09_28_14_57_17,402.875,,pre1_label2_event_trigger,-1.0,0.0,0.0,2.0,all_raw_vehicle_dynamic_onset_non_steering,all_raw_detected_vehicle_instability_onset_predict_future_steering_response,instability_ay_roll,extreme_active,straight,0,-0.0,94.87,100.0,auto_accept_instability_high,hybrid_accept_high,原始车辆数据/tyy/Entity_Recording_2025_09_28_14_57_17_vehicle.csv,F:\data_set_process\data_process\01_datasets\数据预处理\原始车辆数据\tyy\Entity_Recording_2025_09_28_14_57_17_vehicle.csv,dd1127e5cf3742fe46c2d55e839261b79b041c5e7825193aec04e11d57df8d54,80575,402.875,412.065,9.19,train,test,train,train,577,原始车辆数据/tyy/Entity_Recording_2025_09_28_14_57_17_vehicle.csv,dd1127e5cf3742fe46c2d55e839261b79b041c5e7825193aec04e11d57df8d54,1.0,1.0,-0.5855579972267151
vehicle_instability_allraw__tyy__2025_09_28_14_57_17__000427465__pre1_label2_event_trigger,vehicle_instability_allraw__tyy__2025_09_28_14_57_17__000427465,tyy,2025_09_28_14_57_17,427.465,,pre1_label2_event_trigger,-1.0,0.0,0.0,2.0,all_raw_vehicle_dynamic_onset_non_steering,all_raw_detected_vehicle_instability_onset_predict_future_steering_response,instability_ay_roll,extreme_active,straight,0,-0.0,93.03,100.0,auto_accept_instability_high,hybrid_accept_high,原始车辆数据/tyy/Entity_Recording_2025_09_28_14_57_17_vehicle.csv,F:\data_set_process\data_process\01_datasets\数据预处理\原始车辆数据\tyy\Entity_Recording_2025_09_28_14_57_17_vehicle.csv,dd1127e5cf3742fe46c2d55e839261b79b041c5e7825193aec04e11d57df8d54,85493,427.465,432.925,5.46,train,train,train,train,578,原始车辆数据/tyy/Entity_Recording_2025_09_28_14_57_17_vehicle.csv,dd1127e5cf3742fe46c2d55e839261b79b041c5e7825193aec04e11d57df8d54,1.0,1.0,1.2969499826431274
vehicle_instability_allraw__xst__2025_09_26_11_34_18__000146145__pre1_label2_event_trigger,vehicle_instability_allraw__xst__2025_09_26_11_34_18__000146145,xst,2025_09_26_11_34_18,146.145,,pre1_label2_event_trigger,-1.0,0.0,0.0,2.0,all_raw_vehicle_dynamic_onset_non_steering,all_raw_detected_vehicle_instability_onset_predict_future_steering_response,instability_ay_roll,extreme_active,straight,1,-0.00729802,94.29,100.0,auto_accept_instability_high,hybrid_accept_high,原始车辆数据/xst/Entity_Recording_2025_09_26_11_34_18_vehicle.csv,F:\data_set_process\data_process\01_datasets\数据预处理\原始车辆数据\xst\Entity_Recording_2025_09_26_11_34_18_vehicle.csv,ffcc68f826fe7e4441bbce95d509e7ab871ea89bf676c3c0f91a85a242912822,29229,146.145,160.69,14.545,train,test,train,train,579,原始车辆数据/xst/Entity_Recording_2025_09_26_11_34_18_vehicle.csv,ffcc68f826fe7e4441bbce95d509e7ab871ea89bf676c3c0f91a85a242912822,1.0,1.0,-0.36442500352859497
vehicle_instability_allraw__xst__2025_09_26_11_34_18__000342415__pre1_label2_event_trigger,vehicle_instability_allraw__xst__2025_09_26_11_34_18__000342415,xst,2025_09_26_11_34_18,342.415,,pre1_label2_event_trigger,-1.0,0.0,0.0,2.0,all_raw_vehicle_dynamic_onset_non_steering,all_raw_detected_vehicle_instability_onset_predict_future_steering_response,instability_ay_roll,strong_active,straight,0,0.0,59.17,91.81,auto_accept_instability_medium,hybrid_accept_high,原始车辆数据/xst/Entity_Recording_2025_09_26_11_34_18_vehicle.csv,F:\data_set_process\data_process\01_datasets\数据预处理\原始车辆数据\xst\Entity_Recording_2025_09_26_11_34_18_vehicle.csv,ffcc68f826fe7e4441bbce95d509e7ab871ea89bf676c3c0f91a85a242912822,68483,342.415,345.205,2.79,train,val,train,train,580,原始车辆数据/xst/Entity_Recording_2025_09_26_11_34_18_vehicle.csv,ffcc68f826fe7e4441bbce95d509e7ab871ea89bf676c3c0f91a85a242912822,1.0,1.0,-0.47019198536872864
vehicle_instability_allraw__xst__2025_09_26_11_34_18__000697400__pre1_label2_event_trigger,vehicle_instability_allraw__xst__2025_09_26_11_34_18__000697400,xst,2025_09_26_11_34_18,697.4,,pre1_label2_event_trigger,-1.0,0.0,0.0,2.0,all_raw_vehicle_dynamic_onset_non_steering,all_raw_detected_vehicle_instability_onset_predict_future_steering_response,instability_ay_roll,extreme_active,curve,0,0.0,93.41,100.0,auto_accept_instability_high,hybrid_accept_high,原始车辆数据/xst/Entity_Recording_2025_09_26_11_34_18_vehicle.csv,F:\data_set_process\data_process\01_datasets\数据预处理\原始车辆数据\xst\Entity_Recording_2025_09_26_11_34_18_vehicle.csv,ffcc68f826fe7e4441bbce95d509e7ab871ea89bf676c3c0f91a85a242912822,139480,697.4,712.925,15.525,train,val,train,train,581,原始车辆数据/xst/Entity_Recording_2025_09_26_11_34_18_vehicle.csv,ffcc68f826fe7e4441bbce95d509e7ab871ea89bf676c3c0f91a85a242912822,1.0,1.0,-0.43266698718070984
vehicle_instability_allraw__yyl__2025_09_28_09_14_23__000110400__pre1_label2_event_trigger,vehicle_instability_allraw__yyl__2025_09_28_09_14_23__000110400,yyl,2025_09_28_09_14_23,110.4,,pre1_label2_event_trigger,-1.0,0.0,0.0,2.0,all_raw_vehicle_dynamic_onset_non_steering,all_raw_detected_vehicle_instability_onset_predict_future_steering_response,instability_ay_roll,extreme_active,straight,0,0.0,94.97,100.0,auto_accept_instability_high,hybrid_accept_high,原始车辆数据/yyl/Entity_Recording_2025_09_28_09_14_23_vehicle.csv,F:\data_set_process\data_process\01_datasets\数据预处理\原始车辆数据\yyl\Entity_Recording_2025_09_28_09_14_23_vehicle.csv,80bc3ac6a586dcdb7d352958d225aa83d7b409ac15c4b4624e5df06adb176158,22080,110.4,123.815,13.415,train,train,train,train,582,原始车辆数据/yyl/Entity_Recording_2025_09_28_09_14_23_vehicle.csv,80bc3ac6a586dcdb7d352958d225aa83d7b409ac15c4b4624e5df06adb176158,1.0,1.0,-0.422544002532959
vehicle_instability_allraw__yyl__2025_09_28_09_14_23__000137185__pre1_label2_event_trigger,vehicle_instability_allraw__yyl__2025_09_28_09_14_23__000137185,yyl,2025_09_28_09_14_23,137.185,,pre1_label2_event_trigger,-1.0,0.0,0.0,2.0,all_raw_vehicle_dynamic_onset_non_steering,all_raw_detected_vehicle_instability_onset_predict_future_steering_response,instability_ay_roll,strong_active,straight,1,0.0,72.45,100.0,auto_accept_instability_medium,hybrid_accept_high,原始车辆数据/yyl/Entity_Recording_2025_09_28_09_14_23_vehicle.csv,F:\data_set_process\data_process\01_datasets\数据预处理\原始车辆数据\yyl\Entity_Recording_2025_09_28_09_14_23_vehicle.csv,80bc3ac6a586dcdb7d352958d225aa83d7b409ac15c4b4624e5df06adb176158,27437,137.185,150.015,12.83,train,train,train,train,583,原始车辆数据/yyl/Entity_Recording_2025_09_28_09_14_23_vehicle.csv,80bc3ac6a586dcdb7d352958d225aa83d7b409ac15c4b4624e5df06adb176158,1.0,1.0,-0.258309006690979
vehicle_instability_allraw__yyl__2025_09_28_09_14_23__000162835__pre1_label2_event_trigger,vehicle_instability_allraw__yyl__2025_09_28_09_14_23__000162835,yyl,2025_09_28_09_14_23,162.835,,pre1_label2_event_trigger,-1.0,0.0,0.0,2.0,all_raw_vehicle_dynamic_onset_non_steering,all_raw_detected_vehicle_instability_onset_predict_future_steering_response,instability_ay_roll,strong_active,straight,1,0.0,63.82,100.0,auto_accept_instability_medium,hybrid_accept_high,原始车辆数据/yyl/Entity_Recording_2025_09_28_09_14_23_vehicle.csv,F:\data_set_process\data_process\01_datasets\数据预处理\原始车辆数据\yyl\Entity_Recording_2025_09_28_09_14_23_vehicle.csv,80bc3ac6a586dcdb7d352958d225aa83d7b409ac15c4b4624e5df06adb176158,32567,162.835,165.74,2.905,train,test,train,train,584,原始车辆数据/yyl/Entity_Recording_2025_09_28_09_14_23_vehicle.csv,80bc3ac6a586dcdb7d352958d225aa83d7b409ac15c4b4624e5df06adb176158,1.0,1.0,-0.07173299789428711
vehicle_instability_allraw__yyl__2025_09_28_09_14_23__000221950__pre1_label2_event_trigger,vehicle_instability_allraw__yyl__2025_09_28_09_14_23__000221950,yyl,2025_09_28_09_14_23,221.95,,pre1_label2_event_trigger,-1.0,0.0,0.0,2.0,all_raw_vehicle_dynamic_onset_non_steering,all_raw_detected_vehicle_instability_onset_predict_future_steering_response,instability_ay_roll,extreme_active,straight,1,-0.00729802,94.68,100.0,auto_accept_instability_high,hybrid_accept_high,原始车辆数据/yyl/Entity_Recording_2025_09_28_09_14_23_vehicle.csv,F:\data_set_process\data_process\01_datasets\数据预处理\原始车辆数据\yyl\Entity_Recording_2025_09_28_09_14_23_vehicle.csv,80bc3ac6a586dcdb7d352958d225aa83d7b409ac15c4b4624e5df06adb176158,44390,221.95,235.46,13.51,train,test,train,train,585,原始车辆数据/yyl/Entity_Recording_2025_09_28_09_14_23_vehicle.csv,80bc3ac6a586dcdb7d352958d225aa83d7b409ac15c4b4624e5df06adb176158,1.0,1.0,-0.40718498826026917
vehicle_instability_allraw__yyl__2025_09_28_09_14_23__000431885__pre1_label2_event_trigger,vehicle_instability_allraw__yyl__2025_09_28_09_14_23__000431885,yyl,2025_09_28_09_14_23,431.885,,pre1_label2_event_trigger,-1.0,0.0,0.0,2.0,all_raw_vehicle_dynamic_onset_non_steering,all_raw_detected_vehicle_instability_onset_predict_future_steering_response,instability_ay_roll,strong_active,straight,0,-0.0,73.0,100.0,auto_accept_instability_medium,hybrid_accept_high,原始车辆数据/yyl/Entity_Recording_2025_09_28_09_14_23_vehicle.csv,F:\data_set_process\data_process\01_datasets\数据预处理\原始车辆数据\yyl\Entity_Recording_2025_09_28_09_14_23_vehicle.csv,80bc3ac6a586dcdb7d352958d225aa83d7b409ac15c4b4624e5df06adb176158,86377,431.885,451.185,19.3,train,train,train,train,586,原始车辆数据/yyl/Entity_Recording_2025_09_28_09_14_23_vehicle.csv,80bc3ac6a586dcdb7d352958d225aa83d7b409ac15c4b4624e5df06adb176158,1.0,1.0,0.15777802467346191
vehicle_instability_allraw__yyl__2025_09_28_09_14_23__000487260__pre1_label2_event_trigger,vehicle_instability_allraw__yyl__2025_09_28_09_14_23__000487260,yyl,2025_09_28_09_14_23,487.26,,pre1_label2_event_trigger,-1.0,0.0,0.0,2.0,all_raw_vehicle_dynamic_onset_non_steering,all_raw_detected_vehicle_instability_onset_predict_future_steering_response,instability_ay_roll,weak,curve,0,-0.0,75.02,94.28,auto_accept_instability_high,hybrid_accept_high,原始车辆数据/yyl/Entity_Recording_2025_09_28_09_14_23_vehicle.csv,F:\data_set_process\data_process\01_datasets\数据预处理\原始车辆数据\yyl\Entity_Recording_2025_09_28_09_14_23_vehicle.csv,80bc3ac6a586dcdb7d352958d225aa83d7b409ac15c4b4624e5df06adb176158,97452,487.26,502.6,15.34,train,test,train,train,587,原始车辆数据/yyl/Entity_Recording_2025_09_28_09_14_23_vehicle.csv,80bc3ac6a586dcdb7d352958d225aa83d7b409ac15c4b4624e5df06adb176158,1.0,1.0,0.09581860154867172
vehicle_instability_allraw__yyl__2025_09_28_09_14_23__000516925__pre1_label2_event_trigger,vehicle_instability_allraw__yyl__2025_09_28_09_14_23__000516925,yyl,2025_09_28_09_14_23,516.925,,pre1_label2_event_trigger,-1.0,0.0,0.0,2.0,all_raw_vehicle_dynamic_onset_non_steering,all_raw_detected_vehicle_instability_onset_predict_future_steering_response,instability_ay_roll,strong_active,straight,1,-0.0,76.01,100.0,auto_accept_instability_high,hybrid_accept_high,原始车辆数据/yyl/Entity_Recording_2025_09_28_09_14_23_vehicle.csv,F:\data_set_process\data_process\01_datasets\数据预处理\原始车辆数据\yyl\Entity_Recording_2025_09_28_09_14_23_vehicle.csv,80bc3ac6a586dcdb7d352958d225aa83d7b409ac15c4b4624e5df06adb176158,103385,516.925,526.01,9.085,train,train,train,train,588,原始车辆数据/yyl/Entity_Recording_2025_09_28_09_14_23_vehicle.csv,80bc3ac6a586dcdb7d352958d225aa83d7b409ac15c4b4624e5df06adb176158,1.0,1.0,-0.43737998604774475
vehicle_instability_allraw__yyl__2025_09_28_09_14_23__000568235__pre1_label2_event_trigger,vehicle_instability_allraw__yyl__2025_09_28_09_14_23__000568235,yyl,2025_09_28_09_14_23,568.235,,pre1_label2_event_trigger,-1.0,0.0,0.0,2.0,all_raw_vehicle_dynamic_onset_non_steering,all_raw_detected_vehicle_instability_onset_predict_future_steering_response,instability_ay_roll,extreme_active,straight,0,0.0,89.99,100.0,auto_accept_instability_high,hybrid_accept_high,原始车辆数据/yyl/Entity_Recording_2025_09_28_09_14_23_vehicle.csv,F:\data_set_process\data_process\01_datasets\数据预处理\原始车辆数据\yyl\Entity_Recording_2025_09_28_09_14_23_vehicle.csv,80bc3ac6a586dcdb7d352958d225aa83d7b409ac15c4b4624e5df06adb176158,113647,568.235,581.56,13.325,train,train,train,train,589,原始车辆数据/yyl/Entity_Recording_2025_09_28_09_14_23_vehicle.csv,80bc3ac6a586dcdb7d352958d225aa83d7b409ac15c4b4624e5df06adb176158,1.0,1.0,0.2431235909461975
vehicle_instability_allraw__yyl__2025_09_28_09_14_23__000712505__pre1_label2_event_trigger,vehicle_instability_allraw__yyl__2025_09_28_09_14_23__000712505,yyl,2025_09_28_09_14_23,712.505,,pre1_label2_event_trigger,-1.0,0.0,0.0,2.0,all_raw_vehicle_dynamic_onset_non_steering,all_raw_detected_vehicle_instability_onset_predict_future_steering_response,instability_ay_roll,strong_active,straight,0,0.0,61.38,100.0,auto_accept_instability_medium,hybrid_accept_high,原始车辆数据/yyl/Entity_Recording_2025_09_28_09_14_23_vehicle.csv,F:\data_set_process\data_process\01_datasets\数据预处理\原始车辆数据\yyl\Entity_Recording_2025_09_28_09_14_23_vehicle.csv,80bc3ac6a586dcdb7d352958d225aa83d7b409ac15c4b4624e5df06adb176158,142501,712.505,726.525,14.02,train,train,train,train,590,原始车辆数据/yyl/Entity_Recording_2025_09_28_09_14_23_vehicle.csv,80bc3ac6a586dcdb7d352958d225aa83d7b409ac15c4b4624e5df06adb176158,1.0,1.0,-0.19146299362182617
vehicle_instability_allraw__yyl__2025_09_28_09_14_23__000748255__pre1_label2_event_trigger,vehicle_instability_allraw__yyl__2025_09_28_09_14_23__000748255,yyl,2025_09_28_09_14_23,748.255,,pre1_label2_event_trigger,-1.0,0.0,0.0,2.0,all_raw_vehicle_dynamic_onset_non_steering,all_raw_detected_vehicle_instability_onset_predict_future_steering_response,instability_ay_roll,extreme_active,straight,0,0.0,94.43,100.0,auto_accept_instability_high,hybrid_accept_high,原始车辆数据/yyl/Entity_Recording_2025_09_28_09_14_23_vehicle.csv,F:\data_set_process\data_process\01_datasets\数据预处理\原始车辆数据\yyl\Entity_Recording_2025_09_28_09_14_23_vehicle.csv,80bc3ac6a586dcdb7d352958d225aa83d7b409ac15c4b4624e5df06adb176158,149651,748.255,761.1,12.845,train,train,train,train,591,原始车辆数据/yyl/Entity_Recording_2025_09_28_09_14_23_vehicle.csv,80bc3ac6a586dcdb7d352958d225aa83d7b409ac15c4b4624e5df06adb176158,1.0,1.0,-0.35238200426101685
vehicle_instability_allraw__yyl__2025_09_28_09_29_01__000104675__pre1_label2_event_trigger,vehicle_instability_allraw__yyl__2025_09_28_09_29_01__000104675,yyl,2025_09_28_09_29_01,104.675,,pre1_label2_event_trigger,-1.0,0.0,0.0,2.0,all_raw_vehicle_dynamic_onset_non_steering,all_raw_detected_vehicle_instability_onset_predict_future_steering_response,instability_ay_roll,medium_active,straight,0,0.0,67.24,100.0,auto_accept_instability_medium,hybrid_accept_high,原始车辆数据/yyl/Entity_Recording_2025_09_28_09_29_01_vehicle.csv,F:\data_set_process\data_process\01_datasets\数据预处理\原始车辆数据\yyl\Entity_Recording_2025_09_28_09_29_01_vehicle.csv,3de1ae55d57dc132ce70fcb32d92de10d5d75309038b012cf5123e4f16b4b504,20935,104.675,113.845,9.17,train,train,train,train,592,原始车辆数据/yyl/Entity_Recording_2025_09_28_09_29_01_vehicle.csv,3de1ae55d57dc132ce70fcb32d92de10d5d75309038b012cf5123e4f16b4b504,1.0,1.0,-0.4537859857082367
vehicle_instability_allraw__yyl__2025_09_28_09_29_01__000148435__pre1_label2_event_trigger,vehicle_instability_allraw__yyl__2025_09_28_09_29_01__000148435,yyl,2025_09_28_09_29_01,148.435,,pre1_label2_event_trigger,-1.0,0.0,0.0,2.0,all_raw_vehicle_dynamic_onset_non_steering,all_raw_detected_vehicle_instability_onset_predict_future_steering_response,instability_ay_roll,strong_active,straight,1,-0.00729802,76.15,100.0,auto_accept_instability_high,hybrid_accept_high,原始车辆数据/yyl/Entity_Recording_2025_09_28_09_29_01_vehicle.csv,F:\data_set_process\data_process\01_datasets\数据预处理\原始车辆数据\yyl\Entity_Recording_2025_09_28_09_29_01_vehicle.csv,3de1ae55d57dc132ce70fcb32d92de10d5d75309038b012cf5123e4f16b4b504,29687,148.435,165.745,17.31,train,val,train,train,593,原始车辆数据/yyl/Entity_Recording_2025_09_28_09_29_01_vehicle.csv,3de1ae55d57dc132ce70fcb32d92de10d5d75309038b012cf5123e4f16b4b504,1.0,1.0,-0.4471530020236969
vehicle_instability_allraw__yyl__2025_09_28_09_29_01__000179185__pre1_label2_event_trigger,vehicle_instability_allraw__yyl__2025_09_28_09_29_01__000179185,yyl,2025_09_28_09_29_01,179.185,,pre1_label2_event_trigger,-1.0,0.0,0.0,2.0,all_raw_vehicle_dynamic_onset_non_steering,all_raw_detected_vehicle_instability_onset_predict_future_steering_response,instability_ay_roll,strong_active,straight,0,0.0,67.84,98.37,auto_accept_instability_medium,hybrid_accept_high,原始车辆数据/yyl/Entity_Recording_2025_09_28_09_29_01_vehicle.csv,F:\data_set_process\data_process\01_datasets\数据预处理\原始车辆数据\yyl\Entity_Recording_2025_09_28_09_29_01_vehicle.csv,3de1ae55d57dc132ce70fcb32d92de10d5d75309038b012cf5123e4f16b4b504,35837,179.185,200.39,21.205,train,train,train,train,594,原始车辆数据/yyl/Entity_Recording_2025_09_28_09_29_01_vehicle.csv,3de1ae55d57dc132ce70fcb32d92de10d5d75309038b012cf5123e4f16b4b504,1.0,1.0,0.14381499588489532
vehicle_instability_allraw__yyl__2025_09_28_09_29_01__000210525__pre1_label2_event_trigger,vehicle_instability_allraw__yyl__2025_09_28_09_29_01__000210525,yyl,2025_09_28_09_29_01,210.525,,pre1_label2_event_trigger,-1.0,0.0,0.0,2.0,all_raw_vehicle_dynamic_onset_non_steering,all_raw_detected_vehicle_instability_onset_predict_future_steering_response,instability_ay_roll,strong_active,straight,0,0.0,59.32,92.51,auto_accept_instability_medium,hybrid_accept_high,原始车辆数据/yyl/Entity_Recording_2025_09_28_09_29_01_vehicle.csv,F:\data_set_process\data_process\01_datasets\数据预处理\原始车辆数据\yyl\Entity_Recording_2025_09_28_09_29_01_vehicle.csv,3de1ae55d57dc132ce70fcb32d92de10d5d75309038b012cf5123e4f16b4b504,42105,210.525,217.98,7.455,train,train,train,train,595,原始车辆数据/yyl/Entity_Recording_2025_09_28_09_29_01_vehicle.csv,3de1ae55d57dc132ce70fcb32d92de10d5d75309038b012cf5123e4f16b4b504,1.0,1.0,0.030368700623512268
vehicle_instability_allraw__yyl__2025_09_28_09_29_01__000235890__pre1_label2_event_trigger,vehicle_instability_allraw__yyl__2025_09_28_09_29_01__000235890,yyl,2025_09_28_09_29_01,235.89,,pre1_label2_event_trigger,-1.0,0.0,0.0,2.0,all_raw_vehicle_dynamic_onset_non_steering,all_raw_detected_vehicle_instability_onset_predict_future_steering_response,instability_ay_roll,strong_active,straight,0,0.0,73.03,100.0,auto_accept_instability_medium,hybrid_accept_high,原始车辆数据/yyl/Entity_Recording_2025_09_28_09_29_01_vehicle.csv,F:\data_set_process\data_process\01_datasets\数据预处理\原始车辆数据\yyl\Entity_Recording_2025_09_28_09_29_01_vehicle.csv,3de1ae55d57dc132ce70fcb32d92de10d5d75309038b012cf5123e4f16b4b504,47178,235.89,239.1,3.21,train,train,train,train,596,原始车辆数据/yyl/Entity_Recording_2025_09_28_09_29_01_vehicle.csv,3de1ae55d57dc132ce70fcb32d92de10d5d75309038b012cf5123e4f16b4b504,1.0,1.0,0.10576710104942322
vehicle_instability_allraw__yyl__2025_09_28_09_29_01__000252350__pre1_label2_event_trigger,vehicle_instability_allraw__yyl__2025_09_28_09_29_01__000252350,yyl,2025_09_28_09_29_01,252.35,,pre1_label2_event_trigger,-1.0,0.0,0.0,2.0,all_raw_vehicle_dynamic_onset_non_steering,all_raw_detected_vehicle_instability_onset_predict_future_steering_response,instability_ay_roll,extreme_active,straight,0,0.0,81.21,100.0,auto_accept_instability_high,hybrid_accept_high,原始车辆数据/yyl/Entity_Recording_2025_09_28_09_29_01_vehicle.csv,F:\data_set_process\data_process\01_datasets\数据预处理\原始车辆数据\yyl\Entity_Recording_2025_09_28_09_29_01_vehicle.csv,3de1ae55d57dc132ce70fcb32d92de10d5d75309038b012cf5123e4f16b4b504,50470,252.35,259.15,6.8,train,train,train,train,597,原始车辆数据/yyl/Entity_Recording_2025_09_28_09_29_01_vehicle.csv,3de1ae55d57dc132ce70fcb32d92de10d5d75309038b012cf5123e4f16b4b504,1.0,1.0,-0.45099300146102905
vehicle_instability_allraw__yyl__2025_09_28_09_29_01__000293785__pre1_label2_event_trigger,vehicle_instability_allraw__yyl__2025_09_28_09_29_01__000293785,yyl,2025_09_28_09_29_01,293.785,,pre1_label2_event_trigger,-1.0,0.0,0.0,2.0,all_raw_vehicle_dynamic_onset_non_steering,all_raw_detected_vehicle_instability_onset_predict_future_steering_response,instability_ay_roll,medium_active,curve,0,0.0,92.36,100.0,auto_accept_instability_high,hybrid_accept_high,原始车辆数据/yyl/Entity_Recording_2025_09_28_09_29_01_vehicle.csv,F:\data_set_process\data_process\01_datasets\数据预处理\原始车辆数据\yyl\Entity_Recording_2025_09_28_09_29_01_vehicle.csv,3de1ae55d57dc132ce70fcb32d92de10d5d75309038b012cf5123e4f16b4b504,58757,293.785,309.015,15.23,train,train,train,train,598,原始车辆数据/yyl/Entity_Recording_2025_09_28_09_29_01_vehicle.csv,3de1ae55d57dc132ce70fcb32d92de10d5d75309038b012cf5123e4f16b4b504,1.0,1.0,0.09180430322885513
vehicle_instability_allraw__yyl__2025_09_28_09_29_01__000324915__pre1_label2_event_trigger,vehicle_instability_allraw__yyl__2025_09_28_09_29_01__000324915,yyl,2025_09_28_09_29_01,324.915,,pre1_label2_event_trigger,-1.0,0.0,0.0,2.0,all_raw_vehicle_dynamic_onset_non_steering,all_raw_detected_vehicle_instability_onset_predict_future_steering_response,instability_ay_roll,strong_active,straight,1,0.0,62.55,96.66,auto_accept_instability_medium,hybrid_accept_high,原始车辆数据/yyl/Entity_Recording_2025_09_28_09_29_01_vehicle.csv,F:\data_set_process\data_process\01_datasets\数据预处理\原始车辆数据\yyl\Entity_Recording_2025_09_28_09_29_01_vehicle.csv,3de1ae55d57dc132ce70fcb32d92de10d5d75309038b012cf5123e4f16b4b504,64983,324.915,340.375,15.46,train,train,train,train,599,原始车辆数据/yyl/Entity_Recording_2025_09_28_09_29_01_vehicle.csv,3de1ae55d57dc132ce70fcb32d92de10d5d75309038b012cf5123e4f16b4b504,1.0,1.0,-0.3010689914226532
vehicle_instability_allraw__yyl__2025_09_28_09_29_01__000357555__pre1_label2_event_trigger,vehicle_instability_allraw__yyl__2025_09_28_09_29_01__000357555,yyl,2025_09_28_09_29_01,357.555,,pre1_label2_event_trigger,-1.0,0.0,0.0,2.0,all_raw_vehicle_dynamic_onset_non_steering,all_raw_detected_vehicle_instability_onset_predict_future_steering_response,instability_ay_roll,strong_active,straight,0,0.0,59.45,87.44,auto_accept_instability_medium,hybrid_accept_high,原始车辆数据/yyl/Entity_Recording_2025_09_28_09_29_01_vehicle.csv,F:\data_set_process\data_process\01_datasets\数据预处理\原始车辆数据\yyl\Entity_Recording_2025_09_28_09_29_01_vehicle.csv,3de1ae55d57dc132ce70fcb32d92de10d5d75309038b012cf5123e4f16b4b504,71511,357.555,360.475,2.92,train,train,train,train,600,原始车辆数据/yyl/Entity_Recording_2025_09_28_09_29_01_vehicle.csv,3de1ae55d57dc132ce70fcb32d92de10d5d75309038b012cf5123e4f16b4b504,1.0,1.0,-0.43371400237083435
vehicle_instability_allraw__yyl__2025_09_28_09_29_01__000380585__pre1_label2_event_trigger,vehicle_instability_allraw__yyl__2025_09_28_09_29_01__000380585,yyl,2025_09_28_09_29_01,380.585,,pre1_label2_event_trigger,-1.0,0.0,0.0,2.0,all_raw_vehicle_dynamic_onset_non_steering,all_raw_detected_vehicle_instability_onset_predict_future_steering_response,instability_ay_roll,strong_active,straight,0,0.0,61.29,95.95,auto_accept_instability_medium,hybrid_accept_high,原始车辆数据/yyl/Entity_Recording_2025_09_28_09_29_01_vehicle.csv,F:\data_set_process\data_process\01_datasets\数据预处理\原始车辆数据\yyl\Entity_Recording_2025_09_28_09_29_01_vehicle.csv,3de1ae55d57dc132ce70fcb32d92de10d5d75309038b012cf5123e4f16b4b504,76117,380.585,393.05,12.465,train,train,train,train,601,原始车辆数据/yyl/Entity_Recording_2025_09_28_09_29_01_vehicle.csv,3de1ae55d57dc132ce70fcb32d92de10d5d75309038b012cf5123e4f16b4b504,1.0,1.0,0.24801099300384521
vehicle_instability_allraw__yyl__2025_09_28_09_29_01__000449070__pre1_label2_event_trigger,vehicle_instability_allraw__yyl__2025_09_28_09_29_01__000449070,yyl,2025_09_28_09_29_01,449.07,,pre1_label2_event_trigger,-1.0,0.0,0.0,2.0,all_raw_vehicle_dynamic_onset_non_steering,all_raw_detected_vehicle_instability_onset_predict_future_steering_response,instability_ay_roll,strong_active,straight,0,0.0,61.36,96.7,auto_accept_instability_medium,hybrid_accept_high,原始车辆数据/yyl/Entity_Recording_2025_09_28_09_29_01_vehicle.csv,F:\data_set_process\data_process\01_datasets\数据预处理\原始车辆数据\yyl\Entity_Recording_2025_09_28_09_29_01_vehicle.csv,3de1ae55d57dc132ce70fcb32d92de10d5d75309038b012cf5123e4f16b4b504,89814,449.07,461.49,12.42,train,train,train,train,602,原始车辆数据/yyl/Entity_Recording_2025_09_28_09_29_01_vehicle.csv,3de1ae55d57dc132ce70fcb32d92de10d5d75309038b012cf5123e4f16b4b504,1.0,1.0,-0.5242969989776611
vehicle_instability_allraw__yyl__2025_09_28_09_29_01__000514465__pre1_label2_event_trigger,vehicle_instability_allraw__yyl__2025_09_28_09_29_01__000514465,yyl,2025_09_28_09_29_01,514.465,,pre1_label2_event_trigger,-1.0,0.0,0.0,2.0,all_raw_vehicle_dynamic_onset_non_steering,all_raw_detected_vehicle_instability_onset_predict_future_steering_response,instability_ay_roll,extreme_active,straight,0,0.0,75.84,100.0,auto_accept_instability_high,hybrid_accept_high,原始车辆数据/yyl/Entity_Recording_2025_09_28_09_29_01_vehicle.csv,F:\data_set_process\data_process\01_datasets\数据预处理\原始车辆数据\yyl\Entity_Recording_2025_09_28_09_29_01_vehicle.csv,3de1ae55d57dc132ce70fcb32d92de10d5d75309038b012cf5123e4f16b4b504,102893,514.465,525.07,10.605,train,train,train,train,603,原始车辆数据/yyl/Entity_Recording_2025_09_28_09_29_01_vehicle.csv,3de1ae55d57dc132ce70fcb32d92de10d5d75309038b012cf5123e4f16b4b504,1.0,1.0,0.3097950220108032
vehicle_instability_allraw__yyl__2025_09_28_09_29_01__000542080__pre1_label2_event_trigger,vehicle_instability_allraw__yyl__2025_09_28_09_29_01__000542080,yyl,2025_09_28_09_29_01,542.08,,pre1_label2_event_trigger,-1.0,0.0,0.0,2.0,all_raw_vehicle_dynamic_onset_non_steering,all_raw_detected_vehicle_instability_onset_predict_future_steering_response,instability_ay_roll,strong_active,straight,0,0.0,73.46,100.0,auto_accept_instability_medium,hybrid_accept_high,原始车辆数据/yyl/Entity_Recording_2025_09_28_09_29_01_vehicle.csv,F:\data_set_process\data_process\01_datasets\数据预处理\原始车辆数据\yyl\Entity_Recording_2025_09_28_09_29_01_vehicle.csv,3de1ae55d57dc132ce70fcb32d92de10d5d75309038b012cf5123e4f16b4b504,108416,542.08,567.175,25.095,train,test,train,train,604,原始车辆数据/yyl/Entity_Recording_2025_09_28_09_29_01_vehicle.csv,3de1ae55d57dc132ce70fcb32d92de10d5d75309038b012cf5123e4f16b4b504,1.0,1.0,-0.3003712296485901
vehicle_instability_allraw__yyl__2025_09_28_09_39_01__000144355__pre1_label2_event_trigger,vehicle_instability_allraw__yyl__2025_09_28_09_39_01__000144355,yyl,2025_09_28_09_39_01,144.355,,pre1_label2_event_trigger,-1.0,0.0,0.0,2.0,all_raw_vehicle_dynamic_onset_non_steering,all_raw_detected_vehicle_instability_onset_predict_future_steering_response,instability_ay_roll,strong_active,straight,1,-0.00729802,80.7,100.0,auto_accept_instability_high,hybrid_accept_high,原始车辆数据/yyl/Entity_Recording_2025_09_28_09_39_01_vehicle.csv,F:\data_set_process\data_process\01_datasets\数据预处理\原始车辆数据\yyl\Entity_Recording_2025_09_28_09_39_01_vehicle.csv,08e893cf7dda234d56740bce279b4f199ef4b459524f714469a692f5407d2cdc,28871,144.355,161.35,16.995,train,train,train,train,605,原始车辆数据/yyl/Entity_Recording_2025_09_28_09_39_01_vehicle.csv,08e893cf7dda234d56740bce279b4f199ef4b459524f714469a692f5407d2cdc,1.0,1.0,-0.44593194127082825
vehicle_instability_allraw__yyl__2025_09_28_09_39_01__000163950__pre1_label2_event_trigger,vehicle_instability_allraw__yyl__2025_09_28_09_39_01__000163950,yyl,2025_09_28_09_39_01,163.95,,pre1_label2_event_trigger,-1.0,0.0,0.0,2.0,all_raw_vehicle_dynamic_onset_non_steering,all_raw_detected_vehicle_instability_onset_predict_future_steering_response,instability_ay_roll,strong_active,curve,1,-0.00010172,61.62,89.71,auto_accept_instability_medium,hybrid_accept_high,原始车辆数据/yyl/Entity_Recording_2025_09_28_09_39_01_vehicle.csv,F:\data_set_process\data_process\01_datasets\数据预处理\原始车辆数据\yyl\Entity_Recording_2025_09_28_09_39_01_vehicle.csv,08e893cf7dda234d56740bce279b4f199ef4b459524f714469a692f5407d2cdc,32790,163.95,170.465,6.515,train,val,train,train,606,原始车辆数据/yyl/Entity_Recording_2025_09_28_09_39_01_vehicle.csv,08e893cf7dda234d56740bce279b4f199ef4b459524f714469a692f5407d2cdc,1.0,1.0,-0.4527384042739868
vehicle_instability_allraw__yyl__2025_09_28_09_39_01__000291795__pre1_label2_event_trigger,vehicle_instability_allraw__yyl__2025_09_28_09_39_01__000291795,yyl,2025_09_28_09_39_01,291.795,,pre1_label2_event_trigger,-1.0,0.0,0.0,2.0,all_raw_vehicle_dynamic_onset_non_steering,all_raw_detected_vehicle_instability_onset_predict_future_steering_response,instability_ay_roll,strong_active,straight,0,0.0,83.07,100.0,auto_accept_instability_high,hybrid_accept_high,原始车辆数据/yyl/Entity_Recording_2025_09_28_09_39_01_vehicle.csv,F:\data_set_process\data_process\01_datasets\数据预处理\原始车辆数据\yyl\Entity_Recording_2025_09_28_09_39_01_vehicle.csv,08e893cf7dda234d56740bce279b4f199ef4b459524f714469a692f5407d2cdc,58359,291.795,310.455,18.66,train,train,train,train,607,原始车辆数据/yyl/Entity_Recording_2025_09_28_09_39_01_vehicle.csv,08e893cf7dda234d56740bce279b4f199ef4b459524f714469a692f5407d2cdc,1.0,1.0,-0.20786899328231812
vehicle_instability_allraw__yyl__2025_09_28_09_39_01__000375965__pre1_label2_event_trigger,vehicle_instability_allraw__yyl__2025_09_28_09_39_01__000375965,yyl,2025_09_28_09_39_01,375.965,,pre1_label2_event_trigger,-1.0,0.0,0.0,2.0,all_raw_vehicle_dynamic_onset_non_steering,all_raw_detected_vehicle_instability_onset_predict_future_steering_response,instability_ay_roll,medium_active,straight,0,0.0,68.46,97.9,auto_accept_instability_medium,hybrid_accept_high,原始车辆数据/yyl/Entity_Recording_2025_09_28_09_39_01_vehicle.csv,F:\data_set_process\data_process\01_datasets\数据预处理\原始车辆数据\yyl\Entity_Recording_2025_09_28_09_39_01_vehicle.csv,08e893cf7dda234d56740bce279b4f199ef4b459524f714469a692f5407d2cdc,75193,375.965,388.775,12.81,train,train,train,train,608,原始车辆数据/yyl/Entity_Recording_2025_09_28_09_39_01_vehicle.csv,08e893cf7dda234d56740bce279b4f199ef4b459524f714469a692f5407d2cdc,1.0,1.0,0.157603457570076
vehicle_instability_allraw__yyl__2025_09_28_09_39_01__000440640__pre1_label2_event_trigger,vehicle_instability_allraw__yyl__2025_09_28_09_39_01__000440640,yyl,2025_09_28_09_39_01,440.64,,pre1_label2_event_trigger,-1.0,0.0,0.0,2.0,all_raw_vehicle_dynamic_onset_non_steering,all_raw_detected_vehicle_instability_onset_predict_future_steering_response,instability_ay_roll,strong_active,straight,0,0.0,68.91,98.51,auto_accept_instability_medium,hybrid_accept_high,原始车辆数据/yyl/Entity_Recording_2025_09_28_09_39_01_vehicle.csv,F:\data_set_process\data_process\01_datasets\数据预处理\原始车辆数据\yyl\Entity_Recording_2025_09_28_09_39_01_vehicle.csv,08e893cf7dda234d56740bce279b4f199ef4b459524f714469a692f5407d2cdc,88128,440.64,458.145,17.505,train,val,train,train,609,原始车辆数据/yyl/Entity_Recording_2025_09_28_09_39_01_vehicle.csv,08e893cf7dda234d56740bce279b4f199ef4b459524f714469a692f5407d2cdc,1.0,1.0,-0.510683000087738
vehicle_instability_allraw__yyl__2025_09_28_09_39_01__000513705__pre1_label2_event_trigger,vehicle_instability_allraw__yyl__2025_09_28_09_39_01__000513705,yyl,2025_09_28_09_39_01,513.705,,pre1_label2_event_trigger,-1.0,0.0,0.0,2.0,all_raw_vehicle_dynamic_onset_non_steering,all_raw_detected_vehicle_instability_onset_predict_future_steering_response,instability_ay_roll,strong_active,straight,0,-0.0,56.38,96.78,needs_human_review,hybrid_accept_high,原始车辆数据/yyl/Entity_Recording_2025_09_28_09_39_01_vehicle.csv,F:\data_set_process\data_process\01_datasets\数据预处理\原始车辆数据\yyl\Entity_Recording_2025_09_28_09_39_01_vehicle.csv,08e893cf7dda234d56740bce279b4f199ef4b459524f714469a692f5407d2cdc,102741,513.705,564.295,50.59,train,val,train,train,610,原始车辆数据/yyl/Entity_Recording_2025_09_28_09_39_01_vehicle.csv,08e893cf7dda234d56740bce279b4f199ef4b459524f714469a692f5407d2cdc,1.0,1.0,0.21729299426078796
vehicle_instability_allraw__yyl__2025_09_28_09_49_11__000062885__pre1_label2_event_trigger,vehicle_instability_allraw__yyl__2025_09_28_09_49_11__000062885,yyl,2025_09_28_09_49_11,62.885,,pre1_label2_event_trigger,-1.0,0.0,0.0,2.0,all_raw_vehicle_dynamic_onset_non_steering,all_raw_detected_vehicle_instability_onset_predict_future_steering_response,instability_ay_roll,strong_active,straight,0,0.0,75.38,100.0,auto_accept_instability_high,hybrid_accept_high,原始车辆数据/yyl/Entity_Recording_2025_09_28_09_49_11_vehicle.csv,F:\data_set_process\data_process\01_datasets\数据预处理\原始车辆数据\yyl\Entity_Recording_2025_09_28_09_49_11_vehicle.csv,1e3806d86e15e3caea58ca610f6ee8cb5b2550b33764331a2cda1e29e1483843,12577,62.885,71.555,8.67,test,train,test,train,611,原始车辆数据/yyl/Entity_Recording_2025_09_28_09_49_11_vehicle.csv,1e3806d86e15e3caea58ca610f6ee8cb5b2550b33764331a2cda1e29e1483843,1.0,1.0,-0.039093393832445145
vehicle_instability_allraw__yyl__2025_09_28_09_49_11__000090445__pre1_label2_event_trigger,vehicle_instability_allraw__yyl__2025_09_28_09_49_11__000090445,yyl,2025_09_28_09_49_11,90.445,,pre1_label2_event_trigger,-1.0,0.0,0.0,2.0,all_raw_vehicle_dynamic_onset_non_steering,all_raw_detected_vehicle_instability_onset_predict_future_steering_response,instability_ay_roll,strong_active,straight,0,0.0,70.0,100.0,auto_accept_instability_medium,hybrid_accept_high,原始车辆数据/yyl/Entity_Recording_2025_09_28_09_49_11_vehicle.csv,F:\data_set_process\data_process\01_datasets\数据预处理\原始车辆数据\yyl\Entity_Recording_2025_09_28_09_49_11_vehicle.csv,1e3806d86e15e3caea58ca610f6ee8cb5b2550b33764331a2cda1e29e1483843,18089,90.445,99.85,9.405,test,train,test,train,612,原始车辆数据/yyl/Entity_Recording_2025_09_28_09_49_11_vehicle.csv,1e3806d86e15e3caea58ca610f6ee8cb5b2550b33764331a2cda1e29e1483843,1.0,1.0,-0.32148998975753784
vehicle_instability_allraw__yyl__2025_09_28_09_49_11__000132255__pre1_label2_event_trigger,vehicle_instability_allraw__yyl__2025_09_28_09_49_11__000132255,yyl,2025_09_28_09_49_11,132.255,,pre1_label2_event_trigger,-1.0,0.0,0.0,2.0,all_raw_vehicle_dynamic_onset_non_steering,all_raw_detected_vehicle_instability_onset_predict_future_steering_response,instability_ay_roll,extreme_active,straight,1,-0.00729802,93.63,100.0,auto_accept_instability_high,hybrid_accept_high,原始车辆数据/yyl/Entity_Recording_2025_09_28_09_49_11_vehicle.csv,F:\data_set_process\data_process\01_datasets\数据预处理\原始车辆数据\yyl\Entity_Recording_2025_09_28_09_49_11_vehicle.csv,1e3806d86e15e3caea58ca610f6ee8cb5b2550b33764331a2cda1e29e1483843,26451,132.255,146.595,14.34,test,train,test,train,613,原始车辆数据/yyl/Entity_Recording_2025_09_28_09_49_11_vehicle.csv,1e3806d86e15e3caea58ca610f6ee8cb5b2550b33764331a2cda1e29e1483843,1.0,1.0,-0.41940298676490784
vehicle_instability_allraw__yyl__2025_09_28_09_49_11__000149170__pre1_label2_event_trigger,vehicle_instability_allraw__yyl__2025_09_28_09_49_11__000149170,yyl,2025_09_28_09_49_11,149.17,,pre1_label2_event_trigger,-1.0,0.0,0.0,2.0,all_raw_vehicle_dynamic_onset_non_steering,all_raw_detected_vehicle_instability_onset_predict_future_steering_response,instability_ay_roll,instability_strong,design_curve_context,1,-0.00729802,74.65,94.36,auto_accept_instability_medium,hybrid_accept_high,原始车辆数据/yyl/Entity_Recording_2025_09_28_09_49_11_vehicle.csv,F:\data_set_process\data_process\01_datasets\数据预处理\原始车辆数据\yyl\Entity_Recording_2025_09_28_09_49_11_vehicle.csv,1e3806d86e15e3caea58ca610f6ee8cb5b2550b33764331a2cda1e29e1483843,29834,149.17,157.615,8.445,test,train,test,train,614,原始车辆数据/yyl/Entity_Recording_2025_09_28_09_49_11_vehicle.csv,1e3806d86e15e3caea58ca610f6ee8cb5b2550b33764331a2cda1e29e1483843,1.0,1.0,0.49881500005722046
vehicle_instability_allraw__yyl__2025_09_28_09_49_11__000201270__pre1_label2_event_trigger,vehicle_instability_allraw__yyl__2025_09_28_09_49_11__000201270,yyl,2025_09_28_09_49_11,201.27,,pre1_label2_event_trigger,-1.0,0.0,0.0,2.0,all_raw_vehicle_dynamic_onset_non_steering,all_raw_detected_vehicle_instability_onset_predict_future_steering_response,instability_ay_roll,strong_active,straight,0,-0.0,70.17,100.0,auto_accept_instability_medium,hybrid_accept_high,原始车辆数据/yyl/Entity_Recording_2025_09_28_09_49_11_vehicle.csv,F:\data_set_process\data_process\01_datasets\数据预处理\原始车辆数据\yyl\Entity_Recording_2025_09_28_09_49_11_vehicle.csv,1e3806d86e15e3caea58ca610f6ee8cb5b2550b33764331a2cda1e29e1483843,40254,201.27,211.43,10.16,test,train,test,train,615,原始车辆数据/yyl/Entity_Recording_2025_09_28_09_49_11_vehicle.csv,1e3806d86e15e3caea58ca610f6ee8cb5b2550b33764331a2cda1e29e1483843,1.0,1.0,-0.45396000146865845
vehicle_instability_allraw__yyl__2025_09_28_09_49_11__000214960__pre1_label2_event_trigger,vehicle_instability_allraw__yyl__2025_09_28_09_49_11__000214960,yyl,2025_09_28_09_49_11,214.96,,pre1_label2_event_trigger,-1.0,0.0,0.0,2.0,all_raw_vehicle_dynamic_onset_non_steering,all_raw_detected_vehicle_instability_onset_predict_future_steering_response,instability_ay_roll,strong_active,straight,0,-0.0,58.12,89.97,auto_accept_instability_medium,hybrid_accept_high,原始车辆数据/yyl/Entity_Recording_2025_09_28_09_49_11_vehicle.csv,F:\data_set_process\data_process\01_datasets\数据预处理\原始车辆数据\yyl\Entity_Recording_2025_09_28_09_49_11_vehicle.csv,1e3806d86e15e3caea58ca610f6ee8cb5b2550b33764331a2cda1e29e1483843,42992,214.96,222.435,7.475,test,train,test,train,616,原始车辆数据/yyl/Entity_Recording_2025_09_28_09_49_11_vehicle.csv,1e3806d86e15e3caea58ca610f6ee8cb5b2550b33764331a2cda1e29e1483843,1.0,1.0,0.15184380114078522
vehicle_instability_allraw__yyl__2025_09_28_09_49_11__000225310__pre1_label2_event_trigger,vehicle_instability_allraw__yyl__2025_09_28_09_49_11__000225310,yyl,2025_09_28_09_49_11,225.31,,pre1_label2_event_trigger,-1.0,0.0,0.0,2.0,all_raw_vehicle_dynamic_onset_non_steering,all_raw_detected_vehicle_instability_onset_predict_future_steering_response,instability_ay_roll,strong_active,straight,0,0.0,65.52,100.0,auto_accept_instability_medium,hybrid_accept_high,原始车辆数据/yyl/Entity_Recording_2025_09_28_09_49_11_vehicle.csv,F:\data_set_process\data_process\01_datasets\数据预处理\原始车辆数据\yyl\Entity_Recording_2025_09_28_09_49_11_vehicle.csv,1e3806d86e15e3caea58ca610f6ee8cb5b2550b33764331a2cda1e29e1483843,45062,225.31,233.055,7.745,test,train,test,train,617,原始车辆数据/yyl/Entity_Recording_2025_09_28_09_49_11_vehicle.csv,1e3806d86e15e3caea58ca610f6ee8cb5b2550b33764331a2cda1e29e1483843,1.0,1.0,0.18971699476242065
vehicle_instability_allraw__yyl__2025_09_28_09_49_11__000269015__pre1_label2_event_trigger,vehicle_instability_allraw__yyl__2025_09_28_09_49_11__000269015,yyl,2025_09_28_09_49_11,269.015,,pre1_label2_event_trigger,-1.0,0.0,0.0,2.0,all_raw_vehicle_dynamic_onset_non_steering,all_raw_detected_vehicle_instability_onset_predict_future_steering_response,instability_ay_roll,weak,curve,0,-0.0,74.77,93.55,auto_accept_instability_medium,hybrid_accept_high,原始车辆数据/yyl/Entity_Recording_2025_09_28_09_49_11_vehicle.csv,F:\data_set_process\data_process\01_datasets\数据预处理\原始车辆数据\yyl\Entity_Recording_2025_09_28_09_49_11_vehicle.csv,1e3806d86e15e3caea58ca610f6ee8cb5b2550b33764331a2cda1e29e1483843,53803,269.015,285.915,16.9,test,test,test,train,618,原始车辆数据/yyl/Entity_Recording_2025_09_28_09_49_11_vehicle.csv,1e3806d86e15e3caea58ca610f6ee8cb5b2550b33764331a2cda1e29e1483843,1.0,1.0,0.05061449855566025
vehicle_instability_allraw__yyl__2025_09_28_09_49_11__000327680__pre1_label2_event_trigger,vehicle_instability_allraw__yyl__2025_09_28_09_49_11__000327680,yyl,2025_09_28_09_49_11,327.68,,pre1_label2_event_trigger,-1.0,0.0,0.0,2.0,all_raw_vehicle_dynamic_onset_non_steering,all_raw_detected_vehicle_instability_onset_predict_future_steering_response,instability_ay_roll,strong_active,straight,0,-0.0,69.65,100.0,auto_accept_instability_medium,hybrid_accept_high,原始车辆数据/yyl/Entity_Recording_2025_09_28_09_49_11_vehicle.csv,F:\data_set_process\data_process\01_datasets\数据预处理\原始车辆数据\yyl\Entity_Recording_2025_09_28_09_49_11_vehicle.csv,1e3806d86e15e3caea58ca610f6ee8cb5b2550b33764331a2cda1e29e1483843,65536,327.68,332.665,4.985,test,train,test,train,619,原始车辆数据/yyl/Entity_Recording_2025_09_28_09_49_11_vehicle.csv,1e3806d86e15e3caea58ca610f6ee8cb5b2550b33764331a2cda1e29e1483843,1.0,1.0,-0.6452479958534241
vehicle_instability_allraw__yyl__2025_09_28_09_49_11__000349455__pre1_label2_event_trigger,vehicle_instability_allraw__yyl__2025_09_28_09_49_11__000349455,yyl,2025_09_28_09_49_11,349.455,,pre1_label2_event_trigger,-1.0,0.0,0.0,2.0,all_raw_vehicle_dynamic_onset_non_steering,all_raw_detected_vehicle_instability_onset_predict_future_steering_response,instability_ay_roll,strong_active,straight,0,0.0,68.7,97.61,auto_accept_instability_medium,hybrid_accept_high,原始车辆数据/yyl/Entity_Recording_2025_09_28_09_49_11_vehicle.csv,F:\data_set_process\data_process\01_datasets\数据预处理\原始车辆数据\yyl\Entity_Recording_2025_09_28_09_49_11_vehicle.csv,1e3806d86e15e3caea58ca610f6ee8cb5b2550b33764331a2cda1e29e1483843,69891,349.455,360.09,10.635,test,train,test,train,620,原始车辆数据/yyl/Entity_Recording_2025_09_28_09_49_11_vehicle.csv,1e3806d86e15e3caea58ca610f6ee8cb5b2550b33764331a2cda1e29e1483843,1.0,1.0,0.20071299374103546
vehicle_instability_allraw__yyl__2025_09_28_09_49_11__000484470__pre1_label2_event_trigger,vehicle_instability_allraw__yyl__2025_09_28_09_49_11__000484470,yyl,2025_09_28_09_49_11,484.47,,pre1_label2_event_trigger,-1.0,0.0,0.0,2.0,all_raw_vehicle_dynamic_onset_non_steering,all_raw_detected_vehicle_instability_onset_predict_future_steering_response,instability_ay_roll,strong_active,straight,0,0.0,54.81,89.74,needs_human_review,hybrid_accept_high,原始车辆数据/yyl/Entity_Recording_2025_09_28_09_49_11_vehicle.csv,F:\data_set_process\data_process\01_datasets\数据预处理\原始车辆数据\yyl\Entity_Recording_2025_09_28_09_49_11_vehicle.csv,1e3806d86e15e3caea58ca610f6ee8cb5b2550b33764331a2cda1e29e1483843,96894,484.47,497.13,12.66,test,val,test,train,621,原始车辆数据/yyl/Entity_Recording_2025_09_28_09_49_11_vehicle.csv,1e3806d86e15e3caea58ca610f6ee8cb5b2550b33764331a2cda1e29e1483843,1.0,1.0,-0.3963640034198761
vehicle_instability_allraw__yyl__2025_09_28_09_49_11__000526990__pre1_label2_event_trigger,vehicle_instability_allraw__yyl__2025_09_28_09_49_11__000526990,yyl,2025_09_28_09_49_11,526.99,,pre1_label2_event_trigger,-1.0,0.0,0.0,2.0,all_raw_vehicle_dynamic_onset_non_steering,all_raw_detected_vehicle_instability_onset_predict_future_steering_response,instability_ay_roll,instability_strong,design_high_risk_surface,0,0.0,70.99,89.06,auto_accept_instability_medium,hybrid_accept_high,原始车辆数据/yyl/Entity_Recording_2025_09_28_09_49_11_vehicle.csv,F:\data_set_process\data_process\01_datasets\数据预处理\原始车辆数据\yyl\Entity_Recording_2025_09_28_09_49_11_vehicle.csv,1e3806d86e15e3caea58ca610f6ee8cb5b2550b33764331a2cda1e29e1483843,105398,526.99,541.535,14.545,test,val,test,train,622,原始车辆数据/yyl/Entity_Recording_2025_09_28_09_49_11_vehicle.csv,1e3806d86e15e3caea58ca610f6ee8cb5b2550b33764331a2cda1e29e1483843,1.0,1.0,-0.4286530017852783
vehicle_instability_allraw__yzy__2025_09_27_14_13_03__000183010__pre1_label2_event_trigger,vehicle_instability_allraw__yzy__2025_09_27_14_13_03__000183010,yzy,2025_09_27_14_13_03,183.01,,pre1_label2_event_trigger,-1.0,0.0,0.0,2.0,all_raw_vehicle_dynamic_onset_non_steering,all_raw_detected_vehicle_instability_onset_predict_future_steering_response,instability_ay_roll,strong_active,curve,1,-0.00729802,94.38,100.0,auto_accept_instability_high,hybrid_accept_high,原始车辆数据/yzy/Entity_Recording_2025_09_27_14_13_03_vehicle.csv,F:\data_set_process\data_process\01_datasets\数据预处理\原始车辆数据\yzy\Entity_Recording_2025_09_27_14_13_03_vehicle.csv,9db98bd3bc0010a25b70ec3f54204f4370db8035a796205597a9ee68a8898717,36602,183.01,191.515,8.505,train,train,train,train,623,原始车辆数据/yzy/Entity_Recording_2025_09_27_14_13_03_vehicle.csv,9db98bd3bc0010a25b70ec3f54204f4370db8035a796205597a9ee68a8898717,1.0,1.0,-0.48118698596954346
vehicle_instability_allraw__yzy__2025_09_27_14_13_03__000195245__pre1_label2_event_trigger,vehicle_instability_allraw__yzy__2025_09_27_14_13_03__000195245,yzy,2025_09_27_14_13_03,195.245,,pre1_label2_event_trigger,-1.0,0.0,0.0,2.0,all_raw_vehicle_dynamic_onset_non_steering,all_raw_detected_vehicle_instability_onset_predict_future_steering_response,instability_ay_roll,weak,curve,1,-0.00729802,93.43,100.0,auto_accept_instability_high,hybrid_accept_high,原始车辆数据/yzy/Entity_Recording_2025_09_27_14_13_03_vehicle.csv,F:\data_set_process\data_process\01_datasets\数据预处理\原始车辆数据\yzy\Entity_Recording_2025_09_27_14_13_03_vehicle.csv,9db98bd3bc0010a25b70ec3f54204f4370db8035a796205597a9ee68a8898717,39049,195.245,204.31,9.065,train,test,train,train,624,原始车辆数据/yzy/Entity_Recording_2025_09_27_14_13_03_vehicle.csv,9db98bd3bc0010a25b70ec3f54204f4370db8035a796205597a9ee68a8898717,1.0,1.0,0.516791820526123
vehicle_instability_allraw__yzy__2025_09_27_14_13_03__000211685__pre1_label2_event_trigger,vehicle_instability_allraw__yzy__2025_09_27_14_13_03__000211685,yzy,2025_09_27_14_13_03,211.685,,pre1_label2_event_trigger,-1.0,0.0,0.0,2.0,all_raw_vehicle_dynamic_onset_non_steering,all_raw_detected_vehicle_instability_onset_predict_future_steering_response,instability_ay_roll,strong_active,straight,1,5.949e-05,79.33,100.0,auto_accept_instability_high,hybrid_accept_high,原始车辆数据/yzy/Entity_Recording_2025_09_27_14_13_03_vehicle.csv,F:\data_set_process\data_process\01_datasets\数据预处理\原始车辆数据\yzy\Entity_Recording_2025_09_27_14_13_03_vehicle.csv,9db98bd3bc0010a25b70ec3f54204f4370db8035a796205597a9ee68a8898717,42337,211.685,213.035,1.35,train,val,train,train,625,原始车辆数据/yzy/Entity_Recording_2025_09_27_14_13_03_vehicle.csv,9db98bd3bc0010a25b70ec3f54204f4370db8035a796205597a9ee68a8898717,1.0,1.0,0.054628800600767136
vehicle_instability_allraw__yzy__2025_09_27_14_13_03__000216065__pre1_label2_event_trigger,vehicle_instability_allraw__yzy__2025_09_27_14_13_03__000216065,yzy,2025_09_27_14_13_03,216.065,,pre1_label2_event_trigger,-1.0,0.0,0.0,2.0,all_raw_vehicle_dynamic_onset_non_steering,all_raw_detected_vehicle_instability_onset_predict_future_steering_response,instability_ay_roll,strong_active,straight,0,0.0,82.83,100.0,auto_accept_instability_high,hybrid_accept_high,原始车辆数据/yzy/Entity_Recording_2025_09_27_14_13_03_vehicle.csv,F:\data_set_process\data_process\01_datasets\数据预处理\原始车辆数据\yzy\Entity_Recording_2025_09_27_14_13_03_vehicle.csv,9db98bd3bc0010a25b70ec3f54204f4370db8035a796205597a9ee68a8898717,43213,216.065,232.66,16.595,train,val,train,train,626,原始车辆数据/yzy/Entity_Recording_2025_09_27_14_13_03_vehicle.csv,9db98bd3bc0010a25b70ec3f54204f4370db8035a796205597a9ee68a8898717,1.0,1.0,0.2216566503047943
vehicle_instability_allraw__yzy__2025_09_27_14_13_03__000244230__pre1_label2_event_trigger,vehicle_instability_allraw__yzy__2025_09_27_14_13_03__000244230,yzy,2025_09_27_14_13_03,244.23,,pre1_label2_event_trigger,-1.0,0.0,0.0,2.0,all_raw_vehicle_dynamic_onset_non_steering,all_raw_detected_vehicle_instability_onset_predict_future_steering_response,instability_ay_roll,strong_active,straight,0,0.0,70.97,95.97,auto_accept_instability_medium,hybrid_accept_high,原始车辆数据/yzy/Entity_Recording_2025_09_27_14_13_03_vehicle.csv,F:\data_set_process\data_process\01_datasets\数据预处理\原始车辆数据\yzy\Entity_Recording_2025_09_27_14_13_03_vehicle.csv,9db98bd3bc0010a25b70ec3f54204f4370db8035a796205597a9ee68a8898717,48846,244.23,244.97,0.74,train,test,train,train,627,原始车辆数据/yzy/Entity_Recording_2025_09_27_14_13_03_vehicle.csv,9db98bd3bc0010a25b70ec3f54204f4370db8035a796205597a9ee68a8898717,1.0,1.0,-0.38484498858451843
vehicle_instability_allraw__yzy__2025_09_27_14_13_03__000248860__pre1_label2_event_trigger,vehicle_instability_allraw__yzy__2025_09_27_14_13_03__000248860,yzy,2025_09_27_14_13_03,248.86,,pre1_label2_event_trigger,-1.0,0.0,0.0,2.0,all_raw_vehicle_dynamic_onset_non_steering,all_raw_detected_vehicle_instability_onset_predict_future_steering_response,instability_ay_roll,extreme_active,straight,0,-0.0,95.38,100.0,auto_accept_instability_high,hybrid_accept_high,原始车辆数据/yzy/Entity_Recording_2025_09_27_14_13_03_vehicle.csv,F:\data_set_process\data_process\01_datasets\数据预处理\原始车辆数据\yzy\Entity_Recording_2025_09_27_14_13_03_vehicle.csv,9db98bd3bc0010a25b70ec3f54204f4370db8035a796205597a9ee68a8898717,49772,248.86,258.595,9.735,train,val,train,train,628,原始车辆数据/yzy/Entity_Recording_2025_09_27_14_13_03_vehicle.csv,9db98bd3bc0010a25b70ec3f54204f4370db8035a796205597a9ee68a8898717,1.0,1.0,-0.4872959852218628
vehicle_instability_allraw__yzy__2025_09_27_14_13_03__000264885__pre1_label2_event_trigger,vehicle_instability_allraw__yzy__2025_09_27_14_13_03__000264885,yzy,2025_09_27_14_13_03,264.885,,pre1_label2_event_trigger,-1.0,0.0,0.0,2.0,all_raw_vehicle_dynamic_onset_non_steering,all_raw_detected_vehicle_instability_onset_predict_future_steering_response,instability_ay_roll,strong_active,straight,0,-0.0,87.12,100.0,auto_accept_instability_high,hybrid_accept_high,原始车辆数据/yzy/Entity_Recording_2025_09_27_14_13_03_vehicle.csv,F:\data_set_process\data_process\01_datasets\数据预处理\原始车辆数据\yzy\Entity_Recording_2025_09_27_14_13_03_vehicle.csv,9db98bd3bc0010a25b70ec3f54204f4370db8035a796205597a9ee68a8898717,52977,264.885,273.655,8.77,train,train,train,train,629,原始车辆数据/yzy/Entity_Recording_2025_09_27_14_13_03_vehicle.csv,9db98bd3bc0010a25b70ec3f54204f4370db8035a796205597a9ee68a8898717,1.0,1.0,-0.9808749556541443
vehicle_instability_allraw__yzy__2025_09_27_14_13_03__000289460__pre1_label2_event_trigger,vehicle_instability_allraw__yzy__2025_09_27_14_13_03__000289460,yzy,2025_09_27_14_13_03,289.46,,pre1_label2_event_trigger,-1.0,0.0,0.0,2.0,all_raw_vehicle_dynamic_onset_non_steering,all_raw_detected_vehicle_instability_onset_predict_future_steering_response,instability_ay_roll,strong_active,straight,0,-0.0,57.66,91.65,needs_human_review,hybrid_accept_high,原始车辆数据/yzy/Entity_Recording_2025_09_27_14_13_03_vehicle.csv,F:\data_set_process\data_process\01_datasets\数据预处理\原始车辆数据\yzy\Entity_Recording_2025_09_27_14_13_03_vehicle.csv,9db98bd3bc0010a25b70ec3f54204f4370db8035a796205597a9ee68a8898717,57892,289.46,293.075,3.615,train,test,train,train,630,原始车辆数据/yzy/Entity_Recording_2025_09_27_14_13_03_vehicle.csv,9db98bd3bc0010a25b70ec3f54204f4370db8035a796205597a9ee68a8898717,1.0,1.0,-0.5157449841499329
vehicle_instability_allraw__yzy__2025_09_27_14_13_03__000348115__pre1_label2_event_trigger,vehicle_instability_allraw__yzy__2025_09_27_14_13_03__000348115,yzy,2025_09_27_14_13_03,348.115,,pre1_label2_event_trigger,-1.0,0.0,0.0,2.0,all_raw_vehicle_dynamic_onset_non_steering,all_raw_detected_vehicle_instability_onset_predict_future_steering_response,instability_ay_roll,extreme_active,curve,0,0.0,81.75,100.0,auto_accept_instability_high,hybrid_accept_high,原始车辆数据/yzy/Entity_Recording_2025_09_27_14_13_03_vehicle.csv,F:\data_set_process\data_process\01_datasets\数据预处理\原始车辆数据\yzy\Entity_Recording_2025_09_27_14_13_03_vehicle.csv,9db98bd3bc0010a25b70ec3f54204f4370db8035a796205597a9ee68a8898717,69623,348.115,369.78,21.665,train,train,train,train,631,原始车辆数据/yzy/Entity_Recording_2025_09_27_14_13_03_vehicle.csv,9db98bd3bc0010a25b70ec3f54204f4370db8035a796205597a9ee68a8898717,1.0,1.0,0.09477140009403229
vehicle_instability_allraw__yzy__2025_09_27_14_13_03__000407925__pre1_label2_event_trigger,vehicle_instability_allraw__yzy__2025_09_27_14_13_03__000407925,yzy,2025_09_27_14_13_03,407.925,,pre1_label2_event_trigger,-1.0,0.0,0.0,2.0,all_raw_vehicle_dynamic_onset_non_steering,all_raw_detected_vehicle_instability_onset_predict_future_steering_response,instability_ay_roll,extreme_active,straight,0,0.0,86.28,100.0,auto_accept_instability_high,hybrid_accept_high,原始车辆数据/yzy/Entity_Recording_2025_09_27_14_13_03_vehicle.csv,F:\data_set_process\data_process\01_datasets\数据预处理\原始车辆数据\yzy\Entity_Recording_2025_09_27_14_13_03_vehicle.csv,9db98bd3bc0010a25b70ec3f54204f4370db8035a796205597a9ee68a8898717,81585,407.925,414.62,6.695,train,train,train,train,632,原始车辆数据/yzy/Entity_Recording_2025_09_27_14_13_03_vehicle.csv,9db98bd3bc0010a25b70ec3f54204f4370db8035a796205597a9ee68a8898717,1.0,1.0,-0.39287400245666504
vehicle_instability_allraw__yzy__2025_09_27_14_13_03__000418350__pre1_label2_event_trigger,vehicle_instability_allraw__yzy__2025_09_27_14_13_03__000418350,yzy,2025_09_27_14_13_03,418.35,,pre1_label2_event_trigger,-1.0,0.0,0.0,2.0,all_raw_vehicle_dynamic_onset_non_steering,all_raw_detected_vehicle_instability_onset_predict_future_steering_response,instability_ay_roll,extreme_active,straight,0,0.0,93.17,100.0,auto_accept_instability_high,hybrid_accept_high,原始车辆数据/yzy/Entity_Recording_2025_09_27_14_13_03_vehicle.csv,F:\data_set_process\data_process\01_datasets\数据预处理\原始车辆数据\yzy\Entity_Recording_2025_09_27_14_13_03_vehicle.csv,9db98bd3bc0010a25b70ec3f54204f4370db8035a796205597a9ee68a8898717,83670,418.35,430.315,11.965,train,train,train,train,633,原始车辆数据/yzy/Entity_Recording_2025_09_27_14_13_03_vehicle.csv,9db98bd3bc0010a25b70ec3f54204f4370db8035a796205597a9ee68a8898717,1.0,1.0,5.082920074462891
vehicle_instability_allraw__yzy__2025_09_27_14_13_03__000455460__pre1_label2_event_trigger,vehicle_instability_allraw__yzy__2025_09_27_14_13_03__000455460,yzy,2025_09_27_14_13_03,455.46,,pre1_label2_event_trigger,-1.0,0.0,0.0,2.0,all_raw_vehicle_dynamic_onset_non_steering,all_raw_detected_vehicle_instability_onset_predict_future_steering_response,instability_ay_roll,strong_active,straight,0,-0.0,69.6,100.0,auto_accept_instability_medium,hybrid_accept_high,原始车辆数据/yzy/Entity_Recording_2025_09_27_14_13_03_vehicle.csv,F:\data_set_process\data_process\01_datasets\数据预处理\原始车辆数据\yzy\Entity_Recording_2025_09_27_14_13_03_vehicle.csv,9db98bd3bc0010a25b70ec3f54204f4370db8035a796205597a9ee68a8898717,91092,455.46,475.56,20.1,train,train,train,train,634,原始车辆数据/yzy/Entity_Recording_2025_09_27_14_13_03_vehicle.csv,9db98bd3bc0010a25b70ec3f54204f4370db8035a796205597a9ee68a8898717,1.0,1.0,-0.41643598675727844
vehicle_instability_allraw__yzy__2025_09_27_14_13_03__000511905__pre1_label2_event_trigger,vehicle_instability_allraw__yzy__2025_09_27_14_13_03__000511905,yzy,2025_09_27_14_13_03,511.905,,pre1_label2_event_trigger,-1.0,0.0,0.0,2.0,all_raw_vehicle_dynamic_onset_non_steering,all_raw_detected_vehicle_instability_onset_predict_future_steering_response,instability_ay_roll,strong_active,straight,0,-0.0,82.34,100.0,auto_accept_instability_high,hybrid_accept_high,原始车辆数据/yzy/Entity_Recording_2025_09_27_14_13_03_vehicle.csv,F:\data_set_process\data_process\01_datasets\数据预处理\原始车辆数据\yzy\Entity_Recording_2025_09_27_14_13_03_vehicle.csv,9db98bd3bc0010a25b70ec3f54204f4370db8035a796205597a9ee68a8898717,102381,511.905,516.65,4.745,train,train,train,train,635,原始车辆数据/yzy/Entity_Recording_2025_09_27_14_13_03_vehicle.csv,9db98bd3bc0010a25b70ec3f54204f4370db8035a796205597a9ee68a8898717,1.0,1.0,-0.9683089852333069
vehicle_instability_allraw__yzy__2025_09_27_14_13_03__000524525__pre1_label2_event_trigger,vehicle_instability_allraw__yzy__2025_09_27_14_13_03__000524525,yzy,2025_09_27_14_13_03,524.525,,pre1_label2_event_trigger,-1.0,0.0,0.0,2.0,all_raw_vehicle_dynamic_onset_non_steering,all_raw_detected_vehicle_instability_onset_predict_future_steering_response,instability_ay_roll,strong_active,straight,0,0.0,75.17,100.0,auto_accept_instability_high,hybrid_accept_high,原始车辆数据/yzy/Entity_Recording_2025_09_27_14_13_03_vehicle.csv,F:\data_set_process\data_process\01_datasets\数据预处理\原始车辆数据\yzy\Entity_Recording_2025_09_27_14_13_03_vehicle.csv,9db98bd3bc0010a25b70ec3f54204f4370db8035a796205597a9ee68a8898717,104905,524.525,531.675,7.15,train,train,train,train,636,原始车辆数据/yzy/Entity_Recording_2025_09_27_14_13_03_vehicle.csv,9db98bd3bc0010a25b70ec3f54204f4370db8035a796205597a9ee68a8898717,1.0,1.0,-0.4530870020389557
vehicle_instability_allraw__yzy__2025_09_27_14_13_03__000543975__pre1_label2_event_trigger,vehicle_instability_allraw__yzy__2025_09_27_14_13_03__000543975,yzy,2025_09_27_14_13_03,543.975,,pre1_label2_event_trigger,-1.0,0.0,0.0,2.0,all_raw_vehicle_dynamic_onset_non_steering,all_raw_detected_vehicle_instability_onset_predict_future_steering_response,instability_ay_roll,strong_active,straight,0,-0.0,67.42,100.0,auto_accept_instability_medium,hybrid_accept_high,原始车辆数据/yzy/Entity_Recording_2025_09_27_14_13_03_vehicle.csv,F:\data_set_process\data_process\01_datasets\数据预处理\原始车辆数据\yzy\Entity_Recording_2025_09_27_14_13_03_vehicle.csv,9db98bd3bc0010a25b70ec3f54204f4370db8035a796205597a9ee68a8898717,108795,543.975,550.46,6.485,train,train,train,train,637,原始车辆数据/yzy/Entity_Recording_2025_09_27_14_13_03_vehicle.csv,9db98bd3bc0010a25b70ec3f54204f4370db8035a796205597a9ee68a8898717,1.0,1.0,-0.4319689869880676
vehicle_instability_allraw__yzy__2025_09_27_14_13_03__000573090__pre1_label2_event_trigger,vehicle_instability_allraw__yzy__2025_09_27_14_13_03__000573090,yzy,2025_09_27_14_13_03,573.09,,pre1_label2_event_trigger,-1.0,0.0,0.0,2.0,all_raw_vehicle_dynamic_onset_non_steering,all_raw_detected_vehicle_instability_onset_predict_future_steering_response,instability_ay_roll,instability_medium,design_high_risk_surface,0,-0.0,66.37,82.75,auto_accept_instability_medium,hybrid_accept_high,原始车辆数据/yzy/Entity_Recording_2025_09_27_14_13_03_vehicle.csv,F:\data_set_process\data_process\01_datasets\数据预处理\原始车辆数据\yzy\Entity_Recording_2025_09_27_14_13_03_vehicle.csv,9db98bd3bc0010a25b70ec3f54204f4370db8035a796205597a9ee68a8898717,114618,573.09,588.415,15.325,train,train,train,train,638,原始车辆数据/yzy/Entity_Recording_2025_09_27_14_13_03_vehicle.csv,9db98bd3bc0010a25b70ec3f54204f4370db8035a796205597a9ee68a8898717,1.0,1.0,0.15917399525642395
vehicle_instability_allraw__yzy__2025_09_27_14_13_03__000611730__pre1_label2_event_trigger,vehicle_instability_allraw__yzy__2025_09_27_14_13_03__000611730,yzy,2025_09_27_14_13_03,611.73,,pre1_label2_event_trigger,-1.0,0.0,0.0,2.0,all_raw_vehicle_dynamic_onset_non_steering,all_raw_detected_vehicle_instability_onset_predict_future_steering_response,instability_ay_roll,extreme_active,straight,0,0.0,56.76,87.55,needs_human_review,hybrid_accept_high,原始车辆数据/yzy/Entity_Recording_2025_09_27_14_13_03_vehicle.csv,F:\data_set_process\data_process\01_datasets\数据预处理\原始车辆数据\yzy\Entity_Recording_2025_09_27_14_13_03_vehicle.csv,9db98bd3bc0010a25b70ec3f54204f4370db8035a796205597a9ee68a8898717,122346,611.73,626.545,14.815,train,val,train,train,639,原始车辆数据/yzy/Entity_Recording_2025_09_27_14_13_03_vehicle.csv,9db98bd3bc0010a25b70ec3f54204f4370db8035a796205597a9ee68a8898717,1.0,1.0,-0.10471999645233154
vehicle_instability_allraw__yzy__2025_09_27_14_26_04__000060885__pre1_label2_event_trigger,vehicle_instability_allraw__yzy__2025_09_27_14_26_04__000060885,yzy,2025_09_27_14_26_04,60.885,,pre1_label2_event_trigger,-1.0,0.0,0.0,2.0,all_raw_vehicle_dynamic_onset_non_steering,all_raw_detected_vehicle_instability_onset_predict_future_steering_response,instability_ay_roll,extreme_active,straight,0,-0.0,93.19,100.0,auto_accept_instability_high,hybrid_accept_high,原始车辆数据/yzy/Entity_Recording_2025_09_27_14_26_04_vehicle.csv,F:\data_set_process\data_process\01_datasets\数据预处理\原始车辆数据\yzy\Entity_Recording_2025_09_27_14_26_04_vehicle.csv,4bc413c500f617c4089653ececa6aab4e6998c06d464df484a30626e9bb18619,12177,60.885,71.015,10.13,val,train,val,train,640,原始车辆数据/yzy/Entity_Recording_2025_09_27_14_26_04_vehicle.csv,4bc413c500f617c4089653ececa6aab4e6998c06d464df484a30626e9bb18619,1.0,1.0,-0.409280002117157
vehicle_instability_allraw__yzy__2025_09_27_14_26_04__000075085__pre1_label2_event_trigger,vehicle_instability_allraw__yzy__2025_09_27_14_26_04__000075085,yzy,2025_09_27_14_26_04,75.085,,pre1_label2_event_trigger,-1.0,0.0,0.0,2.0,all_raw_vehicle_dynamic_onset_non_steering,all_raw_detected_vehicle_instability_onset_predict_future_steering_response,instability_ay_roll,extreme_active,straight,0,-0.0,94.08,100.0,auto_accept_instability_high,hybrid_accept_high,原始车辆数据/yzy/Entity_Recording_2025_09_27_14_26_04_vehicle.csv,F:\data_set_process\data_process\01_datasets\数据预处理\原始车辆数据\yzy\Entity_Recording_2025_09_27_14_26_04_vehicle.csv,4bc413c500f617c4089653ececa6aab4e6998c06d464df484a30626e9bb18619,15017,75.085,83.11,8.025,val,train,val,train,641,原始车辆数据/yzy/Entity_Recording_2025_09_27_14_26_04_vehicle.csv,4bc413c500f617c4089653ececa6aab4e6998c06d464df484a30626e9bb18619,1.0,1.0,-5.49429988861084
vehicle_instability_allraw__yzy__2025_09_27_14_26_04__000086395__pre1_label2_event_trigger,vehicle_instability_allraw__yzy__2025_09_27_14_26_04__000086395,yzy,2025_09_27_14_26_04,86.395,,pre1_label2_event_trigger,-1.0,0.0,0.0,2.0,all_raw_vehicle_dynamic_onset_non_steering,all_raw_detected_vehicle_instability_onset_predict_future_steering_response,instability_ay_roll,extreme_active,straight,0,-0.0,99.27,100.0,auto_accept_instability_high,hybrid_accept_high,原始车辆数据/yzy/Entity_Recording_2025_09_27_14_26_04_vehicle.csv,F:\data_set_process\data_process\01_datasets\数据预处理\原始车辆数据\yzy\Entity_Recording_2025_09_27_14_26_04_vehicle.csv,4bc413c500f617c4089653ececa6aab4e6998c06d464df484a30626e9bb18619,17279,86.395,90.99,4.595,val,train,val,train,642,原始车辆数据/yzy/Entity_Recording_2025_09_27_14_26_04_vehicle.csv,4bc413c500f617c4089653ececa6aab4e6998c06d464df484a30626e9bb18619,1.0,1.0,6.785839557647705
vehicle_instability_allraw__yzy__2025_09_27_14_26_04__000094120__pre1_label2_event_trigger,vehicle_instability_allraw__yzy__2025_09_27_14_26_04__000094120,yzy,2025_09_27_14_26_04,94.12,,pre1_label2_event_trigger,-1.0,0.0,0.0,2.0,all_raw_vehicle_dynamic_onset_non_steering,all_raw_detected_vehicle_instability_onset_predict_future_steering_response,instability_ay_roll,medium_active,straight,0,0.0,75.71,100.0,auto_accept_instability_high,hybrid_accept_high,原始车辆数据/yzy/Entity_Recording_2025_09_27_14_26_04_vehicle.csv,F:\data_set_process\data_process\01_datasets\数据预处理\原始车辆数据\yzy\Entity_Recording_2025_09_27_14_26_04_vehicle.csv,4bc413c500f617c4089653ececa6aab4e6998c06d464df484a30626e9bb18619,18824,94.12,97.14,3.02,val,test,val,train,643,原始车辆数据/yzy/Entity_Recording_2025_09_27_14_26_04_vehicle.csv,4bc413c500f617c4089653ececa6aab4e6998c06d464df484a30626e9bb18619,1.0,1.0,-0.396712988615036
vehicle_instability_allraw__yzy__2025_09_27_14_26_04__000169285__pre1_label2_event_trigger,vehicle_instability_allraw__yzy__2025_09_27_14_26_04__000169285,yzy,2025_09_27_14_26_04,169.285,,pre1_label2_event_trigger,-1.0,0.0,0.0,2.0,all_raw_vehicle_dynamic_onset_non_steering,all_raw_detected_vehicle_instability_onset_predict_future_steering_response,instability_ay_roll,strong_active,straight,1,-0.00729802,76.61,100.0,auto_accept_instability_high,hybrid_accept_high,原始车辆数据/yzy/Entity_Recording_2025_09_27_14_26_04_vehicle.csv,F:\data_set_process\data_process\01_datasets\数据预处理\原始车辆数据\yzy\Entity_Recording_2025_09_27_14_26_04_vehicle.csv,4bc413c500f617c4089653ececa6aab4e6998c06d464df484a30626e9bb18619,33857,169.285,190.88,21.595,val,train,val,train,644,原始车辆数据/yzy/Entity_Recording_2025_09_27_14_26_04_vehicle.csv,4bc413c500f617c4089653ececa6aab4e6998c06d464df484a30626e9bb18619,1.0,1.0,-0.3708820044994354
vehicle_instability_allraw__yzy__2025_09_27_14_26_04__000205385__pre1_label2_event_trigger,vehicle_instability_allraw__yzy__2025_09_27_14_26_04__000205385,yzy,2025_09_27_14_26_04,205.385,,pre1_label2_event_trigger,-1.0,0.0,0.0,2.0,all_raw_vehicle_dynamic_onset_non_steering,all_raw_detected_vehicle_instability_onset_predict_future_steering_response,instability_ay_roll,strong_active,straight,0,0.0,65.2,95.86,auto_accept_instability_medium,hybrid_accept_high,原始车辆数据/yzy/Entity_Recording_2025_09_27_14_26_04_vehicle.csv,F:\data_set_process\data_process\01_datasets\数据预处理\原始车辆数据\yzy\Entity_Recording_2025_09_27_14_26_04_vehicle.csv,4bc413c500f617c4089653ececa6aab4e6998c06d464df484a30626e9bb18619,41077,205.385,227.54,22.155,val,train,val,train,645,原始车辆数据/yzy/Entity_Recording_2025_09_27_14_26_04_vehicle.csv,4bc413c500f617c4089653ececa6aab4e6998c06d464df484a30626e9bb18619,1.0,1.0,-0.4375540018081665
vehicle_instability_allraw__yzy__2025_09_27_14_26_04__000239010__pre1_label2_event_trigger,vehicle_instability_allraw__yzy__2025_09_27_14_26_04__000239010,yzy,2025_09_27_14_26_04,239.01,,pre1_label2_event_trigger,-1.0,0.0,0.0,2.0,all_raw_vehicle_dynamic_onset_non_steering,all_raw_detected_vehicle_instability_onset_predict_future_steering_response,instability_ay_roll,extreme_active,straight,0,-0.0,95.37,100.0,auto_accept_instability_high,hybrid_accept_high,原始车辆数据/yzy/Entity_Recording_2025_09_27_14_26_04_vehicle.csv,F:\data_set_process\data_process\01_datasets\数据预处理\原始车辆数据\yzy\Entity_Recording_2025_09_27_14_26_04_vehicle.csv,4bc413c500f617c4089653ececa6aab4e6998c06d464df484a30626e9bb18619,47802,239.01,247.025,8.015,val,val,val,train,646,原始车辆数据/yzy/Entity_Recording_2025_09_27_14_26_04_vehicle.csv,4bc413c500f617c4089653ececa6aab4e6998c06d464df484a30626e9bb18619,1.0,1.0,-0.4693189859390259
vehicle_instability_allraw__yzy__2025_09_27_14_26_04__000249805__pre1_label2_event_trigger,vehicle_instability_allraw__yzy__2025_09_27_14_26_04__000249805,yzy,2025_09_27_14_26_04,249.805,,pre1_label2_event_trigger,-1.0,0.0,0.0,2.0,all_raw_vehicle_dynamic_onset_non_steering,all_raw_detected_vehicle_instability_onset_predict_future_steering_response,instability_ay_roll,extreme_active,straight,0,0.0,93.55,100.0,auto_accept_instability_high,hybrid_accept_high,原始车辆数据/yzy/Entity_Recording_2025_09_27_14_26_04_vehicle.csv,F:\data_set_process\data_process\01_datasets\数据预处理\原始车辆数据\yzy\Entity_Recording_2025_09_27_14_26_04_vehicle.csv,4bc413c500f617c4089653ececa6aab4e6998c06d464df484a30626e9bb18619,49961,249.805,264.83,15.025,val,val,val,train,647,原始车辆数据/yzy/Entity_Recording_2025_09_27_14_26_04_vehicle.csv,4bc413c500f617c4089653ececa6aab4e6998c06d464df484a30626e9bb18619,1.0,1.0,-6.014750003814697
vehicle_instability_allraw__yzy__2025_09_27_14_26_04__000286690__pre1_label2_event_trigger,vehicle_instability_allraw__yzy__2025_09_27_14_26_04__000286690,yzy,2025_09_27_14_26_04,286.69,,pre1_label2_event_trigger,-1.0,0.0,0.0,2.0,all_raw_vehicle_dynamic_onset_non_steering,all_raw_detected_vehicle_instability_onset_predict_future_steering_response,instability_ay_roll,medium_active,straight,0,-0.0,61.41,89.45,auto_accept_instability_medium,hybrid_accept_high,原始车辆数据/yzy/Entity_Recording_2025_09_27_14_26_04_vehicle.csv,F:\data_set_process\data_process\01_datasets\数据预处理\原始车辆数据\yzy\Entity_Recording_2025_09_27_14_26_04_vehicle.csv,4bc413c500f617c4089653ececa6aab4e6998c06d464df484a30626e9bb18619,57338,286.69,296.3,9.61,val,train,val,train,648,原始车辆数据/yzy/Entity_Recording_2025_09_27_14_26_04_vehicle.csv,4bc413c500f617c4089653ececa6aab4e6998c06d464df484a30626e9bb18619,1.0,1.0,-0.4488990008831024
vehicle_instability_allraw__yzy__2025_09_27_14_26_04__000332945__pre1_label2_event_trigger,vehicle_instability_allraw__yzy__2025_09_27_14_26_04__000332945,yzy,2025_09_27_14_26_04,332.945,,pre1_label2_event_trigger,-1.0,0.0,0.0,2.0,all_raw_vehicle_dynamic_onset_non_steering,all_raw_detected_vehicle_instability_onset_predict_future_steering_response,instability_ay_roll,strong_active,curve,0,-0.0,75.86,100.0,auto_accept_instability_high,hybrid_accept_high,原始车辆数据/yzy/Entity_Recording_2025_09_27_14_26_04_vehicle.csv,F:\data_set_process\data_process\01_datasets\数据预处理\原始车辆数据\yzy\Entity_Recording_2025_09_27_14_26_04_vehicle.csv,4bc413c500f617c4089653ececa6aab4e6998c06d464df484a30626e9bb18619,66589,332.945,356.86,23.915,val,train,val,train,649,原始车辆数据/yzy/Entity_Recording_2025_09_27_14_26_04_vehicle.csv,4bc413c500f617c4089653ececa6aab4e6998c06d464df484a30626e9bb18619,1.0,1.0,0.06876599788665771
vehicle_instability_allraw__yzy__2025_09_27_14_26_04__000365265__pre1_label2_event_trigger,vehicle_instability_allraw__yzy__2025_09_27_14_26_04__000365265,yzy,2025_09_27_14_26_04,365.265,,pre1_label2_event_trigger,-1.0,0.0,0.0,2.0,all_raw_vehicle_dynamic_onset_non_steering,all_raw_detected_vehicle_instability_onset_predict_future_steering_response,instability_ay_roll,strong_active,straight,1,0.0,61.48,98.3,auto_accept_instability_medium,hybrid_accept_high,原始车辆数据/yzy/Entity_Recording_2025_09_27_14_26_04_vehicle.csv,F:\data_set_process\data_process\01_datasets\数据预处理\原始车辆数据\yzy\Entity_Recording_2025_09_27_14_26_04_vehicle.csv,4bc413c500f617c4089653ececa6aab4e6998c06d464df484a30626e9bb18619,73053,365.265,372.71,7.445,val,train,val,train,650,原始车辆数据/yzy/Entity_Recording_2025_09_27_14_26_04_vehicle.csv,4bc413c500f617c4089653ececa6aab4e6998c06d464df484a30626e9bb18619,1.0,1.0,-0.04520467668771744
vehicle_instability_allraw__yzy__2025_09_27_14_26_04__000385650__pre1_label2_event_trigger,vehicle_instability_allraw__yzy__2025_09_27_14_26_04__000385650,yzy,2025_09_27_14_26_04,385.65,,pre1_label2_event_trigger,-1.0,0.0,0.0,2.0,all_raw_vehicle_dynamic_onset_non_steering,all_raw_detected_vehicle_instability_onset_predict_future_steering_response,instability_ay_roll,strong_active,straight,1,2.525e-05,93.28,100.0,auto_accept_instability_high,hybrid_accept_high,原始车辆数据/yzy/Entity_Recording_2025_09_27_14_26_04_vehicle.csv,F:\data_set_process\data_process\01_datasets\数据预处理\原始车辆数据\yzy\Entity_Recording_2025_09_27_14_26_04_vehicle.csv,4bc413c500f617c4089653ececa6aab4e6998c06d464df484a30626e9bb18619,77130,385.65,396.095,10.445,val,train,val,train,651,原始车辆数据/yzy/Entity_Recording_2025_09_27_14_26_04_vehicle.csv,4bc413c500f617c4089653ececa6aab4e6998c06d464df484a30626e9bb18619,1.0,1.0,-0.4162609875202179
vehicle_instability_allraw__yzy__2025_09_27_14_26_04__000408305__pre1_label2_event_trigger,vehicle_instability_allraw__yzy__2025_09_27_14_26_04__000408305,yzy,2025_09_27_14_26_04,408.305,,pre1_label2_event_trigger,-1.0,0.0,0.0,2.0,all_raw_vehicle_dynamic_onset_non_steering,all_raw_detected_vehicle_instability_onset_predict_future_steering_response,instability_ay_roll,medium_active,straight,0,0.0,67.55,93.56,auto_accept_instability_medium,hybrid_accept_high,原始车辆数据/yzy/Entity_Recording_2025_09_27_14_26_04_vehicle.csv,F:\data_set_process\data_process\01_datasets\数据预处理\原始车辆数据\yzy\Entity_Recording_2025_09_27_14_26_04_vehicle.csv,4bc413c500f617c4089653ececa6aab4e6998c06d464df484a30626e9bb18619,81661,408.305,420.99,12.685,val,train,val,train,652,原始车辆数据/yzy/Entity_Recording_2025_09_27_14_26_04_vehicle.csv,4bc413c500f617c4089653ececa6aab4e6998c06d464df484a30626e9bb18619,1.0,1.0,-0.390080988407135
vehicle_instability_allraw__yzy__2025_09_27_14_26_04__000428685__pre1_label2_event_trigger,vehicle_instability_allraw__yzy__2025_09_27_14_26_04__000428685,yzy,2025_09_27_14_26_04,428.685,,pre1_label2_event_trigger,-1.0,0.0,0.0,2.0,all_raw_vehicle_dynamic_onset_non_steering,all_raw_detected_vehicle_instability_onset_predict_future_steering_response,instability_ay_roll,strong_active,straight,0,0.0,57.96,88.16,needs_human_review,hybrid_accept_high,原始车辆数据/yzy/Entity_Recording_2025_09_27_14_26_04_vehicle.csv,F:\data_set_process\data_process\01_datasets\数据预处理\原始车辆数据\yzy\Entity_Recording_2025_09_27_14_26_04_vehicle.csv,4bc413c500f617c4089653ececa6aab4e6998c06d464df484a30626e9bb18619,85737,428.685,431.67,2.985,val,train,val,train,653,原始车辆数据/yzy/Entity_Recording_2025_09_27_14_26_04_vehicle.csv,4bc413c500f617c4089653ececa6aab4e6998c06d464df484a30626e9bb18619,1.0,1.0,-0.4785691499710083
vehicle_instability_allraw__yzy__2025_09_27_14_26_04__000473605__pre1_label2_event_trigger,vehicle_instability_allraw__yzy__2025_09_27_14_26_04__000473605,yzy,2025_09_27_14_26_04,473.605,,pre1_label2_event_trigger,-1.0,0.0,0.0,2.0,all_raw_vehicle_dynamic_onset_non_steering,all_raw_detected_vehicle_instability_onset_predict_future_steering_response,instability_ay_roll,extreme_active,straight,0,-0.0,69.03,100.0,auto_accept_instability_medium,hybrid_accept_high,原始车辆数据/yzy/Entity_Recording_2025_09_27_14_26_04_vehicle.csv,F:\data_set_process\data_process\01_datasets\数据预处理\原始车辆数据\yzy\Entity_Recording_2025_09_27_14_26_04_vehicle.csv,4bc413c500f617c4089653ececa6aab4e6998c06d464df484a30626e9bb18619,94721,473.605,477.675,4.07,val,train,val,train,654,原始车辆数据/yzy/Entity_Recording_2025_09_27_14_26_04_vehicle.csv,4bc413c500f617c4089653ececa6aab4e6998c06d464df484a30626e9bb18619,1.0,1.0,-1.3236600160598755
vehicle_instability_allraw__yzy__2025_09_27_14_26_04__000524730__pre1_label2_event_trigger,vehicle_instability_allraw__yzy__2025_09_27_14_26_04__000524730,yzy,2025_09_27_14_26_04,524.73,,pre1_label2_event_trigger,-1.0,0.0,0.0,2.0,all_raw_vehicle_dynamic_onset_non_steering,all_raw_detected_vehicle_instability_onset_predict_future_steering_response,instability_ay_roll,instability_strong,design_high_risk_surface,0,-0.0,71.57,89.33,auto_accept_instability_medium,hybrid_accept_high,原始车辆数据/yzy/Entity_Recording_2025_09_27_14_26_04_vehicle.csv,F:\data_set_process\data_process\01_datasets\数据预处理\原始车辆数据\yzy\Entity_Recording_2025_09_27_14_26_04_vehicle.csv,4bc413c500f617c4089653ececa6aab4e6998c06d464df484a30626e9bb18619,104946,524.73,538.205,13.475,val,train,val,train,655,原始车辆数据/yzy/Entity_Recording_2025_09_27_14_26_04_vehicle.csv,4bc413c500f617c4089653ececa6aab4e6998c06d464df484a30626e9bb18619,1.0,1.0,0.09808750450611115
vehicle_instability_allraw__yzy__2025_09_27_14_26_04__000559840__pre1_label2_event_trigger,vehicle_instability_allraw__yzy__2025_09_27_14_26_04__000559840,yzy,2025_09_27_14_26_04,559.84,,pre1_label2_event_trigger,-1.0,0.0,0.0,2.0,all_raw_vehicle_dynamic_onset_non_steering,all_raw_detected_vehicle_instability_onset_predict_future_steering_response,instability_ay_roll,strong_active,straight,0,0.0,60.13,94.46,auto_accept_instability_medium,hybrid_accept_high,原始车辆数据/yzy/Entity_Recording_2025_09_27_14_26_04_vehicle.csv,F:\data_set_process\data_process\01_datasets\数据预处理\原始车辆数据\yzy\Entity_Recording_2025_09_27_14_26_04_vehicle.csv,4bc413c500f617c4089653ececa6aab4e6998c06d464df484a30626e9bb18619,111968,559.84,570.525,10.685,val,train,val,train,656,原始车辆数据/yzy/Entity_Recording_2025_09_27_14_26_04_vehicle.csv,4bc413c500f617c4089653ececa6aab4e6998c06d464df484a30626e9bb18619,1.0,1.0,0.1890181601047516
vehicle_instability_allraw__yzy__2025_09_27_14_26_04__000591770__pre1_label2_event_trigger,vehicle_instability_allraw__yzy__2025_09_27_14_26_04__000591770,yzy,2025_09_27_14_26_04,591.77,,pre1_label2_event_trigger,-1.0,0.0,0.0,2.0,all_raw_vehicle_dynamic_onset_non_steering,all_raw_detected_vehicle_instability_onset_predict_future_steering_response,instability_ay_roll,extreme_active,straight,0,0.0,94.35,100.0,auto_accept_instability_high,hybrid_accept_high,原始车辆数据/yzy/Entity_Recording_2025_09_27_14_26_04_vehicle.csv,F:\data_set_process\data_process\01_datasets\数据预处理\原始车辆数据\yzy\Entity_Recording_2025_09_27_14_26_04_vehicle.csv,4bc413c500f617c4089653ececa6aab4e6998c06d464df484a30626e9bb18619,118354,591.77,605.165,13.395,val,train,val,train,657,原始车辆数据/yzy/Entity_Recording_2025_09_27_14_26_04_vehicle.csv,4bc413c500f617c4089653ececa6aab4e6998c06d464df484a30626e9bb18619,1.0,1.0,-0.4206239879131317
vehicle_instability_allraw__yzy__2025_09_27_14_37_08__000092520__pre1_label2_event_trigger,vehicle_instability_allraw__yzy__2025_09_27_14_37_08__000092520,yzy,2025_09_27_14_37_08,92.52,,pre1_label2_event_trigger,-1.0,0.0,0.0,2.0,all_raw_vehicle_dynamic_onset_non_steering,all_raw_detected_vehicle_instability_onset_predict_future_steering_response,instability_ay_roll,extreme_active,straight,0,0.0,94.52,100.0,auto_accept_instability_high,hybrid_accept_high,原始车辆数据/yzy/Entity_Recording_2025_09_27_14_37_08_vehicle.csv,F:\data_set_process\data_process\01_datasets\数据预处理\原始车辆数据\yzy\Entity_Recording_2025_09_27_14_37_08_vehicle.csv,104d64b19efee3e4683f6f23d05a15a1229be15ce7e51607db23a9b6c734fa24,18504,92.52,105.17,12.65,val,test,val,train,658,原始车辆数据/yzy/Entity_Recording_2025_09_27_14_37_08_vehicle.csv,104d64b19efee3e4683f6f23d05a15a1229be15ce7e51607db23a9b6c734fa24,1.0,1.0,-0.44767698645591736
vehicle_instability_allraw__yzy__2025_09_27_14_37_08__000108285__pre1_label2_event_trigger,vehicle_instability_allraw__yzy__2025_09_27_14_37_08__000108285,yzy,2025_09_27_14_37_08,108.285,,pre1_label2_event_trigger,-1.0,0.0,0.0,2.0,all_raw_vehicle_dynamic_onset_non_steering,all_raw_detected_vehicle_instability_onset_predict_future_steering_response,instability_ay_roll,strong_active,straight,0,0.0,75.98,100.0,auto_accept_instability_high,hybrid_accept_high,原始车辆数据/yzy/Entity_Recording_2025_09_27_14_37_08_vehicle.csv,F:\data_set_process\data_process\01_datasets\数据预处理\原始车辆数据\yzy\Entity_Recording_2025_09_27_14_37_08_vehicle.csv,104d64b19efee3e4683f6f23d05a15a1229be15ce7e51607db23a9b6c734fa24,21657,108.285,110.615,2.33,val,train,val,train,659,原始车辆数据/yzy/Entity_Recording_2025_09_27_14_37_08_vehicle.csv,104d64b19efee3e4683f6f23d05a15a1229be15ce7e51607db23a9b6c734fa24,1.0,1.0,0.8326969742774963
vehicle_instability_allraw__yzy__2025_09_27_14_37_08__000136605__pre1_label2_event_trigger,vehicle_instability_allraw__yzy__2025_09_27_14_37_08__000136605,yzy,2025_09_27_14_37_08,136.605,,pre1_label2_event_trigger,-1.0,0.0,0.0,2.0,all_raw_vehicle_dynamic_onset_non_steering,all_raw_detected_vehicle_instability_onset_predict_future_steering_response,instability_ay_roll,strong_active,straight,0,0.0,72.94,100.0,auto_accept_instability_medium,hybrid_accept_high,原始车辆数据/yzy/Entity_Recording_2025_09_27_14_37_08_vehicle.csv,F:\data_set_process\data_process\01_datasets\数据预处理\原始车辆数据\yzy\Entity_Recording_2025_09_27_14_37_08_vehicle.csv,104d64b19efee3e4683f6f23d05a15a1229be15ce7e51607db23a9b6c734fa24,27321,136.605,153.18,16.575,val,test,val,train,660,原始车辆数据/yzy/Entity_Recording_2025_09_27_14_37_08_vehicle.csv,104d64b19efee3e4683f6f23d05a15a1229be15ce7e51607db23a9b6c734fa24,1.0,1.0,-0.4853760004043579
vehicle_instability_allraw__yzy__2025_09_27_14_37_08__000180920__pre1_label2_event_trigger,vehicle_instability_allraw__yzy__2025_09_27_14_37_08__000180920,yzy,2025_09_27_14_37_08,180.92,,pre1_label2_event_trigger,-1.0,0.0,0.0,2.0,all_raw_vehicle_dynamic_onset_non_steering,all_raw_detected_vehicle_instability_onset_predict_future_steering_response,instability_ay_roll,strong_active,curve,1,-0.00729802,84.36,100.0,auto_accept_instability_high,hybrid_accept_high,原始车辆数据/yzy/Entity_Recording_2025_09_27_14_37_08_vehicle.csv,F:\data_set_process\data_process\01_datasets\数据预处理\原始车辆数据\yzy\Entity_Recording_2025_09_27_14_37_08_vehicle.csv,104d64b19efee3e4683f6f23d05a15a1229be15ce7e51607db23a9b6c734fa24,36184,180.92,203.145,22.225,val,train,val,train,661,原始车辆数据/yzy/Entity_Recording_2025_09_27_14_37_08_vehicle.csv,104d64b19efee3e4683f6f23d05a15a1229be15ce7e51607db23a9b6c734fa24,1.0,1.0,-0.4317939877510071
vehicle_instability_allraw__yzy__2025_09_27_14_37_08__000213665__pre1_label2_event_trigger,vehicle_instability_allraw__yzy__2025_09_27_14_37_08__000213665,yzy,2025_09_27_14_37_08,213.665,,pre1_label2_event_trigger,-1.0,0.0,0.0,2.0,all_raw_vehicle_dynamic_onset_non_steering,all_raw_detected_vehicle_instability_onset_predict_future_steering_response,instability_ay_roll,strong_active,straight,0,0.0,70.85,100.0,auto_accept_instability_medium,hybrid_accept_high,原始车辆数据/yzy/Entity_Recording_2025_09_27_14_37_08_vehicle.csv,F:\data_set_process\data_process\01_datasets\数据预处理\原始车辆数据\yzy\Entity_Recording_2025_09_27_14_37_08_vehicle.csv,104d64b19efee3e4683f6f23d05a15a1229be15ce7e51607db23a9b6c734fa24,42733,213.665,238.35,24.685,val,train,val,train,662,原始车辆数据/yzy/Entity_Recording_2025_09_27_14_37_08_vehicle.csv,104d64b19efee3e4683f6f23d05a15a1229be15ce7e51607db23a9b6c734fa24,1.0,1.0,0.23876099288463593
vehicle_instability_allraw__yzy__2025_09_27_14_37_08__000251745__pre1_label2_event_trigger,vehicle_instability_allraw__yzy__2025_09_27_14_37_08__000251745,yzy,2025_09_27_14_37_08,251.745,,pre1_label2_event_trigger,-1.0,0.0,0.0,2.0,all_raw_vehicle_dynamic_onset_non_steering,all_raw_detected_vehicle_instability_onset_predict_future_steering_response,instability_ay_roll,extreme_active,straight,0,0.0,91.5,100.0,auto_accept_instability_high,hybrid_accept_high,原始车辆数据/yzy/Entity_Recording_2025_09_27_14_37_08_vehicle.csv,F:\data_set_process\data_process\01_datasets\数据预处理\原始车辆数据\yzy\Entity_Recording_2025_09_27_14_37_08_vehicle.csv,104d64b19efee3e4683f6f23d05a15a1229be15ce7e51607db23a9b6c734fa24,50349,251.745,258.885,7.14,val,train,val,train,663,原始车辆数据/yzy/Entity_Recording_2025_09_27_14_37_08_vehicle.csv,104d64b19efee3e4683f6f23d05a15a1229be15ce7e51607db23a9b6c734fa24,1.0,1.0,-0.5176655650138855
vehicle_instability_allraw__yzy__2025_09_27_14_37_08__000269385__pre1_label2_event_trigger,vehicle_instability_allraw__yzy__2025_09_27_14_37_08__000269385,yzy,2025_09_27_14_37_08,269.385,,pre1_label2_event_trigger,-1.0,0.0,0.0,2.0,all_raw_vehicle_dynamic_onset_non_steering,all_raw_detected_vehicle_instability_onset_predict_future_steering_response,instability_ay_roll,strong_active,straight,0,0.0,77.69,100.0,auto_accept_instability_high,hybrid_accept_high,原始车辆数据/yzy/Entity_Recording_2025_09_27_14_37_08_vehicle.csv,F:\data_set_process\data_process\01_datasets\数据预处理\原始车辆数据\yzy\Entity_Recording_2025_09_27_14_37_08_vehicle.csv,104d64b19efee3e4683f6f23d05a15a1229be15ce7e51607db23a9b6c734fa24,53877,269.385,291.06,21.675,val,train,val,train,664,原始车辆数据/yzy/Entity_Recording_2025_09_27_14_37_08_vehicle.csv,104d64b19efee3e4683f6f23d05a15a1229be15ce7e51607db23a9b6c734fa24,1.0,1.0,0.21886403858661652
vehicle_instability_allraw__yzy__2025_09_27_14_37_08__000321775__pre1_label2_event_trigger,vehicle_instability_allraw__yzy__2025_09_27_14_37_08__000321775,yzy,2025_09_27_14_37_08,321.775,,pre1_label2_event_trigger,-1.0,0.0,0.0,2.0,all_raw_vehicle_dynamic_onset_non_steering,all_raw_detected_vehicle_instability_onset_predict_future_steering_response,instability_ay_roll,instability_strong,design_regular_road,0,0.0,70.18,87.46,auto_accept_instability_medium,hybrid_accept_high,原始车辆数据/yzy/Entity_Recording_2025_09_27_14_37_08_vehicle.csv,F:\data_set_process\data_process\01_datasets\数据预处理\原始车辆数据\yzy\Entity_Recording_2025_09_27_14_37_08_vehicle.csv,104d64b19efee3e4683f6f23d05a15a1229be15ce7e51607db23a9b6c734fa24,64355,321.775,340.395,18.62,val,train,val,train,665,原始车辆数据/yzy/Entity_Recording_2025_09_27_14_37_08_vehicle.csv,104d64b19efee3e4683f6f23d05a15a1229be15ce7e51607db23a9b6c734fa24,1.0,1.0,0.10297373682260513
vehicle_instability_allraw__yzy__2025_09_27_14_37_08__000351165__pre1_label2_event_trigger,vehicle_instability_allraw__yzy__2025_09_27_14_37_08__000351165,yzy,2025_09_27_14_37_08,351.165,,pre1_label2_event_trigger,-1.0,0.0,0.0,2.0,all_raw_vehicle_dynamic_onset_non_steering,all_raw_detected_vehicle_instability_onset_predict_future_steering_response,instability_ay_roll,strong_active,straight,1,0.0,63.45,100.0,auto_accept_instability_medium,hybrid_accept_high,原始车辆数据/yzy/Entity_Recording_2025_09_27_14_37_08_vehicle.csv,F:\data_set_process\data_process\01_datasets\数据预处理\原始车辆数据\yzy\Entity_Recording_2025_09_27_14_37_08_vehicle.csv,104d64b19efee3e4683f6f23d05a15a1229be15ce7e51607db23a9b6c734fa24,70233,351.165,358.05,6.885,val,train,val,train,666,原始车辆数据/yzy/Entity_Recording_2025_09_27_14_37_08_vehicle.csv,104d64b19efee3e4683f6f23d05a15a1229be15ce7e51607db23a9b6c734fa24,1.0,1.0,-0.46722498536109924
vehicle_instability_allraw__yzy__2025_09_27_14_37_08__000376440__pre1_label2_event_trigger,vehicle_instability_allraw__yzy__2025_09_27_14_37_08__000376440,yzy,2025_09_27_14_37_08,376.44,,pre1_label2_event_trigger,-1.0,0.0,0.0,2.0,all_raw_vehicle_dynamic_onset_non_steering,all_raw_detected_vehicle_instability_onset_predict_future_steering_response,instability_ay_roll,strong_active,straight,0,0.0,63.21,98.32,auto_accept_instability_medium,hybrid_accept_high,原始车辆数据/yzy/Entity_Recording_2025_09_27_14_37_08_vehicle.csv,F:\data_set_process\data_process\01_datasets\数据预处理\原始车辆数据\yzy\Entity_Recording_2025_09_27_14_37_08_vehicle.csv,104d64b19efee3e4683f6f23d05a15a1229be15ce7e51607db23a9b6c734fa24,75288,376.44,382.74,6.3,val,train,val,train,667,原始车辆数据/yzy/Entity_Recording_2025_09_27_14_37_08_vehicle.csv,104d64b19efee3e4683f6f23d05a15a1229be15ce7e51607db23a9b6c734fa24,1.0,1.0,-0.4654789865016937
vehicle_instability_allraw__yzy__2025_09_27_14_37_08__000399045__pre1_label2_event_trigger,vehicle_instability_allraw__yzy__2025_09_27_14_37_08__000399045,yzy,2025_09_27_14_37_08,399.045,,pre1_label2_event_trigger,-1.0,0.0,0.0,2.0,all_raw_vehicle_dynamic_onset_non_steering,all_raw_detected_vehicle_instability_onset_predict_future_steering_response,instability_ay_roll,strong_active,straight,0,0.0,68.43,99.93,auto_accept_instability_medium,hybrid_accept_high,原始车辆数据/yzy/Entity_Recording_2025_09_27_14_37_08_vehicle.csv,F:\data_set_process\data_process\01_datasets\数据预处理\原始车辆数据\yzy\Entity_Recording_2025_09_27_14_37_08_vehicle.csv,104d64b19efee3e4683f6f23d05a15a1229be15ce7e51607db23a9b6c734fa24,79809,399.045,409.29,10.245,val,train,val,train,668,原始车辆数据/yzy/Entity_Recording_2025_09_27_14_37_08_vehicle.csv,104d64b19efee3e4683f6f23d05a15a1229be15ce7e51607db23a9b6c734fa24,1.0,1.0,0.1630139946937561
vehicle_instability_allraw__yzy__2025_09_27_14_37_08__000462770__pre1_label2_event_trigger,vehicle_instability_allraw__yzy__2025_09_27_14_37_08__000462770,yzy,2025_09_27_14_37_08,462.77,,pre1_label2_event_trigger,-1.0,0.0,0.0,2.0,all_raw_vehicle_dynamic_onset_non_steering,all_raw_detected_vehicle_instability_onset_predict_future_steering_response,instability_ay_roll,medium_active,straight,0,0.0,66.87,87.34,auto_accept_instability_medium,hybrid_accept_high,原始车辆数据/yzy/Entity_Recording_2025_09_27_14_37_08_vehicle.csv,F:\data_set_process\data_process\01_datasets\数据预处理\原始车辆数据\yzy\Entity_Recording_2025_09_27_14_37_08_vehicle.csv,104d64b19efee3e4683f6f23d05a15a1229be15ce7e51607db23a9b6c734fa24,92554,462.77,463.71,0.94,val,train,val,train,669,原始车辆数据/yzy/Entity_Recording_2025_09_27_14_37_08_vehicle.csv,104d64b19efee3e4683f6f23d05a15a1229be15ce7e51607db23a9b6c734fa24,1.0,1.0,-0.58747798204422
vehicle_instability_allraw__yzy__2025_09_27_14_37_08__000466240__pre1_label2_event_trigger,vehicle_instability_allraw__yzy__2025_09_27_14_37_08__000466240,yzy,2025_09_27_14_37_08,466.24,,pre1_label2_event_trigger,-1.0,0.0,0.0,2.0,all_raw_vehicle_dynamic_onset_non_steering,all_raw_detected_vehicle_instability_onset_predict_future_steering_response,instability_ay_roll,strong_active,straight,0,0.0,71.56,100.0,auto_accept_instability_medium,hybrid_accept_high,原始车辆数据/yzy/Entity_Recording_2025_09_27_14_37_08_vehicle.csv,F:\data_set_process\data_process\01_datasets\数据预处理\原始车辆数据\yzy\Entity_Recording_2025_09_27_14_37_08_vehicle.csv,104d64b19efee3e4683f6f23d05a15a1229be15ce7e51607db23a9b6c734fa24,93248,466.24,487.565,21.325,val,train,val,train,670,原始车辆数据/yzy/Entity_Recording_2025_09_27_14_37_08_vehicle.csv,104d64b19efee3e4683f6f23d05a15a1229be15ce7e51607db23a9b6c734fa24,1.0,1.0,-0.29234299063682556
vehicle_instability_allraw__yzy__2025_09_27_14_37_08__000538170__pre1_label2_event_trigger,vehicle_instability_allraw__yzy__2025_09_27_14_37_08__000538170,yzy,2025_09_27_14_37_08,538.17,,pre1_label2_event_trigger,-1.0,0.0,0.0,2.0,all_raw_vehicle_dynamic_onset_non_steering,all_raw_detected_vehicle_instability_onset_predict_future_steering_response,instability_ay_roll,strong_active,straight,0,0.0,60.98,100.0,auto_accept_instability_medium,hybrid_accept_high,原始车辆数据/yzy/Entity_Recording_2025_09_27_14_37_08_vehicle.csv,F:\data_set_process\data_process\01_datasets\数据预处理\原始车辆数据\yzy\Entity_Recording_2025_09_27_14_37_08_vehicle.csv,104d64b19efee3e4683f6f23d05a15a1229be15ce7e51607db23a9b6c734fa24,107634,538.17,553.935,15.765,val,train,val,train,671,原始车辆数据/yzy/Entity_Recording_2025_09_27_14_37_08_vehicle.csv,104d64b19efee3e4683f6f23d05a15a1229be15ce7e51607db23a9b6c734fa24,1.0,1.0,-0.4026469886302948
vehicle_instability_allraw__yzy__2025_09_27_15_04_26__000063290__pre1_label2_event_trigger,vehicle_instability_allraw__yzy__2025_09_27_15_04_26__000063290,yzy,2025_09_27_15_04_26,63.29,,pre1_label2_event_trigger,-1.0,0.0,0.0,2.0,all_raw_vehicle_dynamic_onset_non_steering,all_raw_detected_vehicle_instability_onset_predict_future_steering_response,instability_ay_roll,extreme_active,straight,0,0.0,94.25,100.0,auto_accept_instability_high,hybrid_accept_high,原始车辆数据/yzy/Entity_Recording_2025_09_27_15_04_26_vehicle.csv,F:\data_set_process\data_process\01_datasets\数据预处理\原始车辆数据\yzy\Entity_Recording_2025_09_27_15_04_26_vehicle.csv,1cfb562beb8969dc65e320b4cc4486d0d7f86ef9312196424050db7927f1e755,12658,63.29,70.365,7.075,train,train,train,train,672,原始车辆数据/yzy/Entity_Recording_2025_09_27_15_04_26_vehicle.csv,1cfb562beb8969dc65e320b4cc4486d0d7f86ef9312196424050db7927f1e755,1.0,1.0,-0.26511499285697937
vehicle_instability_allraw__yzy__2025_09_27_15_07_57__000086015__pre1_label2_event_trigger,vehicle_instability_allraw__yzy__2025_09_27_15_07_57__000086015,yzy,2025_09_27_15_07_57,86.015,,pre1_label2_event_trigger,-1.0,0.0,0.0,2.0,all_raw_vehicle_dynamic_onset_non_steering,all_raw_detected_vehicle_instability_onset_predict_future_steering_response,instability_ay_roll,medium_active,straight,0,0.0,73.43,98.87,auto_accept_instability_medium,hybrid_accept_high,原始车辆数据/yzy/Entity_Recording_2025_09_27_15_07_57_vehicle.csv,F:\data_set_process\data_process\01_datasets\数据预处理\原始车辆数据\yzy\Entity_Recording_2025_09_27_15_07_57_vehicle.csv,b7a13b62c82086e8172a313e45119147944a20733190a58e3da3e9c8c6bf3b05,17203,86.015,101.48,15.465,train,train,train,train,673,原始车辆数据/yzy/Entity_Recording_2025_09_27_15_07_57_vehicle.csv,b7a13b62c82086e8172a313e45119147944a20733190a58e3da3e9c8c6bf3b05,1.0,1.0,-0.35499998927116394
vehicle_instability_allraw__yzy__2025_09_27_15_07_57__000130900__pre1_label2_event_trigger,vehicle_instability_allraw__yzy__2025_09_27_15_07_57__000130900,yzy,2025_09_27_15_07_57,130.9,,pre1_label2_event_trigger,-1.0,0.0,0.0,2.0,all_raw_vehicle_dynamic_onset_non_steering,all_raw_detected_vehicle_instability_onset_predict_future_steering_response,instability_ay_roll,strong_active,curve,1,-0.00729802,68.79,100.0,auto_accept_instability_medium,hybrid_accept_high,原始车辆数据/yzy/Entity_Recording_2025_09_27_15_07_57_vehicle.csv,F:\data_set_process\data_process\01_datasets\数据预处理\原始车辆数据\yzy\Entity_Recording_2025_09_27_15_07_57_vehicle.csv,b7a13b62c82086e8172a313e45119147944a20733190a58e3da3e9c8c6bf3b05,26180,130.9,154.005,23.105,train,train,train,train,674,原始车辆数据/yzy/Entity_Recording_2025_09_27_15_07_57_vehicle.csv,b7a13b62c82086e8172a313e45119147944a20733190a58e3da3e9c8c6bf3b05,1.0,1.0,-0.3515090048313141
vehicle_instability_allraw__yzy__2025_09_27_15_07_57__000162845__pre1_label2_event_trigger,vehicle_instability_allraw__yzy__2025_09_27_15_07_57__000162845,yzy,2025_09_27_15_07_57,162.845,,pre1_label2_event_trigger,-1.0,0.0,0.0,2.0,all_raw_vehicle_dynamic_onset_non_steering,all_raw_detected_vehicle_instability_onset_predict_future_steering_response,instability_ay_roll,strong_active,curve,0,0.0,61.77,95.77,auto_accept_instability_medium,hybrid_accept_high,原始车辆数据/yzy/Entity_Recording_2025_09_27_15_07_57_vehicle.csv,F:\data_set_process\data_process\01_datasets\数据预处理\原始车辆数据\yzy\Entity_Recording_2025_09_27_15_07_57_vehicle.csv,b7a13b62c82086e8172a313e45119147944a20733190a58e3da3e9c8c6bf3b05,32569,162.845,179.635,16.79,train,train,train,train,675,原始车辆数据/yzy/Entity_Recording_2025_09_27_15_07_57_vehicle.csv,b7a13b62c82086e8172a313e45119147944a20733190a58e3da3e9c8c6bf3b05,1.0,1.0,0.2164209932088852
vehicle_instability_allraw__yzy__2025_09_27_15_07_57__000200590__pre1_label2_event_trigger,vehicle_instability_allraw__yzy__2025_09_27_15_07_57__000200590,yzy,2025_09_27_15_07_57,200.59,,pre1_label2_event_trigger,-1.0,0.0,0.0,2.0,all_raw_vehicle_dynamic_onset_non_steering,all_raw_detected_vehicle_instability_onset_predict_future_steering_response,instability_ay_roll,extreme_active,straight,0,0.0,94.87,100.0,auto_accept_instability_high,hybrid_accept_high,原始车辆数据/yzy/Entity_Recording_2025_09_27_15_07_57_vehicle.csv,F:\data_set_process\data_process\01_datasets\数据预处理\原始车辆数据\yzy\Entity_Recording_2025_09_27_15_07_57_vehicle.csv,b7a13b62c82086e8172a313e45119147944a20733190a58e3da3e9c8c6bf3b05,40118,200.59,208.17,7.58,train,train,train,train,676,原始车辆数据/yzy/Entity_Recording_2025_09_27_15_07_57_vehicle.csv,b7a13b62c82086e8172a313e45119147944a20733190a58e3da3e9c8c6bf3b05,1.0,1.0,-0.48397961258888245
vehicle_instability_allraw__yzy__2025_09_27_15_07_57__000212890__pre1_label2_event_trigger,vehicle_instability_allraw__yzy__2025_09_27_15_07_57__000212890,yzy,2025_09_27_15_07_57,212.89,,pre1_label2_event_trigger,-1.0,0.0,0.0,2.0,all_raw_vehicle_dynamic_onset_non_steering,all_raw_detected_vehicle_instability_onset_predict_future_steering_response,instability_ay_roll,instability_extreme,design_special_event_segment,0,-0.0,87.62,100.0,auto_accept_instability_high,hybrid_accept_high,原始车辆数据/yzy/Entity_Recording_2025_09_27_15_07_57_vehicle.csv,F:\data_set_process\data_process\01_datasets\数据预处理\原始车辆数据\yzy\Entity_Recording_2025_09_27_15_07_57_vehicle.csv,b7a13b62c82086e8172a313e45119147944a20733190a58e3da3e9c8c6bf3b05,42578,212.89,218.245,5.355,train,train,train,train,677,原始车辆数据/yzy/Entity_Recording_2025_09_27_15_07_57_vehicle.csv,b7a13b62c82086e8172a313e45119147944a20733190a58e3da3e9c8c6bf3b05,1.0,1.0,5.118879795074463
vehicle_instability_allraw__yzy__2025_09_27_15_07_57__000221360__pre1_label2_event_trigger,vehicle_instability_allraw__yzy__2025_09_27_15_07_57__000221360,yzy,2025_09_27_15_07_57,221.36,,pre1_label2_event_trigger,-1.0,0.0,0.0,2.0,all_raw_vehicle_dynamic_onset_non_steering,all_raw_detected_vehicle_instability_onset_predict_future_steering_response,instability_ay_roll,strong_active,straight,0,0.0,89.22,100.0,auto_accept_instability_high,hybrid_accept_high,原始车辆数据/yzy/Entity_Recording_2025_09_27_15_07_57_vehicle.csv,F:\data_set_process\data_process\01_datasets\数据预处理\原始车辆数据\yzy\Entity_Recording_2025_09_27_15_07_57_vehicle.csv,b7a13b62c82086e8172a313e45119147944a20733190a58e3da3e9c8c6bf3b05,44272,221.36,227.555,6.195,train,test,train,train,678,原始车辆数据/yzy/Entity_Recording_2025_09_27_15_07_57_vehicle.csv,b7a13b62c82086e8172a313e45119147944a20733190a58e3da3e9c8c6bf3b05,1.0,1.0,1.3407599925994873
vehicle_instability_allraw__yzy__2025_09_27_15_07_57__000251245__pre1_label2_event_trigger,vehicle_instability_allraw__yzy__2025_09_27_15_07_57__000251245,yzy,2025_09_27_15_07_57,251.245,,pre1_label2_event_trigger,-1.0,0.0,0.0,2.0,all_raw_vehicle_dynamic_onset_non_steering,all_raw_detected_vehicle_instability_onset_predict_future_steering_response,instability_ay_roll,strong_active,straight,0,-0.0,54.19,84.1,needs_human_review,hybrid_accept_high,原始车辆数据/yzy/Entity_Recording_2025_09_27_15_07_57_vehicle.csv,F:\data_set_process\data_process\01_datasets\数据预处理\原始车辆数据\yzy\Entity_Recording_2025_09_27_15_07_57_vehicle.csv,b7a13b62c82086e8172a313e45119147944a20733190a58e3da3e9c8c6bf3b05,50249,251.245,259.86,8.615,train,test,train,train,679,原始车辆数据/yzy/Entity_Recording_2025_09_27_15_07_57_vehicle.csv,b7a13b62c82086e8172a313e45119147944a20733190a58e3da3e9c8c6bf3b05,1.0,1.0,-0.38763800263404846
vehicle_instability_allraw__yzy__2025_09_27_15_07_57__000292475__pre1_label2_event_trigger,vehicle_instability_allraw__yzy__2025_09_27_15_07_57__000292475,yzy,2025_09_27_15_07_57,292.475,,pre1_label2_event_trigger,-1.0,0.0,0.0,2.0,all_raw_vehicle_dynamic_onset_non_steering,all_raw_detected_vehicle_instability_onset_predict_future_steering_response,instability_ay_roll,weak,straight,0,0.0,68.91,89.01,auto_accept_instability_medium,hybrid_accept_high,原始车辆数据/yzy/Entity_Recording_2025_09_27_15_07_57_vehicle.csv,F:\data_set_process\data_process\01_datasets\数据预处理\原始车辆数据\yzy\Entity_Recording_2025_09_27_15_07_57_vehicle.csv,b7a13b62c82086e8172a313e45119147944a20733190a58e3da3e9c8c6bf3b05,58495,292.475,317.8,25.325,train,train,train,train,680,原始车辆数据/yzy/Entity_Recording_2025_09_27_15_07_57_vehicle.csv,b7a13b62c82086e8172a313e45119147944a20733190a58e3da3e9c8c6bf3b05,1.0,1.0,-0.2281150072813034
vehicle_instability_allraw__yzy__2025_09_27_15_07_57__000328880__pre1_label2_event_trigger,vehicle_instability_allraw__yzy__2025_09_27_15_07_57__000328880,yzy,2025_09_27_15_07_57,328.88,,pre1_label2_event_trigger,-1.0,0.0,0.0,2.0,all_raw_vehicle_dynamic_onset_non_steering,all_raw_detected_vehicle_instability_onset_predict_future_steering_response,instability_ay_roll,medium_active,straight,1,0.0,64.27,90.05,auto_accept_instability_medium,hybrid_accept_high,原始车辆数据/yzy/Entity_Recording_2025_09_27_15_07_57_vehicle.csv,F:\data_set_process\data_process\01_datasets\数据预处理\原始车辆数据\yzy\Entity_Recording_2025_09_27_15_07_57_vehicle.csv,b7a13b62c82086e8172a313e45119147944a20733190a58e3da3e9c8c6bf3b05,65776,328.88,332.905,4.025,train,train,train,train,681,原始车辆数据/yzy/Entity_Recording_2025_09_27_15_07_57_vehicle.csv,b7a13b62c82086e8172a313e45119147944a20733190a58e3da3e9c8c6bf3b05,1.0,1.0,-0.3848453164100647
vehicle_instability_allraw__yzy__2025_09_27_15_07_57__000352710__pre1_label2_event_trigger,vehicle_instability_allraw__yzy__2025_09_27_15_07_57__000352710,yzy,2025_09_27_15_07_57,352.71,,pre1_label2_event_trigger,-1.0,0.0,0.0,2.0,all_raw_vehicle_dynamic_onset_non_steering,all_raw_detected_vehicle_instability_onset_predict_future_steering_response,instability_ay_roll,weak,straight,1,4.19e-06,70.01,86.7,auto_accept_instability_medium,hybrid_accept_high,原始车辆数据/yzy/Entity_Recording_2025_09_27_15_07_57_vehicle.csv,F:\data_set_process\data_process\01_datasets\数据预处理\原始车辆数据\yzy\Entity_Recording_2025_09_27_15_07_57_vehicle.csv,b7a13b62c82086e8172a313e45119147944a20733190a58e3da3e9c8c6bf3b05,70542,352.71,353.97,1.26,train,train,train,train,682,原始车辆数据/yzy/Entity_Recording_2025_09_27_15_07_57_vehicle.csv,b7a13b62c82086e8172a313e45119147944a20733190a58e3da3e9c8c6bf3b05,1.0,1.0,-0.4176570177078247
vehicle_instability_allraw__yzy__2025_09_27_15_07_57__000358900__pre1_label2_event_trigger,vehicle_instability_allraw__yzy__2025_09_27_15_07_57__000358900,yzy,2025_09_27_15_07_57,358.9,,pre1_label2_event_trigger,-1.0,0.0,0.0,2.0,all_raw_vehicle_dynamic_onset_non_steering,all_raw_detected_vehicle_instability_onset_predict_future_steering_response,instability_ay_roll,strong_active,straight,0,0.0,74.0,100.0,auto_accept_instability_medium,hybrid_accept_high,原始车辆数据/yzy/Entity_Recording_2025_09_27_15_07_57_vehicle.csv,F:\data_set_process\data_process\01_datasets\数据预处理\原始车辆数据\yzy\Entity_Recording_2025_09_27_15_07_57_vehicle.csv,b7a13b62c82086e8172a313e45119147944a20733190a58e3da3e9c8c6bf3b05,71780,358.9,363.48,4.58,train,train,train,train,683,原始车辆数据/yzy/Entity_Recording_2025_09_27_15_07_57_vehicle.csv,b7a13b62c82086e8172a313e45119147944a20733190a58e3da3e9c8c6bf3b05,1.0,1.0,-0.5595530271530151
vehicle_instability_allraw__yzy__2025_09_27_15_07_57__000379050__pre1_label2_event_trigger,vehicle_instability_allraw__yzy__2025_09_27_15_07_57__000379050,yzy,2025_09_27_15_07_57,379.05,,pre1_label2_event_trigger,-1.0,0.0,0.0,2.0,all_raw_vehicle_dynamic_onset_non_steering,all_raw_detected_vehicle_instability_onset_predict_future_steering_response,instability_ay_roll,strong_active,straight,0,-0.0,59.86,85.72,auto_accept_instability_medium,hybrid_accept_high,原始车辆数据/yzy/Entity_Recording_2025_09_27_15_07_57_vehicle.csv,F:\data_set_process\data_process\01_datasets\数据预处理\原始车辆数据\yzy\Entity_Recording_2025_09_27_15_07_57_vehicle.csv,b7a13b62c82086e8172a313e45119147944a20733190a58e3da3e9c8c6bf3b05,75810,379.05,390.425,11.375,train,train,train,train,684,原始车辆数据/yzy/Entity_Recording_2025_09_27_15_07_57_vehicle.csv,b7a13b62c82086e8172a313e45119147944a20733190a58e3da3e9c8c6bf3b05,1.0,1.0,0.22357699275016785
vehicle_instability_allraw__yzy__2025_09_27_15_07_57__000447025__pre1_label2_event_trigger,vehicle_instability_allraw__yzy__2025_09_27_15_07_57__000447025,yzy,2025_09_27_15_07_57,447.025,,pre1_label2_event_trigger,-1.0,0.0,0.0,2.0,all_raw_vehicle_dynamic_onset_non_steering,all_raw_detected_vehicle_instability_onset_predict_future_steering_response,instability_ay_roll,strong_active,straight,0,0.0,59.33,92.32,auto_accept_instability_medium,hybrid_accept_high,原始车辆数据/yzy/Entity_Recording_2025_09_27_15_07_57_vehicle.csv,F:\data_set_process\data_process\01_datasets\数据预处理\原始车辆数据\yzy\Entity_Recording_2025_09_27_15_07_57_vehicle.csv,b7a13b62c82086e8172a313e45119147944a20733190a58e3da3e9c8c6bf3b05,89405,447.025,463.94,16.915,train,train,train,train,685,原始车辆数据/yzy/Entity_Recording_2025_09_27_15_07_57_vehicle.csv,b7a13b62c82086e8172a313e45119147944a20733190a58e3da3e9c8c6bf3b05,1.0,1.0,-0.31852298974990845
vehicle_instability_allraw__zdq__2025_09_26_15_14_51__000059525__pre1_label2_event_trigger,vehicle_instability_allraw__zdq__2025_09_26_15_14_51__000059525,zdq,2025_09_26_15_14_51,59.525,,pre1_label2_event_trigger,-1.0,0.0,0.0,2.0,all_raw_vehicle_dynamic_onset_non_steering,all_raw_detected_vehicle_instability_onset_predict_future_steering_response,instability_ay_roll,extreme_active,straight,0,-0.0,76.01,100.0,auto_accept_instability_high,hybrid_accept_high,原始车辆数据/zdq/Entity_Recording_2025_09_26_15_14_51_vehicle.csv,F:\data_set_process\data_process\01_datasets\数据预处理\原始车辆数据\zdq\Entity_Recording_2025_09_26_15_14_51_vehicle.csv,b93de0274f1bbec55e4ea61b6b1d922d0b71345c686b6082a4f2ba25941a8301,11905,59.525,66.395,6.87,train,train,train,train,686,原始车辆数据/zdq/Entity_Recording_2025_09_26_15_14_51_vehicle.csv,b93de0274f1bbec55e4ea61b6b1d922d0b71345c686b6082a4f2ba25941a8301,1.0,1.0,-0.0513131245970726
vehicle_instability_allraw__zdq__2025_09_26_15_14_51__000154090__pre1_label2_event_trigger,vehicle_instability_allraw__zdq__2025_09_26_15_14_51__000154090,zdq,2025_09_26_15_14_51,154.09,,pre1_label2_event_trigger,-1.0,0.0,0.0,2.0,all_raw_vehicle_dynamic_onset_non_steering,all_raw_detected_vehicle_instability_onset_predict_future_steering_response,instability_ay_roll,extreme_active,straight,1,-0.00729802,96.8,100.0,auto_accept_instability_high,hybrid_accept_high,原始车辆数据/zdq/Entity_Recording_2025_09_26_15_14_51_vehicle.csv,F:\data_set_process\data_process\01_datasets\数据预处理\原始车辆数据\zdq\Entity_Recording_2025_09_26_15_14_51_vehicle.csv,b93de0274f1bbec55e4ea61b6b1d922d0b71345c686b6082a4f2ba25941a8301,30818,154.09,177.635,23.545,train,train,train,train,687,原始车辆数据/zdq/Entity_Recording_2025_09_26_15_14_51_vehicle.csv,b93de0274f1bbec55e4ea61b6b1d922d0b71345c686b6082a4f2ba25941a8301,1.0,1.0,-0.513824999332428
vehicle_instability_allraw__zdq__2025_09_26_15_14_51__000239960__pre1_label2_event_trigger,vehicle_instability_allraw__zdq__2025_09_26_15_14_51__000239960,zdq,2025_09_26_15_14_51,239.96,,pre1_label2_event_trigger,-1.0,0.0,0.0,2.0,all_raw_vehicle_dynamic_onset_non_steering,all_raw_detected_vehicle_instability_onset_predict_future_steering_response,instability_ay_roll,extreme_active,straight,0,0.0,97.15,100.0,auto_accept_instability_high,hybrid_accept_high,原始车辆数据/zdq/Entity_Recording_2025_09_26_15_14_51_vehicle.csv,F:\data_set_process\data_process\01_datasets\数据预处理\原始车辆数据\zdq\Entity_Recording_2025_09_26_15_14_51_vehicle.csv,b93de0274f1bbec55e4ea61b6b1d922d0b71345c686b6082a4f2ba25941a8301,47992,239.96,247.945,7.985,train,train,train,train,688,原始车辆数据/zdq/Entity_Recording_2025_09_26_15_14_51_vehicle.csv,b93de0274f1bbec55e4ea61b6b1d922d0b71345c686b6082a4f2ba25941a8301,1.0,1.0,-0.5609490275382996
vehicle_instability_allraw__zdq__2025_09_26_15_14_51__000251485__pre1_label2_event_trigger,vehicle_instability_allraw__zdq__2025_09_26_15_14_51__000251485,zdq,2025_09_26_15_14_51,251.485,,pre1_label2_event_trigger,-1.0,0.0,0.0,2.0,all_raw_vehicle_dynamic_onset_non_steering,all_raw_detected_vehicle_instability_onset_predict_future_steering_response,instability_ay_roll,extreme_active,straight,0,-0.0,85.2,100.0,auto_accept_instability_high,hybrid_accept_high,原始车辆数据/zdq/Entity_Recording_2025_09_26_15_14_51_vehicle.csv,F:\data_set_process\data_process\01_datasets\数据预处理\原始车辆数据\zdq\Entity_Recording_2025_09_26_15_14_51_vehicle.csv,b93de0274f1bbec55e4ea61b6b1d922d0b71345c686b6082a4f2ba25941a8301,50297,251.485,259.095,7.61,train,train,train,train,689,原始车辆数据/zdq/Entity_Recording_2025_09_26_15_14_51_vehicle.csv,b93de0274f1bbec55e4ea61b6b1d922d0b71345c686b6082a4f2ba25941a8301,1.0,1.0,-4.32125997543335
vehicle_instability_allraw__zdq__2025_09_26_15_14_51__000265140__pre1_label2_event_trigger,vehicle_instability_allraw__zdq__2025_09_26_15_14_51__000265140,zdq,2025_09_26_15_14_51,265.14,,pre1_label2_event_trigger,-1.0,0.0,0.0,2.0,all_raw_vehicle_dynamic_onset_non_steering,all_raw_detected_vehicle_instability_onset_predict_future_steering_response,instability_ay_roll,instability_strong,design_special_event_segment,0,0.0,76.14,100.0,auto_accept_instability_high,hybrid_accept_high,原始车辆数据/zdq/Entity_Recording_2025_09_26_15_14_51_vehicle.csv,F:\data_set_process\data_process\01_datasets\数据预处理\原始车辆数据\zdq\Entity_Recording_2025_09_26_15_14_51_vehicle.csv,b93de0274f1bbec55e4ea61b6b1d922d0b71345c686b6082a4f2ba25941a8301,53028,265.14,277.475,12.335,train,train,train,train,690,原始车辆数据/zdq/Entity_Recording_2025_09_26_15_14_51_vehicle.csv,b93de0274f1bbec55e4ea61b6b1d922d0b71345c686b6082a4f2ba25941a8301,1.0,1.0,-5.900090217590332
vehicle_instability_allraw__zdq__2025_09_26_15_21_51__000231945__pre1_label2_event_trigger,vehicle_instability_allraw__zdq__2025_09_26_15_21_51__000231945,zdq,2025_09_26_15_21_51,231.945,,pre1_label2_event_trigger,-1.0,0.0,0.0,2.0,all_raw_vehicle_dynamic_onset_non_steering,all_raw_detected_vehicle_instability_onset_predict_future_steering_response,instability_ay_roll,strong_active,straight,0,-0.0,71.14,99.7,auto_accept_instability_medium,hybrid_accept_high,原始车辆数据/zdq/Entity_Recording_2025_09_26_15_21_51_vehicle.csv,F:\data_set_process\data_process\01_datasets\数据预处理\原始车辆数据\zdq\Entity_Recording_2025_09_26_15_21_51_vehicle.csv,6ea1e18ffa5e63cc3e10e21a188a437621347a64a477b06e1f7decd7c011ba40,46389,231.945,246.165,14.22,train,train,train,train,691,原始车辆数据/zdq/Entity_Recording_2025_09_26_15_21_51_vehicle.csv,6ea1e18ffa5e63cc3e10e21a188a437621347a64a477b06e1f7decd7c011ba40,1.0,1.0,-0.4066619873046875
vehicle_instability_allraw__zdq__2025_09_26_15_27_09__000048660__pre1_label2_event_trigger,vehicle_instability_allraw__zdq__2025_09_26_15_27_09__000048660,zdq,2025_09_26_15_27_09,48.66,,pre1_label2_event_trigger,-1.0,0.0,0.0,2.0,all_raw_vehicle_dynamic_onset_non_steering,all_raw_detected_vehicle_instability_onset_predict_future_steering_response,instability_roll_only,extreme_active,straight,0,-0.0,77.2,100.0,auto_accept_instability_high,hybrid_accept_high,原始车辆数据/zdq/Entity_Recording_2025_09_26_15_27_09_vehicle.csv,F:\data_set_process\data_process\01_datasets\数据预处理\原始车辆数据\zdq\Entity_Recording_2025_09_26_15_27_09_vehicle.csv,84b686ee8c05a7d8d5da3e671b3a4a7ef5af33721a469e9b7d40884bca0d41ee,9732,48.66,48.835,0.175,train,train,train,train,692,原始车辆数据/zdq/Entity_Recording_2025_09_26_15_27_09_vehicle.csv,84b686ee8c05a7d8d5da3e671b3a4a7ef5af33721a469e9b7d40884bca0d41ee,1.0,1.0,0.011344865895807743
vehicle_instability_allraw__zdq__2025_09_26_15_27_09__000052510__pre1_label2_event_trigger,vehicle_instability_allraw__zdq__2025_09_26_15_27_09__000052510,zdq,2025_09_26_15_27_09,52.51,,pre1_label2_event_trigger,-1.0,0.0,0.0,2.0,all_raw_vehicle_dynamic_onset_non_steering,all_raw_detected_vehicle_instability_onset_predict_future_steering_response,instability_ay_roll,extreme_active,straight,0,0.0,91.66,100.0,auto_accept_instability_high,hybrid_accept_high,原始车辆数据/zdq/Entity_Recording_2025_09_26_15_27_09_vehicle.csv,F:\data_set_process\data_process\01_datasets\数据预处理\原始车辆数据\zdq\Entity_Recording_2025_09_26_15_27_09_vehicle.csv,84b686ee8c05a7d8d5da3e671b3a4a7ef5af33721a469e9b7d40884bca0d41ee,10502,52.51,56.97,4.46,train,train,train,train,693,原始车辆数据/zdq/Entity_Recording_2025_09_26_15_27_09_vehicle.csv,84b686ee8c05a7d8d5da3e671b3a4a7ef5af33721a469e9b7d40884bca0d41ee,1.0,1.0,-0.5241219997406006
vehicle_instability_allraw__zdq__2025_09_26_15_27_09__000060750__pre1_label2_event_trigger,vehicle_instability_allraw__zdq__2025_09_26_15_27_09__000060750,zdq,2025_09_26_15_27_09,60.75,,pre1_label2_event_trigger,-1.0,0.0,0.0,2.0,all_raw_vehicle_dynamic_onset_non_steering,all_raw_detected_vehicle_instability_onset_predict_future_steering_response,instability_ay_roll,strong_active,straight,0,0.0,76.77,100.0,auto_accept_instability_high,hybrid_accept_high,原始车辆数据/zdq/Entity_Recording_2025_09_26_15_27_09_vehicle.csv,F:\data_set_process\data_process\01_datasets\数据预处理\原始车辆数据\zdq\Entity_Recording_2025_09_26_15_27_09_vehicle.csv,84b686ee8c05a7d8d5da3e671b3a4a7ef5af33721a469e9b7d40884bca0d41ee,12150,60.75,63.125,2.375,train,train,train,train,694,原始车辆数据/zdq/Entity_Recording_2025_09_26_15_27_09_vehicle.csv,84b686ee8c05a7d8d5da3e671b3a4a7ef5af33721a469e9b7d40884bca0d41ee,1.0,1.0,-0.2867580056190491
vehicle_instability_allraw__zdq__2025_09_26_15_27_09__000125200__pre1_label2_event_trigger,vehicle_instability_allraw__zdq__2025_09_26_15_27_09__000125200,zdq,2025_09_26_15_27_09,125.2,,pre1_label2_event_trigger,-1.0,0.0,0.0,2.0,all_raw_vehicle_dynamic_onset_non_steering,all_raw_detected_vehicle_instability_onset_predict_future_steering_response,instability_ay_roll,strong_active,straight,1,-0.00729802,85.8,100.0,auto_accept_instability_high,hybrid_accept_high,原始车辆数据/zdq/Entity_Recording_2025_09_26_15_27_09_vehicle.csv,F:\data_set_process\data_process\01_datasets\数据预处理\原始车辆数据\zdq\Entity_Recording_2025_09_26_15_27_09_vehicle.csv,84b686ee8c05a7d8d5da3e671b3a4a7ef5af33721a469e9b7d40884bca0d41ee,25040,125.2,146.19,20.99,train,train,train,train,695,原始车辆数据/zdq/Entity_Recording_2025_09_26_15_27_09_vehicle.csv,84b686ee8c05a7d8d5da3e671b3a4a7ef5af33721a469e9b7d40884bca0d41ee,1.0,1.0,-0.4492485225200653
vehicle_instability_allraw__zdq__2025_09_26_15_27_09__000218190__pre1_label2_event_trigger,vehicle_instability_allraw__zdq__2025_09_26_15_27_09__000218190,zdq,2025_09_26_15_27_09,218.19,,pre1_label2_event_trigger,-1.0,0.0,0.0,2.0,all_raw_vehicle_dynamic_onset_non_steering,all_raw_detected_vehicle_instability_onset_predict_future_steering_response,instability_ay_roll,strong_active,straight,0,-0.0,66.32,100.0,auto_accept_instability_medium,hybrid_accept_high,原始车辆数据/zdq/Entity_Recording_2025_09_26_15_27_09_vehicle.csv,F:\data_set_process\data_process\01_datasets\数据预处理\原始车辆数据\zdq\Entity_Recording_2025_09_26_15_27_09_vehicle.csv,84b686ee8c05a7d8d5da3e671b3a4a7ef5af33721a469e9b7d40884bca0d41ee,43638,218.19,223.965,5.775,train,train,train,train,696,原始车辆数据/zdq/Entity_Recording_2025_09_26_15_27_09_vehicle.csv,84b686ee8c05a7d8d5da3e671b3a4a7ef5af33721a469e9b7d40884bca0d41ee,1.0,1.0,-0.48659801483154297
vehicle_instability_allraw__zdq__2025_09_26_15_27_09__000273525__pre1_label2_event_trigger,vehicle_instability_allraw__zdq__2025_09_26_15_27_09__000273525,zdq,2025_09_26_15_27_09,273.525,,pre1_label2_event_trigger,-1.0,0.0,0.0,2.0,all_raw_vehicle_dynamic_onset_non_steering,all_raw_detected_vehicle_instability_onset_predict_future_steering_response,instability_ay_roll,instability_strong,design_regular_road,0,0.0,76.69,92.56,auto_accept_instability_high,hybrid_accept_high,原始车辆数据/zdq/Entity_Recording_2025_09_26_15_27_09_vehicle.csv,F:\data_set_process\data_process\01_datasets\数据预处理\原始车辆数据\zdq\Entity_Recording_2025_09_26_15_27_09_vehicle.csv,84b686ee8c05a7d8d5da3e671b3a4a7ef5af33721a469e9b7d40884bca0d41ee,54705,273.525,297.89,24.365,train,test,train,train,697,原始车辆数据/zdq/Entity_Recording_2025_09_26_15_27_09_vehicle.csv,84b686ee8c05a7d8d5da3e671b3a4a7ef5af33721a469e9b7d40884bca0d41ee,1.0,1.0,0.16737699508666992
vehicle_instability_allraw__zdq__2025_09_26_15_27_09__000420095__pre1_label2_event_trigger,vehicle_instability_allraw__zdq__2025_09_26_15_27_09__000420095,zdq,2025_09_26_15_27_09,420.095,,pre1_label2_event_trigger,-1.0,0.0,0.0,2.0,all_raw_vehicle_dynamic_onset_non_steering,all_raw_detected_vehicle_instability_onset_predict_future_steering_response,instability_ay_roll,strong_active,straight,0,-0.0,67.65,100.0,auto_accept_instability_medium,hybrid_accept_high,原始车辆数据/zdq/Entity_Recording_2025_09_26_15_27_09_vehicle.csv,F:\data_set_process\data_process\01_datasets\数据预处理\原始车辆数据\zdq\Entity_Recording_2025_09_26_15_27_09_vehicle.csv,84b686ee8c05a7d8d5da3e671b3a4a7ef5af33721a469e9b7d40884bca0d41ee,84019,420.095,426.46,6.365,train,test,train,train,698,原始车辆数据/zdq/Entity_Recording_2025_09_26_15_27_09_vehicle.csv,84b686ee8c05a7d8d5da3e671b3a4a7ef5af33721a469e9b7d40884bca0d41ee,1.0,1.0,-0.939162015914917
vehicle_instability_allraw__zdq__2025_09_26_15_27_09__000456530__pre1_label2_event_trigger,vehicle_instability_allraw__zdq__2025_09_26_15_27_09__000456530,zdq,2025_09_26_15_27_09,456.53,,pre1_label2_event_trigger,-1.0,0.0,0.0,2.0,all_raw_vehicle_dynamic_onset_non_steering,all_raw_detected_vehicle_instability_onset_predict_future_steering_response,instability_ay_roll,extreme_active,curve,0,-0.0,93.21,100.0,auto_accept_instability_high,hybrid_accept_high,原始车辆数据/zdq/Entity_Recording_2025_09_26_15_27_09_vehicle.csv,F:\data_set_process\data_process\01_datasets\数据预处理\原始车辆数据\zdq\Entity_Recording_2025_09_26_15_27_09_vehicle.csv,84b686ee8c05a7d8d5da3e671b3a4a7ef5af33721a469e9b7d40884bca0d41ee,91306,456.53,480.895,24.365,train,train,train,train,699,原始车辆数据/zdq/Entity_Recording_2025_09_26_15_27_09_vehicle.csv,84b686ee8c05a7d8d5da3e671b3a4a7ef5af33721a469e9b7d40884bca0d41ee,1.0,1.0,0.11396999657154083
vehicle_instability_allraw__zdq__2025_09_26_15_37_30__000120990__pre1_label2_event_trigger,vehicle_instability_allraw__zdq__2025_09_26_15_37_30__000120990,zdq,2025_09_26_15_37_30,120.99,,pre1_label2_event_trigger,-1.0,0.0,0.0,2.0,all_raw_vehicle_dynamic_onset_non_steering,all_raw_detected_vehicle_instability_onset_predict_future_steering_response,instability_ay_roll,extreme_active,curve,1,-0.00729802,96.08,100.0,auto_accept_instability_high,hybrid_accept_high,原始车辆数据/zdq/Entity_Recording_2025_09_26_15_37_30_vehicle.csv,F:\data_set_process\data_process\01_datasets\数据预处理\原始车辆数据\zdq\Entity_Recording_2025_09_26_15_37_30_vehicle.csv,dc54111d8f806c514a8660e3091d701f87cfad6dc73b9006b98a94958804f304,24198,120.99,140.38,19.39,train,val,train,train,700,原始车辆数据/zdq/Entity_Recording_2025_09_26_15_37_30_vehicle.csv,dc54111d8f806c514a8660e3091d701f87cfad6dc73b9006b98a94958804f304,1.0,1.0,-0.48816773295402527
vehicle_instability_allraw__zdq__2025_09_26_15_37_30__000178525__pre1_label2_event_trigger,vehicle_instability_allraw__zdq__2025_09_26_15_37_30__000178525,zdq,2025_09_26_15_37_30,178.525,,pre1_label2_event_trigger,-1.0,0.0,0.0,2.0,all_raw_vehicle_dynamic_onset_non_steering,all_raw_detected_vehicle_instability_onset_predict_future_steering_response,instability_ay_roll,strong_active,straight,0,0.0,77.61,100.0,auto_accept_instability_high,hybrid_accept_high,原始车辆数据/zdq/Entity_Recording_2025_09_26_15_37_30_vehicle.csv,F:\data_set_process\data_process\01_datasets\数据预处理\原始车辆数据\zdq\Entity_Recording_2025_09_26_15_37_30_vehicle.csv,dc54111d8f806c514a8660e3091d701f87cfad6dc73b9006b98a94958804f304,35705,178.525,183.79,5.265,train,val,train,train,701,原始车辆数据/zdq/Entity_Recording_2025_09_26_15_37_30_vehicle.csv,dc54111d8f806c514a8660e3091d701f87cfad6dc73b9006b98a94958804f304,1.0,1.0,-0.03438258171081543
vehicle_instability_allraw__zdq__2025_09_26_15_37_30__000202020__pre1_label2_event_trigger,vehicle_instability_allraw__zdq__2025_09_26_15_37_30__000202020,zdq,2025_09_26_15_37_30,202.02,,pre1_label2_event_trigger,-1.0,0.0,0.0,2.0,all_raw_vehicle_dynamic_onset_non_steering,all_raw_detected_vehicle_instability_onset_predict_future_steering_response,instability_ay_roll,strong_active,straight,0,-0.0,57.75,89.21,needs_human_review,hybrid_accept_high,原始车辆数据/zdq/Entity_Recording_2025_09_26_15_37_30_vehicle.csv,F:\data_set_process\data_process\01_datasets\数据预处理\原始车辆数据\zdq\Entity_Recording_2025_09_26_15_37_30_vehicle.csv,dc54111d8f806c514a8660e3091d701f87cfad6dc73b9006b98a94958804f304,40404,202.02,205.53,3.51,train,train,train,train,702,原始车辆数据/zdq/Entity_Recording_2025_09_26_15_37_30_vehicle.csv,dc54111d8f806c514a8660e3091d701f87cfad6dc73b9006b98a94958804f304,1.0,1.0,-0.5267400145530701
vehicle_instability_allraw__zdq__2025_09_26_15_37_30__000251445__pre1_label2_event_trigger,vehicle_instability_allraw__zdq__2025_09_26_15_37_30__000251445,zdq,2025_09_26_15_37_30,251.445,,pre1_label2_event_trigger,-1.0,0.0,0.0,2.0,all_raw_vehicle_dynamic_onset_non_steering,all_raw_detected_vehicle_instability_onset_predict_future_steering_response,instability_ay_roll,weak,curve,0,-0.0,71.42,89.5,auto_accept_instability_medium,hybrid_accept_high,原始车辆数据/zdq/Entity_Recording_2025_09_26_15_37_30_vehicle.csv,F:\data_set_process\data_process\01_datasets\数据预处理\原始车辆数据\zdq\Entity_Recording_2025_09_26_15_37_30_vehicle.csv,dc54111d8f806c514a8660e3091d701f87cfad6dc73b9006b98a94958804f304,50289,251.445,274.235,22.79,train,train,train,train,703,原始车辆数据/zdq/Entity_Recording_2025_09_26_15_37_30_vehicle.csv,dc54111d8f806c514a8660e3091d701f87cfad6dc73b9006b98a94958804f304,1.0,1.0,0.055850498378276825
vehicle_instability_allraw__zdq__2025_09_26_15_37_30__000501995__pre1_label2_event_trigger,vehicle_instability_allraw__zdq__2025_09_26_15_37_30__000501995,zdq,2025_09_26_15_37_30,501.995,,pre1_label2_event_trigger,-1.0,0.0,0.0,2.0,all_raw_vehicle_dynamic_onset_non_steering,all_raw_detected_vehicle_instability_onset_predict_future_steering_response,instability_ay_roll,strong_active,curve,0,0.0,93.92,100.0,auto_accept_instability_high,hybrid_accept_high,原始车辆数据/zdq/Entity_Recording_2025_09_26_15_37_30_vehicle.csv,F:\data_set_process\data_process\01_datasets\数据预处理\原始车辆数据\zdq\Entity_Recording_2025_09_26_15_37_30_vehicle.csv,dc54111d8f806c514a8660e3091d701f87cfad6dc73b9006b98a94958804f304,100399,501.995,513.61,11.615,train,train,train,train,704,原始车辆数据/zdq/Entity_Recording_2025_09_26_15_37_30_vehicle.csv,dc54111d8f806c514a8660e3091d701f87cfad6dc73b9006b98a94958804f304,1.0,1.0,-0.2659878134727478
vehicle_instability_allraw__zdq__2025_09_26_15_52_46__000058070__pre1_label2_event_trigger,vehicle_instability_allraw__zdq__2025_09_26_15_52_46__000058070,zdq,2025_09_26_15_52_46,58.07,,pre1_label2_event_trigger,-1.0,0.0,0.0,2.0,all_raw_vehicle_dynamic_onset_non_steering,all_raw_detected_vehicle_instability_onset_predict_future_steering_response,instability_ay_roll,strong_active,straight,0,0.0,73.8,100.0,auto_accept_instability_medium,hybrid_accept_high,原始车辆数据/zdq/Entity_Recording_2025_09_26_15_52_46_vehicle.csv,F:\data_set_process\data_process\01_datasets\数据预处理\原始车辆数据\zdq\Entity_Recording_2025_09_26_15_52_46_vehicle.csv,b2f35f963bb5bff1dc3234354b317818695473a5a22d8e504d16b76943414ee2,11614,58.07,60.83,2.76,train,train,train,train,705,原始车辆数据/zdq/Entity_Recording_2025_09_26_15_52_46_vehicle.csv,b2f35f963bb5bff1dc3234354b317818695473a5a22d8e504d16b76943414ee2,1.0,1.0,0.0832521989941597
vehicle_instability_allraw__zdq__2025_09_26_15_52_46__000130370__pre1_label2_event_trigger,vehicle_instability_allraw__zdq__2025_09_26_15_52_46__000130370,zdq,2025_09_26_15_52_46,130.37,,pre1_label2_event_trigger,-1.0,0.0,0.0,2.0,all_raw_vehicle_dynamic_onset_non_steering,all_raw_detected_vehicle_instability_onset_predict_future_steering_response,instability_ay_roll,extreme_active,curve,1,-0.00729802,94.53,100.0,auto_accept_instability_high,hybrid_accept_high,原始车辆数据/zdq/Entity_Recording_2025_09_26_15_52_46_vehicle.csv,F:\data_set_process\data_process\01_datasets\数据预处理\原始车辆数据\zdq\Entity_Recording_2025_09_26_15_52_46_vehicle.csv,b2f35f963bb5bff1dc3234354b317818695473a5a22d8e504d16b76943414ee2,26074,130.37,137.165,6.795,train,train,train,train,706,原始车辆数据/zdq/Entity_Recording_2025_09_26_15_52_46_vehicle.csv,b2f35f963bb5bff1dc3234354b317818695473a5a22d8e504d16b76943414ee2,1.0,1.0,-0.4850269854068756
vehicle_instability_allraw__zdq__2025_09_26_15_52_46__000161655__pre1_label2_event_trigger,vehicle_instability_allraw__zdq__2025_09_26_15_52_46__000161655,zdq,2025_09_26_15_52_46,161.655,,pre1_label2_event_trigger,-1.0,0.0,0.0,2.0,all_raw_vehicle_dynamic_onset_non_steering,all_raw_detected_vehicle_instability_onset_predict_future_steering_response,instability_ay_roll,strong_active,curve,1,-0.00729802,62.18,94.89,auto_accept_instability_medium,hybrid_accept_high,原始车辆数据/zdq/Entity_Recording_2025_09_26_15_52_46_vehicle.csv,F:\data_set_process\data_process\01_datasets\数据预处理\原始车辆数据\zdq\Entity_Recording_2025_09_26_15_52_46_vehicle.csv,b2f35f963bb5bff1dc3234354b317818695473a5a22d8e504d16b76943414ee2,32331,161.655,170.5,8.845,train,val,train,train,707,原始车辆数据/zdq/Entity_Recording_2025_09_26_15_52_46_vehicle.csv,b2f35f963bb5bff1dc3234354b317818695473a5a22d8e504d16b76943414ee2,1.0,1.0,0.4963720142841339
vehicle_instability_allraw__zdq__2025_09_26_15_52_46__000242715__pre1_label2_event_trigger,vehicle_instability_allraw__zdq__2025_09_26_15_52_46__000242715,zdq,2025_09_26_15_52_46,242.715,,pre1_label2_event_trigger,-1.0,0.0,0.0,2.0,all_raw_vehicle_dynamic_onset_non_steering,all_raw_detected_vehicle_instability_onset_predict_future_steering_response,instability_ay_roll,extreme_active,straight,0,0.0,94.42,100.0,auto_accept_instability_high,hybrid_accept_high,原始车辆数据/zdq/Entity_Recording_2025_09_26_15_52_46_vehicle.csv,F:\data_set_process\data_process\01_datasets\数据预处理\原始车辆数据\zdq\Entity_Recording_2025_09_26_15_52_46_vehicle.csv,b2f35f963bb5bff1dc3234354b317818695473a5a22d8e504d16b76943414ee2,48543,242.715,250.14,7.425,train,train,train,train,708,原始车辆数据/zdq/Entity_Recording_2025_09_26_15_52_46_vehicle.csv,b2f35f963bb5bff1dc3234354b317818695473a5a22d8e504d16b76943414ee2,1.0,1.0,-0.5009099841117859
vehicle_instability_allraw__zdq__2025_09_26_15_52_46__000255520__pre1_label2_event_trigger,vehicle_instability_allraw__zdq__2025_09_26_15_52_46__000255520,zdq,2025_09_26_15_52_46,255.52,,pre1_label2_event_trigger,-1.0,0.0,0.0,2.0,all_raw_vehicle_dynamic_onset_non_steering,all_raw_detected_vehicle_instability_onset_predict_future_steering_response,instability_ay_roll,extreme_active,straight,0,0.0,75.96,100.0,auto_accept_instability_high,hybrid_accept_high,原始车辆数据/zdq/Entity_Recording_2025_09_26_15_52_46_vehicle.csv,F:\data_set_process\data_process\01_datasets\数据预处理\原始车辆数据\zdq\Entity_Recording_2025_09_26_15_52_46_vehicle.csv,b2f35f963bb5bff1dc3234354b317818695473a5a22d8e504d16b76943414ee2,51104,255.52,264.05,8.53,train,val,train,train,709,原始车辆数据/zdq/Entity_Recording_2025_09_26_15_52_46_vehicle.csv,b2f35f963bb5bff1dc3234354b317818695473a5a22d8e504d16b76943414ee2,1.0,1.0,-0.845088005065918
vehicle_instability_allraw__zdq__2025_09_26_15_52_46__000319490__pre1_label2_event_trigger,vehicle_instability_allraw__zdq__2025_09_26_15_52_46__000319490,zdq,2025_09_26_15_52_46,319.49,,pre1_label2_event_trigger,-1.0,0.0,0.0,2.0,all_raw_vehicle_dynamic_onset_non_steering,all_raw_detected_vehicle_instability_onset_predict_future_steering_response,instability_ay_roll,extreme_active,curve,0,0.0,84.31,100.0,auto_accept_instability_high,hybrid_accept_high,原始车辆数据/zdq/Entity_Recording_2025_09_26_15_52_46_vehicle.csv,F:\data_set_process\data_process\01_datasets\数据预处理\原始车辆数据\zdq\Entity_Recording_2025_09_26_15_52_46_vehicle.csv,b2f35f963bb5bff1dc3234354b317818695473a5a22d8e504d16b76943414ee2,63898,319.49,336.235,16.745,train,train,train,train,710,原始车辆数据/zdq/Entity_Recording_2025_09_26_15_52_46_vehicle.csv,b2f35f963bb5bff1dc3234354b317818695473a5a22d8e504d16b76943414ee2,1.0,1.0,0.09896017611026764
vehicle_instability_allraw__zdq__2025_09_26_15_52_46__000577885__pre1_label2_event_trigger,vehicle_instability_allraw__zdq__2025_09_26_15_52_46__000577885,zdq,2025_09_26_15_52_46,577.885,,pre1_label2_event_trigger,-1.0,0.0,0.0,2.0,all_raw_vehicle_dynamic_onset_non_steering,all_raw_detected_vehicle_instability_onset_predict_future_steering_response,instability_ay_roll,instability_strong,design_high_risk_surface,0,0.0,74.05,91.05,auto_accept_instability_medium,hybrid_accept_high,原始车辆数据/zdq/Entity_Recording_2025_09_26_15_52_46_vehicle.csv,F:\data_set_process\data_process\01_datasets\数据预处理\原始车辆数据\zdq\Entity_Recording_2025_09_26_15_52_46_vehicle.csv,b2f35f963bb5bff1dc3234354b317818695473a5a22d8e504d16b76943414ee2,115577,577.885,590.04,12.155,train,train,train,train,711,原始车辆数据/zdq/Entity_Recording_2025_09_26_15_52_46_vehicle.csv,b2f35f963bb5bff1dc3234354b317818695473a5a22d8e504d16b76943414ee2,1.0,1.0,-0.3359760046005249
vehicle_instability_allraw__zdq__2025_09_26_16_03_48__000136525__pre1_label2_event_trigger,vehicle_instability_allraw__zdq__2025_09_26_16_03_48__000136525,zdq,2025_09_26_16_03_48,136.525,,pre1_label2_event_trigger,-1.0,0.0,0.0,2.0,all_raw_vehicle_dynamic_onset_non_steering,all_raw_detected_vehicle_instability_onset_predict_future_steering_response,instability_ay_roll,extreme_active,straight,1,-0.00729802,94.5,100.0,auto_accept_instability_high,hybrid_accept_high,原始车辆数据/zdq/Entity_Recording_2025_09_26_16_03_48_vehicle.csv,F:\data_set_process\data_process\01_datasets\数据预处理\原始车辆数据\zdq\Entity_Recording_2025_09_26_16_03_48_vehicle.csv,b2c63d3ccf6fc293998f65cd2497d8fba308ed66731f367d9c5c25c1aa505e60,27305,136.525,144.06,7.535,train,train,train,train,712,原始车辆数据/zdq/Entity_Recording_2025_09_26_16_03_48_vehicle.csv,b2c63d3ccf6fc293998f65cd2497d8fba308ed66731f367d9c5c25c1aa505e60,1.0,1.0,-0.522376537322998
vehicle_instability_allraw__zdq__2025_09_26_16_03_48__000147065__pre1_label2_event_trigger,vehicle_instability_allraw__zdq__2025_09_26_16_03_48__000147065,zdq,2025_09_26_16_03_48,147.065,,pre1_label2_event_trigger,-1.0,0.0,0.0,2.0,all_raw_vehicle_dynamic_onset_non_steering,all_raw_detected_vehicle_instability_onset_predict_future_steering_response,instability_ay_roll,extreme_active,curve,1,-0.00729802,89.84,100.0,auto_accept_instability_high,hybrid_accept_high,原始车辆数据/zdq/Entity_Recording_2025_09_26_16_03_48_vehicle.csv,F:\data_set_process\data_process\01_datasets\数据预处理\原始车辆数据\zdq\Entity_Recording_2025_09_26_16_03_48_vehicle.csv,b2c63d3ccf6fc293998f65cd2497d8fba308ed66731f367d9c5c25c1aa505e60,29413,147.065,148.795,1.73,train,val,train,train,713,原始车辆数据/zdq/Entity_Recording_2025_09_26_16_03_48_vehicle.csv,b2c63d3ccf6fc293998f65cd2497d8fba308ed66731f367d9c5c25c1aa505e60,1.0,1.0,-1.2178900241851807
vehicle_instability_allraw__zdq__2025_09_26_16_03_48__000152030__pre1_label2_event_trigger,vehicle_instability_allraw__zdq__2025_09_26_16_03_48__000152030,zdq,2025_09_26_16_03_48,152.03,,pre1_label2_event_trigger,-1.0,0.0,0.0,2.0,all_raw_vehicle_dynamic_onset_non_steering,all_raw_detected_vehicle_instability_onset_predict_future_steering_response,instability_ay_roll,extreme_active,curve,1,-0.00729802,60.62,86.47,auto_accept_instability_medium,hybrid_accept_high,原始车辆数据/zdq/Entity_Recording_2025_09_26_16_03_48_vehicle.csv,F:\data_set_process\data_process\01_datasets\数据预处理\原始车辆数据\zdq\Entity_Recording_2025_09_26_16_03_48_vehicle.csv,b2c63d3ccf6fc293998f65cd2497d8fba308ed66731f367d9c5c25c1aa505e60,30406,152.03,152.495,0.465,train,val,train,train,714,原始车辆数据/zdq/Entity_Recording_2025_09_26_16_03_48_vehicle.csv,b2c63d3ccf6fc293998f65cd2497d8fba308ed66731f367d9c5c25c1aa505e60,1.0,1.0,0.6736969947814941
vehicle_instability_allraw__zdq__2025_09_26_16_03_48__000209905__pre1_label2_event_trigger,vehicle_instability_allraw__zdq__2025_09_26_16_03_48__000209905,zdq,2025_09_26_16_03_48,209.905,,pre1_label2_event_trigger,-1.0,0.0,0.0,2.0,all_raw_vehicle_dynamic_onset_non_steering,all_raw_detected_vehicle_instability_onset_predict_future_steering_response,instability_ay_roll,extreme_active,straight,0,0.0,74.05,100.0,auto_accept_instability_medium,hybrid_accept_high,原始车辆数据/zdq/Entity_Recording_2025_09_26_16_03_48_vehicle.csv,F:\data_set_process\data_process\01_datasets\数据预处理\原始车辆数据\zdq\Entity_Recording_2025_09_26_16_03_48_vehicle.csv,b2c63d3ccf6fc293998f65cd2497d8fba308ed66731f367d9c5c25c1aa505e60,41981,209.905,215.63,5.725,train,train,train,train,715,原始车辆数据/zdq/Entity_Recording_2025_09_26_16_03_48_vehicle.csv,b2c63d3ccf6fc293998f65cd2497d8fba308ed66731f367d9c5c25c1aa505e60,1.0,1.0,-0.343654990196228
vehicle_instability_allraw__zdq__2025_09_26_16_03_48__000287760__pre1_label2_event_trigger,vehicle_instability_allraw__zdq__2025_09_26_16_03_48__000287760,zdq,2025_09_26_16_03_48,287.76,,pre1_label2_event_trigger,-1.0,0.0,0.0,2.0,all_raw_vehicle_dynamic_onset_non_steering,all_raw_detected_vehicle_instability_onset_predict_future_steering_response,instability_ay_roll,strong_active,straight,0,-0.0,73.89,100.0,auto_accept_instability_medium,hybrid_accept_high,原始车辆数据/zdq/Entity_Recording_2025_09_26_16_03_48_vehicle.csv,F:\data_set_process\data_process\01_datasets\数据预处理\原始车辆数据\zdq\Entity_Recording_2025_09_26_16_03_48_vehicle.csv,b2c63d3ccf6fc293998f65cd2497d8fba308ed66731f367d9c5c25c1aa505e60,57552,287.76,306.63,18.87,train,train,train,train,716,原始车辆数据/zdq/Entity_Recording_2025_09_26_16_03_48_vehicle.csv,b2c63d3ccf6fc293998f65cd2497d8fba308ed66731f367d9c5c25c1aa505e60,1.0,1.0,-0.09756387025117874
vehicle_instability_allraw__zdq__2025_09_26_16_03_48__000347185__pre1_label2_event_trigger,vehicle_instability_allraw__zdq__2025_09_26_16_03_48__000347185,zdq,2025_09_26_16_03_48,347.185,,pre1_label2_event_trigger,-1.0,0.0,0.0,2.0,all_raw_vehicle_dynamic_onset_non_steering,all_raw_detected_vehicle_instability_onset_predict_future_steering_response,instability_ay_roll,strong_active,straight,0,0.0,67.85,100.0,auto_accept_instability_medium,hybrid_accept_high,原始车辆数据/zdq/Entity_Recording_2025_09_26_16_03_48_vehicle.csv,F:\data_set_process\data_process\01_datasets\数据预处理\原始车辆数据\zdq\Entity_Recording_2025_09_26_16_03_48_vehicle.csv,b2c63d3ccf6fc293998f65cd2497d8fba308ed66731f367d9c5c25c1aa505e60,69437,347.185,350.125,2.94,train,train,train,train,717,原始车辆数据/zdq/Entity_Recording_2025_09_26_16_03_48_vehicle.csv,b2c63d3ccf6fc293998f65cd2497d8fba308ed66731f367d9c5c25c1aa505e60,1.0,1.0,-0.43266698718070984
vehicle_instability_allraw__zdq__2025_09_26_16_03_48__000434135__pre1_label2_event_trigger,vehicle_instability_allraw__zdq__2025_09_26_16_03_48__000434135,zdq,2025_09_26_16_03_48,434.135,,pre1_label2_event_trigger,-1.0,0.0,0.0,2.0,all_raw_vehicle_dynamic_onset_non_steering,all_raw_detected_vehicle_instability_onset_predict_future_steering_response,instability_ay_roll,extreme_active,straight,0,-0.0,92.45,100.0,auto_accept_instability_high,hybrid_accept_high,原始车辆数据/zdq/Entity_Recording_2025_09_26_16_03_48_vehicle.csv,F:\data_set_process\data_process\01_datasets\数据预处理\原始车辆数据\zdq\Entity_Recording_2025_09_26_16_03_48_vehicle.csv,b2c63d3ccf6fc293998f65cd2497d8fba308ed66731f367d9c5c25c1aa505e60,86827,434.135,441.475,7.34,train,train,train,train,718,原始车辆数据/zdq/Entity_Recording_2025_09_26_16_03_48_vehicle.csv,b2c63d3ccf6fc293998f65cd2497d8fba308ed66731f367d9c5c25c1aa505e60,1.0,1.0,-0.560250997543335
vehicle_instability_allraw__zdq__2025_09_26_16_03_48__000471380__pre1_label2_event_trigger,vehicle_instability_allraw__zdq__2025_09_26_16_03_48__000471380,zdq,2025_09_26_16_03_48,471.38,,pre1_label2_event_trigger,-1.0,0.0,0.0,2.0,all_raw_vehicle_dynamic_onset_non_steering,all_raw_detected_vehicle_instability_onset_predict_future_steering_response,instability_ay_roll,medium_active,curve,0,0.0,92.73,100.0,auto_accept_instability_high,hybrid_accept_high,原始车辆数据/zdq/Entity_Recording_2025_09_26_16_03_48_vehicle.csv,F:\data_set_process\data_process\01_datasets\数据预处理\原始车辆数据\zdq\Entity_Recording_2025_09_26_16_03_48_vehicle.csv,b2c63d3ccf6fc293998f65cd2497d8fba308ed66731f367d9c5c25c1aa505e60,94276,471.38,496.52,25.14,train,train,train,train,719,原始车辆数据/zdq/Entity_Recording_2025_09_26_16_03_48_vehicle.csv,b2c63d3ccf6fc293998f65cd2497d8fba308ed66731f367d9c5c25c1aa505e60,1.0,1.0,-0.020769407972693443
vehicle_instability_allraw__zdq__2025_09_26_16_03_48__000540730__pre1_label2_event_trigger,vehicle_instability_allraw__zdq__2025_09_26_16_03_48__000540730,zdq,2025_09_26_16_03_48,540.73,,pre1_label2_event_trigger,-1.0,0.0,0.0,2.0,all_raw_vehicle_dynamic_onset_non_steering,all_raw_detected_vehicle_instability_onset_predict_future_steering_response,instability_ay_roll,weak,curve,0,0.0,76.01,96.47,auto_accept_instability_high,hybrid_accept_high,原始车辆数据/zdq/Entity_Recording_2025_09_26_16_03_48_vehicle.csv,F:\data_set_process\data_process\01_datasets\数据预处理\原始车辆数据\zdq\Entity_Recording_2025_09_26_16_03_48_vehicle.csv,b2c63d3ccf6fc293998f65cd2497d8fba308ed66731f367d9c5c25c1aa505e60,108146,540.73,551.59,10.86,train,val,train,train,720,原始车辆数据/zdq/Entity_Recording_2025_09_26_16_03_48_vehicle.csv,b2c63d3ccf6fc293998f65cd2497d8fba308ed66731f367d9c5c25c1aa505e60,1.0,1.0,-0.3588399887084961
vehicle_instability_allraw__zt__2025_09_28_11_20_08__000158280__pre1_label2_event_trigger,vehicle_instability_allraw__zt__2025_09_28_11_20_08__000158280,zt,2025_09_28_11_20_08,158.28,,pre1_label2_event_trigger,-1.0,0.0,0.0,2.0,all_raw_vehicle_dynamic_onset_non_steering,all_raw_detected_vehicle_instability_onset_predict_future_steering_response,instability_ay_roll,strong_active,straight,1,-0.00729802,75.04,100.0,auto_accept_instability_high,hybrid_accept_high,原始车辆数据/zt/Entity_Recording_2025_09_28_11_20_08_vehicle.csv,F:\data_set_process\data_process\01_datasets\数据预处理\原始车辆数据\zt\Entity_Recording_2025_09_28_11_20_08_vehicle.csv,a9c485c7d5de6a5ce8715616bca29b0b1c3df1fa0de5252d81cee02d43d44d9e,31656,158.28,175.58,17.3,train,train,train,val,721,原始车辆数据/zt/Entity_Recording_2025_09_28_11_20_08_vehicle.csv,a9c485c7d5de6a5ce8715616bca29b0b1c3df1fa0de5252d81cee02d43d44d9e,1.0,1.0,-0.40421798825263977
vehicle_instability_allraw__zt__2025_09_28_11_20_08__000199865__pre1_label2_event_trigger,vehicle_instability_allraw__zt__2025_09_28_11_20_08__000199865,zt,2025_09_28_11_20_08,199.865,,pre1_label2_event_trigger,-1.0,0.0,0.0,2.0,all_raw_vehicle_dynamic_onset_non_steering,all_raw_detected_vehicle_instability_onset_predict_future_steering_response,instability_ay_roll,extreme_active,straight,0,0.0,71.11,100.0,auto_accept_instability_medium,hybrid_accept_high,原始车辆数据/zt/Entity_Recording_2025_09_28_11_20_08_vehicle.csv,F:\data_set_process\data_process\01_datasets\数据预处理\原始车辆数据\zt\Entity_Recording_2025_09_28_11_20_08_vehicle.csv,a9c485c7d5de6a5ce8715616bca29b0b1c3df1fa0de5252d81cee02d43d44d9e,39973,199.865,211.575,11.71,train,train,train,val,722,原始车辆数据/zt/Entity_Recording_2025_09_28_11_20_08_vehicle.csv,a9c485c7d5de6a5ce8715616bca29b0b1c3df1fa0de5252d81cee02d43d44d9e,1.0,1.0,-0.1398009955883026
vehicle_instability_allraw__zt__2025_09_28_11_20_08__000251035__pre1_label2_event_trigger,vehicle_instability_allraw__zt__2025_09_28_11_20_08__000251035,zt,2025_09_28_11_20_08,251.035,,pre1_label2_event_trigger,-1.0,0.0,0.0,2.0,all_raw_vehicle_dynamic_onset_non_steering,all_raw_detected_vehicle_instability_onset_predict_future_steering_response,instability_ay_roll,extreme_active,straight,0,0.0,71.66,100.0,auto_accept_instability_medium,hybrid_accept_high,原始车辆数据/zt/Entity_Recording_2025_09_28_11_20_08_vehicle.csv,F:\data_set_process\data_process\01_datasets\数据预处理\原始车辆数据\zt\Entity_Recording_2025_09_28_11_20_08_vehicle.csv,a9c485c7d5de6a5ce8715616bca29b0b1c3df1fa0de5252d81cee02d43d44d9e,50207,251.035,256.6,5.565,train,test,train,val,723,原始车辆数据/zt/Entity_Recording_2025_09_28_11_20_08_vehicle.csv,a9c485c7d5de6a5ce8715616bca29b0b1c3df1fa0de5252d81cee02d43d44d9e,1.0,1.0,-0.2330007553100586
vehicle_instability_allraw__zt__2025_09_28_11_20_08__000270535__pre1_label2_event_trigger,vehicle_instability_allraw__zt__2025_09_28_11_20_08__000270535,zt,2025_09_28_11_20_08,270.535,,pre1_label2_event_trigger,-1.0,0.0,0.0,2.0,all_raw_vehicle_dynamic_onset_non_steering,all_raw_detected_vehicle_instability_onset_predict_future_steering_response,instability_ay_roll,medium_active,straight,0,-0.0,61.98,92.29,auto_accept_instability_medium,hybrid_accept_high,原始车辆数据/zt/Entity_Recording_2025_09_28_11_20_08_vehicle.csv,F:\data_set_process\data_process\01_datasets\数据预处理\原始车辆数据\zt\Entity_Recording_2025_09_28_11_20_08_vehicle.csv,a9c485c7d5de6a5ce8715616bca29b0b1c3df1fa0de5252d81cee02d43d44d9e,54107,270.535,273.68,3.145,train,train,train,val,724,原始车辆数据/zt/Entity_Recording_2025_09_28_11_20_08_vehicle.csv,a9c485c7d5de6a5ce8715616bca29b0b1c3df1fa0de5252d81cee02d43d44d9e,1.0,1.0,-0.4548330008983612
vehicle_instability_allraw__zt__2025_09_28_11_20_08__000312725__pre1_label2_event_trigger,vehicle_instability_allraw__zt__2025_09_28_11_20_08__000312725,zt,2025_09_28_11_20_08,312.725,,pre1_label2_event_trigger,-1.0,0.0,0.0,2.0,all_raw_vehicle_dynamic_onset_non_steering,all_raw_detected_vehicle_instability_onset_predict_future_steering_response,instability_ay_roll,weak,curve,0,0.0,80.56,100.0,auto_accept_instability_high,hybrid_accept_high,原始车辆数据/zt/Entity_Recording_2025_09_28_11_20_08_vehicle.csv,F:\data_set_process\data_process\01_datasets\数据预处理\原始车辆数据\zt\Entity_Recording_2025_09_28_11_20_08_vehicle.csv,a9c485c7d5de6a5ce8715616bca29b0b1c3df1fa0de5252d81cee02d43d44d9e,62545,312.725,331.23,18.505,train,train,train,val,725,原始车辆数据/zt/Entity_Recording_2025_09_28_11_20_08_vehicle.csv,a9c485c7d5de6a5ce8715616bca29b0b1c3df1fa0de5252d81cee02d43d44d9e,1.0,1.0,0.16423499584197998
vehicle_instability_allraw__zt__2025_09_28_11_20_08__000338755__pre1_label2_event_trigger,vehicle_instability_allraw__zt__2025_09_28_11_20_08__000338755,zt,2025_09_28_11_20_08,338.755,,pre1_label2_event_trigger,-1.0,0.0,0.0,2.0,all_raw_vehicle_dynamic_onset_non_steering,all_raw_detected_vehicle_instability_onset_predict_future_steering_response,instability_ay_roll,strong_active,straight,1,-0.0,60.08,88.49,auto_accept_instability_medium,hybrid_accept_high,原始车辆数据/zt/Entity_Recording_2025_09_28_11_20_08_vehicle.csv,F:\data_set_process\data_process\01_datasets\数据预处理\原始车辆数据\zt\Entity_Recording_2025_09_28_11_20_08_vehicle.csv,a9c485c7d5de6a5ce8715616bca29b0b1c3df1fa0de5252d81cee02d43d44d9e,67751,338.755,356.22,17.465,train,train,train,val,726,原始车辆数据/zt/Entity_Recording_2025_09_28_11_20_08_vehicle.csv,a9c485c7d5de6a5ce8715616bca29b0b1c3df1fa0de5252d81cee02d43d44d9e,1.0,1.0,-0.3714059889316559
vehicle_instability_allraw__zt__2025_09_28_11_20_08__000416365__pre1_label2_event_trigger,vehicle_instability_allraw__zt__2025_09_28_11_20_08__000416365,zt,2025_09_28_11_20_08,416.365,,pre1_label2_event_trigger,-1.0,0.0,0.0,2.0,all_raw_vehicle_dynamic_onset_non_steering,all_raw_detected_vehicle_instability_onset_predict_future_steering_response,instability_ay_roll,strong_active,straight,0,0.0,56.28,82.74,needs_human_review,hybrid_accept_high,原始车辆数据/zt/Entity_Recording_2025_09_28_11_20_08_vehicle.csv,F:\data_set_process\data_process\01_datasets\数据预处理\原始车辆数据\zt\Entity_Recording_2025_09_28_11_20_08_vehicle.csv,a9c485c7d5de6a5ce8715616bca29b0b1c3df1fa0de5252d81cee02d43d44d9e,83273,416.365,419.535,3.17,train,val,train,val,727,原始车辆数据/zt/Entity_Recording_2025_09_28_11_20_08_vehicle.csv,a9c485c7d5de6a5ce8715616bca29b0b1c3df1fa0de5252d81cee02d43d44d9e,1.0,1.0,-0.28029993176460266
vehicle_instability_allraw__zt__2025_09_28_11_20_08__000472990__pre1_label2_event_trigger,vehicle_instability_allraw__zt__2025_09_28_11_20_08__000472990,zt,2025_09_28_11_20_08,472.99,,pre1_label2_event_trigger,-1.0,0.0,0.0,2.0,all_raw_vehicle_dynamic_onset_non_steering,all_raw_detected_vehicle_instability_onset_predict_future_steering_response,instability_ay_roll,strong_active,straight,0,-0.0,59.76,89.91,auto_accept_instability_medium,hybrid_accept_high,原始车辆数据/zt/Entity_Recording_2025_09_28_11_20_08_vehicle.csv,F:\data_set_process\data_process\01_datasets\数据预处理\原始车辆数据\zt\Entity_Recording_2025_09_28_11_20_08_vehicle.csv,a9c485c7d5de6a5ce8715616bca29b0b1c3df1fa0de5252d81cee02d43d44d9e,94598,472.99,476.09,3.1,train,train,train,val,728,原始车辆数据/zt/Entity_Recording_2025_09_28_11_20_08_vehicle.csv,a9c485c7d5de6a5ce8715616bca29b0b1c3df1fa0de5252d81cee02d43d44d9e,1.0,1.0,0.17749999463558197
vehicle_instability_allraw__zt__2025_09_28_11_20_08__000488065__pre1_label2_event_trigger,vehicle_instability_allraw__zt__2025_09_28_11_20_08__000488065,zt,2025_09_28_11_20_08,488.065,,pre1_label2_event_trigger,-1.0,0.0,0.0,2.0,all_raw_vehicle_dynamic_onset_non_steering,all_raw_detected_vehicle_instability_onset_predict_future_steering_response,instability_ay_roll,strong_active,straight,0,-0.0,60.83,96.84,auto_accept_instability_medium,hybrid_accept_high,原始车辆数据/zt/Entity_Recording_2025_09_28_11_20_08_vehicle.csv,F:\data_set_process\data_process\01_datasets\数据预处理\原始车辆数据\zt\Entity_Recording_2025_09_28_11_20_08_vehicle.csv,a9c485c7d5de6a5ce8715616bca29b0b1c3df1fa0de5252d81cee02d43d44d9e,97613,488.065,495.14,7.075,train,train,train,val,729,原始车辆数据/zt/Entity_Recording_2025_09_28_11_20_08_vehicle.csv,a9c485c7d5de6a5ce8715616bca29b0b1c3df1fa0de5252d81cee02d43d44d9e,1.0,1.0,-0.4906120300292969
vehicle_instability_allraw__zx__2025_09_27_16_32_00__000028755__pre1_label2_event_trigger,vehicle_instability_allraw__zx__2025_09_27_16_32_00__000028755,zx,2025_09_27_16_32_00,28.755,,pre1_label2_event_trigger,-1.0,0.0,0.0,2.0,all_raw_vehicle_dynamic_onset_non_steering,all_raw_detected_vehicle_instability_onset_predict_future_steering_response,instability_ay_roll,strong_active,straight,0,0.0,63.55,87.11,auto_accept_instability_medium,hybrid_accept_high,原始车辆数据/zx/Entity_Recording_2025_09_27_16_32_00_vehicle.csv,F:\data_set_process\data_process\01_datasets\数据预处理\原始车辆数据\zx\Entity_Recording_2025_09_27_16_32_00_vehicle.csv,9ac8233cb0ff3d513eb20502c1b6e94b2fa1349dde0ec95faa53a46b10708fb1,5751,28.755,30.89,2.135,train,val,train,val,730,原始车辆数据/zx/Entity_Recording_2025_09_27_16_32_00_vehicle.csv,9ac8233cb0ff3d513eb20502c1b6e94b2fa1349dde0ec95faa53a46b10708fb1,1.0,1.0,0.060737501829862595
vehicle_instability_allraw__zx__2025_09_27_16_32_00__000072855__pre1_label2_event_trigger,vehicle_instability_allraw__zx__2025_09_27_16_32_00__000072855,zx,2025_09_27_16_32_00,72.855,,pre1_label2_event_trigger,-1.0,0.0,0.0,2.0,all_raw_vehicle_dynamic_onset_non_steering,all_raw_detected_vehicle_instability_onset_predict_future_steering_response,instability_ay_roll,extreme_active,straight,0,0.0,94.84,100.0,auto_accept_instability_high,hybrid_accept_high,原始车辆数据/zx/Entity_Recording_2025_09_27_16_32_00_vehicle.csv,F:\data_set_process\data_process\01_datasets\数据预处理\原始车辆数据\zx\Entity_Recording_2025_09_27_16_32_00_vehicle.csv,9ac8233cb0ff3d513eb20502c1b6e94b2fa1349dde0ec95faa53a46b10708fb1,14571,72.855,85.525,12.67,train,train,train,val,731,原始车辆数据/zx/Entity_Recording_2025_09_27_16_32_00_vehicle.csv,9ac8233cb0ff3d513eb20502c1b6e94b2fa1349dde0ec95faa53a46b10708fb1,1.0,1.0,-0.5085890293121338
vehicle_instability_allraw__zx__2025_09_27_16_32_00__000101585__pre1_label2_event_trigger,vehicle_instability_allraw__zx__2025_09_27_16_32_00__000101585,zx,2025_09_27_16_32_00,101.585,,pre1_label2_event_trigger,-1.0,0.0,0.0,2.0,all_raw_vehicle_dynamic_onset_non_steering,all_raw_detected_vehicle_instability_onset_predict_future_steering_response,instability_roll_only,strong_active,straight,0,0.0,43.36,82.92,needs_human_review,hybrid_accept_high,原始车辆数据/zx/Entity_Recording_2025_09_27_16_32_00_vehicle.csv,F:\data_set_process\data_process\01_datasets\数据预处理\原始车辆数据\zx\Entity_Recording_2025_09_27_16_32_00_vehicle.csv,9ac8233cb0ff3d513eb20502c1b6e94b2fa1349dde0ec95faa53a46b10708fb1,20317,101.585,101.935,0.35,train,train,train,val,732,原始车辆数据/zx/Entity_Recording_2025_09_27_16_32_00_vehicle.csv,9ac8233cb0ff3d513eb20502c1b6e94b2fa1349dde0ec95faa53a46b10708fb1,1.0,1.0,2.019700050354004
vehicle_instability_allraw__zx__2025_09_27_16_32_00__000105310__pre1_label2_event_trigger,vehicle_instability_allraw__zx__2025_09_27_16_32_00__000105310,zx,2025_09_27_16_32_00,105.31,,pre1_label2_event_trigger,-1.0,0.0,0.0,2.0,all_raw_vehicle_dynamic_onset_non_steering,all_raw_detected_vehicle_instability_onset_predict_future_steering_response,instability_ay_roll,strong_active,straight,0,0.0,62.77,100.0,auto_accept_instability_medium,hybrid_accept_high,原始车辆数据/zx/Entity_Recording_2025_09_27_16_32_00_vehicle.csv,F:\data_set_process\data_process\01_datasets\数据预处理\原始车辆数据\zx\Entity_Recording_2025_09_27_16_32_00_vehicle.csv,9ac8233cb0ff3d513eb20502c1b6e94b2fa1349dde0ec95faa53a46b10708fb1,21062,105.31,118.92,13.61,train,val,train,val,733,原始车辆数据/zx/Entity_Recording_2025_09_27_16_32_00_vehicle.csv,9ac8233cb0ff3d513eb20502c1b6e94b2fa1349dde0ec95faa53a46b10708fb1,1.0,1.0,0.9566149711608887
vehicle_instability_allraw__zx__2025_09_27_16_32_00__000122020__pre1_label2_event_trigger,vehicle_instability_allraw__zx__2025_09_27_16_32_00__000122020,zx,2025_09_27_16_32_00,122.02,,pre1_label2_event_trigger,-1.0,0.0,0.0,2.0,all_raw_vehicle_dynamic_onset_non_steering,all_raw_detected_vehicle_instability_onset_predict_future_steering_response,instability_ay_roll,medium_active,straight,0,-0.0,69.68,100.0,auto_accept_instability_medium,hybrid_accept_high,原始车辆数据/zx/Entity_Recording_2025_09_27_16_32_00_vehicle.csv,F:\data_set_process\data_process\01_datasets\数据预处理\原始车辆数据\zx\Entity_Recording_2025_09_27_16_32_00_vehicle.csv,9ac8233cb0ff3d513eb20502c1b6e94b2fa1349dde0ec95faa53a46b10708fb1,24404,122.02,127.585,5.565,train,test,train,val,734,原始车辆数据/zx/Entity_Recording_2025_09_27_16_32_00_vehicle.csv,9ac8233cb0ff3d513eb20502c1b6e94b2fa1349dde0ec95faa53a46b10708fb1,1.0,1.0,-0.45169100165367126
vehicle_instability_allraw__zx__2025_09_27_16_32_00__000148800__pre1_label2_event_trigger,vehicle_instability_allraw__zx__2025_09_27_16_32_00__000148800,zx,2025_09_27_16_32_00,148.8,,pre1_label2_event_trigger,-1.0,0.0,0.0,2.0,all_raw_vehicle_dynamic_onset_non_steering,all_raw_detected_vehicle_instability_onset_predict_future_steering_response,instability_ay_roll,extreme_active,straight,0,-0.0,95.0,100.0,auto_accept_instability_high,hybrid_accept_high,原始车辆数据/zx/Entity_Recording_2025_09_27_16_32_00_vehicle.csv,F:\data_set_process\data_process\01_datasets\数据预处理\原始车辆数据\zx\Entity_Recording_2025_09_27_16_32_00_vehicle.csv,9ac8233cb0ff3d513eb20502c1b6e94b2fa1349dde0ec95faa53a46b10708fb1,29760,148.8,156.575,7.775,train,train,train,val,735,原始车辆数据/zx/Entity_Recording_2025_09_27_16_32_00_vehicle.csv,9ac8233cb0ff3d513eb20502c1b6e94b2fa1349dde0ec95faa53a46b10708fb1,1.0,1.0,0.13229599595069885
vehicle_instability_allraw__zx__2025_09_27_16_32_00__000163770__pre1_label2_event_trigger,vehicle_instability_allraw__zx__2025_09_27_16_32_00__000163770,zx,2025_09_27_16_32_00,163.77,,pre1_label2_event_trigger,-1.0,0.0,0.0,2.0,all_raw_vehicle_dynamic_onset_non_steering,all_raw_detected_vehicle_instability_onset_predict_future_steering_response,instability_ay_roll,extreme_active,straight,0,0.0,74.03,100.0,auto_accept_instability_medium,hybrid_accept_high,原始车辆数据/zx/Entity_Recording_2025_09_27_16_32_00_vehicle.csv,F:\data_set_process\data_process\01_datasets\数据预处理\原始车辆数据\zx\Entity_Recording_2025_09_27_16_32_00_vehicle.csv,9ac8233cb0ff3d513eb20502c1b6e94b2fa1349dde0ec95faa53a46b10708fb1,32754,163.77,190.285,26.515,train,test,train,val,736,原始车辆数据/zx/Entity_Recording_2025_09_27_16_32_00_vehicle.csv,9ac8233cb0ff3d513eb20502c1b6e94b2fa1349dde0ec95faa53a46b10708fb1,1.0,1.0,-0.46687600016593933
vehicle_instability_allraw__zx__2025_09_27_16_32_00__000231650__pre1_label2_event_trigger,vehicle_instability_allraw__zx__2025_09_27_16_32_00__000231650,zx,2025_09_27_16_32_00,231.65,,pre1_label2_event_trigger,-1.0,0.0,0.0,2.0,all_raw_vehicle_dynamic_onset_non_steering,all_raw_detected_vehicle_instability_onset_predict_future_steering_response,instability_ay_roll,strong_active,straight,1,-0.00729802,80.99,100.0,auto_accept_instability_high,hybrid_accept_high,原始车辆数据/zx/Entity_Recording_2025_09_27_16_32_00_vehicle.csv,F:\data_set_process\data_process\01_datasets\数据预处理\原始车辆数据\zx\Entity_Recording_2025_09_27_16_32_00_vehicle.csv,9ac8233cb0ff3d513eb20502c1b6e94b2fa1349dde0ec95faa53a46b10708fb1,46330,231.65,249.515,17.865,train,train,train,val,737,原始车辆数据/zx/Entity_Recording_2025_09_27_16_32_00_vehicle.csv,9ac8233cb0ff3d513eb20502c1b6e94b2fa1349dde0ec95faa53a46b10708fb1,1.0,1.0,-0.434587299823761
vehicle_instability_allraw__zx__2025_09_27_16_32_00__000260070__pre1_label2_event_trigger,vehicle_instability_allraw__zx__2025_09_27_16_32_00__000260070,zx,2025_09_27_16_32_00,260.07,,pre1_label2_event_trigger,-1.0,0.0,0.0,2.0,all_raw_vehicle_dynamic_onset_non_steering,all_raw_detected_vehicle_instability_onset_predict_future_steering_response,instability_ay_roll,extreme_active,straight,0,0.0,82.88,100.0,auto_accept_instability_high,hybrid_accept_high,原始车辆数据/zx/Entity_Recording_2025_09_27_16_32_00_vehicle.csv,F:\data_set_process\data_process\01_datasets\数据预处理\原始车辆数据\zx\Entity_Recording_2025_09_27_16_32_00_vehicle.csv,9ac8233cb0ff3d513eb20502c1b6e94b2fa1349dde0ec95faa53a46b10708fb1,52014,260.07,268.245,8.175,train,test,train,val,738,原始车辆数据/zx/Entity_Recording_2025_09_27_16_32_00_vehicle.csv,9ac8233cb0ff3d513eb20502c1b6e94b2fa1349dde0ec95faa53a46b10708fb1,1.0,1.0,-0.4077090620994568
vehicle_instability_allraw__zx__2025_09_27_16_32_00__000312575__pre1_label2_event_trigger,vehicle_instability_allraw__zx__2025_09_27_16_32_00__000312575,zx,2025_09_27_16_32_00,312.575,,pre1_label2_event_trigger,-1.0,0.0,0.0,2.0,all_raw_vehicle_dynamic_onset_non_steering,all_raw_detected_vehicle_instability_onset_predict_future_steering_response,instability_ay_roll,extreme_active,straight,0,-0.0,91.61,100.0,auto_accept_instability_high,hybrid_accept_high,原始车辆数据/zx/Entity_Recording_2025_09_27_16_32_00_vehicle.csv,F:\data_set_process\data_process\01_datasets\数据预处理\原始车辆数据\zx\Entity_Recording_2025_09_27_16_32_00_vehicle.csv,9ac8233cb0ff3d513eb20502c1b6e94b2fa1349dde0ec95faa53a46b10708fb1,62515,312.575,329.305,16.73,train,train,train,val,739,原始车辆数据/zx/Entity_Recording_2025_09_27_16_32_00_vehicle.csv,9ac8233cb0ff3d513eb20502c1b6e94b2fa1349dde0ec95faa53a46b10708fb1,1.0,1.0,0.2888520061969757
vehicle_instability_allraw__zx__2025_09_27_16_32_00__000364875__pre1_label2_event_trigger,vehicle_instability_allraw__zx__2025_09_27_16_32_00__000364875,zx,2025_09_27_16_32_00,364.875,,pre1_label2_event_trigger,-1.0,0.0,0.0,2.0,all_raw_vehicle_dynamic_onset_non_steering,all_raw_detected_vehicle_instability_onset_predict_future_steering_response,instability_ay_roll,weak,curve,0,0.0,82.33,100.0,auto_accept_instability_high,hybrid_accept_high,原始车辆数据/zx/Entity_Recording_2025_09_27_16_32_00_vehicle.csv,F:\data_set_process\data_process\01_datasets\数据预处理\原始车辆数据\zx\Entity_Recording_2025_09_27_16_32_00_vehicle.csv,9ac8233cb0ff3d513eb20502c1b6e94b2fa1349dde0ec95faa53a46b10708fb1,72975,364.875,380.585,15.71,train,train,train,val,740,原始车辆数据/zx/Entity_Recording_2025_09_27_16_32_00_vehicle.csv,9ac8233cb0ff3d513eb20502c1b6e94b2fa1349dde0ec95faa53a46b10708fb1,1.0,1.0,0.15079599618911743
vehicle_instability_allraw__zx__2025_09_27_16_32_00__000384950__pre1_label2_event_trigger,vehicle_instability_allraw__zx__2025_09_27_16_32_00__000384950,zx,2025_09_27_16_32_00,384.95,,pre1_label2_event_trigger,-1.0,0.0,0.0,2.0,all_raw_vehicle_dynamic_onset_non_steering,all_raw_detected_vehicle_instability_onset_predict_future_steering_response,instability_ay_roll,weak,curve,1,0.0,72.23,86.3,auto_accept_instability_medium,hybrid_accept_high,原始车辆数据/zx/Entity_Recording_2025_09_27_16_32_00_vehicle.csv,F:\data_set_process\data_process\01_datasets\数据预处理\原始车辆数据\zx\Entity_Recording_2025_09_27_16_32_00_vehicle.csv,9ac8233cb0ff3d513eb20502c1b6e94b2fa1349dde0ec95faa53a46b10708fb1,76990,384.95,386.94,1.99,train,train,train,val,741,原始车辆数据/zx/Entity_Recording_2025_09_27_16_32_00_vehicle.csv,9ac8233cb0ff3d513eb20502c1b6e94b2fa1349dde0ec95faa53a46b10708fb1,1.0,1.0,-0.4904380142688751
vehicle_instability_allraw__zx__2025_09_27_16_32_00__000398300__pre1_label2_event_trigger,vehicle_instability_allraw__zx__2025_09_27_16_32_00__000398300,zx,2025_09_27_16_32_00,398.3,,pre1_label2_event_trigger,-1.0,0.0,0.0,2.0,all_raw_vehicle_dynamic_onset_non_steering,all_raw_detected_vehicle_instability_onset_predict_future_steering_response,instability_ay_roll,extreme_active,straight,1,0.0,80.74,100.0,auto_accept_instability_high,hybrid_accept_high,原始车辆数据/zx/Entity_Recording_2025_09_27_16_32_00_vehicle.csv,F:\data_set_process\data_process\01_datasets\数据预处理\原始车辆数据\zx\Entity_Recording_2025_09_27_16_32_00_vehicle.csv,9ac8233cb0ff3d513eb20502c1b6e94b2fa1349dde0ec95faa53a46b10708fb1,79660,398.3,406.425,8.125,train,val,train,val,742,原始车辆数据/zx/Entity_Recording_2025_09_27_16_32_00_vehicle.csv,9ac8233cb0ff3d513eb20502c1b6e94b2fa1349dde0ec95faa53a46b10708fb1,1.0,1.0,-0.41050103306770325
vehicle_instability_allraw__zx__2025_09_27_16_32_00__000417655__pre1_label2_event_trigger,vehicle_instability_allraw__zx__2025_09_27_16_32_00__000417655,zx,2025_09_27_16_32_00,417.655,,pre1_label2_event_trigger,-1.0,0.0,0.0,2.0,all_raw_vehicle_dynamic_onset_non_steering,all_raw_detected_vehicle_instability_onset_predict_future_steering_response,instability_ay_roll,extreme_active,straight,1,-0.00011437,87.86,100.0,auto_accept_instability_high,hybrid_accept_high,原始车辆数据/zx/Entity_Recording_2025_09_27_16_32_00_vehicle.csv,F:\data_set_process\data_process\01_datasets\数据预处理\原始车辆数据\zx\Entity_Recording_2025_09_27_16_32_00_vehicle.csv,9ac8233cb0ff3d513eb20502c1b6e94b2fa1349dde0ec95faa53a46b10708fb1,83531,417.655,418.285,0.63,train,train,train,val,743,原始车辆数据/zx/Entity_Recording_2025_09_27_16_32_00_vehicle.csv,9ac8233cb0ff3d513eb20502c1b6e94b2fa1349dde0ec95faa53a46b10708fb1,1.0,1.0,-0.27209699153900146
vehicle_instability_allraw__zx__2025_09_27_16_32_00__000421025__pre1_label2_event_trigger,vehicle_instability_allraw__zx__2025_09_27_16_32_00__000421025,zx,2025_09_27_16_32_00,421.025,,pre1_label2_event_trigger,-1.0,0.0,0.0,2.0,all_raw_vehicle_dynamic_onset_non_steering,all_raw_detected_vehicle_instability_onset_predict_future_steering_response,instability_ay_roll,extreme_active,straight,0,-0.0,95.74,100.0,auto_accept_instability_high,hybrid_accept_high,原始车辆数据/zx/Entity_Recording_2025_09_27_16_32_00_vehicle.csv,F:\data_set_process\data_process\01_datasets\数据预处理\原始车辆数据\zx\Entity_Recording_2025_09_27_16_32_00_vehicle.csv,9ac8233cb0ff3d513eb20502c1b6e94b2fa1349dde0ec95faa53a46b10708fb1,84205,421.025,434.185,13.16,train,test,train,val,744,原始车辆数据/zx/Entity_Recording_2025_09_27_16_32_00_vehicle.csv,9ac8233cb0ff3d513eb20502c1b6e94b2fa1349dde0ec95faa53a46b10708fb1,1.0,1.0,-0.39235448837280273
vehicle_instability_allraw__zx__2025_09_27_16_32_00__000446275__pre1_label2_event_trigger,vehicle_instability_allraw__zx__2025_09_27_16_32_00__000446275,zx,2025_09_27_16_32_00,446.275,,pre1_label2_event_trigger,-1.0,0.0,0.0,2.0,all_raw_vehicle_dynamic_onset_non_steering,all_raw_detected_vehicle_instability_onset_predict_future_steering_response,instability_ay_roll,strong_active,straight,0,-0.0,59.25,87.48,auto_accept_instability_medium,hybrid_accept_high,原始车辆数据/zx/Entity_Recording_2025_09_27_16_32_00_vehicle.csv,F:\data_set_process\data_process\01_datasets\数据预处理\原始车辆数据\zx\Entity_Recording_2025_09_27_16_32_00_vehicle.csv,9ac8233cb0ff3d513eb20502c1b6e94b2fa1349dde0ec95faa53a46b10708fb1,89255,446.275,463.42,17.145,train,test,train,val,745,原始车辆数据/zx/Entity_Recording_2025_09_27_16_32_00_vehicle.csv,9ac8233cb0ff3d513eb20502c1b6e94b2fa1349dde0ec95faa53a46b10708fb1,1.0,1.0,0.025481799617409706
vehicle_instability_allraw__zx__2025_09_27_16_32_00__000470635__pre1_label2_event_trigger,vehicle_instability_allraw__zx__2025_09_27_16_32_00__000470635,zx,2025_09_27_16_32_00,470.635,,pre1_label2_event_trigger,-1.0,0.0,0.0,2.0,all_raw_vehicle_dynamic_onset_non_steering,all_raw_detected_vehicle_instability_onset_predict_future_steering_response,instability_ay_roll,strong_active,straight,0,0.0,59.44,98.96,auto_accept_instability_medium,hybrid_accept_high,原始车辆数据/zx/Entity_Recording_2025_09_27_16_32_00_vehicle.csv,F:\data_set_process\data_process\01_datasets\数据预处理\原始车辆数据\zx\Entity_Recording_2025_09_27_16_32_00_vehicle.csv,9ac8233cb0ff3d513eb20502c1b6e94b2fa1349dde0ec95faa53a46b10708fb1,94127,470.635,488.035,17.4,train,train,train,val,746,原始车辆数据/zx/Entity_Recording_2025_09_27_16_32_00_vehicle.csv,9ac8233cb0ff3d513eb20502c1b6e94b2fa1349dde0ec95faa53a46b10708fb1,1.0,1.0,1.3676400184631348
vehicle_instability_allraw__zx__2025_09_27_16_32_00__000490620__pre1_label2_event_trigger,vehicle_instability_allraw__zx__2025_09_27_16_32_00__000490620,zx,2025_09_27_16_32_00,490.62,,pre1_label2_event_trigger,-1.0,0.0,0.0,2.0,all_raw_vehicle_dynamic_onset_non_steering,all_raw_detected_vehicle_instability_onset_predict_future_steering_response,instability_ay_roll,strong_active,straight,0,0.0,89.96,100.0,auto_accept_instability_high,hybrid_accept_high,原始车辆数据/zx/Entity_Recording_2025_09_27_16_32_00_vehicle.csv,F:\data_set_process\data_process\01_datasets\数据预处理\原始车辆数据\zx\Entity_Recording_2025_09_27_16_32_00_vehicle.csv,9ac8233cb0ff3d513eb20502c1b6e94b2fa1349dde0ec95faa53a46b10708fb1,98124,490.62,497.78,7.16,train,train,train,val,747,原始车辆数据/zx/Entity_Recording_2025_09_27_16_32_00_vehicle.csv,9ac8233cb0ff3d513eb20502c1b6e94b2fa1349dde0ec95faa53a46b10708fb1,1.0,1.0,-0.8388047218322754
vehicle_instability_allraw__zx__2025_09_27_16_32_00__000559925__pre1_label2_event_trigger,vehicle_instability_allraw__zx__2025_09_27_16_32_00__000559925,zx,2025_09_27_16_32_00,559.925,,pre1_label2_event_trigger,-1.0,0.0,0.0,2.0,all_raw_vehicle_dynamic_onset_non_steering,all_raw_detected_vehicle_instability_onset_predict_future_steering_response,instability_ay_roll,extreme_active,straight,0,0.0,80.27,100.0,auto_accept_instability_high,hybrid_accept_high,原始车辆数据/zx/Entity_Recording_2025_09_27_16_32_00_vehicle.csv,F:\data_set_process\data_process\01_datasets\数据预处理\原始车辆数据\zx\Entity_Recording_2025_09_27_16_32_00_vehicle.csv,9ac8233cb0ff3d513eb20502c1b6e94b2fa1349dde0ec95faa53a46b10708fb1,111985,559.925,569.0,9.075,train,train,train,val,748,原始车辆数据/zx/Entity_Recording_2025_09_27_16_32_00_vehicle.csv,9ac8233cb0ff3d513eb20502c1b6e94b2fa1349dde0ec95faa53a46b10708fb1,1.0,1.0,-0.50108402967453
vehicle_instability_allraw__zx__2025_09_27_16_32_00__000593005__pre1_label2_event_trigger,vehicle_instability_allraw__zx__2025_09_27_16_32_00__000593005,zx,2025_09_27_16_32_00,593.005,,pre1_label2_event_trigger,-1.0,0.0,0.0,2.0,all_raw_vehicle_dynamic_onset_non_steering,all_raw_detected_vehicle_instability_onset_predict_future_steering_response,instability_ay_roll,medium_active,curve,0,-0.0,63.13,85.44,auto_accept_instability_medium,hybrid_accept_high,原始车辆数据/zx/Entity_Recording_2025_09_27_16_32_00_vehicle.csv,F:\data_set_process\data_process\01_datasets\数据预处理\原始车辆数据\zx\Entity_Recording_2025_09_27_16_32_00_vehicle.csv,9ac8233cb0ff3d513eb20502c1b6e94b2fa1349dde0ec95faa53a46b10708fb1,118601,593.005,612.42,19.415,train,train,train,val,749,原始车辆数据/zx/Entity_Recording_2025_09_27_16_32_00_vehicle.csv,9ac8233cb0ff3d513eb20502c1b6e94b2fa1349dde0ec95faa53a46b10708fb1,1.0,1.0,0.07714349776506424
vehicle_instability_allraw__zx__2025_09_27_16_32_00__000615805__pre1_label2_event_trigger,vehicle_instability_allraw__zx__2025_09_27_16_32_00__000615805,zx,2025_09_27_16_32_00,615.805,,pre1_label2_event_trigger,-1.0,0.0,0.0,2.0,all_raw_vehicle_dynamic_onset_non_steering,all_raw_detected_vehicle_instability_onset_predict_future_steering_response,instability_ay_roll,instability_extreme,design_high_risk_surface,0,-0.0,93.04,100.0,auto_accept_instability_high,hybrid_accept_high,原始车辆数据/zx/Entity_Recording_2025_09_27_16_32_00_vehicle.csv,F:\data_set_process\data_process\01_datasets\数据预处理\原始车辆数据\zx\Entity_Recording_2025_09_27_16_32_00_vehicle.csv,9ac8233cb0ff3d513eb20502c1b6e94b2fa1349dde0ec95faa53a46b10708fb1,123161,615.805,638.76,22.955,train,train,train,val,750,原始车辆数据/zx/Entity_Recording_2025_09_27_16_32_00_vehicle.csv,9ac8233cb0ff3d513eb20502c1b6e94b2fa1349dde0ec95faa53a46b10708fb1,1.0,1.0,-2.63142991065979
vehicle_instability_allraw__zx__2025_09_27_16_32_00__000645585__pre1_label2_event_trigger,vehicle_instability_allraw__zx__2025_09_27_16_32_00__000645585,zx,2025_09_27_16_32_00,645.585,,pre1_label2_event_trigger,-1.0,0.0,0.0,2.0,all_raw_vehicle_dynamic_onset_non_steering,all_raw_detected_vehicle_instability_onset_predict_future_steering_response,instability_ay_roll,strong_active,straight,0,0.0,58.7,93.22,auto_accept_instability_medium,hybrid_accept_high,原始车辆数据/zx/Entity_Recording_2025_09_27_16_32_00_vehicle.csv,F:\data_set_process\data_process\01_datasets\数据预处理\原始车辆数据\zx\Entity_Recording_2025_09_27_16_32_00_vehicle.csv,9ac8233cb0ff3d513eb20502c1b6e94b2fa1349dde0ec95faa53a46b10708fb1,129117,645.585,661.455,15.87,train,train,train,val,751,原始车辆数据/zx/Entity_Recording_2025_09_27_16_32_00_vehicle.csv,9ac8233cb0ff3d513eb20502c1b6e94b2fa1349dde0ec95faa53a46b10708fb1,1.0,1.0,0.21432599425315857
vehicle_instability_allraw__zx__2025_09_27_16_46_13__000078890__pre1_label2_event_trigger,vehicle_instability_allraw__zx__2025_09_27_16_46_13__000078890,zx,2025_09_27_16_46_13,78.89,,pre1_label2_event_trigger,-1.0,0.0,0.0,2.0,all_raw_vehicle_dynamic_onset_non_steering,all_raw_detected_vehicle_instability_onset_predict_future_steering_response,instability_ay_roll,extreme_active,straight,0,-0.0,78.95,100.0,auto_accept_instability_high,hybrid_accept_high,原始车辆数据/zx/Entity_Recording_2025_09_27_16_46_13_vehicle.csv,F:\data_set_process\data_process\01_datasets\数据预处理\原始车辆数据\zx\Entity_Recording_2025_09_27_16_46_13_vehicle.csv,e5bc2db169a17bca0fa27ce530d67cddcb1e0c54fd5b61aa01f23ab636a868aa,15778,78.89,83.265,4.375,val,val,val,val,752,原始车辆数据/zx/Entity_Recording_2025_09_27_16_46_13_vehicle.csv,e5bc2db169a17bca0fa27ce530d67cddcb1e0c54fd5b61aa01f23ab636a868aa,1.0,1.0,-0.607200026512146
vehicle_instability_allraw__zx__2025_09_27_16_46_13__000087075__pre1_label2_event_trigger,vehicle_instability_allraw__zx__2025_09_27_16_46_13__000087075,zx,2025_09_27_16_46_13,87.075,,pre1_label2_event_trigger,-1.0,0.0,0.0,2.0,all_raw_vehicle_dynamic_onset_non_steering,all_raw_detected_vehicle_instability_onset_predict_future_steering_response,instability_ay_roll,extreme_active,straight,0,-0.0,86.26,100.0,auto_accept_instability_high,hybrid_accept_high,原始车辆数据/zx/Entity_Recording_2025_09_27_16_46_13_vehicle.csv,F:\data_set_process\data_process\01_datasets\数据预处理\原始车辆数据\zx\Entity_Recording_2025_09_27_16_46_13_vehicle.csv,e5bc2db169a17bca0fa27ce530d67cddcb1e0c54fd5b61aa01f23ab636a868aa,17415,87.075,93.96,6.885,val,val,val,val,753,原始车辆数据/zx/Entity_Recording_2025_09_27_16_46_13_vehicle.csv,e5bc2db169a17bca0fa27ce530d67cddcb1e0c54fd5b61aa01f23ab636a868aa,1.0,1.0,0.16545641422271729
vehicle_instability_allraw__zx__2025_09_27_16_46_13__000111180__pre1_label2_event_trigger,vehicle_instability_allraw__zx__2025_09_27_16_46_13__000111180,zx,2025_09_27_16_46_13,111.18,,pre1_label2_event_trigger,-1.0,0.0,0.0,2.0,all_raw_vehicle_dynamic_onset_non_steering,all_raw_detected_vehicle_instability_onset_predict_future_steering_response,instability_ay_roll,extreme_active,straight,0,0.0,83.5,100.0,auto_accept_instability_high,hybrid_accept_high,原始车辆数据/zx/Entity_Recording_2025_09_27_16_46_13_vehicle.csv,F:\data_set_process\data_process\01_datasets\数据预处理\原始车辆数据\zx\Entity_Recording_2025_09_27_16_46_13_vehicle.csv,e5bc2db169a17bca0fa27ce530d67cddcb1e0c54fd5b61aa01f23ab636a868aa,22236,111.18,121.34,10.16,val,train,val,val,754,原始车辆数据/zx/Entity_Recording_2025_09_27_16_46_13_vehicle.csv,e5bc2db169a17bca0fa27ce530d67cddcb1e0c54fd5b61aa01f23ab636a868aa,1.0,1.0,-0.47979098558425903
vehicle_instability_allraw__zx__2025_09_27_16_46_13__000152930__pre1_label2_event_trigger,vehicle_instability_allraw__zx__2025_09_27_16_46_13__000152930,zx,2025_09_27_16_46_13,152.93,,pre1_label2_event_trigger,-1.0,0.0,0.0,2.0,all_raw_vehicle_dynamic_onset_non_steering,all_raw_detected_vehicle_instability_onset_predict_future_steering_response,instability_ay_roll,extreme_active,curve,1,-0.00729802,94.83,100.0,auto_accept_instability_high,hybrid_accept_high,原始车辆数据/zx/Entity_Recording_2025_09_27_16_46_13_vehicle.csv,F:\data_set_process\data_process\01_datasets\数据预处理\原始车辆数据\zx\Entity_Recording_2025_09_27_16_46_13_vehicle.csv,e5bc2db169a17bca0fa27ce530d67cddcb1e0c54fd5b61aa01f23ab636a868aa,30586,152.93,162.89,9.96,val,train,val,val,755,原始车辆数据/zx/Entity_Recording_2025_09_27_16_46_13_vehicle.csv,e5bc2db169a17bca0fa27ce530d67cddcb1e0c54fd5b61aa01f23ab636a868aa,1.0,1.0,-0.42010098695755005
vehicle_instability_allraw__zx__2025_09_27_16_46_13__000212495__pre1_label2_event_trigger,vehicle_instability_allraw__zx__2025_09_27_16_46_13__000212495,zx,2025_09_27_16_46_13,212.495,,pre1_label2_event_trigger,-1.0,0.0,0.0,2.0,all_raw_vehicle_dynamic_onset_non_steering,all_raw_detected_vehicle_instability_onset_predict_future_steering_response,instability_ay_roll,instability_medium,design_curve_context,1,-0.00729802,65.68,83.48,auto_accept_instability_medium,hybrid_accept_high,原始车辆数据/zx/Entity_Recording_2025_09_27_16_46_13_vehicle.csv,F:\data_set_process\data_process\01_datasets\数据预处理\原始车辆数据\zx\Entity_Recording_2025_09_27_16_46_13_vehicle.csv,e5bc2db169a17bca0fa27ce530d67cddcb1e0c54fd5b61aa01f23ab636a868aa,42499,212.495,214.23,1.735,val,train,val,val,756,原始车辆数据/zx/Entity_Recording_2025_09_27_16_46_13_vehicle.csv,e5bc2db169a17bca0fa27ce530d67cddcb1e0c54fd5b61aa01f23ab636a868aa,1.0,1.0,-2.8831100463867188
vehicle_instability_allraw__zx__2025_09_27_16_46_13__000217955__pre1_label2_event_trigger,vehicle_instability_allraw__zx__2025_09_27_16_46_13__000217955,zx,2025_09_27_16_46_13,217.955,,pre1_label2_event_trigger,-1.0,0.0,0.0,2.0,all_raw_vehicle_dynamic_onset_non_steering,all_raw_detected_vehicle_instability_onset_predict_future_steering_response,instability_ay_roll,strong_active,curve,1,-0.00729802,49.83,82.61,needs_human_review,hybrid_accept_high,原始车辆数据/zx/Entity_Recording_2025_09_27_16_46_13_vehicle.csv,F:\data_set_process\data_process\01_datasets\数据预处理\原始车辆数据\zx\Entity_Recording_2025_09_27_16_46_13_vehicle.csv,e5bc2db169a17bca0fa27ce530d67cddcb1e0c54fd5b61aa01f23ab636a868aa,43591,217.955,221.385,3.43,val,train,val,val,757,原始车辆数据/zx/Entity_Recording_2025_09_27_16_46_13_vehicle.csv,e5bc2db169a17bca0fa27ce530d67cddcb1e0c54fd5b61aa01f23ab636a868aa,1.0,1.0,1.9467400312423706
vehicle_instability_allraw__zx__2025_09_27_16_46_13__000237520__pre1_label2_event_trigger,vehicle_instability_allraw__zx__2025_09_27_16_46_13__000237520,zx,2025_09_27_16_46_13,237.52,,pre1_label2_event_trigger,-1.0,0.0,0.0,2.0,all_raw_vehicle_dynamic_onset_non_steering,all_raw_detected_vehicle_instability_onset_predict_future_steering_response,instability_ay_roll,strong_active,curve,1,-0.00729802,59.28,94.08,auto_accept_instability_medium,hybrid_accept_high,原始车辆数据/zx/Entity_Recording_2025_09_27_16_46_13_vehicle.csv,F:\data_set_process\data_process\01_datasets\数据预处理\原始车辆数据\zx\Entity_Recording_2025_09_27_16_46_13_vehicle.csv,e5bc2db169a17bca0fa27ce530d67cddcb1e0c54fd5b61aa01f23ab636a868aa,47504,237.52,251.875,14.355,val,train,val,val,758,原始车辆数据/zx/Entity_Recording_2025_09_27_16_46_13_vehicle.csv,e5bc2db169a17bca0fa27ce530d67cddcb1e0c54fd5b61aa01f23ab636a868aa,1.0,1.0,2.7867701053619385
vehicle_instability_allraw__zx__2025_09_27_16_46_13__000263295__pre1_label2_event_trigger,vehicle_instability_allraw__zx__2025_09_27_16_46_13__000263295,zx,2025_09_27_16_46_13,263.295,,pre1_label2_event_trigger,-1.0,0.0,0.0,2.0,all_raw_vehicle_dynamic_onset_non_steering,all_raw_detected_vehicle_instability_onset_predict_future_steering_response,instability_ay_roll,extreme_active,straight,0,0.0,87.28,100.0,auto_accept_instability_high,hybrid_accept_high,原始车辆数据/zx/Entity_Recording_2025_09_27_16_46_13_vehicle.csv,F:\data_set_process\data_process\01_datasets\数据预处理\原始车辆数据\zx\Entity_Recording_2025_09_27_16_46_13_vehicle.csv,e5bc2db169a17bca0fa27ce530d67cddcb1e0c54fd5b61aa01f23ab636a868aa,52659,263.295,270.135,6.84,val,train,val,val,759,原始车辆数据/zx/Entity_Recording_2025_09_27_16_46_13_vehicle.csv,e5bc2db169a17bca0fa27ce530d67cddcb1e0c54fd5b61aa01f23ab636a868aa,1.0,1.0,-0.42603498697280884
vehicle_instability_allraw__zx__2025_09_27_16_46_13__000293010__pre1_label2_event_trigger,vehicle_instability_allraw__zx__2025_09_27_16_46_13__000293010,zx,2025_09_27_16_46_13,293.01,,pre1_label2_event_trigger,-1.0,0.0,0.0,2.0,all_raw_vehicle_dynamic_onset_non_steering,all_raw_detected_vehicle_instability_onset_predict_future_steering_response,instability_ay_roll,strong_active,straight,0,0.0,62.32,93.3,auto_accept_instability_medium,hybrid_accept_high,原始车辆数据/zx/Entity_Recording_2025_09_27_16_46_13_vehicle.csv,F:\data_set_process\data_process\01_datasets\数据预处理\原始车辆数据\zx\Entity_Recording_2025_09_27_16_46_13_vehicle.csv,e5bc2db169a17bca0fa27ce530d67cddcb1e0c54fd5b61aa01f23ab636a868aa,58602,293.01,299.195,6.185,val,train,val,val,760,原始车辆数据/zx/Entity_Recording_2025_09_27_16_46_13_vehicle.csv,e5bc2db169a17bca0fa27ce530d67cddcb1e0c54fd5b61aa01f23ab636a868aa,1.0,1.0,-0.5120800137519836
vehicle_instability_allraw__zx__2025_09_27_16_46_13__000316255__pre1_label2_event_trigger,vehicle_instability_allraw__zx__2025_09_27_16_46_13__000316255,zx,2025_09_27_16_46_13,316.255,,pre1_label2_event_trigger,-1.0,0.0,0.0,2.0,all_raw_vehicle_dynamic_onset_non_steering,all_raw_detected_vehicle_instability_onset_predict_future_steering_response,instability_ay_roll,extreme_active,straight,0,0.0,95.44,100.0,auto_accept_instability_high,hybrid_accept_high,原始车辆数据/zx/Entity_Recording_2025_09_27_16_46_13_vehicle.csv,F:\data_set_process\data_process\01_datasets\数据预处理\原始车辆数据\zx\Entity_Recording_2025_09_27_16_46_13_vehicle.csv,e5bc2db169a17bca0fa27ce530d67cddcb1e0c54fd5b61aa01f23ab636a868aa,63251,316.255,322.765,6.51,val,train,val,val,761,原始车辆数据/zx/Entity_Recording_2025_09_27_16_46_13_vehicle.csv,e5bc2db169a17bca0fa27ce530d67cddcb1e0c54fd5b61aa01f23ab636a868aa,1.0,1.0,-0.6078979969024658
vehicle_instability_allraw__zx__2025_09_27_16_46_13__000327995__pre1_label2_event_trigger,vehicle_instability_allraw__zx__2025_09_27_16_46_13__000327995,zx,2025_09_27_16_46_13,327.995,,pre1_label2_event_trigger,-1.0,0.0,0.0,2.0,all_raw_vehicle_dynamic_onset_non_steering,all_raw_detected_vehicle_instability_onset_predict_future_steering_response,instability_ay_roll,extreme_active,straight,0,-0.0,86.79,100.0,auto_accept_instability_high,hybrid_accept_high,原始车辆数据/zx/Entity_Recording_2025_09_27_16_46_13_vehicle.csv,F:\data_set_process\data_process\01_datasets\数据预处理\原始车辆数据\zx\Entity_Recording_2025_09_27_16_46_13_vehicle.csv,e5bc2db169a17bca0fa27ce530d67cddcb1e0c54fd5b61aa01f23ab636a868aa,65599,327.995,341.985,13.99,val,train,val,val,762,原始车辆数据/zx/Entity_Recording_2025_09_27_16_46_13_vehicle.csv,e5bc2db169a17bca0fa27ce530d67cddcb1e0c54fd5b61aa01f23ab636a868aa,1.0,1.0,-2.957289934158325
vehicle_instability_allraw__zx__2025_09_27_16_46_13__000387440__pre1_label2_event_trigger,vehicle_instability_allraw__zx__2025_09_27_16_46_13__000387440,zx,2025_09_27_16_46_13,387.44,,pre1_label2_event_trigger,-1.0,0.0,0.0,2.0,all_raw_vehicle_dynamic_onset_non_steering,all_raw_detected_vehicle_instability_onset_predict_future_steering_response,instability_ay_roll,strong_active,curve,0,0.0,79.97,100.0,auto_accept_instability_high,hybrid_accept_high,原始车辆数据/zx/Entity_Recording_2025_09_27_16_46_13_vehicle.csv,F:\data_set_process\data_process\01_datasets\数据预处理\原始车辆数据\zx\Entity_Recording_2025_09_27_16_46_13_vehicle.csv,e5bc2db169a17bca0fa27ce530d67cddcb1e0c54fd5b61aa01f23ab636a868aa,77488,387.44,410.35,22.91,val,train,val,val,763,原始车辆数据/zx/Entity_Recording_2025_09_27_16_46_13_vehicle.csv,e5bc2db169a17bca0fa27ce530d67cddcb1e0c54fd5b61aa01f23ab636a868aa,1.0,1.0,0.08621944487094879
vehicle_instability_allraw__zx__2025_09_27_16_46_13__000420380__pre1_label2_event_trigger,vehicle_instability_allraw__zx__2025_09_27_16_46_13__000420380,zx,2025_09_27_16_46_13,420.38,,pre1_label2_event_trigger,-1.0,0.0,0.0,2.0,all_raw_vehicle_dynamic_onset_non_steering,all_raw_detected_vehicle_instability_onset_predict_future_steering_response,instability_ay_roll,medium_active,straight,1,0.0,78.73,100.0,auto_accept_instability_high,hybrid_accept_high,原始车辆数据/zx/Entity_Recording_2025_09_27_16_46_13_vehicle.csv,F:\data_set_process\data_process\01_datasets\数据预处理\原始车辆数据\zx\Entity_Recording_2025_09_27_16_46_13_vehicle.csv,e5bc2db169a17bca0fa27ce530d67cddcb1e0c54fd5b61aa01f23ab636a868aa,84076,420.38,435.925,15.545,val,train,val,val,764,原始车辆数据/zx/Entity_Recording_2025_09_27_16_46_13_vehicle.csv,e5bc2db169a17bca0fa27ce530d67cddcb1e0c54fd5b61aa01f23ab636a868aa,1.0,1.0,-0.3481929898262024
vehicle_instability_allraw__zx__2025_09_27_16_46_13__000444410__pre1_label2_event_trigger,vehicle_instability_allraw__zx__2025_09_27_16_46_13__000444410,zx,2025_09_27_16_46_13,444.41,,pre1_label2_event_trigger,-1.0,0.0,0.0,2.0,all_raw_vehicle_dynamic_onset_non_steering,all_raw_detected_vehicle_instability_onset_predict_future_steering_response,instability_ay_roll,instability_extreme,design_curve_context,1,0.0,87.23,100.0,auto_accept_instability_high,hybrid_accept_high,原始车辆数据/zx/Entity_Recording_2025_09_27_16_46_13_vehicle.csv,F:\data_set_process\data_process\01_datasets\数据预处理\原始车辆数据\zx\Entity_Recording_2025_09_27_16_46_13_vehicle.csv,e5bc2db169a17bca0fa27ce530d67cddcb1e0c54fd5b61aa01f23ab636a868aa,88882,444.41,448.07,3.66,val,val,val,val,765,原始车辆数据/zx/Entity_Recording_2025_09_27_16_46_13_vehicle.csv,e5bc2db169a17bca0fa27ce530d67cddcb1e0c54fd5b61aa01f23ab636a868aa,1.0,1.0,-2.911910057067871
vehicle_instability_allraw__zx__2025_09_27_16_46_13__000451415__pre1_label2_event_trigger,vehicle_instability_allraw__zx__2025_09_27_16_46_13__000451415,zx,2025_09_27_16_46_13,451.415,,pre1_label2_event_trigger,-1.0,0.0,0.0,2.0,all_raw_vehicle_dynamic_onset_non_steering,all_raw_detected_vehicle_instability_onset_predict_future_steering_response,instability_ay_roll,instability_extreme,design_curve_context,1,-0.0,93.13,100.0,auto_accept_instability_high,hybrid_accept_high,原始车辆数据/zx/Entity_Recording_2025_09_27_16_46_13_vehicle.csv,F:\data_set_process\data_process\01_datasets\数据预处理\原始车辆数据\zx\Entity_Recording_2025_09_27_16_46_13_vehicle.csv,e5bc2db169a17bca0fa27ce530d67cddcb1e0c54fd5b61aa01f23ab636a868aa,90283,451.415,463.35,11.935,val,val,val,val,766,原始车辆数据/zx/Entity_Recording_2025_09_27_16_46_13_vehicle.csv,e5bc2db169a17bca0fa27ce530d67cddcb1e0c54fd5b61aa01f23ab636a868aa,1.0,1.0,2.740339994430542
vehicle_instability_allraw__zx__2025_09_27_16_46_13__000489640__pre1_label2_event_trigger,vehicle_instability_allraw__zx__2025_09_27_16_46_13__000489640,zx,2025_09_27_16_46_13,489.64,,pre1_label2_event_trigger,-1.0,0.0,0.0,2.0,all_raw_vehicle_dynamic_onset_non_steering,all_raw_detected_vehicle_instability_onset_predict_future_steering_response,instability_ay_roll,extreme_active,straight,0,-0.0,91.5,100.0,auto_accept_instability_high,hybrid_accept_high,原始车辆数据/zx/Entity_Recording_2025_09_27_16_46_13_vehicle.csv,F:\data_set_process\data_process\01_datasets\数据预处理\原始车辆数据\zx\Entity_Recording_2025_09_27_16_46_13_vehicle.csv,e5bc2db169a17bca0fa27ce530d67cddcb1e0c54fd5b61aa01f23ab636a868aa,97928,489.64,498.17,8.53,val,train,val,val,767,原始车辆数据/zx/Entity_Recording_2025_09_27_16_46_13_vehicle.csv,e5bc2db169a17bca0fa27ce530d67cddcb1e0c54fd5b61aa01f23ab636a868aa,1.0,1.0,-0.24801130592823029
vehicle_instability_allraw__zx__2025_09_27_16_46_13__000501045__pre1_label2_event_trigger,vehicle_instability_allraw__zx__2025_09_27_16_46_13__000501045,zx,2025_09_27_16_46_13,501.045,,pre1_label2_event_trigger,-1.0,0.0,0.0,2.0,all_raw_vehicle_dynamic_onset_non_steering,all_raw_detected_vehicle_instability_onset_predict_future_steering_response,instability_roll_only,extreme_active,straight,0,-0.0,74.13,100.0,auto_accept_instability_medium,hybrid_accept_high,原始车辆数据/zx/Entity_Recording_2025_09_27_16_46_13_vehicle.csv,F:\data_set_process\data_process\01_datasets\数据预处理\原始车辆数据\zx\Entity_Recording_2025_09_27_16_46_13_vehicle.csv,e5bc2db169a17bca0fa27ce530d67cddcb1e0c54fd5b61aa01f23ab636a868aa,100209,501.045,501.4,0.355,val,test,val,val,768,原始车辆数据/zx/Entity_Recording_2025_09_27_16_46_13_vehicle.csv,e5bc2db169a17bca0fa27ce530d67cddcb1e0c54fd5b61aa01f23ab636a868aa,1.0,1.0,2.482729911804199
vehicle_instability_allraw__zx__2025_09_27_16_46_13__000508785__pre1_label2_event_trigger,vehicle_instability_allraw__zx__2025_09_27_16_46_13__000508785,zx,2025_09_27_16_46_13,508.785,,pre1_label2_event_trigger,-1.0,0.0,0.0,2.0,all_raw_vehicle_dynamic_onset_non_steering,all_raw_detected_vehicle_instability_onset_predict_future_steering_response,instability_ay_roll,instability_strong,design_regular_road,0,0.0,73.04,94.88,auto_accept_instability_medium,hybrid_accept_high,原始车辆数据/zx/Entity_Recording_2025_09_27_16_46_13_vehicle.csv,F:\data_set_process\data_process\01_datasets\数据预处理\原始车辆数据\zx\Entity_Recording_2025_09_27_16_46_13_vehicle.csv,e5bc2db169a17bca0fa27ce530d67cddcb1e0c54fd5b61aa01f23ab636a868aa,101757,508.785,520.43,11.645,val,val,val,val,769,原始车辆数据/zx/Entity_Recording_2025_09_27_16_46_13_vehicle.csv,e5bc2db169a17bca0fa27ce530d67cddcb1e0c54fd5b61aa01f23ab636a868aa,1.0,1.0,-1.8600000143051147
vehicle_instability_allraw__zx__2025_09_27_16_46_13__000580640__pre1_label2_event_trigger,vehicle_instability_allraw__zx__2025_09_27_16_46_13__000580640,zx,2025_09_27_16_46_13,580.64,,pre1_label2_event_trigger,-1.0,0.0,0.0,2.0,all_raw_vehicle_dynamic_onset_non_steering,all_raw_detected_vehicle_instability_onset_predict_future_steering_response,instability_ay_roll,extreme_active,straight,0,0.0,93.94,100.0,auto_accept_instability_high,hybrid_accept_high,原始车辆数据/zx/Entity_Recording_2025_09_27_16_46_13_vehicle.csv,F:\data_set_process\data_process\01_datasets\数据预处理\原始车辆数据\zx\Entity_Recording_2025_09_27_16_46_13_vehicle.csv,e5bc2db169a17bca0fa27ce530d67cddcb1e0c54fd5b61aa01f23ab636a868aa,116128,580.64,597.005,16.365,val,test,val,val,770,原始车辆数据/zx/Entity_Recording_2025_09_27_16_46_13_vehicle.csv,e5bc2db169a17bca0fa27ce530d67cddcb1e0c54fd5b61aa01f23ab636a868aa,1.0,1.0,-1.0225906372070312
vehicle_instability_allraw__zx__2025_09_27_16_46_13__000599550__pre1_label2_event_trigger,vehicle_instability_allraw__zx__2025_09_27_16_46_13__000599550,zx,2025_09_27_16_46_13,599.55,,pre1_label2_event_trigger,-1.0,0.0,0.0,2.0,all_raw_vehicle_dynamic_onset_non_steering,all_raw_detected_vehicle_instability_onset_predict_future_steering_response,instability_ay_roll,strong_active,straight,0,0.0,80.61,100.0,auto_accept_instability_high,hybrid_accept_high,原始车辆数据/zx/Entity_Recording_2025_09_27_16_46_13_vehicle.csv,F:\data_set_process\data_process\01_datasets\数据预处理\原始车辆数据\zx\Entity_Recording_2025_09_27_16_46_13_vehicle.csv,e5bc2db169a17bca0fa27ce530d67cddcb1e0c54fd5b61aa01f23ab636a868aa,119910,599.55,602.835,3.285,val,train,val,val,771,原始车辆数据/zx/Entity_Recording_2025_09_27_16_46_13_vehicle.csv,e5bc2db169a17bca0fa27ce530d67cddcb1e0c54fd5b61aa01f23ab636a868aa,1.0,1.0,-0.5572841167449951
vehicle_instability_allraw__zx__2025_09_27_16_46_13__000632670__pre1_label2_event_trigger,vehicle_instability_allraw__zx__2025_09_27_16_46_13__000632670,zx,2025_09_27_16_46_13,632.67,,pre1_label2_event_trigger,-1.0,0.0,0.0,2.0,all_raw_vehicle_dynamic_onset_non_steering,all_raw_detected_vehicle_instability_onset_predict_future_steering_response,instability_ay_roll,weak,curve,0,-0.0,70.37,90.49,auto_accept_instability_medium,hybrid_accept_high,原始车辆数据/zx/Entity_Recording_2025_09_27_16_46_13_vehicle.csv,F:\data_set_process\data_process\01_datasets\数据预处理\原始车辆数据\zx\Entity_Recording_2025_09_27_16_46_13_vehicle.csv,e5bc2db169a17bca0fa27ce530d67cddcb1e0c54fd5b61aa01f23ab636a868aa,126534,632.67,680.27,47.6,val,train,val,val,772,原始车辆数据/zx/Entity_Recording_2025_09_27_16_46_13_vehicle.csv,e5bc2db169a17bca0fa27ce530d67cddcb1e0c54fd5b61aa01f23ab636a868aa,1.0,1.0,0.14398999512195587
vehicle_instability_allraw__zx__2025_09_27_17_14_07__000103335__pre1_label2_event_trigger,vehicle_instability_allraw__zx__2025_09_27_17_14_07__000103335,zx,2025_09_27_17_14_07,103.335,,pre1_label2_event_trigger,-1.0,0.0,0.0,2.0,all_raw_vehicle_dynamic_onset_non_steering,all_raw_detected_vehicle_instability_onset_predict_future_steering_response,instability_ay_roll,strong_active,straight,0,-0.0,70.75,100.0,auto_accept_instability_medium,hybrid_accept_high,原始车辆数据/zx/Entity_Recording_2025_09_27_17_14_07_vehicle.csv,F:\data_set_process\data_process\01_datasets\数据预处理\原始车辆数据\zx\Entity_Recording_2025_09_27_17_14_07_vehicle.csv,26d745b30004ac1b79bb69bc38990b071dac072e89c71f9c69e04c70064f8e32,20667,103.335,108.225,4.89,train,train,train,val,773,原始车辆数据/zx/Entity_Recording_2025_09_27_17_14_07_vehicle.csv,26d745b30004ac1b79bb69bc38990b071dac072e89c71f9c69e04c70064f8e32,1.0,1.0,-0.5057960152626038
vehicle_instability_allraw__zx__2025_09_27_17_14_07__000127510__pre1_label2_event_trigger,vehicle_instability_allraw__zx__2025_09_27_17_14_07__000127510,zx,2025_09_27_17_14_07,127.51,,pre1_label2_event_trigger,-1.0,0.0,0.0,2.0,all_raw_vehicle_dynamic_onset_non_steering,all_raw_detected_vehicle_instability_onset_predict_future_steering_response,instability_ay_roll,extreme_active,straight,0,0.0,79.98,100.0,auto_accept_instability_high,hybrid_accept_high,原始车辆数据/zx/Entity_Recording_2025_09_27_17_14_07_vehicle.csv,F:\data_set_process\data_process\01_datasets\数据预处理\原始车辆数据\zx\Entity_Recording_2025_09_27_17_14_07_vehicle.csv,26d745b30004ac1b79bb69bc38990b071dac072e89c71f9c69e04c70064f8e32,25502,127.51,143.0,15.49,train,train,train,val,774,原始车辆数据/zx/Entity_Recording_2025_09_27_17_14_07_vehicle.csv,26d745b30004ac1b79bb69bc38990b071dac072e89c71f9c69e04c70064f8e32,1.0,1.0,0.12095099687576294
vehicle_instability_allraw__zx__2025_09_27_17_14_07__000151260__pre1_label2_event_trigger,vehicle_instability_allraw__zx__2025_09_27_17_14_07__000151260,zx,2025_09_27_17_14_07,151.26,,pre1_label2_event_trigger,-1.0,0.0,0.0,2.0,all_raw_vehicle_dynamic_onset_non_steering,all_raw_detected_vehicle_instability_onset_predict_future_steering_response,instability_ay_roll,strong_active,straight,1,-0.0,60.75,91.95,auto_accept_instability_medium,hybrid_accept_high,原始车辆数据/zx/Entity_Recording_2025_09_27_17_14_07_vehicle.csv,F:\data_set_process\data_process\01_datasets\数据预处理\原始车辆数据\zx\Entity_Recording_2025_09_27_17_14_07_vehicle.csv,26d745b30004ac1b79bb69bc38990b071dac072e89c71f9c69e04c70064f8e32,30252,151.26,158.87,7.61,train,train,train,val,775,原始车辆数据/zx/Entity_Recording_2025_09_27_17_14_07_vehicle.csv,26d745b30004ac1b79bb69bc38990b071dac072e89c71f9c69e04c70064f8e32,1.0,1.0,0.13997499644756317
vehicle_instability_allraw__zx__2025_09_27_17_14_07__000172360__pre1_label2_event_trigger,vehicle_instability_allraw__zx__2025_09_27_17_14_07__000172360,zx,2025_09_27_17_14_07,172.36,,pre1_label2_event_trigger,-1.0,0.0,0.0,2.0,all_raw_vehicle_dynamic_onset_non_steering,all_raw_detected_vehicle_instability_onset_predict_future_steering_response,instability_ay_roll,extreme_active,straight,1,-0.00729802,78.69,100.0,auto_accept_instability_high,hybrid_accept_high,原始车辆数据/zx/Entity_Recording_2025_09_27_17_14_07_vehicle.csv,F:\data_set_process\data_process\01_datasets\数据预处理\原始车辆数据\zx\Entity_Recording_2025_09_27_17_14_07_vehicle.csv,26d745b30004ac1b79bb69bc38990b071dac072e89c71f9c69e04c70064f8e32,34472,172.36,195.685,23.325,train,train,train,val,776,原始车辆数据/zx/Entity_Recording_2025_09_27_17_14_07_vehicle.csv,26d745b30004ac1b79bb69bc38990b071dac072e89c71f9c69e04c70064f8e32,1.0,1.0,-0.5461140275001526
vehicle_instability_allraw__zx__2025_09_27_17_14_07__000198435__pre1_label2_event_trigger,vehicle_instability_allraw__zx__2025_09_27_17_14_07__000198435,zx,2025_09_27_17_14_07,198.435,,pre1_label2_event_trigger,-1.0,0.0,0.0,2.0,all_raw_vehicle_dynamic_onset_non_steering,all_raw_detected_vehicle_instability_onset_predict_future_steering_response,instability_ay_roll,extreme_active,straight,0,0.0,82.47,100.0,auto_accept_instability_high,hybrid_accept_high,原始车辆数据/zx/Entity_Recording_2025_09_27_17_14_07_vehicle.csv,F:\data_set_process\data_process\01_datasets\数据预处理\原始车辆数据\zx\Entity_Recording_2025_09_27_17_14_07_vehicle.csv,26d745b30004ac1b79bb69bc38990b071dac072e89c71f9c69e04c70064f8e32,39687,198.435,208.375,9.94,train,test,train,val,777,原始车辆数据/zx/Entity_Recording_2025_09_27_17_14_07_vehicle.csv,26d745b30004ac1b79bb69bc38990b071dac072e89c71f9c69e04c70064f8e32,1.0,1.0,0.22793999314308167
vehicle_instability_allraw__zx__2025_09_27_17_14_07__000249170__pre1_label2_event_trigger,vehicle_instability_allraw__zx__2025_09_27_17_14_07__000249170,zx,2025_09_27_17_14_07,249.17,,pre1_label2_event_trigger,-1.0,0.0,0.0,2.0,all_raw_vehicle_dynamic_onset_non_steering,all_raw_detected_vehicle_instability_onset_predict_future_steering_response,instability_ay_roll,extreme_active,straight,0,-0.0,93.38,100.0,auto_accept_instability_high,hybrid_accept_high,原始车辆数据/zx/Entity_Recording_2025_09_27_17_14_07_vehicle.csv,F:\data_set_process\data_process\01_datasets\数据预处理\原始车辆数据\zx\Entity_Recording_2025_09_27_17_14_07_vehicle.csv,26d745b30004ac1b79bb69bc38990b071dac072e89c71f9c69e04c70064f8e32,49834,249.17,254.66,5.49,train,test,train,val,778,原始车辆数据/zx/Entity_Recording_2025_09_27_17_14_07_vehicle.csv,26d745b30004ac1b79bb69bc38990b071dac072e89c71f9c69e04c70064f8e32,1.0,1.0,-0.5862560272216797
vehicle_instability_allraw__zx__2025_09_27_17_14_07__000272865__pre1_label2_event_trigger,vehicle_instability_allraw__zx__2025_09_27_17_14_07__000272865,zx,2025_09_27_17_14_07,272.865,,pre1_label2_event_trigger,-1.0,0.0,0.0,2.0,all_raw_vehicle_dynamic_onset_non_steering,all_raw_detected_vehicle_instability_onset_predict_future_steering_response,instability_ay_roll,instability_extreme,design_special_event_segment,0,0.0,93.15,100.0,auto_accept_instability_high,hybrid_accept_high,原始车辆数据/zx/Entity_Recording_2025_09_27_17_14_07_vehicle.csv,F:\data_set_process\data_process\01_datasets\数据预处理\原始车辆数据\zx\Entity_Recording_2025_09_27_17_14_07_vehicle.csv,26d745b30004ac1b79bb69bc38990b071dac072e89c71f9c69e04c70064f8e32,54573,272.865,279.485,6.62,train,train,train,val,779,原始车辆数据/zx/Entity_Recording_2025_09_27_17_14_07_vehicle.csv,26d745b30004ac1b79bb69bc38990b071dac072e89c71f9c69e04c70064f8e32,1.0,1.0,-2.2558400630950928
vehicle_instability_allraw__zx__2025_09_27_17_14_07__000288060__pre1_label2_event_trigger,vehicle_instability_allraw__zx__2025_09_27_17_14_07__000288060,zx,2025_09_27_17_14_07,288.06,,pre1_label2_event_trigger,-1.0,0.0,0.0,2.0,all_raw_vehicle_dynamic_onset_non_steering,all_raw_detected_vehicle_instability_onset_predict_future_steering_response,instability_ay_roll,medium_active,straight,0,-0.0,72.1,100.0,auto_accept_instability_medium,hybrid_accept_high,原始车辆数据/zx/Entity_Recording_2025_09_27_17_14_07_vehicle.csv,F:\data_set_process\data_process\01_datasets\数据预处理\原始车辆数据\zx\Entity_Recording_2025_09_27_17_14_07_vehicle.csv,26d745b30004ac1b79bb69bc38990b071dac072e89c71f9c69e04c70064f8e32,57612,288.06,290.575,2.515,train,train,train,val,780,原始车辆数据/zx/Entity_Recording_2025_09_27_17_14_07_vehicle.csv,26d745b30004ac1b79bb69bc38990b071dac072e89c71f9c69e04c70064f8e32,1.0,1.0,1.5070899724960327
vehicle_instability_allraw__zx__2025_09_27_17_14_07__000293155__pre1_label2_event_trigger,vehicle_instability_allraw__zx__2025_09_27_17_14_07__000293155,zx,2025_09_27_17_14_07,293.155,,pre1_label2_event_trigger,-1.0,0.0,0.0,2.0,all_raw_vehicle_dynamic_onset_non_steering,all_raw_detected_vehicle_instability_onset_predict_future_steering_response,instability_ay_roll,medium_active,straight,0,0.0,72.71,100.0,auto_accept_instability_medium,hybrid_accept_high,原始车辆数据/zx/Entity_Recording_2025_09_27_17_14_07_vehicle.csv,F:\data_set_process\data_process\01_datasets\数据预处理\原始车辆数据\zx\Entity_Recording_2025_09_27_17_14_07_vehicle.csv,26d745b30004ac1b79bb69bc38990b071dac072e89c71f9c69e04c70064f8e32,58631,293.155,295.515,2.36,train,train,train,val,781,原始车辆数据/zx/Entity_Recording_2025_09_27_17_14_07_vehicle.csv,26d745b30004ac1b79bb69bc38990b071dac072e89c71f9c69e04c70064f8e32,1.0,1.0,1.0890899896621704
vehicle_instability_allraw__zx__2025_09_27_17_14_07__000380385__pre1_label2_event_trigger,vehicle_instability_allraw__zx__2025_09_27_17_14_07__000380385,zx,2025_09_27_17_14_07,380.385,,pre1_label2_event_trigger,-1.0,0.0,0.0,2.0,all_raw_vehicle_dynamic_onset_non_steering,all_raw_detected_vehicle_instability_onset_predict_future_steering_response,instability_ay_roll,strong_active,straight,1,-0.0,73.63,100.0,auto_accept_instability_medium,hybrid_accept_high,原始车辆数据/zx/Entity_Recording_2025_09_27_17_14_07_vehicle.csv,F:\data_set_process\data_process\01_datasets\数据预处理\原始车辆数据\zx\Entity_Recording_2025_09_27_17_14_07_vehicle.csv,26d745b30004ac1b79bb69bc38990b071dac072e89c71f9c69e04c70064f8e32,76077,380.385,393.405,13.02,train,val,train,val,782,原始车辆数据/zx/Entity_Recording_2025_09_27_17_14_07_vehicle.csv,26d745b30004ac1b79bb69bc38990b071dac072e89c71f9c69e04c70064f8e32,1.0,1.0,-0.47856900095939636
vehicle_instability_allraw__zx__2025_09_27_17_14_07__000402025__pre1_label2_event_trigger,vehicle_instability_allraw__zx__2025_09_27_17_14_07__000402025,zx,2025_09_27_17_14_07,402.025,,pre1_label2_event_trigger,-1.0,0.0,0.0,2.0,all_raw_vehicle_dynamic_onset_non_steering,all_raw_detected_vehicle_instability_onset_predict_future_steering_response,instability_ay_roll,strong_active,straight,1,-0.00050301,60.81,86.32,auto_accept_instability_medium,hybrid_accept_high,原始车辆数据/zx/Entity_Recording_2025_09_27_17_14_07_vehicle.csv,F:\data_set_process\data_process\01_datasets\数据预处理\原始车辆数据\zx\Entity_Recording_2025_09_27_17_14_07_vehicle.csv,26d745b30004ac1b79bb69bc38990b071dac072e89c71f9c69e04c70064f8e32,80405,402.025,404.125,2.1,train,train,train,val,783,原始车辆数据/zx/Entity_Recording_2025_09_27_17_14_07_vehicle.csv,26d745b30004ac1b79bb69bc38990b071dac072e89c71f9c69e04c70064f8e32,1.0,1.0,-0.35831668972969055
vehicle_instability_allraw__zx__2025_09_27_17_14_07__000407380__pre1_label2_event_trigger,vehicle_instability_allraw__zx__2025_09_27_17_14_07__000407380,zx,2025_09_27_17_14_07,407.38,,pre1_label2_event_trigger,-1.0,0.0,0.0,2.0,all_raw_vehicle_dynamic_onset_non_steering,all_raw_detected_vehicle_instability_onset_predict_future_steering_response,instability_ay_roll,weak,straight,0,-0.0,73.46,89.17,auto_accept_instability_medium,hybrid_accept_high,原始车辆数据/zx/Entity_Recording_2025_09_27_17_14_07_vehicle.csv,F:\data_set_process\data_process\01_datasets\数据预处理\原始车辆数据\zx\Entity_Recording_2025_09_27_17_14_07_vehicle.csv,26d745b30004ac1b79bb69bc38990b071dac072e89c71f9c69e04c70064f8e32,81476,407.38,408.455,1.075,train,train,train,val,784,原始车辆数据/zx/Entity_Recording_2025_09_27_17_14_07_vehicle.csv,26d745b30004ac1b79bb69bc38990b071dac072e89c71f9c69e04c70064f8e32,1.0,1.0,-0.458673357963562
vehicle_instability_allraw__zx__2025_09_27_17_14_07__000412950__pre1_label2_event_trigger,vehicle_instability_allraw__zx__2025_09_27_17_14_07__000412950,zx,2025_09_27_17_14_07,412.95,,pre1_label2_event_trigger,-1.0,0.0,0.0,2.0,all_raw_vehicle_dynamic_onset_non_steering,all_raw_detected_vehicle_instability_onset_predict_future_steering_response,instability_ay_roll,extreme_active,straight,0,0.0,85.34,100.0,auto_accept_instability_high,hybrid_accept_high,原始车辆数据/zx/Entity_Recording_2025_09_27_17_14_07_vehicle.csv,F:\data_set_process\data_process\01_datasets\数据预处理\原始车辆数据\zx\Entity_Recording_2025_09_27_17_14_07_vehicle.csv,26d745b30004ac1b79bb69bc38990b071dac072e89c71f9c69e04c70064f8e32,82590,412.95,437.6,24.65,train,train,train,val,785,原始车辆数据/zx/Entity_Recording_2025_09_27_17_14_07_vehicle.csv,26d745b30004ac1b79bb69bc38990b071dac072e89c71f9c69e04c70064f8e32,1.0,1.0,0.1450369954109192
vehicle_instability_allraw__zx__2025_09_27_17_14_07__000471995__pre1_label2_event_trigger,vehicle_instability_allraw__zx__2025_09_27_17_14_07__000471995,zx,2025_09_27_17_14_07,471.995,,pre1_label2_event_trigger,-1.0,0.0,0.0,2.0,all_raw_vehicle_dynamic_onset_non_steering,all_raw_detected_vehicle_instability_onset_predict_future_steering_response,instability_ay_roll,strong_active,straight,0,0.0,59.25,93.01,auto_accept_instability_medium,hybrid_accept_high,原始车辆数据/zx/Entity_Recording_2025_09_27_17_14_07_vehicle.csv,F:\data_set_process\data_process\01_datasets\数据预处理\原始车辆数据\zx\Entity_Recording_2025_09_27_17_14_07_vehicle.csv,26d745b30004ac1b79bb69bc38990b071dac072e89c71f9c69e04c70064f8e32,94399,471.995,476.265,4.27,train,test,train,val,786,原始车辆数据/zx/Entity_Recording_2025_09_27_17_14_07_vehicle.csv,26d745b30004ac1b79bb69bc38990b071dac072e89c71f9c69e04c70064f8e32,1.0,1.0,0.22951126098632812
vehicle_instability_allraw__zx__2025_09_27_17_14_07__000486315__pre1_label2_event_trigger,vehicle_instability_allraw__zx__2025_09_27_17_14_07__000486315,zx,2025_09_27_17_14_07,486.315,,pre1_label2_event_trigger,-1.0,0.0,0.0,2.0,all_raw_vehicle_dynamic_onset_non_steering,all_raw_detected_vehicle_instability_onset_predict_future_steering_response,instability_ay_roll,extreme_active,straight,0,-0.0,94.03,100.0,auto_accept_instability_high,hybrid_accept_high,原始车辆数据/zx/Entity_Recording_2025_09_27_17_14_07_vehicle.csv,F:\data_set_process\data_process\01_datasets\数据预处理\原始车辆数据\zx\Entity_Recording_2025_09_27_17_14_07_vehicle.csv,26d745b30004ac1b79bb69bc38990b071dac072e89c71f9c69e04c70064f8e32,97263,486.315,499.15,12.835,train,test,train,val,787,原始车辆数据/zx/Entity_Recording_2025_09_27_17_14_07_vehicle.csv,26d745b30004ac1b79bb69bc38990b071dac072e89c71f9c69e04c70064f8e32,1.0,1.0,-0.6298890113830566
vehicle_instability_allraw__zx__2025_09_27_17_14_07__000504955__pre1_label2_event_trigger,vehicle_instability_allraw__zx__2025_09_27_17_14_07__000504955,zx,2025_09_27_17_14_07,504.955,,pre1_label2_event_trigger,-1.0,0.0,0.0,2.0,all_raw_vehicle_dynamic_onset_non_steering,all_raw_detected_vehicle_instability_onset_predict_future_steering_response,instability_ay_roll,instability_strong,design_high_risk_surface,0,0.0,77.34,100.0,auto_accept_instability_high,hybrid_accept_high,原始车辆数据/zx/Entity_Recording_2025_09_27_17_14_07_vehicle.csv,F:\data_set_process\data_process\01_datasets\数据预处理\原始车辆数据\zx\Entity_Recording_2025_09_27_17_14_07_vehicle.csv,26d745b30004ac1b79bb69bc38990b071dac072e89c71f9c69e04c70064f8e32,100991,504.955,512.68,7.725,train,train,train,val,788,原始车辆数据/zx/Entity_Recording_2025_09_27_17_14_07_vehicle.csv,26d745b30004ac1b79bb69bc38990b071dac072e89c71f9c69e04c70064f8e32,1.0,1.0,-2.209589958190918
vehicle_instability_allraw__zx__2025_09_27_17_25_16__000018420__pre1_label2_event_trigger,vehicle_instability_allraw__zx__2025_09_27_17_25_16__000018420,zx,2025_09_27_17_25_16,18.42,,pre1_label2_event_trigger,-1.0,0.0,0.0,2.0,all_raw_vehicle_dynamic_onset_non_steering,all_raw_detected_vehicle_instability_onset_predict_future_steering_response,instability_ay_roll,strong_active,straight,0,0.0,82.85,100.0,auto_accept_instability_high,hybrid_accept_high,原始车辆数据/zx/Entity_Recording_2025_09_27_17_25_16_vehicle.csv,F:\data_set_process\data_process\01_datasets\数据预处理\原始车辆数据\zx\Entity_Recording_2025_09_27_17_25_16_vehicle.csv,bacd96729f7174f298675a452c748e13f9ccb16c6d8171149f7213f1aaba3d58,3684,18.42,21.63,3.21,train,train,train,val,789,原始车辆数据/zx/Entity_Recording_2025_09_27_17_25_16_vehicle.csv,bacd96729f7174f298675a452c748e13f9ccb16c6d8171149f7213f1aaba3d58,1.0,1.0,0.04118980094790459
vehicle_instability_allraw__zx__2025_09_27_17_25_16__000055950__pre1_label2_event_trigger,vehicle_instability_allraw__zx__2025_09_27_17_25_16__000055950,zx,2025_09_27_17_25_16,55.95,,pre1_label2_event_trigger,-1.0,0.0,0.0,2.0,all_raw_vehicle_dynamic_onset_non_steering,all_raw_detected_vehicle_instability_onset_predict_future_steering_response,instability_ay_roll,strong_active,straight,0,0.0,56.27,85.55,needs_human_review,hybrid_accept_high,原始车辆数据/zx/Entity_Recording_2025_09_27_17_25_16_vehicle.csv,F:\data_set_process\data_process\01_datasets\数据预处理\原始车辆数据\zx\Entity_Recording_2025_09_27_17_25_16_vehicle.csv,bacd96729f7174f298675a452c748e13f9ccb16c6d8171149f7213f1aaba3d58,11190,55.95,58.93,2.98,train,test,train,val,790,原始车辆数据/zx/Entity_Recording_2025_09_27_17_25_16_vehicle.csv,bacd96729f7174f298675a452c748e13f9ccb16c6d8171149f7213f1aaba3d58,1.0,1.0,-0.5021309852600098
vehicle_instability_allraw__zx__2025_09_27_17_25_16__000082240__pre1_label2_event_trigger,vehicle_instability_allraw__zx__2025_09_27_17_25_16__000082240,zx,2025_09_27_17_25_16,82.24,,pre1_label2_event_trigger,-1.0,0.0,0.0,2.0,all_raw_vehicle_dynamic_onset_non_steering,all_raw_detected_vehicle_instability_onset_predict_future_steering_response,instability_ay_roll,extreme_active,straight,0,0.0,78.18,100.0,auto_accept_instability_high,hybrid_accept_high,原始车辆数据/zx/Entity_Recording_2025_09_27_17_25_16_vehicle.csv,F:\data_set_process\data_process\01_datasets\数据预处理\原始车辆数据\zx\Entity_Recording_2025_09_27_17_25_16_vehicle.csv,bacd96729f7174f298675a452c748e13f9ccb16c6d8171149f7213f1aaba3d58,16448,82.24,90.1,7.86,train,train,train,val,791,原始车辆数据/zx/Entity_Recording_2025_09_27_17_25_16_vehicle.csv,bacd96729f7174f298675a452c748e13f9ccb16c6d8171149f7213f1aaba3d58,1.0,1.0,-0.4073599874973297
vehicle_instability_allraw__zx__2025_09_27_17_25_16__000123645__pre1_label2_event_trigger,vehicle_instability_allraw__zx__2025_09_27_17_25_16__000123645,zx,2025_09_27_17_25_16,123.645,,pre1_label2_event_trigger,-1.0,0.0,0.0,2.0,all_raw_vehicle_dynamic_onset_non_steering,all_raw_detected_vehicle_instability_onset_predict_future_steering_response,instability_ay_roll,extreme_active,curve,1,-0.00729802,95.97,100.0,auto_accept_instability_high,hybrid_accept_high,原始车辆数据/zx/Entity_Recording_2025_09_27_17_25_16_vehicle.csv,F:\data_set_process\data_process\01_datasets\数据预处理\原始车辆数据\zx\Entity_Recording_2025_09_27_17_25_16_vehicle.csv,bacd96729f7174f298675a452c748e13f9ccb16c6d8171149f7213f1aaba3d58,24729,123.645,131.035,7.39,train,train,train,val,792,原始车辆数据/zx/Entity_Recording_2025_09_27_17_25_16_vehicle.csv,bacd96729f7174f298675a452c748e13f9ccb16c6d8171149f7213f1aaba3d58,1.0,1.0,-0.41748300194740295
vehicle_instability_allraw__zx__2025_09_27_17_29_08__000047060__pre1_label2_event_trigger,vehicle_instability_allraw__zx__2025_09_27_17_29_08__000047060,zx,2025_09_27_17_29_08,47.06,,pre1_label2_event_trigger,-1.0,0.0,0.0,2.0,all_raw_vehicle_dynamic_onset_non_steering,all_raw_detected_vehicle_instability_onset_predict_future_steering_response,instability_ay_roll,medium_active,straight,0,-0.0,61.96,95.55,auto_accept_instability_medium,hybrid_accept_high,原始车辆数据/zx/Entity_Recording_2025_09_27_17_29_08_vehicle.csv,F:\data_set_process\data_process\01_datasets\数据预处理\原始车辆数据\zx\Entity_Recording_2025_09_27_17_29_08_vehicle.csv,95464051fbc1c6023ad0ba9cd3eba717e6a0de500d111ddfbb31bfdfe77c6591,9412,47.06,55.42,8.36,train,train,train,val,793,原始车辆数据/zx/Entity_Recording_2025_09_27_17_29_08_vehicle.csv,95464051fbc1c6023ad0ba9cd3eba717e6a0de500d111ddfbb31bfdfe77c6591,1.0,1.0,-0.4188790023326874
vehicle_instability_allraw__zx__2025_09_27_17_29_08__000065380__pre1_label2_event_trigger,vehicle_instability_allraw__zx__2025_09_27_17_29_08__000065380,zx,2025_09_27_17_29_08,65.38,,pre1_label2_event_trigger,-1.0,0.0,0.0,2.0,all_raw_vehicle_dynamic_onset_non_steering,all_raw_detected_vehicle_instability_onset_predict_future_steering_response,instability_ay_roll,extreme_active,straight,0,-0.0,95.29,100.0,auto_accept_instability_high,hybrid_accept_high,原始车辆数据/zx/Entity_Recording_2025_09_27_17_29_08_vehicle.csv,F:\data_set_process\data_process\01_datasets\数据预处理\原始车辆数据\zx\Entity_Recording_2025_09_27_17_29_08_vehicle.csv,95464051fbc1c6023ad0ba9cd3eba717e6a0de500d111ddfbb31bfdfe77c6591,13076,65.38,73.74,8.36,train,val,train,val,794,原始车辆数据/zx/Entity_Recording_2025_09_27_17_29_08_vehicle.csv,95464051fbc1c6023ad0ba9cd3eba717e6a0de500d111ddfbb31bfdfe77c6591,1.0,1.0,0.14590999484062195
vehicle_instability_allraw__zx__2025_09_27_17_29_08__000082590__pre1_label2_event_trigger,vehicle_instability_allraw__zx__2025_09_27_17_29_08__000082590,zx,2025_09_27_17_29_08,82.59,,pre1_label2_event_trigger,-1.0,0.0,0.0,2.0,all_raw_vehicle_dynamic_onset_non_steering,all_raw_detected_vehicle_instability_onset_predict_future_steering_response,instability_ay_roll,extreme_active,straight,0,-0.0,93.98,100.0,auto_accept_instability_high,hybrid_accept_high,原始车辆数据/zx/Entity_Recording_2025_09_27_17_29_08_vehicle.csv,F:\data_set_process\data_process\01_datasets\数据预处理\原始车辆数据\zx\Entity_Recording_2025_09_27_17_29_08_vehicle.csv,95464051fbc1c6023ad0ba9cd3eba717e6a0de500d111ddfbb31bfdfe77c6591,16518,82.59,102.585,19.995,train,train,train,val,795,原始车辆数据/zx/Entity_Recording_2025_09_27_17_29_08_vehicle.csv,95464051fbc1c6023ad0ba9cd3eba717e6a0de500d111ddfbb31bfdfe77c6591,1.0,1.0,-1.6662700176239014
vehicle_instability_allraw__zx__2025_09_27_17_29_08__000119620__pre1_label2_event_trigger,vehicle_instability_allraw__zx__2025_09_27_17_29_08__000119620,zx,2025_09_27_17_29_08,119.62,,pre1_label2_event_trigger,-1.0,0.0,0.0,2.0,all_raw_vehicle_dynamic_onset_non_steering,all_raw_detected_vehicle_instability_onset_predict_future_steering_response,instability_ay_roll,strong_active,straight,0,0.0,58.15,92.3,auto_accept_instability_medium,hybrid_accept_high,原始车辆数据/zx/Entity_Recording_2025_09_27_17_29_08_vehicle.csv,F:\data_set_process\data_process\01_datasets\数据预处理\原始车辆数据\zx\Entity_Recording_2025_09_27_17_29_08_vehicle.csv,95464051fbc1c6023ad0ba9cd3eba717e6a0de500d111ddfbb31bfdfe77c6591,23924,119.62,136.04,16.42,train,test,train,val,796,原始车辆数据/zx/Entity_Recording_2025_09_27_17_29_08_vehicle.csv,95464051fbc1c6023ad0ba9cd3eba717e6a0de500d111ddfbb31bfdfe77c6591,1.0,1.0,-0.3579658567905426
vehicle_instability_allraw__zx__2025_09_27_17_29_08__000148095__pre1_label2_event_trigger,vehicle_instability_allraw__zx__2025_09_27_17_29_08__000148095,zx,2025_09_27_17_29_08,148.095,,pre1_label2_event_trigger,-1.0,0.0,0.0,2.0,all_raw_vehicle_dynamic_onset_non_steering,all_raw_detected_vehicle_instability_onset_predict_future_steering_response,instability_ay_roll,instability_extreme,design_curve_context,1,0.0,91.2,100.0,auto_accept_instability_high,hybrid_accept_high,原始车辆数据/zx/Entity_Recording_2025_09_27_17_29_08_vehicle.csv,F:\data_set_process\data_process\01_datasets\数据预处理\原始车辆数据\zx\Entity_Recording_2025_09_27_17_29_08_vehicle.csv,95464051fbc1c6023ad0ba9cd3eba717e6a0de500d111ddfbb31bfdfe77c6591,29619,148.095,168.7,20.605,train,train,train,val,797,原始车辆数据/zx/Entity_Recording_2025_09_27_17_29_08_vehicle.csv,95464051fbc1c6023ad0ba9cd3eba717e6a0de500d111ddfbb31bfdfe77c6591,1.0,1.0,0.18570299446582794
vehicle_instability_allraw__zx__2025_09_27_17_29_08__000177210__pre1_label2_event_trigger,vehicle_instability_allraw__zx__2025_09_27_17_29_08__000177210,zx,2025_09_27_17_29_08,177.21,,pre1_label2_event_trigger,-1.0,0.0,0.0,2.0,all_raw_vehicle_dynamic_onset_non_steering,all_raw_detected_vehicle_instability_onset_predict_future_steering_response,instability_ay_roll,extreme_active,curve,1,-0.00729802,80.06,100.0,auto_accept_instability_high,hybrid_accept_high,原始车辆数据/zx/Entity_Recording_2025_09_27_17_29_08_vehicle.csv,F:\data_set_process\data_process\01_datasets\数据预处理\原始车辆数据\zx\Entity_Recording_2025_09_27_17_29_08_vehicle.csv,95464051fbc1c6023ad0ba9cd3eba717e6a0de500d111ddfbb31bfdfe77c6591,35442,177.21,195.085,17.875,train,train,train,val,798,原始车辆数据/zx/Entity_Recording_2025_09_27_17_29_08_vehicle.csv,95464051fbc1c6023ad0ba9cd3eba717e6a0de500d111ddfbb31bfdfe77c6591,1.0,1.0,-0.5103338956832886
vehicle_instability_allraw__zx__2025_09_27_17_29_08__000199530__pre1_label2_event_trigger,vehicle_instability_allraw__zx__2025_09_27_17_29_08__000199530,zx,2025_09_27_17_29_08,199.53,,pre1_label2_event_trigger,-1.0,0.0,0.0,2.0,all_raw_vehicle_dynamic_onset_non_steering,all_raw_detected_vehicle_instability_onset_predict_future_steering_response,instability_ay_roll,extreme_active,curve,1,-0.00729802,73.86,100.0,auto_accept_instability_medium,hybrid_accept_high,原始车辆数据/zx/Entity_Recording_2025_09_27_17_29_08_vehicle.csv,F:\data_set_process\data_process\01_datasets\数据预处理\原始车辆数据\zx\Entity_Recording_2025_09_27_17_29_08_vehicle.csv,95464051fbc1c6023ad0ba9cd3eba717e6a0de500d111ddfbb31bfdfe77c6591,39906,199.53,208.155,8.625,train,train,train,val,799,原始车辆数据/zx/Entity_Recording_2025_09_27_17_29_08_vehicle.csv,95464051fbc1c6023ad0ba9cd3eba717e6a0de500d111ddfbb31bfdfe77c6591,1.0,1.0,-0.29757899045944214
vehicle_instability_allraw__zx__2025_09_27_17_29_08__000225970__pre1_label2_event_trigger,vehicle_instability_allraw__zx__2025_09_27_17_29_08__000225970,zx,2025_09_27_17_29_08,225.97,,pre1_label2_event_trigger,-1.0,0.0,0.0,2.0,all_raw_vehicle_dynamic_onset_non_steering,all_raw_detected_vehicle_instability_onset_predict_future_steering_response,instability_ay_roll,strong_active,curve,1,-0.00729802,78.23,100.0,auto_accept_instability_high,hybrid_accept_high,原始车辆数据/zx/Entity_Recording_2025_09_27_17_29_08_vehicle.csv,F:\data_set_process\data_process\01_datasets\数据预处理\原始车辆数据\zx\Entity_Recording_2025_09_27_17_29_08_vehicle.csv,95464051fbc1c6023ad0ba9cd3eba717e6a0de500d111ddfbb31bfdfe77c6591,45194,225.97,241.005,15.035,train,train,train,val,800,原始车辆数据/zx/Entity_Recording_2025_09_27_17_29_08_vehicle.csv,95464051fbc1c6023ad0ba9cd3eba717e6a0de500d111ddfbb31bfdfe77c6591,1.0,1.0,-0.41573697328567505
vehicle_instability_allraw__zx__2025_09_27_17_29_08__000244175__pre1_label2_event_trigger,vehicle_instability_allraw__zx__2025_09_27_17_29_08__000244175,zx,2025_09_27_17_29_08,244.175,,pre1_label2_event_trigger,-1.0,0.0,0.0,2.0,all_raw_vehicle_dynamic_onset_non_steering,all_raw_detected_vehicle_instability_onset_predict_future_steering_response,instability_ay_roll,weak,curve,1,-0.00729802,73.03,88.95,auto_accept_instability_medium,hybrid_accept_high,原始车辆数据/zx/Entity_Recording_2025_09_27_17_29_08_vehicle.csv,F:\data_set_process\data_process\01_datasets\数据预处理\原始车辆数据\zx\Entity_Recording_2025_09_27_17_29_08_vehicle.csv,95464051fbc1c6023ad0ba9cd3eba717e6a0de500d111ddfbb31bfdfe77c6591,48835,244.175,245.63,1.455,train,train,train,val,801,原始车辆数据/zx/Entity_Recording_2025_09_27_17_29_08_vehicle.csv,95464051fbc1c6023ad0ba9cd3eba717e6a0de500d111ddfbb31bfdfe77c6591,1.0,1.0,-0.33126300573349
vehicle_instability_allraw__zx__2025_09_27_17_29_08__000302795__pre1_label2_event_trigger,vehicle_instability_allraw__zx__2025_09_27_17_29_08__000302795,zx,2025_09_27_17_29_08,302.795,,pre1_label2_event_trigger,-1.0,0.0,0.0,2.0,all_raw_vehicle_dynamic_onset_non_steering,all_raw_detected_vehicle_instability_onset_predict_future_steering_response,instability_ay_roll,strong_active,curve,1,-0.00729802,75.31,100.0,auto_accept_instability_high,hybrid_accept_high,原始车辆数据/zx/Entity_Recording_2025_09_27_17_29_08_vehicle.csv,F:\data_set_process\data_process\01_datasets\数据预处理\原始车辆数据\zx\Entity_Recording_2025_09_27_17_29_08_vehicle.csv,95464051fbc1c6023ad0ba9cd3eba717e6a0de500d111ddfbb31bfdfe77c6591,60559,302.795,320.105,17.31,train,train,train,val,802,原始车辆数据/zx/Entity_Recording_2025_09_27_17_29_08_vehicle.csv,95464051fbc1c6023ad0ba9cd3eba717e6a0de500d111ddfbb31bfdfe77c6591,1.0,1.0,-0.38624098896980286
vehicle_instability_allraw__zx__2025_09_27_17_29_08__000364530__pre1_label2_event_trigger,vehicle_instability_allraw__zx__2025_09_27_17_29_08__000364530,zx,2025_09_27_17_29_08,364.53,,pre1_label2_event_trigger,-1.0,0.0,0.0,2.0,all_raw_vehicle_dynamic_onset_non_steering,all_raw_detected_vehicle_instability_onset_predict_future_steering_response,instability_ay_roll,strong_active,curve,1,-0.00729802,74.75,100.0,auto_accept_instability_medium,hybrid_accept_high,原始车辆数据/zx/Entity_Recording_2025_09_27_17_29_08_vehicle.csv,F:\data_set_process\data_process\01_datasets\数据预处理\原始车辆数据\zx\Entity_Recording_2025_09_27_17_29_08_vehicle.csv,95464051fbc1c6023ad0ba9cd3eba717e6a0de500d111ddfbb31bfdfe77c6591,72906,364.53,374.625,10.095,train,train,train,val,803,原始车辆数据/zx/Entity_Recording_2025_09_27_17_29_08_vehicle.csv,95464051fbc1c6023ad0ba9cd3eba717e6a0de500d111ddfbb31bfdfe77c6591,1.0,1.0,0.14660799503326416
vehicle_instability_allraw__zx__2025_09_27_17_29_08__000402560__pre1_label2_event_trigger,vehicle_instability_allraw__zx__2025_09_27_17_29_08__000402560,zx,2025_09_27_17_29_08,402.56,,pre1_label2_event_trigger,-1.0,0.0,0.0,2.0,all_raw_vehicle_dynamic_onset_non_steering,all_raw_detected_vehicle_instability_onset_predict_future_steering_response,instability_ay_roll,extreme_active,curve,1,-0.00729802,93.63,100.0,auto_accept_instability_high,hybrid_accept_high,原始车辆数据/zx/Entity_Recording_2025_09_27_17_29_08_vehicle.csv,F:\data_set_process\data_process\01_datasets\数据预处理\原始车辆数据\zx\Entity_Recording_2025_09_27_17_29_08_vehicle.csv,95464051fbc1c6023ad0ba9cd3eba717e6a0de500d111ddfbb31bfdfe77c6591,80512,402.56,418.58,16.02,train,train,train,val,804,原始车辆数据/zx/Entity_Recording_2025_09_27_17_29_08_vehicle.csv,95464051fbc1c6023ad0ba9cd3eba717e6a0de500d111ddfbb31bfdfe77c6591,1.0,1.0,-0.5325000286102295
vehicle_instability_allraw__zx__2025_09_27_17_45_11__000092045__pre1_label2_event_trigger,vehicle_instability_allraw__zx__2025_09_27_17_45_11__000092045,zx,2025_09_27_17_45_11,92.045,,pre1_label2_event_trigger,-1.0,0.0,0.0,2.0,all_raw_vehicle_dynamic_onset_non_steering,all_raw_detected_vehicle_instability_onset_predict_future_steering_response,instability_ay_roll,extreme_active,straight,0,-0.0,78.37,100.0,auto_accept_instability_high,hybrid_accept_high,原始车辆数据/zx/Entity_Recording_2025_09_27_17_45_11_vehicle.csv,F:\data_set_process\data_process\01_datasets\数据预处理\原始车辆数据\zx\Entity_Recording_2025_09_27_17_45_11_vehicle.csv,1e7f93edd32d950611d0fc9febf9c56a7204a59faa1b028dc4dfbbad6936f75b,18409,92.045,100.735,8.69,val,train,val,val,805,原始车辆数据/zx/Entity_Recording_2025_09_27_17_45_11_vehicle.csv,1e7f93edd32d950611d0fc9febf9c56a7204a59faa1b028dc4dfbbad6936f75b,1.0,1.0,-0.3333579897880554
vehicle_instability_allraw__zx__2025_09_27_17_45_11__000135280__pre1_label2_event_trigger,vehicle_instability_allraw__zx__2025_09_27_17_45_11__000135280,zx,2025_09_27_17_45_11,135.28,,pre1_label2_event_trigger,-1.0,0.0,0.0,2.0,all_raw_vehicle_dynamic_onset_non_steering,all_raw_detected_vehicle_instability_onset_predict_future_steering_response,instability_ay_roll,extreme_active,curve,1,-0.00729802,95.52,100.0,auto_accept_instability_high,hybrid_accept_high,原始车辆数据/zx/Entity_Recording_2025_09_27_17_45_11_vehicle.csv,F:\data_set_process\data_process\01_datasets\数据预处理\原始车辆数据\zx\Entity_Recording_2025_09_27_17_45_11_vehicle.csv,1e7f93edd32d950611d0fc9febf9c56a7204a59faa1b028dc4dfbbad6936f75b,27056,135.28,146.49,11.21,val,val,val,val,806,原始车辆数据/zx/Entity_Recording_2025_09_27_17_45_11_vehicle.csv,1e7f93edd32d950611d0fc9febf9c56a7204a59faa1b028dc4dfbbad6936f75b,1.0,1.0,-0.45989400148391724
vehicle_instability_allraw__zx__2025_09_27_17_45_11__000158510__pre1_label2_event_trigger,vehicle_instability_allraw__zx__2025_09_27_17_45_11__000158510,zx,2025_09_27_17_45_11,158.51,,pre1_label2_event_trigger,-1.0,0.0,0.0,2.0,all_raw_vehicle_dynamic_onset_non_steering,all_raw_detected_vehicle_instability_onset_predict_future_steering_response,instability_ay_roll,instability_strong,design_curve_context,1,-0.00729802,71.02,90.0,auto_accept_instability_medium,hybrid_accept_high,原始车辆数据/zx/Entity_Recording_2025_09_27_17_45_11_vehicle.csv,F:\data_set_process\data_process\01_datasets\数据预处理\原始车辆数据\zx\Entity_Recording_2025_09_27_17_45_11_vehicle.csv,1e7f93edd32d950611d0fc9febf9c56a7204a59faa1b028dc4dfbbad6936f75b,31702,158.51,161.29,2.78,val,train,val,val,807,原始车辆数据/zx/Entity_Recording_2025_09_27_17_45_11_vehicle.csv,1e7f93edd32d950611d0fc9febf9c56a7204a59faa1b028dc4dfbbad6936f75b,1.0,1.0,-2.41117000579834
vehicle_instability_allraw__zx__2025_09_27_17_45_11__000166410__pre1_label2_event_trigger,vehicle_instability_allraw__zx__2025_09_27_17_45_11__000166410,zx,2025_09_27_17_45_11,166.41,,pre1_label2_event_trigger,-1.0,0.0,0.0,2.0,all_raw_vehicle_dynamic_onset_non_steering,all_raw_detected_vehicle_instability_onset_predict_future_steering_response,instability_ay_roll,weak,curve,1,-0.00729802,61.79,88.05,auto_accept_instability_medium,hybrid_accept_high,原始车辆数据/zx/Entity_Recording_2025_09_27_17_45_11_vehicle.csv,F:\data_set_process\data_process\01_datasets\数据预处理\原始车辆数据\zx\Entity_Recording_2025_09_27_17_45_11_vehicle.csv,1e7f93edd32d950611d0fc9febf9c56a7204a59faa1b028dc4dfbbad6936f75b,33282,166.41,167.76,1.35,val,train,val,val,808,原始车辆数据/zx/Entity_Recording_2025_09_27_17_45_11_vehicle.csv,1e7f93edd32d950611d0fc9febf9c56a7204a59faa1b028dc4dfbbad6936f75b,1.0,1.0,2.031559944152832
vehicle_instability_allraw__zx__2025_09_27_17_45_11__000175330__pre1_label2_event_trigger,vehicle_instability_allraw__zx__2025_09_27_17_45_11__000175330,zx,2025_09_27_17_45_11,175.33,,pre1_label2_event_trigger,-1.0,0.0,0.0,2.0,all_raw_vehicle_dynamic_onset_non_steering,all_raw_detected_vehicle_instability_onset_predict_future_steering_response,instability_ay_roll,instability_strong,design_curve_context,1,-0.00729802,72.8,92.6,auto_accept_instability_medium,hybrid_accept_high,原始车辆数据/zx/Entity_Recording_2025_09_27_17_45_11_vehicle.csv,F:\data_set_process\data_process\01_datasets\数据预处理\原始车辆数据\zx\Entity_Recording_2025_09_27_17_45_11_vehicle.csv,1e7f93edd32d950611d0fc9febf9c56a7204a59faa1b028dc4dfbbad6936f75b,35066,175.33,175.91,0.58,val,train,val,val,809,原始车辆数据/zx/Entity_Recording_2025_09_27_17_45_11_vehicle.csv,1e7f93edd32d950611d0fc9febf9c56a7204a59faa1b028dc4dfbbad6936f75b,1.0,1.0,-2.8014299869537354
vehicle_instability_allraw__zx__2025_09_27_17_45_11__000179665__pre1_label2_event_trigger,vehicle_instability_allraw__zx__2025_09_27_17_45_11__000179665,zx,2025_09_27_17_45_11,179.665,,pre1_label2_event_trigger,-1.0,0.0,0.0,2.0,all_raw_vehicle_dynamic_onset_non_steering,all_raw_detected_vehicle_instability_onset_predict_future_steering_response,instability_ay_roll,extreme_active,curve,1,-0.00729802,81.21,100.0,auto_accept_instability_high,hybrid_accept_high,原始车辆数据/zx/Entity_Recording_2025_09_27_17_45_11_vehicle.csv,F:\data_set_process\data_process\01_datasets\数据预处理\原始车辆数据\zx\Entity_Recording_2025_09_27_17_45_11_vehicle.csv,1e7f93edd32d950611d0fc9febf9c56a7204a59faa1b028dc4dfbbad6936f75b,35933,179.665,189.42,9.755,val,train,val,val,810,原始车辆数据/zx/Entity_Recording_2025_09_27_17_45_11_vehicle.csv,1e7f93edd32d950611d0fc9febf9c56a7204a59faa1b028dc4dfbbad6936f75b,1.0,1.0,4.392300128936768
vehicle_instability_allraw__zx__2025_09_27_17_45_11__000202360__pre1_label2_event_trigger,vehicle_instability_allraw__zx__2025_09_27_17_45_11__000202360,zx,2025_09_27_17_45_11,202.36,,pre1_label2_event_trigger,-1.0,0.0,0.0,2.0,all_raw_vehicle_dynamic_onset_non_steering,all_raw_detected_vehicle_instability_onset_predict_future_steering_response,instability_ay_roll,strong_active,straight,0,0.0,64.81,95.92,auto_accept_instability_medium,hybrid_accept_high,原始车辆数据/zx/Entity_Recording_2025_09_27_17_45_11_vehicle.csv,F:\data_set_process\data_process\01_datasets\数据预处理\原始车辆数据\zx\Entity_Recording_2025_09_27_17_45_11_vehicle.csv,1e7f93edd32d950611d0fc9febf9c56a7204a59faa1b028dc4dfbbad6936f75b,40472,202.36,213.32,10.96,val,test,val,val,811,原始车辆数据/zx/Entity_Recording_2025_09_27_17_45_11_vehicle.csv,1e7f93edd32d950611d0fc9febf9c56a7204a59faa1b028dc4dfbbad6936f75b,1.0,1.0,-0.4614650011062622
vehicle_instability_allraw__zx__2025_09_27_17_45_11__000231875__pre1_label2_event_trigger,vehicle_instability_allraw__zx__2025_09_27_17_45_11__000231875,zx,2025_09_27_17_45_11,231.875,,pre1_label2_event_trigger,-1.0,0.0,0.0,2.0,all_raw_vehicle_dynamic_onset_non_steering,all_raw_detected_vehicle_instability_onset_predict_future_steering_response,instability_ay_roll,extreme_active,straight,0,0.0,87.21,100.0,auto_accept_instability_high,hybrid_accept_high,原始车辆数据/zx/Entity_Recording_2025_09_27_17_45_11_vehicle.csv,F:\data_set_process\data_process\01_datasets\数据预处理\原始车辆数据\zx\Entity_Recording_2025_09_27_17_45_11_vehicle.csv,1e7f93edd32d950611d0fc9febf9c56a7204a59faa1b028dc4dfbbad6936f75b,46375,231.875,238.82,6.945,val,train,val,val,812,原始车辆数据/zx/Entity_Recording_2025_09_27_17_45_11_vehicle.csv,1e7f93edd32d950611d0fc9febf9c56a7204a59faa1b028dc4dfbbad6936f75b,1.0,1.0,-0.43336498737335205
vehicle_instability_allraw__zx__2025_09_27_17_45_11__000242010__pre1_label2_event_trigger,vehicle_instability_allraw__zx__2025_09_27_17_45_11__000242010,zx,2025_09_27_17_45_11,242.01,,pre1_label2_event_trigger,-1.0,0.0,0.0,2.0,all_raw_vehicle_dynamic_onset_non_steering,all_raw_detected_vehicle_instability_onset_predict_future_steering_response,instability_ay_roll,strong_active,straight,0,-0.0,72.6,100.0,auto_accept_instability_medium,hybrid_accept_high,原始车辆数据/zx/Entity_Recording_2025_09_27_17_45_11_vehicle.csv,F:\data_set_process\data_process\01_datasets\数据预处理\原始车辆数据\zx\Entity_Recording_2025_09_27_17_45_11_vehicle.csv,1e7f93edd32d950611d0fc9febf9c56a7204a59faa1b028dc4dfbbad6936f75b,48402,242.01,253.565,11.555,val,train,val,val,813,原始车辆数据/zx/Entity_Recording_2025_09_27_17_45_11_vehicle.csv,1e7f93edd32d950611d0fc9febf9c56a7204a59faa1b028dc4dfbbad6936f75b,1.0,1.0,0.16493451595306396
vehicle_instability_allraw__zx__2025_09_27_17_45_11__000256590__pre1_label2_event_trigger,vehicle_instability_allraw__zx__2025_09_27_17_45_11__000256590,zx,2025_09_27_17_45_11,256.59,,pre1_label2_event_trigger,-1.0,0.0,0.0,2.0,all_raw_vehicle_dynamic_onset_non_steering,all_raw_detected_vehicle_instability_onset_predict_future_steering_response,instability_ay_roll,extreme_active,straight,0,-0.0,86.96,100.0,auto_accept_instability_high,hybrid_accept_high,原始车辆数据/zx/Entity_Recording_2025_09_27_17_45_11_vehicle.csv,F:\data_set_process\data_process\01_datasets\数据预处理\原始车辆数据\zx\Entity_Recording_2025_09_27_17_45_11_vehicle.csv,1e7f93edd32d950611d0fc9febf9c56a7204a59faa1b028dc4dfbbad6936f75b,51318,256.59,279.63,23.04,val,train,val,val,814,原始车辆数据/zx/Entity_Recording_2025_09_27_17_45_11_vehicle.csv,1e7f93edd32d950611d0fc9febf9c56a7204a59faa1b028dc4dfbbad6936f75b,1.0,1.0,-0.4942770004272461
vehicle_instability_allraw__zx__2025_09_27_17_45_11__000285070__pre1_label2_event_trigger,vehicle_instability_allraw__zx__2025_09_27_17_45_11__000285070,zx,2025_09_27_17_45_11,285.07,,pre1_label2_event_trigger,-1.0,0.0,0.0,2.0,all_raw_vehicle_dynamic_onset_non_steering,all_raw_detected_vehicle_instability_onset_predict_future_steering_response,instability_ay_roll,strong_active,straight,0,0.0,79.33,100.0,auto_accept_instability_high,hybrid_accept_high,原始车辆数据/zx/Entity_Recording_2025_09_27_17_45_11_vehicle.csv,F:\data_set_process\data_process\01_datasets\数据预处理\原始车辆数据\zx\Entity_Recording_2025_09_27_17_45_11_vehicle.csv,1e7f93edd32d950611d0fc9febf9c56a7204a59faa1b028dc4dfbbad6936f75b,57014,285.07,297.775,12.705,val,train,val,val,815,原始车辆数据/zx/Entity_Recording_2025_09_27_17_45_11_vehicle.csv,1e7f93edd32d950611d0fc9febf9c56a7204a59faa1b028dc4dfbbad6936f75b,1.0,1.0,-0.3801330029964447
vehicle_instability_allraw__zx__2025_09_27_17_45_11__000301740__pre1_label2_event_trigger,vehicle_instability_allraw__zx__2025_09_27_17_45_11__000301740,zx,2025_09_27_17_45_11,301.74,,pre1_label2_event_trigger,-1.0,0.0,0.0,2.0,all_raw_vehicle_dynamic_onset_non_steering,all_raw_detected_vehicle_instability_onset_predict_future_steering_response,instability_ay_roll,extreme_active,curve,0,-0.0,93.99,100.0,auto_accept_instability_high,hybrid_accept_high,原始车辆数据/zx/Entity_Recording_2025_09_27_17_45_11_vehicle.csv,F:\data_set_process\data_process\01_datasets\数据预处理\原始车辆数据\zx\Entity_Recording_2025_09_27_17_45_11_vehicle.csv,1e7f93edd32d950611d0fc9febf9c56a7204a59faa1b028dc4dfbbad6936f75b,60348,301.74,318.66,16.92,val,train,val,val,816,原始车辆数据/zx/Entity_Recording_2025_09_27_17_45_11_vehicle.csv,1e7f93edd32d950611d0fc9febf9c56a7204a59faa1b028dc4dfbbad6936f75b,1.0,1.0,0.09686575084924698
vehicle_instability_allraw__zx__2025_09_27_17_45_11__000336625__pre1_label2_event_trigger,vehicle_instability_allraw__zx__2025_09_27_17_45_11__000336625,zx,2025_09_27_17_45_11,336.625,,pre1_label2_event_trigger,-1.0,0.0,0.0,2.0,all_raw_vehicle_dynamic_onset_non_steering,all_raw_detected_vehicle_instability_onset_predict_future_steering_response,instability_ay_roll,strong_active,straight,1,-0.0,59.8,89.39,auto_accept_instability_medium,hybrid_accept_high,原始车辆数据/zx/Entity_Recording_2025_09_27_17_45_11_vehicle.csv,F:\data_set_process\data_process\01_datasets\数据预处理\原始车辆数据\zx\Entity_Recording_2025_09_27_17_45_11_vehicle.csv,1e7f93edd32d950611d0fc9febf9c56a7204a59faa1b028dc4dfbbad6936f75b,67325,336.625,350.275,13.65,val,val,val,val,817,原始车辆数据/zx/Entity_Recording_2025_09_27_17_45_11_vehicle.csv,1e7f93edd32d950611d0fc9febf9c56a7204a59faa1b028dc4dfbbad6936f75b,1.0,1.0,0.14084799587726593
vehicle_instability_allraw__zx__2025_09_27_17_45_11__000361280__pre1_label2_event_trigger,vehicle_instability_allraw__zx__2025_09_27_17_45_11__000361280,zx,2025_09_27_17_45_11,361.28,,pre1_label2_event_trigger,-1.0,0.0,0.0,2.0,all_raw_vehicle_dynamic_onset_non_steering,all_raw_detected_vehicle_instability_onset_predict_future_steering_response,instability_ay_roll,extreme_active,straight,0,-0.0,94.49,100.0,auto_accept_instability_high,hybrid_accept_high,原始车辆数据/zx/Entity_Recording_2025_09_27_17_45_11_vehicle.csv,F:\data_set_process\data_process\01_datasets\数据预处理\原始车辆数据\zx\Entity_Recording_2025_09_27_17_45_11_vehicle.csv,1e7f93edd32d950611d0fc9febf9c56a7204a59faa1b028dc4dfbbad6936f75b,72256,361.28,369.82,8.54,val,val,val,val,818,原始车辆数据/zx/Entity_Recording_2025_09_27_17_45_11_vehicle.csv,1e7f93edd32d950611d0fc9febf9c56a7204a59faa1b028dc4dfbbad6936f75b,1.0,1.0,-0.376816987991333
vehicle_instability_allraw__zx__2025_09_27_17_45_11__000385440__pre1_label2_event_trigger,vehicle_instability_allraw__zx__2025_09_27_17_45_11__000385440,zx,2025_09_27_17_45_11,385.44,,pre1_label2_event_trigger,-1.0,0.0,0.0,2.0,all_raw_vehicle_dynamic_onset_non_steering,all_raw_detected_vehicle_instability_onset_predict_future_steering_response,instability_ay_roll,strong_active,straight,0,-0.0,88.1,100.0,auto_accept_instability_high,hybrid_accept_high,原始车辆数据/zx/Entity_Recording_2025_09_27_17_45_11_vehicle.csv,F:\data_set_process\data_process\01_datasets\数据预处理\原始车辆数据\zx\Entity_Recording_2025_09_27_17_45_11_vehicle.csv,1e7f93edd32d950611d0fc9febf9c56a7204a59faa1b028dc4dfbbad6936f75b,77088,385.44,396.545,11.105,val,val,val,val,819,原始车辆数据/zx/Entity_Recording_2025_09_27_17_45_11_vehicle.csv,1e7f93edd32d950611d0fc9febf9c56a7204a59faa1b028dc4dfbbad6936f75b,1.0,1.0,-0.48781999945640564
vehicle_instability_allraw__zx__2025_09_27_17_45_11__000445945__pre1_label2_event_trigger,vehicle_instability_allraw__zx__2025_09_27_17_45_11__000445945,zx,2025_09_27_17_45_11,445.945,,pre1_label2_event_trigger,-1.0,0.0,0.0,2.0,all_raw_vehicle_dynamic_onset_non_steering,all_raw_detected_vehicle_instability_onset_predict_future_steering_response,instability_ay_roll,medium_active,straight,0,-0.0,69.03,93.88,auto_accept_instability_medium,hybrid_accept_high,原始车辆数据/zx/Entity_Recording_2025_09_27_17_45_11_vehicle.csv,F:\data_set_process\data_process\01_datasets\数据预处理\原始车辆数据\zx\Entity_Recording_2025_09_27_17_45_11_vehicle.csv,1e7f93edd32d950611d0fc9febf9c56a7204a59faa1b028dc4dfbbad6936f75b,89189,445.945,446.93,0.985,val,train,val,val,820,原始车辆数据/zx/Entity_Recording_2025_09_27_17_45_11_vehicle.csv,1e7f93edd32d950611d0fc9febf9c56a7204a59faa1b028dc4dfbbad6936f75b,1.0,1.0,0.11501699686050415
vehicle_instability_allraw__zx__2025_09_27_17_45_11__000449820__pre1_label2_event_trigger,vehicle_instability_allraw__zx__2025_09_27_17_45_11__000449820,zx,2025_09_27_17_45_11,449.82,,pre1_label2_event_trigger,-1.0,0.0,0.0,2.0,all_raw_vehicle_dynamic_onset_non_steering,all_raw_detected_vehicle_instability_onset_predict_future_steering_response,instability_ay_roll,extreme_active,straight,0,0.0,92.38,100.0,auto_accept_instability_high,hybrid_accept_high,原始车辆数据/zx/Entity_Recording_2025_09_27_17_45_11_vehicle.csv,F:\data_set_process\data_process\01_datasets\数据预处理\原始车辆数据\zx\Entity_Recording_2025_09_27_17_45_11_vehicle.csv,1e7f93edd32d950611d0fc9febf9c56a7204a59faa1b028dc4dfbbad6936f75b,89964,449.82,463.715,13.895,val,train,val,val,821,原始车辆数据/zx/Entity_Recording_2025_09_27_17_45_11_vehicle.csv,1e7f93edd32d950611d0fc9febf9c56a7204a59faa1b028dc4dfbbad6936f75b,1.0,1.0,-0.685914158821106
vehicle_instability_allraw__zx__2025_09_27_17_45_11__000469100__pre1_label2_event_trigger,vehicle_instability_allraw__zx__2025_09_27_17_45_11__000469100,zx,2025_09_27_17_45_11,469.1,,pre1_label2_event_trigger,-1.0,0.0,0.0,2.0,all_raw_vehicle_dynamic_onset_non_steering,all_raw_detected_vehicle_instability_onset_predict_future_steering_response,instability_ay_roll,instability_extreme,design_high_risk_surface,0,0.0,93.23,100.0,auto_accept_instability_high,hybrid_accept_high,原始车辆数据/zx/Entity_Recording_2025_09_27_17_45_11_vehicle.csv,F:\data_set_process\data_process\01_datasets\数据预处理\原始车辆数据\zx\Entity_Recording_2025_09_27_17_45_11_vehicle.csv,1e7f93edd32d950611d0fc9febf9c56a7204a59faa1b028dc4dfbbad6936f75b,93820,469.1,489.73,20.63,val,test,val,val,822,原始车辆数据/zx/Entity_Recording_2025_09_27_17_45_11_vehicle.csv,1e7f93edd32d950611d0fc9febf9c56a7204a59faa1b028dc4dfbbad6936f75b,1.0,1.0,1.6584099531173706
vehicle_instability_allraw__zx__2025_09_27_17_45_11__000508355__pre1_label2_event_trigger,vehicle_instability_allraw__zx__2025_09_27_17_45_11__000508355,zx,2025_09_27_17_45_11,508.355,,pre1_label2_event_trigger,-1.0,0.0,0.0,2.0,all_raw_vehicle_dynamic_onset_non_steering,all_raw_detected_vehicle_instability_onset_predict_future_steering_response,instability_ay_roll,strong_active,straight,0,-0.0,69.51,100.0,auto_accept_instability_medium,hybrid_accept_high,原始车辆数据/zx/Entity_Recording_2025_09_27_17_45_11_vehicle.csv,F:\data_set_process\data_process\01_datasets\数据预处理\原始车辆数据\zx\Entity_Recording_2025_09_27_17_45_11_vehicle.csv,1e7f93edd32d950611d0fc9febf9c56a7204a59faa1b028dc4dfbbad6936f75b,101671,508.355,521.075,12.72,val,train,val,val,823,原始车辆数据/zx/Entity_Recording_2025_09_27_17_45_11_vehicle.csv,1e7f93edd32d950611d0fc9febf9c56a7204a59faa1b028dc4dfbbad6936f75b,1.0,1.0,-0.35063979029655457
vehicle_instability_allraw__zx__2025_09_27_17_45_11__000524690__pre1_label2_event_trigger,vehicle_instability_allraw__zx__2025_09_27_17_45_11__000524690,zx,2025_09_27_17_45_11,524.69,,pre1_label2_event_trigger,-1.0,0.0,0.0,2.0,all_raw_vehicle_dynamic_onset_non_steering,all_raw_detected_vehicle_instability_onset_predict_future_steering_response,instability_ay_roll,weak,curve,0,0.0,74.62,95.55,auto_accept_instability_medium,hybrid_accept_high,原始车辆数据/zx/Entity_Recording_2025_09_27_17_45_11_vehicle.csv,F:\data_set_process\data_process\01_datasets\数据预处理\原始车辆数据\zx\Entity_Recording_2025_09_27_17_45_11_vehicle.csv,1e7f93edd32d950611d0fc9febf9c56a7204a59faa1b028dc4dfbbad6936f75b,104938,524.69,570.47,45.78,val,train,val,val,824,原始车辆数据/zx/Entity_Recording_2025_09_27_17_45_11_vehicle.csv,1e7f93edd32d950611d0fc9febf9c56a7204a59faa1b028dc4dfbbad6936f75b,1.0,1.0,0.17784899473190308
vehicle_instability_allraw__zx__2025_09_27_17_45_11__000588795__pre1_label2_event_trigger,vehicle_instability_allraw__zx__2025_09_27_17_45_11__000588795,zx,2025_09_27_17_45_11,588.795,,pre1_label2_event_trigger,-1.0,0.0,0.0,2.0,all_raw_vehicle_dynamic_onset_non_steering,all_raw_detected_vehicle_instability_onset_predict_future_steering_response,instability_ay_roll,strong_active,curve,0,0.0,93.84,100.0,auto_accept_instability_high,hybrid_accept_high,原始车辆数据/zx/Entity_Recording_2025_09_27_17_45_11_vehicle.csv,F:\data_set_process\data_process\01_datasets\数据预处理\原始车辆数据\zx\Entity_Recording_2025_09_27_17_45_11_vehicle.csv,1e7f93edd32d950611d0fc9febf9c56a7204a59faa1b028dc4dfbbad6936f75b,117759,588.795,602.53,13.735,val,train,val,val,825,原始车辆数据/zx/Entity_Recording_2025_09_27_17_45_11_vehicle.csv,1e7f93edd32d950611d0fc9febf9c56a7204a59faa1b028dc4dfbbad6936f75b,1.0,1.0,-0.4904380142688751
vehicle_instability_allraw__zx__2025_09_27_17_56_42__000080875__pre1_label2_event_trigger,vehicle_instability_allraw__zx__2025_09_27_17_56_42__000080875,zx,2025_09_27_17_56_42,80.875,,pre1_label2_event_trigger,-1.0,0.0,0.0,2.0,all_raw_vehicle_dynamic_onset_non_steering,all_raw_detected_vehicle_instability_onset_predict_future_steering_response,instability_ay_roll,strong_active,straight,0,0.0,69.0,100.0,auto_accept_instability_medium,hybrid_accept_high,原始车辆数据/zx/Entity_Recording_2025_09_27_17_56_42_vehicle.csv,F:\data_set_process\data_process\01_datasets\数据预处理\原始车辆数据\zx\Entity_Recording_2025_09_27_17_56_42_vehicle.csv,c0076afb0599e6567f51f2b84dab503e942aa8c2c3e731f4f418c9da3ac42305,16175,80.875,95.205,14.33,train,train,train,val,826,原始车辆数据/zx/Entity_Recording_2025_09_27_17_56_42_vehicle.csv,c0076afb0599e6567f51f2b84dab503e942aa8c2c3e731f4f418c9da3ac42305,1.0,1.0,-0.3810049891471863
vehicle_instability_allraw__zx__2025_09_27_17_56_42__000108650__pre1_label2_event_trigger,vehicle_instability_allraw__zx__2025_09_27_17_56_42__000108650,zx,2025_09_27_17_56_42,108.65,,pre1_label2_event_trigger,-1.0,0.0,0.0,2.0,all_raw_vehicle_dynamic_onset_non_steering,all_raw_detected_vehicle_instability_onset_predict_future_steering_response,instability_ay_roll,strong_active,straight,0,-0.0,62.21,97.38,auto_accept_instability_medium,hybrid_accept_high,原始车辆数据/zx/Entity_Recording_2025_09_27_17_56_42_vehicle.csv,F:\data_set_process\data_process\01_datasets\数据预处理\原始车辆数据\zx\Entity_Recording_2025_09_27_17_56_42_vehicle.csv,c0076afb0599e6567f51f2b84dab503e942aa8c2c3e731f4f418c9da3ac42305,21730,108.65,120.91,12.26,train,test,train,val,827,原始车辆数据/zx/Entity_Recording_2025_09_27_17_56_42_vehicle.csv,c0076afb0599e6567f51f2b84dab503e942aa8c2c3e731f4f418c9da3ac42305,1.0,1.0,-0.4272570013999939
vehicle_instability_allraw__zx__2025_09_27_17_56_42__000149270__pre1_label2_event_trigger,vehicle_instability_allraw__zx__2025_09_27_17_56_42__000149270,zx,2025_09_27_17_56_42,149.27,,pre1_label2_event_trigger,-1.0,0.0,0.0,2.0,all_raw_vehicle_dynamic_onset_non_steering,all_raw_detected_vehicle_instability_onset_predict_future_steering_response,instability_ay_roll,extreme_active,curve,1,-0.00729802,95.25,100.0,auto_accept_instability_high,hybrid_accept_high,原始车辆数据/zx/Entity_Recording_2025_09_27_17_56_42_vehicle.csv,F:\data_set_process\data_process\01_datasets\数据预处理\原始车辆数据\zx\Entity_Recording_2025_09_27_17_56_42_vehicle.csv,c0076afb0599e6567f51f2b84dab503e942aa8c2c3e731f4f418c9da3ac42305,29854,149.27,162.295,13.025,train,val,train,val,828,原始车辆数据/zx/Entity_Recording_2025_09_27_17_56_42_vehicle.csv,c0076afb0599e6567f51f2b84dab503e942aa8c2c3e731f4f418c9da3ac42305,1.0,1.0,-0.44313904643058777
vehicle_instability_allraw__zx__2025_09_27_18_00_08__000020450__pre1_label2_event_trigger,vehicle_instability_allraw__zx__2025_09_27_18_00_08__000020450,zx,2025_09_27_18_00_08,20.45,,pre1_label2_event_trigger,-1.0,0.0,0.0,2.0,all_raw_vehicle_dynamic_onset_non_steering,all_raw_detected_vehicle_instability_onset_predict_future_steering_response,instability_ay_roll,strong_active,straight,0,0.0,58.45,89.23,auto_accept_instability_medium,hybrid_accept_high,原始车辆数据/zx/Entity_Recording_2025_09_27_18_00_08_vehicle.csv,F:\data_set_process\data_process\01_datasets\数据预处理\原始车辆数据\zx\Entity_Recording_2025_09_27_18_00_08_vehicle.csv,4b016c5d42daab4b261b47445577a3dd05e1d1f31bfe45391999b0a9d97ba220,4090,20.45,21.845,1.395,test,train,test,val,829,原始车辆数据/zx/Entity_Recording_2025_09_27_18_00_08_vehicle.csv,4b016c5d42daab4b261b47445577a3dd05e1d1f31bfe45391999b0a9d97ba220,1.0,1.0,-0.2590084373950958
vehicle_instability_allraw__zx__2025_09_27_18_00_08__000050245__pre1_label2_event_trigger,vehicle_instability_allraw__zx__2025_09_27_18_00_08__000050245,zx,2025_09_27_18_00_08,50.245,,pre1_label2_event_trigger,-1.0,0.0,0.0,2.0,all_raw_vehicle_dynamic_onset_non_steering,all_raw_detected_vehicle_instability_onset_predict_future_steering_response,instability_ay_roll,strong_active,straight,0,-0.0,67.94,100.0,auto_accept_instability_medium,hybrid_accept_high,原始车辆数据/zx/Entity_Recording_2025_09_27_18_00_08_vehicle.csv,F:\data_set_process\data_process\01_datasets\数据预处理\原始车辆数据\zx\Entity_Recording_2025_09_27_18_00_08_vehicle.csv,4b016c5d42daab4b261b47445577a3dd05e1d1f31bfe45391999b0a9d97ba220,10049,50.245,56.93,6.685,test,train,test,val,830,原始车辆数据/zx/Entity_Recording_2025_09_27_18_00_08_vehicle.csv,4b016c5d42daab4b261b47445577a3dd05e1d1f31bfe45391999b0a9d97ba220,1.0,1.0,-0.4328419864177704
vehicle_instability_allraw__zx__2025_09_27_18_00_08__000066065__pre1_label2_event_trigger,vehicle_instability_allraw__zx__2025_09_27_18_00_08__000066065,zx,2025_09_27_18_00_08,66.065,,pre1_label2_event_trigger,-1.0,0.0,0.0,2.0,all_raw_vehicle_dynamic_onset_non_steering,all_raw_detected_vehicle_instability_onset_predict_future_steering_response,instability_ay_roll,strong_active,straight,0,0.0,64.51,93.63,auto_accept_instability_medium,hybrid_accept_high,原始车辆数据/zx/Entity_Recording_2025_09_27_18_00_08_vehicle.csv,F:\data_set_process\data_process\01_datasets\数据预处理\原始车辆数据\zx\Entity_Recording_2025_09_27_18_00_08_vehicle.csv,4b016c5d42daab4b261b47445577a3dd05e1d1f31bfe45391999b0a9d97ba220,13213,66.065,92.745,26.68,test,train,test,val,831,原始车辆数据/zx/Entity_Recording_2025_09_27_18_00_08_vehicle.csv,4b016c5d42daab4b261b47445577a3dd05e1d1f31bfe45391999b0a9d97ba220,1.0,1.0,0.18133999407291412
vehicle_instability_allraw__zx__2025_09_27_18_00_08__000119290__pre1_label2_event_trigger,vehicle_instability_allraw__zx__2025_09_27_18_00_08__000119290,zx,2025_09_27_18_00_08,119.29,,pre1_label2_event_trigger,-1.0,0.0,0.0,2.0,all_raw_vehicle_dynamic_onset_non_steering,all_raw_detected_vehicle_instability_onset_predict_future_steering_response,instability_ay_roll,extreme_active,straight,1,0.0,93.51,100.0,auto_accept_instability_high,hybrid_accept_high,原始车辆数据/zx/Entity_Recording_2025_09_27_18_00_08_vehicle.csv,F:\data_set_process\data_process\01_datasets\数据预处理\原始车辆数据\zx\Entity_Recording_2025_09_27_18_00_08_vehicle.csv,4b016c5d42daab4b261b47445577a3dd05e1d1f31bfe45391999b0a9d97ba220,23858,119.29,137.51,18.22,test,train,test,val,832,原始车辆数据/zx/Entity_Recording_2025_09_27_18_00_08_vehicle.csv,4b016c5d42daab4b261b47445577a3dd05e1d1f31bfe45391999b0a9d97ba220,1.0,1.0,0.04014333337545395
vehicle_instability_allraw__zx__2025_09_27_18_00_08__000149680__pre1_label2_event_trigger,vehicle_instability_allraw__zx__2025_09_27_18_00_08__000149680,zx,2025_09_27_18_00_08,149.68,,pre1_label2_event_trigger,-1.0,0.0,0.0,2.0,all_raw_vehicle_dynamic_onset_non_steering,all_raw_detected_vehicle_instability_onset_predict_future_steering_response,instability_ay_roll,extreme_active,curve,1,-0.00729802,91.34,100.0,auto_accept_instability_high,hybrid_accept_high,原始车辆数据/zx/Entity_Recording_2025_09_27_18_00_08_vehicle.csv,F:\data_set_process\data_process\01_datasets\数据预处理\原始车辆数据\zx\Entity_Recording_2025_09_27_18_00_08_vehicle.csv,4b016c5d42daab4b261b47445577a3dd05e1d1f31bfe45391999b0a9d97ba220,29936,149.68,161.33,11.65,test,train,test,val,833,原始车辆数据/zx/Entity_Recording_2025_09_27_18_00_08_vehicle.csv,4b016c5d42daab4b261b47445577a3dd05e1d1f31bfe45391999b0a9d97ba220,1.0,1.0,-0.3424356281757355
vehicle_instability_allraw__zx__2025_09_27_18_00_08__000173505__pre1_label2_event_trigger,vehicle_instability_allraw__zx__2025_09_27_18_00_08__000173505,zx,2025_09_27_18_00_08,173.505,,pre1_label2_event_trigger,-1.0,0.0,0.0,2.0,all_raw_vehicle_dynamic_onset_non_steering,all_raw_detected_vehicle_instability_onset_predict_future_steering_response,instability_ay_roll,strong_active,curve,1,-0.00729802,64.25,91.19,auto_accept_instability_medium,hybrid_accept_high,原始车辆数据/zx/Entity_Recording_2025_09_27_18_00_08_vehicle.csv,F:\data_set_process\data_process\01_datasets\数据预处理\原始车辆数据\zx\Entity_Recording_2025_09_27_18_00_08_vehicle.csv,4b016c5d42daab4b261b47445577a3dd05e1d1f31bfe45391999b0a9d97ba220,34701,173.505,176.785,3.28,test,train,test,val,834,原始车辆数据/zx/Entity_Recording_2025_09_27_18_00_08_vehicle.csv,4b016c5d42daab4b261b47445577a3dd05e1d1f31bfe45391999b0a9d97ba220,1.0,1.0,-0.5068444609642029
vehicle_instability_allraw__zx__2025_09_27_18_00_08__000195680__pre1_label2_event_trigger,vehicle_instability_allraw__zx__2025_09_27_18_00_08__000195680,zx,2025_09_27_18_00_08,195.68,,pre1_label2_event_trigger,-1.0,0.0,0.0,2.0,all_raw_vehicle_dynamic_onset_non_steering,all_raw_detected_vehicle_instability_onset_predict_future_steering_response,instability_ay_roll,extreme_active,curve,1,-0.00729802,91.11,100.0,auto_accept_instability_high,hybrid_accept_high,原始车辆数据/zx/Entity_Recording_2025_09_27_18_00_08_vehicle.csv,F:\data_set_process\data_process\01_datasets\数据预处理\原始车辆数据\zx\Entity_Recording_2025_09_27_18_00_08_vehicle.csv,4b016c5d42daab4b261b47445577a3dd05e1d1f31bfe45391999b0a9d97ba220,39136,195.68,206.29,10.61,test,train,test,val,835,原始车辆数据/zx/Entity_Recording_2025_09_27_18_00_08_vehicle.csv,4b016c5d42daab4b261b47445577a3dd05e1d1f31bfe45391999b0a9d97ba220,1.0,1.0,0.14590999484062195
vehicle_instability_allraw__zx__2025_09_27_18_00_08__000256360__pre1_label2_event_trigger,vehicle_instability_allraw__zx__2025_09_27_18_00_08__000256360,zx,2025_09_27_18_00_08,256.36,,pre1_label2_event_trigger,-1.0,0.0,0.0,2.0,all_raw_vehicle_dynamic_onset_non_steering,all_raw_detected_vehicle_instability_onset_predict_future_steering_response,instability_ay_roll,strong_active,curve,1,-0.00729802,68.55,100.0,auto_accept_instability_medium,hybrid_accept_high,原始车辆数据/zx/Entity_Recording_2025_09_27_18_00_08_vehicle.csv,F:\data_set_process\data_process\01_datasets\数据预处理\原始车辆数据\zx\Entity_Recording_2025_09_27_18_00_08_vehicle.csv,4b016c5d42daab4b261b47445577a3dd05e1d1f31bfe45391999b0a9d97ba220,51272,256.36,266.965,10.605,test,val,test,val,836,原始车辆数据/zx/Entity_Recording_2025_09_27_18_00_08_vehicle.csv,4b016c5d42daab4b261b47445577a3dd05e1d1f31bfe45391999b0a9d97ba220,1.0,1.0,-0.34871700406074524
vehicle_instability_allraw__zx__2025_09_27_18_00_08__000313580__pre1_label2_event_trigger,vehicle_instability_allraw__zx__2025_09_27_18_00_08__000313580,zx,2025_09_27_18_00_08,313.58,,pre1_label2_event_trigger,-1.0,0.0,0.0,2.0,all_raw_vehicle_dynamic_onset_non_steering,all_raw_detected_vehicle_instability_onset_predict_future_steering_response,instability_ay_roll,strong_active,curve,1,-0.00729802,66.9,91.33,auto_accept_instability_medium,hybrid_accept_high,原始车辆数据/zx/Entity_Recording_2025_09_27_18_00_08_vehicle.csv,F:\data_set_process\data_process\01_datasets\数据预处理\原始车辆数据\zx\Entity_Recording_2025_09_27_18_00_08_vehicle.csv,4b016c5d42daab4b261b47445577a3dd05e1d1f31bfe45391999b0a9d97ba220,62716,313.58,315.3,1.72,test,train,test,val,837,原始车辆数据/zx/Entity_Recording_2025_09_27_18_00_08_vehicle.csv,4b016c5d42daab4b261b47445577a3dd05e1d1f31bfe45391999b0a9d97ba220,1.0,1.0,0.13596099615097046
vehicle_instability_allraw__zx__2025_09_27_18_00_08__000320360__pre1_label2_event_trigger,vehicle_instability_allraw__zx__2025_09_27_18_00_08__000320360,zx,2025_09_27_18_00_08,320.36,,pre1_label2_event_trigger,-1.0,0.0,0.0,2.0,all_raw_vehicle_dynamic_onset_non_steering,all_raw_detected_vehicle_instability_onset_predict_future_steering_response,instability_ay_roll,strong_active,curve,1,-0.00729802,57.45,84.48,needs_human_review,hybrid_accept_high,原始车辆数据/zx/Entity_Recording_2025_09_27_18_00_08_vehicle.csv,F:\data_set_process\data_process\01_datasets\数据预处理\原始车辆数据\zx\Entity_Recording_2025_09_27_18_00_08_vehicle.csv,4b016c5d42daab4b261b47445577a3dd05e1d1f31bfe45391999b0a9d97ba220,64072,320.36,338.14,17.78,test,val,test,val,838,原始车辆数据/zx/Entity_Recording_2025_09_27_18_00_08_vehicle.csv,4b016c5d42daab4b261b47445577a3dd05e1d1f31bfe45391999b0a9d97ba220,1.0,1.0,-0.3200930058956146
vehicle_instability_allraw__zx__2025_09_27_18_00_08__000353905__pre1_label2_event_trigger,vehicle_instability_allraw__zx__2025_09_27_18_00_08__000353905,zx,2025_09_27_18_00_08,353.905,,pre1_label2_event_trigger,-1.0,0.0,0.0,2.0,all_raw_vehicle_dynamic_onset_non_steering,all_raw_detected_vehicle_instability_onset_predict_future_steering_response,instability_ay_roll,strong_active,curve,1,-0.00729802,63.82,96.18,auto_accept_instability_medium,hybrid_accept_high,原始车辆数据/zx/Entity_Recording_2025_09_27_18_00_08_vehicle.csv,F:\data_set_process\data_process\01_datasets\数据预处理\原始车辆数据\zx\Entity_Recording_2025_09_27_18_00_08_vehicle.csv,4b016c5d42daab4b261b47445577a3dd05e1d1f31bfe45391999b0a9d97ba220,70781,353.905,373.74,19.835,test,train,test,val,839,原始车辆数据/zx/Entity_Recording_2025_09_27_18_00_08_vehicle.csv,4b016c5d42daab4b261b47445577a3dd05e1d1f31bfe45391999b0a9d97ba220,1.0,1.0,-0.30176714062690735
vehicle_instability_allraw__zx__2025_09_27_18_07_01__000025310__pre1_label2_event_trigger,vehicle_instability_allraw__zx__2025_09_27_18_07_01__000025310,zx,2025_09_27_18_07_01,25.31,,pre1_label2_event_trigger,-1.0,0.0,0.0,2.0,all_raw_vehicle_dynamic_onset_non_steering,all_raw_detected_vehicle_instability_onset_predict_future_steering_response,instability_ay_roll,strong_active,straight,0,0.0,88.16,100.0,auto_accept_instability_high,hybrid_accept_high,原始车辆数据/zx/Entity_Recording_2025_09_27_18_07_01_vehicle.csv,F:\data_set_process\data_process\01_datasets\数据预处理\原始车辆数据\zx\Entity_Recording_2025_09_27_18_07_01_vehicle.csv,bd953ba3c907f1a48467b3a54e1d55c2aeb2de6a4b8dd2e9724ce6e6f57a50ba,5062,25.31,45.035,19.725,train,train,train,val,840,原始车辆数据/zx/Entity_Recording_2025_09_27_18_07_01_vehicle.csv,bd953ba3c907f1a48467b3a54e1d55c2aeb2de6a4b8dd2e9724ce6e6f57a50ba,1.0,1.0,-0.3246306777000427
vehicle_instability_allraw__zx__2025_09_27_18_07_01__000048255__pre1_label2_event_trigger,vehicle_instability_allraw__zx__2025_09_27_18_07_01__000048255,zx,2025_09_27_18_07_01,48.255,,pre1_label2_event_trigger,-1.0,0.0,0.0,2.0,all_raw_vehicle_dynamic_onset_non_steering,all_raw_detected_vehicle_instability_onset_predict_future_steering_response,instability_ay_roll,strong_active,straight,0,0.0,67.31,98.65,auto_accept_instability_medium,hybrid_accept_high,原始车辆数据/zx/Entity_Recording_2025_09_27_18_07_01_vehicle.csv,F:\data_set_process\data_process\01_datasets\数据预处理\原始车辆数据\zx\Entity_Recording_2025_09_27_18_07_01_vehicle.csv,bd953ba3c907f1a48467b3a54e1d55c2aeb2de6a4b8dd2e9724ce6e6f57a50ba,9651,48.255,66.065,17.81,train,train,train,val,841,原始车辆数据/zx/Entity_Recording_2025_09_27_18_07_01_vehicle.csv,bd953ba3c907f1a48467b3a54e1d55c2aeb2de6a4b8dd2e9724ce6e6f57a50ba,1.0,1.0,0.08185591548681259
vehicle_instability_allraw__zx__2025_09_27_18_07_01__000071310__pre1_label2_event_trigger,vehicle_instability_allraw__zx__2025_09_27_18_07_01__000071310,zx,2025_09_27_18_07_01,71.31,,pre1_label2_event_trigger,-1.0,0.0,0.0,2.0,all_raw_vehicle_dynamic_onset_non_steering,all_raw_detected_vehicle_instability_onset_predict_future_steering_response,instability_ay_roll,extreme_active,straight,0,-0.0,94.2,100.0,auto_accept_instability_high,hybrid_accept_high,原始车辆数据/zx/Entity_Recording_2025_09_27_18_07_01_vehicle.csv,F:\data_set_process\data_process\01_datasets\数据预处理\原始车辆数据\zx\Entity_Recording_2025_09_27_18_07_01_vehicle.csv,bd953ba3c907f1a48467b3a54e1d55c2aeb2de6a4b8dd2e9724ce6e6f57a50ba,14262,71.31,79.665,8.355,train,train,train,val,842,原始车辆数据/zx/Entity_Recording_2025_09_27_18_07_01_vehicle.csv,bd953ba3c907f1a48467b3a54e1d55c2aeb2de6a4b8dd2e9724ce6e6f57a50ba,1.0,1.0,0.1583009958267212
vehicle_instability_allraw__zx__2025_09_27_18_07_01__000087885__pre1_label2_event_trigger,vehicle_instability_allraw__zx__2025_09_27_18_07_01__000087885,zx,2025_09_27_18_07_01,87.885,,pre1_label2_event_trigger,-1.0,0.0,0.0,2.0,all_raw_vehicle_dynamic_onset_non_steering,all_raw_detected_vehicle_instability_onset_predict_future_steering_response,instability_ay_roll,instability_extreme,design_regular_road,0,-0.0,93.08,100.0,auto_accept_instability_high,hybrid_accept_high,原始车辆数据/zx/Entity_Recording_2025_09_27_18_07_01_vehicle.csv,F:\data_set_process\data_process\01_datasets\数据预处理\原始车辆数据\zx\Entity_Recording_2025_09_27_18_07_01_vehicle.csv,bd953ba3c907f1a48467b3a54e1d55c2aeb2de6a4b8dd2e9724ce6e6f57a50ba,17577,87.885,110.2,22.315,train,val,train,val,843,原始车辆数据/zx/Entity_Recording_2025_09_27_18_07_01_vehicle.csv,bd953ba3c907f1a48467b3a54e1d55c2aeb2de6a4b8dd2e9724ce6e6f57a50ba,1.0,1.0,-2.456549882888794
vehicle_instability_allraw__zx__2025_09_27_18_07_01__000123135__pre1_label2_event_trigger,vehicle_instability_allraw__zx__2025_09_27_18_07_01__000123135,zx,2025_09_27_18_07_01,123.135,,pre1_label2_event_trigger,-1.0,0.0,0.0,2.0,all_raw_vehicle_dynamic_onset_non_steering,all_raw_detected_vehicle_instability_onset_predict_future_steering_response,instability_ay_roll,extreme_active,straight,0,0.0,87.53,100.0,auto_accept_instability_high,hybrid_accept_high,原始车辆数据/zx/Entity_Recording_2025_09_27_18_07_01_vehicle.csv,F:\data_set_process\data_process\01_datasets\数据预处理\原始车辆数据\zx\Entity_Recording_2025_09_27_18_07_01_vehicle.csv,bd953ba3c907f1a48467b3a54e1d55c2aeb2de6a4b8dd2e9724ce6e6f57a50ba,24627,123.135,142.245,19.11,train,train,train,val,844,原始车辆数据/zx/Entity_Recording_2025_09_27_18_07_01_vehicle.csv,bd953ba3c907f1a48467b3a54e1d55c2aeb2de6a4b8dd2e9724ce6e6f57a50ba,1.0,1.0,-0.39147698879241943
vehicle_instability_allraw__zx__2025_09_27_18_07_01__000149280__pre1_label2_event_trigger,vehicle_instability_allraw__zx__2025_09_27_18_07_01__000149280,zx,2025_09_27_18_07_01,149.28,,pre1_label2_event_trigger,-1.0,0.0,0.0,2.0,all_raw_vehicle_dynamic_onset_non_steering,all_raw_detected_vehicle_instability_onset_predict_future_steering_response,instability_ay_roll,extreme_active,straight,1,-0.0,93.23,100.0,auto_accept_instability_high,hybrid_accept_high,原始车辆数据/zx/Entity_Recording_2025_09_27_18_07_01_vehicle.csv,F:\data_set_process\data_process\01_datasets\数据预处理\原始车辆数据\zx\Entity_Recording_2025_09_27_18_07_01_vehicle.csv,bd953ba3c907f1a48467b3a54e1d55c2aeb2de6a4b8dd2e9724ce6e6f57a50ba,29856,149.28,154.73,5.45,train,train,train,val,845,原始车辆数据/zx/Entity_Recording_2025_09_27_18_07_01_vehicle.csv,bd953ba3c907f1a48467b3a54e1d55c2aeb2de6a4b8dd2e9724ce6e6f57a50ba,1.0,1.0,-2.8516900539398193
vehicle_instability_allraw__zx__2025_09_27_18_07_01__000193555__pre1_label2_event_trigger,vehicle_instability_allraw__zx__2025_09_27_18_07_01__000193555,zx,2025_09_27_18_07_01,193.555,,pre1_label2_event_trigger,-1.0,0.0,0.0,2.0,all_raw_vehicle_dynamic_onset_non_steering,all_raw_detected_vehicle_instability_onset_predict_future_steering_response,instability_ay_roll,extreme_active,straight,1,-0.00729802,83.07,100.0,auto_accept_instability_high,hybrid_accept_high,原始车辆数据/zx/Entity_Recording_2025_09_27_18_07_01_vehicle.csv,F:\data_set_process\data_process\01_datasets\数据预处理\原始车辆数据\zx\Entity_Recording_2025_09_27_18_07_01_vehicle.csv,bd953ba3c907f1a48467b3a54e1d55c2aeb2de6a4b8dd2e9724ce6e6f57a50ba,38711,193.555,215.055,21.5,train,train,train,val,846,原始车辆数据/zx/Entity_Recording_2025_09_27_18_07_01_vehicle.csv,bd953ba3c907f1a48467b3a54e1d55c2aeb2de6a4b8dd2e9724ce6e6f57a50ba,1.0,1.0,-0.42935100197792053
vehicle_instability_allraw__zx__2025_09_27_18_07_01__000223290__pre1_label2_event_trigger,vehicle_instability_allraw__zx__2025_09_27_18_07_01__000223290,zx,2025_09_27_18_07_01,223.29,,pre1_label2_event_trigger,-1.0,0.0,0.0,2.0,all_raw_vehicle_dynamic_onset_non_steering,all_raw_detected_vehicle_instability_onset_predict_future_steering_response,instability_ay_roll,strong_active,straight,0,-0.0,73.33,100.0,auto_accept_instability_medium,hybrid_accept_high,原始车辆数据/zx/Entity_Recording_2025_09_27_18_07_01_vehicle.csv,F:\data_set_process\data_process\01_datasets\数据预处理\原始车辆数据\zx\Entity_Recording_2025_09_27_18_07_01_vehicle.csv,bd953ba3c907f1a48467b3a54e1d55c2aeb2de6a4b8dd2e9724ce6e6f57a50ba,44658,223.29,235.47,12.18,train,train,train,val,847,原始车辆数据/zx/Entity_Recording_2025_09_27_18_07_01_vehicle.csv,bd953ba3c907f1a48467b3a54e1d55c2aeb2de6a4b8dd2e9724ce6e6f57a50ba,1.0,1.0,0.21624599397182465
vehicle_instability_allraw__zx__2025_09_27_18_07_01__000251385__pre1_label2_event_trigger,vehicle_instability_allraw__zx__2025_09_27_18_07_01__000251385,zx,2025_09_27_18_07_01,251.385,,pre1_label2_event_trigger,-1.0,0.0,0.0,2.0,all_raw_vehicle_dynamic_onset_non_steering,all_raw_detected_vehicle_instability_onset_predict_future_steering_response,instability_ay_roll,extreme_active,straight,0,0.0,81.84,100.0,auto_accept_instability_high,hybrid_accept_high,原始车辆数据/zx/Entity_Recording_2025_09_27_18_07_01_vehicle.csv,F:\data_set_process\data_process\01_datasets\数据预处理\原始车辆数据\zx\Entity_Recording_2025_09_27_18_07_01_vehicle.csv,bd953ba3c907f1a48467b3a54e1d55c2aeb2de6a4b8dd2e9724ce6e6f57a50ba,50277,251.385,257.54,6.155,train,train,train,val,848,原始车辆数据/zx/Entity_Recording_2025_09_27_18_07_01_vehicle.csv,bd953ba3c907f1a48467b3a54e1d55c2aeb2de6a4b8dd2e9724ce6e6f57a50ba,1.0,1.0,-0.4113740026950836
vehicle_instability_allraw__zx__2025_09_27_18_07_01__000277150__pre1_label2_event_trigger,vehicle_instability_allraw__zx__2025_09_27_18_07_01__000277150,zx,2025_09_27_18_07_01,277.15,,pre1_label2_event_trigger,-1.0,0.0,0.0,2.0,all_raw_vehicle_dynamic_onset_non_steering,all_raw_detected_vehicle_instability_onset_predict_future_steering_response,instability_ay_roll,extreme_active,straight,0,-0.0,82.96,100.0,auto_accept_instability_high,hybrid_accept_high,原始车辆数据/zx/Entity_Recording_2025_09_27_18_07_01_vehicle.csv,F:\data_set_process\data_process\01_datasets\数据预处理\原始车辆数据\zx\Entity_Recording_2025_09_27_18_07_01_vehicle.csv,bd953ba3c907f1a48467b3a54e1d55c2aeb2de6a4b8dd2e9724ce6e6f57a50ba,55430,277.15,288.345,11.195,train,test,train,val,849,原始车辆数据/zx/Entity_Recording_2025_09_27_18_07_01_vehicle.csv,bd953ba3c907f1a48467b3a54e1d55c2aeb2de6a4b8dd2e9724ce6e6f57a50ba,1.0,1.0,-0.029496099799871445
vehicle_instability_allraw__zx__2025_09_27_18_07_01__000323585__pre1_label2_event_trigger,vehicle_instability_allraw__zx__2025_09_27_18_07_01__000323585,zx,2025_09_27_18_07_01,323.585,,pre1_label2_event_trigger,-1.0,0.0,0.0,2.0,all_raw_vehicle_dynamic_onset_non_steering,all_raw_detected_vehicle_instability_onset_predict_future_steering_response,instability_ay_roll,strong_active,curve,0,-0.0,72.81,100.0,auto_accept_instability_medium,hybrid_accept_high,原始车辆数据/zx/Entity_Recording_2025_09_27_18_07_01_vehicle.csv,F:\data_set_process\data_process\01_datasets\数据预处理\原始车辆数据\zx\Entity_Recording_2025_09_27_18_07_01_vehicle.csv,bd953ba3c907f1a48467b3a54e1d55c2aeb2de6a4b8dd2e9724ce6e6f57a50ba,64717,323.585,338.595,15.01,train,train,train,val,850,原始车辆数据/zx/Entity_Recording_2025_09_27_18_07_01_vehicle.csv,bd953ba3c907f1a48467b3a54e1d55c2aeb2de6a4b8dd2e9724ce6e6f57a50ba,1.0,1.0,0.14259299635887146
vehicle_instability_allraw__zx__2025_09_27_18_07_01__000342080__pre1_label2_event_trigger,vehicle_instability_allraw__zx__2025_09_27_18_07_01__000342080,zx,2025_09_27_18_07_01,342.08,,pre1_label2_event_trigger,-1.0,0.0,0.0,2.0,all_raw_vehicle_dynamic_onset_non_steering,all_raw_detected_vehicle_instability_onset_predict_future_steering_response,instability_ay_only,instability_medium,design_curve_context,1,-0.0,67.98,85.17,auto_accept_instability_medium,hybrid_accept_high,原始车辆数据/zx/Entity_Recording_2025_09_27_18_07_01_vehicle.csv,F:\data_set_process\data_process\01_datasets\数据预处理\原始车辆数据\zx\Entity_Recording_2025_09_27_18_07_01_vehicle.csv,bd953ba3c907f1a48467b3a54e1d55c2aeb2de6a4b8dd2e9724ce6e6f57a50ba,68416,342.08,343.16,1.08,train,test,train,val,851,原始车辆数据/zx/Entity_Recording_2025_09_27_18_07_01_vehicle.csv,bd953ba3c907f1a48467b3a54e1d55c2aeb2de6a4b8dd2e9724ce6e6f57a50ba,1.0,1.0,-0.41381800174713135
vehicle_instability_allraw__zx__2025_09_27_18_07_01__000353295__pre1_label2_event_trigger,vehicle_instability_allraw__zx__2025_09_27_18_07_01__000353295,zx,2025_09_27_18_07_01,353.295,,pre1_label2_event_trigger,-1.0,0.0,0.0,2.0,all_raw_vehicle_dynamic_onset_non_steering,all_raw_detected_vehicle_instability_onset_predict_future_steering_response,instability_ay_roll,extreme_active,straight,1,-0.0,94.12,100.0,auto_accept_instability_high,hybrid_accept_high,原始车辆数据/zx/Entity_Recording_2025_09_27_18_07_01_vehicle.csv,F:\data_set_process\data_process\01_datasets\数据预处理\原始车辆数据\zx\Entity_Recording_2025_09_27_18_07_01_vehicle.csv,bd953ba3c907f1a48467b3a54e1d55c2aeb2de6a4b8dd2e9724ce6e6f57a50ba,70659,353.295,367.935,14.64,train,train,train,val,852,原始车辆数据/zx/Entity_Recording_2025_09_27_18_07_01_vehicle.csv,bd953ba3c907f1a48467b3a54e1d55c2aeb2de6a4b8dd2e9724ce6e6f57a50ba,1.0,1.0,-0.4843289852142334
vehicle_instability_allraw__zx__2025_09_27_18_07_01__000376460__pre1_label2_event_trigger,vehicle_instability_allraw__zx__2025_09_27_18_07_01__000376460,zx,2025_09_27_18_07_01,376.46,,pre1_label2_event_trigger,-1.0,0.0,0.0,2.0,all_raw_vehicle_dynamic_onset_non_steering,all_raw_detected_vehicle_instability_onset_predict_future_steering_response,instability_ay_roll,instability_extreme,design_curve_context,1,0.0,93.01,100.0,auto_accept_instability_high,hybrid_accept_high,原始车辆数据/zx/Entity_Recording_2025_09_27_18_07_01_vehicle.csv,F:\data_set_process\data_process\01_datasets\数据预处理\原始车辆数据\zx\Entity_Recording_2025_09_27_18_07_01_vehicle.csv,bd953ba3c907f1a48467b3a54e1d55c2aeb2de6a4b8dd2e9724ce6e6f57a50ba,75292,376.46,384.11,7.65,train,train,train,val,853,原始车辆数据/zx/Entity_Recording_2025_09_27_18_07_01_vehicle.csv,bd953ba3c907f1a48467b3a54e1d55c2aeb2de6a4b8dd2e9724ce6e6f57a50ba,1.0,1.0,-2.6771600246429443
vehicle_instability_allraw__zx__2025_09_27_18_07_01__000387335__pre1_label2_event_trigger,vehicle_instability_allraw__zx__2025_09_27_18_07_01__000387335,zx,2025_09_27_18_07_01,387.335,,pre1_label2_event_trigger,-1.0,0.0,0.0,2.0,all_raw_vehicle_dynamic_onset_non_steering,all_raw_detected_vehicle_instability_onset_predict_future_steering_response,instability_ay_roll,extreme_active,straight,1,0.0,95.06,100.0,auto_accept_instability_high,hybrid_accept_high,原始车辆数据/zx/Entity_Recording_2025_09_27_18_07_01_vehicle.csv,F:\data_set_process\data_process\01_datasets\数据预处理\原始车辆数据\zx\Entity_Recording_2025_09_27_18_07_01_vehicle.csv,bd953ba3c907f1a48467b3a54e1d55c2aeb2de6a4b8dd2e9724ce6e6f57a50ba,77467,387.335,421.38,34.045,train,train,train,val,854,原始车辆数据/zx/Entity_Recording_2025_09_27_18_07_01_vehicle.csv,bd953ba3c907f1a48467b3a54e1d55c2aeb2de6a4b8dd2e9724ce6e6f57a50ba,1.0,1.0,-1.923699975013733
vehicle_instability_allraw__zx__2025_09_27_18_07_01__000431470__pre1_label2_event_trigger,vehicle_instability_allraw__zx__2025_09_27_18_07_01__000431470,zx,2025_09_27_18_07_01,431.47,,pre1_label2_event_trigger,-1.0,0.0,0.0,2.0,all_raw_vehicle_dynamic_onset_non_steering,all_raw_detected_vehicle_instability_onset_predict_future_steering_response,instability_ay_roll,extreme_active,straight,0,-0.0,80.77,100.0,auto_accept_instability_high,hybrid_accept_high,原始车辆数据/zx/Entity_Recording_2025_09_27_18_07_01_vehicle.csv,F:\data_set_process\data_process\01_datasets\数据预处理\原始车辆数据\zx\Entity_Recording_2025_09_27_18_07_01_vehicle.csv,bd953ba3c907f1a48467b3a54e1d55c2aeb2de6a4b8dd2e9724ce6e6f57a50ba,86294,431.47,439.145,7.675,train,val,train,val,855,原始车辆数据/zx/Entity_Recording_2025_09_27_18_07_01_vehicle.csv,bd953ba3c907f1a48467b3a54e1d55c2aeb2de6a4b8dd2e9724ce6e6f57a50ba,1.0,1.0,0.16615627706050873
vehicle_instability_allraw__zx__2025_09_27_18_07_01__000492380__pre1_label2_event_trigger,vehicle_instability_allraw__zx__2025_09_27_18_07_01__000492380,zx,2025_09_27_18_07_01,492.38,,pre1_label2_event_trigger,-1.0,0.0,0.0,2.0,all_raw_vehicle_dynamic_onset_non_steering,all_raw_detected_vehicle_instability_onset_predict_future_steering_response,instability_ay_roll,extreme_active,straight,0,0.0,74.24,100.0,auto_accept_instability_medium,hybrid_accept_high,原始车辆数据/zx/Entity_Recording_2025_09_27_18_07_01_vehicle.csv,F:\data_set_process\data_process\01_datasets\数据预处理\原始车辆数据\zx\Entity_Recording_2025_09_27_18_07_01_vehicle.csv,bd953ba3c907f1a48467b3a54e1d55c2aeb2de6a4b8dd2e9724ce6e6f57a50ba,98476,492.38,507.095,14.715,train,test,train,val,856,原始车辆数据/zx/Entity_Recording_2025_09_27_18_07_01_vehicle.csv,bd953ba3c907f1a48467b3a54e1d55c2aeb2de6a4b8dd2e9724ce6e6f57a50ba,1.0,1.0,-0.39950600266456604
vehicle_instability_allraw__zx__2025_09_27_18_07_01__000550085__pre1_label2_event_trigger,vehicle_instability_allraw__zx__2025_09_27_18_07_01__000550085,zx,2025_09_27_18_07_01,550.085,,pre1_label2_event_trigger,-1.0,0.0,0.0,2.0,all_raw_vehicle_dynamic_onset_non_steering,all_raw_detected_vehicle_instability_onset_predict_future_steering_response,instability_ay_roll,extreme_active,straight,0,0.0,72.65,100.0,auto_accept_instability_medium,hybrid_accept_high,原始车辆数据/zx/Entity_Recording_2025_09_27_18_07_01_vehicle.csv,F:\data_set_process\data_process\01_datasets\数据预处理\原始车辆数据\zx\Entity_Recording_2025_09_27_18_07_01_vehicle.csv,bd953ba3c907f1a48467b3a54e1d55c2aeb2de6a4b8dd2e9724ce6e6f57a50ba,110017,550.085,565.91,15.825,train,train,train,val,857,原始车辆数据/zx/Entity_Recording_2025_09_27_18_07_01_vehicle.csv,bd953ba3c907f1a48467b3a54e1d55c2aeb2de6a4b8dd2e9724ce6e6f57a50ba,1.0,1.0,-0.40264707803726196
vehicle_instability_allraw__zx__2025_09_27_18_07_01__000584705__pre1_label2_event_trigger,vehicle_instability_allraw__zx__2025_09_27_18_07_01__000584705,zx,2025_09_27_18_07_01,584.705,,pre1_label2_event_trigger,-1.0,0.0,0.0,2.0,all_raw_vehicle_dynamic_onset_non_steering,all_raw_detected_vehicle_instability_onset_predict_future_steering_response,instability_ay_roll,weak,straight,0,0.0,73.41,91.91,auto_accept_instability_medium,hybrid_accept_high,原始车辆数据/zx/Entity_Recording_2025_09_27_18_07_01_vehicle.csv,F:\data_set_process\data_process\01_datasets\数据预处理\原始车辆数据\zx\Entity_Recording_2025_09_27_18_07_01_vehicle.csv,bd953ba3c907f1a48467b3a54e1d55c2aeb2de6a4b8dd2e9724ce6e6f57a50ba,116941,584.705,601.145,16.44,train,train,train,val,858,原始车辆数据/zx/Entity_Recording_2025_09_27_18_07_01_vehicle.csv,bd953ba3c907f1a48467b3a54e1d55c2aeb2de6a4b8dd2e9724ce6e6f57a50ba,1.0,1.0,-0.36023616790771484
vehicle_instability_allraw__zx__2025_09_27_18_17_48__000080870__pre1_label2_event_trigger,vehicle_instability_allraw__zx__2025_09_27_18_17_48__000080870,zx,2025_09_27_18_17_48,80.87,,pre1_label2_event_trigger,-1.0,0.0,0.0,2.0,all_raw_vehicle_dynamic_onset_non_steering,all_raw_detected_vehicle_instability_onset_predict_future_steering_response,instability_ay_roll,extreme_active,straight,0,0.0,80.92,100.0,auto_accept_instability_high,hybrid_accept_high,原始车辆数据/zx/Entity_Recording_2025_09_27_18_17_48_vehicle.csv,F:\data_set_process\data_process\01_datasets\数据预处理\原始车辆数据\zx\Entity_Recording_2025_09_27_18_17_48_vehicle.csv,6c0faf9586a1f6031a4d3de61f439c468f44357b92563574c27ba91eefe0d4db,16174,80.87,93.325,12.455,train,test,train,val,859,原始车辆数据/zx/Entity_Recording_2025_09_27_18_17_48_vehicle.csv,6c0faf9586a1f6031a4d3de61f439c468f44357b92563574c27ba91eefe0d4db,1.0,1.0,-0.2104869931936264
vehicle_instability_allraw__zx__2025_09_27_18_17_48__000096340__pre1_label2_event_trigger,vehicle_instability_allraw__zx__2025_09_27_18_17_48__000096340,zx,2025_09_27_18_17_48,96.34,,pre1_label2_event_trigger,-1.0,0.0,0.0,2.0,all_raw_vehicle_dynamic_onset_non_steering,all_raw_detected_vehicle_instability_onset_predict_future_steering_response,instability_ay_roll,extreme_active,straight,0,0.0,88.69,100.0,auto_accept_instability_high,hybrid_accept_high,原始车辆数据/zx/Entity_Recording_2025_09_27_18_17_48_vehicle.csv,F:\data_set_process\data_process\01_datasets\数据预处理\原始车辆数据\zx\Entity_Recording_2025_09_27_18_17_48_vehicle.csv,6c0faf9586a1f6031a4d3de61f439c468f44357b92563574c27ba91eefe0d4db,19268,96.34,110.885,14.545,train,test,train,val,860,原始车辆数据/zx/Entity_Recording_2025_09_27_18_17_48_vehicle.csv,6c0faf9586a1f6031a4d3de61f439c468f44357b92563574c27ba91eefe0d4db,1.0,1.0,-0.4934050142765045
vehicle_instability_allraw__zx__2025_09_27_18_17_48__000145260__pre1_label2_event_trigger,vehicle_instability_allraw__zx__2025_09_27_18_17_48__000145260,zx,2025_09_27_18_17_48,145.26,,pre1_label2_event_trigger,-1.0,0.0,0.0,2.0,all_raw_vehicle_dynamic_onset_non_steering,all_raw_detected_vehicle_instability_onset_predict_future_steering_response,instability_ay_roll,extreme_active,curve,1,-0.00729802,94.68,100.0,auto_accept_instability_high,hybrid_accept_high,原始车辆数据/zx/Entity_Recording_2025_09_27_18_17_48_vehicle.csv,F:\data_set_process\data_process\01_datasets\数据预处理\原始车辆数据\zx\Entity_Recording_2025_09_27_18_17_48_vehicle.csv,6c0faf9586a1f6031a4d3de61f439c468f44357b92563574c27ba91eefe0d4db,29052,145.26,166.735,21.475,train,val,train,val,861,原始车辆数据/zx/Entity_Recording_2025_09_27_18_17_48_vehicle.csv,6c0faf9586a1f6031a4d3de61f439c468f44357b92563574c27ba91eefe0d4db,1.0,1.0,-0.4783949851989746
vehicle_instability_allraw__zx__2025_09_27_18_17_48__000176840__pre1_label2_event_trigger,vehicle_instability_allraw__zx__2025_09_27_18_17_48__000176840,zx,2025_09_27_18_17_48,176.84,,pre1_label2_event_trigger,-1.0,0.0,0.0,2.0,all_raw_vehicle_dynamic_onset_non_steering,all_raw_detected_vehicle_instability_onset_predict_future_steering_response,instability_ay_roll,extreme_active,straight,0,0.0,61.56,93.09,auto_accept_instability_medium,hybrid_accept_high,原始车辆数据/zx/Entity_Recording_2025_09_27_18_17_48_vehicle.csv,F:\data_set_process\data_process\01_datasets\数据预处理\原始车辆数据\zx\Entity_Recording_2025_09_27_18_17_48_vehicle.csv,6c0faf9586a1f6031a4d3de61f439c468f44357b92563574c27ba91eefe0d4db,35368,176.84,186.735,9.895,train,train,train,val,862,原始车辆数据/zx/Entity_Recording_2025_09_27_18_17_48_vehicle.csv,6c0faf9586a1f6031a4d3de61f439c468f44357b92563574c27ba91eefe0d4db,1.0,1.0,-0.032288599759340286
vehicle_instability_allraw__zx__2025_09_27_18_17_48__000205030__pre1_label2_event_trigger,vehicle_instability_allraw__zx__2025_09_27_18_17_48__000205030,zx,2025_09_27_18_17_48,205.03,,pre1_label2_event_trigger,-1.0,0.0,0.0,2.0,all_raw_vehicle_dynamic_onset_non_steering,all_raw_detected_vehicle_instability_onset_predict_future_steering_response,instability_ay_roll,extreme_active,straight,0,0.0,81.59,100.0,auto_accept_instability_high,hybrid_accept_high,原始车辆数据/zx/Entity_Recording_2025_09_27_18_17_48_vehicle.csv,F:\data_set_process\data_process\01_datasets\数据预处理\原始车辆数据\zx\Entity_Recording_2025_09_27_18_17_48_vehicle.csv,6c0faf9586a1f6031a4d3de61f439c468f44357b92563574c27ba91eefe0d4db,41006,205.03,210.965,5.935,train,test,train,val,863,原始车辆数据/zx/Entity_Recording_2025_09_27_18_17_48_vehicle.csv,6c0faf9586a1f6031a4d3de61f439c468f44357b92563574c27ba91eefe0d4db,1.0,1.0,-0.08377526700496674
vehicle_instability_allraw__zx__2025_09_27_18_17_48__000230970__pre1_label2_event_trigger,vehicle_instability_allraw__zx__2025_09_27_18_17_48__000230970,zx,2025_09_27_18_17_48,230.97,,pre1_label2_event_trigger,-1.0,0.0,0.0,2.0,all_raw_vehicle_dynamic_onset_non_steering,all_raw_detected_vehicle_instability_onset_predict_future_steering_response,instability_ay_roll,strong_active,straight,0,-0.0,67.58,100.0,auto_accept_instability_medium,hybrid_accept_high,原始车辆数据/zx/Entity_Recording_2025_09_27_18_17_48_vehicle.csv,F:\data_set_process\data_process\01_datasets\数据预处理\原始车辆数据\zx\Entity_Recording_2025_09_27_18_17_48_vehicle.csv,6c0faf9586a1f6031a4d3de61f439c468f44357b92563574c27ba91eefe0d4db,46194,230.97,239.025,8.055,train,val,train,val,864,原始车辆数据/zx/Entity_Recording_2025_09_27_18_17_48_vehicle.csv,6c0faf9586a1f6031a4d3de61f439c468f44357b92563574c27ba91eefe0d4db,1.0,1.0,0.15114599466323853
vehicle_instability_allraw__zx__2025_09_27_18_17_48__000253945__pre1_label2_event_trigger,vehicle_instability_allraw__zx__2025_09_27_18_17_48__000253945,zx,2025_09_27_18_17_48,253.945,,pre1_label2_event_trigger,-1.0,0.0,0.0,2.0,all_raw_vehicle_dynamic_onset_non_steering,all_raw_detected_vehicle_instability_onset_predict_future_steering_response,instability_ay_roll,strong_active,straight,0,0.0,66.89,100.0,auto_accept_instability_medium,hybrid_accept_high,原始车辆数据/zx/Entity_Recording_2025_09_27_18_17_48_vehicle.csv,F:\data_set_process\data_process\01_datasets\数据预处理\原始车辆数据\zx\Entity_Recording_2025_09_27_18_17_48_vehicle.csv,6c0faf9586a1f6031a4d3de61f439c468f44357b92563574c27ba91eefe0d4db,50789,253.945,258.025,4.08,train,val,train,val,865,原始车辆数据/zx/Entity_Recording_2025_09_27_18_17_48_vehicle.csv,6c0faf9586a1f6031a4d3de61f439c468f44357b92563574c27ba91eefe0d4db,1.0,1.0,0.16772599518299103
vehicle_instability_allraw__zx__2025_09_27_18_17_48__000280415__pre1_label2_event_trigger,vehicle_instability_allraw__zx__2025_09_27_18_17_48__000280415,zx,2025_09_27_18_17_48,280.415,,pre1_label2_event_trigger,-1.0,0.0,0.0,2.0,all_raw_vehicle_dynamic_onset_non_steering,all_raw_detected_vehicle_instability_onset_predict_future_steering_response,instability_ay_roll,weak,curve,0,0.0,77.54,97.6,auto_accept_instability_high,hybrid_accept_high,原始车辆数据/zx/Entity_Recording_2025_09_27_18_17_48_vehicle.csv,F:\data_set_process\data_process\01_datasets\数据预处理\原始车辆数据\zx\Entity_Recording_2025_09_27_18_17_48_vehicle.csv,6c0faf9586a1f6031a4d3de61f439c468f44357b92563574c27ba91eefe0d4db,56083,280.415,300.195,19.78,train,train,train,val,866,原始车辆数据/zx/Entity_Recording_2025_09_27_18_17_48_vehicle.csv,6c0faf9586a1f6031a4d3de61f439c468f44357b92563574c27ba91eefe0d4db,1.0,1.0,0.08656830340623856
vehicle_instability_allraw__zx__2025_09_27_18_17_48__000307245__pre1_label2_event_trigger,vehicle_instability_allraw__zx__2025_09_27_18_17_48__000307245,zx,2025_09_27_18_17_48,307.245,,pre1_label2_event_trigger,-1.0,0.0,0.0,2.0,all_raw_vehicle_dynamic_onset_non_steering,all_raw_detected_vehicle_instability_onset_predict_future_steering_response,instability_ay_roll,extreme_active,straight,1,0.0,94.65,100.0,auto_accept_instability_high,hybrid_accept_high,原始车辆数据/zx/Entity_Recording_2025_09_27_18_17_48_vehicle.csv,F:\data_set_process\data_process\01_datasets\数据预处理\原始车辆数据\zx\Entity_Recording_2025_09_27_18_17_48_vehicle.csv,6c0faf9586a1f6031a4d3de61f439c468f44357b92563574c27ba91eefe0d4db,61449,307.245,334.32,27.075,train,train,train,val,867,原始车辆数据/zx/Entity_Recording_2025_09_27_18_17_48_vehicle.csv,6c0faf9586a1f6031a4d3de61f439c468f44357b92563574c27ba91eefe0d4db,1.0,1.0,0.08028510212898254
vehicle_instability_allraw__zx__2025_09_27_18_17_48__000377105__pre1_label2_event_trigger,vehicle_instability_allraw__zx__2025_09_27_18_17_48__000377105,zx,2025_09_27_18_17_48,377.105,,pre1_label2_event_trigger,-1.0,0.0,0.0,2.0,all_raw_vehicle_dynamic_onset_non_steering,all_raw_detected_vehicle_instability_onset_predict_future_steering_response,instability_ay_roll,strong_active,straight,0,-0.0,84.39,100.0,auto_accept_instability_high,hybrid_accept_high,原始车辆数据/zx/Entity_Recording_2025_09_27_18_17_48_vehicle.csv,F:\data_set_process\data_process\01_datasets\数据预处理\原始车辆数据\zx\Entity_Recording_2025_09_27_18_17_48_vehicle.csv,6c0faf9586a1f6031a4d3de61f439c468f44357b92563574c27ba91eefe0d4db,75421,377.105,385.62,8.515,train,val,train,val,868,原始车辆数据/zx/Entity_Recording_2025_09_27_18_17_48_vehicle.csv,6c0faf9586a1f6031a4d3de61f439c468f44357b92563574c27ba91eefe0d4db,1.0,1.0,-0.34575000405311584
vehicle_instability_allraw__zx__2025_09_27_18_17_48__000435575__pre1_label2_event_trigger,vehicle_instability_allraw__zx__2025_09_27_18_17_48__000435575,zx,2025_09_27_18_17_48,435.575,,pre1_label2_event_trigger,-1.0,0.0,0.0,2.0,all_raw_vehicle_dynamic_onset_non_steering,all_raw_detected_vehicle_instability_onset_predict_future_steering_response,instability_ay_roll,weak,straight,0,0.0,69.89,88.97,auto_accept_instability_medium,hybrid_accept_high,原始车辆数据/zx/Entity_Recording_2025_09_27_18_17_48_vehicle.csv,F:\data_set_process\data_process\01_datasets\数据预处理\原始车辆数据\zx\Entity_Recording_2025_09_27_18_17_48_vehicle.csv,6c0faf9586a1f6031a4d3de61f439c468f44357b92563574c27ba91eefe0d4db,87115,435.575,448.49,12.915,train,train,train,val,869,原始车辆数据/zx/Entity_Recording_2025_09_27_18_17_48_vehicle.csv,6c0faf9586a1f6031a4d3de61f439c468f44357b92563574c27ba91eefe0d4db,1.0,1.0,-0.5810199975967407
vehicle_instability_allraw__zx__2025_09_27_18_17_48__000468965__pre1_label2_event_trigger,vehicle_instability_allraw__zx__2025_09_27_18_17_48__000468965,zx,2025_09_27_18_17_48,468.965,,pre1_label2_event_trigger,-1.0,0.0,0.0,2.0,all_raw_vehicle_dynamic_onset_non_steering,all_raw_detected_vehicle_instability_onset_predict_future_steering_response,instability_ay_roll,weak,straight,0,-0.0,64.2,82.95,auto_accept_instability_medium,hybrid_accept_high,原始车辆数据/zx/Entity_Recording_2025_09_27_18_17_48_vehicle.csv,F:\data_set_process\data_process\01_datasets\数据预处理\原始车辆数据\zx\Entity_Recording_2025_09_27_18_17_48_vehicle.csv,6c0faf9586a1f6031a4d3de61f439c468f44357b92563574c27ba91eefe0d4db,93793,468.965,489.875,20.91,train,train,train,val,870,原始车辆数据/zx/Entity_Recording_2025_09_27_18_17_48_vehicle.csv,6c0faf9586a1f6031a4d3de61f439c468f44357b92563574c27ba91eefe0d4db,1.0,1.0,0.07522398978471756
vehicle_instability_allraw__zx__2025_09_27_18_17_48__000492875__pre1_label2_event_trigger,vehicle_instability_allraw__zx__2025_09_27_18_17_48__000492875,zx,2025_09_27_18_17_48,492.875,,pre1_label2_event_trigger,-1.0,0.0,0.0,2.0,all_raw_vehicle_dynamic_onset_non_steering,all_raw_detected_vehicle_instability_onset_predict_future_steering_response,instability_ay_roll,instability_extreme,design_high_risk_surface,0,0.0,93.02,100.0,auto_accept_instability_high,hybrid_accept_high,原始车辆数据/zx/Entity_Recording_2025_09_27_18_17_48_vehicle.csv,F:\data_set_process\data_process\01_datasets\数据预处理\原始车辆数据\zx\Entity_Recording_2025_09_27_18_17_48_vehicle.csv,6c0faf9586a1f6031a4d3de61f439c468f44357b92563574c27ba91eefe0d4db,98575,492.875,508.25,15.375,train,train,train,val,871,原始车辆数据/zx/Entity_Recording_2025_09_27_18_17_48_vehicle.csv,6c0faf9586a1f6031a4d3de61f439c468f44357b92563574c27ba91eefe0d4db,1.0,1.0,-2.564239978790283
vehicle_instability_allraw__zx__2025_09_27_18_17_48__000522640__pre1_label2_event_trigger,vehicle_instability_allraw__zx__2025_09_27_18_17_48__000522640,zx,2025_09_27_18_17_48,522.64,,pre1_label2_event_trigger,-1.0,0.0,0.0,2.0,all_raw_vehicle_dynamic_onset_non_steering,all_raw_detected_vehicle_instability_onset_predict_future_steering_response,instability_ay_roll,extreme_active,straight,0,-0.0,94.03,100.0,auto_accept_instability_high,hybrid_accept_high,原始车辆数据/zx/Entity_Recording_2025_09_27_18_17_48_vehicle.csv,F:\data_set_process\data_process\01_datasets\数据预处理\原始车辆数据\zx\Entity_Recording_2025_09_27_18_17_48_vehicle.csv,6c0faf9586a1f6031a4d3de61f439c468f44357b92563574c27ba91eefe0d4db,104528,522.64,530.875,8.235,train,test,train,val,872,原始车辆数据/zx/Entity_Recording_2025_09_27_18_17_48_vehicle.csv,6c0faf9586a1f6031a4d3de61f439c468f44357b92563574c27ba91eefe0d4db,1.0,1.0,-0.5251700282096863
vehicle_instability_allraw__zx__2025_09_27_18_17_48__000534070__pre1_label2_event_trigger,vehicle_instability_allraw__zx__2025_09_27_18_17_48__000534070,zx,2025_09_27_18_17_48,534.07,,pre1_label2_event_trigger,-1.0,0.0,0.0,2.0,all_raw_vehicle_dynamic_onset_non_steering,all_raw_detected_vehicle_instability_onset_predict_future_steering_response,instability_ay_roll,weak,straight,0,-0.0,80.75,100.0,auto_accept_instability_high,hybrid_accept_high,原始车辆数据/zx/Entity_Recording_2025_09_27_18_17_48_vehicle.csv,F:\data_set_process\data_process\01_datasets\数据预处理\原始车辆数据\zx\Entity_Recording_2025_09_27_18_17_48_vehicle.csv,6c0faf9586a1f6031a4d3de61f439c468f44357b92563574c27ba91eefe0d4db,106814,534.07,535.33,1.26,train,train,train,val,873,原始车辆数据/zx/Entity_Recording_2025_09_27_18_17_48_vehicle.csv,6c0faf9586a1f6031a4d3de61f439c468f44357b92563574c27ba91eefe0d4db,1.0,1.0,0.18936799466609955
vehicle_instability_allraw__zx__2025_09_27_18_17_48__000554770__pre1_label2_event_trigger,vehicle_instability_allraw__zx__2025_09_27_18_17_48__000554770,zx,2025_09_27_18_17_48,554.77,,pre1_label2_event_trigger,-1.0,0.0,0.0,2.0,all_raw_vehicle_dynamic_onset_non_steering,all_raw_detected_vehicle_instability_onset_predict_future_steering_response,instability_ay_roll,medium_active,curve,0,0.0,73.13,98.18,auto_accept_instability_medium,hybrid_accept_high,原始车辆数据/zx/Entity_Recording_2025_09_27_18_17_48_vehicle.csv,F:\data_set_process\data_process\01_datasets\数据预处理\原始车辆数据\zx\Entity_Recording_2025_09_27_18_17_48_vehicle.csv,6c0faf9586a1f6031a4d3de61f439c468f44357b92563574c27ba91eefe0d4db,110954,554.77,569.38,14.61,train,train,train,val,874,原始车辆数据/zx/Entity_Recording_2025_09_27_18_17_48_vehicle.csv,6c0faf9586a1f6031a4d3de61f439c468f44357b92563574c27ba91eefe0d4db,1.0,1.0,-0.37891098856925964
vehicle_instability_allraw__zxy__2025_09_28_15_57_38__000092690__pre1_label2_event_trigger,vehicle_instability_allraw__zxy__2025_09_28_15_57_38__000092690,zxy,2025_09_28_15_57_38,92.69,,pre1_label2_event_trigger,-1.0,0.0,0.0,2.0,all_raw_vehicle_dynamic_onset_non_steering,all_raw_detected_vehicle_instability_onset_predict_future_steering_response,instability_ay_roll,strong_active,straight,0,0.0,65.97,96.23,auto_accept_instability_medium,hybrid_accept_high,原始车辆数据/zxy/Entity_Recording_2025_09_28_15_57_38_vehicle.csv,F:\data_set_process\data_process\01_datasets\数据预处理\原始车辆数据\zxy\Entity_Recording_2025_09_28_15_57_38_vehicle.csv,80eb7053df063e30530f628206f5f3009a0b3afa95813ecd5ac7a1076eeeb087,18538,92.69,100.75,8.06,test,train,test,train,875,原始车辆数据/zxy/Entity_Recording_2025_09_28_15_57_38_vehicle.csv,80eb7053df063e30530f628206f5f3009a0b3afa95813ecd5ac7a1076eeeb087,1.0,1.0,-0.4405210018157959
vehicle_instability_allraw__zxy__2025_09_28_15_57_38__000128180__pre1_label2_event_trigger,vehicle_instability_allraw__zxy__2025_09_28_15_57_38__000128180,zxy,2025_09_28_15_57_38,128.18,,pre1_label2_event_trigger,-1.0,0.0,0.0,2.0,all_raw_vehicle_dynamic_onset_non_steering,all_raw_detected_vehicle_instability_onset_predict_future_steering_response,instability_ay_roll,strong_active,straight,0,-0.0,56.33,88.25,needs_human_review,hybrid_accept_high,原始车辆数据/zxy/Entity_Recording_2025_09_28_15_57_38_vehicle.csv,F:\data_set_process\data_process\01_datasets\数据预处理\原始车辆数据\zxy\Entity_Recording_2025_09_28_15_57_38_vehicle.csv,80eb7053df063e30530f628206f5f3009a0b3afa95813ecd5ac7a1076eeeb087,25636,128.18,141.54,13.36,test,train,test,train,876,原始车辆数据/zxy/Entity_Recording_2025_09_28_15_57_38_vehicle.csv,80eb7053df063e30530f628206f5f3009a0b3afa95813ecd5ac7a1076eeeb087,1.0,1.0,-0.03787379711866379
vehicle_instability_allraw__zxy__2025_09_28_15_57_38__000182350__pre1_label2_event_trigger,vehicle_instability_allraw__zxy__2025_09_28_15_57_38__000182350,zxy,2025_09_28_15_57_38,182.35,,pre1_label2_event_trigger,-1.0,0.0,0.0,2.0,all_raw_vehicle_dynamic_onset_non_steering,all_raw_detected_vehicle_instability_onset_predict_future_steering_response,instability_ay_roll,strong_active,curve,1,-0.00729802,93.79,100.0,auto_accept_instability_high,hybrid_accept_high,原始车辆数据/zxy/Entity_Recording_2025_09_28_15_57_38_vehicle.csv,F:\data_set_process\data_process\01_datasets\数据预处理\原始车辆数据\zxy\Entity_Recording_2025_09_28_15_57_38_vehicle.csv,80eb7053df063e30530f628206f5f3009a0b3afa95813ecd5ac7a1076eeeb087,36470,182.35,190.905,8.555,test,train,test,train,877,原始车辆数据/zxy/Entity_Recording_2025_09_28_15_57_38_vehicle.csv,80eb7053df063e30530f628206f5f3009a0b3afa95813ecd5ac7a1076eeeb087,1.0,1.0,-0.5836380124092102
vehicle_instability_allraw__zxy__2025_09_28_16_01_55__000084280__pre1_label2_event_trigger,vehicle_instability_allraw__zxy__2025_09_28_16_01_55__000084280,zxy,2025_09_28_16_01_55,84.28,,pre1_label2_event_trigger,-1.0,0.0,0.0,2.0,all_raw_vehicle_dynamic_onset_non_steering,all_raw_detected_vehicle_instability_onset_predict_future_steering_response,instability_ay_roll,strong_active,straight,0,-0.0,64.69,97.91,auto_accept_instability_medium,hybrid_accept_high,原始车辆数据/zxy/Entity_Recording_2025_09_28_16_01_55_vehicle.csv,F:\data_set_process\data_process\01_datasets\数据预处理\原始车辆数据\zxy\Entity_Recording_2025_09_28_16_01_55_vehicle.csv,ebb320aaedfb106290698cbbf4ebe73121335400df6df8ea0fcdefbc48c02401,16856,84.28,88.92,4.64,val,test,val,train,878,原始车辆数据/zxy/Entity_Recording_2025_09_28_16_01_55_vehicle.csv,ebb320aaedfb106290698cbbf4ebe73121335400df6df8ea0fcdefbc48c02401,1.0,1.0,-0.39060500264167786
vehicle_instability_allraw__zxy__2025_09_28_16_01_55__000091545__pre1_label2_event_trigger,vehicle_instability_allraw__zxy__2025_09_28_16_01_55__000091545,zxy,2025_09_28_16_01_55,91.545,,pre1_label2_event_trigger,-1.0,0.0,0.0,2.0,all_raw_vehicle_dynamic_onset_non_steering,all_raw_detected_vehicle_instability_onset_predict_future_steering_response,instability_ay_roll,strong_active,straight,0,-0.0,63.7,93.41,auto_accept_instability_medium,hybrid_accept_high,原始车辆数据/zxy/Entity_Recording_2025_09_28_16_01_55_vehicle.csv,F:\data_set_process\data_process\01_datasets\数据预处理\原始车辆数据\zxy\Entity_Recording_2025_09_28_16_01_55_vehicle.csv,ebb320aaedfb106290698cbbf4ebe73121335400df6df8ea0fcdefbc48c02401,18309,91.545,100.095,8.55,val,train,val,train,879,原始车辆数据/zxy/Entity_Recording_2025_09_28_16_01_55_vehicle.csv,ebb320aaedfb106290698cbbf4ebe73121335400df6df8ea0fcdefbc48c02401,1.0,1.0,-0.17505574226379395
vehicle_instability_allraw__zxy__2025_09_28_16_01_55__000193270__pre1_label2_event_trigger,vehicle_instability_allraw__zxy__2025_09_28_16_01_55__000193270,zxy,2025_09_28_16_01_55,193.27,,pre1_label2_event_trigger,-1.0,0.0,0.0,2.0,all_raw_vehicle_dynamic_onset_non_steering,all_raw_detected_vehicle_instability_onset_predict_future_steering_response,instability_ay_roll,extreme_active,curve,1,-0.00729802,83.87,100.0,auto_accept_instability_high,hybrid_accept_high,原始车辆数据/zxy/Entity_Recording_2025_09_28_16_01_55_vehicle.csv,F:\data_set_process\data_process\01_datasets\数据预处理\原始车辆数据\zxy\Entity_Recording_2025_09_28_16_01_55_vehicle.csv,ebb320aaedfb106290698cbbf4ebe73121335400df6df8ea0fcdefbc48c02401,38654,193.27,220.87,27.6,val,train,val,train,880,原始车辆数据/zxy/Entity_Recording_2025_09_28_16_01_55_vehicle.csv,ebb320aaedfb106290698cbbf4ebe73121335400df6df8ea0fcdefbc48c02401,1.0,1.0,-0.5372120141983032
vehicle_instability_allraw__zxy__2025_09_28_16_01_55__000223400__pre1_label2_event_trigger,vehicle_instability_allraw__zxy__2025_09_28_16_01_55__000223400,zxy,2025_09_28_16_01_55,223.4,,pre1_label2_event_trigger,-1.0,0.0,0.0,2.0,all_raw_vehicle_dynamic_onset_non_steering,all_raw_detected_vehicle_instability_onset_predict_future_steering_response,instability_ay_roll,strong_active,curve,1,-0.00729802,58.24,85.91,auto_accept_instability_medium,hybrid_accept_high,原始车辆数据/zxy/Entity_Recording_2025_09_28_16_01_55_vehicle.csv,F:\data_set_process\data_process\01_datasets\数据预处理\原始车辆数据\zxy\Entity_Recording_2025_09_28_16_01_55_vehicle.csv,ebb320aaedfb106290698cbbf4ebe73121335400df6df8ea0fcdefbc48c02401,44680,223.4,241.535,18.135,val,train,val,train,881,原始车辆数据/zxy/Entity_Recording_2025_09_28_16_01_55_vehicle.csv,ebb320aaedfb106290698cbbf4ebe73121335400df6df8ea0fcdefbc48c02401,1.0,1.0,-0.21205799281597137
vehicle_instability_allraw__zxy__2025_09_28_16_01_55__000257260__pre1_label2_event_trigger,vehicle_instability_allraw__zxy__2025_09_28_16_01_55__000257260,zxy,2025_09_28_16_01_55,257.26,,pre1_label2_event_trigger,-1.0,0.0,0.0,2.0,all_raw_vehicle_dynamic_onset_non_steering,all_raw_detected_vehicle_instability_onset_predict_future_steering_response,instability_ay_roll,strong_active,curve,1,-0.00729802,62.61,89.46,auto_accept_instability_medium,hybrid_accept_high,原始车辆数据/zxy/Entity_Recording_2025_09_28_16_01_55_vehicle.csv,F:\data_set_process\data_process\01_datasets\数据预处理\原始车辆数据\zxy\Entity_Recording_2025_09_28_16_01_55_vehicle.csv,ebb320aaedfb106290698cbbf4ebe73121335400df6df8ea0fcdefbc48c02401,51452,257.26,263.235,5.975,val,train,val,train,882,原始车辆数据/zxy/Entity_Recording_2025_09_28_16_01_55_vehicle.csv,ebb320aaedfb106290698cbbf4ebe73121335400df6df8ea0fcdefbc48c02401,1.0,1.0,0.11746100336313248
vehicle_instability_allraw__zxy__2025_09_28_16_01_55__000268425__pre1_label2_event_trigger,vehicle_instability_allraw__zxy__2025_09_28_16_01_55__000268425,zxy,2025_09_28_16_01_55,268.425,,pre1_label2_event_trigger,-1.0,0.0,0.0,2.0,all_raw_vehicle_dynamic_onset_non_steering,all_raw_detected_vehicle_instability_onset_predict_future_steering_response,instability_ay_roll,strong_active,curve,1,-0.00729802,68.08,100.0,auto_accept_instability_medium,hybrid_accept_high,原始车辆数据/zxy/Entity_Recording_2025_09_28_16_01_55_vehicle.csv,F:\data_set_process\data_process\01_datasets\数据预处理\原始车辆数据\zxy\Entity_Recording_2025_09_28_16_01_55_vehicle.csv,ebb320aaedfb106290698cbbf4ebe73121335400df6df8ea0fcdefbc48c02401,53685,268.425,282.07,13.645,val,test,val,train,883,原始车辆数据/zxy/Entity_Recording_2025_09_28_16_01_55_vehicle.csv,ebb320aaedfb106290698cbbf4ebe73121335400df6df8ea0fcdefbc48c02401,1.0,1.0,0.15969553589820862
vehicle_instability_allraw__zxy__2025_09_28_16_01_55__000299920__pre1_label2_event_trigger,vehicle_instability_allraw__zxy__2025_09_28_16_01_55__000299920,zxy,2025_09_28_16_01_55,299.92,,pre1_label2_event_trigger,-1.0,0.0,0.0,2.0,all_raw_vehicle_dynamic_onset_non_steering,all_raw_detected_vehicle_instability_onset_predict_future_steering_response,instability_ay_roll,extreme_active,curve,1,-0.00729802,96.47,100.0,auto_accept_instability_high,hybrid_accept_high,原始车辆数据/zxy/Entity_Recording_2025_09_28_16_01_55_vehicle.csv,F:\data_set_process\data_process\01_datasets\数据预处理\原始车辆数据\zxy\Entity_Recording_2025_09_28_16_01_55_vehicle.csv,ebb320aaedfb106290698cbbf4ebe73121335400df6df8ea0fcdefbc48c02401,59984,299.92,316.495,16.575,val,train,val,train,884,原始车辆数据/zxy/Entity_Recording_2025_09_28_16_01_55_vehicle.csv,ebb320aaedfb106290698cbbf4ebe73121335400df6df8ea0fcdefbc48c02401,1.0,1.0,-0.5359910130500793
vehicle_instability_allraw__zxy__2025_09_28_16_01_55__000349230__pre1_label2_event_trigger,vehicle_instability_allraw__zxy__2025_09_28_16_01_55__000349230,zxy,2025_09_28_16_01_55,349.23,,pre1_label2_event_trigger,-1.0,0.0,0.0,2.0,all_raw_vehicle_dynamic_onset_non_steering,all_raw_detected_vehicle_instability_onset_predict_future_steering_response,instability_ay_roll,extreme_active,curve,1,-0.00729802,63.39,98.34,auto_accept_instability_medium,hybrid_accept_high,原始车辆数据/zxy/Entity_Recording_2025_09_28_16_01_55_vehicle.csv,F:\data_set_process\data_process\01_datasets\数据预处理\原始车辆数据\zxy\Entity_Recording_2025_09_28_16_01_55_vehicle.csv,ebb320aaedfb106290698cbbf4ebe73121335400df6df8ea0fcdefbc48c02401,69846,349.23,362.395,13.165,val,train,val,train,885,原始车辆数据/zxy/Entity_Recording_2025_09_28_16_01_55_vehicle.csv,ebb320aaedfb106290698cbbf4ebe73121335400df6df8ea0fcdefbc48c02401,1.0,1.0,5.147500038146973
vehicle_instability_allraw__zxy__2025_09_28_16_01_55__000377385__pre1_label2_event_trigger,vehicle_instability_allraw__zxy__2025_09_28_16_01_55__000377385,zxy,2025_09_28_16_01_55,377.385,,pre1_label2_event_trigger,-1.0,0.0,0.0,2.0,all_raw_vehicle_dynamic_onset_non_steering,all_raw_detected_vehicle_instability_onset_predict_future_steering_response,instability_ay_roll,extreme_active,curve,1,-0.00729802,57.58,86.88,needs_human_review,hybrid_accept_high,原始车辆数据/zxy/Entity_Recording_2025_09_28_16_01_55_vehicle.csv,F:\data_set_process\data_process\01_datasets\数据预处理\原始车辆数据\zxy\Entity_Recording_2025_09_28_16_01_55_vehicle.csv,ebb320aaedfb106290698cbbf4ebe73121335400df6df8ea0fcdefbc48c02401,75477,377.385,405.46,28.075,val,test,val,train,886,原始车辆数据/zxy/Entity_Recording_2025_09_28_16_01_55_vehicle.csv,ebb320aaedfb106290698cbbf4ebe73121335400df6df8ea0fcdefbc48c02401,1.0,1.0,-0.04188790172338486
vehicle_instability_allraw__zxy__2025_09_28_16_12_11__000090925__pre1_label2_event_trigger,vehicle_instability_allraw__zxy__2025_09_28_16_12_11__000090925,zxy,2025_09_28_16_12_11,90.925,,pre1_label2_event_trigger,-1.0,0.0,0.0,2.0,all_raw_vehicle_dynamic_onset_non_steering,all_raw_detected_vehicle_instability_onset_predict_future_steering_response,instability_ay_roll,strong_active,straight,0,-0.0,61.66,91.13,auto_accept_instability_medium,hybrid_accept_high,原始车辆数据/zxy/Entity_Recording_2025_09_28_16_12_11_vehicle.csv,F:\data_set_process\data_process\01_datasets\数据预处理\原始车辆数据\zxy\Entity_Recording_2025_09_28_16_12_11_vehicle.csv,e94c334f2d43dd01f3d71c5fe9e5bd51e8ccef7ce6ef34aab05eda39039b1386,18185,90.925,98.515,7.59,train,test,train,train,887,原始车辆数据/zxy/Entity_Recording_2025_09_28_16_12_11_vehicle.csv,e94c334f2d43dd01f3d71c5fe9e5bd51e8ccef7ce6ef34aab05eda39039b1386,1.0,1.0,-0.0549779012799263
vehicle_instability_allraw__zxy__2025_09_28_16_12_11__000137440__pre1_label2_event_trigger,vehicle_instability_allraw__zxy__2025_09_28_16_12_11__000137440,zxy,2025_09_28_16_12_11,137.44,,pre1_label2_event_trigger,-1.0,0.0,0.0,2.0,all_raw_vehicle_dynamic_onset_non_steering,all_raw_detected_vehicle_instability_onset_predict_future_steering_response,instability_ay_roll,strong_active,straight,1,-0.00729802,77.63,100.0,auto_accept_instability_high,hybrid_accept_high,原始车辆数据/zxy/Entity_Recording_2025_09_28_16_12_11_vehicle.csv,F:\data_set_process\data_process\01_datasets\数据预处理\原始车辆数据\zxy\Entity_Recording_2025_09_28_16_12_11_vehicle.csv,e94c334f2d43dd01f3d71c5fe9e5bd51e8ccef7ce6ef34aab05eda39039b1386,27488,137.44,181.875,44.435,train,val,train,train,888,原始车辆数据/zxy/Entity_Recording_2025_09_28_16_12_11_vehicle.csv,e94c334f2d43dd01f3d71c5fe9e5bd51e8ccef7ce6ef34aab05eda39039b1386,1.0,1.0,-0.46006932854652405
vehicle_instability_allraw__zxy__2025_09_28_16_12_11__000283050__pre1_label2_event_trigger,vehicle_instability_allraw__zxy__2025_09_28_16_12_11__000283050,zxy,2025_09_28_16_12_11,283.05,,pre1_label2_event_trigger,-1.0,0.0,0.0,2.0,all_raw_vehicle_dynamic_onset_non_steering,all_raw_detected_vehicle_instability_onset_predict_future_steering_response,instability_ay_roll,strong_active,straight,0,0.0,73.12,100.0,auto_accept_instability_medium,hybrid_accept_high,原始车辆数据/zxy/Entity_Recording_2025_09_28_16_12_11_vehicle.csv,F:\data_set_process\data_process\01_datasets\数据预处理\原始车辆数据\zxy\Entity_Recording_2025_09_28_16_12_11_vehicle.csv,e94c334f2d43dd01f3d71c5fe9e5bd51e8ccef7ce6ef34aab05eda39039b1386,56610,283.05,361.545,78.495,train,train,train,train,889,原始车辆数据/zxy/Entity_Recording_2025_09_28_16_12_11_vehicle.csv,e94c334f2d43dd01f3d71c5fe9e5bd51e8ccef7ce6ef34aab05eda39039b1386,1.0,1.0,0.142767995595932
vehicle_instability_allraw__zxy__2025_09_28_16_12_11__000387335__pre1_label2_event_trigger,vehicle_instability_allraw__zxy__2025_09_28_16_12_11__000387335,zxy,2025_09_28_16_12_11,387.335,,pre1_label2_event_trigger,-1.0,0.0,0.0,2.0,all_raw_vehicle_dynamic_onset_non_steering,all_raw_detected_vehicle_instability_onset_predict_future_steering_response,instability_ay_roll,strong_active,straight,0,0.0,59.33,89.77,auto_accept_instability_medium,hybrid_accept_high,原始车辆数据/zxy/Entity_Recording_2025_09_28_16_12_11_vehicle.csv,F:\data_set_process\data_process\01_datasets\数据预处理\原始车辆数据\zxy\Entity_Recording_2025_09_28_16_12_11_vehicle.csv,e94c334f2d43dd01f3d71c5fe9e5bd51e8ccef7ce6ef34aab05eda39039b1386,77467,387.335,426.905,39.57,train,train,train,train,890,原始车辆数据/zxy/Entity_Recording_2025_09_28_16_12_11_vehicle.csv,e94c334f2d43dd01f3d71c5fe9e5bd51e8ccef7ce6ef34aab05eda39039b1386,1.0,1.0,0.23509617149829865
vehicle_instability_allraw__zxy__2025_09_28_16_12_11__000583615__pre1_label2_event_trigger,vehicle_instability_allraw__zxy__2025_09_28_16_12_11__000583615,zxy,2025_09_28_16_12_11,583.615,,pre1_label2_event_trigger,-1.0,0.0,0.0,2.0,all_raw_vehicle_dynamic_onset_non_steering,all_raw_detected_vehicle_instability_onset_predict_future_steering_response,instability_ay_roll,extreme_active,curve,0,-0.0,70.06,100.0,auto_accept_instability_medium,hybrid_accept_high,原始车辆数据/zxy/Entity_Recording_2025_09_28_16_12_11_vehicle.csv,F:\data_set_process\data_process\01_datasets\数据预处理\原始车辆数据\zxy\Entity_Recording_2025_09_28_16_12_11_vehicle.csv,e94c334f2d43dd01f3d71c5fe9e5bd51e8ccef7ce6ef34aab05eda39039b1386,116723,583.615,586.58,2.965,train,train,train,train,891,原始车辆数据/zxy/Entity_Recording_2025_09_28_16_12_11_vehicle.csv,e94c334f2d43dd01f3d71c5fe9e5bd51e8ccef7ce6ef34aab05eda39039b1386,1.0,1.0,0.044505901634693146
vehicle_instability_allraw__zxy__2025_09_28_16_25_51__000075720__pre1_label2_event_trigger,vehicle_instability_allraw__zxy__2025_09_28_16_25_51__000075720,zxy,2025_09_28_16_25_51,75.72,,pre1_label2_event_trigger,-1.0,0.0,0.0,2.0,all_raw_vehicle_dynamic_onset_non_steering,all_raw_detected_vehicle_instability_onset_predict_future_steering_response,instability_ay_roll,strong_active,straight,0,0.0,64.52,100.0,auto_accept_instability_medium,hybrid_accept_high,原始车辆数据/zxy/Entity_Recording_2025_09_28_16_25_51_vehicle.csv,F:\data_set_process\data_process\01_datasets\数据预处理\原始车辆数据\zxy\Entity_Recording_2025_09_28_16_25_51_vehicle.csv,89e8d3bf8d75c2dbe0365e2bed5f4f45e68b07ee8def7abdad274519e872f11a,15144,75.72,89.84,14.12,train,test,train,train,892,原始车辆数据/zxy/Entity_Recording_2025_09_28_16_25_51_vehicle.csv,89e8d3bf8d75c2dbe0365e2bed5f4f45e68b07ee8def7abdad274519e872f11a,1.0,1.0,-0.4590219557285309
vehicle_instability_allraw__zxy__2025_09_28_16_25_51__000121595__pre1_label2_event_trigger,vehicle_instability_allraw__zxy__2025_09_28_16_25_51__000121595,zxy,2025_09_28_16_25_51,121.595,,pre1_label2_event_trigger,-1.0,0.0,0.0,2.0,all_raw_vehicle_dynamic_onset_non_steering,all_raw_detected_vehicle_instability_onset_predict_future_steering_response,instability_ay_roll,strong_active,straight,1,-0.00729802,67.6,100.0,auto_accept_instability_medium,hybrid_accept_high,原始车辆数据/zxy/Entity_Recording_2025_09_28_16_25_51_vehicle.csv,F:\data_set_process\data_process\01_datasets\数据预处理\原始车辆数据\zxy\Entity_Recording_2025_09_28_16_25_51_vehicle.csv,89e8d3bf8d75c2dbe0365e2bed5f4f45e68b07ee8def7abdad274519e872f11a,24319,121.595,161.405,39.81,train,train,train,train,893,原始车辆数据/zxy/Entity_Recording_2025_09_28_16_25_51_vehicle.csv,89e8d3bf8d75c2dbe0365e2bed5f4f45e68b07ee8def7abdad274519e872f11a,1.0,1.0,-0.476299911737442
vehicle_instability_allraw__zxy__2025_09_28_16_25_51__000164340__pre1_label2_event_trigger,vehicle_instability_allraw__zxy__2025_09_28_16_25_51__000164340,zxy,2025_09_28_16_25_51,164.34,,pre1_label2_event_trigger,-1.0,0.0,0.0,2.0,all_raw_vehicle_dynamic_onset_non_steering,all_raw_detected_vehicle_instability_onset_predict_future_steering_response,instability_ay_roll,strong_active,straight,0,-0.0,56.04,84.39,needs_human_review,hybrid_accept_high,原始车辆数据/zxy/Entity_Recording_2025_09_28_16_25_51_vehicle.csv,F:\data_set_process\data_process\01_datasets\数据预处理\原始车辆数据\zxy\Entity_Recording_2025_09_28_16_25_51_vehicle.csv,89e8d3bf8d75c2dbe0365e2bed5f4f45e68b07ee8def7abdad274519e872f11a,32868,164.34,230.135,65.795,train,train,train,train,894,原始车辆数据/zxy/Entity_Recording_2025_09_28_16_25_51_vehicle.csv,89e8d3bf8d75c2dbe0365e2bed5f4f45e68b07ee8def7abdad274519e872f11a,1.0,1.0,0.08883730322122574
vehicle_instability_allraw__zxy__2025_09_28_16_25_51__000254260__pre1_label2_event_trigger,vehicle_instability_allraw__zxy__2025_09_28_16_25_51__000254260,zxy,2025_09_28_16_25_51,254.26,,pre1_label2_event_trigger,-1.0,0.0,0.0,2.0,all_raw_vehicle_dynamic_onset_non_steering,all_raw_detected_vehicle_instability_onset_predict_future_steering_response,instability_ay_roll,medium_active,curve,0,-0.0,93.95,100.0,auto_accept_instability_high,hybrid_accept_high,原始车辆数据/zxy/Entity_Recording_2025_09_28_16_25_51_vehicle.csv,F:\data_set_process\data_process\01_datasets\数据预处理\原始车辆数据\zxy\Entity_Recording_2025_09_28_16_25_51_vehicle.csv,89e8d3bf8d75c2dbe0365e2bed5f4f45e68b07ee8def7abdad274519e872f11a,50852,254.26,322.34,68.08,train,train,train,train,895,原始车辆数据/zxy/Entity_Recording_2025_09_28_16_25_51_vehicle.csv,89e8d3bf8d75c2dbe0365e2bed5f4f45e68b07ee8def7abdad274519e872f11a,1.0,1.0,-0.05427967756986618
vehicle_instability_allraw__zxy__2025_09_28_16_25_51__000417935__pre1_label2_event_trigger,vehicle_instability_allraw__zxy__2025_09_28_16_25_51__000417935,zxy,2025_09_28_16_25_51,417.935,,pre1_label2_event_trigger,-1.0,0.0,0.0,2.0,all_raw_vehicle_dynamic_onset_non_steering,all_raw_detected_vehicle_instability_onset_predict_future_steering_response,instability_ay_roll,strong_active,straight,0,0.0,63.75,95.65,auto_accept_instability_medium,hybrid_accept_high,原始车辆数据/zxy/Entity_Recording_2025_09_28_16_25_51_vehicle.csv,F:\data_set_process\data_process\01_datasets\数据预处理\原始车辆数据\zxy\Entity_Recording_2025_09_28_16_25_51_vehicle.csv,89e8d3bf8d75c2dbe0365e2bed5f4f45e68b07ee8def7abdad274519e872f11a,83587,417.935,430.615,12.68,train,val,train,train,896,原始车辆数据/zxy/Entity_Recording_2025_09_28_16_25_51_vehicle.csv,89e8d3bf8d75c2dbe0365e2bed5f4f45e68b07ee8def7abdad274519e872f11a,1.0,1.0,-0.3584910035133362
vehicle_instability_allraw__zxy__2025_09_28_16_25_51__000433375__pre1_label2_event_trigger,vehicle_instability_allraw__zxy__2025_09_28_16_25_51__000433375,zxy,2025_09_28_16_25_51,433.375,,pre1_label2_event_trigger,-1.0,0.0,0.0,2.0,all_raw_vehicle_dynamic_onset_non_steering,all_raw_detected_vehicle_instability_onset_predict_future_steering_response,instability_ay_roll,weak,straight,0,0.0,88.17,100.0,auto_accept_instability_high,hybrid_accept_high,原始车辆数据/zxy/Entity_Recording_2025_09_28_16_25_51_vehicle.csv,F:\data_set_process\data_process\01_datasets\数据预处理\原始车辆数据\zxy\Entity_Recording_2025_09_28_16_25_51_vehicle.csv,89e8d3bf8d75c2dbe0365e2bed5f4f45e68b07ee8def7abdad274519e872f11a,86675,433.375,445.895,12.52,train,val,train,train,897,原始车辆数据/zxy/Entity_Recording_2025_09_28_16_25_51_vehicle.csv,89e8d3bf8d75c2dbe0365e2bed5f4f45e68b07ee8def7abdad274519e872f11a,1.0,1.0,-0.0057595898397266865
vehicle_instability_allraw__zxy__2025_09_28_16_35_30__000096695__pre1_label2_event_trigger,vehicle_instability_allraw__zxy__2025_09_28_16_35_30__000096695,zxy,2025_09_28_16_35_30,96.695,,pre1_label2_event_trigger,-1.0,0.0,0.0,2.0,all_raw_vehicle_dynamic_onset_non_steering,all_raw_detected_vehicle_instability_onset_predict_future_steering_response,instability_ay_roll,strong_active,straight,0,0.0,80.4,100.0,auto_accept_instability_high,hybrid_accept_high,原始车辆数据/zxy/Entity_Recording_2025_09_28_16_35_30_vehicle.csv,F:\data_set_process\data_process\01_datasets\数据预处理\原始车辆数据\zxy\Entity_Recording_2025_09_28_16_35_30_vehicle.csv,fbadaf81b7484d5836511d5b3b2e8e723d4636d2393d37441b44e5c477f8c1b6,19339,96.695,112.175,15.48,test,train,test,train,898,原始车辆数据/zxy/Entity_Recording_2025_09_28_16_35_30_vehicle.csv,fbadaf81b7484d5836511d5b3b2e8e723d4636d2393d37441b44e5c477f8c1b6,1.0,1.0,0.043807946145534515
vehicle_instability_allraw__zxy__2025_09_28_16_35_30__000141250__pre1_label2_event_trigger,vehicle_instability_allraw__zxy__2025_09_28_16_35_30__000141250,zxy,2025_09_28_16_35_30,141.25,,pre1_label2_event_trigger,-1.0,0.0,0.0,2.0,all_raw_vehicle_dynamic_onset_non_steering,all_raw_detected_vehicle_instability_onset_predict_future_steering_response,instability_ay_roll,strong_active,straight,1,-0.00729802,77.47,100.0,auto_accept_instability_high,hybrid_accept_high,原始车辆数据/zxy/Entity_Recording_2025_09_28_16_35_30_vehicle.csv,F:\data_set_process\data_process\01_datasets\数据预处理\原始车辆数据\zxy\Entity_Recording_2025_09_28_16_35_30_vehicle.csv,fbadaf81b7484d5836511d5b3b2e8e723d4636d2393d37441b44e5c477f8c1b6,28250,141.25,181.42,40.17,test,test,test,train,899,原始车辆数据/zxy/Entity_Recording_2025_09_28_16_35_30_vehicle.csv,fbadaf81b7484d5836511d5b3b2e8e723d4636d2393d37441b44e5c477f8c1b6,1.0,1.0,0.02513270080089569
vehicle_instability_allraw__zxy__2025_09_28_16_35_30__000185120__pre1_label2_event_trigger,vehicle_instability_allraw__zxy__2025_09_28_16_35_30__000185120,zxy,2025_09_28_16_35_30,185.12,,pre1_label2_event_trigger,-1.0,0.0,0.0,2.0,all_raw_vehicle_dynamic_onset_non_steering,all_raw_detected_vehicle_instability_onset_predict_future_steering_response,instability_ay_roll,extreme_active,straight,0,0.0,74.18,100.0,auto_accept_instability_medium,hybrid_accept_high,原始车辆数据/zxy/Entity_Recording_2025_09_28_16_35_30_vehicle.csv,F:\data_set_process\data_process\01_datasets\数据预处理\原始车辆数据\zxy\Entity_Recording_2025_09_28_16_35_30_vehicle.csv,fbadaf81b7484d5836511d5b3b2e8e723d4636d2393d37441b44e5c477f8c1b6,37024,185.12,202.87,17.75,test,train,test,train,900,原始车辆数据/zxy/Entity_Recording_2025_09_28_16_35_30_vehicle.csv,fbadaf81b7484d5836511d5b3b2e8e723d4636d2393d37441b44e5c477f8c1b6,1.0,1.0,2.40855073928833
vehicle_instability_allraw__zxy__2025_09_28_16_35_30__000460020__pre1_label2_event_trigger,vehicle_instability_allraw__zxy__2025_09_28_16_35_30__000460020,zxy,2025_09_28_16_35_30,460.02,,pre1_label2_event_trigger,-1.0,0.0,0.0,2.0,all_raw_vehicle_dynamic_onset_non_steering,all_raw_detected_vehicle_instability_onset_predict_future_steering_response,instability_ay_only,medium_active,curve,0,-0.0,52.95,83.66,needs_human_review,hybrid_accept_high,原始车辆数据/zxy/Entity_Recording_2025_09_28_16_35_30_vehicle.csv,F:\data_set_process\data_process\01_datasets\数据预处理\原始车辆数据\zxy\Entity_Recording_2025_09_28_16_35_30_vehicle.csv,fbadaf81b7484d5836511d5b3b2e8e723d4636d2393d37441b44e5c477f8c1b6,92004,460.02,462.51,2.49,test,train,test,train,901,原始车辆数据/zxy/Entity_Recording_2025_09_28_16_35_30_vehicle.csv,fbadaf81b7484d5836511d5b3b2e8e723d4636d2393d37441b44e5c477f8c1b6,1.0,1.0,1.0309699773788452
vehicle_instability_allraw__zxy__2025_09_28_16_35_30__000467085__pre1_label2_event_trigger,vehicle_instability_allraw__zxy__2025_09_28_16_35_30__000467085,zxy,2025_09_28_16_35_30,467.085,,pre1_label2_event_trigger,-1.0,0.0,0.0,2.0,all_raw_vehicle_dynamic_onset_non_steering,all_raw_detected_vehicle_instability_onset_predict_future_steering_response,instability_roll_only,strong_active,curve,0,0.0,55.98,84.61,needs_human_review,hybrid_accept_high,原始车辆数据/zxy/Entity_Recording_2025_09_28_16_35_30_vehicle.csv,F:\data_set_process\data_process\01_datasets\数据预处理\原始车辆数据\zxy\Entity_Recording_2025_09_28_16_35_30_vehicle.csv,fbadaf81b7484d5836511d5b3b2e8e723d4636d2393d37441b44e5c477f8c1b6,93417,467.085,468.445,1.36,test,train,test,train,902,原始车辆数据/zxy/Entity_Recording_2025_09_28_16_35_30_vehicle.csv,fbadaf81b7484d5836511d5b3b2e8e723d4636d2393d37441b44e5c477f8c1b6,1.0,1.0,1.1705900430679321
vehicle_instability_allraw__zxy__2025_09_28_16_35_30__000471085__pre1_label2_event_trigger,vehicle_instability_allraw__zxy__2025_09_28_16_35_30__000471085,zxy,2025_09_28_16_35_30,471.085,,pre1_label2_event_trigger,-1.0,0.0,0.0,2.0,all_raw_vehicle_dynamic_onset_non_steering,all_raw_detected_vehicle_instability_onset_predict_future_steering_response,instability_ay_roll,extreme_active,curve,0,0.0,67.28,100.0,auto_accept_instability_medium,hybrid_accept_high,原始车辆数据/zxy/Entity_Recording_2025_09_28_16_35_30_vehicle.csv,F:\data_set_process\data_process\01_datasets\数据预处理\原始车辆数据\zxy\Entity_Recording_2025_09_28_16_35_30_vehicle.csv,fbadaf81b7484d5836511d5b3b2e8e723d4636d2393d37441b44e5c477f8c1b6,94217,471.085,474.675,3.59,test,train,test,train,903,原始车辆数据/zxy/Entity_Recording_2025_09_28_16_35_30_vehicle.csv,fbadaf81b7484d5836511d5b3b2e8e723d4636d2393d37441b44e5c477f8c1b6,1.0,1.0,0.9435250163078308
vehicle_instability_allraw__zxy__2025_09_28_16_35_30__000691590__pre1_label2_event_trigger,vehicle_instability_allraw__zxy__2025_09_28_16_35_30__000691590,zxy,2025_09_28_16_35_30,691.59,,pre1_label2_event_trigger,-1.0,0.0,0.0,2.0,all_raw_vehicle_dynamic_onset_non_steering,all_raw_detected_vehicle_instability_onset_predict_future_steering_response,instability_ay_roll,strong_active,curve,0,0.0,58.37,93.56,auto_accept_instability_medium,hybrid_accept_high,原始车辆数据/zxy/Entity_Recording_2025_09_28_16_35_30_vehicle.csv,F:\data_set_process\data_process\01_datasets\数据预处理\原始车辆数据\zxy\Entity_Recording_2025_09_28_16_35_30_vehicle.csv,fbadaf81b7484d5836511d5b3b2e8e723d4636d2393d37441b44e5c477f8c1b6,138318,691.59,742.535,50.945,test,train,test,train,904,原始车辆数据/zxy/Entity_Recording_2025_09_28_16_35_30_vehicle.csv,fbadaf81b7484d5836511d5b3b2e8e723d4636d2393d37441b44e5c477f8c1b6,1.0,1.0,-0.10524299740791321
vehicle_instability_allraw__zxy__2025_09_28_16_35_30__000785960__pre1_label2_event_trigger,vehicle_instability_allraw__zxy__2025_09_28_16_35_30__000785960,zxy,2025_09_28_16_35_30,785.96,,pre1_label2_event_trigger,-1.0,0.0,0.0,2.0,all_raw_vehicle_dynamic_onset_non_steering,all_raw_detected_vehicle_instability_onset_predict_future_steering_response,instability_ay_roll,strong_active,curve,0,-0.0,57.98,83.31,needs_human_review,hybrid_accept_high,原始车辆数据/zxy/Entity_Recording_2025_09_28_16_35_30_vehicle.csv,F:\data_set_process\data_process\01_datasets\数据预处理\原始车辆数据\zxy\Entity_Recording_2025_09_28_16_35_30_vehicle.csv,fbadaf81b7484d5836511d5b3b2e8e723d4636d2393d37441b44e5c477f8c1b6,157192,785.96,790.56,4.6,test,train,test,train,905,原始车辆数据/zxy/Entity_Recording_2025_09_28_16_35_30_vehicle.csv,fbadaf81b7484d5836511d5b3b2e8e723d4636d2393d37441b44e5c477f8c1b6,1.0,1.0,-0.07941249758005142
