relative_path,top_dir,subject,session_stamp,modality,parse_status,encoding,row_count,column_count,time_col,id_col_present,raw_sensor_scope,derived_file,missing_rate_all_cells,columns_json,columns_preview
原始生理数据/byx/Entity_Recording_2025_09_28_17_05_51_physio.csv,原始生理数据,byx,2025_09_28_17_05_51,physio,ok,utf-8-sig,905257,6,StorageTime,True,True,False,0.25025453177016765,"[""ID"", ""StorageTime"", ""PhysioLAB Pro1(00:07:80:8C:AE:23)|CH1-ECG"", ""PhysioLAB Pro1(00:07:80:8C:AE:23)|CH2-EMG"", ""PhysioLAB Pro1(00:07:80:8C:AE:23)|CH3-EDA"", ""PhysioLAB Pro1(00:07:80:8C:AE:23)|CH4-RESP""]",ID | StorageTime | PhysioLAB Pro1(00:07:80:8C:AE:23)|CH1-ECG | PhysioLAB Pro1(00:07:80:8C:AE:23)|CH2-EMG | PhysioLAB Pro1(00:07:80:8C:AE:23)|CH3-EDA | PhysioLAB Pro1(00:07:80:8C:AE:23)|CH4-RESP
原始生理数据/byx/Entity_Recording_2025_09_28_17_15_52_physio.csv,原始生理数据,byx,2025_09_28_17_15_52,physio,ok,utf-8-sig,854549,6,StorageTime,True,True,False,0.2502458411786022,"[""ID"", ""StorageTime"", ""PhysioLAB Pro1(00:07:80:8C:AE:23)|CH1-ECG"", ""PhysioLAB Pro1(00:07:80:8C:AE:23)|CH2-EMG"", ""PhysioLAB Pro1(00:07:80:8C:AE:23)|CH3-EDA"", ""PhysioLAB Pro1(00:07:80:8C:AE:23)|CH4-RESP""]",ID | StorageTime | PhysioLAB Pro1(00:07:80:8C:AE:23)|CH1-ECG | PhysioLAB Pro1(00:07:80:8C:AE:23)|CH2-EMG | PhysioLAB Pro1(00:07:80:8C:AE:23)|CH3-EDA | PhysioLAB Pro1(00:07:80:8C:AE:23)|CH4-RESP
原始生理数据/byx/Entity_Recording_2025_09_28_17_25_18_physio.csv,原始生理数据,byx,2025_09_28_17_25_18,physio,ok,utf-8-sig,937186,6,StorageTime,True,True,False,0.25024488201915096,"[""ID"", ""StorageTime"", ""PhysioLAB Pro1(00:07:80:8C:AE:23)|CH1-ECG"", ""PhysioLAB Pro1(00:07:80:8C:AE:23)|CH2-EMG"", ""PhysioLAB Pro1(00:07:80:8C:AE:23)|CH3-EDA"", ""PhysioLAB Pro1(00:07:80:8C:AE:23)|CH4-RESP""]",ID | StorageTime | PhysioLAB Pro1(00:07:80:8C:AE:23)|CH1-ECG | PhysioLAB Pro1(00:07:80:8C:AE:23)|CH2-EMG | PhysioLAB Pro1(00:07:80:8C:AE:23)|CH3-EDA | PhysioLAB Pro1(00:07:80:8C:AE:23)|CH4-RESP
原始生理数据/byx/Entity_Recording_2025_09_28_17_35_43_physio.csv,原始生理数据,byx,2025_09_28_17_35_43,physio,ok,utf-8-sig,937946,6,StorageTime,True,True,False,0.2502382866391029,"[""ID"", ""StorageTime"", ""PhysioLAB Pro1(00:07:80:8C:AE:23)|CH1-ECG"", ""PhysioLAB Pro1(00:07:80:8C:AE:23)|CH2-EMG"", ""PhysioLAB Pro1(00:07:80:8C:AE:23)|CH3-EDA"", ""PhysioLAB Pro1(00:07:80:8C:AE:23)|CH4-RESP""]",ID | StorageTime | PhysioLAB Pro1(00:07:80:8C:AE:23)|CH1-ECG | PhysioLAB Pro1(00:07:80:8C:AE:23)|CH2-EMG | PhysioLAB Pro1(00:07:80:8C:AE:23)|CH3-EDA | PhysioLAB Pro1(00:07:80:8C:AE:23)|CH4-RESP
原始生理数据/byx/Entity_Recording_2025_09_28_17_46_00_physio.csv,原始生理数据,byx,2025_09_28_17_46_00,physio,ok,utf-8-sig,876371,6,StorageTime,True,True,False,0.2502532222844739,"[""ID"", ""StorageTime"", ""PhysioLAB Pro1(00:07:80:8C:AE:23)|CH1-ECG"", ""PhysioLAB Pro1(00:07:80:8C:AE:23)|CH2-EMG"", ""PhysioLAB Pro1(00:07:80:8C:AE:23)|CH3-EDA"", ""PhysioLAB Pro1(00:07:80:8C:AE:23)|CH4-RESP""]",ID | StorageTime | PhysioLAB Pro1(00:07:80:8C:AE:23)|CH1-ECG | PhysioLAB Pro1(00:07:80:8C:AE:23)|CH2-EMG | PhysioLAB Pro1(00:07:80:8C:AE:23)|CH3-EDA | PhysioLAB Pro1(00:07:80:8C:AE:23)|CH4-RESP
原始生理数据/cwh/Entity_Recording_2025_09_26_19_23_28_physio.csv,原始生理数据,cwh,2025_09_26_19_23_28,physio,ok,utf-8-sig,262620,6,StorageTime,True,True,False,0.2502678140786434,"[""ID"", ""StorageTime"", ""PhysioLAB Pro1(00:07:80:8C:AE:23)|CH1-ECG"", ""PhysioLAB Pro1(00:07:80:8C:AE:23)|CH2-EMG"", ""PhysioLAB Pro1(00:07:80:8C:AE:23)|CH3-EDA"", ""PhysioLAB Pro1(00:07:80:8C:AE:23)|CH4-RESP""]",ID | StorageTime | PhysioLAB Pro1(00:07:80:8C:AE:23)|CH1-ECG | PhysioLAB Pro1(00:07:80:8C:AE:23)|CH2-EMG | PhysioLAB Pro1(00:07:80:8C:AE:23)|CH3-EDA | PhysioLAB Pro1(00:07:80:8C:AE:23)|CH4-RESP
原始生理数据/cwh/Entity_Recording_2025_09_26_19_27_21_physio.csv,原始生理数据,cwh,2025_09_26_19_27_21,physio,ok,utf-8-sig,694720,6,StorageTime,True,True,False,0.25025717795178876,"[""ID"", ""StorageTime"", ""PhysioLAB Pro1(00:07:80:8C:AE:23)|CH1-ECG"", ""PhysioLAB Pro1(00:07:80:8C:AE:23)|CH2-EMG"", ""PhysioLAB Pro1(00:07:80:8C:AE:23)|CH3-EDA"", ""PhysioLAB Pro1(00:07:80:8C:AE:23)|CH4-RESP""]",ID | StorageTime | PhysioLAB Pro1(00:07:80:8C:AE:23)|CH1-ECG | PhysioLAB Pro1(00:07:80:8C:AE:23)|CH2-EMG | PhysioLAB Pro1(00:07:80:8C:AE:23)|CH3-EDA | PhysioLAB Pro1(00:07:80:8C:AE:23)|CH4-RESP
原始生理数据/cwh/Entity_Recording_2025_09_26_19_35_47_physio.csv,原始生理数据,cwh,2025_09_26_19_35_47,physio,ok,utf-8-sig,879617,6,StorageTime,True,True,False,0.25025740369577515,"[""ID"", ""StorageTime"", ""PhysioLAB Pro1(00:07:80:8C:AE:23)|CH1-ECG"", ""PhysioLAB Pro1(00:07:80:8C:AE:23)|CH2-EMG"", ""PhysioLAB Pro1(00:07:80:8C:AE:23)|CH3-EDA"", ""PhysioLAB Pro1(00:07:80:8C:AE:23)|CH4-RESP""]",ID | StorageTime | PhysioLAB Pro1(00:07:80:8C:AE:23)|CH1-ECG | PhysioLAB Pro1(00:07:80:8C:AE:23)|CH2-EMG | PhysioLAB Pro1(00:07:80:8C:AE:23)|CH3-EDA | PhysioLAB Pro1(00:07:80:8C:AE:23)|CH4-RESP
原始生理数据/cwh/Entity_Recording_2025_09_26_19_45_40_physio.csv,原始生理数据,cwh,2025_09_26_19_45_40,physio,ok,utf-8-sig,862905,6,StorageTime,True,True,False,0.2502585259482021,"[""ID"", ""StorageTime"", ""PhysioLAB Pro1(00:07:80:8C:AE:23)|CH1-ECG"", ""PhysioLAB Pro1(00:07:80:8C:AE:23)|CH2-EMG"", ""PhysioLAB Pro1(00:07:80:8C:AE:23)|CH3-EDA"", ""PhysioLAB Pro1(00:07:80:8C:AE:23)|CH4-RESP""]",ID | StorageTime | PhysioLAB Pro1(00:07:80:8C:AE:23)|CH1-ECG | PhysioLAB Pro1(00:07:80:8C:AE:23)|CH2-EMG | PhysioLAB Pro1(00:07:80:8C:AE:23)|CH3-EDA | PhysioLAB Pro1(00:07:80:8C:AE:23)|CH4-RESP
原始生理数据/cwh/Entity_Recording_2025_09_26_19_56_16_physio.csv,原始生理数据,cwh,2025_09_26_19_56_16,physio,ok,utf-8-sig,842093,6,StorageTime,True,True,False,0.2502573943733056,"[""ID"", ""StorageTime"", ""PhysioLAB Pro1(00:07:80:8C:AE:23)|CH1-ECG"", ""PhysioLAB Pro1(00:07:80:8C:AE:23)|CH2-EMG"", ""PhysioLAB Pro1(00:07:80:8C:AE:23)|CH3-EDA"", ""PhysioLAB Pro1(00:07:80:8C:AE:23)|CH4-RESP""]",ID | StorageTime | PhysioLAB Pro1(00:07:80:8C:AE:23)|CH1-ECG | PhysioLAB Pro1(00:07:80:8C:AE:23)|CH2-EMG | PhysioLAB Pro1(00:07:80:8C:AE:23)|CH3-EDA | PhysioLAB Pro1(00:07:80:8C:AE:23)|CH4-RESP
原始生理数据/cwh/Entity_Recording_2025_09_26_20_06_19_physio.csv,原始生理数据,cwh,2025_09_26_20_06_19,physio,ok,utf-8-sig,807683,6,StorageTime,True,True,False,0.2502549473824095,"[""ID"", ""StorageTime"", ""PhysioLAB Pro1(00:07:80:8C:AE:23)|CH1-ECG"", ""PhysioLAB Pro1(00:07:80:8C:AE:23)|CH2-EMG"", ""PhysioLAB Pro1(00:07:80:8C:AE:23)|CH3-EDA"", ""PhysioLAB Pro1(00:07:80:8C:AE:23)|CH4-RESP""]",ID | StorageTime | PhysioLAB Pro1(00:07:80:8C:AE:23)|CH1-ECG | PhysioLAB Pro1(00:07:80:8C:AE:23)|CH2-EMG | PhysioLAB Pro1(00:07:80:8C:AE:23)|CH3-EDA | PhysioLAB Pro1(00:07:80:8C:AE:23)|CH4-RESP
原始生理数据/gf/Entity_Recording_2025_09_26_10_03_00_physio.csv,原始生理数据,gf,2025_09_26_10_03_00,physio,ok,utf-8-sig,996953,6,StorageTime,True,True,False,0.22581204931426055,"[""ID"", ""StorageTime"", ""PhysioLAB Pro1(00:07:80:8C:AE:23)|CH1-ECG"", ""PhysioLAB Pro1(00:07:80:8C:AE:23)|CH2-EMG"", ""PhysioLAB Pro1(00:07:80:8C:AE:23)|CH3-EDA"", ""PhysioLAB Pro1(00:07:80:8C:AE:23)|CH4-RESP""]",ID | StorageTime | PhysioLAB Pro1(00:07:80:8C:AE:23)|CH1-ECG | PhysioLAB Pro1(00:07:80:8C:AE:23)|CH2-EMG | PhysioLAB Pro1(00:07:80:8C:AE:23)|CH3-EDA | PhysioLAB Pro1(00:07:80:8C:AE:23)|CH4-RESP
原始生理数据/gf/Entity_Recording_2025_09_26_10_18_49_physio.csv,原始生理数据,gf,2025_09_26_10_18_49,physio,ok,utf-8-sig,934715,6,StorageTime,True,True,False,0.25025382068330987,"[""ID"", ""StorageTime"", ""PhysioLAB Pro1(00:07:80:8C:AE:23)|CH1-ECG"", ""PhysioLAB Pro1(00:07:80:8C:AE:23)|CH2-EMG"", ""PhysioLAB Pro1(00:07:80:8C:AE:23)|CH3-EDA"", ""PhysioLAB Pro1(00:07:80:8C:AE:23)|CH4-RESP""]",ID | StorageTime | PhysioLAB Pro1(00:07:80:8C:AE:23)|CH1-ECG | PhysioLAB Pro1(00:07:80:8C:AE:23)|CH2-EMG | PhysioLAB Pro1(00:07:80:8C:AE:23)|CH3-EDA | PhysioLAB Pro1(00:07:80:8C:AE:23)|CH4-RESP
原始生理数据/gf/Entity_Recording_2025_09_26_10_30_12_physio.csv,原始生理数据,gf,2025_09_26_10_30_12,physio,ok,utf-8-sig,849554,6,StorageTime,True,True,False,0.22251283222333915,"[""ID"", ""StorageTime"", ""PhysioLAB Pro1(00:07:80:8C:AE:23)|CH1-ECG"", ""PhysioLAB Pro1(00:07:80:8C:AE:23)|CH2-EMG"", ""PhysioLAB Pro1(00:07:80:8C:AE:23)|CH3-EDA"", ""PhysioLAB Pro1(00:07:80:8C:AE:23)|CH4-RESP""]",ID | StorageTime | PhysioLAB Pro1(00:07:80:8C:AE:23)|CH1-ECG | PhysioLAB Pro1(00:07:80:8C:AE:23)|CH2-EMG | PhysioLAB Pro1(00:07:80:8C:AE:23)|CH3-EDA | PhysioLAB Pro1(00:07:80:8C:AE:23)|CH4-RESP
原始生理数据/gf/Entity_Recording_2025_09_26_10_40_59_physio.csv,原始生理数据,gf,2025_09_26_10_40_59,physio,ok,utf-8-sig,946720,6,StorageTime,True,True,False,0.2502542110303645,"[""ID"", ""StorageTime"", ""PhysioLAB Pro1(00:07:80:8C:AE:23)|CH1-ECG"", ""PhysioLAB Pro1(00:07:80:8C:AE:23)|CH2-EMG"", ""PhysioLAB Pro1(00:07:80:8C:AE:23)|CH3-EDA"", ""PhysioLAB Pro1(00:07:80:8C:AE:23)|CH4-RESP""]",ID | StorageTime | PhysioLAB Pro1(00:07:80:8C:AE:23)|CH1-ECG | PhysioLAB Pro1(00:07:80:8C:AE:23)|CH2-EMG | PhysioLAB Pro1(00:07:80:8C:AE:23)|CH3-EDA | PhysioLAB Pro1(00:07:80:8C:AE:23)|CH4-RESP
原始生理数据/gf/Entity_Recording_2025_09_26_10_52_57_physio.csv,原始生理数据,gf,2025_09_26_10_52_57,physio,ok,utf-8-sig,989909,6,StorageTime,True,True,False,0.25025330611197594,"[""ID"", ""StorageTime"", ""PhysioLAB Pro1(00:07:80:8C:AE:23)|CH1-ECG"", ""PhysioLAB Pro1(00:07:80:8C:AE:23)|CH2-EMG"", ""PhysioLAB Pro1(00:07:80:8C:AE:23)|CH3-EDA"", ""PhysioLAB Pro1(00:07:80:8C:AE:23)|CH4-RESP""]",ID | StorageTime | PhysioLAB Pro1(00:07:80:8C:AE:23)|CH1-ECG | PhysioLAB Pro1(00:07:80:8C:AE:23)|CH2-EMG | PhysioLAB Pro1(00:07:80:8C:AE:23)|CH3-EDA | PhysioLAB Pro1(00:07:80:8C:AE:23)|CH4-RESP
原始生理数据/gzj/Entity_Recording_2025_09_27_11_38_49_physio.csv,原始生理数据,gzj,2025_09_27_11_38_49,physio,ok,utf-8-sig,180930,6,StorageTime,True,True,False,0.25020357781093977,"[""ID"", ""StorageTime"", ""PhysioLAB Pro1(00:07:80:8C:AE:23)|CH1-ECG"", ""PhysioLAB Pro1(00:07:80:8C:AE:23)|CH2-EMG"", ""PhysioLAB Pro1(00:07:80:8C:AE:23)|CH3-EDA"", ""PhysioLAB Pro1(00:07:80:8C:AE:23)|CH4-RESP""]",ID | StorageTime | PhysioLAB Pro1(00:07:80:8C:AE:23)|CH1-ECG | PhysioLAB Pro1(00:07:80:8C:AE:23)|CH2-EMG | PhysioLAB Pro1(00:07:80:8C:AE:23)|CH3-EDA | PhysioLAB Pro1(00:07:80:8C:AE:23)|CH4-RESP
原始生理数据/gzj/Entity_Recording_2025_09_27_11_41_47_physio.csv,原始生理数据,gzj,2025_09_27_11_41_47,physio,ok,utf-8-sig,1027148,6,StorageTime,True,True,False,0.2502443659531051,"[""ID"", ""StorageTime"", ""PhysioLAB Pro1(00:07:80:8C:AE:23)|CH1-ECG"", ""PhysioLAB Pro1(00:07:80:8C:AE:23)|CH2-EMG"", ""PhysioLAB Pro1(00:07:80:8C:AE:23)|CH3-EDA"", ""PhysioLAB Pro1(00:07:80:8C:AE:23)|CH4-RESP""]",ID | StorageTime | PhysioLAB Pro1(00:07:80:8C:AE:23)|CH1-ECG | PhysioLAB Pro1(00:07:80:8C:AE:23)|CH2-EMG | PhysioLAB Pro1(00:07:80:8C:AE:23)|CH3-EDA | PhysioLAB Pro1(00:07:80:8C:AE:23)|CH4-RESP
原始生理数据/gzj/Entity_Recording_2025_09_27_11_53_25_physio.csv,原始生理数据,gzj,2025_09_27_11_53_25,physio,ok,utf-8-sig,951710,6,StorageTime,True,True,False,0.25024569809430747,"[""ID"", ""StorageTime"", ""PhysioLAB Pro1(00:07:80:8C:AE:23)|CH1-ECG"", ""PhysioLAB Pro1(00:07:80:8C:AE:23)|CH2-EMG"", ""PhysioLAB Pro1(00:07:80:8C:AE:23)|CH3-EDA"", ""PhysioLAB Pro1(00:07:80:8C:AE:23)|CH4-RESP""]",ID | StorageTime | PhysioLAB Pro1(00:07:80:8C:AE:23)|CH1-ECG | PhysioLAB Pro1(00:07:80:8C:AE:23)|CH2-EMG | PhysioLAB Pro1(00:07:80:8C:AE:23)|CH3-EDA | PhysioLAB Pro1(00:07:80:8C:AE:23)|CH4-RESP
原始生理数据/gzj/Entity_Recording_2025_09_27_12_04_23_physio.csv,原始生理数据,gzj,2025_09_27_12_04_23,physio,ok,utf-8-sig,502900,6,StorageTime,True,True,False,0.2502472327169086,"[""ID"", ""StorageTime"", ""PhysioLAB Pro1(00:07:80:8C:AE:23)|CH1-ECG"", ""PhysioLAB Pro1(00:07:80:8C:AE:23)|CH2-EMG"", ""PhysioLAB Pro1(00:07:80:8C:AE:23)|CH3-EDA"", ""PhysioLAB Pro1(00:07:80:8C:AE:23)|CH4-RESP""]",ID | StorageTime | PhysioLAB Pro1(00:07:80:8C:AE:23)|CH1-ECG | PhysioLAB Pro1(00:07:80:8C:AE:23)|CH2-EMG | PhysioLAB Pro1(00:07:80:8C:AE:23)|CH3-EDA | PhysioLAB Pro1(00:07:80:8C:AE:23)|CH4-RESP
原始生理数据/gzj/Entity_Recording_2025_09_27_12_17_12_physio.csv,原始生理数据,gzj,2025_09_27_12_17_12,physio,ok,utf-8-sig,984208,6,StorageTime,True,True,False,0.25024520562049213,"[""ID"", ""StorageTime"", ""PhysioLAB Pro1(00:07:80:8C:AE:23)|CH1-ECG"", ""PhysioLAB Pro1(00:07:80:8C:AE:23)|CH2-EMG"", ""PhysioLAB Pro1(00:07:80:8C:AE:23)|CH3-EDA"", ""PhysioLAB Pro1(00:07:80:8C:AE:23)|CH4-RESP""]",ID | StorageTime | PhysioLAB Pro1(00:07:80:8C:AE:23)|CH1-ECG | PhysioLAB Pro1(00:07:80:8C:AE:23)|CH2-EMG | PhysioLAB Pro1(00:07:80:8C:AE:23)|CH3-EDA | PhysioLAB Pro1(00:07:80:8C:AE:23)|CH4-RESP
原始生理数据/gzj/Entity_Recording_2025_09_27_12_28_14_physio.csv,原始生理数据,gzj,2025_09_27_12_28_14,physio,ok,utf-8-sig,1004608,6,StorageTime,True,True,False,0.2502534985453696,"[""ID"", ""StorageTime"", ""PhysioLAB Pro1(00:07:80:8C:AE:23)|CH1-ECG"", ""PhysioLAB Pro1(00:07:80:8C:AE:23)|CH2-EMG"", ""PhysioLAB Pro1(00:07:80:8C:AE:23)|CH3-EDA"", ""PhysioLAB Pro1(00:07:80:8C:AE:23)|CH4-RESP""]",ID | StorageTime | PhysioLAB Pro1(00:07:80:8C:AE:23)|CH1-ECG | PhysioLAB Pro1(00:07:80:8C:AE:23)|CH2-EMG | PhysioLAB Pro1(00:07:80:8C:AE:23)|CH3-EDA | PhysioLAB Pro1(00:07:80:8C:AE:23)|CH4-RESP
原始生理数据/hzh/Entity_Recording_2025_09_26_20_50_27_physio.csv,原始生理数据,hzh,2025_09_26_20_50_27,physio,ok,utf-8-sig,1170580,6,StorageTime,True,True,False,0.2502525813414433,"[""ID"", ""StorageTime"", ""PhysioLAB Pro1(00:07:80:8C:AE:23)|CH1-ECG"", ""PhysioLAB Pro1(00:07:80:8C:AE:23)|CH2-EMG"", ""PhysioLAB Pro1(00:07:80:8C:AE:23)|CH3-EDA"", ""PhysioLAB Pro1(00:07:80:8C:AE:23)|CH4-RESP""]",ID | StorageTime | PhysioLAB Pro1(00:07:80:8C:AE:23)|CH1-ECG | PhysioLAB Pro1(00:07:80:8C:AE:23)|CH2-EMG | PhysioLAB Pro1(00:07:80:8C:AE:23)|CH3-EDA | PhysioLAB Pro1(00:07:80:8C:AE:23)|CH4-RESP
原始生理数据/hzh/Entity_Recording_2025_09_26_21_03_19_physio.csv,原始生理数据,hzh,2025_09_26_21_03_19,physio,ok,utf-8-sig,958331,6,StorageTime,True,True,False,0.25025173974336634,"[""ID"", ""StorageTime"", ""PhysioLAB Pro1(00:07:80:8C:AE:23)|CH1-ECG"", ""PhysioLAB Pro1(00:07:80:8C:AE:23)|CH2-EMG"", ""PhysioLAB Pro1(00:07:80:8C:AE:23)|CH3-EDA"", ""PhysioLAB Pro1(00:07:80:8C:AE:23)|CH4-RESP""]",ID | StorageTime | PhysioLAB Pro1(00:07:80:8C:AE:23)|CH1-ECG | PhysioLAB Pro1(00:07:80:8C:AE:23)|CH2-EMG | PhysioLAB Pro1(00:07:80:8C:AE:23)|CH3-EDA | PhysioLAB Pro1(00:07:80:8C:AE:23)|CH4-RESP
原始生理数据/hzh/Entity_Recording_2025_09_26_21_17_02_physio.csv,原始生理数据,hzh,2025_09_26_21_17_02,physio,ok,utf-8-sig,1064000,6,StorageTime,True,True,False,0.2502518796992481,"[""ID"", ""StorageTime"", ""PhysioLAB Pro1(00:07:80:8C:AE:23)|CH1-ECG"", ""PhysioLAB Pro1(00:07:80:8C:AE:23)|CH2-EMG"", ""PhysioLAB Pro1(00:07:80:8C:AE:23)|CH3-EDA"", ""PhysioLAB Pro1(00:07:80:8C:AE:23)|CH4-RESP""]",ID | StorageTime | PhysioLAB Pro1(00:07:80:8C:AE:23)|CH1-ECG | PhysioLAB Pro1(00:07:80:8C:AE:23)|CH2-EMG | PhysioLAB Pro1(00:07:80:8C:AE:23)|CH3-EDA | PhysioLAB Pro1(00:07:80:8C:AE:23)|CH4-RESP
原始生理数据/hzh/Entity_Recording_2025_09_27_19_22_27_physio.csv,原始生理数据,hzh,2025_09_27_19_22_27,physio,ok,utf-8-sig,866013,6,StorageTime,True,True,False,0.22250243356623978,"[""ID"", ""StorageTime"", ""PhysioLAB Pro1(00:07:80:8C:AE:23)|CH1-ECG"", ""PhysioLAB Pro1(00:07:80:8C:AE:23)|CH2-EMG"", ""PhysioLAB Pro1(00:07:80:8C:AE:23)|CH3-EDA"", ""PhysioLAB Pro1(00:07:80:8C:AE:23)|CH4-RESP""]",ID | StorageTime | PhysioLAB Pro1(00:07:80:8C:AE:23)|CH1-ECG | PhysioLAB Pro1(00:07:80:8C:AE:23)|CH2-EMG | PhysioLAB Pro1(00:07:80:8C:AE:23)|CH3-EDA | PhysioLAB Pro1(00:07:80:8C:AE:23)|CH4-RESP
原始生理数据/hzh/Entity_Recording_2025_09_27_19_33_25_physio.csv,原始生理数据,hzh,2025_09_27_19_33_25,physio,ok,utf-8-sig,905287,6,StorageTime,True,True,False,0.2502388745226652,"[""ID"", ""StorageTime"", ""PhysioLAB Pro1(00:07:80:8C:AE:23)|CH1-ECG"", ""PhysioLAB Pro1(00:07:80:8C:AE:23)|CH2-EMG"", ""PhysioLAB Pro1(00:07:80:8C:AE:23)|CH3-EDA"", ""PhysioLAB Pro1(00:07:80:8C:AE:23)|CH4-RESP""]",ID | StorageTime | PhysioLAB Pro1(00:07:80:8C:AE:23)|CH1-ECG | PhysioLAB Pro1(00:07:80:8C:AE:23)|CH2-EMG | PhysioLAB Pro1(00:07:80:8C:AE:23)|CH3-EDA | PhysioLAB Pro1(00:07:80:8C:AE:23)|CH4-RESP
原始生理数据/hzh/Entity_Recording_2025_09_27_19_44_05_physio.csv,原始生理数据,hzh,2025_09_27_19_44_05,physio,ok,utf-8-sig,875202,6,StorageTime,True,True,False,0.25023480293692196,"[""ID"", ""StorageTime"", ""PhysioLAB Pro1(00:07:80:8C:AE:23)|CH1-ECG"", ""PhysioLAB Pro1(00:07:80:8C:AE:23)|CH2-EMG"", ""PhysioLAB Pro1(00:07:80:8C:AE:23)|CH3-EDA"", ""PhysioLAB Pro1(00:07:80:8C:AE:23)|CH4-RESP""]",ID | StorageTime | PhysioLAB Pro1(00:07:80:8C:AE:23)|CH1-ECG | PhysioLAB Pro1(00:07:80:8C:AE:23)|CH2-EMG | PhysioLAB Pro1(00:07:80:8C:AE:23)|CH3-EDA | PhysioLAB Pro1(00:07:80:8C:AE:23)|CH4-RESP
原始生理数据/jy/Entity_Recording_2025_09_26_17_17_11_physio.csv,原始生理数据,jy,2025_09_26_17_17_11,physio,ok,utf-8-sig,1082635,6,StorageTime,True,True,False,0.25025608815528777,"[""ID"", ""StorageTime"", ""PhysioLAB Pro1(00:07:80:8C:AE:23)|CH1-ECG"", ""PhysioLAB Pro1(00:07:80:8C:AE:23)|CH2-EMG"", ""PhysioLAB Pro1(00:07:80:8C:AE:23)|CH3-EDA"", ""PhysioLAB Pro1(00:07:80:8C:AE:23)|CH4-RESP""]",ID | StorageTime | PhysioLAB Pro1(00:07:80:8C:AE:23)|CH1-ECG | PhysioLAB Pro1(00:07:80:8C:AE:23)|CH2-EMG | PhysioLAB Pro1(00:07:80:8C:AE:23)|CH3-EDA | PhysioLAB Pro1(00:07:80:8C:AE:23)|CH4-RESP
原始生理数据/jy/Entity_Recording_2025_09_26_17_29_44_physio.csv,原始生理数据,jy,2025_09_26_17_29_44,physio,ok,utf-8-sig,1023064,6,StorageTime,True,True,False,0.25025609346042865,"[""ID"", ""StorageTime"", ""PhysioLAB Pro1(00:07:80:8C:AE:23)|CH1-ECG"", ""PhysioLAB Pro1(00:07:80:8C:AE:23)|CH2-EMG"", ""PhysioLAB Pro1(00:07:80:8C:AE:23)|CH3-EDA"", ""PhysioLAB Pro1(00:07:80:8C:AE:23)|CH4-RESP""]",ID | StorageTime | PhysioLAB Pro1(00:07:80:8C:AE:23)|CH1-ECG | PhysioLAB Pro1(00:07:80:8C:AE:23)|CH2-EMG | PhysioLAB Pro1(00:07:80:8C:AE:23)|CH3-EDA | PhysioLAB Pro1(00:07:80:8C:AE:23)|CH4-RESP
原始生理数据/jy/Entity_Recording_2025_09_26_17_40_51_physio.csv,原始生理数据,jy,2025_09_26_17_40_51,physio,ok,utf-8-sig,879875,6,StorageTime,True,True,False,0.25025600227305017,"[""ID"", ""StorageTime"", ""PhysioLAB Pro1(00:07:80:8C:AE:23)|CH1-ECG"", ""PhysioLAB Pro1(00:07:80:8C:AE:23)|CH2-EMG"", ""PhysioLAB Pro1(00:07:80:8C:AE:23)|CH3-EDA"", ""PhysioLAB Pro1(00:07:80:8C:AE:23)|CH4-RESP""]",ID | StorageTime | PhysioLAB Pro1(00:07:80:8C:AE:23)|CH1-ECG | PhysioLAB Pro1(00:07:80:8C:AE:23)|CH2-EMG | PhysioLAB Pro1(00:07:80:8C:AE:23)|CH3-EDA | PhysioLAB Pro1(00:07:80:8C:AE:23)|CH4-RESP
原始生理数据/jy/Entity_Recording_2025_09_26_17_51_46_physio.csv,原始生理数据,jy,2025_09_26_17_51_46,physio,ok,utf-8-sig,904400,6,StorageTime,True,True,False,0.25025504938817633,"[""ID"", ""StorageTime"", ""PhysioLAB Pro1(00:07:80:8C:AE:23)|CH1-ECG"", ""PhysioLAB Pro1(00:07:80:8C:AE:23)|CH2-EMG"", ""PhysioLAB Pro1(00:07:80:8C:AE:23)|CH3-EDA"", ""PhysioLAB Pro1(00:07:80:8C:AE:23)|CH4-RESP""]",ID | StorageTime | PhysioLAB Pro1(00:07:80:8C:AE:23)|CH1-ECG | PhysioLAB Pro1(00:07:80:8C:AE:23)|CH2-EMG | PhysioLAB Pro1(00:07:80:8C:AE:23)|CH3-EDA | PhysioLAB Pro1(00:07:80:8C:AE:23)|CH4-RESP
原始生理数据/jy/Entity_Recording_2025_09_26_18_01_40_physio.csv,原始生理数据,jy,2025_09_26_18_01_40,physio,ok,utf-8-sig,836826,6,StorageTime,True,True,False,0.2502567240182945,"[""ID"", ""StorageTime"", ""PhysioLAB Pro1(00:07:80:8C:AE:23)|CH1-ECG"", ""PhysioLAB Pro1(00:07:80:8C:AE:23)|CH2-EMG"", ""PhysioLAB Pro1(00:07:80:8C:AE:23)|CH3-EDA"", ""PhysioLAB Pro1(00:07:80:8C:AE:23)|CH4-RESP""]",ID | StorageTime | PhysioLAB Pro1(00:07:80:8C:AE:23)|CH1-ECG | PhysioLAB Pro1(00:07:80:8C:AE:23)|CH2-EMG | PhysioLAB Pro1(00:07:80:8C:AE:23)|CH3-EDA | PhysioLAB Pro1(00:07:80:8C:AE:23)|CH4-RESP
原始生理数据/lx/Entity_Recording_2025_09_26_08_58_43_physio.csv,原始生理数据,lx,2025_09_26_08_58_43,physio,ok,utf-8-sig,437135,6,StorageTime,True,True,False,0.25025526057930236,"[""ID"", ""StorageTime"", ""PhysioLAB Pro1(00:07:80:8C:AE:23)|CH1-ECG"", ""PhysioLAB Pro1(00:07:80:8C:AE:23)|CH2-EMG"", ""PhysioLAB Pro1(00:07:80:8C:AE:23)|CH3-EDA"", ""PhysioLAB Pro1(00:07:80:8C:AE:23)|CH4-RESP""]",ID | StorageTime | PhysioLAB Pro1(00:07:80:8C:AE:23)|CH1-ECG | PhysioLAB Pro1(00:07:80:8C:AE:23)|CH2-EMG | PhysioLAB Pro1(00:07:80:8C:AE:23)|CH3-EDA | PhysioLAB Pro1(00:07:80:8C:AE:23)|CH4-RESP
原始生理数据/lx/Entity_Recording_2025_09_26_09_06_38_physio.csv,原始生理数据,lx,2025_09_26_09_06_38,physio,ok,utf-8-sig,574958,6,StorageTime,True,True,False,0.22251132546493252,"[""ID"", ""StorageTime"", ""PhysioLAB Pro1(00:07:80:8C:AE:23)|CH1-ECG"", ""PhysioLAB Pro1(00:07:80:8C:AE:23)|CH2-EMG"", ""PhysioLAB Pro1(00:07:80:8C:AE:23)|CH3-EDA"", ""PhysioLAB Pro1(00:07:80:8C:AE:23)|CH4-RESP""]",ID | StorageTime | PhysioLAB Pro1(00:07:80:8C:AE:23)|CH1-ECG | PhysioLAB Pro1(00:07:80:8C:AE:23)|CH2-EMG | PhysioLAB Pro1(00:07:80:8C:AE:23)|CH3-EDA | PhysioLAB Pro1(00:07:80:8C:AE:23)|CH4-RESP
原始生理数据/lx/Entity_Recording_2025_09_26_09_17_22_physio.csv,原始生理数据,lx,2025_09_26_09_17_22,physio,ok,utf-8-sig,991802,6,StorageTime,True,True,False,0.25025559537085024,"[""ID"", ""StorageTime"", ""PhysioLAB Pro1(00:07:80:8C:AE:23)|CH1-ECG"", ""PhysioLAB Pro1(00:07:80:8C:AE:23)|CH2-EMG"", ""PhysioLAB Pro1(00:07:80:8C:AE:23)|CH3-EDA"", ""PhysioLAB Pro1(00:07:80:8C:AE:23)|CH4-RESP""]",ID | StorageTime | PhysioLAB Pro1(00:07:80:8C:AE:23)|CH1-ECG | PhysioLAB Pro1(00:07:80:8C:AE:23)|CH2-EMG | PhysioLAB Pro1(00:07:80:8C:AE:23)|CH3-EDA | PhysioLAB Pro1(00:07:80:8C:AE:23)|CH4-RESP
原始生理数据/lxy/Entity_Recording_2025_09_28_17_55_52_physio.csv,原始生理数据,lxy,2025_09_28_17_55_52,physio,ok,utf-8-sig,949698,6,StorageTime,True,True,False,0.2502409537909244,"[""ID"", ""StorageTime"", ""PhysioLAB Pro1(00:07:80:8C:AE:23)|CH1-ECG"", ""PhysioLAB Pro1(00:07:80:8C:AE:23)|CH2-EMG"", ""PhysioLAB Pro1(00:07:80:8C:AE:23)|CH3-EDA"", ""PhysioLAB Pro1(00:07:80:8C:AE:23)|CH4-RESP""]",ID | StorageTime | PhysioLAB Pro1(00:07:80:8C:AE:23)|CH1-ECG | PhysioLAB Pro1(00:07:80:8C:AE:23)|CH2-EMG | PhysioLAB Pro1(00:07:80:8C:AE:23)|CH3-EDA | PhysioLAB Pro1(00:07:80:8C:AE:23)|CH4-RESP
原始生理数据/lxy/Entity_Recording_2025_09_28_18_06_16_physio.csv,原始生理数据,lxy,2025_09_28_18_06_16,physio,ok,utf-8-sig,928119,6,StorageTime,True,True,False,0.25024592751576036,"[""ID"", ""StorageTime"", ""PhysioLAB Pro1(00:07:80:8C:AE:23)|CH1-ECG"", ""PhysioLAB Pro1(00:07:80:8C:AE:23)|CH2-EMG"", ""PhysioLAB Pro1(00:07:80:8C:AE:23)|CH3-EDA"", ""PhysioLAB Pro1(00:07:80:8C:AE:23)|CH4-RESP""]",ID | StorageTime | PhysioLAB Pro1(00:07:80:8C:AE:23)|CH1-ECG | PhysioLAB Pro1(00:07:80:8C:AE:23)|CH2-EMG | PhysioLAB Pro1(00:07:80:8C:AE:23)|CH3-EDA | PhysioLAB Pro1(00:07:80:8C:AE:23)|CH4-RESP
原始生理数据/lxy/Entity_Recording_2025_09_28_18_16_26_physio.csv,原始生理数据,lxy,2025_09_28_18_16_26,physio,ok,utf-8-sig,22623,6,StorageTime,True,True,False,0.2502467989803887,"[""ID"", ""StorageTime"", ""PhysioLAB Pro1(00:07:80:8C:AE:23)|CH1-ECG"", ""PhysioLAB Pro1(00:07:80:8C:AE:23)|CH2-EMG"", ""PhysioLAB Pro1(00:07:80:8C:AE:23)|CH3-EDA"", ""PhysioLAB Pro1(00:07:80:8C:AE:23)|CH4-RESP""]",ID | StorageTime | PhysioLAB Pro1(00:07:80:8C:AE:23)|CH1-ECG | PhysioLAB Pro1(00:07:80:8C:AE:23)|CH2-EMG | PhysioLAB Pro1(00:07:80:8C:AE:23)|CH3-EDA | PhysioLAB Pro1(00:07:80:8C:AE:23)|CH4-RESP
原始生理数据/lxy/Entity_Recording_2025_09_28_18_19_35_physio.csv,原始生理数据,lxy,2025_09_28_18_19_35,physio,ok,utf-8-sig,870987,6,StorageTime,True,True,False,0.2502517259155418,"[""ID"", ""StorageTime"", ""PhysioLAB Pro1(00:07:80:8C:AE:23)|CH1-ECG"", ""PhysioLAB Pro1(00:07:80:8C:AE:23)|CH2-EMG"", ""PhysioLAB Pro1(00:07:80:8C:AE:23)|CH3-EDA"", ""PhysioLAB Pro1(00:07:80:8C:AE:23)|CH4-RESP""]",ID | StorageTime | PhysioLAB Pro1(00:07:80:8C:AE:23)|CH1-ECG | PhysioLAB Pro1(00:07:80:8C:AE:23)|CH2-EMG | PhysioLAB Pro1(00:07:80:8C:AE:23)|CH3-EDA | PhysioLAB Pro1(00:07:80:8C:AE:23)|CH4-RESP
原始生理数据/rjy/Entity_Recording_2025_09_28_19_51_44_physio.csv,原始生理数据,rjy,2025_09_28_19_51_44,physio,ok,utf-8-sig,583816,6,StorageTime,True,True,False,0.0,"[""ID"", ""StorageTime"", ""PhysioLAB Pro1(00:07:80:8C:AE:23)|CH1-ECG"", ""PhysioLAB Pro1(00:07:80:8C:AE:23)|CH2-EMG"", ""PhysioLAB Pro1(00:07:80:8C:AE:23)|CH3-EDA"", ""PhysioLAB Pro1(00:07:80:8C:AE:23)|CH4-RESP""]",ID | StorageTime | PhysioLAB Pro1(00:07:80:8C:AE:23)|CH1-ECG | PhysioLAB Pro1(00:07:80:8C:AE:23)|CH2-EMG | PhysioLAB Pro1(00:07:80:8C:AE:23)|CH3-EDA | PhysioLAB Pro1(00:07:80:8C:AE:23)|CH4-RESP
原始生理数据/rjy/Entity_Recording_2025_09_28_20_02_20_physio.csv,原始生理数据,rjy,2025_09_28_20_02_20,physio,ok,utf-8-sig,727889,6,StorageTime,True,True,False,0.0,"[""ID"", ""StorageTime"", ""PhysioLAB Pro1(00:07:80:8C:AE:23)|CH1-ECG"", ""PhysioLAB Pro1(00:07:80:8C:AE:23)|CH2-EMG"", ""PhysioLAB Pro1(00:07:80:8C:AE:23)|CH3-EDA"", ""PhysioLAB Pro1(00:07:80:8C:AE:23)|CH4-RESP""]",ID | StorageTime | PhysioLAB Pro1(00:07:80:8C:AE:23)|CH1-ECG | PhysioLAB Pro1(00:07:80:8C:AE:23)|CH2-EMG | PhysioLAB Pro1(00:07:80:8C:AE:23)|CH3-EDA | PhysioLAB Pro1(00:07:80:8C:AE:23)|CH4-RESP
原始生理数据/rjy/Entity_Recording_2025_09_28_20_15_42_physio.csv,原始生理数据,rjy,2025_09_28_20_15_42,physio,ok,utf-8-sig,598941,6,StorageTime,True,True,False,0.0,"[""ID"", ""StorageTime"", ""PhysioLAB Pro1(00:07:80:8C:AE:23)|CH1-ECG"", ""PhysioLAB Pro1(00:07:80:8C:AE:23)|CH2-EMG"", ""PhysioLAB Pro1(00:07:80:8C:AE:23)|CH3-EDA"", ""PhysioLAB Pro1(00:07:80:8C:AE:23)|CH4-RESP""]",ID | StorageTime | PhysioLAB Pro1(00:07:80:8C:AE:23)|CH1-ECG | PhysioLAB Pro1(00:07:80:8C:AE:23)|CH2-EMG | PhysioLAB Pro1(00:07:80:8C:AE:23)|CH3-EDA | PhysioLAB Pro1(00:07:80:8C:AE:23)|CH4-RESP
原始生理数据/txj/Entity_Recording_2025_09_27_08_39_31_physio.csv,原始生理数据,txj,2025_09_27_08_39_31,physio,ok,utf-8-sig,10369,6,StorageTime,True,True,False,0.25010447809174785,"[""ID"", ""StorageTime"", ""PhysioLAB Pro1(00:07:80:8C:AE:23)|CH1-ECG"", ""PhysioLAB Pro1(00:07:80:8C:AE:23)|CH2-EMG"", ""PhysioLAB Pro1(00:07:80:8C:AE:23)|CH3-EDA"", ""PhysioLAB Pro1(00:07:80:8C:AE:23)|CH4-RESP""]",ID | StorageTime | PhysioLAB Pro1(00:07:80:8C:AE:23)|CH1-ECG | PhysioLAB Pro1(00:07:80:8C:AE:23)|CH2-EMG | PhysioLAB Pro1(00:07:80:8C:AE:23)|CH3-EDA | PhysioLAB Pro1(00:07:80:8C:AE:23)|CH4-RESP
原始生理数据/txj/Entity_Recording_2025_09_27_08_40_46_physio.csv,原始生理数据,txj,2025_09_27_08_40_46,physio,ok,utf-8-sig,1179495,6,StorageTime,True,True,False,0.2502562537357089,"[""ID"", ""StorageTime"", ""PhysioLAB Pro1(00:07:80:8C:AE:23)|CH1-ECG"", ""PhysioLAB Pro1(00:07:80:8C:AE:23)|CH2-EMG"", ""PhysioLAB Pro1(00:07:80:8C:AE:23)|CH3-EDA"", ""PhysioLAB Pro1(00:07:80:8C:AE:23)|CH4-RESP""]",ID | StorageTime | PhysioLAB Pro1(00:07:80:8C:AE:23)|CH1-ECG | PhysioLAB Pro1(00:07:80:8C:AE:23)|CH2-EMG | PhysioLAB Pro1(00:07:80:8C:AE:23)|CH3-EDA | PhysioLAB Pro1(00:07:80:8C:AE:23)|CH4-RESP
原始生理数据/txj/Entity_Recording_2025_09_27_08_53_44_physio.csv,原始生理数据,txj,2025_09_27_08_53_44,physio,ok,utf-8-sig,1085544,6,StorageTime,True,True,False,0.250253636272075,"[""ID"", ""StorageTime"", ""PhysioLAB Pro1(00:07:80:8C:AE:23)|CH1-ECG"", ""PhysioLAB Pro1(00:07:80:8C:AE:23)|CH2-EMG"", ""PhysioLAB Pro1(00:07:80:8C:AE:23)|CH3-EDA"", ""PhysioLAB Pro1(00:07:80:8C:AE:23)|CH4-RESP""]",ID | StorageTime | PhysioLAB Pro1(00:07:80:8C:AE:23)|CH1-ECG | PhysioLAB Pro1(00:07:80:8C:AE:23)|CH2-EMG | PhysioLAB Pro1(00:07:80:8C:AE:23)|CH3-EDA | PhysioLAB Pro1(00:07:80:8C:AE:23)|CH4-RESP
原始生理数据/txj/Entity_Recording_2025_09_27_09_06_19_physio.csv,原始生理数据,txj,2025_09_27_09_06_19,physio,ok,utf-8-sig,1008410,6,StorageTime,True,True,False,0.25025535248559616,"[""ID"", ""StorageTime"", ""PhysioLAB Pro1(00:07:80:8C:AE:23)|CH1-ECG"", ""PhysioLAB Pro1(00:07:80:8C:AE:23)|CH2-EMG"", ""PhysioLAB Pro1(00:07:80:8C:AE:23)|CH3-EDA"", ""PhysioLAB Pro1(00:07:80:8C:AE:23)|CH4-RESP""]",ID | StorageTime | PhysioLAB Pro1(00:07:80:8C:AE:23)|CH1-ECG | PhysioLAB Pro1(00:07:80:8C:AE:23)|CH2-EMG | PhysioLAB Pro1(00:07:80:8C:AE:23)|CH3-EDA | PhysioLAB Pro1(00:07:80:8C:AE:23)|CH4-RESP
原始生理数据/txj/Entity_Recording_2025_09_27_09_17_11_physio.csv,原始生理数据,txj,2025_09_27_09_17_11,physio,ok,utf-8-sig,989852,6,StorageTime,True,True,False,0.25025559376553264,"[""ID"", ""StorageTime"", ""PhysioLAB Pro1(00:07:80:8C:AE:23)|CH1-ECG"", ""PhysioLAB Pro1(00:07:80:8C:AE:23)|CH2-EMG"", ""PhysioLAB Pro1(00:07:80:8C:AE:23)|CH3-EDA"", ""PhysioLAB Pro1(00:07:80:8C:AE:23)|CH4-RESP""]",ID | StorageTime | PhysioLAB Pro1(00:07:80:8C:AE:23)|CH1-ECG | PhysioLAB Pro1(00:07:80:8C:AE:23)|CH2-EMG | PhysioLAB Pro1(00:07:80:8C:AE:23)|CH3-EDA | PhysioLAB Pro1(00:07:80:8C:AE:23)|CH4-RESP
原始生理数据/tyy/Entity_Recording_2025_09_28_14_23_43_physio.csv,原始生理数据,tyy,2025_09_28_14_23_43,physio,ok,utf-8-sig,1446464,6,StorageTime,True,True,False,0.2502534917334041,"[""ID"", ""StorageTime"", ""PhysioLAB Pro1(00:07:80:8C:AE:23)|CH1-ECG"", ""PhysioLAB Pro1(00:07:80:8C:AE:23)|CH2-EMG"", ""PhysioLAB Pro1(00:07:80:8C:AE:23)|CH3-EDA"", ""PhysioLAB Pro1(00:07:80:8C:AE:23)|CH4-RESP""]",ID | StorageTime | PhysioLAB Pro1(00:07:80:8C:AE:23)|CH1-ECG | PhysioLAB Pro1(00:07:80:8C:AE:23)|CH2-EMG | PhysioLAB Pro1(00:07:80:8C:AE:23)|CH3-EDA | PhysioLAB Pro1(00:07:80:8C:AE:23)|CH4-RESP
原始生理数据/tyy/Entity_Recording_2025_09_28_14_40_01_physio.csv,原始生理数据,tyy,2025_09_28_14_40_01,physio,ok,utf-8-sig,297106,6,StorageTime,True,True,False,0.2502271916420402,"[""ID"", ""StorageTime"", ""PhysioLAB Pro1(00:07:80:8C:AE:23)|CH1-ECG"", ""PhysioLAB Pro1(00:07:80:8C:AE:23)|CH2-EMG"", ""PhysioLAB Pro1(00:07:80:8C:AE:23)|CH3-EDA"", ""PhysioLAB Pro1(00:07:80:8C:AE:23)|CH4-RESP""]",ID | StorageTime | PhysioLAB Pro1(00:07:80:8C:AE:23)|CH1-ECG | PhysioLAB Pro1(00:07:80:8C:AE:23)|CH2-EMG | PhysioLAB Pro1(00:07:80:8C:AE:23)|CH3-EDA | PhysioLAB Pro1(00:07:80:8C:AE:23)|CH4-RESP
原始生理数据/tyy/Entity_Recording_2025_09_28_14_44_09_physio.csv,原始生理数据,tyy,2025_09_28_14_44_09,physio,ok,utf-8-sig,919994,6,StorageTime,True,True,False,0.2502545306454897,"[""ID"", ""StorageTime"", ""PhysioLAB Pro1(00:07:80:8C:AE:23)|CH1-ECG"", ""PhysioLAB Pro1(00:07:80:8C:AE:23)|CH2-EMG"", ""PhysioLAB Pro1(00:07:80:8C:AE:23)|CH3-EDA"", ""PhysioLAB Pro1(00:07:80:8C:AE:23)|CH4-RESP""]",ID | StorageTime | PhysioLAB Pro1(00:07:80:8C:AE:23)|CH1-ECG | PhysioLAB Pro1(00:07:80:8C:AE:23)|CH2-EMG | PhysioLAB Pro1(00:07:80:8C:AE:23)|CH3-EDA | PhysioLAB Pro1(00:07:80:8C:AE:23)|CH4-RESP
原始生理数据/tyy/Entity_Recording_2025_09_28_14_57_17_physio.csv,原始生理数据,tyy,2025_09_28_14_57_17,physio,ok,utf-8-sig,715096,6,StorageTime,True,True,False,0.25025544355816093,"[""ID"", ""StorageTime"", ""PhysioLAB Pro1(00:07:80:8C:AE:23)|CH1-ECG"", ""PhysioLAB Pro1(00:07:80:8C:AE:23)|CH2-EMG"", ""PhysioLAB Pro1(00:07:80:8C:AE:23)|CH3-EDA"", ""PhysioLAB Pro1(00:07:80:8C:AE:23)|CH4-RESP""]",ID | StorageTime | PhysioLAB Pro1(00:07:80:8C:AE:23)|CH1-ECG | PhysioLAB Pro1(00:07:80:8C:AE:23)|CH2-EMG | PhysioLAB Pro1(00:07:80:8C:AE:23)|CH3-EDA | PhysioLAB Pro1(00:07:80:8C:AE:23)|CH4-RESP
原始生理数据/xst/Entity_Recording_2025_09_26_11_34_18_physio.csv,原始生理数据,xst,2025_09_26_11_34_18,physio,ok,utf-8-sig,1189342,6,StorageTime,True,True,False,0.25025490285104424,"[""ID"", ""StorageTime"", ""PhysioLAB Pro1(00:07:80:8C:AE:23)|CH1-ECG"", ""PhysioLAB Pro1(00:07:80:8C:AE:23)|CH2-EMG"", ""PhysioLAB Pro1(00:07:80:8C:AE:23)|CH3-EDA"", ""PhysioLAB Pro1(00:07:80:8C:AE:23)|CH4-RESP""]",ID | StorageTime | PhysioLAB Pro1(00:07:80:8C:AE:23)|CH1-ECG | PhysioLAB Pro1(00:07:80:8C:AE:23)|CH2-EMG | PhysioLAB Pro1(00:07:80:8C:AE:23)|CH3-EDA | PhysioLAB Pro1(00:07:80:8C:AE:23)|CH4-RESP
原始生理数据/yyl/Entity_Recording_2025_09_28_09_14_23_physio.csv,原始生理数据,yyl,2025_09_28_09_14_23,physio,ok,utf-8-sig,1247098,6,StorageTime,True,True,False,0.25023534638015615,"[""ID"", ""StorageTime"", ""PhysioLAB Pro1(00:07:80:8C:AE:23)|CH1-ECG"", ""PhysioLAB Pro1(00:07:80:8C:AE:23)|CH2-EMG"", ""PhysioLAB Pro1(00:07:80:8C:AE:23)|CH3-EDA"", ""PhysioLAB Pro1(00:07:80:8C:AE:23)|CH4-RESP""]",ID | StorageTime | PhysioLAB Pro1(00:07:80:8C:AE:23)|CH1-ECG | PhysioLAB Pro1(00:07:80:8C:AE:23)|CH2-EMG | PhysioLAB Pro1(00:07:80:8C:AE:23)|CH3-EDA | PhysioLAB Pro1(00:07:80:8C:AE:23)|CH4-RESP
原始生理数据/yyl/Entity_Recording_2025_09_28_09_29_01_physio.csv,原始生理数据,yyl,2025_09_28_09_29_01,physio,ok,utf-8-sig,915432,6,StorageTime,True,True,False,0.25023813893331237,"[""ID"", ""StorageTime"", ""PhysioLAB Pro1(00:07:80:8C:AE:23)|CH1-ECG"", ""PhysioLAB Pro1(00:07:80:8C:AE:23)|CH2-EMG"", ""PhysioLAB Pro1(00:07:80:8C:AE:23)|CH3-EDA"", ""PhysioLAB Pro1(00:07:80:8C:AE:23)|CH4-RESP""]",ID | StorageTime | PhysioLAB Pro1(00:07:80:8C:AE:23)|CH1-ECG | PhysioLAB Pro1(00:07:80:8C:AE:23)|CH2-EMG | PhysioLAB Pro1(00:07:80:8C:AE:23)|CH3-EDA | PhysioLAB Pro1(00:07:80:8C:AE:23)|CH4-RESP
原始生理数据/yyl/Entity_Recording_2025_09_28_09_39_01_physio.csv,原始生理数据,yyl,2025_09_28_09_39_01,physio,ok,utf-8-sig,915027,6,StorageTime,True,True,False,0.25023378180825995,"[""ID"", ""StorageTime"", ""PhysioLAB Pro1(00:07:80:8C:AE:23)|CH1-ECG"", ""PhysioLAB Pro1(00:07:80:8C:AE:23)|CH2-EMG"", ""PhysioLAB Pro1(00:07:80:8C:AE:23)|CH3-EDA"", ""PhysioLAB Pro1(00:07:80:8C:AE:23)|CH4-RESP""]",ID | StorageTime | PhysioLAB Pro1(00:07:80:8C:AE:23)|CH1-ECG | PhysioLAB Pro1(00:07:80:8C:AE:23)|CH2-EMG | PhysioLAB Pro1(00:07:80:8C:AE:23)|CH3-EDA | PhysioLAB Pro1(00:07:80:8C:AE:23)|CH4-RESP
原始生理数据/yyl/Entity_Recording_2025_09_28_09_49_11_physio.csv,原始生理数据,yyl,2025_09_28_09_49_11,physio,ok,utf-8-sig,869069,6,StorageTime,True,True,False,0.25024710350961776,"[""ID"", ""StorageTime"", ""PhysioLAB Pro1(00:07:80:8C:AE:23)|CH1-ECG"", ""PhysioLAB Pro1(00:07:80:8C:AE:23)|CH2-EMG"", ""PhysioLAB Pro1(00:07:80:8C:AE:23)|CH3-EDA"", ""PhysioLAB Pro1(00:07:80:8C:AE:23)|CH4-RESP""]",ID | StorageTime | PhysioLAB Pro1(00:07:80:8C:AE:23)|CH1-ECG | PhysioLAB Pro1(00:07:80:8C:AE:23)|CH2-EMG | PhysioLAB Pro1(00:07:80:8C:AE:23)|CH3-EDA | PhysioLAB Pro1(00:07:80:8C:AE:23)|CH4-RESP
原始生理数据/yzy/Entity_Recording_2025_09_27_14_13_03_physio.csv,原始生理数据,yzy,2025_09_27_14_13_03,physio,ok,utf-8-sig,1112660,6,StorageTime,True,True,False,0.25025254794816026,"[""ID"", ""StorageTime"", ""PhysioLAB Pro1(00:07:80:8C:AE:23)|CH1-ECG"", ""PhysioLAB Pro1(00:07:80:8C:AE:23)|CH2-EMG"", ""PhysioLAB Pro1(00:07:80:8C:AE:23)|CH3-EDA"", ""PhysioLAB Pro1(00:07:80:8C:AE:23)|CH4-RESP""]",ID | StorageTime | PhysioLAB Pro1(00:07:80:8C:AE:23)|CH1-ECG | PhysioLAB Pro1(00:07:80:8C:AE:23)|CH2-EMG | PhysioLAB Pro1(00:07:80:8C:AE:23)|CH3-EDA | PhysioLAB Pro1(00:07:80:8C:AE:23)|CH4-RESP
原始生理数据/yzy/Entity_Recording_2025_09_27_14_26_04_physio.csv,原始生理数据,yzy,2025_09_27_14_26_04,physio,ok,utf-8-sig,985055,6,StorageTime,True,True,False,0.25025133960371077,"[""ID"", ""StorageTime"", ""PhysioLAB Pro1(00:07:80:8C:AE:23)|CH1-ECG"", ""PhysioLAB Pro1(00:07:80:8C:AE:23)|CH2-EMG"", ""PhysioLAB Pro1(00:07:80:8C:AE:23)|CH3-EDA"", ""PhysioLAB Pro1(00:07:80:8C:AE:23)|CH4-RESP""]",ID | StorageTime | PhysioLAB Pro1(00:07:80:8C:AE:23)|CH1-ECG | PhysioLAB Pro1(00:07:80:8C:AE:23)|CH2-EMG | PhysioLAB Pro1(00:07:80:8C:AE:23)|CH3-EDA | PhysioLAB Pro1(00:07:80:8C:AE:23)|CH4-RESP
原始生理数据/yzy/Entity_Recording_2025_09_27_14_37_08_physio.csv,原始生理数据,yzy,2025_09_27_14_37_08,physio,ok,utf-8-sig,952480,6,StorageTime,True,True,False,0.25025407357634805,"[""ID"", ""StorageTime"", ""PhysioLAB Pro1(00:07:80:8C:AE:23)|CH1-ECG"", ""PhysioLAB Pro1(00:07:80:8C:AE:23)|CH2-EMG"", ""PhysioLAB Pro1(00:07:80:8C:AE:23)|CH3-EDA"", ""PhysioLAB Pro1(00:07:80:8C:AE:23)|CH4-RESP""]",ID | StorageTime | PhysioLAB Pro1(00:07:80:8C:AE:23)|CH1-ECG | PhysioLAB Pro1(00:07:80:8C:AE:23)|CH2-EMG | PhysioLAB Pro1(00:07:80:8C:AE:23)|CH3-EDA | PhysioLAB Pro1(00:07:80:8C:AE:23)|CH4-RESP
原始生理数据/yzy/Entity_Recording_2025_09_27_15_04_26_physio.csv,原始生理数据,yzy,2025_09_27_15_04_26,physio,ok,utf-8-sig,181685,6,StorageTime,True,True,False,0.25024630541871923,"[""ID"", ""StorageTime"", ""PhysioLAB Pro1(00:07:80:8C:AE:23)|CH1-ECG"", ""PhysioLAB Pro1(00:07:80:8C:AE:23)|CH2-EMG"", ""PhysioLAB Pro1(00:07:80:8C:AE:23)|CH3-EDA"", ""PhysioLAB Pro1(00:07:80:8C:AE:23)|CH4-RESP""]",ID | StorageTime | PhysioLAB Pro1(00:07:80:8C:AE:23)|CH1-ECG | PhysioLAB Pro1(00:07:80:8C:AE:23)|CH2-EMG | PhysioLAB Pro1(00:07:80:8C:AE:23)|CH3-EDA | PhysioLAB Pro1(00:07:80:8C:AE:23)|CH4-RESP
原始生理数据/yzy/Entity_Recording_2025_09_27_15_07_57_physio.csv,原始生理数据,yzy,2025_09_27_15_07_57,physio,ok,utf-8-sig,937443,6,StorageTime,True,True,False,0.25026019359754853,"[""ID"", ""StorageTime"", ""PhysioLAB Pro1(00:07:80:8C:AE:23)|CH1-ECG"", ""PhysioLAB Pro1(00:07:80:8C:AE:23)|CH2-EMG"", ""PhysioLAB Pro1(00:07:80:8C:AE:23)|CH3-EDA"", ""PhysioLAB Pro1(00:07:80:8C:AE:23)|CH4-RESP""]",ID | StorageTime | PhysioLAB Pro1(00:07:80:8C:AE:23)|CH1-ECG | PhysioLAB Pro1(00:07:80:8C:AE:23)|CH2-EMG | PhysioLAB Pro1(00:07:80:8C:AE:23)|CH3-EDA | PhysioLAB Pro1(00:07:80:8C:AE:23)|CH4-RESP
原始生理数据/zdq/Entity_Recording_2025_09_26_15_14_51_physio.csv,原始生理数据,zdq,2025_09_26_15_14_51,physio,ok,utf-8-sig,355471,6,StorageTime,True,True,False,0.0,"[""ID"", ""StorageTime"", ""PhysioLAB Pro1(00:07:80:8C:AE:23)|CH1-ECG"", ""PhysioLAB Pro1(00:07:80:8C:AE:23)|CH2-EMG"", ""PhysioLAB Pro1(00:07:80:8C:AE:23)|CH3-EDA"", ""PhysioLAB Pro1(00:07:80:8C:AE:23)|CH4-RESP""]",ID | StorageTime | PhysioLAB Pro1(00:07:80:8C:AE:23)|CH1-ECG | PhysioLAB Pro1(00:07:80:8C:AE:23)|CH2-EMG | PhysioLAB Pro1(00:07:80:8C:AE:23)|CH3-EDA | PhysioLAB Pro1(00:07:80:8C:AE:23)|CH4-RESP
原始生理数据/zdq/Entity_Recording_2025_09_26_15_21_51_physio.csv,原始生理数据,zdq,2025_09_26_15_21_51,physio,ok,utf-8-sig,261860,6,StorageTime,True,True,False,0.0,"[""ID"", ""StorageTime"", ""PhysioLAB Pro1(00:07:80:8C:AE:23)|CH1-ECG"", ""PhysioLAB Pro1(00:07:80:8C:AE:23)|CH2-EMG"", ""PhysioLAB Pro1(00:07:80:8C:AE:23)|CH3-EDA"", ""PhysioLAB Pro1(00:07:80:8C:AE:23)|CH4-RESP""]",ID | StorageTime | PhysioLAB Pro1(00:07:80:8C:AE:23)|CH1-ECG | PhysioLAB Pro1(00:07:80:8C:AE:23)|CH2-EMG | PhysioLAB Pro1(00:07:80:8C:AE:23)|CH3-EDA | PhysioLAB Pro1(00:07:80:8C:AE:23)|CH4-RESP
原始生理数据/zdq/Entity_Recording_2025_09_26_15_27_09_physio.csv,原始生理数据,zdq,2025_09_26_15_27_09,physio,ok,utf-8-sig,541368,6,StorageTime,True,True,False,0.0,"[""ID"", ""StorageTime"", ""PhysioLAB Pro1(00:07:80:8C:AE:23)|CH1-ECG"", ""PhysioLAB Pro1(00:07:80:8C:AE:23)|CH2-EMG"", ""PhysioLAB Pro1(00:07:80:8C:AE:23)|CH3-EDA"", ""PhysioLAB Pro1(00:07:80:8C:AE:23)|CH4-RESP""]",ID | StorageTime | PhysioLAB Pro1(00:07:80:8C:AE:23)|CH1-ECG | PhysioLAB Pro1(00:07:80:8C:AE:23)|CH2-EMG | PhysioLAB Pro1(00:07:80:8C:AE:23)|CH3-EDA | PhysioLAB Pro1(00:07:80:8C:AE:23)|CH4-RESP
原始生理数据/zdq/Entity_Recording_2025_09_26_15_37_30_physio.csv,原始生理数据,zdq,2025_09_26_15_37_30,physio,ok,utf-8-sig,838409,6,StorageTime,True,True,False,0.250251766540356,"[""ID"", ""StorageTime"", ""PhysioLAB Pro1(00:07:80:8C:AE:23)|CH1-ECG"", ""PhysioLAB Pro1(00:07:80:8C:AE:23)|CH2-EMG"", ""PhysioLAB Pro1(00:07:80:8C:AE:23)|CH3-EDA"", ""PhysioLAB Pro1(00:07:80:8C:AE:23)|CH4-RESP""]",ID | StorageTime | PhysioLAB Pro1(00:07:80:8C:AE:23)|CH1-ECG | PhysioLAB Pro1(00:07:80:8C:AE:23)|CH2-EMG | PhysioLAB Pro1(00:07:80:8C:AE:23)|CH3-EDA | PhysioLAB Pro1(00:07:80:8C:AE:23)|CH4-RESP
原始生理数据/zdq/Entity_Recording_2025_09_26_15_52_46_physio.csv,原始生理数据,zdq,2025_09_26_15_52_46,physio,ok,utf-8-sig,962797,6,StorageTime,True,True,False,0.25025697698130206,"[""ID"", ""StorageTime"", ""PhysioLAB Pro1(00:07:80:8C:AE:23)|CH1-ECG"", ""PhysioLAB Pro1(00:07:80:8C:AE:23)|CH2-EMG"", ""PhysioLAB Pro1(00:07:80:8C:AE:23)|CH3-EDA"", ""PhysioLAB Pro1(00:07:80:8C:AE:23)|CH4-RESP""]",ID | StorageTime | PhysioLAB Pro1(00:07:80:8C:AE:23)|CH1-ECG | PhysioLAB Pro1(00:07:80:8C:AE:23)|CH2-EMG | PhysioLAB Pro1(00:07:80:8C:AE:23)|CH3-EDA | PhysioLAB Pro1(00:07:80:8C:AE:23)|CH4-RESP
原始生理数据/zdq/Entity_Recording_2025_09_26_16_03_48_physio.csv,原始生理数据,zdq,2025_09_26_16_03_48,physio,ok,utf-8-sig,893136,6,StorageTime,True,True,False,0.25026274460627124,"[""ID"", ""StorageTime"", ""PhysioLAB Pro1(00:07:80:8C:AE:23)|CH1-ECG"", ""PhysioLAB Pro1(00:07:80:8C:AE:23)|CH2-EMG"", ""PhysioLAB Pro1(00:07:80:8C:AE:23)|CH3-EDA"", ""PhysioLAB Pro1(00:07:80:8C:AE:23)|CH4-RESP""]",ID | StorageTime | PhysioLAB Pro1(00:07:80:8C:AE:23)|CH1-ECG | PhysioLAB Pro1(00:07:80:8C:AE:23)|CH2-EMG | PhysioLAB Pro1(00:07:80:8C:AE:23)|CH3-EDA | PhysioLAB Pro1(00:07:80:8C:AE:23)|CH4-RESP
原始生理数据/zt/Entity_Recording_2025_09_28_11_20_08_physio.csv,原始生理数据,zt,2025_09_28_11_20_08,physio,ok,utf-8-sig,1000459,6,StorageTime,True,True,False,0.2502318102657547,"[""ID"", ""StorageTime"", ""PhysioLAB Pro1(00:07:80:8C:AE:23)|CH1-ECG"", ""PhysioLAB Pro1(00:07:80:8C:AE:23)|CH2-EMG"", ""PhysioLAB Pro1(00:07:80:8C:AE:23)|CH3-EDA"", ""PhysioLAB Pro1(00:07:80:8C:AE:23)|CH4-RESP""]",ID | StorageTime | PhysioLAB Pro1(00:07:80:8C:AE:23)|CH1-ECG | PhysioLAB Pro1(00:07:80:8C:AE:23)|CH2-EMG | PhysioLAB Pro1(00:07:80:8C:AE:23)|CH3-EDA | PhysioLAB Pro1(00:07:80:8C:AE:23)|CH4-RESP
原始生理数据/zx/Entity_Recording_2025_09_27_17_40_06_physio.csv,原始生理数据,zx,2025_09_27_17_40_06,physio,ok,utf-8-sig,22659,6,StorageTime,True,True,False,0.24949615311061094,"[""ID"", ""StorageTime"", ""PhysioLAB Pro1(00:07:80:8C:AE:23)|CH1-ECG"", ""PhysioLAB Pro1(00:07:80:8C:AE:23)|CH2-EMG"", ""PhysioLAB Pro1(00:07:80:8C:AE:23)|CH3-EDA"", ""PhysioLAB Pro1(00:07:80:8C:AE:23)|CH4-RESP""]",ID | StorageTime | PhysioLAB Pro1(00:07:80:8C:AE:23)|CH1-ECG | PhysioLAB Pro1(00:07:80:8C:AE:23)|CH2-EMG | PhysioLAB Pro1(00:07:80:8C:AE:23)|CH3-EDA | PhysioLAB Pro1(00:07:80:8C:AE:23)|CH4-RESP
原始生理数据/zx/Entity_Recording_2025_09_27_17_40_34_physio.csv,原始生理数据,zx,2025_09_27_17_40_34,physio,ok,utf-8-sig,61259,6,StorageTime,True,True,False,0.24986804659995537,"[""ID"", ""StorageTime"", ""PhysioLAB Pro1(00:07:80:8C:AE:23)|CH1-ECG"", ""PhysioLAB Pro1(00:07:80:8C:AE:23)|CH2-EMG"", ""PhysioLAB Pro1(00:07:80:8C:AE:23)|CH3-EDA"", ""PhysioLAB Pro1(00:07:80:8C:AE:23)|CH4-RESP""]",ID | StorageTime | PhysioLAB Pro1(00:07:80:8C:AE:23)|CH1-ECG | PhysioLAB Pro1(00:07:80:8C:AE:23)|CH2-EMG | PhysioLAB Pro1(00:07:80:8C:AE:23)|CH3-EDA | PhysioLAB Pro1(00:07:80:8C:AE:23)|CH4-RESP
原始生理数据/zx/Entity_Recording_2025_09_27_17_45_11_physio.csv,原始生理数据,zx,2025_09_27_17_45_11,physio,ok,utf-8-sig,998796,6,StorageTime,True,True,False,0.2502399555731768,"[""ID"", ""StorageTime"", ""PhysioLAB Pro1(00:07:80:8C:AE:23)|CH1-ECG"", ""PhysioLAB Pro1(00:07:80:8C:AE:23)|CH2-EMG"", ""PhysioLAB Pro1(00:07:80:8C:AE:23)|CH3-EDA"", ""PhysioLAB Pro1(00:07:80:8C:AE:23)|CH4-RESP""]",ID | StorageTime | PhysioLAB Pro1(00:07:80:8C:AE:23)|CH1-ECG | PhysioLAB Pro1(00:07:80:8C:AE:23)|CH2-EMG | PhysioLAB Pro1(00:07:80:8C:AE:23)|CH3-EDA | PhysioLAB Pro1(00:07:80:8C:AE:23)|CH4-RESP
原始生理数据/zx/Entity_Recording_2025_09_27_17_56_42_physio.csv,原始生理数据,zx,2025_09_27_17_56_42,physio,ok,utf-8-sig,271498,6,StorageTime,True,True,False,0.25021178793213944,"[""ID"", ""StorageTime"", ""PhysioLAB Pro1(00:07:80:8C:AE:23)|CH1-ECG"", ""PhysioLAB Pro1(00:07:80:8C:AE:23)|CH2-EMG"", ""PhysioLAB Pro1(00:07:80:8C:AE:23)|CH3-EDA"", ""PhysioLAB Pro1(00:07:80:8C:AE:23)|CH4-RESP""]",ID | StorageTime | PhysioLAB Pro1(00:07:80:8C:AE:23)|CH1-ECG | PhysioLAB Pro1(00:07:80:8C:AE:23)|CH2-EMG | PhysioLAB Pro1(00:07:80:8C:AE:23)|CH3-EDA | PhysioLAB Pro1(00:07:80:8C:AE:23)|CH4-RESP
原始生理数据/zx/Entity_Recording_2025_09_27_18_00_08_physio.csv,原始生理数据,zx,2025_09_27_18_00_08,physio,ok,utf-8-sig,607964,6,StorageTime,True,True,False,0.2502330181830942,"[""ID"", ""StorageTime"", ""PhysioLAB Pro1(00:07:80:8C:AE:23)|CH1-ECG"", ""PhysioLAB Pro1(00:07:80:8C:AE:23)|CH2-EMG"", ""PhysioLAB Pro1(00:07:80:8C:AE:23)|CH3-EDA"", ""PhysioLAB Pro1(00:07:80:8C:AE:23)|CH4-RESP""]",ID | StorageTime | PhysioLAB Pro1(00:07:80:8C:AE:23)|CH1-ECG | PhysioLAB Pro1(00:07:80:8C:AE:23)|CH2-EMG | PhysioLAB Pro1(00:07:80:8C:AE:23)|CH3-EDA | PhysioLAB Pro1(00:07:80:8C:AE:23)|CH4-RESP
原始生理数据/zx/Entity_Recording_2025_09_27_18_07_01_physio.csv,原始生理数据,zx,2025_09_27_18_07_01,physio,ok,utf-8-sig,963446,6,StorageTime,True,True,False,0.2502378614542659,"[""ID"", ""StorageTime"", ""PhysioLAB Pro1(00:07:80:8C:AE:23)|CH1-ECG"", ""PhysioLAB Pro1(00:07:80:8C:AE:23)|CH2-EMG"", ""PhysioLAB Pro1(00:07:80:8C:AE:23)|CH3-EDA"", ""PhysioLAB Pro1(00:07:80:8C:AE:23)|CH4-RESP""]",ID | StorageTime | PhysioLAB Pro1(00:07:80:8C:AE:23)|CH1-ECG | PhysioLAB Pro1(00:07:80:8C:AE:23)|CH2-EMG | PhysioLAB Pro1(00:07:80:8C:AE:23)|CH3-EDA | PhysioLAB Pro1(00:07:80:8C:AE:23)|CH4-RESP
原始生理数据/zx/Entity_Recording_2025_09_27_18_17_48_physio.csv,原始生理数据,zx,2025_09_27_18_17_48,physio,ok,utf-8-sig,917064,6,StorageTime,True,True,False,0.25024498471935075,"[""ID"", ""StorageTime"", ""PhysioLAB Pro1(00:07:80:8C:AE:23)|CH1-ECG"", ""PhysioLAB Pro1(00:07:80:8C:AE:23)|CH2-EMG"", ""PhysioLAB Pro1(00:07:80:8C:AE:23)|CH3-EDA"", ""PhysioLAB Pro1(00:07:80:8C:AE:23)|CH4-RESP""]",ID | StorageTime | PhysioLAB Pro1(00:07:80:8C:AE:23)|CH1-ECG | PhysioLAB Pro1(00:07:80:8C:AE:23)|CH2-EMG | PhysioLAB Pro1(00:07:80:8C:AE:23)|CH3-EDA | PhysioLAB Pro1(00:07:80:8C:AE:23)|CH4-RESP
原始生理数据/zxy/Entity_Recording_2025_09_28_15_57_38_physio.csv,原始生理数据,zxy,2025_09_28_15_57_38,physio,ok,utf-8-sig,321426,6,StorageTime,True,True,False,0.25023074258668143,"[""ID"", ""StorageTime"", ""PhysioLAB Pro1(00:07:80:8C:AE:23)|CH1-ECG"", ""PhysioLAB Pro1(00:07:80:8C:AE:23)|CH2-EMG"", ""PhysioLAB Pro1(00:07:80:8C:AE:23)|CH3-EDA"", ""PhysioLAB Pro1(00:07:80:8C:AE:23)|CH4-RESP""]",ID | StorageTime | PhysioLAB Pro1(00:07:80:8C:AE:23)|CH1-ECG | PhysioLAB Pro1(00:07:80:8C:AE:23)|CH2-EMG | PhysioLAB Pro1(00:07:80:8C:AE:23)|CH3-EDA | PhysioLAB Pro1(00:07:80:8C:AE:23)|CH4-RESP
原始生理数据/zxy/Entity_Recording_2025_09_28_16_01_55_physio.csv,原始生理数据,zxy,2025_09_28_16_01_55,physio,ok,utf-8-sig,900940,6,StorageTime,True,True,False,0.2502578788080597,"[""ID"", ""StorageTime"", ""PhysioLAB Pro1(00:07:80:8C:AE:23)|CH1-ECG"", ""PhysioLAB Pro1(00:07:80:8C:AE:23)|CH2-EMG"", ""PhysioLAB Pro1(00:07:80:8C:AE:23)|CH3-EDA"", ""PhysioLAB Pro1(00:07:80:8C:AE:23)|CH4-RESP""]",ID | StorageTime | PhysioLAB Pro1(00:07:80:8C:AE:23)|CH1-ECG | PhysioLAB Pro1(00:07:80:8C:AE:23)|CH2-EMG | PhysioLAB Pro1(00:07:80:8C:AE:23)|CH3-EDA | PhysioLAB Pro1(00:07:80:8C:AE:23)|CH4-RESP
原始生理数据/zxy/Entity_Recording_2025_09_28_16_12_11_physio.csv,原始生理数据,zxy,2025_09_28_16_12_11,physio,ok,utf-8-sig,982897,6,StorageTime,True,True,False,0.2502500261980655,"[""ID"", ""StorageTime"", ""PhysioLAB Pro1(00:07:80:8C:AE:23)|CH1-ECG"", ""PhysioLAB Pro1(00:07:80:8C:AE:23)|CH2-EMG"", ""PhysioLAB Pro1(00:07:80:8C:AE:23)|CH3-EDA"", ""PhysioLAB Pro1(00:07:80:8C:AE:23)|CH4-RESP""]",ID | StorageTime | PhysioLAB Pro1(00:07:80:8C:AE:23)|CH1-ECG | PhysioLAB Pro1(00:07:80:8C:AE:23)|CH2-EMG | PhysioLAB Pro1(00:07:80:8C:AE:23)|CH3-EDA | PhysioLAB Pro1(00:07:80:8C:AE:23)|CH4-RESP
原始生理数据/zxy/Entity_Recording_2025_09_28_16_25_33_physio.csv,原始生理数据,zxy,2025_09_28_16_25_33,physio,ok,utf-8-sig,10923,6,StorageTime,True,True,False,0.24962617107632212,"[""ID"", ""StorageTime"", ""PhysioLAB Pro1(00:07:80:8C:AE:23)|CH1-ECG"", ""PhysioLAB Pro1(00:07:80:8C:AE:23)|CH2-EMG"", ""PhysioLAB Pro1(00:07:80:8C:AE:23)|CH3-EDA"", ""PhysioLAB Pro1(00:07:80:8C:AE:23)|CH4-RESP""]",ID | StorageTime | PhysioLAB Pro1(00:07:80:8C:AE:23)|CH1-ECG | PhysioLAB Pro1(00:07:80:8C:AE:23)|CH2-EMG | PhysioLAB Pro1(00:07:80:8C:AE:23)|CH3-EDA | PhysioLAB Pro1(00:07:80:8C:AE:23)|CH4-RESP
原始生理数据/zxy/Entity_Recording_2025_09_28_16_25_51_physio.csv,原始生理数据,zxy,2025_09_28_16_25_51,physio,ok,utf-8-sig,890440,6,StorageTime,True,True,False,0.2502523097195394,"[""ID"", ""StorageTime"", ""PhysioLAB Pro1(00:07:80:8C:AE:23)|CH1-ECG"", ""PhysioLAB Pro1(00:07:80:8C:AE:23)|CH2-EMG"", ""PhysioLAB Pro1(00:07:80:8C:AE:23)|CH3-EDA"", ""PhysioLAB Pro1(00:07:80:8C:AE:23)|CH4-RESP""]",ID | StorageTime | PhysioLAB Pro1(00:07:80:8C:AE:23)|CH1-ECG | PhysioLAB Pro1(00:07:80:8C:AE:23)|CH2-EMG | PhysioLAB Pro1(00:07:80:8C:AE:23)|CH3-EDA | PhysioLAB Pro1(00:07:80:8C:AE:23)|CH4-RESP
原始生理数据/zxy/Entity_Recording_2025_09_28_16_35_30_physio.csv,原始生理数据,zxy,2025_09_28_16_35_30,physio,ok,utf-8-sig,1278696,6,StorageTime,True,True,False,0.2502533831340678,"[""ID"", ""StorageTime"", ""PhysioLAB Pro1(00:07:80:8C:AE:23)|CH1-ECG"", ""PhysioLAB Pro1(00:07:80:8C:AE:23)|CH2-EMG"", ""PhysioLAB Pro1(00:07:80:8C:AE:23)|CH3-EDA"", ""PhysioLAB Pro1(00:07:80:8C:AE:23)|CH4-RESP""]",ID | StorageTime | PhysioLAB Pro1(00:07:80:8C:AE:23)|CH1-ECG | PhysioLAB Pro1(00:07:80:8C:AE:23)|CH2-EMG | PhysioLAB Pro1(00:07:80:8C:AE:23)|CH3-EDA | PhysioLAB Pro1(00:07:80:8C:AE:23)|CH4-RESP
原始脑电数据/byx/Entity_Recording_2025_09_28_17_05_51_eeg.csv,原始脑电数据,byx,2025_09_28_17_05_51,eeg,ok,utf-8-sig,339251,37,StorageTime,True,True,False,0.21171440710366166,"[""ID"", ""StorageTime"", ""LSLOutletStreamName-EEG|channel0"", ""LSLOutletStreamName-EEG|channel1"", ""LSLOutletStreamName-EEG|channel2"", ""LSLOutletStreamName-EEG|channel3"", ""LSLOutletStreamName-EEG|channel4"", ""LSLOutletStreamName-EEG|channel5"", ""LSLOutletStreamName-EEG|channel6"", ""LSLOutletStreamName-EEG|channel7"", ""LSLOutletStreamName-EEG|channel8"", ""LSLOutletStreamName-EEG|channel9"", ""LSLOutletStreamName-EEG|channel10"", ""LSLOutletStreamName-EEG|channel11"", ""LSLOutletStreamName-EEG|channel12"", ""LSLOutletStreamName-EEG|channel13"", ""LSLOutletStreamName-EEG|channel14"", ""LSLOutletStreamName-EEG|channel15"", ""LSLOutletStreamName-EEG|channel16"", ""LSLOutletStreamName-EEG|channel17"", ""LSLOutletStreamName-EEG|channel18"", ""LSLOutletStreamName-EEG|channel19"", ""LSLOutletStreamName-EEG|channel20"", ""LSLOutletStreamName-EEG|channel21"", ""LSLOutletStreamName-EEG|channel22"", ""LSLOutletStreamName-EEG|channel23"", ""LSLOutletStreamName-EEG|channel24"", ""LSLOutletStreamName-EEG|channel25"", ""LSLOutletStreamName-EEG|channel26"", ""LSLOutletStreamName-EEG|channel27"", ""LSLOutletStreamName-EEG|channel28"", ""LSLOutletStreamName-EEG|channel29"", ""LSLOutletStreamName-EEG|channel30"", ""LSLOutletStreamName-EEG|channel31"", ""LSLOutletStreamName-Accelerometer|channel0"", ""LSLOutletStreamName-Accelerometer|channel1"", ""LSLOutletStreamName-Accelerometer|channel2""]",ID | StorageTime | LSLOutletStreamName-EEG|channel0 | LSLOutletStreamName-EEG|channel1 | LSLOutletStreamName-EEG|channel2 | LSLOutletStreamName-EEG|channel3 | LSLOutletStreamName-EEG|channel4 | LSLOutletStreamName-EEG|channel5 | LSLOutletStreamName-EEG|channel6 | LSLOutletStreamName-EEG|channel7 | LSLOutletStreamName-EEG|channel8 | LSLOutletStreamName-EEG|channel9 | LSLOutletStreamName-EEG|channel10 | LSLOutletStreamName-EEG|channel11 | LSLOutletStreamName-EEG|channel12 | LSLOutletStreamName-EEG|channel13 | LSLOutletStreamName-EEG|channel14 | LSLOutletStreamName-EEG|channel15 | LSLOutletStreamName-EEG|channel16 | LSLOutletStreamName-EEG|channel17 | LSLOutletStreamName-EEG|channel18 | LSLOutletStreamName-EEG|channel19 | LSLOutletStreamName-EEG|channel20 | LSLOutletStreamName-EEG|channel21 | LSLOutletStreamName-EEG|channel22 | LSLOutletStreamName-EEG|channel23 | LSLOutletStreamName-EEG|channel24 | LSLOutletStreamName-EEG|channel25 | LSLOutletStreamName-EEG|channel26 | LSLOutletStreamName-EEG|channel27
原始脑电数据/byx/Entity_Recording_2025_09_28_17_15_52_eeg.csv,原始脑电数据,byx,2025_09_28_17_15_52,eeg,ok,utf-8-sig,320238,37,StorageTime,True,True,False,0.21171660671969816,"[""ID"", ""StorageTime"", ""LSLOutletStreamName-EEG|channel0"", ""LSLOutletStreamName-EEG|channel1"", ""LSLOutletStreamName-EEG|channel2"", ""LSLOutletStreamName-EEG|channel3"", ""LSLOutletStreamName-EEG|channel4"", ""LSLOutletStreamName-EEG|channel5"", ""LSLOutletStreamName-EEG|channel6"", ""LSLOutletStreamName-EEG|channel7"", ""LSLOutletStreamName-EEG|channel8"", ""LSLOutletStreamName-EEG|channel9"", ""LSLOutletStreamName-EEG|channel10"", ""LSLOutletStreamName-EEG|channel11"", ""LSLOutletStreamName-EEG|channel12"", ""LSLOutletStreamName-EEG|channel13"", ""LSLOutletStreamName-EEG|channel14"", ""LSLOutletStreamName-EEG|channel15"", ""LSLOutletStreamName-EEG|channel16"", ""LSLOutletStreamName-EEG|channel17"", ""LSLOutletStreamName-EEG|channel18"", ""LSLOutletStreamName-EEG|channel19"", ""LSLOutletStreamName-EEG|channel20"", ""LSLOutletStreamName-EEG|channel21"", ""LSLOutletStreamName-EEG|channel22"", ""LSLOutletStreamName-EEG|channel23"", ""LSLOutletStreamName-EEG|channel24"", ""LSLOutletStreamName-EEG|channel25"", ""LSLOutletStreamName-EEG|channel26"", ""LSLOutletStreamName-EEG|channel27"", ""LSLOutletStreamName-EEG|channel28"", ""LSLOutletStreamName-EEG|channel29"", ""LSLOutletStreamName-EEG|channel30"", ""LSLOutletStreamName-EEG|channel31"", ""LSLOutletStreamName-Accelerometer|channel0"", ""LSLOutletStreamName-Accelerometer|channel1"", ""LSLOutletStreamName-Accelerometer|channel2""]",ID | StorageTime | LSLOutletStreamName-EEG|channel0 | LSLOutletStreamName-EEG|channel1 | LSLOutletStreamName-EEG|channel2 | LSLOutletStreamName-EEG|channel3 | LSLOutletStreamName-EEG|channel4 | LSLOutletStreamName-EEG|channel5 | LSLOutletStreamName-EEG|channel6 | LSLOutletStreamName-EEG|channel7 | LSLOutletStreamName-EEG|channel8 | LSLOutletStreamName-EEG|channel9 | LSLOutletStreamName-EEG|channel10 | LSLOutletStreamName-EEG|channel11 | LSLOutletStreamName-EEG|channel12 | LSLOutletStreamName-EEG|channel13 | LSLOutletStreamName-EEG|channel14 | LSLOutletStreamName-EEG|channel15 | LSLOutletStreamName-EEG|channel16 | LSLOutletStreamName-EEG|channel17 | LSLOutletStreamName-EEG|channel18 | LSLOutletStreamName-EEG|channel19 | LSLOutletStreamName-EEG|channel20 | LSLOutletStreamName-EEG|channel21 | LSLOutletStreamName-EEG|channel22 | LSLOutletStreamName-EEG|channel23 | LSLOutletStreamName-EEG|channel24 | LSLOutletStreamName-EEG|channel25 | LSLOutletStreamName-EEG|channel26 | LSLOutletStreamName-EEG|channel27
原始脑电数据/byx/Entity_Recording_2025_09_28_17_25_18_eeg.csv,原始脑电数据,byx,2025_09_28_17_25_18,eeg,ok,utf-8-sig,351203,37,StorageTime,True,True,False,0.21171877879821718,"[""ID"", ""StorageTime"", ""LSLOutletStreamName-EEG|channel0"", ""LSLOutletStreamName-EEG|channel1"", ""LSLOutletStreamName-EEG|channel2"", ""LSLOutletStreamName-EEG|channel3"", ""LSLOutletStreamName-EEG|channel4"", ""LSLOutletStreamName-EEG|channel5"", ""LSLOutletStreamName-EEG|channel6"", ""LSLOutletStreamName-EEG|channel7"", ""LSLOutletStreamName-EEG|channel8"", ""LSLOutletStreamName-EEG|channel9"", ""LSLOutletStreamName-EEG|channel10"", ""LSLOutletStreamName-EEG|channel11"", ""LSLOutletStreamName-EEG|channel12"", ""LSLOutletStreamName-EEG|channel13"", ""LSLOutletStreamName-EEG|channel14"", ""LSLOutletStreamName-EEG|channel15"", ""LSLOutletStreamName-EEG|channel16"", ""LSLOutletStreamName-EEG|channel17"", ""LSLOutletStreamName-EEG|channel18"", ""LSLOutletStreamName-EEG|channel19"", ""LSLOutletStreamName-EEG|channel20"", ""LSLOutletStreamName-EEG|channel21"", ""LSLOutletStreamName-EEG|channel22"", ""LSLOutletStreamName-EEG|channel23"", ""LSLOutletStreamName-EEG|channel24"", ""LSLOutletStreamName-EEG|channel25"", ""LSLOutletStreamName-EEG|channel26"", ""LSLOutletStreamName-EEG|channel27"", ""LSLOutletStreamName-EEG|channel28"", ""LSLOutletStreamName-EEG|channel29"", ""LSLOutletStreamName-EEG|channel30"", ""LSLOutletStreamName-EEG|channel31"", ""LSLOutletStreamName-Accelerometer|channel0"", ""LSLOutletStreamName-Accelerometer|channel1"", ""LSLOutletStreamName-Accelerometer|channel2""]",ID | StorageTime | LSLOutletStreamName-EEG|channel0 | LSLOutletStreamName-EEG|channel1 | LSLOutletStreamName-EEG|channel2 | LSLOutletStreamName-EEG|channel3 | LSLOutletStreamName-EEG|channel4 | LSLOutletStreamName-EEG|channel5 | LSLOutletStreamName-EEG|channel6 | LSLOutletStreamName-EEG|channel7 | LSLOutletStreamName-EEG|channel8 | LSLOutletStreamName-EEG|channel9 | LSLOutletStreamName-EEG|channel10 | LSLOutletStreamName-EEG|channel11 | LSLOutletStreamName-EEG|channel12 | LSLOutletStreamName-EEG|channel13 | LSLOutletStreamName-EEG|channel14 | LSLOutletStreamName-EEG|channel15 | LSLOutletStreamName-EEG|channel16 | LSLOutletStreamName-EEG|channel17 | LSLOutletStreamName-EEG|channel18 | LSLOutletStreamName-EEG|channel19 | LSLOutletStreamName-EEG|channel20 | LSLOutletStreamName-EEG|channel21 | LSLOutletStreamName-EEG|channel22 | LSLOutletStreamName-EEG|channel23 | LSLOutletStreamName-EEG|channel24 | LSLOutletStreamName-EEG|channel25 | LSLOutletStreamName-EEG|channel26 | LSLOutletStreamName-EEG|channel27
原始脑电数据/byx/Entity_Recording_2025_09_28_17_35_43_eeg.csv,原始脑电数据,byx,2025_09_28_17_35_43,eeg,ok,utf-8-sig,351479,37,StorageTime,True,True,False,0.21172100320783457,"[""ID"", ""StorageTime"", ""LSLOutletStreamName-EEG|channel0"", ""LSLOutletStreamName-EEG|channel1"", ""LSLOutletStreamName-EEG|channel2"", ""LSLOutletStreamName-EEG|channel3"", ""LSLOutletStreamName-EEG|channel4"", ""LSLOutletStreamName-EEG|channel5"", ""LSLOutletStreamName-EEG|channel6"", ""LSLOutletStreamName-EEG|channel7"", ""LSLOutletStreamName-EEG|channel8"", ""LSLOutletStreamName-EEG|channel9"", ""LSLOutletStreamName-EEG|channel10"", ""LSLOutletStreamName-EEG|channel11"", ""LSLOutletStreamName-EEG|channel12"", ""LSLOutletStreamName-EEG|channel13"", ""LSLOutletStreamName-EEG|channel14"", ""LSLOutletStreamName-EEG|channel15"", ""LSLOutletStreamName-EEG|channel16"", ""LSLOutletStreamName-EEG|channel17"", ""LSLOutletStreamName-EEG|channel18"", ""LSLOutletStreamName-EEG|channel19"", ""LSLOutletStreamName-EEG|channel20"", ""LSLOutletStreamName-EEG|channel21"", ""LSLOutletStreamName-EEG|channel22"", ""LSLOutletStreamName-EEG|channel23"", ""LSLOutletStreamName-EEG|channel24"", ""LSLOutletStreamName-EEG|channel25"", ""LSLOutletStreamName-EEG|channel26"", ""LSLOutletStreamName-EEG|channel27"", ""LSLOutletStreamName-EEG|channel28"", ""LSLOutletStreamName-EEG|channel29"", ""LSLOutletStreamName-EEG|channel30"", ""LSLOutletStreamName-EEG|channel31"", ""LSLOutletStreamName-Accelerometer|channel0"", ""LSLOutletStreamName-Accelerometer|channel1"", ""LSLOutletStreamName-Accelerometer|channel2""]",ID | StorageTime | LSLOutletStreamName-EEG|channel0 | LSLOutletStreamName-EEG|channel1 | LSLOutletStreamName-EEG|channel2 | LSLOutletStreamName-EEG|channel3 | LSLOutletStreamName-EEG|channel4 | LSLOutletStreamName-EEG|channel5 | LSLOutletStreamName-EEG|channel6 | LSLOutletStreamName-EEG|channel7 | LSLOutletStreamName-EEG|channel8 | LSLOutletStreamName-EEG|channel9 | LSLOutletStreamName-EEG|channel10 | LSLOutletStreamName-EEG|channel11 | LSLOutletStreamName-EEG|channel12 | LSLOutletStreamName-EEG|channel13 | LSLOutletStreamName-EEG|channel14 | LSLOutletStreamName-EEG|channel15 | LSLOutletStreamName-EEG|channel16 | LSLOutletStreamName-EEG|channel17 | LSLOutletStreamName-EEG|channel18 | LSLOutletStreamName-EEG|channel19 | LSLOutletStreamName-EEG|channel20 | LSLOutletStreamName-EEG|channel21 | LSLOutletStreamName-EEG|channel22 | LSLOutletStreamName-EEG|channel23 | LSLOutletStreamName-EEG|channel24 | LSLOutletStreamName-EEG|channel25 | LSLOutletStreamName-EEG|channel26 | LSLOutletStreamName-EEG|channel27
原始脑电数据/byx/Entity_Recording_2025_09_28_17_46_00_eeg.csv,原始脑电数据,byx,2025_09_28_17_46_00,eeg,ok,utf-8-sig,328425,37,StorageTime,True,True,False,0.21172006443529623,"[""ID"", ""StorageTime"", ""LSLOutletStreamName-EEG|channel0"", ""LSLOutletStreamName-EEG|channel1"", ""LSLOutletStreamName-EEG|channel2"", ""LSLOutletStreamName-EEG|channel3"", ""LSLOutletStreamName-EEG|channel4"", ""LSLOutletStreamName-EEG|channel5"", ""LSLOutletStreamName-EEG|channel6"", ""LSLOutletStreamName-EEG|channel7"", ""LSLOutletStreamName-EEG|channel8"", ""LSLOutletStreamName-EEG|channel9"", ""LSLOutletStreamName-EEG|channel10"", ""LSLOutletStreamName-EEG|channel11"", ""LSLOutletStreamName-EEG|channel12"", ""LSLOutletStreamName-EEG|channel13"", ""LSLOutletStreamName-EEG|channel14"", ""LSLOutletStreamName-EEG|channel15"", ""LSLOutletStreamName-EEG|channel16"", ""LSLOutletStreamName-EEG|channel17"", ""LSLOutletStreamName-EEG|channel18"", ""LSLOutletStreamName-EEG|channel19"", ""LSLOutletStreamName-EEG|channel20"", ""LSLOutletStreamName-EEG|channel21"", ""LSLOutletStreamName-EEG|channel22"", ""LSLOutletStreamName-EEG|channel23"", ""LSLOutletStreamName-EEG|channel24"", ""LSLOutletStreamName-EEG|channel25"", ""LSLOutletStreamName-EEG|channel26"", ""LSLOutletStreamName-EEG|channel27"", ""LSLOutletStreamName-EEG|channel28"", ""LSLOutletStreamName-EEG|channel29"", ""LSLOutletStreamName-EEG|channel30"", ""LSLOutletStreamName-EEG|channel31"", ""LSLOutletStreamName-Accelerometer|channel0"", ""LSLOutletStreamName-Accelerometer|channel1"", ""LSLOutletStreamName-Accelerometer|channel2""]",ID | StorageTime | LSLOutletStreamName-EEG|channel0 | LSLOutletStreamName-EEG|channel1 | LSLOutletStreamName-EEG|channel2 | LSLOutletStreamName-EEG|channel3 | LSLOutletStreamName-EEG|channel4 | LSLOutletStreamName-EEG|channel5 | LSLOutletStreamName-EEG|channel6 | LSLOutletStreamName-EEG|channel7 | LSLOutletStreamName-EEG|channel8 | LSLOutletStreamName-EEG|channel9 | LSLOutletStreamName-EEG|channel10 | LSLOutletStreamName-EEG|channel11 | LSLOutletStreamName-EEG|channel12 | LSLOutletStreamName-EEG|channel13 | LSLOutletStreamName-EEG|channel14 | LSLOutletStreamName-EEG|channel15 | LSLOutletStreamName-EEG|channel16 | LSLOutletStreamName-EEG|channel17 | LSLOutletStreamName-EEG|channel18 | LSLOutletStreamName-EEG|channel19 | LSLOutletStreamName-EEG|channel20 | LSLOutletStreamName-EEG|channel21 | LSLOutletStreamName-EEG|channel22 | LSLOutletStreamName-EEG|channel23 | LSLOutletStreamName-EEG|channel24 | LSLOutletStreamName-EEG|channel25 | LSLOutletStreamName-EEG|channel26 | LSLOutletStreamName-EEG|channel27
原始脑电数据/cwh/Entity_Recording_2025_09_26_19_23_28_eeg.csv,原始脑电数据,cwh,2025_09_26_19_23_28,eeg,ok,utf-8-sig,98424,37,StorageTime,True,True,False,0.21171171171171171,"[""ID"", ""StorageTime"", ""LSLOutletStreamName-EEG|channel0"", ""LSLOutletStreamName-EEG|channel1"", ""LSLOutletStreamName-EEG|channel2"", ""LSLOutletStreamName-EEG|channel3"", ""LSLOutletStreamName-EEG|channel4"", ""LSLOutletStreamName-EEG|channel5"", ""LSLOutletStreamName-EEG|channel6"", ""LSLOutletStreamName-EEG|channel7"", ""LSLOutletStreamName-EEG|channel8"", ""LSLOutletStreamName-EEG|channel9"", ""LSLOutletStreamName-EEG|channel10"", ""LSLOutletStreamName-EEG|channel11"", ""LSLOutletStreamName-EEG|channel12"", ""LSLOutletStreamName-EEG|channel13"", ""LSLOutletStreamName-EEG|channel14"", ""LSLOutletStreamName-EEG|channel15"", ""LSLOutletStreamName-EEG|channel16"", ""LSLOutletStreamName-EEG|channel17"", ""LSLOutletStreamName-EEG|channel18"", ""LSLOutletStreamName-EEG|channel19"", ""LSLOutletStreamName-EEG|channel20"", ""LSLOutletStreamName-EEG|channel21"", ""LSLOutletStreamName-EEG|channel22"", ""LSLOutletStreamName-EEG|channel23"", ""LSLOutletStreamName-EEG|channel24"", ""LSLOutletStreamName-EEG|channel25"", ""LSLOutletStreamName-EEG|channel26"", ""LSLOutletStreamName-EEG|channel27"", ""LSLOutletStreamName-EEG|channel28"", ""LSLOutletStreamName-EEG|channel29"", ""LSLOutletStreamName-EEG|channel30"", ""LSLOutletStreamName-EEG|channel31"", ""LSLOutletStreamName-Accelerometer|channel0"", ""LSLOutletStreamName-Accelerometer|channel1"", ""LSLOutletStreamName-Accelerometer|channel2""]",ID | StorageTime | LSLOutletStreamName-EEG|channel0 | LSLOutletStreamName-EEG|channel1 | LSLOutletStreamName-EEG|channel2 | LSLOutletStreamName-EEG|channel3 | LSLOutletStreamName-EEG|channel4 | LSLOutletStreamName-EEG|channel5 | LSLOutletStreamName-EEG|channel6 | LSLOutletStreamName-EEG|channel7 | LSLOutletStreamName-EEG|channel8 | LSLOutletStreamName-EEG|channel9 | LSLOutletStreamName-EEG|channel10 | LSLOutletStreamName-EEG|channel11 | LSLOutletStreamName-EEG|channel12 | LSLOutletStreamName-EEG|channel13 | LSLOutletStreamName-EEG|channel14 | LSLOutletStreamName-EEG|channel15 | LSLOutletStreamName-EEG|channel16 | LSLOutletStreamName-EEG|channel17 | LSLOutletStreamName-EEG|channel18 | LSLOutletStreamName-EEG|channel19 | LSLOutletStreamName-EEG|channel20 | LSLOutletStreamName-EEG|channel21 | LSLOutletStreamName-EEG|channel22 | LSLOutletStreamName-EEG|channel23 | LSLOutletStreamName-EEG|channel24 | LSLOutletStreamName-EEG|channel25 | LSLOutletStreamName-EEG|channel26 | LSLOutletStreamName-EEG|channel27
原始脑电数据/cwh/Entity_Recording_2025_09_26_19_27_21_eeg.csv,原始脑电数据,cwh,2025_09_26_19_27_21,eeg,ok,utf-8-sig,260354,37,StorageTime,True,True,False,0.2117107082269899,"[""ID"", ""StorageTime"", ""LSLOutletStreamName-EEG|channel0"", ""LSLOutletStreamName-EEG|channel1"", ""LSLOutletStreamName-EEG|channel2"", ""LSLOutletStreamName-EEG|channel3"", ""LSLOutletStreamName-EEG|channel4"", ""LSLOutletStreamName-EEG|channel5"", ""LSLOutletStreamName-EEG|channel6"", ""LSLOutletStreamName-EEG|channel7"", ""LSLOutletStreamName-EEG|channel8"", ""LSLOutletStreamName-EEG|channel9"", ""LSLOutletStreamName-EEG|channel10"", ""LSLOutletStreamName-EEG|channel11"", ""LSLOutletStreamName-EEG|channel12"", ""LSLOutletStreamName-EEG|channel13"", ""LSLOutletStreamName-EEG|channel14"", ""LSLOutletStreamName-EEG|channel15"", ""LSLOutletStreamName-EEG|channel16"", ""LSLOutletStreamName-EEG|channel17"", ""LSLOutletStreamName-EEG|channel18"", ""LSLOutletStreamName-EEG|channel19"", ""LSLOutletStreamName-EEG|channel20"", ""LSLOutletStreamName-EEG|channel21"", ""LSLOutletStreamName-EEG|channel22"", ""LSLOutletStreamName-EEG|channel23"", ""LSLOutletStreamName-EEG|channel24"", ""LSLOutletStreamName-EEG|channel25"", ""LSLOutletStreamName-EEG|channel26"", ""LSLOutletStreamName-EEG|channel27"", ""LSLOutletStreamName-EEG|channel28"", ""LSLOutletStreamName-EEG|channel29"", ""LSLOutletStreamName-EEG|channel30"", ""LSLOutletStreamName-EEG|channel31"", ""LSLOutletStreamName-Accelerometer|channel0"", ""LSLOutletStreamName-Accelerometer|channel1"", ""LSLOutletStreamName-Accelerometer|channel2""]",ID | StorageTime | LSLOutletStreamName-EEG|channel0 | LSLOutletStreamName-EEG|channel1 | LSLOutletStreamName-EEG|channel2 | LSLOutletStreamName-EEG|channel3 | LSLOutletStreamName-EEG|channel4 | LSLOutletStreamName-EEG|channel5 | LSLOutletStreamName-EEG|channel6 | LSLOutletStreamName-EEG|channel7 | LSLOutletStreamName-EEG|channel8 | LSLOutletStreamName-EEG|channel9 | LSLOutletStreamName-EEG|channel10 | LSLOutletStreamName-EEG|channel11 | LSLOutletStreamName-EEG|channel12 | LSLOutletStreamName-EEG|channel13 | LSLOutletStreamName-EEG|channel14 | LSLOutletStreamName-EEG|channel15 | LSLOutletStreamName-EEG|channel16 | LSLOutletStreamName-EEG|channel17 | LSLOutletStreamName-EEG|channel18 | LSLOutletStreamName-EEG|channel19 | LSLOutletStreamName-EEG|channel20 | LSLOutletStreamName-EEG|channel21 | LSLOutletStreamName-EEG|channel22 | LSLOutletStreamName-EEG|channel23 | LSLOutletStreamName-EEG|channel24 | LSLOutletStreamName-EEG|channel25 | LSLOutletStreamName-EEG|channel26 | LSLOutletStreamName-EEG|channel27
原始脑电数据/cwh/Entity_Recording_2025_09_26_19_35_47_eeg.csv,原始脑电数据,cwh,2025_09_26_19_35_47,eeg,ok,utf-8-sig,329647,37,StorageTime,True,True,False,0.21171131543742244,"[""ID"", ""StorageTime"", ""LSLOutletStreamName-EEG|channel0"", ""LSLOutletStreamName-EEG|channel1"", ""LSLOutletStreamName-EEG|channel2"", ""LSLOutletStreamName-EEG|channel3"", ""LSLOutletStreamName-EEG|channel4"", ""LSLOutletStreamName-EEG|channel5"", ""LSLOutletStreamName-EEG|channel6"", ""LSLOutletStreamName-EEG|channel7"", ""LSLOutletStreamName-EEG|channel8"", ""LSLOutletStreamName-EEG|channel9"", ""LSLOutletStreamName-EEG|channel10"", ""LSLOutletStreamName-EEG|channel11"", ""LSLOutletStreamName-EEG|channel12"", ""LSLOutletStreamName-EEG|channel13"", ""LSLOutletStreamName-EEG|channel14"", ""LSLOutletStreamName-EEG|channel15"", ""LSLOutletStreamName-EEG|channel16"", ""LSLOutletStreamName-EEG|channel17"", ""LSLOutletStreamName-EEG|channel18"", ""LSLOutletStreamName-EEG|channel19"", ""LSLOutletStreamName-EEG|channel20"", ""LSLOutletStreamName-EEG|channel21"", ""LSLOutletStreamName-EEG|channel22"", ""LSLOutletStreamName-EEG|channel23"", ""LSLOutletStreamName-EEG|channel24"", ""LSLOutletStreamName-EEG|channel25"", ""LSLOutletStreamName-EEG|channel26"", ""LSLOutletStreamName-EEG|channel27"", ""LSLOutletStreamName-EEG|channel28"", ""LSLOutletStreamName-EEG|channel29"", ""LSLOutletStreamName-EEG|channel30"", ""LSLOutletStreamName-EEG|channel31"", ""LSLOutletStreamName-Accelerometer|channel0"", ""LSLOutletStreamName-Accelerometer|channel1"", ""LSLOutletStreamName-Accelerometer|channel2""]",ID | StorageTime | LSLOutletStreamName-EEG|channel0 | LSLOutletStreamName-EEG|channel1 | LSLOutletStreamName-EEG|channel2 | LSLOutletStreamName-EEG|channel3 | LSLOutletStreamName-EEG|channel4 | LSLOutletStreamName-EEG|channel5 | LSLOutletStreamName-EEG|channel6 | LSLOutletStreamName-EEG|channel7 | LSLOutletStreamName-EEG|channel8 | LSLOutletStreamName-EEG|channel9 | LSLOutletStreamName-EEG|channel10 | LSLOutletStreamName-EEG|channel11 | LSLOutletStreamName-EEG|channel12 | LSLOutletStreamName-EEG|channel13 | LSLOutletStreamName-EEG|channel14 | LSLOutletStreamName-EEG|channel15 | LSLOutletStreamName-EEG|channel16 | LSLOutletStreamName-EEG|channel17 | LSLOutletStreamName-EEG|channel18 | LSLOutletStreamName-EEG|channel19 | LSLOutletStreamName-EEG|channel20 | LSLOutletStreamName-EEG|channel21 | LSLOutletStreamName-EEG|channel22 | LSLOutletStreamName-EEG|channel23 | LSLOutletStreamName-EEG|channel24 | LSLOutletStreamName-EEG|channel25 | LSLOutletStreamName-EEG|channel26 | LSLOutletStreamName-EEG|channel27
原始脑电数据/cwh/Entity_Recording_2025_09_26_19_45_40_eeg.csv,原始脑电数据,cwh,2025_09_26_19_45_40,eeg,ok,utf-8-sig,323385,37,StorageTime,True,True,False,0.2117104998685777,"[""ID"", ""StorageTime"", ""LSLOutletStreamName-EEG|channel0"", ""LSLOutletStreamName-EEG|channel1"", ""LSLOutletStreamName-EEG|channel2"", ""LSLOutletStreamName-EEG|channel3"", ""LSLOutletStreamName-EEG|channel4"", ""LSLOutletStreamName-EEG|channel5"", ""LSLOutletStreamName-EEG|channel6"", ""LSLOutletStreamName-EEG|channel7"", ""LSLOutletStreamName-EEG|channel8"", ""LSLOutletStreamName-EEG|channel9"", ""LSLOutletStreamName-EEG|channel10"", ""LSLOutletStreamName-EEG|channel11"", ""LSLOutletStreamName-EEG|channel12"", ""LSLOutletStreamName-EEG|channel13"", ""LSLOutletStreamName-EEG|channel14"", ""LSLOutletStreamName-EEG|channel15"", ""LSLOutletStreamName-EEG|channel16"", ""LSLOutletStreamName-EEG|channel17"", ""LSLOutletStreamName-EEG|channel18"", ""LSLOutletStreamName-EEG|channel19"", ""LSLOutletStreamName-EEG|channel20"", ""LSLOutletStreamName-EEG|channel21"", ""LSLOutletStreamName-EEG|channel22"", ""LSLOutletStreamName-EEG|channel23"", ""LSLOutletStreamName-EEG|channel24"", ""LSLOutletStreamName-EEG|channel25"", ""LSLOutletStreamName-EEG|channel26"", ""LSLOutletStreamName-EEG|channel27"", ""LSLOutletStreamName-EEG|channel28"", ""LSLOutletStreamName-EEG|channel29"", ""LSLOutletStreamName-EEG|channel30"", ""LSLOutletStreamName-EEG|channel31"", ""LSLOutletStreamName-Accelerometer|channel0"", ""LSLOutletStreamName-Accelerometer|channel1"", ""LSLOutletStreamName-Accelerometer|channel2""]",ID | StorageTime | LSLOutletStreamName-EEG|channel0 | LSLOutletStreamName-EEG|channel1 | LSLOutletStreamName-EEG|channel2 | LSLOutletStreamName-EEG|channel3 | LSLOutletStreamName-EEG|channel4 | LSLOutletStreamName-EEG|channel5 | LSLOutletStreamName-EEG|channel6 | LSLOutletStreamName-EEG|channel7 | LSLOutletStreamName-EEG|channel8 | LSLOutletStreamName-EEG|channel9 | LSLOutletStreamName-EEG|channel10 | LSLOutletStreamName-EEG|channel11 | LSLOutletStreamName-EEG|channel12 | LSLOutletStreamName-EEG|channel13 | LSLOutletStreamName-EEG|channel14 | LSLOutletStreamName-EEG|channel15 | LSLOutletStreamName-EEG|channel16 | LSLOutletStreamName-EEG|channel17 | LSLOutletStreamName-EEG|channel18 | LSLOutletStreamName-EEG|channel19 | LSLOutletStreamName-EEG|channel20 | LSLOutletStreamName-EEG|channel21 | LSLOutletStreamName-EEG|channel22 | LSLOutletStreamName-EEG|channel23 | LSLOutletStreamName-EEG|channel24 | LSLOutletStreamName-EEG|channel25 | LSLOutletStreamName-EEG|channel26 | LSLOutletStreamName-EEG|channel27
原始脑电数据/cwh/Entity_Recording_2025_09_26_19_56_16_eeg.csv,原始脑电数据,cwh,2025_09_26_19_56_16,eeg,ok,utf-8-sig,315584,37,StorageTime,True,True,False,0.21171088384571957,"[""ID"", ""StorageTime"", ""LSLOutletStreamName-EEG|channel0"", ""LSLOutletStreamName-EEG|channel1"", ""LSLOutletStreamName-EEG|channel2"", ""LSLOutletStreamName-EEG|channel3"", ""LSLOutletStreamName-EEG|channel4"", ""LSLOutletStreamName-EEG|channel5"", ""LSLOutletStreamName-EEG|channel6"", ""LSLOutletStreamName-EEG|channel7"", ""LSLOutletStreamName-EEG|channel8"", ""LSLOutletStreamName-EEG|channel9"", ""LSLOutletStreamName-EEG|channel10"", ""LSLOutletStreamName-EEG|channel11"", ""LSLOutletStreamName-EEG|channel12"", ""LSLOutletStreamName-EEG|channel13"", ""LSLOutletStreamName-EEG|channel14"", ""LSLOutletStreamName-EEG|channel15"", ""LSLOutletStreamName-EEG|channel16"", ""LSLOutletStreamName-EEG|channel17"", ""LSLOutletStreamName-EEG|channel18"", ""LSLOutletStreamName-EEG|channel19"", ""LSLOutletStreamName-EEG|channel20"", ""LSLOutletStreamName-EEG|channel21"", ""LSLOutletStreamName-EEG|channel22"", ""LSLOutletStreamName-EEG|channel23"", ""LSLOutletStreamName-EEG|channel24"", ""LSLOutletStreamName-EEG|channel25"", ""LSLOutletStreamName-EEG|channel26"", ""LSLOutletStreamName-EEG|channel27"", ""LSLOutletStreamName-EEG|channel28"", ""LSLOutletStreamName-EEG|channel29"", ""LSLOutletStreamName-EEG|channel30"", ""LSLOutletStreamName-EEG|channel31"", ""LSLOutletStreamName-Accelerometer|channel0"", ""LSLOutletStreamName-Accelerometer|channel1"", ""LSLOutletStreamName-Accelerometer|channel2""]",ID | StorageTime | LSLOutletStreamName-EEG|channel0 | LSLOutletStreamName-EEG|channel1 | LSLOutletStreamName-EEG|channel2 | LSLOutletStreamName-EEG|channel3 | LSLOutletStreamName-EEG|channel4 | LSLOutletStreamName-EEG|channel5 | LSLOutletStreamName-EEG|channel6 | LSLOutletStreamName-EEG|channel7 | LSLOutletStreamName-EEG|channel8 | LSLOutletStreamName-EEG|channel9 | LSLOutletStreamName-EEG|channel10 | LSLOutletStreamName-EEG|channel11 | LSLOutletStreamName-EEG|channel12 | LSLOutletStreamName-EEG|channel13 | LSLOutletStreamName-EEG|channel14 | LSLOutletStreamName-EEG|channel15 | LSLOutletStreamName-EEG|channel16 | LSLOutletStreamName-EEG|channel17 | LSLOutletStreamName-EEG|channel18 | LSLOutletStreamName-EEG|channel19 | LSLOutletStreamName-EEG|channel20 | LSLOutletStreamName-EEG|channel21 | LSLOutletStreamName-EEG|channel22 | LSLOutletStreamName-EEG|channel23 | LSLOutletStreamName-EEG|channel24 | LSLOutletStreamName-EEG|channel25 | LSLOutletStreamName-EEG|channel26 | LSLOutletStreamName-EEG|channel27
原始脑电数据/cwh/Entity_Recording_2025_09_26_20_06_19_eeg.csv,原始脑电数据,cwh,2025_09_26_20_06_19,eeg,ok,utf-8-sig,302686,37,StorageTime,True,True,False,0.21170998542598155,"[""ID"", ""StorageTime"", ""LSLOutletStreamName-EEG|channel0"", ""LSLOutletStreamName-EEG|channel1"", ""LSLOutletStreamName-EEG|channel2"", ""LSLOutletStreamName-EEG|channel3"", ""LSLOutletStreamName-EEG|channel4"", ""LSLOutletStreamName-EEG|channel5"", ""LSLOutletStreamName-EEG|channel6"", ""LSLOutletStreamName-EEG|channel7"", ""LSLOutletStreamName-EEG|channel8"", ""LSLOutletStreamName-EEG|channel9"", ""LSLOutletStreamName-EEG|channel10"", ""LSLOutletStreamName-EEG|channel11"", ""LSLOutletStreamName-EEG|channel12"", ""LSLOutletStreamName-EEG|channel13"", ""LSLOutletStreamName-EEG|channel14"", ""LSLOutletStreamName-EEG|channel15"", ""LSLOutletStreamName-EEG|channel16"", ""LSLOutletStreamName-EEG|channel17"", ""LSLOutletStreamName-EEG|channel18"", ""LSLOutletStreamName-EEG|channel19"", ""LSLOutletStreamName-EEG|channel20"", ""LSLOutletStreamName-EEG|channel21"", ""LSLOutletStreamName-EEG|channel22"", ""LSLOutletStreamName-EEG|channel23"", ""LSLOutletStreamName-EEG|channel24"", ""LSLOutletStreamName-EEG|channel25"", ""LSLOutletStreamName-EEG|channel26"", ""LSLOutletStreamName-EEG|channel27"", ""LSLOutletStreamName-EEG|channel28"", ""LSLOutletStreamName-EEG|channel29"", ""LSLOutletStreamName-EEG|channel30"", ""LSLOutletStreamName-EEG|channel31"", ""LSLOutletStreamName-Accelerometer|channel0"", ""LSLOutletStreamName-Accelerometer|channel1"", ""LSLOutletStreamName-Accelerometer|channel2""]",ID | StorageTime | LSLOutletStreamName-EEG|channel0 | LSLOutletStreamName-EEG|channel1 | LSLOutletStreamName-EEG|channel2 | LSLOutletStreamName-EEG|channel3 | LSLOutletStreamName-EEG|channel4 | LSLOutletStreamName-EEG|channel5 | LSLOutletStreamName-EEG|channel6 | LSLOutletStreamName-EEG|channel7 | LSLOutletStreamName-EEG|channel8 | LSLOutletStreamName-EEG|channel9 | LSLOutletStreamName-EEG|channel10 | LSLOutletStreamName-EEG|channel11 | LSLOutletStreamName-EEG|channel12 | LSLOutletStreamName-EEG|channel13 | LSLOutletStreamName-EEG|channel14 | LSLOutletStreamName-EEG|channel15 | LSLOutletStreamName-EEG|channel16 | LSLOutletStreamName-EEG|channel17 | LSLOutletStreamName-EEG|channel18 | LSLOutletStreamName-EEG|channel19 | LSLOutletStreamName-EEG|channel20 | LSLOutletStreamName-EEG|channel21 | LSLOutletStreamName-EEG|channel22 | LSLOutletStreamName-EEG|channel23 | LSLOutletStreamName-EEG|channel24 | LSLOutletStreamName-EEG|channel25 | LSLOutletStreamName-EEG|channel26 | LSLOutletStreamName-EEG|channel27
原始脑电数据/gf/Entity_Recording_2025_09_26_10_03_00_eeg.csv,原始脑电数据,gf,2025_09_26_10_03_00,eeg,ok,utf-8-sig,337124,37,StorageTime,True,True,False,0.21165746375461494,"[""ID"", ""StorageTime"", ""LSLOutletStreamName-EEG|channel0"", ""LSLOutletStreamName-EEG|channel1"", ""LSLOutletStreamName-EEG|channel2"", ""LSLOutletStreamName-EEG|channel3"", ""LSLOutletStreamName-EEG|channel4"", ""LSLOutletStreamName-EEG|channel5"", ""LSLOutletStreamName-EEG|channel6"", ""LSLOutletStreamName-EEG|channel7"", ""LSLOutletStreamName-EEG|channel8"", ""LSLOutletStreamName-EEG|channel9"", ""LSLOutletStreamName-EEG|channel10"", ""LSLOutletStreamName-EEG|channel11"", ""LSLOutletStreamName-EEG|channel12"", ""LSLOutletStreamName-EEG|channel13"", ""LSLOutletStreamName-EEG|channel14"", ""LSLOutletStreamName-EEG|channel15"", ""LSLOutletStreamName-EEG|channel16"", ""LSLOutletStreamName-EEG|channel17"", ""LSLOutletStreamName-EEG|channel18"", ""LSLOutletStreamName-EEG|channel19"", ""LSLOutletStreamName-EEG|channel20"", ""LSLOutletStreamName-EEG|channel21"", ""LSLOutletStreamName-EEG|channel22"", ""LSLOutletStreamName-EEG|channel23"", ""LSLOutletStreamName-EEG|channel24"", ""LSLOutletStreamName-EEG|channel25"", ""LSLOutletStreamName-EEG|channel26"", ""LSLOutletStreamName-EEG|channel27"", ""LSLOutletStreamName-EEG|channel28"", ""LSLOutletStreamName-EEG|channel29"", ""LSLOutletStreamName-EEG|channel30"", ""LSLOutletStreamName-EEG|channel31"", ""LSLOutletStreamName-Accelerometer|channel0"", ""LSLOutletStreamName-Accelerometer|channel1"", ""LSLOutletStreamName-Accelerometer|channel2""]",ID | StorageTime | LSLOutletStreamName-EEG|channel0 | LSLOutletStreamName-EEG|channel1 | LSLOutletStreamName-EEG|channel2 | LSLOutletStreamName-EEG|channel3 | LSLOutletStreamName-EEG|channel4 | LSLOutletStreamName-EEG|channel5 | LSLOutletStreamName-EEG|channel6 | LSLOutletStreamName-EEG|channel7 | LSLOutletStreamName-EEG|channel8 | LSLOutletStreamName-EEG|channel9 | LSLOutletStreamName-EEG|channel10 | LSLOutletStreamName-EEG|channel11 | LSLOutletStreamName-EEG|channel12 | LSLOutletStreamName-EEG|channel13 | LSLOutletStreamName-EEG|channel14 | LSLOutletStreamName-EEG|channel15 | LSLOutletStreamName-EEG|channel16 | LSLOutletStreamName-EEG|channel17 | LSLOutletStreamName-EEG|channel18 | LSLOutletStreamName-EEG|channel19 | LSLOutletStreamName-EEG|channel20 | LSLOutletStreamName-EEG|channel21 | LSLOutletStreamName-EEG|channel22 | LSLOutletStreamName-EEG|channel23 | LSLOutletStreamName-EEG|channel24 | LSLOutletStreamName-EEG|channel25 | LSLOutletStreamName-EEG|channel26 | LSLOutletStreamName-EEG|channel27
原始脑电数据/gf/Entity_Recording_2025_09_26_10_18_49_eeg.csv,原始脑电数据,gf,2025_09_26_10_18_49,eeg,ok,utf-8-sig,350290,37,StorageTime,True,True,False,0.21171469508276153,"[""ID"", ""StorageTime"", ""LSLOutletStreamName-EEG|channel0"", ""LSLOutletStreamName-EEG|channel1"", ""LSLOutletStreamName-EEG|channel2"", ""LSLOutletStreamName-EEG|channel3"", ""LSLOutletStreamName-EEG|channel4"", ""LSLOutletStreamName-EEG|channel5"", ""LSLOutletStreamName-EEG|channel6"", ""LSLOutletStreamName-EEG|channel7"", ""LSLOutletStreamName-EEG|channel8"", ""LSLOutletStreamName-EEG|channel9"", ""LSLOutletStreamName-EEG|channel10"", ""LSLOutletStreamName-EEG|channel11"", ""LSLOutletStreamName-EEG|channel12"", ""LSLOutletStreamName-EEG|channel13"", ""LSLOutletStreamName-EEG|channel14"", ""LSLOutletStreamName-EEG|channel15"", ""LSLOutletStreamName-EEG|channel16"", ""LSLOutletStreamName-EEG|channel17"", ""LSLOutletStreamName-EEG|channel18"", ""LSLOutletStreamName-EEG|channel19"", ""LSLOutletStreamName-EEG|channel20"", ""LSLOutletStreamName-EEG|channel21"", ""LSLOutletStreamName-EEG|channel22"", ""LSLOutletStreamName-EEG|channel23"", ""LSLOutletStreamName-EEG|channel24"", ""LSLOutletStreamName-EEG|channel25"", ""LSLOutletStreamName-EEG|channel26"", ""LSLOutletStreamName-EEG|channel27"", ""LSLOutletStreamName-EEG|channel28"", ""LSLOutletStreamName-EEG|channel29"", ""LSLOutletStreamName-EEG|channel30"", ""LSLOutletStreamName-EEG|channel31"", ""LSLOutletStreamName-Accelerometer|channel0"", ""LSLOutletStreamName-Accelerometer|channel1"", ""LSLOutletStreamName-Accelerometer|channel2""]",ID | StorageTime | LSLOutletStreamName-EEG|channel0 | LSLOutletStreamName-EEG|channel1 | LSLOutletStreamName-EEG|channel2 | LSLOutletStreamName-EEG|channel3 | LSLOutletStreamName-EEG|channel4 | LSLOutletStreamName-EEG|channel5 | LSLOutletStreamName-EEG|channel6 | LSLOutletStreamName-EEG|channel7 | LSLOutletStreamName-EEG|channel8 | LSLOutletStreamName-EEG|channel9 | LSLOutletStreamName-EEG|channel10 | LSLOutletStreamName-EEG|channel11 | LSLOutletStreamName-EEG|channel12 | LSLOutletStreamName-EEG|channel13 | LSLOutletStreamName-EEG|channel14 | LSLOutletStreamName-EEG|channel15 | LSLOutletStreamName-EEG|channel16 | LSLOutletStreamName-EEG|channel17 | LSLOutletStreamName-EEG|channel18 | LSLOutletStreamName-EEG|channel19 | LSLOutletStreamName-EEG|channel20 | LSLOutletStreamName-EEG|channel21 | LSLOutletStreamName-EEG|channel22 | LSLOutletStreamName-EEG|channel23 | LSLOutletStreamName-EEG|channel24 | LSLOutletStreamName-EEG|channel25 | LSLOutletStreamName-EEG|channel26 | LSLOutletStreamName-EEG|channel27
原始脑电数据/gf/Entity_Recording_2025_09_26_10_30_12_eeg.csv,原始脑电数据,gf,2025_09_26_10_30_12,eeg,ok,utf-8-sig,282989,37,StorageTime,True,True,False,0.06486480756152016,"[""ID"", ""StorageTime"", ""LSLOutletStreamName-EEG|channel0"", ""LSLOutletStreamName-EEG|channel1"", ""LSLOutletStreamName-EEG|channel2"", ""LSLOutletStreamName-EEG|channel3"", ""LSLOutletStreamName-EEG|channel4"", ""LSLOutletStreamName-EEG|channel5"", ""LSLOutletStreamName-EEG|channel6"", ""LSLOutletStreamName-EEG|channel7"", ""LSLOutletStreamName-EEG|channel8"", ""LSLOutletStreamName-EEG|channel9"", ""LSLOutletStreamName-EEG|channel10"", ""LSLOutletStreamName-EEG|channel11"", ""LSLOutletStreamName-EEG|channel12"", ""LSLOutletStreamName-EEG|channel13"", ""LSLOutletStreamName-EEG|channel14"", ""LSLOutletStreamName-EEG|channel15"", ""LSLOutletStreamName-EEG|channel16"", ""LSLOutletStreamName-EEG|channel17"", ""LSLOutletStreamName-EEG|channel18"", ""LSLOutletStreamName-EEG|channel19"", ""LSLOutletStreamName-EEG|channel20"", ""LSLOutletStreamName-EEG|channel21"", ""LSLOutletStreamName-EEG|channel22"", ""LSLOutletStreamName-EEG|channel23"", ""LSLOutletStreamName-EEG|channel24"", ""LSLOutletStreamName-EEG|channel25"", ""LSLOutletStreamName-EEG|channel26"", ""LSLOutletStreamName-EEG|channel27"", ""LSLOutletStreamName-EEG|channel28"", ""LSLOutletStreamName-EEG|channel29"", ""LSLOutletStreamName-EEG|channel30"", ""LSLOutletStreamName-EEG|channel31"", ""LSLOutletStreamName-Accelerometer|channel0"", ""LSLOutletStreamName-Accelerometer|channel1"", ""LSLOutletStreamName-Accelerometer|channel2""]",ID | StorageTime | LSLOutletStreamName-EEG|channel0 | LSLOutletStreamName-EEG|channel1 | LSLOutletStreamName-EEG|channel2 | LSLOutletStreamName-EEG|channel3 | LSLOutletStreamName-EEG|channel4 | LSLOutletStreamName-EEG|channel5 | LSLOutletStreamName-EEG|channel6 | LSLOutletStreamName-EEG|channel7 | LSLOutletStreamName-EEG|channel8 | LSLOutletStreamName-EEG|channel9 | LSLOutletStreamName-EEG|channel10 | LSLOutletStreamName-EEG|channel11 | LSLOutletStreamName-EEG|channel12 | LSLOutletStreamName-EEG|channel13 | LSLOutletStreamName-EEG|channel14 | LSLOutletStreamName-EEG|channel15 | LSLOutletStreamName-EEG|channel16 | LSLOutletStreamName-EEG|channel17 | LSLOutletStreamName-EEG|channel18 | LSLOutletStreamName-EEG|channel19 | LSLOutletStreamName-EEG|channel20 | LSLOutletStreamName-EEG|channel21 | LSLOutletStreamName-EEG|channel22 | LSLOutletStreamName-EEG|channel23 | LSLOutletStreamName-EEG|channel24 | LSLOutletStreamName-EEG|channel25 | LSLOutletStreamName-EEG|channel26 | LSLOutletStreamName-EEG|channel27
原始脑电数据/gf/Entity_Recording_2025_09_26_10_40_59_eeg.csv,原始脑电数据,gf,2025_09_26_10_40_59,eeg,ok,utf-8-sig,354790,37,StorageTime,True,True,False,0.21171244809453327,"[""ID"", ""StorageTime"", ""LSLOutletStreamName-EEG|channel0"", ""LSLOutletStreamName-EEG|channel1"", ""LSLOutletStreamName-EEG|channel2"", ""LSLOutletStreamName-EEG|channel3"", ""LSLOutletStreamName-EEG|channel4"", ""LSLOutletStreamName-EEG|channel5"", ""LSLOutletStreamName-EEG|channel6"", ""LSLOutletStreamName-EEG|channel7"", ""LSLOutletStreamName-EEG|channel8"", ""LSLOutletStreamName-EEG|channel9"", ""LSLOutletStreamName-EEG|channel10"", ""LSLOutletStreamName-EEG|channel11"", ""LSLOutletStreamName-EEG|channel12"", ""LSLOutletStreamName-EEG|channel13"", ""LSLOutletStreamName-EEG|channel14"", ""LSLOutletStreamName-EEG|channel15"", ""LSLOutletStreamName-EEG|channel16"", ""LSLOutletStreamName-EEG|channel17"", ""LSLOutletStreamName-EEG|channel18"", ""LSLOutletStreamName-EEG|channel19"", ""LSLOutletStreamName-EEG|channel20"", ""LSLOutletStreamName-EEG|channel21"", ""LSLOutletStreamName-EEG|channel22"", ""LSLOutletStreamName-EEG|channel23"", ""LSLOutletStreamName-EEG|channel24"", ""LSLOutletStreamName-EEG|channel25"", ""LSLOutletStreamName-EEG|channel26"", ""LSLOutletStreamName-EEG|channel27"", ""LSLOutletStreamName-EEG|channel28"", ""LSLOutletStreamName-EEG|channel29"", ""LSLOutletStreamName-EEG|channel30"", ""LSLOutletStreamName-EEG|channel31"", ""LSLOutletStreamName-Accelerometer|channel0"", ""LSLOutletStreamName-Accelerometer|channel1"", ""LSLOutletStreamName-Accelerometer|channel2""]",ID | StorageTime | LSLOutletStreamName-EEG|channel0 | LSLOutletStreamName-EEG|channel1 | LSLOutletStreamName-EEG|channel2 | LSLOutletStreamName-EEG|channel3 | LSLOutletStreamName-EEG|channel4 | LSLOutletStreamName-EEG|channel5 | LSLOutletStreamName-EEG|channel6 | LSLOutletStreamName-EEG|channel7 | LSLOutletStreamName-EEG|channel8 | LSLOutletStreamName-EEG|channel9 | LSLOutletStreamName-EEG|channel10 | LSLOutletStreamName-EEG|channel11 | LSLOutletStreamName-EEG|channel12 | LSLOutletStreamName-EEG|channel13 | LSLOutletStreamName-EEG|channel14 | LSLOutletStreamName-EEG|channel15 | LSLOutletStreamName-EEG|channel16 | LSLOutletStreamName-EEG|channel17 | LSLOutletStreamName-EEG|channel18 | LSLOutletStreamName-EEG|channel19 | LSLOutletStreamName-EEG|channel20 | LSLOutletStreamName-EEG|channel21 | LSLOutletStreamName-EEG|channel22 | LSLOutletStreamName-EEG|channel23 | LSLOutletStreamName-EEG|channel24 | LSLOutletStreamName-EEG|channel25 | LSLOutletStreamName-EEG|channel26 | LSLOutletStreamName-EEG|channel27
原始脑电数据/gf/Entity_Recording_2025_09_26_10_52_57_eeg.csv,原始脑电数据,gf,2025_09_26_10_52_57,eeg,ok,utf-8-sig,370974,37,StorageTime,True,True,False,0.2117138244845308,"[""ID"", ""StorageTime"", ""LSLOutletStreamName-EEG|channel0"", ""LSLOutletStreamName-EEG|channel1"", ""LSLOutletStreamName-EEG|channel2"", ""LSLOutletStreamName-EEG|channel3"", ""LSLOutletStreamName-EEG|channel4"", ""LSLOutletStreamName-EEG|channel5"", ""LSLOutletStreamName-EEG|channel6"", ""LSLOutletStreamName-EEG|channel7"", ""LSLOutletStreamName-EEG|channel8"", ""LSLOutletStreamName-EEG|channel9"", ""LSLOutletStreamName-EEG|channel10"", ""LSLOutletStreamName-EEG|channel11"", ""LSLOutletStreamName-EEG|channel12"", ""LSLOutletStreamName-EEG|channel13"", ""LSLOutletStreamName-EEG|channel14"", ""LSLOutletStreamName-EEG|channel15"", ""LSLOutletStreamName-EEG|channel16"", ""LSLOutletStreamName-EEG|channel17"", ""LSLOutletStreamName-EEG|channel18"", ""LSLOutletStreamName-EEG|channel19"", ""LSLOutletStreamName-EEG|channel20"", ""LSLOutletStreamName-EEG|channel21"", ""LSLOutletStreamName-EEG|channel22"", ""LSLOutletStreamName-EEG|channel23"", ""LSLOutletStreamName-EEG|channel24"", ""LSLOutletStreamName-EEG|channel25"", ""LSLOutletStreamName-EEG|channel26"", ""LSLOutletStreamName-EEG|channel27"", ""LSLOutletStreamName-EEG|channel28"", ""LSLOutletStreamName-EEG|channel29"", ""LSLOutletStreamName-EEG|channel30"", ""LSLOutletStreamName-EEG|channel31"", ""LSLOutletStreamName-Accelerometer|channel0"", ""LSLOutletStreamName-Accelerometer|channel1"", ""LSLOutletStreamName-Accelerometer|channel2""]",ID | StorageTime | LSLOutletStreamName-EEG|channel0 | LSLOutletStreamName-EEG|channel1 | LSLOutletStreamName-EEG|channel2 | LSLOutletStreamName-EEG|channel3 | LSLOutletStreamName-EEG|channel4 | LSLOutletStreamName-EEG|channel5 | LSLOutletStreamName-EEG|channel6 | LSLOutletStreamName-EEG|channel7 | LSLOutletStreamName-EEG|channel8 | LSLOutletStreamName-EEG|channel9 | LSLOutletStreamName-EEG|channel10 | LSLOutletStreamName-EEG|channel11 | LSLOutletStreamName-EEG|channel12 | LSLOutletStreamName-EEG|channel13 | LSLOutletStreamName-EEG|channel14 | LSLOutletStreamName-EEG|channel15 | LSLOutletStreamName-EEG|channel16 | LSLOutletStreamName-EEG|channel17 | LSLOutletStreamName-EEG|channel18 | LSLOutletStreamName-EEG|channel19 | LSLOutletStreamName-EEG|channel20 | LSLOutletStreamName-EEG|channel21 | LSLOutletStreamName-EEG|channel22 | LSLOutletStreamName-EEG|channel23 | LSLOutletStreamName-EEG|channel24 | LSLOutletStreamName-EEG|channel25 | LSLOutletStreamName-EEG|channel26 | LSLOutletStreamName-EEG|channel27
原始脑电数据/gzj/Entity_Recording_2025_09_27_11_38_49_eeg.csv,原始脑电数据,gzj,2025_09_27_11_38_49,eeg,ok,utf-8-sig,67791,37,StorageTime,True,True,False,0.21172905436303233,"[""ID"", ""StorageTime"", ""LSLOutletStreamName-EEG|channel0"", ""LSLOutletStreamName-EEG|channel1"", ""LSLOutletStreamName-EEG|channel2"", ""LSLOutletStreamName-EEG|channel3"", ""LSLOutletStreamName-EEG|channel4"", ""LSLOutletStreamName-EEG|channel5"", ""LSLOutletStreamName-EEG|channel6"", ""LSLOutletStreamName-EEG|channel7"", ""LSLOutletStreamName-EEG|channel8"", ""LSLOutletStreamName-EEG|channel9"", ""LSLOutletStreamName-EEG|channel10"", ""LSLOutletStreamName-EEG|channel11"", ""LSLOutletStreamName-EEG|channel12"", ""LSLOutletStreamName-EEG|channel13"", ""LSLOutletStreamName-EEG|channel14"", ""LSLOutletStreamName-EEG|channel15"", ""LSLOutletStreamName-EEG|channel16"", ""LSLOutletStreamName-EEG|channel17"", ""LSLOutletStreamName-EEG|channel18"", ""LSLOutletStreamName-EEG|channel19"", ""LSLOutletStreamName-EEG|channel20"", ""LSLOutletStreamName-EEG|channel21"", ""LSLOutletStreamName-EEG|channel22"", ""LSLOutletStreamName-EEG|channel23"", ""LSLOutletStreamName-EEG|channel24"", ""LSLOutletStreamName-EEG|channel25"", ""LSLOutletStreamName-EEG|channel26"", ""LSLOutletStreamName-EEG|channel27"", ""LSLOutletStreamName-EEG|channel28"", ""LSLOutletStreamName-EEG|channel29"", ""LSLOutletStreamName-EEG|channel30"", ""LSLOutletStreamName-EEG|channel31"", ""LSLOutletStreamName-Accelerometer|channel0"", ""LSLOutletStreamName-Accelerometer|channel1"", ""LSLOutletStreamName-Accelerometer|channel2""]",ID | StorageTime | LSLOutletStreamName-EEG|channel0 | LSLOutletStreamName-EEG|channel1 | LSLOutletStreamName-EEG|channel2 | LSLOutletStreamName-EEG|channel3 | LSLOutletStreamName-EEG|channel4 | LSLOutletStreamName-EEG|channel5 | LSLOutletStreamName-EEG|channel6 | LSLOutletStreamName-EEG|channel7 | LSLOutletStreamName-EEG|channel8 | LSLOutletStreamName-EEG|channel9 | LSLOutletStreamName-EEG|channel10 | LSLOutletStreamName-EEG|channel11 | LSLOutletStreamName-EEG|channel12 | LSLOutletStreamName-EEG|channel13 | LSLOutletStreamName-EEG|channel14 | LSLOutletStreamName-EEG|channel15 | LSLOutletStreamName-EEG|channel16 | LSLOutletStreamName-EEG|channel17 | LSLOutletStreamName-EEG|channel18 | LSLOutletStreamName-EEG|channel19 | LSLOutletStreamName-EEG|channel20 | LSLOutletStreamName-EEG|channel21 | LSLOutletStreamName-EEG|channel22 | LSLOutletStreamName-EEG|channel23 | LSLOutletStreamName-EEG|channel24 | LSLOutletStreamName-EEG|channel25 | LSLOutletStreamName-EEG|channel26 | LSLOutletStreamName-EEG|channel27
原始脑电数据/gzj/Entity_Recording_2025_09_27_11_41_47_eeg.csv,原始脑电数据,gzj,2025_09_27_11_41_47,eeg,ok,utf-8-sig,384916,37,StorageTime,True,True,False,0.2117164629530964,"[""ID"", ""StorageTime"", ""LSLOutletStreamName-EEG|channel0"", ""LSLOutletStreamName-EEG|channel1"", ""LSLOutletStreamName-EEG|channel2"", ""LSLOutletStreamName-EEG|channel3"", ""LSLOutletStreamName-EEG|channel4"", ""LSLOutletStreamName-EEG|channel5"", ""LSLOutletStreamName-EEG|channel6"", ""LSLOutletStreamName-EEG|channel7"", ""LSLOutletStreamName-EEG|channel8"", ""LSLOutletStreamName-EEG|channel9"", ""LSLOutletStreamName-EEG|channel10"", ""LSLOutletStreamName-EEG|channel11"", ""LSLOutletStreamName-EEG|channel12"", ""LSLOutletStreamName-EEG|channel13"", ""LSLOutletStreamName-EEG|channel14"", ""LSLOutletStreamName-EEG|channel15"", ""LSLOutletStreamName-EEG|channel16"", ""LSLOutletStreamName-EEG|channel17"", ""LSLOutletStreamName-EEG|channel18"", ""LSLOutletStreamName-EEG|channel19"", ""LSLOutletStreamName-EEG|channel20"", ""LSLOutletStreamName-EEG|channel21"", ""LSLOutletStreamName-EEG|channel22"", ""LSLOutletStreamName-EEG|channel23"", ""LSLOutletStreamName-EEG|channel24"", ""LSLOutletStreamName-EEG|channel25"", ""LSLOutletStreamName-EEG|channel26"", ""LSLOutletStreamName-EEG|channel27"", ""LSLOutletStreamName-EEG|channel28"", ""LSLOutletStreamName-EEG|channel29"", ""LSLOutletStreamName-EEG|channel30"", ""LSLOutletStreamName-EEG|channel31"", ""LSLOutletStreamName-Accelerometer|channel0"", ""LSLOutletStreamName-Accelerometer|channel1"", ""LSLOutletStreamName-Accelerometer|channel2""]",ID | StorageTime | LSLOutletStreamName-EEG|channel0 | LSLOutletStreamName-EEG|channel1 | LSLOutletStreamName-EEG|channel2 | LSLOutletStreamName-EEG|channel3 | LSLOutletStreamName-EEG|channel4 | LSLOutletStreamName-EEG|channel5 | LSLOutletStreamName-EEG|channel6 | LSLOutletStreamName-EEG|channel7 | LSLOutletStreamName-EEG|channel8 | LSLOutletStreamName-EEG|channel9 | LSLOutletStreamName-EEG|channel10 | LSLOutletStreamName-EEG|channel11 | LSLOutletStreamName-EEG|channel12 | LSLOutletStreamName-EEG|channel13 | LSLOutletStreamName-EEG|channel14 | LSLOutletStreamName-EEG|channel15 | LSLOutletStreamName-EEG|channel16 | LSLOutletStreamName-EEG|channel17 | LSLOutletStreamName-EEG|channel18 | LSLOutletStreamName-EEG|channel19 | LSLOutletStreamName-EEG|channel20 | LSLOutletStreamName-EEG|channel21 | LSLOutletStreamName-EEG|channel22 | LSLOutletStreamName-EEG|channel23 | LSLOutletStreamName-EEG|channel24 | LSLOutletStreamName-EEG|channel25 | LSLOutletStreamName-EEG|channel26 | LSLOutletStreamName-EEG|channel27
原始脑电数据/gzj/Entity_Recording_2025_09_27_11_53_25_eeg.csv,原始脑电数据,gzj,2025_09_27_11_53_25,eeg,ok,utf-8-sig,356647,37,StorageTime,True,True,False,0.21171574072902277,"[""ID"", ""StorageTime"", ""LSLOutletStreamName-EEG|channel0"", ""LSLOutletStreamName-EEG|channel1"", ""LSLOutletStreamName-EEG|channel2"", ""LSLOutletStreamName-EEG|channel3"", ""LSLOutletStreamName-EEG|channel4"", ""LSLOutletStreamName-EEG|channel5"", ""LSLOutletStreamName-EEG|channel6"", ""LSLOutletStreamName-EEG|channel7"", ""LSLOutletStreamName-EEG|channel8"", ""LSLOutletStreamName-EEG|channel9"", ""LSLOutletStreamName-EEG|channel10"", ""LSLOutletStreamName-EEG|channel11"", ""LSLOutletStreamName-EEG|channel12"", ""LSLOutletStreamName-EEG|channel13"", ""LSLOutletStreamName-EEG|channel14"", ""LSLOutletStreamName-EEG|channel15"", ""LSLOutletStreamName-EEG|channel16"", ""LSLOutletStreamName-EEG|channel17"", ""LSLOutletStreamName-EEG|channel18"", ""LSLOutletStreamName-EEG|channel19"", ""LSLOutletStreamName-EEG|channel20"", ""LSLOutletStreamName-EEG|channel21"", ""LSLOutletStreamName-EEG|channel22"", ""LSLOutletStreamName-EEG|channel23"", ""LSLOutletStreamName-EEG|channel24"", ""LSLOutletStreamName-EEG|channel25"", ""LSLOutletStreamName-EEG|channel26"", ""LSLOutletStreamName-EEG|channel27"", ""LSLOutletStreamName-EEG|channel28"", ""LSLOutletStreamName-EEG|channel29"", ""LSLOutletStreamName-EEG|channel30"", ""LSLOutletStreamName-EEG|channel31"", ""LSLOutletStreamName-Accelerometer|channel0"", ""LSLOutletStreamName-Accelerometer|channel1"", ""LSLOutletStreamName-Accelerometer|channel2""]",ID | StorageTime | LSLOutletStreamName-EEG|channel0 | LSLOutletStreamName-EEG|channel1 | LSLOutletStreamName-EEG|channel2 | LSLOutletStreamName-EEG|channel3 | LSLOutletStreamName-EEG|channel4 | LSLOutletStreamName-EEG|channel5 | LSLOutletStreamName-EEG|channel6 | LSLOutletStreamName-EEG|channel7 | LSLOutletStreamName-EEG|channel8 | LSLOutletStreamName-EEG|channel9 | LSLOutletStreamName-EEG|channel10 | LSLOutletStreamName-EEG|channel11 | LSLOutletStreamName-EEG|channel12 | LSLOutletStreamName-EEG|channel13 | LSLOutletStreamName-EEG|channel14 | LSLOutletStreamName-EEG|channel15 | LSLOutletStreamName-EEG|channel16 | LSLOutletStreamName-EEG|channel17 | LSLOutletStreamName-EEG|channel18 | LSLOutletStreamName-EEG|channel19 | LSLOutletStreamName-EEG|channel20 | LSLOutletStreamName-EEG|channel21 | LSLOutletStreamName-EEG|channel22 | LSLOutletStreamName-EEG|channel23 | LSLOutletStreamName-EEG|channel24 | LSLOutletStreamName-EEG|channel25 | LSLOutletStreamName-EEG|channel26 | LSLOutletStreamName-EEG|channel27
原始脑电数据/gzj/Entity_Recording_2025_09_27_12_04_23_eeg.csv,原始脑电数据,gzj,2025_09_27_12_04_23,eeg,ok,utf-8-sig,188460,37,StorageTime,True,True,False,0.21172002948507246,"[""ID"", ""StorageTime"", ""LSLOutletStreamName-EEG|channel0"", ""LSLOutletStreamName-EEG|channel1"", ""LSLOutletStreamName-EEG|channel2"", ""LSLOutletStreamName-EEG|channel3"", ""LSLOutletStreamName-EEG|channel4"", ""LSLOutletStreamName-EEG|channel5"", ""LSLOutletStreamName-EEG|channel6"", ""LSLOutletStreamName-EEG|channel7"", ""LSLOutletStreamName-EEG|channel8"", ""LSLOutletStreamName-EEG|channel9"", ""LSLOutletStreamName-EEG|channel10"", ""LSLOutletStreamName-EEG|channel11"", ""LSLOutletStreamName-EEG|channel12"", ""LSLOutletStreamName-EEG|channel13"", ""LSLOutletStreamName-EEG|channel14"", ""LSLOutletStreamName-EEG|channel15"", ""LSLOutletStreamName-EEG|channel16"", ""LSLOutletStreamName-EEG|channel17"", ""LSLOutletStreamName-EEG|channel18"", ""LSLOutletStreamName-EEG|channel19"", ""LSLOutletStreamName-EEG|channel20"", ""LSLOutletStreamName-EEG|channel21"", ""LSLOutletStreamName-EEG|channel22"", ""LSLOutletStreamName-EEG|channel23"", ""LSLOutletStreamName-EEG|channel24"", ""LSLOutletStreamName-EEG|channel25"", ""LSLOutletStreamName-EEG|channel26"", ""LSLOutletStreamName-EEG|channel27"", ""LSLOutletStreamName-EEG|channel28"", ""LSLOutletStreamName-EEG|channel29"", ""LSLOutletStreamName-EEG|channel30"", ""LSLOutletStreamName-EEG|channel31"", ""LSLOutletStreamName-Accelerometer|channel0"", ""LSLOutletStreamName-Accelerometer|channel1"", ""LSLOutletStreamName-Accelerometer|channel2""]",ID | StorageTime | LSLOutletStreamName-EEG|channel0 | LSLOutletStreamName-EEG|channel1 | LSLOutletStreamName-EEG|channel2 | LSLOutletStreamName-EEG|channel3 | LSLOutletStreamName-EEG|channel4 | LSLOutletStreamName-EEG|channel5 | LSLOutletStreamName-EEG|channel6 | LSLOutletStreamName-EEG|channel7 | LSLOutletStreamName-EEG|channel8 | LSLOutletStreamName-EEG|channel9 | LSLOutletStreamName-EEG|channel10 | LSLOutletStreamName-EEG|channel11 | LSLOutletStreamName-EEG|channel12 | LSLOutletStreamName-EEG|channel13 | LSLOutletStreamName-EEG|channel14 | LSLOutletStreamName-EEG|channel15 | LSLOutletStreamName-EEG|channel16 | LSLOutletStreamName-EEG|channel17 | LSLOutletStreamName-EEG|channel18 | LSLOutletStreamName-EEG|channel19 | LSLOutletStreamName-EEG|channel20 | LSLOutletStreamName-EEG|channel21 | LSLOutletStreamName-EEG|channel22 | LSLOutletStreamName-EEG|channel23 | LSLOutletStreamName-EEG|channel24 | LSLOutletStreamName-EEG|channel25 | LSLOutletStreamName-EEG|channel26 | LSLOutletStreamName-EEG|channel27
原始脑电数据/gzj/Entity_Recording_2025_09_27_12_17_12_eeg.csv,原始脑电数据,gzj,2025_09_27_12_17_12,eeg,ok,utf-8-sig,368826,37,StorageTime,True,True,False,0.21171596186643932,"[""ID"", ""StorageTime"", ""LSLOutletStreamName-EEG|channel0"", ""LSLOutletStreamName-EEG|channel1"", ""LSLOutletStreamName-EEG|channel2"", ""LSLOutletStreamName-EEG|channel3"", ""LSLOutletStreamName-EEG|channel4"", ""LSLOutletStreamName-EEG|channel5"", ""LSLOutletStreamName-EEG|channel6"", ""LSLOutletStreamName-EEG|channel7"", ""LSLOutletStreamName-EEG|channel8"", ""LSLOutletStreamName-EEG|channel9"", ""LSLOutletStreamName-EEG|channel10"", ""LSLOutletStreamName-EEG|channel11"", ""LSLOutletStreamName-EEG|channel12"", ""LSLOutletStreamName-EEG|channel13"", ""LSLOutletStreamName-EEG|channel14"", ""LSLOutletStreamName-EEG|channel15"", ""LSLOutletStreamName-EEG|channel16"", ""LSLOutletStreamName-EEG|channel17"", ""LSLOutletStreamName-EEG|channel18"", ""LSLOutletStreamName-EEG|channel19"", ""LSLOutletStreamName-EEG|channel20"", ""LSLOutletStreamName-EEG|channel21"", ""LSLOutletStreamName-EEG|channel22"", ""LSLOutletStreamName-EEG|channel23"", ""LSLOutletStreamName-EEG|channel24"", ""LSLOutletStreamName-EEG|channel25"", ""LSLOutletStreamName-EEG|channel26"", ""LSLOutletStreamName-EEG|channel27"", ""LSLOutletStreamName-EEG|channel28"", ""LSLOutletStreamName-EEG|channel29"", ""LSLOutletStreamName-EEG|channel30"", ""LSLOutletStreamName-EEG|channel31"", ""LSLOutletStreamName-Accelerometer|channel0"", ""LSLOutletStreamName-Accelerometer|channel1"", ""LSLOutletStreamName-Accelerometer|channel2""]",ID | StorageTime | LSLOutletStreamName-EEG|channel0 | LSLOutletStreamName-EEG|channel1 | LSLOutletStreamName-EEG|channel2 | LSLOutletStreamName-EEG|channel3 | LSLOutletStreamName-EEG|channel4 | LSLOutletStreamName-EEG|channel5 | LSLOutletStreamName-EEG|channel6 | LSLOutletStreamName-EEG|channel7 | LSLOutletStreamName-EEG|channel8 | LSLOutletStreamName-EEG|channel9 | LSLOutletStreamName-EEG|channel10 | LSLOutletStreamName-EEG|channel11 | LSLOutletStreamName-EEG|channel12 | LSLOutletStreamName-EEG|channel13 | LSLOutletStreamName-EEG|channel14 | LSLOutletStreamName-EEG|channel15 | LSLOutletStreamName-EEG|channel16 | LSLOutletStreamName-EEG|channel17 | LSLOutletStreamName-EEG|channel18 | LSLOutletStreamName-EEG|channel19 | LSLOutletStreamName-EEG|channel20 | LSLOutletStreamName-EEG|channel21 | LSLOutletStreamName-EEG|channel22 | LSLOutletStreamName-EEG|channel23 | LSLOutletStreamName-EEG|channel24 | LSLOutletStreamName-EEG|channel25 | LSLOutletStreamName-EEG|channel26 | LSLOutletStreamName-EEG|channel27
原始脑电数据/gzj/Entity_Recording_2025_09_27_12_28_14_eeg.csv,原始脑电数据,gzj,2025_09_27_12_28_14,eeg,ok,utf-8-sig,376482,37,StorageTime,True,True,False,0.21171379357428094,"[""ID"", ""StorageTime"", ""LSLOutletStreamName-EEG|channel0"", ""LSLOutletStreamName-EEG|channel1"", ""LSLOutletStreamName-EEG|channel2"", ""LSLOutletStreamName-EEG|channel3"", ""LSLOutletStreamName-EEG|channel4"", ""LSLOutletStreamName-EEG|channel5"", ""LSLOutletStreamName-EEG|channel6"", ""LSLOutletStreamName-EEG|channel7"", ""LSLOutletStreamName-EEG|channel8"", ""LSLOutletStreamName-EEG|channel9"", ""LSLOutletStreamName-EEG|channel10"", ""LSLOutletStreamName-EEG|channel11"", ""LSLOutletStreamName-EEG|channel12"", ""LSLOutletStreamName-EEG|channel13"", ""LSLOutletStreamName-EEG|channel14"", ""LSLOutletStreamName-EEG|channel15"", ""LSLOutletStreamName-EEG|channel16"", ""LSLOutletStreamName-EEG|channel17"", ""LSLOutletStreamName-EEG|channel18"", ""LSLOutletStreamName-EEG|channel19"", ""LSLOutletStreamName-EEG|channel20"", ""LSLOutletStreamName-EEG|channel21"", ""LSLOutletStreamName-EEG|channel22"", ""LSLOutletStreamName-EEG|channel23"", ""LSLOutletStreamName-EEG|channel24"", ""LSLOutletStreamName-EEG|channel25"", ""LSLOutletStreamName-EEG|channel26"", ""LSLOutletStreamName-EEG|channel27"", ""LSLOutletStreamName-EEG|channel28"", ""LSLOutletStreamName-EEG|channel29"", ""LSLOutletStreamName-EEG|channel30"", ""LSLOutletStreamName-EEG|channel31"", ""LSLOutletStreamName-Accelerometer|channel0"", ""LSLOutletStreamName-Accelerometer|channel1"", ""LSLOutletStreamName-Accelerometer|channel2""]",ID | StorageTime | LSLOutletStreamName-EEG|channel0 | LSLOutletStreamName-EEG|channel1 | LSLOutletStreamName-EEG|channel2 | LSLOutletStreamName-EEG|channel3 | LSLOutletStreamName-EEG|channel4 | LSLOutletStreamName-EEG|channel5 | LSLOutletStreamName-EEG|channel6 | LSLOutletStreamName-EEG|channel7 | LSLOutletStreamName-EEG|channel8 | LSLOutletStreamName-EEG|channel9 | LSLOutletStreamName-EEG|channel10 | LSLOutletStreamName-EEG|channel11 | LSLOutletStreamName-EEG|channel12 | LSLOutletStreamName-EEG|channel13 | LSLOutletStreamName-EEG|channel14 | LSLOutletStreamName-EEG|channel15 | LSLOutletStreamName-EEG|channel16 | LSLOutletStreamName-EEG|channel17 | LSLOutletStreamName-EEG|channel18 | LSLOutletStreamName-EEG|channel19 | LSLOutletStreamName-EEG|channel20 | LSLOutletStreamName-EEG|channel21 | LSLOutletStreamName-EEG|channel22 | LSLOutletStreamName-EEG|channel23 | LSLOutletStreamName-EEG|channel24 | LSLOutletStreamName-EEG|channel25 | LSLOutletStreamName-EEG|channel26 | LSLOutletStreamName-EEG|channel27
原始脑电数据/hzh/Entity_Recording_2025_09_26_20_50_27_eeg.csv,原始脑电数据,hzh,2025_09_26_20_50_27,eeg,ok,utf-8-sig,438680,37,StorageTime,True,True,False,0.21171111614943108,"[""ID"", ""StorageTime"", ""LSLOutletStreamName-EEG|channel0"", ""LSLOutletStreamName-EEG|channel1"", ""LSLOutletStreamName-EEG|channel2"", ""LSLOutletStreamName-EEG|channel3"", ""LSLOutletStreamName-EEG|channel4"", ""LSLOutletStreamName-EEG|channel5"", ""LSLOutletStreamName-EEG|channel6"", ""LSLOutletStreamName-EEG|channel7"", ""LSLOutletStreamName-EEG|channel8"", ""LSLOutletStreamName-EEG|channel9"", ""LSLOutletStreamName-EEG|channel10"", ""LSLOutletStreamName-EEG|channel11"", ""LSLOutletStreamName-EEG|channel12"", ""LSLOutletStreamName-EEG|channel13"", ""LSLOutletStreamName-EEG|channel14"", ""LSLOutletStreamName-EEG|channel15"", ""LSLOutletStreamName-EEG|channel16"", ""LSLOutletStreamName-EEG|channel17"", ""LSLOutletStreamName-EEG|channel18"", ""LSLOutletStreamName-EEG|channel19"", ""LSLOutletStreamName-EEG|channel20"", ""LSLOutletStreamName-EEG|channel21"", ""LSLOutletStreamName-EEG|channel22"", ""LSLOutletStreamName-EEG|channel23"", ""LSLOutletStreamName-EEG|channel24"", ""LSLOutletStreamName-EEG|channel25"", ""LSLOutletStreamName-EEG|channel26"", ""LSLOutletStreamName-EEG|channel27"", ""LSLOutletStreamName-EEG|channel28"", ""LSLOutletStreamName-EEG|channel29"", ""LSLOutletStreamName-EEG|channel30"", ""LSLOutletStreamName-EEG|channel31"", ""LSLOutletStreamName-Accelerometer|channel0"", ""LSLOutletStreamName-Accelerometer|channel1"", ""LSLOutletStreamName-Accelerometer|channel2""]",ID | StorageTime | LSLOutletStreamName-EEG|channel0 | LSLOutletStreamName-EEG|channel1 | LSLOutletStreamName-EEG|channel2 | LSLOutletStreamName-EEG|channel3 | LSLOutletStreamName-EEG|channel4 | LSLOutletStreamName-EEG|channel5 | LSLOutletStreamName-EEG|channel6 | LSLOutletStreamName-EEG|channel7 | LSLOutletStreamName-EEG|channel8 | LSLOutletStreamName-EEG|channel9 | LSLOutletStreamName-EEG|channel10 | LSLOutletStreamName-EEG|channel11 | LSLOutletStreamName-EEG|channel12 | LSLOutletStreamName-EEG|channel13 | LSLOutletStreamName-EEG|channel14 | LSLOutletStreamName-EEG|channel15 | LSLOutletStreamName-EEG|channel16 | LSLOutletStreamName-EEG|channel17 | LSLOutletStreamName-EEG|channel18 | LSLOutletStreamName-EEG|channel19 | LSLOutletStreamName-EEG|channel20 | LSLOutletStreamName-EEG|channel21 | LSLOutletStreamName-EEG|channel22 | LSLOutletStreamName-EEG|channel23 | LSLOutletStreamName-EEG|channel24 | LSLOutletStreamName-EEG|channel25 | LSLOutletStreamName-EEG|channel26 | LSLOutletStreamName-EEG|channel27
原始脑电数据/hzh/Entity_Recording_2025_09_26_21_03_19_eeg.csv,原始脑电数据,hzh,2025_09_26_21_03_19,eeg,ok,utf-8-sig,359137,37,StorageTime,True,True,False,0.21171353038579194,"[""ID"", ""StorageTime"", ""LSLOutletStreamName-EEG|channel0"", ""LSLOutletStreamName-EEG|channel1"", ""LSLOutletStreamName-EEG|channel2"", ""LSLOutletStreamName-EEG|channel3"", ""LSLOutletStreamName-EEG|channel4"", ""LSLOutletStreamName-EEG|channel5"", ""LSLOutletStreamName-EEG|channel6"", ""LSLOutletStreamName-EEG|channel7"", ""LSLOutletStreamName-EEG|channel8"", ""LSLOutletStreamName-EEG|channel9"", ""LSLOutletStreamName-EEG|channel10"", ""LSLOutletStreamName-EEG|channel11"", ""LSLOutletStreamName-EEG|channel12"", ""LSLOutletStreamName-EEG|channel13"", ""LSLOutletStreamName-EEG|channel14"", ""LSLOutletStreamName-EEG|channel15"", ""LSLOutletStreamName-EEG|channel16"", ""LSLOutletStreamName-EEG|channel17"", ""LSLOutletStreamName-EEG|channel18"", ""LSLOutletStreamName-EEG|channel19"", ""LSLOutletStreamName-EEG|channel20"", ""LSLOutletStreamName-EEG|channel21"", ""LSLOutletStreamName-EEG|channel22"", ""LSLOutletStreamName-EEG|channel23"", ""LSLOutletStreamName-EEG|channel24"", ""LSLOutletStreamName-EEG|channel25"", ""LSLOutletStreamName-EEG|channel26"", ""LSLOutletStreamName-EEG|channel27"", ""LSLOutletStreamName-EEG|channel28"", ""LSLOutletStreamName-EEG|channel29"", ""LSLOutletStreamName-EEG|channel30"", ""LSLOutletStreamName-EEG|channel31"", ""LSLOutletStreamName-Accelerometer|channel0"", ""LSLOutletStreamName-Accelerometer|channel1"", ""LSLOutletStreamName-Accelerometer|channel2""]",ID | StorageTime | LSLOutletStreamName-EEG|channel0 | LSLOutletStreamName-EEG|channel1 | LSLOutletStreamName-EEG|channel2 | LSLOutletStreamName-EEG|channel3 | LSLOutletStreamName-EEG|channel4 | LSLOutletStreamName-EEG|channel5 | LSLOutletStreamName-EEG|channel6 | LSLOutletStreamName-EEG|channel7 | LSLOutletStreamName-EEG|channel8 | LSLOutletStreamName-EEG|channel9 | LSLOutletStreamName-EEG|channel10 | LSLOutletStreamName-EEG|channel11 | LSLOutletStreamName-EEG|channel12 | LSLOutletStreamName-EEG|channel13 | LSLOutletStreamName-EEG|channel14 | LSLOutletStreamName-EEG|channel15 | LSLOutletStreamName-EEG|channel16 | LSLOutletStreamName-EEG|channel17 | LSLOutletStreamName-EEG|channel18 | LSLOutletStreamName-EEG|channel19 | LSLOutletStreamName-EEG|channel20 | LSLOutletStreamName-EEG|channel21 | LSLOutletStreamName-EEG|channel22 | LSLOutletStreamName-EEG|channel23 | LSLOutletStreamName-EEG|channel24 | LSLOutletStreamName-EEG|channel25 | LSLOutletStreamName-EEG|channel26 | LSLOutletStreamName-EEG|channel27
原始脑电数据/hzh/Entity_Recording_2025_09_26_21_17_02_eeg.csv,原始脑电数据,hzh,2025_09_26_21_17_02,eeg,ok,utf-8-sig,398737,37,StorageTime,True,True,False,0.21171138410070336,"[""ID"", ""StorageTime"", ""LSLOutletStreamName-EEG|channel0"", ""LSLOutletStreamName-EEG|channel1"", ""LSLOutletStreamName-EEG|channel2"", ""LSLOutletStreamName-EEG|channel3"", ""LSLOutletStreamName-EEG|channel4"", ""LSLOutletStreamName-EEG|channel5"", ""LSLOutletStreamName-EEG|channel6"", ""LSLOutletStreamName-EEG|channel7"", ""LSLOutletStreamName-EEG|channel8"", ""LSLOutletStreamName-EEG|channel9"", ""LSLOutletStreamName-EEG|channel10"", ""LSLOutletStreamName-EEG|channel11"", ""LSLOutletStreamName-EEG|channel12"", ""LSLOutletStreamName-EEG|channel13"", ""LSLOutletStreamName-EEG|channel14"", ""LSLOutletStreamName-EEG|channel15"", ""LSLOutletStreamName-EEG|channel16"", ""LSLOutletStreamName-EEG|channel17"", ""LSLOutletStreamName-EEG|channel18"", ""LSLOutletStreamName-EEG|channel19"", ""LSLOutletStreamName-EEG|channel20"", ""LSLOutletStreamName-EEG|channel21"", ""LSLOutletStreamName-EEG|channel22"", ""LSLOutletStreamName-EEG|channel23"", ""LSLOutletStreamName-EEG|channel24"", ""LSLOutletStreamName-EEG|channel25"", ""LSLOutletStreamName-EEG|channel26"", ""LSLOutletStreamName-EEG|channel27"", ""LSLOutletStreamName-EEG|channel28"", ""LSLOutletStreamName-EEG|channel29"", ""LSLOutletStreamName-EEG|channel30"", ""LSLOutletStreamName-EEG|channel31"", ""LSLOutletStreamName-Accelerometer|channel0"", ""LSLOutletStreamName-Accelerometer|channel1"", ""LSLOutletStreamName-Accelerometer|channel2""]",ID | StorageTime | LSLOutletStreamName-EEG|channel0 | LSLOutletStreamName-EEG|channel1 | LSLOutletStreamName-EEG|channel2 | LSLOutletStreamName-EEG|channel3 | LSLOutletStreamName-EEG|channel4 | LSLOutletStreamName-EEG|channel5 | LSLOutletStreamName-EEG|channel6 | LSLOutletStreamName-EEG|channel7 | LSLOutletStreamName-EEG|channel8 | LSLOutletStreamName-EEG|channel9 | LSLOutletStreamName-EEG|channel10 | LSLOutletStreamName-EEG|channel11 | LSLOutletStreamName-EEG|channel12 | LSLOutletStreamName-EEG|channel13 | LSLOutletStreamName-EEG|channel14 | LSLOutletStreamName-EEG|channel15 | LSLOutletStreamName-EEG|channel16 | LSLOutletStreamName-EEG|channel17 | LSLOutletStreamName-EEG|channel18 | LSLOutletStreamName-EEG|channel19 | LSLOutletStreamName-EEG|channel20 | LSLOutletStreamName-EEG|channel21 | LSLOutletStreamName-EEG|channel22 | LSLOutletStreamName-EEG|channel23 | LSLOutletStreamName-EEG|channel24 | LSLOutletStreamName-EEG|channel25 | LSLOutletStreamName-EEG|channel26 | LSLOutletStreamName-EEG|channel27
原始脑电数据/hzh/Entity_Recording_2025_09_27_19_22_27_eeg.csv,原始脑电数据,hzh,2025_09_27_19_22_27,eeg,ok,utf-8-sig,288458,37,StorageTime,True,True,False,0.06486475243105325,"[""ID"", ""StorageTime"", ""LSLOutletStreamName-EEG|channel0"", ""LSLOutletStreamName-EEG|channel1"", ""LSLOutletStreamName-EEG|channel2"", ""LSLOutletStreamName-EEG|channel3"", ""LSLOutletStreamName-EEG|channel4"", ""LSLOutletStreamName-EEG|channel5"", ""LSLOutletStreamName-EEG|channel6"", ""LSLOutletStreamName-EEG|channel7"", ""LSLOutletStreamName-EEG|channel8"", ""LSLOutletStreamName-EEG|channel9"", ""LSLOutletStreamName-EEG|channel10"", ""LSLOutletStreamName-EEG|channel11"", ""LSLOutletStreamName-EEG|channel12"", ""LSLOutletStreamName-EEG|channel13"", ""LSLOutletStreamName-EEG|channel14"", ""LSLOutletStreamName-EEG|channel15"", ""LSLOutletStreamName-EEG|channel16"", ""LSLOutletStreamName-EEG|channel17"", ""LSLOutletStreamName-EEG|channel18"", ""LSLOutletStreamName-EEG|channel19"", ""LSLOutletStreamName-EEG|channel20"", ""LSLOutletStreamName-EEG|channel21"", ""LSLOutletStreamName-EEG|channel22"", ""LSLOutletStreamName-EEG|channel23"", ""LSLOutletStreamName-EEG|channel24"", ""LSLOutletStreamName-EEG|channel25"", ""LSLOutletStreamName-EEG|channel26"", ""LSLOutletStreamName-EEG|channel27"", ""LSLOutletStreamName-EEG|channel28"", ""LSLOutletStreamName-EEG|channel29"", ""LSLOutletStreamName-EEG|channel30"", ""LSLOutletStreamName-EEG|channel31"", ""LSLOutletStreamName-Accelerometer|channel0"", ""LSLOutletStreamName-Accelerometer|channel1"", ""LSLOutletStreamName-Accelerometer|channel2""]",ID | StorageTime | LSLOutletStreamName-EEG|channel0 | LSLOutletStreamName-EEG|channel1 | LSLOutletStreamName-EEG|channel2 | LSLOutletStreamName-EEG|channel3 | LSLOutletStreamName-EEG|channel4 | LSLOutletStreamName-EEG|channel5 | LSLOutletStreamName-EEG|channel6 | LSLOutletStreamName-EEG|channel7 | LSLOutletStreamName-EEG|channel8 | LSLOutletStreamName-EEG|channel9 | LSLOutletStreamName-EEG|channel10 | LSLOutletStreamName-EEG|channel11 | LSLOutletStreamName-EEG|channel12 | LSLOutletStreamName-EEG|channel13 | LSLOutletStreamName-EEG|channel14 | LSLOutletStreamName-EEG|channel15 | LSLOutletStreamName-EEG|channel16 | LSLOutletStreamName-EEG|channel17 | LSLOutletStreamName-EEG|channel18 | LSLOutletStreamName-EEG|channel19 | LSLOutletStreamName-EEG|channel20 | LSLOutletStreamName-EEG|channel21 | LSLOutletStreamName-EEG|channel22 | LSLOutletStreamName-EEG|channel23 | LSLOutletStreamName-EEG|channel24 | LSLOutletStreamName-EEG|channel25 | LSLOutletStreamName-EEG|channel26 | LSLOutletStreamName-EEG|channel27
原始脑电数据/hzh/Entity_Recording_2025_09_27_19_33_25_eeg.csv,原始脑电数据,hzh,2025_09_27_19_33_25,eeg,ok,utf-8-sig,339241,37,StorageTime,True,True,False,0.21171594745248873,"[""ID"", ""StorageTime"", ""LSLOutletStreamName-EEG|channel0"", ""LSLOutletStreamName-EEG|channel1"", ""LSLOutletStreamName-EEG|channel2"", ""LSLOutletStreamName-EEG|channel3"", ""LSLOutletStreamName-EEG|channel4"", ""LSLOutletStreamName-EEG|channel5"", ""LSLOutletStreamName-EEG|channel6"", ""LSLOutletStreamName-EEG|channel7"", ""LSLOutletStreamName-EEG|channel8"", ""LSLOutletStreamName-EEG|channel9"", ""LSLOutletStreamName-EEG|channel10"", ""LSLOutletStreamName-EEG|channel11"", ""LSLOutletStreamName-EEG|channel12"", ""LSLOutletStreamName-EEG|channel13"", ""LSLOutletStreamName-EEG|channel14"", ""LSLOutletStreamName-EEG|channel15"", ""LSLOutletStreamName-EEG|channel16"", ""LSLOutletStreamName-EEG|channel17"", ""LSLOutletStreamName-EEG|channel18"", ""LSLOutletStreamName-EEG|channel19"", ""LSLOutletStreamName-EEG|channel20"", ""LSLOutletStreamName-EEG|channel21"", ""LSLOutletStreamName-EEG|channel22"", ""LSLOutletStreamName-EEG|channel23"", ""LSLOutletStreamName-EEG|channel24"", ""LSLOutletStreamName-EEG|channel25"", ""LSLOutletStreamName-EEG|channel26"", ""LSLOutletStreamName-EEG|channel27"", ""LSLOutletStreamName-EEG|channel28"", ""LSLOutletStreamName-EEG|channel29"", ""LSLOutletStreamName-EEG|channel30"", ""LSLOutletStreamName-EEG|channel31"", ""LSLOutletStreamName-Accelerometer|channel0"", ""LSLOutletStreamName-Accelerometer|channel1"", ""LSLOutletStreamName-Accelerometer|channel2""]",ID | StorageTime | LSLOutletStreamName-EEG|channel0 | LSLOutletStreamName-EEG|channel1 | LSLOutletStreamName-EEG|channel2 | LSLOutletStreamName-EEG|channel3 | LSLOutletStreamName-EEG|channel4 | LSLOutletStreamName-EEG|channel5 | LSLOutletStreamName-EEG|channel6 | LSLOutletStreamName-EEG|channel7 | LSLOutletStreamName-EEG|channel8 | LSLOutletStreamName-EEG|channel9 | LSLOutletStreamName-EEG|channel10 | LSLOutletStreamName-EEG|channel11 | LSLOutletStreamName-EEG|channel12 | LSLOutletStreamName-EEG|channel13 | LSLOutletStreamName-EEG|channel14 | LSLOutletStreamName-EEG|channel15 | LSLOutletStreamName-EEG|channel16 | LSLOutletStreamName-EEG|channel17 | LSLOutletStreamName-EEG|channel18 | LSLOutletStreamName-EEG|channel19 | LSLOutletStreamName-EEG|channel20 | LSLOutletStreamName-EEG|channel21 | LSLOutletStreamName-EEG|channel22 | LSLOutletStreamName-EEG|channel23 | LSLOutletStreamName-EEG|channel24 | LSLOutletStreamName-EEG|channel25 | LSLOutletStreamName-EEG|channel26 | LSLOutletStreamName-EEG|channel27
原始脑电数据/hzh/Entity_Recording_2025_09_27_19_44_05_eeg.csv,原始脑电数据,hzh,2025_09_27_19_44_05,eeg,ok,utf-8-sig,327962,37,StorageTime,True,True,False,0.21171330495276564,"[""ID"", ""StorageTime"", ""LSLOutletStreamName-EEG|channel0"", ""LSLOutletStreamName-EEG|channel1"", ""LSLOutletStreamName-EEG|channel2"", ""LSLOutletStreamName-EEG|channel3"", ""LSLOutletStreamName-EEG|channel4"", ""LSLOutletStreamName-EEG|channel5"", ""LSLOutletStreamName-EEG|channel6"", ""LSLOutletStreamName-EEG|channel7"", ""LSLOutletStreamName-EEG|channel8"", ""LSLOutletStreamName-EEG|channel9"", ""LSLOutletStreamName-EEG|channel10"", ""LSLOutletStreamName-EEG|channel11"", ""LSLOutletStreamName-EEG|channel12"", ""LSLOutletStreamName-EEG|channel13"", ""LSLOutletStreamName-EEG|channel14"", ""LSLOutletStreamName-EEG|channel15"", ""LSLOutletStreamName-EEG|channel16"", ""LSLOutletStreamName-EEG|channel17"", ""LSLOutletStreamName-EEG|channel18"", ""LSLOutletStreamName-EEG|channel19"", ""LSLOutletStreamName-EEG|channel20"", ""LSLOutletStreamName-EEG|channel21"", ""LSLOutletStreamName-EEG|channel22"", ""LSLOutletStreamName-EEG|channel23"", ""LSLOutletStreamName-EEG|channel24"", ""LSLOutletStreamName-EEG|channel25"", ""LSLOutletStreamName-EEG|channel26"", ""LSLOutletStreamName-EEG|channel27"", ""LSLOutletStreamName-EEG|channel28"", ""LSLOutletStreamName-EEG|channel29"", ""LSLOutletStreamName-EEG|channel30"", ""LSLOutletStreamName-EEG|channel31"", ""LSLOutletStreamName-Accelerometer|channel0"", ""LSLOutletStreamName-Accelerometer|channel1"", ""LSLOutletStreamName-Accelerometer|channel2""]",ID | StorageTime | LSLOutletStreamName-EEG|channel0 | LSLOutletStreamName-EEG|channel1 | LSLOutletStreamName-EEG|channel2 | LSLOutletStreamName-EEG|channel3 | LSLOutletStreamName-EEG|channel4 | LSLOutletStreamName-EEG|channel5 | LSLOutletStreamName-EEG|channel6 | LSLOutletStreamName-EEG|channel7 | LSLOutletStreamName-EEG|channel8 | LSLOutletStreamName-EEG|channel9 | LSLOutletStreamName-EEG|channel10 | LSLOutletStreamName-EEG|channel11 | LSLOutletStreamName-EEG|channel12 | LSLOutletStreamName-EEG|channel13 | LSLOutletStreamName-EEG|channel14 | LSLOutletStreamName-EEG|channel15 | LSLOutletStreamName-EEG|channel16 | LSLOutletStreamName-EEG|channel17 | LSLOutletStreamName-EEG|channel18 | LSLOutletStreamName-EEG|channel19 | LSLOutletStreamName-EEG|channel20 | LSLOutletStreamName-EEG|channel21 | LSLOutletStreamName-EEG|channel22 | LSLOutletStreamName-EEG|channel23 | LSLOutletStreamName-EEG|channel24 | LSLOutletStreamName-EEG|channel25 | LSLOutletStreamName-EEG|channel26 | LSLOutletStreamName-EEG|channel27
原始脑电数据/jy/Entity_Recording_2025_09_26_17_17_11_eeg.csv,原始脑电数据,jy,2025_09_26_17_17_11,eeg,ok,utf-8-sig,405728,37,StorageTime,True,True,False,0.21171106777966547,"[""ID"", ""StorageTime"", ""LSLOutletStreamName-EEG|channel0"", ""LSLOutletStreamName-EEG|channel1"", ""LSLOutletStreamName-EEG|channel2"", ""LSLOutletStreamName-EEG|channel3"", ""LSLOutletStreamName-EEG|channel4"", ""LSLOutletStreamName-EEG|channel5"", ""LSLOutletStreamName-EEG|channel6"", ""LSLOutletStreamName-EEG|channel7"", ""LSLOutletStreamName-EEG|channel8"", ""LSLOutletStreamName-EEG|channel9"", ""LSLOutletStreamName-EEG|channel10"", ""LSLOutletStreamName-EEG|channel11"", ""LSLOutletStreamName-EEG|channel12"", ""LSLOutletStreamName-EEG|channel13"", ""LSLOutletStreamName-EEG|channel14"", ""LSLOutletStreamName-EEG|channel15"", ""LSLOutletStreamName-EEG|channel16"", ""LSLOutletStreamName-EEG|channel17"", ""LSLOutletStreamName-EEG|channel18"", ""LSLOutletStreamName-EEG|channel19"", ""LSLOutletStreamName-EEG|channel20"", ""LSLOutletStreamName-EEG|channel21"", ""LSLOutletStreamName-EEG|channel22"", ""LSLOutletStreamName-EEG|channel23"", ""LSLOutletStreamName-EEG|channel24"", ""LSLOutletStreamName-EEG|channel25"", ""LSLOutletStreamName-EEG|channel26"", ""LSLOutletStreamName-EEG|channel27"", ""LSLOutletStreamName-EEG|channel28"", ""LSLOutletStreamName-EEG|channel29"", ""LSLOutletStreamName-EEG|channel30"", ""LSLOutletStreamName-EEG|channel31"", ""LSLOutletStreamName-Accelerometer|channel0"", ""LSLOutletStreamName-Accelerometer|channel1"", ""LSLOutletStreamName-Accelerometer|channel2""]",ID | StorageTime | LSLOutletStreamName-EEG|channel0 | LSLOutletStreamName-EEG|channel1 | LSLOutletStreamName-EEG|channel2 | LSLOutletStreamName-EEG|channel3 | LSLOutletStreamName-EEG|channel4 | LSLOutletStreamName-EEG|channel5 | LSLOutletStreamName-EEG|channel6 | LSLOutletStreamName-EEG|channel7 | LSLOutletStreamName-EEG|channel8 | LSLOutletStreamName-EEG|channel9 | LSLOutletStreamName-EEG|channel10 | LSLOutletStreamName-EEG|channel11 | LSLOutletStreamName-EEG|channel12 | LSLOutletStreamName-EEG|channel13 | LSLOutletStreamName-EEG|channel14 | LSLOutletStreamName-EEG|channel15 | LSLOutletStreamName-EEG|channel16 | LSLOutletStreamName-EEG|channel17 | LSLOutletStreamName-EEG|channel18 | LSLOutletStreamName-EEG|channel19 | LSLOutletStreamName-EEG|channel20 | LSLOutletStreamName-EEG|channel21 | LSLOutletStreamName-EEG|channel22 | LSLOutletStreamName-EEG|channel23 | LSLOutletStreamName-EEG|channel24 | LSLOutletStreamName-EEG|channel25 | LSLOutletStreamName-EEG|channel26 | LSLOutletStreamName-EEG|channel27
原始脑电数据/jy/Entity_Recording_2025_09_26_17_29_44_eeg.csv,原始脑电数据,jy,2025_09_26_17_29_44,eeg,ok,utf-8-sig,383403,37,StorageTime,True,True,False,0.21171068957080022,"[""ID"", ""StorageTime"", ""LSLOutletStreamName-EEG|channel0"", ""LSLOutletStreamName-EEG|channel1"", ""LSLOutletStreamName-EEG|channel2"", ""LSLOutletStreamName-EEG|channel3"", ""LSLOutletStreamName-EEG|channel4"", ""LSLOutletStreamName-EEG|channel5"", ""LSLOutletStreamName-EEG|channel6"", ""LSLOutletStreamName-EEG|channel7"", ""LSLOutletStreamName-EEG|channel8"", ""LSLOutletStreamName-EEG|channel9"", ""LSLOutletStreamName-EEG|channel10"", ""LSLOutletStreamName-EEG|channel11"", ""LSLOutletStreamName-EEG|channel12"", ""LSLOutletStreamName-EEG|channel13"", ""LSLOutletStreamName-EEG|channel14"", ""LSLOutletStreamName-EEG|channel15"", ""LSLOutletStreamName-EEG|channel16"", ""LSLOutletStreamName-EEG|channel17"", ""LSLOutletStreamName-EEG|channel18"", ""LSLOutletStreamName-EEG|channel19"", ""LSLOutletStreamName-EEG|channel20"", ""LSLOutletStreamName-EEG|channel21"", ""LSLOutletStreamName-EEG|channel22"", ""LSLOutletStreamName-EEG|channel23"", ""LSLOutletStreamName-EEG|channel24"", ""LSLOutletStreamName-EEG|channel25"", ""LSLOutletStreamName-EEG|channel26"", ""LSLOutletStreamName-EEG|channel27"", ""LSLOutletStreamName-EEG|channel28"", ""LSLOutletStreamName-EEG|channel29"", ""LSLOutletStreamName-EEG|channel30"", ""LSLOutletStreamName-EEG|channel31"", ""LSLOutletStreamName-Accelerometer|channel0"", ""LSLOutletStreamName-Accelerometer|channel1"", ""LSLOutletStreamName-Accelerometer|channel2""]",ID | StorageTime | LSLOutletStreamName-EEG|channel0 | LSLOutletStreamName-EEG|channel1 | LSLOutletStreamName-EEG|channel2 | LSLOutletStreamName-EEG|channel3 | LSLOutletStreamName-EEG|channel4 | LSLOutletStreamName-EEG|channel5 | LSLOutletStreamName-EEG|channel6 | LSLOutletStreamName-EEG|channel7 | LSLOutletStreamName-EEG|channel8 | LSLOutletStreamName-EEG|channel9 | LSLOutletStreamName-EEG|channel10 | LSLOutletStreamName-EEG|channel11 | LSLOutletStreamName-EEG|channel12 | LSLOutletStreamName-EEG|channel13 | LSLOutletStreamName-EEG|channel14 | LSLOutletStreamName-EEG|channel15 | LSLOutletStreamName-EEG|channel16 | LSLOutletStreamName-EEG|channel17 | LSLOutletStreamName-EEG|channel18 | LSLOutletStreamName-EEG|channel19 | LSLOutletStreamName-EEG|channel20 | LSLOutletStreamName-EEG|channel21 | LSLOutletStreamName-EEG|channel22 | LSLOutletStreamName-EEG|channel23 | LSLOutletStreamName-EEG|channel24 | LSLOutletStreamName-EEG|channel25 | LSLOutletStreamName-EEG|channel26 | LSLOutletStreamName-EEG|channel27
原始脑电数据/jy/Entity_Recording_2025_09_26_17_40_51_eeg.csv,原始脑电数据,jy,2025_09_26_17_40_51,eeg,ok,utf-8-sig,329742,37,StorageTime,True,True,False,0.2117093347509855,"[""ID"", ""StorageTime"", ""LSLOutletStreamName-EEG|channel0"", ""LSLOutletStreamName-EEG|channel1"", ""LSLOutletStreamName-EEG|channel2"", ""LSLOutletStreamName-EEG|channel3"", ""LSLOutletStreamName-EEG|channel4"", ""LSLOutletStreamName-EEG|channel5"", ""LSLOutletStreamName-EEG|channel6"", ""LSLOutletStreamName-EEG|channel7"", ""LSLOutletStreamName-EEG|channel8"", ""LSLOutletStreamName-EEG|channel9"", ""LSLOutletStreamName-EEG|channel10"", ""LSLOutletStreamName-EEG|channel11"", ""LSLOutletStreamName-EEG|channel12"", ""LSLOutletStreamName-EEG|channel13"", ""LSLOutletStreamName-EEG|channel14"", ""LSLOutletStreamName-EEG|channel15"", ""LSLOutletStreamName-EEG|channel16"", ""LSLOutletStreamName-EEG|channel17"", ""LSLOutletStreamName-EEG|channel18"", ""LSLOutletStreamName-EEG|channel19"", ""LSLOutletStreamName-EEG|channel20"", ""LSLOutletStreamName-EEG|channel21"", ""LSLOutletStreamName-EEG|channel22"", ""LSLOutletStreamName-EEG|channel23"", ""LSLOutletStreamName-EEG|channel24"", ""LSLOutletStreamName-EEG|channel25"", ""LSLOutletStreamName-EEG|channel26"", ""LSLOutletStreamName-EEG|channel27"", ""LSLOutletStreamName-EEG|channel28"", ""LSLOutletStreamName-EEG|channel29"", ""LSLOutletStreamName-EEG|channel30"", ""LSLOutletStreamName-EEG|channel31"", ""LSLOutletStreamName-Accelerometer|channel0"", ""LSLOutletStreamName-Accelerometer|channel1"", ""LSLOutletStreamName-Accelerometer|channel2""]",ID | StorageTime | LSLOutletStreamName-EEG|channel0 | LSLOutletStreamName-EEG|channel1 | LSLOutletStreamName-EEG|channel2 | LSLOutletStreamName-EEG|channel3 | LSLOutletStreamName-EEG|channel4 | LSLOutletStreamName-EEG|channel5 | LSLOutletStreamName-EEG|channel6 | LSLOutletStreamName-EEG|channel7 | LSLOutletStreamName-EEG|channel8 | LSLOutletStreamName-EEG|channel9 | LSLOutletStreamName-EEG|channel10 | LSLOutletStreamName-EEG|channel11 | LSLOutletStreamName-EEG|channel12 | LSLOutletStreamName-EEG|channel13 | LSLOutletStreamName-EEG|channel14 | LSLOutletStreamName-EEG|channel15 | LSLOutletStreamName-EEG|channel16 | LSLOutletStreamName-EEG|channel17 | LSLOutletStreamName-EEG|channel18 | LSLOutletStreamName-EEG|channel19 | LSLOutletStreamName-EEG|channel20 | LSLOutletStreamName-EEG|channel21 | LSLOutletStreamName-EEG|channel22 | LSLOutletStreamName-EEG|channel23 | LSLOutletStreamName-EEG|channel24 | LSLOutletStreamName-EEG|channel25 | LSLOutletStreamName-EEG|channel26 | LSLOutletStreamName-EEG|channel27
原始脑电数据/jy/Entity_Recording_2025_09_26_17_51_46_eeg.csv,原始脑电数据,jy,2025_09_26_17_51_46,eeg,ok,utf-8-sig,338931,37,StorageTime,True,True,False,0.21171055545308712,"[""ID"", ""StorageTime"", ""LSLOutletStreamName-EEG|channel0"", ""LSLOutletStreamName-EEG|channel1"", ""LSLOutletStreamName-EEG|channel2"", ""LSLOutletStreamName-EEG|channel3"", ""LSLOutletStreamName-EEG|channel4"", ""LSLOutletStreamName-EEG|channel5"", ""LSLOutletStreamName-EEG|channel6"", ""LSLOutletStreamName-EEG|channel7"", ""LSLOutletStreamName-EEG|channel8"", ""LSLOutletStreamName-EEG|channel9"", ""LSLOutletStreamName-EEG|channel10"", ""LSLOutletStreamName-EEG|channel11"", ""LSLOutletStreamName-EEG|channel12"", ""LSLOutletStreamName-EEG|channel13"", ""LSLOutletStreamName-EEG|channel14"", ""LSLOutletStreamName-EEG|channel15"", ""LSLOutletStreamName-EEG|channel16"", ""LSLOutletStreamName-EEG|channel17"", ""LSLOutletStreamName-EEG|channel18"", ""LSLOutletStreamName-EEG|channel19"", ""LSLOutletStreamName-EEG|channel20"", ""LSLOutletStreamName-EEG|channel21"", ""LSLOutletStreamName-EEG|channel22"", ""LSLOutletStreamName-EEG|channel23"", ""LSLOutletStreamName-EEG|channel24"", ""LSLOutletStreamName-EEG|channel25"", ""LSLOutletStreamName-EEG|channel26"", ""LSLOutletStreamName-EEG|channel27"", ""LSLOutletStreamName-EEG|channel28"", ""LSLOutletStreamName-EEG|channel29"", ""LSLOutletStreamName-EEG|channel30"", ""LSLOutletStreamName-EEG|channel31"", ""LSLOutletStreamName-Accelerometer|channel0"", ""LSLOutletStreamName-Accelerometer|channel1"", ""LSLOutletStreamName-Accelerometer|channel2""]",ID | StorageTime | LSLOutletStreamName-EEG|channel0 | LSLOutletStreamName-EEG|channel1 | LSLOutletStreamName-EEG|channel2 | LSLOutletStreamName-EEG|channel3 | LSLOutletStreamName-EEG|channel4 | LSLOutletStreamName-EEG|channel5 | LSLOutletStreamName-EEG|channel6 | LSLOutletStreamName-EEG|channel7 | LSLOutletStreamName-EEG|channel8 | LSLOutletStreamName-EEG|channel9 | LSLOutletStreamName-EEG|channel10 | LSLOutletStreamName-EEG|channel11 | LSLOutletStreamName-EEG|channel12 | LSLOutletStreamName-EEG|channel13 | LSLOutletStreamName-EEG|channel14 | LSLOutletStreamName-EEG|channel15 | LSLOutletStreamName-EEG|channel16 | LSLOutletStreamName-EEG|channel17 | LSLOutletStreamName-EEG|channel18 | LSLOutletStreamName-EEG|channel19 | LSLOutletStreamName-EEG|channel20 | LSLOutletStreamName-EEG|channel21 | LSLOutletStreamName-EEG|channel22 | LSLOutletStreamName-EEG|channel23 | LSLOutletStreamName-EEG|channel24 | LSLOutletStreamName-EEG|channel25 | LSLOutletStreamName-EEG|channel26 | LSLOutletStreamName-EEG|channel27
原始脑电数据/jy/Entity_Recording_2025_09_26_18_01_40_eeg.csv,原始脑电数据,jy,2025_09_26_18_01_40,eeg,ok,utf-8-sig,313609,37,StorageTime,True,True,False,0.21171129517191015,"[""ID"", ""StorageTime"", ""LSLOutletStreamName-EEG|channel0"", ""LSLOutletStreamName-EEG|channel1"", ""LSLOutletStreamName-EEG|channel2"", ""LSLOutletStreamName-EEG|channel3"", ""LSLOutletStreamName-EEG|channel4"", ""LSLOutletStreamName-EEG|channel5"", ""LSLOutletStreamName-EEG|channel6"", ""LSLOutletStreamName-EEG|channel7"", ""LSLOutletStreamName-EEG|channel8"", ""LSLOutletStreamName-EEG|channel9"", ""LSLOutletStreamName-EEG|channel10"", ""LSLOutletStreamName-EEG|channel11"", ""LSLOutletStreamName-EEG|channel12"", ""LSLOutletStreamName-EEG|channel13"", ""LSLOutletStreamName-EEG|channel14"", ""LSLOutletStreamName-EEG|channel15"", ""LSLOutletStreamName-EEG|channel16"", ""LSLOutletStreamName-EEG|channel17"", ""LSLOutletStreamName-EEG|channel18"", ""LSLOutletStreamName-EEG|channel19"", ""LSLOutletStreamName-EEG|channel20"", ""LSLOutletStreamName-EEG|channel21"", ""LSLOutletStreamName-EEG|channel22"", ""LSLOutletStreamName-EEG|channel23"", ""LSLOutletStreamName-EEG|channel24"", ""LSLOutletStreamName-EEG|channel25"", ""LSLOutletStreamName-EEG|channel26"", ""LSLOutletStreamName-EEG|channel27"", ""LSLOutletStreamName-EEG|channel28"", ""LSLOutletStreamName-EEG|channel29"", ""LSLOutletStreamName-EEG|channel30"", ""LSLOutletStreamName-EEG|channel31"", ""LSLOutletStreamName-Accelerometer|channel0"", ""LSLOutletStreamName-Accelerometer|channel1"", ""LSLOutletStreamName-Accelerometer|channel2""]",ID | StorageTime | LSLOutletStreamName-EEG|channel0 | LSLOutletStreamName-EEG|channel1 | LSLOutletStreamName-EEG|channel2 | LSLOutletStreamName-EEG|channel3 | LSLOutletStreamName-EEG|channel4 | LSLOutletStreamName-EEG|channel5 | LSLOutletStreamName-EEG|channel6 | LSLOutletStreamName-EEG|channel7 | LSLOutletStreamName-EEG|channel8 | LSLOutletStreamName-EEG|channel9 | LSLOutletStreamName-EEG|channel10 | LSLOutletStreamName-EEG|channel11 | LSLOutletStreamName-EEG|channel12 | LSLOutletStreamName-EEG|channel13 | LSLOutletStreamName-EEG|channel14 | LSLOutletStreamName-EEG|channel15 | LSLOutletStreamName-EEG|channel16 | LSLOutletStreamName-EEG|channel17 | LSLOutletStreamName-EEG|channel18 | LSLOutletStreamName-EEG|channel19 | LSLOutletStreamName-EEG|channel20 | LSLOutletStreamName-EEG|channel21 | LSLOutletStreamName-EEG|channel22 | LSLOutletStreamName-EEG|channel23 | LSLOutletStreamName-EEG|channel24 | LSLOutletStreamName-EEG|channel25 | LSLOutletStreamName-EEG|channel26 | LSLOutletStreamName-EEG|channel27
原始脑电数据/lx/Entity_Recording_2025_09_26_08_58_43_eeg.csv,原始脑电数据,lx,2025_09_26_08_58_43,eeg,ok,utf-8-sig,163820,37,StorageTime,True,True,False,0.21171490132544948,"[""ID"", ""StorageTime"", ""LSLOutletStreamName-EEG|channel0"", ""LSLOutletStreamName-EEG|channel1"", ""LSLOutletStreamName-EEG|channel2"", ""LSLOutletStreamName-EEG|channel3"", ""LSLOutletStreamName-EEG|channel4"", ""LSLOutletStreamName-EEG|channel5"", ""LSLOutletStreamName-EEG|channel6"", ""LSLOutletStreamName-EEG|channel7"", ""LSLOutletStreamName-EEG|channel8"", ""LSLOutletStreamName-EEG|channel9"", ""LSLOutletStreamName-EEG|channel10"", ""LSLOutletStreamName-EEG|channel11"", ""LSLOutletStreamName-EEG|channel12"", ""LSLOutletStreamName-EEG|channel13"", ""LSLOutletStreamName-EEG|channel14"", ""LSLOutletStreamName-EEG|channel15"", ""LSLOutletStreamName-EEG|channel16"", ""LSLOutletStreamName-EEG|channel17"", ""LSLOutletStreamName-EEG|channel18"", ""LSLOutletStreamName-EEG|channel19"", ""LSLOutletStreamName-EEG|channel20"", ""LSLOutletStreamName-EEG|channel21"", ""LSLOutletStreamName-EEG|channel22"", ""LSLOutletStreamName-EEG|channel23"", ""LSLOutletStreamName-EEG|channel24"", ""LSLOutletStreamName-EEG|channel25"", ""LSLOutletStreamName-EEG|channel26"", ""LSLOutletStreamName-EEG|channel27"", ""LSLOutletStreamName-EEG|channel28"", ""LSLOutletStreamName-EEG|channel29"", ""LSLOutletStreamName-EEG|channel30"", ""LSLOutletStreamName-EEG|channel31"", ""LSLOutletStreamName-Accelerometer|channel0"", ""LSLOutletStreamName-Accelerometer|channel1"", ""LSLOutletStreamName-Accelerometer|channel2""]",ID | StorageTime | LSLOutletStreamName-EEG|channel0 | LSLOutletStreamName-EEG|channel1 | LSLOutletStreamName-EEG|channel2 | LSLOutletStreamName-EEG|channel3 | LSLOutletStreamName-EEG|channel4 | LSLOutletStreamName-EEG|channel5 | LSLOutletStreamName-EEG|channel6 | LSLOutletStreamName-EEG|channel7 | LSLOutletStreamName-EEG|channel8 | LSLOutletStreamName-EEG|channel9 | LSLOutletStreamName-EEG|channel10 | LSLOutletStreamName-EEG|channel11 | LSLOutletStreamName-EEG|channel12 | LSLOutletStreamName-EEG|channel13 | LSLOutletStreamName-EEG|channel14 | LSLOutletStreamName-EEG|channel15 | LSLOutletStreamName-EEG|channel16 | LSLOutletStreamName-EEG|channel17 | LSLOutletStreamName-EEG|channel18 | LSLOutletStreamName-EEG|channel19 | LSLOutletStreamName-EEG|channel20 | LSLOutletStreamName-EEG|channel21 | LSLOutletStreamName-EEG|channel22 | LSLOutletStreamName-EEG|channel23 | LSLOutletStreamName-EEG|channel24 | LSLOutletStreamName-EEG|channel25 | LSLOutletStreamName-EEG|channel26 | LSLOutletStreamName-EEG|channel27
原始脑电数据/lx/Entity_Recording_2025_09_26_09_06_38_eeg.csv,原始脑电数据,lx,2025_09_26_09_06_38,eeg,ok,utf-8-sig,191519,37,StorageTime,True,True,False,0.06486478019328545,"[""ID"", ""StorageTime"", ""LSLOutletStreamName-EEG|channel0"", ""LSLOutletStreamName-EEG|channel1"", ""LSLOutletStreamName-EEG|channel2"", ""LSLOutletStreamName-EEG|channel3"", ""LSLOutletStreamName-EEG|channel4"", ""LSLOutletStreamName-EEG|channel5"", ""LSLOutletStreamName-EEG|channel6"", ""LSLOutletStreamName-EEG|channel7"", ""LSLOutletStreamName-EEG|channel8"", ""LSLOutletStreamName-EEG|channel9"", ""LSLOutletStreamName-EEG|channel10"", ""LSLOutletStreamName-EEG|channel11"", ""LSLOutletStreamName-EEG|channel12"", ""LSLOutletStreamName-EEG|channel13"", ""LSLOutletStreamName-EEG|channel14"", ""LSLOutletStreamName-EEG|channel15"", ""LSLOutletStreamName-EEG|channel16"", ""LSLOutletStreamName-EEG|channel17"", ""LSLOutletStreamName-EEG|channel18"", ""LSLOutletStreamName-EEG|channel19"", ""LSLOutletStreamName-EEG|channel20"", ""LSLOutletStreamName-EEG|channel21"", ""LSLOutletStreamName-EEG|channel22"", ""LSLOutletStreamName-EEG|channel23"", ""LSLOutletStreamName-EEG|channel24"", ""LSLOutletStreamName-EEG|channel25"", ""LSLOutletStreamName-EEG|channel26"", ""LSLOutletStreamName-EEG|channel27"", ""LSLOutletStreamName-EEG|channel28"", ""LSLOutletStreamName-EEG|channel29"", ""LSLOutletStreamName-EEG|channel30"", ""LSLOutletStreamName-EEG|channel31"", ""LSLOutletStreamName-Accelerometer|channel0"", ""LSLOutletStreamName-Accelerometer|channel1"", ""LSLOutletStreamName-Accelerometer|channel2""]",ID | StorageTime | LSLOutletStreamName-EEG|channel0 | LSLOutletStreamName-EEG|channel1 | LSLOutletStreamName-EEG|channel2 | LSLOutletStreamName-EEG|channel3 | LSLOutletStreamName-EEG|channel4 | LSLOutletStreamName-EEG|channel5 | LSLOutletStreamName-EEG|channel6 | LSLOutletStreamName-EEG|channel7 | LSLOutletStreamName-EEG|channel8 | LSLOutletStreamName-EEG|channel9 | LSLOutletStreamName-EEG|channel10 | LSLOutletStreamName-EEG|channel11 | LSLOutletStreamName-EEG|channel12 | LSLOutletStreamName-EEG|channel13 | LSLOutletStreamName-EEG|channel14 | LSLOutletStreamName-EEG|channel15 | LSLOutletStreamName-EEG|channel16 | LSLOutletStreamName-EEG|channel17 | LSLOutletStreamName-EEG|channel18 | LSLOutletStreamName-EEG|channel19 | LSLOutletStreamName-EEG|channel20 | LSLOutletStreamName-EEG|channel21 | LSLOutletStreamName-EEG|channel22 | LSLOutletStreamName-EEG|channel23 | LSLOutletStreamName-EEG|channel24 | LSLOutletStreamName-EEG|channel25 | LSLOutletStreamName-EEG|channel26 | LSLOutletStreamName-EEG|channel27
原始脑电数据/lx/Entity_Recording_2025_09_26_09_17_22_eeg.csv,原始脑电数据,lx,2025_09_26_09_17_22,eeg,ok,utf-8-sig,371687,37,StorageTime,True,True,False,0.211712063165033,"[""ID"", ""StorageTime"", ""LSLOutletStreamName-EEG|channel0"", ""LSLOutletStreamName-EEG|channel1"", ""LSLOutletStreamName-EEG|channel2"", ""LSLOutletStreamName-EEG|channel3"", ""LSLOutletStreamName-EEG|channel4"", ""LSLOutletStreamName-EEG|channel5"", ""LSLOutletStreamName-EEG|channel6"", ""LSLOutletStreamName-EEG|channel7"", ""LSLOutletStreamName-EEG|channel8"", ""LSLOutletStreamName-EEG|channel9"", ""LSLOutletStreamName-EEG|channel10"", ""LSLOutletStreamName-EEG|channel11"", ""LSLOutletStreamName-EEG|channel12"", ""LSLOutletStreamName-EEG|channel13"", ""LSLOutletStreamName-EEG|channel14"", ""LSLOutletStreamName-EEG|channel15"", ""LSLOutletStreamName-EEG|channel16"", ""LSLOutletStreamName-EEG|channel17"", ""LSLOutletStreamName-EEG|channel18"", ""LSLOutletStreamName-EEG|channel19"", ""LSLOutletStreamName-EEG|channel20"", ""LSLOutletStreamName-EEG|channel21"", ""LSLOutletStreamName-EEG|channel22"", ""LSLOutletStreamName-EEG|channel23"", ""LSLOutletStreamName-EEG|channel24"", ""LSLOutletStreamName-EEG|channel25"", ""LSLOutletStreamName-EEG|channel26"", ""LSLOutletStreamName-EEG|channel27"", ""LSLOutletStreamName-EEG|channel28"", ""LSLOutletStreamName-EEG|channel29"", ""LSLOutletStreamName-EEG|channel30"", ""LSLOutletStreamName-EEG|channel31"", ""LSLOutletStreamName-Accelerometer|channel0"", ""LSLOutletStreamName-Accelerometer|channel1"", ""LSLOutletStreamName-Accelerometer|channel2""]",ID | StorageTime | LSLOutletStreamName-EEG|channel0 | LSLOutletStreamName-EEG|channel1 | LSLOutletStreamName-EEG|channel2 | LSLOutletStreamName-EEG|channel3 | LSLOutletStreamName-EEG|channel4 | LSLOutletStreamName-EEG|channel5 | LSLOutletStreamName-EEG|channel6 | LSLOutletStreamName-EEG|channel7 | LSLOutletStreamName-EEG|channel8 | LSLOutletStreamName-EEG|channel9 | LSLOutletStreamName-EEG|channel10 | LSLOutletStreamName-EEG|channel11 | LSLOutletStreamName-EEG|channel12 | LSLOutletStreamName-EEG|channel13 | LSLOutletStreamName-EEG|channel14 | LSLOutletStreamName-EEG|channel15 | LSLOutletStreamName-EEG|channel16 | LSLOutletStreamName-EEG|channel17 | LSLOutletStreamName-EEG|channel18 | LSLOutletStreamName-EEG|channel19 | LSLOutletStreamName-EEG|channel20 | LSLOutletStreamName-EEG|channel21 | LSLOutletStreamName-EEG|channel22 | LSLOutletStreamName-EEG|channel23 | LSLOutletStreamName-EEG|channel24 | LSLOutletStreamName-EEG|channel25 | LSLOutletStreamName-EEG|channel26 | LSLOutletStreamName-EEG|channel27
原始脑电数据/lxy/Entity_Recording_2025_09_28_17_55_52_eeg.csv,原始脑电数据,lxy,2025_09_28_17_55_52,eeg,ok,utf-8-sig,355887,37,StorageTime,True,True,False,0.21172162223675767,"[""ID"", ""StorageTime"", ""LSLOutletStreamName-EEG|channel0"", ""LSLOutletStreamName-EEG|channel1"", ""LSLOutletStreamName-EEG|channel2"", ""LSLOutletStreamName-EEG|channel3"", ""LSLOutletStreamName-EEG|channel4"", ""LSLOutletStreamName-EEG|channel5"", ""LSLOutletStreamName-EEG|channel6"", ""LSLOutletStreamName-EEG|channel7"", ""LSLOutletStreamName-EEG|channel8"", ""LSLOutletStreamName-EEG|channel9"", ""LSLOutletStreamName-EEG|channel10"", ""LSLOutletStreamName-EEG|channel11"", ""LSLOutletStreamName-EEG|channel12"", ""LSLOutletStreamName-EEG|channel13"", ""LSLOutletStreamName-EEG|channel14"", ""LSLOutletStreamName-EEG|channel15"", ""LSLOutletStreamName-EEG|channel16"", ""LSLOutletStreamName-EEG|channel17"", ""LSLOutletStreamName-EEG|channel18"", ""LSLOutletStreamName-EEG|channel19"", ""LSLOutletStreamName-EEG|channel20"", ""LSLOutletStreamName-EEG|channel21"", ""LSLOutletStreamName-EEG|channel22"", ""LSLOutletStreamName-EEG|channel23"", ""LSLOutletStreamName-EEG|channel24"", ""LSLOutletStreamName-EEG|channel25"", ""LSLOutletStreamName-EEG|channel26"", ""LSLOutletStreamName-EEG|channel27"", ""LSLOutletStreamName-EEG|channel28"", ""LSLOutletStreamName-EEG|channel29"", ""LSLOutletStreamName-EEG|channel30"", ""LSLOutletStreamName-EEG|channel31"", ""LSLOutletStreamName-Accelerometer|channel0"", ""LSLOutletStreamName-Accelerometer|channel1"", ""LSLOutletStreamName-Accelerometer|channel2""]",ID | StorageTime | LSLOutletStreamName-EEG|channel0 | LSLOutletStreamName-EEG|channel1 | LSLOutletStreamName-EEG|channel2 | LSLOutletStreamName-EEG|channel3 | LSLOutletStreamName-EEG|channel4 | LSLOutletStreamName-EEG|channel5 | LSLOutletStreamName-EEG|channel6 | LSLOutletStreamName-EEG|channel7 | LSLOutletStreamName-EEG|channel8 | LSLOutletStreamName-EEG|channel9 | LSLOutletStreamName-EEG|channel10 | LSLOutletStreamName-EEG|channel11 | LSLOutletStreamName-EEG|channel12 | LSLOutletStreamName-EEG|channel13 | LSLOutletStreamName-EEG|channel14 | LSLOutletStreamName-EEG|channel15 | LSLOutletStreamName-EEG|channel16 | LSLOutletStreamName-EEG|channel17 | LSLOutletStreamName-EEG|channel18 | LSLOutletStreamName-EEG|channel19 | LSLOutletStreamName-EEG|channel20 | LSLOutletStreamName-EEG|channel21 | LSLOutletStreamName-EEG|channel22 | LSLOutletStreamName-EEG|channel23 | LSLOutletStreamName-EEG|channel24 | LSLOutletStreamName-EEG|channel25 | LSLOutletStreamName-EEG|channel26 | LSLOutletStreamName-EEG|channel27
原始脑电数据/lxy/Entity_Recording_2025_09_28_18_06_16_eeg.csv,原始脑电数据,lxy,2025_09_28_18_06_16,eeg,ok,utf-8-sig,347807,37,StorageTime,True,True,False,0.21171659429946355,"[""ID"", ""StorageTime"", ""LSLOutletStreamName-EEG|channel0"", ""LSLOutletStreamName-EEG|channel1"", ""LSLOutletStreamName-EEG|channel2"", ""LSLOutletStreamName-EEG|channel3"", ""LSLOutletStreamName-EEG|channel4"", ""LSLOutletStreamName-EEG|channel5"", ""LSLOutletStreamName-EEG|channel6"", ""LSLOutletStreamName-EEG|channel7"", ""LSLOutletStreamName-EEG|channel8"", ""LSLOutletStreamName-EEG|channel9"", ""LSLOutletStreamName-EEG|channel10"", ""LSLOutletStreamName-EEG|channel11"", ""LSLOutletStreamName-EEG|channel12"", ""LSLOutletStreamName-EEG|channel13"", ""LSLOutletStreamName-EEG|channel14"", ""LSLOutletStreamName-EEG|channel15"", ""LSLOutletStreamName-EEG|channel16"", ""LSLOutletStreamName-EEG|channel17"", ""LSLOutletStreamName-EEG|channel18"", ""LSLOutletStreamName-EEG|channel19"", ""LSLOutletStreamName-EEG|channel20"", ""LSLOutletStreamName-EEG|channel21"", ""LSLOutletStreamName-EEG|channel22"", ""LSLOutletStreamName-EEG|channel23"", ""LSLOutletStreamName-EEG|channel24"", ""LSLOutletStreamName-EEG|channel25"", ""LSLOutletStreamName-EEG|channel26"", ""LSLOutletStreamName-EEG|channel27"", ""LSLOutletStreamName-EEG|channel28"", ""LSLOutletStreamName-EEG|channel29"", ""LSLOutletStreamName-EEG|channel30"", ""LSLOutletStreamName-EEG|channel31"", ""LSLOutletStreamName-Accelerometer|channel0"", ""LSLOutletStreamName-Accelerometer|channel1"", ""LSLOutletStreamName-Accelerometer|channel2""]",ID | StorageTime | LSLOutletStreamName-EEG|channel0 | LSLOutletStreamName-EEG|channel1 | LSLOutletStreamName-EEG|channel2 | LSLOutletStreamName-EEG|channel3 | LSLOutletStreamName-EEG|channel4 | LSLOutletStreamName-EEG|channel5 | LSLOutletStreamName-EEG|channel6 | LSLOutletStreamName-EEG|channel7 | LSLOutletStreamName-EEG|channel8 | LSLOutletStreamName-EEG|channel9 | LSLOutletStreamName-EEG|channel10 | LSLOutletStreamName-EEG|channel11 | LSLOutletStreamName-EEG|channel12 | LSLOutletStreamName-EEG|channel13 | LSLOutletStreamName-EEG|channel14 | LSLOutletStreamName-EEG|channel15 | LSLOutletStreamName-EEG|channel16 | LSLOutletStreamName-EEG|channel17 | LSLOutletStreamName-EEG|channel18 | LSLOutletStreamName-EEG|channel19 | LSLOutletStreamName-EEG|channel20 | LSLOutletStreamName-EEG|channel21 | LSLOutletStreamName-EEG|channel22 | LSLOutletStreamName-EEG|channel23 | LSLOutletStreamName-EEG|channel24 | LSLOutletStreamName-EEG|channel25 | LSLOutletStreamName-EEG|channel26 | LSLOutletStreamName-EEG|channel27
原始脑电数据/lxy/Entity_Recording_2025_09_28_18_16_26_eeg.csv,原始脑电数据,lxy,2025_09_28_18_16_26,eeg,ok,utf-8-sig,8478,37,StorageTime,True,True,False,0.21180416084874684,"[""ID"", ""StorageTime"", ""LSLOutletStreamName-EEG|channel0"", ""LSLOutletStreamName-EEG|channel1"", ""LSLOutletStreamName-EEG|channel2"", ""LSLOutletStreamName-EEG|channel3"", ""LSLOutletStreamName-EEG|channel4"", ""LSLOutletStreamName-EEG|channel5"", ""LSLOutletStreamName-EEG|channel6"", ""LSLOutletStreamName-EEG|channel7"", ""LSLOutletStreamName-EEG|channel8"", ""LSLOutletStreamName-EEG|channel9"", ""LSLOutletStreamName-EEG|channel10"", ""LSLOutletStreamName-EEG|channel11"", ""LSLOutletStreamName-EEG|channel12"", ""LSLOutletStreamName-EEG|channel13"", ""LSLOutletStreamName-EEG|channel14"", ""LSLOutletStreamName-EEG|channel15"", ""LSLOutletStreamName-EEG|channel16"", ""LSLOutletStreamName-EEG|channel17"", ""LSLOutletStreamName-EEG|channel18"", ""LSLOutletStreamName-EEG|channel19"", ""LSLOutletStreamName-EEG|channel20"", ""LSLOutletStreamName-EEG|channel21"", ""LSLOutletStreamName-EEG|channel22"", ""LSLOutletStreamName-EEG|channel23"", ""LSLOutletStreamName-EEG|channel24"", ""LSLOutletStreamName-EEG|channel25"", ""LSLOutletStreamName-EEG|channel26"", ""LSLOutletStreamName-EEG|channel27"", ""LSLOutletStreamName-EEG|channel28"", ""LSLOutletStreamName-EEG|channel29"", ""LSLOutletStreamName-EEG|channel30"", ""LSLOutletStreamName-EEG|channel31"", ""LSLOutletStreamName-Accelerometer|channel0"", ""LSLOutletStreamName-Accelerometer|channel1"", ""LSLOutletStreamName-Accelerometer|channel2""]",ID | StorageTime | LSLOutletStreamName-EEG|channel0 | LSLOutletStreamName-EEG|channel1 | LSLOutletStreamName-EEG|channel2 | LSLOutletStreamName-EEG|channel3 | LSLOutletStreamName-EEG|channel4 | LSLOutletStreamName-EEG|channel5 | LSLOutletStreamName-EEG|channel6 | LSLOutletStreamName-EEG|channel7 | LSLOutletStreamName-EEG|channel8 | LSLOutletStreamName-EEG|channel9 | LSLOutletStreamName-EEG|channel10 | LSLOutletStreamName-EEG|channel11 | LSLOutletStreamName-EEG|channel12 | LSLOutletStreamName-EEG|channel13 | LSLOutletStreamName-EEG|channel14 | LSLOutletStreamName-EEG|channel15 | LSLOutletStreamName-EEG|channel16 | LSLOutletStreamName-EEG|channel17 | LSLOutletStreamName-EEG|channel18 | LSLOutletStreamName-EEG|channel19 | LSLOutletStreamName-EEG|channel20 | LSLOutletStreamName-EEG|channel21 | LSLOutletStreamName-EEG|channel22 | LSLOutletStreamName-EEG|channel23 | LSLOutletStreamName-EEG|channel24 | LSLOutletStreamName-EEG|channel25 | LSLOutletStreamName-EEG|channel26 | LSLOutletStreamName-EEG|channel27
原始脑电数据/lxy/Entity_Recording_2025_09_28_18_19_35_eeg.csv,原始脑电数据,lxy,2025_09_28_18_19_35,eeg,ok,utf-8-sig,326405,37,StorageTime,True,True,False,0.21171451318354706,"[""ID"", ""StorageTime"", ""LSLOutletStreamName-EEG|channel0"", ""LSLOutletStreamName-EEG|channel1"", ""LSLOutletStreamName-EEG|channel2"", ""LSLOutletStreamName-EEG|channel3"", ""LSLOutletStreamName-EEG|channel4"", ""LSLOutletStreamName-EEG|channel5"", ""LSLOutletStreamName-EEG|channel6"", ""LSLOutletStreamName-EEG|channel7"", ""LSLOutletStreamName-EEG|channel8"", ""LSLOutletStreamName-EEG|channel9"", ""LSLOutletStreamName-EEG|channel10"", ""LSLOutletStreamName-EEG|channel11"", ""LSLOutletStreamName-EEG|channel12"", ""LSLOutletStreamName-EEG|channel13"", ""LSLOutletStreamName-EEG|channel14"", ""LSLOutletStreamName-EEG|channel15"", ""LSLOutletStreamName-EEG|channel16"", ""LSLOutletStreamName-EEG|channel17"", ""LSLOutletStreamName-EEG|channel18"", ""LSLOutletStreamName-EEG|channel19"", ""LSLOutletStreamName-EEG|channel20"", ""LSLOutletStreamName-EEG|channel21"", ""LSLOutletStreamName-EEG|channel22"", ""LSLOutletStreamName-EEG|channel23"", ""LSLOutletStreamName-EEG|channel24"", ""LSLOutletStreamName-EEG|channel25"", ""LSLOutletStreamName-EEG|channel26"", ""LSLOutletStreamName-EEG|channel27"", ""LSLOutletStreamName-EEG|channel28"", ""LSLOutletStreamName-EEG|channel29"", ""LSLOutletStreamName-EEG|channel30"", ""LSLOutletStreamName-EEG|channel31"", ""LSLOutletStreamName-Accelerometer|channel0"", ""LSLOutletStreamName-Accelerometer|channel1"", ""LSLOutletStreamName-Accelerometer|channel2""]",ID | StorageTime | LSLOutletStreamName-EEG|channel0 | LSLOutletStreamName-EEG|channel1 | LSLOutletStreamName-EEG|channel2 | LSLOutletStreamName-EEG|channel3 | LSLOutletStreamName-EEG|channel4 | LSLOutletStreamName-EEG|channel5 | LSLOutletStreamName-EEG|channel6 | LSLOutletStreamName-EEG|channel7 | LSLOutletStreamName-EEG|channel8 | LSLOutletStreamName-EEG|channel9 | LSLOutletStreamName-EEG|channel10 | LSLOutletStreamName-EEG|channel11 | LSLOutletStreamName-EEG|channel12 | LSLOutletStreamName-EEG|channel13 | LSLOutletStreamName-EEG|channel14 | LSLOutletStreamName-EEG|channel15 | LSLOutletStreamName-EEG|channel16 | LSLOutletStreamName-EEG|channel17 | LSLOutletStreamName-EEG|channel18 | LSLOutletStreamName-EEG|channel19 | LSLOutletStreamName-EEG|channel20 | LSLOutletStreamName-EEG|channel21 | LSLOutletStreamName-EEG|channel22 | LSLOutletStreamName-EEG|channel23 | LSLOutletStreamName-EEG|channel24 | LSLOutletStreamName-EEG|channel25 | LSLOutletStreamName-EEG|channel26 | LSLOutletStreamName-EEG|channel27
原始脑电数据/rjy/Entity_Recording_2025_09_28_19_33_26_eeg.csv,原始脑电数据,rjy,2025_09_28_19_33_26,eeg,ok,utf-8-sig,388115,37,StorageTime,True,True,False,0.21171810667707502,"[""ID"", ""StorageTime"", ""LSLOutletStreamName-EEG|channel0"", ""LSLOutletStreamName-EEG|channel1"", ""LSLOutletStreamName-EEG|channel2"", ""LSLOutletStreamName-EEG|channel3"", ""LSLOutletStreamName-EEG|channel4"", ""LSLOutletStreamName-EEG|channel5"", ""LSLOutletStreamName-EEG|channel6"", ""LSLOutletStreamName-EEG|channel7"", ""LSLOutletStreamName-EEG|channel8"", ""LSLOutletStreamName-EEG|channel9"", ""LSLOutletStreamName-EEG|channel10"", ""LSLOutletStreamName-EEG|channel11"", ""LSLOutletStreamName-EEG|channel12"", ""LSLOutletStreamName-EEG|channel13"", ""LSLOutletStreamName-EEG|channel14"", ""LSLOutletStreamName-EEG|channel15"", ""LSLOutletStreamName-EEG|channel16"", ""LSLOutletStreamName-EEG|channel17"", ""LSLOutletStreamName-EEG|channel18"", ""LSLOutletStreamName-EEG|channel19"", ""LSLOutletStreamName-EEG|channel20"", ""LSLOutletStreamName-EEG|channel21"", ""LSLOutletStreamName-EEG|channel22"", ""LSLOutletStreamName-EEG|channel23"", ""LSLOutletStreamName-EEG|channel24"", ""LSLOutletStreamName-EEG|channel25"", ""LSLOutletStreamName-EEG|channel26"", ""LSLOutletStreamName-EEG|channel27"", ""LSLOutletStreamName-EEG|channel28"", ""LSLOutletStreamName-EEG|channel29"", ""LSLOutletStreamName-EEG|channel30"", ""LSLOutletStreamName-EEG|channel31"", ""LSLOutletStreamName-Accelerometer|channel0"", ""LSLOutletStreamName-Accelerometer|channel1"", ""LSLOutletStreamName-Accelerometer|channel2""]",ID | StorageTime | LSLOutletStreamName-EEG|channel0 | LSLOutletStreamName-EEG|channel1 | LSLOutletStreamName-EEG|channel2 | LSLOutletStreamName-EEG|channel3 | LSLOutletStreamName-EEG|channel4 | LSLOutletStreamName-EEG|channel5 | LSLOutletStreamName-EEG|channel6 | LSLOutletStreamName-EEG|channel7 | LSLOutletStreamName-EEG|channel8 | LSLOutletStreamName-EEG|channel9 | LSLOutletStreamName-EEG|channel10 | LSLOutletStreamName-EEG|channel11 | LSLOutletStreamName-EEG|channel12 | LSLOutletStreamName-EEG|channel13 | LSLOutletStreamName-EEG|channel14 | LSLOutletStreamName-EEG|channel15 | LSLOutletStreamName-EEG|channel16 | LSLOutletStreamName-EEG|channel17 | LSLOutletStreamName-EEG|channel18 | LSLOutletStreamName-EEG|channel19 | LSLOutletStreamName-EEG|channel20 | LSLOutletStreamName-EEG|channel21 | LSLOutletStreamName-EEG|channel22 | LSLOutletStreamName-EEG|channel23 | LSLOutletStreamName-EEG|channel24 | LSLOutletStreamName-EEG|channel25 | LSLOutletStreamName-EEG|channel26 | LSLOutletStreamName-EEG|channel27
原始脑电数据/rjy/Entity_Recording_2025_09_28_19_44_42_eeg.csv,原始脑电数据,rjy,2025_09_28_19_44_42,eeg,ok,utf-8-sig,88528,37,StorageTime,True,True,False,0.21173236990831423,"[""ID"", ""StorageTime"", ""LSLOutletStreamName-EEG|channel0"", ""LSLOutletStreamName-EEG|channel1"", ""LSLOutletStreamName-EEG|channel2"", ""LSLOutletStreamName-EEG|channel3"", ""LSLOutletStreamName-EEG|channel4"", ""LSLOutletStreamName-EEG|channel5"", ""LSLOutletStreamName-EEG|channel6"", ""LSLOutletStreamName-EEG|channel7"", ""LSLOutletStreamName-EEG|channel8"", ""LSLOutletStreamName-EEG|channel9"", ""LSLOutletStreamName-EEG|channel10"", ""LSLOutletStreamName-EEG|channel11"", ""LSLOutletStreamName-EEG|channel12"", ""LSLOutletStreamName-EEG|channel13"", ""LSLOutletStreamName-EEG|channel14"", ""LSLOutletStreamName-EEG|channel15"", ""LSLOutletStreamName-EEG|channel16"", ""LSLOutletStreamName-EEG|channel17"", ""LSLOutletStreamName-EEG|channel18"", ""LSLOutletStreamName-EEG|channel19"", ""LSLOutletStreamName-EEG|channel20"", ""LSLOutletStreamName-EEG|channel21"", ""LSLOutletStreamName-EEG|channel22"", ""LSLOutletStreamName-EEG|channel23"", ""LSLOutletStreamName-EEG|channel24"", ""LSLOutletStreamName-EEG|channel25"", ""LSLOutletStreamName-EEG|channel26"", ""LSLOutletStreamName-EEG|channel27"", ""LSLOutletStreamName-EEG|channel28"", ""LSLOutletStreamName-EEG|channel29"", ""LSLOutletStreamName-EEG|channel30"", ""LSLOutletStreamName-EEG|channel31"", ""LSLOutletStreamName-Accelerometer|channel0"", ""LSLOutletStreamName-Accelerometer|channel1"", ""LSLOutletStreamName-Accelerometer|channel2""]",ID | StorageTime | LSLOutletStreamName-EEG|channel0 | LSLOutletStreamName-EEG|channel1 | LSLOutletStreamName-EEG|channel2 | LSLOutletStreamName-EEG|channel3 | LSLOutletStreamName-EEG|channel4 | LSLOutletStreamName-EEG|channel5 | LSLOutletStreamName-EEG|channel6 | LSLOutletStreamName-EEG|channel7 | LSLOutletStreamName-EEG|channel8 | LSLOutletStreamName-EEG|channel9 | LSLOutletStreamName-EEG|channel10 | LSLOutletStreamName-EEG|channel11 | LSLOutletStreamName-EEG|channel12 | LSLOutletStreamName-EEG|channel13 | LSLOutletStreamName-EEG|channel14 | LSLOutletStreamName-EEG|channel15 | LSLOutletStreamName-EEG|channel16 | LSLOutletStreamName-EEG|channel17 | LSLOutletStreamName-EEG|channel18 | LSLOutletStreamName-EEG|channel19 | LSLOutletStreamName-EEG|channel20 | LSLOutletStreamName-EEG|channel21 | LSLOutletStreamName-EEG|channel22 | LSLOutletStreamName-EEG|channel23 | LSLOutletStreamName-EEG|channel24 | LSLOutletStreamName-EEG|channel25 | LSLOutletStreamName-EEG|channel26 | LSLOutletStreamName-EEG|channel27
原始脑电数据/rjy/Entity_Recording_2025_09_28_19_49_06_eeg.csv,原始脑电数据,rjy,2025_09_28_19_49_06,eeg,ok,utf-8-sig,36410,37,StorageTime,True,True,False,0.21174758939109392,"[""ID"", ""StorageTime"", ""LSLOutletStreamName-EEG|channel0"", ""LSLOutletStreamName-EEG|channel1"", ""LSLOutletStreamName-EEG|channel2"", ""LSLOutletStreamName-EEG|channel3"", ""LSLOutletStreamName-EEG|channel4"", ""LSLOutletStreamName-EEG|channel5"", ""LSLOutletStreamName-EEG|channel6"", ""LSLOutletStreamName-EEG|channel7"", ""LSLOutletStreamName-EEG|channel8"", ""LSLOutletStreamName-EEG|channel9"", ""LSLOutletStreamName-EEG|channel10"", ""LSLOutletStreamName-EEG|channel11"", ""LSLOutletStreamName-EEG|channel12"", ""LSLOutletStreamName-EEG|channel13"", ""LSLOutletStreamName-EEG|channel14"", ""LSLOutletStreamName-EEG|channel15"", ""LSLOutletStreamName-EEG|channel16"", ""LSLOutletStreamName-EEG|channel17"", ""LSLOutletStreamName-EEG|channel18"", ""LSLOutletStreamName-EEG|channel19"", ""LSLOutletStreamName-EEG|channel20"", ""LSLOutletStreamName-EEG|channel21"", ""LSLOutletStreamName-EEG|channel22"", ""LSLOutletStreamName-EEG|channel23"", ""LSLOutletStreamName-EEG|channel24"", ""LSLOutletStreamName-EEG|channel25"", ""LSLOutletStreamName-EEG|channel26"", ""LSLOutletStreamName-EEG|channel27"", ""LSLOutletStreamName-EEG|channel28"", ""LSLOutletStreamName-EEG|channel29"", ""LSLOutletStreamName-EEG|channel30"", ""LSLOutletStreamName-EEG|channel31"", ""LSLOutletStreamName-Accelerometer|channel0"", ""LSLOutletStreamName-Accelerometer|channel1"", ""LSLOutletStreamName-Accelerometer|channel2""]",ID | StorageTime | LSLOutletStreamName-EEG|channel0 | LSLOutletStreamName-EEG|channel1 | LSLOutletStreamName-EEG|channel2 | LSLOutletStreamName-EEG|channel3 | LSLOutletStreamName-EEG|channel4 | LSLOutletStreamName-EEG|channel5 | LSLOutletStreamName-EEG|channel6 | LSLOutletStreamName-EEG|channel7 | LSLOutletStreamName-EEG|channel8 | LSLOutletStreamName-EEG|channel9 | LSLOutletStreamName-EEG|channel10 | LSLOutletStreamName-EEG|channel11 | LSLOutletStreamName-EEG|channel12 | LSLOutletStreamName-EEG|channel13 | LSLOutletStreamName-EEG|channel14 | LSLOutletStreamName-EEG|channel15 | LSLOutletStreamName-EEG|channel16 | LSLOutletStreamName-EEG|channel17 | LSLOutletStreamName-EEG|channel18 | LSLOutletStreamName-EEG|channel19 | LSLOutletStreamName-EEG|channel20 | LSLOutletStreamName-EEG|channel21 | LSLOutletStreamName-EEG|channel22 | LSLOutletStreamName-EEG|channel23 | LSLOutletStreamName-EEG|channel24 | LSLOutletStreamName-EEG|channel25 | LSLOutletStreamName-EEG|channel26 | LSLOutletStreamName-EEG|channel27
原始脑电数据/txj/Entity_Recording_2025_09_27_08_39_31_eeg.csv,原始脑电数据,txj,2025_09_27_08_39_31,eeg,ok,utf-8-sig,3884,37,StorageTime,True,True,False,0.2118462437720934,"[""ID"", ""StorageTime"", ""LSLOutletStreamName-EEG|channel0"", ""LSLOutletStreamName-EEG|channel1"", ""LSLOutletStreamName-EEG|channel2"", ""LSLOutletStreamName-EEG|channel3"", ""LSLOutletStreamName-EEG|channel4"", ""LSLOutletStreamName-EEG|channel5"", ""LSLOutletStreamName-EEG|channel6"", ""LSLOutletStreamName-EEG|channel7"", ""LSLOutletStreamName-EEG|channel8"", ""LSLOutletStreamName-EEG|channel9"", ""LSLOutletStreamName-EEG|channel10"", ""LSLOutletStreamName-EEG|channel11"", ""LSLOutletStreamName-EEG|channel12"", ""LSLOutletStreamName-EEG|channel13"", ""LSLOutletStreamName-EEG|channel14"", ""LSLOutletStreamName-EEG|channel15"", ""LSLOutletStreamName-EEG|channel16"", ""LSLOutletStreamName-EEG|channel17"", ""LSLOutletStreamName-EEG|channel18"", ""LSLOutletStreamName-EEG|channel19"", ""LSLOutletStreamName-EEG|channel20"", ""LSLOutletStreamName-EEG|channel21"", ""LSLOutletStreamName-EEG|channel22"", ""LSLOutletStreamName-EEG|channel23"", ""LSLOutletStreamName-EEG|channel24"", ""LSLOutletStreamName-EEG|channel25"", ""LSLOutletStreamName-EEG|channel26"", ""LSLOutletStreamName-EEG|channel27"", ""LSLOutletStreamName-EEG|channel28"", ""LSLOutletStreamName-EEG|channel29"", ""LSLOutletStreamName-EEG|channel30"", ""LSLOutletStreamName-EEG|channel31"", ""LSLOutletStreamName-Accelerometer|channel0"", ""LSLOutletStreamName-Accelerometer|channel1"", ""LSLOutletStreamName-Accelerometer|channel2""]",ID | StorageTime | LSLOutletStreamName-EEG|channel0 | LSLOutletStreamName-EEG|channel1 | LSLOutletStreamName-EEG|channel2 | LSLOutletStreamName-EEG|channel3 | LSLOutletStreamName-EEG|channel4 | LSLOutletStreamName-EEG|channel5 | LSLOutletStreamName-EEG|channel6 | LSLOutletStreamName-EEG|channel7 | LSLOutletStreamName-EEG|channel8 | LSLOutletStreamName-EEG|channel9 | LSLOutletStreamName-EEG|channel10 | LSLOutletStreamName-EEG|channel11 | LSLOutletStreamName-EEG|channel12 | LSLOutletStreamName-EEG|channel13 | LSLOutletStreamName-EEG|channel14 | LSLOutletStreamName-EEG|channel15 | LSLOutletStreamName-EEG|channel16 | LSLOutletStreamName-EEG|channel17 | LSLOutletStreamName-EEG|channel18 | LSLOutletStreamName-EEG|channel19 | LSLOutletStreamName-EEG|channel20 | LSLOutletStreamName-EEG|channel21 | LSLOutletStreamName-EEG|channel22 | LSLOutletStreamName-EEG|channel23 | LSLOutletStreamName-EEG|channel24 | LSLOutletStreamName-EEG|channel25 | LSLOutletStreamName-EEG|channel26 | LSLOutletStreamName-EEG|channel27
原始脑电数据/txj/Entity_Recording_2025_09_27_08_40_46_eeg.csv,原始脑电数据,txj,2025_09_27_08_40_46,eeg,ok,utf-8-sig,442027,37,StorageTime,True,True,False,0.2117131893435151,"[""ID"", ""StorageTime"", ""LSLOutletStreamName-EEG|channel0"", ""LSLOutletStreamName-EEG|channel1"", ""LSLOutletStreamName-EEG|channel2"", ""LSLOutletStreamName-EEG|channel3"", ""LSLOutletStreamName-EEG|channel4"", ""LSLOutletStreamName-EEG|channel5"", ""LSLOutletStreamName-EEG|channel6"", ""LSLOutletStreamName-EEG|channel7"", ""LSLOutletStreamName-EEG|channel8"", ""LSLOutletStreamName-EEG|channel9"", ""LSLOutletStreamName-EEG|channel10"", ""LSLOutletStreamName-EEG|channel11"", ""LSLOutletStreamName-EEG|channel12"", ""LSLOutletStreamName-EEG|channel13"", ""LSLOutletStreamName-EEG|channel14"", ""LSLOutletStreamName-EEG|channel15"", ""LSLOutletStreamName-EEG|channel16"", ""LSLOutletStreamName-EEG|channel17"", ""LSLOutletStreamName-EEG|channel18"", ""LSLOutletStreamName-EEG|channel19"", ""LSLOutletStreamName-EEG|channel20"", ""LSLOutletStreamName-EEG|channel21"", ""LSLOutletStreamName-EEG|channel22"", ""LSLOutletStreamName-EEG|channel23"", ""LSLOutletStreamName-EEG|channel24"", ""LSLOutletStreamName-EEG|channel25"", ""LSLOutletStreamName-EEG|channel26"", ""LSLOutletStreamName-EEG|channel27"", ""LSLOutletStreamName-EEG|channel28"", ""LSLOutletStreamName-EEG|channel29"", ""LSLOutletStreamName-EEG|channel30"", ""LSLOutletStreamName-EEG|channel31"", ""LSLOutletStreamName-Accelerometer|channel0"", ""LSLOutletStreamName-Accelerometer|channel1"", ""LSLOutletStreamName-Accelerometer|channel2""]",ID | StorageTime | LSLOutletStreamName-EEG|channel0 | LSLOutletStreamName-EEG|channel1 | LSLOutletStreamName-EEG|channel2 | LSLOutletStreamName-EEG|channel3 | LSLOutletStreamName-EEG|channel4 | LSLOutletStreamName-EEG|channel5 | LSLOutletStreamName-EEG|channel6 | LSLOutletStreamName-EEG|channel7 | LSLOutletStreamName-EEG|channel8 | LSLOutletStreamName-EEG|channel9 | LSLOutletStreamName-EEG|channel10 | LSLOutletStreamName-EEG|channel11 | LSLOutletStreamName-EEG|channel12 | LSLOutletStreamName-EEG|channel13 | LSLOutletStreamName-EEG|channel14 | LSLOutletStreamName-EEG|channel15 | LSLOutletStreamName-EEG|channel16 | LSLOutletStreamName-EEG|channel17 | LSLOutletStreamName-EEG|channel18 | LSLOutletStreamName-EEG|channel19 | LSLOutletStreamName-EEG|channel20 | LSLOutletStreamName-EEG|channel21 | LSLOutletStreamName-EEG|channel22 | LSLOutletStreamName-EEG|channel23 | LSLOutletStreamName-EEG|channel24 | LSLOutletStreamName-EEG|channel25 | LSLOutletStreamName-EEG|channel26 | LSLOutletStreamName-EEG|channel27
原始脑电数据/txj/Entity_Recording_2025_09_27_08_53_44_eeg.csv,原始脑电数据,txj,2025_09_27_08_53_44,eeg,ok,utf-8-sig,406814,37,StorageTime,True,True,False,0.21171299613781927,"[""ID"", ""StorageTime"", ""LSLOutletStreamName-EEG|channel0"", ""LSLOutletStreamName-EEG|channel1"", ""LSLOutletStreamName-EEG|channel2"", ""LSLOutletStreamName-EEG|channel3"", ""LSLOutletStreamName-EEG|channel4"", ""LSLOutletStreamName-EEG|channel5"", ""LSLOutletStreamName-EEG|channel6"", ""LSLOutletStreamName-EEG|channel7"", ""LSLOutletStreamName-EEG|channel8"", ""LSLOutletStreamName-EEG|channel9"", ""LSLOutletStreamName-EEG|channel10"", ""LSLOutletStreamName-EEG|channel11"", ""LSLOutletStreamName-EEG|channel12"", ""LSLOutletStreamName-EEG|channel13"", ""LSLOutletStreamName-EEG|channel14"", ""LSLOutletStreamName-EEG|channel15"", ""LSLOutletStreamName-EEG|channel16"", ""LSLOutletStreamName-EEG|channel17"", ""LSLOutletStreamName-EEG|channel18"", ""LSLOutletStreamName-EEG|channel19"", ""LSLOutletStreamName-EEG|channel20"", ""LSLOutletStreamName-EEG|channel21"", ""LSLOutletStreamName-EEG|channel22"", ""LSLOutletStreamName-EEG|channel23"", ""LSLOutletStreamName-EEG|channel24"", ""LSLOutletStreamName-EEG|channel25"", ""LSLOutletStreamName-EEG|channel26"", ""LSLOutletStreamName-EEG|channel27"", ""LSLOutletStreamName-EEG|channel28"", ""LSLOutletStreamName-EEG|channel29"", ""LSLOutletStreamName-EEG|channel30"", ""LSLOutletStreamName-EEG|channel31"", ""LSLOutletStreamName-Accelerometer|channel0"", ""LSLOutletStreamName-Accelerometer|channel1"", ""LSLOutletStreamName-Accelerometer|channel2""]",ID | StorageTime | LSLOutletStreamName-EEG|channel0 | LSLOutletStreamName-EEG|channel1 | LSLOutletStreamName-EEG|channel2 | LSLOutletStreamName-EEG|channel3 | LSLOutletStreamName-EEG|channel4 | LSLOutletStreamName-EEG|channel5 | LSLOutletStreamName-EEG|channel6 | LSLOutletStreamName-EEG|channel7 | LSLOutletStreamName-EEG|channel8 | LSLOutletStreamName-EEG|channel9 | LSLOutletStreamName-EEG|channel10 | LSLOutletStreamName-EEG|channel11 | LSLOutletStreamName-EEG|channel12 | LSLOutletStreamName-EEG|channel13 | LSLOutletStreamName-EEG|channel14 | LSLOutletStreamName-EEG|channel15 | LSLOutletStreamName-EEG|channel16 | LSLOutletStreamName-EEG|channel17 | LSLOutletStreamName-EEG|channel18 | LSLOutletStreamName-EEG|channel19 | LSLOutletStreamName-EEG|channel20 | LSLOutletStreamName-EEG|channel21 | LSLOutletStreamName-EEG|channel22 | LSLOutletStreamName-EEG|channel23 | LSLOutletStreamName-EEG|channel24 | LSLOutletStreamName-EEG|channel25 | LSLOutletStreamName-EEG|channel26 | LSLOutletStreamName-EEG|channel27
原始脑电数据/txj/Entity_Recording_2025_09_27_09_06_19_eeg.csv,原始脑电数据,txj,2025_09_27_09_06_19,eeg,ok,utf-8-sig,377910,37,StorageTime,True,True,False,0.21171378570759375,"[""ID"", ""StorageTime"", ""LSLOutletStreamName-EEG|channel0"", ""LSLOutletStreamName-EEG|channel1"", ""LSLOutletStreamName-EEG|channel2"", ""LSLOutletStreamName-EEG|channel3"", ""LSLOutletStreamName-EEG|channel4"", ""LSLOutletStreamName-EEG|channel5"", ""LSLOutletStreamName-EEG|channel6"", ""LSLOutletStreamName-EEG|channel7"", ""LSLOutletStreamName-EEG|channel8"", ""LSLOutletStreamName-EEG|channel9"", ""LSLOutletStreamName-EEG|channel10"", ""LSLOutletStreamName-EEG|channel11"", ""LSLOutletStreamName-EEG|channel12"", ""LSLOutletStreamName-EEG|channel13"", ""LSLOutletStreamName-EEG|channel14"", ""LSLOutletStreamName-EEG|channel15"", ""LSLOutletStreamName-EEG|channel16"", ""LSLOutletStreamName-EEG|channel17"", ""LSLOutletStreamName-EEG|channel18"", ""LSLOutletStreamName-EEG|channel19"", ""LSLOutletStreamName-EEG|channel20"", ""LSLOutletStreamName-EEG|channel21"", ""LSLOutletStreamName-EEG|channel22"", ""LSLOutletStreamName-EEG|channel23"", ""LSLOutletStreamName-EEG|channel24"", ""LSLOutletStreamName-EEG|channel25"", ""LSLOutletStreamName-EEG|channel26"", ""LSLOutletStreamName-EEG|channel27"", ""LSLOutletStreamName-EEG|channel28"", ""LSLOutletStreamName-EEG|channel29"", ""LSLOutletStreamName-EEG|channel30"", ""LSLOutletStreamName-EEG|channel31"", ""LSLOutletStreamName-Accelerometer|channel0"", ""LSLOutletStreamName-Accelerometer|channel1"", ""LSLOutletStreamName-Accelerometer|channel2""]",ID | StorageTime | LSLOutletStreamName-EEG|channel0 | LSLOutletStreamName-EEG|channel1 | LSLOutletStreamName-EEG|channel2 | LSLOutletStreamName-EEG|channel3 | LSLOutletStreamName-EEG|channel4 | LSLOutletStreamName-EEG|channel5 | LSLOutletStreamName-EEG|channel6 | LSLOutletStreamName-EEG|channel7 | LSLOutletStreamName-EEG|channel8 | LSLOutletStreamName-EEG|channel9 | LSLOutletStreamName-EEG|channel10 | LSLOutletStreamName-EEG|channel11 | LSLOutletStreamName-EEG|channel12 | LSLOutletStreamName-EEG|channel13 | LSLOutletStreamName-EEG|channel14 | LSLOutletStreamName-EEG|channel15 | LSLOutletStreamName-EEG|channel16 | LSLOutletStreamName-EEG|channel17 | LSLOutletStreamName-EEG|channel18 | LSLOutletStreamName-EEG|channel19 | LSLOutletStreamName-EEG|channel20 | LSLOutletStreamName-EEG|channel21 | LSLOutletStreamName-EEG|channel22 | LSLOutletStreamName-EEG|channel23 | LSLOutletStreamName-EEG|channel24 | LSLOutletStreamName-EEG|channel25 | LSLOutletStreamName-EEG|channel26 | LSLOutletStreamName-EEG|channel27
原始脑电数据/txj/Entity_Recording_2025_09_27_09_17_11_eeg.csv,原始脑电数据,txj,2025_09_27_09_17_11,eeg,ok,utf-8-sig,370955,37,StorageTime,True,True,False,0.21171417673958415,"[""ID"", ""StorageTime"", ""LSLOutletStreamName-EEG|channel0"", ""LSLOutletStreamName-EEG|channel1"", ""LSLOutletStreamName-EEG|channel2"", ""LSLOutletStreamName-EEG|channel3"", ""LSLOutletStreamName-EEG|channel4"", ""LSLOutletStreamName-EEG|channel5"", ""LSLOutletStreamName-EEG|channel6"", ""LSLOutletStreamName-EEG|channel7"", ""LSLOutletStreamName-EEG|channel8"", ""LSLOutletStreamName-EEG|channel9"", ""LSLOutletStreamName-EEG|channel10"", ""LSLOutletStreamName-EEG|channel11"", ""LSLOutletStreamName-EEG|channel12"", ""LSLOutletStreamName-EEG|channel13"", ""LSLOutletStreamName-EEG|channel14"", ""LSLOutletStreamName-EEG|channel15"", ""LSLOutletStreamName-EEG|channel16"", ""LSLOutletStreamName-EEG|channel17"", ""LSLOutletStreamName-EEG|channel18"", ""LSLOutletStreamName-EEG|channel19"", ""LSLOutletStreamName-EEG|channel20"", ""LSLOutletStreamName-EEG|channel21"", ""LSLOutletStreamName-EEG|channel22"", ""LSLOutletStreamName-EEG|channel23"", ""LSLOutletStreamName-EEG|channel24"", ""LSLOutletStreamName-EEG|channel25"", ""LSLOutletStreamName-EEG|channel26"", ""LSLOutletStreamName-EEG|channel27"", ""LSLOutletStreamName-EEG|channel28"", ""LSLOutletStreamName-EEG|channel29"", ""LSLOutletStreamName-EEG|channel30"", ""LSLOutletStreamName-EEG|channel31"", ""LSLOutletStreamName-Accelerometer|channel0"", ""LSLOutletStreamName-Accelerometer|channel1"", ""LSLOutletStreamName-Accelerometer|channel2""]",ID | StorageTime | LSLOutletStreamName-EEG|channel0 | LSLOutletStreamName-EEG|channel1 | LSLOutletStreamName-EEG|channel2 | LSLOutletStreamName-EEG|channel3 | LSLOutletStreamName-EEG|channel4 | LSLOutletStreamName-EEG|channel5 | LSLOutletStreamName-EEG|channel6 | LSLOutletStreamName-EEG|channel7 | LSLOutletStreamName-EEG|channel8 | LSLOutletStreamName-EEG|channel9 | LSLOutletStreamName-EEG|channel10 | LSLOutletStreamName-EEG|channel11 | LSLOutletStreamName-EEG|channel12 | LSLOutletStreamName-EEG|channel13 | LSLOutletStreamName-EEG|channel14 | LSLOutletStreamName-EEG|channel15 | LSLOutletStreamName-EEG|channel16 | LSLOutletStreamName-EEG|channel17 | LSLOutletStreamName-EEG|channel18 | LSLOutletStreamName-EEG|channel19 | LSLOutletStreamName-EEG|channel20 | LSLOutletStreamName-EEG|channel21 | LSLOutletStreamName-EEG|channel22 | LSLOutletStreamName-EEG|channel23 | LSLOutletStreamName-EEG|channel24 | LSLOutletStreamName-EEG|channel25 | LSLOutletStreamName-EEG|channel26 | LSLOutletStreamName-EEG|channel27
原始脑电数据/tyy/Entity_Recording_2025_09_28_14_23_43_eeg.csv,原始脑电数据,tyy,2025_09_28_14_23_43,eeg,ok,utf-8-sig,542071,37,StorageTime,True,True,False,0.21170857891508876,"[""ID"", ""StorageTime"", ""LSLOutletStreamName-EEG|channel0"", ""LSLOutletStreamName-EEG|channel1"", ""LSLOutletStreamName-EEG|channel2"", ""LSLOutletStreamName-EEG|channel3"", ""LSLOutletStreamName-EEG|channel4"", ""LSLOutletStreamName-EEG|channel5"", ""LSLOutletStreamName-EEG|channel6"", ""LSLOutletStreamName-EEG|channel7"", ""LSLOutletStreamName-EEG|channel8"", ""LSLOutletStreamName-EEG|channel9"", ""LSLOutletStreamName-EEG|channel10"", ""LSLOutletStreamName-EEG|channel11"", ""LSLOutletStreamName-EEG|channel12"", ""LSLOutletStreamName-EEG|channel13"", ""LSLOutletStreamName-EEG|channel14"", ""LSLOutletStreamName-EEG|channel15"", ""LSLOutletStreamName-EEG|channel16"", ""LSLOutletStreamName-EEG|channel17"", ""LSLOutletStreamName-EEG|channel18"", ""LSLOutletStreamName-EEG|channel19"", ""LSLOutletStreamName-EEG|channel20"", ""LSLOutletStreamName-EEG|channel21"", ""LSLOutletStreamName-EEG|channel22"", ""LSLOutletStreamName-EEG|channel23"", ""LSLOutletStreamName-EEG|channel24"", ""LSLOutletStreamName-EEG|channel25"", ""LSLOutletStreamName-EEG|channel26"", ""LSLOutletStreamName-EEG|channel27"", ""LSLOutletStreamName-EEG|channel28"", ""LSLOutletStreamName-EEG|channel29"", ""LSLOutletStreamName-EEG|channel30"", ""LSLOutletStreamName-EEG|channel31"", ""LSLOutletStreamName-Accelerometer|channel0"", ""LSLOutletStreamName-Accelerometer|channel1"", ""LSLOutletStreamName-Accelerometer|channel2""]",ID | StorageTime | LSLOutletStreamName-EEG|channel0 | LSLOutletStreamName-EEG|channel1 | LSLOutletStreamName-EEG|channel2 | LSLOutletStreamName-EEG|channel3 | LSLOutletStreamName-EEG|channel4 | LSLOutletStreamName-EEG|channel5 | LSLOutletStreamName-EEG|channel6 | LSLOutletStreamName-EEG|channel7 | LSLOutletStreamName-EEG|channel8 | LSLOutletStreamName-EEG|channel9 | LSLOutletStreamName-EEG|channel10 | LSLOutletStreamName-EEG|channel11 | LSLOutletStreamName-EEG|channel12 | LSLOutletStreamName-EEG|channel13 | LSLOutletStreamName-EEG|channel14 | LSLOutletStreamName-EEG|channel15 | LSLOutletStreamName-EEG|channel16 | LSLOutletStreamName-EEG|channel17 | LSLOutletStreamName-EEG|channel18 | LSLOutletStreamName-EEG|channel19 | LSLOutletStreamName-EEG|channel20 | LSLOutletStreamName-EEG|channel21 | LSLOutletStreamName-EEG|channel22 | LSLOutletStreamName-EEG|channel23 | LSLOutletStreamName-EEG|channel24 | LSLOutletStreamName-EEG|channel25 | LSLOutletStreamName-EEG|channel26 | LSLOutletStreamName-EEG|channel27
原始脑电数据/tyy/Entity_Recording_2025_09_28_14_40_01_eeg.csv,原始脑电数据,tyy,2025_09_28_14_40_01,eeg,ok,utf-8-sig,111331,37,StorageTime,True,True,False,0.21170349823644952,"[""ID"", ""StorageTime"", ""LSLOutletStreamName-EEG|channel0"", ""LSLOutletStreamName-EEG|channel1"", ""LSLOutletStreamName-EEG|channel2"", ""LSLOutletStreamName-EEG|channel3"", ""LSLOutletStreamName-EEG|channel4"", ""LSLOutletStreamName-EEG|channel5"", ""LSLOutletStreamName-EEG|channel6"", ""LSLOutletStreamName-EEG|channel7"", ""LSLOutletStreamName-EEG|channel8"", ""LSLOutletStreamName-EEG|channel9"", ""LSLOutletStreamName-EEG|channel10"", ""LSLOutletStreamName-EEG|channel11"", ""LSLOutletStreamName-EEG|channel12"", ""LSLOutletStreamName-EEG|channel13"", ""LSLOutletStreamName-EEG|channel14"", ""LSLOutletStreamName-EEG|channel15"", ""LSLOutletStreamName-EEG|channel16"", ""LSLOutletStreamName-EEG|channel17"", ""LSLOutletStreamName-EEG|channel18"", ""LSLOutletStreamName-EEG|channel19"", ""LSLOutletStreamName-EEG|channel20"", ""LSLOutletStreamName-EEG|channel21"", ""LSLOutletStreamName-EEG|channel22"", ""LSLOutletStreamName-EEG|channel23"", ""LSLOutletStreamName-EEG|channel24"", ""LSLOutletStreamName-EEG|channel25"", ""LSLOutletStreamName-EEG|channel26"", ""LSLOutletStreamName-EEG|channel27"", ""LSLOutletStreamName-EEG|channel28"", ""LSLOutletStreamName-EEG|channel29"", ""LSLOutletStreamName-EEG|channel30"", ""LSLOutletStreamName-EEG|channel31"", ""LSLOutletStreamName-Accelerometer|channel0"", ""LSLOutletStreamName-Accelerometer|channel1"", ""LSLOutletStreamName-Accelerometer|channel2""]",ID | StorageTime | LSLOutletStreamName-EEG|channel0 | LSLOutletStreamName-EEG|channel1 | LSLOutletStreamName-EEG|channel2 | LSLOutletStreamName-EEG|channel3 | LSLOutletStreamName-EEG|channel4 | LSLOutletStreamName-EEG|channel5 | LSLOutletStreamName-EEG|channel6 | LSLOutletStreamName-EEG|channel7 | LSLOutletStreamName-EEG|channel8 | LSLOutletStreamName-EEG|channel9 | LSLOutletStreamName-EEG|channel10 | LSLOutletStreamName-EEG|channel11 | LSLOutletStreamName-EEG|channel12 | LSLOutletStreamName-EEG|channel13 | LSLOutletStreamName-EEG|channel14 | LSLOutletStreamName-EEG|channel15 | LSLOutletStreamName-EEG|channel16 | LSLOutletStreamName-EEG|channel17 | LSLOutletStreamName-EEG|channel18 | LSLOutletStreamName-EEG|channel19 | LSLOutletStreamName-EEG|channel20 | LSLOutletStreamName-EEG|channel21 | LSLOutletStreamName-EEG|channel22 | LSLOutletStreamName-EEG|channel23 | LSLOutletStreamName-EEG|channel24 | LSLOutletStreamName-EEG|channel25 | LSLOutletStreamName-EEG|channel26 | LSLOutletStreamName-EEG|channel27
原始脑电数据/tyy/Entity_Recording_2025_09_28_14_44_09_eeg.csv,原始脑电数据,tyy,2025_09_28_14_44_09,eeg,ok,utf-8-sig,344774,37,StorageTime,True,True,False,0.21171095393629574,"[""ID"", ""StorageTime"", ""LSLOutletStreamName-EEG|channel0"", ""LSLOutletStreamName-EEG|channel1"", ""LSLOutletStreamName-EEG|channel2"", ""LSLOutletStreamName-EEG|channel3"", ""LSLOutletStreamName-EEG|channel4"", ""LSLOutletStreamName-EEG|channel5"", ""LSLOutletStreamName-EEG|channel6"", ""LSLOutletStreamName-EEG|channel7"", ""LSLOutletStreamName-EEG|channel8"", ""LSLOutletStreamName-EEG|channel9"", ""LSLOutletStreamName-EEG|channel10"", ""LSLOutletStreamName-EEG|channel11"", ""LSLOutletStreamName-EEG|channel12"", ""LSLOutletStreamName-EEG|channel13"", ""LSLOutletStreamName-EEG|channel14"", ""LSLOutletStreamName-EEG|channel15"", ""LSLOutletStreamName-EEG|channel16"", ""LSLOutletStreamName-EEG|channel17"", ""LSLOutletStreamName-EEG|channel18"", ""LSLOutletStreamName-EEG|channel19"", ""LSLOutletStreamName-EEG|channel20"", ""LSLOutletStreamName-EEG|channel21"", ""LSLOutletStreamName-EEG|channel22"", ""LSLOutletStreamName-EEG|channel23"", ""LSLOutletStreamName-EEG|channel24"", ""LSLOutletStreamName-EEG|channel25"", ""LSLOutletStreamName-EEG|channel26"", ""LSLOutletStreamName-EEG|channel27"", ""LSLOutletStreamName-EEG|channel28"", ""LSLOutletStreamName-EEG|channel29"", ""LSLOutletStreamName-EEG|channel30"", ""LSLOutletStreamName-EEG|channel31"", ""LSLOutletStreamName-Accelerometer|channel0"", ""LSLOutletStreamName-Accelerometer|channel1"", ""LSLOutletStreamName-Accelerometer|channel2""]",ID | StorageTime | LSLOutletStreamName-EEG|channel0 | LSLOutletStreamName-EEG|channel1 | LSLOutletStreamName-EEG|channel2 | LSLOutletStreamName-EEG|channel3 | LSLOutletStreamName-EEG|channel4 | LSLOutletStreamName-EEG|channel5 | LSLOutletStreamName-EEG|channel6 | LSLOutletStreamName-EEG|channel7 | LSLOutletStreamName-EEG|channel8 | LSLOutletStreamName-EEG|channel9 | LSLOutletStreamName-EEG|channel10 | LSLOutletStreamName-EEG|channel11 | LSLOutletStreamName-EEG|channel12 | LSLOutletStreamName-EEG|channel13 | LSLOutletStreamName-EEG|channel14 | LSLOutletStreamName-EEG|channel15 | LSLOutletStreamName-EEG|channel16 | LSLOutletStreamName-EEG|channel17 | LSLOutletStreamName-EEG|channel18 | LSLOutletStreamName-EEG|channel19 | LSLOutletStreamName-EEG|channel20 | LSLOutletStreamName-EEG|channel21 | LSLOutletStreamName-EEG|channel22 | LSLOutletStreamName-EEG|channel23 | LSLOutletStreamName-EEG|channel24 | LSLOutletStreamName-EEG|channel25 | LSLOutletStreamName-EEG|channel26 | LSLOutletStreamName-EEG|channel27
原始脑电数据/tyy/Entity_Recording_2025_09_28_14_57_17_eeg.csv,原始脑电数据,tyy,2025_09_28_14_57_17,eeg,ok,utf-8-sig,267988,37,StorageTime,True,True,False,0.21170976191350238,"[""ID"", ""StorageTime"", ""LSLOutletStreamName-EEG|channel0"", ""LSLOutletStreamName-EEG|channel1"", ""LSLOutletStreamName-EEG|channel2"", ""LSLOutletStreamName-EEG|channel3"", ""LSLOutletStreamName-EEG|channel4"", ""LSLOutletStreamName-EEG|channel5"", ""LSLOutletStreamName-EEG|channel6"", ""LSLOutletStreamName-EEG|channel7"", ""LSLOutletStreamName-EEG|channel8"", ""LSLOutletStreamName-EEG|channel9"", ""LSLOutletStreamName-EEG|channel10"", ""LSLOutletStreamName-EEG|channel11"", ""LSLOutletStreamName-EEG|channel12"", ""LSLOutletStreamName-EEG|channel13"", ""LSLOutletStreamName-EEG|channel14"", ""LSLOutletStreamName-EEG|channel15"", ""LSLOutletStreamName-EEG|channel16"", ""LSLOutletStreamName-EEG|channel17"", ""LSLOutletStreamName-EEG|channel18"", ""LSLOutletStreamName-EEG|channel19"", ""LSLOutletStreamName-EEG|channel20"", ""LSLOutletStreamName-EEG|channel21"", ""LSLOutletStreamName-EEG|channel22"", ""LSLOutletStreamName-EEG|channel23"", ""LSLOutletStreamName-EEG|channel24"", ""LSLOutletStreamName-EEG|channel25"", ""LSLOutletStreamName-EEG|channel26"", ""LSLOutletStreamName-EEG|channel27"", ""LSLOutletStreamName-EEG|channel28"", ""LSLOutletStreamName-EEG|channel29"", ""LSLOutletStreamName-EEG|channel30"", ""LSLOutletStreamName-EEG|channel31"", ""LSLOutletStreamName-Accelerometer|channel0"", ""LSLOutletStreamName-Accelerometer|channel1"", ""LSLOutletStreamName-Accelerometer|channel2""]",ID | StorageTime | LSLOutletStreamName-EEG|channel0 | LSLOutletStreamName-EEG|channel1 | LSLOutletStreamName-EEG|channel2 | LSLOutletStreamName-EEG|channel3 | LSLOutletStreamName-EEG|channel4 | LSLOutletStreamName-EEG|channel5 | LSLOutletStreamName-EEG|channel6 | LSLOutletStreamName-EEG|channel7 | LSLOutletStreamName-EEG|channel8 | LSLOutletStreamName-EEG|channel9 | LSLOutletStreamName-EEG|channel10 | LSLOutletStreamName-EEG|channel11 | LSLOutletStreamName-EEG|channel12 | LSLOutletStreamName-EEG|channel13 | LSLOutletStreamName-EEG|channel14 | LSLOutletStreamName-EEG|channel15 | LSLOutletStreamName-EEG|channel16 | LSLOutletStreamName-EEG|channel17 | LSLOutletStreamName-EEG|channel18 | LSLOutletStreamName-EEG|channel19 | LSLOutletStreamName-EEG|channel20 | LSLOutletStreamName-EEG|channel21 | LSLOutletStreamName-EEG|channel22 | LSLOutletStreamName-EEG|channel23 | LSLOutletStreamName-EEG|channel24 | LSLOutletStreamName-EEG|channel25 | LSLOutletStreamName-EEG|channel26 | LSLOutletStreamName-EEG|channel27
原始脑电数据/xst/Entity_Recording_2025_09_26_11_34_18_eeg.csv,原始脑电数据,xst,2025_09_26_11_34_18,eeg,ok,utf-8-sig,445715,37,StorageTime,True,True,False,0.2117137632792255,"[""ID"", ""StorageTime"", ""LSLOutletStreamName-EEG|channel0"", ""LSLOutletStreamName-EEG|channel1"", ""LSLOutletStreamName-EEG|channel2"", ""LSLOutletStreamName-EEG|channel3"", ""LSLOutletStreamName-EEG|channel4"", ""LSLOutletStreamName-EEG|channel5"", ""LSLOutletStreamName-EEG|channel6"", ""LSLOutletStreamName-EEG|channel7"", ""LSLOutletStreamName-EEG|channel8"", ""LSLOutletStreamName-EEG|channel9"", ""LSLOutletStreamName-EEG|channel10"", ""LSLOutletStreamName-EEG|channel11"", ""LSLOutletStreamName-EEG|channel12"", ""LSLOutletStreamName-EEG|channel13"", ""LSLOutletStreamName-EEG|channel14"", ""LSLOutletStreamName-EEG|channel15"", ""LSLOutletStreamName-EEG|channel16"", ""LSLOutletStreamName-EEG|channel17"", ""LSLOutletStreamName-EEG|channel18"", ""LSLOutletStreamName-EEG|channel19"", ""LSLOutletStreamName-EEG|channel20"", ""LSLOutletStreamName-EEG|channel21"", ""LSLOutletStreamName-EEG|channel22"", ""LSLOutletStreamName-EEG|channel23"", ""LSLOutletStreamName-EEG|channel24"", ""LSLOutletStreamName-EEG|channel25"", ""LSLOutletStreamName-EEG|channel26"", ""LSLOutletStreamName-EEG|channel27"", ""LSLOutletStreamName-EEG|channel28"", ""LSLOutletStreamName-EEG|channel29"", ""LSLOutletStreamName-EEG|channel30"", ""LSLOutletStreamName-EEG|channel31"", ""LSLOutletStreamName-Accelerometer|channel0"", ""LSLOutletStreamName-Accelerometer|channel1"", ""LSLOutletStreamName-Accelerometer|channel2""]",ID | StorageTime | LSLOutletStreamName-EEG|channel0 | LSLOutletStreamName-EEG|channel1 | LSLOutletStreamName-EEG|channel2 | LSLOutletStreamName-EEG|channel3 | LSLOutletStreamName-EEG|channel4 | LSLOutletStreamName-EEG|channel5 | LSLOutletStreamName-EEG|channel6 | LSLOutletStreamName-EEG|channel7 | LSLOutletStreamName-EEG|channel8 | LSLOutletStreamName-EEG|channel9 | LSLOutletStreamName-EEG|channel10 | LSLOutletStreamName-EEG|channel11 | LSLOutletStreamName-EEG|channel12 | LSLOutletStreamName-EEG|channel13 | LSLOutletStreamName-EEG|channel14 | LSLOutletStreamName-EEG|channel15 | LSLOutletStreamName-EEG|channel16 | LSLOutletStreamName-EEG|channel17 | LSLOutletStreamName-EEG|channel18 | LSLOutletStreamName-EEG|channel19 | LSLOutletStreamName-EEG|channel20 | LSLOutletStreamName-EEG|channel21 | LSLOutletStreamName-EEG|channel22 | LSLOutletStreamName-EEG|channel23 | LSLOutletStreamName-EEG|channel24 | LSLOutletStreamName-EEG|channel25 | LSLOutletStreamName-EEG|channel26 | LSLOutletStreamName-EEG|channel27
原始脑电数据/yyl/Entity_Recording_2025_09_28_09_14_23_eeg.csv,原始脑电数据,yyl,2025_09_28_09_14_23,eeg,ok,utf-8-sig,467323,37,StorageTime,True,True,False,0.21171478653776765,"[""ID"", ""StorageTime"", ""LSLOutletStreamName-EEG|channel0"", ""LSLOutletStreamName-EEG|channel1"", ""LSLOutletStreamName-EEG|channel2"", ""LSLOutletStreamName-EEG|channel3"", ""LSLOutletStreamName-EEG|channel4"", ""LSLOutletStreamName-EEG|channel5"", ""LSLOutletStreamName-EEG|channel6"", ""LSLOutletStreamName-EEG|channel7"", ""LSLOutletStreamName-EEG|channel8"", ""LSLOutletStreamName-EEG|channel9"", ""LSLOutletStreamName-EEG|channel10"", ""LSLOutletStreamName-EEG|channel11"", ""LSLOutletStreamName-EEG|channel12"", ""LSLOutletStreamName-EEG|channel13"", ""LSLOutletStreamName-EEG|channel14"", ""LSLOutletStreamName-EEG|channel15"", ""LSLOutletStreamName-EEG|channel16"", ""LSLOutletStreamName-EEG|channel17"", ""LSLOutletStreamName-EEG|channel18"", ""LSLOutletStreamName-EEG|channel19"", ""LSLOutletStreamName-EEG|channel20"", ""LSLOutletStreamName-EEG|channel21"", ""LSLOutletStreamName-EEG|channel22"", ""LSLOutletStreamName-EEG|channel23"", ""LSLOutletStreamName-EEG|channel24"", ""LSLOutletStreamName-EEG|channel25"", ""LSLOutletStreamName-EEG|channel26"", ""LSLOutletStreamName-EEG|channel27"", ""LSLOutletStreamName-EEG|channel28"", ""LSLOutletStreamName-EEG|channel29"", ""LSLOutletStreamName-EEG|channel30"", ""LSLOutletStreamName-EEG|channel31"", ""LSLOutletStreamName-Accelerometer|channel0"", ""LSLOutletStreamName-Accelerometer|channel1"", ""LSLOutletStreamName-Accelerometer|channel2""]",ID | StorageTime | LSLOutletStreamName-EEG|channel0 | LSLOutletStreamName-EEG|channel1 | LSLOutletStreamName-EEG|channel2 | LSLOutletStreamName-EEG|channel3 | LSLOutletStreamName-EEG|channel4 | LSLOutletStreamName-EEG|channel5 | LSLOutletStreamName-EEG|channel6 | LSLOutletStreamName-EEG|channel7 | LSLOutletStreamName-EEG|channel8 | LSLOutletStreamName-EEG|channel9 | LSLOutletStreamName-EEG|channel10 | LSLOutletStreamName-EEG|channel11 | LSLOutletStreamName-EEG|channel12 | LSLOutletStreamName-EEG|channel13 | LSLOutletStreamName-EEG|channel14 | LSLOutletStreamName-EEG|channel15 | LSLOutletStreamName-EEG|channel16 | LSLOutletStreamName-EEG|channel17 | LSLOutletStreamName-EEG|channel18 | LSLOutletStreamName-EEG|channel19 | LSLOutletStreamName-EEG|channel20 | LSLOutletStreamName-EEG|channel21 | LSLOutletStreamName-EEG|channel22 | LSLOutletStreamName-EEG|channel23 | LSLOutletStreamName-EEG|channel24 | LSLOutletStreamName-EEG|channel25 | LSLOutletStreamName-EEG|channel26 | LSLOutletStreamName-EEG|channel27
原始脑电数据/yyl/Entity_Recording_2025_09_28_09_29_01_eeg.csv,原始脑电数据,yyl,2025_09_28_09_29_01,eeg,ok,utf-8-sig,343042,37,StorageTime,True,True,False,0.21171475811723944,"[""ID"", ""StorageTime"", ""LSLOutletStreamName-EEG|channel0"", ""LSLOutletStreamName-EEG|channel1"", ""LSLOutletStreamName-EEG|channel2"", ""LSLOutletStreamName-EEG|channel3"", ""LSLOutletStreamName-EEG|channel4"", ""LSLOutletStreamName-EEG|channel5"", ""LSLOutletStreamName-EEG|channel6"", ""LSLOutletStreamName-EEG|channel7"", ""LSLOutletStreamName-EEG|channel8"", ""LSLOutletStreamName-EEG|channel9"", ""LSLOutletStreamName-EEG|channel10"", ""LSLOutletStreamName-EEG|channel11"", ""LSLOutletStreamName-EEG|channel12"", ""LSLOutletStreamName-EEG|channel13"", ""LSLOutletStreamName-EEG|channel14"", ""LSLOutletStreamName-EEG|channel15"", ""LSLOutletStreamName-EEG|channel16"", ""LSLOutletStreamName-EEG|channel17"", ""LSLOutletStreamName-EEG|channel18"", ""LSLOutletStreamName-EEG|channel19"", ""LSLOutletStreamName-EEG|channel20"", ""LSLOutletStreamName-EEG|channel21"", ""LSLOutletStreamName-EEG|channel22"", ""LSLOutletStreamName-EEG|channel23"", ""LSLOutletStreamName-EEG|channel24"", ""LSLOutletStreamName-EEG|channel25"", ""LSLOutletStreamName-EEG|channel26"", ""LSLOutletStreamName-EEG|channel27"", ""LSLOutletStreamName-EEG|channel28"", ""LSLOutletStreamName-EEG|channel29"", ""LSLOutletStreamName-EEG|channel30"", ""LSLOutletStreamName-EEG|channel31"", ""LSLOutletStreamName-Accelerometer|channel0"", ""LSLOutletStreamName-Accelerometer|channel1"", ""LSLOutletStreamName-Accelerometer|channel2""]",ID | StorageTime | LSLOutletStreamName-EEG|channel0 | LSLOutletStreamName-EEG|channel1 | LSLOutletStreamName-EEG|channel2 | LSLOutletStreamName-EEG|channel3 | LSLOutletStreamName-EEG|channel4 | LSLOutletStreamName-EEG|channel5 | LSLOutletStreamName-EEG|channel6 | LSLOutletStreamName-EEG|channel7 | LSLOutletStreamName-EEG|channel8 | LSLOutletStreamName-EEG|channel9 | LSLOutletStreamName-EEG|channel10 | LSLOutletStreamName-EEG|channel11 | LSLOutletStreamName-EEG|channel12 | LSLOutletStreamName-EEG|channel13 | LSLOutletStreamName-EEG|channel14 | LSLOutletStreamName-EEG|channel15 | LSLOutletStreamName-EEG|channel16 | LSLOutletStreamName-EEG|channel17 | LSLOutletStreamName-EEG|channel18 | LSLOutletStreamName-EEG|channel19 | LSLOutletStreamName-EEG|channel20 | LSLOutletStreamName-EEG|channel21 | LSLOutletStreamName-EEG|channel22 | LSLOutletStreamName-EEG|channel23 | LSLOutletStreamName-EEG|channel24 | LSLOutletStreamName-EEG|channel25 | LSLOutletStreamName-EEG|channel26 | LSLOutletStreamName-EEG|channel27
原始脑电数据/yyl/Entity_Recording_2025_09_28_09_39_01_eeg.csv,原始脑电数据,yyl,2025_09_28_09_39_01,eeg,ok,utf-8-sig,342884,37,StorageTime,True,True,False,0.21171552147334044,"[""ID"", ""StorageTime"", ""LSLOutletStreamName-EEG|channel0"", ""LSLOutletStreamName-EEG|channel1"", ""LSLOutletStreamName-EEG|channel2"", ""LSLOutletStreamName-EEG|channel3"", ""LSLOutletStreamName-EEG|channel4"", ""LSLOutletStreamName-EEG|channel5"", ""LSLOutletStreamName-EEG|channel6"", ""LSLOutletStreamName-EEG|channel7"", ""LSLOutletStreamName-EEG|channel8"", ""LSLOutletStreamName-EEG|channel9"", ""LSLOutletStreamName-EEG|channel10"", ""LSLOutletStreamName-EEG|channel11"", ""LSLOutletStreamName-EEG|channel12"", ""LSLOutletStreamName-EEG|channel13"", ""LSLOutletStreamName-EEG|channel14"", ""LSLOutletStreamName-EEG|channel15"", ""LSLOutletStreamName-EEG|channel16"", ""LSLOutletStreamName-EEG|channel17"", ""LSLOutletStreamName-EEG|channel18"", ""LSLOutletStreamName-EEG|channel19"", ""LSLOutletStreamName-EEG|channel20"", ""LSLOutletStreamName-EEG|channel21"", ""LSLOutletStreamName-EEG|channel22"", ""LSLOutletStreamName-EEG|channel23"", ""LSLOutletStreamName-EEG|channel24"", ""LSLOutletStreamName-EEG|channel25"", ""LSLOutletStreamName-EEG|channel26"", ""LSLOutletStreamName-EEG|channel27"", ""LSLOutletStreamName-EEG|channel28"", ""LSLOutletStreamName-EEG|channel29"", ""LSLOutletStreamName-EEG|channel30"", ""LSLOutletStreamName-EEG|channel31"", ""LSLOutletStreamName-Accelerometer|channel0"", ""LSLOutletStreamName-Accelerometer|channel1"", ""LSLOutletStreamName-Accelerometer|channel2""]",ID | StorageTime | LSLOutletStreamName-EEG|channel0 | LSLOutletStreamName-EEG|channel1 | LSLOutletStreamName-EEG|channel2 | LSLOutletStreamName-EEG|channel3 | LSLOutletStreamName-EEG|channel4 | LSLOutletStreamName-EEG|channel5 | LSLOutletStreamName-EEG|channel6 | LSLOutletStreamName-EEG|channel7 | LSLOutletStreamName-EEG|channel8 | LSLOutletStreamName-EEG|channel9 | LSLOutletStreamName-EEG|channel10 | LSLOutletStreamName-EEG|channel11 | LSLOutletStreamName-EEG|channel12 | LSLOutletStreamName-EEG|channel13 | LSLOutletStreamName-EEG|channel14 | LSLOutletStreamName-EEG|channel15 | LSLOutletStreamName-EEG|channel16 | LSLOutletStreamName-EEG|channel17 | LSLOutletStreamName-EEG|channel18 | LSLOutletStreamName-EEG|channel19 | LSLOutletStreamName-EEG|channel20 | LSLOutletStreamName-EEG|channel21 | LSLOutletStreamName-EEG|channel22 | LSLOutletStreamName-EEG|channel23 | LSLOutletStreamName-EEG|channel24 | LSLOutletStreamName-EEG|channel25 | LSLOutletStreamName-EEG|channel26 | LSLOutletStreamName-EEG|channel27
原始脑电数据/yyl/Entity_Recording_2025_09_28_09_49_11_eeg.csv,原始脑电数据,yyl,2025_09_28_09_49_11,eeg,ok,utf-8-sig,325680,37,StorageTime,True,True,False,0.2117141183187609,"[""ID"", ""StorageTime"", ""LSLOutletStreamName-EEG|channel0"", ""LSLOutletStreamName-EEG|channel1"", ""LSLOutletStreamName-EEG|channel2"", ""LSLOutletStreamName-EEG|channel3"", ""LSLOutletStreamName-EEG|channel4"", ""LSLOutletStreamName-EEG|channel5"", ""LSLOutletStreamName-EEG|channel6"", ""LSLOutletStreamName-EEG|channel7"", ""LSLOutletStreamName-EEG|channel8"", ""LSLOutletStreamName-EEG|channel9"", ""LSLOutletStreamName-EEG|channel10"", ""LSLOutletStreamName-EEG|channel11"", ""LSLOutletStreamName-EEG|channel12"", ""LSLOutletStreamName-EEG|channel13"", ""LSLOutletStreamName-EEG|channel14"", ""LSLOutletStreamName-EEG|channel15"", ""LSLOutletStreamName-EEG|channel16"", ""LSLOutletStreamName-EEG|channel17"", ""LSLOutletStreamName-EEG|channel18"", ""LSLOutletStreamName-EEG|channel19"", ""LSLOutletStreamName-EEG|channel20"", ""LSLOutletStreamName-EEG|channel21"", ""LSLOutletStreamName-EEG|channel22"", ""LSLOutletStreamName-EEG|channel23"", ""LSLOutletStreamName-EEG|channel24"", ""LSLOutletStreamName-EEG|channel25"", ""LSLOutletStreamName-EEG|channel26"", ""LSLOutletStreamName-EEG|channel27"", ""LSLOutletStreamName-EEG|channel28"", ""LSLOutletStreamName-EEG|channel29"", ""LSLOutletStreamName-EEG|channel30"", ""LSLOutletStreamName-EEG|channel31"", ""LSLOutletStreamName-Accelerometer|channel0"", ""LSLOutletStreamName-Accelerometer|channel1"", ""LSLOutletStreamName-Accelerometer|channel2""]",ID | StorageTime | LSLOutletStreamName-EEG|channel0 | LSLOutletStreamName-EEG|channel1 | LSLOutletStreamName-EEG|channel2 | LSLOutletStreamName-EEG|channel3 | LSLOutletStreamName-EEG|channel4 | LSLOutletStreamName-EEG|channel5 | LSLOutletStreamName-EEG|channel6 | LSLOutletStreamName-EEG|channel7 | LSLOutletStreamName-EEG|channel8 | LSLOutletStreamName-EEG|channel9 | LSLOutletStreamName-EEG|channel10 | LSLOutletStreamName-EEG|channel11 | LSLOutletStreamName-EEG|channel12 | LSLOutletStreamName-EEG|channel13 | LSLOutletStreamName-EEG|channel14 | LSLOutletStreamName-EEG|channel15 | LSLOutletStreamName-EEG|channel16 | LSLOutletStreamName-EEG|channel17 | LSLOutletStreamName-EEG|channel18 | LSLOutletStreamName-EEG|channel19 | LSLOutletStreamName-EEG|channel20 | LSLOutletStreamName-EEG|channel21 | LSLOutletStreamName-EEG|channel22 | LSLOutletStreamName-EEG|channel23 | LSLOutletStreamName-EEG|channel24 | LSLOutletStreamName-EEG|channel25 | LSLOutletStreamName-EEG|channel26 | LSLOutletStreamName-EEG|channel27
原始脑电数据/yzy/Entity_Recording_2025_09_27_14_13_03_eeg.csv,原始脑电数据,yzy,2025_09_27_14_13_03,eeg,ok,utf-8-sig,416974,37,StorageTime,True,True,False,0.21171609766582114,"[""ID"", ""StorageTime"", ""LSLOutletStreamName-EEG|channel0"", ""LSLOutletStreamName-EEG|channel1"", ""LSLOutletStreamName-EEG|channel2"", ""LSLOutletStreamName-EEG|channel3"", ""LSLOutletStreamName-EEG|channel4"", ""LSLOutletStreamName-EEG|channel5"", ""LSLOutletStreamName-EEG|channel6"", ""LSLOutletStreamName-EEG|channel7"", ""LSLOutletStreamName-EEG|channel8"", ""LSLOutletStreamName-EEG|channel9"", ""LSLOutletStreamName-EEG|channel10"", ""LSLOutletStreamName-EEG|channel11"", ""LSLOutletStreamName-EEG|channel12"", ""LSLOutletStreamName-EEG|channel13"", ""LSLOutletStreamName-EEG|channel14"", ""LSLOutletStreamName-EEG|channel15"", ""LSLOutletStreamName-EEG|channel16"", ""LSLOutletStreamName-EEG|channel17"", ""LSLOutletStreamName-EEG|channel18"", ""LSLOutletStreamName-EEG|channel19"", ""LSLOutletStreamName-EEG|channel20"", ""LSLOutletStreamName-EEG|channel21"", ""LSLOutletStreamName-EEG|channel22"", ""LSLOutletStreamName-EEG|channel23"", ""LSLOutletStreamName-EEG|channel24"", ""LSLOutletStreamName-EEG|channel25"", ""LSLOutletStreamName-EEG|channel26"", ""LSLOutletStreamName-EEG|channel27"", ""LSLOutletStreamName-EEG|channel28"", ""LSLOutletStreamName-EEG|channel29"", ""LSLOutletStreamName-EEG|channel30"", ""LSLOutletStreamName-EEG|channel31"", ""LSLOutletStreamName-Accelerometer|channel0"", ""LSLOutletStreamName-Accelerometer|channel1"", ""LSLOutletStreamName-Accelerometer|channel2""]",ID | StorageTime | LSLOutletStreamName-EEG|channel0 | LSLOutletStreamName-EEG|channel1 | LSLOutletStreamName-EEG|channel2 | LSLOutletStreamName-EEG|channel3 | LSLOutletStreamName-EEG|channel4 | LSLOutletStreamName-EEG|channel5 | LSLOutletStreamName-EEG|channel6 | LSLOutletStreamName-EEG|channel7 | LSLOutletStreamName-EEG|channel8 | LSLOutletStreamName-EEG|channel9 | LSLOutletStreamName-EEG|channel10 | LSLOutletStreamName-EEG|channel11 | LSLOutletStreamName-EEG|channel12 | LSLOutletStreamName-EEG|channel13 | LSLOutletStreamName-EEG|channel14 | LSLOutletStreamName-EEG|channel15 | LSLOutletStreamName-EEG|channel16 | LSLOutletStreamName-EEG|channel17 | LSLOutletStreamName-EEG|channel18 | LSLOutletStreamName-EEG|channel19 | LSLOutletStreamName-EEG|channel20 | LSLOutletStreamName-EEG|channel21 | LSLOutletStreamName-EEG|channel22 | LSLOutletStreamName-EEG|channel23 | LSLOutletStreamName-EEG|channel24 | LSLOutletStreamName-EEG|channel25 | LSLOutletStreamName-EEG|channel26 | LSLOutletStreamName-EEG|channel27
原始脑电数据/yzy/Entity_Recording_2025_09_27_14_26_04_eeg.csv,原始脑电数据,yzy,2025_09_27_14_26_04,eeg,ok,utf-8-sig,369151,37,StorageTime,True,True,False,0.21171348105041904,"[""ID"", ""StorageTime"", ""LSLOutletStreamName-EEG|channel0"", ""LSLOutletStreamName-EEG|channel1"", ""LSLOutletStreamName-EEG|channel2"", ""LSLOutletStreamName-EEG|channel3"", ""LSLOutletStreamName-EEG|channel4"", ""LSLOutletStreamName-EEG|channel5"", ""LSLOutletStreamName-EEG|channel6"", ""LSLOutletStreamName-EEG|channel7"", ""LSLOutletStreamName-EEG|channel8"", ""LSLOutletStreamName-EEG|channel9"", ""LSLOutletStreamName-EEG|channel10"", ""LSLOutletStreamName-EEG|channel11"", ""LSLOutletStreamName-EEG|channel12"", ""LSLOutletStreamName-EEG|channel13"", ""LSLOutletStreamName-EEG|channel14"", ""LSLOutletStreamName-EEG|channel15"", ""LSLOutletStreamName-EEG|channel16"", ""LSLOutletStreamName-EEG|channel17"", ""LSLOutletStreamName-EEG|channel18"", ""LSLOutletStreamName-EEG|channel19"", ""LSLOutletStreamName-EEG|channel20"", ""LSLOutletStreamName-EEG|channel21"", ""LSLOutletStreamName-EEG|channel22"", ""LSLOutletStreamName-EEG|channel23"", ""LSLOutletStreamName-EEG|channel24"", ""LSLOutletStreamName-EEG|channel25"", ""LSLOutletStreamName-EEG|channel26"", ""LSLOutletStreamName-EEG|channel27"", ""LSLOutletStreamName-EEG|channel28"", ""LSLOutletStreamName-EEG|channel29"", ""LSLOutletStreamName-EEG|channel30"", ""LSLOutletStreamName-EEG|channel31"", ""LSLOutletStreamName-Accelerometer|channel0"", ""LSLOutletStreamName-Accelerometer|channel1"", ""LSLOutletStreamName-Accelerometer|channel2""]",ID | StorageTime | LSLOutletStreamName-EEG|channel0 | LSLOutletStreamName-EEG|channel1 | LSLOutletStreamName-EEG|channel2 | LSLOutletStreamName-EEG|channel3 | LSLOutletStreamName-EEG|channel4 | LSLOutletStreamName-EEG|channel5 | LSLOutletStreamName-EEG|channel6 | LSLOutletStreamName-EEG|channel7 | LSLOutletStreamName-EEG|channel8 | LSLOutletStreamName-EEG|channel9 | LSLOutletStreamName-EEG|channel10 | LSLOutletStreamName-EEG|channel11 | LSLOutletStreamName-EEG|channel12 | LSLOutletStreamName-EEG|channel13 | LSLOutletStreamName-EEG|channel14 | LSLOutletStreamName-EEG|channel15 | LSLOutletStreamName-EEG|channel16 | LSLOutletStreamName-EEG|channel17 | LSLOutletStreamName-EEG|channel18 | LSLOutletStreamName-EEG|channel19 | LSLOutletStreamName-EEG|channel20 | LSLOutletStreamName-EEG|channel21 | LSLOutletStreamName-EEG|channel22 | LSLOutletStreamName-EEG|channel23 | LSLOutletStreamName-EEG|channel24 | LSLOutletStreamName-EEG|channel25 | LSLOutletStreamName-EEG|channel26 | LSLOutletStreamName-EEG|channel27
原始脑电数据/yzy/Entity_Recording_2025_09_27_14_37_08_eeg.csv,原始脑电数据,yzy,2025_09_27_14_37_08,eeg,ok,utf-8-sig,356948,37,StorageTime,True,True,False,0.21171317557345776,"[""ID"", ""StorageTime"", ""LSLOutletStreamName-EEG|channel0"", ""LSLOutletStreamName-EEG|channel1"", ""LSLOutletStreamName-EEG|channel2"", ""LSLOutletStreamName-EEG|channel3"", ""LSLOutletStreamName-EEG|channel4"", ""LSLOutletStreamName-EEG|channel5"", ""LSLOutletStreamName-EEG|channel6"", ""LSLOutletStreamName-EEG|channel7"", ""LSLOutletStreamName-EEG|channel8"", ""LSLOutletStreamName-EEG|channel9"", ""LSLOutletStreamName-EEG|channel10"", ""LSLOutletStreamName-EEG|channel11"", ""LSLOutletStreamName-EEG|channel12"", ""LSLOutletStreamName-EEG|channel13"", ""LSLOutletStreamName-EEG|channel14"", ""LSLOutletStreamName-EEG|channel15"", ""LSLOutletStreamName-EEG|channel16"", ""LSLOutletStreamName-EEG|channel17"", ""LSLOutletStreamName-EEG|channel18"", ""LSLOutletStreamName-EEG|channel19"", ""LSLOutletStreamName-EEG|channel20"", ""LSLOutletStreamName-EEG|channel21"", ""LSLOutletStreamName-EEG|channel22"", ""LSLOutletStreamName-EEG|channel23"", ""LSLOutletStreamName-EEG|channel24"", ""LSLOutletStreamName-EEG|channel25"", ""LSLOutletStreamName-EEG|channel26"", ""LSLOutletStreamName-EEG|channel27"", ""LSLOutletStreamName-EEG|channel28"", ""LSLOutletStreamName-EEG|channel29"", ""LSLOutletStreamName-EEG|channel30"", ""LSLOutletStreamName-EEG|channel31"", ""LSLOutletStreamName-Accelerometer|channel0"", ""LSLOutletStreamName-Accelerometer|channel1"", ""LSLOutletStreamName-Accelerometer|channel2""]",ID | StorageTime | LSLOutletStreamName-EEG|channel0 | LSLOutletStreamName-EEG|channel1 | LSLOutletStreamName-EEG|channel2 | LSLOutletStreamName-EEG|channel3 | LSLOutletStreamName-EEG|channel4 | LSLOutletStreamName-EEG|channel5 | LSLOutletStreamName-EEG|channel6 | LSLOutletStreamName-EEG|channel7 | LSLOutletStreamName-EEG|channel8 | LSLOutletStreamName-EEG|channel9 | LSLOutletStreamName-EEG|channel10 | LSLOutletStreamName-EEG|channel11 | LSLOutletStreamName-EEG|channel12 | LSLOutletStreamName-EEG|channel13 | LSLOutletStreamName-EEG|channel14 | LSLOutletStreamName-EEG|channel15 | LSLOutletStreamName-EEG|channel16 | LSLOutletStreamName-EEG|channel17 | LSLOutletStreamName-EEG|channel18 | LSLOutletStreamName-EEG|channel19 | LSLOutletStreamName-EEG|channel20 | LSLOutletStreamName-EEG|channel21 | LSLOutletStreamName-EEG|channel22 | LSLOutletStreamName-EEG|channel23 | LSLOutletStreamName-EEG|channel24 | LSLOutletStreamName-EEG|channel25 | LSLOutletStreamName-EEG|channel26 | LSLOutletStreamName-EEG|channel27
原始脑电数据/yzy/Entity_Recording_2025_09_27_15_04_26_eeg.csv,原始脑电数据,yzy,2025_09_27_15_04_26,eeg,ok,utf-8-sig,68085,37,StorageTime,True,True,False,0.2117174676328675,"[""ID"", ""StorageTime"", ""LSLOutletStreamName-EEG|channel0"", ""LSLOutletStreamName-EEG|channel1"", ""LSLOutletStreamName-EEG|channel2"", ""LSLOutletStreamName-EEG|channel3"", ""LSLOutletStreamName-EEG|channel4"", ""LSLOutletStreamName-EEG|channel5"", ""LSLOutletStreamName-EEG|channel6"", ""LSLOutletStreamName-EEG|channel7"", ""LSLOutletStreamName-EEG|channel8"", ""LSLOutletStreamName-EEG|channel9"", ""LSLOutletStreamName-EEG|channel10"", ""LSLOutletStreamName-EEG|channel11"", ""LSLOutletStreamName-EEG|channel12"", ""LSLOutletStreamName-EEG|channel13"", ""LSLOutletStreamName-EEG|channel14"", ""LSLOutletStreamName-EEG|channel15"", ""LSLOutletStreamName-EEG|channel16"", ""LSLOutletStreamName-EEG|channel17"", ""LSLOutletStreamName-EEG|channel18"", ""LSLOutletStreamName-EEG|channel19"", ""LSLOutletStreamName-EEG|channel20"", ""LSLOutletStreamName-EEG|channel21"", ""LSLOutletStreamName-EEG|channel22"", ""LSLOutletStreamName-EEG|channel23"", ""LSLOutletStreamName-EEG|channel24"", ""LSLOutletStreamName-EEG|channel25"", ""LSLOutletStreamName-EEG|channel26"", ""LSLOutletStreamName-EEG|channel27"", ""LSLOutletStreamName-EEG|channel28"", ""LSLOutletStreamName-EEG|channel29"", ""LSLOutletStreamName-EEG|channel30"", ""LSLOutletStreamName-EEG|channel31"", ""LSLOutletStreamName-Accelerometer|channel0"", ""LSLOutletStreamName-Accelerometer|channel1"", ""LSLOutletStreamName-Accelerometer|channel2""]",ID | StorageTime | LSLOutletStreamName-EEG|channel0 | LSLOutletStreamName-EEG|channel1 | LSLOutletStreamName-EEG|channel2 | LSLOutletStreamName-EEG|channel3 | LSLOutletStreamName-EEG|channel4 | LSLOutletStreamName-EEG|channel5 | LSLOutletStreamName-EEG|channel6 | LSLOutletStreamName-EEG|channel7 | LSLOutletStreamName-EEG|channel8 | LSLOutletStreamName-EEG|channel9 | LSLOutletStreamName-EEG|channel10 | LSLOutletStreamName-EEG|channel11 | LSLOutletStreamName-EEG|channel12 | LSLOutletStreamName-EEG|channel13 | LSLOutletStreamName-EEG|channel14 | LSLOutletStreamName-EEG|channel15 | LSLOutletStreamName-EEG|channel16 | LSLOutletStreamName-EEG|channel17 | LSLOutletStreamName-EEG|channel18 | LSLOutletStreamName-EEG|channel19 | LSLOutletStreamName-EEG|channel20 | LSLOutletStreamName-EEG|channel21 | LSLOutletStreamName-EEG|channel22 | LSLOutletStreamName-EEG|channel23 | LSLOutletStreamName-EEG|channel24 | LSLOutletStreamName-EEG|channel25 | LSLOutletStreamName-EEG|channel26 | LSLOutletStreamName-EEG|channel27
原始脑电数据/yzy/Entity_Recording_2025_09_27_15_07_57_eeg.csv,原始脑电数据,yzy,2025_09_27_15_07_57,eeg,ok,utf-8-sig,351322,37,StorageTime,True,True,False,0.2117146863191802,"[""ID"", ""StorageTime"", ""LSLOutletStreamName-EEG|channel0"", ""LSLOutletStreamName-EEG|channel1"", ""LSLOutletStreamName-EEG|channel2"", ""LSLOutletStreamName-EEG|channel3"", ""LSLOutletStreamName-EEG|channel4"", ""LSLOutletStreamName-EEG|channel5"", ""LSLOutletStreamName-EEG|channel6"", ""LSLOutletStreamName-EEG|channel7"", ""LSLOutletStreamName-EEG|channel8"", ""LSLOutletStreamName-EEG|channel9"", ""LSLOutletStreamName-EEG|channel10"", ""LSLOutletStreamName-EEG|channel11"", ""LSLOutletStreamName-EEG|channel12"", ""LSLOutletStreamName-EEG|channel13"", ""LSLOutletStreamName-EEG|channel14"", ""LSLOutletStreamName-EEG|channel15"", ""LSLOutletStreamName-EEG|channel16"", ""LSLOutletStreamName-EEG|channel17"", ""LSLOutletStreamName-EEG|channel18"", ""LSLOutletStreamName-EEG|channel19"", ""LSLOutletStreamName-EEG|channel20"", ""LSLOutletStreamName-EEG|channel21"", ""LSLOutletStreamName-EEG|channel22"", ""LSLOutletStreamName-EEG|channel23"", ""LSLOutletStreamName-EEG|channel24"", ""LSLOutletStreamName-EEG|channel25"", ""LSLOutletStreamName-EEG|channel26"", ""LSLOutletStreamName-EEG|channel27"", ""LSLOutletStreamName-EEG|channel28"", ""LSLOutletStreamName-EEG|channel29"", ""LSLOutletStreamName-EEG|channel30"", ""LSLOutletStreamName-EEG|channel31"", ""LSLOutletStreamName-Accelerometer|channel0"", ""LSLOutletStreamName-Accelerometer|channel1"", ""LSLOutletStreamName-Accelerometer|channel2""]",ID | StorageTime | LSLOutletStreamName-EEG|channel0 | LSLOutletStreamName-EEG|channel1 | LSLOutletStreamName-EEG|channel2 | LSLOutletStreamName-EEG|channel3 | LSLOutletStreamName-EEG|channel4 | LSLOutletStreamName-EEG|channel5 | LSLOutletStreamName-EEG|channel6 | LSLOutletStreamName-EEG|channel7 | LSLOutletStreamName-EEG|channel8 | LSLOutletStreamName-EEG|channel9 | LSLOutletStreamName-EEG|channel10 | LSLOutletStreamName-EEG|channel11 | LSLOutletStreamName-EEG|channel12 | LSLOutletStreamName-EEG|channel13 | LSLOutletStreamName-EEG|channel14 | LSLOutletStreamName-EEG|channel15 | LSLOutletStreamName-EEG|channel16 | LSLOutletStreamName-EEG|channel17 | LSLOutletStreamName-EEG|channel18 | LSLOutletStreamName-EEG|channel19 | LSLOutletStreamName-EEG|channel20 | LSLOutletStreamName-EEG|channel21 | LSLOutletStreamName-EEG|channel22 | LSLOutletStreamName-EEG|channel23 | LSLOutletStreamName-EEG|channel24 | LSLOutletStreamName-EEG|channel25 | LSLOutletStreamName-EEG|channel26 | LSLOutletStreamName-EEG|channel27
原始脑电数据/zdq/Entity_Recording_2025_09_26_15_37_30_eeg.csv,原始脑电数据,zdq,2025_09_26_15_37_30,eeg,ok,utf-8-sig,314196,37,StorageTime,True,True,False,0.21170921714213162,"[""ID"", ""StorageTime"", ""LSLOutletStreamName-EEG|channel0"", ""LSLOutletStreamName-EEG|channel1"", ""LSLOutletStreamName-EEG|channel2"", ""LSLOutletStreamName-EEG|channel3"", ""LSLOutletStreamName-EEG|channel4"", ""LSLOutletStreamName-EEG|channel5"", ""LSLOutletStreamName-EEG|channel6"", ""LSLOutletStreamName-EEG|channel7"", ""LSLOutletStreamName-EEG|channel8"", ""LSLOutletStreamName-EEG|channel9"", ""LSLOutletStreamName-EEG|channel10"", ""LSLOutletStreamName-EEG|channel11"", ""LSLOutletStreamName-EEG|channel12"", ""LSLOutletStreamName-EEG|channel13"", ""LSLOutletStreamName-EEG|channel14"", ""LSLOutletStreamName-EEG|channel15"", ""LSLOutletStreamName-EEG|channel16"", ""LSLOutletStreamName-EEG|channel17"", ""LSLOutletStreamName-EEG|channel18"", ""LSLOutletStreamName-EEG|channel19"", ""LSLOutletStreamName-EEG|channel20"", ""LSLOutletStreamName-EEG|channel21"", ""LSLOutletStreamName-EEG|channel22"", ""LSLOutletStreamName-EEG|channel23"", ""LSLOutletStreamName-EEG|channel24"", ""LSLOutletStreamName-EEG|channel25"", ""LSLOutletStreamName-EEG|channel26"", ""LSLOutletStreamName-EEG|channel27"", ""LSLOutletStreamName-EEG|channel28"", ""LSLOutletStreamName-EEG|channel29"", ""LSLOutletStreamName-EEG|channel30"", ""LSLOutletStreamName-EEG|channel31"", ""LSLOutletStreamName-Accelerometer|channel0"", ""LSLOutletStreamName-Accelerometer|channel1"", ""LSLOutletStreamName-Accelerometer|channel2""]",ID | StorageTime | LSLOutletStreamName-EEG|channel0 | LSLOutletStreamName-EEG|channel1 | LSLOutletStreamName-EEG|channel2 | LSLOutletStreamName-EEG|channel3 | LSLOutletStreamName-EEG|channel4 | LSLOutletStreamName-EEG|channel5 | LSLOutletStreamName-EEG|channel6 | LSLOutletStreamName-EEG|channel7 | LSLOutletStreamName-EEG|channel8 | LSLOutletStreamName-EEG|channel9 | LSLOutletStreamName-EEG|channel10 | LSLOutletStreamName-EEG|channel11 | LSLOutletStreamName-EEG|channel12 | LSLOutletStreamName-EEG|channel13 | LSLOutletStreamName-EEG|channel14 | LSLOutletStreamName-EEG|channel15 | LSLOutletStreamName-EEG|channel16 | LSLOutletStreamName-EEG|channel17 | LSLOutletStreamName-EEG|channel18 | LSLOutletStreamName-EEG|channel19 | LSLOutletStreamName-EEG|channel20 | LSLOutletStreamName-EEG|channel21 | LSLOutletStreamName-EEG|channel22 | LSLOutletStreamName-EEG|channel23 | LSLOutletStreamName-EEG|channel24 | LSLOutletStreamName-EEG|channel25 | LSLOutletStreamName-EEG|channel26 | LSLOutletStreamName-EEG|channel27
原始脑电数据/zdq/Entity_Recording_2025_09_26_15_52_46_eeg.csv,原始脑电数据,zdq,2025_09_26_15_52_46,eeg,ok,utf-8-sig,360819,37,StorageTime,True,True,False,0.21171062559404083,"[""ID"", ""StorageTime"", ""LSLOutletStreamName-EEG|channel0"", ""LSLOutletStreamName-EEG|channel1"", ""LSLOutletStreamName-EEG|channel2"", ""LSLOutletStreamName-EEG|channel3"", ""LSLOutletStreamName-EEG|channel4"", ""LSLOutletStreamName-EEG|channel5"", ""LSLOutletStreamName-EEG|channel6"", ""LSLOutletStreamName-EEG|channel7"", ""LSLOutletStreamName-EEG|channel8"", ""LSLOutletStreamName-EEG|channel9"", ""LSLOutletStreamName-EEG|channel10"", ""LSLOutletStreamName-EEG|channel11"", ""LSLOutletStreamName-EEG|channel12"", ""LSLOutletStreamName-EEG|channel13"", ""LSLOutletStreamName-EEG|channel14"", ""LSLOutletStreamName-EEG|channel15"", ""LSLOutletStreamName-EEG|channel16"", ""LSLOutletStreamName-EEG|channel17"", ""LSLOutletStreamName-EEG|channel18"", ""LSLOutletStreamName-EEG|channel19"", ""LSLOutletStreamName-EEG|channel20"", ""LSLOutletStreamName-EEG|channel21"", ""LSLOutletStreamName-EEG|channel22"", ""LSLOutletStreamName-EEG|channel23"", ""LSLOutletStreamName-EEG|channel24"", ""LSLOutletStreamName-EEG|channel25"", ""LSLOutletStreamName-EEG|channel26"", ""LSLOutletStreamName-EEG|channel27"", ""LSLOutletStreamName-EEG|channel28"", ""LSLOutletStreamName-EEG|channel29"", ""LSLOutletStreamName-EEG|channel30"", ""LSLOutletStreamName-EEG|channel31"", ""LSLOutletStreamName-Accelerometer|channel0"", ""LSLOutletStreamName-Accelerometer|channel1"", ""LSLOutletStreamName-Accelerometer|channel2""]",ID | StorageTime | LSLOutletStreamName-EEG|channel0 | LSLOutletStreamName-EEG|channel1 | LSLOutletStreamName-EEG|channel2 | LSLOutletStreamName-EEG|channel3 | LSLOutletStreamName-EEG|channel4 | LSLOutletStreamName-EEG|channel5 | LSLOutletStreamName-EEG|channel6 | LSLOutletStreamName-EEG|channel7 | LSLOutletStreamName-EEG|channel8 | LSLOutletStreamName-EEG|channel9 | LSLOutletStreamName-EEG|channel10 | LSLOutletStreamName-EEG|channel11 | LSLOutletStreamName-EEG|channel12 | LSLOutletStreamName-EEG|channel13 | LSLOutletStreamName-EEG|channel14 | LSLOutletStreamName-EEG|channel15 | LSLOutletStreamName-EEG|channel16 | LSLOutletStreamName-EEG|channel17 | LSLOutletStreamName-EEG|channel18 | LSLOutletStreamName-EEG|channel19 | LSLOutletStreamName-EEG|channel20 | LSLOutletStreamName-EEG|channel21 | LSLOutletStreamName-EEG|channel22 | LSLOutletStreamName-EEG|channel23 | LSLOutletStreamName-EEG|channel24 | LSLOutletStreamName-EEG|channel25 | LSLOutletStreamName-EEG|channel26 | LSLOutletStreamName-EEG|channel27
原始脑电数据/zdq/Entity_Recording_2025_09_26_16_03_48_eeg.csv,原始脑电数据,zdq,2025_09_26_16_03_48,eeg,ok,utf-8-sig,334721,37,StorageTime,True,True,False,0.2117121019789212,"[""ID"", ""StorageTime"", ""LSLOutletStreamName-EEG|channel0"", ""LSLOutletStreamName-EEG|channel1"", ""LSLOutletStreamName-EEG|channel2"", ""LSLOutletStreamName-EEG|channel3"", ""LSLOutletStreamName-EEG|channel4"", ""LSLOutletStreamName-EEG|channel5"", ""LSLOutletStreamName-EEG|channel6"", ""LSLOutletStreamName-EEG|channel7"", ""LSLOutletStreamName-EEG|channel8"", ""LSLOutletStreamName-EEG|channel9"", ""LSLOutletStreamName-EEG|channel10"", ""LSLOutletStreamName-EEG|channel11"", ""LSLOutletStreamName-EEG|channel12"", ""LSLOutletStreamName-EEG|channel13"", ""LSLOutletStreamName-EEG|channel14"", ""LSLOutletStreamName-EEG|channel15"", ""LSLOutletStreamName-EEG|channel16"", ""LSLOutletStreamName-EEG|channel17"", ""LSLOutletStreamName-EEG|channel18"", ""LSLOutletStreamName-EEG|channel19"", ""LSLOutletStreamName-EEG|channel20"", ""LSLOutletStreamName-EEG|channel21"", ""LSLOutletStreamName-EEG|channel22"", ""LSLOutletStreamName-EEG|channel23"", ""LSLOutletStreamName-EEG|channel24"", ""LSLOutletStreamName-EEG|channel25"", ""LSLOutletStreamName-EEG|channel26"", ""LSLOutletStreamName-EEG|channel27"", ""LSLOutletStreamName-EEG|channel28"", ""LSLOutletStreamName-EEG|channel29"", ""LSLOutletStreamName-EEG|channel30"", ""LSLOutletStreamName-EEG|channel31"", ""LSLOutletStreamName-Accelerometer|channel0"", ""LSLOutletStreamName-Accelerometer|channel1"", ""LSLOutletStreamName-Accelerometer|channel2""]",ID | StorageTime | LSLOutletStreamName-EEG|channel0 | LSLOutletStreamName-EEG|channel1 | LSLOutletStreamName-EEG|channel2 | LSLOutletStreamName-EEG|channel3 | LSLOutletStreamName-EEG|channel4 | LSLOutletStreamName-EEG|channel5 | LSLOutletStreamName-EEG|channel6 | LSLOutletStreamName-EEG|channel7 | LSLOutletStreamName-EEG|channel8 | LSLOutletStreamName-EEG|channel9 | LSLOutletStreamName-EEG|channel10 | LSLOutletStreamName-EEG|channel11 | LSLOutletStreamName-EEG|channel12 | LSLOutletStreamName-EEG|channel13 | LSLOutletStreamName-EEG|channel14 | LSLOutletStreamName-EEG|channel15 | LSLOutletStreamName-EEG|channel16 | LSLOutletStreamName-EEG|channel17 | LSLOutletStreamName-EEG|channel18 | LSLOutletStreamName-EEG|channel19 | LSLOutletStreamName-EEG|channel20 | LSLOutletStreamName-EEG|channel21 | LSLOutletStreamName-EEG|channel22 | LSLOutletStreamName-EEG|channel23 | LSLOutletStreamName-EEG|channel24 | LSLOutletStreamName-EEG|channel25 | LSLOutletStreamName-EEG|channel26 | LSLOutletStreamName-EEG|channel27
原始脑电数据/zt/Entity_Recording_2025_09_28_11_20_08_eeg.csv,原始脑电数据,zt,2025_09_28_11_20_08,eeg,ok,utf-8-sig,374895,37,StorageTime,True,True,False,0.21171275704945133,"[""ID"", ""StorageTime"", ""LSLOutletStreamName-EEG|channel0"", ""LSLOutletStreamName-EEG|channel1"", ""LSLOutletStreamName-EEG|channel2"", ""LSLOutletStreamName-EEG|channel3"", ""LSLOutletStreamName-EEG|channel4"", ""LSLOutletStreamName-EEG|channel5"", ""LSLOutletStreamName-EEG|channel6"", ""LSLOutletStreamName-EEG|channel7"", ""LSLOutletStreamName-EEG|channel8"", ""LSLOutletStreamName-EEG|channel9"", ""LSLOutletStreamName-EEG|channel10"", ""LSLOutletStreamName-EEG|channel11"", ""LSLOutletStreamName-EEG|channel12"", ""LSLOutletStreamName-EEG|channel13"", ""LSLOutletStreamName-EEG|channel14"", ""LSLOutletStreamName-EEG|channel15"", ""LSLOutletStreamName-EEG|channel16"", ""LSLOutletStreamName-EEG|channel17"", ""LSLOutletStreamName-EEG|channel18"", ""LSLOutletStreamName-EEG|channel19"", ""LSLOutletStreamName-EEG|channel20"", ""LSLOutletStreamName-EEG|channel21"", ""LSLOutletStreamName-EEG|channel22"", ""LSLOutletStreamName-EEG|channel23"", ""LSLOutletStreamName-EEG|channel24"", ""LSLOutletStreamName-EEG|channel25"", ""LSLOutletStreamName-EEG|channel26"", ""LSLOutletStreamName-EEG|channel27"", ""LSLOutletStreamName-EEG|channel28"", ""LSLOutletStreamName-EEG|channel29"", ""LSLOutletStreamName-EEG|channel30"", ""LSLOutletStreamName-EEG|channel31"", ""LSLOutletStreamName-Accelerometer|channel0"", ""LSLOutletStreamName-Accelerometer|channel1"", ""LSLOutletStreamName-Accelerometer|channel2""]",ID | StorageTime | LSLOutletStreamName-EEG|channel0 | LSLOutletStreamName-EEG|channel1 | LSLOutletStreamName-EEG|channel2 | LSLOutletStreamName-EEG|channel3 | LSLOutletStreamName-EEG|channel4 | LSLOutletStreamName-EEG|channel5 | LSLOutletStreamName-EEG|channel6 | LSLOutletStreamName-EEG|channel7 | LSLOutletStreamName-EEG|channel8 | LSLOutletStreamName-EEG|channel9 | LSLOutletStreamName-EEG|channel10 | LSLOutletStreamName-EEG|channel11 | LSLOutletStreamName-EEG|channel12 | LSLOutletStreamName-EEG|channel13 | LSLOutletStreamName-EEG|channel14 | LSLOutletStreamName-EEG|channel15 | LSLOutletStreamName-EEG|channel16 | LSLOutletStreamName-EEG|channel17 | LSLOutletStreamName-EEG|channel18 | LSLOutletStreamName-EEG|channel19 | LSLOutletStreamName-EEG|channel20 | LSLOutletStreamName-EEG|channel21 | LSLOutletStreamName-EEG|channel22 | LSLOutletStreamName-EEG|channel23 | LSLOutletStreamName-EEG|channel24 | LSLOutletStreamName-EEG|channel25 | LSLOutletStreamName-EEG|channel26 | LSLOutletStreamName-EEG|channel27
原始脑电数据/zx/Entity_Recording_2025_09_27_16_32_00_eeg.csv,原始脑电数据,zx,2025_09_27_16_32_00,eeg,ok,utf-8-sig,420133,37,StorageTime,True,True,False,0.211713266345966,"[""ID"", ""StorageTime"", ""LSLOutletStreamName-EEG|channel0"", ""LSLOutletStreamName-EEG|channel1"", ""LSLOutletStreamName-EEG|channel2"", ""LSLOutletStreamName-EEG|channel3"", ""LSLOutletStreamName-EEG|channel4"", ""LSLOutletStreamName-EEG|channel5"", ""LSLOutletStreamName-EEG|channel6"", ""LSLOutletStreamName-EEG|channel7"", ""LSLOutletStreamName-EEG|channel8"", ""LSLOutletStreamName-EEG|channel9"", ""LSLOutletStreamName-EEG|channel10"", ""LSLOutletStreamName-EEG|channel11"", ""LSLOutletStreamName-EEG|channel12"", ""LSLOutletStreamName-EEG|channel13"", ""LSLOutletStreamName-EEG|channel14"", ""LSLOutletStreamName-EEG|channel15"", ""LSLOutletStreamName-EEG|channel16"", ""LSLOutletStreamName-EEG|channel17"", ""LSLOutletStreamName-EEG|channel18"", ""LSLOutletStreamName-EEG|channel19"", ""LSLOutletStreamName-EEG|channel20"", ""LSLOutletStreamName-EEG|channel21"", ""LSLOutletStreamName-EEG|channel22"", ""LSLOutletStreamName-EEG|channel23"", ""LSLOutletStreamName-EEG|channel24"", ""LSLOutletStreamName-EEG|channel25"", ""LSLOutletStreamName-EEG|channel26"", ""LSLOutletStreamName-EEG|channel27"", ""LSLOutletStreamName-EEG|channel28"", ""LSLOutletStreamName-EEG|channel29"", ""LSLOutletStreamName-EEG|channel30"", ""LSLOutletStreamName-EEG|channel31"", ""LSLOutletStreamName-Accelerometer|channel0"", ""LSLOutletStreamName-Accelerometer|channel1"", ""LSLOutletStreamName-Accelerometer|channel2""]",ID | StorageTime | LSLOutletStreamName-EEG|channel0 | LSLOutletStreamName-EEG|channel1 | LSLOutletStreamName-EEG|channel2 | LSLOutletStreamName-EEG|channel3 | LSLOutletStreamName-EEG|channel4 | LSLOutletStreamName-EEG|channel5 | LSLOutletStreamName-EEG|channel6 | LSLOutletStreamName-EEG|channel7 | LSLOutletStreamName-EEG|channel8 | LSLOutletStreamName-EEG|channel9 | LSLOutletStreamName-EEG|channel10 | LSLOutletStreamName-EEG|channel11 | LSLOutletStreamName-EEG|channel12 | LSLOutletStreamName-EEG|channel13 | LSLOutletStreamName-EEG|channel14 | LSLOutletStreamName-EEG|channel15 | LSLOutletStreamName-EEG|channel16 | LSLOutletStreamName-EEG|channel17 | LSLOutletStreamName-EEG|channel18 | LSLOutletStreamName-EEG|channel19 | LSLOutletStreamName-EEG|channel20 | LSLOutletStreamName-EEG|channel21 | LSLOutletStreamName-EEG|channel22 | LSLOutletStreamName-EEG|channel23 | LSLOutletStreamName-EEG|channel24 | LSLOutletStreamName-EEG|channel25 | LSLOutletStreamName-EEG|channel26 | LSLOutletStreamName-EEG|channel27
原始脑电数据/zx/Entity_Recording_2025_09_27_16_46_13_eeg.csv,原始脑电数据,zx,2025_09_27_16_46_13,eeg,ok,utf-8-sig,426033,37,StorageTime,True,True,False,0.21171631102551947,"[""ID"", ""StorageTime"", ""LSLOutletStreamName-EEG|channel0"", ""LSLOutletStreamName-EEG|channel1"", ""LSLOutletStreamName-EEG|channel2"", ""LSLOutletStreamName-EEG|channel3"", ""LSLOutletStreamName-EEG|channel4"", ""LSLOutletStreamName-EEG|channel5"", ""LSLOutletStreamName-EEG|channel6"", ""LSLOutletStreamName-EEG|channel7"", ""LSLOutletStreamName-EEG|channel8"", ""LSLOutletStreamName-EEG|channel9"", ""LSLOutletStreamName-EEG|channel10"", ""LSLOutletStreamName-EEG|channel11"", ""LSLOutletStreamName-EEG|channel12"", ""LSLOutletStreamName-EEG|channel13"", ""LSLOutletStreamName-EEG|channel14"", ""LSLOutletStreamName-EEG|channel15"", ""LSLOutletStreamName-EEG|channel16"", ""LSLOutletStreamName-EEG|channel17"", ""LSLOutletStreamName-EEG|channel18"", ""LSLOutletStreamName-EEG|channel19"", ""LSLOutletStreamName-EEG|channel20"", ""LSLOutletStreamName-EEG|channel21"", ""LSLOutletStreamName-EEG|channel22"", ""LSLOutletStreamName-EEG|channel23"", ""LSLOutletStreamName-EEG|channel24"", ""LSLOutletStreamName-EEG|channel25"", ""LSLOutletStreamName-EEG|channel26"", ""LSLOutletStreamName-EEG|channel27"", ""LSLOutletStreamName-EEG|channel28"", ""LSLOutletStreamName-EEG|channel29"", ""LSLOutletStreamName-EEG|channel30"", ""LSLOutletStreamName-EEG|channel31"", ""LSLOutletStreamName-Accelerometer|channel0"", ""LSLOutletStreamName-Accelerometer|channel1"", ""LSLOutletStreamName-Accelerometer|channel2""]",ID | StorageTime | LSLOutletStreamName-EEG|channel0 | LSLOutletStreamName-EEG|channel1 | LSLOutletStreamName-EEG|channel2 | LSLOutletStreamName-EEG|channel3 | LSLOutletStreamName-EEG|channel4 | LSLOutletStreamName-EEG|channel5 | LSLOutletStreamName-EEG|channel6 | LSLOutletStreamName-EEG|channel7 | LSLOutletStreamName-EEG|channel8 | LSLOutletStreamName-EEG|channel9 | LSLOutletStreamName-EEG|channel10 | LSLOutletStreamName-EEG|channel11 | LSLOutletStreamName-EEG|channel12 | LSLOutletStreamName-EEG|channel13 | LSLOutletStreamName-EEG|channel14 | LSLOutletStreamName-EEG|channel15 | LSLOutletStreamName-EEG|channel16 | LSLOutletStreamName-EEG|channel17 | LSLOutletStreamName-EEG|channel18 | LSLOutletStreamName-EEG|channel19 | LSLOutletStreamName-EEG|channel20 | LSLOutletStreamName-EEG|channel21 | LSLOutletStreamName-EEG|channel22 | LSLOutletStreamName-EEG|channel23 | LSLOutletStreamName-EEG|channel24 | LSLOutletStreamName-EEG|channel25 | LSLOutletStreamName-EEG|channel26 | LSLOutletStreamName-EEG|channel27
原始脑电数据/zx/Entity_Recording_2025_09_27_17_14_07_eeg.csv,原始脑电数据,zx,2025_09_27_17_14_07,eeg,ok,utf-8-sig,341236,37,StorageTime,True,True,False,0.21171477424041632,"[""ID"", ""StorageTime"", ""LSLOutletStreamName-EEG|channel0"", ""LSLOutletStreamName-EEG|channel1"", ""LSLOutletStreamName-EEG|channel2"", ""LSLOutletStreamName-EEG|channel3"", ""LSLOutletStreamName-EEG|channel4"", ""LSLOutletStreamName-EEG|channel5"", ""LSLOutletStreamName-EEG|channel6"", ""LSLOutletStreamName-EEG|channel7"", ""LSLOutletStreamName-EEG|channel8"", ""LSLOutletStreamName-EEG|channel9"", ""LSLOutletStreamName-EEG|channel10"", ""LSLOutletStreamName-EEG|channel11"", ""LSLOutletStreamName-EEG|channel12"", ""LSLOutletStreamName-EEG|channel13"", ""LSLOutletStreamName-EEG|channel14"", ""LSLOutletStreamName-EEG|channel15"", ""LSLOutletStreamName-EEG|channel16"", ""LSLOutletStreamName-EEG|channel17"", ""LSLOutletStreamName-EEG|channel18"", ""LSLOutletStreamName-EEG|channel19"", ""LSLOutletStreamName-EEG|channel20"", ""LSLOutletStreamName-EEG|channel21"", ""LSLOutletStreamName-EEG|channel22"", ""LSLOutletStreamName-EEG|channel23"", ""LSLOutletStreamName-EEG|channel24"", ""LSLOutletStreamName-EEG|channel25"", ""LSLOutletStreamName-EEG|channel26"", ""LSLOutletStreamName-EEG|channel27"", ""LSLOutletStreamName-EEG|channel28"", ""LSLOutletStreamName-EEG|channel29"", ""LSLOutletStreamName-EEG|channel30"", ""LSLOutletStreamName-EEG|channel31"", ""LSLOutletStreamName-Accelerometer|channel0"", ""LSLOutletStreamName-Accelerometer|channel1"", ""LSLOutletStreamName-Accelerometer|channel2""]",ID | StorageTime | LSLOutletStreamName-EEG|channel0 | LSLOutletStreamName-EEG|channel1 | LSLOutletStreamName-EEG|channel2 | LSLOutletStreamName-EEG|channel3 | LSLOutletStreamName-EEG|channel4 | LSLOutletStreamName-EEG|channel5 | LSLOutletStreamName-EEG|channel6 | LSLOutletStreamName-EEG|channel7 | LSLOutletStreamName-EEG|channel8 | LSLOutletStreamName-EEG|channel9 | LSLOutletStreamName-EEG|channel10 | LSLOutletStreamName-EEG|channel11 | LSLOutletStreamName-EEG|channel12 | LSLOutletStreamName-EEG|channel13 | LSLOutletStreamName-EEG|channel14 | LSLOutletStreamName-EEG|channel15 | LSLOutletStreamName-EEG|channel16 | LSLOutletStreamName-EEG|channel17 | LSLOutletStreamName-EEG|channel18 | LSLOutletStreamName-EEG|channel19 | LSLOutletStreamName-EEG|channel20 | LSLOutletStreamName-EEG|channel21 | LSLOutletStreamName-EEG|channel22 | LSLOutletStreamName-EEG|channel23 | LSLOutletStreamName-EEG|channel24 | LSLOutletStreamName-EEG|channel25 | LSLOutletStreamName-EEG|channel26 | LSLOutletStreamName-EEG|channel27
原始脑电数据/zx/Entity_Recording_2025_09_27_17_25_16_eeg.csv,原始脑电数据,zx,2025_09_27_17_25_16,eeg,ok,utf-8-sig,83161,37,StorageTime,True,True,False,0.21172899068787768,"[""ID"", ""StorageTime"", ""LSLOutletStreamName-EEG|channel0"", ""LSLOutletStreamName-EEG|channel1"", ""LSLOutletStreamName-EEG|channel2"", ""LSLOutletStreamName-EEG|channel3"", ""LSLOutletStreamName-EEG|channel4"", ""LSLOutletStreamName-EEG|channel5"", ""LSLOutletStreamName-EEG|channel6"", ""LSLOutletStreamName-EEG|channel7"", ""LSLOutletStreamName-EEG|channel8"", ""LSLOutletStreamName-EEG|channel9"", ""LSLOutletStreamName-EEG|channel10"", ""LSLOutletStreamName-EEG|channel11"", ""LSLOutletStreamName-EEG|channel12"", ""LSLOutletStreamName-EEG|channel13"", ""LSLOutletStreamName-EEG|channel14"", ""LSLOutletStreamName-EEG|channel15"", ""LSLOutletStreamName-EEG|channel16"", ""LSLOutletStreamName-EEG|channel17"", ""LSLOutletStreamName-EEG|channel18"", ""LSLOutletStreamName-EEG|channel19"", ""LSLOutletStreamName-EEG|channel20"", ""LSLOutletStreamName-EEG|channel21"", ""LSLOutletStreamName-EEG|channel22"", ""LSLOutletStreamName-EEG|channel23"", ""LSLOutletStreamName-EEG|channel24"", ""LSLOutletStreamName-EEG|channel25"", ""LSLOutletStreamName-EEG|channel26"", ""LSLOutletStreamName-EEG|channel27"", ""LSLOutletStreamName-EEG|channel28"", ""LSLOutletStreamName-EEG|channel29"", ""LSLOutletStreamName-EEG|channel30"", ""LSLOutletStreamName-EEG|channel31"", ""LSLOutletStreamName-Accelerometer|channel0"", ""LSLOutletStreamName-Accelerometer|channel1"", ""LSLOutletStreamName-Accelerometer|channel2""]",ID | StorageTime | LSLOutletStreamName-EEG|channel0 | LSLOutletStreamName-EEG|channel1 | LSLOutletStreamName-EEG|channel2 | LSLOutletStreamName-EEG|channel3 | LSLOutletStreamName-EEG|channel4 | LSLOutletStreamName-EEG|channel5 | LSLOutletStreamName-EEG|channel6 | LSLOutletStreamName-EEG|channel7 | LSLOutletStreamName-EEG|channel8 | LSLOutletStreamName-EEG|channel9 | LSLOutletStreamName-EEG|channel10 | LSLOutletStreamName-EEG|channel11 | LSLOutletStreamName-EEG|channel12 | LSLOutletStreamName-EEG|channel13 | LSLOutletStreamName-EEG|channel14 | LSLOutletStreamName-EEG|channel15 | LSLOutletStreamName-EEG|channel16 | LSLOutletStreamName-EEG|channel17 | LSLOutletStreamName-EEG|channel18 | LSLOutletStreamName-EEG|channel19 | LSLOutletStreamName-EEG|channel20 | LSLOutletStreamName-EEG|channel21 | LSLOutletStreamName-EEG|channel22 | LSLOutletStreamName-EEG|channel23 | LSLOutletStreamName-EEG|channel24 | LSLOutletStreamName-EEG|channel25 | LSLOutletStreamName-EEG|channel26 | LSLOutletStreamName-EEG|channel27
原始脑电数据/zx/Entity_Recording_2025_09_27_17_29_08_eeg.csv,原始脑电数据,zx,2025_09_27_17_29_08,eeg,ok,utf-8-sig,255906,37,StorageTime,True,True,False,0.21171477449173165,"[""ID"", ""StorageTime"", ""LSLOutletStreamName-EEG|channel0"", ""LSLOutletStreamName-EEG|channel1"", ""LSLOutletStreamName-EEG|channel2"", ""LSLOutletStreamName-EEG|channel3"", ""LSLOutletStreamName-EEG|channel4"", ""LSLOutletStreamName-EEG|channel5"", ""LSLOutletStreamName-EEG|channel6"", ""LSLOutletStreamName-EEG|channel7"", ""LSLOutletStreamName-EEG|channel8"", ""LSLOutletStreamName-EEG|channel9"", ""LSLOutletStreamName-EEG|channel10"", ""LSLOutletStreamName-EEG|channel11"", ""LSLOutletStreamName-EEG|channel12"", ""LSLOutletStreamName-EEG|channel13"", ""LSLOutletStreamName-EEG|channel14"", ""LSLOutletStreamName-EEG|channel15"", ""LSLOutletStreamName-EEG|channel16"", ""LSLOutletStreamName-EEG|channel17"", ""LSLOutletStreamName-EEG|channel18"", ""LSLOutletStreamName-EEG|channel19"", ""LSLOutletStreamName-EEG|channel20"", ""LSLOutletStreamName-EEG|channel21"", ""LSLOutletStreamName-EEG|channel22"", ""LSLOutletStreamName-EEG|channel23"", ""LSLOutletStreamName-EEG|channel24"", ""LSLOutletStreamName-EEG|channel25"", ""LSLOutletStreamName-EEG|channel26"", ""LSLOutletStreamName-EEG|channel27"", ""LSLOutletStreamName-EEG|channel28"", ""LSLOutletStreamName-EEG|channel29"", ""LSLOutletStreamName-EEG|channel30"", ""LSLOutletStreamName-EEG|channel31"", ""LSLOutletStreamName-Accelerometer|channel0"", ""LSLOutletStreamName-Accelerometer|channel1"", ""LSLOutletStreamName-Accelerometer|channel2""]",ID | StorageTime | LSLOutletStreamName-EEG|channel0 | LSLOutletStreamName-EEG|channel1 | LSLOutletStreamName-EEG|channel2 | LSLOutletStreamName-EEG|channel3 | LSLOutletStreamName-EEG|channel4 | LSLOutletStreamName-EEG|channel5 | LSLOutletStreamName-EEG|channel6 | LSLOutletStreamName-EEG|channel7 | LSLOutletStreamName-EEG|channel8 | LSLOutletStreamName-EEG|channel9 | LSLOutletStreamName-EEG|channel10 | LSLOutletStreamName-EEG|channel11 | LSLOutletStreamName-EEG|channel12 | LSLOutletStreamName-EEG|channel13 | LSLOutletStreamName-EEG|channel14 | LSLOutletStreamName-EEG|channel15 | LSLOutletStreamName-EEG|channel16 | LSLOutletStreamName-EEG|channel17 | LSLOutletStreamName-EEG|channel18 | LSLOutletStreamName-EEG|channel19 | LSLOutletStreamName-EEG|channel20 | LSLOutletStreamName-EEG|channel21 | LSLOutletStreamName-EEG|channel22 | LSLOutletStreamName-EEG|channel23 | LSLOutletStreamName-EEG|channel24 | LSLOutletStreamName-EEG|channel25 | LSLOutletStreamName-EEG|channel26 | LSLOutletStreamName-EEG|channel27
原始脑电数据/zx/Entity_Recording_2025_09_27_17_37_54_eeg.csv,原始脑电数据,zx,2025_09_27_17_37_54,eeg,ok,utf-8-sig,46424,37,StorageTime,True,True,False,0.21173985031041725,"[""ID"", ""StorageTime"", ""LSLOutletStreamName-EEG|channel0"", ""LSLOutletStreamName-EEG|channel1"", ""LSLOutletStreamName-EEG|channel2"", ""LSLOutletStreamName-EEG|channel3"", ""LSLOutletStreamName-EEG|channel4"", ""LSLOutletStreamName-EEG|channel5"", ""LSLOutletStreamName-EEG|channel6"", ""LSLOutletStreamName-EEG|channel7"", ""LSLOutletStreamName-EEG|channel8"", ""LSLOutletStreamName-EEG|channel9"", ""LSLOutletStreamName-EEG|channel10"", ""LSLOutletStreamName-EEG|channel11"", ""LSLOutletStreamName-EEG|channel12"", ""LSLOutletStreamName-EEG|channel13"", ""LSLOutletStreamName-EEG|channel14"", ""LSLOutletStreamName-EEG|channel15"", ""LSLOutletStreamName-EEG|channel16"", ""LSLOutletStreamName-EEG|channel17"", ""LSLOutletStreamName-EEG|channel18"", ""LSLOutletStreamName-EEG|channel19"", ""LSLOutletStreamName-EEG|channel20"", ""LSLOutletStreamName-EEG|channel21"", ""LSLOutletStreamName-EEG|channel22"", ""LSLOutletStreamName-EEG|channel23"", ""LSLOutletStreamName-EEG|channel24"", ""LSLOutletStreamName-EEG|channel25"", ""LSLOutletStreamName-EEG|channel26"", ""LSLOutletStreamName-EEG|channel27"", ""LSLOutletStreamName-EEG|channel28"", ""LSLOutletStreamName-EEG|channel29"", ""LSLOutletStreamName-EEG|channel30"", ""LSLOutletStreamName-EEG|channel31"", ""LSLOutletStreamName-Accelerometer|channel0"", ""LSLOutletStreamName-Accelerometer|channel1"", ""LSLOutletStreamName-Accelerometer|channel2""]",ID | StorageTime | LSLOutletStreamName-EEG|channel0 | LSLOutletStreamName-EEG|channel1 | LSLOutletStreamName-EEG|channel2 | LSLOutletStreamName-EEG|channel3 | LSLOutletStreamName-EEG|channel4 | LSLOutletStreamName-EEG|channel5 | LSLOutletStreamName-EEG|channel6 | LSLOutletStreamName-EEG|channel7 | LSLOutletStreamName-EEG|channel8 | LSLOutletStreamName-EEG|channel9 | LSLOutletStreamName-EEG|channel10 | LSLOutletStreamName-EEG|channel11 | LSLOutletStreamName-EEG|channel12 | LSLOutletStreamName-EEG|channel13 | LSLOutletStreamName-EEG|channel14 | LSLOutletStreamName-EEG|channel15 | LSLOutletStreamName-EEG|channel16 | LSLOutletStreamName-EEG|channel17 | LSLOutletStreamName-EEG|channel18 | LSLOutletStreamName-EEG|channel19 | LSLOutletStreamName-EEG|channel20 | LSLOutletStreamName-EEG|channel21 | LSLOutletStreamName-EEG|channel22 | LSLOutletStreamName-EEG|channel23 | LSLOutletStreamName-EEG|channel24 | LSLOutletStreamName-EEG|channel25 | LSLOutletStreamName-EEG|channel26 | LSLOutletStreamName-EEG|channel27
原始脑电数据/zx/Entity_Recording_2025_09_27_17_40_06_eeg.csv,原始脑电数据,zx,2025_09_27_17_40_06,eeg,ok,utf-8-sig,8466,37,StorageTime,True,True,False,0.2118968720669642,"[""ID"", ""StorageTime"", ""LSLOutletStreamName-EEG|channel0"", ""LSLOutletStreamName-EEG|channel1"", ""LSLOutletStreamName-EEG|channel2"", ""LSLOutletStreamName-EEG|channel3"", ""LSLOutletStreamName-EEG|channel4"", ""LSLOutletStreamName-EEG|channel5"", ""LSLOutletStreamName-EEG|channel6"", ""LSLOutletStreamName-EEG|channel7"", ""LSLOutletStreamName-EEG|channel8"", ""LSLOutletStreamName-EEG|channel9"", ""LSLOutletStreamName-EEG|channel10"", ""LSLOutletStreamName-EEG|channel11"", ""LSLOutletStreamName-EEG|channel12"", ""LSLOutletStreamName-EEG|channel13"", ""LSLOutletStreamName-EEG|channel14"", ""LSLOutletStreamName-EEG|channel15"", ""LSLOutletStreamName-EEG|channel16"", ""LSLOutletStreamName-EEG|channel17"", ""LSLOutletStreamName-EEG|channel18"", ""LSLOutletStreamName-EEG|channel19"", ""LSLOutletStreamName-EEG|channel20"", ""LSLOutletStreamName-EEG|channel21"", ""LSLOutletStreamName-EEG|channel22"", ""LSLOutletStreamName-EEG|channel23"", ""LSLOutletStreamName-EEG|channel24"", ""LSLOutletStreamName-EEG|channel25"", ""LSLOutletStreamName-EEG|channel26"", ""LSLOutletStreamName-EEG|channel27"", ""LSLOutletStreamName-EEG|channel28"", ""LSLOutletStreamName-EEG|channel29"", ""LSLOutletStreamName-EEG|channel30"", ""LSLOutletStreamName-EEG|channel31"", ""LSLOutletStreamName-Accelerometer|channel0"", ""LSLOutletStreamName-Accelerometer|channel1"", ""LSLOutletStreamName-Accelerometer|channel2""]",ID | StorageTime | LSLOutletStreamName-EEG|channel0 | LSLOutletStreamName-EEG|channel1 | LSLOutletStreamName-EEG|channel2 | LSLOutletStreamName-EEG|channel3 | LSLOutletStreamName-EEG|channel4 | LSLOutletStreamName-EEG|channel5 | LSLOutletStreamName-EEG|channel6 | LSLOutletStreamName-EEG|channel7 | LSLOutletStreamName-EEG|channel8 | LSLOutletStreamName-EEG|channel9 | LSLOutletStreamName-EEG|channel10 | LSLOutletStreamName-EEG|channel11 | LSLOutletStreamName-EEG|channel12 | LSLOutletStreamName-EEG|channel13 | LSLOutletStreamName-EEG|channel14 | LSLOutletStreamName-EEG|channel15 | LSLOutletStreamName-EEG|channel16 | LSLOutletStreamName-EEG|channel17 | LSLOutletStreamName-EEG|channel18 | LSLOutletStreamName-EEG|channel19 | LSLOutletStreamName-EEG|channel20 | LSLOutletStreamName-EEG|channel21 | LSLOutletStreamName-EEG|channel22 | LSLOutletStreamName-EEG|channel23 | LSLOutletStreamName-EEG|channel24 | LSLOutletStreamName-EEG|channel25 | LSLOutletStreamName-EEG|channel26 | LSLOutletStreamName-EEG|channel27
原始脑电数据/zx/Entity_Recording_2025_09_27_17_40_34_eeg.csv,原始脑电数据,zx,2025_09_27_17_40_34,eeg,ok,utf-8-sig,22922,37,StorageTime,True,True,False,0.21180289442221212,"[""ID"", ""StorageTime"", ""LSLOutletStreamName-EEG|channel0"", ""LSLOutletStreamName-EEG|channel1"", ""LSLOutletStreamName-EEG|channel2"", ""LSLOutletStreamName-EEG|channel3"", ""LSLOutletStreamName-EEG|channel4"", ""LSLOutletStreamName-EEG|channel5"", ""LSLOutletStreamName-EEG|channel6"", ""LSLOutletStreamName-EEG|channel7"", ""LSLOutletStreamName-EEG|channel8"", ""LSLOutletStreamName-EEG|channel9"", ""LSLOutletStreamName-EEG|channel10"", ""LSLOutletStreamName-EEG|channel11"", ""LSLOutletStreamName-EEG|channel12"", ""LSLOutletStreamName-EEG|channel13"", ""LSLOutletStreamName-EEG|channel14"", ""LSLOutletStreamName-EEG|channel15"", ""LSLOutletStreamName-EEG|channel16"", ""LSLOutletStreamName-EEG|channel17"", ""LSLOutletStreamName-EEG|channel18"", ""LSLOutletStreamName-EEG|channel19"", ""LSLOutletStreamName-EEG|channel20"", ""LSLOutletStreamName-EEG|channel21"", ""LSLOutletStreamName-EEG|channel22"", ""LSLOutletStreamName-EEG|channel23"", ""LSLOutletStreamName-EEG|channel24"", ""LSLOutletStreamName-EEG|channel25"", ""LSLOutletStreamName-EEG|channel26"", ""LSLOutletStreamName-EEG|channel27"", ""LSLOutletStreamName-EEG|channel28"", ""LSLOutletStreamName-EEG|channel29"", ""LSLOutletStreamName-EEG|channel30"", ""LSLOutletStreamName-EEG|channel31"", ""LSLOutletStreamName-Accelerometer|channel0"", ""LSLOutletStreamName-Accelerometer|channel1"", ""LSLOutletStreamName-Accelerometer|channel2""]",ID | StorageTime | LSLOutletStreamName-EEG|channel0 | LSLOutletStreamName-EEG|channel1 | LSLOutletStreamName-EEG|channel2 | LSLOutletStreamName-EEG|channel3 | LSLOutletStreamName-EEG|channel4 | LSLOutletStreamName-EEG|channel5 | LSLOutletStreamName-EEG|channel6 | LSLOutletStreamName-EEG|channel7 | LSLOutletStreamName-EEG|channel8 | LSLOutletStreamName-EEG|channel9 | LSLOutletStreamName-EEG|channel10 | LSLOutletStreamName-EEG|channel11 | LSLOutletStreamName-EEG|channel12 | LSLOutletStreamName-EEG|channel13 | LSLOutletStreamName-EEG|channel14 | LSLOutletStreamName-EEG|channel15 | LSLOutletStreamName-EEG|channel16 | LSLOutletStreamName-EEG|channel17 | LSLOutletStreamName-EEG|channel18 | LSLOutletStreamName-EEG|channel19 | LSLOutletStreamName-EEG|channel20 | LSLOutletStreamName-EEG|channel21 | LSLOutletStreamName-EEG|channel22 | LSLOutletStreamName-EEG|channel23 | LSLOutletStreamName-EEG|channel24 | LSLOutletStreamName-EEG|channel25 | LSLOutletStreamName-EEG|channel26 | LSLOutletStreamName-EEG|channel27
原始脑电数据/zx/Entity_Recording_2025_09_27_17_45_11_eeg.csv,原始脑电数据,zx,2025_09_27_17_45_11,eeg,ok,utf-8-sig,374284,37,StorageTime,True,True,False,0.2117165979179851,"[""ID"", ""StorageTime"", ""LSLOutletStreamName-EEG|channel0"", ""LSLOutletStreamName-EEG|channel1"", ""LSLOutletStreamName-EEG|channel2"", ""LSLOutletStreamName-EEG|channel3"", ""LSLOutletStreamName-EEG|channel4"", ""LSLOutletStreamName-EEG|channel5"", ""LSLOutletStreamName-EEG|channel6"", ""LSLOutletStreamName-EEG|channel7"", ""LSLOutletStreamName-EEG|channel8"", ""LSLOutletStreamName-EEG|channel9"", ""LSLOutletStreamName-EEG|channel10"", ""LSLOutletStreamName-EEG|channel11"", ""LSLOutletStreamName-EEG|channel12"", ""LSLOutletStreamName-EEG|channel13"", ""LSLOutletStreamName-EEG|channel14"", ""LSLOutletStreamName-EEG|channel15"", ""LSLOutletStreamName-EEG|channel16"", ""LSLOutletStreamName-EEG|channel17"", ""LSLOutletStreamName-EEG|channel18"", ""LSLOutletStreamName-EEG|channel19"", ""LSLOutletStreamName-EEG|channel20"", ""LSLOutletStreamName-EEG|channel21"", ""LSLOutletStreamName-EEG|channel22"", ""LSLOutletStreamName-EEG|channel23"", ""LSLOutletStreamName-EEG|channel24"", ""LSLOutletStreamName-EEG|channel25"", ""LSLOutletStreamName-EEG|channel26"", ""LSLOutletStreamName-EEG|channel27"", ""LSLOutletStreamName-EEG|channel28"", ""LSLOutletStreamName-EEG|channel29"", ""LSLOutletStreamName-EEG|channel30"", ""LSLOutletStreamName-EEG|channel31"", ""LSLOutletStreamName-Accelerometer|channel0"", ""LSLOutletStreamName-Accelerometer|channel1"", ""LSLOutletStreamName-Accelerometer|channel2""]",ID | StorageTime | LSLOutletStreamName-EEG|channel0 | LSLOutletStreamName-EEG|channel1 | LSLOutletStreamName-EEG|channel2 | LSLOutletStreamName-EEG|channel3 | LSLOutletStreamName-EEG|channel4 | LSLOutletStreamName-EEG|channel5 | LSLOutletStreamName-EEG|channel6 | LSLOutletStreamName-EEG|channel7 | LSLOutletStreamName-EEG|channel8 | LSLOutletStreamName-EEG|channel9 | LSLOutletStreamName-EEG|channel10 | LSLOutletStreamName-EEG|channel11 | LSLOutletStreamName-EEG|channel12 | LSLOutletStreamName-EEG|channel13 | LSLOutletStreamName-EEG|channel14 | LSLOutletStreamName-EEG|channel15 | LSLOutletStreamName-EEG|channel16 | LSLOutletStreamName-EEG|channel17 | LSLOutletStreamName-EEG|channel18 | LSLOutletStreamName-EEG|channel19 | LSLOutletStreamName-EEG|channel20 | LSLOutletStreamName-EEG|channel21 | LSLOutletStreamName-EEG|channel22 | LSLOutletStreamName-EEG|channel23 | LSLOutletStreamName-EEG|channel24 | LSLOutletStreamName-EEG|channel25 | LSLOutletStreamName-EEG|channel26 | LSLOutletStreamName-EEG|channel27
原始脑电数据/zx/Entity_Recording_2025_09_27_17_56_42_eeg.csv,原始脑电数据,zx,2025_09_27_17_56_42,eeg,ok,utf-8-sig,101729,37,StorageTime,True,True,False,0.2117284050656049,"[""ID"", ""StorageTime"", ""LSLOutletStreamName-EEG|channel0"", ""LSLOutletStreamName-EEG|channel1"", ""LSLOutletStreamName-EEG|channel2"", ""LSLOutletStreamName-EEG|channel3"", ""LSLOutletStreamName-EEG|channel4"", ""LSLOutletStreamName-EEG|channel5"", ""LSLOutletStreamName-EEG|channel6"", ""LSLOutletStreamName-EEG|channel7"", ""LSLOutletStreamName-EEG|channel8"", ""LSLOutletStreamName-EEG|channel9"", ""LSLOutletStreamName-EEG|channel10"", ""LSLOutletStreamName-EEG|channel11"", ""LSLOutletStreamName-EEG|channel12"", ""LSLOutletStreamName-EEG|channel13"", ""LSLOutletStreamName-EEG|channel14"", ""LSLOutletStreamName-EEG|channel15"", ""LSLOutletStreamName-EEG|channel16"", ""LSLOutletStreamName-EEG|channel17"", ""LSLOutletStreamName-EEG|channel18"", ""LSLOutletStreamName-EEG|channel19"", ""LSLOutletStreamName-EEG|channel20"", ""LSLOutletStreamName-EEG|channel21"", ""LSLOutletStreamName-EEG|channel22"", ""LSLOutletStreamName-EEG|channel23"", ""LSLOutletStreamName-EEG|channel24"", ""LSLOutletStreamName-EEG|channel25"", ""LSLOutletStreamName-EEG|channel26"", ""LSLOutletStreamName-EEG|channel27"", ""LSLOutletStreamName-EEG|channel28"", ""LSLOutletStreamName-EEG|channel29"", ""LSLOutletStreamName-EEG|channel30"", ""LSLOutletStreamName-EEG|channel31"", ""LSLOutletStreamName-Accelerometer|channel0"", ""LSLOutletStreamName-Accelerometer|channel1"", ""LSLOutletStreamName-Accelerometer|channel2""]",ID | StorageTime | LSLOutletStreamName-EEG|channel0 | LSLOutletStreamName-EEG|channel1 | LSLOutletStreamName-EEG|channel2 | LSLOutletStreamName-EEG|channel3 | LSLOutletStreamName-EEG|channel4 | LSLOutletStreamName-EEG|channel5 | LSLOutletStreamName-EEG|channel6 | LSLOutletStreamName-EEG|channel7 | LSLOutletStreamName-EEG|channel8 | LSLOutletStreamName-EEG|channel9 | LSLOutletStreamName-EEG|channel10 | LSLOutletStreamName-EEG|channel11 | LSLOutletStreamName-EEG|channel12 | LSLOutletStreamName-EEG|channel13 | LSLOutletStreamName-EEG|channel14 | LSLOutletStreamName-EEG|channel15 | LSLOutletStreamName-EEG|channel16 | LSLOutletStreamName-EEG|channel17 | LSLOutletStreamName-EEG|channel18 | LSLOutletStreamName-EEG|channel19 | LSLOutletStreamName-EEG|channel20 | LSLOutletStreamName-EEG|channel21 | LSLOutletStreamName-EEG|channel22 | LSLOutletStreamName-EEG|channel23 | LSLOutletStreamName-EEG|channel24 | LSLOutletStreamName-EEG|channel25 | LSLOutletStreamName-EEG|channel26 | LSLOutletStreamName-EEG|channel27
原始脑电数据/zx/Entity_Recording_2025_09_27_18_00_08_eeg.csv,原始脑电数据,zx,2025_09_27_18_00_08,eeg,ok,utf-8-sig,227820,37,StorageTime,True,True,False,0.21171859244021476,"[""ID"", ""StorageTime"", ""LSLOutletStreamName-EEG|channel0"", ""LSLOutletStreamName-EEG|channel1"", ""LSLOutletStreamName-EEG|channel2"", ""LSLOutletStreamName-EEG|channel3"", ""LSLOutletStreamName-EEG|channel4"", ""LSLOutletStreamName-EEG|channel5"", ""LSLOutletStreamName-EEG|channel6"", ""LSLOutletStreamName-EEG|channel7"", ""LSLOutletStreamName-EEG|channel8"", ""LSLOutletStreamName-EEG|channel9"", ""LSLOutletStreamName-EEG|channel10"", ""LSLOutletStreamName-EEG|channel11"", ""LSLOutletStreamName-EEG|channel12"", ""LSLOutletStreamName-EEG|channel13"", ""LSLOutletStreamName-EEG|channel14"", ""LSLOutletStreamName-EEG|channel15"", ""LSLOutletStreamName-EEG|channel16"", ""LSLOutletStreamName-EEG|channel17"", ""LSLOutletStreamName-EEG|channel18"", ""LSLOutletStreamName-EEG|channel19"", ""LSLOutletStreamName-EEG|channel20"", ""LSLOutletStreamName-EEG|channel21"", ""LSLOutletStreamName-EEG|channel22"", ""LSLOutletStreamName-EEG|channel23"", ""LSLOutletStreamName-EEG|channel24"", ""LSLOutletStreamName-EEG|channel25"", ""LSLOutletStreamName-EEG|channel26"", ""LSLOutletStreamName-EEG|channel27"", ""LSLOutletStreamName-EEG|channel28"", ""LSLOutletStreamName-EEG|channel29"", ""LSLOutletStreamName-EEG|channel30"", ""LSLOutletStreamName-EEG|channel31"", ""LSLOutletStreamName-Accelerometer|channel0"", ""LSLOutletStreamName-Accelerometer|channel1"", ""LSLOutletStreamName-Accelerometer|channel2""]",ID | StorageTime | LSLOutletStreamName-EEG|channel0 | LSLOutletStreamName-EEG|channel1 | LSLOutletStreamName-EEG|channel2 | LSLOutletStreamName-EEG|channel3 | LSLOutletStreamName-EEG|channel4 | LSLOutletStreamName-EEG|channel5 | LSLOutletStreamName-EEG|channel6 | LSLOutletStreamName-EEG|channel7 | LSLOutletStreamName-EEG|channel8 | LSLOutletStreamName-EEG|channel9 | LSLOutletStreamName-EEG|channel10 | LSLOutletStreamName-EEG|channel11 | LSLOutletStreamName-EEG|channel12 | LSLOutletStreamName-EEG|channel13 | LSLOutletStreamName-EEG|channel14 | LSLOutletStreamName-EEG|channel15 | LSLOutletStreamName-EEG|channel16 | LSLOutletStreamName-EEG|channel17 | LSLOutletStreamName-EEG|channel18 | LSLOutletStreamName-EEG|channel19 | LSLOutletStreamName-EEG|channel20 | LSLOutletStreamName-EEG|channel21 | LSLOutletStreamName-EEG|channel22 | LSLOutletStreamName-EEG|channel23 | LSLOutletStreamName-EEG|channel24 | LSLOutletStreamName-EEG|channel25 | LSLOutletStreamName-EEG|channel26 | LSLOutletStreamName-EEG|channel27
原始脑电数据/zx/Entity_Recording_2025_09_27_18_07_01_eeg.csv,原始脑电数据,zx,2025_09_27_18_07_01,eeg,ok,utf-8-sig,361034,37,StorageTime,True,True,False,0.2117175008897118,"[""ID"", ""StorageTime"", ""LSLOutletStreamName-EEG|channel0"", ""LSLOutletStreamName-EEG|channel1"", ""LSLOutletStreamName-EEG|channel2"", ""LSLOutletStreamName-EEG|channel3"", ""LSLOutletStreamName-EEG|channel4"", ""LSLOutletStreamName-EEG|channel5"", ""LSLOutletStreamName-EEG|channel6"", ""LSLOutletStreamName-EEG|channel7"", ""LSLOutletStreamName-EEG|channel8"", ""LSLOutletStreamName-EEG|channel9"", ""LSLOutletStreamName-EEG|channel10"", ""LSLOutletStreamName-EEG|channel11"", ""LSLOutletStreamName-EEG|channel12"", ""LSLOutletStreamName-EEG|channel13"", ""LSLOutletStreamName-EEG|channel14"", ""LSLOutletStreamName-EEG|channel15"", ""LSLOutletStreamName-EEG|channel16"", ""LSLOutletStreamName-EEG|channel17"", ""LSLOutletStreamName-EEG|channel18"", ""LSLOutletStreamName-EEG|channel19"", ""LSLOutletStreamName-EEG|channel20"", ""LSLOutletStreamName-EEG|channel21"", ""LSLOutletStreamName-EEG|channel22"", ""LSLOutletStreamName-EEG|channel23"", ""LSLOutletStreamName-EEG|channel24"", ""LSLOutletStreamName-EEG|channel25"", ""LSLOutletStreamName-EEG|channel26"", ""LSLOutletStreamName-EEG|channel27"", ""LSLOutletStreamName-EEG|channel28"", ""LSLOutletStreamName-EEG|channel29"", ""LSLOutletStreamName-EEG|channel30"", ""LSLOutletStreamName-EEG|channel31"", ""LSLOutletStreamName-Accelerometer|channel0"", ""LSLOutletStreamName-Accelerometer|channel1"", ""LSLOutletStreamName-Accelerometer|channel2""]",ID | StorageTime | LSLOutletStreamName-EEG|channel0 | LSLOutletStreamName-EEG|channel1 | LSLOutletStreamName-EEG|channel2 | LSLOutletStreamName-EEG|channel3 | LSLOutletStreamName-EEG|channel4 | LSLOutletStreamName-EEG|channel5 | LSLOutletStreamName-EEG|channel6 | LSLOutletStreamName-EEG|channel7 | LSLOutletStreamName-EEG|channel8 | LSLOutletStreamName-EEG|channel9 | LSLOutletStreamName-EEG|channel10 | LSLOutletStreamName-EEG|channel11 | LSLOutletStreamName-EEG|channel12 | LSLOutletStreamName-EEG|channel13 | LSLOutletStreamName-EEG|channel14 | LSLOutletStreamName-EEG|channel15 | LSLOutletStreamName-EEG|channel16 | LSLOutletStreamName-EEG|channel17 | LSLOutletStreamName-EEG|channel18 | LSLOutletStreamName-EEG|channel19 | LSLOutletStreamName-EEG|channel20 | LSLOutletStreamName-EEG|channel21 | LSLOutletStreamName-EEG|channel22 | LSLOutletStreamName-EEG|channel23 | LSLOutletStreamName-EEG|channel24 | LSLOutletStreamName-EEG|channel25 | LSLOutletStreamName-EEG|channel26 | LSLOutletStreamName-EEG|channel27
原始脑电数据/zx/Entity_Recording_2025_09_27_18_17_48_eeg.csv,原始脑电数据,zx,2025_09_27_18_17_48,eeg,ok,utf-8-sig,343663,37,StorageTime,True,True,False,0.21171589295012533,"[""ID"", ""StorageTime"", ""LSLOutletStreamName-EEG|channel0"", ""LSLOutletStreamName-EEG|channel1"", ""LSLOutletStreamName-EEG|channel2"", ""LSLOutletStreamName-EEG|channel3"", ""LSLOutletStreamName-EEG|channel4"", ""LSLOutletStreamName-EEG|channel5"", ""LSLOutletStreamName-EEG|channel6"", ""LSLOutletStreamName-EEG|channel7"", ""LSLOutletStreamName-EEG|channel8"", ""LSLOutletStreamName-EEG|channel9"", ""LSLOutletStreamName-EEG|channel10"", ""LSLOutletStreamName-EEG|channel11"", ""LSLOutletStreamName-EEG|channel12"", ""LSLOutletStreamName-EEG|channel13"", ""LSLOutletStreamName-EEG|channel14"", ""LSLOutletStreamName-EEG|channel15"", ""LSLOutletStreamName-EEG|channel16"", ""LSLOutletStreamName-EEG|channel17"", ""LSLOutletStreamName-EEG|channel18"", ""LSLOutletStreamName-EEG|channel19"", ""LSLOutletStreamName-EEG|channel20"", ""LSLOutletStreamName-EEG|channel21"", ""LSLOutletStreamName-EEG|channel22"", ""LSLOutletStreamName-EEG|channel23"", ""LSLOutletStreamName-EEG|channel24"", ""LSLOutletStreamName-EEG|channel25"", ""LSLOutletStreamName-EEG|channel26"", ""LSLOutletStreamName-EEG|channel27"", ""LSLOutletStreamName-EEG|channel28"", ""LSLOutletStreamName-EEG|channel29"", ""LSLOutletStreamName-EEG|channel30"", ""LSLOutletStreamName-EEG|channel31"", ""LSLOutletStreamName-Accelerometer|channel0"", ""LSLOutletStreamName-Accelerometer|channel1"", ""LSLOutletStreamName-Accelerometer|channel2""]",ID | StorageTime | LSLOutletStreamName-EEG|channel0 | LSLOutletStreamName-EEG|channel1 | LSLOutletStreamName-EEG|channel2 | LSLOutletStreamName-EEG|channel3 | LSLOutletStreamName-EEG|channel4 | LSLOutletStreamName-EEG|channel5 | LSLOutletStreamName-EEG|channel6 | LSLOutletStreamName-EEG|channel7 | LSLOutletStreamName-EEG|channel8 | LSLOutletStreamName-EEG|channel9 | LSLOutletStreamName-EEG|channel10 | LSLOutletStreamName-EEG|channel11 | LSLOutletStreamName-EEG|channel12 | LSLOutletStreamName-EEG|channel13 | LSLOutletStreamName-EEG|channel14 | LSLOutletStreamName-EEG|channel15 | LSLOutletStreamName-EEG|channel16 | LSLOutletStreamName-EEG|channel17 | LSLOutletStreamName-EEG|channel18 | LSLOutletStreamName-EEG|channel19 | LSLOutletStreamName-EEG|channel20 | LSLOutletStreamName-EEG|channel21 | LSLOutletStreamName-EEG|channel22 | LSLOutletStreamName-EEG|channel23 | LSLOutletStreamName-EEG|channel24 | LSLOutletStreamName-EEG|channel25 | LSLOutletStreamName-EEG|channel26 | LSLOutletStreamName-EEG|channel27
原始脑电数据/zxy/Entity_Recording_2025_09_28_15_57_38_eeg.csv,原始脑电数据,zxy,2025_09_28_15_57_38,eeg,ok,utf-8-sig,120445,37,StorageTime,True,True,False,0.21172364194490476,"[""ID"", ""StorageTime"", ""LSLOutletStreamName-EEG|channel0"", ""LSLOutletStreamName-EEG|channel1"", ""LSLOutletStreamName-EEG|channel2"", ""LSLOutletStreamName-EEG|channel3"", ""LSLOutletStreamName-EEG|channel4"", ""LSLOutletStreamName-EEG|channel5"", ""LSLOutletStreamName-EEG|channel6"", ""LSLOutletStreamName-EEG|channel7"", ""LSLOutletStreamName-EEG|channel8"", ""LSLOutletStreamName-EEG|channel9"", ""LSLOutletStreamName-EEG|channel10"", ""LSLOutletStreamName-EEG|channel11"", ""LSLOutletStreamName-EEG|channel12"", ""LSLOutletStreamName-EEG|channel13"", ""LSLOutletStreamName-EEG|channel14"", ""LSLOutletStreamName-EEG|channel15"", ""LSLOutletStreamName-EEG|channel16"", ""LSLOutletStreamName-EEG|channel17"", ""LSLOutletStreamName-EEG|channel18"", ""LSLOutletStreamName-EEG|channel19"", ""LSLOutletStreamName-EEG|channel20"", ""LSLOutletStreamName-EEG|channel21"", ""LSLOutletStreamName-EEG|channel22"", ""LSLOutletStreamName-EEG|channel23"", ""LSLOutletStreamName-EEG|channel24"", ""LSLOutletStreamName-EEG|channel25"", ""LSLOutletStreamName-EEG|channel26"", ""LSLOutletStreamName-EEG|channel27"", ""LSLOutletStreamName-EEG|channel28"", ""LSLOutletStreamName-EEG|channel29"", ""LSLOutletStreamName-EEG|channel30"", ""LSLOutletStreamName-EEG|channel31"", ""LSLOutletStreamName-Accelerometer|channel0"", ""LSLOutletStreamName-Accelerometer|channel1"", ""LSLOutletStreamName-Accelerometer|channel2""]",ID | StorageTime | LSLOutletStreamName-EEG|channel0 | LSLOutletStreamName-EEG|channel1 | LSLOutletStreamName-EEG|channel2 | LSLOutletStreamName-EEG|channel3 | LSLOutletStreamName-EEG|channel4 | LSLOutletStreamName-EEG|channel5 | LSLOutletStreamName-EEG|channel6 | LSLOutletStreamName-EEG|channel7 | LSLOutletStreamName-EEG|channel8 | LSLOutletStreamName-EEG|channel9 | LSLOutletStreamName-EEG|channel10 | LSLOutletStreamName-EEG|channel11 | LSLOutletStreamName-EEG|channel12 | LSLOutletStreamName-EEG|channel13 | LSLOutletStreamName-EEG|channel14 | LSLOutletStreamName-EEG|channel15 | LSLOutletStreamName-EEG|channel16 | LSLOutletStreamName-EEG|channel17 | LSLOutletStreamName-EEG|channel18 | LSLOutletStreamName-EEG|channel19 | LSLOutletStreamName-EEG|channel20 | LSLOutletStreamName-EEG|channel21 | LSLOutletStreamName-EEG|channel22 | LSLOutletStreamName-EEG|channel23 | LSLOutletStreamName-EEG|channel24 | LSLOutletStreamName-EEG|channel25 | LSLOutletStreamName-EEG|channel26 | LSLOutletStreamName-EEG|channel27
原始脑电数据/zxy/Entity_Recording_2025_09_28_16_01_55_eeg.csv,原始脑电数据,zxy,2025_09_28_16_01_55,eeg,ok,utf-8-sig,337638,37,StorageTime,True,True,False,0.211716354457989,"[""ID"", ""StorageTime"", ""LSLOutletStreamName-EEG|channel0"", ""LSLOutletStreamName-EEG|channel1"", ""LSLOutletStreamName-EEG|channel2"", ""LSLOutletStreamName-EEG|channel3"", ""LSLOutletStreamName-EEG|channel4"", ""LSLOutletStreamName-EEG|channel5"", ""LSLOutletStreamName-EEG|channel6"", ""LSLOutletStreamName-EEG|channel7"", ""LSLOutletStreamName-EEG|channel8"", ""LSLOutletStreamName-EEG|channel9"", ""LSLOutletStreamName-EEG|channel10"", ""LSLOutletStreamName-EEG|channel11"", ""LSLOutletStreamName-EEG|channel12"", ""LSLOutletStreamName-EEG|channel13"", ""LSLOutletStreamName-EEG|channel14"", ""LSLOutletStreamName-EEG|channel15"", ""LSLOutletStreamName-EEG|channel16"", ""LSLOutletStreamName-EEG|channel17"", ""LSLOutletStreamName-EEG|channel18"", ""LSLOutletStreamName-EEG|channel19"", ""LSLOutletStreamName-EEG|channel20"", ""LSLOutletStreamName-EEG|channel21"", ""LSLOutletStreamName-EEG|channel22"", ""LSLOutletStreamName-EEG|channel23"", ""LSLOutletStreamName-EEG|channel24"", ""LSLOutletStreamName-EEG|channel25"", ""LSLOutletStreamName-EEG|channel26"", ""LSLOutletStreamName-EEG|channel27"", ""LSLOutletStreamName-EEG|channel28"", ""LSLOutletStreamName-EEG|channel29"", ""LSLOutletStreamName-EEG|channel30"", ""LSLOutletStreamName-EEG|channel31"", ""LSLOutletStreamName-Accelerometer|channel0"", ""LSLOutletStreamName-Accelerometer|channel1"", ""LSLOutletStreamName-Accelerometer|channel2""]",ID | StorageTime | LSLOutletStreamName-EEG|channel0 | LSLOutletStreamName-EEG|channel1 | LSLOutletStreamName-EEG|channel2 | LSLOutletStreamName-EEG|channel3 | LSLOutletStreamName-EEG|channel4 | LSLOutletStreamName-EEG|channel5 | LSLOutletStreamName-EEG|channel6 | LSLOutletStreamName-EEG|channel7 | LSLOutletStreamName-EEG|channel8 | LSLOutletStreamName-EEG|channel9 | LSLOutletStreamName-EEG|channel10 | LSLOutletStreamName-EEG|channel11 | LSLOutletStreamName-EEG|channel12 | LSLOutletStreamName-EEG|channel13 | LSLOutletStreamName-EEG|channel14 | LSLOutletStreamName-EEG|channel15 | LSLOutletStreamName-EEG|channel16 | LSLOutletStreamName-EEG|channel17 | LSLOutletStreamName-EEG|channel18 | LSLOutletStreamName-EEG|channel19 | LSLOutletStreamName-EEG|channel20 | LSLOutletStreamName-EEG|channel21 | LSLOutletStreamName-EEG|channel22 | LSLOutletStreamName-EEG|channel23 | LSLOutletStreamName-EEG|channel24 | LSLOutletStreamName-EEG|channel25 | LSLOutletStreamName-EEG|channel26 | LSLOutletStreamName-EEG|channel27
原始脑电数据/zxy/Entity_Recording_2025_09_28_16_12_11_eeg.csv,原始脑电数据,zxy,2025_09_28_16_12_11,eeg,ok,utf-8-sig,368341,37,StorageTime,True,True,False,0.211713484941282,"[""ID"", ""StorageTime"", ""LSLOutletStreamName-EEG|channel0"", ""LSLOutletStreamName-EEG|channel1"", ""LSLOutletStreamName-EEG|channel2"", ""LSLOutletStreamName-EEG|channel3"", ""LSLOutletStreamName-EEG|channel4"", ""LSLOutletStreamName-EEG|channel5"", ""LSLOutletStreamName-EEG|channel6"", ""LSLOutletStreamName-EEG|channel7"", ""LSLOutletStreamName-EEG|channel8"", ""LSLOutletStreamName-EEG|channel9"", ""LSLOutletStreamName-EEG|channel10"", ""LSLOutletStreamName-EEG|channel11"", ""LSLOutletStreamName-EEG|channel12"", ""LSLOutletStreamName-EEG|channel13"", ""LSLOutletStreamName-EEG|channel14"", ""LSLOutletStreamName-EEG|channel15"", ""LSLOutletStreamName-EEG|channel16"", ""LSLOutletStreamName-EEG|channel17"", ""LSLOutletStreamName-EEG|channel18"", ""LSLOutletStreamName-EEG|channel19"", ""LSLOutletStreamName-EEG|channel20"", ""LSLOutletStreamName-EEG|channel21"", ""LSLOutletStreamName-EEG|channel22"", ""LSLOutletStreamName-EEG|channel23"", ""LSLOutletStreamName-EEG|channel24"", ""LSLOutletStreamName-EEG|channel25"", ""LSLOutletStreamName-EEG|channel26"", ""LSLOutletStreamName-EEG|channel27"", ""LSLOutletStreamName-EEG|channel28"", ""LSLOutletStreamName-EEG|channel29"", ""LSLOutletStreamName-EEG|channel30"", ""LSLOutletStreamName-EEG|channel31"", ""LSLOutletStreamName-Accelerometer|channel0"", ""LSLOutletStreamName-Accelerometer|channel1"", ""LSLOutletStreamName-Accelerometer|channel2""]",ID | StorageTime | LSLOutletStreamName-EEG|channel0 | LSLOutletStreamName-EEG|channel1 | LSLOutletStreamName-EEG|channel2 | LSLOutletStreamName-EEG|channel3 | LSLOutletStreamName-EEG|channel4 | LSLOutletStreamName-EEG|channel5 | LSLOutletStreamName-EEG|channel6 | LSLOutletStreamName-EEG|channel7 | LSLOutletStreamName-EEG|channel8 | LSLOutletStreamName-EEG|channel9 | LSLOutletStreamName-EEG|channel10 | LSLOutletStreamName-EEG|channel11 | LSLOutletStreamName-EEG|channel12 | LSLOutletStreamName-EEG|channel13 | LSLOutletStreamName-EEG|channel14 | LSLOutletStreamName-EEG|channel15 | LSLOutletStreamName-EEG|channel16 | LSLOutletStreamName-EEG|channel17 | LSLOutletStreamName-EEG|channel18 | LSLOutletStreamName-EEG|channel19 | LSLOutletStreamName-EEG|channel20 | LSLOutletStreamName-EEG|channel21 | LSLOutletStreamName-EEG|channel22 | LSLOutletStreamName-EEG|channel23 | LSLOutletStreamName-EEG|channel24 | LSLOutletStreamName-EEG|channel25 | LSLOutletStreamName-EEG|channel26 | LSLOutletStreamName-EEG|channel27
原始脑电数据/zxy/Entity_Recording_2025_09_28_16_25_33_eeg.csv,原始脑电数据,zxy,2025_09_28_16_25_33,eeg,ok,utf-8-sig,4083,37,StorageTime,True,True,False,0.2118076930714697,"[""ID"", ""StorageTime"", ""LSLOutletStreamName-EEG|channel0"", ""LSLOutletStreamName-EEG|channel1"", ""LSLOutletStreamName-EEG|channel2"", ""LSLOutletStreamName-EEG|channel3"", ""LSLOutletStreamName-EEG|channel4"", ""LSLOutletStreamName-EEG|channel5"", ""LSLOutletStreamName-EEG|channel6"", ""LSLOutletStreamName-EEG|channel7"", ""LSLOutletStreamName-EEG|channel8"", ""LSLOutletStreamName-EEG|channel9"", ""LSLOutletStreamName-EEG|channel10"", ""LSLOutletStreamName-EEG|channel11"", ""LSLOutletStreamName-EEG|channel12"", ""LSLOutletStreamName-EEG|channel13"", ""LSLOutletStreamName-EEG|channel14"", ""LSLOutletStreamName-EEG|channel15"", ""LSLOutletStreamName-EEG|channel16"", ""LSLOutletStreamName-EEG|channel17"", ""LSLOutletStreamName-EEG|channel18"", ""LSLOutletStreamName-EEG|channel19"", ""LSLOutletStreamName-EEG|channel20"", ""LSLOutletStreamName-EEG|channel21"", ""LSLOutletStreamName-EEG|channel22"", ""LSLOutletStreamName-EEG|channel23"", ""LSLOutletStreamName-EEG|channel24"", ""LSLOutletStreamName-EEG|channel25"", ""LSLOutletStreamName-EEG|channel26"", ""LSLOutletStreamName-EEG|channel27"", ""LSLOutletStreamName-EEG|channel28"", ""LSLOutletStreamName-EEG|channel29"", ""LSLOutletStreamName-EEG|channel30"", ""LSLOutletStreamName-EEG|channel31"", ""LSLOutletStreamName-Accelerometer|channel0"", ""LSLOutletStreamName-Accelerometer|channel1"", ""LSLOutletStreamName-Accelerometer|channel2""]",ID | StorageTime | LSLOutletStreamName-EEG|channel0 | LSLOutletStreamName-EEG|channel1 | LSLOutletStreamName-EEG|channel2 | LSLOutletStreamName-EEG|channel3 | LSLOutletStreamName-EEG|channel4 | LSLOutletStreamName-EEG|channel5 | LSLOutletStreamName-EEG|channel6 | LSLOutletStreamName-EEG|channel7 | LSLOutletStreamName-EEG|channel8 | LSLOutletStreamName-EEG|channel9 | LSLOutletStreamName-EEG|channel10 | LSLOutletStreamName-EEG|channel11 | LSLOutletStreamName-EEG|channel12 | LSLOutletStreamName-EEG|channel13 | LSLOutletStreamName-EEG|channel14 | LSLOutletStreamName-EEG|channel15 | LSLOutletStreamName-EEG|channel16 | LSLOutletStreamName-EEG|channel17 | LSLOutletStreamName-EEG|channel18 | LSLOutletStreamName-EEG|channel19 | LSLOutletStreamName-EEG|channel20 | LSLOutletStreamName-EEG|channel21 | LSLOutletStreamName-EEG|channel22 | LSLOutletStreamName-EEG|channel23 | LSLOutletStreamName-EEG|channel24 | LSLOutletStreamName-EEG|channel25 | LSLOutletStreamName-EEG|channel26 | LSLOutletStreamName-EEG|channel27
原始脑电数据/zxy/Entity_Recording_2025_09_28_16_25_51_eeg.csv,原始脑电数据,zxy,2025_09_28_16_25_51,eeg,ok,utf-8-sig,333696,37,StorageTime,True,True,False,0.21171640930343463,"[""ID"", ""StorageTime"", ""LSLOutletStreamName-EEG|channel0"", ""LSLOutletStreamName-EEG|channel1"", ""LSLOutletStreamName-EEG|channel2"", ""LSLOutletStreamName-EEG|channel3"", ""LSLOutletStreamName-EEG|channel4"", ""LSLOutletStreamName-EEG|channel5"", ""LSLOutletStreamName-EEG|channel6"", ""LSLOutletStreamName-EEG|channel7"", ""LSLOutletStreamName-EEG|channel8"", ""LSLOutletStreamName-EEG|channel9"", ""LSLOutletStreamName-EEG|channel10"", ""LSLOutletStreamName-EEG|channel11"", ""LSLOutletStreamName-EEG|channel12"", ""LSLOutletStreamName-EEG|channel13"", ""LSLOutletStreamName-EEG|channel14"", ""LSLOutletStreamName-EEG|channel15"", ""LSLOutletStreamName-EEG|channel16"", ""LSLOutletStreamName-EEG|channel17"", ""LSLOutletStreamName-EEG|channel18"", ""LSLOutletStreamName-EEG|channel19"", ""LSLOutletStreamName-EEG|channel20"", ""LSLOutletStreamName-EEG|channel21"", ""LSLOutletStreamName-EEG|channel22"", ""LSLOutletStreamName-EEG|channel23"", ""LSLOutletStreamName-EEG|channel24"", ""LSLOutletStreamName-EEG|channel25"", ""LSLOutletStreamName-EEG|channel26"", ""LSLOutletStreamName-EEG|channel27"", ""LSLOutletStreamName-EEG|channel28"", ""LSLOutletStreamName-EEG|channel29"", ""LSLOutletStreamName-EEG|channel30"", ""LSLOutletStreamName-EEG|channel31"", ""LSLOutletStreamName-Accelerometer|channel0"", ""LSLOutletStreamName-Accelerometer|channel1"", ""LSLOutletStreamName-Accelerometer|channel2""]",ID | StorageTime | LSLOutletStreamName-EEG|channel0 | LSLOutletStreamName-EEG|channel1 | LSLOutletStreamName-EEG|channel2 | LSLOutletStreamName-EEG|channel3 | LSLOutletStreamName-EEG|channel4 | LSLOutletStreamName-EEG|channel5 | LSLOutletStreamName-EEG|channel6 | LSLOutletStreamName-EEG|channel7 | LSLOutletStreamName-EEG|channel8 | LSLOutletStreamName-EEG|channel9 | LSLOutletStreamName-EEG|channel10 | LSLOutletStreamName-EEG|channel11 | LSLOutletStreamName-EEG|channel12 | LSLOutletStreamName-EEG|channel13 | LSLOutletStreamName-EEG|channel14 | LSLOutletStreamName-EEG|channel15 | LSLOutletStreamName-EEG|channel16 | LSLOutletStreamName-EEG|channel17 | LSLOutletStreamName-EEG|channel18 | LSLOutletStreamName-EEG|channel19 | LSLOutletStreamName-EEG|channel20 | LSLOutletStreamName-EEG|channel21 | LSLOutletStreamName-EEG|channel22 | LSLOutletStreamName-EEG|channel23 | LSLOutletStreamName-EEG|channel24 | LSLOutletStreamName-EEG|channel25 | LSLOutletStreamName-EEG|channel26 | LSLOutletStreamName-EEG|channel27
原始脑电数据/zxy/Entity_Recording_2025_09_28_16_35_30_eeg.csv,原始脑电数据,zxy,2025_09_28_16_35_30,eeg,ok,utf-8-sig,479198,37,StorageTime,True,True,False,0.21171443773791865,"[""ID"", ""StorageTime"", ""LSLOutletStreamName-EEG|channel0"", ""LSLOutletStreamName-EEG|channel1"", ""LSLOutletStreamName-EEG|channel2"", ""LSLOutletStreamName-EEG|channel3"", ""LSLOutletStreamName-EEG|channel4"", ""LSLOutletStreamName-EEG|channel5"", ""LSLOutletStreamName-EEG|channel6"", ""LSLOutletStreamName-EEG|channel7"", ""LSLOutletStreamName-EEG|channel8"", ""LSLOutletStreamName-EEG|channel9"", ""LSLOutletStreamName-EEG|channel10"", ""LSLOutletStreamName-EEG|channel11"", ""LSLOutletStreamName-EEG|channel12"", ""LSLOutletStreamName-EEG|channel13"", ""LSLOutletStreamName-EEG|channel14"", ""LSLOutletStreamName-EEG|channel15"", ""LSLOutletStreamName-EEG|channel16"", ""LSLOutletStreamName-EEG|channel17"", ""LSLOutletStreamName-EEG|channel18"", ""LSLOutletStreamName-EEG|channel19"", ""LSLOutletStreamName-EEG|channel20"", ""LSLOutletStreamName-EEG|channel21"", ""LSLOutletStreamName-EEG|channel22"", ""LSLOutletStreamName-EEG|channel23"", ""LSLOutletStreamName-EEG|channel24"", ""LSLOutletStreamName-EEG|channel25"", ""LSLOutletStreamName-EEG|channel26"", ""LSLOutletStreamName-EEG|channel27"", ""LSLOutletStreamName-EEG|channel28"", ""LSLOutletStreamName-EEG|channel29"", ""LSLOutletStreamName-EEG|channel30"", ""LSLOutletStreamName-EEG|channel31"", ""LSLOutletStreamName-Accelerometer|channel0"", ""LSLOutletStreamName-Accelerometer|channel1"", ""LSLOutletStreamName-Accelerometer|channel2""]",ID | StorageTime | LSLOutletStreamName-EEG|channel0 | LSLOutletStreamName-EEG|channel1 | LSLOutletStreamName-EEG|channel2 | LSLOutletStreamName-EEG|channel3 | LSLOutletStreamName-EEG|channel4 | LSLOutletStreamName-EEG|channel5 | LSLOutletStreamName-EEG|channel6 | LSLOutletStreamName-EEG|channel7 | LSLOutletStreamName-EEG|channel8 | LSLOutletStreamName-EEG|channel9 | LSLOutletStreamName-EEG|channel10 | LSLOutletStreamName-EEG|channel11 | LSLOutletStreamName-EEG|channel12 | LSLOutletStreamName-EEG|channel13 | LSLOutletStreamName-EEG|channel14 | LSLOutletStreamName-EEG|channel15 | LSLOutletStreamName-EEG|channel16 | LSLOutletStreamName-EEG|channel17 | LSLOutletStreamName-EEG|channel18 | LSLOutletStreamName-EEG|channel19 | LSLOutletStreamName-EEG|channel20 | LSLOutletStreamName-EEG|channel21 | LSLOutletStreamName-EEG|channel22 | LSLOutletStreamName-EEG|channel23 | LSLOutletStreamName-EEG|channel24 | LSLOutletStreamName-EEG|channel25 | LSLOutletStreamName-EEG|channel26 | LSLOutletStreamName-EEG|channel27
原始车辆数据/byx/Entity_Recording_2025_09_28_17_05_51_vehicle.csv,原始车辆数据,byx,2025_09_28_17_05_51,vehicle,ok,utf-8-sig,226175,29,StorageTime,True,True,False,0.46551640284643797,"[""ID"", ""StorageTime"", ""zx1|v_km/h"", ""zx1|lanecurvatureXY"", ""zx1|mu"", ""zx1|lateraldistance"", ""zx1|distance7"", ""zx1|distance8"", ""zx1|pointdistance"", ""zx1|pointdistance9"", ""zx|aroll"", ""zx|apitch"", ""zx|ayaw"", ""zx|x"", ""zx|y"", ""zx|z"", ""zx|AcceleratorPedal"", ""zx|BrakePedal"", ""zx|SteeringWheel"", ""zx|ax"", ""zx|ay"", ""zx|vx"", ""zx|vy"", ""zx|vyaw"", ""zx|vroll"", ""zx|vpitch"", ""zx|roll"", ""zx|pitch"", ""zx|yaw""]",ID | StorageTime | zx1|v_km/h | zx1|lanecurvatureXY | zx1|mu | zx1|lateraldistance | zx1|distance7 | zx1|distance8 | zx1|pointdistance | zx1|pointdistance9 | zx|aroll | zx|apitch | zx|ayaw | zx|x | zx|y | zx|z | zx|AcceleratorPedal | zx|BrakePedal | zx|SteeringWheel | zx|ax | zx|ay | zx|vx | zx|vy | zx|vyaw | zx|vroll | zx|vpitch | zx|roll | zx|pitch | zx|yaw
原始车辆数据/byx/Entity_Recording_2025_09_28_17_15_52_vehicle.csv,原始车辆数据,byx,2025_09_28_17_15_52,vehicle,ok,utf-8-sig,213504,29,StorageTime,True,True,False,0.4655154647833457,"[""ID"", ""StorageTime"", ""zx1|v_km/h"", ""zx1|lanecurvatureXY"", ""zx1|mu"", ""zx1|lateraldistance"", ""zx1|distance7"", ""zx1|distance8"", ""zx1|pointdistance"", ""zx1|pointdistance9"", ""zx|aroll"", ""zx|apitch"", ""zx|ayaw"", ""zx|x"", ""zx|y"", ""zx|z"", ""zx|AcceleratorPedal"", ""zx|BrakePedal"", ""zx|SteeringWheel"", ""zx|ax"", ""zx|ay"", ""zx|vx"", ""zx|vy"", ""zx|vyaw"", ""zx|vroll"", ""zx|vpitch"", ""zx|roll"", ""zx|pitch"", ""zx|yaw""]",ID | StorageTime | zx1|v_km/h | zx1|lanecurvatureXY | zx1|mu | zx1|lateraldistance | zx1|distance7 | zx1|distance8 | zx1|pointdistance | zx1|pointdistance9 | zx|aroll | zx|apitch | zx|ayaw | zx|x | zx|y | zx|z | zx|AcceleratorPedal | zx|BrakePedal | zx|SteeringWheel | zx|ax | zx|ay | zx|vx | zx|vy | zx|vyaw | zx|vroll | zx|vpitch | zx|roll | zx|pitch | zx|yaw
原始车辆数据/byx/Entity_Recording_2025_09_28_17_25_18_vehicle.csv,原始车辆数据,byx,2025_09_28_17_25_18,vehicle,ok,utf-8-sig,234154,29,StorageTime,True,True,False,0.46551400154275124,"[""ID"", ""StorageTime"", ""zx1|v_km/h"", ""zx1|lanecurvatureXY"", ""zx1|mu"", ""zx1|lateraldistance"", ""zx1|distance7"", ""zx1|distance8"", ""zx1|pointdistance"", ""zx1|pointdistance9"", ""zx|aroll"", ""zx|apitch"", ""zx|ayaw"", ""zx|x"", ""zx|y"", ""zx|z"", ""zx|AcceleratorPedal"", ""zx|BrakePedal"", ""zx|SteeringWheel"", ""zx|ax"", ""zx|ay"", ""zx|vx"", ""zx|vy"", ""zx|vyaw"", ""zx|vroll"", ""zx|vpitch"", ""zx|roll"", ""zx|pitch"", ""zx|yaw""]",ID | StorageTime | zx1|v_km/h | zx1|lanecurvatureXY | zx1|mu | zx1|lateraldistance | zx1|distance7 | zx1|distance8 | zx1|pointdistance | zx1|pointdistance9 | zx|aroll | zx|apitch | zx|ayaw | zx|x | zx|y | zx|z | zx|AcceleratorPedal | zx|BrakePedal | zx|SteeringWheel | zx|ax | zx|ay | zx|vx | zx|vy | zx|vyaw | zx|vroll | zx|vpitch | zx|roll | zx|pitch | zx|yaw
原始车辆数据/byx/Entity_Recording_2025_09_28_17_35_43_vehicle.csv,原始车辆数据,byx,2025_09_28_17_35_43,vehicle,ok,utf-8-sig,234346,29,StorageTime,True,True,False,0.46551562278823205,"[""ID"", ""StorageTime"", ""zx1|v_km/h"", ""zx1|lanecurvatureXY"", ""zx1|mu"", ""zx1|lateraldistance"", ""zx1|distance7"", ""zx1|distance8"", ""zx1|pointdistance"", ""zx1|pointdistance9"", ""zx|aroll"", ""zx|apitch"", ""zx|ayaw"", ""zx|x"", ""zx|y"", ""zx|z"", ""zx|AcceleratorPedal"", ""zx|BrakePedal"", ""zx|SteeringWheel"", ""zx|ax"", ""zx|ay"", ""zx|vx"", ""zx|vy"", ""zx|vyaw"", ""zx|vroll"", ""zx|vpitch"", ""zx|roll"", ""zx|pitch"", ""zx|yaw""]",ID | StorageTime | zx1|v_km/h | zx1|lanecurvatureXY | zx1|mu | zx1|lateraldistance | zx1|distance7 | zx1|distance8 | zx1|pointdistance | zx1|pointdistance9 | zx|aroll | zx|apitch | zx|ayaw | zx|x | zx|y | zx|z | zx|AcceleratorPedal | zx|BrakePedal | zx|SteeringWheel | zx|ax | zx|ay | zx|vx | zx|vy | zx|vyaw | zx|vroll | zx|vpitch | zx|roll | zx|pitch | zx|yaw
原始车辆数据/byx/Entity_Recording_2025_09_28_17_46_00_vehicle.csv,原始车辆数据,byx,2025_09_28_17_46_00,vehicle,ok,utf-8-sig,218967,29,StorageTime,True,True,False,0.46551637524344325,"[""ID"", ""StorageTime"", ""zx|aroll"", ""zx|apitch"", ""zx|ayaw"", ""zx|x"", ""zx|y"", ""zx|z"", ""zx|AcceleratorPedal"", ""zx|BrakePedal"", ""zx|SteeringWheel"", ""zx|ax"", ""zx|ay"", ""zx|vx"", ""zx|vy"", ""zx|vyaw"", ""zx|vroll"", ""zx|vpitch"", ""zx|roll"", ""zx|pitch"", ""zx|yaw"", ""zx1|v_km/h"", ""zx1|lanecurvatureXY"", ""zx1|mu"", ""zx1|lateraldistance"", ""zx1|distance7"", ""zx1|distance8"", ""zx1|pointdistance"", ""zx1|pointdistance9""]",ID | StorageTime | zx|aroll | zx|apitch | zx|ayaw | zx|x | zx|y | zx|z | zx|AcceleratorPedal | zx|BrakePedal | zx|SteeringWheel | zx|ax | zx|ay | zx|vx | zx|vy | zx|vyaw | zx|vroll | zx|vpitch | zx|roll | zx|pitch | zx|yaw | zx1|v_km/h | zx1|lanecurvatureXY | zx1|mu | zx1|lateraldistance | zx1|distance7 | zx1|distance8 | zx1|pointdistance | zx1|pointdistance9
原始车辆数据/cwh/Entity_Recording_2025_09_26_19_23_28_vehicle.csv,原始车辆数据,cwh,2025_09_26_19_23_28,vehicle,ok,utf-8-sig,65619,33,StorageTime,True,True,False,0.5303004903882699,"[""ID"", ""StorageTime"", ""zx1|v_km/h"", ""zx1|lanecurvatureXY"", ""zx1|mu"", ""zx1|lateraldistance"", ""zx1|distance7"", ""zx1|distance8"", ""zx1|pointdistance"", ""zx1|pointdistance9"", ""zx|lanecurvatureXY"", ""zx|mu"", ""zx|lateraldistance"", ""zx|x"", ""zx|y"", ""zx|z"", ""zx|AcceleratorPedal"", ""zx|BrakePedal"", ""zx|SteeringWheel"", ""zx|ax"", ""zx|ay"", ""zx|vx"", ""zx|vy"", ""zx|ayaw"", ""zx|aroll"", ""zx|apitch"", ""zx|roll"", ""zx|pitch"", ""zx|yaw"", ""zx|v_km/h"", ""zx|vroll"", ""zx|vpitch"", ""zx|vyaw""]",ID | StorageTime | zx1|v_km/h | zx1|lanecurvatureXY | zx1|mu | zx1|lateraldistance | zx1|distance7 | zx1|distance8 | zx1|pointdistance | zx1|pointdistance9 | zx|lanecurvatureXY | zx|mu | zx|lateraldistance | zx|x | zx|y | zx|z | zx|AcceleratorPedal | zx|BrakePedal | zx|SteeringWheel | zx|ax | zx|ay | zx|vx | zx|vy | zx|ayaw | zx|aroll | zx|apitch | zx|roll | zx|pitch | zx|yaw | zx|v_km/h
原始车辆数据/cwh/Entity_Recording_2025_09_26_19_27_21_vehicle.csv,原始车辆数据,cwh,2025_09_26_19_27_21,vehicle,ok,utf-8-sig,173573,33,StorageTime,True,True,False,0.5303020700922448,"[""ID"", ""StorageTime"", ""zx1|v_km/h"", ""zx1|lanecurvatureXY"", ""zx1|mu"", ""zx1|lateraldistance"", ""zx1|distance7"", ""zx1|distance8"", ""zx1|pointdistance"", ""zx1|pointdistance9"", ""zx|lanecurvatureXY"", ""zx|mu"", ""zx|lateraldistance"", ""zx|x"", ""zx|y"", ""zx|z"", ""zx|AcceleratorPedal"", ""zx|BrakePedal"", ""zx|SteeringWheel"", ""zx|ax"", ""zx|ay"", ""zx|vx"", ""zx|vy"", ""zx|ayaw"", ""zx|aroll"", ""zx|apitch"", ""zx|roll"", ""zx|pitch"", ""zx|yaw"", ""zx|v_km/h"", ""zx|vroll"", ""zx|vpitch"", ""zx|vyaw""]",ID | StorageTime | zx1|v_km/h | zx1|lanecurvatureXY | zx1|mu | zx1|lateraldistance | zx1|distance7 | zx1|distance8 | zx1|pointdistance | zx1|pointdistance9 | zx|lanecurvatureXY | zx|mu | zx|lateraldistance | zx|x | zx|y | zx|z | zx|AcceleratorPedal | zx|BrakePedal | zx|SteeringWheel | zx|ax | zx|ay | zx|vx | zx|vy | zx|ayaw | zx|aroll | zx|apitch | zx|roll | zx|pitch | zx|yaw | zx|v_km/h
原始车辆数据/cwh/Entity_Recording_2025_09_26_19_35_47_vehicle.csv,原始车辆数据,cwh,2025_09_26_19_35_47,vehicle,ok,utf-8-sig,109883,33,StorageTime,True,True,False,0.12121212121212122,"[""ID"", ""StorageTime"", ""zx1|v_km/h"", ""zx1|lanecurvatureXY"", ""zx1|mu"", ""zx1|lateraldistance"", ""zx1|distance7"", ""zx1|distance8"", ""zx1|pointdistance"", ""zx1|pointdistance9"", ""zx|lanecurvatureXY"", ""zx|mu"", ""zx|lateraldistance"", ""zx|x"", ""zx|y"", ""zx|z"", ""zx|AcceleratorPedal"", ""zx|BrakePedal"", ""zx|SteeringWheel"", ""zx|ax"", ""zx|ay"", ""zx|vx"", ""zx|vy"", ""zx|ayaw"", ""zx|aroll"", ""zx|apitch"", ""zx|roll"", ""zx|pitch"", ""zx|yaw"", ""zx|v_km/h"", ""zx|vroll"", ""zx|vpitch"", ""zx|vyaw""]",ID | StorageTime | zx1|v_km/h | zx1|lanecurvatureXY | zx1|mu | zx1|lateraldistance | zx1|distance7 | zx1|distance8 | zx1|pointdistance | zx1|pointdistance9 | zx|lanecurvatureXY | zx|mu | zx|lateraldistance | zx|x | zx|y | zx|z | zx|AcceleratorPedal | zx|BrakePedal | zx|SteeringWheel | zx|ax | zx|ay | zx|vx | zx|vy | zx|ayaw | zx|aroll | zx|apitch | zx|roll | zx|pitch | zx|yaw | zx|v_km/h
原始车辆数据/cwh/Entity_Recording_2025_09_26_19_45_40_vehicle.csv,原始车辆数据,cwh,2025_09_26_19_45_40,vehicle,ok,utf-8-sig,215593,33,StorageTime,True,True,False,0.5303022572414435,"[""ID"", ""StorageTime"", ""zx1|v_km/h"", ""zx1|lanecurvatureXY"", ""zx1|mu"", ""zx1|lateraldistance"", ""zx1|distance7"", ""zx1|distance8"", ""zx1|pointdistance"", ""zx1|pointdistance9"", ""zx|lanecurvatureXY"", ""zx|mu"", ""zx|lateraldistance"", ""zx|x"", ""zx|y"", ""zx|z"", ""zx|AcceleratorPedal"", ""zx|BrakePedal"", ""zx|SteeringWheel"", ""zx|ax"", ""zx|ay"", ""zx|vx"", ""zx|vy"", ""zx|ayaw"", ""zx|aroll"", ""zx|apitch"", ""zx|roll"", ""zx|pitch"", ""zx|yaw"", ""zx|v_km/h"", ""zx|vroll"", ""zx|vpitch"", ""zx|vyaw""]",ID | StorageTime | zx1|v_km/h | zx1|lanecurvatureXY | zx1|mu | zx1|lateraldistance | zx1|distance7 | zx1|distance8 | zx1|pointdistance | zx1|pointdistance9 | zx|lanecurvatureXY | zx|mu | zx|lateraldistance | zx|x | zx|y | zx|z | zx|AcceleratorPedal | zx|BrakePedal | zx|SteeringWheel | zx|ax | zx|ay | zx|vx | zx|vy | zx|ayaw | zx|aroll | zx|apitch | zx|roll | zx|pitch | zx|yaw | zx|v_km/h
原始车辆数据/cwh/Entity_Recording_2025_09_26_19_56_16_vehicle.csv,原始车辆数据,cwh,2025_09_26_19_56_16,vehicle,ok,utf-8-sig,210391,33,StorageTime,True,True,False,0.5303022381271926,"[""ID"", ""StorageTime"", ""zx|lanecurvatureXY"", ""zx|mu"", ""zx|lateraldistance"", ""zx|x"", ""zx|y"", ""zx|z"", ""zx|AcceleratorPedal"", ""zx|BrakePedal"", ""zx|SteeringWheel"", ""zx|ax"", ""zx|ay"", ""zx|vx"", ""zx|vy"", ""zx|ayaw"", ""zx|aroll"", ""zx|apitch"", ""zx|roll"", ""zx|pitch"", ""zx|yaw"", ""zx|v_km/h"", ""zx|vroll"", ""zx|vpitch"", ""zx|vyaw"", ""zx1|v_km/h"", ""zx1|lanecurvatureXY"", ""zx1|mu"", ""zx1|lateraldistance"", ""zx1|distance7"", ""zx1|distance8"", ""zx1|pointdistance"", ""zx1|pointdistance9""]",ID | StorageTime | zx|lanecurvatureXY | zx|mu | zx|lateraldistance | zx|x | zx|y | zx|z | zx|AcceleratorPedal | zx|BrakePedal | zx|SteeringWheel | zx|ax | zx|ay | zx|vx | zx|vy | zx|ayaw | zx|aroll | zx|apitch | zx|roll | zx|pitch | zx|yaw | zx|v_km/h | zx|vroll | zx|vpitch | zx|vyaw | zx1|v_km/h | zx1|lanecurvatureXY | zx1|mu | zx1|lateraldistance | zx1|distance7
原始车辆数据/cwh/Entity_Recording_2025_09_26_20_06_19_vehicle.csv,原始车辆数据,cwh,2025_09_26_20_06_19,vehicle,ok,utf-8-sig,201793,33,StorageTime,True,True,False,0.5303022043741494,"[""ID"", ""StorageTime"", ""zx|lanecurvatureXY"", ""zx|mu"", ""zx|lateraldistance"", ""zx|x"", ""zx|y"", ""zx|z"", ""zx|AcceleratorPedal"", ""zx|BrakePedal"", ""zx|SteeringWheel"", ""zx|ax"", ""zx|ay"", ""zx|vx"", ""zx|vy"", ""zx|ayaw"", ""zx|aroll"", ""zx|apitch"", ""zx|roll"", ""zx|pitch"", ""zx|yaw"", ""zx|v_km/h"", ""zx|vroll"", ""zx|vpitch"", ""zx|vyaw"", ""zx1|v_km/h"", ""zx1|lanecurvatureXY"", ""zx1|mu"", ""zx1|lateraldistance"", ""zx1|distance7"", ""zx1|distance8"", ""zx1|pointdistance"", ""zx1|pointdistance9""]",ID | StorageTime | zx|lanecurvatureXY | zx|mu | zx|lateraldistance | zx|x | zx|y | zx|z | zx|AcceleratorPedal | zx|BrakePedal | zx|SteeringWheel | zx|ax | zx|ay | zx|vx | zx|vy | zx|ayaw | zx|aroll | zx|apitch | zx|roll | zx|pitch | zx|yaw | zx|v_km/h | zx|vroll | zx|vpitch | zx|vyaw | zx1|v_km/h | zx1|lanecurvatureXY | zx1|mu | zx1|lateraldistance | zx1|distance7
原始车辆数据/gf/Entity_Recording_2025_09_26_10_03_00_vehicle.csv,原始车辆数据,gf,2025_09_26_10_03_00,vehicle,ok,utf-8-sig,263709,33,StorageTime,True,True,False,0.5303023982932519,"[""ID"", ""StorageTime"", ""zx1|v_km/h"", ""zx1|lanecurvatureXY"", ""zx1|mu"", ""zx1|lateraldistance"", ""zx1|distance7"", ""zx1|distance8"", ""zx1|pointdistance"", ""zx1|pointdistance9"", ""zx|lanecurvatureXY"", ""zx|mu"", ""zx|lateraldistance"", ""zx|x"", ""zx|y"", ""zx|z"", ""zx|AcceleratorPedal"", ""zx|BrakePedal"", ""zx|SteeringWheel"", ""zx|ax"", ""zx|ay"", ""zx|vx"", ""zx|vy"", ""zx|ayaw"", ""zx|aroll"", ""zx|apitch"", ""zx|roll"", ""zx|pitch"", ""zx|yaw"", ""zx|v_km/h"", ""zx|vroll"", ""zx|vpitch"", ""zx|vyaw""]",ID | StorageTime | zx1|v_km/h | zx1|lanecurvatureXY | zx1|mu | zx1|lateraldistance | zx1|distance7 | zx1|distance8 | zx1|pointdistance | zx1|pointdistance9 | zx|lanecurvatureXY | zx|mu | zx|lateraldistance | zx|x | zx|y | zx|z | zx|AcceleratorPedal | zx|BrakePedal | zx|SteeringWheel | zx|ax | zx|ay | zx|vx | zx|vy | zx|ayaw | zx|aroll | zx|apitch | zx|roll | zx|pitch | zx|yaw | zx|v_km/h
原始车辆数据/gf/Entity_Recording_2025_09_26_10_18_49_vehicle.csv,原始车辆数据,gf,2025_09_26_10_18_49,vehicle,ok,utf-8-sig,233533,33,StorageTime,True,True,False,0.530302316628018,"[""ID"", ""StorageTime"", ""zx1|v_km/h"", ""zx1|lanecurvatureXY"", ""zx1|mu"", ""zx1|lateraldistance"", ""zx1|distance7"", ""zx1|distance8"", ""zx1|pointdistance"", ""zx1|pointdistance9"", ""zx|lanecurvatureXY"", ""zx|mu"", ""zx|lateraldistance"", ""zx|x"", ""zx|y"", ""zx|z"", ""zx|AcceleratorPedal"", ""zx|BrakePedal"", ""zx|SteeringWheel"", ""zx|ax"", ""zx|ay"", ""zx|vx"", ""zx|vy"", ""zx|ayaw"", ""zx|aroll"", ""zx|apitch"", ""zx|roll"", ""zx|pitch"", ""zx|yaw"", ""zx|v_km/h"", ""zx|vroll"", ""zx|vpitch"", ""zx|vyaw""]",ID | StorageTime | zx1|v_km/h | zx1|lanecurvatureXY | zx1|mu | zx1|lateraldistance | zx1|distance7 | zx1|distance8 | zx1|pointdistance | zx1|pointdistance9 | zx|lanecurvatureXY | zx|mu | zx|lateraldistance | zx|x | zx|y | zx|z | zx|AcceleratorPedal | zx|BrakePedal | zx|SteeringWheel | zx|ax | zx|ay | zx|vx | zx|vy | zx|ayaw | zx|aroll | zx|apitch | zx|roll | zx|pitch | zx|yaw | zx|v_km/h
原始车辆数据/gf/Entity_Recording_2025_09_26_10_30_12_vehicle.csv,原始车辆数据,gf,2025_09_26_10_30_12,vehicle,ok,utf-8-sig,226398,33,StorageTime,True,True,False,0.5303030303030303,"[""ID"", ""StorageTime"", ""zx|lanecurvatureXY"", ""zx|mu"", ""zx|lateraldistance"", ""zx|x"", ""zx|y"", ""zx|z"", ""zx|AcceleratorPedal"", ""zx|BrakePedal"", ""zx|SteeringWheel"", ""zx|ax"", ""zx|ay"", ""zx|vx"", ""zx|vy"", ""zx|ayaw"", ""zx|aroll"", ""zx|apitch"", ""zx|roll"", ""zx|pitch"", ""zx|yaw"", ""zx|v_km/h"", ""zx|vroll"", ""zx|vpitch"", ""zx|vyaw"", ""zx1|v_km/h"", ""zx1|lanecurvatureXY"", ""zx1|mu"", ""zx1|lateraldistance"", ""zx1|distance7"", ""zx1|distance8"", ""zx1|pointdistance"", ""zx1|pointdistance9""]",ID | StorageTime | zx|lanecurvatureXY | zx|mu | zx|lateraldistance | zx|x | zx|y | zx|z | zx|AcceleratorPedal | zx|BrakePedal | zx|SteeringWheel | zx|ax | zx|ay | zx|vx | zx|vy | zx|ayaw | zx|aroll | zx|apitch | zx|roll | zx|pitch | zx|yaw | zx|v_km/h | zx|vroll | zx|vpitch | zx|vyaw | zx1|v_km/h | zx1|lanecurvatureXY | zx1|mu | zx1|lateraldistance | zx1|distance7
原始车辆数据/gf/Entity_Recording_2025_09_26_10_40_59_vehicle.csv,原始车辆数据,gf,2025_09_26_10_40_59,vehicle,ok,utf-8-sig,236531,33,StorageTime,True,True,False,0.5303023256737569,"[""ID"", ""StorageTime"", ""zx|lanecurvatureXY"", ""zx|mu"", ""zx|lateraldistance"", ""zx|x"", ""zx|y"", ""zx|z"", ""zx|AcceleratorPedal"", ""zx|BrakePedal"", ""zx|SteeringWheel"", ""zx|ax"", ""zx|ay"", ""zx|vx"", ""zx|vy"", ""zx|ayaw"", ""zx|aroll"", ""zx|apitch"", ""zx|roll"", ""zx|pitch"", ""zx|yaw"", ""zx|v_km/h"", ""zx|vroll"", ""zx|vpitch"", ""zx|vyaw"", ""zx1|v_km/h"", ""zx1|lanecurvatureXY"", ""zx1|mu"", ""zx1|lateraldistance"", ""zx1|distance7"", ""zx1|distance8"", ""zx1|pointdistance"", ""zx1|pointdistance9""]",ID | StorageTime | zx|lanecurvatureXY | zx|mu | zx|lateraldistance | zx|x | zx|y | zx|z | zx|AcceleratorPedal | zx|BrakePedal | zx|SteeringWheel | zx|ax | zx|ay | zx|vx | zx|vy | zx|ayaw | zx|aroll | zx|apitch | zx|roll | zx|pitch | zx|yaw | zx|v_km/h | zx|vroll | zx|vpitch | zx|vyaw | zx1|v_km/h | zx1|lanecurvatureXY | zx1|mu | zx1|lateraldistance | zx1|distance7
原始车辆数据/gf/Entity_Recording_2025_09_26_10_52_57_vehicle.csv,原始车辆数据,gf,2025_09_26_10_52_57,vehicle,ok,utf-8-sig,247324,33,StorageTime,True,True,False,0.5303016825432766,"[""ID"", ""StorageTime"", ""zx|lanecurvatureXY"", ""zx|mu"", ""zx|lateraldistance"", ""zx|x"", ""zx|y"", ""zx|z"", ""zx|AcceleratorPedal"", ""zx|BrakePedal"", ""zx|SteeringWheel"", ""zx|ax"", ""zx|ay"", ""zx|vx"", ""zx|vy"", ""zx|ayaw"", ""zx|aroll"", ""zx|apitch"", ""zx|roll"", ""zx|pitch"", ""zx|yaw"", ""zx|v_km/h"", ""zx|vroll"", ""zx|vpitch"", ""zx|vyaw"", ""zx1|v_km/h"", ""zx1|lanecurvatureXY"", ""zx1|mu"", ""zx1|lateraldistance"", ""zx1|distance7"", ""zx1|distance8"", ""zx1|pointdistance"", ""zx1|pointdistance9""]",ID | StorageTime | zx|lanecurvatureXY | zx|mu | zx|lateraldistance | zx|x | zx|y | zx|z | zx|AcceleratorPedal | zx|BrakePedal | zx|SteeringWheel | zx|ax | zx|ay | zx|vx | zx|vy | zx|ayaw | zx|aroll | zx|apitch | zx|roll | zx|pitch | zx|yaw | zx|v_km/h | zx|vroll | zx|vpitch | zx|vyaw | zx1|v_km/h | zx1|lanecurvatureXY | zx1|mu | zx1|lateraldistance | zx1|distance7
原始车辆数据/gzj/Entity_Recording_2025_09_27_11_38_49_vehicle.csv,原始车辆数据,gzj,2025_09_27_11_38_49,vehicle,ok,utf-8-sig,34472,33,StorageTime,True,True,False,0.5302933606194223,"[""ID"", ""StorageTime"", ""zx1|v_km/h"", ""zx1|lanecurvatureXY"", ""zx1|mu"", ""zx1|lateraldistance"", ""zx1|distance7"", ""zx1|distance8"", ""zx1|pointdistance"", ""zx1|pointdistance9"", ""zx|lanecurvatureXY"", ""zx|mu"", ""zx|lateraldistance"", ""zx|x"", ""zx|y"", ""zx|z"", ""zx|AcceleratorPedal"", ""zx|BrakePedal"", ""zx|SteeringWheel"", ""zx|ax"", ""zx|ay"", ""zx|vx"", ""zx|vy"", ""zx|ayaw"", ""zx|aroll"", ""zx|apitch"", ""zx|roll"", ""zx|pitch"", ""zx|yaw"", ""zx|v_km/h"", ""zx|vroll"", ""zx|vpitch"", ""zx|vyaw""]",ID | StorageTime | zx1|v_km/h | zx1|lanecurvatureXY | zx1|mu | zx1|lateraldistance | zx1|distance7 | zx1|distance8 | zx1|pointdistance | zx1|pointdistance9 | zx|lanecurvatureXY | zx|mu | zx|lateraldistance | zx|x | zx|y | zx|z | zx|AcceleratorPedal | zx|BrakePedal | zx|SteeringWheel | zx|ax | zx|ay | zx|vx | zx|vy | zx|ayaw | zx|aroll | zx|apitch | zx|roll | zx|pitch | zx|yaw | zx|v_km/h
原始车辆数据/gzj/Entity_Recording_2025_09_27_11_41_47_vehicle.csv,原始车辆数据,gzj,2025_09_27_11_41_47,vehicle,ok,utf-8-sig,256629,33,StorageTime,True,True,False,0.5303023808570726,"[""ID"", ""StorageTime"", ""zx1|v_km/h"", ""zx1|lanecurvatureXY"", ""zx1|mu"", ""zx1|lateraldistance"", ""zx1|distance7"", ""zx1|distance8"", ""zx1|pointdistance"", ""zx1|pointdistance9"", ""zx|lanecurvatureXY"", ""zx|mu"", ""zx|lateraldistance"", ""zx|x"", ""zx|y"", ""zx|z"", ""zx|AcceleratorPedal"", ""zx|BrakePedal"", ""zx|SteeringWheel"", ""zx|ax"", ""zx|ay"", ""zx|vx"", ""zx|vy"", ""zx|ayaw"", ""zx|aroll"", ""zx|apitch"", ""zx|roll"", ""zx|pitch"", ""zx|yaw"", ""zx|v_km/h"", ""zx|vroll"", ""zx|vpitch"", ""zx|vyaw""]",ID | StorageTime | zx1|v_km/h | zx1|lanecurvatureXY | zx1|mu | zx1|lateraldistance | zx1|distance7 | zx1|distance8 | zx1|pointdistance | zx1|pointdistance9 | zx|lanecurvatureXY | zx|mu | zx|lateraldistance | zx|x | zx|y | zx|z | zx|AcceleratorPedal | zx|BrakePedal | zx|SteeringWheel | zx|ax | zx|ay | zx|vx | zx|vy | zx|ayaw | zx|aroll | zx|apitch | zx|roll | zx|pitch | zx|yaw | zx|v_km/h
原始车辆数据/gzj/Entity_Recording_2025_09_27_11_53_25_vehicle.csv,原始车辆数据,gzj,2025_09_27_11_53_25,vehicle,ok,utf-8-sig,237776,33,StorageTime,True,True,False,0.5303016284233901,"[""ID"", ""StorageTime"", ""zx1|v_km/h"", ""zx1|lanecurvatureXY"", ""zx1|mu"", ""zx1|lateraldistance"", ""zx1|distance7"", ""zx1|distance8"", ""zx1|pointdistance"", ""zx1|pointdistance9"", ""zx|lanecurvatureXY"", ""zx|mu"", ""zx|lateraldistance"", ""zx|x"", ""zx|y"", ""zx|z"", ""zx|AcceleratorPedal"", ""zx|BrakePedal"", ""zx|SteeringWheel"", ""zx|ax"", ""zx|ay"", ""zx|vx"", ""zx|vy"", ""zx|ayaw"", ""zx|aroll"", ""zx|apitch"", ""zx|roll"", ""zx|pitch"", ""zx|yaw"", ""zx|v_km/h"", ""zx|vroll"", ""zx|vpitch"", ""zx|vyaw""]",ID | StorageTime | zx1|v_km/h | zx1|lanecurvatureXY | zx1|mu | zx1|lateraldistance | zx1|distance7 | zx1|distance8 | zx1|pointdistance | zx1|pointdistance9 | zx|lanecurvatureXY | zx|mu | zx|lateraldistance | zx|x | zx|y | zx|z | zx|AcceleratorPedal | zx|BrakePedal | zx|SteeringWheel | zx|ax | zx|ay | zx|vx | zx|vy | zx|ayaw | zx|aroll | zx|apitch | zx|roll | zx|pitch | zx|yaw | zx|v_km/h
原始车辆数据/gzj/Entity_Recording_2025_09_27_12_04_23_vehicle.csv,原始车辆数据,gzj,2025_09_27_12_04_23,vehicle,ok,utf-8-sig,125652,33,StorageTime,True,True,False,0.5303003774735223,"[""ID"", ""StorageTime"", ""zx1|v_km/h"", ""zx1|lanecurvatureXY"", ""zx1|mu"", ""zx1|lateraldistance"", ""zx1|distance7"", ""zx1|distance8"", ""zx1|pointdistance"", ""zx1|pointdistance9"", ""zx|lanecurvatureXY"", ""zx|mu"", ""zx|lateraldistance"", ""zx|x"", ""zx|y"", ""zx|z"", ""zx|AcceleratorPedal"", ""zx|BrakePedal"", ""zx|SteeringWheel"", ""zx|ax"", ""zx|ay"", ""zx|vx"", ""zx|vy"", ""zx|ayaw"", ""zx|aroll"", ""zx|apitch"", ""zx|roll"", ""zx|pitch"", ""zx|yaw"", ""zx|v_km/h"", ""zx|vroll"", ""zx|vpitch"", ""zx|vyaw""]",ID | StorageTime | zx1|v_km/h | zx1|lanecurvatureXY | zx1|mu | zx1|lateraldistance | zx1|distance7 | zx1|distance8 | zx1|pointdistance | zx1|pointdistance9 | zx|lanecurvatureXY | zx|mu | zx|lateraldistance | zx|x | zx|y | zx|z | zx|AcceleratorPedal | zx|BrakePedal | zx|SteeringWheel | zx|ax | zx|ay | zx|vx | zx|vy | zx|ayaw | zx|aroll | zx|apitch | zx|roll | zx|pitch | zx|yaw | zx|v_km/h
原始车辆数据/gzj/Entity_Recording_2025_09_27_12_17_12_vehicle.csv,原始车辆数据,gzj,2025_09_27_12_17_12,vehicle,ok,utf-8-sig,245899,33,StorageTime,True,True,False,0.5303023525179776,"[""ID"", ""StorageTime"", ""zx1|v_km/h"", ""zx1|lanecurvatureXY"", ""zx1|mu"", ""zx1|lateraldistance"", ""zx1|distance7"", ""zx1|distance8"", ""zx1|pointdistance"", ""zx1|pointdistance9"", ""zx|lanecurvatureXY"", ""zx|mu"", ""zx|lateraldistance"", ""zx|x"", ""zx|y"", ""zx|z"", ""zx|AcceleratorPedal"", ""zx|BrakePedal"", ""zx|SteeringWheel"", ""zx|ax"", ""zx|ay"", ""zx|vx"", ""zx|vy"", ""zx|ayaw"", ""zx|aroll"", ""zx|apitch"", ""zx|roll"", ""zx|pitch"", ""zx|yaw"", ""zx|v_km/h"", ""zx|vroll"", ""zx|vpitch"", ""zx|vyaw""]",ID | StorageTime | zx1|v_km/h | zx1|lanecurvatureXY | zx1|mu | zx1|lateraldistance | zx1|distance7 | zx1|distance8 | zx1|pointdistance | zx1|pointdistance9 | zx|lanecurvatureXY | zx|mu | zx|lateraldistance | zx|x | zx|y | zx|z | zx|AcceleratorPedal | zx|BrakePedal | zx|SteeringWheel | zx|ax | zx|ay | zx|vx | zx|vy | zx|ayaw | zx|aroll | zx|apitch | zx|roll | zx|pitch | zx|yaw | zx|v_km/h
原始车辆数据/gzj/Entity_Recording_2025_09_27_12_28_14_vehicle.csv,原始车辆数据,gzj,2025_09_27_12_28_14,vehicle,ok,utf-8-sig,250995,33,StorageTime,True,True,False,0.5303023662791786,"[""ID"", ""StorageTime"", ""zx1|v_km/h"", ""zx1|lanecurvatureXY"", ""zx1|mu"", ""zx1|lateraldistance"", ""zx1|distance7"", ""zx1|distance8"", ""zx1|pointdistance"", ""zx1|pointdistance9"", ""zx|lanecurvatureXY"", ""zx|mu"", ""zx|lateraldistance"", ""zx|x"", ""zx|y"", ""zx|z"", ""zx|AcceleratorPedal"", ""zx|BrakePedal"", ""zx|SteeringWheel"", ""zx|ax"", ""zx|ay"", ""zx|vx"", ""zx|vy"", ""zx|ayaw"", ""zx|aroll"", ""zx|apitch"", ""zx|roll"", ""zx|pitch"", ""zx|yaw"", ""zx|v_km/h"", ""zx|vroll"", ""zx|vpitch"", ""zx|vyaw""]",ID | StorageTime | zx1|v_km/h | zx1|lanecurvatureXY | zx1|mu | zx1|lateraldistance | zx1|distance7 | zx1|distance8 | zx1|pointdistance | zx1|pointdistance9 | zx|lanecurvatureXY | zx|mu | zx|lateraldistance | zx|x | zx|y | zx|z | zx|AcceleratorPedal | zx|BrakePedal | zx|SteeringWheel | zx|ax | zx|ay | zx|vx | zx|vy | zx|ayaw | zx|aroll | zx|apitch | zx|roll | zx|pitch | zx|yaw | zx|v_km/h
原始车辆数据/hzh/Entity_Recording_2025_09_26_20_50_27_vehicle.csv,原始车辆数据,hzh,2025_09_26_20_50_27,vehicle,ok,utf-8-sig,292464,33,StorageTime,True,True,False,0.5303018905616148,"[""ID"", ""StorageTime"", ""zx|lanecurvatureXY"", ""zx|mu"", ""zx|lateraldistance"", ""zx|x"", ""zx|y"", ""zx|z"", ""zx|AcceleratorPedal"", ""zx|BrakePedal"", ""zx|SteeringWheel"", ""zx|ax"", ""zx|ay"", ""zx|vx"", ""zx|vy"", ""zx|ayaw"", ""zx|aroll"", ""zx|apitch"", ""zx|roll"", ""zx|pitch"", ""zx|yaw"", ""zx|v_km/h"", ""zx|vroll"", ""zx|vpitch"", ""zx|vyaw"", ""zx1|v_km/h"", ""zx1|lanecurvatureXY"", ""zx1|mu"", ""zx1|lateraldistance"", ""zx1|distance7"", ""zx1|distance8"", ""zx1|pointdistance"", ""zx1|pointdistance9""]",ID | StorageTime | zx|lanecurvatureXY | zx|mu | zx|lateraldistance | zx|x | zx|y | zx|z | zx|AcceleratorPedal | zx|BrakePedal | zx|SteeringWheel | zx|ax | zx|ay | zx|vx | zx|vy | zx|ayaw | zx|aroll | zx|apitch | zx|roll | zx|pitch | zx|yaw | zx|v_km/h | zx|vroll | zx|vpitch | zx|vyaw | zx1|v_km/h | zx1|lanecurvatureXY | zx1|mu | zx1|lateraldistance | zx1|distance7
原始车辆数据/hzh/Entity_Recording_2025_09_26_21_03_19_vehicle.csv,原始车辆数据,hzh,2025_09_26_21_03_19,vehicle,ok,utf-8-sig,239433,33,StorageTime,True,True,False,0.5303023342140757,"[""ID"", ""StorageTime"", ""zx|lanecurvatureXY"", ""zx|mu"", ""zx|lateraldistance"", ""zx|x"", ""zx|y"", ""zx|z"", ""zx|AcceleratorPedal"", ""zx|BrakePedal"", ""zx|SteeringWheel"", ""zx|ax"", ""zx|ay"", ""zx|vx"", ""zx|vy"", ""zx|ayaw"", ""zx|aroll"", ""zx|apitch"", ""zx|roll"", ""zx|pitch"", ""zx|yaw"", ""zx|v_km/h"", ""zx|vroll"", ""zx|vpitch"", ""zx|vyaw"", ""zx1|v_km/h"", ""zx1|lanecurvatureXY"", ""zx1|mu"", ""zx1|lateraldistance"", ""zx1|distance7"", ""zx1|distance8"", ""zx1|pointdistance"", ""zx1|pointdistance9""]",ID | StorageTime | zx|lanecurvatureXY | zx|mu | zx|lateraldistance | zx|x | zx|y | zx|z | zx|AcceleratorPedal | zx|BrakePedal | zx|SteeringWheel | zx|ax | zx|ay | zx|vx | zx|vy | zx|ayaw | zx|aroll | zx|apitch | zx|roll | zx|pitch | zx|yaw | zx|v_km/h | zx|vroll | zx|vpitch | zx|vyaw | zx1|v_km/h | zx1|lanecurvatureXY | zx1|mu | zx1|lateraldistance | zx1|distance7
原始车辆数据/hzh/Entity_Recording_2025_09_26_21_17_02_vehicle.csv,原始车辆数据,hzh,2025_09_26_21_17_02,vehicle,ok,utf-8-sig,265837,33,StorageTime,True,True,False,0.5303024033524303,"[""ID"", ""StorageTime"", ""zx|lanecurvatureXY"", ""zx|mu"", ""zx|lateraldistance"", ""zx|x"", ""zx|y"", ""zx|z"", ""zx|AcceleratorPedal"", ""zx|BrakePedal"", ""zx|SteeringWheel"", ""zx|ax"", ""zx|ay"", ""zx|vx"", ""zx|vy"", ""zx|ayaw"", ""zx|aroll"", ""zx|apitch"", ""zx|roll"", ""zx|pitch"", ""zx|yaw"", ""zx|v_km/h"", ""zx|vroll"", ""zx|vpitch"", ""zx|vyaw"", ""zx1|v_km/h"", ""zx1|lanecurvatureXY"", ""zx1|mu"", ""zx1|lateraldistance"", ""zx1|distance7"", ""zx1|distance8"", ""zx1|pointdistance"", ""zx1|pointdistance9""]",ID | StorageTime | zx|lanecurvatureXY | zx|mu | zx|lateraldistance | zx|x | zx|y | zx|z | zx|AcceleratorPedal | zx|BrakePedal | zx|SteeringWheel | zx|ax | zx|ay | zx|vx | zx|vy | zx|ayaw | zx|aroll | zx|apitch | zx|roll | zx|pitch | zx|yaw | zx|v_km/h | zx|vroll | zx|vpitch | zx|vyaw | zx1|v_km/h | zx1|lanecurvatureXY | zx1|mu | zx1|lateraldistance | zx1|distance7
原始车辆数据/hzh/Entity_Recording_2025_09_27_19_22_27_vehicle.csv,原始车辆数据,hzh,2025_09_27_19_22_27,vehicle,ok,utf-8-sig,230782,33,StorageTime,True,True,False,0.5303030303030303,"[""ID"", ""StorageTime"", ""zx|lanecurvatureXY"", ""zx|mu"", ""zx|lateraldistance"", ""zx|x"", ""zx|y"", ""zx|z"", ""zx|AcceleratorPedal"", ""zx|BrakePedal"", ""zx|SteeringWheel"", ""zx|ax"", ""zx|ay"", ""zx|vx"", ""zx|vy"", ""zx|ayaw"", ""zx|aroll"", ""zx|apitch"", ""zx|roll"", ""zx|pitch"", ""zx|yaw"", ""zx|v_km/h"", ""zx|vroll"", ""zx|vpitch"", ""zx|vyaw"", ""zx1|v_km/h"", ""zx1|lanecurvatureXY"", ""zx1|mu"", ""zx1|lateraldistance"", ""zx1|distance7"", ""zx1|distance8"", ""zx1|pointdistance"", ""zx1|pointdistance9""]",ID | StorageTime | zx|lanecurvatureXY | zx|mu | zx|lateraldistance | zx|x | zx|y | zx|z | zx|AcceleratorPedal | zx|BrakePedal | zx|SteeringWheel | zx|ax | zx|ay | zx|vx | zx|vy | zx|ayaw | zx|aroll | zx|apitch | zx|roll | zx|pitch | zx|yaw | zx|v_km/h | zx|vroll | zx|vpitch | zx|vyaw | zx1|v_km/h | zx1|lanecurvatureXY | zx1|mu | zx1|lateraldistance | zx1|distance7
原始车辆数据/hzh/Entity_Recording_2025_09_27_19_33_25_vehicle.csv,原始车辆数据,hzh,2025_09_27_19_33_25,vehicle,ok,utf-8-sig,226180,33,StorageTime,True,True,False,0.5303000827980933,"[""ID"", ""StorageTime"", ""zx1|v_km/h"", ""zx1|lanecurvatureXY"", ""zx1|mu"", ""zx1|lateraldistance"", ""zx1|distance7"", ""zx1|distance8"", ""zx1|pointdistance"", ""zx1|pointdistance9"", ""zx|lanecurvatureXY"", ""zx|mu"", ""zx|lateraldistance"", ""zx|x"", ""zx|y"", ""zx|z"", ""zx|AcceleratorPedal"", ""zx|BrakePedal"", ""zx|SteeringWheel"", ""zx|ax"", ""zx|ay"", ""zx|vx"", ""zx|vy"", ""zx|ayaw"", ""zx|aroll"", ""zx|apitch"", ""zx|roll"", ""zx|pitch"", ""zx|yaw"", ""zx|v_km/h"", ""zx|vroll"", ""zx|vpitch"", ""zx|vyaw""]",ID | StorageTime | zx1|v_km/h | zx1|lanecurvatureXY | zx1|mu | zx1|lateraldistance | zx1|distance7 | zx1|distance8 | zx1|pointdistance | zx1|pointdistance9 | zx|lanecurvatureXY | zx|mu | zx|lateraldistance | zx|x | zx|y | zx|z | zx|AcceleratorPedal | zx|BrakePedal | zx|SteeringWheel | zx|ax | zx|ay | zx|vx | zx|vy | zx|ayaw | zx|aroll | zx|apitch | zx|roll | zx|pitch | zx|yaw | zx|v_km/h
原始车辆数据/hzh/Entity_Recording_2025_09_27_19_44_05_vehicle.csv,原始车辆数据,hzh,2025_09_27_19_44_05,vehicle,ok,utf-8-sig,218664,33,StorageTime,True,True,False,0.530301505894196,"[""ID"", ""StorageTime"", ""zx1|v_km/h"", ""zx1|lanecurvatureXY"", ""zx1|mu"", ""zx1|lateraldistance"", ""zx1|distance7"", ""zx1|distance8"", ""zx1|pointdistance"", ""zx1|pointdistance9"", ""zx|lanecurvatureXY"", ""zx|mu"", ""zx|lateraldistance"", ""zx|x"", ""zx|y"", ""zx|z"", ""zx|AcceleratorPedal"", ""zx|BrakePedal"", ""zx|SteeringWheel"", ""zx|ax"", ""zx|ay"", ""zx|vx"", ""zx|vy"", ""zx|ayaw"", ""zx|aroll"", ""zx|apitch"", ""zx|roll"", ""zx|pitch"", ""zx|yaw"", ""zx|v_km/h"", ""zx|vroll"", ""zx|vpitch"", ""zx|vyaw""]",ID | StorageTime | zx1|v_km/h | zx1|lanecurvatureXY | zx1|mu | zx1|lateraldistance | zx1|distance7 | zx1|distance8 | zx1|pointdistance | zx1|pointdistance9 | zx|lanecurvatureXY | zx|mu | zx|lateraldistance | zx|x | zx|y | zx|z | zx|AcceleratorPedal | zx|BrakePedal | zx|SteeringWheel | zx|ax | zx|ay | zx|vx | zx|vy | zx|ayaw | zx|aroll | zx|apitch | zx|roll | zx|pitch | zx|yaw | zx|v_km/h
原始车辆数据/jy/Entity_Recording_2025_09_26_17_17_11_vehicle.csv,原始车辆数据,jy,2025_09_26_17_17_11,vehicle,ok,utf-8-sig,270490,33,StorageTime,True,True,False,0.5303017979715824,"[""ID"", ""StorageTime"", ""zx1|v_km/h"", ""zx1|lanecurvatureXY"", ""zx1|mu"", ""zx1|lateraldistance"", ""zx1|distance7"", ""zx1|distance8"", ""zx1|pointdistance"", ""zx1|pointdistance9"", ""zx|lanecurvatureXY"", ""zx|mu"", ""zx|lateraldistance"", ""zx|x"", ""zx|y"", ""zx|z"", ""zx|AcceleratorPedal"", ""zx|BrakePedal"", ""zx|SteeringWheel"", ""zx|ax"", ""zx|ay"", ""zx|vx"", ""zx|vy"", ""zx|ayaw"", ""zx|aroll"", ""zx|apitch"", ""zx|roll"", ""zx|pitch"", ""zx|yaw"", ""zx|v_km/h"", ""zx|vroll"", ""zx|vpitch"", ""zx|vyaw""]",ID | StorageTime | zx1|v_km/h | zx1|lanecurvatureXY | zx1|mu | zx1|lateraldistance | zx1|distance7 | zx1|distance8 | zx1|pointdistance | zx1|pointdistance9 | zx|lanecurvatureXY | zx|mu | zx|lateraldistance | zx|x | zx|y | zx|z | zx|AcceleratorPedal | zx|BrakePedal | zx|SteeringWheel | zx|ax | zx|ay | zx|vx | zx|vy | zx|ayaw | zx|aroll | zx|apitch | zx|roll | zx|pitch | zx|yaw | zx|v_km/h
原始车辆数据/jy/Entity_Recording_2025_09_26_17_29_44_vehicle.csv,原始车辆数据,jy,2025_09_26_17_29_44,vehicle,ok,utf-8-sig,255605,33,StorageTime,True,True,False,0.5303023782552744,"[""ID"", ""StorageTime"", ""zx|lanecurvatureXY"", ""zx|mu"", ""zx|lateraldistance"", ""zx|x"", ""zx|y"", ""zx|z"", ""zx|AcceleratorPedal"", ""zx|BrakePedal"", ""zx|SteeringWheel"", ""zx|ax"", ""zx|ay"", ""zx|vx"", ""zx|vy"", ""zx|ayaw"", ""zx|aroll"", ""zx|apitch"", ""zx|roll"", ""zx|pitch"", ""zx|yaw"", ""zx|v_km/h"", ""zx|vroll"", ""zx|vpitch"", ""zx|vyaw"", ""zx1|v_km/h"", ""zx1|lanecurvatureXY"", ""zx1|mu"", ""zx1|lateraldistance"", ""zx1|distance7"", ""zx1|distance8"", ""zx1|pointdistance"", ""zx1|pointdistance9""]",ID | StorageTime | zx|lanecurvatureXY | zx|mu | zx|lateraldistance | zx|x | zx|y | zx|z | zx|AcceleratorPedal | zx|BrakePedal | zx|SteeringWheel | zx|ax | zx|ay | zx|vx | zx|vy | zx|ayaw | zx|aroll | zx|apitch | zx|roll | zx|pitch | zx|yaw | zx|v_km/h | zx|vroll | zx|vpitch | zx|vyaw | zx1|v_km/h | zx1|lanecurvatureXY | zx1|mu | zx1|lateraldistance | zx1|distance7
原始车辆数据/jy/Entity_Recording_2025_09_26_17_40_51_vehicle.csv,原始车辆数据,jy,2025_09_26_17_40_51,vehicle,ok,utf-8-sig,219833,33,StorageTime,True,True,False,0.530302272151767,"[""ID"", ""StorageTime"", ""zx|lanecurvatureXY"", ""zx|mu"", ""zx|lateraldistance"", ""zx|x"", ""zx|y"", ""zx|z"", ""zx|AcceleratorPedal"", ""zx|BrakePedal"", ""zx|SteeringWheel"", ""zx|ax"", ""zx|ay"", ""zx|vx"", ""zx|vy"", ""zx|ayaw"", ""zx|aroll"", ""zx|apitch"", ""zx|roll"", ""zx|pitch"", ""zx|yaw"", ""zx|v_km/h"", ""zx|vroll"", ""zx|vpitch"", ""zx|vyaw"", ""zx1|v_km/h"", ""zx1|lanecurvatureXY"", ""zx1|mu"", ""zx1|lateraldistance"", ""zx1|distance7"", ""zx1|distance8"", ""zx1|pointdistance"", ""zx1|pointdistance9""]",ID | StorageTime | zx|lanecurvatureXY | zx|mu | zx|lateraldistance | zx|x | zx|y | zx|z | zx|AcceleratorPedal | zx|BrakePedal | zx|SteeringWheel | zx|ax | zx|ay | zx|vx | zx|vy | zx|ayaw | zx|aroll | zx|apitch | zx|roll | zx|pitch | zx|yaw | zx|v_km/h | zx|vroll | zx|vpitch | zx|vyaw | zx1|v_km/h | zx1|lanecurvatureXY | zx1|mu | zx1|lateraldistance | zx1|distance7
原始车辆数据/jy/Entity_Recording_2025_09_26_17_51_46_vehicle.csv,原始车辆数据,jy,2025_09_26_17_51_46,vehicle,ok,utf-8-sig,225959,33,StorageTime,True,True,False,0.5303022927060916,"[""ID"", ""StorageTime"", ""zx1|v_km/h"", ""zx1|lanecurvatureXY"", ""zx1|mu"", ""zx1|lateraldistance"", ""zx1|distance7"", ""zx1|distance8"", ""zx1|pointdistance"", ""zx1|pointdistance9"", ""zx|lanecurvatureXY"", ""zx|mu"", ""zx|lateraldistance"", ""zx|x"", ""zx|y"", ""zx|z"", ""zx|AcceleratorPedal"", ""zx|BrakePedal"", ""zx|SteeringWheel"", ""zx|ax"", ""zx|ay"", ""zx|vx"", ""zx|vy"", ""zx|ayaw"", ""zx|aroll"", ""zx|apitch"", ""zx|roll"", ""zx|pitch"", ""zx|yaw"", ""zx|v_km/h"", ""zx|vroll"", ""zx|vpitch"", ""zx|vyaw""]",ID | StorageTime | zx1|v_km/h | zx1|lanecurvatureXY | zx1|mu | zx1|lateraldistance | zx1|distance7 | zx1|distance8 | zx1|pointdistance | zx1|pointdistance9 | zx|lanecurvatureXY | zx|mu | zx|lateraldistance | zx|x | zx|y | zx|z | zx|AcceleratorPedal | zx|BrakePedal | zx|SteeringWheel | zx|ax | zx|ay | zx|vx | zx|vy | zx|ayaw | zx|aroll | zx|apitch | zx|roll | zx|pitch | zx|yaw | zx|v_km/h
原始车辆数据/jy/Entity_Recording_2025_09_26_18_01_40_vehicle.csv,原始车辆数据,jy,2025_09_26_18_01_40,vehicle,ok,utf-8-sig,209075,33,StorageTime,True,True,False,0.5303022331409274,"[""ID"", ""StorageTime"", ""zx1|v_km/h"", ""zx1|lanecurvatureXY"", ""zx1|mu"", ""zx1|lateraldistance"", ""zx1|distance7"", ""zx1|distance8"", ""zx1|pointdistance"", ""zx1|pointdistance9"", ""zx|lanecurvatureXY"", ""zx|mu"", ""zx|lateraldistance"", ""zx|x"", ""zx|y"", ""zx|z"", ""zx|AcceleratorPedal"", ""zx|BrakePedal"", ""zx|SteeringWheel"", ""zx|ax"", ""zx|ay"", ""zx|vx"", ""zx|vy"", ""zx|ayaw"", ""zx|aroll"", ""zx|apitch"", ""zx|roll"", ""zx|pitch"", ""zx|yaw"", ""zx|v_km/h"", ""zx|vroll"", ""zx|vpitch"", ""zx|vyaw""]",ID | StorageTime | zx1|v_km/h | zx1|lanecurvatureXY | zx1|mu | zx1|lateraldistance | zx1|distance7 | zx1|distance8 | zx1|pointdistance | zx1|pointdistance9 | zx|lanecurvatureXY | zx|mu | zx|lateraldistance | zx|x | zx|y | zx|z | zx|AcceleratorPedal | zx|BrakePedal | zx|SteeringWheel | zx|ax | zx|ay | zx|vx | zx|vy | zx|ayaw | zx|aroll | zx|apitch | zx|roll | zx|pitch | zx|yaw | zx|v_km/h
原始车辆数据/lx/Entity_Recording_2025_09_26_08_58_43_vehicle.csv,原始车辆数据,lx,2025_09_26_08_58_43,vehicle,ok,utf-8-sig,109219,33,StorageTime,True,True,False,0.5303015043170144,"[""ID"", ""StorageTime"", ""zx|lanecurvatureXY"", ""zx|mu"", ""zx|lateraldistance"", ""zx|x"", ""zx|y"", ""zx|z"", ""zx|AcceleratorPedal"", ""zx|BrakePedal"", ""zx|SteeringWheel"", ""zx|ax"", ""zx|ay"", ""zx|vx"", ""zx|vy"", ""zx|ayaw"", ""zx|aroll"", ""zx|apitch"", ""zx|roll"", ""zx|pitch"", ""zx|yaw"", ""zx|v_km/h"", ""zx|vroll"", ""zx|vpitch"", ""zx|vyaw"", ""zx1|v_km/h"", ""zx1|lanecurvatureXY"", ""zx1|mu"", ""zx1|lateraldistance"", ""zx1|distance7"", ""zx1|distance8"", ""zx1|pointdistance"", ""zx1|pointdistance9""]",ID | StorageTime | zx|lanecurvatureXY | zx|mu | zx|lateraldistance | zx|x | zx|y | zx|z | zx|AcceleratorPedal | zx|BrakePedal | zx|SteeringWheel | zx|ax | zx|ay | zx|vx | zx|vy | zx|ayaw | zx|aroll | zx|apitch | zx|roll | zx|pitch | zx|yaw | zx|v_km/h | zx|vroll | zx|vpitch | zx|vyaw | zx1|v_km/h | zx1|lanecurvatureXY | zx1|mu | zx1|lateraldistance | zx1|distance7
原始车辆数据/lx/Entity_Recording_2025_09_26_09_06_38_vehicle.csv,原始车辆数据,lx,2025_09_26_09_06_38,vehicle,ok,utf-8-sig,76610,33,StorageTime,True,True,False,0.12121212121212122,"[""ID"", ""StorageTime"", ""zx1|v_km/h"", ""zx1|lanecurvatureXY"", ""zx1|mu"", ""zx1|lateraldistance"", ""zx1|distance7"", ""zx1|distance8"", ""zx1|pointdistance"", ""zx1|pointdistance9"", ""zx|lanecurvatureXY"", ""zx|mu"", ""zx|lateraldistance"", ""zx|x"", ""zx|y"", ""zx|z"", ""zx|AcceleratorPedal"", ""zx|BrakePedal"", ""zx|SteeringWheel"", ""zx|ax"", ""zx|ay"", ""zx|vx"", ""zx|vy"", ""zx|ayaw"", ""zx|aroll"", ""zx|apitch"", ""zx|roll"", ""zx|pitch"", ""zx|yaw"", ""zx|v_km/h"", ""zx|vroll"", ""zx|vpitch"", ""zx|vyaw""]",ID | StorageTime | zx1|v_km/h | zx1|lanecurvatureXY | zx1|mu | zx1|lateraldistance | zx1|distance7 | zx1|distance8 | zx1|pointdistance | zx1|pointdistance9 | zx|lanecurvatureXY | zx|mu | zx|lateraldistance | zx|x | zx|y | zx|z | zx|AcceleratorPedal | zx|BrakePedal | zx|SteeringWheel | zx|ax | zx|ay | zx|vx | zx|vy | zx|ayaw | zx|aroll | zx|apitch | zx|roll | zx|pitch | zx|yaw | zx|v_km/h
原始车辆数据/lx/Entity_Recording_2025_09_26_09_17_22_vehicle.csv,原始车辆数据,lx,2025_09_26_09_17_22,vehicle,ok,utf-8-sig,247796,33,StorageTime,True,True,False,0.5303016851104795,"[""ID"", ""StorageTime"", ""zx1|v_km/h"", ""zx1|lanecurvatureXY"", ""zx1|mu"", ""zx1|lateraldistance"", ""zx1|distance7"", ""zx1|distance8"", ""zx1|pointdistance"", ""zx1|pointdistance9"", ""zx|lanecurvatureXY"", ""zx|mu"", ""zx|lateraldistance"", ""zx|x"", ""zx|y"", ""zx|z"", ""zx|AcceleratorPedal"", ""zx|BrakePedal"", ""zx|SteeringWheel"", ""zx|ax"", ""zx|ay"", ""zx|vx"", ""zx|vy"", ""zx|ayaw"", ""zx|aroll"", ""zx|apitch"", ""zx|roll"", ""zx|pitch"", ""zx|yaw"", ""zx|v_km/h"", ""zx|vroll"", ""zx|vpitch"", ""zx|vyaw""]",ID | StorageTime | zx1|v_km/h | zx1|lanecurvatureXY | zx1|mu | zx1|lateraldistance | zx1|distance7 | zx1|distance8 | zx1|pointdistance | zx1|pointdistance9 | zx|lanecurvatureXY | zx|mu | zx|lateraldistance | zx|x | zx|y | zx|z | zx|AcceleratorPedal | zx|BrakePedal | zx|SteeringWheel | zx|ax | zx|ay | zx|vx | zx|vy | zx|ayaw | zx|aroll | zx|apitch | zx|roll | zx|pitch | zx|yaw | zx|v_km/h
原始车辆数据/lxy/Entity_Recording_2025_09_28_17_55_52_vehicle.csv,原始车辆数据,lxy,2025_09_28_17_55_52,vehicle,ok,utf-8-sig,237282,29,StorageTime,True,True,False,0.4655156428158086,"[""ID"", ""StorageTime"", ""zx1|v_km/h"", ""zx1|lanecurvatureXY"", ""zx1|mu"", ""zx1|lateraldistance"", ""zx1|distance7"", ""zx1|distance8"", ""zx1|pointdistance"", ""zx1|pointdistance9"", ""zx|aroll"", ""zx|apitch"", ""zx|ayaw"", ""zx|x"", ""zx|y"", ""zx|z"", ""zx|AcceleratorPedal"", ""zx|BrakePedal"", ""zx|SteeringWheel"", ""zx|ax"", ""zx|ay"", ""zx|vx"", ""zx|vy"", ""zx|vyaw"", ""zx|vroll"", ""zx|vpitch"", ""zx|roll"", ""zx|pitch"", ""zx|yaw""]",ID | StorageTime | zx1|v_km/h | zx1|lanecurvatureXY | zx1|mu | zx1|lateraldistance | zx1|distance7 | zx1|distance8 | zx1|pointdistance | zx1|pointdistance9 | zx|aroll | zx|apitch | zx|ayaw | zx|x | zx|y | zx|z | zx|AcceleratorPedal | zx|BrakePedal | zx|SteeringWheel | zx|ax | zx|ay | zx|vx | zx|vy | zx|vyaw | zx|vroll | zx|vpitch | zx|roll | zx|pitch | zx|yaw
原始车辆数据/lxy/Entity_Recording_2025_09_28_18_06_16_vehicle.csv,原始车辆数据,lxy,2025_09_28_18_06_16,vehicle,ok,utf-8-sig,231885,29,StorageTime,True,True,False,0.4655147877254852,"[""ID"", ""StorageTime"", ""zx1|v_km/h"", ""zx1|lanecurvatureXY"", ""zx1|mu"", ""zx1|lateraldistance"", ""zx1|distance7"", ""zx1|distance8"", ""zx1|pointdistance"", ""zx1|pointdistance9"", ""zx|aroll"", ""zx|apitch"", ""zx|ayaw"", ""zx|x"", ""zx|y"", ""zx|z"", ""zx|AcceleratorPedal"", ""zx|BrakePedal"", ""zx|SteeringWheel"", ""zx|ax"", ""zx|ay"", ""zx|vx"", ""zx|vy"", ""zx|vyaw"", ""zx|vroll"", ""zx|vpitch"", ""zx|roll"", ""zx|pitch"", ""zx|yaw""]",ID | StorageTime | zx1|v_km/h | zx1|lanecurvatureXY | zx1|mu | zx1|lateraldistance | zx1|distance7 | zx1|distance8 | zx1|pointdistance | zx1|pointdistance9 | zx|aroll | zx|apitch | zx|ayaw | zx|x | zx|y | zx|z | zx|AcceleratorPedal | zx|BrakePedal | zx|SteeringWheel | zx|ax | zx|ay | zx|vx | zx|vy | zx|vyaw | zx|vroll | zx|vpitch | zx|roll | zx|pitch | zx|yaw
原始车辆数据/lxy/Entity_Recording_2025_09_28_18_16_26_vehicle.csv,原始车辆数据,lxy,2025_09_28_18_16_26,vehicle,ok,utf-8-sig,5661,29,StorageTime,True,True,False,0.4654837393174107,"[""ID"", ""StorageTime"", ""zx1|v_km/h"", ""zx1|lanecurvatureXY"", ""zx1|mu"", ""zx1|lateraldistance"", ""zx1|distance7"", ""zx1|distance8"", ""zx1|pointdistance"", ""zx1|pointdistance9"", ""zx|aroll"", ""zx|apitch"", ""zx|ayaw"", ""zx|x"", ""zx|y"", ""zx|z"", ""zx|AcceleratorPedal"", ""zx|BrakePedal"", ""zx|SteeringWheel"", ""zx|ax"", ""zx|ay"", ""zx|vx"", ""zx|vy"", ""zx|vyaw"", ""zx|vroll"", ""zx|vpitch"", ""zx|roll"", ""zx|pitch"", ""zx|yaw""]",ID | StorageTime | zx1|v_km/h | zx1|lanecurvatureXY | zx1|mu | zx1|lateraldistance | zx1|distance7 | zx1|distance8 | zx1|pointdistance | zx1|pointdistance9 | zx|aroll | zx|apitch | zx|ayaw | zx|x | zx|y | zx|z | zx|AcceleratorPedal | zx|BrakePedal | zx|SteeringWheel | zx|ax | zx|ay | zx|vx | zx|vy | zx|vyaw | zx|vroll | zx|vpitch | zx|roll | zx|pitch | zx|yaw
原始车辆数据/lxy/Entity_Recording_2025_09_28_18_19_35_vehicle.csv,原始车辆数据,lxy,2025_09_28_18_19_35,vehicle,ok,utf-8-sig,217613,29,StorageTime,True,True,False,0.46551636985429845,"[""ID"", ""StorageTime"", ""zx1|v_km/h"", ""zx1|lanecurvatureXY"", ""zx1|mu"", ""zx1|lateraldistance"", ""zx1|distance7"", ""zx1|distance8"", ""zx1|pointdistance"", ""zx1|pointdistance9"", ""zx|aroll"", ""zx|apitch"", ""zx|ayaw"", ""zx|x"", ""zx|y"", ""zx|z"", ""zx|AcceleratorPedal"", ""zx|BrakePedal"", ""zx|SteeringWheel"", ""zx|ax"", ""zx|ay"", ""zx|vx"", ""zx|vy"", ""zx|vyaw"", ""zx|vroll"", ""zx|vpitch"", ""zx|roll"", ""zx|pitch"", ""zx|yaw""]",ID | StorageTime | zx1|v_km/h | zx1|lanecurvatureXY | zx1|mu | zx1|lateraldistance | zx1|distance7 | zx1|distance8 | zx1|pointdistance | zx1|pointdistance9 | zx|aroll | zx|apitch | zx|ayaw | zx|x | zx|y | zx|z | zx|AcceleratorPedal | zx|BrakePedal | zx|SteeringWheel | zx|ax | zx|ay | zx|vx | zx|vy | zx|vyaw | zx|vroll | zx|vpitch | zx|roll | zx|pitch | zx|yaw
原始车辆数据/rjy/Entity_Recording_2025_09_28_19_33_26_vehicle.csv,原始车辆数据,rjy,2025_09_28_19_33_26,vehicle,ok,utf-8-sig,258759,29,StorageTime,True,True,False,0.46551504255524145,"[""ID"", ""StorageTime"", ""zx1|v_km/h"", ""zx1|lanecurvatureXY"", ""zx1|mu"", ""zx1|lateraldistance"", ""zx1|distance7"", ""zx1|distance8"", ""zx1|pointdistance"", ""zx1|pointdistance9"", ""zx|aroll"", ""zx|apitch"", ""zx|ayaw"", ""zx|x"", ""zx|y"", ""zx|z"", ""zx|AcceleratorPedal"", ""zx|BrakePedal"", ""zx|SteeringWheel"", ""zx|ax"", ""zx|ay"", ""zx|vx"", ""zx|vy"", ""zx|vyaw"", ""zx|vroll"", ""zx|vpitch"", ""zx|roll"", ""zx|pitch"", ""zx|yaw""]",ID | StorageTime | zx1|v_km/h | zx1|lanecurvatureXY | zx1|mu | zx1|lateraldistance | zx1|distance7 | zx1|distance8 | zx1|pointdistance | zx1|pointdistance9 | zx|aroll | zx|apitch | zx|ayaw | zx|x | zx|y | zx|z | zx|AcceleratorPedal | zx|BrakePedal | zx|SteeringWheel | zx|ax | zx|ay | zx|vx | zx|vy | zx|vyaw | zx|vroll | zx|vpitch | zx|roll | zx|pitch | zx|yaw
原始车辆数据/rjy/Entity_Recording_2025_09_28_19_44_42_vehicle.csv,原始车辆数据,rjy,2025_09_28_19_44_42,vehicle,ok,utf-8-sig,59036,29,StorageTime,True,True,False,0.46551081631079577,"[""ID"", ""StorageTime"", ""zx1|v_km/h"", ""zx1|lanecurvatureXY"", ""zx1|mu"", ""zx1|lateraldistance"", ""zx1|distance7"", ""zx1|distance8"", ""zx1|pointdistance"", ""zx1|pointdistance9"", ""zx|aroll"", ""zx|apitch"", ""zx|ayaw"", ""zx|x"", ""zx|y"", ""zx|z"", ""zx|AcceleratorPedal"", ""zx|BrakePedal"", ""zx|SteeringWheel"", ""zx|ax"", ""zx|ay"", ""zx|vx"", ""zx|vy"", ""zx|vyaw"", ""zx|vroll"", ""zx|vpitch"", ""zx|roll"", ""zx|pitch"", ""zx|yaw""]",ID | StorageTime | zx1|v_km/h | zx1|lanecurvatureXY | zx1|mu | zx1|lateraldistance | zx1|distance7 | zx1|distance8 | zx1|pointdistance | zx1|pointdistance9 | zx|aroll | zx|apitch | zx|ayaw | zx|x | zx|y | zx|z | zx|AcceleratorPedal | zx|BrakePedal | zx|SteeringWheel | zx|ax | zx|ay | zx|vx | zx|vy | zx|vyaw | zx|vroll | zx|vpitch | zx|roll | zx|pitch | zx|yaw
原始车辆数据/rjy/Entity_Recording_2025_09_28_19_49_06_vehicle.csv,原始车辆数据,rjy,2025_09_28_19_49_06,vehicle,ok,utf-8-sig,24288,29,StorageTime,True,True,False,0.465501624187906,"[""ID"", ""StorageTime"", ""zx|aroll"", ""zx|apitch"", ""zx|ayaw"", ""zx|x"", ""zx|y"", ""zx|z"", ""zx|AcceleratorPedal"", ""zx|BrakePedal"", ""zx|SteeringWheel"", ""zx|ax"", ""zx|ay"", ""zx|vx"", ""zx|vy"", ""zx|vyaw"", ""zx|vroll"", ""zx|vpitch"", ""zx|roll"", ""zx|pitch"", ""zx|yaw"", ""zx1|v_km/h"", ""zx1|lanecurvatureXY"", ""zx1|mu"", ""zx1|lateraldistance"", ""zx1|distance7"", ""zx1|distance8"", ""zx1|pointdistance"", ""zx1|pointdistance9""]",ID | StorageTime | zx|aroll | zx|apitch | zx|ayaw | zx|x | zx|y | zx|z | zx|AcceleratorPedal | zx|BrakePedal | zx|SteeringWheel | zx|ax | zx|ay | zx|vx | zx|vy | zx|vyaw | zx|vroll | zx|vpitch | zx|roll | zx|pitch | zx|yaw | zx1|v_km/h | zx1|lanecurvatureXY | zx1|mu | zx1|lateraldistance | zx1|distance7 | zx1|distance8 | zx1|pointdistance | zx1|pointdistance9
原始车辆数据/rjy/Entity_Recording_2025_09_28_19_51_44_vehicle.csv,原始车辆数据,rjy,2025_09_28_19_51_44,vehicle,ok,utf-8-sig,233522,29,StorageTime,True,True,False,0.4655156170769113,"[""ID"", ""StorageTime"", ""zx1|v_km/h"", ""zx1|lanecurvatureXY"", ""zx1|mu"", ""zx1|lateraldistance"", ""zx1|distance7"", ""zx1|distance8"", ""zx1|pointdistance"", ""zx1|pointdistance9"", ""zx|aroll"", ""zx|apitch"", ""zx|ayaw"", ""zx|x"", ""zx|y"", ""zx|z"", ""zx|AcceleratorPedal"", ""zx|BrakePedal"", ""zx|SteeringWheel"", ""zx|ax"", ""zx|ay"", ""zx|vx"", ""zx|vy"", ""zx|vyaw"", ""zx|vroll"", ""zx|vpitch"", ""zx|roll"", ""zx|pitch"", ""zx|yaw""]",ID | StorageTime | zx1|v_km/h | zx1|lanecurvatureXY | zx1|mu | zx1|lateraldistance | zx1|distance7 | zx1|distance8 | zx1|pointdistance | zx1|pointdistance9 | zx|aroll | zx|apitch | zx|ayaw | zx|x | zx|y | zx|z | zx|AcceleratorPedal | zx|BrakePedal | zx|SteeringWheel | zx|ax | zx|ay | zx|vx | zx|vy | zx|vyaw | zx|vroll | zx|vpitch | zx|roll | zx|pitch | zx|yaw
原始车辆数据/rjy/Entity_Recording_2025_09_28_20_02_20_vehicle.csv,原始车辆数据,rjy,2025_09_28_20_02_20,vehicle,ok,utf-8-sig,291151,29,StorageTime,True,True,False,0.46551658998133333,"[""ID"", ""StorageTime"", ""zx1|v_km/h"", ""zx1|lanecurvatureXY"", ""zx1|mu"", ""zx1|lateraldistance"", ""zx1|distance7"", ""zx1|distance8"", ""zx1|pointdistance"", ""zx1|pointdistance9"", ""zx|aroll"", ""zx|apitch"", ""zx|ayaw"", ""zx|x"", ""zx|y"", ""zx|z"", ""zx|AcceleratorPedal"", ""zx|BrakePedal"", ""zx|SteeringWheel"", ""zx|ax"", ""zx|ay"", ""zx|vx"", ""zx|vy"", ""zx|vyaw"", ""zx|vroll"", ""zx|vpitch"", ""zx|roll"", ""zx|pitch"", ""zx|yaw""]",ID | StorageTime | zx1|v_km/h | zx1|lanecurvatureXY | zx1|mu | zx1|lateraldistance | zx1|distance7 | zx1|distance8 | zx1|pointdistance | zx1|pointdistance9 | zx|aroll | zx|apitch | zx|ayaw | zx|x | zx|y | zx|z | zx|AcceleratorPedal | zx|BrakePedal | zx|SteeringWheel | zx|ax | zx|ay | zx|vx | zx|vy | zx|vyaw | zx|vroll | zx|vpitch | zx|roll | zx|pitch | zx|yaw
原始车辆数据/rjy/Entity_Recording_2025_09_28_20_15_42_vehicle.csv,原始车辆数据,rjy,2025_09_28_20_15_42,vehicle,ok,utf-8-sig,239574,29,StorageTime,True,True,False,0.46551565810923584,"[""ID"", ""StorageTime"", ""zx1|v_km/h"", ""zx1|lanecurvatureXY"", ""zx1|mu"", ""zx1|lateraldistance"", ""zx1|distance7"", ""zx1|distance8"", ""zx1|pointdistance"", ""zx1|pointdistance9"", ""zx|aroll"", ""zx|apitch"", ""zx|ayaw"", ""zx|x"", ""zx|y"", ""zx|z"", ""zx|AcceleratorPedal"", ""zx|BrakePedal"", ""zx|SteeringWheel"", ""zx|ax"", ""zx|ay"", ""zx|vx"", ""zx|vy"", ""zx|vyaw"", ""zx|vroll"", ""zx|vpitch"", ""zx|roll"", ""zx|pitch"", ""zx|yaw""]",ID | StorageTime | zx1|v_km/h | zx1|lanecurvatureXY | zx1|mu | zx1|lateraldistance | zx1|distance7 | zx1|distance8 | zx1|pointdistance | zx1|pointdistance9 | zx|aroll | zx|apitch | zx|ayaw | zx|x | zx|y | zx|z | zx|AcceleratorPedal | zx|BrakePedal | zx|SteeringWheel | zx|ax | zx|ay | zx|vx | zx|vy | zx|vyaw | zx|vroll | zx|vpitch | zx|roll | zx|pitch | zx|yaw
原始车辆数据/txj/Entity_Recording_2025_09_27_08_39_31_vehicle.csv,原始车辆数据,txj,2025_09_27_08_39_31,vehicle,ok,utf-8-sig,1297,33,StorageTime,True,True,False,0.12121212121212122,"[""ID"", ""StorageTime"", ""zx1|v_km/h"", ""zx1|lanecurvatureXY"", ""zx1|mu"", ""zx1|lateraldistance"", ""zx1|distance7"", ""zx1|distance8"", ""zx1|pointdistance"", ""zx1|pointdistance9"", ""zx|lanecurvatureXY"", ""zx|mu"", ""zx|lateraldistance"", ""zx|x"", ""zx|y"", ""zx|z"", ""zx|AcceleratorPedal"", ""zx|BrakePedal"", ""zx|SteeringWheel"", ""zx|ax"", ""zx|ay"", ""zx|vx"", ""zx|vy"", ""zx|ayaw"", ""zx|aroll"", ""zx|apitch"", ""zx|roll"", ""zx|pitch"", ""zx|yaw"", ""zx|v_km/h"", ""zx|vroll"", ""zx|vpitch"", ""zx|vyaw""]",ID | StorageTime | zx1|v_km/h | zx1|lanecurvatureXY | zx1|mu | zx1|lateraldistance | zx1|distance7 | zx1|distance8 | zx1|pointdistance | zx1|pointdistance9 | zx|lanecurvatureXY | zx|mu | zx|lateraldistance | zx|x | zx|y | zx|z | zx|AcceleratorPedal | zx|BrakePedal | zx|SteeringWheel | zx|ax | zx|ay | zx|vx | zx|vy | zx|ayaw | zx|aroll | zx|apitch | zx|roll | zx|pitch | zx|yaw | zx|v_km/h
原始车辆数据/txj/Entity_Recording_2025_09_27_08_40_46_vehicle.csv,原始车辆数据,txj,2025_09_27_08_40_46,vehicle,ok,utf-8-sig,294693,33,StorageTime,True,True,False,0.5303024647427127,"[""ID"", ""StorageTime"", ""zx|lanecurvatureXY"", ""zx|mu"", ""zx|lateraldistance"", ""zx|x"", ""zx|y"", ""zx|z"", ""zx|AcceleratorPedal"", ""zx|BrakePedal"", ""zx|SteeringWheel"", ""zx|ax"", ""zx|ay"", ""zx|vx"", ""zx|vy"", ""zx|ayaw"", ""zx|aroll"", ""zx|apitch"", ""zx|roll"", ""zx|pitch"", ""zx|yaw"", ""zx|v_km/h"", ""zx|vroll"", ""zx|vpitch"", ""zx|vyaw"", ""zx1|v_km/h"", ""zx1|lanecurvatureXY"", ""zx1|mu"", ""zx1|lateraldistance"", ""zx1|distance7"", ""zx1|distance8"", ""zx1|pointdistance"", ""zx1|pointdistance9""]",ID | StorageTime | zx|lanecurvatureXY | zx|mu | zx|lateraldistance | zx|x | zx|y | zx|z | zx|AcceleratorPedal | zx|BrakePedal | zx|SteeringWheel | zx|ax | zx|ay | zx|vx | zx|vy | zx|ayaw | zx|aroll | zx|apitch | zx|roll | zx|pitch | zx|yaw | zx|v_km/h | zx|vroll | zx|vpitch | zx|vyaw | zx1|v_km/h | zx1|lanecurvatureXY | zx1|mu | zx1|lateraldistance | zx1|distance7
原始车辆数据/txj/Entity_Recording_2025_09_27_08_53_44_vehicle.csv,原始车辆数据,txj,2025_09_27_08_53_44,vehicle,ok,utf-8-sig,271217,33,StorageTime,True,True,False,0.5303011867607744,"[""ID"", ""StorageTime"", ""zx1|v_km/h"", ""zx1|lanecurvatureXY"", ""zx1|mu"", ""zx1|lateraldistance"", ""zx1|distance7"", ""zx1|distance8"", ""zx1|pointdistance"", ""zx1|pointdistance9"", ""zx|lanecurvatureXY"", ""zx|mu"", ""zx|lateraldistance"", ""zx|x"", ""zx|y"", ""zx|z"", ""zx|AcceleratorPedal"", ""zx|BrakePedal"", ""zx|SteeringWheel"", ""zx|ax"", ""zx|ay"", ""zx|vx"", ""zx|vy"", ""zx|ayaw"", ""zx|aroll"", ""zx|apitch"", ""zx|roll"", ""zx|pitch"", ""zx|yaw"", ""zx|v_km/h"", ""zx|vroll"", ""zx|vpitch"", ""zx|vyaw""]",ID | StorageTime | zx1|v_km/h | zx1|lanecurvatureXY | zx1|mu | zx1|lateraldistance | zx1|distance7 | zx1|distance8 | zx1|pointdistance | zx1|pointdistance9 | zx|lanecurvatureXY | zx|mu | zx|lateraldistance | zx|x | zx|y | zx|z | zx|AcceleratorPedal | zx|BrakePedal | zx|SteeringWheel | zx|ax | zx|ay | zx|vx | zx|vy | zx|ayaw | zx|aroll | zx|apitch | zx|roll | zx|pitch | zx|yaw | zx|v_km/h
原始车辆数据/txj/Entity_Recording_2025_09_27_09_06_19_vehicle.csv,原始车辆数据,txj,2025_09_27_09_06_19,vehicle,ok,utf-8-sig,251947,33,StorageTime,True,True,False,0.5303023687882408,"[""ID"", ""StorageTime"", ""zx1|v_km/h"", ""zx1|lanecurvatureXY"", ""zx1|mu"", ""zx1|lateraldistance"", ""zx1|distance7"", ""zx1|distance8"", ""zx1|pointdistance"", ""zx1|pointdistance9"", ""zx|lanecurvatureXY"", ""zx|mu"", ""zx|lateraldistance"", ""zx|x"", ""zx|y"", ""zx|z"", ""zx|AcceleratorPedal"", ""zx|BrakePedal"", ""zx|SteeringWheel"", ""zx|ax"", ""zx|ay"", ""zx|vx"", ""zx|vy"", ""zx|ayaw"", ""zx|aroll"", ""zx|apitch"", ""zx|roll"", ""zx|pitch"", ""zx|yaw"", ""zx|v_km/h"", ""zx|vroll"", ""zx|vpitch"", ""zx|vyaw""]",ID | StorageTime | zx1|v_km/h | zx1|lanecurvatureXY | zx1|mu | zx1|lateraldistance | zx1|distance7 | zx1|distance8 | zx1|pointdistance | zx1|pointdistance9 | zx|lanecurvatureXY | zx|mu | zx|lateraldistance | zx|x | zx|y | zx|z | zx|AcceleratorPedal | zx|BrakePedal | zx|SteeringWheel | zx|ax | zx|ay | zx|vx | zx|vy | zx|ayaw | zx|aroll | zx|apitch | zx|roll | zx|pitch | zx|yaw | zx|v_km/h
原始车辆数据/txj/Entity_Recording_2025_09_27_09_17_11_vehicle.csv,原始车辆数据,txj,2025_09_27_09_17_11,vehicle,ok,utf-8-sig,247309,33,StorageTime,True,True,False,0.5303023563822807,"[""ID"", ""StorageTime"", ""zx|lanecurvatureXY"", ""zx|mu"", ""zx|lateraldistance"", ""zx|x"", ""zx|y"", ""zx|z"", ""zx|AcceleratorPedal"", ""zx|BrakePedal"", ""zx|SteeringWheel"", ""zx|ax"", ""zx|ay"", ""zx|vx"", ""zx|vy"", ""zx|ayaw"", ""zx|aroll"", ""zx|apitch"", ""zx|roll"", ""zx|pitch"", ""zx|yaw"", ""zx|v_km/h"", ""zx|vroll"", ""zx|vpitch"", ""zx|vyaw"", ""zx1|v_km/h"", ""zx1|lanecurvatureXY"", ""zx1|mu"", ""zx1|lateraldistance"", ""zx1|distance7"", ""zx1|distance8"", ""zx1|pointdistance"", ""zx1|pointdistance9""]",ID | StorageTime | zx|lanecurvatureXY | zx|mu | zx|lateraldistance | zx|x | zx|y | zx|z | zx|AcceleratorPedal | zx|BrakePedal | zx|SteeringWheel | zx|ax | zx|ay | zx|vx | zx|vy | zx|ayaw | zx|aroll | zx|apitch | zx|roll | zx|pitch | zx|yaw | zx|v_km/h | zx|vroll | zx|vpitch | zx|vyaw | zx1|v_km/h | zx1|lanecurvatureXY | zx1|mu | zx1|lateraldistance | zx1|distance7
原始车辆数据/tyy/Entity_Recording_2025_09_28_14_23_43_vehicle.csv,原始车辆数据,tyy,2025_09_28_14_23_43,vehicle,ok,utf-8-sig,361394,29,StorageTime,True,True,False,0.4655161918036538,"[""ID"", ""StorageTime"", ""zx|aroll"", ""zx|apitch"", ""zx|ayaw"", ""zx|x"", ""zx|y"", ""zx|z"", ""zx|AcceleratorPedal"", ""zx|BrakePedal"", ""zx|SteeringWheel"", ""zx|ax"", ""zx|ay"", ""zx|vx"", ""zx|vy"", ""zx|vyaw"", ""zx|vroll"", ""zx|vpitch"", ""zx|roll"", ""zx|pitch"", ""zx|yaw"", ""zx1|v_km/h"", ""zx1|lanecurvatureXY"", ""zx1|mu"", ""zx1|lateraldistance"", ""zx1|distance7"", ""zx1|distance8"", ""zx1|pointdistance"", ""zx1|pointdistance9""]",ID | StorageTime | zx|aroll | zx|apitch | zx|ayaw | zx|x | zx|y | zx|z | zx|AcceleratorPedal | zx|BrakePedal | zx|SteeringWheel | zx|ax | zx|ay | zx|vx | zx|vy | zx|vyaw | zx|vroll | zx|vpitch | zx|roll | zx|pitch | zx|yaw | zx1|v_km/h | zx1|lanecurvatureXY | zx1|mu | zx1|lateraldistance | zx1|distance7 | zx1|distance8 | zx1|pointdistance | zx1|pointdistance9
原始车辆数据/tyy/Entity_Recording_2025_09_28_14_40_01_vehicle.csv,原始车辆数据,tyy,2025_09_28_14_40_01,vehicle,ok,utf-8-sig,74230,29,StorageTime,True,True,False,0.4655121314460647,"[""ID"", ""StorageTime"", ""zx1|v_km/h"", ""zx1|lanecurvatureXY"", ""zx1|mu"", ""zx1|lateraldistance"", ""zx1|distance7"", ""zx1|distance8"", ""zx1|pointdistance"", ""zx1|pointdistance9"", ""zx|aroll"", ""zx|apitch"", ""zx|ayaw"", ""zx|x"", ""zx|y"", ""zx|z"", ""zx|AcceleratorPedal"", ""zx|BrakePedal"", ""zx|SteeringWheel"", ""zx|ax"", ""zx|ay"", ""zx|vx"", ""zx|vy"", ""zx|vyaw"", ""zx|vroll"", ""zx|vpitch"", ""zx|roll"", ""zx|pitch"", ""zx|yaw""]",ID | StorageTime | zx1|v_km/h | zx1|lanecurvatureXY | zx1|mu | zx1|lateraldistance | zx1|distance7 | zx1|distance8 | zx1|pointdistance | zx1|pointdistance9 | zx|aroll | zx|apitch | zx|ayaw | zx|x | zx|y | zx|z | zx|AcceleratorPedal | zx|BrakePedal | zx|SteeringWheel | zx|ax | zx|ay | zx|vx | zx|vy | zx|vyaw | zx|vroll | zx|vpitch | zx|roll | zx|pitch | zx|yaw
原始车辆数据/tyy/Entity_Recording_2025_09_28_14_44_09_vehicle.csv,原始车辆数据,tyy,2025_09_28_14_44_09,vehicle,ok,utf-8-sig,229856,29,StorageTime,True,True,False,0.465515591170724,"[""ID"", ""StorageTime"", ""zx|aroll"", ""zx|apitch"", ""zx|ayaw"", ""zx|x"", ""zx|y"", ""zx|z"", ""zx|AcceleratorPedal"", ""zx|BrakePedal"", ""zx|SteeringWheel"", ""zx|ax"", ""zx|ay"", ""zx|vx"", ""zx|vy"", ""zx|vyaw"", ""zx|vroll"", ""zx|vpitch"", ""zx|roll"", ""zx|pitch"", ""zx|yaw"", ""zx1|v_km/h"", ""zx1|lanecurvatureXY"", ""zx1|mu"", ""zx1|lateraldistance"", ""zx1|distance7"", ""zx1|distance8"", ""zx1|pointdistance"", ""zx1|pointdistance9""]",ID | StorageTime | zx|aroll | zx|apitch | zx|ayaw | zx|x | zx|y | zx|z | zx|AcceleratorPedal | zx|BrakePedal | zx|SteeringWheel | zx|ax | zx|ay | zx|vx | zx|vy | zx|vyaw | zx|vroll | zx|vpitch | zx|roll | zx|pitch | zx|yaw | zx1|v_km/h | zx1|lanecurvatureXY | zx1|mu | zx1|lateraldistance | zx1|distance7 | zx1|distance8 | zx1|pointdistance | zx1|pointdistance9
原始车辆数据/tyy/Entity_Recording_2025_09_28_14_57_17_vehicle.csv,原始车辆数据,tyy,2025_09_28_14_57_17,vehicle,ok,utf-8-sig,178666,29,StorageTime,True,True,False,0.4655151183657273,"[""ID"", ""StorageTime"", ""zx1|v_km/h"", ""zx1|lanecurvatureXY"", ""zx1|mu"", ""zx1|lateraldistance"", ""zx1|distance7"", ""zx1|distance8"", ""zx1|pointdistance"", ""zx1|pointdistance9"", ""zx|aroll"", ""zx|apitch"", ""zx|ayaw"", ""zx|x"", ""zx|y"", ""zx|z"", ""zx|AcceleratorPedal"", ""zx|BrakePedal"", ""zx|SteeringWheel"", ""zx|ax"", ""zx|ay"", ""zx|vx"", ""zx|vy"", ""zx|vyaw"", ""zx|vroll"", ""zx|vpitch"", ""zx|roll"", ""zx|pitch"", ""zx|yaw""]",ID | StorageTime | zx1|v_km/h | zx1|lanecurvatureXY | zx1|mu | zx1|lateraldistance | zx1|distance7 | zx1|distance8 | zx1|pointdistance | zx1|pointdistance9 | zx|aroll | zx|apitch | zx|ayaw | zx|x | zx|y | zx|z | zx|AcceleratorPedal | zx|BrakePedal | zx|SteeringWheel | zx|ax | zx|ay | zx|vx | zx|vy | zx|vyaw | zx|vroll | zx|vpitch | zx|roll | zx|pitch | zx|yaw
原始车辆数据/xst/Entity_Recording_2025_09_26_11_34_18_vehicle.csv,原始车辆数据,xst,2025_09_26_11_34_18,vehicle,ok,utf-8-sig,297149,33,StorageTime,True,True,False,0.5303024694171896,"[""ID"", ""StorageTime"", ""zx1|v_km/h"", ""zx1|lanecurvatureXY"", ""zx1|mu"", ""zx1|lateraldistance"", ""zx1|distance7"", ""zx1|distance8"", ""zx1|pointdistance"", ""zx1|pointdistance9"", ""zx|lanecurvatureXY"", ""zx|mu"", ""zx|lateraldistance"", ""zx|x"", ""zx|y"", ""zx|z"", ""zx|AcceleratorPedal"", ""zx|BrakePedal"", ""zx|SteeringWheel"", ""zx|ax"", ""zx|ay"", ""zx|vx"", ""zx|vy"", ""zx|ayaw"", ""zx|aroll"", ""zx|apitch"", ""zx|roll"", ""zx|pitch"", ""zx|yaw"", ""zx|v_km/h"", ""zx|vroll"", ""zx|vpitch"", ""zx|vyaw""]",ID | StorageTime | zx1|v_km/h | zx1|lanecurvatureXY | zx1|mu | zx1|lateraldistance | zx1|distance7 | zx1|distance8 | zx1|pointdistance | zx1|pointdistance9 | zx|lanecurvatureXY | zx|mu | zx|lateraldistance | zx|x | zx|y | zx|z | zx|AcceleratorPedal | zx|BrakePedal | zx|SteeringWheel | zx|ax | zx|ay | zx|vx | zx|vy | zx|ayaw | zx|aroll | zx|apitch | zx|roll | zx|pitch | zx|yaw | zx|v_km/h
原始车辆数据/yyl/Entity_Recording_2025_09_28_09_14_23_vehicle.csv,原始车辆数据,yyl,2025_09_28_09_14_23,vehicle,ok,utf-8-sig,311586,29,StorageTime,True,True,False,0.46551602402569103,"[""ID"", ""StorageTime"", ""zx|aroll"", ""zx|apitch"", ""zx|ayaw"", ""zx|x"", ""zx|y"", ""zx|z"", ""zx|AcceleratorPedal"", ""zx|BrakePedal"", ""zx|SteeringWheel"", ""zx|ax"", ""zx|ay"", ""zx|vx"", ""zx|vy"", ""zx|vyaw"", ""zx|vroll"", ""zx|vpitch"", ""zx|roll"", ""zx|pitch"", ""zx|yaw"", ""zx1|v_km/h"", ""zx1|lanecurvatureXY"", ""zx1|mu"", ""zx1|lateraldistance"", ""zx1|distance7"", ""zx1|distance8"", ""zx1|pointdistance"", ""zx1|pointdistance9""]",ID | StorageTime | zx|aroll | zx|apitch | zx|ayaw | zx|x | zx|y | zx|z | zx|AcceleratorPedal | zx|BrakePedal | zx|SteeringWheel | zx|ax | zx|ay | zx|vx | zx|vy | zx|vyaw | zx|vroll | zx|vpitch | zx|roll | zx|pitch | zx|yaw | zx1|v_km/h | zx1|lanecurvatureXY | zx1|mu | zx1|lateraldistance | zx1|distance7 | zx1|distance8 | zx1|pointdistance | zx1|pointdistance9
原始车辆数据/yyl/Entity_Recording_2025_09_28_09_29_01_vehicle.csv,原始车辆数据,yyl,2025_09_28_09_29_01,vehicle,ok,utf-8-sig,228717,29,StorageTime,True,True,False,0.46551641216603623,"[""ID"", ""StorageTime"", ""zx1|v_km/h"", ""zx1|lanecurvatureXY"", ""zx1|mu"", ""zx1|lateraldistance"", ""zx1|distance7"", ""zx1|distance8"", ""zx1|pointdistance"", ""zx1|pointdistance9"", ""zx|aroll"", ""zx|apitch"", ""zx|ayaw"", ""zx|x"", ""zx|y"", ""zx|z"", ""zx|AcceleratorPedal"", ""zx|BrakePedal"", ""zx|SteeringWheel"", ""zx|ax"", ""zx|ay"", ""zx|vx"", ""zx|vy"", ""zx|vyaw"", ""zx|vroll"", ""zx|vpitch"", ""zx|roll"", ""zx|pitch"", ""zx|yaw""]",ID | StorageTime | zx1|v_km/h | zx1|lanecurvatureXY | zx1|mu | zx1|lateraldistance | zx1|distance7 | zx1|distance8 | zx1|pointdistance | zx1|pointdistance9 | zx|aroll | zx|apitch | zx|ayaw | zx|x | zx|y | zx|z | zx|AcceleratorPedal | zx|BrakePedal | zx|SteeringWheel | zx|ax | zx|ay | zx|vx | zx|vy | zx|vyaw | zx|vroll | zx|vpitch | zx|roll | zx|pitch | zx|yaw
原始车辆数据/yyl/Entity_Recording_2025_09_28_09_39_01_vehicle.csv,原始车辆数据,yyl,2025_09_28_09_39_01,vehicle,ok,utf-8-sig,228617,29,StorageTime,True,True,False,0.46551475265136255,"[""ID"", ""StorageTime"", ""zx1|v_km/h"", ""zx1|lanecurvatureXY"", ""zx1|mu"", ""zx1|lateraldistance"", ""zx1|distance7"", ""zx1|distance8"", ""zx1|pointdistance"", ""zx1|pointdistance9"", ""zx|aroll"", ""zx|apitch"", ""zx|ayaw"", ""zx|x"", ""zx|y"", ""zx|z"", ""zx|AcceleratorPedal"", ""zx|BrakePedal"", ""zx|SteeringWheel"", ""zx|ax"", ""zx|ay"", ""zx|vx"", ""zx|vy"", ""zx|vyaw"", ""zx|vroll"", ""zx|vpitch"", ""zx|roll"", ""zx|pitch"", ""zx|yaw""]",ID | StorageTime | zx1|v_km/h | zx1|lanecurvatureXY | zx1|mu | zx1|lateraldistance | zx1|distance7 | zx1|distance8 | zx1|pointdistance | zx1|pointdistance9 | zx|aroll | zx|apitch | zx|ayaw | zx|x | zx|y | zx|z | zx|AcceleratorPedal | zx|BrakePedal | zx|SteeringWheel | zx|ax | zx|ay | zx|vx | zx|vy | zx|vyaw | zx|vroll | zx|vpitch | zx|roll | zx|pitch | zx|yaw
原始车辆数据/yyl/Entity_Recording_2025_09_28_09_49_11_vehicle.csv,原始车辆数据,yyl,2025_09_28_09_49_11,vehicle,ok,utf-8-sig,217133,29,StorageTime,True,True,False,0.46551636792768203,"[""ID"", ""StorageTime"", ""zx|aroll"", ""zx|apitch"", ""zx|ayaw"", ""zx|x"", ""zx|y"", ""zx|z"", ""zx|AcceleratorPedal"", ""zx|BrakePedal"", ""zx|SteeringWheel"", ""zx|ax"", ""zx|ay"", ""zx|vx"", ""zx|vy"", ""zx|vyaw"", ""zx|vroll"", ""zx|vpitch"", ""zx|roll"", ""zx|pitch"", ""zx|yaw"", ""zx1|v_km/h"", ""zx1|lanecurvatureXY"", ""zx1|mu"", ""zx1|lateraldistance"", ""zx1|distance7"", ""zx1|distance8"", ""zx1|pointdistance"", ""zx1|pointdistance9""]",ID | StorageTime | zx|aroll | zx|apitch | zx|ayaw | zx|x | zx|y | zx|z | zx|AcceleratorPedal | zx|BrakePedal | zx|SteeringWheel | zx|ax | zx|ay | zx|vx | zx|vy | zx|vyaw | zx|vroll | zx|vpitch | zx|roll | zx|pitch | zx|yaw | zx1|v_km/h | zx1|lanecurvatureXY | zx1|mu | zx1|lateraldistance | zx1|distance7 | zx1|distance8 | zx1|pointdistance | zx1|pointdistance9
原始车辆数据/yzy/Entity_Recording_2025_09_27_14_13_03_vehicle.csv,原始车辆数据,yzy,2025_09_27_14_13_03,vehicle,ok,utf-8-sig,277992,33,StorageTime,True,True,False,0.5303030303030303,"[""ID"", ""StorageTime"", ""zx1|v_km/h"", ""zx1|lanecurvatureXY"", ""zx1|mu"", ""zx1|lateraldistance"", ""zx1|distance7"", ""zx1|distance8"", ""zx1|pointdistance"", ""zx1|pointdistance9"", ""zx|lanecurvatureXY"", ""zx|mu"", ""zx|lateraldistance"", ""zx|x"", ""zx|y"", ""zx|z"", ""zx|AcceleratorPedal"", ""zx|BrakePedal"", ""zx|SteeringWheel"", ""zx|ax"", ""zx|ay"", ""zx|vx"", ""zx|vy"", ""zx|ayaw"", ""zx|aroll"", ""zx|apitch"", ""zx|roll"", ""zx|pitch"", ""zx|yaw"", ""zx|v_km/h"", ""zx|vroll"", ""zx|vpitch"", ""zx|vyaw""]",ID | StorageTime | zx1|v_km/h | zx1|lanecurvatureXY | zx1|mu | zx1|lateraldistance | zx1|distance7 | zx1|distance8 | zx1|pointdistance | zx1|pointdistance9 | zx|lanecurvatureXY | zx|mu | zx|lateraldistance | zx|x | zx|y | zx|z | zx|AcceleratorPedal | zx|BrakePedal | zx|SteeringWheel | zx|ax | zx|ay | zx|vx | zx|vy | zx|ayaw | zx|aroll | zx|apitch | zx|roll | zx|pitch | zx|yaw | zx|v_km/h
原始车辆数据/yzy/Entity_Recording_2025_09_27_14_26_04_vehicle.csv,原始车辆数据,yzy,2025_09_27_14_26_04,vehicle,ok,utf-8-sig,246108,33,StorageTime,True,True,False,0.5303016758841032,"[""ID"", ""StorageTime"", ""zx1|v_km/h"", ""zx1|lanecurvatureXY"", ""zx1|mu"", ""zx1|lateraldistance"", ""zx1|distance7"", ""zx1|distance8"", ""zx1|pointdistance"", ""zx1|pointdistance9"", ""zx|lanecurvatureXY"", ""zx|mu"", ""zx|lateraldistance"", ""zx|x"", ""zx|y"", ""zx|z"", ""zx|AcceleratorPedal"", ""zx|BrakePedal"", ""zx|SteeringWheel"", ""zx|ax"", ""zx|ay"", ""zx|vx"", ""zx|vy"", ""zx|ayaw"", ""zx|aroll"", ""zx|apitch"", ""zx|roll"", ""zx|pitch"", ""zx|yaw"", ""zx|v_km/h"", ""zx|vroll"", ""zx|vpitch"", ""zx|vyaw""]",ID | StorageTime | zx1|v_km/h | zx1|lanecurvatureXY | zx1|mu | zx1|lateraldistance | zx1|distance7 | zx1|distance8 | zx1|pointdistance | zx1|pointdistance9 | zx|lanecurvatureXY | zx|mu | zx|lateraldistance | zx|x | zx|y | zx|z | zx|AcceleratorPedal | zx|BrakePedal | zx|SteeringWheel | zx|ax | zx|ay | zx|vx | zx|vy | zx|ayaw | zx|aroll | zx|apitch | zx|roll | zx|pitch | zx|yaw | zx|v_km/h
原始车辆数据/yzy/Entity_Recording_2025_09_27_14_37_08_vehicle.csv,原始车辆数据,yzy,2025_09_27_14_37_08,vehicle,ok,utf-8-sig,237971,33,StorageTime,True,True,False,0.5303023299375796,"[""ID"", ""StorageTime"", ""zx1|v_km/h"", ""zx1|lanecurvatureXY"", ""zx1|mu"", ""zx1|lateraldistance"", ""zx1|distance7"", ""zx1|distance8"", ""zx1|pointdistance"", ""zx1|pointdistance9"", ""zx|lanecurvatureXY"", ""zx|mu"", ""zx|lateraldistance"", ""zx|x"", ""zx|y"", ""zx|z"", ""zx|AcceleratorPedal"", ""zx|BrakePedal"", ""zx|SteeringWheel"", ""zx|ax"", ""zx|ay"", ""zx|vx"", ""zx|vy"", ""zx|ayaw"", ""zx|aroll"", ""zx|apitch"", ""zx|roll"", ""zx|pitch"", ""zx|yaw"", ""zx|v_km/h"", ""zx|vroll"", ""zx|vpitch"", ""zx|vyaw""]",ID | StorageTime | zx1|v_km/h | zx1|lanecurvatureXY | zx1|mu | zx1|lateraldistance | zx1|distance7 | zx1|distance8 | zx1|pointdistance | zx1|pointdistance9 | zx|lanecurvatureXY | zx|mu | zx|lateraldistance | zx|x | zx|y | zx|z | zx|AcceleratorPedal | zx|BrakePedal | zx|SteeringWheel | zx|ax | zx|ay | zx|vx | zx|vy | zx|ayaw | zx|aroll | zx|apitch | zx|roll | zx|pitch | zx|yaw | zx|v_km/h
原始车辆数据/yzy/Entity_Recording_2025_09_27_15_04_26_vehicle.csv,原始车辆数据,yzy,2025_09_27_15_04_26,vehicle,ok,utf-8-sig,22698,33,StorageTime,True,True,False,0.12121212121212122,"[""ID"", ""StorageTime"", ""zx1|v_km/h"", ""zx1|lanecurvatureXY"", ""zx1|mu"", ""zx1|lateraldistance"", ""zx1|distance7"", ""zx1|distance8"", ""zx1|pointdistance"", ""zx1|pointdistance9"", ""zx|lanecurvatureXY"", ""zx|mu"", ""zx|lateraldistance"", ""zx|x"", ""zx|y"", ""zx|z"", ""zx|AcceleratorPedal"", ""zx|BrakePedal"", ""zx|SteeringWheel"", ""zx|ax"", ""zx|ay"", ""zx|vx"", ""zx|vy"", ""zx|ayaw"", ""zx|aroll"", ""zx|apitch"", ""zx|roll"", ""zx|pitch"", ""zx|yaw"", ""zx|v_km/h"", ""zx|vroll"", ""zx|vpitch"", ""zx|vyaw""]",ID | StorageTime | zx1|v_km/h | zx1|lanecurvatureXY | zx1|mu | zx1|lateraldistance | zx1|distance7 | zx1|distance8 | zx1|pointdistance | zx1|pointdistance9 | zx|lanecurvatureXY | zx|mu | zx|lateraldistance | zx|x | zx|y | zx|z | zx|AcceleratorPedal | zx|BrakePedal | zx|SteeringWheel | zx|ax | zx|ay | zx|vx | zx|vy | zx|ayaw | zx|aroll | zx|apitch | zx|roll | zx|pitch | zx|yaw | zx|v_km/h
原始车辆数据/yzy/Entity_Recording_2025_09_27_15_07_57_vehicle.csv,原始车辆数据,yzy,2025_09_27_15_07_57,vehicle,ok,utf-8-sig,234219,33,StorageTime,True,True,False,0.5303023187182884,"[""ID"", ""StorageTime"", ""zx1|v_km/h"", ""zx1|lanecurvatureXY"", ""zx1|mu"", ""zx1|lateraldistance"", ""zx1|distance7"", ""zx1|distance8"", ""zx1|pointdistance"", ""zx1|pointdistance9"", ""zx|lanecurvatureXY"", ""zx|mu"", ""zx|lateraldistance"", ""zx|x"", ""zx|y"", ""zx|z"", ""zx|AcceleratorPedal"", ""zx|BrakePedal"", ""zx|SteeringWheel"", ""zx|ax"", ""zx|ay"", ""zx|vx"", ""zx|vy"", ""zx|ayaw"", ""zx|aroll"", ""zx|apitch"", ""zx|roll"", ""zx|pitch"", ""zx|yaw"", ""zx|v_km/h"", ""zx|vroll"", ""zx|vpitch"", ""zx|vyaw""]",ID | StorageTime | zx1|v_km/h | zx1|lanecurvatureXY | zx1|mu | zx1|lateraldistance | zx1|distance7 | zx1|distance8 | zx1|pointdistance | zx1|pointdistance9 | zx|lanecurvatureXY | zx|mu | zx|lateraldistance | zx|x | zx|y | zx|z | zx|AcceleratorPedal | zx|BrakePedal | zx|SteeringWheel | zx|ax | zx|ay | zx|vx | zx|vy | zx|ayaw | zx|aroll | zx|apitch | zx|roll | zx|pitch | zx|yaw | zx|v_km/h
原始车辆数据/zdq/Entity_Recording_2025_09_26_15_14_51_vehicle.csv,原始车辆数据,zdq,2025_09_26_15_14_51,vehicle,ok,utf-8-sig,142185,33,StorageTime,True,True,False,0.5303018581212483,"[""ID"", ""StorageTime"", ""zx|lanecurvatureXY"", ""zx|mu"", ""zx|lateraldistance"", ""zx|x"", ""zx|y"", ""zx|z"", ""zx|AcceleratorPedal"", ""zx|BrakePedal"", ""zx|SteeringWheel"", ""zx|ax"", ""zx|ay"", ""zx|vx"", ""zx|vy"", ""zx|ayaw"", ""zx|aroll"", ""zx|apitch"", ""zx|roll"", ""zx|pitch"", ""zx|yaw"", ""zx|v_km/h"", ""zx|vroll"", ""zx|vpitch"", ""zx|vyaw"", ""zx1|v_km/h"", ""zx1|lanecurvatureXY"", ""zx1|mu"", ""zx1|lateraldistance"", ""zx1|distance7"", ""zx1|distance8"", ""zx1|pointdistance"", ""zx1|pointdistance9""]",ID | StorageTime | zx|lanecurvatureXY | zx|mu | zx|lateraldistance | zx|x | zx|y | zx|z | zx|AcceleratorPedal | zx|BrakePedal | zx|SteeringWheel | zx|ax | zx|ay | zx|vx | zx|vy | zx|ayaw | zx|aroll | zx|apitch | zx|roll | zx|pitch | zx|yaw | zx|v_km/h | zx|vroll | zx|vpitch | zx|vyaw | zx1|v_km/h | zx1|lanecurvatureXY | zx1|mu | zx1|lateraldistance | zx1|distance7
原始车辆数据/zdq/Entity_Recording_2025_09_26_15_21_51_vehicle.csv,原始车辆数据,zdq,2025_09_26_15_21_51,vehicle,ok,utf-8-sig,104743,33,StorageTime,True,True,False,0.5303014391068008,"[""ID"", ""StorageTime"", ""zx1|v_km/h"", ""zx1|lanecurvatureXY"", ""zx1|mu"", ""zx1|lateraldistance"", ""zx1|distance7"", ""zx1|distance8"", ""zx1|pointdistance"", ""zx1|pointdistance9"", ""zx|lanecurvatureXY"", ""zx|mu"", ""zx|lateraldistance"", ""zx|x"", ""zx|y"", ""zx|z"", ""zx|AcceleratorPedal"", ""zx|BrakePedal"", ""zx|SteeringWheel"", ""zx|ax"", ""zx|ay"", ""zx|vx"", ""zx|vy"", ""zx|ayaw"", ""zx|aroll"", ""zx|apitch"", ""zx|roll"", ""zx|pitch"", ""zx|yaw"", ""zx|v_km/h"", ""zx|vroll"", ""zx|vpitch"", ""zx|vyaw""]",ID | StorageTime | zx1|v_km/h | zx1|lanecurvatureXY | zx1|mu | zx1|lateraldistance | zx1|distance7 | zx1|distance8 | zx1|pointdistance | zx1|pointdistance9 | zx|lanecurvatureXY | zx|mu | zx|lateraldistance | zx|x | zx|y | zx|z | zx|AcceleratorPedal | zx|BrakePedal | zx|SteeringWheel | zx|ax | zx|ay | zx|vx | zx|vy | zx|ayaw | zx|aroll | zx|apitch | zx|roll | zx|pitch | zx|yaw | zx|v_km/h
原始车辆数据/zdq/Entity_Recording_2025_09_26_15_27_09_vehicle.csv,原始车辆数据,zdq,2025_09_26_15_27_09,vehicle,ok,utf-8-sig,108273,33,StorageTime,True,True,False,0.12121212121212122,"[""ID"", ""StorageTime"", ""zx1|v_km/h"", ""zx1|lanecurvatureXY"", ""zx1|mu"", ""zx1|lateraldistance"", ""zx1|distance7"", ""zx1|distance8"", ""zx1|pointdistance"", ""zx1|pointdistance9"", ""zx|lanecurvatureXY"", ""zx|mu"", ""zx|lateraldistance"", ""zx|x"", ""zx|y"", ""zx|z"", ""zx|AcceleratorPedal"", ""zx|BrakePedal"", ""zx|SteeringWheel"", ""zx|ax"", ""zx|ay"", ""zx|vx"", ""zx|vy"", ""zx|ayaw"", ""zx|aroll"", ""zx|apitch"", ""zx|roll"", ""zx|pitch"", ""zx|yaw"", ""zx|v_km/h"", ""zx|vroll"", ""zx|vpitch"", ""zx|vyaw""]",ID | StorageTime | zx1|v_km/h | zx1|lanecurvatureXY | zx1|mu | zx1|lateraldistance | zx1|distance7 | zx1|distance8 | zx1|pointdistance | zx1|pointdistance9 | zx|lanecurvatureXY | zx|mu | zx|lateraldistance | zx|x | zx|y | zx|z | zx|AcceleratorPedal | zx|BrakePedal | zx|SteeringWheel | zx|ax | zx|ay | zx|vx | zx|vy | zx|ayaw | zx|aroll | zx|apitch | zx|roll | zx|pitch | zx|yaw | zx|v_km/h
原始车辆数据/zdq/Entity_Recording_2025_09_26_15_37_30_vehicle.csv,原始车辆数据,zdq,2025_09_26_15_37_30,vehicle,ok,utf-8-sig,209470,33,StorageTime,True,True,False,0.53030143898526,"[""ID"", ""StorageTime"", ""zx1|v_km/h"", ""zx1|lanecurvatureXY"", ""zx1|mu"", ""zx1|lateraldistance"", ""zx1|distance7"", ""zx1|distance8"", ""zx1|pointdistance"", ""zx1|pointdistance9"", ""zx|lanecurvatureXY"", ""zx|mu"", ""zx|lateraldistance"", ""zx|x"", ""zx|y"", ""zx|z"", ""zx|AcceleratorPedal"", ""zx|BrakePedal"", ""zx|SteeringWheel"", ""zx|ax"", ""zx|ay"", ""zx|vx"", ""zx|vy"", ""zx|ayaw"", ""zx|aroll"", ""zx|apitch"", ""zx|roll"", ""zx|pitch"", ""zx|yaw"", ""zx|v_km/h"", ""zx|vroll"", ""zx|vpitch"", ""zx|vyaw""]",ID | StorageTime | zx1|v_km/h | zx1|lanecurvatureXY | zx1|mu | zx1|lateraldistance | zx1|distance7 | zx1|distance8 | zx1|pointdistance | zx1|pointdistance9 | zx|lanecurvatureXY | zx|mu | zx|lateraldistance | zx|x | zx|y | zx|z | zx|AcceleratorPedal | zx|BrakePedal | zx|SteeringWheel | zx|ax | zx|ay | zx|vx | zx|vy | zx|ayaw | zx|aroll | zx|apitch | zx|roll | zx|pitch | zx|yaw | zx|v_km/h
原始车辆数据/zdq/Entity_Recording_2025_09_26_15_52_46_vehicle.csv,原始车辆数据,zdq,2025_09_26_15_52_46,vehicle,ok,utf-8-sig,120274,33,StorageTime,True,True,False,0.12121212121212122,"[""ID"", ""StorageTime"", ""zx1|v_km/h"", ""zx1|lanecurvatureXY"", ""zx1|mu"", ""zx1|lateraldistance"", ""zx1|distance7"", ""zx1|distance8"", ""zx1|pointdistance"", ""zx1|pointdistance9"", ""zx|lanecurvatureXY"", ""zx|mu"", ""zx|lateraldistance"", ""zx|x"", ""zx|y"", ""zx|z"", ""zx|AcceleratorPedal"", ""zx|BrakePedal"", ""zx|SteeringWheel"", ""zx|ax"", ""zx|ay"", ""zx|vx"", ""zx|vy"", ""zx|ayaw"", ""zx|aroll"", ""zx|apitch"", ""zx|roll"", ""zx|pitch"", ""zx|yaw"", ""zx|v_km/h"", ""zx|vroll"", ""zx|vpitch"", ""zx|vyaw""]",ID | StorageTime | zx1|v_km/h | zx1|lanecurvatureXY | zx1|mu | zx1|lateraldistance | zx1|distance7 | zx1|distance8 | zx1|pointdistance | zx1|pointdistance9 | zx|lanecurvatureXY | zx|mu | zx|lateraldistance | zx|x | zx|y | zx|z | zx|AcceleratorPedal | zx|BrakePedal | zx|SteeringWheel | zx|ax | zx|ay | zx|vx | zx|vy | zx|ayaw | zx|aroll | zx|apitch | zx|roll | zx|pitch | zx|yaw | zx|v_km/h
原始车辆数据/zdq/Entity_Recording_2025_09_26_16_03_48_vehicle.csv,原始车辆数据,zdq,2025_09_26_16_03_48,vehicle,ok,utf-8-sig,111575,33,StorageTime,True,True,False,0.12121212121212122,"[""ID"", ""StorageTime"", ""zx1|v_km/h"", ""zx1|lanecurvatureXY"", ""zx1|mu"", ""zx1|lateraldistance"", ""zx1|distance7"", ""zx1|distance8"", ""zx1|pointdistance"", ""zx1|pointdistance9"", ""zx|lanecurvatureXY"", ""zx|mu"", ""zx|lateraldistance"", ""zx|x"", ""zx|y"", ""zx|z"", ""zx|AcceleratorPedal"", ""zx|BrakePedal"", ""zx|SteeringWheel"", ""zx|ax"", ""zx|ay"", ""zx|vx"", ""zx|vy"", ""zx|ayaw"", ""zx|aroll"", ""zx|apitch"", ""zx|roll"", ""zx|pitch"", ""zx|yaw"", ""zx|v_km/h"", ""zx|vroll"", ""zx|vpitch"", ""zx|vyaw""]",ID | StorageTime | zx1|v_km/h | zx1|lanecurvatureXY | zx1|mu | zx1|lateraldistance | zx1|distance7 | zx1|distance8 | zx1|pointdistance | zx1|pointdistance9 | zx|lanecurvatureXY | zx|mu | zx|lateraldistance | zx|x | zx|y | zx|z | zx|AcceleratorPedal | zx|BrakePedal | zx|SteeringWheel | zx|ax | zx|ay | zx|vx | zx|vy | zx|ayaw | zx|aroll | zx|apitch | zx|roll | zx|pitch | zx|yaw | zx|v_km/h
原始车辆数据/zt/Entity_Recording_2025_09_28_11_20_08_vehicle.csv,原始车辆数据,zt,2025_09_28_11_20_08,vehicle,ok,utf-8-sig,249957,29,StorageTime,True,True,False,0.46551496512572577,"[""ID"", ""StorageTime"", ""zx|aroll"", ""zx|apitch"", ""zx|ayaw"", ""zx|x"", ""zx|y"", ""zx|z"", ""zx|AcceleratorPedal"", ""zx|BrakePedal"", ""zx|SteeringWheel"", ""zx|ax"", ""zx|ay"", ""zx|vx"", ""zx|vy"", ""zx|vyaw"", ""zx|vroll"", ""zx|vpitch"", ""zx|roll"", ""zx|pitch"", ""zx|yaw"", ""zx1|v_km/h"", ""zx1|lanecurvatureXY"", ""zx1|mu"", ""zx1|lateraldistance"", ""zx1|distance7"", ""zx1|distance8"", ""zx1|pointdistance"", ""zx1|pointdistance9""]",ID | StorageTime | zx|aroll | zx|apitch | zx|ayaw | zx|x | zx|y | zx|z | zx|AcceleratorPedal | zx|BrakePedal | zx|SteeringWheel | zx|ax | zx|ay | zx|vx | zx|vy | zx|vyaw | zx|vroll | zx|vpitch | zx|roll | zx|pitch | zx|yaw | zx1|v_km/h | zx1|lanecurvatureXY | zx1|mu | zx1|lateraldistance | zx1|distance7 | zx1|distance8 | zx1|pointdistance | zx1|pointdistance9
原始车辆数据/zx/Entity_Recording_2025_09_27_16_32_00_vehicle.csv,原始车辆数据,zx,2025_09_27_16_32_00,vehicle,ok,utf-8-sig,280098,33,StorageTime,True,True,False,0.5303018402433607,"[""ID"", ""StorageTime"", ""zx1|v_km/h"", ""zx1|lanecurvatureXY"", ""zx1|mu"", ""zx1|lateraldistance"", ""zx1|distance7"", ""zx1|distance8"", ""zx1|pointdistance"", ""zx1|pointdistance9"", ""zx|lanecurvatureXY"", ""zx|mu"", ""zx|lateraldistance"", ""zx|x"", ""zx|y"", ""zx|z"", ""zx|AcceleratorPedal"", ""zx|BrakePedal"", ""zx|SteeringWheel"", ""zx|ax"", ""zx|ay"", ""zx|vx"", ""zx|vy"", ""zx|ayaw"", ""zx|aroll"", ""zx|apitch"", ""zx|roll"", ""zx|pitch"", ""zx|yaw"", ""zx|v_km/h"", ""zx|vroll"", ""zx|vpitch"", ""zx|vyaw""]",ID | StorageTime | zx1|v_km/h | zx1|lanecurvatureXY | zx1|mu | zx1|lateraldistance | zx1|distance7 | zx1|distance8 | zx1|pointdistance | zx1|pointdistance9 | zx|lanecurvatureXY | zx|mu | zx|lateraldistance | zx|x | zx|y | zx|z | zx|AcceleratorPedal | zx|BrakePedal | zx|SteeringWheel | zx|ax | zx|ay | zx|vx | zx|vy | zx|ayaw | zx|aroll | zx|apitch | zx|roll | zx|pitch | zx|yaw | zx|v_km/h
原始车辆数据/zx/Entity_Recording_2025_09_27_16_46_13_vehicle.csv,原始车辆数据,zx,2025_09_27_16_46_13,vehicle,ok,utf-8-sig,284040,33,StorageTime,True,True,False,0.530301856759398,"[""ID"", ""StorageTime"", ""zx1|v_km/h"", ""zx1|lanecurvatureXY"", ""zx1|mu"", ""zx1|lateraldistance"", ""zx1|distance7"", ""zx1|distance8"", ""zx1|pointdistance"", ""zx1|pointdistance9"", ""zx|lanecurvatureXY"", ""zx|mu"", ""zx|lateraldistance"", ""zx|x"", ""zx|y"", ""zx|z"", ""zx|AcceleratorPedal"", ""zx|BrakePedal"", ""zx|SteeringWheel"", ""zx|ax"", ""zx|ay"", ""zx|vx"", ""zx|vy"", ""zx|ayaw"", ""zx|aroll"", ""zx|apitch"", ""zx|roll"", ""zx|pitch"", ""zx|yaw"", ""zx|v_km/h"", ""zx|vroll"", ""zx|vpitch"", ""zx|vyaw""]",ID | StorageTime | zx1|v_km/h | zx1|lanecurvatureXY | zx1|mu | zx1|lateraldistance | zx1|distance7 | zx1|distance8 | zx1|pointdistance | zx1|pointdistance9 | zx|lanecurvatureXY | zx|mu | zx|lateraldistance | zx|x | zx|y | zx|z | zx|AcceleratorPedal | zx|BrakePedal | zx|SteeringWheel | zx|ax | zx|ay | zx|vx | zx|vy | zx|ayaw | zx|aroll | zx|apitch | zx|roll | zx|pitch | zx|yaw | zx|v_km/h
原始车辆数据/zx/Entity_Recording_2025_09_27_17_14_07_vehicle.csv,原始车辆数据,zx,2025_09_27_17_14_07,vehicle,ok,utf-8-sig,224643,33,StorageTime,True,True,False,0.5303022883851132,"[""ID"", ""StorageTime"", ""zx1|v_km/h"", ""zx1|lanecurvatureXY"", ""zx1|mu"", ""zx1|lateraldistance"", ""zx1|distance7"", ""zx1|distance8"", ""zx1|pointdistance"", ""zx1|pointdistance9"", ""zx|lanecurvatureXY"", ""zx|mu"", ""zx|lateraldistance"", ""zx|x"", ""zx|y"", ""zx|z"", ""zx|AcceleratorPedal"", ""zx|BrakePedal"", ""zx|SteeringWheel"", ""zx|ax"", ""zx|ay"", ""zx|vx"", ""zx|vy"", ""zx|ayaw"", ""zx|aroll"", ""zx|apitch"", ""zx|roll"", ""zx|pitch"", ""zx|yaw"", ""zx|v_km/h"", ""zx|vroll"", ""zx|vpitch"", ""zx|vyaw""]",ID | StorageTime | zx1|v_km/h | zx1|lanecurvatureXY | zx1|mu | zx1|lateraldistance | zx1|distance7 | zx1|distance8 | zx1|pointdistance | zx1|pointdistance9 | zx|lanecurvatureXY | zx|mu | zx|lateraldistance | zx|x | zx|y | zx|z | zx|AcceleratorPedal | zx|BrakePedal | zx|SteeringWheel | zx|ax | zx|ay | zx|vx | zx|vy | zx|ayaw | zx|aroll | zx|apitch | zx|roll | zx|pitch | zx|yaw | zx|v_km/h
原始车辆数据/zx/Entity_Recording_2025_09_27_17_25_16_vehicle.csv,原始车辆数据,zx,2025_09_27_17_25_16,vehicle,ok,utf-8-sig,55453,33,StorageTime,True,True,False,0.5303000247547882,"[""ID"", ""StorageTime"", ""zx1|v_km/h"", ""zx1|lanecurvatureXY"", ""zx1|mu"", ""zx1|lateraldistance"", ""zx1|distance7"", ""zx1|distance8"", ""zx1|pointdistance"", ""zx1|pointdistance9"", ""zx|lanecurvatureXY"", ""zx|mu"", ""zx|lateraldistance"", ""zx|x"", ""zx|y"", ""zx|z"", ""zx|AcceleratorPedal"", ""zx|BrakePedal"", ""zx|SteeringWheel"", ""zx|ax"", ""zx|ay"", ""zx|vx"", ""zx|vy"", ""zx|ayaw"", ""zx|aroll"", ""zx|apitch"", ""zx|roll"", ""zx|pitch"", ""zx|yaw"", ""zx|v_km/h"", ""zx|vroll"", ""zx|vpitch"", ""zx|vyaw""]",ID | StorageTime | zx1|v_km/h | zx1|lanecurvatureXY | zx1|mu | zx1|lateraldistance | zx1|distance7 | zx1|distance8 | zx1|pointdistance | zx1|pointdistance9 | zx|lanecurvatureXY | zx|mu | zx|lateraldistance | zx|x | zx|y | zx|z | zx|AcceleratorPedal | zx|BrakePedal | zx|SteeringWheel | zx|ax | zx|ay | zx|vx | zx|vy | zx|ayaw | zx|aroll | zx|apitch | zx|roll | zx|pitch | zx|yaw | zx|v_km/h
原始车辆数据/zx/Entity_Recording_2025_09_27_17_29_08_vehicle.csv,原始车辆数据,zx,2025_09_27_17_29_08,vehicle,ok,utf-8-sig,170613,33,StorageTime,True,True,False,0.5303020534333506,"[""ID"", ""StorageTime"", ""zx1|v_km/h"", ""zx1|lanecurvatureXY"", ""zx1|mu"", ""zx1|lateraldistance"", ""zx1|distance7"", ""zx1|distance8"", ""zx1|pointdistance"", ""zx1|pointdistance9"", ""zx|lanecurvatureXY"", ""zx|mu"", ""zx|lateraldistance"", ""zx|x"", ""zx|y"", ""zx|z"", ""zx|AcceleratorPedal"", ""zx|BrakePedal"", ""zx|SteeringWheel"", ""zx|ax"", ""zx|ay"", ""zx|vx"", ""zx|vy"", ""zx|ayaw"", ""zx|aroll"", ""zx|apitch"", ""zx|roll"", ""zx|pitch"", ""zx|yaw"", ""zx|v_km/h"", ""zx|vroll"", ""zx|vpitch"", ""zx|vyaw""]",ID | StorageTime | zx1|v_km/h | zx1|lanecurvatureXY | zx1|mu | zx1|lateraldistance | zx1|distance7 | zx1|distance8 | zx1|pointdistance | zx1|pointdistance9 | zx|lanecurvatureXY | zx|mu | zx|lateraldistance | zx|x | zx|y | zx|z | zx|AcceleratorPedal | zx|BrakePedal | zx|SteeringWheel | zx|ax | zx|ay | zx|vx | zx|vy | zx|ayaw | zx|aroll | zx|apitch | zx|roll | zx|pitch | zx|yaw | zx|v_km/h
原始车辆数据/zx/Entity_Recording_2025_09_27_17_37_54_vehicle.csv,原始车辆数据,zx,2025_09_27_17_37_54,vehicle,ok,utf-8-sig,30958,33,StorageTime,True,True,False,0.5302922630269358,"[""ID"", ""StorageTime"", ""zx1|v_km/h"", ""zx1|lanecurvatureXY"", ""zx1|mu"", ""zx1|lateraldistance"", ""zx1|distance7"", ""zx1|distance8"", ""zx1|pointdistance"", ""zx1|pointdistance9"", ""zx|lanecurvatureXY"", ""zx|mu"", ""zx|lateraldistance"", ""zx|x"", ""zx|y"", ""zx|z"", ""zx|AcceleratorPedal"", ""zx|BrakePedal"", ""zx|SteeringWheel"", ""zx|ax"", ""zx|ay"", ""zx|vx"", ""zx|vy"", ""zx|ayaw"", ""zx|aroll"", ""zx|apitch"", ""zx|roll"", ""zx|pitch"", ""zx|yaw"", ""zx|v_km/h"", ""zx|vroll"", ""zx|vpitch"", ""zx|vyaw""]",ID | StorageTime | zx1|v_km/h | zx1|lanecurvatureXY | zx1|mu | zx1|lateraldistance | zx1|distance7 | zx1|distance8 | zx1|pointdistance | zx1|pointdistance9 | zx|lanecurvatureXY | zx|mu | zx|lateraldistance | zx|x | zx|y | zx|z | zx|AcceleratorPedal | zx|BrakePedal | zx|SteeringWheel | zx|ax | zx|ay | zx|vx | zx|vy | zx|ayaw | zx|aroll | zx|apitch | zx|roll | zx|pitch | zx|yaw | zx|v_km/h
原始车辆数据/zx/Entity_Recording_2025_09_27_17_40_06_vehicle.csv,原始车辆数据,zx,2025_09_27_17_40_06,vehicle,ok,utf-8-sig,5661,33,StorageTime,True,True,False,0.5302147066852949,"[""ID"", ""StorageTime"", ""zx|lanecurvatureXY"", ""zx|mu"", ""zx|lateraldistance"", ""zx|x"", ""zx|y"", ""zx|z"", ""zx|AcceleratorPedal"", ""zx|BrakePedal"", ""zx|SteeringWheel"", ""zx|ax"", ""zx|ay"", ""zx|vx"", ""zx|vy"", ""zx|ayaw"", ""zx|aroll"", ""zx|apitch"", ""zx|roll"", ""zx|pitch"", ""zx|yaw"", ""zx|v_km/h"", ""zx|vroll"", ""zx|vpitch"", ""zx|vyaw"", ""zx1|v_km/h"", ""zx1|lanecurvatureXY"", ""zx1|mu"", ""zx1|lateraldistance"", ""zx1|distance7"", ""zx1|distance8"", ""zx1|pointdistance"", ""zx1|pointdistance9""]",ID | StorageTime | zx|lanecurvatureXY | zx|mu | zx|lateraldistance | zx|x | zx|y | zx|z | zx|AcceleratorPedal | zx|BrakePedal | zx|SteeringWheel | zx|ax | zx|ay | zx|vx | zx|vy | zx|ayaw | zx|aroll | zx|apitch | zx|roll | zx|pitch | zx|yaw | zx|v_km/h | zx|vroll | zx|vpitch | zx|vyaw | zx1|v_km/h | zx1|lanecurvatureXY | zx1|mu | zx1|lateraldistance | zx1|distance7
原始车辆数据/zx/Entity_Recording_2025_09_27_17_40_34_vehicle.csv,原始车辆数据,zx,2025_09_27_17_40_34,vehicle,ok,utf-8-sig,15300,33,StorageTime,True,True,False,0.5302812438106556,"[""ID"", ""StorageTime"", ""zx1|v_km/h"", ""zx1|lanecurvatureXY"", ""zx1|mu"", ""zx1|lateraldistance"", ""zx1|distance7"", ""zx1|distance8"", ""zx1|pointdistance"", ""zx1|pointdistance9"", ""zx|lanecurvatureXY"", ""zx|mu"", ""zx|lateraldistance"", ""zx|x"", ""zx|y"", ""zx|z"", ""zx|AcceleratorPedal"", ""zx|BrakePedal"", ""zx|SteeringWheel"", ""zx|ax"", ""zx|ay"", ""zx|vx"", ""zx|vy"", ""zx|ayaw"", ""zx|aroll"", ""zx|apitch"", ""zx|roll"", ""zx|pitch"", ""zx|yaw"", ""zx|v_km/h"", ""zx|vroll"", ""zx|vpitch"", ""zx|vyaw""]",ID | StorageTime | zx1|v_km/h | zx1|lanecurvatureXY | zx1|mu | zx1|lateraldistance | zx1|distance7 | zx1|distance8 | zx1|pointdistance | zx1|pointdistance9 | zx|lanecurvatureXY | zx|mu | zx|lateraldistance | zx|x | zx|y | zx|z | zx|AcceleratorPedal | zx|BrakePedal | zx|SteeringWheel | zx|ax | zx|ay | zx|vx | zx|vy | zx|ayaw | zx|aroll | zx|apitch | zx|roll | zx|pitch | zx|yaw | zx|v_km/h
原始车辆数据/zx/Entity_Recording_2025_09_27_17_45_11_vehicle.csv,原始车辆数据,zx,2025_09_27_17_45_11,vehicle,ok,utf-8-sig,249548,33,StorageTime,True,True,False,0.5303003588062976,"[""ID"", ""StorageTime"", ""zx1|v_km/h"", ""zx1|lanecurvatureXY"", ""zx1|mu"", ""zx1|lateraldistance"", ""zx1|distance7"", ""zx1|distance8"", ""zx1|pointdistance"", ""zx1|pointdistance9"", ""zx|lanecurvatureXY"", ""zx|mu"", ""zx|lateraldistance"", ""zx|x"", ""zx|y"", ""zx|z"", ""zx|AcceleratorPedal"", ""zx|BrakePedal"", ""zx|SteeringWheel"", ""zx|ax"", ""zx|ay"", ""zx|vx"", ""zx|vy"", ""zx|ayaw"", ""zx|aroll"", ""zx|apitch"", ""zx|roll"", ""zx|pitch"", ""zx|yaw"", ""zx|v_km/h"", ""zx|vroll"", ""zx|vpitch"", ""zx|vyaw""]",ID | StorageTime | zx1|v_km/h | zx1|lanecurvatureXY | zx1|mu | zx1|lateraldistance | zx1|distance7 | zx1|distance8 | zx1|pointdistance | zx1|pointdistance9 | zx|lanecurvatureXY | zx|mu | zx|lateraldistance | zx|x | zx|y | zx|z | zx|AcceleratorPedal | zx|BrakePedal | zx|SteeringWheel | zx|ax | zx|ay | zx|vx | zx|vy | zx|ayaw | zx|aroll | zx|apitch | zx|roll | zx|pitch | zx|yaw | zx|v_km/h
原始车辆数据/zx/Entity_Recording_2025_09_27_17_56_42_vehicle.csv,原始车辆数据,zx,2025_09_27_17_56_42,vehicle,ok,utf-8-sig,67837,33,StorageTime,True,True,False,0.5303005734333771,"[""ID"", ""StorageTime"", ""zx1|v_km/h"", ""zx1|lanecurvatureXY"", ""zx1|mu"", ""zx1|lateraldistance"", ""zx1|distance7"", ""zx1|distance8"", ""zx1|pointdistance"", ""zx1|pointdistance9"", ""zx|lanecurvatureXY"", ""zx|mu"", ""zx|lateraldistance"", ""zx|x"", ""zx|y"", ""zx|z"", ""zx|AcceleratorPedal"", ""zx|BrakePedal"", ""zx|SteeringWheel"", ""zx|ax"", ""zx|ay"", ""zx|vx"", ""zx|vy"", ""zx|ayaw"", ""zx|aroll"", ""zx|apitch"", ""zx|roll"", ""zx|pitch"", ""zx|yaw"", ""zx|v_km/h"", ""zx|vroll"", ""zx|vpitch"", ""zx|vyaw""]",ID | StorageTime | zx1|v_km/h | zx1|lanecurvatureXY | zx1|mu | zx1|lateraldistance | zx1|distance7 | zx1|distance8 | zx1|pointdistance | zx1|pointdistance9 | zx|lanecurvatureXY | zx|mu | zx|lateraldistance | zx|x | zx|y | zx|z | zx|AcceleratorPedal | zx|BrakePedal | zx|SteeringWheel | zx|ax | zx|ay | zx|vx | zx|vy | zx|ayaw | zx|aroll | zx|apitch | zx|roll | zx|pitch | zx|yaw | zx|v_km/h
原始车辆数据/zx/Entity_Recording_2025_09_27_18_00_08_vehicle.csv,原始车辆数据,zx,2025_09_27_18_00_08,vehicle,ok,utf-8-sig,151892,33,StorageTime,True,True,False,0.5303030303030303,"[""ID"", ""StorageTime"", ""zx1|v_km/h"", ""zx1|lanecurvatureXY"", ""zx1|mu"", ""zx1|lateraldistance"", ""zx1|distance7"", ""zx1|distance8"", ""zx1|pointdistance"", ""zx1|pointdistance9"", ""zx|lanecurvatureXY"", ""zx|mu"", ""zx|lateraldistance"", ""zx|x"", ""zx|y"", ""zx|z"", ""zx|AcceleratorPedal"", ""zx|BrakePedal"", ""zx|SteeringWheel"", ""zx|ax"", ""zx|ay"", ""zx|vx"", ""zx|vy"", ""zx|ayaw"", ""zx|aroll"", ""zx|apitch"", ""zx|roll"", ""zx|pitch"", ""zx|yaw"", ""zx|v_km/h"", ""zx|vroll"", ""zx|vpitch"", ""zx|vyaw""]",ID | StorageTime | zx1|v_km/h | zx1|lanecurvatureXY | zx1|mu | zx1|lateraldistance | zx1|distance7 | zx1|distance8 | zx1|pointdistance | zx1|pointdistance9 | zx|lanecurvatureXY | zx|mu | zx|lateraldistance | zx|x | zx|y | zx|z | zx|AcceleratorPedal | zx|BrakePedal | zx|SteeringWheel | zx|ax | zx|ay | zx|vx | zx|vy | zx|ayaw | zx|aroll | zx|apitch | zx|roll | zx|pitch | zx|yaw | zx|v_km/h
原始车辆数据/zx/Entity_Recording_2025_09_27_18_07_01_vehicle.csv,原始车辆数据,zx,2025_09_27_18_07_01,vehicle,ok,utf-8-sig,240706,33,StorageTime,True,True,False,0.5303016454878062,"[""ID"", ""StorageTime"", ""zx1|v_km/h"", ""zx1|lanecurvatureXY"", ""zx1|mu"", ""zx1|lateraldistance"", ""zx1|distance7"", ""zx1|distance8"", ""zx1|pointdistance"", ""zx1|pointdistance9"", ""zx|lanecurvatureXY"", ""zx|mu"", ""zx|lateraldistance"", ""zx|x"", ""zx|y"", ""zx|z"", ""zx|AcceleratorPedal"", ""zx|BrakePedal"", ""zx|SteeringWheel"", ""zx|ax"", ""zx|ay"", ""zx|vx"", ""zx|vy"", ""zx|ayaw"", ""zx|aroll"", ""zx|apitch"", ""zx|roll"", ""zx|pitch"", ""zx|yaw"", ""zx|v_km/h"", ""zx|vroll"", ""zx|vpitch"", ""zx|vyaw""]",ID | StorageTime | zx1|v_km/h | zx1|lanecurvatureXY | zx1|mu | zx1|lateraldistance | zx1|distance7 | zx1|distance8 | zx1|pointdistance | zx1|pointdistance9 | zx|lanecurvatureXY | zx|mu | zx|lateraldistance | zx|x | zx|y | zx|z | zx|AcceleratorPedal | zx|BrakePedal | zx|SteeringWheel | zx|ax | zx|ay | zx|vx | zx|vy | zx|ayaw | zx|aroll | zx|apitch | zx|roll | zx|pitch | zx|yaw | zx|v_km/h
原始车辆数据/zx/Entity_Recording_2025_09_27_18_17_48_vehicle.csv,原始车辆数据,zx,2025_09_27_18_17_48,vehicle,ok,utf-8-sig,229126,33,StorageTime,True,True,False,0.5303015754994143,"[""ID"", ""StorageTime"", ""zx1|v_km/h"", ""zx1|lanecurvatureXY"", ""zx1|mu"", ""zx1|lateraldistance"", ""zx1|distance7"", ""zx1|distance8"", ""zx1|pointdistance"", ""zx1|pointdistance9"", ""zx|lanecurvatureXY"", ""zx|mu"", ""zx|lateraldistance"", ""zx|x"", ""zx|y"", ""zx|z"", ""zx|AcceleratorPedal"", ""zx|BrakePedal"", ""zx|SteeringWheel"", ""zx|ax"", ""zx|ay"", ""zx|vx"", ""zx|vy"", ""zx|ayaw"", ""zx|aroll"", ""zx|apitch"", ""zx|roll"", ""zx|pitch"", ""zx|yaw"", ""zx|v_km/h"", ""zx|vroll"", ""zx|vpitch"", ""zx|vyaw""]",ID | StorageTime | zx1|v_km/h | zx1|lanecurvatureXY | zx1|mu | zx1|lateraldistance | zx1|distance7 | zx1|distance8 | zx1|pointdistance | zx1|pointdistance9 | zx|lanecurvatureXY | zx|mu | zx|lateraldistance | zx|x | zx|y | zx|z | zx|AcceleratorPedal | zx|BrakePedal | zx|SteeringWheel | zx|ax | zx|ay | zx|vx | zx|vy | zx|ayaw | zx|aroll | zx|apitch | zx|roll | zx|pitch | zx|yaw | zx|v_km/h
原始车辆数据/zxy/Entity_Recording_2025_09_28_15_57_38_vehicle.csv,原始车辆数据,zxy,2025_09_28_15_57_38,vehicle,ok,utf-8-sig,80310,29,StorageTime,True,True,False,0.46551251830192486,"[""ID"", ""StorageTime"", ""zx|aroll"", ""zx|apitch"", ""zx|ayaw"", ""zx|x"", ""zx|y"", ""zx|z"", ""zx|AcceleratorPedal"", ""zx|BrakePedal"", ""zx|SteeringWheel"", ""zx|ax"", ""zx|ay"", ""zx|vx"", ""zx|vy"", ""zx|vyaw"", ""zx|vroll"", ""zx|vpitch"", ""zx|roll"", ""zx|pitch"", ""zx|yaw"", ""zx1|v_km/h"", ""zx1|lanecurvatureXY"", ""zx1|mu"", ""zx1|lateraldistance"", ""zx1|distance7"", ""zx1|distance8"", ""zx1|pointdistance"", ""zx1|pointdistance9""]",ID | StorageTime | zx|aroll | zx|apitch | zx|ayaw | zx|x | zx|y | zx|z | zx|AcceleratorPedal | zx|BrakePedal | zx|SteeringWheel | zx|ax | zx|ay | zx|vx | zx|vy | zx|vyaw | zx|vroll | zx|vpitch | zx|roll | zx|pitch | zx|yaw | zx1|v_km/h | zx1|lanecurvatureXY | zx1|mu | zx1|lateraldistance | zx1|distance7 | zx1|distance8 | zx1|pointdistance | zx1|pointdistance9
原始车辆数据/zxy/Entity_Recording_2025_09_28_16_01_55_vehicle.csv,原始车辆数据,zxy,2025_09_28_16_01_55,vehicle,ok,utf-8-sig,225102,29,StorageTime,True,True,False,0.46551555631944935,"[""ID"", ""StorageTime"", ""zx1|v_km/h"", ""zx1|lanecurvatureXY"", ""zx1|mu"", ""zx1|lateraldistance"", ""zx1|distance7"", ""zx1|distance8"", ""zx1|pointdistance"", ""zx1|pointdistance9"", ""zx|aroll"", ""zx|apitch"", ""zx|ayaw"", ""zx|x"", ""zx|y"", ""zx|z"", ""zx|AcceleratorPedal"", ""zx|BrakePedal"", ""zx|SteeringWheel"", ""zx|ax"", ""zx|ay"", ""zx|vx"", ""zx|vy"", ""zx|vyaw"", ""zx|vroll"", ""zx|vpitch"", ""zx|roll"", ""zx|pitch"", ""zx|yaw""]",ID | StorageTime | zx1|v_km/h | zx1|lanecurvatureXY | zx1|mu | zx1|lateraldistance | zx1|distance7 | zx1|distance8 | zx1|pointdistance | zx1|pointdistance9 | zx|aroll | zx|apitch | zx|ayaw | zx|x | zx|y | zx|z | zx|AcceleratorPedal | zx|BrakePedal | zx|SteeringWheel | zx|ax | zx|ay | zx|vx | zx|vy | zx|vyaw | zx|vroll | zx|vpitch | zx|roll | zx|pitch | zx|yaw
原始车辆数据/zxy/Entity_Recording_2025_09_28_16_12_11_vehicle.csv,原始车辆数据,zxy,2025_09_28_16_12_11,vehicle,ok,utf-8-sig,245570,29,StorageTime,True,True,False,0.4655156967674081,"[""ID"", ""StorageTime"", ""zx1|v_km/h"", ""zx1|lanecurvatureXY"", ""zx1|mu"", ""zx1|lateraldistance"", ""zx1|distance7"", ""zx1|distance8"", ""zx1|pointdistance"", ""zx1|pointdistance9"", ""zx|aroll"", ""zx|apitch"", ""zx|ayaw"", ""zx|x"", ""zx|y"", ""zx|z"", ""zx|AcceleratorPedal"", ""zx|BrakePedal"", ""zx|SteeringWheel"", ""zx|ax"", ""zx|ay"", ""zx|vx"", ""zx|vy"", ""zx|vyaw"", ""zx|vroll"", ""zx|vpitch"", ""zx|roll"", ""zx|pitch"", ""zx|yaw""]",ID | StorageTime | zx1|v_km/h | zx1|lanecurvatureXY | zx1|mu | zx1|lateraldistance | zx1|distance7 | zx1|distance8 | zx1|pointdistance | zx1|pointdistance9 | zx|aroll | zx|apitch | zx|ayaw | zx|x | zx|y | zx|z | zx|AcceleratorPedal | zx|BrakePedal | zx|SteeringWheel | zx|ax | zx|ay | zx|vx | zx|vy | zx|vyaw | zx|vroll | zx|vpitch | zx|roll | zx|pitch | zx|yaw
原始车辆数据/zxy/Entity_Recording_2025_09_28_16_25_33_vehicle.csv,原始车辆数据,zxy,2025_09_28_16_25_33,vehicle,ok,utf-8-sig,448,29,StorageTime,True,True,False,0.0,"[""ID"", ""StorageTime"", ""zx|aroll"", ""zx|apitch"", ""zx|ayaw"", ""zx|x"", ""zx|y"", ""zx|z"", ""zx|AcceleratorPedal"", ""zx|BrakePedal"", ""zx|SteeringWheel"", ""zx|ax"", ""zx|ay"", ""zx|vx"", ""zx|vy"", ""zx|vyaw"", ""zx|vroll"", ""zx|vpitch"", ""zx|roll"", ""zx|pitch"", ""zx|yaw"", ""zx1|v_km/h"", ""zx1|lanecurvatureXY"", ""zx1|mu"", ""zx1|lateraldistance"", ""zx1|distance7"", ""zx1|distance8"", ""zx1|pointdistance"", ""zx1|pointdistance9""]",ID | StorageTime | zx|aroll | zx|apitch | zx|ayaw | zx|x | zx|y | zx|z | zx|AcceleratorPedal | zx|BrakePedal | zx|SteeringWheel | zx|ax | zx|ay | zx|vx | zx|vy | zx|vyaw | zx|vroll | zx|vpitch | zx|roll | zx|pitch | zx|yaw | zx1|v_km/h | zx1|lanecurvatureXY | zx1|mu | zx1|lateraldistance | zx1|distance7 | zx1|distance8 | zx1|pointdistance | zx1|pointdistance9
原始车辆数据/zxy/Entity_Recording_2025_09_28_16_25_51_vehicle.csv,原始车辆数据,zxy,2025_09_28_16_25_51,vehicle,ok,utf-8-sig,222471,29,StorageTime,True,True,False,0.4655163888854014,"[""ID"", ""StorageTime"", ""zx1|v_km/h"", ""zx1|lanecurvatureXY"", ""zx1|mu"", ""zx1|lateraldistance"", ""zx1|distance7"", ""zx1|distance8"", ""zx1|pointdistance"", ""zx1|pointdistance9"", ""zx|aroll"", ""zx|apitch"", ""zx|ayaw"", ""zx|x"", ""zx|y"", ""zx|z"", ""zx|AcceleratorPedal"", ""zx|BrakePedal"", ""zx|SteeringWheel"", ""zx|ax"", ""zx|ay"", ""zx|vx"", ""zx|vy"", ""zx|vyaw"", ""zx|vroll"", ""zx|vpitch"", ""zx|roll"", ""zx|pitch"", ""zx|yaw""]",ID | StorageTime | zx1|v_km/h | zx1|lanecurvatureXY | zx1|mu | zx1|lateraldistance | zx1|distance7 | zx1|distance8 | zx1|pointdistance | zx1|pointdistance9 | zx|aroll | zx|apitch | zx|ayaw | zx|x | zx|y | zx|z | zx|AcceleratorPedal | zx|BrakePedal | zx|SteeringWheel | zx|ax | zx|ay | zx|vx | zx|vy | zx|vyaw | zx|vroll | zx|vpitch | zx|roll | zx|pitch | zx|yaw
原始车辆数据/zxy/Entity_Recording_2025_09_28_16_35_30_vehicle.csv,原始车辆数据,zxy,2025_09_28_16_35_30,vehicle,ok,utf-8-sig,319475,29,StorageTime,True,True,False,0.4655166477329455,"[""ID"", ""StorageTime"", ""zx1|v_km/h"", ""zx1|lanecurvatureXY"", ""zx1|mu"", ""zx1|lateraldistance"", ""zx1|distance7"", ""zx1|distance8"", ""zx1|pointdistance"", ""zx1|pointdistance9"", ""zx|aroll"", ""zx|apitch"", ""zx|ayaw"", ""zx|x"", ""zx|y"", ""zx|z"", ""zx|AcceleratorPedal"", ""zx|BrakePedal"", ""zx|SteeringWheel"", ""zx|ax"", ""zx|ay"", ""zx|vx"", ""zx|vy"", ""zx|vyaw"", ""zx|vroll"", ""zx|vpitch"", ""zx|roll"", ""zx|pitch"", ""zx|yaw""]",ID | StorageTime | zx1|v_km/h | zx1|lanecurvatureXY | zx1|mu | zx1|lateraldistance | zx1|distance7 | zx1|distance8 | zx1|pointdistance | zx1|pointdistance9 | zx|aroll | zx|apitch | zx|ayaw | zx|x | zx|y | zx|z | zx|AcceleratorPedal | zx|BrakePedal | zx|SteeringWheel | zx|ax | zx|ay | zx|vx | zx|vy | zx|vyaw | zx|vroll | zx|vpitch | zx|roll | zx|pitch | zx|yaw
