run v03_plus_review_ref
fit numpy baselines features=266 train=454 val=130
/root/autodl-tmp/data_process/05_rebuild_from_raw_20260511/03_baselines/scripts/stage03_v03_vehicle_only_baselines.py:632: UserWarning: Glyph 24310 (\N{CJK UNIFIED IDEOGRAPH-5EF6}) missing from font(s) DejaVu Sans.
  fig.tight_layout(rect=(0, 0, 1, 0.97))
/root/autodl-tmp/data_process/05_rebuild_from_raw_20260511/03_baselines/scripts/stage03_v03_vehicle_only_baselines.py:632: UserWarning: Glyph 36831 (\N{CJK UNIFIED IDEOGRAPH-8FDF}) missing from font(s) DejaVu Sans.
  fig.tight_layout(rect=(0, 0, 1, 0.97))
/root/autodl-tmp/data_process/05_rebuild_from_raw_20260511/03_baselines/scripts/stage03_v03_vehicle_only_baselines.py:632: UserWarning: Glyph 25110 (\N{CJK UNIFIED IDEOGRAPH-6216}) missing from font(s) DejaVu Sans.
  fig.tight_layout(rect=(0, 0, 1, 0.97))
/root/autodl-tmp/data_process/05_rebuild_from_raw_20260511/03_baselines/scripts/stage03_v03_vehicle_only_baselines.py:632: UserWarning: Glyph 26080 (\N{CJK UNIFIED IDEOGRAPH-65E0}) missing from font(s) DejaVu Sans.
  fig.tight_layout(rect=(0, 0, 1, 0.97))
/root/autodl-tmp/data_process/05_rebuild_from_raw_20260511/03_baselines/scripts/stage03_v03_vehicle_only_baselines.py:632: UserWarning: Glyph 26126 (\N{CJK UNIFIED IDEOGRAPH-660E}) missing from font(s) DejaVu Sans.
  fig.tight_layout(rect=(0, 0, 1, 0.97))
/root/autodl-tmp/data_process/05_rebuild_from_raw_20260511/03_baselines/scripts/stage03_v03_vehicle_only_baselines.py:632: UserWarning: Glyph 26174 (\N{CJK UNIFIED IDEOGRAPH-663E}) missing from font(s) DejaVu Sans.
  fig.tight_layout(rect=(0, 0, 1, 0.97))
/root/autodl-tmp/data_process/05_rebuild_from_raw_20260511/03_baselines/scripts/stage03_v03_vehicle_only_baselines.py:632: UserWarning: Glyph 36716 (\N{CJK UNIFIED IDEOGRAPH-8F6C}) missing from font(s) DejaVu Sans.
  fig.tight_layout(rect=(0, 0, 1, 0.97))
/root/autodl-tmp/data_process/05_rebuild_from_raw_20260511/03_baselines/scripts/stage03_v03_vehicle_only_baselines.py:632: UserWarning: Glyph 21521 (\N{CJK UNIFIED IDEOGRAPH-5411}) missing from font(s) DejaVu Sans.
  fig.tight_layout(rect=(0, 0, 1, 0.97))
/root/autodl-tmp/data_process/05_rebuild_from_raw_20260511/03_baselines/scripts/stage03_v03_vehicle_only_baselines.py:632: UserWarning: Glyph 21709 (\N{CJK UNIFIED IDEOGRAPH-54CD}) missing from font(s) DejaVu Sans.
  fig.tight_layout(rect=(0, 0, 1, 0.97))
/root/autodl-tmp/data_process/05_rebuild_from_raw_20260511/03_baselines/scripts/stage03_v03_vehicle_only_baselines.py:632: UserWarning: Glyph 24212 (\N{CJK UNIFIED IDEOGRAPH-5E94}) missing from font(s) DejaVu Sans.
  fig.tight_layout(rect=(0, 0, 1, 0.97))
/root/autodl-tmp/data_process/05_rebuild_from_raw_20260511/03_baselines/scripts/stage03_v03_vehicle_only_baselines.py:632: UserWarning: Glyph 30495 (\N{CJK UNIFIED IDEOGRAPH-771F}) missing from font(s) DejaVu Sans.
  fig.tight_layout(rect=(0, 0, 1, 0.97))
/root/autodl-tmp/data_process/05_rebuild_from_raw_20260511/03_baselines/scripts/stage03_v03_vehicle_only_baselines.py:632: UserWarning: Glyph 23454 (\N{CJK UNIFIED IDEOGRAPH-5B9E}) missing from font(s) DejaVu Sans.
  fig.tight_layout(rect=(0, 0, 1, 0.97))
/root/autodl-tmp/data_process/05_rebuild_from_raw_20260511/03_baselines/scripts/stage03_v03_vehicle_only_baselines.py:632: UserWarning: Glyph 24453 (\N{CJK UNIFIED IDEOGRAPH-5F85}) missing from font(s) DejaVu Sans.
  fig.tight_layout(rect=(0, 0, 1, 0.97))
/root/autodl-tmp/data_process/05_rebuild_from_raw_20260511/03_baselines/scripts/stage03_v03_vehicle_only_baselines.py:632: UserWarning: Glyph 20154 (\N{CJK UNIFIED IDEOGRAPH-4EBA}) missing from font(s) DejaVu Sans.
  fig.tight_layout(rect=(0, 0, 1, 0.97))
/root/autodl-tmp/data_process/05_rebuild_from_raw_20260511/03_baselines/scripts/stage03_v03_vehicle_only_baselines.py:632: UserWarning: Glyph 24037 (\N{CJK UNIFIED IDEOGRAPH-5DE5}) missing from font(s) DejaVu Sans.
  fig.tight_layout(rect=(0, 0, 1, 0.97))
/root/autodl-tmp/data_process/05_rebuild_from_raw_20260511/03_baselines/scripts/stage03_v03_vehicle_only_baselines.py:632: UserWarning: Glyph 22797 (\N{CJK UNIFIED IDEOGRAPH-590D}) missing from font(s) DejaVu Sans.
  fig.tight_layout(rect=(0, 0, 1, 0.97))
/root/autodl-tmp/data_process/05_rebuild_from_raw_20260511/03_baselines/scripts/stage03_v03_vehicle_only_baselines.py:632: UserWarning: Glyph 26680 (\N{CJK UNIFIED IDEOGRAPH-6838}) missing from font(s) DejaVu Sans.
  fig.tight_layout(rect=(0, 0, 1, 0.97))
/root/autodl-tmp/data_process/05_rebuild_from_raw_20260511/03_baselines/scripts/stage03_v03_vehicle_only_baselines.py:632: UserWarning: Glyph 27491 (\N{CJK UNIFIED IDEOGRAPH-6B63}) missing from font(s) DejaVu Sans.
  fig.tight_layout(rect=(0, 0, 1, 0.97))
/root/autodl-tmp/data_process/05_rebuild_from_raw_20260511/03_baselines/scripts/stage03_v03_vehicle_only_baselines.py:632: UserWarning: Glyph 24120 (\N{CJK UNIFIED IDEOGRAPH-5E38}) missing from font(s) DejaVu Sans.
  fig.tight_layout(rect=(0, 0, 1, 0.97))
/root/autodl-tmp/data_process/05_rebuild_from_raw_20260511/03_baselines/scripts/stage03_v03_vehicle_only_baselines.py:632: UserWarning: Glyph 39550 (\N{CJK UNIFIED IDEOGRAPH-9A7E}) missing from font(s) DejaVu Sans.
  fig.tight_layout(rect=(0, 0, 1, 0.97))
/root/autodl-tmp/data_process/05_rebuild_from_raw_20260511/03_baselines/scripts/stage03_v03_vehicle_only_baselines.py:632: UserWarning: Glyph 39542 (\N{CJK UNIFIED IDEOGRAPH-9A76}) missing from font(s) DejaVu Sans.
  fig.tight_layout(rect=(0, 0, 1, 0.97))
/root/autodl-tmp/data_process/05_rebuild_from_raw_20260511/03_baselines/scripts/stage03_v03_vehicle_only_baselines.py:632: UserWarning: Glyph 26222 (\N{CJK UNIFIED IDEOGRAPH-666E}) missing from font(s) DejaVu Sans.
  fig.tight_layout(rect=(0, 0, 1, 0.97))
/root/autodl-tmp/data_process/05_rebuild_from_raw_20260511/03_baselines/scripts/stage03_v03_vehicle_only_baselines.py:632: UserWarning: Glyph 36890 (\N{CJK UNIFIED IDEOGRAPH-901A}) missing from font(s) DejaVu Sans.
  fig.tight_layout(rect=(0, 0, 1, 0.97))
/root/autodl-tmp/data_process/05_rebuild_from_raw_20260511/03_baselines/scripts/stage03_v03_vehicle_only_baselines.py:632: UserWarning: Glyph 24367 (\N{CJK UNIFIED IDEOGRAPH-5F2F}) missing from font(s) DejaVu Sans.
  fig.tight_layout(rect=(0, 0, 1, 0.97))
/root/autodl-tmp/data_process/05_rebuild_from_raw_20260511/03_baselines/scripts/stage03_v03_vehicle_only_baselines.py:632: UserWarning: Glyph 36947 (\N{CJK UNIFIED IDEOGRAPH-9053}) missing from font(s) DejaVu Sans.
  fig.tight_layout(rect=(0, 0, 1, 0.97))
/root/autodl-tmp/data_process/05_rebuild_from_raw_20260511/03_baselines/scripts/stage03_v03_vehicle_only_baselines.py:632: UserWarning: Glyph 23545 (\N{CJK UNIFIED IDEOGRAPH-5BF9}) missing from font(s) DejaVu Sans.
  fig.tight_layout(rect=(0, 0, 1, 0.97))
/root/autodl-tmp/data_process/05_rebuild_from_raw_20260511/03_baselines/scripts/stage03_v03_vehicle_only_baselines.py:632: UserWarning: Glyph 29031 (\N{CJK UNIFIED IDEOGRAPH-7167}) missing from font(s) DejaVu Sans.
  fig.tight_layout(rect=(0, 0, 1, 0.97))
/root/autodl-tmp/data_process/05_rebuild_from_raw_20260511/03_baselines/scripts/stage03_v03_vehicle_only_baselines.py:632: UserWarning: Glyph 24378 (\N{CJK UNIFIED IDEOGRAPH-5F3A}) missing from font(s) DejaVu Sans.
  fig.tight_layout(rect=(0, 0, 1, 0.97))
/root/autodl-tmp/data_process/05_rebuild_from_raw_20260511/03_baselines/scripts/stage03_v03_vehicle_only_baselines.py:632: UserWarning: Glyph 22411 (\N{CJK UNIFIED IDEOGRAPH-578B}) missing from font(s) DejaVu Sans.
  fig.tight_layout(rect=(0, 0, 1, 0.97))
/root/autodl-tmp/data_process/05_rebuild_from_raw_20260511/03_baselines/scripts/stage03_v03_vehicle_only_baselines.py:632: UserWarning: Glyph 26497 (\N{CJK UNIFIED IDEOGRAPH-6781}) missing from font(s) DejaVu Sans.
  fig.tight_layout(rect=(0, 0, 1, 0.97))
/root/autodl-tmp/data_process/05_rebuild_from_raw_20260511/03_baselines/scripts/stage03_v03_vehicle_only_baselines.py:632: UserWarning: Glyph 38480 (\N{CJK UNIFIED IDEOGRAPH-9650}) missing from font(s) DejaVu Sans.
  fig.tight_layout(rect=(0, 0, 1, 0.97))
/root/autodl-tmp/data_process/05_rebuild_from_raw_20260511/03_baselines/scripts/stage03_v03_vehicle_only_baselines.py:632: UserWarning: Glyph 20917 (\N{CJK UNIFIED IDEOGRAPH-51B5}) missing from font(s) DejaVu Sans.
  fig.tight_layout(rect=(0, 0, 1, 0.97))
/root/autodl-tmp/data_process/05_rebuild_from_raw_20260511/03_baselines/scripts/stage03_v03_vehicle_only_baselines.py:632: UserWarning: Glyph 24369 (\N{CJK UNIFIED IDEOGRAPH-5F31}) missing from font(s) DejaVu Sans.
  fig.tight_layout(rect=(0, 0, 1, 0.97))
/root/autodl-tmp/data_process/05_rebuild_from_raw_20260511/03_baselines/scripts/stage03_v03_vehicle_only_baselines.py:632: UserWarning: Glyph 20445 (\N{CJK UNIFIED IDEOGRAPH-4FDD}) missing from font(s) DejaVu Sans.
  fig.tight_layout(rect=(0, 0, 1, 0.97))
/root/autodl-tmp/data_process/05_rebuild_from_raw_20260511/03_baselines/scripts/stage03_v03_vehicle_only_baselines.py:632: UserWarning: Glyph 23432 (\N{CJK UNIFIED IDEOGRAPH-5B88}) missing from font(s) DejaVu Sans.
  fig.tight_layout(rect=(0, 0, 1, 0.97))
/root/autodl-tmp/data_process/05_rebuild_from_raw_20260511/03_baselines/scripts/stage03_v03_vehicle_only_baselines.py:633: UserWarning: Glyph 24310 (\N{CJK UNIFIED IDEOGRAPH-5EF6}) missing from font(s) DejaVu Sans.
  fig.savefig(out_path, dpi=180)
/root/autodl-tmp/data_process/05_rebuild_from_raw_20260511/03_baselines/scripts/stage03_v03_vehicle_only_baselines.py:633: UserWarning: Glyph 36831 (\N{CJK UNIFIED IDEOGRAPH-8FDF}) missing from font(s) DejaVu Sans.
  fig.savefig(out_path, dpi=180)
/root/autodl-tmp/data_process/05_rebuild_from_raw_20260511/03_baselines/scripts/stage03_v03_vehicle_only_baselines.py:633: UserWarning: Glyph 25110 (\N{CJK UNIFIED IDEOGRAPH-6216}) missing from font(s) DejaVu Sans.
  fig.savefig(out_path, dpi=180)
/root/autodl-tmp/data_process/05_rebuild_from_raw_20260511/03_baselines/scripts/stage03_v03_vehicle_only_baselines.py:633: UserWarning: Glyph 26080 (\N{CJK UNIFIED IDEOGRAPH-65E0}) missing from font(s) DejaVu Sans.
  fig.savefig(out_path, dpi=180)
/root/autodl-tmp/data_process/05_rebuild_from_raw_20260511/03_baselines/scripts/stage03_v03_vehicle_only_baselines.py:633: UserWarning: Glyph 26126 (\N{CJK UNIFIED IDEOGRAPH-660E}) missing from font(s) DejaVu Sans.
  fig.savefig(out_path, dpi=180)
/root/autodl-tmp/data_process/05_rebuild_from_raw_20260511/03_baselines/scripts/stage03_v03_vehicle_only_baselines.py:633: UserWarning: Glyph 26174 (\N{CJK UNIFIED IDEOGRAPH-663E}) missing from font(s) DejaVu Sans.
  fig.savefig(out_path, dpi=180)
/root/autodl-tmp/data_process/05_rebuild_from_raw_20260511/03_baselines/scripts/stage03_v03_vehicle_only_baselines.py:633: UserWarning: Glyph 36716 (\N{CJK UNIFIED IDEOGRAPH-8F6C}) missing from font(s) DejaVu Sans.
  fig.savefig(out_path, dpi=180)
/root/autodl-tmp/data_process/05_rebuild_from_raw_20260511/03_baselines/scripts/stage03_v03_vehicle_only_baselines.py:633: UserWarning: Glyph 21521 (\N{CJK UNIFIED IDEOGRAPH-5411}) missing from font(s) DejaVu Sans.
  fig.savefig(out_path, dpi=180)
/root/autodl-tmp/data_process/05_rebuild_from_raw_20260511/03_baselines/scripts/stage03_v03_vehicle_only_baselines.py:633: UserWarning: Glyph 21709 (\N{CJK UNIFIED IDEOGRAPH-54CD}) missing from font(s) DejaVu Sans.
  fig.savefig(out_path, dpi=180)
/root/autodl-tmp/data_process/05_rebuild_from_raw_20260511/03_baselines/scripts/stage03_v03_vehicle_only_baselines.py:633: UserWarning: Glyph 24212 (\N{CJK UNIFIED IDEOGRAPH-5E94}) missing from font(s) DejaVu Sans.
  fig.savefig(out_path, dpi=180)
/root/autodl-tmp/data_process/05_rebuild_from_raw_20260511/03_baselines/scripts/stage03_v03_vehicle_only_baselines.py:633: UserWarning: Glyph 30495 (\N{CJK UNIFIED IDEOGRAPH-771F}) missing from font(s) DejaVu Sans.
  fig.savefig(out_path, dpi=180)
/root/autodl-tmp/data_process/05_rebuild_from_raw_20260511/03_baselines/scripts/stage03_v03_vehicle_only_baselines.py:633: UserWarning: Glyph 23454 (\N{CJK UNIFIED IDEOGRAPH-5B9E}) missing from font(s) DejaVu Sans.
  fig.savefig(out_path, dpi=180)
/root/autodl-tmp/data_process/05_rebuild_from_raw_20260511/03_baselines/scripts/stage03_v03_vehicle_only_baselines.py:633: UserWarning: Glyph 24453 (\N{CJK UNIFIED IDEOGRAPH-5F85}) missing from font(s) DejaVu Sans.
  fig.savefig(out_path, dpi=180)
/root/autodl-tmp/data_process/05_rebuild_from_raw_20260511/03_baselines/scripts/stage03_v03_vehicle_only_baselines.py:633: UserWarning: Glyph 20154 (\N{CJK UNIFIED IDEOGRAPH-4EBA}) missing from font(s) DejaVu Sans.
  fig.savefig(out_path, dpi=180)
/root/autodl-tmp/data_process/05_rebuild_from_raw_20260511/03_baselines/scripts/stage03_v03_vehicle_only_baselines.py:633: UserWarning: Glyph 24037 (\N{CJK UNIFIED IDEOGRAPH-5DE5}) missing from font(s) DejaVu Sans.
  fig.savefig(out_path, dpi=180)
/root/autodl-tmp/data_process/05_rebuild_from_raw_20260511/03_baselines/scripts/stage03_v03_vehicle_only_baselines.py:633: UserWarning: Glyph 22797 (\N{CJK UNIFIED IDEOGRAPH-590D}) missing from font(s) DejaVu Sans.
  fig.savefig(out_path, dpi=180)
/root/autodl-tmp/data_process/05_rebuild_from_raw_20260511/03_baselines/scripts/stage03_v03_vehicle_only_baselines.py:633: UserWarning: Glyph 26680 (\N{CJK UNIFIED IDEOGRAPH-6838}) missing from font(s) DejaVu Sans.
  fig.savefig(out_path, dpi=180)
/root/autodl-tmp/data_process/05_rebuild_from_raw_20260511/03_baselines/scripts/stage03_v03_vehicle_only_baselines.py:633: UserWarning: Glyph 27491 (\N{CJK UNIFIED IDEOGRAPH-6B63}) missing from font(s) DejaVu Sans.
  fig.savefig(out_path, dpi=180)
/root/autodl-tmp/data_process/05_rebuild_from_raw_20260511/03_baselines/scripts/stage03_v03_vehicle_only_baselines.py:633: UserWarning: Glyph 24120 (\N{CJK UNIFIED IDEOGRAPH-5E38}) missing from font(s) DejaVu Sans.
  fig.savefig(out_path, dpi=180)
/root/autodl-tmp/data_process/05_rebuild_from_raw_20260511/03_baselines/scripts/stage03_v03_vehicle_only_baselines.py:633: UserWarning: Glyph 39550 (\N{CJK UNIFIED IDEOGRAPH-9A7E}) missing from font(s) DejaVu Sans.
  fig.savefig(out_path, dpi=180)
/root/autodl-tmp/data_process/05_rebuild_from_raw_20260511/03_baselines/scripts/stage03_v03_vehicle_only_baselines.py:633: UserWarning: Glyph 39542 (\N{CJK UNIFIED IDEOGRAPH-9A76}) missing from font(s) DejaVu Sans.
  fig.savefig(out_path, dpi=180)
/root/autodl-tmp/data_process/05_rebuild_from_raw_20260511/03_baselines/scripts/stage03_v03_vehicle_only_baselines.py:633: UserWarning: Glyph 26222 (\N{CJK UNIFIED IDEOGRAPH-666E}) missing from font(s) DejaVu Sans.
  fig.savefig(out_path, dpi=180)
/root/autodl-tmp/data_process/05_rebuild_from_raw_20260511/03_baselines/scripts/stage03_v03_vehicle_only_baselines.py:633: UserWarning: Glyph 36890 (\N{CJK UNIFIED IDEOGRAPH-901A}) missing from font(s) DejaVu Sans.
  fig.savefig(out_path, dpi=180)
/root/autodl-tmp/data_process/05_rebuild_from_raw_20260511/03_baselines/scripts/stage03_v03_vehicle_only_baselines.py:633: UserWarning: Glyph 24367 (\N{CJK UNIFIED IDEOGRAPH-5F2F}) missing from font(s) DejaVu Sans.
  fig.savefig(out_path, dpi=180)
/root/autodl-tmp/data_process/05_rebuild_from_raw_20260511/03_baselines/scripts/stage03_v03_vehicle_only_baselines.py:633: UserWarning: Glyph 36947 (\N{CJK UNIFIED IDEOGRAPH-9053}) missing from font(s) DejaVu Sans.
  fig.savefig(out_path, dpi=180)
/root/autodl-tmp/data_process/05_rebuild_from_raw_20260511/03_baselines/scripts/stage03_v03_vehicle_only_baselines.py:633: UserWarning: Glyph 23545 (\N{CJK UNIFIED IDEOGRAPH-5BF9}) missing from font(s) DejaVu Sans.
  fig.savefig(out_path, dpi=180)
/root/autodl-tmp/data_process/05_rebuild_from_raw_20260511/03_baselines/scripts/stage03_v03_vehicle_only_baselines.py:633: UserWarning: Glyph 29031 (\N{CJK UNIFIED IDEOGRAPH-7167}) missing from font(s) DejaVu Sans.
  fig.savefig(out_path, dpi=180)
/root/autodl-tmp/data_process/05_rebuild_from_raw_20260511/03_baselines/scripts/stage03_v03_vehicle_only_baselines.py:633: UserWarning: Glyph 24378 (\N{CJK UNIFIED IDEOGRAPH-5F3A}) missing from font(s) DejaVu Sans.
  fig.savefig(out_path, dpi=180)
/root/autodl-tmp/data_process/05_rebuild_from_raw_20260511/03_baselines/scripts/stage03_v03_vehicle_only_baselines.py:633: UserWarning: Glyph 22411 (\N{CJK UNIFIED IDEOGRAPH-578B}) missing from font(s) DejaVu Sans.
  fig.savefig(out_path, dpi=180)
/root/autodl-tmp/data_process/05_rebuild_from_raw_20260511/03_baselines/scripts/stage03_v03_vehicle_only_baselines.py:633: UserWarning: Glyph 26497 (\N{CJK UNIFIED IDEOGRAPH-6781}) missing from font(s) DejaVu Sans.
  fig.savefig(out_path, dpi=180)
/root/autodl-tmp/data_process/05_rebuild_from_raw_20260511/03_baselines/scripts/stage03_v03_vehicle_only_baselines.py:633: UserWarning: Glyph 38480 (\N{CJK UNIFIED IDEOGRAPH-9650}) missing from font(s) DejaVu Sans.
  fig.savefig(out_path, dpi=180)
/root/autodl-tmp/data_process/05_rebuild_from_raw_20260511/03_baselines/scripts/stage03_v03_vehicle_only_baselines.py:633: UserWarning: Glyph 20917 (\N{CJK UNIFIED IDEOGRAPH-51B5}) missing from font(s) DejaVu Sans.
  fig.savefig(out_path, dpi=180)
/root/autodl-tmp/data_process/05_rebuild_from_raw_20260511/03_baselines/scripts/stage03_v03_vehicle_only_baselines.py:633: UserWarning: Glyph 24369 (\N{CJK UNIFIED IDEOGRAPH-5F31}) missing from font(s) DejaVu Sans.
  fig.savefig(out_path, dpi=180)
/root/autodl-tmp/data_process/05_rebuild_from_raw_20260511/03_baselines/scripts/stage03_v03_vehicle_only_baselines.py:633: UserWarning: Glyph 20445 (\N{CJK UNIFIED IDEOGRAPH-4FDD}) missing from font(s) DejaVu Sans.
  fig.savefig(out_path, dpi=180)
/root/autodl-tmp/data_process/05_rebuild_from_raw_20260511/03_baselines/scripts/stage03_v03_vehicle_only_baselines.py:633: UserWarning: Glyph 23432 (\N{CJK UNIFIED IDEOGRAPH-5B88}) missing from font(s) DejaVu Sans.
  fig.savefig(out_path, dpi=180)
/root/autodl-tmp/data_process/05_rebuild_from_raw_20260511/03_baselines/scripts/stage03_v03_vehicle_only_baselines.py:632: UserWarning: Glyph 24378 (\N{CJK UNIFIED IDEOGRAPH-5F3A}) missing from font(s) DejaVu Sans.
  fig.tight_layout(rect=(0, 0, 1, 0.97))
/root/autodl-tmp/data_process/05_rebuild_from_raw_20260511/03_baselines/scripts/stage03_v03_vehicle_only_baselines.py:632: UserWarning: Glyph 21709 (\N{CJK UNIFIED IDEOGRAPH-54CD}) missing from font(s) DejaVu Sans.
  fig.tight_layout(rect=(0, 0, 1, 0.97))
/root/autodl-tmp/data_process/05_rebuild_from_raw_20260511/03_baselines/scripts/stage03_v03_vehicle_only_baselines.py:632: UserWarning: Glyph 24212 (\N{CJK UNIFIED IDEOGRAPH-5E94}) missing from font(s) DejaVu Sans.
  fig.tight_layout(rect=(0, 0, 1, 0.97))
/root/autodl-tmp/data_process/05_rebuild_from_raw_20260511/03_baselines/scripts/stage03_v03_vehicle_only_baselines.py:632: UserWarning: Glyph 22411 (\N{CJK UNIFIED IDEOGRAPH-578B}) missing from font(s) DejaVu Sans.
  fig.tight_layout(rect=(0, 0, 1, 0.97))
/root/autodl-tmp/data_process/05_rebuild_from_raw_20260511/03_baselines/scripts/stage03_v03_vehicle_only_baselines.py:632: UserWarning: Glyph 26497 (\N{CJK UNIFIED IDEOGRAPH-6781}) missing from font(s) DejaVu Sans.
  fig.tight_layout(rect=(0, 0, 1, 0.97))
/root/autodl-tmp/data_process/05_rebuild_from_raw_20260511/03_baselines/scripts/stage03_v03_vehicle_only_baselines.py:632: UserWarning: Glyph 38480 (\N{CJK UNIFIED IDEOGRAPH-9650}) missing from font(s) DejaVu Sans.
  fig.tight_layout(rect=(0, 0, 1, 0.97))
/root/autodl-tmp/data_process/05_rebuild_from_raw_20260511/03_baselines/scripts/stage03_v03_vehicle_only_baselines.py:632: UserWarning: Glyph 24037 (\N{CJK UNIFIED IDEOGRAPH-5DE5}) missing from font(s) DejaVu Sans.
  fig.tight_layout(rect=(0, 0, 1, 0.97))
/root/autodl-tmp/data_process/05_rebuild_from_raw_20260511/03_baselines/scripts/stage03_v03_vehicle_only_baselines.py:632: UserWarning: Glyph 20917 (\N{CJK UNIFIED IDEOGRAPH-51B5}) missing from font(s) DejaVu Sans.
  fig.tight_layout(rect=(0, 0, 1, 0.97))
/root/autodl-tmp/data_process/05_rebuild_from_raw_20260511/03_baselines/scripts/stage03_v03_vehicle_only_baselines.py:632: UserWarning: Glyph 30495 (\N{CJK UNIFIED IDEOGRAPH-771F}) missing from font(s) DejaVu Sans.
  fig.tight_layout(rect=(0, 0, 1, 0.97))
/root/autodl-tmp/data_process/05_rebuild_from_raw_20260511/03_baselines/scripts/stage03_v03_vehicle_only_baselines.py:632: UserWarning: Glyph 23454 (\N{CJK UNIFIED IDEOGRAPH-5B9E}) missing from font(s) DejaVu Sans.
  fig.tight_layout(rect=(0, 0, 1, 0.97))
/root/autodl-tmp/data_process/05_rebuild_from_raw_20260511/03_baselines/scripts/stage03_v03_vehicle_only_baselines.py:632: UserWarning: Glyph 24369 (\N{CJK UNIFIED IDEOGRAPH-5F31}) missing from font(s) DejaVu Sans.
  fig.tight_layout(rect=(0, 0, 1, 0.97))
/root/autodl-tmp/data_process/05_rebuild_from_raw_20260511/03_baselines/scripts/stage03_v03_vehicle_only_baselines.py:632: UserWarning: Glyph 20445 (\N{CJK UNIFIED IDEOGRAPH-4FDD}) missing from font(s) DejaVu Sans.
  fig.tight_layout(rect=(0, 0, 1, 0.97))
/root/autodl-tmp/data_process/05_rebuild_from_raw_20260511/03_baselines/scripts/stage03_v03_vehicle_only_baselines.py:632: UserWarning: Glyph 23432 (\N{CJK UNIFIED IDEOGRAPH-5B88}) missing from font(s) DejaVu Sans.
  fig.tight_layout(rect=(0, 0, 1, 0.97))
/root/autodl-tmp/data_process/05_rebuild_from_raw_20260511/03_baselines/scripts/stage03_v03_vehicle_only_baselines.py:632: UserWarning: Glyph 24310 (\N{CJK UNIFIED IDEOGRAPH-5EF6}) missing from font(s) DejaVu Sans.
  fig.tight_layout(rect=(0, 0, 1, 0.97))
/root/autodl-tmp/data_process/05_rebuild_from_raw_20260511/03_baselines/scripts/stage03_v03_vehicle_only_baselines.py:632: UserWarning: Glyph 36831 (\N{CJK UNIFIED IDEOGRAPH-8FDF}) missing from font(s) DejaVu Sans.
  fig.tight_layout(rect=(0, 0, 1, 0.97))
/root/autodl-tmp/data_process/05_rebuild_from_raw_20260511/03_baselines/scripts/stage03_v03_vehicle_only_baselines.py:632: UserWarning: Glyph 25110 (\N{CJK UNIFIED IDEOGRAPH-6216}) missing from font(s) DejaVu Sans.
  fig.tight_layout(rect=(0, 0, 1, 0.97))
/root/autodl-tmp/data_process/05_rebuild_from_raw_20260511/03_baselines/scripts/stage03_v03_vehicle_only_baselines.py:632: UserWarning: Glyph 26080 (\N{CJK UNIFIED IDEOGRAPH-65E0}) missing from font(s) DejaVu Sans.
  fig.tight_layout(rect=(0, 0, 1, 0.97))
/root/autodl-tmp/data_process/05_rebuild_from_raw_20260511/03_baselines/scripts/stage03_v03_vehicle_only_baselines.py:632: UserWarning: Glyph 26126 (\N{CJK UNIFIED IDEOGRAPH-660E}) missing from font(s) DejaVu Sans.
  fig.tight_layout(rect=(0, 0, 1, 0.97))
/root/autodl-tmp/data_process/05_rebuild_from_raw_20260511/03_baselines/scripts/stage03_v03_vehicle_only_baselines.py:632: UserWarning: Glyph 26174 (\N{CJK UNIFIED IDEOGRAPH-663E}) missing from font(s) DejaVu Sans.
  fig.tight_layout(rect=(0, 0, 1, 0.97))
/root/autodl-tmp/data_process/05_rebuild_from_raw_20260511/03_baselines/scripts/stage03_v03_vehicle_only_baselines.py:632: UserWarning: Glyph 36716 (\N{CJK UNIFIED IDEOGRAPH-8F6C}) missing from font(s) DejaVu Sans.
  fig.tight_layout(rect=(0, 0, 1, 0.97))
/root/autodl-tmp/data_process/05_rebuild_from_raw_20260511/03_baselines/scripts/stage03_v03_vehicle_only_baselines.py:632: UserWarning: Glyph 21521 (\N{CJK UNIFIED IDEOGRAPH-5411}) missing from font(s) DejaVu Sans.
  fig.tight_layout(rect=(0, 0, 1, 0.97))
/root/autodl-tmp/data_process/05_rebuild_from_raw_20260511/03_baselines/scripts/stage03_v03_vehicle_only_baselines.py:633: UserWarning: Glyph 24378 (\N{CJK UNIFIED IDEOGRAPH-5F3A}) missing from font(s) DejaVu Sans.
  fig.savefig(out_path, dpi=180)
/root/autodl-tmp/data_process/05_rebuild_from_raw_20260511/03_baselines/scripts/stage03_v03_vehicle_only_baselines.py:633: UserWarning: Glyph 21709 (\N{CJK UNIFIED IDEOGRAPH-54CD}) missing from font(s) DejaVu Sans.
  fig.savefig(out_path, dpi=180)
/root/autodl-tmp/data_process/05_rebuild_from_raw_20260511/03_baselines/scripts/stage03_v03_vehicle_only_baselines.py:633: UserWarning: Glyph 24212 (\N{CJK UNIFIED IDEOGRAPH-5E94}) missing from font(s) DejaVu Sans.
  fig.savefig(out_path, dpi=180)
/root/autodl-tmp/data_process/05_rebuild_from_raw_20260511/03_baselines/scripts/stage03_v03_vehicle_only_baselines.py:633: UserWarning: Glyph 22411 (\N{CJK UNIFIED IDEOGRAPH-578B}) missing from font(s) DejaVu Sans.
  fig.savefig(out_path, dpi=180)
/root/autodl-tmp/data_process/05_rebuild_from_raw_20260511/03_baselines/scripts/stage03_v03_vehicle_only_baselines.py:633: UserWarning: Glyph 26497 (\N{CJK UNIFIED IDEOGRAPH-6781}) missing from font(s) DejaVu Sans.
  fig.savefig(out_path, dpi=180)
/root/autodl-tmp/data_process/05_rebuild_from_raw_20260511/03_baselines/scripts/stage03_v03_vehicle_only_baselines.py:633: UserWarning: Glyph 38480 (\N{CJK UNIFIED IDEOGRAPH-9650}) missing from font(s) DejaVu Sans.
  fig.savefig(out_path, dpi=180)
/root/autodl-tmp/data_process/05_rebuild_from_raw_20260511/03_baselines/scripts/stage03_v03_vehicle_only_baselines.py:633: UserWarning: Glyph 24037 (\N{CJK UNIFIED IDEOGRAPH-5DE5}) missing from font(s) DejaVu Sans.
  fig.savefig(out_path, dpi=180)
/root/autodl-tmp/data_process/05_rebuild_from_raw_20260511/03_baselines/scripts/stage03_v03_vehicle_only_baselines.py:633: UserWarning: Glyph 20917 (\N{CJK UNIFIED IDEOGRAPH-51B5}) missing from font(s) DejaVu Sans.
  fig.savefig(out_path, dpi=180)
/root/autodl-tmp/data_process/05_rebuild_from_raw_20260511/03_baselines/scripts/stage03_v03_vehicle_only_baselines.py:633: UserWarning: Glyph 30495 (\N{CJK UNIFIED IDEOGRAPH-771F}) missing from font(s) DejaVu Sans.
  fig.savefig(out_path, dpi=180)
/root/autodl-tmp/data_process/05_rebuild_from_raw_20260511/03_baselines/scripts/stage03_v03_vehicle_only_baselines.py:633: UserWarning: Glyph 23454 (\N{CJK UNIFIED IDEOGRAPH-5B9E}) missing from font(s) DejaVu Sans.
  fig.savefig(out_path, dpi=180)
/root/autodl-tmp/data_process/05_rebuild_from_raw_20260511/03_baselines/scripts/stage03_v03_vehicle_only_baselines.py:633: UserWarning: Glyph 24369 (\N{CJK UNIFIED IDEOGRAPH-5F31}) missing from font(s) DejaVu Sans.
  fig.savefig(out_path, dpi=180)
/root/autodl-tmp/data_process/05_rebuild_from_raw_20260511/03_baselines/scripts/stage03_v03_vehicle_only_baselines.py:633: UserWarning: Glyph 20445 (\N{CJK UNIFIED IDEOGRAPH-4FDD}) missing from font(s) DejaVu Sans.
  fig.savefig(out_path, dpi=180)
/root/autodl-tmp/data_process/05_rebuild_from_raw_20260511/03_baselines/scripts/stage03_v03_vehicle_only_baselines.py:633: UserWarning: Glyph 23432 (\N{CJK UNIFIED IDEOGRAPH-5B88}) missing from font(s) DejaVu Sans.
  fig.savefig(out_path, dpi=180)
/root/autodl-tmp/data_process/05_rebuild_from_raw_20260511/03_baselines/scripts/stage03_v03_vehicle_only_baselines.py:633: UserWarning: Glyph 24310 (\N{CJK UNIFIED IDEOGRAPH-5EF6}) missing from font(s) DejaVu Sans.
  fig.savefig(out_path, dpi=180)
/root/autodl-tmp/data_process/05_rebuild_from_raw_20260511/03_baselines/scripts/stage03_v03_vehicle_only_baselines.py:633: UserWarning: Glyph 36831 (\N{CJK UNIFIED IDEOGRAPH-8FDF}) missing from font(s) DejaVu Sans.
  fig.savefig(out_path, dpi=180)
/root/autodl-tmp/data_process/05_rebuild_from_raw_20260511/03_baselines/scripts/stage03_v03_vehicle_only_baselines.py:633: UserWarning: Glyph 25110 (\N{CJK UNIFIED IDEOGRAPH-6216}) missing from font(s) DejaVu Sans.
  fig.savefig(out_path, dpi=180)
/root/autodl-tmp/data_process/05_rebuild_from_raw_20260511/03_baselines/scripts/stage03_v03_vehicle_only_baselines.py:633: UserWarning: Glyph 26080 (\N{CJK UNIFIED IDEOGRAPH-65E0}) missing from font(s) DejaVu Sans.
  fig.savefig(out_path, dpi=180)
/root/autodl-tmp/data_process/05_rebuild_from_raw_20260511/03_baselines/scripts/stage03_v03_vehicle_only_baselines.py:633: UserWarning: Glyph 26126 (\N{CJK UNIFIED IDEOGRAPH-660E}) missing from font(s) DejaVu Sans.
  fig.savefig(out_path, dpi=180)
/root/autodl-tmp/data_process/05_rebuild_from_raw_20260511/03_baselines/scripts/stage03_v03_vehicle_only_baselines.py:633: UserWarning: Glyph 26174 (\N{CJK UNIFIED IDEOGRAPH-663E}) missing from font(s) DejaVu Sans.
  fig.savefig(out_path, dpi=180)
/root/autodl-tmp/data_process/05_rebuild_from_raw_20260511/03_baselines/scripts/stage03_v03_vehicle_only_baselines.py:633: UserWarning: Glyph 36716 (\N{CJK UNIFIED IDEOGRAPH-8F6C}) missing from font(s) DejaVu Sans.
  fig.savefig(out_path, dpi=180)
/root/autodl-tmp/data_process/05_rebuild_from_raw_20260511/03_baselines/scripts/stage03_v03_vehicle_only_baselines.py:633: UserWarning: Glyph 21521 (\N{CJK UNIFIED IDEOGRAPH-5411}) missing from font(s) DejaVu Sans.
  fig.savefig(out_path, dpi=180)
run v03_plus_review_no_lateral
fit numpy baselines features=248 train=454 val=130
/root/autodl-tmp/data_process/05_rebuild_from_raw_20260511/03_baselines/scripts/stage03_v03_vehicle_only_baselines.py:632: UserWarning: Glyph 24310 (\N{CJK UNIFIED IDEOGRAPH-5EF6}) missing from font(s) DejaVu Sans.
  fig.tight_layout(rect=(0, 0, 1, 0.97))
/root/autodl-tmp/data_process/05_rebuild_from_raw_20260511/03_baselines/scripts/stage03_v03_vehicle_only_baselines.py:632: UserWarning: Glyph 36831 (\N{CJK UNIFIED IDEOGRAPH-8FDF}) missing from font(s) DejaVu Sans.
  fig.tight_layout(rect=(0, 0, 1, 0.97))
/root/autodl-tmp/data_process/05_rebuild_from_raw_20260511/03_baselines/scripts/stage03_v03_vehicle_only_baselines.py:632: UserWarning: Glyph 25110 (\N{CJK UNIFIED IDEOGRAPH-6216}) missing from font(s) DejaVu Sans.
  fig.tight_layout(rect=(0, 0, 1, 0.97))
/root/autodl-tmp/data_process/05_rebuild_from_raw_20260511/03_baselines/scripts/stage03_v03_vehicle_only_baselines.py:632: UserWarning: Glyph 26080 (\N{CJK UNIFIED IDEOGRAPH-65E0}) missing from font(s) DejaVu Sans.
  fig.tight_layout(rect=(0, 0, 1, 0.97))
/root/autodl-tmp/data_process/05_rebuild_from_raw_20260511/03_baselines/scripts/stage03_v03_vehicle_only_baselines.py:632: UserWarning: Glyph 26126 (\N{CJK UNIFIED IDEOGRAPH-660E}) missing from font(s) DejaVu Sans.
  fig.tight_layout(rect=(0, 0, 1, 0.97))
/root/autodl-tmp/data_process/05_rebuild_from_raw_20260511/03_baselines/scripts/stage03_v03_vehicle_only_baselines.py:632: UserWarning: Glyph 26174 (\N{CJK UNIFIED IDEOGRAPH-663E}) missing from font(s) DejaVu Sans.
  fig.tight_layout(rect=(0, 0, 1, 0.97))
/root/autodl-tmp/data_process/05_rebuild_from_raw_20260511/03_baselines/scripts/stage03_v03_vehicle_only_baselines.py:632: UserWarning: Glyph 36716 (\N{CJK UNIFIED IDEOGRAPH-8F6C}) missing from font(s) DejaVu Sans.
  fig.tight_layout(rect=(0, 0, 1, 0.97))
/root/autodl-tmp/data_process/05_rebuild_from_raw_20260511/03_baselines/scripts/stage03_v03_vehicle_only_baselines.py:632: UserWarning: Glyph 21521 (\N{CJK UNIFIED IDEOGRAPH-5411}) missing from font(s) DejaVu Sans.
  fig.tight_layout(rect=(0, 0, 1, 0.97))
/root/autodl-tmp/data_process/05_rebuild_from_raw_20260511/03_baselines/scripts/stage03_v03_vehicle_only_baselines.py:632: UserWarning: Glyph 21709 (\N{CJK UNIFIED IDEOGRAPH-54CD}) missing from font(s) DejaVu Sans.
  fig.tight_layout(rect=(0, 0, 1, 0.97))
/root/autodl-tmp/data_process/05_rebuild_from_raw_20260511/03_baselines/scripts/stage03_v03_vehicle_only_baselines.py:632: UserWarning: Glyph 24212 (\N{CJK UNIFIED IDEOGRAPH-5E94}) missing from font(s) DejaVu Sans.
  fig.tight_layout(rect=(0, 0, 1, 0.97))
/root/autodl-tmp/data_process/05_rebuild_from_raw_20260511/03_baselines/scripts/stage03_v03_vehicle_only_baselines.py:632: UserWarning: Glyph 30495 (\N{CJK UNIFIED IDEOGRAPH-771F}) missing from font(s) DejaVu Sans.
  fig.tight_layout(rect=(0, 0, 1, 0.97))
/root/autodl-tmp/data_process/05_rebuild_from_raw_20260511/03_baselines/scripts/stage03_v03_vehicle_only_baselines.py:632: UserWarning: Glyph 23454 (\N{CJK UNIFIED IDEOGRAPH-5B9E}) missing from font(s) DejaVu Sans.
  fig.tight_layout(rect=(0, 0, 1, 0.97))
/root/autodl-tmp/data_process/05_rebuild_from_raw_20260511/03_baselines/scripts/stage03_v03_vehicle_only_baselines.py:632: UserWarning: Glyph 24453 (\N{CJK UNIFIED IDEOGRAPH-5F85}) missing from font(s) DejaVu Sans.
  fig.tight_layout(rect=(0, 0, 1, 0.97))
/root/autodl-tmp/data_process/05_rebuild_from_raw_20260511/03_baselines/scripts/stage03_v03_vehicle_only_baselines.py:632: UserWarning: Glyph 20154 (\N{CJK UNIFIED IDEOGRAPH-4EBA}) missing from font(s) DejaVu Sans.
  fig.tight_layout(rect=(0, 0, 1, 0.97))
/root/autodl-tmp/data_process/05_rebuild_from_raw_20260511/03_baselines/scripts/stage03_v03_vehicle_only_baselines.py:632: UserWarning: Glyph 24037 (\N{CJK UNIFIED IDEOGRAPH-5DE5}) missing from font(s) DejaVu Sans.
  fig.tight_layout(rect=(0, 0, 1, 0.97))
/root/autodl-tmp/data_process/05_rebuild_from_raw_20260511/03_baselines/scripts/stage03_v03_vehicle_only_baselines.py:632: UserWarning: Glyph 22797 (\N{CJK UNIFIED IDEOGRAPH-590D}) missing from font(s) DejaVu Sans.
  fig.tight_layout(rect=(0, 0, 1, 0.97))
/root/autodl-tmp/data_process/05_rebuild_from_raw_20260511/03_baselines/scripts/stage03_v03_vehicle_only_baselines.py:632: UserWarning: Glyph 26680 (\N{CJK UNIFIED IDEOGRAPH-6838}) missing from font(s) DejaVu Sans.
  fig.tight_layout(rect=(0, 0, 1, 0.97))
/root/autodl-tmp/data_process/05_rebuild_from_raw_20260511/03_baselines/scripts/stage03_v03_vehicle_only_baselines.py:632: UserWarning: Glyph 27491 (\N{CJK UNIFIED IDEOGRAPH-6B63}) missing from font(s) DejaVu Sans.
  fig.tight_layout(rect=(0, 0, 1, 0.97))
/root/autodl-tmp/data_process/05_rebuild_from_raw_20260511/03_baselines/scripts/stage03_v03_vehicle_only_baselines.py:632: UserWarning: Glyph 24120 (\N{CJK UNIFIED IDEOGRAPH-5E38}) missing from font(s) DejaVu Sans.
  fig.tight_layout(rect=(0, 0, 1, 0.97))
/root/autodl-tmp/data_process/05_rebuild_from_raw_20260511/03_baselines/scripts/stage03_v03_vehicle_only_baselines.py:632: UserWarning: Glyph 39550 (\N{CJK UNIFIED IDEOGRAPH-9A7E}) missing from font(s) DejaVu Sans.
  fig.tight_layout(rect=(0, 0, 1, 0.97))
/root/autodl-tmp/data_process/05_rebuild_from_raw_20260511/03_baselines/scripts/stage03_v03_vehicle_only_baselines.py:632: UserWarning: Glyph 39542 (\N{CJK UNIFIED IDEOGRAPH-9A76}) missing from font(s) DejaVu Sans.
  fig.tight_layout(rect=(0, 0, 1, 0.97))
/root/autodl-tmp/data_process/05_rebuild_from_raw_20260511/03_baselines/scripts/stage03_v03_vehicle_only_baselines.py:632: UserWarning: Glyph 26222 (\N{CJK UNIFIED IDEOGRAPH-666E}) missing from font(s) DejaVu Sans.
  fig.tight_layout(rect=(0, 0, 1, 0.97))
/root/autodl-tmp/data_process/05_rebuild_from_raw_20260511/03_baselines/scripts/stage03_v03_vehicle_only_baselines.py:632: UserWarning: Glyph 36890 (\N{CJK UNIFIED IDEOGRAPH-901A}) missing from font(s) DejaVu Sans.
  fig.tight_layout(rect=(0, 0, 1, 0.97))
/root/autodl-tmp/data_process/05_rebuild_from_raw_20260511/03_baselines/scripts/stage03_v03_vehicle_only_baselines.py:632: UserWarning: Glyph 24367 (\N{CJK UNIFIED IDEOGRAPH-5F2F}) missing from font(s) DejaVu Sans.
  fig.tight_layout(rect=(0, 0, 1, 0.97))
/root/autodl-tmp/data_process/05_rebuild_from_raw_20260511/03_baselines/scripts/stage03_v03_vehicle_only_baselines.py:632: UserWarning: Glyph 36947 (\N{CJK UNIFIED IDEOGRAPH-9053}) missing from font(s) DejaVu Sans.
  fig.tight_layout(rect=(0, 0, 1, 0.97))
/root/autodl-tmp/data_process/05_rebuild_from_raw_20260511/03_baselines/scripts/stage03_v03_vehicle_only_baselines.py:632: UserWarning: Glyph 23545 (\N{CJK UNIFIED IDEOGRAPH-5BF9}) missing from font(s) DejaVu Sans.
  fig.tight_layout(rect=(0, 0, 1, 0.97))
/root/autodl-tmp/data_process/05_rebuild_from_raw_20260511/03_baselines/scripts/stage03_v03_vehicle_only_baselines.py:632: UserWarning: Glyph 29031 (\N{CJK UNIFIED IDEOGRAPH-7167}) missing from font(s) DejaVu Sans.
  fig.tight_layout(rect=(0, 0, 1, 0.97))
/root/autodl-tmp/data_process/05_rebuild_from_raw_20260511/03_baselines/scripts/stage03_v03_vehicle_only_baselines.py:632: UserWarning: Glyph 24378 (\N{CJK UNIFIED IDEOGRAPH-5F3A}) missing from font(s) DejaVu Sans.
  fig.tight_layout(rect=(0, 0, 1, 0.97))
/root/autodl-tmp/data_process/05_rebuild_from_raw_20260511/03_baselines/scripts/stage03_v03_vehicle_only_baselines.py:632: UserWarning: Glyph 22411 (\N{CJK UNIFIED IDEOGRAPH-578B}) missing from font(s) DejaVu Sans.
  fig.tight_layout(rect=(0, 0, 1, 0.97))
/root/autodl-tmp/data_process/05_rebuild_from_raw_20260511/03_baselines/scripts/stage03_v03_vehicle_only_baselines.py:632: UserWarning: Glyph 26497 (\N{CJK UNIFIED IDEOGRAPH-6781}) missing from font(s) DejaVu Sans.
  fig.tight_layout(rect=(0, 0, 1, 0.97))
/root/autodl-tmp/data_process/05_rebuild_from_raw_20260511/03_baselines/scripts/stage03_v03_vehicle_only_baselines.py:632: UserWarning: Glyph 38480 (\N{CJK UNIFIED IDEOGRAPH-9650}) missing from font(s) DejaVu Sans.
  fig.tight_layout(rect=(0, 0, 1, 0.97))
/root/autodl-tmp/data_process/05_rebuild_from_raw_20260511/03_baselines/scripts/stage03_v03_vehicle_only_baselines.py:632: UserWarning: Glyph 20917 (\N{CJK UNIFIED IDEOGRAPH-51B5}) missing from font(s) DejaVu Sans.
  fig.tight_layout(rect=(0, 0, 1, 0.97))
/root/autodl-tmp/data_process/05_rebuild_from_raw_20260511/03_baselines/scripts/stage03_v03_vehicle_only_baselines.py:632: UserWarning: Glyph 24369 (\N{CJK UNIFIED IDEOGRAPH-5F31}) missing from font(s) DejaVu Sans.
  fig.tight_layout(rect=(0, 0, 1, 0.97))
/root/autodl-tmp/data_process/05_rebuild_from_raw_20260511/03_baselines/scripts/stage03_v03_vehicle_only_baselines.py:632: UserWarning: Glyph 20445 (\N{CJK UNIFIED IDEOGRAPH-4FDD}) missing from font(s) DejaVu Sans.
  fig.tight_layout(rect=(0, 0, 1, 0.97))
/root/autodl-tmp/data_process/05_rebuild_from_raw_20260511/03_baselines/scripts/stage03_v03_vehicle_only_baselines.py:632: UserWarning: Glyph 23432 (\N{CJK UNIFIED IDEOGRAPH-5B88}) missing from font(s) DejaVu Sans.
  fig.tight_layout(rect=(0, 0, 1, 0.97))
/root/autodl-tmp/data_process/05_rebuild_from_raw_20260511/03_baselines/scripts/stage03_v03_vehicle_only_baselines.py:633: UserWarning: Glyph 24310 (\N{CJK UNIFIED IDEOGRAPH-5EF6}) missing from font(s) DejaVu Sans.
  fig.savefig(out_path, dpi=180)
/root/autodl-tmp/data_process/05_rebuild_from_raw_20260511/03_baselines/scripts/stage03_v03_vehicle_only_baselines.py:633: UserWarning: Glyph 36831 (\N{CJK UNIFIED IDEOGRAPH-8FDF}) missing from font(s) DejaVu Sans.
  fig.savefig(out_path, dpi=180)
/root/autodl-tmp/data_process/05_rebuild_from_raw_20260511/03_baselines/scripts/stage03_v03_vehicle_only_baselines.py:633: UserWarning: Glyph 25110 (\N{CJK UNIFIED IDEOGRAPH-6216}) missing from font(s) DejaVu Sans.
  fig.savefig(out_path, dpi=180)
/root/autodl-tmp/data_process/05_rebuild_from_raw_20260511/03_baselines/scripts/stage03_v03_vehicle_only_baselines.py:633: UserWarning: Glyph 26080 (\N{CJK UNIFIED IDEOGRAPH-65E0}) missing from font(s) DejaVu Sans.
  fig.savefig(out_path, dpi=180)
/root/autodl-tmp/data_process/05_rebuild_from_raw_20260511/03_baselines/scripts/stage03_v03_vehicle_only_baselines.py:633: UserWarning: Glyph 26126 (\N{CJK UNIFIED IDEOGRAPH-660E}) missing from font(s) DejaVu Sans.
  fig.savefig(out_path, dpi=180)
/root/autodl-tmp/data_process/05_rebuild_from_raw_20260511/03_baselines/scripts/stage03_v03_vehicle_only_baselines.py:633: UserWarning: Glyph 26174 (\N{CJK UNIFIED IDEOGRAPH-663E}) missing from font(s) DejaVu Sans.
  fig.savefig(out_path, dpi=180)
/root/autodl-tmp/data_process/05_rebuild_from_raw_20260511/03_baselines/scripts/stage03_v03_vehicle_only_baselines.py:633: UserWarning: Glyph 36716 (\N{CJK UNIFIED IDEOGRAPH-8F6C}) missing from font(s) DejaVu Sans.
  fig.savefig(out_path, dpi=180)
/root/autodl-tmp/data_process/05_rebuild_from_raw_20260511/03_baselines/scripts/stage03_v03_vehicle_only_baselines.py:633: UserWarning: Glyph 21521 (\N{CJK UNIFIED IDEOGRAPH-5411}) missing from font(s) DejaVu Sans.
  fig.savefig(out_path, dpi=180)
/root/autodl-tmp/data_process/05_rebuild_from_raw_20260511/03_baselines/scripts/stage03_v03_vehicle_only_baselines.py:633: UserWarning: Glyph 21709 (\N{CJK UNIFIED IDEOGRAPH-54CD}) missing from font(s) DejaVu Sans.
  fig.savefig(out_path, dpi=180)
/root/autodl-tmp/data_process/05_rebuild_from_raw_20260511/03_baselines/scripts/stage03_v03_vehicle_only_baselines.py:633: UserWarning: Glyph 24212 (\N{CJK UNIFIED IDEOGRAPH-5E94}) missing from font(s) DejaVu Sans.
  fig.savefig(out_path, dpi=180)
/root/autodl-tmp/data_process/05_rebuild_from_raw_20260511/03_baselines/scripts/stage03_v03_vehicle_only_baselines.py:633: UserWarning: Glyph 30495 (\N{CJK UNIFIED IDEOGRAPH-771F}) missing from font(s) DejaVu Sans.
  fig.savefig(out_path, dpi=180)
/root/autodl-tmp/data_process/05_rebuild_from_raw_20260511/03_baselines/scripts/stage03_v03_vehicle_only_baselines.py:633: UserWarning: Glyph 23454 (\N{CJK UNIFIED IDEOGRAPH-5B9E}) missing from font(s) DejaVu Sans.
  fig.savefig(out_path, dpi=180)
/root/autodl-tmp/data_process/05_rebuild_from_raw_20260511/03_baselines/scripts/stage03_v03_vehicle_only_baselines.py:633: UserWarning: Glyph 24453 (\N{CJK UNIFIED IDEOGRAPH-5F85}) missing from font(s) DejaVu Sans.
  fig.savefig(out_path, dpi=180)
/root/autodl-tmp/data_process/05_rebuild_from_raw_20260511/03_baselines/scripts/stage03_v03_vehicle_only_baselines.py:633: UserWarning: Glyph 20154 (\N{CJK UNIFIED IDEOGRAPH-4EBA}) missing from font(s) DejaVu Sans.
  fig.savefig(out_path, dpi=180)
/root/autodl-tmp/data_process/05_rebuild_from_raw_20260511/03_baselines/scripts/stage03_v03_vehicle_only_baselines.py:633: UserWarning: Glyph 24037 (\N{CJK UNIFIED IDEOGRAPH-5DE5}) missing from font(s) DejaVu Sans.
  fig.savefig(out_path, dpi=180)
/root/autodl-tmp/data_process/05_rebuild_from_raw_20260511/03_baselines/scripts/stage03_v03_vehicle_only_baselines.py:633: UserWarning: Glyph 22797 (\N{CJK UNIFIED IDEOGRAPH-590D}) missing from font(s) DejaVu Sans.
  fig.savefig(out_path, dpi=180)
/root/autodl-tmp/data_process/05_rebuild_from_raw_20260511/03_baselines/scripts/stage03_v03_vehicle_only_baselines.py:633: UserWarning: Glyph 26680 (\N{CJK UNIFIED IDEOGRAPH-6838}) missing from font(s) DejaVu Sans.
  fig.savefig(out_path, dpi=180)
/root/autodl-tmp/data_process/05_rebuild_from_raw_20260511/03_baselines/scripts/stage03_v03_vehicle_only_baselines.py:633: UserWarning: Glyph 27491 (\N{CJK UNIFIED IDEOGRAPH-6B63}) missing from font(s) DejaVu Sans.
  fig.savefig(out_path, dpi=180)
/root/autodl-tmp/data_process/05_rebuild_from_raw_20260511/03_baselines/scripts/stage03_v03_vehicle_only_baselines.py:633: UserWarning: Glyph 24120 (\N{CJK UNIFIED IDEOGRAPH-5E38}) missing from font(s) DejaVu Sans.
  fig.savefig(out_path, dpi=180)
/root/autodl-tmp/data_process/05_rebuild_from_raw_20260511/03_baselines/scripts/stage03_v03_vehicle_only_baselines.py:633: UserWarning: Glyph 39550 (\N{CJK UNIFIED IDEOGRAPH-9A7E}) missing from font(s) DejaVu Sans.
  fig.savefig(out_path, dpi=180)
/root/autodl-tmp/data_process/05_rebuild_from_raw_20260511/03_baselines/scripts/stage03_v03_vehicle_only_baselines.py:633: UserWarning: Glyph 39542 (\N{CJK UNIFIED IDEOGRAPH-9A76}) missing from font(s) DejaVu Sans.
  fig.savefig(out_path, dpi=180)
/root/autodl-tmp/data_process/05_rebuild_from_raw_20260511/03_baselines/scripts/stage03_v03_vehicle_only_baselines.py:633: UserWarning: Glyph 26222 (\N{CJK UNIFIED IDEOGRAPH-666E}) missing from font(s) DejaVu Sans.
  fig.savefig(out_path, dpi=180)
/root/autodl-tmp/data_process/05_rebuild_from_raw_20260511/03_baselines/scripts/stage03_v03_vehicle_only_baselines.py:633: UserWarning: Glyph 36890 (\N{CJK UNIFIED IDEOGRAPH-901A}) missing from font(s) DejaVu Sans.
  fig.savefig(out_path, dpi=180)
/root/autodl-tmp/data_process/05_rebuild_from_raw_20260511/03_baselines/scripts/stage03_v03_vehicle_only_baselines.py:633: UserWarning: Glyph 24367 (\N{CJK UNIFIED IDEOGRAPH-5F2F}) missing from font(s) DejaVu Sans.
  fig.savefig(out_path, dpi=180)
/root/autodl-tmp/data_process/05_rebuild_from_raw_20260511/03_baselines/scripts/stage03_v03_vehicle_only_baselines.py:633: UserWarning: Glyph 36947 (\N{CJK UNIFIED IDEOGRAPH-9053}) missing from font(s) DejaVu Sans.
  fig.savefig(out_path, dpi=180)
/root/autodl-tmp/data_process/05_rebuild_from_raw_20260511/03_baselines/scripts/stage03_v03_vehicle_only_baselines.py:633: UserWarning: Glyph 23545 (\N{CJK UNIFIED IDEOGRAPH-5BF9}) missing from font(s) DejaVu Sans.
  fig.savefig(out_path, dpi=180)
/root/autodl-tmp/data_process/05_rebuild_from_raw_20260511/03_baselines/scripts/stage03_v03_vehicle_only_baselines.py:633: UserWarning: Glyph 29031 (\N{CJK UNIFIED IDEOGRAPH-7167}) missing from font(s) DejaVu Sans.
  fig.savefig(out_path, dpi=180)
/root/autodl-tmp/data_process/05_rebuild_from_raw_20260511/03_baselines/scripts/stage03_v03_vehicle_only_baselines.py:633: UserWarning: Glyph 24378 (\N{CJK UNIFIED IDEOGRAPH-5F3A}) missing from font(s) DejaVu Sans.
  fig.savefig(out_path, dpi=180)
/root/autodl-tmp/data_process/05_rebuild_from_raw_20260511/03_baselines/scripts/stage03_v03_vehicle_only_baselines.py:633: UserWarning: Glyph 22411 (\N{CJK UNIFIED IDEOGRAPH-578B}) missing from font(s) DejaVu Sans.
  fig.savefig(out_path, dpi=180)
/root/autodl-tmp/data_process/05_rebuild_from_raw_20260511/03_baselines/scripts/stage03_v03_vehicle_only_baselines.py:633: UserWarning: Glyph 26497 (\N{CJK UNIFIED IDEOGRAPH-6781}) missing from font(s) DejaVu Sans.
  fig.savefig(out_path, dpi=180)
/root/autodl-tmp/data_process/05_rebuild_from_raw_20260511/03_baselines/scripts/stage03_v03_vehicle_only_baselines.py:633: UserWarning: Glyph 38480 (\N{CJK UNIFIED IDEOGRAPH-9650}) missing from font(s) DejaVu Sans.
  fig.savefig(out_path, dpi=180)
/root/autodl-tmp/data_process/05_rebuild_from_raw_20260511/03_baselines/scripts/stage03_v03_vehicle_only_baselines.py:633: UserWarning: Glyph 20917 (\N{CJK UNIFIED IDEOGRAPH-51B5}) missing from font(s) DejaVu Sans.
  fig.savefig(out_path, dpi=180)
/root/autodl-tmp/data_process/05_rebuild_from_raw_20260511/03_baselines/scripts/stage03_v03_vehicle_only_baselines.py:633: UserWarning: Glyph 24369 (\N{CJK UNIFIED IDEOGRAPH-5F31}) missing from font(s) DejaVu Sans.
  fig.savefig(out_path, dpi=180)
/root/autodl-tmp/data_process/05_rebuild_from_raw_20260511/03_baselines/scripts/stage03_v03_vehicle_only_baselines.py:633: UserWarning: Glyph 20445 (\N{CJK UNIFIED IDEOGRAPH-4FDD}) missing from font(s) DejaVu Sans.
  fig.savefig(out_path, dpi=180)
/root/autodl-tmp/data_process/05_rebuild_from_raw_20260511/03_baselines/scripts/stage03_v03_vehicle_only_baselines.py:633: UserWarning: Glyph 23432 (\N{CJK UNIFIED IDEOGRAPH-5B88}) missing from font(s) DejaVu Sans.
  fig.savefig(out_path, dpi=180)
/root/autodl-tmp/data_process/05_rebuild_from_raw_20260511/03_baselines/scripts/stage03_v03_vehicle_only_baselines.py:632: UserWarning: Glyph 24378 (\N{CJK UNIFIED IDEOGRAPH-5F3A}) missing from font(s) DejaVu Sans.
  fig.tight_layout(rect=(0, 0, 1, 0.97))
/root/autodl-tmp/data_process/05_rebuild_from_raw_20260511/03_baselines/scripts/stage03_v03_vehicle_only_baselines.py:632: UserWarning: Glyph 21709 (\N{CJK UNIFIED IDEOGRAPH-54CD}) missing from font(s) DejaVu Sans.
  fig.tight_layout(rect=(0, 0, 1, 0.97))
/root/autodl-tmp/data_process/05_rebuild_from_raw_20260511/03_baselines/scripts/stage03_v03_vehicle_only_baselines.py:632: UserWarning: Glyph 24212 (\N{CJK UNIFIED IDEOGRAPH-5E94}) missing from font(s) DejaVu Sans.
  fig.tight_layout(rect=(0, 0, 1, 0.97))
/root/autodl-tmp/data_process/05_rebuild_from_raw_20260511/03_baselines/scripts/stage03_v03_vehicle_only_baselines.py:632: UserWarning: Glyph 22411 (\N{CJK UNIFIED IDEOGRAPH-578B}) missing from font(s) DejaVu Sans.
  fig.tight_layout(rect=(0, 0, 1, 0.97))
/root/autodl-tmp/data_process/05_rebuild_from_raw_20260511/03_baselines/scripts/stage03_v03_vehicle_only_baselines.py:632: UserWarning: Glyph 26497 (\N{CJK UNIFIED IDEOGRAPH-6781}) missing from font(s) DejaVu Sans.
  fig.tight_layout(rect=(0, 0, 1, 0.97))
/root/autodl-tmp/data_process/05_rebuild_from_raw_20260511/03_baselines/scripts/stage03_v03_vehicle_only_baselines.py:632: UserWarning: Glyph 38480 (\N{CJK UNIFIED IDEOGRAPH-9650}) missing from font(s) DejaVu Sans.
  fig.tight_layout(rect=(0, 0, 1, 0.97))
/root/autodl-tmp/data_process/05_rebuild_from_raw_20260511/03_baselines/scripts/stage03_v03_vehicle_only_baselines.py:632: UserWarning: Glyph 24037 (\N{CJK UNIFIED IDEOGRAPH-5DE5}) missing from font(s) DejaVu Sans.
  fig.tight_layout(rect=(0, 0, 1, 0.97))
/root/autodl-tmp/data_process/05_rebuild_from_raw_20260511/03_baselines/scripts/stage03_v03_vehicle_only_baselines.py:632: UserWarning: Glyph 20917 (\N{CJK UNIFIED IDEOGRAPH-51B5}) missing from font(s) DejaVu Sans.
  fig.tight_layout(rect=(0, 0, 1, 0.97))
/root/autodl-tmp/data_process/05_rebuild_from_raw_20260511/03_baselines/scripts/stage03_v03_vehicle_only_baselines.py:632: UserWarning: Glyph 30495 (\N{CJK UNIFIED IDEOGRAPH-771F}) missing from font(s) DejaVu Sans.
  fig.tight_layout(rect=(0, 0, 1, 0.97))
/root/autodl-tmp/data_process/05_rebuild_from_raw_20260511/03_baselines/scripts/stage03_v03_vehicle_only_baselines.py:632: UserWarning: Glyph 23454 (\N{CJK UNIFIED IDEOGRAPH-5B9E}) missing from font(s) DejaVu Sans.
  fig.tight_layout(rect=(0, 0, 1, 0.97))
/root/autodl-tmp/data_process/05_rebuild_from_raw_20260511/03_baselines/scripts/stage03_v03_vehicle_only_baselines.py:632: UserWarning: Glyph 24369 (\N{CJK UNIFIED IDEOGRAPH-5F31}) missing from font(s) DejaVu Sans.
  fig.tight_layout(rect=(0, 0, 1, 0.97))
/root/autodl-tmp/data_process/05_rebuild_from_raw_20260511/03_baselines/scripts/stage03_v03_vehicle_only_baselines.py:632: UserWarning: Glyph 20445 (\N{CJK UNIFIED IDEOGRAPH-4FDD}) missing from font(s) DejaVu Sans.
  fig.tight_layout(rect=(0, 0, 1, 0.97))
/root/autodl-tmp/data_process/05_rebuild_from_raw_20260511/03_baselines/scripts/stage03_v03_vehicle_only_baselines.py:632: UserWarning: Glyph 23432 (\N{CJK UNIFIED IDEOGRAPH-5B88}) missing from font(s) DejaVu Sans.
  fig.tight_layout(rect=(0, 0, 1, 0.97))
/root/autodl-tmp/data_process/05_rebuild_from_raw_20260511/03_baselines/scripts/stage03_v03_vehicle_only_baselines.py:632: UserWarning: Glyph 24310 (\N{CJK UNIFIED IDEOGRAPH-5EF6}) missing from font(s) DejaVu Sans.
  fig.tight_layout(rect=(0, 0, 1, 0.97))
/root/autodl-tmp/data_process/05_rebuild_from_raw_20260511/03_baselines/scripts/stage03_v03_vehicle_only_baselines.py:632: UserWarning: Glyph 36831 (\N{CJK UNIFIED IDEOGRAPH-8FDF}) missing from font(s) DejaVu Sans.
  fig.tight_layout(rect=(0, 0, 1, 0.97))
/root/autodl-tmp/data_process/05_rebuild_from_raw_20260511/03_baselines/scripts/stage03_v03_vehicle_only_baselines.py:632: UserWarning: Glyph 25110 (\N{CJK UNIFIED IDEOGRAPH-6216}) missing from font(s) DejaVu Sans.
  fig.tight_layout(rect=(0, 0, 1, 0.97))
/root/autodl-tmp/data_process/05_rebuild_from_raw_20260511/03_baselines/scripts/stage03_v03_vehicle_only_baselines.py:632: UserWarning: Glyph 26080 (\N{CJK UNIFIED IDEOGRAPH-65E0}) missing from font(s) DejaVu Sans.
  fig.tight_layout(rect=(0, 0, 1, 0.97))
/root/autodl-tmp/data_process/05_rebuild_from_raw_20260511/03_baselines/scripts/stage03_v03_vehicle_only_baselines.py:632: UserWarning: Glyph 26126 (\N{CJK UNIFIED IDEOGRAPH-660E}) missing from font(s) DejaVu Sans.
  fig.tight_layout(rect=(0, 0, 1, 0.97))
/root/autodl-tmp/data_process/05_rebuild_from_raw_20260511/03_baselines/scripts/stage03_v03_vehicle_only_baselines.py:632: UserWarning: Glyph 26174 (\N{CJK UNIFIED IDEOGRAPH-663E}) missing from font(s) DejaVu Sans.
  fig.tight_layout(rect=(0, 0, 1, 0.97))
/root/autodl-tmp/data_process/05_rebuild_from_raw_20260511/03_baselines/scripts/stage03_v03_vehicle_only_baselines.py:632: UserWarning: Glyph 36716 (\N{CJK UNIFIED IDEOGRAPH-8F6C}) missing from font(s) DejaVu Sans.
  fig.tight_layout(rect=(0, 0, 1, 0.97))
/root/autodl-tmp/data_process/05_rebuild_from_raw_20260511/03_baselines/scripts/stage03_v03_vehicle_only_baselines.py:632: UserWarning: Glyph 21521 (\N{CJK UNIFIED IDEOGRAPH-5411}) missing from font(s) DejaVu Sans.
  fig.tight_layout(rect=(0, 0, 1, 0.97))
/root/autodl-tmp/data_process/05_rebuild_from_raw_20260511/03_baselines/scripts/stage03_v03_vehicle_only_baselines.py:632: UserWarning: Glyph 24453 (\N{CJK UNIFIED IDEOGRAPH-5F85}) missing from font(s) DejaVu Sans.
  fig.tight_layout(rect=(0, 0, 1, 0.97))
/root/autodl-tmp/data_process/05_rebuild_from_raw_20260511/03_baselines/scripts/stage03_v03_vehicle_only_baselines.py:632: UserWarning: Glyph 20154 (\N{CJK UNIFIED IDEOGRAPH-4EBA}) missing from font(s) DejaVu Sans.
  fig.tight_layout(rect=(0, 0, 1, 0.97))
/root/autodl-tmp/data_process/05_rebuild_from_raw_20260511/03_baselines/scripts/stage03_v03_vehicle_only_baselines.py:632: UserWarning: Glyph 22797 (\N{CJK UNIFIED IDEOGRAPH-590D}) missing from font(s) DejaVu Sans.
  fig.tight_layout(rect=(0, 0, 1, 0.97))
/root/autodl-tmp/data_process/05_rebuild_from_raw_20260511/03_baselines/scripts/stage03_v03_vehicle_only_baselines.py:632: UserWarning: Glyph 26680 (\N{CJK UNIFIED IDEOGRAPH-6838}) missing from font(s) DejaVu Sans.
  fig.tight_layout(rect=(0, 0, 1, 0.97))
/root/autodl-tmp/data_process/05_rebuild_from_raw_20260511/03_baselines/scripts/stage03_v03_vehicle_only_baselines.py:633: UserWarning: Glyph 24378 (\N{CJK UNIFIED IDEOGRAPH-5F3A}) missing from font(s) DejaVu Sans.
  fig.savefig(out_path, dpi=180)
/root/autodl-tmp/data_process/05_rebuild_from_raw_20260511/03_baselines/scripts/stage03_v03_vehicle_only_baselines.py:633: UserWarning: Glyph 21709 (\N{CJK UNIFIED IDEOGRAPH-54CD}) missing from font(s) DejaVu Sans.
  fig.savefig(out_path, dpi=180)
/root/autodl-tmp/data_process/05_rebuild_from_raw_20260511/03_baselines/scripts/stage03_v03_vehicle_only_baselines.py:633: UserWarning: Glyph 24212 (\N{CJK UNIFIED IDEOGRAPH-5E94}) missing from font(s) DejaVu Sans.
  fig.savefig(out_path, dpi=180)
/root/autodl-tmp/data_process/05_rebuild_from_raw_20260511/03_baselines/scripts/stage03_v03_vehicle_only_baselines.py:633: UserWarning: Glyph 22411 (\N{CJK UNIFIED IDEOGRAPH-578B}) missing from font(s) DejaVu Sans.
  fig.savefig(out_path, dpi=180)
/root/autodl-tmp/data_process/05_rebuild_from_raw_20260511/03_baselines/scripts/stage03_v03_vehicle_only_baselines.py:633: UserWarning: Glyph 26497 (\N{CJK UNIFIED IDEOGRAPH-6781}) missing from font(s) DejaVu Sans.
  fig.savefig(out_path, dpi=180)
/root/autodl-tmp/data_process/05_rebuild_from_raw_20260511/03_baselines/scripts/stage03_v03_vehicle_only_baselines.py:633: UserWarning: Glyph 38480 (\N{CJK UNIFIED IDEOGRAPH-9650}) missing from font(s) DejaVu Sans.
  fig.savefig(out_path, dpi=180)
/root/autodl-tmp/data_process/05_rebuild_from_raw_20260511/03_baselines/scripts/stage03_v03_vehicle_only_baselines.py:633: UserWarning: Glyph 24037 (\N{CJK UNIFIED IDEOGRAPH-5DE5}) missing from font(s) DejaVu Sans.
  fig.savefig(out_path, dpi=180)
/root/autodl-tmp/data_process/05_rebuild_from_raw_20260511/03_baselines/scripts/stage03_v03_vehicle_only_baselines.py:633: UserWarning: Glyph 20917 (\N{CJK UNIFIED IDEOGRAPH-51B5}) missing from font(s) DejaVu Sans.
  fig.savefig(out_path, dpi=180)
/root/autodl-tmp/data_process/05_rebuild_from_raw_20260511/03_baselines/scripts/stage03_v03_vehicle_only_baselines.py:633: UserWarning: Glyph 30495 (\N{CJK UNIFIED IDEOGRAPH-771F}) missing from font(s) DejaVu Sans.
  fig.savefig(out_path, dpi=180)
/root/autodl-tmp/data_process/05_rebuild_from_raw_20260511/03_baselines/scripts/stage03_v03_vehicle_only_baselines.py:633: UserWarning: Glyph 23454 (\N{CJK UNIFIED IDEOGRAPH-5B9E}) missing from font(s) DejaVu Sans.
  fig.savefig(out_path, dpi=180)
/root/autodl-tmp/data_process/05_rebuild_from_raw_20260511/03_baselines/scripts/stage03_v03_vehicle_only_baselines.py:633: UserWarning: Glyph 24369 (\N{CJK UNIFIED IDEOGRAPH-5F31}) missing from font(s) DejaVu Sans.
  fig.savefig(out_path, dpi=180)
/root/autodl-tmp/data_process/05_rebuild_from_raw_20260511/03_baselines/scripts/stage03_v03_vehicle_only_baselines.py:633: UserWarning: Glyph 20445 (\N{CJK UNIFIED IDEOGRAPH-4FDD}) missing from font(s) DejaVu Sans.
  fig.savefig(out_path, dpi=180)
/root/autodl-tmp/data_process/05_rebuild_from_raw_20260511/03_baselines/scripts/stage03_v03_vehicle_only_baselines.py:633: UserWarning: Glyph 23432 (\N{CJK UNIFIED IDEOGRAPH-5B88}) missing from font(s) DejaVu Sans.
  fig.savefig(out_path, dpi=180)
/root/autodl-tmp/data_process/05_rebuild_from_raw_20260511/03_baselines/scripts/stage03_v03_vehicle_only_baselines.py:633: UserWarning: Glyph 24310 (\N{CJK UNIFIED IDEOGRAPH-5EF6}) missing from font(s) DejaVu Sans.
  fig.savefig(out_path, dpi=180)
/root/autodl-tmp/data_process/05_rebuild_from_raw_20260511/03_baselines/scripts/stage03_v03_vehicle_only_baselines.py:633: UserWarning: Glyph 36831 (\N{CJK UNIFIED IDEOGRAPH-8FDF}) missing from font(s) DejaVu Sans.
  fig.savefig(out_path, dpi=180)
/root/autodl-tmp/data_process/05_rebuild_from_raw_20260511/03_baselines/scripts/stage03_v03_vehicle_only_baselines.py:633: UserWarning: Glyph 25110 (\N{CJK UNIFIED IDEOGRAPH-6216}) missing from font(s) DejaVu Sans.
  fig.savefig(out_path, dpi=180)
/root/autodl-tmp/data_process/05_rebuild_from_raw_20260511/03_baselines/scripts/stage03_v03_vehicle_only_baselines.py:633: UserWarning: Glyph 26080 (\N{CJK UNIFIED IDEOGRAPH-65E0}) missing from font(s) DejaVu Sans.
  fig.savefig(out_path, dpi=180)
/root/autodl-tmp/data_process/05_rebuild_from_raw_20260511/03_baselines/scripts/stage03_v03_vehicle_only_baselines.py:633: UserWarning: Glyph 26126 (\N{CJK UNIFIED IDEOGRAPH-660E}) missing from font(s) DejaVu Sans.
  fig.savefig(out_path, dpi=180)
/root/autodl-tmp/data_process/05_rebuild_from_raw_20260511/03_baselines/scripts/stage03_v03_vehicle_only_baselines.py:633: UserWarning: Glyph 26174 (\N{CJK UNIFIED IDEOGRAPH-663E}) missing from font(s) DejaVu Sans.
  fig.savefig(out_path, dpi=180)
/root/autodl-tmp/data_process/05_rebuild_from_raw_20260511/03_baselines/scripts/stage03_v03_vehicle_only_baselines.py:633: UserWarning: Glyph 36716 (\N{CJK UNIFIED IDEOGRAPH-8F6C}) missing from font(s) DejaVu Sans.
  fig.savefig(out_path, dpi=180)
/root/autodl-tmp/data_process/05_rebuild_from_raw_20260511/03_baselines/scripts/stage03_v03_vehicle_only_baselines.py:633: UserWarning: Glyph 21521 (\N{CJK UNIFIED IDEOGRAPH-5411}) missing from font(s) DejaVu Sans.
  fig.savefig(out_path, dpi=180)
/root/autodl-tmp/data_process/05_rebuild_from_raw_20260511/03_baselines/scripts/stage03_v03_vehicle_only_baselines.py:633: UserWarning: Glyph 24453 (\N{CJK UNIFIED IDEOGRAPH-5F85}) missing from font(s) DejaVu Sans.
  fig.savefig(out_path, dpi=180)
/root/autodl-tmp/data_process/05_rebuild_from_raw_20260511/03_baselines/scripts/stage03_v03_vehicle_only_baselines.py:633: UserWarning: Glyph 20154 (\N{CJK UNIFIED IDEOGRAPH-4EBA}) missing from font(s) DejaVu Sans.
  fig.savefig(out_path, dpi=180)
/root/autodl-tmp/data_process/05_rebuild_from_raw_20260511/03_baselines/scripts/stage03_v03_vehicle_only_baselines.py:633: UserWarning: Glyph 22797 (\N{CJK UNIFIED IDEOGRAPH-590D}) missing from font(s) DejaVu Sans.
  fig.savefig(out_path, dpi=180)
/root/autodl-tmp/data_process/05_rebuild_from_raw_20260511/03_baselines/scripts/stage03_v03_vehicle_only_baselines.py:633: UserWarning: Glyph 26680 (\N{CJK UNIFIED IDEOGRAPH-6838}) missing from font(s) DejaVu Sans.
  fig.savefig(out_path, dpi=180)
run v03_plus_review_excluded_all_no_lateral
fit numpy baselines features=249 train=921 val=270
/root/autodl-tmp/data_process/05_rebuild_from_raw_20260511/03_baselines/scripts/stage03_v03_vehicle_only_baselines.py:632: UserWarning: Glyph 24310 (\N{CJK UNIFIED IDEOGRAPH-5EF6}) missing from font(s) DejaVu Sans.
  fig.tight_layout(rect=(0, 0, 1, 0.97))
/root/autodl-tmp/data_process/05_rebuild_from_raw_20260511/03_baselines/scripts/stage03_v03_vehicle_only_baselines.py:632: UserWarning: Glyph 36831 (\N{CJK UNIFIED IDEOGRAPH-8FDF}) missing from font(s) DejaVu Sans.
  fig.tight_layout(rect=(0, 0, 1, 0.97))
/root/autodl-tmp/data_process/05_rebuild_from_raw_20260511/03_baselines/scripts/stage03_v03_vehicle_only_baselines.py:632: UserWarning: Glyph 25110 (\N{CJK UNIFIED IDEOGRAPH-6216}) missing from font(s) DejaVu Sans.
  fig.tight_layout(rect=(0, 0, 1, 0.97))
/root/autodl-tmp/data_process/05_rebuild_from_raw_20260511/03_baselines/scripts/stage03_v03_vehicle_only_baselines.py:632: UserWarning: Glyph 26080 (\N{CJK UNIFIED IDEOGRAPH-65E0}) missing from font(s) DejaVu Sans.
  fig.tight_layout(rect=(0, 0, 1, 0.97))
/root/autodl-tmp/data_process/05_rebuild_from_raw_20260511/03_baselines/scripts/stage03_v03_vehicle_only_baselines.py:632: UserWarning: Glyph 26126 (\N{CJK UNIFIED IDEOGRAPH-660E}) missing from font(s) DejaVu Sans.
  fig.tight_layout(rect=(0, 0, 1, 0.97))
/root/autodl-tmp/data_process/05_rebuild_from_raw_20260511/03_baselines/scripts/stage03_v03_vehicle_only_baselines.py:632: UserWarning: Glyph 26174 (\N{CJK UNIFIED IDEOGRAPH-663E}) missing from font(s) DejaVu Sans.
  fig.tight_layout(rect=(0, 0, 1, 0.97))
/root/autodl-tmp/data_process/05_rebuild_from_raw_20260511/03_baselines/scripts/stage03_v03_vehicle_only_baselines.py:632: UserWarning: Glyph 36716 (\N{CJK UNIFIED IDEOGRAPH-8F6C}) missing from font(s) DejaVu Sans.
  fig.tight_layout(rect=(0, 0, 1, 0.97))
/root/autodl-tmp/data_process/05_rebuild_from_raw_20260511/03_baselines/scripts/stage03_v03_vehicle_only_baselines.py:632: UserWarning: Glyph 21521 (\N{CJK UNIFIED IDEOGRAPH-5411}) missing from font(s) DejaVu Sans.
  fig.tight_layout(rect=(0, 0, 1, 0.97))
/root/autodl-tmp/data_process/05_rebuild_from_raw_20260511/03_baselines/scripts/stage03_v03_vehicle_only_baselines.py:632: UserWarning: Glyph 21709 (\N{CJK UNIFIED IDEOGRAPH-54CD}) missing from font(s) DejaVu Sans.
  fig.tight_layout(rect=(0, 0, 1, 0.97))
/root/autodl-tmp/data_process/05_rebuild_from_raw_20260511/03_baselines/scripts/stage03_v03_vehicle_only_baselines.py:632: UserWarning: Glyph 24212 (\N{CJK UNIFIED IDEOGRAPH-5E94}) missing from font(s) DejaVu Sans.
  fig.tight_layout(rect=(0, 0, 1, 0.97))
/root/autodl-tmp/data_process/05_rebuild_from_raw_20260511/03_baselines/scripts/stage03_v03_vehicle_only_baselines.py:632: UserWarning: Glyph 30495 (\N{CJK UNIFIED IDEOGRAPH-771F}) missing from font(s) DejaVu Sans.
  fig.tight_layout(rect=(0, 0, 1, 0.97))
/root/autodl-tmp/data_process/05_rebuild_from_raw_20260511/03_baselines/scripts/stage03_v03_vehicle_only_baselines.py:632: UserWarning: Glyph 23454 (\N{CJK UNIFIED IDEOGRAPH-5B9E}) missing from font(s) DejaVu Sans.
  fig.tight_layout(rect=(0, 0, 1, 0.97))
/root/autodl-tmp/data_process/05_rebuild_from_raw_20260511/03_baselines/scripts/stage03_v03_vehicle_only_baselines.py:632: UserWarning: Glyph 25490 (\N{CJK UNIFIED IDEOGRAPH-6392}) missing from font(s) DejaVu Sans.
  fig.tight_layout(rect=(0, 0, 1, 0.97))
/root/autodl-tmp/data_process/05_rebuild_from_raw_20260511/03_baselines/scripts/stage03_v03_vehicle_only_baselines.py:632: UserWarning: Glyph 38500 (\N{CJK UNIFIED IDEOGRAPH-9664}) missing from font(s) DejaVu Sans.
  fig.tight_layout(rect=(0, 0, 1, 0.97))
/root/autodl-tmp/data_process/05_rebuild_from_raw_20260511/03_baselines/scripts/stage03_v03_vehicle_only_baselines.py:632: UserWarning: Glyph 26679 (\N{CJK UNIFIED IDEOGRAPH-6837}) missing from font(s) DejaVu Sans.
  fig.tight_layout(rect=(0, 0, 1, 0.97))
/root/autodl-tmp/data_process/05_rebuild_from_raw_20260511/03_baselines/scripts/stage03_v03_vehicle_only_baselines.py:632: UserWarning: Glyph 26412 (\N{CJK UNIFIED IDEOGRAPH-672C}) missing from font(s) DejaVu Sans.
  fig.tight_layout(rect=(0, 0, 1, 0.97))
/root/autodl-tmp/data_process/05_rebuild_from_raw_20260511/03_baselines/scripts/stage03_v03_vehicle_only_baselines.py:632: UserWarning: Glyph 24453 (\N{CJK UNIFIED IDEOGRAPH-5F85}) missing from font(s) DejaVu Sans.
  fig.tight_layout(rect=(0, 0, 1, 0.97))
/root/autodl-tmp/data_process/05_rebuild_from_raw_20260511/03_baselines/scripts/stage03_v03_vehicle_only_baselines.py:632: UserWarning: Glyph 20154 (\N{CJK UNIFIED IDEOGRAPH-4EBA}) missing from font(s) DejaVu Sans.
  fig.tight_layout(rect=(0, 0, 1, 0.97))
/root/autodl-tmp/data_process/05_rebuild_from_raw_20260511/03_baselines/scripts/stage03_v03_vehicle_only_baselines.py:632: UserWarning: Glyph 24037 (\N{CJK UNIFIED IDEOGRAPH-5DE5}) missing from font(s) DejaVu Sans.
  fig.tight_layout(rect=(0, 0, 1, 0.97))
/root/autodl-tmp/data_process/05_rebuild_from_raw_20260511/03_baselines/scripts/stage03_v03_vehicle_only_baselines.py:632: UserWarning: Glyph 22797 (\N{CJK UNIFIED IDEOGRAPH-590D}) missing from font(s) DejaVu Sans.
  fig.tight_layout(rect=(0, 0, 1, 0.97))
/root/autodl-tmp/data_process/05_rebuild_from_raw_20260511/03_baselines/scripts/stage03_v03_vehicle_only_baselines.py:632: UserWarning: Glyph 26680 (\N{CJK UNIFIED IDEOGRAPH-6838}) missing from font(s) DejaVu Sans.
  fig.tight_layout(rect=(0, 0, 1, 0.97))
/root/autodl-tmp/data_process/05_rebuild_from_raw_20260511/03_baselines/scripts/stage03_v03_vehicle_only_baselines.py:632: UserWarning: Glyph 27491 (\N{CJK UNIFIED IDEOGRAPH-6B63}) missing from font(s) DejaVu Sans.
  fig.tight_layout(rect=(0, 0, 1, 0.97))
/root/autodl-tmp/data_process/05_rebuild_from_raw_20260511/03_baselines/scripts/stage03_v03_vehicle_only_baselines.py:632: UserWarning: Glyph 24120 (\N{CJK UNIFIED IDEOGRAPH-5E38}) missing from font(s) DejaVu Sans.
  fig.tight_layout(rect=(0, 0, 1, 0.97))
/root/autodl-tmp/data_process/05_rebuild_from_raw_20260511/03_baselines/scripts/stage03_v03_vehicle_only_baselines.py:632: UserWarning: Glyph 39550 (\N{CJK UNIFIED IDEOGRAPH-9A7E}) missing from font(s) DejaVu Sans.
  fig.tight_layout(rect=(0, 0, 1, 0.97))
/root/autodl-tmp/data_process/05_rebuild_from_raw_20260511/03_baselines/scripts/stage03_v03_vehicle_only_baselines.py:632: UserWarning: Glyph 39542 (\N{CJK UNIFIED IDEOGRAPH-9A76}) missing from font(s) DejaVu Sans.
  fig.tight_layout(rect=(0, 0, 1, 0.97))
/root/autodl-tmp/data_process/05_rebuild_from_raw_20260511/03_baselines/scripts/stage03_v03_vehicle_only_baselines.py:632: UserWarning: Glyph 26222 (\N{CJK UNIFIED IDEOGRAPH-666E}) missing from font(s) DejaVu Sans.
  fig.tight_layout(rect=(0, 0, 1, 0.97))
/root/autodl-tmp/data_process/05_rebuild_from_raw_20260511/03_baselines/scripts/stage03_v03_vehicle_only_baselines.py:632: UserWarning: Glyph 36890 (\N{CJK UNIFIED IDEOGRAPH-901A}) missing from font(s) DejaVu Sans.
  fig.tight_layout(rect=(0, 0, 1, 0.97))
/root/autodl-tmp/data_process/05_rebuild_from_raw_20260511/03_baselines/scripts/stage03_v03_vehicle_only_baselines.py:632: UserWarning: Glyph 24367 (\N{CJK UNIFIED IDEOGRAPH-5F2F}) missing from font(s) DejaVu Sans.
  fig.tight_layout(rect=(0, 0, 1, 0.97))
/root/autodl-tmp/data_process/05_rebuild_from_raw_20260511/03_baselines/scripts/stage03_v03_vehicle_only_baselines.py:632: UserWarning: Glyph 36947 (\N{CJK UNIFIED IDEOGRAPH-9053}) missing from font(s) DejaVu Sans.
  fig.tight_layout(rect=(0, 0, 1, 0.97))
/root/autodl-tmp/data_process/05_rebuild_from_raw_20260511/03_baselines/scripts/stage03_v03_vehicle_only_baselines.py:632: UserWarning: Glyph 23545 (\N{CJK UNIFIED IDEOGRAPH-5BF9}) missing from font(s) DejaVu Sans.
  fig.tight_layout(rect=(0, 0, 1, 0.97))
/root/autodl-tmp/data_process/05_rebuild_from_raw_20260511/03_baselines/scripts/stage03_v03_vehicle_only_baselines.py:632: UserWarning: Glyph 29031 (\N{CJK UNIFIED IDEOGRAPH-7167}) missing from font(s) DejaVu Sans.
  fig.tight_layout(rect=(0, 0, 1, 0.97))
/root/autodl-tmp/data_process/05_rebuild_from_raw_20260511/03_baselines/scripts/stage03_v03_vehicle_only_baselines.py:632: UserWarning: Glyph 24378 (\N{CJK UNIFIED IDEOGRAPH-5F3A}) missing from font(s) DejaVu Sans.
  fig.tight_layout(rect=(0, 0, 1, 0.97))
/root/autodl-tmp/data_process/05_rebuild_from_raw_20260511/03_baselines/scripts/stage03_v03_vehicle_only_baselines.py:632: UserWarning: Glyph 22411 (\N{CJK UNIFIED IDEOGRAPH-578B}) missing from font(s) DejaVu Sans.
  fig.tight_layout(rect=(0, 0, 1, 0.97))
/root/autodl-tmp/data_process/05_rebuild_from_raw_20260511/03_baselines/scripts/stage03_v03_vehicle_only_baselines.py:632: UserWarning: Glyph 26497 (\N{CJK UNIFIED IDEOGRAPH-6781}) missing from font(s) DejaVu Sans.
  fig.tight_layout(rect=(0, 0, 1, 0.97))
/root/autodl-tmp/data_process/05_rebuild_from_raw_20260511/03_baselines/scripts/stage03_v03_vehicle_only_baselines.py:632: UserWarning: Glyph 38480 (\N{CJK UNIFIED IDEOGRAPH-9650}) missing from font(s) DejaVu Sans.
  fig.tight_layout(rect=(0, 0, 1, 0.97))
/root/autodl-tmp/data_process/05_rebuild_from_raw_20260511/03_baselines/scripts/stage03_v03_vehicle_only_baselines.py:632: UserWarning: Glyph 20917 (\N{CJK UNIFIED IDEOGRAPH-51B5}) missing from font(s) DejaVu Sans.
  fig.tight_layout(rect=(0, 0, 1, 0.97))
/root/autodl-tmp/data_process/05_rebuild_from_raw_20260511/03_baselines/scripts/stage03_v03_vehicle_only_baselines.py:633: UserWarning: Glyph 24310 (\N{CJK UNIFIED IDEOGRAPH-5EF6}) missing from font(s) DejaVu Sans.
  fig.savefig(out_path, dpi=180)
/root/autodl-tmp/data_process/05_rebuild_from_raw_20260511/03_baselines/scripts/stage03_v03_vehicle_only_baselines.py:633: UserWarning: Glyph 36831 (\N{CJK UNIFIED IDEOGRAPH-8FDF}) missing from font(s) DejaVu Sans.
  fig.savefig(out_path, dpi=180)
/root/autodl-tmp/data_process/05_rebuild_from_raw_20260511/03_baselines/scripts/stage03_v03_vehicle_only_baselines.py:633: UserWarning: Glyph 25110 (\N{CJK UNIFIED IDEOGRAPH-6216}) missing from font(s) DejaVu Sans.
  fig.savefig(out_path, dpi=180)
/root/autodl-tmp/data_process/05_rebuild_from_raw_20260511/03_baselines/scripts/stage03_v03_vehicle_only_baselines.py:633: UserWarning: Glyph 26080 (\N{CJK UNIFIED IDEOGRAPH-65E0}) missing from font(s) DejaVu Sans.
  fig.savefig(out_path, dpi=180)
/root/autodl-tmp/data_process/05_rebuild_from_raw_20260511/03_baselines/scripts/stage03_v03_vehicle_only_baselines.py:633: UserWarning: Glyph 26126 (\N{CJK UNIFIED IDEOGRAPH-660E}) missing from font(s) DejaVu Sans.
  fig.savefig(out_path, dpi=180)
/root/autodl-tmp/data_process/05_rebuild_from_raw_20260511/03_baselines/scripts/stage03_v03_vehicle_only_baselines.py:633: UserWarning: Glyph 26174 (\N{CJK UNIFIED IDEOGRAPH-663E}) missing from font(s) DejaVu Sans.
  fig.savefig(out_path, dpi=180)
/root/autodl-tmp/data_process/05_rebuild_from_raw_20260511/03_baselines/scripts/stage03_v03_vehicle_only_baselines.py:633: UserWarning: Glyph 36716 (\N{CJK UNIFIED IDEOGRAPH-8F6C}) missing from font(s) DejaVu Sans.
  fig.savefig(out_path, dpi=180)
/root/autodl-tmp/data_process/05_rebuild_from_raw_20260511/03_baselines/scripts/stage03_v03_vehicle_only_baselines.py:633: UserWarning: Glyph 21521 (\N{CJK UNIFIED IDEOGRAPH-5411}) missing from font(s) DejaVu Sans.
  fig.savefig(out_path, dpi=180)
/root/autodl-tmp/data_process/05_rebuild_from_raw_20260511/03_baselines/scripts/stage03_v03_vehicle_only_baselines.py:633: UserWarning: Glyph 21709 (\N{CJK UNIFIED IDEOGRAPH-54CD}) missing from font(s) DejaVu Sans.
  fig.savefig(out_path, dpi=180)
/root/autodl-tmp/data_process/05_rebuild_from_raw_20260511/03_baselines/scripts/stage03_v03_vehicle_only_baselines.py:633: UserWarning: Glyph 24212 (\N{CJK UNIFIED IDEOGRAPH-5E94}) missing from font(s) DejaVu Sans.
  fig.savefig(out_path, dpi=180)
/root/autodl-tmp/data_process/05_rebuild_from_raw_20260511/03_baselines/scripts/stage03_v03_vehicle_only_baselines.py:633: UserWarning: Glyph 30495 (\N{CJK UNIFIED IDEOGRAPH-771F}) missing from font(s) DejaVu Sans.
  fig.savefig(out_path, dpi=180)
/root/autodl-tmp/data_process/05_rebuild_from_raw_20260511/03_baselines/scripts/stage03_v03_vehicle_only_baselines.py:633: UserWarning: Glyph 23454 (\N{CJK UNIFIED IDEOGRAPH-5B9E}) missing from font(s) DejaVu Sans.
  fig.savefig(out_path, dpi=180)
/root/autodl-tmp/data_process/05_rebuild_from_raw_20260511/03_baselines/scripts/stage03_v03_vehicle_only_baselines.py:633: UserWarning: Glyph 25490 (\N{CJK UNIFIED IDEOGRAPH-6392}) missing from font(s) DejaVu Sans.
  fig.savefig(out_path, dpi=180)
/root/autodl-tmp/data_process/05_rebuild_from_raw_20260511/03_baselines/scripts/stage03_v03_vehicle_only_baselines.py:633: UserWarning: Glyph 38500 (\N{CJK UNIFIED IDEOGRAPH-9664}) missing from font(s) DejaVu Sans.
  fig.savefig(out_path, dpi=180)
/root/autodl-tmp/data_process/05_rebuild_from_raw_20260511/03_baselines/scripts/stage03_v03_vehicle_only_baselines.py:633: UserWarning: Glyph 26679 (\N{CJK UNIFIED IDEOGRAPH-6837}) missing from font(s) DejaVu Sans.
  fig.savefig(out_path, dpi=180)
/root/autodl-tmp/data_process/05_rebuild_from_raw_20260511/03_baselines/scripts/stage03_v03_vehicle_only_baselines.py:633: UserWarning: Glyph 26412 (\N{CJK UNIFIED IDEOGRAPH-672C}) missing from font(s) DejaVu Sans.
  fig.savefig(out_path, dpi=180)
/root/autodl-tmp/data_process/05_rebuild_from_raw_20260511/03_baselines/scripts/stage03_v03_vehicle_only_baselines.py:633: UserWarning: Glyph 24453 (\N{CJK UNIFIED IDEOGRAPH-5F85}) missing from font(s) DejaVu Sans.
  fig.savefig(out_path, dpi=180)
/root/autodl-tmp/data_process/05_rebuild_from_raw_20260511/03_baselines/scripts/stage03_v03_vehicle_only_baselines.py:633: UserWarning: Glyph 20154 (\N{CJK UNIFIED IDEOGRAPH-4EBA}) missing from font(s) DejaVu Sans.
  fig.savefig(out_path, dpi=180)
/root/autodl-tmp/data_process/05_rebuild_from_raw_20260511/03_baselines/scripts/stage03_v03_vehicle_only_baselines.py:633: UserWarning: Glyph 24037 (\N{CJK UNIFIED IDEOGRAPH-5DE5}) missing from font(s) DejaVu Sans.
  fig.savefig(out_path, dpi=180)
/root/autodl-tmp/data_process/05_rebuild_from_raw_20260511/03_baselines/scripts/stage03_v03_vehicle_only_baselines.py:633: UserWarning: Glyph 22797 (\N{CJK UNIFIED IDEOGRAPH-590D}) missing from font(s) DejaVu Sans.
  fig.savefig(out_path, dpi=180)
/root/autodl-tmp/data_process/05_rebuild_from_raw_20260511/03_baselines/scripts/stage03_v03_vehicle_only_baselines.py:633: UserWarning: Glyph 26680 (\N{CJK UNIFIED IDEOGRAPH-6838}) missing from font(s) DejaVu Sans.
  fig.savefig(out_path, dpi=180)
/root/autodl-tmp/data_process/05_rebuild_from_raw_20260511/03_baselines/scripts/stage03_v03_vehicle_only_baselines.py:633: UserWarning: Glyph 27491 (\N{CJK UNIFIED IDEOGRAPH-6B63}) missing from font(s) DejaVu Sans.
  fig.savefig(out_path, dpi=180)
/root/autodl-tmp/data_process/05_rebuild_from_raw_20260511/03_baselines/scripts/stage03_v03_vehicle_only_baselines.py:633: UserWarning: Glyph 24120 (\N{CJK UNIFIED IDEOGRAPH-5E38}) missing from font(s) DejaVu Sans.
  fig.savefig(out_path, dpi=180)
/root/autodl-tmp/data_process/05_rebuild_from_raw_20260511/03_baselines/scripts/stage03_v03_vehicle_only_baselines.py:633: UserWarning: Glyph 39550 (\N{CJK UNIFIED IDEOGRAPH-9A7E}) missing from font(s) DejaVu Sans.
  fig.savefig(out_path, dpi=180)
/root/autodl-tmp/data_process/05_rebuild_from_raw_20260511/03_baselines/scripts/stage03_v03_vehicle_only_baselines.py:633: UserWarning: Glyph 39542 (\N{CJK UNIFIED IDEOGRAPH-9A76}) missing from font(s) DejaVu Sans.
  fig.savefig(out_path, dpi=180)
/root/autodl-tmp/data_process/05_rebuild_from_raw_20260511/03_baselines/scripts/stage03_v03_vehicle_only_baselines.py:633: UserWarning: Glyph 26222 (\N{CJK UNIFIED IDEOGRAPH-666E}) missing from font(s) DejaVu Sans.
  fig.savefig(out_path, dpi=180)
/root/autodl-tmp/data_process/05_rebuild_from_raw_20260511/03_baselines/scripts/stage03_v03_vehicle_only_baselines.py:633: UserWarning: Glyph 36890 (\N{CJK UNIFIED IDEOGRAPH-901A}) missing from font(s) DejaVu Sans.
  fig.savefig(out_path, dpi=180)
/root/autodl-tmp/data_process/05_rebuild_from_raw_20260511/03_baselines/scripts/stage03_v03_vehicle_only_baselines.py:633: UserWarning: Glyph 24367 (\N{CJK UNIFIED IDEOGRAPH-5F2F}) missing from font(s) DejaVu Sans.
  fig.savefig(out_path, dpi=180)
/root/autodl-tmp/data_process/05_rebuild_from_raw_20260511/03_baselines/scripts/stage03_v03_vehicle_only_baselines.py:633: UserWarning: Glyph 36947 (\N{CJK UNIFIED IDEOGRAPH-9053}) missing from font(s) DejaVu Sans.
  fig.savefig(out_path, dpi=180)
/root/autodl-tmp/data_process/05_rebuild_from_raw_20260511/03_baselines/scripts/stage03_v03_vehicle_only_baselines.py:633: UserWarning: Glyph 23545 (\N{CJK UNIFIED IDEOGRAPH-5BF9}) missing from font(s) DejaVu Sans.
  fig.savefig(out_path, dpi=180)
/root/autodl-tmp/data_process/05_rebuild_from_raw_20260511/03_baselines/scripts/stage03_v03_vehicle_only_baselines.py:633: UserWarning: Glyph 29031 (\N{CJK UNIFIED IDEOGRAPH-7167}) missing from font(s) DejaVu Sans.
  fig.savefig(out_path, dpi=180)
/root/autodl-tmp/data_process/05_rebuild_from_raw_20260511/03_baselines/scripts/stage03_v03_vehicle_only_baselines.py:633: UserWarning: Glyph 24378 (\N{CJK UNIFIED IDEOGRAPH-5F3A}) missing from font(s) DejaVu Sans.
  fig.savefig(out_path, dpi=180)
/root/autodl-tmp/data_process/05_rebuild_from_raw_20260511/03_baselines/scripts/stage03_v03_vehicle_only_baselines.py:633: UserWarning: Glyph 22411 (\N{CJK UNIFIED IDEOGRAPH-578B}) missing from font(s) DejaVu Sans.
  fig.savefig(out_path, dpi=180)
/root/autodl-tmp/data_process/05_rebuild_from_raw_20260511/03_baselines/scripts/stage03_v03_vehicle_only_baselines.py:633: UserWarning: Glyph 26497 (\N{CJK UNIFIED IDEOGRAPH-6781}) missing from font(s) DejaVu Sans.
  fig.savefig(out_path, dpi=180)
/root/autodl-tmp/data_process/05_rebuild_from_raw_20260511/03_baselines/scripts/stage03_v03_vehicle_only_baselines.py:633: UserWarning: Glyph 38480 (\N{CJK UNIFIED IDEOGRAPH-9650}) missing from font(s) DejaVu Sans.
  fig.savefig(out_path, dpi=180)
/root/autodl-tmp/data_process/05_rebuild_from_raw_20260511/03_baselines/scripts/stage03_v03_vehicle_only_baselines.py:633: UserWarning: Glyph 20917 (\N{CJK UNIFIED IDEOGRAPH-51B5}) missing from font(s) DejaVu Sans.
  fig.savefig(out_path, dpi=180)
/root/autodl-tmp/data_process/05_rebuild_from_raw_20260511/03_baselines/scripts/stage03_v03_vehicle_only_baselines.py:632: UserWarning: Glyph 24378 (\N{CJK UNIFIED IDEOGRAPH-5F3A}) missing from font(s) DejaVu Sans.
  fig.tight_layout(rect=(0, 0, 1, 0.97))
/root/autodl-tmp/data_process/05_rebuild_from_raw_20260511/03_baselines/scripts/stage03_v03_vehicle_only_baselines.py:632: UserWarning: Glyph 21709 (\N{CJK UNIFIED IDEOGRAPH-54CD}) missing from font(s) DejaVu Sans.
  fig.tight_layout(rect=(0, 0, 1, 0.97))
/root/autodl-tmp/data_process/05_rebuild_from_raw_20260511/03_baselines/scripts/stage03_v03_vehicle_only_baselines.py:632: UserWarning: Glyph 24212 (\N{CJK UNIFIED IDEOGRAPH-5E94}) missing from font(s) DejaVu Sans.
  fig.tight_layout(rect=(0, 0, 1, 0.97))
/root/autodl-tmp/data_process/05_rebuild_from_raw_20260511/03_baselines/scripts/stage03_v03_vehicle_only_baselines.py:632: UserWarning: Glyph 22411 (\N{CJK UNIFIED IDEOGRAPH-578B}) missing from font(s) DejaVu Sans.
  fig.tight_layout(rect=(0, 0, 1, 0.97))
/root/autodl-tmp/data_process/05_rebuild_from_raw_20260511/03_baselines/scripts/stage03_v03_vehicle_only_baselines.py:632: UserWarning: Glyph 26497 (\N{CJK UNIFIED IDEOGRAPH-6781}) missing from font(s) DejaVu Sans.
  fig.tight_layout(rect=(0, 0, 1, 0.97))
/root/autodl-tmp/data_process/05_rebuild_from_raw_20260511/03_baselines/scripts/stage03_v03_vehicle_only_baselines.py:632: UserWarning: Glyph 38480 (\N{CJK UNIFIED IDEOGRAPH-9650}) missing from font(s) DejaVu Sans.
  fig.tight_layout(rect=(0, 0, 1, 0.97))
/root/autodl-tmp/data_process/05_rebuild_from_raw_20260511/03_baselines/scripts/stage03_v03_vehicle_only_baselines.py:632: UserWarning: Glyph 24037 (\N{CJK UNIFIED IDEOGRAPH-5DE5}) missing from font(s) DejaVu Sans.
  fig.tight_layout(rect=(0, 0, 1, 0.97))
/root/autodl-tmp/data_process/05_rebuild_from_raw_20260511/03_baselines/scripts/stage03_v03_vehicle_only_baselines.py:632: UserWarning: Glyph 20917 (\N{CJK UNIFIED IDEOGRAPH-51B5}) missing from font(s) DejaVu Sans.
  fig.tight_layout(rect=(0, 0, 1, 0.97))
/root/autodl-tmp/data_process/05_rebuild_from_raw_20260511/03_baselines/scripts/stage03_v03_vehicle_only_baselines.py:632: UserWarning: Glyph 30495 (\N{CJK UNIFIED IDEOGRAPH-771F}) missing from font(s) DejaVu Sans.
  fig.tight_layout(rect=(0, 0, 1, 0.97))
/root/autodl-tmp/data_process/05_rebuild_from_raw_20260511/03_baselines/scripts/stage03_v03_vehicle_only_baselines.py:632: UserWarning: Glyph 23454 (\N{CJK UNIFIED IDEOGRAPH-5B9E}) missing from font(s) DejaVu Sans.
  fig.tight_layout(rect=(0, 0, 1, 0.97))
/root/autodl-tmp/data_process/05_rebuild_from_raw_20260511/03_baselines/scripts/stage03_v03_vehicle_only_baselines.py:632: UserWarning: Glyph 25490 (\N{CJK UNIFIED IDEOGRAPH-6392}) missing from font(s) DejaVu Sans.
  fig.tight_layout(rect=(0, 0, 1, 0.97))
/root/autodl-tmp/data_process/05_rebuild_from_raw_20260511/03_baselines/scripts/stage03_v03_vehicle_only_baselines.py:632: UserWarning: Glyph 38500 (\N{CJK UNIFIED IDEOGRAPH-9664}) missing from font(s) DejaVu Sans.
  fig.tight_layout(rect=(0, 0, 1, 0.97))
/root/autodl-tmp/data_process/05_rebuild_from_raw_20260511/03_baselines/scripts/stage03_v03_vehicle_only_baselines.py:632: UserWarning: Glyph 26679 (\N{CJK UNIFIED IDEOGRAPH-6837}) missing from font(s) DejaVu Sans.
  fig.tight_layout(rect=(0, 0, 1, 0.97))
/root/autodl-tmp/data_process/05_rebuild_from_raw_20260511/03_baselines/scripts/stage03_v03_vehicle_only_baselines.py:632: UserWarning: Glyph 26412 (\N{CJK UNIFIED IDEOGRAPH-672C}) missing from font(s) DejaVu Sans.
  fig.tight_layout(rect=(0, 0, 1, 0.97))
/root/autodl-tmp/data_process/05_rebuild_from_raw_20260511/03_baselines/scripts/stage03_v03_vehicle_only_baselines.py:632: UserWarning: Glyph 24310 (\N{CJK UNIFIED IDEOGRAPH-5EF6}) missing from font(s) DejaVu Sans.
  fig.tight_layout(rect=(0, 0, 1, 0.97))
/root/autodl-tmp/data_process/05_rebuild_from_raw_20260511/03_baselines/scripts/stage03_v03_vehicle_only_baselines.py:632: UserWarning: Glyph 36831 (\N{CJK UNIFIED IDEOGRAPH-8FDF}) missing from font(s) DejaVu Sans.
  fig.tight_layout(rect=(0, 0, 1, 0.97))
/root/autodl-tmp/data_process/05_rebuild_from_raw_20260511/03_baselines/scripts/stage03_v03_vehicle_only_baselines.py:632: UserWarning: Glyph 25110 (\N{CJK UNIFIED IDEOGRAPH-6216}) missing from font(s) DejaVu Sans.
  fig.tight_layout(rect=(0, 0, 1, 0.97))
/root/autodl-tmp/data_process/05_rebuild_from_raw_20260511/03_baselines/scripts/stage03_v03_vehicle_only_baselines.py:632: UserWarning: Glyph 26080 (\N{CJK UNIFIED IDEOGRAPH-65E0}) missing from font(s) DejaVu Sans.
  fig.tight_layout(rect=(0, 0, 1, 0.97))
/root/autodl-tmp/data_process/05_rebuild_from_raw_20260511/03_baselines/scripts/stage03_v03_vehicle_only_baselines.py:632: UserWarning: Glyph 26126 (\N{CJK UNIFIED IDEOGRAPH-660E}) missing from font(s) DejaVu Sans.
  fig.tight_layout(rect=(0, 0, 1, 0.97))
/root/autodl-tmp/data_process/05_rebuild_from_raw_20260511/03_baselines/scripts/stage03_v03_vehicle_only_baselines.py:632: UserWarning: Glyph 26174 (\N{CJK UNIFIED IDEOGRAPH-663E}) missing from font(s) DejaVu Sans.
  fig.tight_layout(rect=(0, 0, 1, 0.97))
/root/autodl-tmp/data_process/05_rebuild_from_raw_20260511/03_baselines/scripts/stage03_v03_vehicle_only_baselines.py:632: UserWarning: Glyph 36716 (\N{CJK UNIFIED IDEOGRAPH-8F6C}) missing from font(s) DejaVu Sans.
  fig.tight_layout(rect=(0, 0, 1, 0.97))
/root/autodl-tmp/data_process/05_rebuild_from_raw_20260511/03_baselines/scripts/stage03_v03_vehicle_only_baselines.py:632: UserWarning: Glyph 21521 (\N{CJK UNIFIED IDEOGRAPH-5411}) missing from font(s) DejaVu Sans.
  fig.tight_layout(rect=(0, 0, 1, 0.97))
/root/autodl-tmp/data_process/05_rebuild_from_raw_20260511/03_baselines/scripts/stage03_v03_vehicle_only_baselines.py:632: UserWarning: Glyph 24369 (\N{CJK UNIFIED IDEOGRAPH-5F31}) missing from font(s) DejaVu Sans.
  fig.tight_layout(rect=(0, 0, 1, 0.97))
/root/autodl-tmp/data_process/05_rebuild_from_raw_20260511/03_baselines/scripts/stage03_v03_vehicle_only_baselines.py:632: UserWarning: Glyph 20445 (\N{CJK UNIFIED IDEOGRAPH-4FDD}) missing from font(s) DejaVu Sans.
  fig.tight_layout(rect=(0, 0, 1, 0.97))
/root/autodl-tmp/data_process/05_rebuild_from_raw_20260511/03_baselines/scripts/stage03_v03_vehicle_only_baselines.py:632: UserWarning: Glyph 23432 (\N{CJK UNIFIED IDEOGRAPH-5B88}) missing from font(s) DejaVu Sans.
  fig.tight_layout(rect=(0, 0, 1, 0.97))
/root/autodl-tmp/data_process/05_rebuild_from_raw_20260511/03_baselines/scripts/stage03_v03_vehicle_only_baselines.py:633: UserWarning: Glyph 24378 (\N{CJK UNIFIED IDEOGRAPH-5F3A}) missing from font(s) DejaVu Sans.
  fig.savefig(out_path, dpi=180)
/root/autodl-tmp/data_process/05_rebuild_from_raw_20260511/03_baselines/scripts/stage03_v03_vehicle_only_baselines.py:633: UserWarning: Glyph 21709 (\N{CJK UNIFIED IDEOGRAPH-54CD}) missing from font(s) DejaVu Sans.
  fig.savefig(out_path, dpi=180)
/root/autodl-tmp/data_process/05_rebuild_from_raw_20260511/03_baselines/scripts/stage03_v03_vehicle_only_baselines.py:633: UserWarning: Glyph 24212 (\N{CJK UNIFIED IDEOGRAPH-5E94}) missing from font(s) DejaVu Sans.
  fig.savefig(out_path, dpi=180)
/root/autodl-tmp/data_process/05_rebuild_from_raw_20260511/03_baselines/scripts/stage03_v03_vehicle_only_baselines.py:633: UserWarning: Glyph 22411 (\N{CJK UNIFIED IDEOGRAPH-578B}) missing from font(s) DejaVu Sans.
  fig.savefig(out_path, dpi=180)
/root/autodl-tmp/data_process/05_rebuild_from_raw_20260511/03_baselines/scripts/stage03_v03_vehicle_only_baselines.py:633: UserWarning: Glyph 26497 (\N{CJK UNIFIED IDEOGRAPH-6781}) missing from font(s) DejaVu Sans.
  fig.savefig(out_path, dpi=180)
/root/autodl-tmp/data_process/05_rebuild_from_raw_20260511/03_baselines/scripts/stage03_v03_vehicle_only_baselines.py:633: UserWarning: Glyph 38480 (\N{CJK UNIFIED IDEOGRAPH-9650}) missing from font(s) DejaVu Sans.
  fig.savefig(out_path, dpi=180)
/root/autodl-tmp/data_process/05_rebuild_from_raw_20260511/03_baselines/scripts/stage03_v03_vehicle_only_baselines.py:633: UserWarning: Glyph 24037 (\N{CJK UNIFIED IDEOGRAPH-5DE5}) missing from font(s) DejaVu Sans.
  fig.savefig(out_path, dpi=180)
/root/autodl-tmp/data_process/05_rebuild_from_raw_20260511/03_baselines/scripts/stage03_v03_vehicle_only_baselines.py:633: UserWarning: Glyph 20917 (\N{CJK UNIFIED IDEOGRAPH-51B5}) missing from font(s) DejaVu Sans.
  fig.savefig(out_path, dpi=180)
/root/autodl-tmp/data_process/05_rebuild_from_raw_20260511/03_baselines/scripts/stage03_v03_vehicle_only_baselines.py:633: UserWarning: Glyph 30495 (\N{CJK UNIFIED IDEOGRAPH-771F}) missing from font(s) DejaVu Sans.
  fig.savefig(out_path, dpi=180)
/root/autodl-tmp/data_process/05_rebuild_from_raw_20260511/03_baselines/scripts/stage03_v03_vehicle_only_baselines.py:633: UserWarning: Glyph 23454 (\N{CJK UNIFIED IDEOGRAPH-5B9E}) missing from font(s) DejaVu Sans.
  fig.savefig(out_path, dpi=180)
/root/autodl-tmp/data_process/05_rebuild_from_raw_20260511/03_baselines/scripts/stage03_v03_vehicle_only_baselines.py:633: UserWarning: Glyph 25490 (\N{CJK UNIFIED IDEOGRAPH-6392}) missing from font(s) DejaVu Sans.
  fig.savefig(out_path, dpi=180)
/root/autodl-tmp/data_process/05_rebuild_from_raw_20260511/03_baselines/scripts/stage03_v03_vehicle_only_baselines.py:633: UserWarning: Glyph 38500 (\N{CJK UNIFIED IDEOGRAPH-9664}) missing from font(s) DejaVu Sans.
  fig.savefig(out_path, dpi=180)
/root/autodl-tmp/data_process/05_rebuild_from_raw_20260511/03_baselines/scripts/stage03_v03_vehicle_only_baselines.py:633: UserWarning: Glyph 26679 (\N{CJK UNIFIED IDEOGRAPH-6837}) missing from font(s) DejaVu Sans.
  fig.savefig(out_path, dpi=180)
/root/autodl-tmp/data_process/05_rebuild_from_raw_20260511/03_baselines/scripts/stage03_v03_vehicle_only_baselines.py:633: UserWarning: Glyph 26412 (\N{CJK UNIFIED IDEOGRAPH-672C}) missing from font(s) DejaVu Sans.
  fig.savefig(out_path, dpi=180)
/root/autodl-tmp/data_process/05_rebuild_from_raw_20260511/03_baselines/scripts/stage03_v03_vehicle_only_baselines.py:633: UserWarning: Glyph 24310 (\N{CJK UNIFIED IDEOGRAPH-5EF6}) missing from font(s) DejaVu Sans.
  fig.savefig(out_path, dpi=180)
/root/autodl-tmp/data_process/05_rebuild_from_raw_20260511/03_baselines/scripts/stage03_v03_vehicle_only_baselines.py:633: UserWarning: Glyph 36831 (\N{CJK UNIFIED IDEOGRAPH-8FDF}) missing from font(s) DejaVu Sans.
  fig.savefig(out_path, dpi=180)
/root/autodl-tmp/data_process/05_rebuild_from_raw_20260511/03_baselines/scripts/stage03_v03_vehicle_only_baselines.py:633: UserWarning: Glyph 25110 (\N{CJK UNIFIED IDEOGRAPH-6216}) missing from font(s) DejaVu Sans.
  fig.savefig(out_path, dpi=180)
/root/autodl-tmp/data_process/05_rebuild_from_raw_20260511/03_baselines/scripts/stage03_v03_vehicle_only_baselines.py:633: UserWarning: Glyph 26080 (\N{CJK UNIFIED IDEOGRAPH-65E0}) missing from font(s) DejaVu Sans.
  fig.savefig(out_path, dpi=180)
/root/autodl-tmp/data_process/05_rebuild_from_raw_20260511/03_baselines/scripts/stage03_v03_vehicle_only_baselines.py:633: UserWarning: Glyph 26126 (\N{CJK UNIFIED IDEOGRAPH-660E}) missing from font(s) DejaVu Sans.
  fig.savefig(out_path, dpi=180)
/root/autodl-tmp/data_process/05_rebuild_from_raw_20260511/03_baselines/scripts/stage03_v03_vehicle_only_baselines.py:633: UserWarning: Glyph 26174 (\N{CJK UNIFIED IDEOGRAPH-663E}) missing from font(s) DejaVu Sans.
  fig.savefig(out_path, dpi=180)
/root/autodl-tmp/data_process/05_rebuild_from_raw_20260511/03_baselines/scripts/stage03_v03_vehicle_only_baselines.py:633: UserWarning: Glyph 36716 (\N{CJK UNIFIED IDEOGRAPH-8F6C}) missing from font(s) DejaVu Sans.
  fig.savefig(out_path, dpi=180)
/root/autodl-tmp/data_process/05_rebuild_from_raw_20260511/03_baselines/scripts/stage03_v03_vehicle_only_baselines.py:633: UserWarning: Glyph 21521 (\N{CJK UNIFIED IDEOGRAPH-5411}) missing from font(s) DejaVu Sans.
  fig.savefig(out_path, dpi=180)
/root/autodl-tmp/data_process/05_rebuild_from_raw_20260511/03_baselines/scripts/stage03_v03_vehicle_only_baselines.py:633: UserWarning: Glyph 24369 (\N{CJK UNIFIED IDEOGRAPH-5F31}) missing from font(s) DejaVu Sans.
  fig.savefig(out_path, dpi=180)
/root/autodl-tmp/data_process/05_rebuild_from_raw_20260511/03_baselines/scripts/stage03_v03_vehicle_only_baselines.py:633: UserWarning: Glyph 20445 (\N{CJK UNIFIED IDEOGRAPH-4FDD}) missing from font(s) DejaVu Sans.
  fig.savefig(out_path, dpi=180)
/root/autodl-tmp/data_process/05_rebuild_from_raw_20260511/03_baselines/scripts/stage03_v03_vehicle_only_baselines.py:633: UserWarning: Glyph 23432 (\N{CJK UNIFIED IDEOGRAPH-5B88}) missing from font(s) DejaVu Sans.
  fig.savefig(out_path, dpi=180)
run v03_plus_review_excluded_low_mu_no_lateral
fit numpy baselines features=249 train=696 val=208
/root/autodl-tmp/data_process/05_rebuild_from_raw_20260511/03_baselines/scripts/stage03_v03_vehicle_only_baselines.py:632: UserWarning: Glyph 24310 (\N{CJK UNIFIED IDEOGRAPH-5EF6}) missing from font(s) DejaVu Sans.
  fig.tight_layout(rect=(0, 0, 1, 0.97))
/root/autodl-tmp/data_process/05_rebuild_from_raw_20260511/03_baselines/scripts/stage03_v03_vehicle_only_baselines.py:632: UserWarning: Glyph 36831 (\N{CJK UNIFIED IDEOGRAPH-8FDF}) missing from font(s) DejaVu Sans.
  fig.tight_layout(rect=(0, 0, 1, 0.97))
/root/autodl-tmp/data_process/05_rebuild_from_raw_20260511/03_baselines/scripts/stage03_v03_vehicle_only_baselines.py:632: UserWarning: Glyph 25110 (\N{CJK UNIFIED IDEOGRAPH-6216}) missing from font(s) DejaVu Sans.
  fig.tight_layout(rect=(0, 0, 1, 0.97))
/root/autodl-tmp/data_process/05_rebuild_from_raw_20260511/03_baselines/scripts/stage03_v03_vehicle_only_baselines.py:632: UserWarning: Glyph 26080 (\N{CJK UNIFIED IDEOGRAPH-65E0}) missing from font(s) DejaVu Sans.
  fig.tight_layout(rect=(0, 0, 1, 0.97))
/root/autodl-tmp/data_process/05_rebuild_from_raw_20260511/03_baselines/scripts/stage03_v03_vehicle_only_baselines.py:632: UserWarning: Glyph 26126 (\N{CJK UNIFIED IDEOGRAPH-660E}) missing from font(s) DejaVu Sans.
  fig.tight_layout(rect=(0, 0, 1, 0.97))
/root/autodl-tmp/data_process/05_rebuild_from_raw_20260511/03_baselines/scripts/stage03_v03_vehicle_only_baselines.py:632: UserWarning: Glyph 26174 (\N{CJK UNIFIED IDEOGRAPH-663E}) missing from font(s) DejaVu Sans.
  fig.tight_layout(rect=(0, 0, 1, 0.97))
/root/autodl-tmp/data_process/05_rebuild_from_raw_20260511/03_baselines/scripts/stage03_v03_vehicle_only_baselines.py:632: UserWarning: Glyph 36716 (\N{CJK UNIFIED IDEOGRAPH-8F6C}) missing from font(s) DejaVu Sans.
  fig.tight_layout(rect=(0, 0, 1, 0.97))
/root/autodl-tmp/data_process/05_rebuild_from_raw_20260511/03_baselines/scripts/stage03_v03_vehicle_only_baselines.py:632: UserWarning: Glyph 21521 (\N{CJK UNIFIED IDEOGRAPH-5411}) missing from font(s) DejaVu Sans.
  fig.tight_layout(rect=(0, 0, 1, 0.97))
/root/autodl-tmp/data_process/05_rebuild_from_raw_20260511/03_baselines/scripts/stage03_v03_vehicle_only_baselines.py:632: UserWarning: Glyph 21709 (\N{CJK UNIFIED IDEOGRAPH-54CD}) missing from font(s) DejaVu Sans.
  fig.tight_layout(rect=(0, 0, 1, 0.97))
/root/autodl-tmp/data_process/05_rebuild_from_raw_20260511/03_baselines/scripts/stage03_v03_vehicle_only_baselines.py:632: UserWarning: Glyph 24212 (\N{CJK UNIFIED IDEOGRAPH-5E94}) missing from font(s) DejaVu Sans.
  fig.tight_layout(rect=(0, 0, 1, 0.97))
/root/autodl-tmp/data_process/05_rebuild_from_raw_20260511/03_baselines/scripts/stage03_v03_vehicle_only_baselines.py:632: UserWarning: Glyph 30495 (\N{CJK UNIFIED IDEOGRAPH-771F}) missing from font(s) DejaVu Sans.
  fig.tight_layout(rect=(0, 0, 1, 0.97))
/root/autodl-tmp/data_process/05_rebuild_from_raw_20260511/03_baselines/scripts/stage03_v03_vehicle_only_baselines.py:632: UserWarning: Glyph 23454 (\N{CJK UNIFIED IDEOGRAPH-5B9E}) missing from font(s) DejaVu Sans.
  fig.tight_layout(rect=(0, 0, 1, 0.97))
/root/autodl-tmp/data_process/05_rebuild_from_raw_20260511/03_baselines/scripts/stage03_v03_vehicle_only_baselines.py:632: UserWarning: Glyph 25490 (\N{CJK UNIFIED IDEOGRAPH-6392}) missing from font(s) DejaVu Sans.
  fig.tight_layout(rect=(0, 0, 1, 0.97))
/root/autodl-tmp/data_process/05_rebuild_from_raw_20260511/03_baselines/scripts/stage03_v03_vehicle_only_baselines.py:632: UserWarning: Glyph 38500 (\N{CJK UNIFIED IDEOGRAPH-9664}) missing from font(s) DejaVu Sans.
  fig.tight_layout(rect=(0, 0, 1, 0.97))
/root/autodl-tmp/data_process/05_rebuild_from_raw_20260511/03_baselines/scripts/stage03_v03_vehicle_only_baselines.py:632: UserWarning: Glyph 26679 (\N{CJK UNIFIED IDEOGRAPH-6837}) missing from font(s) DejaVu Sans.
  fig.tight_layout(rect=(0, 0, 1, 0.97))
/root/autodl-tmp/data_process/05_rebuild_from_raw_20260511/03_baselines/scripts/stage03_v03_vehicle_only_baselines.py:632: UserWarning: Glyph 26412 (\N{CJK UNIFIED IDEOGRAPH-672C}) missing from font(s) DejaVu Sans.
  fig.tight_layout(rect=(0, 0, 1, 0.97))
/root/autodl-tmp/data_process/05_rebuild_from_raw_20260511/03_baselines/scripts/stage03_v03_vehicle_only_baselines.py:632: UserWarning: Glyph 24453 (\N{CJK UNIFIED IDEOGRAPH-5F85}) missing from font(s) DejaVu Sans.
  fig.tight_layout(rect=(0, 0, 1, 0.97))
/root/autodl-tmp/data_process/05_rebuild_from_raw_20260511/03_baselines/scripts/stage03_v03_vehicle_only_baselines.py:632: UserWarning: Glyph 20154 (\N{CJK UNIFIED IDEOGRAPH-4EBA}) missing from font(s) DejaVu Sans.
  fig.tight_layout(rect=(0, 0, 1, 0.97))
/root/autodl-tmp/data_process/05_rebuild_from_raw_20260511/03_baselines/scripts/stage03_v03_vehicle_only_baselines.py:632: UserWarning: Glyph 24037 (\N{CJK UNIFIED IDEOGRAPH-5DE5}) missing from font(s) DejaVu Sans.
  fig.tight_layout(rect=(0, 0, 1, 0.97))
/root/autodl-tmp/data_process/05_rebuild_from_raw_20260511/03_baselines/scripts/stage03_v03_vehicle_only_baselines.py:632: UserWarning: Glyph 22797 (\N{CJK UNIFIED IDEOGRAPH-590D}) missing from font(s) DejaVu Sans.
  fig.tight_layout(rect=(0, 0, 1, 0.97))
/root/autodl-tmp/data_process/05_rebuild_from_raw_20260511/03_baselines/scripts/stage03_v03_vehicle_only_baselines.py:632: UserWarning: Glyph 26680 (\N{CJK UNIFIED IDEOGRAPH-6838}) missing from font(s) DejaVu Sans.
  fig.tight_layout(rect=(0, 0, 1, 0.97))
/root/autodl-tmp/data_process/05_rebuild_from_raw_20260511/03_baselines/scripts/stage03_v03_vehicle_only_baselines.py:632: UserWarning: Glyph 27491 (\N{CJK UNIFIED IDEOGRAPH-6B63}) missing from font(s) DejaVu Sans.
  fig.tight_layout(rect=(0, 0, 1, 0.97))
/root/autodl-tmp/data_process/05_rebuild_from_raw_20260511/03_baselines/scripts/stage03_v03_vehicle_only_baselines.py:632: UserWarning: Glyph 24120 (\N{CJK UNIFIED IDEOGRAPH-5E38}) missing from font(s) DejaVu Sans.
  fig.tight_layout(rect=(0, 0, 1, 0.97))
/root/autodl-tmp/data_process/05_rebuild_from_raw_20260511/03_baselines/scripts/stage03_v03_vehicle_only_baselines.py:632: UserWarning: Glyph 39550 (\N{CJK UNIFIED IDEOGRAPH-9A7E}) missing from font(s) DejaVu Sans.
  fig.tight_layout(rect=(0, 0, 1, 0.97))
/root/autodl-tmp/data_process/05_rebuild_from_raw_20260511/03_baselines/scripts/stage03_v03_vehicle_only_baselines.py:632: UserWarning: Glyph 39542 (\N{CJK UNIFIED IDEOGRAPH-9A76}) missing from font(s) DejaVu Sans.
  fig.tight_layout(rect=(0, 0, 1, 0.97))
/root/autodl-tmp/data_process/05_rebuild_from_raw_20260511/03_baselines/scripts/stage03_v03_vehicle_only_baselines.py:632: UserWarning: Glyph 26222 (\N{CJK UNIFIED IDEOGRAPH-666E}) missing from font(s) DejaVu Sans.
  fig.tight_layout(rect=(0, 0, 1, 0.97))
/root/autodl-tmp/data_process/05_rebuild_from_raw_20260511/03_baselines/scripts/stage03_v03_vehicle_only_baselines.py:632: UserWarning: Glyph 36890 (\N{CJK UNIFIED IDEOGRAPH-901A}) missing from font(s) DejaVu Sans.
  fig.tight_layout(rect=(0, 0, 1, 0.97))
/root/autodl-tmp/data_process/05_rebuild_from_raw_20260511/03_baselines/scripts/stage03_v03_vehicle_only_baselines.py:632: UserWarning: Glyph 24367 (\N{CJK UNIFIED IDEOGRAPH-5F2F}) missing from font(s) DejaVu Sans.
  fig.tight_layout(rect=(0, 0, 1, 0.97))
/root/autodl-tmp/data_process/05_rebuild_from_raw_20260511/03_baselines/scripts/stage03_v03_vehicle_only_baselines.py:632: UserWarning: Glyph 36947 (\N{CJK UNIFIED IDEOGRAPH-9053}) missing from font(s) DejaVu Sans.
  fig.tight_layout(rect=(0, 0, 1, 0.97))
/root/autodl-tmp/data_process/05_rebuild_from_raw_20260511/03_baselines/scripts/stage03_v03_vehicle_only_baselines.py:632: UserWarning: Glyph 23545 (\N{CJK UNIFIED IDEOGRAPH-5BF9}) missing from font(s) DejaVu Sans.
  fig.tight_layout(rect=(0, 0, 1, 0.97))
/root/autodl-tmp/data_process/05_rebuild_from_raw_20260511/03_baselines/scripts/stage03_v03_vehicle_only_baselines.py:632: UserWarning: Glyph 29031 (\N{CJK UNIFIED IDEOGRAPH-7167}) missing from font(s) DejaVu Sans.
  fig.tight_layout(rect=(0, 0, 1, 0.97))
/root/autodl-tmp/data_process/05_rebuild_from_raw_20260511/03_baselines/scripts/stage03_v03_vehicle_only_baselines.py:632: UserWarning: Glyph 24378 (\N{CJK UNIFIED IDEOGRAPH-5F3A}) missing from font(s) DejaVu Sans.
  fig.tight_layout(rect=(0, 0, 1, 0.97))
/root/autodl-tmp/data_process/05_rebuild_from_raw_20260511/03_baselines/scripts/stage03_v03_vehicle_only_baselines.py:632: UserWarning: Glyph 22411 (\N{CJK UNIFIED IDEOGRAPH-578B}) missing from font(s) DejaVu Sans.
  fig.tight_layout(rect=(0, 0, 1, 0.97))
/root/autodl-tmp/data_process/05_rebuild_from_raw_20260511/03_baselines/scripts/stage03_v03_vehicle_only_baselines.py:632: UserWarning: Glyph 26497 (\N{CJK UNIFIED IDEOGRAPH-6781}) missing from font(s) DejaVu Sans.
  fig.tight_layout(rect=(0, 0, 1, 0.97))
/root/autodl-tmp/data_process/05_rebuild_from_raw_20260511/03_baselines/scripts/stage03_v03_vehicle_only_baselines.py:632: UserWarning: Glyph 38480 (\N{CJK UNIFIED IDEOGRAPH-9650}) missing from font(s) DejaVu Sans.
  fig.tight_layout(rect=(0, 0, 1, 0.97))
/root/autodl-tmp/data_process/05_rebuild_from_raw_20260511/03_baselines/scripts/stage03_v03_vehicle_only_baselines.py:632: UserWarning: Glyph 20917 (\N{CJK UNIFIED IDEOGRAPH-51B5}) missing from font(s) DejaVu Sans.
  fig.tight_layout(rect=(0, 0, 1, 0.97))
/root/autodl-tmp/data_process/05_rebuild_from_raw_20260511/03_baselines/scripts/stage03_v03_vehicle_only_baselines.py:633: UserWarning: Glyph 24310 (\N{CJK UNIFIED IDEOGRAPH-5EF6}) missing from font(s) DejaVu Sans.
  fig.savefig(out_path, dpi=180)
/root/autodl-tmp/data_process/05_rebuild_from_raw_20260511/03_baselines/scripts/stage03_v03_vehicle_only_baselines.py:633: UserWarning: Glyph 36831 (\N{CJK UNIFIED IDEOGRAPH-8FDF}) missing from font(s) DejaVu Sans.
  fig.savefig(out_path, dpi=180)
/root/autodl-tmp/data_process/05_rebuild_from_raw_20260511/03_baselines/scripts/stage03_v03_vehicle_only_baselines.py:633: UserWarning: Glyph 25110 (\N{CJK UNIFIED IDEOGRAPH-6216}) missing from font(s) DejaVu Sans.
  fig.savefig(out_path, dpi=180)
/root/autodl-tmp/data_process/05_rebuild_from_raw_20260511/03_baselines/scripts/stage03_v03_vehicle_only_baselines.py:633: UserWarning: Glyph 26080 (\N{CJK UNIFIED IDEOGRAPH-65E0}) missing from font(s) DejaVu Sans.
  fig.savefig(out_path, dpi=180)
/root/autodl-tmp/data_process/05_rebuild_from_raw_20260511/03_baselines/scripts/stage03_v03_vehicle_only_baselines.py:633: UserWarning: Glyph 26126 (\N{CJK UNIFIED IDEOGRAPH-660E}) missing from font(s) DejaVu Sans.
  fig.savefig(out_path, dpi=180)
/root/autodl-tmp/data_process/05_rebuild_from_raw_20260511/03_baselines/scripts/stage03_v03_vehicle_only_baselines.py:633: UserWarning: Glyph 26174 (\N{CJK UNIFIED IDEOGRAPH-663E}) missing from font(s) DejaVu Sans.
  fig.savefig(out_path, dpi=180)
/root/autodl-tmp/data_process/05_rebuild_from_raw_20260511/03_baselines/scripts/stage03_v03_vehicle_only_baselines.py:633: UserWarning: Glyph 36716 (\N{CJK UNIFIED IDEOGRAPH-8F6C}) missing from font(s) DejaVu Sans.
  fig.savefig(out_path, dpi=180)
/root/autodl-tmp/data_process/05_rebuild_from_raw_20260511/03_baselines/scripts/stage03_v03_vehicle_only_baselines.py:633: UserWarning: Glyph 21521 (\N{CJK UNIFIED IDEOGRAPH-5411}) missing from font(s) DejaVu Sans.
  fig.savefig(out_path, dpi=180)
/root/autodl-tmp/data_process/05_rebuild_from_raw_20260511/03_baselines/scripts/stage03_v03_vehicle_only_baselines.py:633: UserWarning: Glyph 21709 (\N{CJK UNIFIED IDEOGRAPH-54CD}) missing from font(s) DejaVu Sans.
  fig.savefig(out_path, dpi=180)
/root/autodl-tmp/data_process/05_rebuild_from_raw_20260511/03_baselines/scripts/stage03_v03_vehicle_only_baselines.py:633: UserWarning: Glyph 24212 (\N{CJK UNIFIED IDEOGRAPH-5E94}) missing from font(s) DejaVu Sans.
  fig.savefig(out_path, dpi=180)
/root/autodl-tmp/data_process/05_rebuild_from_raw_20260511/03_baselines/scripts/stage03_v03_vehicle_only_baselines.py:633: UserWarning: Glyph 30495 (\N{CJK UNIFIED IDEOGRAPH-771F}) missing from font(s) DejaVu Sans.
  fig.savefig(out_path, dpi=180)
/root/autodl-tmp/data_process/05_rebuild_from_raw_20260511/03_baselines/scripts/stage03_v03_vehicle_only_baselines.py:633: UserWarning: Glyph 23454 (\N{CJK UNIFIED IDEOGRAPH-5B9E}) missing from font(s) DejaVu Sans.
  fig.savefig(out_path, dpi=180)
/root/autodl-tmp/data_process/05_rebuild_from_raw_20260511/03_baselines/scripts/stage03_v03_vehicle_only_baselines.py:633: UserWarning: Glyph 25490 (\N{CJK UNIFIED IDEOGRAPH-6392}) missing from font(s) DejaVu Sans.
  fig.savefig(out_path, dpi=180)
/root/autodl-tmp/data_process/05_rebuild_from_raw_20260511/03_baselines/scripts/stage03_v03_vehicle_only_baselines.py:633: UserWarning: Glyph 38500 (\N{CJK UNIFIED IDEOGRAPH-9664}) missing from font(s) DejaVu Sans.
  fig.savefig(out_path, dpi=180)
/root/autodl-tmp/data_process/05_rebuild_from_raw_20260511/03_baselines/scripts/stage03_v03_vehicle_only_baselines.py:633: UserWarning: Glyph 26679 (\N{CJK UNIFIED IDEOGRAPH-6837}) missing from font(s) DejaVu Sans.
  fig.savefig(out_path, dpi=180)
/root/autodl-tmp/data_process/05_rebuild_from_raw_20260511/03_baselines/scripts/stage03_v03_vehicle_only_baselines.py:633: UserWarning: Glyph 26412 (\N{CJK UNIFIED IDEOGRAPH-672C}) missing from font(s) DejaVu Sans.
  fig.savefig(out_path, dpi=180)
/root/autodl-tmp/data_process/05_rebuild_from_raw_20260511/03_baselines/scripts/stage03_v03_vehicle_only_baselines.py:633: UserWarning: Glyph 24453 (\N{CJK UNIFIED IDEOGRAPH-5F85}) missing from font(s) DejaVu Sans.
  fig.savefig(out_path, dpi=180)
/root/autodl-tmp/data_process/05_rebuild_from_raw_20260511/03_baselines/scripts/stage03_v03_vehicle_only_baselines.py:633: UserWarning: Glyph 20154 (\N{CJK UNIFIED IDEOGRAPH-4EBA}) missing from font(s) DejaVu Sans.
  fig.savefig(out_path, dpi=180)
/root/autodl-tmp/data_process/05_rebuild_from_raw_20260511/03_baselines/scripts/stage03_v03_vehicle_only_baselines.py:633: UserWarning: Glyph 24037 (\N{CJK UNIFIED IDEOGRAPH-5DE5}) missing from font(s) DejaVu Sans.
  fig.savefig(out_path, dpi=180)
/root/autodl-tmp/data_process/05_rebuild_from_raw_20260511/03_baselines/scripts/stage03_v03_vehicle_only_baselines.py:633: UserWarning: Glyph 22797 (\N{CJK UNIFIED IDEOGRAPH-590D}) missing from font(s) DejaVu Sans.
  fig.savefig(out_path, dpi=180)
/root/autodl-tmp/data_process/05_rebuild_from_raw_20260511/03_baselines/scripts/stage03_v03_vehicle_only_baselines.py:633: UserWarning: Glyph 26680 (\N{CJK UNIFIED IDEOGRAPH-6838}) missing from font(s) DejaVu Sans.
  fig.savefig(out_path, dpi=180)
/root/autodl-tmp/data_process/05_rebuild_from_raw_20260511/03_baselines/scripts/stage03_v03_vehicle_only_baselines.py:633: UserWarning: Glyph 27491 (\N{CJK UNIFIED IDEOGRAPH-6B63}) missing from font(s) DejaVu Sans.
  fig.savefig(out_path, dpi=180)
/root/autodl-tmp/data_process/05_rebuild_from_raw_20260511/03_baselines/scripts/stage03_v03_vehicle_only_baselines.py:633: UserWarning: Glyph 24120 (\N{CJK UNIFIED IDEOGRAPH-5E38}) missing from font(s) DejaVu Sans.
  fig.savefig(out_path, dpi=180)
/root/autodl-tmp/data_process/05_rebuild_from_raw_20260511/03_baselines/scripts/stage03_v03_vehicle_only_baselines.py:633: UserWarning: Glyph 39550 (\N{CJK UNIFIED IDEOGRAPH-9A7E}) missing from font(s) DejaVu Sans.
  fig.savefig(out_path, dpi=180)
/root/autodl-tmp/data_process/05_rebuild_from_raw_20260511/03_baselines/scripts/stage03_v03_vehicle_only_baselines.py:633: UserWarning: Glyph 39542 (\N{CJK UNIFIED IDEOGRAPH-9A76}) missing from font(s) DejaVu Sans.
  fig.savefig(out_path, dpi=180)
/root/autodl-tmp/data_process/05_rebuild_from_raw_20260511/03_baselines/scripts/stage03_v03_vehicle_only_baselines.py:633: UserWarning: Glyph 26222 (\N{CJK UNIFIED IDEOGRAPH-666E}) missing from font(s) DejaVu Sans.
  fig.savefig(out_path, dpi=180)
/root/autodl-tmp/data_process/05_rebuild_from_raw_20260511/03_baselines/scripts/stage03_v03_vehicle_only_baselines.py:633: UserWarning: Glyph 36890 (\N{CJK UNIFIED IDEOGRAPH-901A}) missing from font(s) DejaVu Sans.
  fig.savefig(out_path, dpi=180)
/root/autodl-tmp/data_process/05_rebuild_from_raw_20260511/03_baselines/scripts/stage03_v03_vehicle_only_baselines.py:633: UserWarning: Glyph 24367 (\N{CJK UNIFIED IDEOGRAPH-5F2F}) missing from font(s) DejaVu Sans.
  fig.savefig(out_path, dpi=180)
/root/autodl-tmp/data_process/05_rebuild_from_raw_20260511/03_baselines/scripts/stage03_v03_vehicle_only_baselines.py:633: UserWarning: Glyph 36947 (\N{CJK UNIFIED IDEOGRAPH-9053}) missing from font(s) DejaVu Sans.
  fig.savefig(out_path, dpi=180)
/root/autodl-tmp/data_process/05_rebuild_from_raw_20260511/03_baselines/scripts/stage03_v03_vehicle_only_baselines.py:633: UserWarning: Glyph 23545 (\N{CJK UNIFIED IDEOGRAPH-5BF9}) missing from font(s) DejaVu Sans.
  fig.savefig(out_path, dpi=180)
/root/autodl-tmp/data_process/05_rebuild_from_raw_20260511/03_baselines/scripts/stage03_v03_vehicle_only_baselines.py:633: UserWarning: Glyph 29031 (\N{CJK UNIFIED IDEOGRAPH-7167}) missing from font(s) DejaVu Sans.
  fig.savefig(out_path, dpi=180)
/root/autodl-tmp/data_process/05_rebuild_from_raw_20260511/03_baselines/scripts/stage03_v03_vehicle_only_baselines.py:633: UserWarning: Glyph 24378 (\N{CJK UNIFIED IDEOGRAPH-5F3A}) missing from font(s) DejaVu Sans.
  fig.savefig(out_path, dpi=180)
/root/autodl-tmp/data_process/05_rebuild_from_raw_20260511/03_baselines/scripts/stage03_v03_vehicle_only_baselines.py:633: UserWarning: Glyph 22411 (\N{CJK UNIFIED IDEOGRAPH-578B}) missing from font(s) DejaVu Sans.
  fig.savefig(out_path, dpi=180)
/root/autodl-tmp/data_process/05_rebuild_from_raw_20260511/03_baselines/scripts/stage03_v03_vehicle_only_baselines.py:633: UserWarning: Glyph 26497 (\N{CJK UNIFIED IDEOGRAPH-6781}) missing from font(s) DejaVu Sans.
  fig.savefig(out_path, dpi=180)
/root/autodl-tmp/data_process/05_rebuild_from_raw_20260511/03_baselines/scripts/stage03_v03_vehicle_only_baselines.py:633: UserWarning: Glyph 38480 (\N{CJK UNIFIED IDEOGRAPH-9650}) missing from font(s) DejaVu Sans.
  fig.savefig(out_path, dpi=180)
/root/autodl-tmp/data_process/05_rebuild_from_raw_20260511/03_baselines/scripts/stage03_v03_vehicle_only_baselines.py:633: UserWarning: Glyph 20917 (\N{CJK UNIFIED IDEOGRAPH-51B5}) missing from font(s) DejaVu Sans.
  fig.savefig(out_path, dpi=180)
/root/autodl-tmp/data_process/05_rebuild_from_raw_20260511/03_baselines/scripts/stage03_v03_vehicle_only_baselines.py:632: UserWarning: Glyph 24378 (\N{CJK UNIFIED IDEOGRAPH-5F3A}) missing from font(s) DejaVu Sans.
  fig.tight_layout(rect=(0, 0, 1, 0.97))
/root/autodl-tmp/data_process/05_rebuild_from_raw_20260511/03_baselines/scripts/stage03_v03_vehicle_only_baselines.py:632: UserWarning: Glyph 21709 (\N{CJK UNIFIED IDEOGRAPH-54CD}) missing from font(s) DejaVu Sans.
  fig.tight_layout(rect=(0, 0, 1, 0.97))
/root/autodl-tmp/data_process/05_rebuild_from_raw_20260511/03_baselines/scripts/stage03_v03_vehicle_only_baselines.py:632: UserWarning: Glyph 24212 (\N{CJK UNIFIED IDEOGRAPH-5E94}) missing from font(s) DejaVu Sans.
  fig.tight_layout(rect=(0, 0, 1, 0.97))
/root/autodl-tmp/data_process/05_rebuild_from_raw_20260511/03_baselines/scripts/stage03_v03_vehicle_only_baselines.py:632: UserWarning: Glyph 22411 (\N{CJK UNIFIED IDEOGRAPH-578B}) missing from font(s) DejaVu Sans.
  fig.tight_layout(rect=(0, 0, 1, 0.97))
/root/autodl-tmp/data_process/05_rebuild_from_raw_20260511/03_baselines/scripts/stage03_v03_vehicle_only_baselines.py:632: UserWarning: Glyph 26497 (\N{CJK UNIFIED IDEOGRAPH-6781}) missing from font(s) DejaVu Sans.
  fig.tight_layout(rect=(0, 0, 1, 0.97))
/root/autodl-tmp/data_process/05_rebuild_from_raw_20260511/03_baselines/scripts/stage03_v03_vehicle_only_baselines.py:632: UserWarning: Glyph 38480 (\N{CJK UNIFIED IDEOGRAPH-9650}) missing from font(s) DejaVu Sans.
  fig.tight_layout(rect=(0, 0, 1, 0.97))
/root/autodl-tmp/data_process/05_rebuild_from_raw_20260511/03_baselines/scripts/stage03_v03_vehicle_only_baselines.py:632: UserWarning: Glyph 24037 (\N{CJK UNIFIED IDEOGRAPH-5DE5}) missing from font(s) DejaVu Sans.
  fig.tight_layout(rect=(0, 0, 1, 0.97))
/root/autodl-tmp/data_process/05_rebuild_from_raw_20260511/03_baselines/scripts/stage03_v03_vehicle_only_baselines.py:632: UserWarning: Glyph 20917 (\N{CJK UNIFIED IDEOGRAPH-51B5}) missing from font(s) DejaVu Sans.
  fig.tight_layout(rect=(0, 0, 1, 0.97))
/root/autodl-tmp/data_process/05_rebuild_from_raw_20260511/03_baselines/scripts/stage03_v03_vehicle_only_baselines.py:632: UserWarning: Glyph 30495 (\N{CJK UNIFIED IDEOGRAPH-771F}) missing from font(s) DejaVu Sans.
  fig.tight_layout(rect=(0, 0, 1, 0.97))
/root/autodl-tmp/data_process/05_rebuild_from_raw_20260511/03_baselines/scripts/stage03_v03_vehicle_only_baselines.py:632: UserWarning: Glyph 23454 (\N{CJK UNIFIED IDEOGRAPH-5B9E}) missing from font(s) DejaVu Sans.
  fig.tight_layout(rect=(0, 0, 1, 0.97))
/root/autodl-tmp/data_process/05_rebuild_from_raw_20260511/03_baselines/scripts/stage03_v03_vehicle_only_baselines.py:632: UserWarning: Glyph 25490 (\N{CJK UNIFIED IDEOGRAPH-6392}) missing from font(s) DejaVu Sans.
  fig.tight_layout(rect=(0, 0, 1, 0.97))
/root/autodl-tmp/data_process/05_rebuild_from_raw_20260511/03_baselines/scripts/stage03_v03_vehicle_only_baselines.py:632: UserWarning: Glyph 38500 (\N{CJK UNIFIED IDEOGRAPH-9664}) missing from font(s) DejaVu Sans.
  fig.tight_layout(rect=(0, 0, 1, 0.97))
/root/autodl-tmp/data_process/05_rebuild_from_raw_20260511/03_baselines/scripts/stage03_v03_vehicle_only_baselines.py:632: UserWarning: Glyph 26679 (\N{CJK UNIFIED IDEOGRAPH-6837}) missing from font(s) DejaVu Sans.
  fig.tight_layout(rect=(0, 0, 1, 0.97))
/root/autodl-tmp/data_process/05_rebuild_from_raw_20260511/03_baselines/scripts/stage03_v03_vehicle_only_baselines.py:632: UserWarning: Glyph 26412 (\N{CJK UNIFIED IDEOGRAPH-672C}) missing from font(s) DejaVu Sans.
  fig.tight_layout(rect=(0, 0, 1, 0.97))
/root/autodl-tmp/data_process/05_rebuild_from_raw_20260511/03_baselines/scripts/stage03_v03_vehicle_only_baselines.py:632: UserWarning: Glyph 24369 (\N{CJK UNIFIED IDEOGRAPH-5F31}) missing from font(s) DejaVu Sans.
  fig.tight_layout(rect=(0, 0, 1, 0.97))
/root/autodl-tmp/data_process/05_rebuild_from_raw_20260511/03_baselines/scripts/stage03_v03_vehicle_only_baselines.py:632: UserWarning: Glyph 20445 (\N{CJK UNIFIED IDEOGRAPH-4FDD}) missing from font(s) DejaVu Sans.
  fig.tight_layout(rect=(0, 0, 1, 0.97))
/root/autodl-tmp/data_process/05_rebuild_from_raw_20260511/03_baselines/scripts/stage03_v03_vehicle_only_baselines.py:632: UserWarning: Glyph 23432 (\N{CJK UNIFIED IDEOGRAPH-5B88}) missing from font(s) DejaVu Sans.
  fig.tight_layout(rect=(0, 0, 1, 0.97))
/root/autodl-tmp/data_process/05_rebuild_from_raw_20260511/03_baselines/scripts/stage03_v03_vehicle_only_baselines.py:632: UserWarning: Glyph 24310 (\N{CJK UNIFIED IDEOGRAPH-5EF6}) missing from font(s) DejaVu Sans.
  fig.tight_layout(rect=(0, 0, 1, 0.97))
/root/autodl-tmp/data_process/05_rebuild_from_raw_20260511/03_baselines/scripts/stage03_v03_vehicle_only_baselines.py:632: UserWarning: Glyph 36831 (\N{CJK UNIFIED IDEOGRAPH-8FDF}) missing from font(s) DejaVu Sans.
  fig.tight_layout(rect=(0, 0, 1, 0.97))
/root/autodl-tmp/data_process/05_rebuild_from_raw_20260511/03_baselines/scripts/stage03_v03_vehicle_only_baselines.py:632: UserWarning: Glyph 25110 (\N{CJK UNIFIED IDEOGRAPH-6216}) missing from font(s) DejaVu Sans.
  fig.tight_layout(rect=(0, 0, 1, 0.97))
/root/autodl-tmp/data_process/05_rebuild_from_raw_20260511/03_baselines/scripts/stage03_v03_vehicle_only_baselines.py:632: UserWarning: Glyph 26080 (\N{CJK UNIFIED IDEOGRAPH-65E0}) missing from font(s) DejaVu Sans.
  fig.tight_layout(rect=(0, 0, 1, 0.97))
/root/autodl-tmp/data_process/05_rebuild_from_raw_20260511/03_baselines/scripts/stage03_v03_vehicle_only_baselines.py:632: UserWarning: Glyph 26126 (\N{CJK UNIFIED IDEOGRAPH-660E}) missing from font(s) DejaVu Sans.
  fig.tight_layout(rect=(0, 0, 1, 0.97))
/root/autodl-tmp/data_process/05_rebuild_from_raw_20260511/03_baselines/scripts/stage03_v03_vehicle_only_baselines.py:632: UserWarning: Glyph 26174 (\N{CJK UNIFIED IDEOGRAPH-663E}) missing from font(s) DejaVu Sans.
  fig.tight_layout(rect=(0, 0, 1, 0.97))
/root/autodl-tmp/data_process/05_rebuild_from_raw_20260511/03_baselines/scripts/stage03_v03_vehicle_only_baselines.py:632: UserWarning: Glyph 36716 (\N{CJK UNIFIED IDEOGRAPH-8F6C}) missing from font(s) DejaVu Sans.
  fig.tight_layout(rect=(0, 0, 1, 0.97))
/root/autodl-tmp/data_process/05_rebuild_from_raw_20260511/03_baselines/scripts/stage03_v03_vehicle_only_baselines.py:632: UserWarning: Glyph 21521 (\N{CJK UNIFIED IDEOGRAPH-5411}) missing from font(s) DejaVu Sans.
  fig.tight_layout(rect=(0, 0, 1, 0.97))
/root/autodl-tmp/data_process/05_rebuild_from_raw_20260511/03_baselines/scripts/stage03_v03_vehicle_only_baselines.py:633: UserWarning: Glyph 24378 (\N{CJK UNIFIED IDEOGRAPH-5F3A}) missing from font(s) DejaVu Sans.
  fig.savefig(out_path, dpi=180)
/root/autodl-tmp/data_process/05_rebuild_from_raw_20260511/03_baselines/scripts/stage03_v03_vehicle_only_baselines.py:633: UserWarning: Glyph 21709 (\N{CJK UNIFIED IDEOGRAPH-54CD}) missing from font(s) DejaVu Sans.
  fig.savefig(out_path, dpi=180)
/root/autodl-tmp/data_process/05_rebuild_from_raw_20260511/03_baselines/scripts/stage03_v03_vehicle_only_baselines.py:633: UserWarning: Glyph 24212 (\N{CJK UNIFIED IDEOGRAPH-5E94}) missing from font(s) DejaVu Sans.
  fig.savefig(out_path, dpi=180)
/root/autodl-tmp/data_process/05_rebuild_from_raw_20260511/03_baselines/scripts/stage03_v03_vehicle_only_baselines.py:633: UserWarning: Glyph 22411 (\N{CJK UNIFIED IDEOGRAPH-578B}) missing from font(s) DejaVu Sans.
  fig.savefig(out_path, dpi=180)
/root/autodl-tmp/data_process/05_rebuild_from_raw_20260511/03_baselines/scripts/stage03_v03_vehicle_only_baselines.py:633: UserWarning: Glyph 26497 (\N{CJK UNIFIED IDEOGRAPH-6781}) missing from font(s) DejaVu Sans.
  fig.savefig(out_path, dpi=180)
/root/autodl-tmp/data_process/05_rebuild_from_raw_20260511/03_baselines/scripts/stage03_v03_vehicle_only_baselines.py:633: UserWarning: Glyph 38480 (\N{CJK UNIFIED IDEOGRAPH-9650}) missing from font(s) DejaVu Sans.
  fig.savefig(out_path, dpi=180)
/root/autodl-tmp/data_process/05_rebuild_from_raw_20260511/03_baselines/scripts/stage03_v03_vehicle_only_baselines.py:633: UserWarning: Glyph 24037 (\N{CJK UNIFIED IDEOGRAPH-5DE5}) missing from font(s) DejaVu Sans.
  fig.savefig(out_path, dpi=180)
/root/autodl-tmp/data_process/05_rebuild_from_raw_20260511/03_baselines/scripts/stage03_v03_vehicle_only_baselines.py:633: UserWarning: Glyph 20917 (\N{CJK UNIFIED IDEOGRAPH-51B5}) missing from font(s) DejaVu Sans.
  fig.savefig(out_path, dpi=180)
/root/autodl-tmp/data_process/05_rebuild_from_raw_20260511/03_baselines/scripts/stage03_v03_vehicle_only_baselines.py:633: UserWarning: Glyph 30495 (\N{CJK UNIFIED IDEOGRAPH-771F}) missing from font(s) DejaVu Sans.
  fig.savefig(out_path, dpi=180)
/root/autodl-tmp/data_process/05_rebuild_from_raw_20260511/03_baselines/scripts/stage03_v03_vehicle_only_baselines.py:633: UserWarning: Glyph 23454 (\N{CJK UNIFIED IDEOGRAPH-5B9E}) missing from font(s) DejaVu Sans.
  fig.savefig(out_path, dpi=180)
/root/autodl-tmp/data_process/05_rebuild_from_raw_20260511/03_baselines/scripts/stage03_v03_vehicle_only_baselines.py:633: UserWarning: Glyph 25490 (\N{CJK UNIFIED IDEOGRAPH-6392}) missing from font(s) DejaVu Sans.
  fig.savefig(out_path, dpi=180)
/root/autodl-tmp/data_process/05_rebuild_from_raw_20260511/03_baselines/scripts/stage03_v03_vehicle_only_baselines.py:633: UserWarning: Glyph 38500 (\N{CJK UNIFIED IDEOGRAPH-9664}) missing from font(s) DejaVu Sans.
  fig.savefig(out_path, dpi=180)
/root/autodl-tmp/data_process/05_rebuild_from_raw_20260511/03_baselines/scripts/stage03_v03_vehicle_only_baselines.py:633: UserWarning: Glyph 26679 (\N{CJK UNIFIED IDEOGRAPH-6837}) missing from font(s) DejaVu Sans.
  fig.savefig(out_path, dpi=180)
/root/autodl-tmp/data_process/05_rebuild_from_raw_20260511/03_baselines/scripts/stage03_v03_vehicle_only_baselines.py:633: UserWarning: Glyph 26412 (\N{CJK UNIFIED IDEOGRAPH-672C}) missing from font(s) DejaVu Sans.
  fig.savefig(out_path, dpi=180)
/root/autodl-tmp/data_process/05_rebuild_from_raw_20260511/03_baselines/scripts/stage03_v03_vehicle_only_baselines.py:633: UserWarning: Glyph 24369 (\N{CJK UNIFIED IDEOGRAPH-5F31}) missing from font(s) DejaVu Sans.
  fig.savefig(out_path, dpi=180)
/root/autodl-tmp/data_process/05_rebuild_from_raw_20260511/03_baselines/scripts/stage03_v03_vehicle_only_baselines.py:633: UserWarning: Glyph 20445 (\N{CJK UNIFIED IDEOGRAPH-4FDD}) missing from font(s) DejaVu Sans.
  fig.savefig(out_path, dpi=180)
/root/autodl-tmp/data_process/05_rebuild_from_raw_20260511/03_baselines/scripts/stage03_v03_vehicle_only_baselines.py:633: UserWarning: Glyph 23432 (\N{CJK UNIFIED IDEOGRAPH-5B88}) missing from font(s) DejaVu Sans.
  fig.savefig(out_path, dpi=180)
/root/autodl-tmp/data_process/05_rebuild_from_raw_20260511/03_baselines/scripts/stage03_v03_vehicle_only_baselines.py:633: UserWarning: Glyph 24310 (\N{CJK UNIFIED IDEOGRAPH-5EF6}) missing from font(s) DejaVu Sans.
  fig.savefig(out_path, dpi=180)
/root/autodl-tmp/data_process/05_rebuild_from_raw_20260511/03_baselines/scripts/stage03_v03_vehicle_only_baselines.py:633: UserWarning: Glyph 36831 (\N{CJK UNIFIED IDEOGRAPH-8FDF}) missing from font(s) DejaVu Sans.
  fig.savefig(out_path, dpi=180)
/root/autodl-tmp/data_process/05_rebuild_from_raw_20260511/03_baselines/scripts/stage03_v03_vehicle_only_baselines.py:633: UserWarning: Glyph 25110 (\N{CJK UNIFIED IDEOGRAPH-6216}) missing from font(s) DejaVu Sans.
  fig.savefig(out_path, dpi=180)
/root/autodl-tmp/data_process/05_rebuild_from_raw_20260511/03_baselines/scripts/stage03_v03_vehicle_only_baselines.py:633: UserWarning: Glyph 26080 (\N{CJK UNIFIED IDEOGRAPH-65E0}) missing from font(s) DejaVu Sans.
  fig.savefig(out_path, dpi=180)
/root/autodl-tmp/data_process/05_rebuild_from_raw_20260511/03_baselines/scripts/stage03_v03_vehicle_only_baselines.py:633: UserWarning: Glyph 26126 (\N{CJK UNIFIED IDEOGRAPH-660E}) missing from font(s) DejaVu Sans.
  fig.savefig(out_path, dpi=180)
/root/autodl-tmp/data_process/05_rebuild_from_raw_20260511/03_baselines/scripts/stage03_v03_vehicle_only_baselines.py:633: UserWarning: Glyph 26174 (\N{CJK UNIFIED IDEOGRAPH-663E}) missing from font(s) DejaVu Sans.
  fig.savefig(out_path, dpi=180)
/root/autodl-tmp/data_process/05_rebuild_from_raw_20260511/03_baselines/scripts/stage03_v03_vehicle_only_baselines.py:633: UserWarning: Glyph 36716 (\N{CJK UNIFIED IDEOGRAPH-8F6C}) missing from font(s) DejaVu Sans.
  fig.savefig(out_path, dpi=180)
/root/autodl-tmp/data_process/05_rebuild_from_raw_20260511/03_baselines/scripts/stage03_v03_vehicle_only_baselines.py:633: UserWarning: Glyph 21521 (\N{CJK UNIFIED IDEOGRAPH-5411}) missing from font(s) DejaVu Sans.
  fig.savefig(out_path, dpi=180)
run v03_plus_review_excluded_curve_no_lateral
fit numpy baselines features=249 train=486 val=141
/root/autodl-tmp/data_process/05_rebuild_from_raw_20260511/03_baselines/scripts/stage03_v03_vehicle_only_baselines.py:632: UserWarning: Glyph 24310 (\N{CJK UNIFIED IDEOGRAPH-5EF6}) missing from font(s) DejaVu Sans.
  fig.tight_layout(rect=(0, 0, 1, 0.97))
/root/autodl-tmp/data_process/05_rebuild_from_raw_20260511/03_baselines/scripts/stage03_v03_vehicle_only_baselines.py:632: UserWarning: Glyph 36831 (\N{CJK UNIFIED IDEOGRAPH-8FDF}) missing from font(s) DejaVu Sans.
  fig.tight_layout(rect=(0, 0, 1, 0.97))
/root/autodl-tmp/data_process/05_rebuild_from_raw_20260511/03_baselines/scripts/stage03_v03_vehicle_only_baselines.py:632: UserWarning: Glyph 25110 (\N{CJK UNIFIED IDEOGRAPH-6216}) missing from font(s) DejaVu Sans.
  fig.tight_layout(rect=(0, 0, 1, 0.97))
/root/autodl-tmp/data_process/05_rebuild_from_raw_20260511/03_baselines/scripts/stage03_v03_vehicle_only_baselines.py:632: UserWarning: Glyph 26080 (\N{CJK UNIFIED IDEOGRAPH-65E0}) missing from font(s) DejaVu Sans.
  fig.tight_layout(rect=(0, 0, 1, 0.97))
/root/autodl-tmp/data_process/05_rebuild_from_raw_20260511/03_baselines/scripts/stage03_v03_vehicle_only_baselines.py:632: UserWarning: Glyph 26126 (\N{CJK UNIFIED IDEOGRAPH-660E}) missing from font(s) DejaVu Sans.
  fig.tight_layout(rect=(0, 0, 1, 0.97))
/root/autodl-tmp/data_process/05_rebuild_from_raw_20260511/03_baselines/scripts/stage03_v03_vehicle_only_baselines.py:632: UserWarning: Glyph 26174 (\N{CJK UNIFIED IDEOGRAPH-663E}) missing from font(s) DejaVu Sans.
  fig.tight_layout(rect=(0, 0, 1, 0.97))
/root/autodl-tmp/data_process/05_rebuild_from_raw_20260511/03_baselines/scripts/stage03_v03_vehicle_only_baselines.py:632: UserWarning: Glyph 36716 (\N{CJK UNIFIED IDEOGRAPH-8F6C}) missing from font(s) DejaVu Sans.
  fig.tight_layout(rect=(0, 0, 1, 0.97))
/root/autodl-tmp/data_process/05_rebuild_from_raw_20260511/03_baselines/scripts/stage03_v03_vehicle_only_baselines.py:632: UserWarning: Glyph 21521 (\N{CJK UNIFIED IDEOGRAPH-5411}) missing from font(s) DejaVu Sans.
  fig.tight_layout(rect=(0, 0, 1, 0.97))
/root/autodl-tmp/data_process/05_rebuild_from_raw_20260511/03_baselines/scripts/stage03_v03_vehicle_only_baselines.py:632: UserWarning: Glyph 21709 (\N{CJK UNIFIED IDEOGRAPH-54CD}) missing from font(s) DejaVu Sans.
  fig.tight_layout(rect=(0, 0, 1, 0.97))
/root/autodl-tmp/data_process/05_rebuild_from_raw_20260511/03_baselines/scripts/stage03_v03_vehicle_only_baselines.py:632: UserWarning: Glyph 24212 (\N{CJK UNIFIED IDEOGRAPH-5E94}) missing from font(s) DejaVu Sans.
  fig.tight_layout(rect=(0, 0, 1, 0.97))
/root/autodl-tmp/data_process/05_rebuild_from_raw_20260511/03_baselines/scripts/stage03_v03_vehicle_only_baselines.py:632: UserWarning: Glyph 30495 (\N{CJK UNIFIED IDEOGRAPH-771F}) missing from font(s) DejaVu Sans.
  fig.tight_layout(rect=(0, 0, 1, 0.97))
/root/autodl-tmp/data_process/05_rebuild_from_raw_20260511/03_baselines/scripts/stage03_v03_vehicle_only_baselines.py:632: UserWarning: Glyph 23454 (\N{CJK UNIFIED IDEOGRAPH-5B9E}) missing from font(s) DejaVu Sans.
  fig.tight_layout(rect=(0, 0, 1, 0.97))
/root/autodl-tmp/data_process/05_rebuild_from_raw_20260511/03_baselines/scripts/stage03_v03_vehicle_only_baselines.py:632: UserWarning: Glyph 25490 (\N{CJK UNIFIED IDEOGRAPH-6392}) missing from font(s) DejaVu Sans.
  fig.tight_layout(rect=(0, 0, 1, 0.97))
/root/autodl-tmp/data_process/05_rebuild_from_raw_20260511/03_baselines/scripts/stage03_v03_vehicle_only_baselines.py:632: UserWarning: Glyph 38500 (\N{CJK UNIFIED IDEOGRAPH-9664}) missing from font(s) DejaVu Sans.
  fig.tight_layout(rect=(0, 0, 1, 0.97))
/root/autodl-tmp/data_process/05_rebuild_from_raw_20260511/03_baselines/scripts/stage03_v03_vehicle_only_baselines.py:632: UserWarning: Glyph 26679 (\N{CJK UNIFIED IDEOGRAPH-6837}) missing from font(s) DejaVu Sans.
  fig.tight_layout(rect=(0, 0, 1, 0.97))
/root/autodl-tmp/data_process/05_rebuild_from_raw_20260511/03_baselines/scripts/stage03_v03_vehicle_only_baselines.py:632: UserWarning: Glyph 26412 (\N{CJK UNIFIED IDEOGRAPH-672C}) missing from font(s) DejaVu Sans.
  fig.tight_layout(rect=(0, 0, 1, 0.97))
/root/autodl-tmp/data_process/05_rebuild_from_raw_20260511/03_baselines/scripts/stage03_v03_vehicle_only_baselines.py:632: UserWarning: Glyph 24453 (\N{CJK UNIFIED IDEOGRAPH-5F85}) missing from font(s) DejaVu Sans.
  fig.tight_layout(rect=(0, 0, 1, 0.97))
/root/autodl-tmp/data_process/05_rebuild_from_raw_20260511/03_baselines/scripts/stage03_v03_vehicle_only_baselines.py:632: UserWarning: Glyph 20154 (\N{CJK UNIFIED IDEOGRAPH-4EBA}) missing from font(s) DejaVu Sans.
  fig.tight_layout(rect=(0, 0, 1, 0.97))
/root/autodl-tmp/data_process/05_rebuild_from_raw_20260511/03_baselines/scripts/stage03_v03_vehicle_only_baselines.py:632: UserWarning: Glyph 24037 (\N{CJK UNIFIED IDEOGRAPH-5DE5}) missing from font(s) DejaVu Sans.
  fig.tight_layout(rect=(0, 0, 1, 0.97))
/root/autodl-tmp/data_process/05_rebuild_from_raw_20260511/03_baselines/scripts/stage03_v03_vehicle_only_baselines.py:632: UserWarning: Glyph 22797 (\N{CJK UNIFIED IDEOGRAPH-590D}) missing from font(s) DejaVu Sans.
  fig.tight_layout(rect=(0, 0, 1, 0.97))
/root/autodl-tmp/data_process/05_rebuild_from_raw_20260511/03_baselines/scripts/stage03_v03_vehicle_only_baselines.py:632: UserWarning: Glyph 26680 (\N{CJK UNIFIED IDEOGRAPH-6838}) missing from font(s) DejaVu Sans.
  fig.tight_layout(rect=(0, 0, 1, 0.97))
/root/autodl-tmp/data_process/05_rebuild_from_raw_20260511/03_baselines/scripts/stage03_v03_vehicle_only_baselines.py:632: UserWarning: Glyph 27491 (\N{CJK UNIFIED IDEOGRAPH-6B63}) missing from font(s) DejaVu Sans.
  fig.tight_layout(rect=(0, 0, 1, 0.97))
/root/autodl-tmp/data_process/05_rebuild_from_raw_20260511/03_baselines/scripts/stage03_v03_vehicle_only_baselines.py:632: UserWarning: Glyph 24120 (\N{CJK UNIFIED IDEOGRAPH-5E38}) missing from font(s) DejaVu Sans.
  fig.tight_layout(rect=(0, 0, 1, 0.97))
/root/autodl-tmp/data_process/05_rebuild_from_raw_20260511/03_baselines/scripts/stage03_v03_vehicle_only_baselines.py:632: UserWarning: Glyph 39550 (\N{CJK UNIFIED IDEOGRAPH-9A7E}) missing from font(s) DejaVu Sans.
  fig.tight_layout(rect=(0, 0, 1, 0.97))
/root/autodl-tmp/data_process/05_rebuild_from_raw_20260511/03_baselines/scripts/stage03_v03_vehicle_only_baselines.py:632: UserWarning: Glyph 39542 (\N{CJK UNIFIED IDEOGRAPH-9A76}) missing from font(s) DejaVu Sans.
  fig.tight_layout(rect=(0, 0, 1, 0.97))
/root/autodl-tmp/data_process/05_rebuild_from_raw_20260511/03_baselines/scripts/stage03_v03_vehicle_only_baselines.py:632: UserWarning: Glyph 26222 (\N{CJK UNIFIED IDEOGRAPH-666E}) missing from font(s) DejaVu Sans.
  fig.tight_layout(rect=(0, 0, 1, 0.97))
/root/autodl-tmp/data_process/05_rebuild_from_raw_20260511/03_baselines/scripts/stage03_v03_vehicle_only_baselines.py:632: UserWarning: Glyph 36890 (\N{CJK UNIFIED IDEOGRAPH-901A}) missing from font(s) DejaVu Sans.
  fig.tight_layout(rect=(0, 0, 1, 0.97))
/root/autodl-tmp/data_process/05_rebuild_from_raw_20260511/03_baselines/scripts/stage03_v03_vehicle_only_baselines.py:632: UserWarning: Glyph 24367 (\N{CJK UNIFIED IDEOGRAPH-5F2F}) missing from font(s) DejaVu Sans.
  fig.tight_layout(rect=(0, 0, 1, 0.97))
/root/autodl-tmp/data_process/05_rebuild_from_raw_20260511/03_baselines/scripts/stage03_v03_vehicle_only_baselines.py:632: UserWarning: Glyph 36947 (\N{CJK UNIFIED IDEOGRAPH-9053}) missing from font(s) DejaVu Sans.
  fig.tight_layout(rect=(0, 0, 1, 0.97))
/root/autodl-tmp/data_process/05_rebuild_from_raw_20260511/03_baselines/scripts/stage03_v03_vehicle_only_baselines.py:632: UserWarning: Glyph 23545 (\N{CJK UNIFIED IDEOGRAPH-5BF9}) missing from font(s) DejaVu Sans.
  fig.tight_layout(rect=(0, 0, 1, 0.97))
/root/autodl-tmp/data_process/05_rebuild_from_raw_20260511/03_baselines/scripts/stage03_v03_vehicle_only_baselines.py:632: UserWarning: Glyph 29031 (\N{CJK UNIFIED IDEOGRAPH-7167}) missing from font(s) DejaVu Sans.
  fig.tight_layout(rect=(0, 0, 1, 0.97))
/root/autodl-tmp/data_process/05_rebuild_from_raw_20260511/03_baselines/scripts/stage03_v03_vehicle_only_baselines.py:632: UserWarning: Glyph 24378 (\N{CJK UNIFIED IDEOGRAPH-5F3A}) missing from font(s) DejaVu Sans.
  fig.tight_layout(rect=(0, 0, 1, 0.97))
/root/autodl-tmp/data_process/05_rebuild_from_raw_20260511/03_baselines/scripts/stage03_v03_vehicle_only_baselines.py:632: UserWarning: Glyph 22411 (\N{CJK UNIFIED IDEOGRAPH-578B}) missing from font(s) DejaVu Sans.
  fig.tight_layout(rect=(0, 0, 1, 0.97))
/root/autodl-tmp/data_process/05_rebuild_from_raw_20260511/03_baselines/scripts/stage03_v03_vehicle_only_baselines.py:632: UserWarning: Glyph 26497 (\N{CJK UNIFIED IDEOGRAPH-6781}) missing from font(s) DejaVu Sans.
  fig.tight_layout(rect=(0, 0, 1, 0.97))
/root/autodl-tmp/data_process/05_rebuild_from_raw_20260511/03_baselines/scripts/stage03_v03_vehicle_only_baselines.py:632: UserWarning: Glyph 38480 (\N{CJK UNIFIED IDEOGRAPH-9650}) missing from font(s) DejaVu Sans.
  fig.tight_layout(rect=(0, 0, 1, 0.97))
/root/autodl-tmp/data_process/05_rebuild_from_raw_20260511/03_baselines/scripts/stage03_v03_vehicle_only_baselines.py:632: UserWarning: Glyph 20917 (\N{CJK UNIFIED IDEOGRAPH-51B5}) missing from font(s) DejaVu Sans.
  fig.tight_layout(rect=(0, 0, 1, 0.97))
/root/autodl-tmp/data_process/05_rebuild_from_raw_20260511/03_baselines/scripts/stage03_v03_vehicle_only_baselines.py:633: UserWarning: Glyph 24310 (\N{CJK UNIFIED IDEOGRAPH-5EF6}) missing from font(s) DejaVu Sans.
  fig.savefig(out_path, dpi=180)
/root/autodl-tmp/data_process/05_rebuild_from_raw_20260511/03_baselines/scripts/stage03_v03_vehicle_only_baselines.py:633: UserWarning: Glyph 36831 (\N{CJK UNIFIED IDEOGRAPH-8FDF}) missing from font(s) DejaVu Sans.
  fig.savefig(out_path, dpi=180)
/root/autodl-tmp/data_process/05_rebuild_from_raw_20260511/03_baselines/scripts/stage03_v03_vehicle_only_baselines.py:633: UserWarning: Glyph 25110 (\N{CJK UNIFIED IDEOGRAPH-6216}) missing from font(s) DejaVu Sans.
  fig.savefig(out_path, dpi=180)
/root/autodl-tmp/data_process/05_rebuild_from_raw_20260511/03_baselines/scripts/stage03_v03_vehicle_only_baselines.py:633: UserWarning: Glyph 26080 (\N{CJK UNIFIED IDEOGRAPH-65E0}) missing from font(s) DejaVu Sans.
  fig.savefig(out_path, dpi=180)
/root/autodl-tmp/data_process/05_rebuild_from_raw_20260511/03_baselines/scripts/stage03_v03_vehicle_only_baselines.py:633: UserWarning: Glyph 26126 (\N{CJK UNIFIED IDEOGRAPH-660E}) missing from font(s) DejaVu Sans.
  fig.savefig(out_path, dpi=180)
/root/autodl-tmp/data_process/05_rebuild_from_raw_20260511/03_baselines/scripts/stage03_v03_vehicle_only_baselines.py:633: UserWarning: Glyph 26174 (\N{CJK UNIFIED IDEOGRAPH-663E}) missing from font(s) DejaVu Sans.
  fig.savefig(out_path, dpi=180)
/root/autodl-tmp/data_process/05_rebuild_from_raw_20260511/03_baselines/scripts/stage03_v03_vehicle_only_baselines.py:633: UserWarning: Glyph 36716 (\N{CJK UNIFIED IDEOGRAPH-8F6C}) missing from font(s) DejaVu Sans.
  fig.savefig(out_path, dpi=180)
/root/autodl-tmp/data_process/05_rebuild_from_raw_20260511/03_baselines/scripts/stage03_v03_vehicle_only_baselines.py:633: UserWarning: Glyph 21521 (\N{CJK UNIFIED IDEOGRAPH-5411}) missing from font(s) DejaVu Sans.
  fig.savefig(out_path, dpi=180)
/root/autodl-tmp/data_process/05_rebuild_from_raw_20260511/03_baselines/scripts/stage03_v03_vehicle_only_baselines.py:633: UserWarning: Glyph 21709 (\N{CJK UNIFIED IDEOGRAPH-54CD}) missing from font(s) DejaVu Sans.
  fig.savefig(out_path, dpi=180)
/root/autodl-tmp/data_process/05_rebuild_from_raw_20260511/03_baselines/scripts/stage03_v03_vehicle_only_baselines.py:633: UserWarning: Glyph 24212 (\N{CJK UNIFIED IDEOGRAPH-5E94}) missing from font(s) DejaVu Sans.
  fig.savefig(out_path, dpi=180)
/root/autodl-tmp/data_process/05_rebuild_from_raw_20260511/03_baselines/scripts/stage03_v03_vehicle_only_baselines.py:633: UserWarning: Glyph 30495 (\N{CJK UNIFIED IDEOGRAPH-771F}) missing from font(s) DejaVu Sans.
  fig.savefig(out_path, dpi=180)
/root/autodl-tmp/data_process/05_rebuild_from_raw_20260511/03_baselines/scripts/stage03_v03_vehicle_only_baselines.py:633: UserWarning: Glyph 23454 (\N{CJK UNIFIED IDEOGRAPH-5B9E}) missing from font(s) DejaVu Sans.
  fig.savefig(out_path, dpi=180)
/root/autodl-tmp/data_process/05_rebuild_from_raw_20260511/03_baselines/scripts/stage03_v03_vehicle_only_baselines.py:633: UserWarning: Glyph 25490 (\N{CJK UNIFIED IDEOGRAPH-6392}) missing from font(s) DejaVu Sans.
  fig.savefig(out_path, dpi=180)
/root/autodl-tmp/data_process/05_rebuild_from_raw_20260511/03_baselines/scripts/stage03_v03_vehicle_only_baselines.py:633: UserWarning: Glyph 38500 (\N{CJK UNIFIED IDEOGRAPH-9664}) missing from font(s) DejaVu Sans.
  fig.savefig(out_path, dpi=180)
/root/autodl-tmp/data_process/05_rebuild_from_raw_20260511/03_baselines/scripts/stage03_v03_vehicle_only_baselines.py:633: UserWarning: Glyph 26679 (\N{CJK UNIFIED IDEOGRAPH-6837}) missing from font(s) DejaVu Sans.
  fig.savefig(out_path, dpi=180)
/root/autodl-tmp/data_process/05_rebuild_from_raw_20260511/03_baselines/scripts/stage03_v03_vehicle_only_baselines.py:633: UserWarning: Glyph 26412 (\N{CJK UNIFIED IDEOGRAPH-672C}) missing from font(s) DejaVu Sans.
  fig.savefig(out_path, dpi=180)
/root/autodl-tmp/data_process/05_rebuild_from_raw_20260511/03_baselines/scripts/stage03_v03_vehicle_only_baselines.py:633: UserWarning: Glyph 24453 (\N{CJK UNIFIED IDEOGRAPH-5F85}) missing from font(s) DejaVu Sans.
  fig.savefig(out_path, dpi=180)
/root/autodl-tmp/data_process/05_rebuild_from_raw_20260511/03_baselines/scripts/stage03_v03_vehicle_only_baselines.py:633: UserWarning: Glyph 20154 (\N{CJK UNIFIED IDEOGRAPH-4EBA}) missing from font(s) DejaVu Sans.
  fig.savefig(out_path, dpi=180)
/root/autodl-tmp/data_process/05_rebuild_from_raw_20260511/03_baselines/scripts/stage03_v03_vehicle_only_baselines.py:633: UserWarning: Glyph 24037 (\N{CJK UNIFIED IDEOGRAPH-5DE5}) missing from font(s) DejaVu Sans.
  fig.savefig(out_path, dpi=180)
/root/autodl-tmp/data_process/05_rebuild_from_raw_20260511/03_baselines/scripts/stage03_v03_vehicle_only_baselines.py:633: UserWarning: Glyph 22797 (\N{CJK UNIFIED IDEOGRAPH-590D}) missing from font(s) DejaVu Sans.
  fig.savefig(out_path, dpi=180)
/root/autodl-tmp/data_process/05_rebuild_from_raw_20260511/03_baselines/scripts/stage03_v03_vehicle_only_baselines.py:633: UserWarning: Glyph 26680 (\N{CJK UNIFIED IDEOGRAPH-6838}) missing from font(s) DejaVu Sans.
  fig.savefig(out_path, dpi=180)
/root/autodl-tmp/data_process/05_rebuild_from_raw_20260511/03_baselines/scripts/stage03_v03_vehicle_only_baselines.py:633: UserWarning: Glyph 27491 (\N{CJK UNIFIED IDEOGRAPH-6B63}) missing from font(s) DejaVu Sans.
  fig.savefig(out_path, dpi=180)
/root/autodl-tmp/data_process/05_rebuild_from_raw_20260511/03_baselines/scripts/stage03_v03_vehicle_only_baselines.py:633: UserWarning: Glyph 24120 (\N{CJK UNIFIED IDEOGRAPH-5E38}) missing from font(s) DejaVu Sans.
  fig.savefig(out_path, dpi=180)
/root/autodl-tmp/data_process/05_rebuild_from_raw_20260511/03_baselines/scripts/stage03_v03_vehicle_only_baselines.py:633: UserWarning: Glyph 39550 (\N{CJK UNIFIED IDEOGRAPH-9A7E}) missing from font(s) DejaVu Sans.
  fig.savefig(out_path, dpi=180)
/root/autodl-tmp/data_process/05_rebuild_from_raw_20260511/03_baselines/scripts/stage03_v03_vehicle_only_baselines.py:633: UserWarning: Glyph 39542 (\N{CJK UNIFIED IDEOGRAPH-9A76}) missing from font(s) DejaVu Sans.
  fig.savefig(out_path, dpi=180)
/root/autodl-tmp/data_process/05_rebuild_from_raw_20260511/03_baselines/scripts/stage03_v03_vehicle_only_baselines.py:633: UserWarning: Glyph 26222 (\N{CJK UNIFIED IDEOGRAPH-666E}) missing from font(s) DejaVu Sans.
  fig.savefig(out_path, dpi=180)
/root/autodl-tmp/data_process/05_rebuild_from_raw_20260511/03_baselines/scripts/stage03_v03_vehicle_only_baselines.py:633: UserWarning: Glyph 36890 (\N{CJK UNIFIED IDEOGRAPH-901A}) missing from font(s) DejaVu Sans.
  fig.savefig(out_path, dpi=180)
/root/autodl-tmp/data_process/05_rebuild_from_raw_20260511/03_baselines/scripts/stage03_v03_vehicle_only_baselines.py:633: UserWarning: Glyph 24367 (\N{CJK UNIFIED IDEOGRAPH-5F2F}) missing from font(s) DejaVu Sans.
  fig.savefig(out_path, dpi=180)
/root/autodl-tmp/data_process/05_rebuild_from_raw_20260511/03_baselines/scripts/stage03_v03_vehicle_only_baselines.py:633: UserWarning: Glyph 36947 (\N{CJK UNIFIED IDEOGRAPH-9053}) missing from font(s) DejaVu Sans.
  fig.savefig(out_path, dpi=180)
/root/autodl-tmp/data_process/05_rebuild_from_raw_20260511/03_baselines/scripts/stage03_v03_vehicle_only_baselines.py:633: UserWarning: Glyph 23545 (\N{CJK UNIFIED IDEOGRAPH-5BF9}) missing from font(s) DejaVu Sans.
  fig.savefig(out_path, dpi=180)
/root/autodl-tmp/data_process/05_rebuild_from_raw_20260511/03_baselines/scripts/stage03_v03_vehicle_only_baselines.py:633: UserWarning: Glyph 29031 (\N{CJK UNIFIED IDEOGRAPH-7167}) missing from font(s) DejaVu Sans.
  fig.savefig(out_path, dpi=180)
/root/autodl-tmp/data_process/05_rebuild_from_raw_20260511/03_baselines/scripts/stage03_v03_vehicle_only_baselines.py:633: UserWarning: Glyph 24378 (\N{CJK UNIFIED IDEOGRAPH-5F3A}) missing from font(s) DejaVu Sans.
  fig.savefig(out_path, dpi=180)
/root/autodl-tmp/data_process/05_rebuild_from_raw_20260511/03_baselines/scripts/stage03_v03_vehicle_only_baselines.py:633: UserWarning: Glyph 22411 (\N{CJK UNIFIED IDEOGRAPH-578B}) missing from font(s) DejaVu Sans.
  fig.savefig(out_path, dpi=180)
/root/autodl-tmp/data_process/05_rebuild_from_raw_20260511/03_baselines/scripts/stage03_v03_vehicle_only_baselines.py:633: UserWarning: Glyph 26497 (\N{CJK UNIFIED IDEOGRAPH-6781}) missing from font(s) DejaVu Sans.
  fig.savefig(out_path, dpi=180)
/root/autodl-tmp/data_process/05_rebuild_from_raw_20260511/03_baselines/scripts/stage03_v03_vehicle_only_baselines.py:633: UserWarning: Glyph 38480 (\N{CJK UNIFIED IDEOGRAPH-9650}) missing from font(s) DejaVu Sans.
  fig.savefig(out_path, dpi=180)
/root/autodl-tmp/data_process/05_rebuild_from_raw_20260511/03_baselines/scripts/stage03_v03_vehicle_only_baselines.py:633: UserWarning: Glyph 20917 (\N{CJK UNIFIED IDEOGRAPH-51B5}) missing from font(s) DejaVu Sans.
  fig.savefig(out_path, dpi=180)
/root/autodl-tmp/data_process/05_rebuild_from_raw_20260511/03_baselines/scripts/stage03_v03_vehicle_only_baselines.py:632: UserWarning: Glyph 24378 (\N{CJK UNIFIED IDEOGRAPH-5F3A}) missing from font(s) DejaVu Sans.
  fig.tight_layout(rect=(0, 0, 1, 0.97))
/root/autodl-tmp/data_process/05_rebuild_from_raw_20260511/03_baselines/scripts/stage03_v03_vehicle_only_baselines.py:632: UserWarning: Glyph 21709 (\N{CJK UNIFIED IDEOGRAPH-54CD}) missing from font(s) DejaVu Sans.
  fig.tight_layout(rect=(0, 0, 1, 0.97))
/root/autodl-tmp/data_process/05_rebuild_from_raw_20260511/03_baselines/scripts/stage03_v03_vehicle_only_baselines.py:632: UserWarning: Glyph 24212 (\N{CJK UNIFIED IDEOGRAPH-5E94}) missing from font(s) DejaVu Sans.
  fig.tight_layout(rect=(0, 0, 1, 0.97))
/root/autodl-tmp/data_process/05_rebuild_from_raw_20260511/03_baselines/scripts/stage03_v03_vehicle_only_baselines.py:632: UserWarning: Glyph 22411 (\N{CJK UNIFIED IDEOGRAPH-578B}) missing from font(s) DejaVu Sans.
  fig.tight_layout(rect=(0, 0, 1, 0.97))
/root/autodl-tmp/data_process/05_rebuild_from_raw_20260511/03_baselines/scripts/stage03_v03_vehicle_only_baselines.py:632: UserWarning: Glyph 26497 (\N{CJK UNIFIED IDEOGRAPH-6781}) missing from font(s) DejaVu Sans.
  fig.tight_layout(rect=(0, 0, 1, 0.97))
/root/autodl-tmp/data_process/05_rebuild_from_raw_20260511/03_baselines/scripts/stage03_v03_vehicle_only_baselines.py:632: UserWarning: Glyph 38480 (\N{CJK UNIFIED IDEOGRAPH-9650}) missing from font(s) DejaVu Sans.
  fig.tight_layout(rect=(0, 0, 1, 0.97))
/root/autodl-tmp/data_process/05_rebuild_from_raw_20260511/03_baselines/scripts/stage03_v03_vehicle_only_baselines.py:632: UserWarning: Glyph 24037 (\N{CJK UNIFIED IDEOGRAPH-5DE5}) missing from font(s) DejaVu Sans.
  fig.tight_layout(rect=(0, 0, 1, 0.97))
/root/autodl-tmp/data_process/05_rebuild_from_raw_20260511/03_baselines/scripts/stage03_v03_vehicle_only_baselines.py:632: UserWarning: Glyph 20917 (\N{CJK UNIFIED IDEOGRAPH-51B5}) missing from font(s) DejaVu Sans.
  fig.tight_layout(rect=(0, 0, 1, 0.97))
/root/autodl-tmp/data_process/05_rebuild_from_raw_20260511/03_baselines/scripts/stage03_v03_vehicle_only_baselines.py:632: UserWarning: Glyph 30495 (\N{CJK UNIFIED IDEOGRAPH-771F}) missing from font(s) DejaVu Sans.
  fig.tight_layout(rect=(0, 0, 1, 0.97))
/root/autodl-tmp/data_process/05_rebuild_from_raw_20260511/03_baselines/scripts/stage03_v03_vehicle_only_baselines.py:632: UserWarning: Glyph 23454 (\N{CJK UNIFIED IDEOGRAPH-5B9E}) missing from font(s) DejaVu Sans.
  fig.tight_layout(rect=(0, 0, 1, 0.97))
/root/autodl-tmp/data_process/05_rebuild_from_raw_20260511/03_baselines/scripts/stage03_v03_vehicle_only_baselines.py:632: UserWarning: Glyph 24310 (\N{CJK UNIFIED IDEOGRAPH-5EF6}) missing from font(s) DejaVu Sans.
  fig.tight_layout(rect=(0, 0, 1, 0.97))
/root/autodl-tmp/data_process/05_rebuild_from_raw_20260511/03_baselines/scripts/stage03_v03_vehicle_only_baselines.py:632: UserWarning: Glyph 36831 (\N{CJK UNIFIED IDEOGRAPH-8FDF}) missing from font(s) DejaVu Sans.
  fig.tight_layout(rect=(0, 0, 1, 0.97))
/root/autodl-tmp/data_process/05_rebuild_from_raw_20260511/03_baselines/scripts/stage03_v03_vehicle_only_baselines.py:632: UserWarning: Glyph 25110 (\N{CJK UNIFIED IDEOGRAPH-6216}) missing from font(s) DejaVu Sans.
  fig.tight_layout(rect=(0, 0, 1, 0.97))
/root/autodl-tmp/data_process/05_rebuild_from_raw_20260511/03_baselines/scripts/stage03_v03_vehicle_only_baselines.py:632: UserWarning: Glyph 26080 (\N{CJK UNIFIED IDEOGRAPH-65E0}) missing from font(s) DejaVu Sans.
  fig.tight_layout(rect=(0, 0, 1, 0.97))
/root/autodl-tmp/data_process/05_rebuild_from_raw_20260511/03_baselines/scripts/stage03_v03_vehicle_only_baselines.py:632: UserWarning: Glyph 26126 (\N{CJK UNIFIED IDEOGRAPH-660E}) missing from font(s) DejaVu Sans.
  fig.tight_layout(rect=(0, 0, 1, 0.97))
/root/autodl-tmp/data_process/05_rebuild_from_raw_20260511/03_baselines/scripts/stage03_v03_vehicle_only_baselines.py:632: UserWarning: Glyph 26174 (\N{CJK UNIFIED IDEOGRAPH-663E}) missing from font(s) DejaVu Sans.
  fig.tight_layout(rect=(0, 0, 1, 0.97))
/root/autodl-tmp/data_process/05_rebuild_from_raw_20260511/03_baselines/scripts/stage03_v03_vehicle_only_baselines.py:632: UserWarning: Glyph 36716 (\N{CJK UNIFIED IDEOGRAPH-8F6C}) missing from font(s) DejaVu Sans.
  fig.tight_layout(rect=(0, 0, 1, 0.97))
/root/autodl-tmp/data_process/05_rebuild_from_raw_20260511/03_baselines/scripts/stage03_v03_vehicle_only_baselines.py:632: UserWarning: Glyph 21521 (\N{CJK UNIFIED IDEOGRAPH-5411}) missing from font(s) DejaVu Sans.
  fig.tight_layout(rect=(0, 0, 1, 0.97))
/root/autodl-tmp/data_process/05_rebuild_from_raw_20260511/03_baselines/scripts/stage03_v03_vehicle_only_baselines.py:632: UserWarning: Glyph 24369 (\N{CJK UNIFIED IDEOGRAPH-5F31}) missing from font(s) DejaVu Sans.
  fig.tight_layout(rect=(0, 0, 1, 0.97))
/root/autodl-tmp/data_process/05_rebuild_from_raw_20260511/03_baselines/scripts/stage03_v03_vehicle_only_baselines.py:632: UserWarning: Glyph 20445 (\N{CJK UNIFIED IDEOGRAPH-4FDD}) missing from font(s) DejaVu Sans.
  fig.tight_layout(rect=(0, 0, 1, 0.97))
/root/autodl-tmp/data_process/05_rebuild_from_raw_20260511/03_baselines/scripts/stage03_v03_vehicle_only_baselines.py:632: UserWarning: Glyph 23432 (\N{CJK UNIFIED IDEOGRAPH-5B88}) missing from font(s) DejaVu Sans.
  fig.tight_layout(rect=(0, 0, 1, 0.97))
/root/autodl-tmp/data_process/05_rebuild_from_raw_20260511/03_baselines/scripts/stage03_v03_vehicle_only_baselines.py:632: UserWarning: Glyph 25490 (\N{CJK UNIFIED IDEOGRAPH-6392}) missing from font(s) DejaVu Sans.
  fig.tight_layout(rect=(0, 0, 1, 0.97))
/root/autodl-tmp/data_process/05_rebuild_from_raw_20260511/03_baselines/scripts/stage03_v03_vehicle_only_baselines.py:632: UserWarning: Glyph 38500 (\N{CJK UNIFIED IDEOGRAPH-9664}) missing from font(s) DejaVu Sans.
  fig.tight_layout(rect=(0, 0, 1, 0.97))
/root/autodl-tmp/data_process/05_rebuild_from_raw_20260511/03_baselines/scripts/stage03_v03_vehicle_only_baselines.py:632: UserWarning: Glyph 26679 (\N{CJK UNIFIED IDEOGRAPH-6837}) missing from font(s) DejaVu Sans.
  fig.tight_layout(rect=(0, 0, 1, 0.97))
/root/autodl-tmp/data_process/05_rebuild_from_raw_20260511/03_baselines/scripts/stage03_v03_vehicle_only_baselines.py:632: UserWarning: Glyph 26412 (\N{CJK UNIFIED IDEOGRAPH-672C}) missing from font(s) DejaVu Sans.
  fig.tight_layout(rect=(0, 0, 1, 0.97))
/root/autodl-tmp/data_process/05_rebuild_from_raw_20260511/03_baselines/scripts/stage03_v03_vehicle_only_baselines.py:633: UserWarning: Glyph 24378 (\N{CJK UNIFIED IDEOGRAPH-5F3A}) missing from font(s) DejaVu Sans.
  fig.savefig(out_path, dpi=180)
/root/autodl-tmp/data_process/05_rebuild_from_raw_20260511/03_baselines/scripts/stage03_v03_vehicle_only_baselines.py:633: UserWarning: Glyph 21709 (\N{CJK UNIFIED IDEOGRAPH-54CD}) missing from font(s) DejaVu Sans.
  fig.savefig(out_path, dpi=180)
/root/autodl-tmp/data_process/05_rebuild_from_raw_20260511/03_baselines/scripts/stage03_v03_vehicle_only_baselines.py:633: UserWarning: Glyph 24212 (\N{CJK UNIFIED IDEOGRAPH-5E94}) missing from font(s) DejaVu Sans.
  fig.savefig(out_path, dpi=180)
/root/autodl-tmp/data_process/05_rebuild_from_raw_20260511/03_baselines/scripts/stage03_v03_vehicle_only_baselines.py:633: UserWarning: Glyph 22411 (\N{CJK UNIFIED IDEOGRAPH-578B}) missing from font(s) DejaVu Sans.
  fig.savefig(out_path, dpi=180)
/root/autodl-tmp/data_process/05_rebuild_from_raw_20260511/03_baselines/scripts/stage03_v03_vehicle_only_baselines.py:633: UserWarning: Glyph 26497 (\N{CJK UNIFIED IDEOGRAPH-6781}) missing from font(s) DejaVu Sans.
  fig.savefig(out_path, dpi=180)
/root/autodl-tmp/data_process/05_rebuild_from_raw_20260511/03_baselines/scripts/stage03_v03_vehicle_only_baselines.py:633: UserWarning: Glyph 38480 (\N{CJK UNIFIED IDEOGRAPH-9650}) missing from font(s) DejaVu Sans.
  fig.savefig(out_path, dpi=180)
/root/autodl-tmp/data_process/05_rebuild_from_raw_20260511/03_baselines/scripts/stage03_v03_vehicle_only_baselines.py:633: UserWarning: Glyph 24037 (\N{CJK UNIFIED IDEOGRAPH-5DE5}) missing from font(s) DejaVu Sans.
  fig.savefig(out_path, dpi=180)
/root/autodl-tmp/data_process/05_rebuild_from_raw_20260511/03_baselines/scripts/stage03_v03_vehicle_only_baselines.py:633: UserWarning: Glyph 20917 (\N{CJK UNIFIED IDEOGRAPH-51B5}) missing from font(s) DejaVu Sans.
  fig.savefig(out_path, dpi=180)
/root/autodl-tmp/data_process/05_rebuild_from_raw_20260511/03_baselines/scripts/stage03_v03_vehicle_only_baselines.py:633: UserWarning: Glyph 30495 (\N{CJK UNIFIED IDEOGRAPH-771F}) missing from font(s) DejaVu Sans.
  fig.savefig(out_path, dpi=180)
/root/autodl-tmp/data_process/05_rebuild_from_raw_20260511/03_baselines/scripts/stage03_v03_vehicle_only_baselines.py:633: UserWarning: Glyph 23454 (\N{CJK UNIFIED IDEOGRAPH-5B9E}) missing from font(s) DejaVu Sans.
  fig.savefig(out_path, dpi=180)
/root/autodl-tmp/data_process/05_rebuild_from_raw_20260511/03_baselines/scripts/stage03_v03_vehicle_only_baselines.py:633: UserWarning: Glyph 24310 (\N{CJK UNIFIED IDEOGRAPH-5EF6}) missing from font(s) DejaVu Sans.
  fig.savefig(out_path, dpi=180)
/root/autodl-tmp/data_process/05_rebuild_from_raw_20260511/03_baselines/scripts/stage03_v03_vehicle_only_baselines.py:633: UserWarning: Glyph 36831 (\N{CJK UNIFIED IDEOGRAPH-8FDF}) missing from font(s) DejaVu Sans.
  fig.savefig(out_path, dpi=180)
/root/autodl-tmp/data_process/05_rebuild_from_raw_20260511/03_baselines/scripts/stage03_v03_vehicle_only_baselines.py:633: UserWarning: Glyph 25110 (\N{CJK UNIFIED IDEOGRAPH-6216}) missing from font(s) DejaVu Sans.
  fig.savefig(out_path, dpi=180)
/root/autodl-tmp/data_process/05_rebuild_from_raw_20260511/03_baselines/scripts/stage03_v03_vehicle_only_baselines.py:633: UserWarning: Glyph 26080 (\N{CJK UNIFIED IDEOGRAPH-65E0}) missing from font(s) DejaVu Sans.
  fig.savefig(out_path, dpi=180)
/root/autodl-tmp/data_process/05_rebuild_from_raw_20260511/03_baselines/scripts/stage03_v03_vehicle_only_baselines.py:633: UserWarning: Glyph 26126 (\N{CJK UNIFIED IDEOGRAPH-660E}) missing from font(s) DejaVu Sans.
  fig.savefig(out_path, dpi=180)
/root/autodl-tmp/data_process/05_rebuild_from_raw_20260511/03_baselines/scripts/stage03_v03_vehicle_only_baselines.py:633: UserWarning: Glyph 26174 (\N{CJK UNIFIED IDEOGRAPH-663E}) missing from font(s) DejaVu Sans.
  fig.savefig(out_path, dpi=180)
/root/autodl-tmp/data_process/05_rebuild_from_raw_20260511/03_baselines/scripts/stage03_v03_vehicle_only_baselines.py:633: UserWarning: Glyph 36716 (\N{CJK UNIFIED IDEOGRAPH-8F6C}) missing from font(s) DejaVu Sans.
  fig.savefig(out_path, dpi=180)
/root/autodl-tmp/data_process/05_rebuild_from_raw_20260511/03_baselines/scripts/stage03_v03_vehicle_only_baselines.py:633: UserWarning: Glyph 21521 (\N{CJK UNIFIED IDEOGRAPH-5411}) missing from font(s) DejaVu Sans.
  fig.savefig(out_path, dpi=180)
/root/autodl-tmp/data_process/05_rebuild_from_raw_20260511/03_baselines/scripts/stage03_v03_vehicle_only_baselines.py:633: UserWarning: Glyph 24369 (\N{CJK UNIFIED IDEOGRAPH-5F31}) missing from font(s) DejaVu Sans.
  fig.savefig(out_path, dpi=180)
/root/autodl-tmp/data_process/05_rebuild_from_raw_20260511/03_baselines/scripts/stage03_v03_vehicle_only_baselines.py:633: UserWarning: Glyph 20445 (\N{CJK UNIFIED IDEOGRAPH-4FDD}) missing from font(s) DejaVu Sans.
  fig.savefig(out_path, dpi=180)
/root/autodl-tmp/data_process/05_rebuild_from_raw_20260511/03_baselines/scripts/stage03_v03_vehicle_only_baselines.py:633: UserWarning: Glyph 23432 (\N{CJK UNIFIED IDEOGRAPH-5B88}) missing from font(s) DejaVu Sans.
  fig.savefig(out_path, dpi=180)
/root/autodl-tmp/data_process/05_rebuild_from_raw_20260511/03_baselines/scripts/stage03_v03_vehicle_only_baselines.py:633: UserWarning: Glyph 25490 (\N{CJK UNIFIED IDEOGRAPH-6392}) missing from font(s) DejaVu Sans.
  fig.savefig(out_path, dpi=180)
/root/autodl-tmp/data_process/05_rebuild_from_raw_20260511/03_baselines/scripts/stage03_v03_vehicle_only_baselines.py:633: UserWarning: Glyph 38500 (\N{CJK UNIFIED IDEOGRAPH-9664}) missing from font(s) DejaVu Sans.
  fig.savefig(out_path, dpi=180)
/root/autodl-tmp/data_process/05_rebuild_from_raw_20260511/03_baselines/scripts/stage03_v03_vehicle_only_baselines.py:633: UserWarning: Glyph 26679 (\N{CJK UNIFIED IDEOGRAPH-6837}) missing from font(s) DejaVu Sans.
  fig.savefig(out_path, dpi=180)
/root/autodl-tmp/data_process/05_rebuild_from_raw_20260511/03_baselines/scripts/stage03_v03_vehicle_only_baselines.py:633: UserWarning: Glyph 26412 (\N{CJK UNIFIED IDEOGRAPH-672C}) missing from font(s) DejaVu Sans.
  fig.savefig(out_path, dpi=180)
run v03_plus_review_excluded_roll_no_lateral
fit numpy baselines features=249 train=640 val=182
/root/autodl-tmp/data_process/05_rebuild_from_raw_20260511/03_baselines/scripts/stage03_v03_vehicle_only_baselines.py:632: UserWarning: Glyph 24310 (\N{CJK UNIFIED IDEOGRAPH-5EF6}) missing from font(s) DejaVu Sans.
  fig.tight_layout(rect=(0, 0, 1, 0.97))
/root/autodl-tmp/data_process/05_rebuild_from_raw_20260511/03_baselines/scripts/stage03_v03_vehicle_only_baselines.py:632: UserWarning: Glyph 36831 (\N{CJK UNIFIED IDEOGRAPH-8FDF}) missing from font(s) DejaVu Sans.
  fig.tight_layout(rect=(0, 0, 1, 0.97))
/root/autodl-tmp/data_process/05_rebuild_from_raw_20260511/03_baselines/scripts/stage03_v03_vehicle_only_baselines.py:632: UserWarning: Glyph 25110 (\N{CJK UNIFIED IDEOGRAPH-6216}) missing from font(s) DejaVu Sans.
  fig.tight_layout(rect=(0, 0, 1, 0.97))
/root/autodl-tmp/data_process/05_rebuild_from_raw_20260511/03_baselines/scripts/stage03_v03_vehicle_only_baselines.py:632: UserWarning: Glyph 26080 (\N{CJK UNIFIED IDEOGRAPH-65E0}) missing from font(s) DejaVu Sans.
  fig.tight_layout(rect=(0, 0, 1, 0.97))
/root/autodl-tmp/data_process/05_rebuild_from_raw_20260511/03_baselines/scripts/stage03_v03_vehicle_only_baselines.py:632: UserWarning: Glyph 26126 (\N{CJK UNIFIED IDEOGRAPH-660E}) missing from font(s) DejaVu Sans.
  fig.tight_layout(rect=(0, 0, 1, 0.97))
/root/autodl-tmp/data_process/05_rebuild_from_raw_20260511/03_baselines/scripts/stage03_v03_vehicle_only_baselines.py:632: UserWarning: Glyph 26174 (\N{CJK UNIFIED IDEOGRAPH-663E}) missing from font(s) DejaVu Sans.
  fig.tight_layout(rect=(0, 0, 1, 0.97))
/root/autodl-tmp/data_process/05_rebuild_from_raw_20260511/03_baselines/scripts/stage03_v03_vehicle_only_baselines.py:632: UserWarning: Glyph 36716 (\N{CJK UNIFIED IDEOGRAPH-8F6C}) missing from font(s) DejaVu Sans.
  fig.tight_layout(rect=(0, 0, 1, 0.97))
/root/autodl-tmp/data_process/05_rebuild_from_raw_20260511/03_baselines/scripts/stage03_v03_vehicle_only_baselines.py:632: UserWarning: Glyph 21521 (\N{CJK UNIFIED IDEOGRAPH-5411}) missing from font(s) DejaVu Sans.
  fig.tight_layout(rect=(0, 0, 1, 0.97))
/root/autodl-tmp/data_process/05_rebuild_from_raw_20260511/03_baselines/scripts/stage03_v03_vehicle_only_baselines.py:632: UserWarning: Glyph 21709 (\N{CJK UNIFIED IDEOGRAPH-54CD}) missing from font(s) DejaVu Sans.
  fig.tight_layout(rect=(0, 0, 1, 0.97))
/root/autodl-tmp/data_process/05_rebuild_from_raw_20260511/03_baselines/scripts/stage03_v03_vehicle_only_baselines.py:632: UserWarning: Glyph 24212 (\N{CJK UNIFIED IDEOGRAPH-5E94}) missing from font(s) DejaVu Sans.
  fig.tight_layout(rect=(0, 0, 1, 0.97))
/root/autodl-tmp/data_process/05_rebuild_from_raw_20260511/03_baselines/scripts/stage03_v03_vehicle_only_baselines.py:632: UserWarning: Glyph 30495 (\N{CJK UNIFIED IDEOGRAPH-771F}) missing from font(s) DejaVu Sans.
  fig.tight_layout(rect=(0, 0, 1, 0.97))
/root/autodl-tmp/data_process/05_rebuild_from_raw_20260511/03_baselines/scripts/stage03_v03_vehicle_only_baselines.py:632: UserWarning: Glyph 23454 (\N{CJK UNIFIED IDEOGRAPH-5B9E}) missing from font(s) DejaVu Sans.
  fig.tight_layout(rect=(0, 0, 1, 0.97))
/root/autodl-tmp/data_process/05_rebuild_from_raw_20260511/03_baselines/scripts/stage03_v03_vehicle_only_baselines.py:632: UserWarning: Glyph 25490 (\N{CJK UNIFIED IDEOGRAPH-6392}) missing from font(s) DejaVu Sans.
  fig.tight_layout(rect=(0, 0, 1, 0.97))
/root/autodl-tmp/data_process/05_rebuild_from_raw_20260511/03_baselines/scripts/stage03_v03_vehicle_only_baselines.py:632: UserWarning: Glyph 38500 (\N{CJK UNIFIED IDEOGRAPH-9664}) missing from font(s) DejaVu Sans.
  fig.tight_layout(rect=(0, 0, 1, 0.97))
/root/autodl-tmp/data_process/05_rebuild_from_raw_20260511/03_baselines/scripts/stage03_v03_vehicle_only_baselines.py:632: UserWarning: Glyph 26679 (\N{CJK UNIFIED IDEOGRAPH-6837}) missing from font(s) DejaVu Sans.
  fig.tight_layout(rect=(0, 0, 1, 0.97))
/root/autodl-tmp/data_process/05_rebuild_from_raw_20260511/03_baselines/scripts/stage03_v03_vehicle_only_baselines.py:632: UserWarning: Glyph 26412 (\N{CJK UNIFIED IDEOGRAPH-672C}) missing from font(s) DejaVu Sans.
  fig.tight_layout(rect=(0, 0, 1, 0.97))
/root/autodl-tmp/data_process/05_rebuild_from_raw_20260511/03_baselines/scripts/stage03_v03_vehicle_only_baselines.py:632: UserWarning: Glyph 24453 (\N{CJK UNIFIED IDEOGRAPH-5F85}) missing from font(s) DejaVu Sans.
  fig.tight_layout(rect=(0, 0, 1, 0.97))
/root/autodl-tmp/data_process/05_rebuild_from_raw_20260511/03_baselines/scripts/stage03_v03_vehicle_only_baselines.py:632: UserWarning: Glyph 20154 (\N{CJK UNIFIED IDEOGRAPH-4EBA}) missing from font(s) DejaVu Sans.
  fig.tight_layout(rect=(0, 0, 1, 0.97))
/root/autodl-tmp/data_process/05_rebuild_from_raw_20260511/03_baselines/scripts/stage03_v03_vehicle_only_baselines.py:632: UserWarning: Glyph 24037 (\N{CJK UNIFIED IDEOGRAPH-5DE5}) missing from font(s) DejaVu Sans.
  fig.tight_layout(rect=(0, 0, 1, 0.97))
/root/autodl-tmp/data_process/05_rebuild_from_raw_20260511/03_baselines/scripts/stage03_v03_vehicle_only_baselines.py:632: UserWarning: Glyph 22797 (\N{CJK UNIFIED IDEOGRAPH-590D}) missing from font(s) DejaVu Sans.
  fig.tight_layout(rect=(0, 0, 1, 0.97))
/root/autodl-tmp/data_process/05_rebuild_from_raw_20260511/03_baselines/scripts/stage03_v03_vehicle_only_baselines.py:632: UserWarning: Glyph 26680 (\N{CJK UNIFIED IDEOGRAPH-6838}) missing from font(s) DejaVu Sans.
  fig.tight_layout(rect=(0, 0, 1, 0.97))
/root/autodl-tmp/data_process/05_rebuild_from_raw_20260511/03_baselines/scripts/stage03_v03_vehicle_only_baselines.py:632: UserWarning: Glyph 27491 (\N{CJK UNIFIED IDEOGRAPH-6B63}) missing from font(s) DejaVu Sans.
  fig.tight_layout(rect=(0, 0, 1, 0.97))
/root/autodl-tmp/data_process/05_rebuild_from_raw_20260511/03_baselines/scripts/stage03_v03_vehicle_only_baselines.py:632: UserWarning: Glyph 24120 (\N{CJK UNIFIED IDEOGRAPH-5E38}) missing from font(s) DejaVu Sans.
  fig.tight_layout(rect=(0, 0, 1, 0.97))
/root/autodl-tmp/data_process/05_rebuild_from_raw_20260511/03_baselines/scripts/stage03_v03_vehicle_only_baselines.py:632: UserWarning: Glyph 39550 (\N{CJK UNIFIED IDEOGRAPH-9A7E}) missing from font(s) DejaVu Sans.
  fig.tight_layout(rect=(0, 0, 1, 0.97))
/root/autodl-tmp/data_process/05_rebuild_from_raw_20260511/03_baselines/scripts/stage03_v03_vehicle_only_baselines.py:632: UserWarning: Glyph 39542 (\N{CJK UNIFIED IDEOGRAPH-9A76}) missing from font(s) DejaVu Sans.
  fig.tight_layout(rect=(0, 0, 1, 0.97))
/root/autodl-tmp/data_process/05_rebuild_from_raw_20260511/03_baselines/scripts/stage03_v03_vehicle_only_baselines.py:632: UserWarning: Glyph 26222 (\N{CJK UNIFIED IDEOGRAPH-666E}) missing from font(s) DejaVu Sans.
  fig.tight_layout(rect=(0, 0, 1, 0.97))
/root/autodl-tmp/data_process/05_rebuild_from_raw_20260511/03_baselines/scripts/stage03_v03_vehicle_only_baselines.py:632: UserWarning: Glyph 36890 (\N{CJK UNIFIED IDEOGRAPH-901A}) missing from font(s) DejaVu Sans.
  fig.tight_layout(rect=(0, 0, 1, 0.97))
/root/autodl-tmp/data_process/05_rebuild_from_raw_20260511/03_baselines/scripts/stage03_v03_vehicle_only_baselines.py:632: UserWarning: Glyph 24367 (\N{CJK UNIFIED IDEOGRAPH-5F2F}) missing from font(s) DejaVu Sans.
  fig.tight_layout(rect=(0, 0, 1, 0.97))
/root/autodl-tmp/data_process/05_rebuild_from_raw_20260511/03_baselines/scripts/stage03_v03_vehicle_only_baselines.py:632: UserWarning: Glyph 36947 (\N{CJK UNIFIED IDEOGRAPH-9053}) missing from font(s) DejaVu Sans.
  fig.tight_layout(rect=(0, 0, 1, 0.97))
/root/autodl-tmp/data_process/05_rebuild_from_raw_20260511/03_baselines/scripts/stage03_v03_vehicle_only_baselines.py:632: UserWarning: Glyph 23545 (\N{CJK UNIFIED IDEOGRAPH-5BF9}) missing from font(s) DejaVu Sans.
  fig.tight_layout(rect=(0, 0, 1, 0.97))
/root/autodl-tmp/data_process/05_rebuild_from_raw_20260511/03_baselines/scripts/stage03_v03_vehicle_only_baselines.py:632: UserWarning: Glyph 29031 (\N{CJK UNIFIED IDEOGRAPH-7167}) missing from font(s) DejaVu Sans.
  fig.tight_layout(rect=(0, 0, 1, 0.97))
/root/autodl-tmp/data_process/05_rebuild_from_raw_20260511/03_baselines/scripts/stage03_v03_vehicle_only_baselines.py:632: UserWarning: Glyph 24378 (\N{CJK UNIFIED IDEOGRAPH-5F3A}) missing from font(s) DejaVu Sans.
  fig.tight_layout(rect=(0, 0, 1, 0.97))
/root/autodl-tmp/data_process/05_rebuild_from_raw_20260511/03_baselines/scripts/stage03_v03_vehicle_only_baselines.py:632: UserWarning: Glyph 22411 (\N{CJK UNIFIED IDEOGRAPH-578B}) missing from font(s) DejaVu Sans.
  fig.tight_layout(rect=(0, 0, 1, 0.97))
/root/autodl-tmp/data_process/05_rebuild_from_raw_20260511/03_baselines/scripts/stage03_v03_vehicle_only_baselines.py:632: UserWarning: Glyph 26497 (\N{CJK UNIFIED IDEOGRAPH-6781}) missing from font(s) DejaVu Sans.
  fig.tight_layout(rect=(0, 0, 1, 0.97))
/root/autodl-tmp/data_process/05_rebuild_from_raw_20260511/03_baselines/scripts/stage03_v03_vehicle_only_baselines.py:632: UserWarning: Glyph 38480 (\N{CJK UNIFIED IDEOGRAPH-9650}) missing from font(s) DejaVu Sans.
  fig.tight_layout(rect=(0, 0, 1, 0.97))
/root/autodl-tmp/data_process/05_rebuild_from_raw_20260511/03_baselines/scripts/stage03_v03_vehicle_only_baselines.py:632: UserWarning: Glyph 20917 (\N{CJK UNIFIED IDEOGRAPH-51B5}) missing from font(s) DejaVu Sans.
  fig.tight_layout(rect=(0, 0, 1, 0.97))
/root/autodl-tmp/data_process/05_rebuild_from_raw_20260511/03_baselines/scripts/stage03_v03_vehicle_only_baselines.py:633: UserWarning: Glyph 24310 (\N{CJK UNIFIED IDEOGRAPH-5EF6}) missing from font(s) DejaVu Sans.
  fig.savefig(out_path, dpi=180)
/root/autodl-tmp/data_process/05_rebuild_from_raw_20260511/03_baselines/scripts/stage03_v03_vehicle_only_baselines.py:633: UserWarning: Glyph 36831 (\N{CJK UNIFIED IDEOGRAPH-8FDF}) missing from font(s) DejaVu Sans.
  fig.savefig(out_path, dpi=180)
/root/autodl-tmp/data_process/05_rebuild_from_raw_20260511/03_baselines/scripts/stage03_v03_vehicle_only_baselines.py:633: UserWarning: Glyph 25110 (\N{CJK UNIFIED IDEOGRAPH-6216}) missing from font(s) DejaVu Sans.
  fig.savefig(out_path, dpi=180)
/root/autodl-tmp/data_process/05_rebuild_from_raw_20260511/03_baselines/scripts/stage03_v03_vehicle_only_baselines.py:633: UserWarning: Glyph 26080 (\N{CJK UNIFIED IDEOGRAPH-65E0}) missing from font(s) DejaVu Sans.
  fig.savefig(out_path, dpi=180)
/root/autodl-tmp/data_process/05_rebuild_from_raw_20260511/03_baselines/scripts/stage03_v03_vehicle_only_baselines.py:633: UserWarning: Glyph 26126 (\N{CJK UNIFIED IDEOGRAPH-660E}) missing from font(s) DejaVu Sans.
  fig.savefig(out_path, dpi=180)
/root/autodl-tmp/data_process/05_rebuild_from_raw_20260511/03_baselines/scripts/stage03_v03_vehicle_only_baselines.py:633: UserWarning: Glyph 26174 (\N{CJK UNIFIED IDEOGRAPH-663E}) missing from font(s) DejaVu Sans.
  fig.savefig(out_path, dpi=180)
/root/autodl-tmp/data_process/05_rebuild_from_raw_20260511/03_baselines/scripts/stage03_v03_vehicle_only_baselines.py:633: UserWarning: Glyph 36716 (\N{CJK UNIFIED IDEOGRAPH-8F6C}) missing from font(s) DejaVu Sans.
  fig.savefig(out_path, dpi=180)
/root/autodl-tmp/data_process/05_rebuild_from_raw_20260511/03_baselines/scripts/stage03_v03_vehicle_only_baselines.py:633: UserWarning: Glyph 21521 (\N{CJK UNIFIED IDEOGRAPH-5411}) missing from font(s) DejaVu Sans.
  fig.savefig(out_path, dpi=180)
/root/autodl-tmp/data_process/05_rebuild_from_raw_20260511/03_baselines/scripts/stage03_v03_vehicle_only_baselines.py:633: UserWarning: Glyph 21709 (\N{CJK UNIFIED IDEOGRAPH-54CD}) missing from font(s) DejaVu Sans.
  fig.savefig(out_path, dpi=180)
/root/autodl-tmp/data_process/05_rebuild_from_raw_20260511/03_baselines/scripts/stage03_v03_vehicle_only_baselines.py:633: UserWarning: Glyph 24212 (\N{CJK UNIFIED IDEOGRAPH-5E94}) missing from font(s) DejaVu Sans.
  fig.savefig(out_path, dpi=180)
/root/autodl-tmp/data_process/05_rebuild_from_raw_20260511/03_baselines/scripts/stage03_v03_vehicle_only_baselines.py:633: UserWarning: Glyph 30495 (\N{CJK UNIFIED IDEOGRAPH-771F}) missing from font(s) DejaVu Sans.
  fig.savefig(out_path, dpi=180)
/root/autodl-tmp/data_process/05_rebuild_from_raw_20260511/03_baselines/scripts/stage03_v03_vehicle_only_baselines.py:633: UserWarning: Glyph 23454 (\N{CJK UNIFIED IDEOGRAPH-5B9E}) missing from font(s) DejaVu Sans.
  fig.savefig(out_path, dpi=180)
/root/autodl-tmp/data_process/05_rebuild_from_raw_20260511/03_baselines/scripts/stage03_v03_vehicle_only_baselines.py:633: UserWarning: Glyph 25490 (\N{CJK UNIFIED IDEOGRAPH-6392}) missing from font(s) DejaVu Sans.
  fig.savefig(out_path, dpi=180)
/root/autodl-tmp/data_process/05_rebuild_from_raw_20260511/03_baselines/scripts/stage03_v03_vehicle_only_baselines.py:633: UserWarning: Glyph 38500 (\N{CJK UNIFIED IDEOGRAPH-9664}) missing from font(s) DejaVu Sans.
  fig.savefig(out_path, dpi=180)
/root/autodl-tmp/data_process/05_rebuild_from_raw_20260511/03_baselines/scripts/stage03_v03_vehicle_only_baselines.py:633: UserWarning: Glyph 26679 (\N{CJK UNIFIED IDEOGRAPH-6837}) missing from font(s) DejaVu Sans.
  fig.savefig(out_path, dpi=180)
/root/autodl-tmp/data_process/05_rebuild_from_raw_20260511/03_baselines/scripts/stage03_v03_vehicle_only_baselines.py:633: UserWarning: Glyph 26412 (\N{CJK UNIFIED IDEOGRAPH-672C}) missing from font(s) DejaVu Sans.
  fig.savefig(out_path, dpi=180)
/root/autodl-tmp/data_process/05_rebuild_from_raw_20260511/03_baselines/scripts/stage03_v03_vehicle_only_baselines.py:633: UserWarning: Glyph 24453 (\N{CJK UNIFIED IDEOGRAPH-5F85}) missing from font(s) DejaVu Sans.
  fig.savefig(out_path, dpi=180)
/root/autodl-tmp/data_process/05_rebuild_from_raw_20260511/03_baselines/scripts/stage03_v03_vehicle_only_baselines.py:633: UserWarning: Glyph 20154 (\N{CJK UNIFIED IDEOGRAPH-4EBA}) missing from font(s) DejaVu Sans.
  fig.savefig(out_path, dpi=180)
/root/autodl-tmp/data_process/05_rebuild_from_raw_20260511/03_baselines/scripts/stage03_v03_vehicle_only_baselines.py:633: UserWarning: Glyph 24037 (\N{CJK UNIFIED IDEOGRAPH-5DE5}) missing from font(s) DejaVu Sans.
  fig.savefig(out_path, dpi=180)
/root/autodl-tmp/data_process/05_rebuild_from_raw_20260511/03_baselines/scripts/stage03_v03_vehicle_only_baselines.py:633: UserWarning: Glyph 22797 (\N{CJK UNIFIED IDEOGRAPH-590D}) missing from font(s) DejaVu Sans.
  fig.savefig(out_path, dpi=180)
/root/autodl-tmp/data_process/05_rebuild_from_raw_20260511/03_baselines/scripts/stage03_v03_vehicle_only_baselines.py:633: UserWarning: Glyph 26680 (\N{CJK UNIFIED IDEOGRAPH-6838}) missing from font(s) DejaVu Sans.
  fig.savefig(out_path, dpi=180)
/root/autodl-tmp/data_process/05_rebuild_from_raw_20260511/03_baselines/scripts/stage03_v03_vehicle_only_baselines.py:633: UserWarning: Glyph 27491 (\N{CJK UNIFIED IDEOGRAPH-6B63}) missing from font(s) DejaVu Sans.
  fig.savefig(out_path, dpi=180)
/root/autodl-tmp/data_process/05_rebuild_from_raw_20260511/03_baselines/scripts/stage03_v03_vehicle_only_baselines.py:633: UserWarning: Glyph 24120 (\N{CJK UNIFIED IDEOGRAPH-5E38}) missing from font(s) DejaVu Sans.
  fig.savefig(out_path, dpi=180)
/root/autodl-tmp/data_process/05_rebuild_from_raw_20260511/03_baselines/scripts/stage03_v03_vehicle_only_baselines.py:633: UserWarning: Glyph 39550 (\N{CJK UNIFIED IDEOGRAPH-9A7E}) missing from font(s) DejaVu Sans.
  fig.savefig(out_path, dpi=180)
/root/autodl-tmp/data_process/05_rebuild_from_raw_20260511/03_baselines/scripts/stage03_v03_vehicle_only_baselines.py:633: UserWarning: Glyph 39542 (\N{CJK UNIFIED IDEOGRAPH-9A76}) missing from font(s) DejaVu Sans.
  fig.savefig(out_path, dpi=180)
/root/autodl-tmp/data_process/05_rebuild_from_raw_20260511/03_baselines/scripts/stage03_v03_vehicle_only_baselines.py:633: UserWarning: Glyph 26222 (\N{CJK UNIFIED IDEOGRAPH-666E}) missing from font(s) DejaVu Sans.
  fig.savefig(out_path, dpi=180)
/root/autodl-tmp/data_process/05_rebuild_from_raw_20260511/03_baselines/scripts/stage03_v03_vehicle_only_baselines.py:633: UserWarning: Glyph 36890 (\N{CJK UNIFIED IDEOGRAPH-901A}) missing from font(s) DejaVu Sans.
  fig.savefig(out_path, dpi=180)
/root/autodl-tmp/data_process/05_rebuild_from_raw_20260511/03_baselines/scripts/stage03_v03_vehicle_only_baselines.py:633: UserWarning: Glyph 24367 (\N{CJK UNIFIED IDEOGRAPH-5F2F}) missing from font(s) DejaVu Sans.
  fig.savefig(out_path, dpi=180)
/root/autodl-tmp/data_process/05_rebuild_from_raw_20260511/03_baselines/scripts/stage03_v03_vehicle_only_baselines.py:633: UserWarning: Glyph 36947 (\N{CJK UNIFIED IDEOGRAPH-9053}) missing from font(s) DejaVu Sans.
  fig.savefig(out_path, dpi=180)
/root/autodl-tmp/data_process/05_rebuild_from_raw_20260511/03_baselines/scripts/stage03_v03_vehicle_only_baselines.py:633: UserWarning: Glyph 23545 (\N{CJK UNIFIED IDEOGRAPH-5BF9}) missing from font(s) DejaVu Sans.
  fig.savefig(out_path, dpi=180)
/root/autodl-tmp/data_process/05_rebuild_from_raw_20260511/03_baselines/scripts/stage03_v03_vehicle_only_baselines.py:633: UserWarning: Glyph 29031 (\N{CJK UNIFIED IDEOGRAPH-7167}) missing from font(s) DejaVu Sans.
  fig.savefig(out_path, dpi=180)
/root/autodl-tmp/data_process/05_rebuild_from_raw_20260511/03_baselines/scripts/stage03_v03_vehicle_only_baselines.py:633: UserWarning: Glyph 24378 (\N{CJK UNIFIED IDEOGRAPH-5F3A}) missing from font(s) DejaVu Sans.
  fig.savefig(out_path, dpi=180)
/root/autodl-tmp/data_process/05_rebuild_from_raw_20260511/03_baselines/scripts/stage03_v03_vehicle_only_baselines.py:633: UserWarning: Glyph 22411 (\N{CJK UNIFIED IDEOGRAPH-578B}) missing from font(s) DejaVu Sans.
  fig.savefig(out_path, dpi=180)
/root/autodl-tmp/data_process/05_rebuild_from_raw_20260511/03_baselines/scripts/stage03_v03_vehicle_only_baselines.py:633: UserWarning: Glyph 26497 (\N{CJK UNIFIED IDEOGRAPH-6781}) missing from font(s) DejaVu Sans.
  fig.savefig(out_path, dpi=180)
/root/autodl-tmp/data_process/05_rebuild_from_raw_20260511/03_baselines/scripts/stage03_v03_vehicle_only_baselines.py:633: UserWarning: Glyph 38480 (\N{CJK UNIFIED IDEOGRAPH-9650}) missing from font(s) DejaVu Sans.
  fig.savefig(out_path, dpi=180)
/root/autodl-tmp/data_process/05_rebuild_from_raw_20260511/03_baselines/scripts/stage03_v03_vehicle_only_baselines.py:633: UserWarning: Glyph 20917 (\N{CJK UNIFIED IDEOGRAPH-51B5}) missing from font(s) DejaVu Sans.
  fig.savefig(out_path, dpi=180)
/root/autodl-tmp/data_process/05_rebuild_from_raw_20260511/03_baselines/scripts/stage03_v03_vehicle_only_baselines.py:632: UserWarning: Glyph 24378 (\N{CJK UNIFIED IDEOGRAPH-5F3A}) missing from font(s) DejaVu Sans.
  fig.tight_layout(rect=(0, 0, 1, 0.97))
/root/autodl-tmp/data_process/05_rebuild_from_raw_20260511/03_baselines/scripts/stage03_v03_vehicle_only_baselines.py:632: UserWarning: Glyph 21709 (\N{CJK UNIFIED IDEOGRAPH-54CD}) missing from font(s) DejaVu Sans.
  fig.tight_layout(rect=(0, 0, 1, 0.97))
/root/autodl-tmp/data_process/05_rebuild_from_raw_20260511/03_baselines/scripts/stage03_v03_vehicle_only_baselines.py:632: UserWarning: Glyph 24212 (\N{CJK UNIFIED IDEOGRAPH-5E94}) missing from font(s) DejaVu Sans.
  fig.tight_layout(rect=(0, 0, 1, 0.97))
/root/autodl-tmp/data_process/05_rebuild_from_raw_20260511/03_baselines/scripts/stage03_v03_vehicle_only_baselines.py:632: UserWarning: Glyph 22411 (\N{CJK UNIFIED IDEOGRAPH-578B}) missing from font(s) DejaVu Sans.
  fig.tight_layout(rect=(0, 0, 1, 0.97))
/root/autodl-tmp/data_process/05_rebuild_from_raw_20260511/03_baselines/scripts/stage03_v03_vehicle_only_baselines.py:632: UserWarning: Glyph 26497 (\N{CJK UNIFIED IDEOGRAPH-6781}) missing from font(s) DejaVu Sans.
  fig.tight_layout(rect=(0, 0, 1, 0.97))
/root/autodl-tmp/data_process/05_rebuild_from_raw_20260511/03_baselines/scripts/stage03_v03_vehicle_only_baselines.py:632: UserWarning: Glyph 38480 (\N{CJK UNIFIED IDEOGRAPH-9650}) missing from font(s) DejaVu Sans.
  fig.tight_layout(rect=(0, 0, 1, 0.97))
/root/autodl-tmp/data_process/05_rebuild_from_raw_20260511/03_baselines/scripts/stage03_v03_vehicle_only_baselines.py:632: UserWarning: Glyph 24037 (\N{CJK UNIFIED IDEOGRAPH-5DE5}) missing from font(s) DejaVu Sans.
  fig.tight_layout(rect=(0, 0, 1, 0.97))
/root/autodl-tmp/data_process/05_rebuild_from_raw_20260511/03_baselines/scripts/stage03_v03_vehicle_only_baselines.py:632: UserWarning: Glyph 20917 (\N{CJK UNIFIED IDEOGRAPH-51B5}) missing from font(s) DejaVu Sans.
  fig.tight_layout(rect=(0, 0, 1, 0.97))
/root/autodl-tmp/data_process/05_rebuild_from_raw_20260511/03_baselines/scripts/stage03_v03_vehicle_only_baselines.py:632: UserWarning: Glyph 30495 (\N{CJK UNIFIED IDEOGRAPH-771F}) missing from font(s) DejaVu Sans.
  fig.tight_layout(rect=(0, 0, 1, 0.97))
/root/autodl-tmp/data_process/05_rebuild_from_raw_20260511/03_baselines/scripts/stage03_v03_vehicle_only_baselines.py:632: UserWarning: Glyph 23454 (\N{CJK UNIFIED IDEOGRAPH-5B9E}) missing from font(s) DejaVu Sans.
  fig.tight_layout(rect=(0, 0, 1, 0.97))
/root/autodl-tmp/data_process/05_rebuild_from_raw_20260511/03_baselines/scripts/stage03_v03_vehicle_only_baselines.py:632: UserWarning: Glyph 25490 (\N{CJK UNIFIED IDEOGRAPH-6392}) missing from font(s) DejaVu Sans.
  fig.tight_layout(rect=(0, 0, 1, 0.97))
/root/autodl-tmp/data_process/05_rebuild_from_raw_20260511/03_baselines/scripts/stage03_v03_vehicle_only_baselines.py:632: UserWarning: Glyph 38500 (\N{CJK UNIFIED IDEOGRAPH-9664}) missing from font(s) DejaVu Sans.
  fig.tight_layout(rect=(0, 0, 1, 0.97))
/root/autodl-tmp/data_process/05_rebuild_from_raw_20260511/03_baselines/scripts/stage03_v03_vehicle_only_baselines.py:632: UserWarning: Glyph 26679 (\N{CJK UNIFIED IDEOGRAPH-6837}) missing from font(s) DejaVu Sans.
  fig.tight_layout(rect=(0, 0, 1, 0.97))
/root/autodl-tmp/data_process/05_rebuild_from_raw_20260511/03_baselines/scripts/stage03_v03_vehicle_only_baselines.py:632: UserWarning: Glyph 26412 (\N{CJK UNIFIED IDEOGRAPH-672C}) missing from font(s) DejaVu Sans.
  fig.tight_layout(rect=(0, 0, 1, 0.97))
/root/autodl-tmp/data_process/05_rebuild_from_raw_20260511/03_baselines/scripts/stage03_v03_vehicle_only_baselines.py:632: UserWarning: Glyph 24369 (\N{CJK UNIFIED IDEOGRAPH-5F31}) missing from font(s) DejaVu Sans.
  fig.tight_layout(rect=(0, 0, 1, 0.97))
/root/autodl-tmp/data_process/05_rebuild_from_raw_20260511/03_baselines/scripts/stage03_v03_vehicle_only_baselines.py:632: UserWarning: Glyph 20445 (\N{CJK UNIFIED IDEOGRAPH-4FDD}) missing from font(s) DejaVu Sans.
  fig.tight_layout(rect=(0, 0, 1, 0.97))
/root/autodl-tmp/data_process/05_rebuild_from_raw_20260511/03_baselines/scripts/stage03_v03_vehicle_only_baselines.py:632: UserWarning: Glyph 23432 (\N{CJK UNIFIED IDEOGRAPH-5B88}) missing from font(s) DejaVu Sans.
  fig.tight_layout(rect=(0, 0, 1, 0.97))
/root/autodl-tmp/data_process/05_rebuild_from_raw_20260511/03_baselines/scripts/stage03_v03_vehicle_only_baselines.py:632: UserWarning: Glyph 24310 (\N{CJK UNIFIED IDEOGRAPH-5EF6}) missing from font(s) DejaVu Sans.
  fig.tight_layout(rect=(0, 0, 1, 0.97))
/root/autodl-tmp/data_process/05_rebuild_from_raw_20260511/03_baselines/scripts/stage03_v03_vehicle_only_baselines.py:632: UserWarning: Glyph 36831 (\N{CJK UNIFIED IDEOGRAPH-8FDF}) missing from font(s) DejaVu Sans.
  fig.tight_layout(rect=(0, 0, 1, 0.97))
/root/autodl-tmp/data_process/05_rebuild_from_raw_20260511/03_baselines/scripts/stage03_v03_vehicle_only_baselines.py:632: UserWarning: Glyph 25110 (\N{CJK UNIFIED IDEOGRAPH-6216}) missing from font(s) DejaVu Sans.
  fig.tight_layout(rect=(0, 0, 1, 0.97))
/root/autodl-tmp/data_process/05_rebuild_from_raw_20260511/03_baselines/scripts/stage03_v03_vehicle_only_baselines.py:632: UserWarning: Glyph 26080 (\N{CJK UNIFIED IDEOGRAPH-65E0}) missing from font(s) DejaVu Sans.
  fig.tight_layout(rect=(0, 0, 1, 0.97))
/root/autodl-tmp/data_process/05_rebuild_from_raw_20260511/03_baselines/scripts/stage03_v03_vehicle_only_baselines.py:632: UserWarning: Glyph 26126 (\N{CJK UNIFIED IDEOGRAPH-660E}) missing from font(s) DejaVu Sans.
  fig.tight_layout(rect=(0, 0, 1, 0.97))
/root/autodl-tmp/data_process/05_rebuild_from_raw_20260511/03_baselines/scripts/stage03_v03_vehicle_only_baselines.py:632: UserWarning: Glyph 26174 (\N{CJK UNIFIED IDEOGRAPH-663E}) missing from font(s) DejaVu Sans.
  fig.tight_layout(rect=(0, 0, 1, 0.97))
/root/autodl-tmp/data_process/05_rebuild_from_raw_20260511/03_baselines/scripts/stage03_v03_vehicle_only_baselines.py:632: UserWarning: Glyph 36716 (\N{CJK UNIFIED IDEOGRAPH-8F6C}) missing from font(s) DejaVu Sans.
  fig.tight_layout(rect=(0, 0, 1, 0.97))
/root/autodl-tmp/data_process/05_rebuild_from_raw_20260511/03_baselines/scripts/stage03_v03_vehicle_only_baselines.py:632: UserWarning: Glyph 21521 (\N{CJK UNIFIED IDEOGRAPH-5411}) missing from font(s) DejaVu Sans.
  fig.tight_layout(rect=(0, 0, 1, 0.97))
/root/autodl-tmp/data_process/05_rebuild_from_raw_20260511/03_baselines/scripts/stage03_v03_vehicle_only_baselines.py:633: UserWarning: Glyph 24378 (\N{CJK UNIFIED IDEOGRAPH-5F3A}) missing from font(s) DejaVu Sans.
  fig.savefig(out_path, dpi=180)
/root/autodl-tmp/data_process/05_rebuild_from_raw_20260511/03_baselines/scripts/stage03_v03_vehicle_only_baselines.py:633: UserWarning: Glyph 21709 (\N{CJK UNIFIED IDEOGRAPH-54CD}) missing from font(s) DejaVu Sans.
  fig.savefig(out_path, dpi=180)
/root/autodl-tmp/data_process/05_rebuild_from_raw_20260511/03_baselines/scripts/stage03_v03_vehicle_only_baselines.py:633: UserWarning: Glyph 24212 (\N{CJK UNIFIED IDEOGRAPH-5E94}) missing from font(s) DejaVu Sans.
  fig.savefig(out_path, dpi=180)
/root/autodl-tmp/data_process/05_rebuild_from_raw_20260511/03_baselines/scripts/stage03_v03_vehicle_only_baselines.py:633: UserWarning: Glyph 22411 (\N{CJK UNIFIED IDEOGRAPH-578B}) missing from font(s) DejaVu Sans.
  fig.savefig(out_path, dpi=180)
/root/autodl-tmp/data_process/05_rebuild_from_raw_20260511/03_baselines/scripts/stage03_v03_vehicle_only_baselines.py:633: UserWarning: Glyph 26497 (\N{CJK UNIFIED IDEOGRAPH-6781}) missing from font(s) DejaVu Sans.
  fig.savefig(out_path, dpi=180)
/root/autodl-tmp/data_process/05_rebuild_from_raw_20260511/03_baselines/scripts/stage03_v03_vehicle_only_baselines.py:633: UserWarning: Glyph 38480 (\N{CJK UNIFIED IDEOGRAPH-9650}) missing from font(s) DejaVu Sans.
  fig.savefig(out_path, dpi=180)
/root/autodl-tmp/data_process/05_rebuild_from_raw_20260511/03_baselines/scripts/stage03_v03_vehicle_only_baselines.py:633: UserWarning: Glyph 24037 (\N{CJK UNIFIED IDEOGRAPH-5DE5}) missing from font(s) DejaVu Sans.
  fig.savefig(out_path, dpi=180)
/root/autodl-tmp/data_process/05_rebuild_from_raw_20260511/03_baselines/scripts/stage03_v03_vehicle_only_baselines.py:633: UserWarning: Glyph 20917 (\N{CJK UNIFIED IDEOGRAPH-51B5}) missing from font(s) DejaVu Sans.
  fig.savefig(out_path, dpi=180)
/root/autodl-tmp/data_process/05_rebuild_from_raw_20260511/03_baselines/scripts/stage03_v03_vehicle_only_baselines.py:633: UserWarning: Glyph 30495 (\N{CJK UNIFIED IDEOGRAPH-771F}) missing from font(s) DejaVu Sans.
  fig.savefig(out_path, dpi=180)
/root/autodl-tmp/data_process/05_rebuild_from_raw_20260511/03_baselines/scripts/stage03_v03_vehicle_only_baselines.py:633: UserWarning: Glyph 23454 (\N{CJK UNIFIED IDEOGRAPH-5B9E}) missing from font(s) DejaVu Sans.
  fig.savefig(out_path, dpi=180)
/root/autodl-tmp/data_process/05_rebuild_from_raw_20260511/03_baselines/scripts/stage03_v03_vehicle_only_baselines.py:633: UserWarning: Glyph 25490 (\N{CJK UNIFIED IDEOGRAPH-6392}) missing from font(s) DejaVu Sans.
  fig.savefig(out_path, dpi=180)
/root/autodl-tmp/data_process/05_rebuild_from_raw_20260511/03_baselines/scripts/stage03_v03_vehicle_only_baselines.py:633: UserWarning: Glyph 38500 (\N{CJK UNIFIED IDEOGRAPH-9664}) missing from font(s) DejaVu Sans.
  fig.savefig(out_path, dpi=180)
/root/autodl-tmp/data_process/05_rebuild_from_raw_20260511/03_baselines/scripts/stage03_v03_vehicle_only_baselines.py:633: UserWarning: Glyph 26679 (\N{CJK UNIFIED IDEOGRAPH-6837}) missing from font(s) DejaVu Sans.
  fig.savefig(out_path, dpi=180)
/root/autodl-tmp/data_process/05_rebuild_from_raw_20260511/03_baselines/scripts/stage03_v03_vehicle_only_baselines.py:633: UserWarning: Glyph 26412 (\N{CJK UNIFIED IDEOGRAPH-672C}) missing from font(s) DejaVu Sans.
  fig.savefig(out_path, dpi=180)
/root/autodl-tmp/data_process/05_rebuild_from_raw_20260511/03_baselines/scripts/stage03_v03_vehicle_only_baselines.py:633: UserWarning: Glyph 24369 (\N{CJK UNIFIED IDEOGRAPH-5F31}) missing from font(s) DejaVu Sans.
  fig.savefig(out_path, dpi=180)
/root/autodl-tmp/data_process/05_rebuild_from_raw_20260511/03_baselines/scripts/stage03_v03_vehicle_only_baselines.py:633: UserWarning: Glyph 20445 (\N{CJK UNIFIED IDEOGRAPH-4FDD}) missing from font(s) DejaVu Sans.
  fig.savefig(out_path, dpi=180)
/root/autodl-tmp/data_process/05_rebuild_from_raw_20260511/03_baselines/scripts/stage03_v03_vehicle_only_baselines.py:633: UserWarning: Glyph 23432 (\N{CJK UNIFIED IDEOGRAPH-5B88}) missing from font(s) DejaVu Sans.
  fig.savefig(out_path, dpi=180)
/root/autodl-tmp/data_process/05_rebuild_from_raw_20260511/03_baselines/scripts/stage03_v03_vehicle_only_baselines.py:633: UserWarning: Glyph 24310 (\N{CJK UNIFIED IDEOGRAPH-5EF6}) missing from font(s) DejaVu Sans.
  fig.savefig(out_path, dpi=180)
/root/autodl-tmp/data_process/05_rebuild_from_raw_20260511/03_baselines/scripts/stage03_v03_vehicle_only_baselines.py:633: UserWarning: Glyph 36831 (\N{CJK UNIFIED IDEOGRAPH-8FDF}) missing from font(s) DejaVu Sans.
  fig.savefig(out_path, dpi=180)
/root/autodl-tmp/data_process/05_rebuild_from_raw_20260511/03_baselines/scripts/stage03_v03_vehicle_only_baselines.py:633: UserWarning: Glyph 25110 (\N{CJK UNIFIED IDEOGRAPH-6216}) missing from font(s) DejaVu Sans.
  fig.savefig(out_path, dpi=180)
/root/autodl-tmp/data_process/05_rebuild_from_raw_20260511/03_baselines/scripts/stage03_v03_vehicle_only_baselines.py:633: UserWarning: Glyph 26080 (\N{CJK UNIFIED IDEOGRAPH-65E0}) missing from font(s) DejaVu Sans.
  fig.savefig(out_path, dpi=180)
/root/autodl-tmp/data_process/05_rebuild_from_raw_20260511/03_baselines/scripts/stage03_v03_vehicle_only_baselines.py:633: UserWarning: Glyph 26126 (\N{CJK UNIFIED IDEOGRAPH-660E}) missing from font(s) DejaVu Sans.
  fig.savefig(out_path, dpi=180)
/root/autodl-tmp/data_process/05_rebuild_from_raw_20260511/03_baselines/scripts/stage03_v03_vehicle_only_baselines.py:633: UserWarning: Glyph 26174 (\N{CJK UNIFIED IDEOGRAPH-663E}) missing from font(s) DejaVu Sans.
  fig.savefig(out_path, dpi=180)
/root/autodl-tmp/data_process/05_rebuild_from_raw_20260511/03_baselines/scripts/stage03_v03_vehicle_only_baselines.py:633: UserWarning: Glyph 36716 (\N{CJK UNIFIED IDEOGRAPH-8F6C}) missing from font(s) DejaVu Sans.
  fig.savefig(out_path, dpi=180)
/root/autodl-tmp/data_process/05_rebuild_from_raw_20260511/03_baselines/scripts/stage03_v03_vehicle_only_baselines.py:633: UserWarning: Glyph 21521 (\N{CJK UNIFIED IDEOGRAPH-5411}) missing from font(s) DejaVu Sans.
  fig.savefig(out_path, dpi=180)
run v03_plus_review_excluded_lateral_dyn_no_lateral
fit numpy baselines features=249 train=449 val=138
/root/autodl-tmp/data_process/05_rebuild_from_raw_20260511/03_baselines/scripts/stage03_v03_vehicle_only_baselines.py:632: UserWarning: Glyph 24310 (\N{CJK UNIFIED IDEOGRAPH-5EF6}) missing from font(s) DejaVu Sans.
  fig.tight_layout(rect=(0, 0, 1, 0.97))
/root/autodl-tmp/data_process/05_rebuild_from_raw_20260511/03_baselines/scripts/stage03_v03_vehicle_only_baselines.py:632: UserWarning: Glyph 36831 (\N{CJK UNIFIED IDEOGRAPH-8FDF}) missing from font(s) DejaVu Sans.
  fig.tight_layout(rect=(0, 0, 1, 0.97))
/root/autodl-tmp/data_process/05_rebuild_from_raw_20260511/03_baselines/scripts/stage03_v03_vehicle_only_baselines.py:632: UserWarning: Glyph 25110 (\N{CJK UNIFIED IDEOGRAPH-6216}) missing from font(s) DejaVu Sans.
  fig.tight_layout(rect=(0, 0, 1, 0.97))
/root/autodl-tmp/data_process/05_rebuild_from_raw_20260511/03_baselines/scripts/stage03_v03_vehicle_only_baselines.py:632: UserWarning: Glyph 26080 (\N{CJK UNIFIED IDEOGRAPH-65E0}) missing from font(s) DejaVu Sans.
  fig.tight_layout(rect=(0, 0, 1, 0.97))
/root/autodl-tmp/data_process/05_rebuild_from_raw_20260511/03_baselines/scripts/stage03_v03_vehicle_only_baselines.py:632: UserWarning: Glyph 26126 (\N{CJK UNIFIED IDEOGRAPH-660E}) missing from font(s) DejaVu Sans.
  fig.tight_layout(rect=(0, 0, 1, 0.97))
/root/autodl-tmp/data_process/05_rebuild_from_raw_20260511/03_baselines/scripts/stage03_v03_vehicle_only_baselines.py:632: UserWarning: Glyph 26174 (\N{CJK UNIFIED IDEOGRAPH-663E}) missing from font(s) DejaVu Sans.
  fig.tight_layout(rect=(0, 0, 1, 0.97))
/root/autodl-tmp/data_process/05_rebuild_from_raw_20260511/03_baselines/scripts/stage03_v03_vehicle_only_baselines.py:632: UserWarning: Glyph 36716 (\N{CJK UNIFIED IDEOGRAPH-8F6C}) missing from font(s) DejaVu Sans.
  fig.tight_layout(rect=(0, 0, 1, 0.97))
/root/autodl-tmp/data_process/05_rebuild_from_raw_20260511/03_baselines/scripts/stage03_v03_vehicle_only_baselines.py:632: UserWarning: Glyph 21521 (\N{CJK UNIFIED IDEOGRAPH-5411}) missing from font(s) DejaVu Sans.
  fig.tight_layout(rect=(0, 0, 1, 0.97))
/root/autodl-tmp/data_process/05_rebuild_from_raw_20260511/03_baselines/scripts/stage03_v03_vehicle_only_baselines.py:632: UserWarning: Glyph 21709 (\N{CJK UNIFIED IDEOGRAPH-54CD}) missing from font(s) DejaVu Sans.
  fig.tight_layout(rect=(0, 0, 1, 0.97))
/root/autodl-tmp/data_process/05_rebuild_from_raw_20260511/03_baselines/scripts/stage03_v03_vehicle_only_baselines.py:632: UserWarning: Glyph 24212 (\N{CJK UNIFIED IDEOGRAPH-5E94}) missing from font(s) DejaVu Sans.
  fig.tight_layout(rect=(0, 0, 1, 0.97))
/root/autodl-tmp/data_process/05_rebuild_from_raw_20260511/03_baselines/scripts/stage03_v03_vehicle_only_baselines.py:632: UserWarning: Glyph 30495 (\N{CJK UNIFIED IDEOGRAPH-771F}) missing from font(s) DejaVu Sans.
  fig.tight_layout(rect=(0, 0, 1, 0.97))
/root/autodl-tmp/data_process/05_rebuild_from_raw_20260511/03_baselines/scripts/stage03_v03_vehicle_only_baselines.py:632: UserWarning: Glyph 23454 (\N{CJK UNIFIED IDEOGRAPH-5B9E}) missing from font(s) DejaVu Sans.
  fig.tight_layout(rect=(0, 0, 1, 0.97))
/root/autodl-tmp/data_process/05_rebuild_from_raw_20260511/03_baselines/scripts/stage03_v03_vehicle_only_baselines.py:632: UserWarning: Glyph 25490 (\N{CJK UNIFIED IDEOGRAPH-6392}) missing from font(s) DejaVu Sans.
  fig.tight_layout(rect=(0, 0, 1, 0.97))
/root/autodl-tmp/data_process/05_rebuild_from_raw_20260511/03_baselines/scripts/stage03_v03_vehicle_only_baselines.py:632: UserWarning: Glyph 38500 (\N{CJK UNIFIED IDEOGRAPH-9664}) missing from font(s) DejaVu Sans.
  fig.tight_layout(rect=(0, 0, 1, 0.97))
/root/autodl-tmp/data_process/05_rebuild_from_raw_20260511/03_baselines/scripts/stage03_v03_vehicle_only_baselines.py:632: UserWarning: Glyph 26679 (\N{CJK UNIFIED IDEOGRAPH-6837}) missing from font(s) DejaVu Sans.
  fig.tight_layout(rect=(0, 0, 1, 0.97))
/root/autodl-tmp/data_process/05_rebuild_from_raw_20260511/03_baselines/scripts/stage03_v03_vehicle_only_baselines.py:632: UserWarning: Glyph 26412 (\N{CJK UNIFIED IDEOGRAPH-672C}) missing from font(s) DejaVu Sans.
  fig.tight_layout(rect=(0, 0, 1, 0.97))
/root/autodl-tmp/data_process/05_rebuild_from_raw_20260511/03_baselines/scripts/stage03_v03_vehicle_only_baselines.py:632: UserWarning: Glyph 24453 (\N{CJK UNIFIED IDEOGRAPH-5F85}) missing from font(s) DejaVu Sans.
  fig.tight_layout(rect=(0, 0, 1, 0.97))
/root/autodl-tmp/data_process/05_rebuild_from_raw_20260511/03_baselines/scripts/stage03_v03_vehicle_only_baselines.py:632: UserWarning: Glyph 20154 (\N{CJK UNIFIED IDEOGRAPH-4EBA}) missing from font(s) DejaVu Sans.
  fig.tight_layout(rect=(0, 0, 1, 0.97))
/root/autodl-tmp/data_process/05_rebuild_from_raw_20260511/03_baselines/scripts/stage03_v03_vehicle_only_baselines.py:632: UserWarning: Glyph 24037 (\N{CJK UNIFIED IDEOGRAPH-5DE5}) missing from font(s) DejaVu Sans.
  fig.tight_layout(rect=(0, 0, 1, 0.97))
/root/autodl-tmp/data_process/05_rebuild_from_raw_20260511/03_baselines/scripts/stage03_v03_vehicle_only_baselines.py:632: UserWarning: Glyph 22797 (\N{CJK UNIFIED IDEOGRAPH-590D}) missing from font(s) DejaVu Sans.
  fig.tight_layout(rect=(0, 0, 1, 0.97))
/root/autodl-tmp/data_process/05_rebuild_from_raw_20260511/03_baselines/scripts/stage03_v03_vehicle_only_baselines.py:632: UserWarning: Glyph 26680 (\N{CJK UNIFIED IDEOGRAPH-6838}) missing from font(s) DejaVu Sans.
  fig.tight_layout(rect=(0, 0, 1, 0.97))
/root/autodl-tmp/data_process/05_rebuild_from_raw_20260511/03_baselines/scripts/stage03_v03_vehicle_only_baselines.py:632: UserWarning: Glyph 27491 (\N{CJK UNIFIED IDEOGRAPH-6B63}) missing from font(s) DejaVu Sans.
  fig.tight_layout(rect=(0, 0, 1, 0.97))
/root/autodl-tmp/data_process/05_rebuild_from_raw_20260511/03_baselines/scripts/stage03_v03_vehicle_only_baselines.py:632: UserWarning: Glyph 24120 (\N{CJK UNIFIED IDEOGRAPH-5E38}) missing from font(s) DejaVu Sans.
  fig.tight_layout(rect=(0, 0, 1, 0.97))
/root/autodl-tmp/data_process/05_rebuild_from_raw_20260511/03_baselines/scripts/stage03_v03_vehicle_only_baselines.py:632: UserWarning: Glyph 39550 (\N{CJK UNIFIED IDEOGRAPH-9A7E}) missing from font(s) DejaVu Sans.
  fig.tight_layout(rect=(0, 0, 1, 0.97))
/root/autodl-tmp/data_process/05_rebuild_from_raw_20260511/03_baselines/scripts/stage03_v03_vehicle_only_baselines.py:632: UserWarning: Glyph 39542 (\N{CJK UNIFIED IDEOGRAPH-9A76}) missing from font(s) DejaVu Sans.
  fig.tight_layout(rect=(0, 0, 1, 0.97))
/root/autodl-tmp/data_process/05_rebuild_from_raw_20260511/03_baselines/scripts/stage03_v03_vehicle_only_baselines.py:632: UserWarning: Glyph 26222 (\N{CJK UNIFIED IDEOGRAPH-666E}) missing from font(s) DejaVu Sans.
  fig.tight_layout(rect=(0, 0, 1, 0.97))
/root/autodl-tmp/data_process/05_rebuild_from_raw_20260511/03_baselines/scripts/stage03_v03_vehicle_only_baselines.py:632: UserWarning: Glyph 36890 (\N{CJK UNIFIED IDEOGRAPH-901A}) missing from font(s) DejaVu Sans.
  fig.tight_layout(rect=(0, 0, 1, 0.97))
/root/autodl-tmp/data_process/05_rebuild_from_raw_20260511/03_baselines/scripts/stage03_v03_vehicle_only_baselines.py:632: UserWarning: Glyph 24367 (\N{CJK UNIFIED IDEOGRAPH-5F2F}) missing from font(s) DejaVu Sans.
  fig.tight_layout(rect=(0, 0, 1, 0.97))
/root/autodl-tmp/data_process/05_rebuild_from_raw_20260511/03_baselines/scripts/stage03_v03_vehicle_only_baselines.py:632: UserWarning: Glyph 36947 (\N{CJK UNIFIED IDEOGRAPH-9053}) missing from font(s) DejaVu Sans.
  fig.tight_layout(rect=(0, 0, 1, 0.97))
/root/autodl-tmp/data_process/05_rebuild_from_raw_20260511/03_baselines/scripts/stage03_v03_vehicle_only_baselines.py:632: UserWarning: Glyph 23545 (\N{CJK UNIFIED IDEOGRAPH-5BF9}) missing from font(s) DejaVu Sans.
  fig.tight_layout(rect=(0, 0, 1, 0.97))
/root/autodl-tmp/data_process/05_rebuild_from_raw_20260511/03_baselines/scripts/stage03_v03_vehicle_only_baselines.py:632: UserWarning: Glyph 29031 (\N{CJK UNIFIED IDEOGRAPH-7167}) missing from font(s) DejaVu Sans.
  fig.tight_layout(rect=(0, 0, 1, 0.97))
/root/autodl-tmp/data_process/05_rebuild_from_raw_20260511/03_baselines/scripts/stage03_v03_vehicle_only_baselines.py:632: UserWarning: Glyph 24378 (\N{CJK UNIFIED IDEOGRAPH-5F3A}) missing from font(s) DejaVu Sans.
  fig.tight_layout(rect=(0, 0, 1, 0.97))
/root/autodl-tmp/data_process/05_rebuild_from_raw_20260511/03_baselines/scripts/stage03_v03_vehicle_only_baselines.py:632: UserWarning: Glyph 22411 (\N{CJK UNIFIED IDEOGRAPH-578B}) missing from font(s) DejaVu Sans.
  fig.tight_layout(rect=(0, 0, 1, 0.97))
/root/autodl-tmp/data_process/05_rebuild_from_raw_20260511/03_baselines/scripts/stage03_v03_vehicle_only_baselines.py:632: UserWarning: Glyph 26497 (\N{CJK UNIFIED IDEOGRAPH-6781}) missing from font(s) DejaVu Sans.
  fig.tight_layout(rect=(0, 0, 1, 0.97))
/root/autodl-tmp/data_process/05_rebuild_from_raw_20260511/03_baselines/scripts/stage03_v03_vehicle_only_baselines.py:632: UserWarning: Glyph 38480 (\N{CJK UNIFIED IDEOGRAPH-9650}) missing from font(s) DejaVu Sans.
  fig.tight_layout(rect=(0, 0, 1, 0.97))
/root/autodl-tmp/data_process/05_rebuild_from_raw_20260511/03_baselines/scripts/stage03_v03_vehicle_only_baselines.py:632: UserWarning: Glyph 20917 (\N{CJK UNIFIED IDEOGRAPH-51B5}) missing from font(s) DejaVu Sans.
  fig.tight_layout(rect=(0, 0, 1, 0.97))
/root/autodl-tmp/data_process/05_rebuild_from_raw_20260511/03_baselines/scripts/stage03_v03_vehicle_only_baselines.py:632: UserWarning: Glyph 24369 (\N{CJK UNIFIED IDEOGRAPH-5F31}) missing from font(s) DejaVu Sans.
  fig.tight_layout(rect=(0, 0, 1, 0.97))
/root/autodl-tmp/data_process/05_rebuild_from_raw_20260511/03_baselines/scripts/stage03_v03_vehicle_only_baselines.py:632: UserWarning: Glyph 20445 (\N{CJK UNIFIED IDEOGRAPH-4FDD}) missing from font(s) DejaVu Sans.
  fig.tight_layout(rect=(0, 0, 1, 0.97))
/root/autodl-tmp/data_process/05_rebuild_from_raw_20260511/03_baselines/scripts/stage03_v03_vehicle_only_baselines.py:632: UserWarning: Glyph 23432 (\N{CJK UNIFIED IDEOGRAPH-5B88}) missing from font(s) DejaVu Sans.
  fig.tight_layout(rect=(0, 0, 1, 0.97))
/root/autodl-tmp/data_process/05_rebuild_from_raw_20260511/03_baselines/scripts/stage03_v03_vehicle_only_baselines.py:633: UserWarning: Glyph 24310 (\N{CJK UNIFIED IDEOGRAPH-5EF6}) missing from font(s) DejaVu Sans.
  fig.savefig(out_path, dpi=180)
/root/autodl-tmp/data_process/05_rebuild_from_raw_20260511/03_baselines/scripts/stage03_v03_vehicle_only_baselines.py:633: UserWarning: Glyph 36831 (\N{CJK UNIFIED IDEOGRAPH-8FDF}) missing from font(s) DejaVu Sans.
  fig.savefig(out_path, dpi=180)
/root/autodl-tmp/data_process/05_rebuild_from_raw_20260511/03_baselines/scripts/stage03_v03_vehicle_only_baselines.py:633: UserWarning: Glyph 25110 (\N{CJK UNIFIED IDEOGRAPH-6216}) missing from font(s) DejaVu Sans.
  fig.savefig(out_path, dpi=180)
/root/autodl-tmp/data_process/05_rebuild_from_raw_20260511/03_baselines/scripts/stage03_v03_vehicle_only_baselines.py:633: UserWarning: Glyph 26080 (\N{CJK UNIFIED IDEOGRAPH-65E0}) missing from font(s) DejaVu Sans.
  fig.savefig(out_path, dpi=180)
/root/autodl-tmp/data_process/05_rebuild_from_raw_20260511/03_baselines/scripts/stage03_v03_vehicle_only_baselines.py:633: UserWarning: Glyph 26126 (\N{CJK UNIFIED IDEOGRAPH-660E}) missing from font(s) DejaVu Sans.
  fig.savefig(out_path, dpi=180)
/root/autodl-tmp/data_process/05_rebuild_from_raw_20260511/03_baselines/scripts/stage03_v03_vehicle_only_baselines.py:633: UserWarning: Glyph 26174 (\N{CJK UNIFIED IDEOGRAPH-663E}) missing from font(s) DejaVu Sans.
  fig.savefig(out_path, dpi=180)
/root/autodl-tmp/data_process/05_rebuild_from_raw_20260511/03_baselines/scripts/stage03_v03_vehicle_only_baselines.py:633: UserWarning: Glyph 36716 (\N{CJK UNIFIED IDEOGRAPH-8F6C}) missing from font(s) DejaVu Sans.
  fig.savefig(out_path, dpi=180)
/root/autodl-tmp/data_process/05_rebuild_from_raw_20260511/03_baselines/scripts/stage03_v03_vehicle_only_baselines.py:633: UserWarning: Glyph 21521 (\N{CJK UNIFIED IDEOGRAPH-5411}) missing from font(s) DejaVu Sans.
  fig.savefig(out_path, dpi=180)
/root/autodl-tmp/data_process/05_rebuild_from_raw_20260511/03_baselines/scripts/stage03_v03_vehicle_only_baselines.py:633: UserWarning: Glyph 21709 (\N{CJK UNIFIED IDEOGRAPH-54CD}) missing from font(s) DejaVu Sans.
  fig.savefig(out_path, dpi=180)
/root/autodl-tmp/data_process/05_rebuild_from_raw_20260511/03_baselines/scripts/stage03_v03_vehicle_only_baselines.py:633: UserWarning: Glyph 24212 (\N{CJK UNIFIED IDEOGRAPH-5E94}) missing from font(s) DejaVu Sans.
  fig.savefig(out_path, dpi=180)
/root/autodl-tmp/data_process/05_rebuild_from_raw_20260511/03_baselines/scripts/stage03_v03_vehicle_only_baselines.py:633: UserWarning: Glyph 30495 (\N{CJK UNIFIED IDEOGRAPH-771F}) missing from font(s) DejaVu Sans.
  fig.savefig(out_path, dpi=180)
/root/autodl-tmp/data_process/05_rebuild_from_raw_20260511/03_baselines/scripts/stage03_v03_vehicle_only_baselines.py:633: UserWarning: Glyph 23454 (\N{CJK UNIFIED IDEOGRAPH-5B9E}) missing from font(s) DejaVu Sans.
  fig.savefig(out_path, dpi=180)
/root/autodl-tmp/data_process/05_rebuild_from_raw_20260511/03_baselines/scripts/stage03_v03_vehicle_only_baselines.py:633: UserWarning: Glyph 25490 (\N{CJK UNIFIED IDEOGRAPH-6392}) missing from font(s) DejaVu Sans.
  fig.savefig(out_path, dpi=180)
/root/autodl-tmp/data_process/05_rebuild_from_raw_20260511/03_baselines/scripts/stage03_v03_vehicle_only_baselines.py:633: UserWarning: Glyph 38500 (\N{CJK UNIFIED IDEOGRAPH-9664}) missing from font(s) DejaVu Sans.
  fig.savefig(out_path, dpi=180)
/root/autodl-tmp/data_process/05_rebuild_from_raw_20260511/03_baselines/scripts/stage03_v03_vehicle_only_baselines.py:633: UserWarning: Glyph 26679 (\N{CJK UNIFIED IDEOGRAPH-6837}) missing from font(s) DejaVu Sans.
  fig.savefig(out_path, dpi=180)
/root/autodl-tmp/data_process/05_rebuild_from_raw_20260511/03_baselines/scripts/stage03_v03_vehicle_only_baselines.py:633: UserWarning: Glyph 26412 (\N{CJK UNIFIED IDEOGRAPH-672C}) missing from font(s) DejaVu Sans.
  fig.savefig(out_path, dpi=180)
/root/autodl-tmp/data_process/05_rebuild_from_raw_20260511/03_baselines/scripts/stage03_v03_vehicle_only_baselines.py:633: UserWarning: Glyph 24453 (\N{CJK UNIFIED IDEOGRAPH-5F85}) missing from font(s) DejaVu Sans.
  fig.savefig(out_path, dpi=180)
/root/autodl-tmp/data_process/05_rebuild_from_raw_20260511/03_baselines/scripts/stage03_v03_vehicle_only_baselines.py:633: UserWarning: Glyph 20154 (\N{CJK UNIFIED IDEOGRAPH-4EBA}) missing from font(s) DejaVu Sans.
  fig.savefig(out_path, dpi=180)
/root/autodl-tmp/data_process/05_rebuild_from_raw_20260511/03_baselines/scripts/stage03_v03_vehicle_only_baselines.py:633: UserWarning: Glyph 24037 (\N{CJK UNIFIED IDEOGRAPH-5DE5}) missing from font(s) DejaVu Sans.
  fig.savefig(out_path, dpi=180)
/root/autodl-tmp/data_process/05_rebuild_from_raw_20260511/03_baselines/scripts/stage03_v03_vehicle_only_baselines.py:633: UserWarning: Glyph 22797 (\N{CJK UNIFIED IDEOGRAPH-590D}) missing from font(s) DejaVu Sans.
  fig.savefig(out_path, dpi=180)
/root/autodl-tmp/data_process/05_rebuild_from_raw_20260511/03_baselines/scripts/stage03_v03_vehicle_only_baselines.py:633: UserWarning: Glyph 26680 (\N{CJK UNIFIED IDEOGRAPH-6838}) missing from font(s) DejaVu Sans.
  fig.savefig(out_path, dpi=180)
/root/autodl-tmp/data_process/05_rebuild_from_raw_20260511/03_baselines/scripts/stage03_v03_vehicle_only_baselines.py:633: UserWarning: Glyph 27491 (\N{CJK UNIFIED IDEOGRAPH-6B63}) missing from font(s) DejaVu Sans.
  fig.savefig(out_path, dpi=180)
/root/autodl-tmp/data_process/05_rebuild_from_raw_20260511/03_baselines/scripts/stage03_v03_vehicle_only_baselines.py:633: UserWarning: Glyph 24120 (\N{CJK UNIFIED IDEOGRAPH-5E38}) missing from font(s) DejaVu Sans.
  fig.savefig(out_path, dpi=180)
/root/autodl-tmp/data_process/05_rebuild_from_raw_20260511/03_baselines/scripts/stage03_v03_vehicle_only_baselines.py:633: UserWarning: Glyph 39550 (\N{CJK UNIFIED IDEOGRAPH-9A7E}) missing from font(s) DejaVu Sans.
  fig.savefig(out_path, dpi=180)
/root/autodl-tmp/data_process/05_rebuild_from_raw_20260511/03_baselines/scripts/stage03_v03_vehicle_only_baselines.py:633: UserWarning: Glyph 39542 (\N{CJK UNIFIED IDEOGRAPH-9A76}) missing from font(s) DejaVu Sans.
  fig.savefig(out_path, dpi=180)
/root/autodl-tmp/data_process/05_rebuild_from_raw_20260511/03_baselines/scripts/stage03_v03_vehicle_only_baselines.py:633: UserWarning: Glyph 26222 (\N{CJK UNIFIED IDEOGRAPH-666E}) missing from font(s) DejaVu Sans.
  fig.savefig(out_path, dpi=180)
/root/autodl-tmp/data_process/05_rebuild_from_raw_20260511/03_baselines/scripts/stage03_v03_vehicle_only_baselines.py:633: UserWarning: Glyph 36890 (\N{CJK UNIFIED IDEOGRAPH-901A}) missing from font(s) DejaVu Sans.
  fig.savefig(out_path, dpi=180)
/root/autodl-tmp/data_process/05_rebuild_from_raw_20260511/03_baselines/scripts/stage03_v03_vehicle_only_baselines.py:633: UserWarning: Glyph 24367 (\N{CJK UNIFIED IDEOGRAPH-5F2F}) missing from font(s) DejaVu Sans.
  fig.savefig(out_path, dpi=180)
/root/autodl-tmp/data_process/05_rebuild_from_raw_20260511/03_baselines/scripts/stage03_v03_vehicle_only_baselines.py:633: UserWarning: Glyph 36947 (\N{CJK UNIFIED IDEOGRAPH-9053}) missing from font(s) DejaVu Sans.
  fig.savefig(out_path, dpi=180)
/root/autodl-tmp/data_process/05_rebuild_from_raw_20260511/03_baselines/scripts/stage03_v03_vehicle_only_baselines.py:633: UserWarning: Glyph 23545 (\N{CJK UNIFIED IDEOGRAPH-5BF9}) missing from font(s) DejaVu Sans.
  fig.savefig(out_path, dpi=180)
/root/autodl-tmp/data_process/05_rebuild_from_raw_20260511/03_baselines/scripts/stage03_v03_vehicle_only_baselines.py:633: UserWarning: Glyph 29031 (\N{CJK UNIFIED IDEOGRAPH-7167}) missing from font(s) DejaVu Sans.
  fig.savefig(out_path, dpi=180)
/root/autodl-tmp/data_process/05_rebuild_from_raw_20260511/03_baselines/scripts/stage03_v03_vehicle_only_baselines.py:633: UserWarning: Glyph 24378 (\N{CJK UNIFIED IDEOGRAPH-5F3A}) missing from font(s) DejaVu Sans.
  fig.savefig(out_path, dpi=180)
/root/autodl-tmp/data_process/05_rebuild_from_raw_20260511/03_baselines/scripts/stage03_v03_vehicle_only_baselines.py:633: UserWarning: Glyph 22411 (\N{CJK UNIFIED IDEOGRAPH-578B}) missing from font(s) DejaVu Sans.
  fig.savefig(out_path, dpi=180)
/root/autodl-tmp/data_process/05_rebuild_from_raw_20260511/03_baselines/scripts/stage03_v03_vehicle_only_baselines.py:633: UserWarning: Glyph 26497 (\N{CJK UNIFIED IDEOGRAPH-6781}) missing from font(s) DejaVu Sans.
  fig.savefig(out_path, dpi=180)
/root/autodl-tmp/data_process/05_rebuild_from_raw_20260511/03_baselines/scripts/stage03_v03_vehicle_only_baselines.py:633: UserWarning: Glyph 38480 (\N{CJK UNIFIED IDEOGRAPH-9650}) missing from font(s) DejaVu Sans.
  fig.savefig(out_path, dpi=180)
/root/autodl-tmp/data_process/05_rebuild_from_raw_20260511/03_baselines/scripts/stage03_v03_vehicle_only_baselines.py:633: UserWarning: Glyph 20917 (\N{CJK UNIFIED IDEOGRAPH-51B5}) missing from font(s) DejaVu Sans.
  fig.savefig(out_path, dpi=180)
/root/autodl-tmp/data_process/05_rebuild_from_raw_20260511/03_baselines/scripts/stage03_v03_vehicle_only_baselines.py:633: UserWarning: Glyph 24369 (\N{CJK UNIFIED IDEOGRAPH-5F31}) missing from font(s) DejaVu Sans.
  fig.savefig(out_path, dpi=180)
/root/autodl-tmp/data_process/05_rebuild_from_raw_20260511/03_baselines/scripts/stage03_v03_vehicle_only_baselines.py:633: UserWarning: Glyph 20445 (\N{CJK UNIFIED IDEOGRAPH-4FDD}) missing from font(s) DejaVu Sans.
  fig.savefig(out_path, dpi=180)
/root/autodl-tmp/data_process/05_rebuild_from_raw_20260511/03_baselines/scripts/stage03_v03_vehicle_only_baselines.py:633: UserWarning: Glyph 23432 (\N{CJK UNIFIED IDEOGRAPH-5B88}) missing from font(s) DejaVu Sans.
  fig.savefig(out_path, dpi=180)
/root/autodl-tmp/data_process/05_rebuild_from_raw_20260511/03_baselines/scripts/stage03_v03_vehicle_only_baselines.py:632: UserWarning: Glyph 24378 (\N{CJK UNIFIED IDEOGRAPH-5F3A}) missing from font(s) DejaVu Sans.
  fig.tight_layout(rect=(0, 0, 1, 0.97))
/root/autodl-tmp/data_process/05_rebuild_from_raw_20260511/03_baselines/scripts/stage03_v03_vehicle_only_baselines.py:632: UserWarning: Glyph 21709 (\N{CJK UNIFIED IDEOGRAPH-54CD}) missing from font(s) DejaVu Sans.
  fig.tight_layout(rect=(0, 0, 1, 0.97))
/root/autodl-tmp/data_process/05_rebuild_from_raw_20260511/03_baselines/scripts/stage03_v03_vehicle_only_baselines.py:632: UserWarning: Glyph 24212 (\N{CJK UNIFIED IDEOGRAPH-5E94}) missing from font(s) DejaVu Sans.
  fig.tight_layout(rect=(0, 0, 1, 0.97))
/root/autodl-tmp/data_process/05_rebuild_from_raw_20260511/03_baselines/scripts/stage03_v03_vehicle_only_baselines.py:632: UserWarning: Glyph 22411 (\N{CJK UNIFIED IDEOGRAPH-578B}) missing from font(s) DejaVu Sans.
  fig.tight_layout(rect=(0, 0, 1, 0.97))
/root/autodl-tmp/data_process/05_rebuild_from_raw_20260511/03_baselines/scripts/stage03_v03_vehicle_only_baselines.py:632: UserWarning: Glyph 26497 (\N{CJK UNIFIED IDEOGRAPH-6781}) missing from font(s) DejaVu Sans.
  fig.tight_layout(rect=(0, 0, 1, 0.97))
/root/autodl-tmp/data_process/05_rebuild_from_raw_20260511/03_baselines/scripts/stage03_v03_vehicle_only_baselines.py:632: UserWarning: Glyph 38480 (\N{CJK UNIFIED IDEOGRAPH-9650}) missing from font(s) DejaVu Sans.
  fig.tight_layout(rect=(0, 0, 1, 0.97))
/root/autodl-tmp/data_process/05_rebuild_from_raw_20260511/03_baselines/scripts/stage03_v03_vehicle_only_baselines.py:632: UserWarning: Glyph 24037 (\N{CJK UNIFIED IDEOGRAPH-5DE5}) missing from font(s) DejaVu Sans.
  fig.tight_layout(rect=(0, 0, 1, 0.97))
/root/autodl-tmp/data_process/05_rebuild_from_raw_20260511/03_baselines/scripts/stage03_v03_vehicle_only_baselines.py:632: UserWarning: Glyph 20917 (\N{CJK UNIFIED IDEOGRAPH-51B5}) missing from font(s) DejaVu Sans.
  fig.tight_layout(rect=(0, 0, 1, 0.97))
/root/autodl-tmp/data_process/05_rebuild_from_raw_20260511/03_baselines/scripts/stage03_v03_vehicle_only_baselines.py:632: UserWarning: Glyph 30495 (\N{CJK UNIFIED IDEOGRAPH-771F}) missing from font(s) DejaVu Sans.
  fig.tight_layout(rect=(0, 0, 1, 0.97))
/root/autodl-tmp/data_process/05_rebuild_from_raw_20260511/03_baselines/scripts/stage03_v03_vehicle_only_baselines.py:632: UserWarning: Glyph 23454 (\N{CJK UNIFIED IDEOGRAPH-5B9E}) missing from font(s) DejaVu Sans.
  fig.tight_layout(rect=(0, 0, 1, 0.97))
/root/autodl-tmp/data_process/05_rebuild_from_raw_20260511/03_baselines/scripts/stage03_v03_vehicle_only_baselines.py:632: UserWarning: Glyph 25490 (\N{CJK UNIFIED IDEOGRAPH-6392}) missing from font(s) DejaVu Sans.
  fig.tight_layout(rect=(0, 0, 1, 0.97))
/root/autodl-tmp/data_process/05_rebuild_from_raw_20260511/03_baselines/scripts/stage03_v03_vehicle_only_baselines.py:632: UserWarning: Glyph 38500 (\N{CJK UNIFIED IDEOGRAPH-9664}) missing from font(s) DejaVu Sans.
  fig.tight_layout(rect=(0, 0, 1, 0.97))
/root/autodl-tmp/data_process/05_rebuild_from_raw_20260511/03_baselines/scripts/stage03_v03_vehicle_only_baselines.py:632: UserWarning: Glyph 26679 (\N{CJK UNIFIED IDEOGRAPH-6837}) missing from font(s) DejaVu Sans.
  fig.tight_layout(rect=(0, 0, 1, 0.97))
/root/autodl-tmp/data_process/05_rebuild_from_raw_20260511/03_baselines/scripts/stage03_v03_vehicle_only_baselines.py:632: UserWarning: Glyph 26412 (\N{CJK UNIFIED IDEOGRAPH-672C}) missing from font(s) DejaVu Sans.
  fig.tight_layout(rect=(0, 0, 1, 0.97))
/root/autodl-tmp/data_process/05_rebuild_from_raw_20260511/03_baselines/scripts/stage03_v03_vehicle_only_baselines.py:632: UserWarning: Glyph 24310 (\N{CJK UNIFIED IDEOGRAPH-5EF6}) missing from font(s) DejaVu Sans.
  fig.tight_layout(rect=(0, 0, 1, 0.97))
/root/autodl-tmp/data_process/05_rebuild_from_raw_20260511/03_baselines/scripts/stage03_v03_vehicle_only_baselines.py:632: UserWarning: Glyph 36831 (\N{CJK UNIFIED IDEOGRAPH-8FDF}) missing from font(s) DejaVu Sans.
  fig.tight_layout(rect=(0, 0, 1, 0.97))
/root/autodl-tmp/data_process/05_rebuild_from_raw_20260511/03_baselines/scripts/stage03_v03_vehicle_only_baselines.py:632: UserWarning: Glyph 25110 (\N{CJK UNIFIED IDEOGRAPH-6216}) missing from font(s) DejaVu Sans.
  fig.tight_layout(rect=(0, 0, 1, 0.97))
/root/autodl-tmp/data_process/05_rebuild_from_raw_20260511/03_baselines/scripts/stage03_v03_vehicle_only_baselines.py:632: UserWarning: Glyph 26080 (\N{CJK UNIFIED IDEOGRAPH-65E0}) missing from font(s) DejaVu Sans.
  fig.tight_layout(rect=(0, 0, 1, 0.97))
/root/autodl-tmp/data_process/05_rebuild_from_raw_20260511/03_baselines/scripts/stage03_v03_vehicle_only_baselines.py:632: UserWarning: Glyph 26126 (\N{CJK UNIFIED IDEOGRAPH-660E}) missing from font(s) DejaVu Sans.
  fig.tight_layout(rect=(0, 0, 1, 0.97))
/root/autodl-tmp/data_process/05_rebuild_from_raw_20260511/03_baselines/scripts/stage03_v03_vehicle_only_baselines.py:632: UserWarning: Glyph 26174 (\N{CJK UNIFIED IDEOGRAPH-663E}) missing from font(s) DejaVu Sans.
  fig.tight_layout(rect=(0, 0, 1, 0.97))
/root/autodl-tmp/data_process/05_rebuild_from_raw_20260511/03_baselines/scripts/stage03_v03_vehicle_only_baselines.py:632: UserWarning: Glyph 36716 (\N{CJK UNIFIED IDEOGRAPH-8F6C}) missing from font(s) DejaVu Sans.
  fig.tight_layout(rect=(0, 0, 1, 0.97))
/root/autodl-tmp/data_process/05_rebuild_from_raw_20260511/03_baselines/scripts/stage03_v03_vehicle_only_baselines.py:632: UserWarning: Glyph 21521 (\N{CJK UNIFIED IDEOGRAPH-5411}) missing from font(s) DejaVu Sans.
  fig.tight_layout(rect=(0, 0, 1, 0.97))
/root/autodl-tmp/data_process/05_rebuild_from_raw_20260511/03_baselines/scripts/stage03_v03_vehicle_only_baselines.py:632: UserWarning: Glyph 24369 (\N{CJK UNIFIED IDEOGRAPH-5F31}) missing from font(s) DejaVu Sans.
  fig.tight_layout(rect=(0, 0, 1, 0.97))
/root/autodl-tmp/data_process/05_rebuild_from_raw_20260511/03_baselines/scripts/stage03_v03_vehicle_only_baselines.py:632: UserWarning: Glyph 20445 (\N{CJK UNIFIED IDEOGRAPH-4FDD}) missing from font(s) DejaVu Sans.
  fig.tight_layout(rect=(0, 0, 1, 0.97))
/root/autodl-tmp/data_process/05_rebuild_from_raw_20260511/03_baselines/scripts/stage03_v03_vehicle_only_baselines.py:632: UserWarning: Glyph 23432 (\N{CJK UNIFIED IDEOGRAPH-5B88}) missing from font(s) DejaVu Sans.
  fig.tight_layout(rect=(0, 0, 1, 0.97))
/root/autodl-tmp/data_process/05_rebuild_from_raw_20260511/03_baselines/scripts/stage03_v03_vehicle_only_baselines.py:633: UserWarning: Glyph 24378 (\N{CJK UNIFIED IDEOGRAPH-5F3A}) missing from font(s) DejaVu Sans.
  fig.savefig(out_path, dpi=180)
/root/autodl-tmp/data_process/05_rebuild_from_raw_20260511/03_baselines/scripts/stage03_v03_vehicle_only_baselines.py:633: UserWarning: Glyph 21709 (\N{CJK UNIFIED IDEOGRAPH-54CD}) missing from font(s) DejaVu Sans.
  fig.savefig(out_path, dpi=180)
/root/autodl-tmp/data_process/05_rebuild_from_raw_20260511/03_baselines/scripts/stage03_v03_vehicle_only_baselines.py:633: UserWarning: Glyph 24212 (\N{CJK UNIFIED IDEOGRAPH-5E94}) missing from font(s) DejaVu Sans.
  fig.savefig(out_path, dpi=180)
/root/autodl-tmp/data_process/05_rebuild_from_raw_20260511/03_baselines/scripts/stage03_v03_vehicle_only_baselines.py:633: UserWarning: Glyph 22411 (\N{CJK UNIFIED IDEOGRAPH-578B}) missing from font(s) DejaVu Sans.
  fig.savefig(out_path, dpi=180)
/root/autodl-tmp/data_process/05_rebuild_from_raw_20260511/03_baselines/scripts/stage03_v03_vehicle_only_baselines.py:633: UserWarning: Glyph 26497 (\N{CJK UNIFIED IDEOGRAPH-6781}) missing from font(s) DejaVu Sans.
  fig.savefig(out_path, dpi=180)
/root/autodl-tmp/data_process/05_rebuild_from_raw_20260511/03_baselines/scripts/stage03_v03_vehicle_only_baselines.py:633: UserWarning: Glyph 38480 (\N{CJK UNIFIED IDEOGRAPH-9650}) missing from font(s) DejaVu Sans.
  fig.savefig(out_path, dpi=180)
/root/autodl-tmp/data_process/05_rebuild_from_raw_20260511/03_baselines/scripts/stage03_v03_vehicle_only_baselines.py:633: UserWarning: Glyph 24037 (\N{CJK UNIFIED IDEOGRAPH-5DE5}) missing from font(s) DejaVu Sans.
  fig.savefig(out_path, dpi=180)
/root/autodl-tmp/data_process/05_rebuild_from_raw_20260511/03_baselines/scripts/stage03_v03_vehicle_only_baselines.py:633: UserWarning: Glyph 20917 (\N{CJK UNIFIED IDEOGRAPH-51B5}) missing from font(s) DejaVu Sans.
  fig.savefig(out_path, dpi=180)
/root/autodl-tmp/data_process/05_rebuild_from_raw_20260511/03_baselines/scripts/stage03_v03_vehicle_only_baselines.py:633: UserWarning: Glyph 30495 (\N{CJK UNIFIED IDEOGRAPH-771F}) missing from font(s) DejaVu Sans.
  fig.savefig(out_path, dpi=180)
/root/autodl-tmp/data_process/05_rebuild_from_raw_20260511/03_baselines/scripts/stage03_v03_vehicle_only_baselines.py:633: UserWarning: Glyph 23454 (\N{CJK UNIFIED IDEOGRAPH-5B9E}) missing from font(s) DejaVu Sans.
  fig.savefig(out_path, dpi=180)
/root/autodl-tmp/data_process/05_rebuild_from_raw_20260511/03_baselines/scripts/stage03_v03_vehicle_only_baselines.py:633: UserWarning: Glyph 25490 (\N{CJK UNIFIED IDEOGRAPH-6392}) missing from font(s) DejaVu Sans.
  fig.savefig(out_path, dpi=180)
/root/autodl-tmp/data_process/05_rebuild_from_raw_20260511/03_baselines/scripts/stage03_v03_vehicle_only_baselines.py:633: UserWarning: Glyph 38500 (\N{CJK UNIFIED IDEOGRAPH-9664}) missing from font(s) DejaVu Sans.
  fig.savefig(out_path, dpi=180)
/root/autodl-tmp/data_process/05_rebuild_from_raw_20260511/03_baselines/scripts/stage03_v03_vehicle_only_baselines.py:633: UserWarning: Glyph 26679 (\N{CJK UNIFIED IDEOGRAPH-6837}) missing from font(s) DejaVu Sans.
  fig.savefig(out_path, dpi=180)
/root/autodl-tmp/data_process/05_rebuild_from_raw_20260511/03_baselines/scripts/stage03_v03_vehicle_only_baselines.py:633: UserWarning: Glyph 26412 (\N{CJK UNIFIED IDEOGRAPH-672C}) missing from font(s) DejaVu Sans.
  fig.savefig(out_path, dpi=180)
/root/autodl-tmp/data_process/05_rebuild_from_raw_20260511/03_baselines/scripts/stage03_v03_vehicle_only_baselines.py:633: UserWarning: Glyph 24310 (\N{CJK UNIFIED IDEOGRAPH-5EF6}) missing from font(s) DejaVu Sans.
  fig.savefig(out_path, dpi=180)
/root/autodl-tmp/data_process/05_rebuild_from_raw_20260511/03_baselines/scripts/stage03_v03_vehicle_only_baselines.py:633: UserWarning: Glyph 36831 (\N{CJK UNIFIED IDEOGRAPH-8FDF}) missing from font(s) DejaVu Sans.
  fig.savefig(out_path, dpi=180)
/root/autodl-tmp/data_process/05_rebuild_from_raw_20260511/03_baselines/scripts/stage03_v03_vehicle_only_baselines.py:633: UserWarning: Glyph 25110 (\N{CJK UNIFIED IDEOGRAPH-6216}) missing from font(s) DejaVu Sans.
  fig.savefig(out_path, dpi=180)
/root/autodl-tmp/data_process/05_rebuild_from_raw_20260511/03_baselines/scripts/stage03_v03_vehicle_only_baselines.py:633: UserWarning: Glyph 26080 (\N{CJK UNIFIED IDEOGRAPH-65E0}) missing from font(s) DejaVu Sans.
  fig.savefig(out_path, dpi=180)
/root/autodl-tmp/data_process/05_rebuild_from_raw_20260511/03_baselines/scripts/stage03_v03_vehicle_only_baselines.py:633: UserWarning: Glyph 26126 (\N{CJK UNIFIED IDEOGRAPH-660E}) missing from font(s) DejaVu Sans.
  fig.savefig(out_path, dpi=180)
/root/autodl-tmp/data_process/05_rebuild_from_raw_20260511/03_baselines/scripts/stage03_v03_vehicle_only_baselines.py:633: UserWarning: Glyph 26174 (\N{CJK UNIFIED IDEOGRAPH-663E}) missing from font(s) DejaVu Sans.
  fig.savefig(out_path, dpi=180)
/root/autodl-tmp/data_process/05_rebuild_from_raw_20260511/03_baselines/scripts/stage03_v03_vehicle_only_baselines.py:633: UserWarning: Glyph 36716 (\N{CJK UNIFIED IDEOGRAPH-8F6C}) missing from font(s) DejaVu Sans.
  fig.savefig(out_path, dpi=180)
/root/autodl-tmp/data_process/05_rebuild_from_raw_20260511/03_baselines/scripts/stage03_v03_vehicle_only_baselines.py:633: UserWarning: Glyph 21521 (\N{CJK UNIFIED IDEOGRAPH-5411}) missing from font(s) DejaVu Sans.
  fig.savefig(out_path, dpi=180)
/root/autodl-tmp/data_process/05_rebuild_from_raw_20260511/03_baselines/scripts/stage03_v03_vehicle_only_baselines.py:633: UserWarning: Glyph 24369 (\N{CJK UNIFIED IDEOGRAPH-5F31}) missing from font(s) DejaVu Sans.
  fig.savefig(out_path, dpi=180)
/root/autodl-tmp/data_process/05_rebuild_from_raw_20260511/03_baselines/scripts/stage03_v03_vehicle_only_baselines.py:633: UserWarning: Glyph 20445 (\N{CJK UNIFIED IDEOGRAPH-4FDD}) missing from font(s) DejaVu Sans.
  fig.savefig(out_path, dpi=180)
/root/autodl-tmp/data_process/05_rebuild_from_raw_20260511/03_baselines/scripts/stage03_v03_vehicle_only_baselines.py:633: UserWarning: Glyph 23432 (\N{CJK UNIFIED IDEOGRAPH-5B88}) missing from font(s) DejaVu Sans.
  fig.savefig(out_path, dpi=180)
                                     variant_id  sample_count                        test_best_model  test_rmse_steer  test_wrong_side_rate_large  test_severe_amp_under_rate_large  test_large_response_recall
                            v03_plus_review_ref           793 rbf_kernel_vehicle_context_alpha0.1_g1         0.596698                    0.192308                          0.653846                    0.615385
                     v03_plus_review_no_lateral           793 rbf_kernel_vehicle_context_alpha0.1_g1         0.604341                    0.230769                          0.653846                    0.634615
        v03_plus_review_excluded_all_no_lateral          1562   rbf_kernel_vehicle_context_alpha1_g1         0.732134                    0.151515                          0.616162                    0.636364
     v03_plus_review_excluded_low_mu_no_lateral          1204   rbf_kernel_vehicle_context_alpha1_g1         0.689307                    0.244444                          0.733333                    0.633333
      v03_plus_review_excluded_curve_no_lateral           846 rbf_kernel_vehicle_context_alpha1_g0.5         0.651719                    0.218182                          0.745455                    0.672727
       v03_plus_review_excluded_roll_no_lateral          1092         knn_vehicle_history_context_k9         0.666145                    0.125000                          0.500000                    0.696429
v03_plus_review_excluded_lateral_dyn_no_lateral           799         knn_vehicle_history_context_k5         0.653550                    0.200000                          0.690909                    0.672727
