row_idx,selected_source,model_name,sample_id,split,fallback_prob_top1_worse_than_rbf,fallback_threshold,chosen_by_val_rmse
0,branch1,topk_branch_logreg_selector_no_subject,vehicle_instability_allraw__byx__2025_09_28_17_05_51__000060840__pre3_label3_response_coverage,train,,,0.0
1,branch2,topk_branch_logreg_selector_no_subject,vehicle_instability_allraw__byx__2025_09_28_17_05_51__000187815__pre3_label3_response_coverage,train,,,0.0
2,branch0,topk_branch_logreg_selector_no_subject,vehicle_instability_allraw__byx__2025_09_28_17_05_51__000349300__pre3_label3_response_coverage,train,,,0.0
3,branch2,topk_branch_logreg_selector_no_subject,vehicle_instability_allraw__byx__2025_09_28_17_15_52__000058865__pre3_label3_response_coverage,train,,,0.0
4,branch0,topk_branch_logreg_selector_no_subject,vehicle_instability_allraw__byx__2025_09_28_17_15_52__000131145__pre3_label3_response_coverage,train,,,0.0
5,branch2,topk_branch_logreg_selector_no_subject,vehicle_instability_allraw__byx__2025_09_28_17_15_52__000216345__pre3_label3_response_coverage,train,,,0.0
6,branch0,topk_branch_logreg_selector_no_subject,vehicle_instability_allraw__byx__2025_09_28_17_25_18__000065550__pre3_label3_response_coverage,train,,,0.0
7,branch0,topk_branch_logreg_selector_no_subject,vehicle_instability_allraw__byx__2025_09_28_17_25_18__000164150__pre3_label3_response_coverage,train,,,0.0
8,branch1,topk_branch_logreg_selector_no_subject,vehicle_instability_allraw__byx__2025_09_28_17_25_18__000275870__pre3_label3_response_coverage,train,,,0.0
9,branch0,topk_branch_logreg_selector_no_subject,vehicle_instability_allraw__byx__2025_09_28_17_25_18__000384190__pre3_label3_response_coverage,train,,,0.0
10,branch1,topk_branch_logreg_selector_no_subject,vehicle_instability_allraw__byx__2025_09_28_17_35_43__000078915__pre3_label3_response_coverage,train,,,0.0
11,branch0,topk_branch_logreg_selector_no_subject,vehicle_instability_allraw__byx__2025_09_28_17_35_43__000199335__pre3_label3_response_coverage,train,,,0.0
12,branch0,topk_branch_logreg_selector_no_subject,vehicle_instability_allraw__byx__2025_09_28_17_35_43__000231020__pre3_label3_response_coverage,train,,,0.0
13,branch2,topk_branch_logreg_selector_no_subject,vehicle_instability_allraw__byx__2025_09_28_17_35_43__000329825__pre3_label3_response_coverage,train,,,0.0
14,branch0,topk_branch_logreg_selector_no_subject,vehicle_instability_allraw__byx__2025_09_28_17_46_00__000095580__pre3_label3_response_coverage,test,,,0.0
15,branch2,topk_branch_logreg_selector_no_subject,vehicle_instability_allraw__byx__2025_09_28_17_46_00__000215315__pre3_label3_response_coverage,test,,,0.0
16,branch1,topk_branch_logreg_selector_no_subject,vehicle_instability_allraw__cwh__2025_09_26_19_27_21__000065145__pre3_label3_response_coverage,train,,,0.0
17,branch1,topk_branch_logreg_selector_no_subject,vehicle_instability_allraw__cwh__2025_09_26_19_35_47__000225295__pre3_label3_response_coverage,train,,,0.0
18,branch0,topk_branch_logreg_selector_no_subject,vehicle_instability_allraw__cwh__2025_09_26_19_35_47__000453095__pre3_label3_response_coverage,train,,,0.0
19,branch0,topk_branch_logreg_selector_no_subject,vehicle_instability_allraw__cwh__2025_09_26_19_35_47__000527630__pre3_label3_response_coverage,train,,,0.0
20,branch1,topk_branch_logreg_selector_no_subject,vehicle_instability_allraw__cwh__2025_09_26_19_45_40__000089205__pre3_label3_response_coverage,train,,,0.0
21,branch2,topk_branch_logreg_selector_no_subject,vehicle_instability_allraw__cwh__2025_09_26_19_45_40__000165100__pre3_label3_response_coverage,train,,,0.0
22,branch2,topk_branch_logreg_selector_no_subject,vehicle_instability_allraw__cwh__2025_09_26_19_45_40__000214250__pre3_label3_response_coverage,train,,,0.0
23,branch1,topk_branch_logreg_selector_no_subject,vehicle_instability_allraw__cwh__2025_09_26_19_45_40__000341005__pre3_label3_response_coverage,train,,,0.0
24,branch1,topk_branch_logreg_selector_no_subject,vehicle_instability_allraw__cwh__2025_09_26_19_56_16__000205130__pre3_label3_response_coverage,val,,,0.0
25,branch1,topk_branch_logreg_selector_no_subject,vehicle_instability_allraw__cwh__2025_09_26_19_56_16__000309365__pre3_label3_response_coverage,val,,,0.0
26,branch1,topk_branch_logreg_selector_no_subject,vehicle_instability_allraw__cwh__2025_09_26_19_56_16__000329785__pre3_label3_response_coverage,val,,,0.0
27,branch2,topk_branch_logreg_selector_no_subject,vehicle_instability_allraw__cwh__2025_09_26_19_56_16__000388180__pre3_label3_response_coverage,val,,,0.0
28,branch2,topk_branch_logreg_selector_no_subject,vehicle_instability_allraw__cwh__2025_09_26_20_06_19__000204045__pre3_label3_response_coverage,train,,,0.0
29,branch1,topk_branch_logreg_selector_no_subject,vehicle_instability_allraw__cwh__2025_09_26_20_06_19__000315730__pre3_label3_response_coverage,train,,,0.0
30,branch0,topk_branch_logreg_selector_no_subject,vehicle_instability_allraw__cwh__2025_09_26_20_06_19__000480390__pre3_label3_response_coverage,train,,,0.0
31,branch1,topk_branch_logreg_selector_no_subject,vehicle_instability_allraw__gf__2025_09_26_10_18_49__000233845__pre3_label3_response_coverage,train,,,0.0
32,branch2,topk_branch_logreg_selector_no_subject,vehicle_instability_allraw__gf__2025_09_26_10_18_49__000439375__pre3_label3_response_coverage,train,,,0.0
33,branch1,topk_branch_logreg_selector_no_subject,vehicle_instability_allraw__gf__2025_09_26_10_30_12__000223260__pre3_label3_response_coverage,test,,,0.0
34,branch0,topk_branch_logreg_selector_no_subject,vehicle_instability_allraw__gf__2025_09_26_10_30_12__000425785__pre3_label3_response_coverage,test,,,0.0
35,branch2,topk_branch_logreg_selector_no_subject,vehicle_instability_allraw__gf__2025_09_26_10_40_59__000180655__pre3_label3_response_coverage,train,,,0.0
36,branch1,topk_branch_logreg_selector_no_subject,vehicle_instability_allraw__gf__2025_09_26_10_40_59__000232065__pre3_label3_response_coverage,train,,,0.0
37,branch1,topk_branch_logreg_selector_no_subject,vehicle_instability_allraw__gf__2025_09_26_10_52_57__000300870__pre3_label3_response_coverage,test,,,0.0
38,branch0,topk_branch_logreg_selector_no_subject,vehicle_instability_allraw__gf__2025_09_26_10_52_57__000471505__pre3_label3_response_coverage,test,,,0.0
39,branch2,topk_branch_logreg_selector_no_subject,vehicle_instability_allraw__gzj__2025_09_27_11_41_47__000180015__pre3_label3_response_coverage,train,,,0.0
40,branch1,topk_branch_logreg_selector_no_subject,vehicle_instability_allraw__gzj__2025_09_27_11_41_47__000211485__pre3_label3_response_coverage,train,,,0.0
41,branch1,topk_branch_logreg_selector_no_subject,vehicle_instability_allraw__gzj__2025_09_27_11_41_47__000260065__pre3_label3_response_coverage,train,,,0.0
42,branch2,topk_branch_logreg_selector_no_subject,vehicle_instability_allraw__gzj__2025_09_27_11_41_47__000413415__pre3_label3_response_coverage,train,,,0.0
43,branch1,topk_branch_logreg_selector_no_subject,vehicle_instability_allraw__gzj__2025_09_27_11_41_47__000431340__pre3_label3_response_coverage,train,,,0.0
44,branch2,topk_branch_logreg_selector_no_subject,vehicle_instability_allraw__gzj__2025_09_27_11_53_25__000229945__pre3_label3_response_coverage,train,,,0.0
45,branch0,topk_branch_logreg_selector_no_subject,vehicle_instability_allraw__gzj__2025_09_27_11_53_25__000283210__pre3_label3_response_coverage,train,,,0.0
46,branch0,topk_branch_logreg_selector_no_subject,vehicle_instability_allraw__gzj__2025_09_27_11_53_25__000308920__pre3_label3_response_coverage,train,,,0.0
47,branch1,topk_branch_logreg_selector_no_subject,vehicle_instability_allraw__gzj__2025_09_27_11_53_25__000575025__pre3_label3_response_coverage,train,,,0.0
48,branch2,topk_branch_logreg_selector_no_subject,vehicle_instability_allraw__gzj__2025_09_27_12_04_23__000095835__pre3_label3_response_coverage,train,,,0.0
49,branch0,topk_branch_logreg_selector_no_subject,vehicle_instability_allraw__gzj__2025_09_27_12_04_23__000143790__pre3_label3_response_coverage,train,,,0.0
50,branch1,topk_branch_logreg_selector_no_subject,vehicle_instability_allraw__gzj__2025_09_27_12_04_23__000173350__pre3_label3_response_coverage,train,,,0.0
51,branch1,topk_branch_logreg_selector_no_subject,vehicle_instability_allraw__gzj__2025_09_27_12_04_23__000215140__pre3_label3_response_coverage,train,,,0.0
52,branch1,topk_branch_logreg_selector_no_subject,vehicle_instability_allraw__gzj__2025_09_27_12_04_23__000297385__pre3_label3_response_coverage,train,,,0.0
53,branch2,topk_branch_logreg_selector_no_subject,vehicle_instability_allraw__gzj__2025_09_27_12_17_12__000053185__pre3_label3_response_coverage,test,,,0.0
54,branch2,topk_branch_logreg_selector_no_subject,vehicle_instability_allraw__gzj__2025_09_27_12_17_12__000081700__pre3_label3_response_coverage,test,,,0.0
55,branch2,topk_branch_logreg_selector_no_subject,vehicle_instability_allraw__gzj__2025_09_27_12_17_12__000175240__pre3_label3_response_coverage,test,,,0.0
56,branch0,topk_branch_logreg_selector_no_subject,vehicle_instability_allraw__gzj__2025_09_27_12_17_12__000186555__pre3_label3_response_coverage,test,,,0.0
57,branch1,topk_branch_logreg_selector_no_subject,vehicle_instability_allraw__gzj__2025_09_27_12_17_12__000273440__pre3_label3_response_coverage,test,,,0.0
58,branch2,topk_branch_logreg_selector_no_subject,vehicle_instability_allraw__gzj__2025_09_27_12_17_12__000362460__pre3_label3_response_coverage,test,,,0.0
59,branch1,topk_branch_logreg_selector_no_subject,vehicle_instability_allraw__gzj__2025_09_27_12_17_12__000392590__pre3_label3_response_coverage,test,,,0.0
60,branch0,topk_branch_logreg_selector_no_subject,vehicle_instability_allraw__gzj__2025_09_27_12_17_12__000518180__pre3_label3_response_coverage,test,,,0.0
61,branch2,topk_branch_logreg_selector_no_subject,vehicle_instability_allraw__gzj__2025_09_27_12_17_12__000585940__pre3_label3_response_coverage,test,,,0.0
62,branch2,topk_branch_logreg_selector_no_subject,vehicle_instability_allraw__gzj__2025_09_27_12_28_14__000104490__pre3_label3_response_coverage,train,,,0.0
63,branch0,topk_branch_logreg_selector_no_subject,vehicle_instability_allraw__gzj__2025_09_27_12_28_14__000184075__pre3_label3_response_coverage,train,,,0.0
64,branch0,topk_branch_logreg_selector_no_subject,vehicle_instability_allraw__gzj__2025_09_27_12_28_14__000198480__pre3_label3_response_coverage,train,,,0.0
65,branch2,topk_branch_logreg_selector_no_subject,vehicle_instability_allraw__gzj__2025_09_27_12_28_14__000308055__pre3_label3_response_coverage,train,,,0.0
66,branch2,topk_branch_logreg_selector_no_subject,vehicle_instability_allraw__gzj__2025_09_27_12_28_14__000331425__pre3_label3_response_coverage,train,,,0.0
67,branch2,topk_branch_logreg_selector_no_subject,vehicle_instability_allraw__gzj__2025_09_27_12_28_14__000362825__pre3_label3_response_coverage,train,,,0.0
68,branch2,topk_branch_logreg_selector_no_subject,vehicle_instability_allraw__hzh__2025_09_26_20_50_27__000034605__pre3_label3_response_coverage,test,,,0.0
69,branch2,topk_branch_logreg_selector_no_subject,vehicle_instability_allraw__hzh__2025_09_26_20_50_27__000128695__pre3_label3_response_coverage,test,,,0.0
70,branch1,topk_branch_logreg_selector_no_subject,vehicle_instability_allraw__hzh__2025_09_26_20_50_27__000245880__pre3_label3_response_coverage,test,,,0.0
71,branch0,topk_branch_logreg_selector_no_subject,vehicle_instability_allraw__hzh__2025_09_26_20_50_27__000681250__pre3_label3_response_coverage,test,,,0.0
72,branch2,topk_branch_logreg_selector_no_subject,vehicle_instability_allraw__hzh__2025_09_26_21_03_19__000202260__pre3_label3_response_coverage,test,,,0.0
73,branch1,topk_branch_logreg_selector_no_subject,vehicle_instability_allraw__hzh__2025_09_26_21_03_19__000221890__pre3_label3_response_coverage,test,,,0.0
74,branch0,topk_branch_logreg_selector_no_subject,vehicle_instability_allraw__hzh__2025_09_26_21_03_19__000326200__pre3_label3_response_coverage,test,,,0.0
75,branch2,topk_branch_logreg_selector_no_subject,vehicle_instability_allraw__hzh__2025_09_26_21_03_19__000504660__pre3_label3_response_coverage,test,,,0.0
76,branch2,topk_branch_logreg_selector_no_subject,vehicle_instability_allraw__hzh__2025_09_26_21_17_02__000110230__pre3_label3_response_coverage,train,,,0.0
77,branch2,topk_branch_logreg_selector_no_subject,vehicle_instability_allraw__hzh__2025_09_26_21_17_02__000422495__pre3_label3_response_coverage,train,,,0.0
78,branch1,topk_branch_logreg_selector_no_subject,vehicle_instability_allraw__hzh__2025_09_27_19_22_27__000054775__pre3_label3_response_coverage,train,,,0.0
79,branch0,topk_branch_logreg_selector_no_subject,vehicle_instability_allraw__hzh__2025_09_27_19_22_27__000193515__pre3_label3_response_coverage,train,,,0.0
80,branch2,topk_branch_logreg_selector_no_subject,vehicle_instability_allraw__hzh__2025_09_27_19_22_27__000331710__pre3_label3_response_coverage,train,,,0.0
81,branch0,topk_branch_logreg_selector_no_subject,vehicle_instability_allraw__hzh__2025_09_27_19_33_25__000059360__pre3_label3_response_coverage,train,,,0.0
82,branch0,topk_branch_logreg_selector_no_subject,vehicle_instability_allraw__hzh__2025_09_27_19_33_25__000164300__pre3_label3_response_coverage,train,,,0.0
83,branch2,topk_branch_logreg_selector_no_subject,vehicle_instability_allraw__hzh__2025_09_27_19_33_25__000297885__pre3_label3_response_coverage,train,,,0.0
84,branch2,topk_branch_logreg_selector_no_subject,vehicle_instability_allraw__hzh__2025_09_27_19_33_25__000511405__pre3_label3_response_coverage,train,,,0.0
85,branch2,topk_branch_logreg_selector_no_subject,vehicle_instability_allraw__hzh__2025_09_27_19_44_05__000081885__pre3_label3_response_coverage,test,,,0.0
86,branch2,topk_branch_logreg_selector_no_subject,vehicle_instability_allraw__hzh__2025_09_27_19_44_05__000176245__pre3_label3_response_coverage,test,,,0.0
87,branch1,topk_branch_logreg_selector_no_subject,vehicle_instability_allraw__hzh__2025_09_27_19_44_05__000218700__pre3_label3_response_coverage,test,,,0.0
88,branch2,topk_branch_logreg_selector_no_subject,vehicle_instability_allraw__hzh__2025_09_27_19_44_05__000246255__pre3_label3_response_coverage,test,,,0.0
89,branch1,topk_branch_logreg_selector_no_subject,vehicle_instability_allraw__hzh__2025_09_27_19_44_05__000326390__pre3_label3_response_coverage,test,,,0.0
90,branch0,topk_branch_logreg_selector_no_subject,vehicle_instability_allraw__hzh__2025_09_27_19_44_05__000345860__pre3_label3_response_coverage,test,,,0.0
91,branch1,topk_branch_logreg_selector_no_subject,vehicle_instability_allraw__jy__2025_09_26_17_17_11__000240445__pre3_label3_response_coverage,train,,,0.0
92,branch0,topk_branch_logreg_selector_no_subject,vehicle_instability_allraw__jy__2025_09_26_17_17_11__000414405__pre3_label3_response_coverage,train,,,0.0
93,branch2,topk_branch_logreg_selector_no_subject,vehicle_instability_allraw__jy__2025_09_26_17_17_11__000547665__pre3_label3_response_coverage,train,,,0.0
94,branch1,topk_branch_logreg_selector_no_subject,vehicle_instability_allraw__jy__2025_09_26_17_29_44__000426110__pre3_label3_response_coverage,train,,,0.0
95,branch2,topk_branch_logreg_selector_no_subject,vehicle_instability_allraw__jy__2025_09_26_17_29_44__000500270__pre3_label3_response_coverage,train,,,0.0
96,branch2,topk_branch_logreg_selector_no_subject,vehicle_instability_allraw__jy__2025_09_26_17_29_44__000535550__pre3_label3_response_coverage,train,,,0.0
97,branch0,topk_branch_logreg_selector_no_subject,vehicle_instability_allraw__jy__2025_09_26_17_29_44__000540950__pre3_label3_response_coverage,train,,,0.0
98,branch0,topk_branch_logreg_selector_no_subject,vehicle_instability_allraw__jy__2025_09_26_17_40_51__000069905__pre3_label3_response_coverage,train,,,0.0
99,branch2,topk_branch_logreg_selector_no_subject,vehicle_instability_allraw__jy__2025_09_26_17_40_51__000228515__pre3_label3_response_coverage,train,,,0.0
100,branch2,topk_branch_logreg_selector_no_subject,vehicle_instability_allraw__jy__2025_09_26_17_40_51__000445490__pre3_label3_response_coverage,train,,,0.0
101,branch1,topk_branch_logreg_selector_no_subject,vehicle_instability_allraw__jy__2025_09_26_17_40_51__000526105__pre3_label3_response_coverage,train,,,0.0
102,branch1,topk_branch_logreg_selector_no_subject,vehicle_instability_allraw__jy__2025_09_26_17_51_46__000542335__pre3_label3_response_coverage,train,,,0.0
103,branch2,topk_branch_logreg_selector_no_subject,vehicle_instability_allraw__jy__2025_09_26_18_01_40__000064705__pre3_label3_response_coverage,val,,,0.0
104,branch0,topk_branch_logreg_selector_no_subject,vehicle_instability_allraw__jy__2025_09_26_18_01_40__000198735__pre3_label3_response_coverage,val,,,0.0
105,branch0,topk_branch_logreg_selector_no_subject,vehicle_instability_allraw__jy__2025_09_26_18_01_40__000326600__pre3_label3_response_coverage,val,,,0.0
106,branch0,topk_branch_logreg_selector_no_subject,vehicle_instability_allraw__lx__2025_09_26_09_17_22__000135315__pre3_label3_response_coverage,train,,,0.0
107,branch1,topk_branch_logreg_selector_no_subject,vehicle_instability_allraw__lx__2025_09_26_09_17_22__000215535__pre3_label3_response_coverage,train,,,0.0
108,branch1,topk_branch_logreg_selector_no_subject,vehicle_instability_allraw__lx__2025_09_26_09_17_22__000385260__pre3_label3_response_coverage,train,,,0.0
109,branch1,topk_branch_logreg_selector_no_subject,vehicle_instability_allraw__lx__2025_09_26_09_17_22__000480490__pre3_label3_response_coverage,train,,,0.0
110,branch0,topk_branch_logreg_selector_no_subject,vehicle_instability_allraw__lxy__2025_09_28_17_55_52__000089180__pre3_label3_response_coverage,train,,,0.0
111,branch0,topk_branch_logreg_selector_no_subject,vehicle_instability_allraw__lxy__2025_09_28_17_55_52__000357070__pre3_label3_response_coverage,train,,,0.0
112,branch0,topk_branch_logreg_selector_no_subject,vehicle_instability_allraw__lxy__2025_09_28_17_55_52__000380645__pre3_label3_response_coverage,train,,,0.0
113,branch2,topk_branch_logreg_selector_no_subject,vehicle_instability_allraw__lxy__2025_09_28_17_55_52__000448640__pre3_label3_response_coverage,train,,,0.0
114,branch2,topk_branch_logreg_selector_no_subject,vehicle_instability_allraw__lxy__2025_09_28_17_55_52__000541050__pre3_label3_response_coverage,train,,,0.0
115,branch2,topk_branch_logreg_selector_no_subject,vehicle_instability_allraw__lxy__2025_09_28_18_06_16__000057770__pre3_label3_response_coverage,train,,,0.0
116,branch0,topk_branch_logreg_selector_no_subject,vehicle_instability_allraw__lxy__2025_09_28_18_06_16__000084330__pre3_label3_response_coverage,train,,,0.0
117,branch0,topk_branch_logreg_selector_no_subject,vehicle_instability_allraw__lxy__2025_09_28_18_06_16__000133655__pre3_label3_response_coverage,train,,,0.0
118,branch1,topk_branch_logreg_selector_no_subject,vehicle_instability_allraw__lxy__2025_09_28_18_06_16__000250730__pre3_label3_response_coverage,train,,,0.0
119,branch0,topk_branch_logreg_selector_no_subject,vehicle_instability_allraw__lxy__2025_09_28_18_19_35__000129055__pre3_label3_response_coverage,train,,,0.0
120,branch0,topk_branch_logreg_selector_no_subject,vehicle_instability_allraw__lxy__2025_09_28_18_19_35__000175350__pre3_label3_response_coverage,train,,,0.0
121,branch1,topk_branch_logreg_selector_no_subject,vehicle_instability_allraw__lxy__2025_09_28_18_19_35__000290870__pre3_label3_response_coverage,train,,,0.0
122,branch1,topk_branch_logreg_selector_no_subject,vehicle_instability_allraw__lxy__2025_09_28_18_19_35__000320035__pre3_label3_response_coverage,train,,,0.0
123,branch1,topk_branch_logreg_selector_no_subject,vehicle_instability_allraw__lxy__2025_09_28_18_19_35__000334720__pre3_label3_response_coverage,train,,,0.0
124,branch1,topk_branch_logreg_selector_no_subject,vehicle_instability_allraw__lxy__2025_09_28_18_19_35__000402090__pre3_label3_response_coverage,train,,,0.0
125,branch0,topk_branch_logreg_selector_no_subject,vehicle_instability_allraw__lxy__2025_09_28_18_19_35__000481970__pre3_label3_response_coverage,train,,,0.0
126,branch2,topk_branch_logreg_selector_no_subject,vehicle_instability_allraw__rjy__2025_09_28_19_33_26__000137120__pre3_label3_response_coverage,train,,,0.0
127,branch2,topk_branch_logreg_selector_no_subject,vehicle_instability_allraw__rjy__2025_09_28_19_33_26__000439360__pre3_label3_response_coverage,train,,,0.0
128,branch0,topk_branch_logreg_selector_no_subject,vehicle_instability_allraw__rjy__2025_09_28_19_33_26__000515545__pre3_label3_response_coverage,train,,,0.0
129,branch2,topk_branch_logreg_selector_no_subject,vehicle_instability_allraw__rjy__2025_09_28_19_33_26__000598710__pre3_label3_response_coverage,train,,,0.0
130,branch1,topk_branch_logreg_selector_no_subject,vehicle_instability_allraw__rjy__2025_09_28_19_51_44__000180850__pre3_label3_response_coverage,train,,,0.0
131,branch2,topk_branch_logreg_selector_no_subject,vehicle_instability_allraw__rjy__2025_09_28_19_51_44__000209520__pre3_label3_response_coverage,train,,,0.0
132,branch0,topk_branch_logreg_selector_no_subject,vehicle_instability_allraw__rjy__2025_09_28_19_51_44__000340405__pre3_label3_response_coverage,train,,,0.0
133,branch1,topk_branch_logreg_selector_no_subject,vehicle_instability_allraw__rjy__2025_09_28_19_51_44__000384965__pre3_label3_response_coverage,train,,,0.0
134,branch2,topk_branch_logreg_selector_no_subject,vehicle_instability_allraw__rjy__2025_09_28_19_51_44__000463330__pre3_label3_response_coverage,train,,,0.0
135,branch0,topk_branch_logreg_selector_no_subject,vehicle_instability_allraw__rjy__2025_09_28_20_02_20__000137410__pre3_label3_response_coverage,train,,,0.0
136,branch1,topk_branch_logreg_selector_no_subject,vehicle_instability_allraw__rjy__2025_09_28_20_02_20__000500840__pre3_label3_response_coverage,train,,,0.0
137,branch1,topk_branch_logreg_selector_no_subject,vehicle_instability_allraw__rjy__2025_09_28_20_02_20__000703720__pre3_label3_response_coverage,train,,,0.0
138,branch1,topk_branch_logreg_selector_no_subject,vehicle_instability_allraw__rjy__2025_09_28_20_15_42__000221270__pre3_label3_response_coverage,val,,,0.0
139,branch1,topk_branch_logreg_selector_no_subject,vehicle_instability_allraw__rjy__2025_09_28_20_15_42__000378840__pre3_label3_response_coverage,val,,,0.0
140,branch1,topk_branch_logreg_selector_no_subject,vehicle_instability_allraw__rjy__2025_09_28_20_15_42__000382075__pre3_label3_response_coverage,val,,,0.0
141,branch2,topk_branch_logreg_selector_no_subject,vehicle_instability_allraw__rjy__2025_09_28_20_15_42__000547420__pre3_label3_response_coverage,val,,,0.0
142,branch1,topk_branch_logreg_selector_no_subject,vehicle_instability_allraw__rjy__2025_09_28_20_15_42__000560065__pre3_label3_response_coverage,val,,,0.0
143,branch0,topk_branch_logreg_selector_no_subject,vehicle_instability_allraw__txj__2025_09_27_08_40_46__000139565__pre3_label3_response_coverage,val,,,0.0
144,branch1,topk_branch_logreg_selector_no_subject,vehicle_instability_allraw__txj__2025_09_27_08_40_46__000301130__pre3_label3_response_coverage,val,,,0.0
145,branch1,topk_branch_logreg_selector_no_subject,vehicle_instability_allraw__txj__2025_09_27_08_40_46__000441855__pre3_label3_response_coverage,val,,,0.0
146,branch0,topk_branch_logreg_selector_no_subject,vehicle_instability_allraw__txj__2025_09_27_08_40_46__000633830__pre3_label3_response_coverage,val,,,0.0
147,branch2,topk_branch_logreg_selector_no_subject,vehicle_instability_allraw__txj__2025_09_27_08_40_46__000660595__pre3_label3_response_coverage,val,,,0.0
148,branch1,topk_branch_logreg_selector_no_subject,vehicle_instability_allraw__txj__2025_09_27_08_40_46__000687315__pre3_label3_response_coverage,val,,,0.0
149,branch0,topk_branch_logreg_selector_no_subject,vehicle_instability_allraw__txj__2025_09_27_08_53_44__000300320__pre3_label3_response_coverage,val,,,0.0
150,branch1,topk_branch_logreg_selector_no_subject,vehicle_instability_allraw__txj__2025_09_27_08_53_44__000326790__pre3_label3_response_coverage,val,,,0.0
151,branch1,topk_branch_logreg_selector_no_subject,vehicle_instability_allraw__txj__2025_09_27_08_53_44__000386965__pre3_label3_response_coverage,val,,,0.0
152,branch0,topk_branch_logreg_selector_no_subject,vehicle_instability_allraw__txj__2025_09_27_09_06_19__000084165__pre3_label3_response_coverage,train,,,0.0
153,branch0,topk_branch_logreg_selector_no_subject,vehicle_instability_allraw__txj__2025_09_27_09_06_19__000242365__pre3_label3_response_coverage,train,,,0.0
154,branch2,topk_branch_logreg_selector_no_subject,vehicle_instability_allraw__txj__2025_09_27_09_06_19__000575870__pre3_label3_response_coverage,train,,,0.0
155,branch0,topk_branch_logreg_selector_no_subject,vehicle_instability_allraw__txj__2025_09_27_09_06_19__000604150__pre3_label3_response_coverage,train,,,0.0
156,branch1,topk_branch_logreg_selector_no_subject,vehicle_instability_allraw__txj__2025_09_27_09_17_11__000060790__pre3_label3_response_coverage,train,,,0.0
157,branch1,topk_branch_logreg_selector_no_subject,vehicle_instability_allraw__txj__2025_09_27_09_17_11__000243345__pre3_label3_response_coverage,train,,,0.0
158,branch0,topk_branch_logreg_selector_no_subject,vehicle_instability_allraw__txj__2025_09_27_09_17_11__000498455__pre3_label3_response_coverage,train,,,0.0
159,branch0,topk_branch_logreg_selector_no_subject,vehicle_instability_allraw__tyy__2025_09_28_14_23_43__000177395__pre3_label3_response_coverage,train,,,0.0
160,branch2,topk_branch_logreg_selector_no_subject,vehicle_instability_allraw__tyy__2025_09_28_14_23_43__000286995__pre3_label3_response_coverage,train,,,0.0
161,branch1,topk_branch_logreg_selector_no_subject,vehicle_instability_allraw__tyy__2025_09_28_14_23_43__000302720__pre3_label3_response_coverage,train,,,0.0
162,branch1,topk_branch_logreg_selector_no_subject,vehicle_instability_allraw__tyy__2025_09_28_14_23_43__000500235__pre3_label3_response_coverage,train,,,0.0
163,branch1,topk_branch_logreg_selector_no_subject,vehicle_instability_allraw__tyy__2025_09_28_14_23_43__000628070__pre3_label3_response_coverage,train,,,0.0
164,branch2,topk_branch_logreg_selector_no_subject,vehicle_instability_allraw__tyy__2025_09_28_14_23_43__000665155__pre3_label3_response_coverage,train,,,0.0
165,branch1,topk_branch_logreg_selector_no_subject,vehicle_instability_allraw__tyy__2025_09_28_14_23_43__000685655__pre3_label3_response_coverage,train,,,0.0
166,branch1,topk_branch_logreg_selector_no_subject,vehicle_instability_allraw__tyy__2025_09_28_14_23_43__000762635__pre3_label3_response_coverage,train,,,0.0
167,branch2,topk_branch_logreg_selector_no_subject,vehicle_instability_allraw__tyy__2025_09_28_14_44_09__000058890__pre3_label3_response_coverage,test,,,0.0
168,branch0,topk_branch_logreg_selector_no_subject,vehicle_instability_allraw__tyy__2025_09_28_14_44_09__000471655__pre3_label3_response_coverage,test,,,0.0
169,branch1,topk_branch_logreg_selector_no_subject,vehicle_instability_allraw__tyy__2025_09_28_14_57_17__000269590__pre3_label3_response_coverage,train,,,0.0
170,branch1,topk_branch_logreg_selector_no_subject,vehicle_instability_allraw__tyy__2025_09_28_14_57_17__000427465__pre3_label3_response_coverage,train,,,0.0
171,branch0,topk_branch_logreg_selector_no_subject,vehicle_instability_allraw__xst__2025_09_26_11_34_18__000146145__pre3_label3_response_coverage,train,,,0.0
172,branch1,topk_branch_logreg_selector_no_subject,vehicle_instability_allraw__yyl__2025_09_28_09_14_23__000110400__pre3_label3_response_coverage,train,,,0.0
173,branch2,topk_branch_logreg_selector_no_subject,vehicle_instability_allraw__yyl__2025_09_28_09_14_23__000431885__pre3_label3_response_coverage,train,,,0.0
174,branch2,topk_branch_logreg_selector_no_subject,vehicle_instability_allraw__yyl__2025_09_28_09_14_23__000568235__pre3_label3_response_coverage,train,,,0.0
175,branch1,topk_branch_logreg_selector_no_subject,vehicle_instability_allraw__yyl__2025_09_28_09_29_01__000104675__pre3_label3_response_coverage,train,,,0.0
176,branch2,topk_branch_logreg_selector_no_subject,vehicle_instability_allraw__yyl__2025_09_28_09_29_01__000235890__pre3_label3_response_coverage,train,,,0.0
177,branch1,topk_branch_logreg_selector_no_subject,vehicle_instability_allraw__yyl__2025_09_28_09_29_01__000357555__pre3_label3_response_coverage,train,,,0.0
178,branch1,topk_branch_logreg_selector_no_subject,vehicle_instability_allraw__yyl__2025_09_28_09_29_01__000380585__pre3_label3_response_coverage,train,,,0.0
179,branch0,topk_branch_logreg_selector_no_subject,vehicle_instability_allraw__yyl__2025_09_28_09_29_01__000449070__pre3_label3_response_coverage,train,,,0.0
180,branch2,topk_branch_logreg_selector_no_subject,vehicle_instability_allraw__yyl__2025_09_28_09_29_01__000514465__pre3_label3_response_coverage,train,,,0.0
181,branch1,topk_branch_logreg_selector_no_subject,vehicle_instability_allraw__yyl__2025_09_28_09_29_01__000542080__pre3_label3_response_coverage,train,,,0.0
182,branch2,topk_branch_logreg_selector_no_subject,vehicle_instability_allraw__yyl__2025_09_28_09_39_01__000375965__pre3_label3_response_coverage,train,,,0.0
183,branch2,topk_branch_logreg_selector_no_subject,vehicle_instability_allraw__yyl__2025_09_28_09_39_01__000513705__pre3_label3_response_coverage,train,,,0.0
184,branch0,topk_branch_logreg_selector_no_subject,vehicle_instability_allraw__yyl__2025_09_28_09_49_11__000062885__pre3_label3_response_coverage,test,,,0.0
185,branch0,topk_branch_logreg_selector_no_subject,vehicle_instability_allraw__yyl__2025_09_28_09_49_11__000327680__pre3_label3_response_coverage,test,,,0.0
186,branch2,topk_branch_logreg_selector_no_subject,vehicle_instability_allraw__yyl__2025_09_28_09_49_11__000484470__pre3_label3_response_coverage,test,,,0.0
187,branch0,topk_branch_logreg_selector_no_subject,vehicle_instability_allraw__yzy__2025_09_27_14_13_03__000183010__pre3_label3_response_coverage,train,,,0.0
188,branch0,topk_branch_logreg_selector_no_subject,vehicle_instability_allraw__yzy__2025_09_27_14_13_03__000195245__pre3_label3_response_coverage,train,,,0.0
189,branch2,topk_branch_logreg_selector_no_subject,vehicle_instability_allraw__yzy__2025_09_27_14_13_03__000216065__pre3_label3_response_coverage,train,,,0.0
190,branch1,topk_branch_logreg_selector_no_subject,vehicle_instability_allraw__yzy__2025_09_27_14_13_03__000407925__pre3_label3_response_coverage,train,,,0.0
191,branch0,topk_branch_logreg_selector_no_subject,vehicle_instability_allraw__yzy__2025_09_27_14_13_03__000418350__pre3_label3_response_coverage,train,,,0.0
192,branch0,topk_branch_logreg_selector_no_subject,vehicle_instability_allraw__yzy__2025_09_27_14_13_03__000455460__pre3_label3_response_coverage,train,,,0.0
193,branch1,topk_branch_logreg_selector_no_subject,vehicle_instability_allraw__yzy__2025_09_27_14_13_03__000524525__pre3_label3_response_coverage,train,,,0.0
194,branch0,topk_branch_logreg_selector_no_subject,vehicle_instability_allraw__yzy__2025_09_27_14_13_03__000543975__pre3_label3_response_coverage,train,,,0.0
195,branch0,topk_branch_logreg_selector_no_subject,vehicle_instability_allraw__yzy__2025_09_27_14_13_03__000573090__pre3_label3_response_coverage,train,,,0.0
196,branch0,topk_branch_logreg_selector_no_subject,vehicle_instability_allraw__yzy__2025_09_27_14_26_04__000075085__pre3_label3_response_coverage,val,,,0.0
197,branch1,topk_branch_logreg_selector_no_subject,vehicle_instability_allraw__yzy__2025_09_27_14_26_04__000205385__pre3_label3_response_coverage,val,,,0.0
198,branch0,topk_branch_logreg_selector_no_subject,vehicle_instability_allraw__yzy__2025_09_27_14_26_04__000385650__pre3_label3_response_coverage,val,,,0.0
199,branch0,topk_branch_logreg_selector_no_subject,vehicle_instability_allraw__yzy__2025_09_27_14_26_04__000428685__pre3_label3_response_coverage,val,,,0.0
200,branch2,topk_branch_logreg_selector_no_subject,vehicle_instability_allraw__yzy__2025_09_27_14_37_08__000213665__pre3_label3_response_coverage,val,,,0.0
201,branch1,topk_branch_logreg_selector_no_subject,vehicle_instability_allraw__yzy__2025_09_27_14_37_08__000269385__pre3_label3_response_coverage,val,,,0.0
202,branch1,topk_branch_logreg_selector_no_subject,vehicle_instability_allraw__yzy__2025_09_27_14_37_08__000376440__pre3_label3_response_coverage,val,,,0.0
203,branch0,topk_branch_logreg_selector_no_subject,vehicle_instability_allraw__yzy__2025_09_27_15_04_26__000063290__pre3_label3_response_coverage,train,,,0.0
204,branch1,topk_branch_logreg_selector_no_subject,vehicle_instability_allraw__yzy__2025_09_27_15_07_57__000162845__pre3_label3_response_coverage,train,,,0.0
205,branch0,topk_branch_logreg_selector_no_subject,vehicle_instability_allraw__yzy__2025_09_27_15_07_57__000292475__pre3_label3_response_coverage,train,,,0.0
206,branch2,topk_branch_logreg_selector_no_subject,vehicle_instability_allraw__yzy__2025_09_27_15_07_57__000328880__pre3_label3_response_coverage,train,,,0.0
207,branch0,topk_branch_logreg_selector_no_subject,vehicle_instability_allraw__yzy__2025_09_27_15_07_57__000358900__pre3_label3_response_coverage,train,,,0.0
208,branch1,topk_branch_logreg_selector_no_subject,vehicle_instability_allraw__yzy__2025_09_27_15_07_57__000447025__pre3_label3_response_coverage,train,,,0.0
209,branch2,topk_branch_logreg_selector_no_subject,vehicle_instability_allraw__zdq__2025_09_26_15_14_51__000239960__pre3_label3_response_coverage,train,,,0.0
210,branch0,topk_branch_logreg_selector_no_subject,vehicle_instability_allraw__zdq__2025_09_26_15_21_51__000231945__pre3_label3_response_coverage,train,,,0.0
211,branch0,topk_branch_logreg_selector_no_subject,vehicle_instability_allraw__zdq__2025_09_26_15_27_09__000052510__pre3_label3_response_coverage,train,,,0.0
212,branch0,topk_branch_logreg_selector_no_subject,vehicle_instability_allraw__zdq__2025_09_26_15_27_09__000060750__pre3_label3_response_coverage,train,,,0.0
213,branch0,topk_branch_logreg_selector_no_subject,vehicle_instability_allraw__zdq__2025_09_26_15_27_09__000456530__pre3_label3_response_coverage,train,,,0.0
214,branch1,topk_branch_logreg_selector_no_subject,vehicle_instability_allraw__zdq__2025_09_26_15_37_30__000202020__pre3_label3_response_coverage,train,,,0.0
215,branch2,topk_branch_logreg_selector_no_subject,vehicle_instability_allraw__zdq__2025_09_26_15_52_46__000058070__pre3_label3_response_coverage,train,,,0.0
216,branch0,topk_branch_logreg_selector_no_subject,vehicle_instability_allraw__zdq__2025_09_26_15_52_46__000130370__pre3_label3_response_coverage,train,,,0.0
217,branch2,topk_branch_logreg_selector_no_subject,vehicle_instability_allraw__zdq__2025_09_26_15_52_46__000577885__pre3_label3_response_coverage,train,,,0.0
218,branch2,topk_branch_logreg_selector_no_subject,vehicle_instability_allraw__zdq__2025_09_26_16_03_48__000347185__pre3_label3_response_coverage,train,,,0.0
219,branch0,topk_branch_logreg_selector_no_subject,vehicle_instability_allraw__zdq__2025_09_26_16_03_48__000471380__pre3_label3_response_coverage,train,,,0.0
220,branch0,topk_branch_logreg_selector_no_subject,vehicle_instability_allraw__zt__2025_09_28_11_20_08__000158280__pre3_label3_response_coverage,train,,,0.0
221,branch1,topk_branch_logreg_selector_no_subject,vehicle_instability_allraw__zt__2025_09_28_11_20_08__000270535__pre3_label3_response_coverage,train,,,0.0
222,branch1,topk_branch_logreg_selector_no_subject,vehicle_instability_allraw__zt__2025_09_28_11_20_08__000416365__pre3_label3_response_coverage,train,,,0.0
223,branch2,topk_branch_logreg_selector_no_subject,vehicle_instability_allraw__zt__2025_09_28_11_20_08__000472990__pre3_label3_response_coverage,train,,,0.0
224,branch1,topk_branch_logreg_selector_no_subject,vehicle_instability_allraw__zx__2025_09_27_16_32_00__000101585__pre3_label3_response_coverage,train,,,0.0
225,branch2,topk_branch_logreg_selector_no_subject,vehicle_instability_allraw__zx__2025_09_27_16_32_00__000312575__pre3_label3_response_coverage,train,,,0.0
226,branch1,topk_branch_logreg_selector_no_subject,vehicle_instability_allraw__zx__2025_09_27_16_32_00__000398300__pre3_label3_response_coverage,train,,,0.0
227,branch2,topk_branch_logreg_selector_no_subject,vehicle_instability_allraw__zx__2025_09_27_16_32_00__000421025__pre3_label3_response_coverage,train,,,0.0
228,branch0,topk_branch_logreg_selector_no_subject,vehicle_instability_allraw__zx__2025_09_27_16_32_00__000490620__pre3_label3_response_coverage,train,,,0.0
229,branch0,topk_branch_logreg_selector_no_subject,vehicle_instability_allraw__zx__2025_09_27_16_32_00__000645585__pre3_label3_response_coverage,train,,,0.0
230,branch1,topk_branch_logreg_selector_no_subject,vehicle_instability_allraw__zx__2025_09_27_16_46_13__000078890__pre3_label3_response_coverage,val,,,0.0
231,branch2,topk_branch_logreg_selector_no_subject,vehicle_instability_allraw__zx__2025_09_27_16_46_13__000087075__pre3_label3_response_coverage,val,,,0.0
232,branch0,topk_branch_logreg_selector_no_subject,vehicle_instability_allraw__zx__2025_09_27_16_46_13__000152930__pre3_label3_response_coverage,val,,,0.0
233,branch0,topk_branch_logreg_selector_no_subject,vehicle_instability_allraw__zx__2025_09_27_16_46_13__000263295__pre3_label3_response_coverage,val,,,0.0
234,branch1,topk_branch_logreg_selector_no_subject,vehicle_instability_allraw__zx__2025_09_27_16_46_13__000293010__pre3_label3_response_coverage,val,,,0.0
235,branch0,topk_branch_logreg_selector_no_subject,vehicle_instability_allraw__zx__2025_09_27_16_46_13__000316255__pre3_label3_response_coverage,val,,,0.0
236,branch2,topk_branch_logreg_selector_no_subject,vehicle_instability_allraw__zx__2025_09_27_16_46_13__000599550__pre3_label3_response_coverage,val,,,0.0
237,branch2,topk_branch_logreg_selector_no_subject,vehicle_instability_allraw__zx__2025_09_27_16_46_13__000632670__pre3_label3_response_coverage,val,,,0.0
238,branch2,topk_branch_logreg_selector_no_subject,vehicle_instability_allraw__zx__2025_09_27_17_14_07__000103335__pre3_label3_response_coverage,train,,,0.0
239,branch2,topk_branch_logreg_selector_no_subject,vehicle_instability_allraw__zx__2025_09_27_17_14_07__000412950__pre3_label3_response_coverage,train,,,0.0
240,branch2,topk_branch_logreg_selector_no_subject,vehicle_instability_allraw__zx__2025_09_27_17_25_16__000018420__pre3_label3_response_coverage,train,,,0.0
241,branch2,topk_branch_logreg_selector_no_subject,vehicle_instability_allraw__zx__2025_09_27_17_25_16__000055950__pre3_label3_response_coverage,train,,,0.0
242,branch1,topk_branch_logreg_selector_no_subject,vehicle_instability_allraw__zx__2025_09_27_17_29_08__000177210__pre3_label3_response_coverage,train,,,0.0
243,branch0,topk_branch_logreg_selector_no_subject,vehicle_instability_allraw__zx__2025_09_27_17_29_08__000199530__pre3_label3_response_coverage,train,,,0.0
244,branch2,topk_branch_logreg_selector_no_subject,vehicle_instability_allraw__zx__2025_09_27_17_45_11__000166410__pre3_label3_response_coverage,val,,,0.0
245,branch2,topk_branch_logreg_selector_no_subject,vehicle_instability_allraw__zx__2025_09_27_17_45_11__000242010__pre3_label3_response_coverage,val,,,0.0
246,branch1,topk_branch_logreg_selector_no_subject,vehicle_instability_allraw__zx__2025_09_27_17_45_11__000361280__pre3_label3_response_coverage,val,,,0.0
247,branch1,topk_branch_logreg_selector_no_subject,vehicle_instability_allraw__zx__2025_09_27_17_45_11__000449820__pre3_label3_response_coverage,val,,,0.0
248,branch2,topk_branch_logreg_selector_no_subject,vehicle_instability_allraw__zx__2025_09_27_17_56_42__000080875__pre3_label3_response_coverage,train,,,0.0
249,branch1,topk_branch_logreg_selector_no_subject,vehicle_instability_allraw__zx__2025_09_27_17_56_42__000108650__pre3_label3_response_coverage,train,,,0.0
250,branch2,topk_branch_logreg_selector_no_subject,vehicle_instability_allraw__zx__2025_09_27_18_00_08__000020450__pre3_label3_response_coverage,test,,,0.0
251,branch0,topk_branch_logreg_selector_no_subject,vehicle_instability_allraw__zx__2025_09_27_18_00_08__000149680__pre3_label3_response_coverage,test,,,0.0
252,branch0,topk_branch_logreg_selector_no_subject,vehicle_instability_allraw__zx__2025_09_27_18_00_08__000173505__pre3_label3_response_coverage,test,,,0.0
253,branch0,topk_branch_logreg_selector_no_subject,vehicle_instability_allraw__zx__2025_09_27_18_00_08__000353905__pre3_label3_response_coverage,test,,,0.0
254,branch1,topk_branch_logreg_selector_no_subject,vehicle_instability_allraw__zx__2025_09_27_18_07_01__000048255__pre3_label3_response_coverage,train,,,0.0
255,branch2,topk_branch_logreg_selector_no_subject,vehicle_instability_allraw__zx__2025_09_27_18_07_01__000071310__pre3_label3_response_coverage,train,,,0.0
256,branch0,topk_branch_logreg_selector_no_subject,vehicle_instability_allraw__zx__2025_09_27_18_07_01__000376460__pre3_label3_response_coverage,train,,,0.0
257,branch1,topk_branch_logreg_selector_no_subject,vehicle_instability_allraw__zx__2025_09_27_18_07_01__000584705__pre3_label3_response_coverage,train,,,0.0
258,branch2,topk_branch_logreg_selector_no_subject,vehicle_instability_allraw__zx__2025_09_27_18_17_48__000096340__pre3_label3_response_coverage,train,,,0.0
259,branch2,topk_branch_logreg_selector_no_subject,vehicle_instability_allraw__zx__2025_09_27_18_17_48__000253945__pre3_label3_response_coverage,train,,,0.0
260,branch0,topk_branch_logreg_selector_no_subject,vehicle_instability_allraw__zx__2025_09_27_18_17_48__000377105__pre3_label3_response_coverage,train,,,0.0
261,branch1,topk_branch_logreg_selector_no_subject,vehicle_instability_allraw__zx__2025_09_27_18_17_48__000468965__pre3_label3_response_coverage,train,,,0.0
262,branch0,topk_branch_logreg_selector_no_subject,vehicle_instability_allraw__zx__2025_09_27_18_17_48__000554770__pre3_label3_response_coverage,train,,,0.0
263,branch2,topk_branch_logreg_selector_no_subject,vehicle_instability_allraw__zxy__2025_09_28_15_57_38__000182350__pre3_label3_response_coverage,test,,,0.0
264,branch0,topk_branch_logreg_selector_no_subject,vehicle_instability_allraw__zxy__2025_09_28_16_01_55__000349230__pre3_label3_response_coverage,val,,,0.0
265,branch1,topk_branch_logreg_selector_no_subject,vehicle_instability_allraw__zxy__2025_09_28_16_01_55__000377385__pre3_label3_response_coverage,val,,,0.0
266,branch2,topk_branch_logreg_selector_no_subject,vehicle_instability_allraw__zxy__2025_09_28_16_12_11__000090925__pre3_label3_response_coverage,train,,,0.0
267,branch0,topk_branch_logreg_selector_no_subject,vehicle_instability_allraw__zxy__2025_09_28_16_12_11__000283050__pre3_label3_response_coverage,train,,,0.0
268,branch2,topk_branch_logreg_selector_no_subject,vehicle_instability_allraw__zxy__2025_09_28_16_12_11__000387335__pre3_label3_response_coverage,train,,,0.0
269,branch1,topk_branch_logreg_selector_no_subject,vehicle_instability_allraw__zxy__2025_09_28_16_35_30__000467085__pre3_label3_response_coverage,test,,,0.0
0,branch2,topk_rbf_branch_logreg_selector_no_subject,vehicle_instability_allraw__byx__2025_09_28_17_05_51__000060840__pre3_label3_response_coverage,train,,,0.0
1,branch2,topk_rbf_branch_logreg_selector_no_subject,vehicle_instability_allraw__byx__2025_09_28_17_05_51__000187815__pre3_label3_response_coverage,train,,,0.0
2,branch0,topk_rbf_branch_logreg_selector_no_subject,vehicle_instability_allraw__byx__2025_09_28_17_05_51__000349300__pre3_label3_response_coverage,train,,,0.0
3,branch2,topk_rbf_branch_logreg_selector_no_subject,vehicle_instability_allraw__byx__2025_09_28_17_15_52__000058865__pre3_label3_response_coverage,train,,,0.0
4,rbf,topk_rbf_branch_logreg_selector_no_subject,vehicle_instability_allraw__byx__2025_09_28_17_15_52__000131145__pre3_label3_response_coverage,train,,,0.0
5,branch2,topk_rbf_branch_logreg_selector_no_subject,vehicle_instability_allraw__byx__2025_09_28_17_15_52__000216345__pre3_label3_response_coverage,train,,,0.0
6,rbf,topk_rbf_branch_logreg_selector_no_subject,vehicle_instability_allraw__byx__2025_09_28_17_25_18__000065550__pre3_label3_response_coverage,train,,,0.0
7,branch2,topk_rbf_branch_logreg_selector_no_subject,vehicle_instability_allraw__byx__2025_09_28_17_25_18__000164150__pre3_label3_response_coverage,train,,,0.0
8,rbf,topk_rbf_branch_logreg_selector_no_subject,vehicle_instability_allraw__byx__2025_09_28_17_25_18__000275870__pre3_label3_response_coverage,train,,,0.0
9,branch0,topk_rbf_branch_logreg_selector_no_subject,vehicle_instability_allraw__byx__2025_09_28_17_25_18__000384190__pre3_label3_response_coverage,train,,,0.0
10,branch2,topk_rbf_branch_logreg_selector_no_subject,vehicle_instability_allraw__byx__2025_09_28_17_35_43__000078915__pre3_label3_response_coverage,train,,,0.0
11,rbf,topk_rbf_branch_logreg_selector_no_subject,vehicle_instability_allraw__byx__2025_09_28_17_35_43__000199335__pre3_label3_response_coverage,train,,,0.0
12,rbf,topk_rbf_branch_logreg_selector_no_subject,vehicle_instability_allraw__byx__2025_09_28_17_35_43__000231020__pre3_label3_response_coverage,train,,,0.0
13,rbf,topk_rbf_branch_logreg_selector_no_subject,vehicle_instability_allraw__byx__2025_09_28_17_35_43__000329825__pre3_label3_response_coverage,train,,,0.0
14,rbf,topk_rbf_branch_logreg_selector_no_subject,vehicle_instability_allraw__byx__2025_09_28_17_46_00__000095580__pre3_label3_response_coverage,test,,,0.0
15,branch2,topk_rbf_branch_logreg_selector_no_subject,vehicle_instability_allraw__byx__2025_09_28_17_46_00__000215315__pre3_label3_response_coverage,test,,,0.0
16,rbf,topk_rbf_branch_logreg_selector_no_subject,vehicle_instability_allraw__cwh__2025_09_26_19_27_21__000065145__pre3_label3_response_coverage,train,,,0.0
17,branch2,topk_rbf_branch_logreg_selector_no_subject,vehicle_instability_allraw__cwh__2025_09_26_19_35_47__000225295__pre3_label3_response_coverage,train,,,0.0
18,rbf,topk_rbf_branch_logreg_selector_no_subject,vehicle_instability_allraw__cwh__2025_09_26_19_35_47__000453095__pre3_label3_response_coverage,train,,,0.0
19,rbf,topk_rbf_branch_logreg_selector_no_subject,vehicle_instability_allraw__cwh__2025_09_26_19_35_47__000527630__pre3_label3_response_coverage,train,,,0.0
20,branch2,topk_rbf_branch_logreg_selector_no_subject,vehicle_instability_allraw__cwh__2025_09_26_19_45_40__000089205__pre3_label3_response_coverage,train,,,0.0
21,branch1,topk_rbf_branch_logreg_selector_no_subject,vehicle_instability_allraw__cwh__2025_09_26_19_45_40__000165100__pre3_label3_response_coverage,train,,,0.0
22,branch2,topk_rbf_branch_logreg_selector_no_subject,vehicle_instability_allraw__cwh__2025_09_26_19_45_40__000214250__pre3_label3_response_coverage,train,,,0.0
23,rbf,topk_rbf_branch_logreg_selector_no_subject,vehicle_instability_allraw__cwh__2025_09_26_19_45_40__000341005__pre3_label3_response_coverage,train,,,0.0
24,rbf,topk_rbf_branch_logreg_selector_no_subject,vehicle_instability_allraw__cwh__2025_09_26_19_56_16__000205130__pre3_label3_response_coverage,val,,,0.0
25,branch1,topk_rbf_branch_logreg_selector_no_subject,vehicle_instability_allraw__cwh__2025_09_26_19_56_16__000309365__pre3_label3_response_coverage,val,,,0.0
26,branch1,topk_rbf_branch_logreg_selector_no_subject,vehicle_instability_allraw__cwh__2025_09_26_19_56_16__000329785__pre3_label3_response_coverage,val,,,0.0
27,rbf,topk_rbf_branch_logreg_selector_no_subject,vehicle_instability_allraw__cwh__2025_09_26_19_56_16__000388180__pre3_label3_response_coverage,val,,,0.0
28,branch2,topk_rbf_branch_logreg_selector_no_subject,vehicle_instability_allraw__cwh__2025_09_26_20_06_19__000204045__pre3_label3_response_coverage,train,,,0.0
29,branch1,topk_rbf_branch_logreg_selector_no_subject,vehicle_instability_allraw__cwh__2025_09_26_20_06_19__000315730__pre3_label3_response_coverage,train,,,0.0
30,rbf,topk_rbf_branch_logreg_selector_no_subject,vehicle_instability_allraw__cwh__2025_09_26_20_06_19__000480390__pre3_label3_response_coverage,train,,,0.0
31,branch0,topk_rbf_branch_logreg_selector_no_subject,vehicle_instability_allraw__gf__2025_09_26_10_18_49__000233845__pre3_label3_response_coverage,train,,,0.0
32,branch0,topk_rbf_branch_logreg_selector_no_subject,vehicle_instability_allraw__gf__2025_09_26_10_18_49__000439375__pre3_label3_response_coverage,train,,,0.0
33,branch0,topk_rbf_branch_logreg_selector_no_subject,vehicle_instability_allraw__gf__2025_09_26_10_30_12__000223260__pre3_label3_response_coverage,test,,,0.0
34,branch0,topk_rbf_branch_logreg_selector_no_subject,vehicle_instability_allraw__gf__2025_09_26_10_30_12__000425785__pre3_label3_response_coverage,test,,,0.0
35,branch2,topk_rbf_branch_logreg_selector_no_subject,vehicle_instability_allraw__gf__2025_09_26_10_40_59__000180655__pre3_label3_response_coverage,train,,,0.0
36,branch0,topk_rbf_branch_logreg_selector_no_subject,vehicle_instability_allraw__gf__2025_09_26_10_40_59__000232065__pre3_label3_response_coverage,train,,,0.0
37,branch2,topk_rbf_branch_logreg_selector_no_subject,vehicle_instability_allraw__gf__2025_09_26_10_52_57__000300870__pre3_label3_response_coverage,test,,,0.0
38,rbf,topk_rbf_branch_logreg_selector_no_subject,vehicle_instability_allraw__gf__2025_09_26_10_52_57__000471505__pre3_label3_response_coverage,test,,,0.0
39,branch1,topk_rbf_branch_logreg_selector_no_subject,vehicle_instability_allraw__gzj__2025_09_27_11_41_47__000180015__pre3_label3_response_coverage,train,,,0.0
40,branch2,topk_rbf_branch_logreg_selector_no_subject,vehicle_instability_allraw__gzj__2025_09_27_11_41_47__000211485__pre3_label3_response_coverage,train,,,0.0
41,branch1,topk_rbf_branch_logreg_selector_no_subject,vehicle_instability_allraw__gzj__2025_09_27_11_41_47__000260065__pre3_label3_response_coverage,train,,,0.0
42,rbf,topk_rbf_branch_logreg_selector_no_subject,vehicle_instability_allraw__gzj__2025_09_27_11_41_47__000413415__pre3_label3_response_coverage,train,,,0.0
43,branch1,topk_rbf_branch_logreg_selector_no_subject,vehicle_instability_allraw__gzj__2025_09_27_11_41_47__000431340__pre3_label3_response_coverage,train,,,0.0
44,branch2,topk_rbf_branch_logreg_selector_no_subject,vehicle_instability_allraw__gzj__2025_09_27_11_53_25__000229945__pre3_label3_response_coverage,train,,,0.0
45,branch2,topk_rbf_branch_logreg_selector_no_subject,vehicle_instability_allraw__gzj__2025_09_27_11_53_25__000283210__pre3_label3_response_coverage,train,,,0.0
46,branch0,topk_rbf_branch_logreg_selector_no_subject,vehicle_instability_allraw__gzj__2025_09_27_11_53_25__000308920__pre3_label3_response_coverage,train,,,0.0
47,branch1,topk_rbf_branch_logreg_selector_no_subject,vehicle_instability_allraw__gzj__2025_09_27_11_53_25__000575025__pre3_label3_response_coverage,train,,,0.0
48,rbf,topk_rbf_branch_logreg_selector_no_subject,vehicle_instability_allraw__gzj__2025_09_27_12_04_23__000095835__pre3_label3_response_coverage,train,,,0.0
49,branch2,topk_rbf_branch_logreg_selector_no_subject,vehicle_instability_allraw__gzj__2025_09_27_12_04_23__000143790__pre3_label3_response_coverage,train,,,0.0
50,branch1,topk_rbf_branch_logreg_selector_no_subject,vehicle_instability_allraw__gzj__2025_09_27_12_04_23__000173350__pre3_label3_response_coverage,train,,,0.0
51,rbf,topk_rbf_branch_logreg_selector_no_subject,vehicle_instability_allraw__gzj__2025_09_27_12_04_23__000215140__pre3_label3_response_coverage,train,,,0.0
52,branch1,topk_rbf_branch_logreg_selector_no_subject,vehicle_instability_allraw__gzj__2025_09_27_12_04_23__000297385__pre3_label3_response_coverage,train,,,0.0
53,rbf,topk_rbf_branch_logreg_selector_no_subject,vehicle_instability_allraw__gzj__2025_09_27_12_17_12__000053185__pre3_label3_response_coverage,test,,,0.0
54,branch0,topk_rbf_branch_logreg_selector_no_subject,vehicle_instability_allraw__gzj__2025_09_27_12_17_12__000081700__pre3_label3_response_coverage,test,,,0.0
55,branch0,topk_rbf_branch_logreg_selector_no_subject,vehicle_instability_allraw__gzj__2025_09_27_12_17_12__000175240__pre3_label3_response_coverage,test,,,0.0
56,branch0,topk_rbf_branch_logreg_selector_no_subject,vehicle_instability_allraw__gzj__2025_09_27_12_17_12__000186555__pre3_label3_response_coverage,test,,,0.0
57,branch2,topk_rbf_branch_logreg_selector_no_subject,vehicle_instability_allraw__gzj__2025_09_27_12_17_12__000273440__pre3_label3_response_coverage,test,,,0.0
58,branch0,topk_rbf_branch_logreg_selector_no_subject,vehicle_instability_allraw__gzj__2025_09_27_12_17_12__000362460__pre3_label3_response_coverage,test,,,0.0
59,branch1,topk_rbf_branch_logreg_selector_no_subject,vehicle_instability_allraw__gzj__2025_09_27_12_17_12__000392590__pre3_label3_response_coverage,test,,,0.0
60,rbf,topk_rbf_branch_logreg_selector_no_subject,vehicle_instability_allraw__gzj__2025_09_27_12_17_12__000518180__pre3_label3_response_coverage,test,,,0.0
61,branch2,topk_rbf_branch_logreg_selector_no_subject,vehicle_instability_allraw__gzj__2025_09_27_12_17_12__000585940__pre3_label3_response_coverage,test,,,0.0
62,rbf,topk_rbf_branch_logreg_selector_no_subject,vehicle_instability_allraw__gzj__2025_09_27_12_28_14__000104490__pre3_label3_response_coverage,train,,,0.0
63,branch1,topk_rbf_branch_logreg_selector_no_subject,vehicle_instability_allraw__gzj__2025_09_27_12_28_14__000184075__pre3_label3_response_coverage,train,,,0.0
64,branch2,topk_rbf_branch_logreg_selector_no_subject,vehicle_instability_allraw__gzj__2025_09_27_12_28_14__000198480__pre3_label3_response_coverage,train,,,0.0
65,branch2,topk_rbf_branch_logreg_selector_no_subject,vehicle_instability_allraw__gzj__2025_09_27_12_28_14__000308055__pre3_label3_response_coverage,train,,,0.0
66,branch2,topk_rbf_branch_logreg_selector_no_subject,vehicle_instability_allraw__gzj__2025_09_27_12_28_14__000331425__pre3_label3_response_coverage,train,,,0.0
67,branch0,topk_rbf_branch_logreg_selector_no_subject,vehicle_instability_allraw__gzj__2025_09_27_12_28_14__000362825__pre3_label3_response_coverage,train,,,0.0
68,rbf,topk_rbf_branch_logreg_selector_no_subject,vehicle_instability_allraw__hzh__2025_09_26_20_50_27__000034605__pre3_label3_response_coverage,test,,,0.0
69,branch0,topk_rbf_branch_logreg_selector_no_subject,vehicle_instability_allraw__hzh__2025_09_26_20_50_27__000128695__pre3_label3_response_coverage,test,,,0.0
70,rbf,topk_rbf_branch_logreg_selector_no_subject,vehicle_instability_allraw__hzh__2025_09_26_20_50_27__000245880__pre3_label3_response_coverage,test,,,0.0
71,rbf,topk_rbf_branch_logreg_selector_no_subject,vehicle_instability_allraw__hzh__2025_09_26_20_50_27__000681250__pre3_label3_response_coverage,test,,,0.0
72,rbf,topk_rbf_branch_logreg_selector_no_subject,vehicle_instability_allraw__hzh__2025_09_26_21_03_19__000202260__pre3_label3_response_coverage,test,,,0.0
73,branch2,topk_rbf_branch_logreg_selector_no_subject,vehicle_instability_allraw__hzh__2025_09_26_21_03_19__000221890__pre3_label3_response_coverage,test,,,0.0
74,branch0,topk_rbf_branch_logreg_selector_no_subject,vehicle_instability_allraw__hzh__2025_09_26_21_03_19__000326200__pre3_label3_response_coverage,test,,,0.0
75,rbf,topk_rbf_branch_logreg_selector_no_subject,vehicle_instability_allraw__hzh__2025_09_26_21_03_19__000504660__pre3_label3_response_coverage,test,,,0.0
76,branch2,topk_rbf_branch_logreg_selector_no_subject,vehicle_instability_allraw__hzh__2025_09_26_21_17_02__000110230__pre3_label3_response_coverage,train,,,0.0
77,rbf,topk_rbf_branch_logreg_selector_no_subject,vehicle_instability_allraw__hzh__2025_09_26_21_17_02__000422495__pre3_label3_response_coverage,train,,,0.0
78,branch1,topk_rbf_branch_logreg_selector_no_subject,vehicle_instability_allraw__hzh__2025_09_27_19_22_27__000054775__pre3_label3_response_coverage,train,,,0.0
79,branch0,topk_rbf_branch_logreg_selector_no_subject,vehicle_instability_allraw__hzh__2025_09_27_19_22_27__000193515__pre3_label3_response_coverage,train,,,0.0
80,branch0,topk_rbf_branch_logreg_selector_no_subject,vehicle_instability_allraw__hzh__2025_09_27_19_22_27__000331710__pre3_label3_response_coverage,train,,,0.0
81,rbf,topk_rbf_branch_logreg_selector_no_subject,vehicle_instability_allraw__hzh__2025_09_27_19_33_25__000059360__pre3_label3_response_coverage,train,,,0.0
82,branch2,topk_rbf_branch_logreg_selector_no_subject,vehicle_instability_allraw__hzh__2025_09_27_19_33_25__000164300__pre3_label3_response_coverage,train,,,0.0
83,branch1,topk_rbf_branch_logreg_selector_no_subject,vehicle_instability_allraw__hzh__2025_09_27_19_33_25__000297885__pre3_label3_response_coverage,train,,,0.0
84,rbf,topk_rbf_branch_logreg_selector_no_subject,vehicle_instability_allraw__hzh__2025_09_27_19_33_25__000511405__pre3_label3_response_coverage,train,,,0.0
85,branch2,topk_rbf_branch_logreg_selector_no_subject,vehicle_instability_allraw__hzh__2025_09_27_19_44_05__000081885__pre3_label3_response_coverage,test,,,0.0
86,branch1,topk_rbf_branch_logreg_selector_no_subject,vehicle_instability_allraw__hzh__2025_09_27_19_44_05__000176245__pre3_label3_response_coverage,test,,,0.0
87,branch2,topk_rbf_branch_logreg_selector_no_subject,vehicle_instability_allraw__hzh__2025_09_27_19_44_05__000218700__pre3_label3_response_coverage,test,,,0.0
88,branch2,topk_rbf_branch_logreg_selector_no_subject,vehicle_instability_allraw__hzh__2025_09_27_19_44_05__000246255__pre3_label3_response_coverage,test,,,0.0
89,rbf,topk_rbf_branch_logreg_selector_no_subject,vehicle_instability_allraw__hzh__2025_09_27_19_44_05__000326390__pre3_label3_response_coverage,test,,,0.0
90,rbf,topk_rbf_branch_logreg_selector_no_subject,vehicle_instability_allraw__hzh__2025_09_27_19_44_05__000345860__pre3_label3_response_coverage,test,,,0.0
91,branch2,topk_rbf_branch_logreg_selector_no_subject,vehicle_instability_allraw__jy__2025_09_26_17_17_11__000240445__pre3_label3_response_coverage,train,,,0.0
92,rbf,topk_rbf_branch_logreg_selector_no_subject,vehicle_instability_allraw__jy__2025_09_26_17_17_11__000414405__pre3_label3_response_coverage,train,,,0.0
93,rbf,topk_rbf_branch_logreg_selector_no_subject,vehicle_instability_allraw__jy__2025_09_26_17_17_11__000547665__pre3_label3_response_coverage,train,,,0.0
94,rbf,topk_rbf_branch_logreg_selector_no_subject,vehicle_instability_allraw__jy__2025_09_26_17_29_44__000426110__pre3_label3_response_coverage,train,,,0.0
95,rbf,topk_rbf_branch_logreg_selector_no_subject,vehicle_instability_allraw__jy__2025_09_26_17_29_44__000500270__pre3_label3_response_coverage,train,,,0.0
96,branch2,topk_rbf_branch_logreg_selector_no_subject,vehicle_instability_allraw__jy__2025_09_26_17_29_44__000535550__pre3_label3_response_coverage,train,,,0.0
97,rbf,topk_rbf_branch_logreg_selector_no_subject,vehicle_instability_allraw__jy__2025_09_26_17_29_44__000540950__pre3_label3_response_coverage,train,,,0.0
98,rbf,topk_rbf_branch_logreg_selector_no_subject,vehicle_instability_allraw__jy__2025_09_26_17_40_51__000069905__pre3_label3_response_coverage,train,,,0.0
99,branch2,topk_rbf_branch_logreg_selector_no_subject,vehicle_instability_allraw__jy__2025_09_26_17_40_51__000228515__pre3_label3_response_coverage,train,,,0.0
100,branch1,topk_rbf_branch_logreg_selector_no_subject,vehicle_instability_allraw__jy__2025_09_26_17_40_51__000445490__pre3_label3_response_coverage,train,,,0.0
101,rbf,topk_rbf_branch_logreg_selector_no_subject,vehicle_instability_allraw__jy__2025_09_26_17_40_51__000526105__pre3_label3_response_coverage,train,,,0.0
102,rbf,topk_rbf_branch_logreg_selector_no_subject,vehicle_instability_allraw__jy__2025_09_26_17_51_46__000542335__pre3_label3_response_coverage,train,,,0.0
103,rbf,topk_rbf_branch_logreg_selector_no_subject,vehicle_instability_allraw__jy__2025_09_26_18_01_40__000064705__pre3_label3_response_coverage,val,,,0.0
104,branch0,topk_rbf_branch_logreg_selector_no_subject,vehicle_instability_allraw__jy__2025_09_26_18_01_40__000198735__pre3_label3_response_coverage,val,,,0.0
105,rbf,topk_rbf_branch_logreg_selector_no_subject,vehicle_instability_allraw__jy__2025_09_26_18_01_40__000326600__pre3_label3_response_coverage,val,,,0.0
106,rbf,topk_rbf_branch_logreg_selector_no_subject,vehicle_instability_allraw__lx__2025_09_26_09_17_22__000135315__pre3_label3_response_coverage,train,,,0.0
107,branch1,topk_rbf_branch_logreg_selector_no_subject,vehicle_instability_allraw__lx__2025_09_26_09_17_22__000215535__pre3_label3_response_coverage,train,,,0.0
108,rbf,topk_rbf_branch_logreg_selector_no_subject,vehicle_instability_allraw__lx__2025_09_26_09_17_22__000385260__pre3_label3_response_coverage,train,,,0.0
109,branch1,topk_rbf_branch_logreg_selector_no_subject,vehicle_instability_allraw__lx__2025_09_26_09_17_22__000480490__pre3_label3_response_coverage,train,,,0.0
110,rbf,topk_rbf_branch_logreg_selector_no_subject,vehicle_instability_allraw__lxy__2025_09_28_17_55_52__000089180__pre3_label3_response_coverage,train,,,0.0
111,branch0,topk_rbf_branch_logreg_selector_no_subject,vehicle_instability_allraw__lxy__2025_09_28_17_55_52__000357070__pre3_label3_response_coverage,train,,,0.0
112,rbf,topk_rbf_branch_logreg_selector_no_subject,vehicle_instability_allraw__lxy__2025_09_28_17_55_52__000380645__pre3_label3_response_coverage,train,,,0.0
113,branch0,topk_rbf_branch_logreg_selector_no_subject,vehicle_instability_allraw__lxy__2025_09_28_17_55_52__000448640__pre3_label3_response_coverage,train,,,0.0
114,rbf,topk_rbf_branch_logreg_selector_no_subject,vehicle_instability_allraw__lxy__2025_09_28_17_55_52__000541050__pre3_label3_response_coverage,train,,,0.0
115,rbf,topk_rbf_branch_logreg_selector_no_subject,vehicle_instability_allraw__lxy__2025_09_28_18_06_16__000057770__pre3_label3_response_coverage,train,,,0.0
116,rbf,topk_rbf_branch_logreg_selector_no_subject,vehicle_instability_allraw__lxy__2025_09_28_18_06_16__000084330__pre3_label3_response_coverage,train,,,0.0
117,rbf,topk_rbf_branch_logreg_selector_no_subject,vehicle_instability_allraw__lxy__2025_09_28_18_06_16__000133655__pre3_label3_response_coverage,train,,,0.0
118,branch1,topk_rbf_branch_logreg_selector_no_subject,vehicle_instability_allraw__lxy__2025_09_28_18_06_16__000250730__pre3_label3_response_coverage,train,,,0.0
119,rbf,topk_rbf_branch_logreg_selector_no_subject,vehicle_instability_allraw__lxy__2025_09_28_18_19_35__000129055__pre3_label3_response_coverage,train,,,0.0
120,branch2,topk_rbf_branch_logreg_selector_no_subject,vehicle_instability_allraw__lxy__2025_09_28_18_19_35__000175350__pre3_label3_response_coverage,train,,,0.0
121,branch1,topk_rbf_branch_logreg_selector_no_subject,vehicle_instability_allraw__lxy__2025_09_28_18_19_35__000290870__pre3_label3_response_coverage,train,,,0.0
122,branch1,topk_rbf_branch_logreg_selector_no_subject,vehicle_instability_allraw__lxy__2025_09_28_18_19_35__000320035__pre3_label3_response_coverage,train,,,0.0
123,rbf,topk_rbf_branch_logreg_selector_no_subject,vehicle_instability_allraw__lxy__2025_09_28_18_19_35__000334720__pre3_label3_response_coverage,train,,,0.0
124,rbf,topk_rbf_branch_logreg_selector_no_subject,vehicle_instability_allraw__lxy__2025_09_28_18_19_35__000402090__pre3_label3_response_coverage,train,,,0.0
125,rbf,topk_rbf_branch_logreg_selector_no_subject,vehicle_instability_allraw__lxy__2025_09_28_18_19_35__000481970__pre3_label3_response_coverage,train,,,0.0
126,branch0,topk_rbf_branch_logreg_selector_no_subject,vehicle_instability_allraw__rjy__2025_09_28_19_33_26__000137120__pre3_label3_response_coverage,train,,,0.0
127,branch1,topk_rbf_branch_logreg_selector_no_subject,vehicle_instability_allraw__rjy__2025_09_28_19_33_26__000439360__pre3_label3_response_coverage,train,,,0.0
128,branch0,topk_rbf_branch_logreg_selector_no_subject,vehicle_instability_allraw__rjy__2025_09_28_19_33_26__000515545__pre3_label3_response_coverage,train,,,0.0
129,branch2,topk_rbf_branch_logreg_selector_no_subject,vehicle_instability_allraw__rjy__2025_09_28_19_33_26__000598710__pre3_label3_response_coverage,train,,,0.0
130,branch1,topk_rbf_branch_logreg_selector_no_subject,vehicle_instability_allraw__rjy__2025_09_28_19_51_44__000180850__pre3_label3_response_coverage,train,,,0.0
131,branch2,topk_rbf_branch_logreg_selector_no_subject,vehicle_instability_allraw__rjy__2025_09_28_19_51_44__000209520__pre3_label3_response_coverage,train,,,0.0
132,branch0,topk_rbf_branch_logreg_selector_no_subject,vehicle_instability_allraw__rjy__2025_09_28_19_51_44__000340405__pre3_label3_response_coverage,train,,,0.0
133,branch1,topk_rbf_branch_logreg_selector_no_subject,vehicle_instability_allraw__rjy__2025_09_28_19_51_44__000384965__pre3_label3_response_coverage,train,,,0.0
134,branch1,topk_rbf_branch_logreg_selector_no_subject,vehicle_instability_allraw__rjy__2025_09_28_19_51_44__000463330__pre3_label3_response_coverage,train,,,0.0
135,branch2,topk_rbf_branch_logreg_selector_no_subject,vehicle_instability_allraw__rjy__2025_09_28_20_02_20__000137410__pre3_label3_response_coverage,train,,,0.0
136,branch1,topk_rbf_branch_logreg_selector_no_subject,vehicle_instability_allraw__rjy__2025_09_28_20_02_20__000500840__pre3_label3_response_coverage,train,,,0.0
137,branch1,topk_rbf_branch_logreg_selector_no_subject,vehicle_instability_allraw__rjy__2025_09_28_20_02_20__000703720__pre3_label3_response_coverage,train,,,0.0
138,branch2,topk_rbf_branch_logreg_selector_no_subject,vehicle_instability_allraw__rjy__2025_09_28_20_15_42__000221270__pre3_label3_response_coverage,val,,,0.0
139,branch1,topk_rbf_branch_logreg_selector_no_subject,vehicle_instability_allraw__rjy__2025_09_28_20_15_42__000378840__pre3_label3_response_coverage,val,,,0.0
140,rbf,topk_rbf_branch_logreg_selector_no_subject,vehicle_instability_allraw__rjy__2025_09_28_20_15_42__000382075__pre3_label3_response_coverage,val,,,0.0
141,branch2,topk_rbf_branch_logreg_selector_no_subject,vehicle_instability_allraw__rjy__2025_09_28_20_15_42__000547420__pre3_label3_response_coverage,val,,,0.0
142,branch1,topk_rbf_branch_logreg_selector_no_subject,vehicle_instability_allraw__rjy__2025_09_28_20_15_42__000560065__pre3_label3_response_coverage,val,,,0.0
143,rbf,topk_rbf_branch_logreg_selector_no_subject,vehicle_instability_allraw__txj__2025_09_27_08_40_46__000139565__pre3_label3_response_coverage,val,,,0.0
144,branch1,topk_rbf_branch_logreg_selector_no_subject,vehicle_instability_allraw__txj__2025_09_27_08_40_46__000301130__pre3_label3_response_coverage,val,,,0.0
145,rbf,topk_rbf_branch_logreg_selector_no_subject,vehicle_instability_allraw__txj__2025_09_27_08_40_46__000441855__pre3_label3_response_coverage,val,,,0.0
146,rbf,topk_rbf_branch_logreg_selector_no_subject,vehicle_instability_allraw__txj__2025_09_27_08_40_46__000633830__pre3_label3_response_coverage,val,,,0.0
147,branch2,topk_rbf_branch_logreg_selector_no_subject,vehicle_instability_allraw__txj__2025_09_27_08_40_46__000660595__pre3_label3_response_coverage,val,,,0.0
148,branch2,topk_rbf_branch_logreg_selector_no_subject,vehicle_instability_allraw__txj__2025_09_27_08_40_46__000687315__pre3_label3_response_coverage,val,,,0.0
149,branch0,topk_rbf_branch_logreg_selector_no_subject,vehicle_instability_allraw__txj__2025_09_27_08_53_44__000300320__pre3_label3_response_coverage,val,,,0.0
150,branch0,topk_rbf_branch_logreg_selector_no_subject,vehicle_instability_allraw__txj__2025_09_27_08_53_44__000326790__pre3_label3_response_coverage,val,,,0.0
151,rbf,topk_rbf_branch_logreg_selector_no_subject,vehicle_instability_allraw__txj__2025_09_27_08_53_44__000386965__pre3_label3_response_coverage,val,,,0.0
152,branch0,topk_rbf_branch_logreg_selector_no_subject,vehicle_instability_allraw__txj__2025_09_27_09_06_19__000084165__pre3_label3_response_coverage,train,,,0.0
153,branch0,topk_rbf_branch_logreg_selector_no_subject,vehicle_instability_allraw__txj__2025_09_27_09_06_19__000242365__pre3_label3_response_coverage,train,,,0.0
154,branch2,topk_rbf_branch_logreg_selector_no_subject,vehicle_instability_allraw__txj__2025_09_27_09_06_19__000575870__pre3_label3_response_coverage,train,,,0.0
155,branch0,topk_rbf_branch_logreg_selector_no_subject,vehicle_instability_allraw__txj__2025_09_27_09_06_19__000604150__pre3_label3_response_coverage,train,,,0.0
156,rbf,topk_rbf_branch_logreg_selector_no_subject,vehicle_instability_allraw__txj__2025_09_27_09_17_11__000060790__pre3_label3_response_coverage,train,,,0.0
157,branch1,topk_rbf_branch_logreg_selector_no_subject,vehicle_instability_allraw__txj__2025_09_27_09_17_11__000243345__pre3_label3_response_coverage,train,,,0.0
158,rbf,topk_rbf_branch_logreg_selector_no_subject,vehicle_instability_allraw__txj__2025_09_27_09_17_11__000498455__pre3_label3_response_coverage,train,,,0.0
159,branch1,topk_rbf_branch_logreg_selector_no_subject,vehicle_instability_allraw__tyy__2025_09_28_14_23_43__000177395__pre3_label3_response_coverage,train,,,0.0
160,branch2,topk_rbf_branch_logreg_selector_no_subject,vehicle_instability_allraw__tyy__2025_09_28_14_23_43__000286995__pre3_label3_response_coverage,train,,,0.0
161,branch0,topk_rbf_branch_logreg_selector_no_subject,vehicle_instability_allraw__tyy__2025_09_28_14_23_43__000302720__pre3_label3_response_coverage,train,,,0.0
162,branch1,topk_rbf_branch_logreg_selector_no_subject,vehicle_instability_allraw__tyy__2025_09_28_14_23_43__000500235__pre3_label3_response_coverage,train,,,0.0
163,rbf,topk_rbf_branch_logreg_selector_no_subject,vehicle_instability_allraw__tyy__2025_09_28_14_23_43__000628070__pre3_label3_response_coverage,train,,,0.0
164,branch1,topk_rbf_branch_logreg_selector_no_subject,vehicle_instability_allraw__tyy__2025_09_28_14_23_43__000665155__pre3_label3_response_coverage,train,,,0.0
165,branch1,topk_rbf_branch_logreg_selector_no_subject,vehicle_instability_allraw__tyy__2025_09_28_14_23_43__000685655__pre3_label3_response_coverage,train,,,0.0
166,branch1,topk_rbf_branch_logreg_selector_no_subject,vehicle_instability_allraw__tyy__2025_09_28_14_23_43__000762635__pre3_label3_response_coverage,train,,,0.0
167,branch2,topk_rbf_branch_logreg_selector_no_subject,vehicle_instability_allraw__tyy__2025_09_28_14_44_09__000058890__pre3_label3_response_coverage,test,,,0.0
168,rbf,topk_rbf_branch_logreg_selector_no_subject,vehicle_instability_allraw__tyy__2025_09_28_14_44_09__000471655__pre3_label3_response_coverage,test,,,0.0
169,branch2,topk_rbf_branch_logreg_selector_no_subject,vehicle_instability_allraw__tyy__2025_09_28_14_57_17__000269590__pre3_label3_response_coverage,train,,,0.0
170,branch1,topk_rbf_branch_logreg_selector_no_subject,vehicle_instability_allraw__tyy__2025_09_28_14_57_17__000427465__pre3_label3_response_coverage,train,,,0.0
171,branch2,topk_rbf_branch_logreg_selector_no_subject,vehicle_instability_allraw__xst__2025_09_26_11_34_18__000146145__pre3_label3_response_coverage,train,,,0.0
172,branch1,topk_rbf_branch_logreg_selector_no_subject,vehicle_instability_allraw__yyl__2025_09_28_09_14_23__000110400__pre3_label3_response_coverage,train,,,0.0
173,rbf,topk_rbf_branch_logreg_selector_no_subject,vehicle_instability_allraw__yyl__2025_09_28_09_14_23__000431885__pre3_label3_response_coverage,train,,,0.0
174,rbf,topk_rbf_branch_logreg_selector_no_subject,vehicle_instability_allraw__yyl__2025_09_28_09_14_23__000568235__pre3_label3_response_coverage,train,,,0.0
175,branch2,topk_rbf_branch_logreg_selector_no_subject,vehicle_instability_allraw__yyl__2025_09_28_09_29_01__000104675__pre3_label3_response_coverage,train,,,0.0
176,branch2,topk_rbf_branch_logreg_selector_no_subject,vehicle_instability_allraw__yyl__2025_09_28_09_29_01__000235890__pre3_label3_response_coverage,train,,,0.0
177,branch0,topk_rbf_branch_logreg_selector_no_subject,vehicle_instability_allraw__yyl__2025_09_28_09_29_01__000357555__pre3_label3_response_coverage,train,,,0.0
178,branch1,topk_rbf_branch_logreg_selector_no_subject,vehicle_instability_allraw__yyl__2025_09_28_09_29_01__000380585__pre3_label3_response_coverage,train,,,0.0
179,branch0,topk_rbf_branch_logreg_selector_no_subject,vehicle_instability_allraw__yyl__2025_09_28_09_29_01__000449070__pre3_label3_response_coverage,train,,,0.0
180,branch2,topk_rbf_branch_logreg_selector_no_subject,vehicle_instability_allraw__yyl__2025_09_28_09_29_01__000514465__pre3_label3_response_coverage,train,,,0.0
181,branch1,topk_rbf_branch_logreg_selector_no_subject,vehicle_instability_allraw__yyl__2025_09_28_09_29_01__000542080__pre3_label3_response_coverage,train,,,0.0
182,branch2,topk_rbf_branch_logreg_selector_no_subject,vehicle_instability_allraw__yyl__2025_09_28_09_39_01__000375965__pre3_label3_response_coverage,train,,,0.0
183,branch2,topk_rbf_branch_logreg_selector_no_subject,vehicle_instability_allraw__yyl__2025_09_28_09_39_01__000513705__pre3_label3_response_coverage,train,,,0.0
184,branch0,topk_rbf_branch_logreg_selector_no_subject,vehicle_instability_allraw__yyl__2025_09_28_09_49_11__000062885__pre3_label3_response_coverage,test,,,0.0
185,rbf,topk_rbf_branch_logreg_selector_no_subject,vehicle_instability_allraw__yyl__2025_09_28_09_49_11__000327680__pre3_label3_response_coverage,test,,,0.0
186,branch2,topk_rbf_branch_logreg_selector_no_subject,vehicle_instability_allraw__yyl__2025_09_28_09_49_11__000484470__pre3_label3_response_coverage,test,,,0.0
187,rbf,topk_rbf_branch_logreg_selector_no_subject,vehicle_instability_allraw__yzy__2025_09_27_14_13_03__000183010__pre3_label3_response_coverage,train,,,0.0
188,rbf,topk_rbf_branch_logreg_selector_no_subject,vehicle_instability_allraw__yzy__2025_09_27_14_13_03__000195245__pre3_label3_response_coverage,train,,,0.0
189,branch2,topk_rbf_branch_logreg_selector_no_subject,vehicle_instability_allraw__yzy__2025_09_27_14_13_03__000216065__pre3_label3_response_coverage,train,,,0.0
190,rbf,topk_rbf_branch_logreg_selector_no_subject,vehicle_instability_allraw__yzy__2025_09_27_14_13_03__000407925__pre3_label3_response_coverage,train,,,0.0
191,rbf,topk_rbf_branch_logreg_selector_no_subject,vehicle_instability_allraw__yzy__2025_09_27_14_13_03__000418350__pre3_label3_response_coverage,train,,,0.0
192,rbf,topk_rbf_branch_logreg_selector_no_subject,vehicle_instability_allraw__yzy__2025_09_27_14_13_03__000455460__pre3_label3_response_coverage,train,,,0.0
193,rbf,topk_rbf_branch_logreg_selector_no_subject,vehicle_instability_allraw__yzy__2025_09_27_14_13_03__000524525__pre3_label3_response_coverage,train,,,0.0
194,branch0,topk_rbf_branch_logreg_selector_no_subject,vehicle_instability_allraw__yzy__2025_09_27_14_13_03__000543975__pre3_label3_response_coverage,train,,,0.0
195,rbf,topk_rbf_branch_logreg_selector_no_subject,vehicle_instability_allraw__yzy__2025_09_27_14_13_03__000573090__pre3_label3_response_coverage,train,,,0.0
196,rbf,topk_rbf_branch_logreg_selector_no_subject,vehicle_instability_allraw__yzy__2025_09_27_14_26_04__000075085__pre3_label3_response_coverage,val,,,0.0
197,branch1,topk_rbf_branch_logreg_selector_no_subject,vehicle_instability_allraw__yzy__2025_09_27_14_26_04__000205385__pre3_label3_response_coverage,val,,,0.0
198,branch0,topk_rbf_branch_logreg_selector_no_subject,vehicle_instability_allraw__yzy__2025_09_27_14_26_04__000385650__pre3_label3_response_coverage,val,,,0.0
199,branch0,topk_rbf_branch_logreg_selector_no_subject,vehicle_instability_allraw__yzy__2025_09_27_14_26_04__000428685__pre3_label3_response_coverage,val,,,0.0
200,branch2,topk_rbf_branch_logreg_selector_no_subject,vehicle_instability_allraw__yzy__2025_09_27_14_37_08__000213665__pre3_label3_response_coverage,val,,,0.0
201,branch1,topk_rbf_branch_logreg_selector_no_subject,vehicle_instability_allraw__yzy__2025_09_27_14_37_08__000269385__pre3_label3_response_coverage,val,,,0.0
202,branch1,topk_rbf_branch_logreg_selector_no_subject,vehicle_instability_allraw__yzy__2025_09_27_14_37_08__000376440__pre3_label3_response_coverage,val,,,0.0
203,rbf,topk_rbf_branch_logreg_selector_no_subject,vehicle_instability_allraw__yzy__2025_09_27_15_04_26__000063290__pre3_label3_response_coverage,train,,,0.0
204,branch1,topk_rbf_branch_logreg_selector_no_subject,vehicle_instability_allraw__yzy__2025_09_27_15_07_57__000162845__pre3_label3_response_coverage,train,,,0.0
205,rbf,topk_rbf_branch_logreg_selector_no_subject,vehicle_instability_allraw__yzy__2025_09_27_15_07_57__000292475__pre3_label3_response_coverage,train,,,0.0
206,branch2,topk_rbf_branch_logreg_selector_no_subject,vehicle_instability_allraw__yzy__2025_09_27_15_07_57__000328880__pre3_label3_response_coverage,train,,,0.0
207,branch0,topk_rbf_branch_logreg_selector_no_subject,vehicle_instability_allraw__yzy__2025_09_27_15_07_57__000358900__pre3_label3_response_coverage,train,,,0.0
208,branch0,topk_rbf_branch_logreg_selector_no_subject,vehicle_instability_allraw__yzy__2025_09_27_15_07_57__000447025__pre3_label3_response_coverage,train,,,0.0
209,rbf,topk_rbf_branch_logreg_selector_no_subject,vehicle_instability_allraw__zdq__2025_09_26_15_14_51__000239960__pre3_label3_response_coverage,train,,,0.0
210,branch0,topk_rbf_branch_logreg_selector_no_subject,vehicle_instability_allraw__zdq__2025_09_26_15_21_51__000231945__pre3_label3_response_coverage,train,,,0.0
211,branch0,topk_rbf_branch_logreg_selector_no_subject,vehicle_instability_allraw__zdq__2025_09_26_15_27_09__000052510__pre3_label3_response_coverage,train,,,0.0
212,branch0,topk_rbf_branch_logreg_selector_no_subject,vehicle_instability_allraw__zdq__2025_09_26_15_27_09__000060750__pre3_label3_response_coverage,train,,,0.0
213,branch0,topk_rbf_branch_logreg_selector_no_subject,vehicle_instability_allraw__zdq__2025_09_26_15_27_09__000456530__pre3_label3_response_coverage,train,,,0.0
214,branch1,topk_rbf_branch_logreg_selector_no_subject,vehicle_instability_allraw__zdq__2025_09_26_15_37_30__000202020__pre3_label3_response_coverage,train,,,0.0
215,branch0,topk_rbf_branch_logreg_selector_no_subject,vehicle_instability_allraw__zdq__2025_09_26_15_52_46__000058070__pre3_label3_response_coverage,train,,,0.0
216,rbf,topk_rbf_branch_logreg_selector_no_subject,vehicle_instability_allraw__zdq__2025_09_26_15_52_46__000130370__pre3_label3_response_coverage,train,,,0.0
217,rbf,topk_rbf_branch_logreg_selector_no_subject,vehicle_instability_allraw__zdq__2025_09_26_15_52_46__000577885__pre3_label3_response_coverage,train,,,0.0
218,branch0,topk_rbf_branch_logreg_selector_no_subject,vehicle_instability_allraw__zdq__2025_09_26_16_03_48__000347185__pre3_label3_response_coverage,train,,,0.0
219,branch2,topk_rbf_branch_logreg_selector_no_subject,vehicle_instability_allraw__zdq__2025_09_26_16_03_48__000471380__pre3_label3_response_coverage,train,,,0.0
220,branch0,topk_rbf_branch_logreg_selector_no_subject,vehicle_instability_allraw__zt__2025_09_28_11_20_08__000158280__pre3_label3_response_coverage,train,,,0.0
221,branch2,topk_rbf_branch_logreg_selector_no_subject,vehicle_instability_allraw__zt__2025_09_28_11_20_08__000270535__pre3_label3_response_coverage,train,,,0.0
222,branch1,topk_rbf_branch_logreg_selector_no_subject,vehicle_instability_allraw__zt__2025_09_28_11_20_08__000416365__pre3_label3_response_coverage,train,,,0.0
223,branch0,topk_rbf_branch_logreg_selector_no_subject,vehicle_instability_allraw__zt__2025_09_28_11_20_08__000472990__pre3_label3_response_coverage,train,,,0.0
224,rbf,topk_rbf_branch_logreg_selector_no_subject,vehicle_instability_allraw__zx__2025_09_27_16_32_00__000101585__pre3_label3_response_coverage,train,,,0.0
225,branch2,topk_rbf_branch_logreg_selector_no_subject,vehicle_instability_allraw__zx__2025_09_27_16_32_00__000312575__pre3_label3_response_coverage,train,,,0.0
226,branch1,topk_rbf_branch_logreg_selector_no_subject,vehicle_instability_allraw__zx__2025_09_27_16_32_00__000398300__pre3_label3_response_coverage,train,,,0.0
227,rbf,topk_rbf_branch_logreg_selector_no_subject,vehicle_instability_allraw__zx__2025_09_27_16_32_00__000421025__pre3_label3_response_coverage,train,,,0.0
228,branch0,topk_rbf_branch_logreg_selector_no_subject,vehicle_instability_allraw__zx__2025_09_27_16_32_00__000490620__pre3_label3_response_coverage,train,,,0.0
229,branch2,topk_rbf_branch_logreg_selector_no_subject,vehicle_instability_allraw__zx__2025_09_27_16_32_00__000645585__pre3_label3_response_coverage,train,,,0.0
230,rbf,topk_rbf_branch_logreg_selector_no_subject,vehicle_instability_allraw__zx__2025_09_27_16_46_13__000078890__pre3_label3_response_coverage,val,,,0.0
231,branch2,topk_rbf_branch_logreg_selector_no_subject,vehicle_instability_allraw__zx__2025_09_27_16_46_13__000087075__pre3_label3_response_coverage,val,,,0.0
232,rbf,topk_rbf_branch_logreg_selector_no_subject,vehicle_instability_allraw__zx__2025_09_27_16_46_13__000152930__pre3_label3_response_coverage,val,,,0.0
233,branch2,topk_rbf_branch_logreg_selector_no_subject,vehicle_instability_allraw__zx__2025_09_27_16_46_13__000263295__pre3_label3_response_coverage,val,,,0.0
234,branch1,topk_rbf_branch_logreg_selector_no_subject,vehicle_instability_allraw__zx__2025_09_27_16_46_13__000293010__pre3_label3_response_coverage,val,,,0.0
235,rbf,topk_rbf_branch_logreg_selector_no_subject,vehicle_instability_allraw__zx__2025_09_27_16_46_13__000316255__pre3_label3_response_coverage,val,,,0.0
236,branch0,topk_rbf_branch_logreg_selector_no_subject,vehicle_instability_allraw__zx__2025_09_27_16_46_13__000599550__pre3_label3_response_coverage,val,,,0.0
237,rbf,topk_rbf_branch_logreg_selector_no_subject,vehicle_instability_allraw__zx__2025_09_27_16_46_13__000632670__pre3_label3_response_coverage,val,,,0.0
238,branch0,topk_rbf_branch_logreg_selector_no_subject,vehicle_instability_allraw__zx__2025_09_27_17_14_07__000103335__pre3_label3_response_coverage,train,,,0.0
239,rbf,topk_rbf_branch_logreg_selector_no_subject,vehicle_instability_allraw__zx__2025_09_27_17_14_07__000412950__pre3_label3_response_coverage,train,,,0.0
240,branch1,topk_rbf_branch_logreg_selector_no_subject,vehicle_instability_allraw__zx__2025_09_27_17_25_16__000018420__pre3_label3_response_coverage,train,,,0.0
241,branch2,topk_rbf_branch_logreg_selector_no_subject,vehicle_instability_allraw__zx__2025_09_27_17_25_16__000055950__pre3_label3_response_coverage,train,,,0.0
242,branch1,topk_rbf_branch_logreg_selector_no_subject,vehicle_instability_allraw__zx__2025_09_27_17_29_08__000177210__pre3_label3_response_coverage,train,,,0.0
243,rbf,topk_rbf_branch_logreg_selector_no_subject,vehicle_instability_allraw__zx__2025_09_27_17_29_08__000199530__pre3_label3_response_coverage,train,,,0.0
244,rbf,topk_rbf_branch_logreg_selector_no_subject,vehicle_instability_allraw__zx__2025_09_27_17_45_11__000166410__pre3_label3_response_coverage,val,,,0.0
245,branch0,topk_rbf_branch_logreg_selector_no_subject,vehicle_instability_allraw__zx__2025_09_27_17_45_11__000242010__pre3_label3_response_coverage,val,,,0.0
246,branch1,topk_rbf_branch_logreg_selector_no_subject,vehicle_instability_allraw__zx__2025_09_27_17_45_11__000361280__pre3_label3_response_coverage,val,,,0.0
247,branch0,topk_rbf_branch_logreg_selector_no_subject,vehicle_instability_allraw__zx__2025_09_27_17_45_11__000449820__pre3_label3_response_coverage,val,,,0.0
248,branch2,topk_rbf_branch_logreg_selector_no_subject,vehicle_instability_allraw__zx__2025_09_27_17_56_42__000080875__pre3_label3_response_coverage,train,,,0.0
249,branch2,topk_rbf_branch_logreg_selector_no_subject,vehicle_instability_allraw__zx__2025_09_27_17_56_42__000108650__pre3_label3_response_coverage,train,,,0.0
250,branch0,topk_rbf_branch_logreg_selector_no_subject,vehicle_instability_allraw__zx__2025_09_27_18_00_08__000020450__pre3_label3_response_coverage,test,,,0.0
251,branch0,topk_rbf_branch_logreg_selector_no_subject,vehicle_instability_allraw__zx__2025_09_27_18_00_08__000149680__pre3_label3_response_coverage,test,,,0.0
252,rbf,topk_rbf_branch_logreg_selector_no_subject,vehicle_instability_allraw__zx__2025_09_27_18_00_08__000173505__pre3_label3_response_coverage,test,,,0.0
253,rbf,topk_rbf_branch_logreg_selector_no_subject,vehicle_instability_allraw__zx__2025_09_27_18_00_08__000353905__pre3_label3_response_coverage,test,,,0.0
254,branch1,topk_rbf_branch_logreg_selector_no_subject,vehicle_instability_allraw__zx__2025_09_27_18_07_01__000048255__pre3_label3_response_coverage,train,,,0.0
255,rbf,topk_rbf_branch_logreg_selector_no_subject,vehicle_instability_allraw__zx__2025_09_27_18_07_01__000071310__pre3_label3_response_coverage,train,,,0.0
256,rbf,topk_rbf_branch_logreg_selector_no_subject,vehicle_instability_allraw__zx__2025_09_27_18_07_01__000376460__pre3_label3_response_coverage,train,,,0.0
257,branch1,topk_rbf_branch_logreg_selector_no_subject,vehicle_instability_allraw__zx__2025_09_27_18_07_01__000584705__pre3_label3_response_coverage,train,,,0.0
258,branch2,topk_rbf_branch_logreg_selector_no_subject,vehicle_instability_allraw__zx__2025_09_27_18_17_48__000096340__pre3_label3_response_coverage,train,,,0.0
259,branch2,topk_rbf_branch_logreg_selector_no_subject,vehicle_instability_allraw__zx__2025_09_27_18_17_48__000253945__pre3_label3_response_coverage,train,,,0.0
260,branch0,topk_rbf_branch_logreg_selector_no_subject,vehicle_instability_allraw__zx__2025_09_27_18_17_48__000377105__pre3_label3_response_coverage,train,,,0.0
261,rbf,topk_rbf_branch_logreg_selector_no_subject,vehicle_instability_allraw__zx__2025_09_27_18_17_48__000468965__pre3_label3_response_coverage,train,,,0.0
262,rbf,topk_rbf_branch_logreg_selector_no_subject,vehicle_instability_allraw__zx__2025_09_27_18_17_48__000554770__pre3_label3_response_coverage,train,,,0.0
263,rbf,topk_rbf_branch_logreg_selector_no_subject,vehicle_instability_allraw__zxy__2025_09_28_15_57_38__000182350__pre3_label3_response_coverage,test,,,0.0
264,rbf,topk_rbf_branch_logreg_selector_no_subject,vehicle_instability_allraw__zxy__2025_09_28_16_01_55__000349230__pre3_label3_response_coverage,val,,,0.0
265,branch1,topk_rbf_branch_logreg_selector_no_subject,vehicle_instability_allraw__zxy__2025_09_28_16_01_55__000377385__pre3_label3_response_coverage,val,,,0.0
266,branch2,topk_rbf_branch_logreg_selector_no_subject,vehicle_instability_allraw__zxy__2025_09_28_16_12_11__000090925__pre3_label3_response_coverage,train,,,0.0
267,branch0,topk_rbf_branch_logreg_selector_no_subject,vehicle_instability_allraw__zxy__2025_09_28_16_12_11__000283050__pre3_label3_response_coverage,train,,,0.0
268,rbf,topk_rbf_branch_logreg_selector_no_subject,vehicle_instability_allraw__zxy__2025_09_28_16_12_11__000387335__pre3_label3_response_coverage,train,,,0.0
269,branch0,topk_rbf_branch_logreg_selector_no_subject,vehicle_instability_allraw__zxy__2025_09_28_16_35_30__000467085__pre3_label3_response_coverage,test,,,0.0
0,rbf,topk_top1_rbf_fallback_logreg_no_subject,vehicle_instability_allraw__byx__2025_09_28_17_05_51__000060840__pre3_label3_response_coverage,train,0.21512534357836102,0.05,1.0
1,rbf,topk_top1_rbf_fallback_logreg_no_subject,vehicle_instability_allraw__byx__2025_09_28_17_05_51__000187815__pre3_label3_response_coverage,train,0.26246457616384283,0.05,1.0
2,rbf,topk_top1_rbf_fallback_logreg_no_subject,vehicle_instability_allraw__byx__2025_09_28_17_05_51__000349300__pre3_label3_response_coverage,train,0.9979167112790049,0.05,1.0
3,rbf,topk_top1_rbf_fallback_logreg_no_subject,vehicle_instability_allraw__byx__2025_09_28_17_15_52__000058865__pre3_label3_response_coverage,train,0.5451294842443242,0.05,1.0
4,rbf,topk_top1_rbf_fallback_logreg_no_subject,vehicle_instability_allraw__byx__2025_09_28_17_15_52__000131145__pre3_label3_response_coverage,train,0.6398487043041298,0.05,1.0
5,rbf,topk_top1_rbf_fallback_logreg_no_subject,vehicle_instability_allraw__byx__2025_09_28_17_15_52__000216345__pre3_label3_response_coverage,train,0.25389377762694676,0.05,1.0
6,rbf,topk_top1_rbf_fallback_logreg_no_subject,vehicle_instability_allraw__byx__2025_09_28_17_25_18__000065550__pre3_label3_response_coverage,train,0.9995595857019981,0.05,1.0
7,rbf,topk_top1_rbf_fallback_logreg_no_subject,vehicle_instability_allraw__byx__2025_09_28_17_25_18__000164150__pre3_label3_response_coverage,train,0.7375122912604919,0.05,1.0
8,rbf,topk_top1_rbf_fallback_logreg_no_subject,vehicle_instability_allraw__byx__2025_09_28_17_25_18__000275870__pre3_label3_response_coverage,train,0.71184974066358,0.05,1.0
9,rbf,topk_top1_rbf_fallback_logreg_no_subject,vehicle_instability_allraw__byx__2025_09_28_17_25_18__000384190__pre3_label3_response_coverage,train,0.9317844047078095,0.05,1.0
10,rbf,topk_top1_rbf_fallback_logreg_no_subject,vehicle_instability_allraw__byx__2025_09_28_17_35_43__000078915__pre3_label3_response_coverage,train,0.5652408931027886,0.05,1.0
11,rbf,topk_top1_rbf_fallback_logreg_no_subject,vehicle_instability_allraw__byx__2025_09_28_17_35_43__000199335__pre3_label3_response_coverage,train,0.9896945748424558,0.05,1.0
12,rbf,topk_top1_rbf_fallback_logreg_no_subject,vehicle_instability_allraw__byx__2025_09_28_17_35_43__000231020__pre3_label3_response_coverage,train,0.741415166484448,0.05,1.0
13,rbf,topk_top1_rbf_fallback_logreg_no_subject,vehicle_instability_allraw__byx__2025_09_28_17_35_43__000329825__pre3_label3_response_coverage,train,0.43971728240838626,0.05,1.0
14,rbf,topk_top1_rbf_fallback_logreg_no_subject,vehicle_instability_allraw__byx__2025_09_28_17_46_00__000095580__pre3_label3_response_coverage,test,0.7237417113378183,0.05,1.0
15,rbf,topk_top1_rbf_fallback_logreg_no_subject,vehicle_instability_allraw__byx__2025_09_28_17_46_00__000215315__pre3_label3_response_coverage,test,0.4428985753674744,0.05,1.0
16,rbf,topk_top1_rbf_fallback_logreg_no_subject,vehicle_instability_allraw__cwh__2025_09_26_19_27_21__000065145__pre3_label3_response_coverage,train,0.6414518938296595,0.05,1.0
17,rbf,topk_top1_rbf_fallback_logreg_no_subject,vehicle_instability_allraw__cwh__2025_09_26_19_35_47__000225295__pre3_label3_response_coverage,train,0.7485031895000407,0.05,1.0
18,rbf,topk_top1_rbf_fallback_logreg_no_subject,vehicle_instability_allraw__cwh__2025_09_26_19_35_47__000453095__pre3_label3_response_coverage,train,0.9953007075990759,0.05,1.0
19,rbf,topk_top1_rbf_fallback_logreg_no_subject,vehicle_instability_allraw__cwh__2025_09_26_19_35_47__000527630__pre3_label3_response_coverage,train,0.9961778320790381,0.05,1.0
20,rbf,topk_top1_rbf_fallback_logreg_no_subject,vehicle_instability_allraw__cwh__2025_09_26_19_45_40__000089205__pre3_label3_response_coverage,train,0.8180961551238857,0.05,1.0
21,rbf,topk_top1_rbf_fallback_logreg_no_subject,vehicle_instability_allraw__cwh__2025_09_26_19_45_40__000165100__pre3_label3_response_coverage,train,0.32189863653250145,0.05,1.0
22,rbf,topk_top1_rbf_fallback_logreg_no_subject,vehicle_instability_allraw__cwh__2025_09_26_19_45_40__000214250__pre3_label3_response_coverage,train,0.3339517325021306,0.05,1.0
23,rbf,topk_top1_rbf_fallback_logreg_no_subject,vehicle_instability_allraw__cwh__2025_09_26_19_45_40__000341005__pre3_label3_response_coverage,train,0.9491560282874105,0.05,1.0
24,rbf,topk_top1_rbf_fallback_logreg_no_subject,vehicle_instability_allraw__cwh__2025_09_26_19_56_16__000205130__pre3_label3_response_coverage,val,0.7062770549239566,0.05,1.0
25,rbf,topk_top1_rbf_fallback_logreg_no_subject,vehicle_instability_allraw__cwh__2025_09_26_19_56_16__000309365__pre3_label3_response_coverage,val,0.8932173528506879,0.05,1.0
26,rbf,topk_top1_rbf_fallback_logreg_no_subject,vehicle_instability_allraw__cwh__2025_09_26_19_56_16__000329785__pre3_label3_response_coverage,val,0.971918654794863,0.05,1.0
27,rbf,topk_top1_rbf_fallback_logreg_no_subject,vehicle_instability_allraw__cwh__2025_09_26_19_56_16__000388180__pre3_label3_response_coverage,val,0.9650451292073282,0.05,1.0
28,rbf,topk_top1_rbf_fallback_logreg_no_subject,vehicle_instability_allraw__cwh__2025_09_26_20_06_19__000204045__pre3_label3_response_coverage,train,0.7238701520014977,0.05,1.0
29,rbf,topk_top1_rbf_fallback_logreg_no_subject,vehicle_instability_allraw__cwh__2025_09_26_20_06_19__000315730__pre3_label3_response_coverage,train,0.9910323157318554,0.05,1.0
30,rbf,topk_top1_rbf_fallback_logreg_no_subject,vehicle_instability_allraw__cwh__2025_09_26_20_06_19__000480390__pre3_label3_response_coverage,train,0.9941140723250225,0.05,1.0
31,rbf,topk_top1_rbf_fallback_logreg_no_subject,vehicle_instability_allraw__gf__2025_09_26_10_18_49__000233845__pre3_label3_response_coverage,train,0.2790827429387532,0.05,1.0
32,rbf,topk_top1_rbf_fallback_logreg_no_subject,vehicle_instability_allraw__gf__2025_09_26_10_18_49__000439375__pre3_label3_response_coverage,train,0.8701122870810486,0.05,1.0
33,rbf,topk_top1_rbf_fallback_logreg_no_subject,vehicle_instability_allraw__gf__2025_09_26_10_30_12__000223260__pre3_label3_response_coverage,test,0.18236711011858597,0.05,1.0
34,rbf,topk_top1_rbf_fallback_logreg_no_subject,vehicle_instability_allraw__gf__2025_09_26_10_30_12__000425785__pre3_label3_response_coverage,test,0.9628762834752079,0.05,1.0
35,rbf,topk_top1_rbf_fallback_logreg_no_subject,vehicle_instability_allraw__gf__2025_09_26_10_40_59__000180655__pre3_label3_response_coverage,train,0.3597795667385643,0.05,1.0
36,rbf,topk_top1_rbf_fallback_logreg_no_subject,vehicle_instability_allraw__gf__2025_09_26_10_40_59__000232065__pre3_label3_response_coverage,train,0.11010696470069693,0.05,1.0
37,rbf,topk_top1_rbf_fallback_logreg_no_subject,vehicle_instability_allraw__gf__2025_09_26_10_52_57__000300870__pre3_label3_response_coverage,test,0.5352068845565681,0.05,1.0
38,rbf,topk_top1_rbf_fallback_logreg_no_subject,vehicle_instability_allraw__gf__2025_09_26_10_52_57__000471505__pre3_label3_response_coverage,test,0.9902456133037646,0.05,1.0
39,rbf,topk_top1_rbf_fallback_logreg_no_subject,vehicle_instability_allraw__gzj__2025_09_27_11_41_47__000180015__pre3_label3_response_coverage,train,0.45357633751254384,0.05,1.0
40,rbf,topk_top1_rbf_fallback_logreg_no_subject,vehicle_instability_allraw__gzj__2025_09_27_11_41_47__000211485__pre3_label3_response_coverage,train,0.4066701977470418,0.05,1.0
41,rbf,topk_top1_rbf_fallback_logreg_no_subject,vehicle_instability_allraw__gzj__2025_09_27_11_41_47__000260065__pre3_label3_response_coverage,train,0.37612106210289603,0.05,1.0
42,rbf,topk_top1_rbf_fallback_logreg_no_subject,vehicle_instability_allraw__gzj__2025_09_27_11_41_47__000413415__pre3_label3_response_coverage,train,0.9106847696767731,0.05,1.0
43,rbf,topk_top1_rbf_fallback_logreg_no_subject,vehicle_instability_allraw__gzj__2025_09_27_11_41_47__000431340__pre3_label3_response_coverage,train,0.42714461203004583,0.05,1.0
44,rbf,topk_top1_rbf_fallback_logreg_no_subject,vehicle_instability_allraw__gzj__2025_09_27_11_53_25__000229945__pre3_label3_response_coverage,train,0.4424285089616598,0.05,1.0
45,rbf,topk_top1_rbf_fallback_logreg_no_subject,vehicle_instability_allraw__gzj__2025_09_27_11_53_25__000283210__pre3_label3_response_coverage,train,0.39938389312334444,0.05,1.0
46,rbf,topk_top1_rbf_fallback_logreg_no_subject,vehicle_instability_allraw__gzj__2025_09_27_11_53_25__000308920__pre3_label3_response_coverage,train,0.09115182511417687,0.05,1.0
47,rbf,topk_top1_rbf_fallback_logreg_no_subject,vehicle_instability_allraw__gzj__2025_09_27_11_53_25__000575025__pre3_label3_response_coverage,train,0.3696370462232226,0.05,1.0
48,rbf,topk_top1_rbf_fallback_logreg_no_subject,vehicle_instability_allraw__gzj__2025_09_27_12_04_23__000095835__pre3_label3_response_coverage,train,0.4107627302073212,0.05,1.0
49,rbf,topk_top1_rbf_fallback_logreg_no_subject,vehicle_instability_allraw__gzj__2025_09_27_12_04_23__000143790__pre3_label3_response_coverage,train,0.6915512345777058,0.05,1.0
50,rbf,topk_top1_rbf_fallback_logreg_no_subject,vehicle_instability_allraw__gzj__2025_09_27_12_04_23__000173350__pre3_label3_response_coverage,train,0.20543733691419563,0.05,1.0
51,rbf,topk_top1_rbf_fallback_logreg_no_subject,vehicle_instability_allraw__gzj__2025_09_27_12_04_23__000215140__pre3_label3_response_coverage,train,0.3213937068465679,0.05,1.0
52,rbf,topk_top1_rbf_fallback_logreg_no_subject,vehicle_instability_allraw__gzj__2025_09_27_12_04_23__000297385__pre3_label3_response_coverage,train,0.7061514092632631,0.05,1.0
53,rbf,topk_top1_rbf_fallback_logreg_no_subject,vehicle_instability_allraw__gzj__2025_09_27_12_17_12__000053185__pre3_label3_response_coverage,test,0.286846785836372,0.05,1.0
54,rbf,topk_top1_rbf_fallback_logreg_no_subject,vehicle_instability_allraw__gzj__2025_09_27_12_17_12__000081700__pre3_label3_response_coverage,test,0.5851019728232665,0.05,1.0
55,rbf,topk_top1_rbf_fallback_logreg_no_subject,vehicle_instability_allraw__gzj__2025_09_27_12_17_12__000175240__pre3_label3_response_coverage,test,0.5008132846015744,0.05,1.0
56,rbf,topk_top1_rbf_fallback_logreg_no_subject,vehicle_instability_allraw__gzj__2025_09_27_12_17_12__000186555__pre3_label3_response_coverage,test,0.7897689713386717,0.05,1.0
57,rbf,topk_top1_rbf_fallback_logreg_no_subject,vehicle_instability_allraw__gzj__2025_09_27_12_17_12__000273440__pre3_label3_response_coverage,test,0.11498829020327175,0.05,1.0
58,rbf,topk_top1_rbf_fallback_logreg_no_subject,vehicle_instability_allraw__gzj__2025_09_27_12_17_12__000362460__pre3_label3_response_coverage,test,0.6526374012620774,0.05,1.0
59,rbf,topk_top1_rbf_fallback_logreg_no_subject,vehicle_instability_allraw__gzj__2025_09_27_12_17_12__000392590__pre3_label3_response_coverage,test,0.6591829018787477,0.05,1.0
60,rbf,topk_top1_rbf_fallback_logreg_no_subject,vehicle_instability_allraw__gzj__2025_09_27_12_17_12__000518180__pre3_label3_response_coverage,test,0.9972710747974235,0.05,1.0
61,rbf,topk_top1_rbf_fallback_logreg_no_subject,vehicle_instability_allraw__gzj__2025_09_27_12_17_12__000585940__pre3_label3_response_coverage,test,0.9209294153774342,0.05,1.0
62,rbf,topk_top1_rbf_fallback_logreg_no_subject,vehicle_instability_allraw__gzj__2025_09_27_12_28_14__000104490__pre3_label3_response_coverage,train,0.5079897192065852,0.05,1.0
63,rbf,topk_top1_rbf_fallback_logreg_no_subject,vehicle_instability_allraw__gzj__2025_09_27_12_28_14__000184075__pre3_label3_response_coverage,train,0.45724395073306273,0.05,1.0
64,rbf,topk_top1_rbf_fallback_logreg_no_subject,vehicle_instability_allraw__gzj__2025_09_27_12_28_14__000198480__pre3_label3_response_coverage,train,0.43273656657477194,0.05,1.0
65,top1,topk_top1_rbf_fallback_logreg_no_subject,vehicle_instability_allraw__gzj__2025_09_27_12_28_14__000308055__pre3_label3_response_coverage,train,0.038462880939985,0.05,1.0
66,rbf,topk_top1_rbf_fallback_logreg_no_subject,vehicle_instability_allraw__gzj__2025_09_27_12_28_14__000331425__pre3_label3_response_coverage,train,0.30659317150348653,0.05,1.0
67,rbf,topk_top1_rbf_fallback_logreg_no_subject,vehicle_instability_allraw__gzj__2025_09_27_12_28_14__000362825__pre3_label3_response_coverage,train,0.3391979139385724,0.05,1.0
68,rbf,topk_top1_rbf_fallback_logreg_no_subject,vehicle_instability_allraw__hzh__2025_09_26_20_50_27__000034605__pre3_label3_response_coverage,test,0.9832540859740864,0.05,1.0
69,rbf,topk_top1_rbf_fallback_logreg_no_subject,vehicle_instability_allraw__hzh__2025_09_26_20_50_27__000128695__pre3_label3_response_coverage,test,0.6818030908782706,0.05,1.0
70,rbf,topk_top1_rbf_fallback_logreg_no_subject,vehicle_instability_allraw__hzh__2025_09_26_20_50_27__000245880__pre3_label3_response_coverage,test,0.9752152224673988,0.05,1.0
71,rbf,topk_top1_rbf_fallback_logreg_no_subject,vehicle_instability_allraw__hzh__2025_09_26_20_50_27__000681250__pre3_label3_response_coverage,test,0.9873774301810396,0.05,1.0
72,rbf,topk_top1_rbf_fallback_logreg_no_subject,vehicle_instability_allraw__hzh__2025_09_26_21_03_19__000202260__pre3_label3_response_coverage,test,0.3912972807167802,0.05,1.0
73,rbf,topk_top1_rbf_fallback_logreg_no_subject,vehicle_instability_allraw__hzh__2025_09_26_21_03_19__000221890__pre3_label3_response_coverage,test,0.5486877490604591,0.05,1.0
74,rbf,topk_top1_rbf_fallback_logreg_no_subject,vehicle_instability_allraw__hzh__2025_09_26_21_03_19__000326200__pre3_label3_response_coverage,test,0.7597418305401669,0.05,1.0
75,rbf,topk_top1_rbf_fallback_logreg_no_subject,vehicle_instability_allraw__hzh__2025_09_26_21_03_19__000504660__pre3_label3_response_coverage,test,0.5288368660977525,0.05,1.0
76,rbf,topk_top1_rbf_fallback_logreg_no_subject,vehicle_instability_allraw__hzh__2025_09_26_21_17_02__000110230__pre3_label3_response_coverage,train,0.5921288118134448,0.05,1.0
77,rbf,topk_top1_rbf_fallback_logreg_no_subject,vehicle_instability_allraw__hzh__2025_09_26_21_17_02__000422495__pre3_label3_response_coverage,train,0.47497431897706954,0.05,1.0
78,rbf,topk_top1_rbf_fallback_logreg_no_subject,vehicle_instability_allraw__hzh__2025_09_27_19_22_27__000054775__pre3_label3_response_coverage,train,0.5108668639417623,0.05,1.0
79,rbf,topk_top1_rbf_fallback_logreg_no_subject,vehicle_instability_allraw__hzh__2025_09_27_19_22_27__000193515__pre3_label3_response_coverage,train,0.24081015235022749,0.05,1.0
80,rbf,topk_top1_rbf_fallback_logreg_no_subject,vehicle_instability_allraw__hzh__2025_09_27_19_22_27__000331710__pre3_label3_response_coverage,train,0.3025001688874599,0.05,1.0
81,rbf,topk_top1_rbf_fallback_logreg_no_subject,vehicle_instability_allraw__hzh__2025_09_27_19_33_25__000059360__pre3_label3_response_coverage,train,0.7784254130829885,0.05,1.0
82,rbf,topk_top1_rbf_fallback_logreg_no_subject,vehicle_instability_allraw__hzh__2025_09_27_19_33_25__000164300__pre3_label3_response_coverage,train,0.401391731315845,0.05,1.0
83,rbf,topk_top1_rbf_fallback_logreg_no_subject,vehicle_instability_allraw__hzh__2025_09_27_19_33_25__000297885__pre3_label3_response_coverage,train,0.7327614009561879,0.05,1.0
84,rbf,topk_top1_rbf_fallback_logreg_no_subject,vehicle_instability_allraw__hzh__2025_09_27_19_33_25__000511405__pre3_label3_response_coverage,train,0.5126264777192999,0.05,1.0
85,rbf,topk_top1_rbf_fallback_logreg_no_subject,vehicle_instability_allraw__hzh__2025_09_27_19_44_05__000081885__pre3_label3_response_coverage,test,0.47523970204240246,0.05,1.0
86,rbf,topk_top1_rbf_fallback_logreg_no_subject,vehicle_instability_allraw__hzh__2025_09_27_19_44_05__000176245__pre3_label3_response_coverage,test,0.3696445528600038,0.05,1.0
87,rbf,topk_top1_rbf_fallback_logreg_no_subject,vehicle_instability_allraw__hzh__2025_09_27_19_44_05__000218700__pre3_label3_response_coverage,test,0.27072859145418143,0.05,1.0
88,rbf,topk_top1_rbf_fallback_logreg_no_subject,vehicle_instability_allraw__hzh__2025_09_27_19_44_05__000246255__pre3_label3_response_coverage,test,0.0662083424897715,0.05,1.0
89,rbf,topk_top1_rbf_fallback_logreg_no_subject,vehicle_instability_allraw__hzh__2025_09_27_19_44_05__000326390__pre3_label3_response_coverage,test,0.6170015297581167,0.05,1.0
90,rbf,topk_top1_rbf_fallback_logreg_no_subject,vehicle_instability_allraw__hzh__2025_09_27_19_44_05__000345860__pre3_label3_response_coverage,test,0.9213532867030707,0.05,1.0
91,rbf,topk_top1_rbf_fallback_logreg_no_subject,vehicle_instability_allraw__jy__2025_09_26_17_17_11__000240445__pre3_label3_response_coverage,train,0.29411810341299177,0.05,1.0
92,rbf,topk_top1_rbf_fallback_logreg_no_subject,vehicle_instability_allraw__jy__2025_09_26_17_17_11__000414405__pre3_label3_response_coverage,train,0.6285165727745291,0.05,1.0
93,rbf,topk_top1_rbf_fallback_logreg_no_subject,vehicle_instability_allraw__jy__2025_09_26_17_17_11__000547665__pre3_label3_response_coverage,train,0.9704458332363347,0.05,1.0
94,rbf,topk_top1_rbf_fallback_logreg_no_subject,vehicle_instability_allraw__jy__2025_09_26_17_29_44__000426110__pre3_label3_response_coverage,train,0.41350756050995685,0.05,1.0
95,rbf,topk_top1_rbf_fallback_logreg_no_subject,vehicle_instability_allraw__jy__2025_09_26_17_29_44__000500270__pre3_label3_response_coverage,train,0.9807669296962582,0.05,1.0
96,rbf,topk_top1_rbf_fallback_logreg_no_subject,vehicle_instability_allraw__jy__2025_09_26_17_29_44__000535550__pre3_label3_response_coverage,train,0.9924092202226124,0.05,1.0
97,rbf,topk_top1_rbf_fallback_logreg_no_subject,vehicle_instability_allraw__jy__2025_09_26_17_29_44__000540950__pre3_label3_response_coverage,train,0.983198712262487,0.05,1.0
98,rbf,topk_top1_rbf_fallback_logreg_no_subject,vehicle_instability_allraw__jy__2025_09_26_17_40_51__000069905__pre3_label3_response_coverage,train,0.9188747328140955,0.05,1.0
99,rbf,topk_top1_rbf_fallback_logreg_no_subject,vehicle_instability_allraw__jy__2025_09_26_17_40_51__000228515__pre3_label3_response_coverage,train,0.09241556517567862,0.05,1.0
100,rbf,topk_top1_rbf_fallback_logreg_no_subject,vehicle_instability_allraw__jy__2025_09_26_17_40_51__000445490__pre3_label3_response_coverage,train,0.994642449809307,0.05,1.0
101,rbf,topk_top1_rbf_fallback_logreg_no_subject,vehicle_instability_allraw__jy__2025_09_26_17_40_51__000526105__pre3_label3_response_coverage,train,0.32930085479661,0.05,1.0
102,rbf,topk_top1_rbf_fallback_logreg_no_subject,vehicle_instability_allraw__jy__2025_09_26_17_51_46__000542335__pre3_label3_response_coverage,train,0.9704030420473875,0.05,1.0
103,rbf,topk_top1_rbf_fallback_logreg_no_subject,vehicle_instability_allraw__jy__2025_09_26_18_01_40__000064705__pre3_label3_response_coverage,val,0.6367750152155506,0.05,1.0
104,rbf,topk_top1_rbf_fallback_logreg_no_subject,vehicle_instability_allraw__jy__2025_09_26_18_01_40__000198735__pre3_label3_response_coverage,val,0.946007066480564,0.05,1.0
105,rbf,topk_top1_rbf_fallback_logreg_no_subject,vehicle_instability_allraw__jy__2025_09_26_18_01_40__000326600__pre3_label3_response_coverage,val,0.729076623915453,0.05,1.0
106,rbf,topk_top1_rbf_fallback_logreg_no_subject,vehicle_instability_allraw__lx__2025_09_26_09_17_22__000135315__pre3_label3_response_coverage,train,0.8232876043541818,0.05,1.0
107,rbf,topk_top1_rbf_fallback_logreg_no_subject,vehicle_instability_allraw__lx__2025_09_26_09_17_22__000215535__pre3_label3_response_coverage,train,0.6141148912010856,0.05,1.0
108,rbf,topk_top1_rbf_fallback_logreg_no_subject,vehicle_instability_allraw__lx__2025_09_26_09_17_22__000385260__pre3_label3_response_coverage,train,0.938620315352145,0.05,1.0
109,rbf,topk_top1_rbf_fallback_logreg_no_subject,vehicle_instability_allraw__lx__2025_09_26_09_17_22__000480490__pre3_label3_response_coverage,train,0.7057296919769276,0.05,1.0
110,rbf,topk_top1_rbf_fallback_logreg_no_subject,vehicle_instability_allraw__lxy__2025_09_28_17_55_52__000089180__pre3_label3_response_coverage,train,0.4639178626152591,0.05,1.0
111,rbf,topk_top1_rbf_fallback_logreg_no_subject,vehicle_instability_allraw__lxy__2025_09_28_17_55_52__000357070__pre3_label3_response_coverage,train,0.9033997800789747,0.05,1.0
112,rbf,topk_top1_rbf_fallback_logreg_no_subject,vehicle_instability_allraw__lxy__2025_09_28_17_55_52__000380645__pre3_label3_response_coverage,train,0.8126315790035283,0.05,1.0
113,rbf,topk_top1_rbf_fallback_logreg_no_subject,vehicle_instability_allraw__lxy__2025_09_28_17_55_52__000448640__pre3_label3_response_coverage,train,0.7263344733071729,0.05,1.0
114,rbf,topk_top1_rbf_fallback_logreg_no_subject,vehicle_instability_allraw__lxy__2025_09_28_17_55_52__000541050__pre3_label3_response_coverage,train,0.8878115440588141,0.05,1.0
115,rbf,topk_top1_rbf_fallback_logreg_no_subject,vehicle_instability_allraw__lxy__2025_09_28_18_06_16__000057770__pre3_label3_response_coverage,train,0.8945326723277114,0.05,1.0
116,rbf,topk_top1_rbf_fallback_logreg_no_subject,vehicle_instability_allraw__lxy__2025_09_28_18_06_16__000084330__pre3_label3_response_coverage,train,0.9018262843375455,0.05,1.0
117,rbf,topk_top1_rbf_fallback_logreg_no_subject,vehicle_instability_allraw__lxy__2025_09_28_18_06_16__000133655__pre3_label3_response_coverage,train,0.6067702608295605,0.05,1.0
118,rbf,topk_top1_rbf_fallback_logreg_no_subject,vehicle_instability_allraw__lxy__2025_09_28_18_06_16__000250730__pre3_label3_response_coverage,train,0.722639274556564,0.05,1.0
119,rbf,topk_top1_rbf_fallback_logreg_no_subject,vehicle_instability_allraw__lxy__2025_09_28_18_19_35__000129055__pre3_label3_response_coverage,train,0.6275735449919644,0.05,1.0
120,rbf,topk_top1_rbf_fallback_logreg_no_subject,vehicle_instability_allraw__lxy__2025_09_28_18_19_35__000175350__pre3_label3_response_coverage,train,0.3723595587375021,0.05,1.0
121,rbf,topk_top1_rbf_fallback_logreg_no_subject,vehicle_instability_allraw__lxy__2025_09_28_18_19_35__000290870__pre3_label3_response_coverage,train,0.2622965683518659,0.05,1.0
122,rbf,topk_top1_rbf_fallback_logreg_no_subject,vehicle_instability_allraw__lxy__2025_09_28_18_19_35__000320035__pre3_label3_response_coverage,train,0.8582040341185101,0.05,1.0
123,rbf,topk_top1_rbf_fallback_logreg_no_subject,vehicle_instability_allraw__lxy__2025_09_28_18_19_35__000334720__pre3_label3_response_coverage,train,0.9785247613680964,0.05,1.0
124,rbf,topk_top1_rbf_fallback_logreg_no_subject,vehicle_instability_allraw__lxy__2025_09_28_18_19_35__000402090__pre3_label3_response_coverage,train,0.8619710239605007,0.05,1.0
125,rbf,topk_top1_rbf_fallback_logreg_no_subject,vehicle_instability_allraw__lxy__2025_09_28_18_19_35__000481970__pre3_label3_response_coverage,train,0.9776994271900971,0.05,1.0
126,rbf,topk_top1_rbf_fallback_logreg_no_subject,vehicle_instability_allraw__rjy__2025_09_28_19_33_26__000137120__pre3_label3_response_coverage,train,0.7304216553430403,0.05,1.0
127,rbf,topk_top1_rbf_fallback_logreg_no_subject,vehicle_instability_allraw__rjy__2025_09_28_19_33_26__000439360__pre3_label3_response_coverage,train,0.6885290567084507,0.05,1.0
128,rbf,topk_top1_rbf_fallback_logreg_no_subject,vehicle_instability_allraw__rjy__2025_09_28_19_33_26__000515545__pre3_label3_response_coverage,train,0.5552421600941254,0.05,1.0
129,rbf,topk_top1_rbf_fallback_logreg_no_subject,vehicle_instability_allraw__rjy__2025_09_28_19_33_26__000598710__pre3_label3_response_coverage,train,0.47014571574944475,0.05,1.0
130,rbf,topk_top1_rbf_fallback_logreg_no_subject,vehicle_instability_allraw__rjy__2025_09_28_19_51_44__000180850__pre3_label3_response_coverage,train,0.4321131510435704,0.05,1.0
131,rbf,topk_top1_rbf_fallback_logreg_no_subject,vehicle_instability_allraw__rjy__2025_09_28_19_51_44__000209520__pre3_label3_response_coverage,train,0.20651170907180702,0.05,1.0
132,rbf,topk_top1_rbf_fallback_logreg_no_subject,vehicle_instability_allraw__rjy__2025_09_28_19_51_44__000340405__pre3_label3_response_coverage,train,0.49947148100491234,0.05,1.0
133,rbf,topk_top1_rbf_fallback_logreg_no_subject,vehicle_instability_allraw__rjy__2025_09_28_19_51_44__000384965__pre3_label3_response_coverage,train,0.8474620997913501,0.05,1.0
134,rbf,topk_top1_rbf_fallback_logreg_no_subject,vehicle_instability_allraw__rjy__2025_09_28_19_51_44__000463330__pre3_label3_response_coverage,train,0.35102869458585606,0.05,1.0
135,rbf,topk_top1_rbf_fallback_logreg_no_subject,vehicle_instability_allraw__rjy__2025_09_28_20_02_20__000137410__pre3_label3_response_coverage,train,0.8756932211949747,0.05,1.0
136,rbf,topk_top1_rbf_fallback_logreg_no_subject,vehicle_instability_allraw__rjy__2025_09_28_20_02_20__000500840__pre3_label3_response_coverage,train,0.17638803957260205,0.05,1.0
137,rbf,topk_top1_rbf_fallback_logreg_no_subject,vehicle_instability_allraw__rjy__2025_09_28_20_02_20__000703720__pre3_label3_response_coverage,train,0.22213791667512184,0.05,1.0
138,rbf,topk_top1_rbf_fallback_logreg_no_subject,vehicle_instability_allraw__rjy__2025_09_28_20_15_42__000221270__pre3_label3_response_coverage,val,0.6379064271034343,0.05,1.0
139,rbf,topk_top1_rbf_fallback_logreg_no_subject,vehicle_instability_allraw__rjy__2025_09_28_20_15_42__000378840__pre3_label3_response_coverage,val,0.5945751085467103,0.05,1.0
140,rbf,topk_top1_rbf_fallback_logreg_no_subject,vehicle_instability_allraw__rjy__2025_09_28_20_15_42__000382075__pre3_label3_response_coverage,val,0.8603780766783029,0.05,1.0
141,rbf,topk_top1_rbf_fallback_logreg_no_subject,vehicle_instability_allraw__rjy__2025_09_28_20_15_42__000547420__pre3_label3_response_coverage,val,0.42060292925969545,0.05,1.0
142,rbf,topk_top1_rbf_fallback_logreg_no_subject,vehicle_instability_allraw__rjy__2025_09_28_20_15_42__000560065__pre3_label3_response_coverage,val,0.554826556575972,0.05,1.0
143,rbf,topk_top1_rbf_fallback_logreg_no_subject,vehicle_instability_allraw__txj__2025_09_27_08_40_46__000139565__pre3_label3_response_coverage,val,0.08378648904835351,0.05,1.0
144,rbf,topk_top1_rbf_fallback_logreg_no_subject,vehicle_instability_allraw__txj__2025_09_27_08_40_46__000301130__pre3_label3_response_coverage,val,0.6255712461881779,0.05,1.0
145,rbf,topk_top1_rbf_fallback_logreg_no_subject,vehicle_instability_allraw__txj__2025_09_27_08_40_46__000441855__pre3_label3_response_coverage,val,0.6754004700264626,0.05,1.0
146,rbf,topk_top1_rbf_fallback_logreg_no_subject,vehicle_instability_allraw__txj__2025_09_27_08_40_46__000633830__pre3_label3_response_coverage,val,0.901773460851701,0.05,1.0
147,rbf,topk_top1_rbf_fallback_logreg_no_subject,vehicle_instability_allraw__txj__2025_09_27_08_40_46__000660595__pre3_label3_response_coverage,val,0.48020078385207865,0.05,1.0
148,rbf,topk_top1_rbf_fallback_logreg_no_subject,vehicle_instability_allraw__txj__2025_09_27_08_40_46__000687315__pre3_label3_response_coverage,val,0.721456902228344,0.05,1.0
149,rbf,topk_top1_rbf_fallback_logreg_no_subject,vehicle_instability_allraw__txj__2025_09_27_08_53_44__000300320__pre3_label3_response_coverage,val,0.7435531891273404,0.05,1.0
150,rbf,topk_top1_rbf_fallback_logreg_no_subject,vehicle_instability_allraw__txj__2025_09_27_08_53_44__000326790__pre3_label3_response_coverage,val,0.22951035608981887,0.05,1.0
151,rbf,topk_top1_rbf_fallback_logreg_no_subject,vehicle_instability_allraw__txj__2025_09_27_08_53_44__000386965__pre3_label3_response_coverage,val,0.4967499078562058,0.05,1.0
152,rbf,topk_top1_rbf_fallback_logreg_no_subject,vehicle_instability_allraw__txj__2025_09_27_09_06_19__000084165__pre3_label3_response_coverage,train,0.32600472385305085,0.05,1.0
153,rbf,topk_top1_rbf_fallback_logreg_no_subject,vehicle_instability_allraw__txj__2025_09_27_09_06_19__000242365__pre3_label3_response_coverage,train,0.9585489425953788,0.05,1.0
154,rbf,topk_top1_rbf_fallback_logreg_no_subject,vehicle_instability_allraw__txj__2025_09_27_09_06_19__000575870__pre3_label3_response_coverage,train,0.7751166813082594,0.05,1.0
155,rbf,topk_top1_rbf_fallback_logreg_no_subject,vehicle_instability_allraw__txj__2025_09_27_09_06_19__000604150__pre3_label3_response_coverage,train,0.994336432134563,0.05,1.0
156,rbf,topk_top1_rbf_fallback_logreg_no_subject,vehicle_instability_allraw__txj__2025_09_27_09_17_11__000060790__pre3_label3_response_coverage,train,0.3751612317111117,0.05,1.0
157,rbf,topk_top1_rbf_fallback_logreg_no_subject,vehicle_instability_allraw__txj__2025_09_27_09_17_11__000243345__pre3_label3_response_coverage,train,0.6989675617206259,0.05,1.0
158,rbf,topk_top1_rbf_fallback_logreg_no_subject,vehicle_instability_allraw__txj__2025_09_27_09_17_11__000498455__pre3_label3_response_coverage,train,0.9881292315181778,0.05,1.0
159,rbf,topk_top1_rbf_fallback_logreg_no_subject,vehicle_instability_allraw__tyy__2025_09_28_14_23_43__000177395__pre3_label3_response_coverage,train,0.588245726487312,0.05,1.0
160,rbf,topk_top1_rbf_fallback_logreg_no_subject,vehicle_instability_allraw__tyy__2025_09_28_14_23_43__000286995__pre3_label3_response_coverage,train,0.25388896530222743,0.05,1.0
161,rbf,topk_top1_rbf_fallback_logreg_no_subject,vehicle_instability_allraw__tyy__2025_09_28_14_23_43__000302720__pre3_label3_response_coverage,train,0.1471529689315351,0.05,1.0
162,rbf,topk_top1_rbf_fallback_logreg_no_subject,vehicle_instability_allraw__tyy__2025_09_28_14_23_43__000500235__pre3_label3_response_coverage,train,0.2838007875378622,0.05,1.0
163,rbf,topk_top1_rbf_fallback_logreg_no_subject,vehicle_instability_allraw__tyy__2025_09_28_14_23_43__000628070__pre3_label3_response_coverage,train,0.8602837510319176,0.05,1.0
164,rbf,topk_top1_rbf_fallback_logreg_no_subject,vehicle_instability_allraw__tyy__2025_09_28_14_23_43__000665155__pre3_label3_response_coverage,train,0.577143085881408,0.05,1.0
165,rbf,topk_top1_rbf_fallback_logreg_no_subject,vehicle_instability_allraw__tyy__2025_09_28_14_23_43__000685655__pre3_label3_response_coverage,train,0.5274199069296652,0.05,1.0
166,rbf,topk_top1_rbf_fallback_logreg_no_subject,vehicle_instability_allraw__tyy__2025_09_28_14_23_43__000762635__pre3_label3_response_coverage,train,0.3940327666061365,0.05,1.0
167,rbf,topk_top1_rbf_fallback_logreg_no_subject,vehicle_instability_allraw__tyy__2025_09_28_14_44_09__000058890__pre3_label3_response_coverage,test,0.1251209860148587,0.05,1.0
168,rbf,topk_top1_rbf_fallback_logreg_no_subject,vehicle_instability_allraw__tyy__2025_09_28_14_44_09__000471655__pre3_label3_response_coverage,test,0.9795257598090664,0.05,1.0
169,rbf,topk_top1_rbf_fallback_logreg_no_subject,vehicle_instability_allraw__tyy__2025_09_28_14_57_17__000269590__pre3_label3_response_coverage,train,0.45354660658355145,0.05,1.0
170,top1,topk_top1_rbf_fallback_logreg_no_subject,vehicle_instability_allraw__tyy__2025_09_28_14_57_17__000427465__pre3_label3_response_coverage,train,0.04746945840998276,0.05,1.0
171,rbf,topk_top1_rbf_fallback_logreg_no_subject,vehicle_instability_allraw__xst__2025_09_26_11_34_18__000146145__pre3_label3_response_coverage,train,0.8245337729411142,0.05,1.0
172,rbf,topk_top1_rbf_fallback_logreg_no_subject,vehicle_instability_allraw__yyl__2025_09_28_09_14_23__000110400__pre3_label3_response_coverage,train,0.3558680135377126,0.05,1.0
173,rbf,topk_top1_rbf_fallback_logreg_no_subject,vehicle_instability_allraw__yyl__2025_09_28_09_14_23__000431885__pre3_label3_response_coverage,train,0.8896708068852364,0.05,1.0
174,rbf,topk_top1_rbf_fallback_logreg_no_subject,vehicle_instability_allraw__yyl__2025_09_28_09_14_23__000568235__pre3_label3_response_coverage,train,0.5964301874062797,0.05,1.0
175,rbf,topk_top1_rbf_fallback_logreg_no_subject,vehicle_instability_allraw__yyl__2025_09_28_09_29_01__000104675__pre3_label3_response_coverage,train,0.695332841343914,0.05,1.0
176,rbf,topk_top1_rbf_fallback_logreg_no_subject,vehicle_instability_allraw__yyl__2025_09_28_09_29_01__000235890__pre3_label3_response_coverage,train,0.28026884300422505,0.05,1.0
177,rbf,topk_top1_rbf_fallback_logreg_no_subject,vehicle_instability_allraw__yyl__2025_09_28_09_29_01__000357555__pre3_label3_response_coverage,train,0.7525922992695491,0.05,1.0
178,rbf,topk_top1_rbf_fallback_logreg_no_subject,vehicle_instability_allraw__yyl__2025_09_28_09_29_01__000380585__pre3_label3_response_coverage,train,0.8738219714812544,0.05,1.0
179,rbf,topk_top1_rbf_fallback_logreg_no_subject,vehicle_instability_allraw__yyl__2025_09_28_09_29_01__000449070__pre3_label3_response_coverage,train,0.5545357778469857,0.05,1.0
180,rbf,topk_top1_rbf_fallback_logreg_no_subject,vehicle_instability_allraw__yyl__2025_09_28_09_29_01__000514465__pre3_label3_response_coverage,train,0.29580368070857965,0.05,1.0
181,rbf,topk_top1_rbf_fallback_logreg_no_subject,vehicle_instability_allraw__yyl__2025_09_28_09_29_01__000542080__pre3_label3_response_coverage,train,0.6578218621694317,0.05,1.0
182,rbf,topk_top1_rbf_fallback_logreg_no_subject,vehicle_instability_allraw__yyl__2025_09_28_09_39_01__000375965__pre3_label3_response_coverage,train,0.8721775157858245,0.05,1.0
183,rbf,topk_top1_rbf_fallback_logreg_no_subject,vehicle_instability_allraw__yyl__2025_09_28_09_39_01__000513705__pre3_label3_response_coverage,train,0.6258200659879468,0.05,1.0
184,rbf,topk_top1_rbf_fallback_logreg_no_subject,vehicle_instability_allraw__yyl__2025_09_28_09_49_11__000062885__pre3_label3_response_coverage,test,0.9240496357168331,0.05,1.0
185,rbf,topk_top1_rbf_fallback_logreg_no_subject,vehicle_instability_allraw__yyl__2025_09_28_09_49_11__000327680__pre3_label3_response_coverage,test,0.7331491870789212,0.05,1.0
186,rbf,topk_top1_rbf_fallback_logreg_no_subject,vehicle_instability_allraw__yyl__2025_09_28_09_49_11__000484470__pre3_label3_response_coverage,test,0.7420476940178973,0.05,1.0
187,rbf,topk_top1_rbf_fallback_logreg_no_subject,vehicle_instability_allraw__yzy__2025_09_27_14_13_03__000183010__pre3_label3_response_coverage,train,0.6430064868504923,0.05,1.0
188,rbf,topk_top1_rbf_fallback_logreg_no_subject,vehicle_instability_allraw__yzy__2025_09_27_14_13_03__000195245__pre3_label3_response_coverage,train,0.9628490820608453,0.05,1.0
189,rbf,topk_top1_rbf_fallback_logreg_no_subject,vehicle_instability_allraw__yzy__2025_09_27_14_13_03__000216065__pre3_label3_response_coverage,train,0.3933157188809272,0.05,1.0
190,rbf,topk_top1_rbf_fallback_logreg_no_subject,vehicle_instability_allraw__yzy__2025_09_27_14_13_03__000407925__pre3_label3_response_coverage,train,0.7811368642231971,0.05,1.0
191,rbf,topk_top1_rbf_fallback_logreg_no_subject,vehicle_instability_allraw__yzy__2025_09_27_14_13_03__000418350__pre3_label3_response_coverage,train,0.9435442217162875,0.05,1.0
192,rbf,topk_top1_rbf_fallback_logreg_no_subject,vehicle_instability_allraw__yzy__2025_09_27_14_13_03__000455460__pre3_label3_response_coverage,train,0.49553019270933274,0.05,1.0
193,rbf,topk_top1_rbf_fallback_logreg_no_subject,vehicle_instability_allraw__yzy__2025_09_27_14_13_03__000524525__pre3_label3_response_coverage,train,0.6617408973814205,0.05,1.0
194,rbf,topk_top1_rbf_fallback_logreg_no_subject,vehicle_instability_allraw__yzy__2025_09_27_14_13_03__000543975__pre3_label3_response_coverage,train,0.28451567897594393,0.05,1.0
195,rbf,topk_top1_rbf_fallback_logreg_no_subject,vehicle_instability_allraw__yzy__2025_09_27_14_13_03__000573090__pre3_label3_response_coverage,train,0.9998109397864073,0.05,1.0
196,rbf,topk_top1_rbf_fallback_logreg_no_subject,vehicle_instability_allraw__yzy__2025_09_27_14_26_04__000075085__pre3_label3_response_coverage,val,0.9335772219262432,0.05,1.0
197,rbf,topk_top1_rbf_fallback_logreg_no_subject,vehicle_instability_allraw__yzy__2025_09_27_14_26_04__000205385__pre3_label3_response_coverage,val,0.32250497388536364,0.05,1.0
198,rbf,topk_top1_rbf_fallback_logreg_no_subject,vehicle_instability_allraw__yzy__2025_09_27_14_26_04__000385650__pre3_label3_response_coverage,val,0.7500282544798631,0.05,1.0
199,rbf,topk_top1_rbf_fallback_logreg_no_subject,vehicle_instability_allraw__yzy__2025_09_27_14_26_04__000428685__pre3_label3_response_coverage,val,0.796255859097401,0.05,1.0
200,rbf,topk_top1_rbf_fallback_logreg_no_subject,vehicle_instability_allraw__yzy__2025_09_27_14_37_08__000213665__pre3_label3_response_coverage,val,0.2595924276216469,0.05,1.0
201,rbf,topk_top1_rbf_fallback_logreg_no_subject,vehicle_instability_allraw__yzy__2025_09_27_14_37_08__000269385__pre3_label3_response_coverage,val,0.8709821352217871,0.05,1.0
202,rbf,topk_top1_rbf_fallback_logreg_no_subject,vehicle_instability_allraw__yzy__2025_09_27_14_37_08__000376440__pre3_label3_response_coverage,val,0.7712337176760385,0.05,1.0
203,rbf,topk_top1_rbf_fallback_logreg_no_subject,vehicle_instability_allraw__yzy__2025_09_27_15_04_26__000063290__pre3_label3_response_coverage,train,0.4260226793559152,0.05,1.0
204,rbf,topk_top1_rbf_fallback_logreg_no_subject,vehicle_instability_allraw__yzy__2025_09_27_15_07_57__000162845__pre3_label3_response_coverage,train,0.5480006296483513,0.05,1.0
205,rbf,topk_top1_rbf_fallback_logreg_no_subject,vehicle_instability_allraw__yzy__2025_09_27_15_07_57__000292475__pre3_label3_response_coverage,train,0.5215311979434873,0.05,1.0
206,rbf,topk_top1_rbf_fallback_logreg_no_subject,vehicle_instability_allraw__yzy__2025_09_27_15_07_57__000328880__pre3_label3_response_coverage,train,0.5631800133577942,0.05,1.0
207,rbf,topk_top1_rbf_fallback_logreg_no_subject,vehicle_instability_allraw__yzy__2025_09_27_15_07_57__000358900__pre3_label3_response_coverage,train,0.4065135328789914,0.05,1.0
208,rbf,topk_top1_rbf_fallback_logreg_no_subject,vehicle_instability_allraw__yzy__2025_09_27_15_07_57__000447025__pre3_label3_response_coverage,train,0.9633678190550518,0.05,1.0
209,rbf,topk_top1_rbf_fallback_logreg_no_subject,vehicle_instability_allraw__zdq__2025_09_26_15_14_51__000239960__pre3_label3_response_coverage,train,0.192302597031172,0.05,1.0
210,rbf,topk_top1_rbf_fallback_logreg_no_subject,vehicle_instability_allraw__zdq__2025_09_26_15_21_51__000231945__pre3_label3_response_coverage,train,0.5649151913559638,0.05,1.0
211,rbf,topk_top1_rbf_fallback_logreg_no_subject,vehicle_instability_allraw__zdq__2025_09_26_15_27_09__000052510__pre3_label3_response_coverage,train,0.23382573567184425,0.05,1.0
212,rbf,topk_top1_rbf_fallback_logreg_no_subject,vehicle_instability_allraw__zdq__2025_09_26_15_27_09__000060750__pre3_label3_response_coverage,train,0.698764521046308,0.05,1.0
213,rbf,topk_top1_rbf_fallback_logreg_no_subject,vehicle_instability_allraw__zdq__2025_09_26_15_27_09__000456530__pre3_label3_response_coverage,train,0.9966876979434371,0.05,1.0
214,rbf,topk_top1_rbf_fallback_logreg_no_subject,vehicle_instability_allraw__zdq__2025_09_26_15_37_30__000202020__pre3_label3_response_coverage,train,0.39594786628553547,0.05,1.0
215,rbf,topk_top1_rbf_fallback_logreg_no_subject,vehicle_instability_allraw__zdq__2025_09_26_15_52_46__000058070__pre3_label3_response_coverage,train,0.3480237588738245,0.05,1.0
216,rbf,topk_top1_rbf_fallback_logreg_no_subject,vehicle_instability_allraw__zdq__2025_09_26_15_52_46__000130370__pre3_label3_response_coverage,train,0.7395060626761796,0.05,1.0
217,rbf,topk_top1_rbf_fallback_logreg_no_subject,vehicle_instability_allraw__zdq__2025_09_26_15_52_46__000577885__pre3_label3_response_coverage,train,0.8751036120421906,0.05,1.0
218,rbf,topk_top1_rbf_fallback_logreg_no_subject,vehicle_instability_allraw__zdq__2025_09_26_16_03_48__000347185__pre3_label3_response_coverage,train,0.7077064942709187,0.05,1.0
219,rbf,topk_top1_rbf_fallback_logreg_no_subject,vehicle_instability_allraw__zdq__2025_09_26_16_03_48__000471380__pre3_label3_response_coverage,train,0.9736157774816592,0.05,1.0
220,rbf,topk_top1_rbf_fallback_logreg_no_subject,vehicle_instability_allraw__zt__2025_09_28_11_20_08__000158280__pre3_label3_response_coverage,train,0.5518888170942032,0.05,1.0
221,rbf,topk_top1_rbf_fallback_logreg_no_subject,vehicle_instability_allraw__zt__2025_09_28_11_20_08__000270535__pre3_label3_response_coverage,train,0.4365773797161819,0.05,1.0
222,rbf,topk_top1_rbf_fallback_logreg_no_subject,vehicle_instability_allraw__zt__2025_09_28_11_20_08__000416365__pre3_label3_response_coverage,train,0.5487588770080903,0.05,1.0
223,rbf,topk_top1_rbf_fallback_logreg_no_subject,vehicle_instability_allraw__zt__2025_09_28_11_20_08__000472990__pre3_label3_response_coverage,train,0.7950644228357374,0.05,1.0
224,rbf,topk_top1_rbf_fallback_logreg_no_subject,vehicle_instability_allraw__zx__2025_09_27_16_32_00__000101585__pre3_label3_response_coverage,train,0.8122965895184716,0.05,1.0
225,rbf,topk_top1_rbf_fallback_logreg_no_subject,vehicle_instability_allraw__zx__2025_09_27_16_32_00__000312575__pre3_label3_response_coverage,train,0.19045743048024935,0.05,1.0
226,rbf,topk_top1_rbf_fallback_logreg_no_subject,vehicle_instability_allraw__zx__2025_09_27_16_32_00__000398300__pre3_label3_response_coverage,train,0.8856912083711701,0.05,1.0
227,rbf,topk_top1_rbf_fallback_logreg_no_subject,vehicle_instability_allraw__zx__2025_09_27_16_32_00__000421025__pre3_label3_response_coverage,train,0.6165010939900853,0.05,1.0
228,rbf,topk_top1_rbf_fallback_logreg_no_subject,vehicle_instability_allraw__zx__2025_09_27_16_32_00__000490620__pre3_label3_response_coverage,train,0.20933403761995079,0.05,1.0
229,rbf,topk_top1_rbf_fallback_logreg_no_subject,vehicle_instability_allraw__zx__2025_09_27_16_32_00__000645585__pre3_label3_response_coverage,train,0.8595989531683652,0.05,1.0
230,rbf,topk_top1_rbf_fallback_logreg_no_subject,vehicle_instability_allraw__zx__2025_09_27_16_46_13__000078890__pre3_label3_response_coverage,val,0.284085259363865,0.05,1.0
231,rbf,topk_top1_rbf_fallback_logreg_no_subject,vehicle_instability_allraw__zx__2025_09_27_16_46_13__000087075__pre3_label3_response_coverage,val,0.2558700804995524,0.05,1.0
232,rbf,topk_top1_rbf_fallback_logreg_no_subject,vehicle_instability_allraw__zx__2025_09_27_16_46_13__000152930__pre3_label3_response_coverage,val,0.6786336105396072,0.05,1.0
233,rbf,topk_top1_rbf_fallback_logreg_no_subject,vehicle_instability_allraw__zx__2025_09_27_16_46_13__000263295__pre3_label3_response_coverage,val,0.25257196217525424,0.05,1.0
234,rbf,topk_top1_rbf_fallback_logreg_no_subject,vehicle_instability_allraw__zx__2025_09_27_16_46_13__000293010__pre3_label3_response_coverage,val,0.4282268832723401,0.05,1.0
235,rbf,topk_top1_rbf_fallback_logreg_no_subject,vehicle_instability_allraw__zx__2025_09_27_16_46_13__000316255__pre3_label3_response_coverage,val,0.7428537798917827,0.05,1.0
236,rbf,topk_top1_rbf_fallback_logreg_no_subject,vehicle_instability_allraw__zx__2025_09_27_16_46_13__000599550__pre3_label3_response_coverage,val,0.6719038113253387,0.05,1.0
237,rbf,topk_top1_rbf_fallback_logreg_no_subject,vehicle_instability_allraw__zx__2025_09_27_16_46_13__000632670__pre3_label3_response_coverage,val,0.9973831809850487,0.05,1.0
238,rbf,topk_top1_rbf_fallback_logreg_no_subject,vehicle_instability_allraw__zx__2025_09_27_17_14_07__000103335__pre3_label3_response_coverage,train,0.2726639243281594,0.05,1.0
239,rbf,topk_top1_rbf_fallback_logreg_no_subject,vehicle_instability_allraw__zx__2025_09_27_17_14_07__000412950__pre3_label3_response_coverage,train,0.9870726224393582,0.05,1.0
240,rbf,topk_top1_rbf_fallback_logreg_no_subject,vehicle_instability_allraw__zx__2025_09_27_17_25_16__000018420__pre3_label3_response_coverage,train,0.44688334736528207,0.05,1.0
241,rbf,topk_top1_rbf_fallback_logreg_no_subject,vehicle_instability_allraw__zx__2025_09_27_17_25_16__000055950__pre3_label3_response_coverage,train,0.7041812571627639,0.05,1.0
242,rbf,topk_top1_rbf_fallback_logreg_no_subject,vehicle_instability_allraw__zx__2025_09_27_17_29_08__000177210__pre3_label3_response_coverage,train,0.20167814718632468,0.05,1.0
243,rbf,topk_top1_rbf_fallback_logreg_no_subject,vehicle_instability_allraw__zx__2025_09_27_17_29_08__000199530__pre3_label3_response_coverage,train,0.7411186845064832,0.05,1.0
244,rbf,topk_top1_rbf_fallback_logreg_no_subject,vehicle_instability_allraw__zx__2025_09_27_17_45_11__000166410__pre3_label3_response_coverage,val,0.9970798800443444,0.05,1.0
245,rbf,topk_top1_rbf_fallback_logreg_no_subject,vehicle_instability_allraw__zx__2025_09_27_17_45_11__000242010__pre3_label3_response_coverage,val,0.8198442328860855,0.05,1.0
246,rbf,topk_top1_rbf_fallback_logreg_no_subject,vehicle_instability_allraw__zx__2025_09_27_17_45_11__000361280__pre3_label3_response_coverage,val,0.7351871354783792,0.05,1.0
247,rbf,topk_top1_rbf_fallback_logreg_no_subject,vehicle_instability_allraw__zx__2025_09_27_17_45_11__000449820__pre3_label3_response_coverage,val,0.948187771960752,0.05,1.0
248,rbf,topk_top1_rbf_fallback_logreg_no_subject,vehicle_instability_allraw__zx__2025_09_27_17_56_42__000080875__pre3_label3_response_coverage,train,0.851270193418243,0.05,1.0
249,rbf,topk_top1_rbf_fallback_logreg_no_subject,vehicle_instability_allraw__zx__2025_09_27_17_56_42__000108650__pre3_label3_response_coverage,train,0.5975460248151977,0.05,1.0
250,rbf,topk_top1_rbf_fallback_logreg_no_subject,vehicle_instability_allraw__zx__2025_09_27_18_00_08__000020450__pre3_label3_response_coverage,test,0.5502279089562059,0.05,1.0
251,rbf,topk_top1_rbf_fallback_logreg_no_subject,vehicle_instability_allraw__zx__2025_09_27_18_00_08__000149680__pre3_label3_response_coverage,test,0.917987515726851,0.05,1.0
252,rbf,topk_top1_rbf_fallback_logreg_no_subject,vehicle_instability_allraw__zx__2025_09_27_18_00_08__000173505__pre3_label3_response_coverage,test,0.9151785585235089,0.05,1.0
253,rbf,topk_top1_rbf_fallback_logreg_no_subject,vehicle_instability_allraw__zx__2025_09_27_18_00_08__000353905__pre3_label3_response_coverage,test,0.9881942569711883,0.05,1.0
254,rbf,topk_top1_rbf_fallback_logreg_no_subject,vehicle_instability_allraw__zx__2025_09_27_18_07_01__000048255__pre3_label3_response_coverage,train,0.9056773206175106,0.05,1.0
255,rbf,topk_top1_rbf_fallback_logreg_no_subject,vehicle_instability_allraw__zx__2025_09_27_18_07_01__000071310__pre3_label3_response_coverage,train,0.9922282403052138,0.05,1.0
256,rbf,topk_top1_rbf_fallback_logreg_no_subject,vehicle_instability_allraw__zx__2025_09_27_18_07_01__000376460__pre3_label3_response_coverage,train,0.9995316253577075,0.05,1.0
257,rbf,topk_top1_rbf_fallback_logreg_no_subject,vehicle_instability_allraw__zx__2025_09_27_18_07_01__000584705__pre3_label3_response_coverage,train,0.8205692085517201,0.05,1.0
258,rbf,topk_top1_rbf_fallback_logreg_no_subject,vehicle_instability_allraw__zx__2025_09_27_18_17_48__000096340__pre3_label3_response_coverage,train,0.3320642393485233,0.05,1.0
259,rbf,topk_top1_rbf_fallback_logreg_no_subject,vehicle_instability_allraw__zx__2025_09_27_18_17_48__000253945__pre3_label3_response_coverage,train,0.22710970143624776,0.05,1.0
260,rbf,topk_top1_rbf_fallback_logreg_no_subject,vehicle_instability_allraw__zx__2025_09_27_18_17_48__000377105__pre3_label3_response_coverage,train,0.6501945253277054,0.05,1.0
261,rbf,topk_top1_rbf_fallback_logreg_no_subject,vehicle_instability_allraw__zx__2025_09_27_18_17_48__000468965__pre3_label3_response_coverage,train,0.9695208980744191,0.05,1.0
262,rbf,topk_top1_rbf_fallback_logreg_no_subject,vehicle_instability_allraw__zx__2025_09_27_18_17_48__000554770__pre3_label3_response_coverage,train,0.9897291034352066,0.05,1.0
263,rbf,topk_top1_rbf_fallback_logreg_no_subject,vehicle_instability_allraw__zxy__2025_09_28_15_57_38__000182350__pre3_label3_response_coverage,test,0.9488096175035426,0.05,1.0
264,rbf,topk_top1_rbf_fallback_logreg_no_subject,vehicle_instability_allraw__zxy__2025_09_28_16_01_55__000349230__pre3_label3_response_coverage,val,0.18681682721402823,0.05,1.0
265,rbf,topk_top1_rbf_fallback_logreg_no_subject,vehicle_instability_allraw__zxy__2025_09_28_16_01_55__000377385__pre3_label3_response_coverage,val,0.8315410089467462,0.05,1.0
266,rbf,topk_top1_rbf_fallback_logreg_no_subject,vehicle_instability_allraw__zxy__2025_09_28_16_12_11__000090925__pre3_label3_response_coverage,train,0.4833529196159364,0.05,1.0
267,rbf,topk_top1_rbf_fallback_logreg_no_subject,vehicle_instability_allraw__zxy__2025_09_28_16_12_11__000283050__pre3_label3_response_coverage,train,0.7546696752968813,0.05,1.0
268,rbf,topk_top1_rbf_fallback_logreg_no_subject,vehicle_instability_allraw__zxy__2025_09_28_16_12_11__000387335__pre3_label3_response_coverage,train,0.823872390801954,0.05,1.0
269,top1,topk_top1_rbf_fallback_logreg_no_subject,vehicle_instability_allraw__zxy__2025_09_28_16_35_30__000467085__pre3_label3_response_coverage,test,0.00854539652634388,0.05,1.0
0,rbf,oracle_best_of_rbf_plus_topk_upper_bound,vehicle_instability_allraw__byx__2025_09_28_17_05_51__000060840__pre3_label3_response_coverage,train,,,
1,branch0,oracle_best_of_rbf_plus_topk_upper_bound,vehicle_instability_allraw__byx__2025_09_28_17_05_51__000187815__pre3_label3_response_coverage,train,,,
2,rbf,oracle_best_of_rbf_plus_topk_upper_bound,vehicle_instability_allraw__byx__2025_09_28_17_05_51__000349300__pre3_label3_response_coverage,train,,,
3,rbf,oracle_best_of_rbf_plus_topk_upper_bound,vehicle_instability_allraw__byx__2025_09_28_17_15_52__000058865__pre3_label3_response_coverage,train,,,
4,rbf,oracle_best_of_rbf_plus_topk_upper_bound,vehicle_instability_allraw__byx__2025_09_28_17_15_52__000131145__pre3_label3_response_coverage,train,,,
5,rbf,oracle_best_of_rbf_plus_topk_upper_bound,vehicle_instability_allraw__byx__2025_09_28_17_15_52__000216345__pre3_label3_response_coverage,train,,,
6,rbf,oracle_best_of_rbf_plus_topk_upper_bound,vehicle_instability_allraw__byx__2025_09_28_17_25_18__000065550__pre3_label3_response_coverage,train,,,
7,branch2,oracle_best_of_rbf_plus_topk_upper_bound,vehicle_instability_allraw__byx__2025_09_28_17_25_18__000164150__pre3_label3_response_coverage,train,,,
8,rbf,oracle_best_of_rbf_plus_topk_upper_bound,vehicle_instability_allraw__byx__2025_09_28_17_25_18__000275870__pre3_label3_response_coverage,train,,,
9,rbf,oracle_best_of_rbf_plus_topk_upper_bound,vehicle_instability_allraw__byx__2025_09_28_17_25_18__000384190__pre3_label3_response_coverage,train,,,
10,branch2,oracle_best_of_rbf_plus_topk_upper_bound,vehicle_instability_allraw__byx__2025_09_28_17_35_43__000078915__pre3_label3_response_coverage,train,,,
11,rbf,oracle_best_of_rbf_plus_topk_upper_bound,vehicle_instability_allraw__byx__2025_09_28_17_35_43__000199335__pre3_label3_response_coverage,train,,,
12,rbf,oracle_best_of_rbf_plus_topk_upper_bound,vehicle_instability_allraw__byx__2025_09_28_17_35_43__000231020__pre3_label3_response_coverage,train,,,
13,rbf,oracle_best_of_rbf_plus_topk_upper_bound,vehicle_instability_allraw__byx__2025_09_28_17_35_43__000329825__pre3_label3_response_coverage,train,,,
14,branch1,oracle_best_of_rbf_plus_topk_upper_bound,vehicle_instability_allraw__byx__2025_09_28_17_46_00__000095580__pre3_label3_response_coverage,test,,,
15,branch0,oracle_best_of_rbf_plus_topk_upper_bound,vehicle_instability_allraw__byx__2025_09_28_17_46_00__000215315__pre3_label3_response_coverage,test,,,
16,rbf,oracle_best_of_rbf_plus_topk_upper_bound,vehicle_instability_allraw__cwh__2025_09_26_19_27_21__000065145__pre3_label3_response_coverage,train,,,
17,branch2,oracle_best_of_rbf_plus_topk_upper_bound,vehicle_instability_allraw__cwh__2025_09_26_19_35_47__000225295__pre3_label3_response_coverage,train,,,
18,rbf,oracle_best_of_rbf_plus_topk_upper_bound,vehicle_instability_allraw__cwh__2025_09_26_19_35_47__000453095__pre3_label3_response_coverage,train,,,
19,rbf,oracle_best_of_rbf_plus_topk_upper_bound,vehicle_instability_allraw__cwh__2025_09_26_19_35_47__000527630__pre3_label3_response_coverage,train,,,
20,branch2,oracle_best_of_rbf_plus_topk_upper_bound,vehicle_instability_allraw__cwh__2025_09_26_19_45_40__000089205__pre3_label3_response_coverage,train,,,
21,rbf,oracle_best_of_rbf_plus_topk_upper_bound,vehicle_instability_allraw__cwh__2025_09_26_19_45_40__000165100__pre3_label3_response_coverage,train,,,
22,branch2,oracle_best_of_rbf_plus_topk_upper_bound,vehicle_instability_allraw__cwh__2025_09_26_19_45_40__000214250__pre3_label3_response_coverage,train,,,
23,rbf,oracle_best_of_rbf_plus_topk_upper_bound,vehicle_instability_allraw__cwh__2025_09_26_19_45_40__000341005__pre3_label3_response_coverage,train,,,
24,branch2,oracle_best_of_rbf_plus_topk_upper_bound,vehicle_instability_allraw__cwh__2025_09_26_19_56_16__000205130__pre3_label3_response_coverage,val,,,
25,rbf,oracle_best_of_rbf_plus_topk_upper_bound,vehicle_instability_allraw__cwh__2025_09_26_19_56_16__000309365__pre3_label3_response_coverage,val,,,
26,branch1,oracle_best_of_rbf_plus_topk_upper_bound,vehicle_instability_allraw__cwh__2025_09_26_19_56_16__000329785__pre3_label3_response_coverage,val,,,
27,branch2,oracle_best_of_rbf_plus_topk_upper_bound,vehicle_instability_allraw__cwh__2025_09_26_19_56_16__000388180__pre3_label3_response_coverage,val,,,
28,rbf,oracle_best_of_rbf_plus_topk_upper_bound,vehicle_instability_allraw__cwh__2025_09_26_20_06_19__000204045__pre3_label3_response_coverage,train,,,
29,branch1,oracle_best_of_rbf_plus_topk_upper_bound,vehicle_instability_allraw__cwh__2025_09_26_20_06_19__000315730__pre3_label3_response_coverage,train,,,
30,rbf,oracle_best_of_rbf_plus_topk_upper_bound,vehicle_instability_allraw__cwh__2025_09_26_20_06_19__000480390__pre3_label3_response_coverage,train,,,
31,branch1,oracle_best_of_rbf_plus_topk_upper_bound,vehicle_instability_allraw__gf__2025_09_26_10_18_49__000233845__pre3_label3_response_coverage,train,,,
32,rbf,oracle_best_of_rbf_plus_topk_upper_bound,vehicle_instability_allraw__gf__2025_09_26_10_18_49__000439375__pre3_label3_response_coverage,train,,,
33,branch0,oracle_best_of_rbf_plus_topk_upper_bound,vehicle_instability_allraw__gf__2025_09_26_10_30_12__000223260__pre3_label3_response_coverage,test,,,
34,branch0,oracle_best_of_rbf_plus_topk_upper_bound,vehicle_instability_allraw__gf__2025_09_26_10_30_12__000425785__pre3_label3_response_coverage,test,,,
35,branch2,oracle_best_of_rbf_plus_topk_upper_bound,vehicle_instability_allraw__gf__2025_09_26_10_40_59__000180655__pre3_label3_response_coverage,train,,,
36,branch1,oracle_best_of_rbf_plus_topk_upper_bound,vehicle_instability_allraw__gf__2025_09_26_10_40_59__000232065__pre3_label3_response_coverage,train,,,
37,rbf,oracle_best_of_rbf_plus_topk_upper_bound,vehicle_instability_allraw__gf__2025_09_26_10_52_57__000300870__pre3_label3_response_coverage,test,,,
38,rbf,oracle_best_of_rbf_plus_topk_upper_bound,vehicle_instability_allraw__gf__2025_09_26_10_52_57__000471505__pre3_label3_response_coverage,test,,,
39,rbf,oracle_best_of_rbf_plus_topk_upper_bound,vehicle_instability_allraw__gzj__2025_09_27_11_41_47__000180015__pre3_label3_response_coverage,train,,,
40,rbf,oracle_best_of_rbf_plus_topk_upper_bound,vehicle_instability_allraw__gzj__2025_09_27_11_41_47__000211485__pre3_label3_response_coverage,train,,,
41,branch2,oracle_best_of_rbf_plus_topk_upper_bound,vehicle_instability_allraw__gzj__2025_09_27_11_41_47__000260065__pre3_label3_response_coverage,train,,,
42,rbf,oracle_best_of_rbf_plus_topk_upper_bound,vehicle_instability_allraw__gzj__2025_09_27_11_41_47__000413415__pre3_label3_response_coverage,train,,,
43,branch1,oracle_best_of_rbf_plus_topk_upper_bound,vehicle_instability_allraw__gzj__2025_09_27_11_41_47__000431340__pre3_label3_response_coverage,train,,,
44,branch1,oracle_best_of_rbf_plus_topk_upper_bound,vehicle_instability_allraw__gzj__2025_09_27_11_53_25__000229945__pre3_label3_response_coverage,train,,,
45,branch2,oracle_best_of_rbf_plus_topk_upper_bound,vehicle_instability_allraw__gzj__2025_09_27_11_53_25__000283210__pre3_label3_response_coverage,train,,,
46,branch0,oracle_best_of_rbf_plus_topk_upper_bound,vehicle_instability_allraw__gzj__2025_09_27_11_53_25__000308920__pre3_label3_response_coverage,train,,,
47,branch2,oracle_best_of_rbf_plus_topk_upper_bound,vehicle_instability_allraw__gzj__2025_09_27_11_53_25__000575025__pre3_label3_response_coverage,train,,,
48,rbf,oracle_best_of_rbf_plus_topk_upper_bound,vehicle_instability_allraw__gzj__2025_09_27_12_04_23__000095835__pre3_label3_response_coverage,train,,,
49,branch2,oracle_best_of_rbf_plus_topk_upper_bound,vehicle_instability_allraw__gzj__2025_09_27_12_04_23__000143790__pre3_label3_response_coverage,train,,,
50,branch2,oracle_best_of_rbf_plus_topk_upper_bound,vehicle_instability_allraw__gzj__2025_09_27_12_04_23__000173350__pre3_label3_response_coverage,train,,,
51,rbf,oracle_best_of_rbf_plus_topk_upper_bound,vehicle_instability_allraw__gzj__2025_09_27_12_04_23__000215140__pre3_label3_response_coverage,train,,,
52,branch1,oracle_best_of_rbf_plus_topk_upper_bound,vehicle_instability_allraw__gzj__2025_09_27_12_04_23__000297385__pre3_label3_response_coverage,train,,,
53,branch0,oracle_best_of_rbf_plus_topk_upper_bound,vehicle_instability_allraw__gzj__2025_09_27_12_17_12__000053185__pre3_label3_response_coverage,test,,,
54,branch1,oracle_best_of_rbf_plus_topk_upper_bound,vehicle_instability_allraw__gzj__2025_09_27_12_17_12__000081700__pre3_label3_response_coverage,test,,,
55,rbf,oracle_best_of_rbf_plus_topk_upper_bound,vehicle_instability_allraw__gzj__2025_09_27_12_17_12__000175240__pre3_label3_response_coverage,test,,,
56,branch0,oracle_best_of_rbf_plus_topk_upper_bound,vehicle_instability_allraw__gzj__2025_09_27_12_17_12__000186555__pre3_label3_response_coverage,test,,,
57,rbf,oracle_best_of_rbf_plus_topk_upper_bound,vehicle_instability_allraw__gzj__2025_09_27_12_17_12__000273440__pre3_label3_response_coverage,test,,,
58,branch1,oracle_best_of_rbf_plus_topk_upper_bound,vehicle_instability_allraw__gzj__2025_09_27_12_17_12__000362460__pre3_label3_response_coverage,test,,,
59,branch2,oracle_best_of_rbf_plus_topk_upper_bound,vehicle_instability_allraw__gzj__2025_09_27_12_17_12__000392590__pre3_label3_response_coverage,test,,,
60,branch1,oracle_best_of_rbf_plus_topk_upper_bound,vehicle_instability_allraw__gzj__2025_09_27_12_17_12__000518180__pre3_label3_response_coverage,test,,,
61,branch2,oracle_best_of_rbf_plus_topk_upper_bound,vehicle_instability_allraw__gzj__2025_09_27_12_17_12__000585940__pre3_label3_response_coverage,test,,,
62,rbf,oracle_best_of_rbf_plus_topk_upper_bound,vehicle_instability_allraw__gzj__2025_09_27_12_28_14__000104490__pre3_label3_response_coverage,train,,,
63,branch1,oracle_best_of_rbf_plus_topk_upper_bound,vehicle_instability_allraw__gzj__2025_09_27_12_28_14__000184075__pre3_label3_response_coverage,train,,,
64,rbf,oracle_best_of_rbf_plus_topk_upper_bound,vehicle_instability_allraw__gzj__2025_09_27_12_28_14__000198480__pre3_label3_response_coverage,train,,,
65,branch2,oracle_best_of_rbf_plus_topk_upper_bound,vehicle_instability_allraw__gzj__2025_09_27_12_28_14__000308055__pre3_label3_response_coverage,train,,,
66,branch1,oracle_best_of_rbf_plus_topk_upper_bound,vehicle_instability_allraw__gzj__2025_09_27_12_28_14__000331425__pre3_label3_response_coverage,train,,,
67,rbf,oracle_best_of_rbf_plus_topk_upper_bound,vehicle_instability_allraw__gzj__2025_09_27_12_28_14__000362825__pre3_label3_response_coverage,train,,,
68,branch0,oracle_best_of_rbf_plus_topk_upper_bound,vehicle_instability_allraw__hzh__2025_09_26_20_50_27__000034605__pre3_label3_response_coverage,test,,,
69,rbf,oracle_best_of_rbf_plus_topk_upper_bound,vehicle_instability_allraw__hzh__2025_09_26_20_50_27__000128695__pre3_label3_response_coverage,test,,,
70,branch0,oracle_best_of_rbf_plus_topk_upper_bound,vehicle_instability_allraw__hzh__2025_09_26_20_50_27__000245880__pre3_label3_response_coverage,test,,,
71,branch2,oracle_best_of_rbf_plus_topk_upper_bound,vehicle_instability_allraw__hzh__2025_09_26_20_50_27__000681250__pre3_label3_response_coverage,test,,,
72,branch2,oracle_best_of_rbf_plus_topk_upper_bound,vehicle_instability_allraw__hzh__2025_09_26_21_03_19__000202260__pre3_label3_response_coverage,test,,,
73,branch1,oracle_best_of_rbf_plus_topk_upper_bound,vehicle_instability_allraw__hzh__2025_09_26_21_03_19__000221890__pre3_label3_response_coverage,test,,,
74,branch0,oracle_best_of_rbf_plus_topk_upper_bound,vehicle_instability_allraw__hzh__2025_09_26_21_03_19__000326200__pre3_label3_response_coverage,test,,,
75,rbf,oracle_best_of_rbf_plus_topk_upper_bound,vehicle_instability_allraw__hzh__2025_09_26_21_03_19__000504660__pre3_label3_response_coverage,test,,,
76,rbf,oracle_best_of_rbf_plus_topk_upper_bound,vehicle_instability_allraw__hzh__2025_09_26_21_17_02__000110230__pre3_label3_response_coverage,train,,,
77,rbf,oracle_best_of_rbf_plus_topk_upper_bound,vehicle_instability_allraw__hzh__2025_09_26_21_17_02__000422495__pre3_label3_response_coverage,train,,,
78,rbf,oracle_best_of_rbf_plus_topk_upper_bound,vehicle_instability_allraw__hzh__2025_09_27_19_22_27__000054775__pre3_label3_response_coverage,train,,,
79,rbf,oracle_best_of_rbf_plus_topk_upper_bound,vehicle_instability_allraw__hzh__2025_09_27_19_22_27__000193515__pre3_label3_response_coverage,train,,,
80,branch0,oracle_best_of_rbf_plus_topk_upper_bound,vehicle_instability_allraw__hzh__2025_09_27_19_22_27__000331710__pre3_label3_response_coverage,train,,,
81,rbf,oracle_best_of_rbf_plus_topk_upper_bound,vehicle_instability_allraw__hzh__2025_09_27_19_33_25__000059360__pre3_label3_response_coverage,train,,,
82,branch2,oracle_best_of_rbf_plus_topk_upper_bound,vehicle_instability_allraw__hzh__2025_09_27_19_33_25__000164300__pre3_label3_response_coverage,train,,,
83,rbf,oracle_best_of_rbf_plus_topk_upper_bound,vehicle_instability_allraw__hzh__2025_09_27_19_33_25__000297885__pre3_label3_response_coverage,train,,,
84,rbf,oracle_best_of_rbf_plus_topk_upper_bound,vehicle_instability_allraw__hzh__2025_09_27_19_33_25__000511405__pre3_label3_response_coverage,train,,,
85,rbf,oracle_best_of_rbf_plus_topk_upper_bound,vehicle_instability_allraw__hzh__2025_09_27_19_44_05__000081885__pre3_label3_response_coverage,test,,,
86,rbf,oracle_best_of_rbf_plus_topk_upper_bound,vehicle_instability_allraw__hzh__2025_09_27_19_44_05__000176245__pre3_label3_response_coverage,test,,,
87,branch2,oracle_best_of_rbf_plus_topk_upper_bound,vehicle_instability_allraw__hzh__2025_09_27_19_44_05__000218700__pre3_label3_response_coverage,test,,,
88,rbf,oracle_best_of_rbf_plus_topk_upper_bound,vehicle_instability_allraw__hzh__2025_09_27_19_44_05__000246255__pre3_label3_response_coverage,test,,,
89,rbf,oracle_best_of_rbf_plus_topk_upper_bound,vehicle_instability_allraw__hzh__2025_09_27_19_44_05__000326390__pre3_label3_response_coverage,test,,,
90,rbf,oracle_best_of_rbf_plus_topk_upper_bound,vehicle_instability_allraw__hzh__2025_09_27_19_44_05__000345860__pre3_label3_response_coverage,test,,,
91,branch2,oracle_best_of_rbf_plus_topk_upper_bound,vehicle_instability_allraw__jy__2025_09_26_17_17_11__000240445__pre3_label3_response_coverage,train,,,
92,rbf,oracle_best_of_rbf_plus_topk_upper_bound,vehicle_instability_allraw__jy__2025_09_26_17_17_11__000414405__pre3_label3_response_coverage,train,,,
93,rbf,oracle_best_of_rbf_plus_topk_upper_bound,vehicle_instability_allraw__jy__2025_09_26_17_17_11__000547665__pre3_label3_response_coverage,train,,,
94,rbf,oracle_best_of_rbf_plus_topk_upper_bound,vehicle_instability_allraw__jy__2025_09_26_17_29_44__000426110__pre3_label3_response_coverage,train,,,
95,rbf,oracle_best_of_rbf_plus_topk_upper_bound,vehicle_instability_allraw__jy__2025_09_26_17_29_44__000500270__pre3_label3_response_coverage,train,,,
96,branch2,oracle_best_of_rbf_plus_topk_upper_bound,vehicle_instability_allraw__jy__2025_09_26_17_29_44__000535550__pre3_label3_response_coverage,train,,,
97,rbf,oracle_best_of_rbf_plus_topk_upper_bound,vehicle_instability_allraw__jy__2025_09_26_17_29_44__000540950__pre3_label3_response_coverage,train,,,
98,rbf,oracle_best_of_rbf_plus_topk_upper_bound,vehicle_instability_allraw__jy__2025_09_26_17_40_51__000069905__pre3_label3_response_coverage,train,,,
99,rbf,oracle_best_of_rbf_plus_topk_upper_bound,vehicle_instability_allraw__jy__2025_09_26_17_40_51__000228515__pre3_label3_response_coverage,train,,,
100,branch1,oracle_best_of_rbf_plus_topk_upper_bound,vehicle_instability_allraw__jy__2025_09_26_17_40_51__000445490__pre3_label3_response_coverage,train,,,
101,rbf,oracle_best_of_rbf_plus_topk_upper_bound,vehicle_instability_allraw__jy__2025_09_26_17_40_51__000526105__pre3_label3_response_coverage,train,,,
102,rbf,oracle_best_of_rbf_plus_topk_upper_bound,vehicle_instability_allraw__jy__2025_09_26_17_51_46__000542335__pre3_label3_response_coverage,train,,,
103,branch0,oracle_best_of_rbf_plus_topk_upper_bound,vehicle_instability_allraw__jy__2025_09_26_18_01_40__000064705__pre3_label3_response_coverage,val,,,
104,rbf,oracle_best_of_rbf_plus_topk_upper_bound,vehicle_instability_allraw__jy__2025_09_26_18_01_40__000198735__pre3_label3_response_coverage,val,,,
105,rbf,oracle_best_of_rbf_plus_topk_upper_bound,vehicle_instability_allraw__jy__2025_09_26_18_01_40__000326600__pre3_label3_response_coverage,val,,,
106,rbf,oracle_best_of_rbf_plus_topk_upper_bound,vehicle_instability_allraw__lx__2025_09_26_09_17_22__000135315__pre3_label3_response_coverage,train,,,
107,branch1,oracle_best_of_rbf_plus_topk_upper_bound,vehicle_instability_allraw__lx__2025_09_26_09_17_22__000215535__pre3_label3_response_coverage,train,,,
108,rbf,oracle_best_of_rbf_plus_topk_upper_bound,vehicle_instability_allraw__lx__2025_09_26_09_17_22__000385260__pre3_label3_response_coverage,train,,,
109,rbf,oracle_best_of_rbf_plus_topk_upper_bound,vehicle_instability_allraw__lx__2025_09_26_09_17_22__000480490__pre3_label3_response_coverage,train,,,
110,rbf,oracle_best_of_rbf_plus_topk_upper_bound,vehicle_instability_allraw__lxy__2025_09_28_17_55_52__000089180__pre3_label3_response_coverage,train,,,
111,branch0,oracle_best_of_rbf_plus_topk_upper_bound,vehicle_instability_allraw__lxy__2025_09_28_17_55_52__000357070__pre3_label3_response_coverage,train,,,
112,rbf,oracle_best_of_rbf_plus_topk_upper_bound,vehicle_instability_allraw__lxy__2025_09_28_17_55_52__000380645__pre3_label3_response_coverage,train,,,
113,rbf,oracle_best_of_rbf_plus_topk_upper_bound,vehicle_instability_allraw__lxy__2025_09_28_17_55_52__000448640__pre3_label3_response_coverage,train,,,
114,rbf,oracle_best_of_rbf_plus_topk_upper_bound,vehicle_instability_allraw__lxy__2025_09_28_17_55_52__000541050__pre3_label3_response_coverage,train,,,
115,rbf,oracle_best_of_rbf_plus_topk_upper_bound,vehicle_instability_allraw__lxy__2025_09_28_18_06_16__000057770__pre3_label3_response_coverage,train,,,
116,branch2,oracle_best_of_rbf_plus_topk_upper_bound,vehicle_instability_allraw__lxy__2025_09_28_18_06_16__000084330__pre3_label3_response_coverage,train,,,
117,rbf,oracle_best_of_rbf_plus_topk_upper_bound,vehicle_instability_allraw__lxy__2025_09_28_18_06_16__000133655__pre3_label3_response_coverage,train,,,
118,rbf,oracle_best_of_rbf_plus_topk_upper_bound,vehicle_instability_allraw__lxy__2025_09_28_18_06_16__000250730__pre3_label3_response_coverage,train,,,
119,rbf,oracle_best_of_rbf_plus_topk_upper_bound,vehicle_instability_allraw__lxy__2025_09_28_18_19_35__000129055__pre3_label3_response_coverage,train,,,
120,rbf,oracle_best_of_rbf_plus_topk_upper_bound,vehicle_instability_allraw__lxy__2025_09_28_18_19_35__000175350__pre3_label3_response_coverage,train,,,
121,branch1,oracle_best_of_rbf_plus_topk_upper_bound,vehicle_instability_allraw__lxy__2025_09_28_18_19_35__000290870__pre3_label3_response_coverage,train,,,
122,rbf,oracle_best_of_rbf_plus_topk_upper_bound,vehicle_instability_allraw__lxy__2025_09_28_18_19_35__000320035__pre3_label3_response_coverage,train,,,
123,rbf,oracle_best_of_rbf_plus_topk_upper_bound,vehicle_instability_allraw__lxy__2025_09_28_18_19_35__000334720__pre3_label3_response_coverage,train,,,
124,rbf,oracle_best_of_rbf_plus_topk_upper_bound,vehicle_instability_allraw__lxy__2025_09_28_18_19_35__000402090__pre3_label3_response_coverage,train,,,
125,rbf,oracle_best_of_rbf_plus_topk_upper_bound,vehicle_instability_allraw__lxy__2025_09_28_18_19_35__000481970__pre3_label3_response_coverage,train,,,
126,rbf,oracle_best_of_rbf_plus_topk_upper_bound,vehicle_instability_allraw__rjy__2025_09_28_19_33_26__000137120__pre3_label3_response_coverage,train,,,
127,rbf,oracle_best_of_rbf_plus_topk_upper_bound,vehicle_instability_allraw__rjy__2025_09_28_19_33_26__000439360__pre3_label3_response_coverage,train,,,
128,rbf,oracle_best_of_rbf_plus_topk_upper_bound,vehicle_instability_allraw__rjy__2025_09_28_19_33_26__000515545__pre3_label3_response_coverage,train,,,
129,branch2,oracle_best_of_rbf_plus_topk_upper_bound,vehicle_instability_allraw__rjy__2025_09_28_19_33_26__000598710__pre3_label3_response_coverage,train,,,
130,branch1,oracle_best_of_rbf_plus_topk_upper_bound,vehicle_instability_allraw__rjy__2025_09_28_19_51_44__000180850__pre3_label3_response_coverage,train,,,
131,rbf,oracle_best_of_rbf_plus_topk_upper_bound,vehicle_instability_allraw__rjy__2025_09_28_19_51_44__000209520__pre3_label3_response_coverage,train,,,
132,rbf,oracle_best_of_rbf_plus_topk_upper_bound,vehicle_instability_allraw__rjy__2025_09_28_19_51_44__000340405__pre3_label3_response_coverage,train,,,
133,rbf,oracle_best_of_rbf_plus_topk_upper_bound,vehicle_instability_allraw__rjy__2025_09_28_19_51_44__000384965__pre3_label3_response_coverage,train,,,
134,branch1,oracle_best_of_rbf_plus_topk_upper_bound,vehicle_instability_allraw__rjy__2025_09_28_19_51_44__000463330__pre3_label3_response_coverage,train,,,
135,rbf,oracle_best_of_rbf_plus_topk_upper_bound,vehicle_instability_allraw__rjy__2025_09_28_20_02_20__000137410__pre3_label3_response_coverage,train,,,
136,rbf,oracle_best_of_rbf_plus_topk_upper_bound,vehicle_instability_allraw__rjy__2025_09_28_20_02_20__000500840__pre3_label3_response_coverage,train,,,
137,rbf,oracle_best_of_rbf_plus_topk_upper_bound,vehicle_instability_allraw__rjy__2025_09_28_20_02_20__000703720__pre3_label3_response_coverage,train,,,
138,branch1,oracle_best_of_rbf_plus_topk_upper_bound,vehicle_instability_allraw__rjy__2025_09_28_20_15_42__000221270__pre3_label3_response_coverage,val,,,
139,branch2,oracle_best_of_rbf_plus_topk_upper_bound,vehicle_instability_allraw__rjy__2025_09_28_20_15_42__000378840__pre3_label3_response_coverage,val,,,
140,branch1,oracle_best_of_rbf_plus_topk_upper_bound,vehicle_instability_allraw__rjy__2025_09_28_20_15_42__000382075__pre3_label3_response_coverage,val,,,
141,branch0,oracle_best_of_rbf_plus_topk_upper_bound,vehicle_instability_allraw__rjy__2025_09_28_20_15_42__000547420__pre3_label3_response_coverage,val,,,
142,branch0,oracle_best_of_rbf_plus_topk_upper_bound,vehicle_instability_allraw__rjy__2025_09_28_20_15_42__000560065__pre3_label3_response_coverage,val,,,
143,rbf,oracle_best_of_rbf_plus_topk_upper_bound,vehicle_instability_allraw__txj__2025_09_27_08_40_46__000139565__pre3_label3_response_coverage,val,,,
144,branch0,oracle_best_of_rbf_plus_topk_upper_bound,vehicle_instability_allraw__txj__2025_09_27_08_40_46__000301130__pre3_label3_response_coverage,val,,,
145,branch0,oracle_best_of_rbf_plus_topk_upper_bound,vehicle_instability_allraw__txj__2025_09_27_08_40_46__000441855__pre3_label3_response_coverage,val,,,
146,rbf,oracle_best_of_rbf_plus_topk_upper_bound,vehicle_instability_allraw__txj__2025_09_27_08_40_46__000633830__pre3_label3_response_coverage,val,,,
147,branch1,oracle_best_of_rbf_plus_topk_upper_bound,vehicle_instability_allraw__txj__2025_09_27_08_40_46__000660595__pre3_label3_response_coverage,val,,,
148,rbf,oracle_best_of_rbf_plus_topk_upper_bound,vehicle_instability_allraw__txj__2025_09_27_08_40_46__000687315__pre3_label3_response_coverage,val,,,
149,rbf,oracle_best_of_rbf_plus_topk_upper_bound,vehicle_instability_allraw__txj__2025_09_27_08_53_44__000300320__pre3_label3_response_coverage,val,,,
150,rbf,oracle_best_of_rbf_plus_topk_upper_bound,vehicle_instability_allraw__txj__2025_09_27_08_53_44__000326790__pre3_label3_response_coverage,val,,,
151,rbf,oracle_best_of_rbf_plus_topk_upper_bound,vehicle_instability_allraw__txj__2025_09_27_08_53_44__000386965__pre3_label3_response_coverage,val,,,
152,branch0,oracle_best_of_rbf_plus_topk_upper_bound,vehicle_instability_allraw__txj__2025_09_27_09_06_19__000084165__pre3_label3_response_coverage,train,,,
153,branch0,oracle_best_of_rbf_plus_topk_upper_bound,vehicle_instability_allraw__txj__2025_09_27_09_06_19__000242365__pre3_label3_response_coverage,train,,,
154,rbf,oracle_best_of_rbf_plus_topk_upper_bound,vehicle_instability_allraw__txj__2025_09_27_09_06_19__000575870__pre3_label3_response_coverage,train,,,
155,rbf,oracle_best_of_rbf_plus_topk_upper_bound,vehicle_instability_allraw__txj__2025_09_27_09_06_19__000604150__pre3_label3_response_coverage,train,,,
156,branch1,oracle_best_of_rbf_plus_topk_upper_bound,vehicle_instability_allraw__txj__2025_09_27_09_17_11__000060790__pre3_label3_response_coverage,train,,,
157,branch1,oracle_best_of_rbf_plus_topk_upper_bound,vehicle_instability_allraw__txj__2025_09_27_09_17_11__000243345__pre3_label3_response_coverage,train,,,
158,rbf,oracle_best_of_rbf_plus_topk_upper_bound,vehicle_instability_allraw__txj__2025_09_27_09_17_11__000498455__pre3_label3_response_coverage,train,,,
159,rbf,oracle_best_of_rbf_plus_topk_upper_bound,vehicle_instability_allraw__tyy__2025_09_28_14_23_43__000177395__pre3_label3_response_coverage,train,,,
160,branch1,oracle_best_of_rbf_plus_topk_upper_bound,vehicle_instability_allraw__tyy__2025_09_28_14_23_43__000286995__pre3_label3_response_coverage,train,,,
161,rbf,oracle_best_of_rbf_plus_topk_upper_bound,vehicle_instability_allraw__tyy__2025_09_28_14_23_43__000302720__pre3_label3_response_coverage,train,,,
162,branch1,oracle_best_of_rbf_plus_topk_upper_bound,vehicle_instability_allraw__tyy__2025_09_28_14_23_43__000500235__pre3_label3_response_coverage,train,,,
163,rbf,oracle_best_of_rbf_plus_topk_upper_bound,vehicle_instability_allraw__tyy__2025_09_28_14_23_43__000628070__pre3_label3_response_coverage,train,,,
164,branch1,oracle_best_of_rbf_plus_topk_upper_bound,vehicle_instability_allraw__tyy__2025_09_28_14_23_43__000665155__pre3_label3_response_coverage,train,,,
165,rbf,oracle_best_of_rbf_plus_topk_upper_bound,vehicle_instability_allraw__tyy__2025_09_28_14_23_43__000685655__pre3_label3_response_coverage,train,,,
166,branch1,oracle_best_of_rbf_plus_topk_upper_bound,vehicle_instability_allraw__tyy__2025_09_28_14_23_43__000762635__pre3_label3_response_coverage,train,,,
167,branch2,oracle_best_of_rbf_plus_topk_upper_bound,vehicle_instability_allraw__tyy__2025_09_28_14_44_09__000058890__pre3_label3_response_coverage,test,,,
168,rbf,oracle_best_of_rbf_plus_topk_upper_bound,vehicle_instability_allraw__tyy__2025_09_28_14_44_09__000471655__pre3_label3_response_coverage,test,,,
169,branch2,oracle_best_of_rbf_plus_topk_upper_bound,vehicle_instability_allraw__tyy__2025_09_28_14_57_17__000269590__pre3_label3_response_coverage,train,,,
170,branch1,oracle_best_of_rbf_plus_topk_upper_bound,vehicle_instability_allraw__tyy__2025_09_28_14_57_17__000427465__pre3_label3_response_coverage,train,,,
171,branch2,oracle_best_of_rbf_plus_topk_upper_bound,vehicle_instability_allraw__xst__2025_09_26_11_34_18__000146145__pre3_label3_response_coverage,train,,,
172,branch1,oracle_best_of_rbf_plus_topk_upper_bound,vehicle_instability_allraw__yyl__2025_09_28_09_14_23__000110400__pre3_label3_response_coverage,train,,,
173,rbf,oracle_best_of_rbf_plus_topk_upper_bound,vehicle_instability_allraw__yyl__2025_09_28_09_14_23__000431885__pre3_label3_response_coverage,train,,,
174,branch2,oracle_best_of_rbf_plus_topk_upper_bound,vehicle_instability_allraw__yyl__2025_09_28_09_14_23__000568235__pre3_label3_response_coverage,train,,,
175,rbf,oracle_best_of_rbf_plus_topk_upper_bound,vehicle_instability_allraw__yyl__2025_09_28_09_29_01__000104675__pre3_label3_response_coverage,train,,,
176,rbf,oracle_best_of_rbf_plus_topk_upper_bound,vehicle_instability_allraw__yyl__2025_09_28_09_29_01__000235890__pre3_label3_response_coverage,train,,,
177,rbf,oracle_best_of_rbf_plus_topk_upper_bound,vehicle_instability_allraw__yyl__2025_09_28_09_29_01__000357555__pre3_label3_response_coverage,train,,,
178,rbf,oracle_best_of_rbf_plus_topk_upper_bound,vehicle_instability_allraw__yyl__2025_09_28_09_29_01__000380585__pre3_label3_response_coverage,train,,,
179,rbf,oracle_best_of_rbf_plus_topk_upper_bound,vehicle_instability_allraw__yyl__2025_09_28_09_29_01__000449070__pre3_label3_response_coverage,train,,,
180,branch2,oracle_best_of_rbf_plus_topk_upper_bound,vehicle_instability_allraw__yyl__2025_09_28_09_29_01__000514465__pre3_label3_response_coverage,train,,,
181,branch1,oracle_best_of_rbf_plus_topk_upper_bound,vehicle_instability_allraw__yyl__2025_09_28_09_29_01__000542080__pre3_label3_response_coverage,train,,,
182,branch2,oracle_best_of_rbf_plus_topk_upper_bound,vehicle_instability_allraw__yyl__2025_09_28_09_39_01__000375965__pre3_label3_response_coverage,train,,,
183,rbf,oracle_best_of_rbf_plus_topk_upper_bound,vehicle_instability_allraw__yyl__2025_09_28_09_39_01__000513705__pre3_label3_response_coverage,train,,,
184,rbf,oracle_best_of_rbf_plus_topk_upper_bound,vehicle_instability_allraw__yyl__2025_09_28_09_49_11__000062885__pre3_label3_response_coverage,test,,,
185,rbf,oracle_best_of_rbf_plus_topk_upper_bound,vehicle_instability_allraw__yyl__2025_09_28_09_49_11__000327680__pre3_label3_response_coverage,test,,,
186,branch2,oracle_best_of_rbf_plus_topk_upper_bound,vehicle_instability_allraw__yyl__2025_09_28_09_49_11__000484470__pre3_label3_response_coverage,test,,,
187,rbf,oracle_best_of_rbf_plus_topk_upper_bound,vehicle_instability_allraw__yzy__2025_09_27_14_13_03__000183010__pre3_label3_response_coverage,train,,,
188,rbf,oracle_best_of_rbf_plus_topk_upper_bound,vehicle_instability_allraw__yzy__2025_09_27_14_13_03__000195245__pre3_label3_response_coverage,train,,,
189,branch2,oracle_best_of_rbf_plus_topk_upper_bound,vehicle_instability_allraw__yzy__2025_09_27_14_13_03__000216065__pre3_label3_response_coverage,train,,,
190,rbf,oracle_best_of_rbf_plus_topk_upper_bound,vehicle_instability_allraw__yzy__2025_09_27_14_13_03__000407925__pre3_label3_response_coverage,train,,,
191,rbf,oracle_best_of_rbf_plus_topk_upper_bound,vehicle_instability_allraw__yzy__2025_09_27_14_13_03__000418350__pre3_label3_response_coverage,train,,,
192,branch0,oracle_best_of_rbf_plus_topk_upper_bound,vehicle_instability_allraw__yzy__2025_09_27_14_13_03__000455460__pre3_label3_response_coverage,train,,,
193,rbf,oracle_best_of_rbf_plus_topk_upper_bound,vehicle_instability_allraw__yzy__2025_09_27_14_13_03__000524525__pre3_label3_response_coverage,train,,,
194,branch0,oracle_best_of_rbf_plus_topk_upper_bound,vehicle_instability_allraw__yzy__2025_09_27_14_13_03__000543975__pre3_label3_response_coverage,train,,,
195,rbf,oracle_best_of_rbf_plus_topk_upper_bound,vehicle_instability_allraw__yzy__2025_09_27_14_13_03__000573090__pre3_label3_response_coverage,train,,,
196,branch0,oracle_best_of_rbf_plus_topk_upper_bound,vehicle_instability_allraw__yzy__2025_09_27_14_26_04__000075085__pre3_label3_response_coverage,val,,,
197,branch0,oracle_best_of_rbf_plus_topk_upper_bound,vehicle_instability_allraw__yzy__2025_09_27_14_26_04__000205385__pre3_label3_response_coverage,val,,,
198,branch0,oracle_best_of_rbf_plus_topk_upper_bound,vehicle_instability_allraw__yzy__2025_09_27_14_26_04__000385650__pre3_label3_response_coverage,val,,,
199,rbf,oracle_best_of_rbf_plus_topk_upper_bound,vehicle_instability_allraw__yzy__2025_09_27_14_26_04__000428685__pre3_label3_response_coverage,val,,,
200,branch1,oracle_best_of_rbf_plus_topk_upper_bound,vehicle_instability_allraw__yzy__2025_09_27_14_37_08__000213665__pre3_label3_response_coverage,val,,,
201,rbf,oracle_best_of_rbf_plus_topk_upper_bound,vehicle_instability_allraw__yzy__2025_09_27_14_37_08__000269385__pre3_label3_response_coverage,val,,,
202,rbf,oracle_best_of_rbf_plus_topk_upper_bound,vehicle_instability_allraw__yzy__2025_09_27_14_37_08__000376440__pre3_label3_response_coverage,val,,,
203,rbf,oracle_best_of_rbf_plus_topk_upper_bound,vehicle_instability_allraw__yzy__2025_09_27_15_04_26__000063290__pre3_label3_response_coverage,train,,,
204,branch2,oracle_best_of_rbf_plus_topk_upper_bound,vehicle_instability_allraw__yzy__2025_09_27_15_07_57__000162845__pre3_label3_response_coverage,train,,,
205,rbf,oracle_best_of_rbf_plus_topk_upper_bound,vehicle_instability_allraw__yzy__2025_09_27_15_07_57__000292475__pre3_label3_response_coverage,train,,,
206,branch2,oracle_best_of_rbf_plus_topk_upper_bound,vehicle_instability_allraw__yzy__2025_09_27_15_07_57__000328880__pre3_label3_response_coverage,train,,,
207,rbf,oracle_best_of_rbf_plus_topk_upper_bound,vehicle_instability_allraw__yzy__2025_09_27_15_07_57__000358900__pre3_label3_response_coverage,train,,,
208,branch0,oracle_best_of_rbf_plus_topk_upper_bound,vehicle_instability_allraw__yzy__2025_09_27_15_07_57__000447025__pre3_label3_response_coverage,train,,,
209,rbf,oracle_best_of_rbf_plus_topk_upper_bound,vehicle_instability_allraw__zdq__2025_09_26_15_14_51__000239960__pre3_label3_response_coverage,train,,,
210,branch0,oracle_best_of_rbf_plus_topk_upper_bound,vehicle_instability_allraw__zdq__2025_09_26_15_21_51__000231945__pre3_label3_response_coverage,train,,,
211,branch0,oracle_best_of_rbf_plus_topk_upper_bound,vehicle_instability_allraw__zdq__2025_09_26_15_27_09__000052510__pre3_label3_response_coverage,train,,,
212,rbf,oracle_best_of_rbf_plus_topk_upper_bound,vehicle_instability_allraw__zdq__2025_09_26_15_27_09__000060750__pre3_label3_response_coverage,train,,,
213,branch0,oracle_best_of_rbf_plus_topk_upper_bound,vehicle_instability_allraw__zdq__2025_09_26_15_27_09__000456530__pre3_label3_response_coverage,train,,,
214,branch0,oracle_best_of_rbf_plus_topk_upper_bound,vehicle_instability_allraw__zdq__2025_09_26_15_37_30__000202020__pre3_label3_response_coverage,train,,,
215,rbf,oracle_best_of_rbf_plus_topk_upper_bound,vehicle_instability_allraw__zdq__2025_09_26_15_52_46__000058070__pre3_label3_response_coverage,train,,,
216,rbf,oracle_best_of_rbf_plus_topk_upper_bound,vehicle_instability_allraw__zdq__2025_09_26_15_52_46__000130370__pre3_label3_response_coverage,train,,,
217,rbf,oracle_best_of_rbf_plus_topk_upper_bound,vehicle_instability_allraw__zdq__2025_09_26_15_52_46__000577885__pre3_label3_response_coverage,train,,,
218,rbf,oracle_best_of_rbf_plus_topk_upper_bound,vehicle_instability_allraw__zdq__2025_09_26_16_03_48__000347185__pre3_label3_response_coverage,train,,,
219,rbf,oracle_best_of_rbf_plus_topk_upper_bound,vehicle_instability_allraw__zdq__2025_09_26_16_03_48__000471380__pre3_label3_response_coverage,train,,,
220,branch0,oracle_best_of_rbf_plus_topk_upper_bound,vehicle_instability_allraw__zt__2025_09_28_11_20_08__000158280__pre3_label3_response_coverage,train,,,
221,rbf,oracle_best_of_rbf_plus_topk_upper_bound,vehicle_instability_allraw__zt__2025_09_28_11_20_08__000270535__pre3_label3_response_coverage,train,,,
222,branch1,oracle_best_of_rbf_plus_topk_upper_bound,vehicle_instability_allraw__zt__2025_09_28_11_20_08__000416365__pre3_label3_response_coverage,train,,,
223,branch0,oracle_best_of_rbf_plus_topk_upper_bound,vehicle_instability_allraw__zt__2025_09_28_11_20_08__000472990__pre3_label3_response_coverage,train,,,
224,rbf,oracle_best_of_rbf_plus_topk_upper_bound,vehicle_instability_allraw__zx__2025_09_27_16_32_00__000101585__pre3_label3_response_coverage,train,,,
225,rbf,oracle_best_of_rbf_plus_topk_upper_bound,vehicle_instability_allraw__zx__2025_09_27_16_32_00__000312575__pre3_label3_response_coverage,train,,,
226,rbf,oracle_best_of_rbf_plus_topk_upper_bound,vehicle_instability_allraw__zx__2025_09_27_16_32_00__000398300__pre3_label3_response_coverage,train,,,
227,rbf,oracle_best_of_rbf_plus_topk_upper_bound,vehicle_instability_allraw__zx__2025_09_27_16_32_00__000421025__pre3_label3_response_coverage,train,,,
228,branch0,oracle_best_of_rbf_plus_topk_upper_bound,vehicle_instability_allraw__zx__2025_09_27_16_32_00__000490620__pre3_label3_response_coverage,train,,,
229,rbf,oracle_best_of_rbf_plus_topk_upper_bound,vehicle_instability_allraw__zx__2025_09_27_16_32_00__000645585__pre3_label3_response_coverage,train,,,
230,branch1,oracle_best_of_rbf_plus_topk_upper_bound,vehicle_instability_allraw__zx__2025_09_27_16_46_13__000078890__pre3_label3_response_coverage,val,,,
231,branch2,oracle_best_of_rbf_plus_topk_upper_bound,vehicle_instability_allraw__zx__2025_09_27_16_46_13__000087075__pre3_label3_response_coverage,val,,,
232,branch2,oracle_best_of_rbf_plus_topk_upper_bound,vehicle_instability_allraw__zx__2025_09_27_16_46_13__000152930__pre3_label3_response_coverage,val,,,
233,rbf,oracle_best_of_rbf_plus_topk_upper_bound,vehicle_instability_allraw__zx__2025_09_27_16_46_13__000263295__pre3_label3_response_coverage,val,,,
234,branch1,oracle_best_of_rbf_plus_topk_upper_bound,vehicle_instability_allraw__zx__2025_09_27_16_46_13__000293010__pre3_label3_response_coverage,val,,,
235,rbf,oracle_best_of_rbf_plus_topk_upper_bound,vehicle_instability_allraw__zx__2025_09_27_16_46_13__000316255__pre3_label3_response_coverage,val,,,
236,branch2,oracle_best_of_rbf_plus_topk_upper_bound,vehicle_instability_allraw__zx__2025_09_27_16_46_13__000599550__pre3_label3_response_coverage,val,,,
237,branch0,oracle_best_of_rbf_plus_topk_upper_bound,vehicle_instability_allraw__zx__2025_09_27_16_46_13__000632670__pre3_label3_response_coverage,val,,,
238,branch0,oracle_best_of_rbf_plus_topk_upper_bound,vehicle_instability_allraw__zx__2025_09_27_17_14_07__000103335__pre3_label3_response_coverage,train,,,
239,rbf,oracle_best_of_rbf_plus_topk_upper_bound,vehicle_instability_allraw__zx__2025_09_27_17_14_07__000412950__pre3_label3_response_coverage,train,,,
240,rbf,oracle_best_of_rbf_plus_topk_upper_bound,vehicle_instability_allraw__zx__2025_09_27_17_25_16__000018420__pre3_label3_response_coverage,train,,,
241,branch2,oracle_best_of_rbf_plus_topk_upper_bound,vehicle_instability_allraw__zx__2025_09_27_17_25_16__000055950__pre3_label3_response_coverage,train,,,
242,branch1,oracle_best_of_rbf_plus_topk_upper_bound,vehicle_instability_allraw__zx__2025_09_27_17_29_08__000177210__pre3_label3_response_coverage,train,,,
243,rbf,oracle_best_of_rbf_plus_topk_upper_bound,vehicle_instability_allraw__zx__2025_09_27_17_29_08__000199530__pre3_label3_response_coverage,train,,,
244,rbf,oracle_best_of_rbf_plus_topk_upper_bound,vehicle_instability_allraw__zx__2025_09_27_17_45_11__000166410__pre3_label3_response_coverage,val,,,
245,branch1,oracle_best_of_rbf_plus_topk_upper_bound,vehicle_instability_allraw__zx__2025_09_27_17_45_11__000242010__pre3_label3_response_coverage,val,,,
246,rbf,oracle_best_of_rbf_plus_topk_upper_bound,vehicle_instability_allraw__zx__2025_09_27_17_45_11__000361280__pre3_label3_response_coverage,val,,,
247,branch0,oracle_best_of_rbf_plus_topk_upper_bound,vehicle_instability_allraw__zx__2025_09_27_17_45_11__000449820__pre3_label3_response_coverage,val,,,
248,rbf,oracle_best_of_rbf_plus_topk_upper_bound,vehicle_instability_allraw__zx__2025_09_27_17_56_42__000080875__pre3_label3_response_coverage,train,,,
249,rbf,oracle_best_of_rbf_plus_topk_upper_bound,vehicle_instability_allraw__zx__2025_09_27_17_56_42__000108650__pre3_label3_response_coverage,train,,,
250,branch0,oracle_best_of_rbf_plus_topk_upper_bound,vehicle_instability_allraw__zx__2025_09_27_18_00_08__000020450__pre3_label3_response_coverage,test,,,
251,branch1,oracle_best_of_rbf_plus_topk_upper_bound,vehicle_instability_allraw__zx__2025_09_27_18_00_08__000149680__pre3_label3_response_coverage,test,,,
252,branch1,oracle_best_of_rbf_plus_topk_upper_bound,vehicle_instability_allraw__zx__2025_09_27_18_00_08__000173505__pre3_label3_response_coverage,test,,,
253,branch1,oracle_best_of_rbf_plus_topk_upper_bound,vehicle_instability_allraw__zx__2025_09_27_18_00_08__000353905__pre3_label3_response_coverage,test,,,
254,branch1,oracle_best_of_rbf_plus_topk_upper_bound,vehicle_instability_allraw__zx__2025_09_27_18_07_01__000048255__pre3_label3_response_coverage,train,,,
255,rbf,oracle_best_of_rbf_plus_topk_upper_bound,vehicle_instability_allraw__zx__2025_09_27_18_07_01__000071310__pre3_label3_response_coverage,train,,,
256,rbf,oracle_best_of_rbf_plus_topk_upper_bound,vehicle_instability_allraw__zx__2025_09_27_18_07_01__000376460__pre3_label3_response_coverage,train,,,
257,rbf,oracle_best_of_rbf_plus_topk_upper_bound,vehicle_instability_allraw__zx__2025_09_27_18_07_01__000584705__pre3_label3_response_coverage,train,,,
258,branch2,oracle_best_of_rbf_plus_topk_upper_bound,vehicle_instability_allraw__zx__2025_09_27_18_17_48__000096340__pre3_label3_response_coverage,train,,,
259,branch2,oracle_best_of_rbf_plus_topk_upper_bound,vehicle_instability_allraw__zx__2025_09_27_18_17_48__000253945__pre3_label3_response_coverage,train,,,
260,rbf,oracle_best_of_rbf_plus_topk_upper_bound,vehicle_instability_allraw__zx__2025_09_27_18_17_48__000377105__pre3_label3_response_coverage,train,,,
261,rbf,oracle_best_of_rbf_plus_topk_upper_bound,vehicle_instability_allraw__zx__2025_09_27_18_17_48__000468965__pre3_label3_response_coverage,train,,,
262,rbf,oracle_best_of_rbf_plus_topk_upper_bound,vehicle_instability_allraw__zx__2025_09_27_18_17_48__000554770__pre3_label3_response_coverage,train,,,
263,branch0,oracle_best_of_rbf_plus_topk_upper_bound,vehicle_instability_allraw__zxy__2025_09_28_15_57_38__000182350__pre3_label3_response_coverage,test,,,
264,rbf,oracle_best_of_rbf_plus_topk_upper_bound,vehicle_instability_allraw__zxy__2025_09_28_16_01_55__000349230__pre3_label3_response_coverage,val,,,
265,branch0,oracle_best_of_rbf_plus_topk_upper_bound,vehicle_instability_allraw__zxy__2025_09_28_16_01_55__000377385__pre3_label3_response_coverage,val,,,
266,rbf,oracle_best_of_rbf_plus_topk_upper_bound,vehicle_instability_allraw__zxy__2025_09_28_16_12_11__000090925__pre3_label3_response_coverage,train,,,
267,branch0,oracle_best_of_rbf_plus_topk_upper_bound,vehicle_instability_allraw__zxy__2025_09_28_16_12_11__000283050__pre3_label3_response_coverage,train,,,
268,rbf,oracle_best_of_rbf_plus_topk_upper_bound,vehicle_instability_allraw__zxy__2025_09_28_16_12_11__000387335__pre3_label3_response_coverage,train,,,
269,rbf,oracle_best_of_rbf_plus_topk_upper_bound,vehicle_instability_allraw__zxy__2025_09_28_16_35_30__000467085__pre3_label3_response_coverage,test,,,
