sample_id,event_uid,subject,session_stamp,window_config_id,split_strategy,split,model_name,sample_rmse,gt_peak_abs,pred_peak_abs,peak_amp_abs_error,peak_amp_ratio_pred_over_gt,peak_direction_match,wrong_side,peak_time_abs_error_s,onset_delay_abs_error_s,tail_abs_error,tail_drift_risk,zero_crossing_mismatch,gt_reversal_count,pred_reversal_count,reversal_count_exact,gt_multi_segment,pred_multi_segment,is_large_response,large_response_recalled,severe_amp_under,is_difficult_peak_top20,checkpoint_tag
vehicle_instability_allraw__byx__2025_09_28_17_05_51__000060840__pre2_label2_old_main,vehicle_instability_allraw__byx__2025_09_28_17_05_51__000060840,byx,2025_09_28_17_05_51,pre2_label2_old_main,session_level_split,train,active_legacy_best,1.0341198444366455,1.944647192955017,0.8416993618011475,1.1029478311538696,0.43282882614924656,1,0,0.34499990940093994,0.07499999832361937,0.28185439109802246,0,1,3,3,1,1,1,1,0,1,1,active_legacy_best
vehicle_instability_allraw__byx__2025_09_28_17_05_51__000087745__pre2_label2_old_main,vehicle_instability_allraw__byx__2025_09_28_17_05_51__000087745,byx,2025_09_28_17_05_51,pre2_label2_old_main,session_level_split,train,active_legacy_best,1.0876957178115845,1.9746613502502441,0.6318069696426392,1.342854380607605,0.31995712559147005,1,0,0.08000004291534424,0.19500000309199095,0.9927118420600891,1,1,4,0,0,1,0,1,0,1,1,active_legacy_best
vehicle_instability_allraw__byx__2025_09_28_17_05_51__000099815__pre2_label2_old_main,vehicle_instability_allraw__byx__2025_09_28_17_05_51__000099815,byx,2025_09_28_17_05_51,pre2_label2_old_main,session_level_split,train,active_legacy_best,0.3292411267757416,0.05166006088256836,0.34942296147346497,0.2977629005908966,6.7638898503770575,1,0,0.16499996185302734,0.3600000096485019,0.29763540625572205,1,1,2,0,0,1,0,0,0,0,0,active_legacy_best
vehicle_instability_allraw__byx__2025_09_28_17_05_51__000158490__pre2_label2_old_main,vehicle_instability_allraw__byx__2025_09_28_17_05_51__000158490,byx,2025_09_28_17_05_51,pre2_label2_old_main,session_level_split,train,active_legacy_best,1.0091667175292969,2.112717866897583,1.7351202964782715,0.3775975704193115,0.8212740203812475,1,0,1.7449999749660492,0.330000008456409,0.3736400604248047,0,0,3,1,0,1,0,1,1,0,1,active_legacy_best
vehicle_instability_allraw__byx__2025_09_28_17_05_51__000187815__pre2_label2_old_main,vehicle_instability_allraw__byx__2025_09_28_17_05_51__000187815,byx,2025_09_28_17_05_51,pre2_label2_old_main,session_level_split,train,active_legacy_best,0.3305851221084595,0.9306089878082275,0.3358927369117737,0.5947162508964539,0.3609386340689327,1,0,1.475000023841858,0.759999985806644,0.5971258282661438,1,1,1,0,0,0,0,0,0,1,0,active_legacy_best
vehicle_instability_allraw__byx__2025_09_28_17_05_51__000219320__pre2_label2_old_main,vehicle_instability_allraw__byx__2025_09_28_17_05_51__000219320,byx,2025_09_28_17_05_51,pre2_label2_old_main,session_level_split,train,active_legacy_best,0.32792073488235474,0.7374014258384705,0.17781589925289154,0.5595855265855789,0.2411385346193276,1,0,0.16999995708465576,0.15499999653548002,0.5610804557800293,1,1,3,0,0,1,0,0,0,1,0,active_legacy_best
vehicle_instability_allraw__byx__2025_09_28_17_05_51__000243065__pre2_label2_old_main,vehicle_instability_allraw__byx__2025_09_28_17_05_51__000243065,byx,2025_09_28_17_05_51,pre2_label2_old_main,session_level_split,train,active_legacy_best,0.6135107278823853,0.9133307933807373,0.08160492777824402,0.8317258656024933,0.08934870954715049,1,0,1.4700000286102295,1.844999998807907,0.8381088674068451,1,1,3,3,1,1,1,0,0,1,0,active_legacy_best
vehicle_instability_allraw__byx__2025_09_28_17_05_51__000257595__pre2_label2_old_main,vehicle_instability_allraw__byx__2025_09_28_17_05_51__000257595,byx,2025_09_28_17_05_51,pre2_label2_old_main,session_level_split,train,active_legacy_best,0.5433850884437561,1.2873549461364746,0.31293609738349915,0.9744188487529755,0.24308454969832716,1,0,0.16999995708465576,0.4000000013038516,0.9757899343967438,1,1,5,0,0,1,0,0,0,1,0,active_legacy_best
vehicle_instability_allraw__byx__2025_09_28_17_05_51__000299300__pre2_label2_old_main,vehicle_instability_allraw__byx__2025_09_28_17_05_51__000299300,byx,2025_09_28_17_05_51,pre2_label2_old_main,session_level_split,train,active_legacy_best,0.6524025797843933,0.5049239993095398,0.34861934185028076,0.15630465745925903,0.6904392390280549,0,1,0.7699999762699008,0.07000000309199095,0.5029839873313904,1,0,2,0,0,1,0,0,0,0,0,active_legacy_best
vehicle_instability_allraw__byx__2025_09_28_17_05_51__000343900__pre2_label2_old_main,vehicle_instability_allraw__byx__2025_09_28_17_05_51__000343900,byx,2025_09_28_17_05_51,pre2_label2_old_main,session_level_split,train,active_legacy_best,0.49966105818748474,0.5319759845733643,0.6613826751708984,0.12940669059753418,1.243256640055502,1,0,0.2250000238418579,1.0399999571964145,0.13020509481430054,0,1,0,0,1,0,0,0,0,0,0,active_legacy_best
vehicle_instability_allraw__byx__2025_09_28_17_05_51__000349300__pre2_label2_old_main,vehicle_instability_allraw__byx__2025_09_28_17_05_51__000349300,byx,2025_09_28_17_05_51,pre2_label2_old_main,session_level_split,train,active_legacy_best,0.43904247879981995,0.9506800174713135,0.5980038046836853,0.3526762127876282,0.6290274263619199,1,0,0.36000001430511475,0.8600000096485019,0.35388535261154175,0,1,1,0,0,0,0,0,0,0,0,active_legacy_best
vehicle_instability_allraw__byx__2025_09_28_17_05_51__000366800__pre2_label2_old_main,vehicle_instability_allraw__byx__2025_09_28_17_05_51__000366800,byx,2025_09_28_17_05_51,pre2_label2_old_main,session_level_split,train,active_legacy_best,0.20302629470825195,0.32148969173431396,0.00982251763343811,0.31166717410087585,0.030553134007032648,0,1,0.5099999904632568,1.3700000047683716,0.16589415073394775,1,1,2,0,0,1,0,0,0,1,0,active_legacy_best
vehicle_instability_allraw__byx__2025_09_28_17_05_51__000372590__pre2_label2_old_main,vehicle_instability_allraw__byx__2025_09_28_17_05_51__000372590,byx,2025_09_28_17_05_51,pre2_label2_old_main,session_level_split,train,active_legacy_best,0.7392615079879761,1.795423984527588,0.6670613884925842,1.1283625960350037,0.3715341859310749,1,0,0.43999993801116943,0.5300000263378024,1.022901475429535,1,1,2,0,0,1,0,1,0,1,1,active_legacy_best
vehicle_instability_allraw__byx__2025_09_28_17_05_51__000484195__pre2_label2_old_main,vehicle_instability_allraw__byx__2025_09_28_17_05_51__000484195,byx,2025_09_28_17_05_51,pre2_label2_old_main,session_level_split,train,active_legacy_best,0.7935650944709778,1.1178799867630005,0.06076772138476372,1.0571122653782368,0.05435979005288961,0,1,0.6150000095367432,1.5,0.6903611198067665,1,0,3,0,0,1,0,0,0,1,0,active_legacy_best
vehicle_instability_allraw__byx__2025_09_28_17_05_51__000546280__pre2_label2_old_main,vehicle_instability_allraw__byx__2025_09_28_17_05_51__000546280,byx,2025_09_28_17_05_51,pre2_label2_old_main,session_level_split,train,active_legacy_best,0.35490700602531433,0.14695601165294647,0.5478054881095886,0.40084947645664215,3.7276834200107056,0,1,1.739999981597066,1.1249999953433871,0.2550768554210663,1,1,3,1,0,1,0,0,0,0,0,active_legacy_best
vehicle_instability_allraw__byx__2025_09_28_17_15_52__000028810__pre2_label2_old_main,vehicle_instability_allraw__byx__2025_09_28_17_15_52__000028810,byx,2025_09_28_17_15_52,pre2_label2_old_main,session_level_split,train,active_legacy_best,0.27187779545783997,0.34609684348106384,0.14391396939754486,0.20218287408351898,0.41581994204295275,0,1,0.9650000482797623,0.03000000026077032,0.18370956182479858,1,1,1,0,0,0,0,0,0,1,0,active_legacy_best
vehicle_instability_allraw__byx__2025_09_28_17_15_52__000058865__pre2_label2_old_main,vehicle_instability_allraw__byx__2025_09_28_17_15_52__000058865,byx,2025_09_28_17_15_52,pre2_label2_old_main,session_level_split,train,active_legacy_best,1.0581941604614258,2.1975419521331787,0.5069659948348999,1.6905759572982788,0.23069684487378378,1,0,0.09000003337860107,0.28499999176710844,0.4323752373456955,0,1,2,0,0,1,0,1,0,1,1,active_legacy_best
vehicle_instability_allraw__byx__2025_09_28_17_15_52__000087445__pre2_label2_old_main,vehicle_instability_allraw__byx__2025_09_28_17_15_52__000087445,byx,2025_09_28_17_15_52,pre2_label2_old_main,session_level_split,train,active_legacy_best,0.6704689264297485,1.2529720067977905,0.4676348567008972,0.7853371500968933,0.3732205142364094,1,0,0.27500009536743164,0.16500000189989805,0.7796007990837097,1,1,1,0,0,0,0,0,0,1,0,active_legacy_best
vehicle_instability_allraw__byx__2025_09_28_17_15_52__000131145__pre2_label2_old_main,vehicle_instability_allraw__byx__2025_09_28_17_15_52__000131145,byx,2025_09_28_17_15_52,pre2_label2_old_main,session_level_split,train,active_legacy_best,0.357735276222229,1.7027480602264404,1.1591163873672485,0.5436316728591919,0.6807327604373269,1,0,1.7549999952316284,0.21999999415129423,0.6778032779693604,0,0,2,1,0,1,0,1,1,0,1,active_legacy_best
vehicle_instability_allraw__byx__2025_09_28_17_15_52__000164040__pre2_label2_old_main,vehicle_instability_allraw__byx__2025_09_28_17_15_52__000164040,byx,2025_09_28_17_15_52,pre2_label2_old_main,session_level_split,train,active_legacy_best,0.6846542954444885,1.257859230041504,0.4043559432029724,0.8535032868385315,0.3214635895223589,1,0,0.3700000047683716,0.10499999951571226,0.8076642453670502,1,1,2,0,0,1,0,0,0,1,0,active_legacy_best
vehicle_instability_allraw__byx__2025_09_28_17_15_52__000216345__pre2_label2_old_main,vehicle_instability_allraw__byx__2025_09_28_17_15_52__000216345,byx,2025_09_28_17_15_52,pre2_label2_old_main,session_level_split,train,active_legacy_best,0.4670151174068451,0.9564404487609863,0.3356299102306366,0.6208105385303497,0.3509156379421488,1,0,0.034999966621398926,0.9050000263378024,0.6208176612854004,1,1,1,0,0,0,0,0,0,1,0,active_legacy_best
vehicle_instability_allraw__byx__2025_09_28_17_15_52__000263965__pre2_label2_old_main,vehicle_instability_allraw__byx__2025_09_28_17_15_52__000263965,byx,2025_09_28_17_15_52,pre2_label2_old_main,session_level_split,train,active_legacy_best,0.28900375962257385,0.36093398928642273,0.0754590630531311,0.2854749262332916,0.2090661043098654,0,1,0.8899999856948853,1.8899999484419823,0.09034694731235504,0,0,2,0,0,1,0,0,0,1,0,active_legacy_best
vehicle_instability_allraw__byx__2025_09_28_17_15_52__000287425__pre2_label2_old_main,vehicle_instability_allraw__byx__2025_09_28_17_15_52__000287425,byx,2025_09_28_17_15_52,pre2_label2_old_main,session_level_split,train,active_legacy_best,0.24303723871707916,0.47211211919784546,0.27066653966903687,0.2014455795288086,0.573309874207254,1,0,1.4800000190734863,1.2150000287219882,0.2028539776802063,0,1,3,0,0,1,0,0,0,0,0,active_legacy_best
vehicle_instability_allraw__byx__2025_09_28_17_15_52__000319770__pre2_label2_old_main,vehicle_instability_allraw__byx__2025_09_28_17_15_52__000319770,byx,2025_09_28_17_15_52,pre2_label2_old_main,session_level_split,train,active_legacy_best,0.2653135657310486,0.41032660007476807,0.015278834849596024,0.39504776522517204,0.037235789360991894,1,0,0.09499990940093994,1.225000023841858,0.39356349036097527,1,1,1,0,0,0,0,0,0,1,0,active_legacy_best
vehicle_instability_allraw__byx__2025_09_28_17_15_52__000341810__pre2_label2_old_main,vehicle_instability_allraw__byx__2025_09_28_17_15_52__000341810,byx,2025_09_28_17_15_52,pre2_label2_old_main,session_level_split,train,active_legacy_best,0.433809369802475,0.7436872720718384,0.5034311413764954,0.24025613069534302,0.6769393000017152,1,0,0.16999995708465576,0.08999999891966581,0.24153286218643188,0,1,3,0,0,1,0,0,0,0,0,active_legacy_best
vehicle_instability_allraw__byx__2025_09_28_17_15_52__000411920__pre2_label2_old_main,vehicle_instability_allraw__byx__2025_09_28_17_15_52__000411920,byx,2025_09_28_17_15_52,pre2_label2_old_main,session_level_split,train,active_legacy_best,0.5416772365570068,1.1828088760375977,0.27567005157470703,0.9071388244628906,0.2330639016661762,1,0,0.33000004291534424,0.8299999786540866,0.4639585614204407,0,1,6,0,0,1,0,0,0,1,0,active_legacy_best
vehicle_instability_allraw__byx__2025_09_28_17_15_52__000450690__pre2_label2_old_main,vehicle_instability_allraw__byx__2025_09_28_17_15_52__000450690,byx,2025_09_28_17_15_52,pre2_label2_old_main,session_level_split,train,active_legacy_best,0.12084687501192093,0.05899199843406677,0.1497296243906021,0.09073762595653534,2.5381344650995254,0,1,0.1199999451637268,0.6550000263378024,0.0359872430562973,1,1,1,1,1,0,0,0,0,0,0,active_legacy_best
vehicle_instability_allraw__byx__2025_09_28_17_15_52__000517355__pre2_label2_old_main,vehicle_instability_allraw__byx__2025_09_28_17_15_52__000517355,byx,2025_09_28_17_15_52,pre2_label2_old_main,session_level_split,train,active_legacy_best,0.1628180891275406,0.16022101044654846,0.2328965812921524,0.07267557084560394,1.4535957590271804,0,1,1.9800000144168735,0.08000000100582838,0.11001451686024666,1,0,3,0,0,1,0,0,0,0,0,active_legacy_best
vehicle_instability_allraw__byx__2025_09_28_17_25_18__000049910__pre2_label2_old_main,vehicle_instability_allraw__byx__2025_09_28_17_25_18__000049910,byx,2025_09_28_17_25_18,pre2_label2_old_main,session_level_split,train,active_legacy_best,0.5116592049598694,0.4670493006706238,0.5150873064994812,0.04803800582885742,1.102854250632387,1,0,0.33500003814697266,0.04000000189989805,0.091788649559021,0,1,4,0,0,1,0,0,0,0,0,active_legacy_best
vehicle_instability_allraw__byx__2025_09_28_17_25_18__000065550__pre2_label2_old_main,vehicle_instability_allraw__byx__2025_09_28_17_25_18__000065550,byx,2025_09_28_17_25_18,pre2_label2_old_main,session_level_split,train,active_legacy_best,0.0730336606502533,0.10297000408172607,0.013545311987400055,0.08942469209432602,0.13154619258487454,1,0,0.6399999717250466,1.9300000071525574,0.030125528573989868,0,0,1,0,0,0,0,0,0,1,0,active_legacy_best
vehicle_instability_allraw__byx__2025_09_28_17_25_18__000117195__pre2_label2_old_main,vehicle_instability_allraw__byx__2025_09_28_17_25_18__000117195,byx,2025_09_28_17_25_18,pre2_label2_old_main,session_level_split,train,active_legacy_best,0.5342766642570496,1.0007719993591309,0.6120787262916565,0.38869327306747437,0.6116065664143444,1,0,0.2549999952316284,0.24999999534338713,0.35686665773391724,0,1,2,0,0,1,0,0,0,0,0,active_legacy_best
vehicle_instability_allraw__byx__2025_09_28_17_25_18__000164150__pre2_label2_old_main,vehicle_instability_allraw__byx__2025_09_28_17_25_18__000164150,byx,2025_09_28_17_25_18,pre2_label2_old_main,session_level_split,train,active_legacy_best,0.37787288427352905,1.3885834217071533,0.9747722744941711,0.4138111472129822,0.7019904308635385,1,0,0.7599999904632568,0.20499999355524778,0.5401636362075806,0,0,2,0,0,1,0,1,1,0,0,active_legacy_best
vehicle_instability_allraw__byx__2025_09_28_17_25_18__000191805__pre2_label2_old_main,vehicle_instability_allraw__byx__2025_09_28_17_25_18__000191805,byx,2025_09_28_17_25_18,pre2_label2_old_main,session_level_split,train,active_legacy_best,0.3449944257736206,0.3572689890861511,0.3787473142147064,0.021478325128555298,1.0601180784917665,1,0,0.16499996185302734,0.2750000013038516,0.02043965458869934,0,1,5,0,0,1,0,0,0,0,0,active_legacy_best
vehicle_instability_allraw__byx__2025_09_28_17_25_18__000225005__pre2_label2_old_main,vehicle_instability_allraw__byx__2025_09_28_17_25_18__000225005,byx,2025_09_28_17_25_18,pre2_label2_old_main,session_level_split,train,active_legacy_best,0.33706969022750854,0.5108580589294434,0.2855513095855713,0.22530674934387207,0.5589640891326526,1,0,0.009999990463256836,0.29500001203268766,0.222335547208786,0,1,5,0,0,1,0,0,0,0,0,active_legacy_best
vehicle_instability_allraw__byx__2025_09_28_17_25_18__000248265__pre2_label2_old_main,vehicle_instability_allraw__byx__2025_09_28_17_25_18__000248265,byx,2025_09_28_17_25_18,pre2_label2_old_main,session_level_split,train,active_legacy_best,1.3670214414596558,2.4600415229797363,0.21981821954250336,2.240223303437233,0.08935549155944635,1,0,0.39499998092651367,1.8700000047683716,1.0143608003854752,0,1,2,0,0,1,0,1,0,1,1,active_legacy_best
vehicle_instability_allraw__byx__2025_09_28_17_25_18__000265825__pre2_label2_old_main,vehicle_instability_allraw__byx__2025_09_28_17_25_18__000265825,byx,2025_09_28_17_25_18,pre2_label2_old_main,session_level_split,train,active_legacy_best,0.26896408200263977,1.1597799062728882,0.28964269161224365,0.8701372146606445,0.2497393600679375,1,0,0.16499996185302734,1.159999961964786,0.8704551756381989,1,0,0,0,1,0,0,0,0,1,0,active_legacy_best
vehicle_instability_allraw__byx__2025_09_28_17_25_18__000275870__pre2_label2_old_main,vehicle_instability_allraw__byx__2025_09_28_17_25_18__000275870,byx,2025_09_28_17_25_18,pre2_label2_old_main,session_level_split,train,active_legacy_best,0.04794762656092644,0.007510185241699219,0.04573263227939606,0.03822244703769684,6.089414682539682,0,1,0.8399999737739563,1.9900000048801303,0.04258343577384949,1,1,0,0,1,0,0,0,0,0,0,active_legacy_best
vehicle_instability_allraw__byx__2025_09_28_17_25_18__000283135__pre2_label2_old_main,vehicle_instability_allraw__byx__2025_09_28_17_25_18__000283135,byx,2025_09_28_17_25_18,pre2_label2_old_main,session_level_split,train,active_legacy_best,0.5540669560432434,1.6858099699020386,0.014813730493187904,1.6709962394088507,0.008787307441329655,1,0,1.4449999928474426,0.49000000953674316,1.6730255903676152,1,1,0,0,1,0,0,1,0,1,1,active_legacy_best
vehicle_instability_allraw__byx__2025_09_28_17_25_18__000333065__pre2_label2_old_main,vehicle_instability_allraw__byx__2025_09_28_17_25_18__000333065,byx,2025_09_28_17_25_18,pre2_label2_old_main,session_level_split,train,active_legacy_best,0.5108121037483215,0.9756389856338501,0.2627582848072052,0.7128807008266449,0.26931917305097974,0,1,0.6950000524520874,0.36500000208616257,0.17060735821723938,0,1,6,0,0,1,0,0,0,1,0,active_legacy_best
vehicle_instability_allraw__byx__2025_09_28_17_25_18__000384190__pre2_label2_old_main,vehicle_instability_allraw__byx__2025_09_28_17_25_18__000384190,byx,2025_09_28_17_25_18,pre2_label2_old_main,session_level_split,train,active_legacy_best,0.6132182478904724,1.3728759288787842,0.6343604922294617,0.7385154366493225,0.4620668764638756,1,0,0.7649999856948853,0.25499999057501554,0.5356234312057495,0,1,2,0,0,1,0,1,0,1,0,active_legacy_best
vehicle_instability_allraw__byx__2025_09_28_17_25_18__000401810__pre2_label2_old_main,vehicle_instability_allraw__byx__2025_09_28_17_25_18__000401810,byx,2025_09_28_17_25_18,pre2_label2_old_main,session_level_split,train,active_legacy_best,0.1276392638683319,0.5010839700698853,0.1887151300907135,0.31236883997917175,0.3766137840418119,1,0,1.475000023841858,1.2450000001117587,0.31431227922439575,1,1,1,0,0,0,0,0,0,1,0,active_legacy_best
vehicle_instability_allraw__byx__2025_09_28_17_25_18__000477025__pre2_label2_old_main,vehicle_instability_allraw__byx__2025_09_28_17_25_18__000477025,byx,2025_09_28_17_25_18,pre2_label2_old_main,session_level_split,train,active_legacy_best,0.4668368399143219,1.1794936656951904,0.5197744965553284,0.6597191691398621,0.4406759541595119,1,0,0.16999995708465576,1.3350000334903598,0.6606320738792419,1,1,1,0,0,0,0,0,0,1,0,active_legacy_best
vehicle_instability_allraw__byx__2025_09_28_17_35_43__000048035__pre2_label2_old_main,vehicle_instability_allraw__byx__2025_09_28_17_35_43__000048035,byx,2025_09_28_17_35_43,pre2_label2_old_main,session_level_split,train,active_legacy_best,0.5758228302001953,0.8002340197563171,0.14432792365550995,0.6559060961008072,0.1803571456502935,0,1,1.6750000575557351,1.910000003874302,0.899758592247963,1,1,2,0,0,1,0,0,0,1,0,active_legacy_best
vehicle_instability_allraw__byx__2025_09_28_17_35_43__000078915__pre2_label2_old_main,vehicle_instability_allraw__byx__2025_09_28_17_35_43__000078915,byx,2025_09_28_17_35_43,pre2_label2_old_main,session_level_split,train,active_legacy_best,0.39354708790779114,0.761661171913147,0.22827494144439697,0.53338623046875,0.29970668042722204,1,0,0.8500000238418579,0.08000000100582838,0.33230751752853394,0,1,3,0,0,1,0,0,0,1,0,active_legacy_best
vehicle_instability_allraw__byx__2025_09_28_17_35_43__000084125__pre2_label2_old_main,vehicle_instability_allraw__byx__2025_09_28_17_35_43__000084125,byx,2025_09_28_17_35_43,pre2_label2_old_main,session_level_split,train,active_legacy_best,0.08191382884979248,0.16092000901699066,0.11569838225841522,0.04522162675857544,0.7189807095163614,1,0,0.6150000691413879,0.06500000040978193,0.04758574068546295,0,1,1,0,0,0,0,0,0,0,0,active_legacy_best
vehicle_instability_allraw__byx__2025_09_28_17_35_43__000097930__pre2_label2_old_main,vehicle_instability_allraw__byx__2025_09_28_17_35_43__000097930,byx,2025_09_28_17_35_43,pre2_label2_old_main,session_level_split,train,active_legacy_best,0.443758100271225,0.6209880113601685,0.08973611891269684,0.5312518924474716,0.14450539667608905,0,1,1.9250000575557351,1.935000006109476,0.7048067301511765,1,1,1,0,0,0,0,0,0,1,0,active_legacy_best
vehicle_instability_allraw__byx__2025_09_28_17_35_43__000104170__pre2_label2_old_main,vehicle_instability_allraw__byx__2025_09_28_17_35_43__000104170,byx,2025_09_28_17_35_43,pre2_label2_old_main,session_level_split,train,active_legacy_best,0.23602420091629028,0.31119316816329956,0.27352455258369446,0.0376686155796051,0.8789542334687811,1,0,0.24000000953674316,0.04500000085681677,0.04824891686439514,0,1,2,0,0,1,0,0,0,0,0,active_legacy_best
vehicle_instability_allraw__byx__2025_09_28_17_35_43__000110425__pre2_label2_old_main,vehicle_instability_allraw__byx__2025_09_28_17_35_43__000110425,byx,2025_09_28_17_35_43,pre2_label2_old_main,session_level_split,train,active_legacy_best,1.0710382461547852,2.1146390438079834,0.1576988846063614,1.956940159201622,0.07457484768766097,1,0,0.7249999642372131,1.8599999994039536,0.6604240834712982,0,1,3,0,0,1,0,1,0,1,1,active_legacy_best
vehicle_instability_allraw__byx__2025_09_28_17_35_43__000118155__pre2_label2_old_main,vehicle_instability_allraw__byx__2025_09_28_17_35_43__000118155,byx,2025_09_28_17_35_43,pre2_label2_old_main,session_level_split,train,active_legacy_best,0.31669652462005615,0.3968881070613861,0.22030621767044067,0.17658188939094543,0.5550839487270558,1,0,1.4800000190734863,0.5049999905750155,0.17974047362804413,0,1,1,0,0,0,0,0,0,0,0,active_legacy_best
vehicle_instability_allraw__byx__2025_09_28_17_35_43__000163465__pre2_label2_old_main,vehicle_instability_allraw__byx__2025_09_28_17_35_43__000163465,byx,2025_09_28_17_35_43,pre2_label2_old_main,session_level_split,train,active_legacy_best,0.3814317286014557,0.2504551410675049,0.3455258905887604,0.0950707495212555,1.379591926586291,1,0,1.4800000190734863,0.03000000026077032,0.09197402000427246,0,1,1,0,0,0,0,0,0,0,0,active_legacy_best
vehicle_instability_allraw__byx__2025_09_28_17_35_43__000194205__pre2_label2_old_main,vehicle_instability_allraw__byx__2025_09_28_17_35_43__000194205,byx,2025_09_28_17_35_43,pre2_label2_old_main,session_level_split,train,active_legacy_best,0.7373231053352356,0.7435100078582764,0.12359268963336945,0.6199173182249069,0.16622868330903218,0,1,1.2450000643730164,1.905000001192093,0.6736262738704681,1,0,1,0,0,0,0,0,0,1,0,active_legacy_best
vehicle_instability_allraw__byx__2025_09_28_17_35_43__000199335__pre2_label2_old_main,vehicle_instability_allraw__byx__2025_09_28_17_35_43__000199335,byx,2025_09_28_17_35_43,pre2_label2_old_main,session_level_split,train,active_legacy_best,0.1443546861410141,0.040490150451660156,0.1207335889339447,0.08024343848228455,2.9818014402807544,0,1,0.4299999475479126,0.7900000168010592,0.154685840010643,1,1,0,0,1,0,0,0,0,0,0,active_legacy_best
vehicle_instability_allraw__byx__2025_09_28_17_35_43__000231020__pre2_label2_old_main,vehicle_instability_allraw__byx__2025_09_28_17_35_43__000231020,byx,2025_09_28_17_35_43,pre2_label2_old_main,session_level_split,train,active_legacy_best,0.6268595457077026,0.9894275069236755,0.4677863121032715,0.521641194820404,0.4727848264070513,1,0,0.6899999976158142,0.19999999832361937,0.9822880327701569,1,1,3,0,0,1,0,0,0,1,0,active_legacy_best
vehicle_instability_allraw__byx__2025_09_28_17_35_43__000258300__pre2_label2_old_main,vehicle_instability_allraw__byx__2025_09_28_17_35_43__000258300,byx,2025_09_28_17_35_43,pre2_label2_old_main,session_level_split,train,active_legacy_best,0.6174870729446411,0.5928881764411926,0.364751398563385,0.22813677787780762,0.6152111191570776,0,1,0.16999998688697815,0.03000000026077032,0.059676945209503174,0,1,3,0,0,1,0,0,0,0,0,active_legacy_best
vehicle_instability_allraw__byx__2025_09_28_17_35_43__000284385__pre2_label2_old_main,vehicle_instability_allraw__byx__2025_09_28_17_35_43__000284385,byx,2025_09_28_17_35_43,pre2_label2_old_main,session_level_split,train,active_legacy_best,0.6563304662704468,1.430467963218689,0.6437072157859802,0.7867607474327087,0.44999764576172524,1,0,0.05500006675720215,0.8650000048801303,0.055250346660614014,0,1,2,0,0,1,0,1,0,1,0,active_legacy_best
vehicle_instability_allraw__byx__2025_09_28_17_35_43__000329825__pre2_label2_old_main,vehicle_instability_allraw__byx__2025_09_28_17_35_43__000329825,byx,2025_09_28_17_35_43,pre2_label2_old_main,session_level_split,train,active_legacy_best,0.3393745720386505,0.241902694106102,0.46669551730155945,0.22479282319545746,1.9292696140740793,1,0,0.9550000429153442,0.0549999987706542,0.16540248692035675,1,1,1,0,0,0,0,0,0,0,0,active_legacy_best
vehicle_instability_allraw__byx__2025_09_28_17_35_43__000359875__pre2_label2_old_main,vehicle_instability_allraw__byx__2025_09_28_17_35_43__000359875,byx,2025_09_28_17_35_43,pre2_label2_old_main,session_level_split,train,active_legacy_best,0.582767903804779,1.1491249799728394,0.10288439691066742,1.046240583062172,0.08953281732079237,1,0,0.8049999475479126,1.8299999982118607,1.0479771196842194,1,1,1,0,0,0,0,0,0,1,0,active_legacy_best
vehicle_instability_allraw__byx__2025_09_28_17_35_43__000397655__pre2_label2_old_main,vehicle_instability_allraw__byx__2025_09_28_17_35_43__000397655,byx,2025_09_28_17_35_43,pre2_label2_old_main,session_level_split,train,active_legacy_best,0.15045705437660217,0.1946040391921997,0.08450019359588623,0.11010384559631348,0.43421603141767284,0,1,1.4800000190734863,0.8149999929592013,0.27284902334213257,1,1,0,0,1,0,0,0,0,1,0,active_legacy_best
vehicle_instability_allraw__byx__2025_09_28_17_35_43__000466090__pre2_label2_old_main,vehicle_instability_allraw__byx__2025_09_28_17_35_43__000466090,byx,2025_09_28_17_35_43,pre2_label2_old_main,session_level_split,train,active_legacy_best,0.45490819215774536,1.5961029529571533,0.23896187543869019,1.3571410775184631,0.14971582816506762,1,0,0.16999995708465576,0.33000004291534424,1.3584887385368347,1,1,2,0,0,1,0,1,0,1,1,active_legacy_best
vehicle_instability_allraw__byx__2025_09_28_17_35_43__000497615__pre2_label2_old_main,vehicle_instability_allraw__byx__2025_09_28_17_35_43__000497615,byx,2025_09_28_17_35_43,pre2_label2_old_main,session_level_split,train,active_legacy_best,0.1924467831850052,0.446804016828537,0.18884870409965515,0.25795531272888184,0.4226656363569056,1,0,0.07499998807907104,0.06500000040978193,0.3616199791431427,1,1,1,0,0,0,0,0,0,1,0,active_legacy_best
vehicle_instability_allraw__cwh__2025_09_26_19_23_28__000146005__pre2_label2_old_main,vehicle_instability_allraw__cwh__2025_09_26_19_23_28__000146005,cwh,2025_09_26_19_23_28,pre2_label2_old_main,session_level_split,train,active_legacy_best,0.61771160364151,1.3215609788894653,1.447483777999878,0.1259227991104126,1.0952833816387557,1,0,1.3799999952316284,0.42000001203268766,0.06170499324798584,0,0,2,7,0,1,1,0,0,0,0,active_legacy_best
vehicle_instability_allraw__cwh__2025_09_26_19_27_21__000042425__pre2_label2_old_main,vehicle_instability_allraw__cwh__2025_09_26_19_27_21__000042425,cwh,2025_09_26_19_27_21,pre2_label2_old_main,session_level_split,train,active_legacy_best,0.20504888892173767,0.6075491309165955,0.02877727895975113,0.5787718519568443,0.04736617582899923,0,1,1.4549999833106995,1.5250000059604645,0.6294266283512115,1,1,3,0,0,1,0,0,0,1,0,active_legacy_best
vehicle_instability_allraw__cwh__2025_09_26_19_27_21__000065145__pre2_label2_old_main,vehicle_instability_allraw__cwh__2025_09_26_19_27_21__000065145,cwh,2025_09_26_19_27_21,pre2_label2_old_main,session_level_split,train,active_legacy_best,0.8987907767295837,1.5481109619140625,0.524071216583252,1.0240397453308105,0.3385230319248549,1,0,0.12000000476837158,0.19500000309199095,0.3348834663629532,0,1,2,0,0,1,0,1,0,1,1,active_legacy_best
vehicle_instability_allraw__cwh__2025_09_26_19_27_21__000158975__pre2_label2_old_main,vehicle_instability_allraw__cwh__2025_09_26_19_27_21__000158975,cwh,2025_09_26_19_27_21,pre2_label2_old_main,session_level_split,train,active_legacy_best,0.45443612337112427,1.17268705368042,0.24816790223121643,0.9245191514492035,0.2116232983491664,1,0,0.12999999523162842,1.325000043027103,0.9203523397445679,1,1,2,0,0,1,0,0,0,1,0,active_legacy_best
vehicle_instability_allraw__cwh__2025_09_26_19_27_21__000179505__pre2_label2_old_main,vehicle_instability_allraw__cwh__2025_09_26_19_27_21__000179505,cwh,2025_09_26_19_27_21,pre2_label2_old_main,session_level_split,train,active_legacy_best,0.49664685130119324,1.1266101598739624,0.28724434971809387,0.8393658101558685,0.25496339368200693,1,0,0.04500007629394531,1.2100000334903598,0.8072764575481415,1,1,2,0,0,1,0,0,0,1,0,active_legacy_best
vehicle_instability_allraw__cwh__2025_09_26_19_27_21__000205535__pre2_label2_old_main,vehicle_instability_allraw__cwh__2025_09_26_19_27_21__000205535,cwh,2025_09_26_19_27_21,pre2_label2_old_main,session_level_split,train,active_legacy_best,0.5272772908210754,1.0485939979553223,0.2117002308368683,0.836893767118454,0.2018896076552674,1,0,0.5200001001358032,0.6549999713897705,0.35819366574287415,0,0,1,0,0,0,0,0,0,1,0,active_legacy_best
vehicle_instability_allraw__cwh__2025_09_26_19_35_47__000086165__pre2_label2_old_main,vehicle_instability_allraw__cwh__2025_09_26_19_35_47__000086165,cwh,2025_09_26_19_35_47,pre2_label2_old_main,session_level_split,train,active_legacy_best,0.40378206968307495,0.7314673066139221,0.01375140342861414,0.717715903185308,0.01879975127291958,1,0,1.4449999928474426,1.890000008046627,0.7262863907963037,1,1,1,1,1,0,0,0,0,1,0,active_legacy_best
vehicle_instability_allraw__cwh__2025_09_26_19_35_47__000134995__pre2_label2_old_main,vehicle_instability_allraw__cwh__2025_09_26_19_35_47__000134995,cwh,2025_09_26_19_35_47,pre2_label2_old_main,session_level_split,train,active_legacy_best,0.14860570430755615,0.5771809816360474,0.43033933639526367,0.1468416452407837,0.7455882125142897,1,0,0.12000000476837158,0.1149999974295497,0.14579728245735168,0,0,2,0,0,1,0,0,0,0,0,active_legacy_best
vehicle_instability_allraw__cwh__2025_09_26_19_35_47__000190320__pre2_label2_old_main,vehicle_instability_allraw__cwh__2025_09_26_19_35_47__000190320,cwh,2025_09_26_19_35_47,pre2_label2_old_main,session_level_split,train,active_legacy_best,0.2864793837070465,0.692546010017395,0.378519207239151,0.314026802778244,0.5465618193795435,1,0,0.26499998569488525,0.759999985806644,0.10875576734542847,0,1,2,0,0,1,0,0,0,0,0,active_legacy_best
vehicle_instability_allraw__cwh__2025_09_26_19_35_47__000225295__pre2_label2_old_main,vehicle_instability_allraw__cwh__2025_09_26_19_35_47__000225295,cwh,2025_09_26_19_35_47,pre2_label2_old_main,session_level_split,train,active_legacy_best,0.2236408144235611,0.6775369644165039,0.4729730784893036,0.20456388592720032,0.6980771578959222,1,0,0.315000057220459,0.3050000024959445,0.03481510281562805,0,0,3,0,0,1,0,0,0,0,0,active_legacy_best
vehicle_instability_allraw__cwh__2025_09_26_19_35_47__000269950__pre2_label2_old_main,vehicle_instability_allraw__cwh__2025_09_26_19_35_47__000269950,cwh,2025_09_26_19_35_47,pre2_label2_old_main,session_level_split,train,active_legacy_best,0.24855634570121765,0.23649200797080994,0.11005114018917084,0.1264408677816391,0.46534824213913556,0,1,0.8599999994039536,0.1450000060722232,0.1738029606640339,1,0,1,0,0,0,0,0,0,1,0,active_legacy_best
vehicle_instability_allraw__cwh__2025_09_26_19_35_47__000453095__pre2_label2_old_main,vehicle_instability_allraw__cwh__2025_09_26_19_35_47__000453095,cwh,2025_09_26_19_35_47,pre2_label2_old_main,session_level_split,train,active_legacy_best,0.114593006670475,0.06876599788665771,0.10351182520389557,0.034745827317237854,1.505276275849396,0,1,0.6299999952316284,0.10499999951571226,0.029257982969284058,0,1,1,0,0,0,0,0,0,0,0,active_legacy_best
vehicle_instability_allraw__cwh__2025_09_26_19_35_47__000527630__pre2_label2_old_main,vehicle_instability_allraw__cwh__2025_09_26_19_35_47__000527630,cwh,2025_09_26_19_35_47,pre2_label2_old_main,session_level_split,train,active_legacy_best,0.27635276317596436,0.110131174325943,0.23947179317474365,0.12934061884880066,2.174423315109722,0,1,0.7900000512599945,0.05999999772757292,0.22310009598731995,1,1,1,0,0,0,0,0,0,0,0,active_legacy_best
vehicle_instability_allraw__cwh__2025_09_26_19_45_40__000061225__pre2_label2_old_main,vehicle_instability_allraw__cwh__2025_09_26_19_45_40__000061225,cwh,2025_09_26_19_45_40,pre2_label2_old_main,session_level_split,train,active_legacy_best,0.5166996121406555,1.298175573348999,0.30163291096687317,0.9965426623821259,0.23235139927084636,1,0,0.16999995708465576,0.3000000072643161,0.9979240894317627,1,1,1,0,0,0,0,0,0,1,0,active_legacy_best
vehicle_instability_allraw__cwh__2025_09_26_19_45_40__000089205__pre2_label2_old_main,vehicle_instability_allraw__cwh__2025_09_26_19_45_40__000089205,cwh,2025_09_26_19_45_40,pre2_label2_old_main,session_level_split,train,active_legacy_best,0.30156126618385315,0.6611310243606567,0.2251843512058258,0.43594667315483093,0.3406047257025779,1,0,0.08999991416931152,0.5300000263378024,0.42236967384815216,1,1,1,0,0,0,0,0,0,1,0,active_legacy_best
vehicle_instability_allraw__cwh__2025_09_26_19_45_40__000165100__pre2_label2_old_main,vehicle_instability_allraw__cwh__2025_09_26_19_45_40__000165100,cwh,2025_09_26_19_45_40,pre2_label2_old_main,session_level_split,train,active_legacy_best,0.4215160012245178,0.6236059665679932,0.13375811278820038,0.4898478537797928,0.21449139353867364,0,1,1.475000023841858,0.05000000074505806,0.7514925748109818,1,1,1,0,0,0,0,0,0,1,0,active_legacy_best
vehicle_instability_allraw__cwh__2025_09_26_19_45_40__000214250__pre2_label2_old_main,vehicle_instability_allraw__cwh__2025_09_26_19_45_40__000214250,cwh,2025_09_26_19_45_40,pre2_label2_old_main,session_level_split,train,active_legacy_best,0.8886541724205017,1.488070011138916,0.3560004234313965,1.1320695877075195,0.23923634020346018,1,0,0.0700000524520874,0.2400000048801303,0.8116986751556396,1,1,2,0,0,1,0,1,0,1,0,active_legacy_best
vehicle_instability_allraw__cwh__2025_09_26_19_45_40__000268505__pre2_label2_old_main,vehicle_instability_allraw__cwh__2025_09_26_19_45_40__000268505,cwh,2025_09_26_19_45_40,pre2_label2_old_main,session_level_split,train,active_legacy_best,0.17694032192230225,0.3642500042915344,0.05642961338162422,0.3078203909099102,0.1549200074585578,1,0,0.0,1.7350000143051147,0.3078203909099102,1,0,0,0,1,0,0,0,0,1,0,active_legacy_best
vehicle_instability_allraw__cwh__2025_09_26_19_45_40__000299420__pre2_label2_old_main,vehicle_instability_allraw__cwh__2025_09_26_19_45_40__000299420,cwh,2025_09_26_19_45_40,pre2_label2_old_main,session_level_split,train,active_legacy_best,0.32652539014816284,0.8529419898986816,0.4938827455043793,0.35905924439430237,0.5790343907949075,1,0,0.31999993324279785,0.40999999176710844,0.3279510736465454,0,1,2,0,0,1,0,0,0,0,0,active_legacy_best
vehicle_instability_allraw__cwh__2025_09_26_19_45_40__000320850__pre2_label2_old_main,vehicle_instability_allraw__cwh__2025_09_26_19_45_40__000320850,cwh,2025_09_26_19_45_40,pre2_label2_old_main,session_level_split,train,active_legacy_best,0.6023204326629639,1.1316709518432617,0.10045288503170013,1.0312180668115616,0.08876509984468792,1,0,0.4950000047683716,1.550000011920929,0.35858456790447235,0,1,2,0,0,1,0,0,0,1,0,active_legacy_best
vehicle_instability_allraw__cwh__2025_09_26_19_45_40__000341005__pre2_label2_old_main,vehicle_instability_allraw__cwh__2025_09_26_19_45_40__000341005,cwh,2025_09_26_19_45_40,pre2_label2_old_main,session_level_split,train,active_legacy_best,0.8352210521697998,1.5233267545700073,0.7195621132850647,0.8037646412849426,0.47236228939481667,1,0,0.20500004291534424,0.22500000428408384,0.03268665075302124,0,1,2,0,0,1,0,1,0,1,1,active_legacy_best
vehicle_instability_allraw__cwh__2025_09_26_19_45_40__000403295__pre2_label2_old_main,vehicle_instability_allraw__cwh__2025_09_26_19_45_40__000403295,cwh,2025_09_26_19_45_40,pre2_label2_old_main,session_level_split,train,active_legacy_best,0.5506190657615662,1.4564769268035889,0.35979580879211426,1.0966811180114746,0.2470315884658254,1,0,0.06500005722045898,1.0399999571964145,1.0420115888118744,1,0,1,0,0,0,0,1,0,1,0,active_legacy_best
vehicle_instability_allraw__cwh__2025_09_26_20_06_19__000053135__pre2_label2_old_main,vehicle_instability_allraw__cwh__2025_09_26_20_06_19__000053135,cwh,2025_09_26_20_06_19,pre2_label2_old_main,session_level_split,train,active_legacy_best,0.2943892478942871,0.7374019622802734,0.4891071617603302,0.24829480051994324,0.6632843235836539,1,0,0.5950000286102295,0.6100000096485019,0.13661548495292664,0,1,3,0,0,1,0,0,0,0,0,active_legacy_best
vehicle_instability_allraw__cwh__2025_09_26_20_06_19__000124540__pre2_label2_old_main,vehicle_instability_allraw__cwh__2025_09_26_20_06_19__000124540,cwh,2025_09_26_20_06_19,pre2_label2_old_main,session_level_split,train,active_legacy_best,0.46174749732017517,0.4520399868488312,0.9443319439888,0.49229195713996887,2.089045154106242,1,0,0.5799999833106995,0.18999999295920134,0.5590412318706512,1,0,1,0,0,0,0,0,0,0,0,active_legacy_best
vehicle_instability_allraw__cwh__2025_09_26_20_06_19__000154530__pre2_label2_old_main,vehicle_instability_allraw__cwh__2025_09_26_20_06_19__000154530,cwh,2025_09_26_20_06_19,pre2_label2_old_main,session_level_split,train,active_legacy_best,0.2682383954524994,0.5625200271606445,0.36957064270973206,0.19294938445091248,0.656991084522205,1,0,0.5600000619888306,0.6399999810382724,0.3818915784358978,1,1,2,0,0,1,0,0,0,0,0,active_legacy_best
vehicle_instability_allraw__cwh__2025_09_26_20_06_19__000180820__pre2_label2_old_main,vehicle_instability_allraw__cwh__2025_09_26_20_06_19__000180820,cwh,2025_09_26_20_06_19,pre2_label2_old_main,session_level_split,train,active_legacy_best,0.5211336016654968,0.7285009622573853,0.38991525769233704,0.3385857045650482,0.5352295712611246,1,0,0.625,0.05999999772757292,0.11704224348068237,0,1,3,0,0,1,0,0,0,0,0,active_legacy_best
vehicle_instability_allraw__cwh__2025_09_26_20_06_19__000204045__pre2_label2_old_main,vehicle_instability_allraw__cwh__2025_09_26_20_06_19__000204045,cwh,2025_09_26_20_06_19,pre2_label2_old_main,session_level_split,train,active_legacy_best,0.8848905563354492,1.6385160684585571,0.08762678503990173,1.5508892834186554,0.05347935655116102,1,0,0.11499989032745361,1.1050000190734863,0.09296071529388428,0,1,2,0,0,1,0,1,0,1,1,active_legacy_best
vehicle_instability_allraw__cwh__2025_09_26_20_06_19__000315730__pre2_label2_old_main,vehicle_instability_allraw__cwh__2025_09_26_20_06_19__000315730,cwh,2025_09_26_20_06_19,pre2_label2_old_main,session_level_split,train,active_legacy_best,0.5484393835067749,1.178966999053955,0.6602789163589478,0.5186880826950073,0.5600486840503415,1,0,0.5449999570846558,0.1500000013038516,0.3546862006187439,0,1,2,0,0,1,0,0,0,0,0,active_legacy_best
vehicle_instability_allraw__cwh__2025_09_26_20_06_19__000370585__pre2_label2_old_main,vehicle_instability_allraw__cwh__2025_09_26_20_06_19__000370585,cwh,2025_09_26_20_06_19,pre2_label2_old_main,session_level_split,train,active_legacy_best,0.14747649431228638,0.3220130205154419,0.1267283856868744,0.1952846348285675,0.3935505014176817,1,0,0.6950000524520874,0.47499998938292265,0.20648476481437683,1,1,3,0,0,1,0,0,0,1,0,active_legacy_best
vehicle_instability_allraw__cwh__2025_09_26_20_06_19__000480390__pre2_label2_old_main,vehicle_instability_allraw__cwh__2025_09_26_20_06_19__000480390,cwh,2025_09_26_20_06_19,pre2_label2_old_main,session_level_split,train,active_legacy_best,0.28503239154815674,0.19268402457237244,0.1906508058309555,0.002033218741416931,0.9894479122183103,0,1,0.960000024177134,0.18499999772757292,0.19394631683826447,1,0,1,0,0,0,0,0,0,0,0,active_legacy_best
vehicle_instability_allraw__gf__2025_09_26_10_03_00__000250445__pre2_label2_old_main,vehicle_instability_allraw__gf__2025_09_26_10_03_00__000250445,gf,2025_09_26_10_03_00,pre2_label2_old_main,session_level_split,train,active_legacy_best,0.43592455983161926,0.8874999284744263,0.2856573760509491,0.6018425524234772,0.3218674919129083,1,0,0.04999995231628418,0.34999998938292265,0.15923509001731873,0,1,3,0,0,1,0,0,0,1,0,active_legacy_best
vehicle_instability_allraw__gf__2025_09_26_10_03_00__000265625__pre2_label2_old_main,vehicle_instability_allraw__gf__2025_09_26_10_03_00__000265625,gf,2025_09_26_10_03_00,pre2_label2_old_main,session_level_split,train,active_legacy_best,0.49665915966033936,0.8908166885375977,0.320370614528656,0.5704460740089417,0.3596369698176512,1,0,0.25999999046325684,0.4250000072643161,0.300629585981369,0,1,2,0,0,1,0,0,0,1,0,active_legacy_best
vehicle_instability_allraw__gf__2025_09_26_10_18_49__000082870__pre2_label2_old_main,vehicle_instability_allraw__gf__2025_09_26_10_18_49__000082870,gf,2025_09_26_10_18_49,pre2_label2_old_main,session_level_split,train,active_legacy_best,0.2659527659416199,0.7857480049133301,0.3907957077026367,0.39495229721069336,0.49735501109639146,1,0,0.7700001001358032,0.455000008456409,0.04428336024284363,0,1,2,0,0,1,0,0,0,1,0,active_legacy_best
vehicle_instability_allraw__gf__2025_09_26_10_18_49__000087855__pre2_label2_old_main,vehicle_instability_allraw__gf__2025_09_26_10_18_49__000087855,gf,2025_09_26_10_18_49,pre2_label2_old_main,session_level_split,train,active_legacy_best,0.7425456047058105,1.5196607112884521,0.29613587260246277,1.2235248386859894,0.19486973006716904,1,0,1.1700000762939453,1.5450000166893005,0.8463798463344574,1,1,6,0,0,1,0,1,0,1,0,active_legacy_best
vehicle_instability_allraw__gf__2025_09_26_10_18_49__000149295__pre2_label2_old_main,vehicle_instability_allraw__gf__2025_09_26_10_18_49__000149295,gf,2025_09_26_10_18_49,pre2_label2_old_main,session_level_split,train,active_legacy_best,0.4171757996082306,1.3955622911453247,1.4174485206604004,0.021886229515075684,1.0156827320814994,1,0,1.6500000059604645,0.18999999295920134,0.9342530369758606,1,0,0,1,0,0,0,1,1,0,0,active_legacy_best
vehicle_instability_allraw__gf__2025_09_26_10_18_49__000210870__pre2_label2_old_main,vehicle_instability_allraw__gf__2025_09_26_10_18_49__000210870,gf,2025_09_26_10_18_49,pre2_label2_old_main,session_level_split,train,active_legacy_best,0.4355972409248352,0.9454452991485596,0.2912209928035736,0.654224306344986,0.30802521633545454,1,0,0.2850000858306885,0.3700000001117587,0.029888689517974854,0,1,2,0,0,1,0,0,0,1,0,active_legacy_best
vehicle_instability_allraw__gf__2025_09_26_10_18_49__000233845__pre2_label2_old_main,vehicle_instability_allraw__gf__2025_09_26_10_18_49__000233845,gf,2025_09_26_10_18_49,pre2_label2_old_main,session_level_split,train,active_legacy_best,1.1304152011871338,1.6175719499588013,0.3346685767173767,1.2829033732414246,0.20689563560118643,1,0,0.3250000476837158,0.12000000011175871,1.107659637928009,1,1,3,0,0,1,0,1,0,1,1,active_legacy_best
vehicle_instability_allraw__gf__2025_09_26_10_18_49__000289385__pre2_label2_old_main,vehicle_instability_allraw__gf__2025_09_26_10_18_49__000289385,gf,2025_09_26_10_18_49,pre2_label2_old_main,session_level_split,train,active_legacy_best,0.4092983901500702,0.3864159882068634,0.2796788811683655,0.10673710703849792,0.7237766803236997,0,1,1.9900000048801303,0.0549999987706542,0.5937611609697342,1,1,4,0,0,1,0,0,0,0,0,active_legacy_best
vehicle_instability_allraw__gf__2025_09_26_10_18_49__000342355__pre2_label2_old_main,vehicle_instability_allraw__gf__2025_09_26_10_18_49__000342355,gf,2025_09_26_10_18_49,pre2_label2_old_main,session_level_split,train,active_legacy_best,0.3740665912628174,0.5375620126724243,0.31907883286476135,0.21848317980766296,0.5935665566815252,0,1,0.2700001001358032,0.31999998819082975,0.15871571004390717,0,1,2,0,0,1,0,0,0,0,0,active_legacy_best
vehicle_instability_allraw__gf__2025_09_26_10_18_49__000439375__pre2_label2_old_main,vehicle_instability_allraw__gf__2025_09_26_10_18_49__000439375,gf,2025_09_26_10_18_49,pre2_label2_old_main,session_level_split,train,active_legacy_best,0.17395734786987305,0.43615812063217163,0.1621028631925583,0.27405525743961334,0.3716607705425842,1,0,0.5750000476837158,0.4250000072643161,0.02098684012889862,0,1,5,0,0,1,0,0,0,1,0,active_legacy_best
vehicle_instability_allraw__gf__2025_09_26_10_40_59__000136605__pre2_label2_old_main,vehicle_instability_allraw__gf__2025_09_26_10_40_59__000136605,gf,2025_09_26_10_40_59,pre2_label2_old_main,session_level_split,train,active_legacy_best,0.6701365113258362,0.990126371383667,1.2289999723434448,0.23887360095977783,1.241255669845416,1,0,0.5149999856948853,0.7049999786540866,0.35904383659362793,0,1,3,0,0,1,0,0,0,0,0,active_legacy_best
vehicle_instability_allraw__gf__2025_09_26_10_40_59__000180655__pre2_label2_old_main,vehicle_instability_allraw__gf__2025_09_26_10_40_59__000180655,gf,2025_09_26_10_40_59,pre2_label2_old_main,session_level_split,train,active_legacy_best,1.0708045959472656,2.2230300903320312,0.5933498740196228,1.6296802163124084,0.2669104105248527,1,0,0.029999971389770508,0.9900000048801303,1.5060195326805115,1,1,2,0,0,1,0,1,0,1,1,active_legacy_best
vehicle_instability_allraw__gf__2025_09_26_10_40_59__000232065__pre2_label2_old_main,vehicle_instability_allraw__gf__2025_09_26_10_40_59__000232065,gf,2025_09_26_10_40_59,pre2_label2_old_main,session_level_split,train,active_legacy_best,1.2984082698822021,2.1785199642181396,0.3016194701194763,1.8769004940986633,0.13845155200481538,1,0,0.12999999523162842,1.8200000077486038,1.8170729577541351,1,1,4,0,0,1,0,1,0,1,1,active_legacy_best
vehicle_instability_allraw__gf__2025_09_26_10_40_59__000292195__pre2_label2_old_main,vehicle_instability_allraw__gf__2025_09_26_10_40_59__000292195,gf,2025_09_26_10_40_59,pre2_label2_old_main,session_level_split,train,active_legacy_best,0.45692482590675354,0.9787811040878296,0.09791192412376404,0.8808691799640656,0.1000345467590658,1,0,0.0,1.8500000089406967,0.8808691799640656,1,1,2,0,0,1,0,0,0,1,0,active_legacy_best
vehicle_instability_allraw__gf__2025_09_26_10_40_59__000454355__pre2_label2_old_main,vehicle_instability_allraw__gf__2025_09_26_10_40_59__000454355,gf,2025_09_26_10_40_59,pre2_label2_old_main,session_level_split,train,active_legacy_best,0.4018212556838989,0.8655089139938354,0.33448851108551025,0.5310204029083252,0.3864645478254342,1,0,0.4700000286102295,0.330000008456409,0.3220421373844147,0,1,2,0,0,1,0,0,0,1,0,active_legacy_best
vehicle_instability_allraw__gzj__2025_09_27_11_41_47__000058475__pre2_label2_old_main,vehicle_instability_allraw__gzj__2025_09_27_11_41_47__000058475,gzj,2025_09_27_11_41_47,pre2_label2_old_main,session_level_split,train,active_legacy_best,0.42022740840911865,0.5126028060913086,0.3345540165901184,0.17804878950119019,0.6526574037726302,1,0,0.6449999809265137,0.04000000189989805,0.1805320680141449,0,1,3,0,0,1,0,0,0,0,0,active_legacy_best
vehicle_instability_allraw__gzj__2025_09_27_11_41_47__000091070__pre2_label2_old_main,vehicle_instability_allraw__gzj__2025_09_27_11_41_47__000091070,gzj,2025_09_27_11_41_47,pre2_label2_old_main,session_level_split,train,active_legacy_best,0.7822331786155701,1.3767201900482178,0.5995149612426758,0.777205228805542,0.43546609222145466,1,0,0.5099999904632568,0.11000000219792128,0.5811296105384827,0,1,2,0,0,1,0,1,0,1,0,active_legacy_best
vehicle_instability_allraw__gzj__2025_09_27_11_41_47__000115240__pre2_label2_old_main,vehicle_instability_allraw__gzj__2025_09_27_11_41_47__000115240,gzj,2025_09_27_11_41_47,pre2_label2_old_main,session_level_split,train,active_legacy_best,0.6766140460968018,0.6909760236740112,0.7160946130752563,0.025118589401245117,1.0363523313988323,1,0,0.35500001907348633,0.03000000026077032,0.024130046367645264,0,1,3,0,0,1,0,0,0,0,0,active_legacy_best
vehicle_instability_allraw__gzj__2025_09_27_11_41_47__000132845__pre2_label2_old_main,vehicle_instability_allraw__gzj__2025_09_27_11_41_47__000132845,gzj,2025_09_27_11_41_47,pre2_label2_old_main,session_level_split,train,active_legacy_best,0.7187122702598572,2.7082221508026123,1.671707272529602,1.0365148782730103,0.6172711023850731,1,0,1.1850000619888306,0.330000008456409,1.0681431293487549,0,0,2,35,0,1,1,1,1,0,1,active_legacy_best
vehicle_instability_allraw__gzj__2025_09_27_11_41_47__000165625__pre2_label2_old_main,vehicle_instability_allraw__gzj__2025_09_27_11_41_47__000165625,gzj,2025_09_27_11_41_47,pre2_label2_old_main,session_level_split,train,active_legacy_best,0.37544065713882446,0.836712121963501,0.21162211894989014,0.6250900030136108,0.2529210625672297,1,0,1.4549999833106995,0.09500000160187483,0.6292243599891663,1,1,3,0,0,1,0,0,0,1,0,active_legacy_best
vehicle_instability_allraw__gzj__2025_09_27_11_41_47__000180015__pre2_label2_old_main,vehicle_instability_allraw__gzj__2025_09_27_11_41_47__000180015,gzj,2025_09_27_11_41_47,pre2_label2_old_main,session_level_split,train,active_legacy_best,0.6357442140579224,1.095018982887268,0.5808621048927307,0.5141568779945374,0.5304584796887766,1,0,0.20000004768371582,0.06500000040978193,0.3375431299209595,0,1,4,0,0,1,0,0,0,0,0,active_legacy_best
vehicle_instability_allraw__gzj__2025_09_27_11_41_47__000193365__pre2_label2_old_main,vehicle_instability_allraw__gzj__2025_09_27_11_41_47__000193365,gzj,2025_09_27_11_41_47,pre2_label2_old_main,session_level_split,train,active_legacy_best,0.505811870098114,0.8662070035934448,0.07680194079875946,0.7894050627946854,0.08866464999722691,0,1,0.75,1.8650000095367432,0.34498880058526993,0,1,2,0,0,1,0,0,0,1,0,active_legacy_best
vehicle_instability_allraw__gzj__2025_09_27_11_41_47__000211485__pre2_label2_old_main,vehicle_instability_allraw__gzj__2025_09_27_11_41_47__000211485,gzj,2025_09_27_11_41_47,pre2_label2_old_main,session_level_split,train,active_legacy_best,0.5158219337463379,1.0971187353134155,0.2662963569164276,0.8308223783969879,0.24272337017410822,1,0,1.0750000476837158,1.0299999667331576,0.6018686294555664,1,1,2,0,0,1,0,0,0,1,0,active_legacy_best
vehicle_instability_allraw__gzj__2025_09_27_11_41_47__000221595__pre2_label2_old_main,vehicle_instability_allraw__gzj__2025_09_27_11_41_47__000221595,gzj,2025_09_27_11_41_47,pre2_label2_old_main,session_level_split,train,active_legacy_best,0.32882267236709595,0.6197667121887207,0.3958260416984558,0.2239406704902649,0.6386694120769844,1,0,1.475000023841858,0.9700000239536166,0.22584819793701172,0,1,3,0,0,1,0,0,0,0,0,active_legacy_best
vehicle_instability_allraw__gzj__2025_09_27_11_41_47__000260065__pre2_label2_old_main,vehicle_instability_allraw__gzj__2025_09_27_11_41_47__000260065,gzj,2025_09_27_11_41_47,pre2_label2_old_main,session_level_split,train,active_legacy_best,0.529558539390564,0.5845099687576294,0.6445004343986511,0.05999046564102173,1.1026337767489764,1,0,0.35500001907348633,0.2750000013038516,0.058896780014038086,0,1,1,0,0,0,0,0,0,0,0,active_legacy_best
vehicle_instability_allraw__gzj__2025_09_27_11_41_47__000291210__pre2_label2_old_main,vehicle_instability_allraw__gzj__2025_09_27_11_41_47__000291210,gzj,2025_09_27_11_41_47,pre2_label2_old_main,session_level_split,train,active_legacy_best,0.7320544719696045,0.8820890188217163,0.3106476664543152,0.5714413523674011,0.35217269439457993,1,0,0.06500005722045898,0.09999999683350325,0.5445627272129059,1,1,4,0,0,1,0,0,0,1,0,active_legacy_best
vehicle_instability_allraw__gzj__2025_09_27_11_41_47__000314960__pre2_label2_old_main,vehicle_instability_allraw__gzj__2025_09_27_11_41_47__000314960,gzj,2025_09_27_11_41_47,pre2_label2_old_main,session_level_split,train,active_legacy_best,0.5838525891304016,1.5477635860443115,0.34501028060913086,1.2027533054351807,0.22290890141102818,1,0,0.1499999761581421,0.10499999951571226,1.2028645873069763,1,1,3,0,0,1,0,1,0,1,1,active_legacy_best
vehicle_instability_allraw__gzj__2025_09_27_11_41_47__000334340__pre2_label2_old_main,vehicle_instability_allraw__gzj__2025_09_27_11_41_47__000334340,gzj,2025_09_27_11_41_47,pre2_label2_old_main,session_level_split,train,active_legacy_best,0.45945072174072266,0.7192506790161133,0.5398327708244324,0.1794179081916809,0.7505488511500433,1,0,0.2250000238418579,0.1800000024959445,0.25401735305786133,0,1,2,0,0,1,0,0,0,0,0,active_legacy_best
vehicle_instability_allraw__gzj__2025_09_27_11_41_47__000353715__pre2_label2_old_main,vehicle_instability_allraw__gzj__2025_09_27_11_41_47__000353715,gzj,2025_09_27_11_41_47,pre2_label2_old_main,session_level_split,train,active_legacy_best,1.8371278047561646,2.2739901542663574,0.2897084951400757,1.9842816591262817,0.12740094524883397,0,1,0.4150000810623169,1.800000011920929,1.9965007901191711,1,0,6,0,0,1,0,1,0,1,1,active_legacy_best
vehicle_instability_allraw__gzj__2025_09_27_11_41_47__000413415__pre2_label2_old_main,vehicle_instability_allraw__gzj__2025_09_27_11_41_47__000413415,gzj,2025_09_27_11_41_47,pre2_label2_old_main,session_level_split,train,active_legacy_best,1.5634151697158813,2.721312999725342,0.6384906768798828,2.082822322845459,0.23462596068306907,1,0,0.25999999046325684,0.16999999713152647,2.0622782111167908,1,1,4,1,0,1,0,1,0,1,1,active_legacy_best
vehicle_instability_allraw__gzj__2025_09_27_11_41_47__000431340__pre2_label2_old_main,vehicle_instability_allraw__gzj__2025_09_27_11_41_47__000431340,gzj,2025_09_27_11_41_47,pre2_label2_old_main,session_level_split,train,active_legacy_best,0.12372124195098877,0.2635442018508911,0.1347200721502304,0.1288241297006607,0.5111858701655397,1,0,1.2300000190734863,0.3749999953433871,0.12675654888153076,0,0,0,0,1,0,0,0,0,0,0,active_legacy_best
vehicle_instability_allraw__gzj__2025_09_27_11_41_47__000450660__pre2_label2_old_main,vehicle_instability_allraw__gzj__2025_09_27_11_41_47__000450660,gzj,2025_09_27_11_41_47,pre2_label2_old_main,session_level_split,train,active_legacy_best,0.4805678427219391,0.3961896300315857,0.22653129696846008,0.1696583330631256,0.5717749274517866,0,1,1.2500000596046448,0.2400000048801303,0.5533106029033661,1,0,3,0,0,1,0,0,0,0,0,active_legacy_best
vehicle_instability_allraw__gzj__2025_09_27_11_41_47__000457320__pre2_label2_old_main,vehicle_instability_allraw__gzj__2025_09_27_11_41_47__000457320,gzj,2025_09_27_11_41_47,pre2_label2_old_main,session_level_split,train,active_legacy_best,0.14396589994430542,0.4146900177001953,0.40642356872558594,0.008266448974609375,0.9800659562039767,1,0,1.1550000309944153,0.03499999921768904,0.17874807119369507,0,0,1,0,0,0,0,0,0,0,0,active_legacy_best
vehicle_instability_allraw__gzj__2025_09_27_11_41_47__000470200__pre2_label2_old_main,vehicle_instability_allraw__gzj__2025_09_27_11_41_47__000470200,gzj,2025_09_27_11_41_47,pre2_label2_old_main,session_level_split,train,active_legacy_best,1.0870951414108276,2.618339776992798,0.3956761658191681,2.2226636111736298,0.15111719620805214,1,0,0.16999995708465576,1.199999988079071,2.2227850258350372,1,0,0,0,1,0,0,1,0,1,1,active_legacy_best
vehicle_instability_allraw__gzj__2025_09_27_11_41_47__000517005__pre2_label2_old_main,vehicle_instability_allraw__gzj__2025_09_27_11_41_47__000517005,gzj,2025_09_27_11_41_47,pre2_label2_old_main,session_level_split,train,active_legacy_best,0.5075714588165283,0.7459540367126465,0.03478247672319412,0.7111715599894524,0.046628176819683724,0,1,0.7150000333786011,1.9550000056624413,0.2987493611872196,0,1,5,0,0,1,0,0,0,1,0,active_legacy_best
vehicle_instability_allraw__gzj__2025_09_27_11_41_47__000576800__pre2_label2_old_main,vehicle_instability_allraw__gzj__2025_09_27_11_41_47__000576800,gzj,2025_09_27_11_41_47,pre2_label2_old_main,session_level_split,train,active_legacy_best,0.3133067488670349,0.6445499658584595,0.5788983702659607,0.06565159559249878,0.8981435124194613,1,0,0.41999995708465576,0.3700000001117587,0.3746154308319092,1,0,3,0,0,1,0,0,0,0,0,active_legacy_best
vehicle_instability_allraw__gzj__2025_09_27_11_41_47__000618525__pre2_label2_old_main,vehicle_instability_allraw__gzj__2025_09_27_11_41_47__000618525,gzj,2025_09_27_11_41_47,pre2_label2_old_main,session_level_split,train,active_legacy_best,0.5613555312156677,0.8768490552902222,0.5328044295310974,0.34404462575912476,0.6076352894680923,1,0,0.125,0.9699999839067459,0.28244781494140625,0,0,3,10,0,1,1,0,0,0,0,active_legacy_best
vehicle_instability_allraw__gzj__2025_09_27_11_53_25__000160615__pre2_label2_old_main,vehicle_instability_allraw__gzj__2025_09_27_11_53_25__000160615,gzj,2025_09_27_11_53_25,pre2_label2_old_main,session_level_split,train,active_legacy_best,0.992180585861206,2.4432895183563232,1.6803226470947266,0.7629668712615967,0.6877296507313353,1,0,0.6349999904632568,0.09999999683350325,2.603009343147278,1,1,3,4,0,1,1,1,1,0,1,active_legacy_best
vehicle_instability_allraw__gzj__2025_09_27_11_53_25__000190150__pre2_label2_old_main,vehicle_instability_allraw__gzj__2025_09_27_11_53_25__000190150,gzj,2025_09_27_11_53_25,pre2_label2_old_main,session_level_split,train,active_legacy_best,0.2615390419960022,0.9510306715965271,0.08653552830219269,0.8644951432943344,0.09099131172806718,1,0,0.16499996185302734,1.2900000214576721,0.8657237887382507,1,1,3,0,0,1,0,0,0,1,0,active_legacy_best
vehicle_instability_allraw__gzj__2025_09_27_11_53_25__000211330__pre2_label2_old_main,vehicle_instability_allraw__gzj__2025_09_27_11_53_25__000211330,gzj,2025_09_27_11_53_25,pre2_label2_old_main,session_level_split,train,active_legacy_best,0.5712828040122986,1.1590739488601685,0.1387004405260086,1.0203735083341599,0.11966487613875405,1,0,0.7000000476837158,1.9000000059604645,0.45645706355571747,0,1,5,0,0,1,0,0,0,1,0,active_legacy_best
vehicle_instability_allraw__gzj__2025_09_27_11_53_25__000229945__pre2_label2_old_main,vehicle_instability_allraw__gzj__2025_09_27_11_53_25__000229945,gzj,2025_09_27_11_53_25,pre2_label2_old_main,session_level_split,train,active_legacy_best,0.3820302188396454,0.8972740173339844,0.528721272945404,0.3685527443885803,0.5892528511149374,1,0,0.6649999618530273,0.509999985806644,0.29518531262874603,0,1,3,0,0,1,0,0,0,0,0,active_legacy_best
vehicle_instability_allraw__gzj__2025_09_27_11_53_25__000268875__pre2_label2_old_main,vehicle_instability_allraw__gzj__2025_09_27_11_53_25__000268875,gzj,2025_09_27_11_53_25,pre2_label2_old_main,session_level_split,train,active_legacy_best,0.512833297252655,0.9435250163078308,0.4251771569252014,0.5183478593826294,0.4506262680654614,1,0,0.8400000333786011,0.6550000263378024,0.6339291930198669,1,1,3,0,0,1,0,0,0,1,0,active_legacy_best
vehicle_instability_allraw__gzj__2025_09_27_11_53_25__000283210__pre2_label2_old_main,vehicle_instability_allraw__gzj__2025_09_27_11_53_25__000283210,gzj,2025_09_27_11_53_25,pre2_label2_old_main,session_level_split,train,active_legacy_best,0.25527316331863403,0.34330591559410095,0.14653871953487396,0.196767196059227,0.42684589131324585,0,1,0.13500002026557922,0.049999999813735485,0.012217596173286438,0,1,3,0,0,1,0,0,0,1,0,active_legacy_best
vehicle_instability_allraw__gzj__2025_09_27_11_53_25__000287425__pre2_label2_old_main,vehicle_instability_allraw__gzj__2025_09_27_11_53_25__000287425,gzj,2025_09_27_11_53_25,pre2_label2_old_main,session_level_split,train,active_legacy_best,0.7455693483352661,1.4165090322494507,0.19807691872119904,1.2184321135282516,0.13983456103110622,1,0,0.31000006198883057,1.2850000262260437,1.2140332013368607,1,1,3,0,0,1,0,1,0,1,0,active_legacy_best
vehicle_instability_allraw__gzj__2025_09_27_11_53_25__000308920__pre2_label2_old_main,vehicle_instability_allraw__gzj__2025_09_27_11_53_25__000308920,gzj,2025_09_27_11_53_25,pre2_label2_old_main,session_level_split,train,active_legacy_best,0.21525582671165466,0.4164358973503113,0.18618528544902802,0.23025061190128326,0.44709230552333135,1,0,0.25999999046325684,0.06500000040978193,0.17435044050216675,0,1,2,1,0,1,0,0,0,1,0,active_legacy_best
vehicle_instability_allraw__gzj__2025_09_27_11_53_25__000335735__pre2_label2_old_main,vehicle_instability_allraw__gzj__2025_09_27_11_53_25__000335735,gzj,2025_09_27_11_53_25,pre2_label2_old_main,session_level_split,train,active_legacy_best,0.18303953111171722,0.401077002286911,0.18942421674728394,0.21165278553962708,0.4722889013012495,1,0,0.16500002145767212,0.07000000309199095,0.10894516110420227,0,1,4,0,0,1,0,0,0,1,0,active_legacy_best
vehicle_instability_allraw__gzj__2025_09_27_11_53_25__000340960__pre2_label2_old_main,vehicle_instability_allraw__gzj__2025_09_27_11_53_25__000340960,gzj,2025_09_27_11_53_25,pre2_label2_old_main,session_level_split,train,active_legacy_best,0.7633494734764099,1.4587500095367432,0.5791833400726318,0.8795666694641113,0.3970408474969359,1,0,0.33500003814697266,0.31999998819082975,0.225866436958313,0,1,4,0,0,1,0,1,0,1,0,active_legacy_best
vehicle_instability_allraw__gzj__2025_09_27_11_53_25__000362425__pre2_label2_old_main,vehicle_instability_allraw__gzj__2025_09_27_11_53_25__000362425,gzj,2025_09_27_11_53_25,pre2_label2_old_main,session_level_split,train,active_legacy_best,0.2650332748889923,0.7197740077972412,0.14641766250133514,0.5733563452959061,0.20342171419807742,1,0,0.10000002384185791,0.12000000011175871,0.08698545396327972,0,1,2,0,0,1,0,0,0,1,0,active_legacy_best
vehicle_instability_allraw__gzj__2025_09_27_11_53_25__000380620__pre2_label2_old_main,vehicle_instability_allraw__gzj__2025_09_27_11_53_25__000380620,gzj,2025_09_27_11_53_25,pre2_label2_old_main,session_level_split,train,active_legacy_best,0.5527570843696594,0.6288419961929321,0.47375017404556274,0.15509182214736938,0.7533691720872497,1,0,0.5800000429153442,0.04500000085681677,0.22751623392105103,0,1,2,0,0,1,0,0,0,0,0,active_legacy_best
vehicle_instability_allraw__gzj__2025_09_27_11_53_25__000538700__pre2_label2_old_main,vehicle_instability_allraw__gzj__2025_09_27_11_53_25__000538700,gzj,2025_09_27_11_53_25,pre2_label2_old_main,session_level_split,train,active_legacy_best,0.3752575218677521,0.6204649806022644,0.1811520755290985,0.4393129050731659,0.29196180476335715,0,1,1.4800000190734863,0.16000000666826963,0.7979745864868164,1,1,5,0,0,1,0,0,0,1,0,active_legacy_best
vehicle_instability_allraw__gzj__2025_09_27_11_53_25__000575025__pre2_label2_old_main,vehicle_instability_allraw__gzj__2025_09_27_11_53_25__000575025,gzj,2025_09_27_11_53_25,pre2_label2_old_main,session_level_split,train,active_legacy_best,0.3018174171447754,0.3851950168609619,0.34697848558425903,0.03821653127670288,0.9007865377176015,1,0,1.699999988079071,0.014999999664723873,0.418498694896698,1,0,6,1,0,1,0,0,0,0,0,active_legacy_best
vehicle_instability_allraw__gzj__2025_09_27_12_04_23__000095835__pre2_label2_old_main,vehicle_instability_allraw__gzj__2025_09_27_12_04_23__000095835,gzj,2025_09_27_12_04_23,pre2_label2_old_main,session_level_split,train,active_legacy_best,1.0386520624160767,1.7285699844360352,0.5629624724388123,1.165607511997223,0.3256810412697782,1,0,0.125,0.09500000160187483,0.988483190536499,1,1,2,0,0,1,0,1,0,1,1,active_legacy_best
vehicle_instability_allraw__gzj__2025_09_27_12_04_23__000143790__pre2_label2_old_main,vehicle_instability_allraw__gzj__2025_09_27_12_04_23__000143790,gzj,2025_09_27_12_04_23,pre2_label2_old_main,session_level_split,train,active_legacy_best,0.6183125376701355,1.8774499893188477,1.222180962562561,0.6552690267562866,0.6509792375380273,1,0,0.6950000524520874,0.4850000096485019,0.6611748933792114,0,1,3,16,0,1,1,1,1,0,1,active_legacy_best
vehicle_instability_allraw__gzj__2025_09_27_12_04_23__000173350__pre2_label2_old_main,vehicle_instability_allraw__gzj__2025_09_27_12_04_23__000173350,gzj,2025_09_27_12_04_23,pre2_label2_old_main,session_level_split,train,active_legacy_best,0.516196072101593,1.3058549165725708,0.39064761996269226,0.9152072966098785,0.29915085895453886,1,0,0.6399999856948853,0.6600000215694308,0.16704879701137543,0,0,3,0,0,1,0,0,0,1,0,active_legacy_best
vehicle_instability_allraw__gzj__2025_09_27_12_04_23__000215140__pre2_label2_old_main,vehicle_instability_allraw__gzj__2025_09_27_12_04_23__000215140,gzj,2025_09_27_12_04_23,pre2_label2_old_main,session_level_split,train,active_legacy_best,0.46063530445098877,0.7712610363960266,0.23949159681797028,0.5317694395780563,0.31051950703626147,1,0,1.1700000762939453,0.4900000048801303,0.4057901203632355,1,1,6,0,0,1,0,0,0,1,0,active_legacy_best
vehicle_instability_allraw__gzj__2025_09_27_12_04_23__000265895__pre2_label2_old_main,vehicle_instability_allraw__gzj__2025_09_27_12_04_23__000265895,gzj,2025_09_27_12_04_23,pre2_label2_old_main,session_level_split,train,active_legacy_best,0.06321147084236145,0.19181199371814728,0.18522867560386658,0.006583318114280701,0.9656782770114242,1,0,0.19499999284744263,0.08000000100582838,0.039764583110809326,0,0,1,0,0,0,0,0,0,0,0,active_legacy_best
vehicle_instability_allraw__gzj__2025_09_27_12_04_23__000297385__pre2_label2_old_main,vehicle_instability_allraw__gzj__2025_09_27_12_04_23__000297385,gzj,2025_09_27_12_04_23,pre2_label2_old_main,session_level_split,train,active_legacy_best,0.353934109210968,0.6145300269126892,0.1448974758386612,0.469632551074028,0.2357858355052321,0,1,1.9350000023841858,0.709999973885715,0.7029402405023575,1,0,2,0,0,1,0,0,0,1,0,active_legacy_best
vehicle_instability_allraw__gzj__2025_09_27_12_28_14__000046325__pre2_label2_old_main,vehicle_instability_allraw__gzj__2025_09_27_12_28_14__000046325,gzj,2025_09_27_12_28_14,pre2_label2_old_main,session_level_split,train,active_legacy_best,0.325416624546051,0.3715786635875702,0.11172792315483093,0.25985074043273926,0.30068444209391465,0,1,1.5600000321865082,0.03000000026077032,0.18635128438472748,1,0,1,0,0,0,0,0,0,1,0,active_legacy_best
vehicle_instability_allraw__gzj__2025_09_27_12_28_14__000101220__pre2_label2_old_main,vehicle_instability_allraw__gzj__2025_09_27_12_28_14__000101220,gzj,2025_09_27_12_28_14,pre2_label2_old_main,session_level_split,train,active_legacy_best,0.31412720680236816,0.3579670190811157,0.515930712223053,0.15796369314193726,1.4412800194482234,1,0,0.3799999952316284,0.3650000048801303,0.2696182429790497,1,0,1,0,0,0,0,0,0,0,0,active_legacy_best
vehicle_instability_allraw__gzj__2025_09_27_12_28_14__000104490__pre2_label2_old_main,vehicle_instability_allraw__gzj__2025_09_27_12_28_14__000104490,gzj,2025_09_27_12_28_14,pre2_label2_old_main,session_level_split,train,active_legacy_best,1.0696450471878052,1.5514259338378906,0.2661134600639343,1.2853124737739563,0.17152830454859513,1,0,0.26499998569488525,1.8299999982118607,0.9617692828178406,1,1,4,0,0,1,0,1,0,1,1,active_legacy_best
vehicle_instability_allraw__gzj__2025_09_27_12_28_14__000151555__pre2_label2_old_main,vehicle_instability_allraw__gzj__2025_09_27_12_28_14__000151555,gzj,2025_09_27_12_28_14,pre2_label2_old_main,session_level_split,train,active_legacy_best,0.515383243560791,1.9486596584320068,1.7006316184997559,0.24802803993225098,0.8727186459374711,1,0,1.5999999940395355,0.13500000070780516,0.3083760738372803,0,0,0,7,0,0,1,1,1,0,1,active_legacy_best
vehicle_instability_allraw__gzj__2025_09_27_12_28_14__000184075__pre2_label2_old_main,vehicle_instability_allraw__gzj__2025_09_27_12_28_14__000184075,gzj,2025_09_27_12_28_14,pre2_label2_old_main,session_level_split,train,active_legacy_best,0.2880457043647766,0.8056439161300659,0.3822096586227417,0.4234342575073242,0.47441512431285643,1,0,0.42500001192092896,0.40999999176710844,0.5337527990341187,1,1,5,0,0,1,0,0,0,1,0,active_legacy_best
vehicle_instability_allraw__gzj__2025_09_27_12_28_14__000198480__pre2_label2_old_main,vehicle_instability_allraw__gzj__2025_09_27_12_28_14__000198480,gzj,2025_09_27_12_28_14,pre2_label2_old_main,session_level_split,train,active_legacy_best,0.4654279947280884,0.6305878758430481,0.5703759789466858,0.060211896896362305,0.9045146613136772,1,0,0.5750000476837158,0.0549999987706542,0.44057902693748474,1,1,3,0,0,1,0,0,0,0,0,active_legacy_best
vehicle_instability_allraw__gzj__2025_09_27_12_28_14__000214945__pre2_label2_old_main,vehicle_instability_allraw__gzj__2025_09_27_12_28_14__000214945,gzj,2025_09_27_12_28_14,pre2_label2_old_main,session_level_split,train,active_legacy_best,0.9377034306526184,1.321562647819519,0.29886606335639954,1.0226965844631195,0.22614596731339714,1,0,0.9350000619888306,0.10499999951571226,0.12959681451320648,0,1,2,0,0,1,0,0,0,1,0,active_legacy_best
vehicle_instability_allraw__gzj__2025_09_27_12_28_14__000231185__pre2_label2_old_main,vehicle_instability_allraw__gzj__2025_09_27_12_28_14__000231185,gzj,2025_09_27_12_28_14,pre2_label2_old_main,session_level_split,train,active_legacy_best,2.476372480392456,3.3576600551605225,0.37526801228523254,2.98239204287529,0.11176474274352702,0,1,0.08999991416931152,1.550000011920929,3.7319324016571045,1,0,4,0,0,1,0,1,0,1,1,active_legacy_best
vehicle_instability_allraw__gzj__2025_09_27_12_28_14__000308055__pre2_label2_old_main,vehicle_instability_allraw__gzj__2025_09_27_12_28_14__000308055,gzj,2025_09_27_12_28_14,pre2_label2_old_main,session_level_split,train,active_legacy_best,0.6464213728904724,1.182286024093628,0.5334746241569519,0.648811399936676,0.45122298097529134,1,0,0.12000000476837158,0.13000000547617674,0.2780110836029053,0,1,5,0,0,1,0,0,0,1,0,active_legacy_best
vehicle_instability_allraw__gzj__2025_09_27_12_28_14__000331425__pre2_label2_old_main,vehicle_instability_allraw__gzj__2025_09_27_12_28_14__000331425,gzj,2025_09_27_12_28_14,pre2_label2_old_main,session_level_split,train,active_legacy_best,0.46161749958992004,0.7159343957901001,0.6630580425262451,0.05287635326385498,0.9261435774356098,1,0,0.5750000476837158,0.04500000085681677,0.6880626529455185,1,1,2,0,0,1,0,0,0,0,0,active_legacy_best
vehicle_instability_allraw__gzj__2025_09_27_12_28_14__000362825__pre2_label2_old_main,vehicle_instability_allraw__gzj__2025_09_27_12_28_14__000362825,gzj,2025_09_27_12_28_14,pre2_label2_old_main,session_level_split,train,active_legacy_best,0.662512481212616,0.9089670181274414,0.304114431142807,0.6048525869846344,0.3345714696769875,0,1,0.7300000190734863,0.10499999951571226,0.052458181977272034,0,1,2,0,0,1,0,0,0,1,0,active_legacy_best
vehicle_instability_allraw__gzj__2025_09_27_12_28_14__000388095__pre2_label2_old_main,vehicle_instability_allraw__gzj__2025_09_27_12_28_14__000388095,gzj,2025_09_27_12_28_14,pre2_label2_old_main,session_level_split,train,active_legacy_best,0.325496643781662,0.7108719944953918,0.36343666911125183,0.34743532538414,0.5112547292979732,1,0,0.7450000047683716,0.09500000160187483,0.1226000189781189,0,1,3,0,0,1,0,0,0,0,0,active_legacy_best
vehicle_instability_allraw__gzj__2025_09_27_12_28_14__000393180__pre2_label2_old_main,vehicle_instability_allraw__gzj__2025_09_27_12_28_14__000393180,gzj,2025_09_27_12_28_14,pre2_label2_old_main,session_level_split,train,active_legacy_best,0.10770291835069656,0.24329900741577148,0.035270825028419495,0.208028182387352,0.14496904612580477,1,0,0.02500009536743164,1.6700000166893005,0.19511418789625168,1,1,5,0,0,1,0,0,0,1,0,active_legacy_best
vehicle_instability_allraw__gzj__2025_09_27_12_28_14__000416905__pre2_label2_old_main,vehicle_instability_allraw__gzj__2025_09_27_12_28_14__000416905,gzj,2025_09_27_12_28_14,pre2_label2_old_main,session_level_split,train,active_legacy_best,0.6602906584739685,1.2093379497528076,0.06871671974658966,1.140621230006218,0.0568217674477474,1,0,0.0,1.2950000166893005,1.0281397700309753,1,1,2,0,0,1,0,0,0,1,0,active_legacy_best
vehicle_instability_allraw__gzj__2025_09_27_12_28_14__000475005__pre2_label2_old_main,vehicle_instability_allraw__gzj__2025_09_27_12_28_14__000475005,gzj,2025_09_27_12_28_14,pre2_label2_old_main,session_level_split,train,active_legacy_best,0.7299413681030273,2.185153007507324,0.8366249799728394,1.3485280275344849,0.3828679168454226,1,0,0.434999942779541,0.2400000048801303,0.31756138801574707,0,0,4,0,0,1,0,1,0,1,1,active_legacy_best
vehicle_instability_allraw__gzj__2025_09_27_12_28_14__000486975__pre2_label2_old_main,vehicle_instability_allraw__gzj__2025_09_27_12_28_14__000486975,gzj,2025_09_27_12_28_14,pre2_label2_old_main,session_level_split,train,active_legacy_best,0.23650993406772614,0.40613800287246704,0.05218032747507095,0.3539576753973961,0.12847930286261908,1,0,1.190000057220459,1.4200000166893005,0.2547445595264435,1,1,3,0,0,1,0,0,0,1,0,active_legacy_best
vehicle_instability_allraw__gzj__2025_09_27_12_28_14__000531015__pre2_label2_old_main,vehicle_instability_allraw__gzj__2025_09_27_12_28_14__000531015,gzj,2025_09_27_12_28_14,pre2_label2_old_main,session_level_split,train,active_legacy_best,0.477135568857193,0.735306978225708,0.3848927915096283,0.3504141867160797,0.5234450411967702,1,0,0.48500001430511475,0.06500000040978193,0.1122635006904602,0,1,11,0,0,1,0,0,0,0,0,active_legacy_best
vehicle_instability_allraw__gzj__2025_09_27_12_28_14__000562665__pre2_label2_old_main,vehicle_instability_allraw__gzj__2025_09_27_12_28_14__000562665,gzj,2025_09_27_12_28_14,pre2_label2_old_main,session_level_split,train,active_legacy_best,0.09279315173625946,0.1947779804468155,0.060044463723897934,0.13473351672291756,0.3082713127333877,0,1,0.17000000271946192,0.024999999441206455,0.03690451756119728,0,1,5,0,0,1,0,0,0,1,0,active_legacy_best
vehicle_instability_allraw__gzj__2025_09_27_12_28_14__000613925__pre2_label2_old_main,vehicle_instability_allraw__gzj__2025_09_27_12_28_14__000613925,gzj,2025_09_27_12_28_14,pre2_label2_old_main,session_level_split,train,active_legacy_best,0.7937132120132446,0.8019789457321167,0.6312320232391357,0.17074692249298096,0.7870930111050382,0,1,1.1200000047683716,0.9200000120326877,0.6972780972719193,1,1,2,1,0,1,0,0,0,0,0,active_legacy_best
vehicle_instability_allraw__hzh__2025_09_26_21_17_02__000043710__pre2_label2_old_main,vehicle_instability_allraw__hzh__2025_09_26_21_17_02__000043710,hzh,2025_09_26_21_17_02,pre2_label2_old_main,session_level_split,train,active_legacy_best,0.5419402718544006,0.7349579930305481,0.39436906576156616,0.34058892726898193,0.536587219271421,1,0,1.4700000286102295,0.13999999593943357,0.3419497013092041,0,1,1,0,0,0,0,0,0,0,0,active_legacy_best
vehicle_instability_allraw__hzh__2025_09_26_21_17_02__000110230__pre2_label2_old_main,vehicle_instability_allraw__hzh__2025_09_26_21_17_02__000110230,hzh,2025_09_26_21_17_02,pre2_label2_old_main,session_level_split,train,active_legacy_best,0.5470983386039734,1.3110920190811157,0.46100911498069763,0.8500829041004181,0.3516222418193025,1,0,0.36500000953674316,0.8700000001117587,0.8512131571769714,1,1,1,0,0,0,0,0,0,1,0,active_legacy_best
vehicle_instability_allraw__hzh__2025_09_26_21_17_02__000164995__pre2_label2_old_main,vehicle_instability_allraw__hzh__2025_09_26_21_17_02__000164995,hzh,2025_09_26_21_17_02,pre2_label2_old_main,session_level_split,train,active_legacy_best,0.35775506496429443,0.45204007625579834,0.7504518628120422,0.2984117865562439,1.6601445363604885,1,0,1.1550000309944153,0.3399999989196658,0.23916703462600708,1,0,2,0,0,1,0,0,0,0,0,active_legacy_best
vehicle_instability_allraw__hzh__2025_09_26_21_17_02__000199585__pre2_label2_old_main,vehicle_instability_allraw__hzh__2025_09_26_21_17_02__000199585,hzh,2025_09_26_21_17_02,pre2_label2_old_main,session_level_split,train,active_legacy_best,0.5286774039268494,0.662177562713623,0.1495213508605957,0.5126562118530273,0.22580250265178547,1,0,1.2500000596046448,0.06500000040978193,0.7162254005670547,1,1,3,0,0,1,0,0,0,1,0,active_legacy_best
vehicle_instability_allraw__hzh__2025_09_26_21_17_02__000328340__pre2_label2_old_main,vehicle_instability_allraw__hzh__2025_09_26_21_17_02__000328340,hzh,2025_09_26_21_17_02,pre2_label2_old_main,session_level_split,train,active_legacy_best,0.06017822399735451,0.09546909481287003,0.12344793975353241,0.027978844940662384,1.293067039082166,1,0,0.9150000065565109,0.1800000024959445,0.013756312429904938,0,0,1,0,0,0,0,0,0,0,0,active_legacy_best
vehicle_instability_allraw__hzh__2025_09_26_21_17_02__000397515__pre2_label2_old_main,vehicle_instability_allraw__hzh__2025_09_26_21_17_02__000397515,hzh,2025_09_26_21_17_02,pre2_label2_old_main,session_level_split,train,active_legacy_best,0.7698917388916016,1.4608402252197266,0.6840776205062866,0.7767626047134399,0.4682768236364752,1,0,0.020000100135803223,0.13500000070780516,0.6583419442176819,0,1,2,0,0,1,0,1,0,1,0,active_legacy_best
vehicle_instability_allraw__hzh__2025_09_26_21_17_02__000422495__pre2_label2_old_main,vehicle_instability_allraw__hzh__2025_09_26_21_17_02__000422495,hzh,2025_09_26_21_17_02,pre2_label2_old_main,session_level_split,train,active_legacy_best,0.706432044506073,1.5077855587005615,0.6278541684150696,0.8799313902854919,0.4164081323050781,1,0,0.36000001430511475,0.8099999977275729,0.8811140060424805,1,1,1,0,0,0,0,1,0,1,0,active_legacy_best
vehicle_instability_allraw__hzh__2025_09_27_19_22_27__000054775__pre2_label2_old_main,vehicle_instability_allraw__hzh__2025_09_27_19_22_27__000054775,hzh,2025_09_27_19_22_27,pre2_label2_old_main,session_level_split,train,active_legacy_best,0.555475115776062,1.5767309665679932,0.4194524884223938,1.1572784781455994,0.26602666993684987,1,0,0.16999995708465576,1.1150000048801303,1.1586046516895294,1,1,1,0,0,0,0,1,0,1,1,active_legacy_best
vehicle_instability_allraw__hzh__2025_09_27_19_22_27__000073950__pre2_label2_old_main,vehicle_instability_allraw__hzh__2025_09_27_19_22_27__000073950,hzh,2025_09_27_19_22_27,pre2_label2_old_main,session_level_split,train,active_legacy_best,0.6137729287147522,1.362401008605957,0.3387851417064667,1.0236158668994904,0.24866771205132926,1,0,0.04500007629394531,0.455000008456409,0.9970048367977142,1,0,2,0,0,1,0,0,0,1,0,active_legacy_best
vehicle_instability_allraw__hzh__2025_09_27_19_22_27__000153715__pre2_label2_old_main,vehicle_instability_allraw__hzh__2025_09_27_19_22_27__000153715,hzh,2025_09_27_19_22_27,pre2_label2_old_main,session_level_split,train,active_legacy_best,0.30682501196861267,0.29339003562927246,0.7657918930053711,0.47240185737609863,2.6101496302111142,1,0,1.0550000667572021,0.05999999772757292,0.5141927599906921,1,0,3,1,0,1,0,0,0,0,0,active_legacy_best
vehicle_instability_allraw__hzh__2025_09_27_19_22_27__000193515__pre2_label2_old_main,vehicle_instability_allraw__hzh__2025_09_27_19_22_27__000193515,hzh,2025_09_27_19_22_27,pre2_label2_old_main,session_level_split,train,active_legacy_best,0.6919341087341309,1.2948600053787231,0.4152950346469879,0.8795649707317352,0.32072581817485485,1,0,0.2900000810623169,0.21999999415129423,0.6251070201396942,0,1,2,0,0,1,0,0,0,1,0,active_legacy_best
vehicle_instability_allraw__hzh__2025_09_27_19_22_27__000301310__pre2_label2_old_main,vehicle_instability_allraw__hzh__2025_09_27_19_22_27__000301310,hzh,2025_09_27_19_22_27,pre2_label2_old_main,session_level_split,train,active_legacy_best,0.08847257494926453,0.29792699217796326,0.19299598038196564,0.10493101179599762,0.647796223400536,1,0,1.2149999737739563,0.31999998819082975,0.07256898283958435,0,0,1,0,0,0,0,0,0,0,0,active_legacy_best
vehicle_instability_allraw__hzh__2025_09_27_19_22_27__000331710__pre2_label2_old_main,vehicle_instability_allraw__hzh__2025_09_27_19_22_27__000331710,hzh,2025_09_27_19_22_27,pre2_label2_old_main,session_level_split,train,active_legacy_best,0.8757768869400024,1.6920976638793945,0.311987966299057,1.3801096975803375,0.18437940844606837,1,0,0.029999971389770508,1.1100000143051147,1.0811782479286194,1,1,2,0,0,1,0,1,0,1,1,active_legacy_best
vehicle_instability_allraw__hzh__2025_09_27_19_22_27__000359710__pre2_label2_old_main,vehicle_instability_allraw__hzh__2025_09_27_19_22_27__000359710,hzh,2025_09_27_19_22_27,pre2_label2_old_main,session_level_split,train,active_legacy_best,0.6706908941268921,1.1232939958572388,0.7219424247741699,0.40135157108306885,0.6427012228648311,1,0,0.5950000286102295,0.06500000040978193,0.006900131702423096,0,1,3,0,0,1,0,0,0,0,0,active_legacy_best
vehicle_instability_allraw__hzh__2025_09_27_19_22_27__000377330__pre2_label2_old_main,vehicle_instability_allraw__hzh__2025_09_27_19_22_27__000377330,hzh,2025_09_27_19_22_27,pre2_label2_old_main,session_level_split,train,active_legacy_best,0.40126925706863403,0.6544989943504333,0.30701664090156555,0.3474823534488678,0.4690864975373545,1,0,0.019999980926513672,0.09500000160187483,0.17661505937576294,0,1,4,0,0,1,0,0,0,1,0,active_legacy_best
vehicle_instability_allraw__hzh__2025_09_27_19_22_27__000382505__pre2_label2_old_main,vehicle_instability_allraw__hzh__2025_09_27_19_22_27__000382505,hzh,2025_09_27_19_22_27,pre2_label2_old_main,session_level_split,train,active_legacy_best,0.7742710709571838,1.2742639780044556,0.25521644949913025,1.0190475285053253,0.20028538348765743,1,0,0.03500008583068848,1.6500000357627869,0.9074269831180573,1,1,2,0,0,1,0,0,0,1,0,active_legacy_best
vehicle_instability_allraw__hzh__2025_09_27_19_22_27__000457930__pre2_label2_old_main,vehicle_instability_allraw__hzh__2025_09_27_19_22_27__000457930,hzh,2025_09_27_19_22_27,pre2_label2_old_main,session_level_split,train,active_legacy_best,0.421753853559494,1.0541789531707764,0.31927984952926636,0.73489910364151,0.302870635549051,1,0,0.15999996662139893,0.9900000048801303,0.735930472612381,1,1,1,0,0,0,0,0,0,1,0,active_legacy_best
vehicle_instability_allraw__hzh__2025_09_27_19_22_27__000556545__pre2_label2_old_main,vehicle_instability_allraw__hzh__2025_09_27_19_22_27__000556545,hzh,2025_09_27_19_22_27,pre2_label2_old_main,session_level_split,train,active_legacy_best,0.16736194491386414,0.4642578065395355,0.2566169202327728,0.2076408863067627,0.552746591695534,1,0,0.7649999856948853,0.43999999295920134,0.0224037766456604,0,0,1,0,0,0,0,0,0,0,0,active_legacy_best
vehicle_instability_allraw__hzh__2025_09_27_19_33_25__000059360__pre2_label2_old_main,vehicle_instability_allraw__hzh__2025_09_27_19_33_25__000059360,hzh,2025_09_27_19_33_25,pre2_label2_old_main,session_level_split,train,active_legacy_best,0.5798723697662354,1.0082778930664062,0.6991932392120361,0.3090846538543701,0.6934529101750191,1,0,0.5250000953674316,0.05999999772757292,0.029806852340698242,0,1,5,0,0,1,0,0,0,0,0,active_legacy_best
vehicle_instability_allraw__hzh__2025_09_27_19_33_25__000086105__pre2_label2_old_main,vehicle_instability_allraw__hzh__2025_09_27_19_33_25__000086105,hzh,2025_09_27_19_33_25,pre2_label2_old_main,session_level_split,train,active_legacy_best,0.8266939520835876,1.7381750345230103,0.595514714717865,1.1426603198051453,0.34260917507728794,1,0,0.36000001430511475,0.8149999929592013,1.143718421459198,1,1,1,0,0,0,0,1,0,1,1,active_legacy_best
vehicle_instability_allraw__hzh__2025_09_27_19_33_25__000134035__pre2_label2_old_main,vehicle_instability_allraw__hzh__2025_09_27_19_33_25__000134035,hzh,2025_09_27_19_33_25,pre2_label2_old_main,session_level_split,train,active_legacy_best,0.6169118285179138,1.7599854469299316,1.653066635131836,0.1069188117980957,0.939250172787166,1,0,1.4000000357627869,0.3749999953433871,0.14603698253631592,0,0,0,10,0,0,1,1,1,0,1,active_legacy_best
vehicle_instability_allraw__hzh__2025_09_27_19_33_25__000164300__pre2_label2_old_main,vehicle_instability_allraw__hzh__2025_09_27_19_33_25__000164300,hzh,2025_09_27_19_33_25,pre2_label2_old_main,session_level_split,train,active_legacy_best,0.9548051357269287,1.6500362157821655,0.021204937249422073,1.6288312785327435,0.012851195050510035,0,1,0.4899998903274536,1.8050000071525574,1.3618528619408607,1,1,2,0,0,1,0,1,0,1,1,active_legacy_best
vehicle_instability_allraw__hzh__2025_09_27_19_33_25__000196645__pre2_label2_old_main,vehicle_instability_allraw__hzh__2025_09_27_19_33_25__000196645,hzh,2025_09_27_19_33_25,pre2_label2_old_main,session_level_split,train,active_legacy_best,0.726572573184967,1.552994966506958,0.6572103500366211,0.8957846164703369,0.42318897627520197,1,0,0.5400000810623169,0.18999999295920134,0.5431822240352631,0,1,2,0,0,1,0,1,0,1,1,active_legacy_best
vehicle_instability_allraw__hzh__2025_09_27_19_33_25__000209940__pre2_label2_old_main,vehicle_instability_allraw__hzh__2025_09_27_19_33_25__000209940,hzh,2025_09_27_19_33_25,pre2_label2_old_main,session_level_split,train,active_legacy_best,0.5931469202041626,1.2814159393310547,0.6382322311401367,0.643183708190918,0.4980679664975269,1,0,0.20000004768371582,0.4950000001117587,0.29482579231262207,0,1,2,0,0,1,0,0,0,1,0,active_legacy_best
vehicle_instability_allraw__hzh__2025_09_27_19_33_25__000220280__pre2_label2_old_main,vehicle_instability_allraw__hzh__2025_09_27_19_33_25__000220280,hzh,2025_09_27_19_33_25,pre2_label2_old_main,session_level_split,train,active_legacy_best,0.7890046238899231,1.658761978149414,0.5693996548652649,1.0893623232841492,0.3432678481698209,1,0,0.36500000953674316,0.45000001322478056,1.0906100869178772,1,1,1,0,0,0,0,1,0,1,1,active_legacy_best
vehicle_instability_allraw__hzh__2025_09_27_19_33_25__000269285__pre2_label2_old_main,vehicle_instability_allraw__hzh__2025_09_27_19_33_25__000269285,hzh,2025_09_27_19_33_25,pre2_label2_old_main,session_level_split,train,active_legacy_best,0.2111416459083557,0.13596075773239136,0.15028519928455353,0.01432444155216217,1.1053571765196886,0,1,0.9700000239536166,0.15499999653548002,0.18433456867933273,1,0,0,0,1,0,0,0,0,0,0,active_legacy_best
vehicle_instability_allraw__hzh__2025_09_27_19_33_25__000297885__pre2_label2_old_main,vehicle_instability_allraw__hzh__2025_09_27_19_33_25__000297885,hzh,2025_09_27_19_33_25,pre2_label2_old_main,session_level_split,train,active_legacy_best,0.41330191493034363,0.9873329997062683,0.33780544996261597,0.6495275497436523,0.342139328942832,1,0,0.35500001907348633,0.8700000001117587,0.6508797407150269,1,1,3,0,0,1,0,0,0,1,0,active_legacy_best
vehicle_instability_allraw__hzh__2025_09_27_19_33_25__000325285__pre2_label2_old_main,vehicle_instability_allraw__hzh__2025_09_27_19_33_25__000325285,hzh,2025_09_27_19_33_25,pre2_label2_old_main,session_level_split,train,active_legacy_best,1.6294763088226318,2.5556859970092773,0.40928781032562256,2.146398186683655,0.16014792537290598,1,0,0.23000001907348633,1.8599999994039536,1.9969299137592316,1,1,4,0,0,1,0,1,0,1,1,active_legacy_best
vehicle_instability_allraw__hzh__2025_09_27_19_33_25__000337550__pre2_label2_old_main,vehicle_instability_allraw__hzh__2025_09_27_19_33_25__000337550,hzh,2025_09_27_19_33_25,pre2_label2_old_main,session_level_split,train,active_legacy_best,3.6576948165893555,6.233269691467285,0.44220608472824097,5.791063606739044,0.0709428769516545,1,0,0.16499996185302734,1.4050000309944153,5.791186898946762,1,1,1,0,0,0,0,1,0,1,1,active_legacy_best
vehicle_instability_allraw__hzh__2025_09_27_19_33_25__000342730__pre2_label2_old_main,vehicle_instability_allraw__hzh__2025_09_27_19_33_25__000342730,hzh,2025_09_27_19_33_25,pre2_label2_old_main,session_level_split,train,active_legacy_best,0.8402955532073975,0.5602498054504395,0.4748181402683258,0.08543166518211365,0.847511477289266,0,1,0.36500000953674316,0.3700000001117587,1.0344536900520325,1,0,0,0,1,0,0,0,0,0,0,active_legacy_best
vehicle_instability_allraw__hzh__2025_09_27_19_33_25__000353510__pre2_label2_old_main,vehicle_instability_allraw__hzh__2025_09_27_19_33_25__000353510,hzh,2025_09_27_19_33_25,pre2_label2_old_main,session_level_split,train,active_legacy_best,0.7067950367927551,0.7138404846191406,0.30043646693229675,0.41340401768684387,0.4208733931539206,0,1,0.16499996185302734,0.18499999772757292,1.0139447450637817,1,0,2,0,0,1,0,0,0,1,0,active_legacy_best
vehicle_instability_allraw__hzh__2025_09_27_19_33_25__000442940__pre2_label2_old_main,vehicle_instability_allraw__hzh__2025_09_27_19_33_25__000442940,hzh,2025_09_27_19_33_25,pre2_label2_old_main,session_level_split,train,active_legacy_best,0.4474804103374481,0.8347909450531006,0.06224915012717247,0.7725417949259281,0.07456854976213576,1,0,0.029999971389770508,1.4150000214576721,0.7569460086524487,1,1,3,0,0,1,0,0,0,1,0,active_legacy_best
vehicle_instability_allraw__hzh__2025_09_27_19_33_25__000474190__pre2_label2_old_main,vehicle_instability_allraw__hzh__2025_09_27_19_33_25__000474190,hzh,2025_09_27_19_33_25,pre2_label2_old_main,session_level_split,train,active_legacy_best,0.09058129042387009,0.24940769374370575,0.05976058915257454,0.1896471045911312,0.23961004672929304,1,0,1.4049999713897705,0.1800000024959445,0.191458348184824,1,0,2,0,0,1,0,0,0,1,0,active_legacy_best
vehicle_instability_allraw__hzh__2025_09_27_19_33_25__000511405__pre2_label2_old_main,vehicle_instability_allraw__hzh__2025_09_27_19_33_25__000511405,hzh,2025_09_27_19_33_25,pre2_label2_old_main,session_level_split,train,active_legacy_best,0.5839914083480835,1.0478951930999756,0.1694708913564682,0.8784243017435074,0.16172503936688987,1,0,0.11500000953674316,1.8550000041723251,0.7927529513835907,1,1,2,0,0,1,0,0,0,1,0,active_legacy_best
vehicle_instability_allraw__hzh__2025_09_27_19_33_25__000527890__pre2_label2_old_main,vehicle_instability_allraw__hzh__2025_09_27_19_33_25__000527890,hzh,2025_09_27_19_33_25,pre2_label2_old_main,session_level_split,train,active_legacy_best,0.3208596408367157,0.4260352849960327,0.4286775290966034,0.0026422441005706787,1.0062019372423467,1,0,0.040000081062316895,0.12499999534338713,0.0021528303623199463,0,1,1,0,0,0,0,0,0,0,0,active_legacy_best
vehicle_instability_allraw__jy__2025_09_26_17_17_11__000159055__pre2_label2_old_main,vehicle_instability_allraw__jy__2025_09_26_17_17_11__000159055,jy,2025_09_26_17_17_11,pre2_label2_old_main,session_level_split,train,active_legacy_best,0.755145251750946,0.8929110765457153,1.3555700778961182,0.46265900135040283,1.5181467824771862,1,0,1.3300000429153442,0.7350000096485019,0.4317507743835449,0,0,0,14,0,0,1,0,0,0,0,active_legacy_best
vehicle_instability_allraw__jy__2025_09_26_17_17_11__000223285__pre2_label2_old_main,vehicle_instability_allraw__jy__2025_09_26_17_17_11__000223285,jy,2025_09_26_17_17_11,pre2_label2_old_main,session_level_split,train,active_legacy_best,0.7910693287849426,1.1974680423736572,0.38698485493659973,0.8104831874370575,0.32316925482997166,1,0,1.4800000190734863,0.5049999905750155,0.8122834861278534,1,1,1,0,0,0,0,0,0,1,0,active_legacy_best
vehicle_instability_allraw__jy__2025_09_26_17_17_11__000240445__pre2_label2_old_main,vehicle_instability_allraw__jy__2025_09_26_17_17_11__000240445,jy,2025_09_26_17_17_11,pre2_label2_old_main,session_level_split,train,active_legacy_best,0.7543179392814636,1.6069222688674927,0.29031628370285034,1.3166059851646423,0.18066604049706522,1,0,1.475000023841858,1.719999998807907,1.3201816380023956,1,1,1,0,0,0,0,1,0,1,1,active_legacy_best
vehicle_instability_allraw__jy__2025_09_26_17_17_11__000289580__pre2_label2_old_main,vehicle_instability_allraw__jy__2025_09_26_17_17_11__000289580,jy,2025_09_26_17_17_11,pre2_label2_old_main,session_level_split,train,active_legacy_best,0.2194598913192749,0.345050573348999,0.1886928230524063,0.1563577502965927,0.5468555557551683,1,0,1.4700000286102295,0.05999999772757292,0.11704127490520477,0,1,2,0,0,1,0,0,0,0,0,active_legacy_best
vehicle_instability_allraw__jy__2025_09_26_17_17_11__000360915__pre2_label2_old_main,vehicle_instability_allraw__jy__2025_09_26_17_17_11__000360915,jy,2025_09_26_17_17_11,pre2_label2_old_main,session_level_split,train,active_legacy_best,0.218044251203537,0.14730501174926758,0.20573970675468445,0.05843469500541687,1.3966918322160033,0,1,1.9950000001117587,0.26500001084059477,0.28300635516643524,1,1,2,0,0,1,0,0,0,0,0,active_legacy_best
vehicle_instability_allraw__jy__2025_09_26_17_17_11__000414405__pre2_label2_old_main,vehicle_instability_allraw__jy__2025_09_26_17_17_11__000414405,jy,2025_09_26_17_17_11,pre2_label2_old_main,session_level_split,train,active_legacy_best,1.460118055343628,2.3631784915924072,0.279157817363739,2.084020674228668,0.11812811362193422,1,0,0.4849998950958252,1.8700000047683716,1.2719418704509735,1,1,2,0,0,1,0,1,0,1,1,active_legacy_best
vehicle_instability_allraw__jy__2025_09_26_17_17_11__000547665__pre2_label2_old_main,vehicle_instability_allraw__jy__2025_09_26_17_17_11__000547665,jy,2025_09_26_17_17_11,pre2_label2_old_main,session_level_split,train,active_legacy_best,0.17741772532463074,0.28832799196243286,0.053427550941705704,0.23490044102072716,0.18530129724160443,1,0,0.819999978877604,1.8149999976158142,0.13911927118897438,0,0,1,0,0,0,0,0,0,1,0,active_legacy_best
vehicle_instability_allraw__jy__2025_09_26_17_17_11__000615015__pre2_label2_old_main,vehicle_instability_allraw__jy__2025_09_26_17_17_11__000615015,jy,2025_09_26_17_17_11,pre2_label2_old_main,session_level_split,train,active_legacy_best,0.4111999571323395,0.13945099711418152,0.37218642234802246,0.23273542523384094,2.6689405601257823,0,1,0.23499999940395355,0.024999999441206455,0.3545216917991638,1,1,1,1,1,0,0,0,0,0,0,active_legacy_best
vehicle_instability_allraw__jy__2025_09_26_17_29_44__000057650__pre2_label2_old_main,vehicle_instability_allraw__jy__2025_09_26_17_29_44__000057650,jy,2025_09_26_17_29_44,pre2_label2_old_main,session_level_split,train,active_legacy_best,0.23744717240333557,0.4115488827228546,0.06261774897575378,0.34893113374710083,0.15215142502992007,0,1,1.475000023841858,1.910000003874302,0.4671839624643326,1,1,3,0,0,1,0,0,0,1,0,active_legacy_best
vehicle_instability_allraw__jy__2025_09_26_17_29_44__000133840__pre2_label2_old_main,vehicle_instability_allraw__jy__2025_09_26_17_29_44__000133840,jy,2025_09_26_17_29_44,pre2_label2_old_main,session_level_split,train,active_legacy_best,0.5358589291572571,1.1224236488342285,1.3255969285964966,0.20317327976226807,1.1810130069633582,1,0,1.175000011920929,0.20499999355524778,0.17493772506713867,0,0,2,14,0,1,1,0,0,0,0,active_legacy_best
vehicle_instability_allraw__jy__2025_09_26_17_29_44__000176855__pre2_label2_old_main,vehicle_instability_allraw__jy__2025_09_26_17_29_44__000176855,jy,2025_09_26_17_29_44,pre2_label2_old_main,session_level_split,train,active_legacy_best,2.4415454864501953,5.133186340332031,0.6350877285003662,4.498098611831665,0.12372193144644086,1,0,0.11500000953674316,1.0450000166893005,4.013605952262878,1,0,3,0,0,1,0,1,0,1,1,active_legacy_best
vehicle_instability_allraw__jy__2025_09_26_17_29_44__000269345__pre2_label2_old_main,vehicle_instability_allraw__jy__2025_09_26_17_29_44__000269345,jy,2025_09_26_17_29_44,pre2_label2_old_main,session_level_split,train,active_legacy_best,0.27591755986213684,0.6445499658584595,0.5141800045967102,0.13036996126174927,0.7977349031612888,1,0,0.16499996185302734,0.5649999929592013,0.13098591566085815,0,1,4,0,0,1,0,0,0,0,0,active_legacy_best
vehicle_instability_allraw__jy__2025_09_26_17_29_44__000332895__pre2_label2_old_main,vehicle_instability_allraw__jy__2025_09_26_17_29_44__000332895,jy,2025_09_26_17_29_44,pre2_label2_old_main,session_level_split,train,active_legacy_best,0.3831721246242523,0.5080660581588745,0.1604834794998169,0.3475825786590576,0.31587128666176906,0,1,1.9950000001117587,0.15499999653548002,0.5856021046638489,1,0,2,0,0,1,0,0,0,1,0,active_legacy_best
vehicle_instability_allraw__jy__2025_09_26_17_29_44__000426110__pre2_label2_old_main,vehicle_instability_allraw__jy__2025_09_26_17_29_44__000426110,jy,2025_09_26_17_29_44,pre2_label2_old_main,session_level_split,train,active_legacy_best,0.9666203856468201,1.9676820039749146,0.5619631409645081,1.4057188630104065,0.28559652414835646,1,0,0.5450000762939453,0.11000000219792128,0.029852688312530518,0,1,2,0,0,1,0,1,0,1,1,active_legacy_best
vehicle_instability_allraw__jy__2025_09_26_17_29_44__000500270__pre2_label2_old_main,vehicle_instability_allraw__jy__2025_09_26_17_29_44__000500270,jy,2025_09_26_17_29_44,pre2_label2_old_main,session_level_split,train,active_legacy_best,0.6142428517341614,1.6941959857940674,0.6413082480430603,1.052887737751007,0.37853250357129137,1,0,0.009999990463256836,0.9650000287219882,1.0485780239105225,1,0,0,0,1,0,0,1,0,1,1,active_legacy_best
vehicle_instability_allraw__jy__2025_09_26_17_29_44__000535550__pre2_label2_old_main,vehicle_instability_allraw__jy__2025_09_26_17_29_44__000535550,jy,2025_09_26_17_29_44,pre2_label2_old_main,session_level_split,train,active_legacy_best,0.24374164640903473,0.23230403661727905,0.12091809511184692,0.11138594150543213,0.5205165475064882,0,1,0.13999998569488525,0.05999999772757292,0.04479128122329712,0,1,1,0,0,0,0,0,0,0,0,active_legacy_best
vehicle_instability_allraw__jy__2025_09_26_17_29_44__000540950__pre2_label2_old_main,vehicle_instability_allraw__jy__2025_09_26_17_29_44__000540950,jy,2025_09_26_17_29_44,pre2_label2_old_main,session_level_split,train,active_legacy_best,0.5134281516075134,0.9101839661598206,0.06000421196222305,0.8501797541975975,0.06592536695124206,0,1,0.17000001668930054,1.8950000032782555,0.03796843811869621,0,1,4,0,0,1,0,0,0,1,0,active_legacy_best
vehicle_instability_allraw__jy__2025_09_26_17_29_44__000614515__pre2_label2_old_main,vehicle_instability_allraw__jy__2025_09_26_17_29_44__000614515,jy,2025_09_26_17_29_44,pre2_label2_old_main,session_level_split,train,active_legacy_best,0.3486376702785492,0.08063399791717529,0.309701532125473,0.22906753420829773,3.8408306685176234,0,1,1.5200000405311584,0.03499999921768904,0.2898440361022949,1,1,1,0,0,0,0,0,0,0,0,active_legacy_best
vehicle_instability_allraw__jy__2025_09_26_17_40_51__000065475__pre2_label2_old_main,vehicle_instability_allraw__jy__2025_09_26_17_40_51__000065475,jy,2025_09_26_17_40_51,pre2_label2_old_main,session_level_split,train,active_legacy_best,0.2546405792236328,0.4571017026901245,0.4032904803752899,0.053811222314834595,0.8822773531620075,1,0,0.3200000524520874,0.13000000547617674,0.011776566505432129,0,1,2,0,0,1,0,0,0,0,0,active_legacy_best
vehicle_instability_allraw__jy__2025_09_26_17_40_51__000069905__pre2_label2_old_main,vehicle_instability_allraw__jy__2025_09_26_17_40_51__000069905,jy,2025_09_26_17_40_51,pre2_label2_old_main,session_level_split,train,active_legacy_best,0.6774751543998718,1.167451024055481,0.7127031087875366,0.45474791526794434,0.610477950768123,1,0,0.23000001907348633,0.08000000100582838,0.43018510937690735,0,1,4,0,0,1,0,0,0,0,0,active_legacy_best
vehicle_instability_allraw__jy__2025_09_26_17_40_51__000139585__pre2_label2_old_main,vehicle_instability_allraw__jy__2025_09_26_17_40_51__000139585,jy,2025_09_26_17_40_51,pre2_label2_old_main,session_level_split,train,active_legacy_best,0.7758587002754211,0.7290209531784058,1.141011357307434,0.4119904041290283,1.5651283441618806,1,0,0.20999997854232788,0.1149999974295497,1.599586844444275,1,1,1,2,0,0,1,0,0,0,0,active_legacy_best
vehicle_instability_allraw__jy__2025_09_26_17_40_51__000204390__pre2_label2_old_main,vehicle_instability_allraw__jy__2025_09_26_17_40_51__000204390,jy,2025_09_26_17_40_51,pre2_label2_old_main,session_level_split,train,active_legacy_best,0.2519579231739044,0.7358310222625732,0.24618849158287048,0.48964253067970276,0.3345720472967784,1,0,0.08999991416931152,1.159999961964786,0.4731016159057617,1,0,1,0,0,0,0,0,0,1,0,active_legacy_best
vehicle_instability_allraw__jy__2025_09_26_17_40_51__000228515__pre2_label2_old_main,vehicle_instability_allraw__jy__2025_09_26_17_40_51__000228515,jy,2025_09_26_17_40_51,pre2_label2_old_main,session_level_split,train,active_legacy_best,1.518938660621643,2.8728153705596924,0.47777679562568665,2.3950385749340057,0.16630960712682502,1,0,0.12000000476837158,1.7650000005960464,0.744719535112381,0,1,2,0,0,1,0,1,0,1,1,active_legacy_best
vehicle_instability_allraw__jy__2025_09_26_17_40_51__000277995__pre2_label2_old_main,vehicle_instability_allraw__jy__2025_09_26_17_40_51__000277995,jy,2025_09_26_17_40_51,pre2_label2_old_main,session_level_split,train,active_legacy_best,0.7824335098266602,0.5958551168441772,0.4397716522216797,0.15608346462249756,0.7380513144719455,0,1,1.3749999953433871,0.18499999772757292,0.8930308520793915,1,0,3,0,0,1,0,0,0,0,0,active_legacy_best
vehicle_instability_allraw__jy__2025_09_26_17_40_51__000399600__pre2_label2_old_main,vehicle_instability_allraw__jy__2025_09_26_17_40_51__000399600,jy,2025_09_26_17_40_51,pre2_label2_old_main,session_level_split,train,active_legacy_best,0.6729909777641296,1.1950269937515259,0.7476580142974854,0.4473689794540405,0.6256411095370964,1,0,0.36500000953674316,1.384999985806644,0.44839489459991455,0,1,1,0,0,0,0,0,0,0,0,active_legacy_best
vehicle_instability_allraw__jy__2025_09_26_17_40_51__000445490__pre2_label2_old_main,vehicle_instability_allraw__jy__2025_09_26_17_40_51__000445490,jy,2025_09_26_17_40_51,pre2_label2_old_main,session_level_split,train,active_legacy_best,0.5327741503715515,0.11833399534225464,0.4851072430610657,0.36677324771881104,4.0994748944122215,0,1,0.6549999713897705,0.725000019185245,0.5385418087244034,1,0,1,0,0,0,0,0,0,0,0,active_legacy_best
vehicle_instability_allraw__jy__2025_09_26_17_40_51__000526105__pre2_label2_old_main,vehicle_instability_allraw__jy__2025_09_26_17_40_51__000526105,jy,2025_09_26_17_40_51,pre2_label2_old_main,session_level_split,train,active_legacy_best,0.9040298461914062,0.9201330542564392,0.6151233911514282,0.305009663105011,0.6685156981437975,0,1,0.6200000643730164,0.03000000026077032,0.049183785915374756,0,1,2,1,0,1,0,0,0,0,0,active_legacy_best
vehicle_instability_allraw__jy__2025_09_26_17_51_46__000128915__pre2_label2_old_main,vehicle_instability_allraw__jy__2025_09_26_17_51_46__000128915,jy,2025_09_26_17_51_46,pre2_label2_old_main,session_level_split,train,active_legacy_best,0.5037375092506409,1.5241960287094116,1.582835078239441,0.0586390495300293,1.0384721180383083,1,0,1.4200000762939453,0.16000000666826963,0.03531920909881592,0,0,2,9,0,1,1,1,1,0,1,active_legacy_best
vehicle_instability_allraw__jy__2025_09_26_17_51_46__000184900__pre2_label2_old_main,vehicle_instability_allraw__jy__2025_09_26_17_51_46__000184900,jy,2025_09_26_17_51_46,pre2_label2_old_main,session_level_split,train,active_legacy_best,0.7043766379356384,0.658513069152832,0.5544384121894836,0.10407465696334839,0.8419550623387946,0,1,0.25,1.0900000287219882,0.056658267974853516,0,1,2,0,0,1,0,0,0,0,0,active_legacy_best
vehicle_instability_allraw__jy__2025_09_26_17_51_46__000257425__pre2_label2_old_main,vehicle_instability_allraw__jy__2025_09_26_17_51_46__000257425,jy,2025_09_26_17_51_46,pre2_label2_old_main,session_level_split,train,active_legacy_best,0.8229506611824036,0.7590431571006775,0.3986879289150238,0.3603552281856537,0.5252506727521198,0,1,1.9950000001117587,0.20499999355524778,1.0502106547355652,1,0,0,0,1,0,0,0,0,0,0,active_legacy_best
vehicle_instability_allraw__jy__2025_09_26_17_51_46__000542335__pre2_label2_old_main,vehicle_instability_allraw__jy__2025_09_26_17_51_46__000542335,jy,2025_09_26_17_51_46,pre2_label2_old_main,session_level_split,train,active_legacy_best,0.3724065124988556,0.3000220060348511,0.18628743290901184,0.11373457312583923,0.6209125636183246,0,1,0.20000004768371582,0.16000000666826963,0.046974971890449524,0,1,2,0,0,1,0,0,0,0,0,active_legacy_best
vehicle_instability_allraw__lx__2025_09_26_09_17_22__000060745__pre2_label2_old_main,vehicle_instability_allraw__lx__2025_09_26_09_17_22__000060745,lx,2025_09_26_09_17_22,pre2_label2_old_main,session_level_split,train,active_legacy_best,0.35872966051101685,0.9454450011253357,0.3309614956378937,0.614483505487442,0.35005896191101527,1,0,0.06999993324279785,0.7699999762699008,0.574684739112854,1,1,2,0,0,1,0,0,0,1,0,active_legacy_best
vehicle_instability_allraw__lx__2025_09_26_09_17_22__000135315__pre2_label2_old_main,vehicle_instability_allraw__lx__2025_09_26_09_17_22__000135315,lx,2025_09_26_09_17_22,pre2_label2_old_main,session_level_split,train,active_legacy_best,0.4730715751647949,1.2240021228790283,0.8625871539115906,0.36141496896743774,0.7047268446582936,1,0,1.125,1.3450000239536166,0.41301286220550537,0,1,4,0,0,1,0,0,0,0,0,active_legacy_best
vehicle_instability_allraw__lx__2025_09_26_09_17_22__000145735__pre2_label2_old_main,vehicle_instability_allraw__lx__2025_09_26_09_17_22__000145735,lx,2025_09_26_09_17_22,pre2_label2_old_main,session_level_split,train,active_legacy_best,0.8012545704841614,1.1288700103759766,0.06140897795557976,1.0674610324203968,0.05439862640617687,0,1,0.6499999761581421,1.8700000047683716,1.1900609992444515,1,0,4,0,0,1,0,0,0,1,0,active_legacy_best
vehicle_instability_allraw__lx__2025_09_26_09_17_22__000151260__pre2_label2_old_main,vehicle_instability_allraw__lx__2025_09_26_09_17_22__000151260,lx,2025_09_26_09_17_22,pre2_label2_old_main,session_level_split,train,active_legacy_best,3.0482470989227295,6.8434295654296875,0.5300477743148804,6.313381791114807,0.07745352958587798,1,0,0.05500006675720215,0.9750000238418579,5.646547913551331,1,0,1,0,0,0,0,1,0,1,1,active_legacy_best
vehicle_instability_allraw__lx__2025_09_26_09_17_22__000215535__pre2_label2_old_main,vehicle_instability_allraw__lx__2025_09_26_09_17_22__000215535,lx,2025_09_26_09_17_22,pre2_label2_old_main,session_level_split,train,active_legacy_best,0.42596474289894104,0.9073969125747681,0.6132663488388062,0.2941305637359619,0.6758523644285311,1,0,0.4299999475479126,0.5450000120326877,0.7578214854001999,1,1,2,0,0,1,0,0,0,0,0,active_legacy_best
vehicle_instability_allraw__lx__2025_09_26_09_17_22__000263130__pre2_label2_old_main,vehicle_instability_allraw__lx__2025_09_26_09_17_22__000263130,lx,2025_09_26_09_17_22,pre2_label2_old_main,session_level_split,train,active_legacy_best,0.5192484259605408,0.9936151504516602,0.014986761845648289,0.9786283886060119,0.0150830649460567,1,0,1.3050000071525574,1.5450000166893005,0.7890341300517321,1,1,3,0,0,1,0,0,0,1,0,active_legacy_best
vehicle_instability_allraw__lx__2025_09_26_09_17_22__000324565__pre2_label2_old_main,vehicle_instability_allraw__lx__2025_09_26_09_17_22__000324565,lx,2025_09_26_09_17_22,pre2_label2_old_main,session_level_split,train,active_legacy_best,0.3392326831817627,0.40823203325271606,0.1191418319940567,0.28909020125865936,0.2918483173521612,0,1,0.4750000238418579,0.049999999813735485,0.4476022310554981,1,1,2,0,0,1,0,0,0,1,0,active_legacy_best
vehicle_instability_allraw__lx__2025_09_26_09_17_22__000385260__pre2_label2_old_main,vehicle_instability_allraw__lx__2025_09_26_09_17_22__000385260,lx,2025_09_26_09_17_22,pre2_label2_old_main,session_level_split,train,active_legacy_best,0.46922051906585693,1.2409290075302124,0.7516111135482788,0.4893178939819336,0.6056842164115336,1,0,0.4249999523162842,0.5400000168010592,0.3521840572357178,0,1,4,0,0,1,0,0,0,0,0,active_legacy_best
vehicle_instability_allraw__lx__2025_09_26_09_17_22__000476915__pre2_label2_old_main,vehicle_instability_allraw__lx__2025_09_26_09_17_22__000476915,lx,2025_09_26_09_17_22,pre2_label2_old_main,session_level_split,train,active_legacy_best,0.8146842122077942,1.6242048740386963,0.47729143500328064,1.1469134390354156,0.29386159506864606,1,0,0.8350000381469727,0.3700000001117587,0.9195675551891327,1,0,4,0,0,1,0,1,0,1,1,active_legacy_best
vehicle_instability_allraw__lx__2025_09_26_09_17_22__000480490__pre2_label2_old_main,vehicle_instability_allraw__lx__2025_09_26_09_17_22__000480490,lx,2025_09_26_09_17_22,pre2_label2_old_main,session_level_split,train,active_legacy_best,0.9139158725738525,2.146575927734375,0.27651551365852356,1.8700604140758514,0.1288170197410043,1,0,0.029999971389770508,1.6850000023841858,1.7666429281234741,1,1,4,0,0,1,0,1,0,1,1,active_legacy_best
vehicle_instability_allraw__lxy__2025_09_28_17_55_52__000037840__pre2_label2_old_main,vehicle_instability_allraw__lxy__2025_09_28_17_55_52__000037840,lxy,2025_09_28_17_55_52,pre2_label2_old_main,session_level_split,train,active_legacy_best,0.4476155638694763,0.8552116751670837,0.504481315612793,0.35073035955429077,0.5898905852919183,1,0,0.36500000953674316,1.5299999667331576,0.3518095016479492,0,1,2,0,0,1,0,0,0,0,0,active_legacy_best
vehicle_instability_allraw__lxy__2025_09_28_17_55_52__000057250__pre2_label2_old_main,vehicle_instability_allraw__lxy__2025_09_28_17_55_52__000057250,lxy,2025_09_28_17_55_52,pre2_label2_old_main,session_level_split,train,active_legacy_best,0.3165624737739563,0.4199264943599701,0.3589663505554199,0.06096014380455017,0.8548313940098912,1,0,1.475000023841858,0.08999999891966581,0.06358850002288818,0,1,1,0,0,0,0,0,0,0,0,active_legacy_best
vehicle_instability_allraw__lxy__2025_09_28_17_55_52__000089180__pre2_label2_old_main,vehicle_instability_allraw__lxy__2025_09_28_17_55_52__000089180,lxy,2025_09_28_17_55_52,pre2_label2_old_main,session_level_split,train,active_legacy_best,0.4500030279159546,0.9375909566879272,0.4868731200695038,0.45071783661842346,0.5192809471940728,1,0,0.16999995708465576,0.15499999653548002,0.4527590572834015,0,1,1,4,0,0,1,0,0,0,0,active_legacy_best
vehicle_instability_allraw__lxy__2025_09_28_17_55_52__000131600__pre2_label2_old_main,vehicle_instability_allraw__lxy__2025_09_28_17_55_52__000131600,lxy,2025_09_28_17_55_52,pre2_label2_old_main,session_level_split,train,active_legacy_best,0.8315314054489136,1.0196189880371094,1.4330826997756958,0.4134637117385864,1.405508054076704,1,0,0.6200000047683716,0.6999999834224582,0.9522835314273834,1,1,1,0,0,0,0,0,0,0,0,active_legacy_best
vehicle_instability_allraw__lxy__2025_09_28_17_55_52__000160915__pre2_label2_old_main,vehicle_instability_allraw__lxy__2025_09_28_17_55_52__000160915,lxy,2025_09_28_17_55_52,pre2_label2_old_main,session_level_split,train,active_legacy_best,0.7495291829109192,1.0697157382965088,0.01038677990436554,1.0593289583921432,0.009709850507487329,0,1,0.9650000194087625,1.790000006556511,1.050940215587616,1,1,1,0,0,0,0,0,0,1,0,active_legacy_best
vehicle_instability_allraw__lxy__2025_09_28_17_55_52__000186485__pre2_label2_old_main,vehicle_instability_allraw__lxy__2025_09_28_17_55_52__000186485,lxy,2025_09_28_17_55_52,pre2_label2_old_main,session_level_split,train,active_legacy_best,0.18161000311374664,0.4502953886985779,0.06563422828912735,0.38466116040945053,0.1457581621673281,0,1,1.4600000381469727,1.530000001192093,0.5085988864302635,1,1,1,0,0,0,0,0,0,1,0,active_legacy_best
vehicle_instability_allraw__lxy__2025_09_28_17_55_52__000202445__pre2_label2_old_main,vehicle_instability_allraw__lxy__2025_09_28_17_55_52__000202445,lxy,2025_09_28_17_55_52,pre2_label2_old_main,session_level_split,train,active_legacy_best,0.3828757405281067,0.6930699944496155,0.2460113763809204,0.44705861806869507,0.3549589195190658,1,0,0.6100000143051147,0.11000000219792128,0.40873128175735474,1,1,4,0,0,1,0,0,0,1,0,active_legacy_best
vehicle_instability_allraw__lxy__2025_09_28_17_55_52__000226595__pre2_label2_old_main,vehicle_instability_allraw__lxy__2025_09_28_17_55_52__000226595,lxy,2025_09_28_17_55_52,pre2_label2_old_main,session_level_split,train,active_legacy_best,0.9637293815612793,2.0678651332855225,0.5212579369544983,1.5466071963310242,0.25207540306378634,1,0,0.8750000596046448,0.6650000168010592,0.9107856154441833,0,1,3,0,0,1,0,1,0,1,1,active_legacy_best
vehicle_instability_allraw__lxy__2025_09_28_17_55_52__000241900__pre2_label2_old_main,vehicle_instability_allraw__lxy__2025_09_28_17_55_52__000241900,lxy,2025_09_28_17_55_52,pre2_label2_old_main,session_level_split,train,active_legacy_best,0.43737930059432983,1.1992160081863403,0.6989781260490417,0.5002378821372986,0.5828625712778435,1,0,0.7350000143051147,0.3749999953433871,0.15746784210205078,0,1,3,0,0,1,0,0,0,0,0,active_legacy_best
vehicle_instability_allraw__lxy__2025_09_28_17_55_52__000255420__pre2_label2_old_main,vehicle_instability_allraw__lxy__2025_09_28_17_55_52__000255420,lxy,2025_09_28_17_55_52,pre2_label2_old_main,session_level_split,train,active_legacy_best,0.4374239146709442,0.06388020515441895,0.3824232220649719,0.318543016910553,5.986568470475828,0,1,0.14499998092651367,0.02000000048428774,0.44616594910621643,1,0,0,0,1,0,0,0,0,0,0,active_legacy_best
vehicle_instability_allraw__lxy__2025_09_28_17_55_52__000273935__pre2_label2_old_main,vehicle_instability_allraw__lxy__2025_09_28_17_55_52__000273935,lxy,2025_09_28_17_55_52,pre2_label2_old_main,session_level_split,train,active_legacy_best,0.07975240051746368,0.355525404214859,0.04795290157198906,0.30757250264286995,0.1348789734952642,1,0,1.9850000003352761,0.5249999761581421,0.30979445204138756,1,1,0,0,1,0,0,0,0,1,0,active_legacy_best
vehicle_instability_allraw__lxy__2025_09_28_17_55_52__000279955__pre2_label2_old_main,vehicle_instability_allraw__lxy__2025_09_28_17_55_52__000279955,lxy,2025_09_28_17_55_52,pre2_label2_old_main,session_level_split,train,active_legacy_best,0.37942755222320557,0.8337439894676208,0.06940414011478424,0.7643398493528366,0.0832439465729781,1,0,1.4399999976158142,1.024999976158142,0.7669162005186081,1,1,0,0,1,0,0,0,0,1,0,active_legacy_best
vehicle_instability_allraw__lxy__2025_09_28_17_55_52__000307650__pre2_label2_old_main,vehicle_instability_allraw__lxy__2025_09_28_17_55_52__000307650,lxy,2025_09_28_17_55_52,pre2_label2_old_main,session_level_split,train,active_legacy_best,0.2711496949195862,0.6717774868011475,0.10251063108444214,0.5692668557167053,0.15259610972164994,1,0,0.0,0.9199999570846558,0.5692668557167053,1,1,0,0,1,0,0,0,0,1,0,active_legacy_best
vehicle_instability_allraw__lxy__2025_09_28_17_55_52__000357070__pre2_label2_old_main,vehicle_instability_allraw__lxy__2025_09_28_17_55_52__000357070,lxy,2025_09_28_17_55_52,pre2_label2_old_main,session_level_split,train,active_legacy_best,0.17730815708637238,0.16109400987625122,0.2814655900001526,0.12037158012390137,1.7472132589931066,1,0,0.5900000333786011,0.049999999813735485,0.27537889778614044,1,0,1,0,0,0,0,0,0,0,0,active_legacy_best
vehicle_instability_allraw__lxy__2025_09_28_17_55_52__000360910__pre2_label2_old_main,vehicle_instability_allraw__lxy__2025_09_28_17_55_52__000360910,lxy,2025_09_28_17_55_52,pre2_label2_old_main,session_level_split,train,active_legacy_best,0.7780508995056152,1.199739933013916,0.25836023688316345,0.9413796961307526,0.2153468679117199,1,0,0.5250000953674316,0.08000000100582838,0.009701073169708252,0,1,3,3,1,1,1,0,0,1,0,active_legacy_best
vehicle_instability_allraw__lxy__2025_09_28_17_55_52__000380645__pre2_label2_old_main,vehicle_instability_allraw__lxy__2025_09_28_17_55_52__000380645,lxy,2025_09_28_17_55_52,pre2_label2_old_main,session_level_split,train,active_legacy_best,0.28867894411087036,0.5267407894134521,0.17649318277835846,0.3502476066350937,0.3350664811337109,1,0,0.8849999904632568,0.08999999891966581,0.21758010983467102,0,1,2,0,0,1,0,0,0,1,0,active_legacy_best
vehicle_instability_allraw__lxy__2025_09_28_17_55_52__000448640__pre2_label2_old_main,vehicle_instability_allraw__lxy__2025_09_28_17_55_52__000448640,lxy,2025_09_28_17_55_52,pre2_label2_old_main,session_level_split,train,active_legacy_best,0.5610918402671814,1.3459980487823486,0.45018452405929565,0.895813524723053,0.334461498266326,1,0,0.16499996185302734,0.6499999715015292,0.8968367874622345,1,1,2,0,0,1,0,0,0,1,0,active_legacy_best
vehicle_instability_allraw__lxy__2025_09_28_17_55_52__000511200__pre2_label2_old_main,vehicle_instability_allraw__lxy__2025_09_28_17_55_52__000511200,lxy,2025_09_28_17_55_52,pre2_label2_old_main,session_level_split,train,active_legacy_best,0.460093230009079,0.977035641670227,0.28220146894454956,0.6948341727256775,0.28883436479566965,1,0,0.6399999856948853,0.3350000036880374,0.6483671963214874,1,1,2,0,0,1,0,0,0,1,0,active_legacy_best
vehicle_instability_allraw__lxy__2025_09_28_17_55_52__000541050__pre2_label2_old_main,vehicle_instability_allraw__lxy__2025_09_28_17_55_52__000541050,lxy,2025_09_28_17_55_52,pre2_label2_old_main,session_level_split,train,active_legacy_best,0.34002354741096497,0.7265809774398804,0.11847320199012756,0.6081077754497528,0.1630557441891333,1,0,0.3349999189376831,0.9850000143051147,0.45051081478595734,1,1,2,0,0,1,0,0,0,1,0,active_legacy_best
vehicle_instability_allraw__lxy__2025_09_28_18_06_16__000057770__pre2_label2_old_main,vehicle_instability_allraw__lxy__2025_09_28_18_06_16__000057770,lxy,2025_09_28_18_06_16,pre2_label2_old_main,session_level_split,train,active_legacy_best,0.48452144861221313,1.0580191612243652,0.47067320346832275,0.5873459577560425,0.4448626458935284,1,0,0.8800000548362732,0.09500000160187483,0.534317135810852,1,1,2,0,0,1,0,0,0,1,0,active_legacy_best
vehicle_instability_allraw__lxy__2025_09_28_18_06_16__000072320__pre2_label2_old_main,vehicle_instability_allraw__lxy__2025_09_28_18_06_16__000072320,lxy,2025_09_28_18_06_16,pre2_label2_old_main,session_level_split,train,active_legacy_best,0.5917006134986877,1.6420010328292847,0.23780733346939087,1.4041936993598938,0.14482776119795243,1,0,0.12000000476837158,0.5800000429153442,1.4035060107707977,1,1,1,0,0,0,0,1,0,1,1,active_legacy_best
vehicle_instability_allraw__lxy__2025_09_28_18_06_16__000084330__pre2_label2_old_main,vehicle_instability_allraw__lxy__2025_09_28_18_06_16__000084330,lxy,2025_09_28_18_06_16,pre2_label2_old_main,session_level_split,train,active_legacy_best,0.25292354822158813,0.42027518153190613,0.030346855521202087,0.38992832601070404,0.07220710823462755,0,1,1.710000024177134,1.880000002682209,0.4444384202361107,1,1,1,0,0,0,0,0,0,1,0,active_legacy_best
vehicle_instability_allraw__lxy__2025_09_28_18_06_16__000108400__pre2_label2_old_main,vehicle_instability_allraw__lxy__2025_09_28_18_06_16__000108400,lxy,2025_09_28_18_06_16,pre2_label2_old_main,session_level_split,train,active_legacy_best,0.2682916522026062,0.43196901679039,0.0714636743068695,0.3605053424835205,0.1654370372159047,1,0,0.23000001907348633,1.9450000040233135,0.23967336118221283,1,1,1,0,0,0,0,0,0,1,0,active_legacy_best
vehicle_instability_allraw__lxy__2025_09_28_18_06_16__000133655__pre2_label2_old_main,vehicle_instability_allraw__lxy__2025_09_28_18_06_16__000133655,lxy,2025_09_28_18_06_16,pre2_label2_old_main,session_level_split,train,active_legacy_best,0.705636203289032,0.9601031541824341,1.3830126523971558,0.4229094982147217,1.440483396364681,1,0,1.2300000190734863,0.8050000024959445,0.398653507232666,0,0,0,24,0,0,1,0,0,0,0,active_legacy_best
vehicle_instability_allraw__lxy__2025_09_28_18_06_16__000158020__pre2_label2_old_main,vehicle_instability_allraw__lxy__2025_09_28_18_06_16__000158020,lxy,2025_09_28_18_06_16,pre2_label2_old_main,session_level_split,train,active_legacy_best,0.09396351128816605,0.06912004947662354,0.17547136545181274,0.10635131597518921,2.538646409840278,0,1,1.1849999725818634,0.39000001084059477,0.043251097202301025,1,1,0,0,1,0,0,0,0,0,0,active_legacy_best
vehicle_instability_allraw__lxy__2025_09_28_18_06_16__000165175__pre2_label2_old_main,vehicle_instability_allraw__lxy__2025_09_28_18_06_16__000165175,lxy,2025_09_28_18_06_16,pre2_label2_old_main,session_level_split,train,active_legacy_best,0.06502186506986618,0.1488800048828125,0.015856273472309113,0.1330237314105034,0.1065037140802757,1,0,0.04999995231628418,1.5750000178813934,0.13325297459959984,1,0,0,0,1,0,0,0,0,1,0,active_legacy_best
vehicle_instability_allraw__lxy__2025_09_28_18_06_16__000250730__pre2_label2_old_main,vehicle_instability_allraw__lxy__2025_09_28_18_06_16__000250730,lxy,2025_09_28_18_06_16,pre2_label2_old_main,session_level_split,train,active_legacy_best,0.6396523714065552,1.5217540264129639,0.4524388015270233,1.0693152248859406,0.2973140163745776,1,0,0.41499996185302734,0.26500001084059477,0.4324401617050171,0,0,7,0,0,1,0,1,0,1,0,active_legacy_best
vehicle_instability_allraw__lxy__2025_09_28_18_06_16__000302360__pre2_label2_old_main,vehicle_instability_allraw__lxy__2025_09_28_18_06_16__000302360,lxy,2025_09_28_18_06_16,pre2_label2_old_main,session_level_split,train,active_legacy_best,0.3354262113571167,0.5820673704147339,0.050654441118240356,0.5314129292964935,0.08702504846156918,1,0,1.6299999905750155,1.890000008046627,0.17584527656435966,0,0,2,0,0,1,0,0,0,1,0,active_legacy_best
vehicle_instability_allraw__lxy__2025_09_28_18_06_16__000321260__pre2_label2_old_main,vehicle_instability_allraw__lxy__2025_09_28_18_06_16__000321260,lxy,2025_09_28_18_06_16,pre2_label2_old_main,session_level_split,train,active_legacy_best,0.2806682586669922,0.39985501766204834,0.09235161542892456,0.3075034022331238,0.23096275237185795,0,1,0.9550000429153442,1.3050000183284283,0.0017947405576705933,0,1,3,0,0,1,0,0,0,1,0,active_legacy_best
vehicle_instability_allraw__lxy__2025_09_28_18_06_16__000326285__pre2_label2_old_main,vehicle_instability_allraw__lxy__2025_09_28_18_06_16__000326285,lxy,2025_09_28_18_06_16,pre2_label2_old_main,session_level_split,train,active_legacy_best,0.2710879445075989,0.5452409982681274,0.14753350615501404,0.3977074921131134,0.2705840291240591,1,0,0.1549999713897705,0.6750000072643161,0.39886948466300964,1,1,1,0,0,0,0,0,0,1,0,active_legacy_best
vehicle_instability_allraw__lxy__2025_09_28_18_06_16__000373530__pre2_label2_old_main,vehicle_instability_allraw__lxy__2025_09_28_18_06_16__000373530,lxy,2025_09_28_18_06_16,pre2_label2_old_main,session_level_split,train,active_legacy_best,0.10709547251462936,0.2476620078086853,0.0336783342063427,0.2139836736023426,0.13598506490490314,1,0,0.7999999523162842,1.3550000190734863,0.2152814231812954,1,1,1,0,0,0,0,0,0,1,0,active_legacy_best
vehicle_instability_allraw__lxy__2025_09_28_18_06_16__000389495__pre2_label2_old_main,vehicle_instability_allraw__lxy__2025_09_28_18_06_16__000389495,lxy,2025_09_28_18_06_16,pre2_label2_old_main,session_level_split,train,active_legacy_best,0.1522325575351715,0.0008699893951416016,0.153736412525177,0.1528664231300354,176.71067415730337,1,0,0.8200000524520874,1.9900000048801303,0.15249785780906677,1,0,0,0,1,0,0,0,0,0,0,active_legacy_best
vehicle_instability_allraw__lxy__2025_09_28_18_06_16__000403155__pre2_label2_old_main,vehicle_instability_allraw__lxy__2025_09_28_18_06_16__000403155,lxy,2025_09_28_18_06_16,pre2_label2_old_main,session_level_split,train,active_legacy_best,0.27309566736221313,0.17906999588012695,0.16988122463226318,0.00918877124786377,0.9486861481025838,0,1,0.14500010013580322,0.09999999683350325,0.3177510052919388,1,0,3,0,0,1,0,0,0,0,0,active_legacy_best
vehicle_instability_allraw__lxy__2025_09_28_18_06_16__000464805__pre2_label2_old_main,vehicle_instability_allraw__lxy__2025_09_28_18_06_16__000464805,lxy,2025_09_28_18_06_16,pre2_label2_old_main,session_level_split,train,active_legacy_best,0.29826614260673523,0.5375618934631348,0.43596988916397095,0.10159200429916382,0.8110133818365032,1,0,0.7200000286102295,0.2149999989196658,0.10260698199272156,0,1,2,0,0,1,0,0,0,0,0,active_legacy_best
vehicle_instability_allraw__lxy__2025_09_28_18_06_16__000565345__pre2_label2_old_main,vehicle_instability_allraw__lxy__2025_09_28_18_06_16__000565345,lxy,2025_09_28_18_06_16,pre2_label2_old_main,session_level_split,train,active_legacy_best,0.44538429379463196,0.3930479884147644,0.6777340769767761,0.2846860885620117,1.724303639640044,0,1,1.5249999463558197,0.330000008456409,0.5515943914651871,1,0,5,1,0,1,0,0,0,0,0,active_legacy_best
vehicle_instability_allraw__lxy__2025_09_28_18_19_35__000087450__pre2_label2_old_main,vehicle_instability_allraw__lxy__2025_09_28_18_19_35__000087450,lxy,2025_09_28_18_19_35,pre2_label2_old_main,session_level_split,train,active_legacy_best,0.6643663644790649,1.1135196685791016,0.3062949776649475,0.807224690914154,0.27506921189438255,1,0,0.014999985694885254,0.08999999891966581,0.778449535369873,1,1,2,0,0,1,0,0,0,1,0,active_legacy_best
vehicle_instability_allraw__lxy__2025_09_28_18_19_35__000129055__pre2_label2_old_main,vehicle_instability_allraw__lxy__2025_09_28_18_19_35__000129055,lxy,2025_09_28_18_19_35,pre2_label2_old_main,session_level_split,train,active_legacy_best,0.7437747716903687,1.9997968673706055,1.4979296922683716,0.5018671751022339,0.7490409234603391,1,0,1.7649999409914017,0.3700000001117587,0.5472382307052612,0,0,3,1,0,1,0,1,1,0,1,active_legacy_best
vehicle_instability_allraw__lxy__2025_09_28_18_19_35__000157615__pre2_label2_old_main,vehicle_instability_allraw__lxy__2025_09_28_18_19_35__000157615,lxy,2025_09_28_18_19_35,pre2_label2_old_main,session_level_split,train,active_legacy_best,0.7507758736610413,1.4573454856872559,0.3018592894077301,1.1554861962795258,0.20712953268275924,1,0,1.3000000715255737,0.3050000024959445,1.1533510386943817,1,1,3,0,0,1,0,1,0,1,0,active_legacy_best
vehicle_instability_allraw__lxy__2025_09_28_18_19_35__000175350__pre2_label2_old_main,vehicle_instability_allraw__lxy__2025_09_28_18_19_35__000175350,lxy,2025_09_28_18_19_35,pre2_label2_old_main,session_level_split,train,active_legacy_best,0.7574472427368164,1.2788029909133911,0.15828284621238708,1.120520144701004,0.12377422272005542,1,0,0.5999999642372131,1.905000001192093,0.16361144185066223,0,1,3,0,0,1,0,0,0,1,0,active_legacy_best
vehicle_instability_allraw__lxy__2025_09_28_18_19_35__000188330__pre2_label2_old_main,vehicle_instability_allraw__lxy__2025_09_28_18_19_35__000188330,lxy,2025_09_28_18_19_35,pre2_label2_old_main,session_level_split,train,active_legacy_best,0.3570215404033661,0.7853972911834717,0.011010419577360153,0.7743868716061115,0.014018917178551967,0,1,1.4549999833106995,1.8250000029802322,0.7891119346022606,1,1,1,0,0,0,0,0,0,1,0,active_legacy_best
vehicle_instability_allraw__lxy__2025_09_28_18_19_35__000202855__pre2_label2_old_main,vehicle_instability_allraw__lxy__2025_09_28_18_19_35__000202855,lxy,2025_09_28_18_19_35,pre2_label2_old_main,session_level_split,train,active_legacy_best,0.6140510439872742,0.45029401779174805,0.564451277256012,0.11415725946426392,1.2535171575764956,1,0,0.36500000953674316,0.26500001084059477,0.11286699771881104,0,1,2,0,0,1,0,0,0,0,0,active_legacy_best
vehicle_instability_allraw__lxy__2025_09_28_18_19_35__000213630__pre2_label2_old_main,vehicle_instability_allraw__lxy__2025_09_28_18_19_35__000213630,lxy,2025_09_28_18_19_35,pre2_label2_old_main,session_level_split,train,active_legacy_best,0.6765843629837036,1.661557912826538,0.7101917266845703,0.9513661861419678,0.4274252020962885,1,0,0.16499996185302734,0.7350000096485019,0.921723335981369,1,1,2,0,0,1,0,1,0,1,1,active_legacy_best
vehicle_instability_allraw__lxy__2025_09_28_18_19_35__000262630__pre2_label2_old_main,vehicle_instability_allraw__lxy__2025_09_28_18_19_35__000262630,lxy,2025_09_28_18_19_35,pre2_label2_old_main,session_level_split,train,active_legacy_best,0.2768634557723999,0.2829180061817169,0.1912843883037567,0.0916336178779602,0.6761124570519405,0,1,1.9900000048801303,0.21999999415129423,0.3851752132177353,1,0,2,0,0,1,0,0,0,0,0,active_legacy_best
vehicle_instability_allraw__lxy__2025_09_28_18_19_35__000290870__pre2_label2_old_main,vehicle_instability_allraw__lxy__2025_09_28_18_19_35__000290870,lxy,2025_09_28_18_19_35,pre2_label2_old_main,session_level_split,train,active_legacy_best,1.0760248899459839,1.8772735595703125,0.09164875745773315,1.7856248021125793,0.048820139712994495,1,0,0.8049999475479126,1.770000010728836,1.7878520488739014,1,1,1,0,0,0,0,1,0,1,1,active_legacy_best
vehicle_instability_allraw__lxy__2025_09_28_18_19_35__000316655__pre2_label2_old_main,vehicle_instability_allraw__lxy__2025_09_28_18_19_35__000316655,lxy,2025_09_28_18_19_35,pre2_label2_old_main,session_level_split,train,active_legacy_best,0.22541877627372742,0.35325509309768677,0.0643300712108612,0.28892502188682556,0.18210656397548897,1,0,0.16999995708465576,1.5,0.2901710420846939,1,0,0,0,1,0,0,0,0,1,0,active_legacy_best
vehicle_instability_allraw__lxy__2025_09_28_18_19_35__000320035__pre2_label2_old_main,vehicle_instability_allraw__lxy__2025_09_28_18_19_35__000320035,lxy,2025_09_28_18_19_35,pre2_label2_old_main,session_level_split,train,active_legacy_best,1.1392896175384521,1.6603360176086426,0.24906936287879944,1.4112666547298431,0.15001141951827943,1,0,0.2250000238418579,1.8350000083446503,1.3563356399536133,1,1,2,3,0,1,1,1,0,1,1,active_legacy_best
vehicle_instability_allraw__lxy__2025_09_28_18_19_35__000334720__pre2_label2_old_main,vehicle_instability_allraw__lxy__2025_09_28_18_19_35__000334720,lxy,2025_09_28_18_19_35,pre2_label2_old_main,session_level_split,train,active_legacy_best,0.241002157330513,0.27907800674438477,0.35467255115509033,0.07559454441070557,1.2708724535213722,1,0,0.9049999713897705,0.5599999977275729,0.27568618953227997,1,1,2,0,0,1,0,0,0,0,0,active_legacy_best
vehicle_instability_allraw__lxy__2025_09_28_18_19_35__000402090__pre2_label2_old_main,vehicle_instability_allraw__lxy__2025_09_28_18_19_35__000402090,lxy,2025_09_28_18_19_35,pre2_label2_old_main,session_level_split,train,active_legacy_best,0.46623778343200684,1.2025318145751953,0.26861974596977234,0.933912068605423,0.22337849420197217,1,0,0.15999996662139893,1.3049999428912997,0.9354036450386047,1,1,1,0,0,0,0,0,0,1,0,active_legacy_best
vehicle_instability_allraw__lxy__2025_09_28_18_19_35__000481970__pre2_label2_old_main,vehicle_instability_allraw__lxy__2025_09_28_18_19_35__000481970,lxy,2025_09_28_18_19_35,pre2_label2_old_main,session_level_split,train,active_legacy_best,0.48690107464790344,0.09930992126464844,0.4037483036518097,0.30443838238716125,4.065538452858816,0,1,0.49000000953674316,0.049999999813735485,0.49559181928634644,1,0,0,0,1,0,0,0,0,0,0,active_legacy_best
vehicle_instability_allraw__rjy__2025_09_28_19_33_26__000097820__pre2_label2_old_main,vehicle_instability_allraw__rjy__2025_09_28_19_33_26__000097820,rjy,2025_09_28_19_33_26,pre2_label2_old_main,session_level_split,train,active_legacy_best,0.5615624189376831,1.1484270095825195,0.5219888091087341,0.6264382004737854,0.4545250196601432,1,0,0.33500003814697266,0.23499999474734068,0.37199532985687256,0,1,3,0,0,1,0,0,0,1,0,active_legacy_best
vehicle_instability_allraw__rjy__2025_09_28_19_33_26__000137120__pre2_label2_old_main,vehicle_instability_allraw__rjy__2025_09_28_19_33_26__000137120,rjy,2025_09_28_19_33_26,pre2_label2_old_main,session_level_split,train,active_legacy_best,0.366677463054657,0.8756309747695923,0.38721200823783875,0.48841896653175354,0.44220912621293135,1,0,0.36000001430511475,0.8149999929592013,0.4901207387447357,1,1,5,0,0,1,0,0,0,1,0,active_legacy_best
vehicle_instability_allraw__rjy__2025_09_28_19_33_26__000189485__pre2_label2_old_main,vehicle_instability_allraw__rjy__2025_09_28_19_33_26__000189485,rjy,2025_09_28_19_33_26,pre2_label2_old_main,session_level_split,train,active_legacy_best,0.3314599096775055,0.45430901646614075,0.8064942359924316,0.3521852195262909,1.7752107194917162,1,0,0.5500000715255737,0.18999999295920134,0.33627524971961975,1,0,6,1,0,1,0,0,0,0,0,active_legacy_best
vehicle_instability_allraw__rjy__2025_09_28_19_33_26__000245500__pre2_label2_old_main,vehicle_instability_allraw__rjy__2025_09_28_19_33_26__000245500,rjy,2025_09_28_19_33_26,pre2_label2_old_main,session_level_split,train,active_legacy_best,0.5688660144805908,1.0784389972686768,0.30055633187294006,0.7778826653957367,0.27869571912194213,1,0,0.16000008583068848,0.3050000024959445,0.5470906794071198,1,1,4,0,0,1,0,0,0,1,0,active_legacy_best
vehicle_instability_allraw__rjy__2025_09_28_19_33_26__000290715__pre2_label2_old_main,vehicle_instability_allraw__rjy__2025_09_28_19_33_26__000290715,rjy,2025_09_28_19_33_26,pre2_label2_old_main,session_level_split,train,active_legacy_best,0.9509901404380798,1.4868478775024414,0.8666060566902161,0.6202418208122253,0.5828478284852602,1,0,0.5900000333786011,0.03000000026077032,0.6215147972106934,0,1,3,0,0,1,0,1,1,0,0,active_legacy_best
vehicle_instability_allraw__rjy__2025_09_28_19_33_26__000386830__pre2_label2_old_main,vehicle_instability_allraw__rjy__2025_09_28_19_33_26__000386830,rjy,2025_09_28_19_33_26,pre2_label2_old_main,session_level_split,train,active_legacy_best,0.806126058101654,1.4332680702209473,0.0717548355460167,1.3615132346749306,0.050063792696473895,1,0,1.0199999809265137,1.7750000059604645,0.579197347164154,0,1,2,3,0,1,1,1,0,1,0,active_legacy_best
vehicle_instability_allraw__rjy__2025_09_28_19_33_26__000417195__pre2_label2_old_main,vehicle_instability_allraw__rjy__2025_09_28_19_33_26__000417195,rjy,2025_09_28_19_33_26,pre2_label2_old_main,session_level_split,train,active_legacy_best,1.0400985479354858,1.8111240863800049,0.3632732927799225,1.4478507936000824,0.20057890870747414,1,0,0.7350000143051147,1.2450000271201134,0.4335930645465851,0,1,4,0,0,1,0,1,0,1,1,active_legacy_best
vehicle_instability_allraw__rjy__2025_09_28_19_33_26__000439360__pre2_label2_old_main,vehicle_instability_allraw__rjy__2025_09_28_19_33_26__000439360,rjy,2025_09_28_19_33_26,pre2_label2_old_main,session_level_split,train,active_legacy_best,0.8490157127380371,1.7284029722213745,0.3899323642253876,1.338470607995987,0.2256026924810477,1,0,0.24500000476837158,0.34499999415129423,1.2839947044849396,1,1,2,0,0,1,0,1,0,1,1,active_legacy_best
vehicle_instability_allraw__rjy__2025_09_28_19_33_26__000445825__pre2_label2_old_main,vehicle_instability_allraw__rjy__2025_09_28_19_33_26__000445825,rjy,2025_09_28_19_33_26,pre2_label2_old_main,session_level_split,train,active_legacy_best,0.8549697399139404,1.805546760559082,0.12175442278385162,1.6837923377752304,0.06743354724645888,1,0,0.9649999737739563,1.530000001192093,0.3566462993621826,0,1,2,0,0,1,0,1,0,1,1,active_legacy_best
vehicle_instability_allraw__rjy__2025_09_28_19_33_26__000515545__pre2_label2_old_main,vehicle_instability_allraw__rjy__2025_09_28_19_33_26__000515545,rjy,2025_09_28_19_33_26,pre2_label2_old_main,session_level_split,train,active_legacy_best,0.21343585848808289,0.449945867061615,0.1160440593957901,0.3339018076658249,0.25790671254215386,1,0,0.3500000238418579,0.6899999929592013,0.13399584591388702,0,1,2,0,0,1,0,0,0,1,0,active_legacy_best
vehicle_instability_allraw__rjy__2025_09_28_19_33_26__000560115__pre2_label2_old_main,vehicle_instability_allraw__rjy__2025_09_28_19_33_26__000560115,rjy,2025_09_28_19_33_26,pre2_label2_old_main,session_level_split,train,active_legacy_best,0.07110005617141724,0.13194701075553894,0.004859002307057381,0.12708800844848156,0.036825406496398455,1,0,1.9850000003352761,1.5850000083446503,0.12969324178993702,1,1,2,0,0,1,0,0,0,1,0,active_legacy_best
vehicle_instability_allraw__rjy__2025_09_28_19_33_26__000598710__pre2_label2_old_main,vehicle_instability_allraw__rjy__2025_09_28_19_33_26__000598710,rjy,2025_09_28_19_33_26,pre2_label2_old_main,session_level_split,train,active_legacy_best,0.4609130620956421,0.8325219750404358,0.15591149032115936,0.6766104847192764,0.1872761260308915,1,0,0.5500000715255737,1.915000006556511,0.12498235702514648,0,1,2,0,0,1,0,0,0,1,0,active_legacy_best
vehicle_instability_allraw__rjy__2025_09_28_19_33_26__000624660__pre2_label2_old_main,vehicle_instability_allraw__rjy__2025_09_28_19_33_26__000624660,rjy,2025_09_28_19_33_26,pre2_label2_old_main,session_level_split,train,active_legacy_best,0.3851490318775177,0.3975866734981537,0.3594594895839691,0.03812718391418457,0.904103466097785,1,0,0.7400000095367432,0.08000000100582838,0.04894062876701355,0,1,3,0,0,1,0,0,0,0,0,active_legacy_best
vehicle_instability_allraw__rjy__2025_09_28_19_44_42__000058055__pre2_label2_old_main,vehicle_instability_allraw__rjy__2025_09_28_19_44_42__000058055,rjy,2025_09_28_19_44_42,pre2_label2_old_main,session_level_split,train,active_legacy_best,0.16213102638721466,0.5508259534835815,0.06589864194393158,0.48492731153964996,0.11963605114677266,1,0,0.8049999475479126,1.2450000047683716,0.4866866320371628,1,1,5,0,0,1,0,0,0,1,0,active_legacy_best
vehicle_instability_allraw__rjy__2025_09_28_19_44_42__000090150__pre2_label2_old_main,vehicle_instability_allraw__rjy__2025_09_28_19_44_42__000090150,rjy,2025_09_28_19_44_42,pre2_label2_old_main,session_level_split,train,active_legacy_best,0.6574689745903015,1.3660683631896973,0.49134764075279236,0.8747207224369049,0.35968012582146447,1,0,0.16999995708465576,0.3600000096485019,0.8761187493801117,1,1,3,0,0,1,0,0,0,1,0,active_legacy_best
vehicle_instability_allraw__rjy__2025_09_28_19_44_42__000132740__pre2_label2_old_main,vehicle_instability_allraw__rjy__2025_09_28_19_44_42__000132740,rjy,2025_09_28_19_44_42,pre2_label2_old_main,session_level_split,train,active_legacy_best,0.414117693901062,1.1768710613250732,0.9774405360221863,0.19943052530288696,0.8305417374454408,1,0,1.024999976158142,1.1150000048801303,0.2391018271446228,0,0,0,1,0,0,0,0,0,0,0,active_legacy_best
vehicle_instability_allraw__rjy__2025_09_28_19_51_44__000056300__pre2_label2_old_main,vehicle_instability_allraw__rjy__2025_09_28_19_51_44__000056300,rjy,2025_09_28_19_51_44,pre2_label2_old_main,session_level_split,train,active_legacy_best,0.14830560982227325,0.5222020149230957,0.3698403239250183,0.1523616909980774,0.7082322805274591,1,0,0.2250000238418579,0.16500000189989805,0.13446927070617676,0,0,5,0,0,1,0,0,0,0,0,active_legacy_best
vehicle_instability_allraw__rjy__2025_09_28_19_51_44__000087940__pre2_label2_old_main,vehicle_instability_allraw__rjy__2025_09_28_19_51_44__000087940,rjy,2025_09_28_19_51_44,pre2_label2_old_main,session_level_split,train,active_legacy_best,0.4938868284225464,1.1529639959335327,0.4794444143772125,0.6735195815563202,0.4158364147260432,1,0,0.40500009059906006,0.5900000287219882,0.5625511109828949,0,1,2,0,0,1,0,0,0,1,0,active_legacy_best
vehicle_instability_allraw__rjy__2025_09_28_19_51_44__000132730__pre2_label2_old_main,vehicle_instability_allraw__rjy__2025_09_28_19_51_44__000132730,rjy,2025_09_28_19_51_44,pre2_label2_old_main,session_level_split,train,active_legacy_best,0.4580942392349243,0.4022980034351349,0.8273865580558777,0.4250885546207428,2.056650917953866,1,0,1.2450000047683716,0.13000000547617674,0.35782304406166077,1,0,2,0,0,1,0,0,0,0,0,active_legacy_best
vehicle_instability_allraw__rjy__2025_09_28_19_51_44__000180850__pre2_label2_old_main,vehicle_instability_allraw__rjy__2025_09_28_19_51_44__000180850,rjy,2025_09_28_19_51_44,pre2_label2_old_main,session_level_split,train,active_legacy_best,0.8602798581123352,1.846207618713379,0.4380306601524353,1.4081769585609436,0.23725969696609672,1,0,0.4049999713897705,0.600000019185245,1.3309134244918823,1,1,6,0,0,1,0,1,0,1,1,active_legacy_best
vehicle_instability_allraw__rjy__2025_09_28_19_51_44__000209520__pre2_label2_old_main,vehicle_instability_allraw__rjy__2025_09_28_19_51_44__000209520,rjy,2025_09_28_19_51_44,pre2_label2_old_main,session_level_split,train,active_legacy_best,0.4490421414375305,0.7143637537956238,0.38774093985557556,0.3266228139400482,0.5427780144154774,1,0,0.940000057220459,0.05999999772757292,0.2264007180929184,0,1,4,0,0,1,0,0,0,0,0,active_legacy_best
vehicle_instability_allraw__rjy__2025_09_28_19_51_44__000228685__pre2_label2_old_main,vehicle_instability_allraw__rjy__2025_09_28_19_51_44__000228685,rjy,2025_09_28_19_51_44,pre2_label2_old_main,session_level_split,train,active_legacy_best,0.6042156219482422,1.3948630094528198,0.18502861261367798,1.2098343968391418,0.13265002466891818,1,0,0.5949999094009399,0.8899999856948853,1.109626665711403,1,1,6,0,0,1,0,1,0,1,0,active_legacy_best
vehicle_instability_allraw__rjy__2025_09_28_19_51_44__000302995__pre2_label2_old_main,vehicle_instability_allraw__rjy__2025_09_28_19_51_44__000302995,rjy,2025_09_28_19_51_44,pre2_label2_old_main,session_level_split,train,active_legacy_best,0.10820428282022476,0.2165961116552353,0.043310318142175674,0.17328579351305962,0.1999588903567874,1,0,0.02499997615814209,1.8350000083446503,0.17311079427599907,1,1,4,0,0,1,0,0,0,1,0,active_legacy_best
vehicle_instability_allraw__rjy__2025_09_28_19_51_44__000340405__pre2_label2_old_main,vehicle_instability_allraw__rjy__2025_09_28_19_51_44__000340405,rjy,2025_09_28_19_51_44,pre2_label2_old_main,session_level_split,train,active_legacy_best,0.5269262194633484,1.2901480197906494,0.5804380774497986,0.7097099423408508,0.44990037464382227,1,0,0.5300000905990601,0.7150000287219882,0.03444033861160278,0,1,4,0,0,1,0,0,0,1,0,active_legacy_best
vehicle_instability_allraw__rjy__2025_09_28_19_51_44__000357340__pre2_label2_old_main,vehicle_instability_allraw__rjy__2025_09_28_19_51_44__000357340,rjy,2025_09_28_19_51_44,pre2_label2_old_main,session_level_split,train,active_legacy_best,0.8536795377731323,1.3665928840637207,0.4152134954929352,0.9513793885707855,0.3038311558144882,0,1,0.05000007152557373,0.5749999834224582,1.060366153717041,1,1,3,0,0,1,0,0,0,1,0,active_legacy_best
vehicle_instability_allraw__rjy__2025_09_28_19_51_44__000384965__pre2_label2_old_main,vehicle_instability_allraw__rjy__2025_09_28_19_51_44__000384965,rjy,2025_09_28_19_51_44,pre2_label2_old_main,session_level_split,train,active_legacy_best,0.9161869883537292,2.1245858669281006,0.587180495262146,1.5374053716659546,0.2763740945481951,1,0,0.2749999761581421,0.7300000144168735,1.24074786901474,1,1,4,0,0,1,0,1,0,1,1,active_legacy_best
vehicle_instability_allraw__rjy__2025_09_28_19_51_44__000463330__pre2_label2_old_main,vehicle_instability_allraw__rjy__2025_09_28_19_51_44__000463330,rjy,2025_09_28_19_51_44,pre2_label2_old_main,session_level_split,train,active_legacy_best,0.6477563381195068,1.010895013809204,0.1284424513578415,0.8824525624513626,0.12705815104760587,1,0,0.3450000286102295,1.8250000029802322,0.730423167347908,1,1,2,0,0,1,0,0,0,1,0,active_legacy_best
vehicle_instability_allraw__rjy__2025_09_28_19_51_44__000498795__pre2_label2_old_main,vehicle_instability_allraw__rjy__2025_09_28_19_51_44__000498795,rjy,2025_09_28_19_51_44,pre2_label2_old_main,session_level_split,train,active_legacy_best,0.11011474579572678,0.21956202387809753,0.08605088293552399,0.13351114094257355,0.3919206127526866,0,1,1.6449999809265137,1.5399999571964145,0.25473128259181976,1,1,0,0,1,0,0,0,0,1,0,active_legacy_best
vehicle_instability_allraw__rjy__2025_09_28_19_51_44__000532085__pre2_label2_old_main,vehicle_instability_allraw__rjy__2025_09_28_19_51_44__000532085,rjy,2025_09_28_19_51_44,pre2_label2_old_main,session_level_split,train,active_legacy_best,0.4149315357208252,0.7326889634132385,0.3264422118663788,0.40624675154685974,0.4455399605661379,1,0,0.125,0.1800000024959445,0.27942100167274475,0,1,4,0,0,1,0,0,0,1,0,active_legacy_best
vehicle_instability_allraw__rjy__2025_09_28_19_51_44__000538615__pre2_label2_old_main,vehicle_instability_allraw__rjy__2025_09_28_19_51_44__000538615,rjy,2025_09_28_19_51_44,pre2_label2_old_main,session_level_split,train,active_legacy_best,0.5833537578582764,0.800931990146637,0.39275458455085754,0.4081774055957794,0.49037195340262396,1,0,0.16499996185302734,0.330000008456409,0.4094246029853821,1,1,7,0,0,1,0,0,0,1,0,active_legacy_best
vehicle_instability_allraw__rjy__2025_09_28_19_51_44__000564970__pre2_label2_old_main,vehicle_instability_allraw__rjy__2025_09_28_19_51_44__000564970,rjy,2025_09_28_19_51_44,pre2_label2_old_main,session_level_split,train,active_legacy_best,0.2882518172264099,0.4103294014930725,0.18451817333698273,0.22581122815608978,0.44968304163818956,0,1,0.5400000810623169,0.07000000309199095,0.03525260090827942,0,1,2,0,0,1,0,0,0,1,0,active_legacy_best
vehicle_instability_allraw__rjy__2025_09_28_19_51_44__000569225__pre2_label2_old_main,vehicle_instability_allraw__rjy__2025_09_28_19_51_44__000569225,rjy,2025_09_28_19_51_44,pre2_label2_old_main,session_level_split,train,active_legacy_best,1.2306160926818848,1.2311584949493408,0.43355387449264526,0.7976046204566956,0.35215114566584294,0,1,0.38999998569488525,0.04000000189989805,0.32993584871292114,0,1,7,0,0,1,0,0,0,1,0,active_legacy_best
vehicle_instability_allraw__rjy__2025_09_28_20_02_20__000059725__pre2_label2_old_main,vehicle_instability_allraw__rjy__2025_09_28_20_02_20__000059725,rjy,2025_09_28_20_02_20,pre2_label2_old_main,session_level_split,train,active_legacy_best,0.3289013206958771,0.7829549908638,0.4032711982727051,0.37968379259109497,0.5150630661767589,1,0,0.6750000715255737,0.6600000215694308,0.05225992202758789,0,1,2,0,0,1,0,0,0,0,0,active_legacy_best
vehicle_instability_allraw__rjy__2025_09_28_20_02_20__000095175__pre2_label2_old_main,vehicle_instability_allraw__rjy__2025_09_28_20_02_20__000095175,rjy,2025_09_28_20_02_20,pre2_label2_old_main,session_level_split,train,active_legacy_best,0.26086166501045227,0.6389652490615845,0.13763998448848724,0.5013252645730972,0.2154107515089937,1,0,0.7999999523162842,0.39000001084059477,0.5033309012651443,1,1,3,0,0,1,0,0,0,1,0,active_legacy_best
vehicle_instability_allraw__rjy__2025_09_28_20_02_20__000137410__pre2_label2_old_main,vehicle_instability_allraw__rjy__2025_09_28_20_02_20__000137410,rjy,2025_09_28_20_02_20,pre2_label2_old_main,session_level_split,train,active_legacy_best,0.6682552099227905,1.4650294780731201,1.2387449741363525,0.22628450393676758,0.8455426956770943,1,0,0.29499995708465576,1.4800000144168735,0.04821133613586426,0,1,5,22,0,1,1,1,1,0,0,active_legacy_best
vehicle_instability_allraw__rjy__2025_09_28_20_02_20__000309800__pre2_label2_old_main,vehicle_instability_allraw__rjy__2025_09_28_20_02_20__000309800,rjy,2025_09_28_20_02_20,pre2_label2_old_main,session_level_split,train,active_legacy_best,0.1493280827999115,0.38851016759872437,0.24116936326026917,0.1473408043384552,0.6207543157772971,1,0,0.16999995708465576,0.35500001441687346,0.14838504791259766,0,1,6,0,0,1,0,0,0,0,0,active_legacy_best
vehicle_instability_allraw__rjy__2025_09_28_20_02_20__000338510__pre2_label2_old_main,vehicle_instability_allraw__rjy__2025_09_28_20_02_20__000338510,rjy,2025_09_28_20_02_20,pre2_label2_old_main,session_level_split,train,active_legacy_best,0.21939721703529358,0.5024799704551697,0.18523013591766357,0.3172498345375061,0.3686318794953628,1,0,0.3799999952316284,0.8400000287219882,0.03126029670238495,0,1,2,0,0,1,0,0,0,1,0,active_legacy_best
vehicle_instability_allraw__rjy__2025_09_28_20_02_20__000355835__pre2_label2_old_main,vehicle_instability_allraw__rjy__2025_09_28_20_02_20__000355835,rjy,2025_09_28_20_02_20,pre2_label2_old_main,session_level_split,train,active_legacy_best,0.4166604280471802,0.6284930109977722,0.4702077805995941,0.1582852303981781,0.7481511685437991,1,0,0.9700000286102295,0.3000000072643161,0.6579272300004959,1,1,2,0,0,1,0,0,0,0,0,active_legacy_best
vehicle_instability_allraw__rjy__2025_09_28_20_02_20__000409690__pre2_label2_old_main,vehicle_instability_allraw__rjy__2025_09_28_20_02_20__000409690,rjy,2025_09_28_20_02_20,pre2_label2_old_main,session_level_split,train,active_legacy_best,0.2661694884300232,0.3555232882499695,0.15232372283935547,0.203199565410614,0.4284493530343818,1,0,1.475000023841858,0.13500000070780516,0.2573561668395996,1,1,1,1,1,0,0,0,0,1,0,active_legacy_best
vehicle_instability_allraw__rjy__2025_09_28_20_02_20__000470495__pre2_label2_old_main,vehicle_instability_allraw__rjy__2025_09_28_20_02_20__000470495,rjy,2025_09_28_20_02_20,pre2_label2_old_main,session_level_split,train,active_legacy_best,1.0650315284729004,1.845688819885254,0.45376336574554443,1.3919254541397095,0.24585041685074238,1,0,0.6150000095367432,0.08999999891966581,0.12468239665031433,0,1,2,0,0,1,0,1,0,1,1,active_legacy_best
vehicle_instability_allraw__rjy__2025_09_28_20_02_20__000500840__pre2_label2_old_main,vehicle_instability_allraw__rjy__2025_09_28_20_02_20__000500840,rjy,2025_09_28_20_02_20,pre2_label2_old_main,session_level_split,train,active_legacy_best,0.20748615264892578,0.10803589969873428,0.26944148540496826,0.16140558570623398,2.4939995515965045,1,0,1.465000033378601,0.04000000189989805,0.2660362720489502,1,0,5,0,0,1,0,0,0,0,0,active_legacy_best
vehicle_instability_allraw__rjy__2025_09_28_20_02_20__000544520__pre2_label2_old_main,vehicle_instability_allraw__rjy__2025_09_28_20_02_20__000544520,rjy,2025_09_28_20_02_20,pre2_label2_old_main,session_level_split,train,active_legacy_best,0.22867664694786072,0.6995280385017395,0.3083766996860504,0.3911513388156891,0.4408353671520253,1,0,0.9550000429153442,0.3650000048801303,0.08397269248962402,0,1,3,0,0,1,0,0,0,1,0,active_legacy_best
vehicle_instability_allraw__rjy__2025_09_28_20_02_20__000565245__pre2_label2_old_main,vehicle_instability_allraw__rjy__2025_09_28_20_02_20__000565245,rjy,2025_09_28_20_02_20,pre2_label2_old_main,session_level_split,train,active_legacy_best,0.3496391475200653,0.685218334197998,0.290479451417923,0.3947388827800751,0.42392247393366905,0,1,1.4800000190734863,0.31499999295920134,0.734811820089817,1,1,2,0,0,1,0,0,0,1,0,active_legacy_best
vehicle_instability_allraw__rjy__2025_09_28_20_02_20__000601915__pre2_label2_old_main,vehicle_instability_allraw__rjy__2025_09_28_20_02_20__000601915,rjy,2025_09_28_20_02_20,pre2_label2_old_main,session_level_split,train,active_legacy_best,0.7095632553100586,1.9818179607391357,0.8991177678108215,1.0827001929283142,0.4536833279457655,1,0,0.5550000667572021,0.6550000263378024,0.12472677230834961,0,1,6,19,0,1,1,1,0,1,1,active_legacy_best
vehicle_instability_allraw__rjy__2025_09_28_20_02_20__000703720__pre2_label2_old_main,vehicle_instability_allraw__rjy__2025_09_28_20_02_20__000703720,rjy,2025_09_28_20_02_20,pre2_label2_old_main,session_level_split,train,active_legacy_best,0.5060058832168579,1.2260918617248535,0.6519120335578918,0.5741798281669617,0.5316991767980489,1,0,0.19000005722045898,1.0049999905750155,0.36220723390579224,0,1,2,0,0,1,0,0,0,0,0,active_legacy_best
vehicle_instability_allraw__txj__2025_09_27_09_06_19__000032485__pre2_label2_old_main,vehicle_instability_allraw__txj__2025_09_27_09_06_19__000032485,txj,2025_09_27_09_06_19,pre2_label2_old_main,session_level_split,train,active_legacy_best,0.5870032906532288,0.6510071754455566,0.361177921295166,0.2898292541503906,0.5547986795198867,0,1,0.07999998331069946,0.049999999813735485,0.2287035882472992,0,1,3,0,0,1,0,0,0,0,0,active_legacy_best
vehicle_instability_allraw__txj__2025_09_27_09_06_19__000053330__pre2_label2_old_main,vehicle_instability_allraw__txj__2025_09_27_09_06_19__000053330,txj,2025_09_27_09_06_19,pre2_label2_old_main,session_level_split,train,active_legacy_best,0.2077564299106598,0.37803879380226135,0.27520424127578735,0.102834552526474,0.7279788365310913,1,0,0.07499992847442627,1.3450000239536166,0.09392821788787842,0,1,3,0,0,1,0,0,0,0,0,active_legacy_best
vehicle_instability_allraw__txj__2025_09_27_09_06_19__000056665__pre2_label2_old_main,vehicle_instability_allraw__txj__2025_09_27_09_06_19__000056665,txj,2025_09_27_09_06_19,pre2_label2_old_main,session_level_split,train,active_legacy_best,0.9629938006401062,2.1479804515838623,0.2727500796318054,1.8752303719520569,0.1269797774140295,1,0,1.465000033378601,1.125,1.8775624632835388,1,1,2,0,0,1,0,1,0,1,1,active_legacy_best
vehicle_instability_allraw__txj__2025_09_27_09_06_19__000084165__pre2_label2_old_main,vehicle_instability_allraw__txj__2025_09_27_09_06_19__000084165,txj,2025_09_27_09_06_19,pre2_label2_old_main,session_level_split,train,active_legacy_best,0.16044574975967407,0.19128787517547607,0.05759965628385544,0.13368821889162064,0.3011150405169013,0,1,0.19999998807907104,0.4600000036880374,0.16102726012468338,1,1,3,0,0,1,0,0,0,1,0,active_legacy_best
vehicle_instability_allraw__txj__2025_09_27_09_06_19__000087745__pre2_label2_old_main,vehicle_instability_allraw__txj__2025_09_27_09_06_19__000087745,txj,2025_09_27_09_06_19,pre2_label2_old_main,session_level_split,train,active_legacy_best,0.9603204131126404,1.8947269916534424,0.5305852890014648,1.3641417026519775,0.28003258059803493,1,0,0.09499990940093994,0.20499999355524778,0.33667610585689545,0,1,2,2,1,1,1,1,0,1,1,active_legacy_best
vehicle_instability_allraw__txj__2025_09_27_09_06_19__000108815__pre2_label2_old_main,vehicle_instability_allraw__txj__2025_09_27_09_06_19__000108815,txj,2025_09_27_09_06_19,pre2_label2_old_main,session_level_split,train,active_legacy_best,0.6249960660934448,1.2721730470657349,0.15839801728725433,1.1137750297784805,0.12450980442684202,1,0,0.3450000286102295,1.0400000214576721,0.9536421597003937,1,0,1,0,0,0,0,0,0,1,0,active_legacy_best
vehicle_instability_allraw__txj__2025_09_27_09_06_19__000146040__pre2_label2_old_main,vehicle_instability_allraw__txj__2025_09_27_09_06_19__000146040,txj,2025_09_27_09_06_19,pre2_label2_old_main,session_level_split,train,active_legacy_best,0.15710727870464325,0.4099777042865753,0.24881944060325623,0.1611582636833191,0.6069096880188658,1,0,1.0850000381469727,0.40499999653548,0.3063312768936157,1,1,3,0,0,1,0,0,0,0,0,active_legacy_best
vehicle_instability_allraw__txj__2025_09_27_09_06_19__000174935__pre2_label2_old_main,vehicle_instability_allraw__txj__2025_09_27_09_06_19__000174935,txj,2025_09_27_09_06_19,pre2_label2_old_main,session_level_split,train,active_legacy_best,0.9926066398620605,2.307152032852173,0.6656061410903931,1.6415458917617798,0.2884968704327431,1,0,0.3450000286102295,0.6299999905750155,1.1579898595809937,1,1,2,0,0,1,0,1,0,1,1,active_legacy_best
vehicle_instability_allraw__txj__2025_09_27_09_06_19__000188350__pre2_label2_old_main,vehicle_instability_allraw__txj__2025_09_27_09_06_19__000188350,txj,2025_09_27_09_06_19,pre2_label2_old_main,session_level_split,train,active_legacy_best,0.4287511110305786,0.0734701156616211,0.4577135443687439,0.3842434287071228,6.2299281857241136,1,0,0.15999996662139893,1.0199999762699008,0.3841390907764435,1,0,0,0,1,0,0,0,0,0,0,active_legacy_best
vehicle_instability_allraw__txj__2025_09_27_09_06_19__000242365__pre2_label2_old_main,vehicle_instability_allraw__txj__2025_09_27_09_06_19__000242365,txj,2025_09_27_09_06_19,pre2_label2_old_main,session_level_split,train,active_legacy_best,0.37044209241867065,0.6354739665985107,0.5767226815223694,0.05875128507614136,0.9075472982935584,1,0,0.5049999952316284,0.4950000001117587,0.49282900989055634,1,1,3,0,0,1,0,0,0,0,0,active_legacy_best
vehicle_instability_allraw__txj__2025_09_27_09_06_19__000253750__pre2_label2_old_main,vehicle_instability_allraw__txj__2025_09_27_09_06_19__000253750,txj,2025_09_27_09_06_19,pre2_label2_old_main,session_level_split,train,active_legacy_best,0.3844938278198242,0.8625410199165344,0.32878753542900085,0.5337534844875336,0.38118481073609306,1,0,0.38499999046325684,0.6999999834224582,0.002643495798110962,0,1,4,0,0,1,0,0,0,1,0,active_legacy_best
vehicle_instability_allraw__txj__2025_09_27_09_06_19__000296520__pre2_label2_old_main,vehicle_instability_allraw__txj__2025_09_27_09_06_19__000296520,txj,2025_09_27_09_06_19,pre2_label2_old_main,session_level_split,train,active_legacy_best,0.2165205478668213,0.5164427757263184,0.11478817462921143,0.40165460109710693,0.2222669771452894,1,0,0.9200000166893005,0.3350000036880374,0.141243115067482,0,1,3,0,0,1,0,0,0,1,0,active_legacy_best
vehicle_instability_allraw__txj__2025_09_27_09_06_19__000324715__pre2_label2_old_main,vehicle_instability_allraw__txj__2025_09_27_09_06_19__000324715,txj,2025_09_27_09_06_19,pre2_label2_old_main,session_level_split,train,active_legacy_best,0.18197084963321686,0.36896276473999023,0.01987643912434578,0.34908632561564445,0.05387112474168714,1,0,0.4500000476837158,1.6400000154972076,0.11558803543448448,0,1,2,0,0,1,0,0,0,1,0,active_legacy_best
vehicle_instability_allraw__txj__2025_09_27_09_06_19__000328240__pre2_label2_old_main,vehicle_instability_allraw__txj__2025_09_27_09_06_19__000328240,txj,2025_09_27_09_06_19,pre2_label2_old_main,session_level_split,train,active_legacy_best,1.0853891372680664,1.954595923423767,0.3446807861328125,1.6099151372909546,0.1763437557615758,1,0,0.4599999189376831,1.7300000190734863,1.0653374791145325,1,1,2,12,0,1,1,1,0,1,1,active_legacy_best
vehicle_instability_allraw__txj__2025_09_27_09_06_19__000340350__pre2_label2_old_main,vehicle_instability_allraw__txj__2025_09_27_09_06_19__000340350,txj,2025_09_27_09_06_19,pre2_label2_old_main,session_level_split,train,active_legacy_best,0.23513154685497284,0.5187119841575623,0.25095251202583313,0.2677594721317291,0.4837993331374519,1,0,0.08000004291534424,1.3450000239536166,0.26133376359939575,1,1,0,0,1,0,0,0,0,1,0,active_legacy_best
vehicle_instability_allraw__txj__2025_09_27_09_06_19__000386605__pre2_label2_old_main,vehicle_instability_allraw__txj__2025_09_27_09_06_19__000386605,txj,2025_09_27_09_06_19,pre2_label2_old_main,session_level_split,train,active_legacy_best,0.2198875993490219,0.6133079528808594,0.3181655704975128,0.29514238238334656,0.5187696800653087,1,0,0.8950000405311584,0.42000001203268766,0.07229939103126526,0,1,2,0,0,1,0,0,0,0,0,active_legacy_best
vehicle_instability_allraw__txj__2025_09_27_09_06_19__000456500__pre2_label2_old_main,vehicle_instability_allraw__txj__2025_09_27_09_06_19__000456500,txj,2025_09_27_09_06_19,pre2_label2_old_main,session_level_split,train,active_legacy_best,1.0992931127548218,3.3051300048828125,1.9699808359146118,1.3351491689682007,0.5960373216800167,1,0,0.125,0.1800000024959445,1.586484670639038,0,0,1,5,0,0,1,1,1,0,1,active_legacy_best
vehicle_instability_allraw__txj__2025_09_27_09_06_19__000553500__pre2_label2_old_main,vehicle_instability_allraw__txj__2025_09_27_09_06_19__000553500,txj,2025_09_27_09_06_19,pre2_label2_old_main,session_level_split,train,active_legacy_best,3.5513713359832764,4.555308818817139,0.20101043581962585,4.354298382997513,0.04412663198360754,0,1,0.0,1.7150000035762787,4.742259576916695,1,0,1,0,0,0,0,1,0,1,1,active_legacy_best
vehicle_instability_allraw__txj__2025_09_27_09_06_19__000575870__pre2_label2_old_main,vehicle_instability_allraw__txj__2025_09_27_09_06_19__000575870,txj,2025_09_27_09_06_19,pre2_label2_old_main,session_level_split,train,active_legacy_best,0.6502522230148315,0.47891899943351746,0.5038000345230103,0.024881035089492798,1.05195249117058,0,1,0.16999995708465576,1.259999985806644,0.9823461472988129,1,0,6,0,0,1,0,0,0,0,0,active_legacy_best
vehicle_instability_allraw__txj__2025_09_27_09_06_19__000604150__pre2_label2_old_main,vehicle_instability_allraw__txj__2025_09_27_09_06_19__000604150,txj,2025_09_27_09_06_19,pre2_label2_old_main,session_level_split,train,active_legacy_best,0.34891781210899353,0.37646758556365967,0.16512389481067657,0.2113436907529831,0.43861384390756414,0,1,0.5550000667572021,0.9100000215694308,0.23230525851249695,1,1,2,0,0,1,0,0,0,1,0,active_legacy_best
vehicle_instability_allraw__txj__2025_09_27_09_17_11__000060790__pre2_label2_old_main,vehicle_instability_allraw__txj__2025_09_27_09_17_11__000060790,txj,2025_09_27_09_17_11,pre2_label2_old_main,session_level_split,train,active_legacy_best,0.529602587223053,0.9307839870452881,0.37185123562812805,0.55893275141716,0.3995032583323066,1,0,0.3200000524520874,0.13000000547617674,0.4656422436237335,1,1,2,0,0,1,0,0,0,1,0,active_legacy_best
vehicle_instability_allraw__txj__2025_09_27_09_17_11__000092770__pre2_label2_old_main,vehicle_instability_allraw__txj__2025_09_27_09_17_11__000092770,txj,2025_09_27_09_17_11,pre2_label2_old_main,session_level_split,train,active_legacy_best,1.0677902698516846,2.1895198822021484,1.2903610467910767,0.8991588354110718,0.5893351584883866,1,0,0.21499991416931152,0.8450000239536166,0.000666499137878418,0,1,4,11,0,1,1,1,1,0,1,active_legacy_best
vehicle_instability_allraw__txj__2025_09_27_09_17_11__000118305__pre2_label2_old_main,vehicle_instability_allraw__txj__2025_09_27_09_17_11__000118305,txj,2025_09_27_09_17_11,pre2_label2_old_main,session_level_split,train,active_legacy_best,1.2235262393951416,2.3371739387512207,0.5187279582023621,1.8184459805488586,0.2219466637042532,1,0,0.39499998092651367,0.13999999593943357,1.4162298440933228,1,1,2,0,0,1,0,1,0,1,1,active_legacy_best
vehicle_instability_allraw__txj__2025_09_27_09_17_11__000134270__pre2_label2_old_main,vehicle_instability_allraw__txj__2025_09_27_09_17_11__000134270,txj,2025_09_27_09_17_11,pre2_label2_old_main,session_level_split,train,active_legacy_best,0.1967592090368271,0.3508114516735077,0.25781500339508057,0.09299644827842712,0.734910454505411,1,0,0.5450000762939453,0.4649999989196658,0.1270570605993271,0,1,5,1,0,1,0,0,0,0,0,active_legacy_best
vehicle_instability_allraw__txj__2025_09_27_09_17_11__000157280__pre2_label2_old_main,vehicle_instability_allraw__txj__2025_09_27_09_17_11__000157280,txj,2025_09_27_09_17_11,pre2_label2_old_main,session_level_split,train,active_legacy_best,1.9822101593017578,4.903500080108643,0.7340817451477051,4.1694183349609375,0.1497056659844983,1,0,0.05000007152557373,0.7450000047683716,4.157057166099548,1,0,1,0,0,0,0,1,0,1,1,active_legacy_best
vehicle_instability_allraw__txj__2025_09_27_09_17_11__000203185__pre2_label2_old_main,vehicle_instability_allraw__txj__2025_09_27_09_17_11__000203185,txj,2025_09_27_09_17_11,pre2_label2_old_main,session_level_split,train,active_legacy_best,3.6828744411468506,7.784859657287598,1.3344709873199463,6.450388669967651,0.17141875975512486,1,0,1.0499999523162842,1.5600000023841858,3.757192850112915,0,0,4,0,0,1,0,1,0,1,1,active_legacy_best
vehicle_instability_allraw__txj__2025_09_27_09_17_11__000243345__pre2_label2_old_main,vehicle_instability_allraw__txj__2025_09_27_09_17_11__000243345,txj,2025_09_27_09_17_11,pre2_label2_old_main,session_level_split,train,active_legacy_best,0.8873986005783081,2.008004903793335,0.35494670271873474,1.6530582010746002,0.17676585452963917,1,0,0.24500000476837158,1.2200000286102295,0.39704982936382294,0,1,2,0,0,1,0,1,0,1,1,active_legacy_best
vehicle_instability_allraw__txj__2025_09_27_09_17_11__000272265__pre2_label2_old_main,vehicle_instability_allraw__txj__2025_09_27_09_17_11__000272265,txj,2025_09_27_09_17_11,pre2_label2_old_main,session_level_split,train,active_legacy_best,0.333446741104126,0.5893973112106323,0.17084558308124542,0.4185517281293869,0.2898648837238935,1,0,0.21000003814697266,0.15499999653548002,0.4057381600141525,1,1,3,0,0,1,0,0,0,1,0,active_legacy_best
vehicle_instability_allraw__txj__2025_09_27_09_17_11__000361115__pre2_label2_old_main,vehicle_instability_allraw__txj__2025_09_27_09_17_11__000361115,txj,2025_09_27_09_17_11,pre2_label2_old_main,session_level_split,train,active_legacy_best,0.22964556515216827,0.5420989990234375,0.05585082247853279,0.4862481765449047,0.10302697953537099,1,0,0.1549999713897705,0.7799999713897705,0.43650616332888603,1,0,2,0,0,1,0,0,0,1,0,active_legacy_best
vehicle_instability_allraw__txj__2025_09_27_09_17_11__000391680__pre2_label2_old_main,vehicle_instability_allraw__txj__2025_09_27_09_17_11__000391680,txj,2025_09_27_09_17_11,pre2_label2_old_main,session_level_split,train,active_legacy_best,0.6117540001869202,0.9517275094985962,0.7135803699493408,0.23814713954925537,0.7497738195308448,1,0,0.5099999904632568,0.08999999891966581,0.2092490792274475,0,1,4,3,0,1,1,0,0,0,0,active_legacy_best
vehicle_instability_allraw__txj__2025_09_27_09_17_11__000438570__pre2_label2_old_main,vehicle_instability_allraw__txj__2025_09_27_09_17_11__000438570,txj,2025_09_27_09_17_11,pre2_label2_old_main,session_level_split,train,active_legacy_best,0.3777107894420624,0.5949809551239014,0.41504374146461487,0.1799372136592865,0.6975748347746431,1,0,0.13499999046325684,0.07000000309199095,0.004189848899841309,0,1,5,0,0,1,0,0,0,0,0,active_legacy_best
vehicle_instability_allraw__txj__2025_09_27_09_17_11__000498455__pre2_label2_old_main,vehicle_instability_allraw__txj__2025_09_27_09_17_11__000498455,txj,2025_09_27_09_17_11,pre2_label2_old_main,session_level_split,train,active_legacy_best,0.1737884283065796,0.47926750779151917,0.2564484775066376,0.2228190302848816,0.5350842135916136,1,0,0.7649999856948853,0.6200000001117587,0.15038952231407166,0,0,1,0,0,0,0,0,0,0,0,active_legacy_best
vehicle_instability_allraw__txj__2025_09_27_09_17_11__000503080__pre2_label2_old_main,vehicle_instability_allraw__txj__2025_09_27_09_17_11__000503080,txj,2025_09_27_09_17_11,pre2_label2_old_main,session_level_split,train,active_legacy_best,0.5432765483856201,1.31510591506958,0.3808363974094391,0.934269517660141,0.28958610332863544,1,0,0.03500008583068848,0.8749999953433871,0.6827456653118134,1,1,1,0,0,0,0,0,0,1,0,active_legacy_best
vehicle_instability_allraw__txj__2025_09_27_09_17_11__000562130__pre2_label2_old_main,vehicle_instability_allraw__txj__2025_09_27_09_17_11__000562130,txj,2025_09_27_09_17_11,pre2_label2_old_main,session_level_split,train,active_legacy_best,0.5293948650360107,1.227843999862671,0.11870434880256653,1.1091396510601044,0.09667706061669325,1,0,1.4700000286102295,1.2099999785423279,1.1143101155757904,1,1,2,3,0,1,1,0,0,1,0,active_legacy_best
vehicle_instability_allraw__txj__2025_09_27_09_17_11__000575805__pre2_label2_old_main,vehicle_instability_allraw__txj__2025_09_27_09_17_11__000575805,txj,2025_09_27_09_17_11,pre2_label2_old_main,session_level_split,train,active_legacy_best,0.3792131841182709,0.5326749086380005,0.24410507082939148,0.288569837808609,0.4582627543946929,1,0,1.4300000369548798,0.049999999813735485,0.6121023595333099,1,1,3,0,0,1,0,0,0,1,0,active_legacy_best
vehicle_instability_allraw__tyy__2025_09_28_14_23_43__000091635__pre2_label2_old_main,vehicle_instability_allraw__tyy__2025_09_28_14_23_43__000091635,tyy,2025_09_28_14_23_43,pre2_label2_old_main,session_level_split,train,active_legacy_best,1.5298863649368286,2.0369749069213867,0.47883573174476624,1.5581391751766205,0.23507198351719608,1,0,0.36500000953674316,0.17500000726431608,1.5592389404773712,1,1,3,0,0,1,0,1,0,1,1,active_legacy_best
vehicle_instability_allraw__tyy__2025_09_28_14_23_43__000177395__pre2_label2_old_main,vehicle_instability_allraw__tyy__2025_09_28_14_23_43__000177395,tyy,2025_09_28_14_23_43,pre2_label2_old_main,session_level_split,train,active_legacy_best,0.7866337895393372,1.6030869483947754,0.7860032320022583,0.8170837163925171,0.49030605157712104,1,0,0.5349999740719795,0.005000002682209015,1.8637569546699524,1,1,1,0,0,0,0,1,0,1,1,active_legacy_best
vehicle_instability_allraw__tyy__2025_09_28_14_23_43__000243820__pre2_label2_old_main,vehicle_instability_allraw__tyy__2025_09_28_14_23_43__000243820,tyy,2025_09_28_14_23_43,pre2_label2_old_main,session_level_split,train,active_legacy_best,0.36982133984565735,0.948412299156189,0.3876863121986389,0.56072598695755,0.4087740242756942,1,0,1.0050000548362732,0.10499999951571226,0.000678718090057373,0,1,4,0,0,1,0,0,0,1,0,active_legacy_best
vehicle_instability_allraw__tyy__2025_09_28_14_23_43__000263565__pre2_label2_old_main,vehicle_instability_allraw__tyy__2025_09_28_14_23_43__000263565,tyy,2025_09_28_14_23_43,pre2_label2_old_main,session_level_split,train,active_legacy_best,0.11804012954235077,0.3193945288658142,0.2483275830745697,0.0710669457912445,0.7774947929020364,1,0,0.9850000143051147,0.31499999295920134,0.06520038843154907,0,1,1,0,0,0,0,0,0,0,0,active_legacy_best
vehicle_instability_allraw__tyy__2025_09_28_14_23_43__000266730__pre2_label2_old_main,vehicle_instability_allraw__tyy__2025_09_28_14_23_43__000266730,tyy,2025_09_28_14_23_43,pre2_label2_old_main,session_level_split,train,active_legacy_best,0.6177592873573303,1.588600993156433,0.07903730869293213,1.509563684463501,0.04975277557638361,1,0,0.16999995708465576,1.0199999809265137,1.510899931192398,1,1,3,0,0,1,0,1,0,1,1,active_legacy_best
vehicle_instability_allraw__tyy__2025_09_28_14_23_43__000286995__pre2_label2_old_main,vehicle_instability_allraw__tyy__2025_09_28_14_23_43__000286995,tyy,2025_09_28_14_23_43,pre2_label2_old_main,session_level_split,train,active_legacy_best,0.7932170033454895,1.8336459398269653,0.524678111076355,1.3089678287506104,0.28613927022676305,1,0,0.004999995231628418,0.09500000160187483,0.41103917360305786,0,1,2,0,0,1,0,1,0,1,1,active_legacy_best
vehicle_instability_allraw__tyy__2025_09_28_14_23_43__000302720__pre2_label2_old_main,vehicle_instability_allraw__tyy__2025_09_28_14_23_43__000302720,tyy,2025_09_28_14_23_43,pre2_label2_old_main,session_level_split,train,active_legacy_best,0.8015126585960388,1.2192866802215576,0.5761801600456238,0.6431065201759338,0.47255511717795984,1,0,0.30000007152557373,0.0549999987706542,0.5511233806610107,0,1,6,0,0,1,0,0,0,1,0,active_legacy_best
vehicle_instability_allraw__tyy__2025_09_28_14_23_43__000348235__pre2_label2_old_main,vehicle_instability_allraw__tyy__2025_09_28_14_23_43__000348235,tyy,2025_09_28_14_23_43,pre2_label2_old_main,session_level_split,train,active_legacy_best,0.5680973529815674,0.7337362170219421,0.33131611347198486,0.4024201035499573,0.4515466264112147,1,0,1.5049999905750155,0.07000000309199095,0.7063877880573273,1,1,4,0,0,1,0,0,0,1,0,active_legacy_best
vehicle_instability_allraw__tyy__2025_09_28_14_23_43__000462085__pre2_label2_old_main,vehicle_instability_allraw__tyy__2025_09_28_14_23_43__000462085,tyy,2025_09_28_14_23_43,pre2_label2_old_main,session_level_split,train,active_legacy_best,0.505006730556488,0.6164519786834717,0.23790797591209412,0.37854400277137756,0.3859310767728953,0,1,0.11000001430511475,0.8149999929592013,0.8495089113712311,1,0,4,0,0,1,0,0,0,1,0,active_legacy_best
vehicle_instability_allraw__tyy__2025_09_28_14_23_43__000500235__pre2_label2_old_main,vehicle_instability_allraw__tyy__2025_09_28_14_23_43__000500235,tyy,2025_09_28_14_23_43,pre2_label2_old_main,session_level_split,train,active_legacy_best,1.3605819940567017,2.286210060119629,0.3959338068962097,1.8902762532234192,0.17318347679543147,1,0,0.1950000524520874,1.880000002682209,1.8588009774684906,1,1,4,0,0,1,0,1,0,1,1,active_legacy_best
vehicle_instability_allraw__tyy__2025_09_28_14_23_43__000518835__pre2_label2_old_main,vehicle_instability_allraw__tyy__2025_09_28_14_23_43__000518835,tyy,2025_09_28_14_23_43,pre2_label2_old_main,session_level_split,train,active_legacy_best,0.29583460092544556,0.5565860271453857,0.3087940216064453,0.24779200553894043,0.55480016843072,1,0,0.565000057220459,0.06500000040978193,0.10838255286216736,0,1,3,0,0,1,0,0,0,0,0,active_legacy_best
vehicle_instability_allraw__tyy__2025_09_28_14_23_43__000628070__pre2_label2_old_main,vehicle_instability_allraw__tyy__2025_09_28_14_23_43__000628070,tyy,2025_09_28_14_23_43,pre2_label2_old_main,session_level_split,train,active_legacy_best,0.1371382474899292,0.3419100046157837,0.2478266954421997,0.09408330917358398,0.7248301953629327,1,0,0.440000057220459,0.0549999987706542,0.15601739287376404,0,0,4,0,0,1,0,0,0,0,0,active_legacy_best
vehicle_instability_allraw__tyy__2025_09_28_14_23_43__000665155__pre2_label2_old_main,vehicle_instability_allraw__tyy__2025_09_28_14_23_43__000665155,tyy,2025_09_28_14_23_43,pre2_label2_old_main,session_level_split,train,active_legacy_best,0.5783485174179077,1.0355039834976196,0.028009135276079178,1.0074948482215405,0.027048795294319177,0,1,1.6149999955669045,1.050000011920929,0.38463496416807175,0,0,5,0,0,1,0,0,0,1,0,active_legacy_best
vehicle_instability_allraw__tyy__2025_09_28_14_23_43__000685655__pre2_label2_old_main,vehicle_instability_allraw__tyy__2025_09_28_14_23_43__000685655,tyy,2025_09_28_14_23_43,pre2_label2_old_main,session_level_split,train,active_legacy_best,0.8275575637817383,1.7901862859725952,0.6295381784439087,1.1606481075286865,0.35166070893112955,1,0,0.5450000762939453,0.13500000070780516,0.1569119691848755,0,1,2,0,0,1,0,1,0,1,1,active_legacy_best
vehicle_instability_allraw__tyy__2025_09_28_14_23_43__000762635__pre2_label2_old_main,vehicle_instability_allraw__tyy__2025_09_28_14_23_43__000762635,tyy,2025_09_28_14_23_43,pre2_label2_old_main,session_level_split,train,active_legacy_best,1.4816200733184814,2.1591429710388184,0.2694421708583832,1.8897008001804352,0.12479125952865813,0,1,1.0700000524520874,1.8400000035762787,1.1609153151512146,1,1,2,0,0,1,0,1,0,1,1,active_legacy_best
vehicle_instability_allraw__tyy__2025_09_28_14_23_43__000858435__pre2_label2_old_main,vehicle_instability_allraw__tyy__2025_09_28_14_23_43__000858435,tyy,2025_09_28_14_23_43,pre2_label2_old_main,session_level_split,train,active_legacy_best,0.3408786356449127,0.5052729845046997,0.3790361285209656,0.12623685598373413,0.7501610815241202,1,0,0.5700000524520874,0.31999998819082975,0.050038427114486694,0,1,4,0,0,1,0,0,0,0,0,active_legacy_best
vehicle_instability_allraw__tyy__2025_09_28_14_40_01__000050415__pre2_label2_old_main,vehicle_instability_allraw__tyy__2025_09_28_14_40_01__000050415,tyy,2025_09_28_14_40_01,pre2_label2_old_main,session_level_split,train,active_legacy_best,1.0732625722885132,1.7545764446258545,0.47332149744033813,1.2812549471855164,0.2697639643402765,1,0,0.02499997615814209,0.08000000100582838,0.42768481373786926,0,1,2,0,0,1,0,1,0,1,1,active_legacy_best
vehicle_instability_allraw__tyy__2025_09_28_14_40_01__000078865__pre2_label2_old_main,vehicle_instability_allraw__tyy__2025_09_28_14_40_01__000078865,tyy,2025_09_28_14_40_01,pre2_label2_old_main,session_level_split,train,active_legacy_best,0.2748430073261261,1.3002699613571167,0.18433667719364166,1.115933284163475,0.1417680040852793,1,0,0.16499996185302734,0.24500000476837158,1.1171051114797592,1,1,3,0,0,1,0,0,0,1,0,active_legacy_best
vehicle_instability_allraw__tyy__2025_09_28_14_40_01__000111805__pre2_label2_old_main,vehicle_instability_allraw__tyy__2025_09_28_14_40_01__000111805,tyy,2025_09_28_14_40_01,pre2_label2_old_main,session_level_split,train,active_legacy_best,0.7207396030426025,1.4992389678955078,0.3730412423610687,1.126197725534439,0.2488204017833857,1,0,0.5300000905990601,0.7400000048801303,0.001893758773803711,0,1,2,0,0,1,0,1,0,1,0,active_legacy_best
vehicle_instability_allraw__tyy__2025_09_28_14_40_01__000126545__pre2_label2_old_main,vehicle_instability_allraw__tyy__2025_09_28_14_40_01__000126545,tyy,2025_09_28_14_40_01,pre2_label2_old_main,session_level_split,train,active_legacy_best,0.82859206199646,1.1780970096588135,0.14783956110477448,1.030257448554039,0.12549014206189185,1,0,0.36500000953674316,1.9200000017881393,0.22180306911468506,0,1,2,0,0,1,0,0,0,1,0,active_legacy_best
vehicle_instability_allraw__tyy__2025_09_28_14_40_01__000166465__pre2_label2_old_main,vehicle_instability_allraw__tyy__2025_09_28_14_40_01__000166465,tyy,2025_09_28_14_40_01,pre2_label2_old_main,session_level_split,train,active_legacy_best,1.3581386804580688,2.684844970703125,1.3568655252456665,1.3279794454574585,0.5053794688526547,1,0,1.4000000208616257,0.1450000060722232,1.9988069534301758,1,0,5,1,0,1,0,1,1,0,1,active_legacy_best
vehicle_instability_allraw__tyy__2025_09_28_14_57_17__000072715__pre2_label2_old_main,vehicle_instability_allraw__tyy__2025_09_28_14_57_17__000072715,tyy,2025_09_28_14_57_17,pre2_label2_old_main,session_level_split,train,active_legacy_best,0.272777259349823,0.8190829753875732,0.3448718786239624,0.47421109676361084,0.42104632740141634,1,0,0.04500007629394531,0.32500001322478056,0.4457547068595886,1,1,2,1,0,1,0,0,0,1,0,active_legacy_best
vehicle_instability_allraw__tyy__2025_09_28_14_57_17__000106480__pre2_label2_old_main,vehicle_instability_allraw__tyy__2025_09_28_14_57_17__000106480,tyy,2025_09_28_14_57_17,pre2_label2_old_main,session_level_split,train,active_legacy_best,0.4400114417076111,1.2756609916687012,0.5815874934196472,0.694073498249054,0.45591069823250496,1,0,0.040000081062316895,0.4999999953433871,0.5409948825836182,0,1,4,0,0,1,0,0,0,1,0,active_legacy_best
vehicle_instability_allraw__tyy__2025_09_28_14_57_17__000158715__pre2_label2_old_main,vehicle_instability_allraw__tyy__2025_09_28_14_57_17__000158715,tyy,2025_09_28_14_57_17,pre2_label2_old_main,session_level_split,train,active_legacy_best,1.1324492692947388,1.2934600114822388,1.245059609413147,0.0484004020690918,0.9625806738210426,1,0,1.1800000667572021,0.16000000666826963,0.0881568193435669,0,1,5,3,0,1,1,0,0,0,0,active_legacy_best
vehicle_instability_allraw__tyy__2025_09_28_14_57_17__000226180__pre2_label2_old_main,vehicle_instability_allraw__tyy__2025_09_28_14_57_17__000226180,tyy,2025_09_28_14_57_17,pre2_label2_old_main,session_level_split,train,active_legacy_best,0.5834423899650574,0.9197889566421509,0.14623914659023285,0.773549810051918,0.15899206609753636,1,0,1.0950000286102295,1.935000006109476,0.5007199048995972,1,1,2,0,0,1,0,0,0,1,0,active_legacy_best
vehicle_instability_allraw__tyy__2025_09_28_14_57_17__000245865__pre2_label2_old_main,vehicle_instability_allraw__tyy__2025_09_28_14_57_17__000245865,tyy,2025_09_28_14_57_17,pre2_label2_old_main,session_level_split,train,active_legacy_best,0.44065219163894653,0.6096464395523071,0.2942793369293213,0.31536710262298584,0.48270492179930524,1,0,1.475000023841858,0.014999999664723873,0.31704792380332947,1,1,5,0,0,1,0,0,0,1,0,active_legacy_best
vehicle_instability_allraw__tyy__2025_09_28_14_57_17__000269590__pre2_label2_old_main,vehicle_instability_allraw__tyy__2025_09_28_14_57_17__000269590,tyy,2025_09_28_14_57_17,pre2_label2_old_main,session_level_split,train,active_legacy_best,0.8967560529708862,1.8472609519958496,0.4976416826248169,1.3496192693710327,0.2693943603837597,1,0,0.1549999713897705,1.0900000287219882,1.0090737044811249,1,1,4,0,0,1,0,1,0,1,1,active_legacy_best
vehicle_instability_allraw__tyy__2025_09_28_14_57_17__000282555__pre2_label2_old_main,vehicle_instability_allraw__tyy__2025_09_28_14_57_17__000282555,tyy,2025_09_28_14_57_17,pre2_label2_old_main,session_level_split,train,active_legacy_best,0.6692460775375366,0.9506852626800537,0.216756671667099,0.7339285910129547,0.22800045417349327,1,0,1.2450000643730164,0.04500000085681677,0.5565502196550369,1,1,6,0,0,1,0,0,0,1,0,active_legacy_best
vehicle_instability_allraw__tyy__2025_09_28_14_57_17__000402875__pre2_label2_old_main,vehicle_instability_allraw__tyy__2025_09_28_14_57_17__000402875,tyy,2025_09_28_14_57_17,pre2_label2_old_main,session_level_split,train,active_legacy_best,1.3411798477172852,1.7509119510650635,0.4444037675857544,1.306508183479309,0.2538127444475022,0,1,1.2200000286102295,0.04000000189989805,0.9713711738586426,1,1,6,0,0,1,0,1,0,1,1,active_legacy_best
vehicle_instability_allraw__tyy__2025_09_28_14_57_17__000427465__pre2_label2_old_main,vehicle_instability_allraw__tyy__2025_09_28_14_57_17__000427465,tyy,2025_09_28_14_57_17,pre2_label2_old_main,session_level_split,train,active_legacy_best,0.0697169080376625,0.031059980392456055,0.06521734595298767,0.034157365560531616,2.099722701976588,0,1,1.644999966956675,1.5650000525638461,0.05950935184955597,1,1,1,0,0,0,0,0,0,0,0,active_legacy_best
vehicle_instability_allraw__xst__2025_09_26_11_34_18__000146145__pre2_label2_old_main,vehicle_instability_allraw__xst__2025_09_26_11_34_18__000146145,xst,2025_09_26_11_34_18,pre2_label2_old_main,session_level_split,train,active_legacy_best,0.33708688616752625,1.3625750541687012,1.116162896156311,0.24641215801239014,0.8191570018411025,1,0,0.7100000381469727,0.6200000001117587,0.1564236879348755,0,0,3,2,0,1,1,0,0,0,0,active_legacy_best
vehicle_instability_allraw__xst__2025_09_26_11_34_18__000342415__pre2_label2_old_main,vehicle_instability_allraw__xst__2025_09_26_11_34_18__000342415,xst,2025_09_26_11_34_18,pre2_label2_old_main,session_level_split,train,active_legacy_best,0.6395117044448853,1.2904969453811646,0.30388206243515015,0.9866148829460144,0.23547677778144196,1,0,0.04500007629394531,0.46999999415129423,0.9378065466880798,1,1,2,0,0,1,0,0,0,1,0,active_legacy_best
vehicle_instability_allraw__xst__2025_09_26_11_34_18__000697400__pre2_label2_old_main,vehicle_instability_allraw__xst__2025_09_26_11_34_18__000697400,xst,2025_09_26_11_34_18,pre2_label2_old_main,session_level_split,train,active_legacy_best,0.0778258889913559,0.19582602381706238,0.15249469876289368,0.0433313250541687,0.7787254001814992,1,0,0.36000001430511475,0.5599999874830246,0.04430846869945526,0,1,0,0,1,0,0,0,0,0,0,active_legacy_best
vehicle_instability_allraw__yyl__2025_09_28_09_14_23__000110400__pre2_label2_old_main,vehicle_instability_allraw__yyl__2025_09_28_09_14_23__000110400,yyl,2025_09_28_09_14_23,pre2_label2_old_main,session_level_split,train,active_legacy_best,1.1424297094345093,2.381324052810669,0.1850048005580902,2.1963192522525787,0.07768988867337465,1,0,0.15999996662139893,1.7100000083446503,2.1978398114442825,1,1,1,0,0,0,0,1,0,1,1,active_legacy_best
vehicle_instability_allraw__yyl__2025_09_28_09_14_23__000137185__pre2_label2_old_main,vehicle_instability_allraw__yyl__2025_09_28_09_14_23__000137185,yyl,2025_09_28_09_14_23,pre2_label2_old_main,session_level_split,train,active_legacy_best,0.21111755073070526,0.7141889929771423,0.3226849138736725,0.39150407910346985,0.4518200603016015,1,0,0.9500000476837158,0.09999999683350325,0.08370158076286316,0,0,2,0,0,1,0,0,0,1,0,active_legacy_best
vehicle_instability_allraw__yyl__2025_09_28_09_14_23__000162835__pre2_label2_old_main,vehicle_instability_allraw__yyl__2025_09_28_09_14_23__000162835,yyl,2025_09_28_09_14_23,pre2_label2_old_main,session_level_split,train,active_legacy_best,0.4506228566169739,0.6445500254631042,0.08035628497600555,0.5641937404870987,0.12467036196029964,0,1,1.2500000596046448,1.935000006109476,0.08355894684791565,0,1,4,0,0,1,0,0,0,1,0,active_legacy_best
vehicle_instability_allraw__yyl__2025_09_28_09_14_23__000221950__pre2_label2_old_main,vehicle_instability_allraw__yyl__2025_09_28_09_14_23__000221950,yyl,2025_09_28_09_14_23,pre2_label2_old_main,session_level_split,train,active_legacy_best,0.4666568636894226,0.8480550050735474,1.0723652839660645,0.2243102788925171,1.2644996816840481,1,0,0.009999990463256836,1.0249999715015292,0.23818707466125488,0,1,3,4,0,1,1,0,0,0,0,active_legacy_best
vehicle_instability_allraw__yyl__2025_09_28_09_14_23__000431885__pre2_label2_old_main,vehicle_instability_allraw__yyl__2025_09_28_09_14_23__000431885,yyl,2025_09_28_09_14_23,pre2_label2_old_main,session_level_split,train,active_legacy_best,0.635104238986969,1.0599390268325806,0.5306020379066467,0.5293369889259338,0.5005967555438039,1,0,0.2200000286102295,0.18999999295920134,0.48259228467941284,0,1,2,0,0,1,0,0,0,0,0,active_legacy_best
vehicle_instability_allraw__yyl__2025_09_28_09_14_23__000487260__pre2_label2_old_main,vehicle_instability_allraw__yyl__2025_09_28_09_14_23__000487260,yyl,2025_09_28_09_14_23,pre2_label2_old_main,session_level_split,train,active_legacy_best,0.36669713258743286,0.19285890460014343,0.4014285206794739,0.20856961607933044,2.08146220425632,1,0,1.9299999428912997,0.06500000040978193,0.1192711889743805,1,1,1,0,0,0,0,0,0,0,0,active_legacy_best
vehicle_instability_allraw__yyl__2025_09_28_09_14_23__000516925__pre2_label2_old_main,vehicle_instability_allraw__yyl__2025_09_28_09_14_23__000516925,yyl,2025_09_28_09_14_23,pre2_label2_old_main,session_level_split,train,active_legacy_best,0.38675275444984436,1.0302679538726807,0.3211761713027954,0.7090917825698853,0.31174042645461725,1,0,0.16999995708465576,1.0449999524280429,0.7106164991855621,1,1,1,0,0,0,0,0,0,1,0,active_legacy_best
vehicle_instability_allraw__yyl__2025_09_28_09_14_23__000568235__pre2_label2_old_main,vehicle_instability_allraw__yyl__2025_09_28_09_14_23__000568235,yyl,2025_09_28_09_14_23,pre2_label2_old_main,session_level_split,train,active_legacy_best,0.9371585249900818,1.8100833892822266,0.6623058915138245,1.147777497768402,0.3658979997471035,1,0,0.36500000953674316,0.24999999534338713,1.1489022374153137,1,1,1,0,0,0,0,1,0,1,1,active_legacy_best
vehicle_instability_allraw__yyl__2025_09_28_09_14_23__000712505__pre2_label2_old_main,vehicle_instability_allraw__yyl__2025_09_28_09_14_23__000712505,yyl,2025_09_28_09_14_23,pre2_label2_old_main,session_level_split,train,active_legacy_best,0.6525646448135376,1.0152580738067627,0.20651382207870483,0.8087442517280579,0.20341017462128674,0,1,1.350000023841858,0.2149999886751175,1.189121425151825,1,1,2,0,0,1,0,0,0,1,0,active_legacy_best
vehicle_instability_allraw__yyl__2025_09_28_09_14_23__000748255__pre2_label2_old_main,vehicle_instability_allraw__yyl__2025_09_28_09_14_23__000748255,yyl,2025_09_28_09_14_23,pre2_label2_old_main,session_level_split,train,active_legacy_best,0.2142561376094818,0.7560794949531555,0.16905410587787628,0.5870253890752792,0.22359303089994575,0,1,0.9750000238418579,0.24000000953674316,0.8943511992692947,1,1,4,0,0,1,0,0,0,1,0,active_legacy_best
vehicle_instability_allraw__yyl__2025_09_28_09_29_01__000104675__pre2_label2_old_main,vehicle_instability_allraw__yyl__2025_09_28_09_29_01__000104675,yyl,2025_09_28_09_29_01,pre2_label2_old_main,session_level_split,train,active_legacy_best,0.511876106262207,1.2456419467926025,0.37020325660705566,0.8754386901855469,0.2971987717339563,1,0,0.16499996185302734,0.975000019185245,0.8767479956150055,1,1,1,0,0,0,0,0,0,1,0,active_legacy_best
vehicle_instability_allraw__yyl__2025_09_28_09_29_01__000148435__pre2_label2_old_main,vehicle_instability_allraw__yyl__2025_09_28_09_29_01__000148435,yyl,2025_09_28_09_29_01,pre2_label2_old_main,session_level_split,train,active_legacy_best,0.29350414872169495,0.8963969945907593,1.0908474922180176,0.1944504976272583,1.2169245309842127,1,0,0.7700000405311584,0.24999999534338713,0.29909753799438477,0,0,4,1,0,1,0,0,0,0,0,active_legacy_best
vehicle_instability_allraw__yyl__2025_09_28_09_29_01__000179185__pre2_label2_old_main,vehicle_instability_allraw__yyl__2025_09_28_09_29_01__000179185,yyl,2025_09_28_09_29_01,pre2_label2_old_main,session_level_split,train,active_legacy_best,0.3152393698692322,0.8098329901695251,0.44784796237945557,0.3619850277900696,0.5530127419058416,1,0,0.6000000238418579,0.34499999415129423,0.6920967549085617,1,1,1,0,0,0,0,0,0,0,0,active_legacy_best
vehicle_instability_allraw__yyl__2025_09_28_09_29_01__000210525__pre2_label2_old_main,vehicle_instability_allraw__yyl__2025_09_28_09_29_01__000210525,yyl,2025_09_28_09_29_01,pre2_label2_old_main,session_level_split,train,active_legacy_best,0.36035746335983276,0.6532766819000244,0.47652387619018555,0.17675280570983887,0.7294365303292907,1,0,0.36500000953674316,0.4850000096485019,0.17824408411979675,0,1,3,0,0,1,0,0,0,0,0,active_legacy_best
vehicle_instability_allraw__yyl__2025_09_28_09_29_01__000235890__pre2_label2_old_main,vehicle_instability_allraw__yyl__2025_09_28_09_29_01__000235890,yyl,2025_09_28_09_29_01,pre2_label2_old_main,session_level_split,train,active_legacy_best,0.5352826118469238,1.2801971435546875,0.5262771248817444,0.7539200186729431,0.41109068828293543,1,0,0.3200000524520874,1.4049999667331576,0.7548467516899109,1,1,2,0,0,1,0,0,0,1,0,active_legacy_best
vehicle_instability_allraw__yyl__2025_09_28_09_29_01__000252350__pre2_label2_old_main,vehicle_instability_allraw__yyl__2025_09_28_09_29_01__000252350,yyl,2025_09_28_09_29_01,pre2_label2_old_main,session_level_split,train,active_legacy_best,0.5264854431152344,1.259079933166504,0.4829370677471161,0.7761428654193878,0.3835634696619784,1,0,0.039999961853027344,0.8050000024959445,0.7495857179164886,1,1,2,0,0,1,0,0,0,1,0,active_legacy_best
vehicle_instability_allraw__yyl__2025_09_28_09_29_01__000293785__pre2_label2_old_main,vehicle_instability_allraw__yyl__2025_09_28_09_29_01__000293785,yyl,2025_09_28_09_29_01,pre2_label2_old_main,session_level_split,train,active_legacy_best,0.40253502130508423,0.372976690530777,0.20214474201202393,0.17083194851875305,0.5419768772261748,0,1,1.5149999810382724,0.28499999176710844,0.4077327102422714,1,0,1,0,0,0,0,0,0,0,0,active_legacy_best
vehicle_instability_allraw__yyl__2025_09_28_09_29_01__000324915__pre2_label2_old_main,vehicle_instability_allraw__yyl__2025_09_28_09_29_01__000324915,yyl,2025_09_28_09_29_01,pre2_label2_old_main,session_level_split,train,active_legacy_best,0.5435073375701904,1.1585489511489868,0.08626536279916763,1.0722835883498192,0.07445983418621567,0,1,1.4800000190734863,1.880000002682209,1.2398122176527977,1,1,1,0,0,0,0,0,0,1,0,active_legacy_best
vehicle_instability_allraw__yyl__2025_09_28_09_29_01__000357555__pre2_label2_old_main,vehicle_instability_allraw__yyl__2025_09_28_09_29_01__000357555,yyl,2025_09_28_09_29_01,pre2_label2_old_main,session_level_split,train,active_legacy_best,0.5313173532485962,1.211084008216858,0.25762781500816345,0.9534561932086945,0.2127249747005431,1,0,0.1499999761581421,0.4999999953433871,0.9542964100837708,1,1,1,0,0,0,0,0,0,1,0,active_legacy_best
vehicle_instability_allraw__yyl__2025_09_28_09_29_01__000380585__pre2_label2_old_main,vehicle_instability_allraw__yyl__2025_09_28_09_29_01__000380585,yyl,2025_09_28_09_29_01,pre2_label2_old_main,session_level_split,train,active_legacy_best,0.594166100025177,1.3021910190582275,0.5005363821983337,0.8016546368598938,0.38438015227622474,1,0,0.23000001907348633,1.1249999953433871,0.7777875065803528,1,1,2,0,0,1,0,0,0,1,0,active_legacy_best
vehicle_instability_allraw__yyl__2025_09_28_09_29_01__000449070__pre2_label2_old_main,vehicle_instability_allraw__yyl__2025_09_28_09_29_01__000449070,yyl,2025_09_28_09_29_01,pre2_label2_old_main,session_level_split,train,active_legacy_best,0.4999538064002991,1.127134084701538,0.30054545402526855,0.8265886306762695,0.26664569735272636,1,0,0.13999998569488525,0.6999999834224582,0.6461294293403625,1,1,1,0,0,0,0,0,0,1,0,active_legacy_best
vehicle_instability_allraw__yyl__2025_09_28_09_29_01__000514465__pre2_label2_old_main,vehicle_instability_allraw__yyl__2025_09_28_09_29_01__000514465,yyl,2025_09_28_09_29_01,pre2_label2_old_main,session_level_split,train,active_legacy_best,0.8484043478965759,2.017595052719116,0.6181908249855042,1.399404227733612,0.30639985172067474,1,0,0.14499998092651367,1.1150000048801303,1.209471881389618,1,1,2,0,0,1,0,1,0,1,1,active_legacy_best
vehicle_instability_allraw__yyl__2025_09_28_09_29_01__000542080__pre2_label2_old_main,vehicle_instability_allraw__yyl__2025_09_28_09_29_01__000542080,yyl,2025_09_28_09_29_01,pre2_label2_old_main,session_level_split,train,active_legacy_best,0.4656473994255066,1.2936382293701172,0.05842019245028496,1.2352180369198322,0.04515960577226465,1,0,0.8049999475479126,1.6700000166893005,1.237039465457201,1,1,1,0,0,0,0,0,0,1,0,active_legacy_best
vehicle_instability_allraw__yyl__2025_09_28_09_39_01__000144355__pre2_label2_old_main,vehicle_instability_allraw__yyl__2025_09_28_09_39_01__000144355,yyl,2025_09_28_09_39_01,pre2_label2_old_main,session_level_split,train,active_legacy_best,0.6369282603263855,1.840968132019043,1.2457380294799805,0.5952301025390625,0.6766754990558927,1,0,1.2549999952316284,0.600000019185245,0.6807221174240112,0,0,3,1,0,1,0,1,1,0,1,active_legacy_best
vehicle_instability_allraw__yyl__2025_09_28_09_39_01__000163950__pre2_label2_old_main,vehicle_instability_allraw__yyl__2025_09_28_09_39_01__000163950,yyl,2025_09_28_09_39_01,pre2_label2_old_main,session_level_split,train,active_legacy_best,0.42414721846580505,0.6791074275970459,0.5370417833328247,0.1420656442642212,0.7908053446464187,1,0,0.14500010013580322,1.1100000096485019,0.1162990927696228,0,1,3,0,0,1,0,0,0,0,0,active_legacy_best
vehicle_instability_allraw__yyl__2025_09_28_09_39_01__000291795__pre2_label2_old_main,vehicle_instability_allraw__yyl__2025_09_28_09_39_01__000291795,yyl,2025_09_28_09_39_01,pre2_label2_old_main,session_level_split,train,active_legacy_best,0.6232253909111023,0.8829619884490967,0.22364668548107147,0.6593153029680252,0.2532914082449936,0,1,1.700000043027103,0.09999999683350325,0.9504260420799255,1,1,2,0,0,1,0,0,0,1,0,active_legacy_best
vehicle_instability_allraw__yyl__2025_09_28_09_39_01__000375965__pre2_label2_old_main,vehicle_instability_allraw__yyl__2025_09_28_09_39_01__000375965,yyl,2025_09_28_09_39_01,pre2_label2_old_main,session_level_split,train,active_legacy_best,0.6537753343582153,1.5273334980010986,0.5315425992012024,0.9957908987998962,0.34801999687485413,1,0,0.35500001907348633,1.2499999953433871,0.9967972040176392,1,1,1,0,0,0,0,1,0,1,1,active_legacy_best
vehicle_instability_allraw__yyl__2025_09_28_09_39_01__000440640__pre2_label2_old_main,vehicle_instability_allraw__yyl__2025_09_28_09_39_01__000440640,yyl,2025_09_28_09_39_01,pre2_label2_old_main,session_level_split,train,active_legacy_best,0.18710015714168549,0.29461100697517395,0.2806266248226166,0.013984382152557373,0.9525327234167602,1,0,0.24500000476837158,0.7150000287219882,0.08373519778251648,0,1,2,0,0,1,0,0,0,0,0,active_legacy_best
vehicle_instability_allraw__yyl__2025_09_28_09_39_01__000513705__pre2_label2_old_main,vehicle_instability_allraw__yyl__2025_09_28_09_39_01__000513705,yyl,2025_09_28_09_39_01,pre2_label2_old_main,session_level_split,train,active_legacy_best,0.5555562376976013,1.082103967666626,0.29296615719795227,0.7891378104686737,0.2707375316529743,1,0,0.08000004291534424,0.1149999974295497,0.725598931312561,1,1,2,0,0,1,0,0,0,1,0,active_legacy_best
vehicle_instability_allraw__yzy__2025_09_27_14_13_03__000183010__pre2_label2_old_main,vehicle_instability_allraw__yzy__2025_09_27_14_13_03__000183010,yzy,2025_09_27_14_13_03,pre2_label2_old_main,session_level_split,train,active_legacy_best,0.45378026366233826,1.3213930130004883,1.3827975988388062,0.06140458583831787,1.046469585682829,1,0,1.4500000476837158,0.28499999176710844,0.004106402397155762,0,0,4,5,0,1,1,0,0,0,0,active_legacy_best
vehicle_instability_allraw__yzy__2025_09_27_14_13_03__000195245__pre2_label2_old_main,vehicle_instability_allraw__yzy__2025_09_27_14_13_03__000195245,yzy,2025_09_27_14_13_03,pre2_label2_old_main,session_level_split,train,active_legacy_best,0.2712267339229584,0.4152141809463501,0.026522096246480942,0.38869208469986916,0.06387569949088003,1,0,0.7400000095367432,1.7550000101327896,0.338644627481699,1,0,2,0,0,1,0,0,0,1,0,active_legacy_best
vehicle_instability_allraw__yzy__2025_09_27_14_13_03__000211685__pre2_label2_old_main,vehicle_instability_allraw__yzy__2025_09_27_14_13_03__000211685,yzy,2025_09_27_14_13_03,pre2_label2_old_main,session_level_split,train,active_legacy_best,0.2560306489467621,0.3551747798919678,0.0750834122300148,0.280091367661953,0.21139849021051735,1,0,0.8699999451637268,0.13499999046325684,0.2530829757452011,1,1,2,0,0,1,0,0,0,1,0,active_legacy_best
vehicle_instability_allraw__yzy__2025_09_27_14_13_03__000216065__pre2_label2_old_main,vehicle_instability_allraw__yzy__2025_09_27_14_13_03__000216065,yzy,2025_09_27_14_13_03,pre2_label2_old_main,session_level_split,train,active_legacy_best,1.035705804824829,1.9814766645431519,0.4357193112373352,1.5457573533058167,0.21989626172952909,1,0,0.10000002384185791,0.2149999989196658,1.0929274559020996,1,1,2,0,0,1,0,1,0,1,1,active_legacy_best
vehicle_instability_allraw__yzy__2025_09_27_14_13_03__000244230__pre2_label2_old_main,vehicle_instability_allraw__yzy__2025_09_27_14_13_03__000244230,yzy,2025_09_27_14_13_03,pre2_label2_old_main,session_level_split,train,active_legacy_best,0.1789773553609848,0.380307137966156,0.075919970870018,0.304387167096138,0.19962804609987156,1,0,0.8049999475479126,1.675000011920929,0.3057631850242615,1,0,2,0,0,1,0,0,0,1,0,active_legacy_best
vehicle_instability_allraw__yzy__2025_09_27_14_13_03__000248860__pre2_label2_old_main,vehicle_instability_allraw__yzy__2025_09_27_14_13_03__000248860,yzy,2025_09_27_14_13_03,pre2_label2_old_main,session_level_split,train,active_legacy_best,0.5954592823982239,1.9071259498596191,0.3314988613128662,1.575627088546753,0.17382116862143654,1,0,0.16999995708465576,1.090000033378601,1.5770847797393799,1,1,3,0,0,1,0,1,0,1,1,active_legacy_best
vehicle_instability_allraw__yzy__2025_09_27_14_13_03__000264885__pre2_label2_old_main,vehicle_instability_allraw__yzy__2025_09_27_14_13_03__000264885,yzy,2025_09_27_14_13_03,pre2_label2_old_main,session_level_split,train,active_legacy_best,0.46045058965682983,1.5716689825057983,0.42209190130233765,1.1495770812034607,0.26856285006615915,1,0,0.16999995708465576,0.6499999715015292,1.1497829258441925,1,0,2,0,0,1,0,1,0,1,1,active_legacy_best
vehicle_instability_allraw__yzy__2025_09_27_14_13_03__000289460__pre2_label2_old_main,vehicle_instability_allraw__yzy__2025_09_27_14_13_03__000289460,yzy,2025_09_27_14_13_03,pre2_label2_old_main,session_level_split,train,active_legacy_best,0.4855939745903015,1.3320350646972656,0.3677724003791809,0.9642626643180847,0.2760981374486304,1,0,0.16999995708465576,1.5249999715015292,0.9650668501853943,1,1,3,0,0,1,0,0,0,1,0,active_legacy_best
vehicle_instability_allraw__yzy__2025_09_27_14_13_03__000348115__pre2_label2_old_main,vehicle_instability_allraw__yzy__2025_09_27_14_13_03__000348115,yzy,2025_09_27_14_13_03,pre2_label2_old_main,session_level_split,train,active_legacy_best,0.3053508400917053,0.2520256042480469,0.20547357201576233,0.046552032232284546,0.8152884808224984,0,1,0.8400000287219882,0.049999999813735485,0.21866776049137115,1,0,2,0,0,1,0,0,0,0,0,active_legacy_best
vehicle_instability_allraw__yzy__2025_09_27_14_13_03__000407925__pre2_label2_old_main,vehicle_instability_allraw__yzy__2025_09_27_14_13_03__000407925,yzy,2025_09_27_14_13_03,pre2_label2_old_main,session_level_split,train,active_legacy_best,1.1670033931732178,2.8658339977264404,0.21886874735355377,2.6469652503728867,0.0763717464190841,1,0,0.0849999189376831,1.1150000095367432,2.3191713243722916,1,1,4,0,0,1,0,1,0,1,1,active_legacy_best
vehicle_instability_allraw__yzy__2025_09_27_14_13_03__000418350__pre2_label2_old_main,vehicle_instability_allraw__yzy__2025_09_27_14_13_03__000418350,yzy,2025_09_27_14_13_03,pre2_label2_old_main,session_level_split,train,active_legacy_best,0.26089712977409363,0.9646401405334473,0.20192964375019073,0.7627104967832565,0.20933157896427923,1,0,0.3450000286102295,1.7949999524280429,0.7631851732730865,1,1,1,0,0,0,0,0,0,1,0,active_legacy_best
vehicle_instability_allraw__yzy__2025_09_27_14_13_03__000455460__pre2_label2_old_main,vehicle_instability_allraw__yzy__2025_09_27_14_13_03__000455460,yzy,2025_09_27_14_13_03,pre2_label2_old_main,session_level_split,train,active_legacy_best,0.72722989320755,1.5606759786605835,0.3165128231048584,1.244163155555725,0.20280495595024067,1,0,0.6699999570846558,0.19500000309199095,1.0242264866828918,1,1,2,0,0,1,0,1,0,1,1,active_legacy_best
vehicle_instability_allraw__yzy__2025_09_27_14_13_03__000511905__pre2_label2_old_main,vehicle_instability_allraw__yzy__2025_09_27_14_13_03__000511905,yzy,2025_09_27_14_13_03,pre2_label2_old_main,session_level_split,train,active_legacy_best,0.7117121815681458,0.6581609845161438,0.5690087676048279,0.08915221691131592,0.8645434490820549,0,1,0.30000007152557373,0.7900000168010592,0.7347322702407837,1,1,6,0,0,1,0,0,0,0,0,active_legacy_best
vehicle_instability_allraw__yzy__2025_09_27_14_13_03__000524525__pre2_label2_old_main,vehicle_instability_allraw__yzy__2025_09_27_14_13_03__000524525,yzy,2025_09_27_14_13_03,pre2_label2_old_main,session_level_split,train,active_legacy_best,0.6247724294662476,1.4873669147491455,0.45252421498298645,1.034842699766159,0.30424518018763896,1,0,0.16999995708465576,1.350000019185245,1.0354662537574768,1,1,3,0,0,1,0,1,0,1,0,active_legacy_best
vehicle_instability_allraw__yzy__2025_09_27_14_13_03__000543975__pre2_label2_old_main,vehicle_instability_allraw__yzy__2025_09_27_14_13_03__000543975,yzy,2025_09_27_14_13_03,pre2_label2_old_main,session_level_split,train,active_legacy_best,0.598678708076477,1.4411189556121826,0.6175296902656555,0.8235892653465271,0.4285070901751694,1,0,0.16499996185302734,1.0199999762699008,0.824329674243927,1,1,3,0,0,1,0,1,0,1,0,active_legacy_best
vehicle_instability_allraw__yzy__2025_09_27_14_13_03__000573090__pre2_label2_old_main,vehicle_instability_allraw__yzy__2025_09_27_14_13_03__000573090,yzy,2025_09_27_14_13_03,pre2_label2_old_main,session_level_split,train,active_legacy_best,0.09791052341461182,0.26249799132347107,0.1797206997871399,0.08277729153633118,0.6846555239566524,1,0,0.3400000333786011,0.6249999953433871,0.006962195038795471,0,0,3,0,0,1,0,0,0,0,0,active_legacy_best
vehicle_instability_allraw__yzy__2025_09_27_14_13_03__000611730__pre2_label2_old_main,vehicle_instability_allraw__yzy__2025_09_27_14_13_03__000611730,yzy,2025_09_27_14_13_03,pre2_label2_old_main,session_level_split,train,active_legacy_best,0.20894131064414978,0.510159969329834,0.45307308435440063,0.05708688497543335,0.8881000305640897,1,0,1.0300000309944153,0.08000000100582838,0.4427306279540062,1,1,2,0,0,1,0,0,0,0,0,active_legacy_best
vehicle_instability_allraw__yzy__2025_09_27_15_04_26__000063290__pre2_label2_old_main,vehicle_instability_allraw__yzy__2025_09_27_15_04_26__000063290,yzy,2025_09_27_15_04_26,pre2_label2_old_main,session_level_split,train,active_legacy_best,0.4819355607032776,1.0765190124511719,0.045967597514390945,1.030551414936781,0.042700218930388764,0,1,1.4800000190734863,1.8650000095367432,1.114877138286829,1,1,1,0,0,0,0,0,0,1,0,active_legacy_best
vehicle_instability_allraw__yzy__2025_09_27_15_07_57__000086015__pre2_label2_old_main,vehicle_instability_allraw__yzy__2025_09_27_15_07_57__000086015,yzy,2025_09_27_15_07_57,pre2_label2_old_main,session_level_split,train,active_legacy_best,0.10828451067209244,0.27488937973976135,0.10422813892364502,0.17066124081611633,0.3791639350429548,1,0,0.30000007152557373,0.2400000048801303,0.07657228410243988,0,0,1,0,0,0,0,0,0,1,0,active_legacy_best
vehicle_instability_allraw__yzy__2025_09_27_15_07_57__000130900__pre2_label2_old_main,vehicle_instability_allraw__yzy__2025_09_27_15_07_57__000130900,yzy,2025_09_27_15_07_57,pre2_label2_old_main,session_level_split,train,active_legacy_best,0.4223734140396118,0.42969998717308044,0.42827537655830383,0.0014246106147766113,0.9966846389171458,0,1,0.16499996185302734,0.38499998580664396,0.8564160764217377,1,1,1,0,0,0,0,0,0,0,0,active_legacy_best
vehicle_instability_allraw__yzy__2025_09_27_15_07_57__000162845__pre2_label2_old_main,vehicle_instability_allraw__yzy__2025_09_27_15_07_57__000162845,yzy,2025_09_27_15_07_57,pre2_label2_old_main,session_level_split,train,active_legacy_best,0.608426034450531,1.1686729192733765,0.3218840956687927,0.8467888236045837,0.2754270167130462,1,0,1.2000000476837158,0.26500001084059477,0.6784586906433105,1,1,2,0,0,1,0,0,0,1,0,active_legacy_best
vehicle_instability_allraw__yzy__2025_09_27_15_07_57__000200590__pre2_label2_old_main,vehicle_instability_allraw__yzy__2025_09_27_15_07_57__000200590,yzy,2025_09_27_15_07_57,pre2_label2_old_main,session_level_split,train,active_legacy_best,0.9450600147247314,2.389359712600708,0.451233834028244,1.938125878572464,0.1888513611611442,1,0,0.16999995708465576,0.7000000476837158,1.9391774237155914,1,1,5,0,0,1,0,1,0,1,1,active_legacy_best
vehicle_instability_allraw__yzy__2025_09_27_15_07_57__000212890__pre2_label2_old_main,vehicle_instability_allraw__yzy__2025_09_27_15_07_57__000212890,yzy,2025_09_27_15_07_57,pre2_label2_old_main,session_level_split,train,active_legacy_best,0.21529974043369293,0.12985992431640625,0.25791439414024353,0.12805446982383728,1.9860969078638153,1,0,0.3500000238418579,0.049999999813735485,0.12756222486495972,1,1,1,0,0,0,0,0,0,0,0,active_legacy_best
vehicle_instability_allraw__yzy__2025_09_27_15_07_57__000221360__pre2_label2_old_main,vehicle_instability_allraw__yzy__2025_09_27_15_07_57__000221360,yzy,2025_09_27_15_07_57,pre2_label2_old_main,session_level_split,train,active_legacy_best,0.45183876156806946,1.1726858615875244,0.049055472016334534,1.1236303895711899,0.04183172461031094,1,0,1.4449999928474426,1.7050000131130219,1.1259867921471596,1,1,1,0,0,0,0,0,0,1,0,active_legacy_best
vehicle_instability_allraw__yzy__2025_09_27_15_07_57__000251245__pre2_label2_old_main,vehicle_instability_allraw__yzy__2025_09_27_15_07_57__000251245,yzy,2025_09_27_15_07_57,pre2_label2_old_main,session_level_split,train,active_legacy_best,0.6171867251396179,0.9065240621566772,0.4394505023956299,0.46707355976104736,0.4847642999681109,1,0,0.05500006675720215,0.17500000726431608,0.4313108026981354,0,1,2,0,0,1,0,0,0,1,0,active_legacy_best
vehicle_instability_allraw__yzy__2025_09_27_15_07_57__000292475__pre2_label2_old_main,vehicle_instability_allraw__yzy__2025_09_27_15_07_57__000292475,yzy,2025_09_27_15_07_57,pre2_label2_old_main,session_level_split,train,active_legacy_best,0.247390016913414,0.4471539855003357,0.0995311290025711,0.3476228564977646,0.2225880395345294,0,1,1.475000023841858,0.19999999832361937,0.5415846258401871,1,1,1,0,0,0,0,0,0,1,0,active_legacy_best
vehicle_instability_allraw__yzy__2025_09_27_15_07_57__000328880__pre2_label2_old_main,vehicle_instability_allraw__yzy__2025_09_27_15_07_57__000328880,yzy,2025_09_27_15_07_57,pre2_label2_old_main,session_level_split,train,active_legacy_best,0.4065977931022644,0.9054773449897766,0.32531335949897766,0.580163985490799,0.3592727761760297,1,0,0.315000057220459,0.16500000189989805,0.07560023665428162,0,1,2,0,0,1,0,0,0,1,0,active_legacy_best
vehicle_instability_allraw__yzy__2025_09_27_15_07_57__000352710__pre2_label2_old_main,vehicle_instability_allraw__yzy__2025_09_27_15_07_57__000352710,yzy,2025_09_27_15_07_57,pre2_label2_old_main,session_level_split,train,active_legacy_best,0.1969267576932907,0.4656536281108856,0.2773505449295044,0.18830308318138123,0.5956155566846764,1,0,0.2900000810623169,0.7450000001117587,0.11676499247550964,0,1,3,0,0,1,0,0,0,0,0,active_legacy_best
vehicle_instability_allraw__yzy__2025_09_27_15_07_57__000358900__pre2_label2_old_main,vehicle_instability_allraw__yzy__2025_09_27_15_07_57__000358900,yzy,2025_09_27_15_07_57,pre2_label2_old_main,session_level_split,train,active_legacy_best,0.9084610342979431,1.4224441051483154,0.6053229570388794,0.817121148109436,0.4255513132980108,1,0,0.6500000953674316,0.08000000100582838,0.6194409132003784,0,1,2,0,0,1,0,1,0,1,0,active_legacy_best
vehicle_instability_allraw__yzy__2025_09_27_15_07_57__000379050__pre2_label2_old_main,vehicle_instability_allraw__yzy__2025_09_27_15_07_57__000379050,yzy,2025_09_27_15_07_57,pre2_label2_old_main,session_level_split,train,active_legacy_best,0.4221903085708618,0.842993974685669,0.4333893656730652,0.40960460901260376,0.5141073111876809,1,0,0.1799999475479126,0.1500000013038516,0.15018725395202637,0,1,3,0,0,1,0,0,0,0,0,active_legacy_best
vehicle_instability_allraw__yzy__2025_09_27_15_07_57__000447025__pre2_label2_old_main,vehicle_instability_allraw__yzy__2025_09_27_15_07_57__000447025,yzy,2025_09_27_15_07_57,pre2_label2_old_main,session_level_split,train,active_legacy_best,0.24186351895332336,0.5797989964485168,0.4043530225753784,0.17544597387313843,0.6974020739121491,1,0,0.2900000810623169,0.7749999715015292,0.17390364408493042,0,0,2,0,0,1,0,0,0,0,0,active_legacy_best
vehicle_instability_allraw__zdq__2025_09_26_15_14_51__000059525__pre2_label2_old_main,vehicle_instability_allraw__zdq__2025_09_26_15_14_51__000059525,zdq,2025_09_26_15_14_51,pre2_label2_old_main,session_level_split,train,active_legacy_best,0.7626795768737793,1.5605031251907349,0.08706477284431458,1.4734383523464203,0.05579275775796537,0,1,1.2050000429153442,1.0400000214576721,0.2871459722518921,0,0,3,0,0,1,0,1,0,1,1,active_legacy_best
vehicle_instability_allraw__zdq__2025_09_26_15_14_51__000154090__pre2_label2_old_main,vehicle_instability_allraw__zdq__2025_09_26_15_14_51__000154090,zdq,2025_09_26_15_14_51,pre2_label2_old_main,session_level_split,train,active_legacy_best,1.0185385942459106,4.011634826660156,1.8390302658081055,2.172604560852051,0.4584241450858005,1,0,1.4350000023841858,0.2700000060722232,2.2046048641204834,1,0,2,6,0,1,1,1,0,1,1,active_legacy_best
vehicle_instability_allraw__zdq__2025_09_26_15_14_51__000239960__pre2_label2_old_main,vehicle_instability_allraw__zdq__2025_09_26_15_14_51__000239960,zdq,2025_09_26_15_14_51,pre2_label2_old_main,session_level_split,train,active_legacy_best,2.5937278270721436,5.009788990020752,0.5520954132080078,4.457693576812744,0.11020332678836457,1,0,0.13499999046325684,1.7950000017881393,2.884901285171509,1,1,2,0,0,1,0,1,0,1,1,active_legacy_best
vehicle_instability_allraw__zdq__2025_09_26_15_14_51__000251485__pre2_label2_old_main,vehicle_instability_allraw__zdq__2025_09_26_15_14_51__000251485,zdq,2025_09_26_15_14_51,pre2_label2_old_main,session_level_split,train,active_legacy_best,0.9075331091880798,0.7344398498535156,0.3224916458129883,0.41194820404052734,0.4390987851180861,0,1,1.065000057220459,0.05999999772757292,0.8670921325683594,1,0,1,0,0,0,0,0,0,1,0,active_legacy_best
vehicle_instability_allraw__zdq__2025_09_26_15_14_51__000265140__pre2_label2_old_main,vehicle_instability_allraw__zdq__2025_09_26_15_14_51__000265140,zdq,2025_09_26_15_14_51,pre2_label2_old_main,session_level_split,train,active_legacy_best,0.173304483294487,0.03926992416381836,0.15918199717998505,0.11991207301616669,4.053534621455892,0,1,1.215000033378601,0.2100000036880374,0.13770054280757904,1,1,1,0,0,0,0,0,0,0,0,active_legacy_best
vehicle_instability_allraw__zdq__2025_09_26_15_21_51__000231945__pre2_label2_old_main,vehicle_instability_allraw__zdq__2025_09_26_15_21_51__000231945,zdq,2025_09_26_15_21_51,pre2_label2_old_main,session_level_split,train,active_legacy_best,0.22367414832115173,0.48520177602767944,0.29011794924736023,0.1950838267803192,0.5979325789417758,1,0,0.48000001907348633,0.6650000168010592,0.1162291169166565,0,1,4,0,0,1,0,0,0,0,0,active_legacy_best
vehicle_instability_allraw__zdq__2025_09_26_15_27_09__000048660__pre2_label2_old_main,vehicle_instability_allraw__zdq__2025_09_26_15_27_09__000048660,zdq,2025_09_26_15_27_09,pre2_label2_old_main,session_level_split,train,active_legacy_best,0.2945057153701782,0.23335085809230804,0.3926902115345001,0.15933935344219208,1.6828316584941,1,0,1.350000023841858,0.28999998699873686,0.17226926982402802,1,1,6,7,0,1,1,0,0,0,0,active_legacy_best
vehicle_instability_allraw__zdq__2025_09_26_15_27_09__000052510__pre2_label2_old_main,vehicle_instability_allraw__zdq__2025_09_26_15_27_09__000052510,zdq,2025_09_26_15_27_09,pre2_label2_old_main,session_level_split,train,active_legacy_best,0.783646285533905,1.880071997642517,0.46064382791519165,1.4194281697273254,0.24501392951589504,1,0,0.13999998569488525,0.8749999953433871,1.4143002927303314,1,1,4,0,0,1,0,1,0,1,1,active_legacy_best
vehicle_instability_allraw__zdq__2025_09_26_15_27_09__000060750__pre2_label2_old_main,vehicle_instability_allraw__zdq__2025_09_26_15_27_09__000060750,zdq,2025_09_26_15_27_09,pre2_label2_old_main,session_level_split,train,active_legacy_best,0.42086610198020935,0.7620109915733337,0.11316300928592682,0.6488479822874069,0.14850574406056496,1,0,0.44999992847442627,1.6850000023841858,0.5805622786283493,1,1,6,0,0,1,0,0,0,1,0,active_legacy_best
vehicle_instability_allraw__zdq__2025_09_26_15_27_09__000125200__pre2_label2_old_main,vehicle_instability_allraw__zdq__2025_09_26_15_27_09__000125200,zdq,2025_09_26_15_27_09,pre2_label2_old_main,session_level_split,train,active_legacy_best,0.19622628390789032,1.1269614696502686,0.9769063591957092,0.15005511045455933,0.8668498307212525,1,0,0.24999994039535522,0.17500000726431608,0.29695767164230347,0,0,5,1,0,1,0,0,0,0,0,active_legacy_best
vehicle_instability_allraw__zdq__2025_09_26_15_27_09__000218190__pre2_label2_old_main,vehicle_instability_allraw__zdq__2025_09_26_15_27_09__000218190,zdq,2025_09_26_15_27_09,pre2_label2_old_main,session_level_split,train,active_legacy_best,0.6337599754333496,1.2953839302062988,0.2949630618095398,1.000420868396759,0.22770319665966898,1,0,0.40000009536743164,0.16000000666826963,0.3534916639328003,0,1,6,0,0,1,0,0,0,1,0,active_legacy_best
vehicle_instability_allraw__zdq__2025_09_26_15_27_09__000273525__pre2_label2_old_main,vehicle_instability_allraw__zdq__2025_09_26_15_27_09__000273525,zdq,2025_09_26_15_27_09,pre2_label2_old_main,session_level_split,train,active_legacy_best,0.1291881501674652,0.049566999077796936,0.15386079251766205,0.10429379343986511,3.1040973910115635,1,0,0.559999942779541,0.02000000048428774,0.14164379239082336,1,1,4,0,0,1,0,0,0,0,0,active_legacy_best
vehicle_instability_allraw__zdq__2025_09_26_15_27_09__000420095__pre2_label2_old_main,vehicle_instability_allraw__zdq__2025_09_26_15_27_09__000420095,zdq,2025_09_26_15_27_09,pre2_label2_old_main,session_level_split,train,active_legacy_best,0.46718141436576843,0.8121020197868347,0.33767545223236084,0.4744265675544739,0.41580422656872085,1,0,0.16499996185302734,0.2100000036880374,0.4758322834968567,1,1,3,0,0,1,0,0,0,1,0,active_legacy_best
vehicle_instability_allraw__zdq__2025_09_26_15_27_09__000456530__pre2_label2_old_main,vehicle_instability_allraw__zdq__2025_09_26_15_27_09__000456530,zdq,2025_09_26_15_27_09,pre2_label2_old_main,session_level_split,train,active_legacy_best,0.4849834442138672,0.13404099643230438,0.4247031807899475,0.2906621843576431,3.1684573533026383,0,1,0.3799999952316284,0.37999999057501554,0.4086945801973343,1,1,1,0,0,0,0,0,0,0,0,active_legacy_best
vehicle_instability_allraw__zdq__2025_09_26_15_37_30__000120990__pre2_label2_old_main,vehicle_instability_allraw__zdq__2025_09_26_15_37_30__000120990,zdq,2025_09_26_15_37_30,pre2_label2_old_main,session_level_split,train,active_legacy_best,0.9750699400901794,3.2923922538757324,1.444245457649231,1.8481467962265015,0.4386614188965779,1,0,1.2450000047683716,0.07000000774860382,1.7080296277999878,1,0,1,7,0,0,1,1,0,1,1,active_legacy_best
vehicle_instability_allraw__zdq__2025_09_26_15_37_30__000178525__pre2_label2_old_main,vehicle_instability_allraw__zdq__2025_09_26_15_37_30__000178525,zdq,2025_09_26_15_37_30,pre2_label2_old_main,session_level_split,train,active_legacy_best,0.3842998445034027,0.7794635891914368,0.033013004809617996,0.7464505843818188,0.04235349189801601,0,1,1.274999976158142,0.7799999713897705,0.7968166749924421,1,0,7,0,0,1,0,0,0,1,0,active_legacy_best
vehicle_instability_allraw__zdq__2025_09_26_15_37_30__000202020__pre2_label2_old_main,vehicle_instability_allraw__zdq__2025_09_26_15_37_30__000202020,zdq,2025_09_26_15_37_30,pre2_label2_old_main,session_level_split,train,active_legacy_best,0.5482849478721619,0.9688320159912109,0.49379220604896545,0.4750398099422455,0.5096778367132792,1,0,0.07999992370605469,0.09999999683350325,0.46130356192588806,0,1,8,0,0,1,0,0,0,0,0,active_legacy_best
vehicle_instability_allraw__zdq__2025_09_26_15_37_30__000251445__pre2_label2_old_main,vehicle_instability_allraw__zdq__2025_09_26_15_37_30__000251445,zdq,2025_09_26_15_37_30,pre2_label2_old_main,session_level_split,train,active_legacy_best,0.14688245952129364,0.0989604964852333,0.1749812662601471,0.07602076977491379,1.7681930919400497,0,1,1.9950000001117587,0.17500000726431608,0.19133330136537552,1,1,2,0,0,1,0,0,0,0,0,active_legacy_best
vehicle_instability_allraw__zdq__2025_09_26_15_37_30__000501995__pre2_label2_old_main,vehicle_instability_allraw__zdq__2025_09_26_15_37_30__000501995,zdq,2025_09_26_15_37_30,pre2_label2_old_main,session_level_split,train,active_legacy_best,0.6099559664726257,0.5752611756324768,0.875139594078064,0.29987841844558716,1.521290904285141,1,0,0.7499999953433871,0.16000000666826963,1.126185268163681,1,1,4,1,0,1,0,0,0,0,0,active_legacy_best
vehicle_instability_allraw__zdq__2025_09_26_15_52_46__000058070__pre2_label2_old_main,vehicle_instability_allraw__zdq__2025_09_26_15_52_46__000058070,zdq,2025_09_26_15_52_46,pre2_label2_old_main,session_level_split,train,active_legacy_best,0.7537381649017334,1.419302225112915,0.43129855394363403,0.988003671169281,0.30388070018654506,1,0,1.3450000286102295,0.13500000070780516,0.8632649779319763,1,1,2,0,0,1,0,1,0,1,0,active_legacy_best
vehicle_instability_allraw__zdq__2025_09_26_15_52_46__000130370__pre2_label2_old_main,vehicle_instability_allraw__zdq__2025_09_26_15_52_46__000130370,zdq,2025_09_26_15_52_46,pre2_label2_old_main,session_level_split,train,active_legacy_best,0.3898667097091675,1.4646830558776855,1.5235238075256348,0.05884075164794922,1.0401730267936293,1,0,1.199999988079071,0.16999999713152647,0.0734487771987915,0,0,3,16,0,1,1,1,1,0,0,active_legacy_best
vehicle_instability_allraw__zdq__2025_09_26_15_52_46__000161655__pre2_label2_old_main,vehicle_instability_allraw__zdq__2025_09_26_15_52_46__000161655,zdq,2025_09_26_15_52_46,pre2_label2_old_main,session_level_split,train,active_legacy_best,0.6755992770195007,1.3189480304718018,0.060494277626276016,1.2584537528455257,0.04586555059689241,1,0,1.1750000715255737,1.8750000074505806,0.5357543788850307,0,0,5,0,0,1,0,0,0,1,0,active_legacy_best
vehicle_instability_allraw__zdq__2025_09_26_15_52_46__000242715__pre2_label2_old_main,vehicle_instability_allraw__zdq__2025_09_26_15_52_46__000242715,zdq,2025_09_26_15_52_46,pre2_label2_old_main,session_level_split,train,active_legacy_best,0.9881508946418762,1.8401000499725342,0.4484423100948334,1.3916577398777008,0.24370539531343796,1,0,0.49000000953674316,0.08999999891966581,0.5553682744503021,0,1,2,0,0,1,0,1,0,1,1,active_legacy_best
vehicle_instability_allraw__zdq__2025_09_26_15_52_46__000255520__pre2_label2_old_main,vehicle_instability_allraw__zdq__2025_09_26_15_52_46__000255520,zdq,2025_09_26_15_52_46,pre2_label2_old_main,session_level_split,train,active_legacy_best,0.3372437655925751,0.7555525898933411,0.355678528547287,0.3998740613460541,0.47075284143688395,1,0,0.8300000429153442,0.024999999441206455,0.3110584020614624,0,0,5,0,0,1,0,0,0,1,0,active_legacy_best
vehicle_instability_allraw__zdq__2025_09_26_15_52_46__000319490__pre2_label2_old_main,vehicle_instability_allraw__zdq__2025_09_26_15_52_46__000319490,zdq,2025_09_26_15_52_46,pre2_label2_old_main,session_level_split,train,active_legacy_best,0.39369887113571167,0.4180068373680115,0.3042953610420227,0.11371147632598877,0.7279674250259269,0,1,1.9700000239536166,0.1800000024959445,0.6149372160434723,1,0,2,0,0,1,0,0,0,0,0,active_legacy_best
vehicle_instability_allraw__zdq__2025_09_26_15_52_46__000577885__pre2_label2_old_main,vehicle_instability_allraw__zdq__2025_09_26_15_52_46__000577885,zdq,2025_09_26_15_52_46,pre2_label2_old_main,session_level_split,train,active_legacy_best,0.4978930652141571,0.24766230583190918,0.6815223693847656,0.43386006355285645,2.7518211424847245,0,1,0.18499994277954102,0.28499999176710844,0.5925474464893341,1,1,4,7,0,1,1,0,0,0,0,active_legacy_best
vehicle_instability_allraw__zdq__2025_09_26_16_03_48__000136525__pre2_label2_old_main,vehicle_instability_allraw__zdq__2025_09_26_16_03_48__000136525,zdq,2025_09_26_16_03_48,pre2_label2_old_main,session_level_split,train,active_legacy_best,0.5582935810089111,1.406733512878418,1.2778685092926025,0.12886500358581543,0.9083941610787849,1,0,0.07499998807907104,0.2100000036880374,0.5433887243270874,0,0,6,14,0,1,1,1,1,0,0,active_legacy_best
vehicle_instability_allraw__zdq__2025_09_26_16_03_48__000147065__pre2_label2_old_main,vehicle_instability_allraw__zdq__2025_09_26_16_03_48__000147065,zdq,2025_09_26_16_03_48,pre2_label2_old_main,session_level_split,train,active_legacy_best,0.5147340893745422,1.1442371606826782,0.4020446836948395,0.7421924769878387,0.3513648197327994,1,0,0.4100000858306885,1.5049999905750155,0.5427290201187134,0,1,4,0,0,1,0,0,0,1,0,active_legacy_best
vehicle_instability_allraw__zdq__2025_09_26_16_03_48__000152030__pre2_label2_old_main,vehicle_instability_allraw__zdq__2025_09_26_16_03_48__000152030,zdq,2025_09_26_16_03_48,pre2_label2_old_main,session_level_split,train,active_legacy_best,0.4548913836479187,0.44663000106811523,0.29019221663475037,0.15643778443336487,0.6497374021914245,0,1,0.02499997615814209,0.1149999974295497,0.7030223608016968,1,1,6,0,0,1,0,0,0,0,0,active_legacy_best
vehicle_instability_allraw__zdq__2025_09_26_16_03_48__000209905__pre2_label2_old_main,vehicle_instability_allraw__zdq__2025_09_26_16_03_48__000209905,zdq,2025_09_26_16_03_48,pre2_label2_old_main,session_level_split,train,active_legacy_best,0.2237701267004013,0.6574649810791016,0.29910513758659363,0.35835984349250793,0.45493698705544805,1,0,0.16999995708465576,0.5599999977275729,0.3597610890865326,1,1,2,0,0,1,0,0,0,1,0,active_legacy_best
vehicle_instability_allraw__zdq__2025_09_26_16_03_48__000287760__pre2_label2_old_main,vehicle_instability_allraw__zdq__2025_09_26_16_03_48__000287760,zdq,2025_09_26_16_03_48,pre2_label2_old_main,session_level_split,train,active_legacy_best,0.27337151765823364,0.18256136775016785,0.17224200069904327,0.010319367051124573,0.94347453035493,0,1,1.4049999667331576,0.03000000026077032,0.19924302399158478,1,0,3,0,0,1,0,0,0,0,0,active_legacy_best
vehicle_instability_allraw__zdq__2025_09_26_16_03_48__000347185__pre2_label2_old_main,vehicle_instability_allraw__zdq__2025_09_26_16_03_48__000347185,zdq,2025_09_26_16_03_48,pre2_label2_old_main,session_level_split,train,active_legacy_best,0.7543553113937378,1.2025330066680908,0.45054125785827637,0.7519917488098145,0.3746602008926226,0,1,1.51500004529953,0.0549999987706542,0.5006039440631866,0,1,3,0,0,1,0,0,0,1,0,active_legacy_best
vehicle_instability_allraw__zdq__2025_09_26_16_03_48__000434135__pre2_label2_old_main,vehicle_instability_allraw__zdq__2025_09_26_16_03_48__000434135,zdq,2025_09_26_16_03_48,pre2_label2_old_main,session_level_split,train,active_legacy_best,0.09566939622163773,0.14556002616882324,0.12656207382678986,0.018997952342033386,0.8694837254288537,0,1,0.16499996185302734,0.13999999593943357,0.2707839012145996,1,1,5,0,0,1,0,0,0,0,0,active_legacy_best
vehicle_instability_allraw__zdq__2025_09_26_16_03_48__000471380__pre2_label2_old_main,vehicle_instability_allraw__zdq__2025_09_26_16_03_48__000471380,zdq,2025_09_26_16_03_48,pre2_label2_old_main,session_level_split,train,active_legacy_best,0.5631041526794434,0.41538840532302856,0.25867703557014465,0.1567113697528839,0.6227353297668079,0,1,0.125,0.28999998699873686,0.4312376081943512,1,0,3,0,0,1,0,0,0,0,0,active_legacy_best
vehicle_instability_allraw__zdq__2025_09_26_16_03_48__000540730__pre2_label2_old_main,vehicle_instability_allraw__zdq__2025_09_26_16_03_48__000540730,zdq,2025_09_26_16_03_48,pre2_label2_old_main,session_level_split,train,active_legacy_best,0.1306334137916565,0.2612749934196472,0.34833887219429016,0.08706387877464294,1.333226986766411,0,1,1.4550000429153442,0.049999999813735485,0.4190351665019989,1,1,2,0,0,1,0,0,0,0,0,active_legacy_best
vehicle_instability_allraw__zt__2025_09_28_11_20_08__000158280__pre2_label2_old_main,vehicle_instability_allraw__zt__2025_09_28_11_20_08__000158280,zt,2025_09_28_11_20_08,pre2_label2_old_main,session_level_split,train,active_legacy_best,0.34426915645599365,1.817582130432129,1.6398885250091553,0.17769360542297363,0.9022362717767658,1,0,1.3749999403953552,0.1450000060722232,0.23018932342529297,0,0,5,1,0,1,0,1,1,0,1,active_legacy_best
vehicle_instability_allraw__zt__2025_09_28_11_20_08__000199865__pre2_label2_old_main,vehicle_instability_allraw__zt__2025_09_28_11_20_08__000199865,zt,2025_09_28_11_20_08,pre2_label2_old_main,session_level_split,train,active_legacy_best,0.2638762295246124,0.6436779499053955,0.15520811080932617,0.48846983909606934,0.24112696548349663,1,0,0.060000061988830566,0.455000008456409,0.03634938597679138,0,1,5,0,0,1,0,0,0,1,0,active_legacy_best
vehicle_instability_allraw__zt__2025_09_28_11_20_08__000251035__pre2_label2_old_main,vehicle_instability_allraw__zt__2025_09_28_11_20_08__000251035,zt,2025_09_28_11_20_08,pre2_label2_old_main,session_level_split,train,active_legacy_best,0.12464284896850586,0.31730014085769653,0.057934608310461044,0.2593655325472355,0.18258614116545158,1,0,0.05000007152557373,1.4549999833106995,0.06052754446864128,0,1,3,0,0,1,0,0,0,1,0,active_legacy_best
vehicle_instability_allraw__zt__2025_09_28_11_20_08__000270535__pre2_label2_old_main,vehicle_instability_allraw__zt__2025_09_28_11_20_08__000270535,zt,2025_09_28_11_20_08,pre2_label2_old_main,session_level_split,train,active_legacy_best,0.7317910194396973,1.4884129762649536,0.5890135169029236,0.89939945936203,0.3957325865170856,1,0,0.16499996185302734,0.16000000666826963,0.9011496901512146,1,1,1,2,0,0,1,1,0,1,0,active_legacy_best
vehicle_instability_allraw__zt__2025_09_28_11_20_08__000312725__pre2_label2_old_main,vehicle_instability_allraw__zt__2025_09_28_11_20_08__000312725,zt,2025_09_28_11_20_08,pre2_label2_old_main,session_level_split,train,active_legacy_best,0.4410584568977356,0.5412269830703735,0.32440727949142456,0.21681970357894897,0.5993922875963544,0,1,1.8200000477954745,0.6449999762699008,0.7236471027135849,1,1,3,0,0,1,0,0,0,0,0,active_legacy_best
vehicle_instability_allraw__zt__2025_09_28_11_20_08__000338755__pre2_label2_old_main,vehicle_instability_allraw__zt__2025_09_28_11_20_08__000338755,zt,2025_09_28_11_20_08,pre2_label2_old_main,session_level_split,train,active_legacy_best,0.19870489835739136,0.40160003304481506,0.03354797884821892,0.36805205419659615,0.08353579703135945,1,0,1.0199999809265137,1.7400000095367432,0.2674205005168915,1,1,5,0,0,1,0,0,0,1,0,active_legacy_best
vehicle_instability_allraw__zt__2025_09_28_11_20_08__000416365__pre2_label2_old_main,vehicle_instability_allraw__zt__2025_09_28_11_20_08__000416365,zt,2025_09_28_11_20_08,pre2_label2_old_main,session_level_split,train,active_legacy_best,0.5904988050460815,0.9014629125595093,0.16163717210292816,0.7398257404565811,0.17930540441646603,1,0,0.15999996662139893,1.905000001192093,0.7407133281230927,1,1,1,0,0,0,0,0,0,1,0,active_legacy_best
vehicle_instability_allraw__zt__2025_09_28_11_20_08__000472990__pre2_label2_old_main,vehicle_instability_allraw__zt__2025_09_28_11_20_08__000472990,zt,2025_09_28_11_20_08,pre2_label2_old_main,session_level_split,train,active_legacy_best,0.5945567488670349,1.2395299673080444,0.5451798439025879,0.6943501234054565,0.4398278849898119,1,0,0.1549999713897705,0.9549999786540866,0.3707716464996338,0,1,4,0,0,1,0,0,0,1,0,active_legacy_best
vehicle_instability_allraw__zt__2025_09_28_11_20_08__000488065__pre2_label2_old_main,vehicle_instability_allraw__zt__2025_09_28_11_20_08__000488065,zt,2025_09_28_11_20_08,pre2_label2_old_main,session_level_split,train,active_legacy_best,0.24952057003974915,0.8421210050582886,0.58066725730896,0.2614537477493286,0.6895294783304547,1,0,0.9250000715255737,0.2450000001117587,0.201255202293396,0,1,3,0,0,1,0,0,0,0,0,active_legacy_best
vehicle_instability_allraw__zx__2025_09_27_16_32_00__000028755__pre2_label2_old_main,vehicle_instability_allraw__zx__2025_09_27_16_32_00__000028755,zx,2025_09_27_16_32_00,pre2_label2_old_main,session_level_split,train,active_legacy_best,0.2944008409976959,0.2994984984397888,0.33626067638397217,0.03676217794418335,1.1227457838209296,1,0,1.240000069141388,0.03499999921768904,0.5415296405553818,1,1,2,0,0,1,0,0,0,0,0,active_legacy_best
vehicle_instability_allraw__zx__2025_09_27_16_32_00__000072855__pre2_label2_old_main,vehicle_instability_allraw__zx__2025_09_27_16_32_00__000072855,zx,2025_09_27_16_32_00,pre2_label2_old_main,session_level_split,train,active_legacy_best,1.3369370698928833,2.4701690673828125,0.7155436873435974,1.754625380039215,0.2896739728433765,1,0,0.3700000047683716,0.13999999593943357,0.5876895189285278,0,1,2,2,1,1,1,1,0,1,1,active_legacy_best
vehicle_instability_allraw__zx__2025_09_27_16_32_00__000101585__pre2_label2_old_main,vehicle_instability_allraw__zx__2025_09_27_16_32_00__000101585,zx,2025_09_27_16_32_00,pre2_label2_old_main,session_level_split,train,active_legacy_best,0.23052741587162018,0.01624011993408203,0.22265885770320892,0.2064187377691269,13.71041954166422,0,1,1.065000057220459,0.7300000144168735,0.2343779355287552,1,0,0,0,1,0,0,0,0,0,0,active_legacy_best
vehicle_instability_allraw__zx__2025_09_27_16_32_00__000105310__pre2_label2_old_main,vehicle_instability_allraw__zx__2025_09_27_16_32_00__000105310,zx,2025_09_27_16_32_00,pre2_label2_old_main,session_level_split,train,active_legacy_best,0.9635424613952637,1.2374379634857178,0.12263616919517517,1.1148017942905426,0.09910490288315016,1,0,0.32500000298023224,1.9550000056624413,0.900169625878334,1,0,3,0,0,1,0,0,0,1,0,active_legacy_best
vehicle_instability_allraw__zx__2025_09_27_16_32_00__000122020__pre2_label2_old_main,vehicle_instability_allraw__zx__2025_09_27_16_32_00__000122020,zx,2025_09_27_16_32_00,pre2_label2_old_main,session_level_split,train,active_legacy_best,0.5873713493347168,0.3958410322666168,0.4175848066806793,0.0217437744140625,1.0549305722288465,0,1,0.16999995708465576,0.45000001322478056,0.8126032054424286,1,0,2,0,0,1,0,0,0,0,0,active_legacy_best
vehicle_instability_allraw__zx__2025_09_27_16_32_00__000148800__pre2_label2_old_main,vehicle_instability_allraw__zx__2025_09_27_16_32_00__000148800,zx,2025_09_27_16_32_00,pre2_label2_old_main,session_level_split,train,active_legacy_best,0.8604276180267334,2.0589659214019775,0.49595028162002563,1.563015639781952,0.24087347753785376,1,0,0.019999980926513672,0.8999999715015292,0.6764855980873108,0,1,2,0,0,1,0,1,0,1,1,active_legacy_best
vehicle_instability_allraw__zx__2025_09_27_16_32_00__000163770__pre2_label2_old_main,vehicle_instability_allraw__zx__2025_09_27_16_32_00__000163770,zx,2025_09_27_16_32_00,pre2_label2_old_main,session_level_split,train,active_legacy_best,2.0507171154022217,2.6881561279296875,0.3170902132987976,2.37106591463089,0.11795825770841967,1,0,0.8300000429153442,1.890000008046627,2.364788830280304,1,0,0,0,1,0,0,1,0,1,1,active_legacy_best
vehicle_instability_allraw__zx__2025_09_27_16_32_00__000231650__pre2_label2_old_main,vehicle_instability_allraw__zx__2025_09_27_16_32_00__000231650,zx,2025_09_27_16_32_00,pre2_label2_old_main,session_level_split,train,active_legacy_best,0.30591529607772827,1.2240025997161865,0.6859524250030518,0.5380501747131348,0.5604174575790164,1,0,0.6499999761581421,0.13999998569488525,0.43499016761779785,0,0,2,1,0,1,0,0,0,0,0,active_legacy_best
vehicle_instability_allraw__zx__2025_09_27_16_32_00__000260070__pre2_label2_old_main,vehicle_instability_allraw__zx__2025_09_27_16_32_00__000260070,zx,2025_09_27_16_32_00,pre2_label2_old_main,session_level_split,train,active_legacy_best,0.46491125226020813,1.0484189987182617,0.5321381092071533,0.5162808895111084,0.5075624438871439,1,0,0.5350000858306885,0.6550000263378024,0.4297277331352234,0,1,2,0,0,1,0,0,0,0,0,active_legacy_best
vehicle_instability_allraw__zx__2025_09_27_16_32_00__000312575__pre2_label2_old_main,vehicle_instability_allraw__zx__2025_09_27_16_32_00__000312575,zx,2025_09_27_16_32_00,pre2_label2_old_main,session_level_split,train,active_legacy_best,1.449350357055664,2.5281119346618652,0.004870293661952019,2.523241640999913,0.0019264549149021046,1,0,1.0250000357627869,1.5699999928474426,0.010367432609200478,0,0,2,0,0,1,0,1,0,1,1,active_legacy_best
vehicle_instability_allraw__zx__2025_09_27_16_32_00__000364875__pre2_label2_old_main,vehicle_instability_allraw__zx__2025_09_27_16_32_00__000364875,zx,2025_09_27_16_32_00,pre2_label2_old_main,session_level_split,train,active_legacy_best,0.1509321630001068,0.40020400285720825,0.2098037302494049,0.19040027260780334,0.5242419584800163,1,0,0.6050000190734863,0.09999999683350325,0.18987730145454407,0,0,0,0,1,0,0,0,0,0,0,active_legacy_best
vehicle_instability_allraw__zx__2025_09_27_16_32_00__000384950__pre2_label2_old_main,vehicle_instability_allraw__zx__2025_09_27_16_32_00__000384950,zx,2025_09_27_16_32_00,pre2_label2_old_main,session_level_split,train,active_legacy_best,0.29940858483314514,0.3609350323677063,0.36651915311813354,0.005584120750427246,1.01547126283031,1,0,0.6499999761581421,0.7900000168010592,0.004412710666656494,0,1,3,0,0,1,0,0,0,0,0,active_legacy_best
vehicle_instability_allraw__zx__2025_09_27_16_32_00__000398300__pre2_label2_old_main,vehicle_instability_allraw__zx__2025_09_27_16_32_00__000398300,zx,2025_09_27_16_32_00,pre2_label2_old_main,session_level_split,train,active_legacy_best,0.5142515897750854,1.541471004486084,0.6812493801116943,0.8602216243743896,0.4419475800252359,1,0,0.16499996185302734,0.6800000024959445,0.8612081408500671,1,1,5,0,0,1,0,1,0,1,1,active_legacy_best
vehicle_instability_allraw__zx__2025_09_27_16_32_00__000417655__pre2_label2_old_main,vehicle_instability_allraw__zx__2025_09_27_16_32_00__000417655,zx,2025_09_27_16_32_00,pre2_label2_old_main,session_level_split,train,active_legacy_best,0.09853439033031464,0.1689479947090149,0.07928402721881866,0.08966396749019623,0.4692806644753159,1,0,1.9850000003352761,0.03499999921768904,0.0920858234167099,1,1,3,0,0,1,0,0,0,1,0,active_legacy_best
vehicle_instability_allraw__zx__2025_09_27_16_32_00__000421025__pre2_label2_old_main,vehicle_instability_allraw__zx__2025_09_27_16_32_00__000421025,zx,2025_09_27_16_32_00,pre2_label2_old_main,session_level_split,train,active_legacy_best,1.9173738956451416,2.6731455326080322,0.6903814673423767,1.9827640652656555,0.2582655747398877,0,1,1.4700000286102295,0.04500000085681677,0.09768807888031006,0,1,4,0,0,1,0,1,0,1,1,active_legacy_best
vehicle_instability_allraw__zx__2025_09_27_16_32_00__000446275__pre2_label2_old_main,vehicle_instability_allraw__zx__2025_09_27_16_32_00__000446275,zx,2025_09_27_16_32_00,pre2_label2_old_main,session_level_split,train,active_legacy_best,0.5130871534347534,0.9155998229980469,0.2592533826828003,0.6563464403152466,0.28315141197155225,0,1,0.16499996185302734,0.2750000013038516,1.1740866005420685,1,1,1,0,0,0,0,0,0,1,0,active_legacy_best
vehicle_instability_allraw__zx__2025_09_27_16_32_00__000470635__pre2_label2_old_main,vehicle_instability_allraw__zx__2025_09_27_16_32_00__000470635,zx,2025_09_27_16_32_00,pre2_label2_old_main,session_level_split,train,active_legacy_best,0.2559131383895874,0.4375499486923218,0.04230349138379097,0.3952464573085308,0.09668265648349582,1,0,1.8600000003352761,1.8750000074505806,0.3956794776022434,1,0,2,0,0,1,0,0,0,1,0,active_legacy_best
vehicle_instability_allraw__zx__2025_09_27_16_32_00__000490620__pre2_label2_old_main,vehicle_instability_allraw__zx__2025_09_27_16_32_00__000490620,zx,2025_09_27_16_32_00,pre2_label2_old_main,session_level_split,train,active_legacy_best,1.689621925354004,1.7626051902770996,0.37517404556274414,1.3874311447143555,0.21285200317818362,0,1,0.42500007152557373,0.28499999176710844,1.9751761555671692,1,0,1,0,0,0,0,1,0,1,1,active_legacy_best
vehicle_instability_allraw__zx__2025_09_27_16_32_00__000559925__pre2_label2_old_main,vehicle_instability_allraw__zx__2025_09_27_16_32_00__000559925,zx,2025_09_27_16_32_00,pre2_label2_old_main,session_level_split,train,active_legacy_best,0.4352692663669586,0.8096580505371094,0.27485185861587524,0.5348061919212341,0.33946659140058516,1,0,0.23000001907348633,0.22999999951571226,0.4179048240184784,1,1,2,0,0,1,0,0,0,1,0,active_legacy_best
vehicle_instability_allraw__zx__2025_09_27_16_32_00__000593005__pre2_label2_old_main,vehicle_instability_allraw__zx__2025_09_27_16_32_00__000593005,zx,2025_09_27_16_32_00,pre2_label2_old_main,session_level_split,train,active_legacy_best,0.14381130039691925,0.3021165132522583,0.06148356571793556,0.24063294753432274,0.20350945089386296,1,0,0.6650000074878335,0.08000000100582838,0.008925076574087143,0,0,1,0,0,0,0,0,0,1,0,active_legacy_best
vehicle_instability_allraw__zx__2025_09_27_16_32_00__000615805__pre2_label2_old_main,vehicle_instability_allraw__zx__2025_09_27_16_32_00__000615805,zx,2025_09_27_16_32_00,pre2_label2_old_main,session_level_split,train,active_legacy_best,0.4547944664955139,0.023560047149658203,0.4501708447933197,0.4266107976436615,19.107383017264063,0,1,0.16499996185302734,1.7749999715015292,0.473605751991272,1,0,0,0,1,0,0,0,0,0,0,active_legacy_best
vehicle_instability_allraw__zx__2025_09_27_16_32_00__000645585__pre2_label2_old_main,vehicle_instability_allraw__zx__2025_09_27_16_32_00__000645585,zx,2025_09_27_16_32_00,pre2_label2_old_main,session_level_split,train,active_legacy_best,0.4320628046989441,0.9735440015792847,0.2600140869617462,0.7135299146175385,0.2670799537976208,1,0,0.25999999046325684,0.6600000215694308,0.6912941038608551,1,1,2,0,0,1,0,0,0,1,0,active_legacy_best
vehicle_instability_allraw__zx__2025_09_27_17_14_07__000103335__pre2_label2_old_main,vehicle_instability_allraw__zx__2025_09_27_17_14_07__000103335,zx,2025_09_27_17_14_07,pre2_label2_old_main,session_level_split,train,active_legacy_best,1.043446660041809,1.7589459419250488,0.3848956525325775,1.3740502893924713,0.2188217632836032,1,0,0.4750000238418579,0.09500000160187483,0.843836784362793,0,1,2,0,0,1,0,1,0,1,1,active_legacy_best
vehicle_instability_allraw__zx__2025_09_27_17_14_07__000127510__pre2_label2_old_main,vehicle_instability_allraw__zx__2025_09_27_17_14_07__000127510,zx,2025_09_27_17_14_07,pre2_label2_old_main,session_level_split,train,active_legacy_best,0.41599947214126587,0.7777180075645447,0.5883257389068604,0.18939226865768433,0.7564769404648687,1,0,0.35500001907348633,0.9200000120326877,0.19044780731201172,0,1,1,0,0,0,0,0,0,0,0,active_legacy_best
vehicle_instability_allraw__zx__2025_09_27_17_14_07__000151260__pre2_label2_old_main,vehicle_instability_allraw__zx__2025_09_27_17_14_07__000151260,zx,2025_09_27_17_14_07,pre2_label2_old_main,session_level_split,train,active_legacy_best,0.3160896599292755,0.4471529722213745,0.467130571603775,0.019977599382400513,1.0446773266051559,1,0,1.4500000476837158,0.7450000001117587,0.01824072003364563,0,1,1,0,0,0,0,0,0,0,0,active_legacy_best
vehicle_instability_allraw__zx__2025_09_27_17_14_07__000172360__pre2_label2_old_main,vehicle_instability_allraw__zx__2025_09_27_17_14_07__000172360,zx,2025_09_27_17_14_07,pre2_label2_old_main,session_level_split,train,active_legacy_best,0.27492469549179077,1.7605159282684326,1.080326795578003,0.6801891326904297,0.6136421592280427,1,0,1.2699999809265137,0.25999998580664396,0.7538936138153076,0,0,0,1,0,0,0,1,1,0,1,active_legacy_best
vehicle_instability_allraw__zx__2025_09_27_17_14_07__000198435__pre2_label2_old_main,vehicle_instability_allraw__zx__2025_09_27_17_14_07__000198435,zx,2025_09_27_17_14_07,pre2_label2_old_main,session_level_split,train,active_legacy_best,0.8536067605018616,1.887049913406372,0.39660051465034485,1.4904493987560272,0.21016959426072043,1,0,1.3550000190734863,1.009999985806644,1.4271542727947235,1,1,2,0,0,1,0,1,0,1,1,active_legacy_best
vehicle_instability_allraw__zx__2025_09_27_17_14_07__000249170__pre2_label2_old_main,vehicle_instability_allraw__zx__2025_09_27_17_14_07__000249170,zx,2025_09_27_17_14_07,pre2_label2_old_main,session_level_split,train,active_legacy_best,1.812379240989685,2.5631861686706543,0.380452036857605,2.1827341318130493,0.14842934216320264,1,0,0.5200001001358032,1.9300000071525574,2.0114393830299377,1,1,2,0,0,1,0,1,0,1,1,active_legacy_best
vehicle_instability_allraw__zx__2025_09_27_17_14_07__000272865__pre2_label2_old_main,vehicle_instability_allraw__zx__2025_09_27_17_14_07__000272865,zx,2025_09_27_17_14_07,pre2_label2_old_main,session_level_split,train,active_legacy_best,0.24432866275310516,0.06457996368408203,0.2749781310558319,0.21039816737174988,4.257948059571452,1,0,0.21000003814697266,0.7049999786540866,0.210598886013031,1,1,0,0,1,0,0,0,0,0,0,active_legacy_best
vehicle_instability_allraw__zx__2025_09_27_17_14_07__000288060__pre2_label2_old_main,vehicle_instability_allraw__zx__2025_09_27_17_14_07__000288060,zx,2025_09_27_17_14_07,pre2_label2_old_main,session_level_split,train,active_legacy_best,0.02835705876350403,0.03926992416381836,0.013413060456514359,0.025856863707304,0.34156064067148323,0,1,1.5750000337138772,0.6349999904632568,0.049040570855140686,1,1,0,0,1,0,0,0,0,1,0,active_legacy_best
vehicle_instability_allraw__zx__2025_09_27_17_14_07__000293155__pre2_label2_old_main,vehicle_instability_allraw__zx__2025_09_27_17_14_07__000293155,zx,2025_09_27_17_14_07,pre2_label2_old_main,session_level_split,train,active_legacy_best,0.1794818788766861,0.3077000379562378,0.015826649963855743,0.29187338799238205,0.051435320154580765,1,0,1.0299999574199319,1.3100000023841858,0.09682145714759827,0,1,3,0,0,1,0,0,0,1,0,active_legacy_best
vehicle_instability_allraw__zx__2025_09_27_17_14_07__000380385__pre2_label2_old_main,vehicle_instability_allraw__zx__2025_09_27_17_14_07__000380385,zx,2025_09_27_17_14_07,pre2_label2_old_main,session_level_split,train,active_legacy_best,0.6241368055343628,1.2341220378875732,0.385125070810318,0.8489969670772552,0.31206400905823733,1,0,0.6000000238418579,0.5500000072643161,0.03213226795196533,0,1,2,4,0,1,1,0,0,1,0,active_legacy_best
vehicle_instability_allraw__zx__2025_09_27_17_14_07__000402025__pre2_label2_old_main,vehicle_instability_allraw__zx__2025_09_27_17_14_07__000402025,zx,2025_09_27_17_14_07,pre2_label2_old_main,session_level_split,train,active_legacy_best,0.38765597343444824,0.7393217086791992,0.23398572206497192,0.5053359866142273,0.3164870168400549,1,0,0.14500010013580322,0.08999999891966581,0.06429323554039001,0,1,6,0,0,1,0,0,0,1,0,active_legacy_best
vehicle_instability_allraw__zx__2025_09_27_17_14_07__000407380__pre2_label2_old_main,vehicle_instability_allraw__zx__2025_09_27_17_14_07__000407380,zx,2025_09_27_17_14_07,pre2_label2_old_main,session_level_split,train,active_legacy_best,0.20587527751922607,0.3122403621673584,0.16067497432231903,0.15156538784503937,0.5145874582229651,1,0,0.6800000667572021,0.04500000085681677,0.15274105966091156,0,1,5,0,0,1,0,0,0,0,0,active_legacy_best
vehicle_instability_allraw__zx__2025_09_27_17_14_07__000412950__pre2_label2_old_main,vehicle_instability_allraw__zx__2025_09_27_17_14_07__000412950,zx,2025_09_27_17_14_07,pre2_label2_old_main,session_level_split,train,active_legacy_best,0.6153811812400818,1.8057169914245605,0.44217240810394287,1.3635445833206177,0.2448735932617578,1,0,0.36000001430511475,1.5650000525638461,1.3646230101585388,1,1,1,0,0,0,0,1,0,1,1,active_legacy_best
vehicle_instability_allraw__zx__2025_09_27_17_14_07__000471995__pre2_label2_old_main,vehicle_instability_allraw__zx__2025_09_27_17_14_07__000471995,zx,2025_09_27_17_14_07,pre2_label2_old_main,session_level_split,train,active_legacy_best,0.4049001932144165,1.0302681922912598,0.457638680934906,0.5726295113563538,0.44419373941569795,1,0,0.36500000953674316,0.6600000215694308,0.5736750066280365,1,1,3,0,0,1,0,0,0,1,0,active_legacy_best
vehicle_instability_allraw__zx__2025_09_27_17_14_07__000486315__pre2_label2_old_main,vehicle_instability_allraw__zx__2025_09_27_17_14_07__000486315,zx,2025_09_27_17_14_07,pre2_label2_old_main,session_level_split,train,active_legacy_best,0.17720474302768707,0.08342599868774414,0.20792263746261597,0.12449663877487183,2.492300250918797,1,0,0.3400000333786011,0.40999999176710844,0.13459806144237518,1,1,1,0,0,0,0,0,0,0,0,active_legacy_best
vehicle_instability_allraw__zx__2025_09_27_17_14_07__000504955__pre2_label2_old_main,vehicle_instability_allraw__zx__2025_09_27_17_14_07__000504955,zx,2025_09_27_17_14_07,pre2_label2_old_main,session_level_split,train,active_legacy_best,0.4457111060619354,0.014480113983154297,0.44649767875671387,0.43201756477355957,30.83523232456285,0,1,0.16499996185302734,1.9900000048801303,0.4608379304409027,1,1,0,0,1,0,0,0,0,0,0,active_legacy_best
vehicle_instability_allraw__zx__2025_09_27_17_25_16__000018420__pre2_label2_old_main,vehicle_instability_allraw__zx__2025_09_27_17_25_16__000018420,zx,2025_09_27_17_25_16,pre2_label2_old_main,session_level_split,train,active_legacy_best,1.2046369314193726,1.8886197805404663,0.07414519786834717,1.8144745826721191,0.03925893323383971,0,1,0.1549999713897705,1.2649999856948853,1.9616792351007462,1,1,8,0,0,1,0,1,0,1,1,active_legacy_best
vehicle_instability_allraw__zx__2025_09_27_17_25_16__000055950__pre2_label2_old_main,vehicle_instability_allraw__zx__2025_09_27_17_25_16__000055950,zx,2025_09_27_17_25_16,pre2_label2_old_main,session_level_split,train,active_legacy_best,0.5832342505455017,1.3517570495605469,0.45580706000328064,0.8959499895572662,0.33719599254278904,1,0,0.5149999856948853,0.35500001441687346,0.5302034318447113,0,1,2,0,0,1,0,0,0,1,0,active_legacy_best
vehicle_instability_allraw__zx__2025_09_27_17_25_16__000082240__pre2_label2_old_main,vehicle_instability_allraw__zx__2025_09_27_17_25_16__000082240,zx,2025_09_27_17_25_16,pre2_label2_old_main,session_level_split,train,active_legacy_best,0.5205414295196533,1.22714102268219,0.4480842053890228,0.7790568172931671,0.36514483429918676,1,0,0.28999996185302734,0.6100000096485019,0.11655622720718384,0,1,4,1,0,1,0,0,0,1,0,active_legacy_best
vehicle_instability_allraw__zx__2025_09_27_17_25_16__000123645__pre2_label2_old_main,vehicle_instability_allraw__zx__2025_09_27_17_25_16__000123645,zx,2025_09_27_17_25_16,pre2_label2_old_main,session_level_split,train,active_legacy_best,0.9216040372848511,2.8928868770599365,1.2340575456619263,1.6588293313980103,0.42658340892890656,1,0,1.4300000667572021,0.6249999953433871,1.716355323791504,1,0,1,1,1,0,0,1,0,1,1,active_legacy_best
vehicle_instability_allraw__zx__2025_09_27_17_29_08__000047060__pre2_label2_old_main,vehicle_instability_allraw__zx__2025_09_27_17_29_08__000047060,zx,2025_09_27_17_29_08,pre2_label2_old_main,session_level_split,train,active_legacy_best,0.4226483702659607,1.2068949937820435,0.3933713138103485,0.813523679971695,0.32593665218350265,1,0,0.16999995708465576,1.0800000382587314,0.814578115940094,1,1,1,0,0,0,0,0,0,1,0,active_legacy_best
vehicle_instability_allraw__zx__2025_09_27_17_29_08__000065380__pre2_label2_old_main,vehicle_instability_allraw__zx__2025_09_27_17_29_08__000065380,zx,2025_09_27_17_29_08,pre2_label2_old_main,session_level_split,train,active_legacy_best,1.2094067335128784,2.9110400676727295,0.6067415475845337,2.304298520088196,0.20842775553742257,1,0,0.18000006675720215,1.2949999524280429,2.0370579957962036,1,1,2,0,0,1,0,1,0,1,1,active_legacy_best
vehicle_instability_allraw__zx__2025_09_27_17_29_08__000082590__pre2_label2_old_main,vehicle_instability_allraw__zx__2025_09_27_17_29_08__000082590,zx,2025_09_27_17_29_08,pre2_label2_old_main,session_level_split,train,active_legacy_best,0.5100827813148499,0.4420902729034424,0.4137685000896454,0.028321772813796997,0.9359366750419709,0,1,0.16999995708465576,1.4900000048801303,0.8557201623916626,1,1,0,0,1,0,0,0,0,0,0,active_legacy_best
vehicle_instability_allraw__zx__2025_09_27_17_29_08__000119620__pre2_label2_old_main,vehicle_instability_allraw__zx__2025_09_27_17_29_08__000119620,zx,2025_09_27_17_29_08,pre2_label2_old_main,session_level_split,train,active_legacy_best,0.43868494033813477,0.6014420986175537,0.07189124822616577,0.5295508503913879,0.11953145347060272,0,1,0.6450000405311584,1.9450000040233135,0.003927066922187805,0,1,4,0,0,1,0,0,0,1,0,active_legacy_best
vehicle_instability_allraw__zx__2025_09_27_17_29_08__000148095__pre2_label2_old_main,vehicle_instability_allraw__zx__2025_09_27_17_29_08__000148095,zx,2025_09_27_17_29_08,pre2_label2_old_main,session_level_split,train,active_legacy_best,0.2972501218318939,0.20560000836849213,0.1646791249513626,0.04092088341712952,0.8009684739711296,0,1,0.4949999898672104,0.049999999813735485,0.25621308386325836,1,0,1,0,0,0,0,0,0,0,0,active_legacy_best
vehicle_instability_allraw__zx__2025_09_27_17_29_08__000177210__pre2_label2_old_main,vehicle_instability_allraw__zx__2025_09_27_17_29_08__000177210,zx,2025_09_27_17_29_08,pre2_label2_old_main,session_level_split,train,active_legacy_best,0.5651149153709412,1.0632538795471191,0.44370996952056885,0.6195439100265503,0.4173132852424315,1,0,0.16999995708465576,0.2450000001117587,0.6207756996154785,1,1,3,0,0,1,0,0,0,1,0,active_legacy_best
vehicle_instability_allraw__zx__2025_09_27_17_29_08__000199530__pre2_label2_old_main,vehicle_instability_allraw__zx__2025_09_27_17_29_08__000199530,zx,2025_09_27_17_29_08,pre2_label2_old_main,session_level_split,train,active_legacy_best,0.1988009214401245,0.3361508250236511,0.12196606397628784,0.21418476104736328,0.36283136882887757,0,1,1.4800000190734863,0.07000000309199095,0.4526350647211075,1,1,1,0,0,0,0,0,0,1,0,active_legacy_best
vehicle_instability_allraw__zx__2025_09_27_17_29_08__000225970__pre2_label2_old_main,vehicle_instability_allraw__zx__2025_09_27_17_29_08__000225970,zx,2025_09_27_17_29_08,pre2_label2_old_main,session_level_split,train,active_legacy_best,0.46205073595046997,0.5958549976348877,0.38856375217437744,0.20729124546051025,0.6521112581361134,1,0,0.15500009059906006,0.4649999989196658,0.08877876400947571,0,1,5,0,0,1,0,0,0,0,0,active_legacy_best
vehicle_instability_allraw__zx__2025_09_27_17_29_08__000244175__pre2_label2_old_main,vehicle_instability_allraw__zx__2025_09_27_17_29_08__000244175,zx,2025_09_27_17_29_08,pre2_label2_old_main,session_level_split,train,active_legacy_best,0.27068281173706055,0.4471530020236969,0.06760692596435547,0.37954607605934143,0.15119416767501123,1,0,0.06499993801116943,1.9450000040233135,0.3034190386533737,1,1,4,0,0,1,0,0,0,1,0,active_legacy_best
vehicle_instability_allraw__zx__2025_09_27_17_29_08__000302795__pre2_label2_old_main,vehicle_instability_allraw__zx__2025_09_27_17_29_08__000302795,zx,2025_09_27_17_29_08,pre2_label2_old_main,session_level_split,train,active_legacy_best,0.16644582152366638,0.4352847933769226,0.2164117693901062,0.2188730239868164,0.49717282267361573,1,0,0.8300000429153442,0.584999973885715,0.43189091980457306,1,1,4,0,0,1,0,0,0,1,0,active_legacy_best
vehicle_instability_allraw__zx__2025_09_27_17_29_08__000364530__pre2_label2_old_main,vehicle_instability_allraw__zx__2025_09_27_17_29_08__000364530,zx,2025_09_27_17_29_08,pre2_label2_old_main,session_level_split,train,active_legacy_best,0.6054568886756897,1.3726979494094849,0.6459872722625732,0.7267106771469116,0.47059680721492136,1,0,0.04999995231628418,0.834999973885715,0.4770403504371643,0,1,2,0,0,1,0,0,0,1,0,active_legacy_best
vehicle_instability_allraw__zx__2025_09_27_17_29_08__000402560__pre2_label2_old_main,vehicle_instability_allraw__zx__2025_09_27_17_29_08__000402560,zx,2025_09_27_17_29_08,pre2_label2_old_main,session_level_split,train,active_legacy_best,0.6589056253433228,1.302888035774231,0.33865153789520264,0.9642364978790283,0.25992374524642986,1,0,0.4450000524520874,0.08500003814697266,1.1485648304224014,1,1,1,0,0,0,0,0,0,1,0,active_legacy_best
vehicle_instability_allraw__zx__2025_09_27_17_56_42__000080875__pre2_label2_old_main,vehicle_instability_allraw__zx__2025_09_27_17_56_42__000080875,zx,2025_09_27_17_56_42,pre2_label2_old_main,session_level_split,train,active_legacy_best,0.580274224281311,1.4098749160766602,0.042663607746362686,1.3672113083302975,0.030260562309375044,1,0,0.7249999046325684,1.1650000214576721,1.317449253052473,1,1,4,0,0,1,0,1,0,1,0,active_legacy_best
vehicle_instability_allraw__zx__2025_09_27_17_56_42__000108650__pre2_label2_old_main,vehicle_instability_allraw__zx__2025_09_27_17_56_42__000108650,zx,2025_09_27_17_56_42,pre2_label2_old_main,session_level_split,train,active_legacy_best,0.4035409390926361,0.8459609746932983,0.38670942187309265,0.4592515528202057,0.4571244223331856,1,0,0.15999996662139893,0.8749999953433871,0.4605371057987213,1,1,1,0,0,0,0,0,0,1,0,active_legacy_best
vehicle_instability_allraw__zx__2025_09_27_17_56_42__000149270__pre2_label2_old_main,vehicle_instability_allraw__zx__2025_09_27_17_56_42__000149270,zx,2025_09_27_17_56_42,pre2_label2_old_main,session_level_split,train,active_legacy_best,0.3126281797885895,1.9059009552001953,1.2057063579559326,0.7001945972442627,0.6326175317065653,1,0,1.3899999856948853,0.3700000001117587,0.7789092063903809,0,0,0,7,0,0,1,1,1,0,1,active_legacy_best
vehicle_instability_allraw__zx__2025_09_27_18_07_01__000025310__pre2_label2_old_main,vehicle_instability_allraw__zx__2025_09_27_18_07_01__000025310,zx,2025_09_27_18_07_01,pre2_label2_old_main,session_level_split,train,active_legacy_best,0.11492519825696945,0.31328606605529785,0.3685455024242401,0.05525943636894226,1.1763865117422376,1,0,1.4600000381469727,0.11000000219792128,0.06459513306617737,0,0,1,0,0,0,0,0,0,0,0,active_legacy_best
vehicle_instability_allraw__zx__2025_09_27_18_07_01__000048255__pre2_label2_old_main,vehicle_instability_allraw__zx__2025_09_27_18_07_01__000048255,zx,2025_09_27_18_07_01,pre2_label2_old_main,session_level_split,train,active_legacy_best,0.5063636898994446,1.1325459480285645,0.3900507092475891,0.7424952387809753,0.3444016641678466,1,0,0.9350000023841858,0.3600000096485019,0.220615416765213,0,1,3,0,0,1,0,0,0,1,0,active_legacy_best
vehicle_instability_allraw__zx__2025_09_27_18_07_01__000071310__pre2_label2_old_main,vehicle_instability_allraw__zx__2025_09_27_18_07_01__000071310,zx,2025_09_27_18_07_01,pre2_label2_old_main,session_level_split,train,active_legacy_best,0.5836465358734131,1.2918932437896729,0.42998141050338745,0.8619118332862854,0.3328304506354325,1,0,1.4800000190734863,0.6750000072643161,0.8644505143165588,1,1,3,0,0,1,0,0,0,1,0,active_legacy_best
vehicle_instability_allraw__zx__2025_09_27_18_07_01__000087885__pre2_label2_old_main,vehicle_instability_allraw__zx__2025_09_27_18_07_01__000087885,zx,2025_09_27_18_07_01,pre2_label2_old_main,session_level_split,train,active_legacy_best,0.35560595989227295,0.03751993179321289,0.3781362771987915,0.3406163454055786,10.078277308254432,1,0,0.15999996662139893,0.6800000024959445,0.34049496054649353,1,0,0,0,1,0,0,0,0,0,0,active_legacy_best
vehicle_instability_allraw__zx__2025_09_27_18_07_01__000123135__pre2_label2_old_main,vehicle_instability_allraw__zx__2025_09_27_18_07_01__000123135,zx,2025_09_27_18_07_01,pre2_label2_old_main,session_level_split,train,active_legacy_best,0.08798481523990631,0.25045400857925415,0.039876583963632584,0.21057742461562157,0.15921719197005368,1,0,0.7999999523162842,1.1399999856948853,0.21191876009106636,1,1,1,0,0,0,0,0,0,1,0,active_legacy_best
vehicle_instability_allraw__zx__2025_09_27_18_07_01__000149280__pre2_label2_old_main,vehicle_instability_allraw__zx__2025_09_27_18_07_01__000149280,zx,2025_09_27_18_07_01,pre2_label2_old_main,session_level_split,train,active_legacy_best,0.3599417507648468,0.11746001243591309,0.3225899934768677,0.2051299810409546,2.746381400673483,0,1,0.16499996185302734,1.0650000525638461,0.439934641122818,1,1,0,0,1,0,0,0,0,0,0,active_legacy_best
vehicle_instability_allraw__zx__2025_09_27_18_07_01__000193555__pre2_label2_old_main,vehicle_instability_allraw__zx__2025_09_27_18_07_01__000193555,zx,2025_09_27_18_07_01,pre2_label2_old_main,session_level_split,train,active_legacy_best,0.4710245430469513,1.5716689825057983,1.1914762258529663,0.38019275665283203,0.7580961634512442,1,0,1.0299999713897705,0.4300000024959445,0.411604642868042,0,0,2,6,0,1,1,1,1,0,1,active_legacy_best
vehicle_instability_allraw__zx__2025_09_27_18_07_01__000223290__pre2_label2_old_main,vehicle_instability_allraw__zx__2025_09_27_18_07_01__000223290,zx,2025_09_27_18_07_01,pre2_label2_old_main,session_level_split,train,active_legacy_best,0.7013593912124634,1.6945359706878662,0.7282189726829529,0.9663169980049133,0.4297453611370348,1,0,0.28999996185302734,0.5749999834224582,0.37693867087364197,0,1,2,0,0,1,0,1,0,1,1,active_legacy_best
vehicle_instability_allraw__zx__2025_09_27_18_07_01__000251385__pre2_label2_old_main,vehicle_instability_allraw__zx__2025_09_27_18_07_01__000251385,zx,2025_09_27_18_07_01,pre2_label2_old_main,session_level_split,train,active_legacy_best,0.1416741907596588,0.44087061285972595,0.12021045386791229,0.32066015899181366,0.2726660620179741,1,0,0.16999995708465576,0.5450000120326877,0.3219369947910309,1,1,1,0,0,0,0,0,0,1,0,active_legacy_best
vehicle_instability_allraw__zx__2025_09_27_18_07_01__000277150__pre2_label2_old_main,vehicle_instability_allraw__zx__2025_09_27_18_07_01__000277150,zx,2025_09_27_18_07_01,pre2_label2_old_main,session_level_split,train,active_legacy_best,0.8533751368522644,1.5327439308166504,0.4946995973587036,1.0380443334579468,0.3227542366422069,1,0,0.039999961853027344,0.10499999951571226,0.5639590919017792,0,1,2,0,0,1,0,1,0,1,1,active_legacy_best
vehicle_instability_allraw__zx__2025_09_27_18_07_01__000323585__pre2_label2_old_main,vehicle_instability_allraw__zx__2025_09_27_18_07_01__000323585,zx,2025_09_27_18_07_01,pre2_label2_old_main,session_level_split,train,active_legacy_best,0.4458824694156647,0.6031860113143921,0.11929991841316223,0.48388609290122986,0.19778296607575144,1,0,1.1200000047683716,1.800000011920929,0.42611584067344666,1,0,1,0,0,0,0,0,0,1,0,active_legacy_best
vehicle_instability_allraw__zx__2025_09_27_18_07_01__000342080__pre2_label2_old_main,vehicle_instability_allraw__zx__2025_09_27_18_07_01__000342080,zx,2025_09_27_18_07_01,pre2_label2_old_main,session_level_split,train,active_legacy_best,0.11385777592658997,0.2672100067138672,0.11873035132884979,0.1484796553850174,0.44433347683714625,1,0,1.7300000051036477,1.1050000144168735,0.1542913019657135,1,1,0,0,1,0,0,0,0,1,0,active_legacy_best
vehicle_instability_allraw__zx__2025_09_27_18_07_01__000353295__pre2_label2_old_main,vehicle_instability_allraw__zx__2025_09_27_18_07_01__000353295,zx,2025_09_27_18_07_01,pre2_label2_old_main,session_level_split,train,active_legacy_best,0.9182314276695251,1.505349040031433,0.1825481653213501,1.322800874710083,0.1212663378836966,1,0,0.16499996185302734,1.790000006556511,1.3241457343101501,1,1,1,0,0,0,0,1,0,1,0,active_legacy_best
vehicle_instability_allraw__zx__2025_09_27_18_07_01__000376460__pre2_label2_old_main,vehicle_instability_allraw__zx__2025_09_27_18_07_01__000376460,zx,2025_09_27_18_07_01,pre2_label2_old_main,session_level_split,train,active_legacy_best,0.3390277624130249,0.008379936218261719,0.3450106680393219,0.3366307318210602,41.17103747012632,1,0,0.35500001907348633,1.9900000048801303,0.336480051279068,1,1,0,0,1,0,0,0,0,0,0,active_legacy_best
vehicle_instability_allraw__zx__2025_09_27_18_07_01__000387335__pre2_label2_old_main,vehicle_instability_allraw__zx__2025_09_27_18_07_01__000387335,zx,2025_09_27_18_07_01,pre2_label2_old_main,session_level_split,train,active_legacy_best,0.3068186342716217,0.15707993507385254,0.3401085436344147,0.18302860856056213,2.1651940680680166,1,0,0.16999995708465576,1.259999985806644,0.18277409672737122,1,1,0,0,1,0,0,0,0,0,0,active_legacy_best
vehicle_instability_allraw__zx__2025_09_27_18_07_01__000431470__pre2_label2_old_main,vehicle_instability_allraw__zx__2025_09_27_18_07_01__000431470,zx,2025_09_27_18_07_01,pre2_label2_old_main,session_level_split,train,active_legacy_best,0.7277595400810242,1.2885762453079224,0.765693724155426,0.5228825211524963,0.5942168551869069,1,0,0.3400000333786011,0.16500000189989805,0.5239108204841614,0,1,3,0,0,1,0,0,0,0,0,active_legacy_best
vehicle_instability_allraw__zx__2025_09_27_18_07_01__000492380__pre2_label2_old_main,vehicle_instability_allraw__zx__2025_09_27_18_07_01__000492380,zx,2025_09_27_18_07_01,pre2_label2_old_main,session_level_split,train,active_legacy_best,0.47140613198280334,0.796218991279602,0.01118423417210579,0.7850347571074963,0.014046680994297345,1,0,0.7899999618530273,1.6349999904632568,0.7867542281746864,1,1,1,0,0,0,0,0,0,1,0,active_legacy_best
vehicle_instability_allraw__zx__2025_09_27_18_07_01__000550085__pre2_label2_old_main,vehicle_instability_allraw__zx__2025_09_27_18_07_01__000550085,zx,2025_09_27_18_07_01,pre2_label2_old_main,session_level_split,train,active_legacy_best,0.18713368475437164,0.5265650749206543,0.09490127861499786,0.43166379630565643,0.18022706619746498,1,0,0.2849999666213989,0.8799999952316284,0.19925591349601746,0,1,2,0,0,1,0,0,0,1,0,active_legacy_best
vehicle_instability_allraw__zx__2025_09_27_18_07_01__000584705__pre2_label2_old_main,vehicle_instability_allraw__zx__2025_09_27_18_07_01__000584705,zx,2025_09_27_18_07_01,pre2_label2_old_main,session_level_split,train,active_legacy_best,0.5905870795249939,0.21816617250442505,0.7799307703971863,0.5617645978927612,3.574939054226507,0,1,1.2450000047683716,0.05999999772757292,0.4706249535083771,1,1,2,1,0,1,0,0,0,0,0,active_legacy_best
vehicle_instability_allraw__zx__2025_09_27_18_17_48__000080870__pre2_label2_old_main,vehicle_instability_allraw__zx__2025_09_27_18_17_48__000080870,zx,2025_09_27_18_17_48,pre2_label2_old_main,session_level_split,train,active_legacy_best,0.9925433397293091,1.6975070238113403,0.0927482396364212,1.6047587841749191,0.05463791214729558,1,0,0.16000008583068848,1.800000011920929,1.1984324306249619,1,1,2,0,0,1,0,1,0,1,1,active_legacy_best
vehicle_instability_allraw__zx__2025_09_27_18_17_48__000096340__pre2_label2_old_main,vehicle_instability_allraw__zx__2025_09_27_18_17_48__000096340,zx,2025_09_27_18_17_48,pre2_label2_old_main,session_level_split,train,active_legacy_best,1.1294822692871094,1.7685450315475464,0.26195186376571655,1.5065931677818298,0.14811715794225402,1,0,0.3400000333786011,1.8350000083446503,0.5363386273384094,0,1,2,0,0,1,0,1,0,1,1,active_legacy_best
vehicle_instability_allraw__zx__2025_09_27_18_17_48__000145260__pre2_label2_old_main,vehicle_instability_allraw__zx__2025_09_27_18_17_48__000145260,zx,2025_09_27_18_17_48,pre2_label2_old_main,session_level_split,train,active_legacy_best,0.3469937741756439,1.2910150289535522,1.0448858737945557,0.24612915515899658,0.8093522153971364,1,0,1.0950000286102295,0.24999999534338713,0.2952205538749695,0,0,2,1,0,1,0,0,0,0,0,active_legacy_best
vehicle_instability_allraw__zx__2025_09_27_18_17_48__000176840__pre2_label2_old_main,vehicle_instability_allraw__zx__2025_09_27_18_17_48__000176840,zx,2025_09_27_18_17_48,pre2_label2_old_main,session_level_split,train,active_legacy_best,0.6472877264022827,0.9447463750839233,0.25882241129875183,0.6859239637851715,0.2739596765065759,0,1,0.7950000762939453,0.1149999974295497,0.18212994933128357,0,1,2,0,0,1,0,0,0,1,0,active_legacy_best
vehicle_instability_allraw__zx__2025_09_27_18_17_48__000205030__pre2_label2_old_main,vehicle_instability_allraw__zx__2025_09_27_18_17_48__000205030,zx,2025_09_27_18_17_48,pre2_label2_old_main,session_level_split,train,active_legacy_best,0.37460553646087646,1.0098472833633423,0.021071933209896088,0.9887753501534462,0.020866455311653716,1,0,1.9850000003352761,0.5199999809265137,0.9917868375778198,1,0,2,0,0,1,0,0,0,1,0,active_legacy_best
vehicle_instability_allraw__zx__2025_09_27_18_17_48__000230970__pre2_label2_old_main,vehicle_instability_allraw__zx__2025_09_27_18_17_48__000230970,zx,2025_09_27_18_17_48,pre2_label2_old_main,session_level_split,train,active_legacy_best,0.5478106737136841,0.5782279968261719,0.5817212462425232,0.0034932494163513184,1.0060413010707288,1,0,0.2549999952316284,0.1450000060722232,0.02662646770477295,0,1,3,0,0,1,0,0,0,0,0,active_legacy_best
vehicle_instability_allraw__zx__2025_09_27_18_17_48__000253945__pre2_label2_old_main,vehicle_instability_allraw__zx__2025_09_27_18_17_48__000253945,zx,2025_09_27_18_17_48,pre2_label2_old_main,session_level_split,train,active_legacy_best,0.6927924752235413,1.214576005935669,0.33958274126052856,0.8749932646751404,0.27958953544362614,1,0,1.2100000381469727,0.34999998938292265,0.5639457106590271,0,1,4,0,0,1,0,0,0,1,0,active_legacy_best
vehicle_instability_allraw__zx__2025_09_27_18_17_48__000280415__pre2_label2_old_main,vehicle_instability_allraw__zx__2025_09_27_18_17_48__000280415,zx,2025_09_27_18_17_48,pre2_label2_old_main,session_level_split,train,active_legacy_best,0.31589171290397644,0.5892236828804016,0.12861362099647522,0.4606100618839264,0.21827639440382224,1,0,0.6499999761581421,1.420000046491623,0.024417929351329803,0,0,1,0,0,0,0,0,0,1,0,active_legacy_best
vehicle_instability_allraw__zx__2025_09_27_18_17_48__000307245__pre2_label2_old_main,vehicle_instability_allraw__zx__2025_09_27_18_17_48__000307245,zx,2025_09_27_18_17_48,pre2_label2_old_main,session_level_split,train,active_legacy_best,0.7617672085762024,1.8418450355529785,0.5613259077072144,1.2805191278457642,0.3047628312219475,1,0,0.07500004768371582,1.0549999428912997,0.44026368856430054,0,1,2,0,0,1,0,1,0,1,1,active_legacy_best
vehicle_instability_allraw__zx__2025_09_27_18_17_48__000377105__pre2_label2_old_main,vehicle_instability_allraw__zx__2025_09_27_18_17_48__000377105,zx,2025_09_27_18_17_48,pre2_label2_old_main,session_level_split,train,active_legacy_best,0.6482938528060913,1.170593023300171,0.3153265714645386,0.8552664518356323,0.26937335622893127,1,0,0.040000081062316895,0.13500000070780516,0.812822550535202,1,1,2,0,0,1,0,0,0,1,0,active_legacy_best
vehicle_instability_allraw__zx__2025_09_27_18_17_48__000435575__pre2_label2_old_main,vehicle_instability_allraw__zx__2025_09_27_18_17_48__000435575,zx,2025_09_27_18_17_48,pre2_label2_old_main,session_level_split,train,active_legacy_best,0.26547327637672424,0.5298818945884705,0.3502272069454193,0.17965468764305115,0.6609533379460363,1,0,0.5200001001358032,0.8650000048801303,0.1318223774433136,0,1,2,0,0,1,0,0,0,0,0,active_legacy_best
vehicle_instability_allraw__zx__2025_09_27_18_17_48__000468965__pre2_label2_old_main,vehicle_instability_allraw__zx__2025_09_27_18_17_48__000468965,zx,2025_09_27_18_17_48,pre2_label2_old_main,session_level_split,train,active_legacy_best,0.28526294231414795,0.4288279712200165,0.2787909507751465,0.15003702044487,0.6501230551309086,1,0,0.5900000333786011,0.11000000219792128,0.4236840605735779,1,1,3,0,0,1,0,0,0,0,0,active_legacy_best
vehicle_instability_allraw__zx__2025_09_27_18_17_48__000492875__pre2_label2_old_main,vehicle_instability_allraw__zx__2025_09_27_18_17_48__000492875,zx,2025_09_27_18_17_48,pre2_label2_old_main,session_level_split,train,active_legacy_best,0.34924501180648804,0.006279945373535156,0.34804391860961914,0.341763973236084,55.42148823082764,0,1,0.125,1.9900000048801303,0.35417237877845764,1,1,0,0,1,0,0,0,0,0,0,active_legacy_best
vehicle_instability_allraw__zx__2025_09_27_18_17_48__000522640__pre2_label2_old_main,vehicle_instability_allraw__zx__2025_09_27_18_17_48__000522640,zx,2025_09_27_18_17_48,pre2_label2_old_main,session_level_split,train,active_legacy_best,0.5182967782020569,1.4243640899658203,0.6113725304603577,0.8129915595054626,0.42922489745934866,1,0,0.16499996185302734,0.5049999905750155,0.8138017654418945,1,1,1,0,0,0,0,1,0,1,0,active_legacy_best
vehicle_instability_allraw__zx__2025_09_27_18_17_48__000534070__pre2_label2_old_main,vehicle_instability_allraw__zx__2025_09_27_18_17_48__000534070,zx,2025_09_27_18_17_48,pre2_label2_old_main,session_level_split,train,active_legacy_best,0.3737282156944275,0.4527379870414734,0.5071837902069092,0.05444580316543579,1.1202589681533577,1,0,0.3799999952316284,0.08999999891966581,0.068398118019104,0,1,1,0,0,0,0,0,0,0,0,active_legacy_best
vehicle_instability_allraw__zx__2025_09_27_18_17_48__000554770__pre2_label2_old_main,vehicle_instability_allraw__zx__2025_09_27_18_17_48__000554770,zx,2025_09_27_18_17_48,pre2_label2_old_main,session_level_split,train,active_legacy_best,0.19034239649772644,0.45012038946151733,0.3541572093963623,0.09596318006515503,0.786805525117499,1,0,0.2799999713897705,0.9499999834224582,0.2712775766849518,1,0,2,3,0,1,1,0,0,0,0,active_legacy_best
vehicle_instability_allraw__zxy__2025_09_28_16_12_11__000090925__pre2_label2_old_main,vehicle_instability_allraw__zxy__2025_09_28_16_12_11__000090925,zxy,2025_09_28_16_12_11,pre2_label2_old_main,session_level_split,train,active_legacy_best,0.45535382628440857,0.8772020936012268,0.10455486178398132,0.7726472318172455,0.11919130442877354,0,1,0.30500006675720215,1.8050000071525574,0.18712124973535538,0,1,5,0,0,1,0,0,0,1,0,active_legacy_best
vehicle_instability_allraw__zxy__2025_09_28_16_12_11__000137440__pre2_label2_old_main,vehicle_instability_allraw__zxy__2025_09_28_16_12_11__000137440,zxy,2025_09_28_16_12_11,pre2_label2_old_main,session_level_split,train,active_legacy_best,0.2642286717891693,0.7414107322692871,0.7713537812232971,0.02994304895401001,1.0403865868819584,1,0,0.24500000476837158,0.5550000024959445,0.8599248230457306,1,1,5,0,0,1,0,0,0,0,0,active_legacy_best
vehicle_instability_allraw__zxy__2025_09_28_16_12_11__000283050__pre2_label2_old_main,vehicle_instability_allraw__zxy__2025_09_28_16_12_11__000283050,zxy,2025_09_28_16_12_11,pre2_label2_old_main,session_level_split,train,active_legacy_best,0.3860987424850464,0.5078909993171692,0.6274891495704651,0.1195981502532959,1.2354799561600596,1,0,0.4700000286102295,0.3600000096485019,0.4387775957584381,1,0,3,0,0,1,0,0,0,0,0,active_legacy_best
vehicle_instability_allraw__zxy__2025_09_28_16_12_11__000387335__pre2_label2_old_main,vehicle_instability_allraw__zxy__2025_09_28_16_12_11__000387335,zxy,2025_09_28_16_12_11,pre2_label2_old_main,session_level_split,train,active_legacy_best,0.4394134283065796,1.0789631605148315,0.3133876323699951,0.7655755281448364,0.29045257877058656,1,0,0.26499998569488525,0.8650000048801303,0.06204491853713989,0,1,1,0,0,0,0,0,0,1,0,active_legacy_best
vehicle_instability_allraw__zxy__2025_09_28_16_12_11__000583615__pre2_label2_old_main,vehicle_instability_allraw__zxy__2025_09_28_16_12_11__000583615,zxy,2025_09_28_16_12_11,pre2_label2_old_main,session_level_split,train,active_legacy_best,0.7011194229125977,1.623155951499939,0.27689942717552185,1.3462565243244171,0.17059323653999015,1,0,0.3500000238418579,0.7000000476837158,1.3476311564445496,1,1,4,0,0,1,0,1,0,1,1,active_legacy_best
vehicle_instability_allraw__zxy__2025_09_28_16_25_51__000075720__pre2_label2_old_main,vehicle_instability_allraw__zxy__2025_09_28_16_25_51__000075720,zxy,2025_09_28_16_25_51,pre2_label2_old_main,session_level_split,train,active_legacy_best,0.5868706703186035,1.3763669729232788,0.4082261025905609,0.9681408703327179,0.2965968456243364,1,0,0.4150000810623169,0.6800000024959445,0.37030526995658875,0,1,2,0,0,1,0,1,0,1,0,active_legacy_best
vehicle_instability_allraw__zxy__2025_09_28_16_25_51__000121595__pre2_label2_old_main,vehicle_instability_allraw__zxy__2025_09_28_16_25_51__000121595,zxy,2025_09_28_16_25_51,pre2_label2_old_main,session_level_split,train,active_legacy_best,0.44613122940063477,0.9423000812530518,1.197312593460083,0.25501251220703125,1.2706277090286575,1,0,0.40000003576278687,0.3650000048801303,0.6537274420261383,1,0,3,8,0,1,1,0,0,0,0,active_legacy_best
vehicle_instability_allraw__zxy__2025_09_28_16_25_51__000164340__pre2_label2_old_main,vehicle_instability_allraw__zxy__2025_09_28_16_25_51__000164340,zxy,2025_09_28_16_25_51,pre2_label2_old_main,session_level_split,train,active_legacy_best,0.358670711517334,0.5681046843528748,0.16947041451931,0.39863426983356476,0.2983084265752058,0,1,0.940000057220459,0.28999998699873686,0.07495144009590149,0,1,5,0,0,1,0,0,0,1,0,active_legacy_best
vehicle_instability_allraw__zxy__2025_09_28_16_25_51__000254260__pre2_label2_old_main,vehicle_instability_allraw__zxy__2025_09_28_16_25_51__000254260,zxy,2025_09_28_16_25_51,pre2_label2_old_main,session_level_split,train,active_legacy_best,0.19998951256275177,0.31782469153404236,0.1464587152004242,0.17136597633361816,0.4608160382175245,0,1,1.880000002682209,0.07499999832361937,0.3791835233569145,1,1,4,0,0,1,0,0,0,1,0,active_legacy_best
vehicle_instability_allraw__zxy__2025_09_28_16_25_51__000417935__pre2_label2_old_main,vehicle_instability_allraw__zxy__2025_09_28_16_25_51__000417935,zxy,2025_09_28_16_25_51,pre2_label2_old_main,session_level_split,train,active_legacy_best,0.4298950731754303,0.9688330292701721,0.20499177277088165,0.7638412564992905,0.21158627604315186,1,0,0.24500000476837158,1.0049999905750155,0.14407144486904144,0,1,4,0,0,1,0,0,0,1,0,active_legacy_best
vehicle_instability_allraw__zxy__2025_09_28_16_25_51__000433375__pre2_label2_old_main,vehicle_instability_allraw__zxy__2025_09_28_16_25_51__000433375,zxy,2025_09_28_16_25_51,pre2_label2_old_main,session_level_split,train,active_legacy_best,0.2657642364501953,0.3305653929710388,0.22468677163124084,0.10587862133979797,0.6797044591141636,1,0,0.5199999809265137,0.05999999772757292,0.2935296520590782,1,1,4,0,0,1,0,0,0,0,0,active_legacy_best
vehicle_instability_allraw__cwh__2025_09_26_19_56_16__000080745__pre2_label2_old_main,vehicle_instability_allraw__cwh__2025_09_26_19_56_16__000080745,cwh,2025_09_26_19_56_16,pre2_label2_old_main,session_level_split,val,active_legacy_best,0.15748418867588043,0.4502948820590973,0.25381267070770264,0.19648221135139465,0.5636587952034328,1,0,0.7700001001358032,0.5149999810382724,0.011943310499191284,0,1,2,0,0,1,0,0,0,0,0,active_legacy_best
vehicle_instability_allraw__cwh__2025_09_26_19_56_16__000181990__pre2_label2_old_main,vehicle_instability_allraw__cwh__2025_09_26_19_56_16__000181990,cwh,2025_09_26_19_56_16,pre2_label2_old_main,session_level_split,val,active_legacy_best,0.313140869140625,0.5911429524421692,0.5118200778961182,0.07932287454605103,0.8658143952856968,1,0,0.15000009536743164,0.6849999977275729,0.018245220184326172,0,1,2,0,0,1,0,0,0,0,0,active_legacy_best
vehicle_instability_allraw__cwh__2025_09_26_19_56_16__000205130__pre2_label2_old_main,vehicle_instability_allraw__cwh__2025_09_26_19_56_16__000205130,cwh,2025_09_26_19_56_16,pre2_label2_old_main,session_level_split,val,active_legacy_best,0.49834683537483215,0.8892450332641602,0.347463458776474,0.5417815744876862,0.39073983635425724,1,0,0.02499997615814209,0.13000000547617674,0.537166953086853,1,1,1,0,0,0,0,0,0,1,0,active_legacy_best
vehicle_instability_allraw__cwh__2025_09_26_19_56_16__000213660__pre2_label2_old_main,vehicle_instability_allraw__cwh__2025_09_26_19_56_16__000213660,cwh,2025_09_26_19_56_16,pre2_label2_old_main,session_level_split,val,active_legacy_best,0.5457284450531006,1.1243412494659424,0.592412531375885,0.5319287180900574,0.5268974447546763,1,0,0.17499995231628418,1.0549999428912997,0.5007519721984863,0,1,2,0,0,1,0,0,0,0,0,active_legacy_best
vehicle_instability_allraw__cwh__2025_09_26_19_56_16__000287875__pre2_label2_old_main,vehicle_instability_allraw__cwh__2025_09_26_19_56_16__000287875,cwh,2025_09_26_19_56_16,pre2_label2_old_main,session_level_split,val,active_legacy_best,0.3726193904876709,0.9805259704589844,0.5482553839683533,0.4322705864906311,0.5591441741331082,1,0,0.36000001430511475,0.40999999176710844,0.7538734376430511,1,1,2,0,0,1,0,0,0,0,0,active_legacy_best
vehicle_instability_allraw__cwh__2025_09_26_19_56_16__000309365__pre2_label2_old_main,vehicle_instability_allraw__cwh__2025_09_26_19_56_16__000309365,cwh,2025_09_26_19_56_16,pre2_label2_old_main,session_level_split,val,active_legacy_best,0.7891780138015747,1.358564019203186,0.20446939766407013,1.154094621539116,0.15050405779478385,1,0,0.690000057220459,1.5750000178813934,0.49133844673633575,0,1,2,0,0,1,0,0,0,1,0,active_legacy_best
vehicle_instability_allraw__cwh__2025_09_26_19_56_16__000329785__pre2_label2_old_main,vehicle_instability_allraw__cwh__2025_09_26_19_56_16__000329785,cwh,2025_09_26_19_56_16,pre2_label2_old_main,session_level_split,val,active_legacy_best,0.7098531126976013,1.5020259618759155,0.7268856763839722,0.7751402854919434,0.4839368258829212,1,0,0.4099999666213989,0.1149999974295497,0.22059983015060425,0,1,2,0,0,1,0,1,0,1,0,active_legacy_best
vehicle_instability_allraw__cwh__2025_09_26_19_56_16__000388180__pre2_label2_old_main,vehicle_instability_allraw__cwh__2025_09_26_19_56_16__000388180,cwh,2025_09_26_19_56_16,pre2_label2_old_main,session_level_split,val,active_legacy_best,0.49831581115722656,0.9496341347694397,0.1469365954399109,0.8026975393295288,0.1547296901617647,1,0,0.5600000619888306,1.4399999976158142,0.06948506832122803,0,1,2,0,0,1,0,0,0,1,0,active_legacy_best
vehicle_instability_allraw__jy__2025_09_26_18_01_40__000064705__pre2_label2_old_main,vehicle_instability_allraw__jy__2025_09_26_18_01_40__000064705,jy,2025_09_26_18_01_40,pre2_label2_old_main,session_level_split,val,active_legacy_best,0.5415915250778198,1.2203320264816284,0.3690353333950043,0.8512966930866241,0.3024056776244575,1,0,0.004999995231628418,0.9250000072643161,0.4204263389110565,0,1,6,0,0,1,0,0,0,1,0,active_legacy_best
vehicle_instability_allraw__jy__2025_09_26_18_01_40__000136325__pre2_label2_old_main,vehicle_instability_allraw__jy__2025_09_26_18_01_40__000136325,jy,2025_09_26_18_01_40,pre2_label2_old_main,session_level_split,val,active_legacy_best,0.7669621109962463,1.1634371280670166,1.743865728378296,0.5804286003112793,1.4988912475877643,1,0,0.17500001192092896,0.09500000160187483,1.115015685558319,1,0,3,9,0,1,1,0,0,0,0,active_legacy_best
vehicle_instability_allraw__jy__2025_09_26_18_01_40__000198735__pre2_label2_old_main,vehicle_instability_allraw__jy__2025_09_26_18_01_40__000198735,jy,2025_09_26_18_01_40,pre2_label2_old_main,session_level_split,val,active_legacy_best,0.8173122406005859,1.3861379623413086,0.8328510522842407,0.5532869100570679,0.6008428272734716,1,0,0.41999995708465576,0.10499999951571226,0.16122275590896606,0,1,4,0,0,1,0,0,0,0,0,active_legacy_best
vehicle_instability_allraw__jy__2025_09_26_18_01_40__000268335__pre2_label2_old_main,vehicle_instability_allraw__jy__2025_09_26_18_01_40__000268335,jy,2025_09_26_18_01_40,pre2_label2_old_main,session_level_split,val,active_legacy_best,0.5712368488311768,0.30019599199295044,0.4102344512939453,0.11003845930099487,1.3665553912644475,0,1,1.9950000001117587,0.3700000001117587,0.5926567018032074,1,0,2,0,0,1,0,0,0,0,0,active_legacy_best
vehicle_instability_allraw__jy__2025_09_26_18_01_40__000326600__pre2_label2_old_main,vehicle_instability_allraw__jy__2025_09_26_18_01_40__000326600,jy,2025_09_26_18_01_40,pre2_label2_old_main,session_level_split,val,active_legacy_best,0.6436294317245483,1.1723370552062988,0.25327491760253906,0.9190621376037598,0.21604274681735594,1,0,0.4200000762939453,0.1450000060722232,0.016418278217315674,0,1,5,0,0,1,0,0,0,1,0,active_legacy_best
vehicle_instability_allraw__jy__2025_09_26_18_01_40__000403800__pre2_label2_old_main,vehicle_instability_allraw__jy__2025_09_26_18_01_40__000403800,jy,2025_09_26_18_01_40,pre2_label2_old_main,session_level_split,val,active_legacy_best,0.2266950160264969,0.474729984998703,0.04387984052300453,0.43085014447569847,0.0924311543605665,1,0,0.39499998092651367,1.5450000166893005,0.14909536018967628,0,1,2,0,0,1,0,0,0,1,0,active_legacy_best
vehicle_instability_allraw__jy__2025_09_26_18_01_40__000498140__pre2_label2_old_main,vehicle_instability_allraw__jy__2025_09_26_18_01_40__000498140,jy,2025_09_26_18_01_40,pre2_label2_old_main,session_level_split,val,active_legacy_best,0.34542369842529297,0.6000442504882812,0.3302884101867676,0.26975584030151367,0.5504400882401557,1,0,1.1349999904632568,0.12499999534338713,0.26328325271606445,0,1,1,0,0,0,0,0,0,0,0,active_legacy_best
vehicle_instability_allraw__lx__2025_09_26_08_58_43__000154775__pre2_label2_old_main,vehicle_instability_allraw__lx__2025_09_26_08_58_43__000154775,lx,2025_09_26_08_58_43,pre2_label2_old_main,session_level_split,val,active_legacy_best,0.5681731700897217,1.279327392578125,1.444104790687561,0.16477739810943604,1.128800023407123,1,0,1.4700000286102295,0.19500000309199095,0.12840962409973145,0,0,6,8,0,1,1,0,0,0,0,active_legacy_best
vehicle_instability_allraw__lx__2025_09_26_08_58_43__000250000__pre2_label2_old_main,vehicle_instability_allraw__lx__2025_09_26_08_58_43__000250000,lx,2025_09_26_08_58_43,pre2_label2_old_main,session_level_split,val,active_legacy_best,1.2039051055908203,2.241180896759033,0.20047487318515778,2.0407060235738754,0.08945055415877587,1,0,0.15999996662139893,1.8149999976158142,2.042360469698906,1,1,3,0,0,1,0,1,0,1,1,active_legacy_best
vehicle_instability_allraw__lx__2025_09_26_09_06_38__000064800__pre2_label2_old_main,vehicle_instability_allraw__lx__2025_09_26_09_06_38__000064800,lx,2025_09_26_09_06_38,pre2_label2_old_main,session_level_split,val,active_legacy_best,0.253791481256485,0.3419094979763031,0.3500051200389862,0.008095622062683105,1.0236776752637746,1,0,1.1200000001117587,0.6949999881908298,0.34659958630800247,1,1,2,0,0,1,0,0,0,0,0,active_legacy_best
vehicle_instability_allraw__lx__2025_09_26_09_06_38__000215020__pre2_label2_old_main,vehicle_instability_allraw__lx__2025_09_26_09_06_38__000215020,lx,2025_09_26_09_06_38,pre2_label2_old_main,session_level_split,val,active_legacy_best,0.2839313745498657,0.7211702466011047,0.692635178565979,0.028535068035125732,0.9604322721720533,1,0,0.3200000524520874,0.17500000726431608,0.029492557048797607,0,0,4,0,0,1,0,0,0,0,0,active_legacy_best
vehicle_instability_allraw__lx__2025_09_26_09_06_38__000220235__pre2_label2_old_main,vehicle_instability_allraw__lx__2025_09_26_09_06_38__000220235,lx,2025_09_26_09_06_38,pre2_label2_old_main,session_level_split,val,active_legacy_best,0.8323673605918884,1.7544076442718506,0.5903143286705017,1.1640933156013489,0.3364750094414379,1,0,0.24500000476837158,0.9700000239536166,0.9627625942230225,1,1,4,0,0,1,0,1,0,1,1,active_legacy_best
vehicle_instability_allraw__rjy__2025_09_28_20_15_42__000053260__pre2_label2_old_main,vehicle_instability_allraw__rjy__2025_09_28_20_15_42__000053260,rjy,2025_09_28_20_15_42,pre2_label2_old_main,session_level_split,val,active_legacy_best,0.5875312685966492,1.3060343265533447,0.2173387110233307,1.088695615530014,0.16641117817851897,1,0,1.1950000524520874,0.8600000143051147,1.0645929425954819,1,1,3,0,0,1,0,0,0,1,0,active_legacy_best
vehicle_instability_allraw__rjy__2025_09_28_20_15_42__000083920__pre2_label2_old_main,vehicle_instability_allraw__rjy__2025_09_28_20_15_42__000083920,rjy,2025_09_28_20_15_42,pre2_label2_old_main,session_level_split,val,active_legacy_best,0.7372553944587708,1.397834062576294,0.360649436712265,1.037184625864029,0.2580059009633561,1,0,0.40500009059906006,0.23499999474734068,0.5721000134944916,0,1,2,0,0,1,0,0,0,1,0,active_legacy_best
vehicle_instability_allraw__rjy__2025_09_28_20_15_42__000141460__pre2_label2_old_main,vehicle_instability_allraw__rjy__2025_09_28_20_15_42__000141460,rjy,2025_09_28_20_15_42,pre2_label2_old_main,session_level_split,val,active_legacy_best,0.5549919009208679,0.6185445785522461,0.24224039912223816,0.37630417943000793,0.3916296537417263,0,1,0.8650000691413879,0.13000000547617674,0.4740227460861206,1,1,5,0,0,1,0,0,0,1,0,active_legacy_best
vehicle_instability_allraw__rjy__2025_09_28_20_15_42__000176595__pre2_label2_old_main,vehicle_instability_allraw__rjy__2025_09_28_20_15_42__000176595,rjy,2025_09_28_20_15_42,pre2_label2_old_main,session_level_split,val,active_legacy_best,0.293000727891922,0.5485569834709167,0.5651544332504272,0.016597449779510498,1.0302565645495796,1,0,0.9050000309944153,0.3050000024959445,0.22922706604003906,0,1,3,0,0,1,0,0,0,0,0,active_legacy_best
vehicle_instability_allraw__rjy__2025_09_28_20_15_42__000180710__pre2_label2_old_main,vehicle_instability_allraw__rjy__2025_09_28_20_15_42__000180710,rjy,2025_09_28_20_15_42,pre2_label2_old_main,session_level_split,val,active_legacy_best,0.8586448431015015,1.3423329591751099,0.2686629593372345,1.0736699998378754,0.20014628822221067,1,0,0.3250000476837158,1.7250000461935997,1.0204103887081146,1,1,4,0,0,1,0,0,0,1,0,active_legacy_best
vehicle_instability_allraw__rjy__2025_09_28_20_15_42__000207755__pre2_label2_old_main,vehicle_instability_allraw__rjy__2025_09_28_20_15_42__000207755,rjy,2025_09_28_20_15_42,pre2_label2_old_main,session_level_split,val,active_legacy_best,0.23656335473060608,0.4818854033946991,0.43565407395362854,0.04623132944107056,0.9040615691710343,1,0,0.029999971389770508,0.5900000287219882,0.02488929033279419,0,1,5,0,0,1,0,0,0,0,0,active_legacy_best
vehicle_instability_allraw__rjy__2025_09_28_20_15_42__000221270__pre2_label2_old_main,vehicle_instability_allraw__rjy__2025_09_28_20_15_42__000221270,rjy,2025_09_28_20_15_42,pre2_label2_old_main,session_level_split,val,active_legacy_best,0.3856699466705322,0.7922049760818481,0.4506462514400482,0.3415587246417999,0.5688505690394563,1,0,0.33500003814697266,0.45000001322478056,0.8743320405483246,1,1,3,0,0,1,0,0,0,0,0,active_legacy_best
vehicle_instability_allraw__rjy__2025_09_28_20_15_42__000243190__pre2_label2_old_main,vehicle_instability_allraw__rjy__2025_09_28_20_15_42__000243190,rjy,2025_09_28_20_15_42,pre2_label2_old_main,session_level_split,val,active_legacy_best,0.4680807888507843,0.5230798721313477,0.15357425808906555,0.3695056140422821,0.2935961910813161,0,1,0.16999995708465576,0.22999999951571226,0.6762768030166626,1,0,2,0,0,1,0,0,0,1,0,active_legacy_best
vehicle_instability_allraw__rjy__2025_09_28_20_15_42__000263080__pre2_label2_old_main,vehicle_instability_allraw__rjy__2025_09_28_20_15_42__000263080,rjy,2025_09_28_20_15_42,pre2_label2_old_main,session_level_split,val,active_legacy_best,0.9202146530151367,0.9004119634628296,0.2206895500421524,0.6797224134206772,0.24509842049790004,0,1,0.9550000429153442,0.0850000036880374,1.096091866493225,1,0,4,0,0,1,0,0,0,1,0,active_legacy_best
vehicle_instability_allraw__rjy__2025_09_28_20_15_42__000329805__pre2_label2_old_main,vehicle_instability_allraw__rjy__2025_09_28_20_15_42__000329805,rjy,2025_09_28_20_15_42,pre2_label2_old_main,session_level_split,val,active_legacy_best,0.13181965053081512,0.36372628808021545,0.1617737114429474,0.20195257663726807,0.44476771887125777,1,0,0.059999942779541016,0.19500000309199095,0.2017785906791687,1,0,0,0,1,0,0,0,0,1,0,active_legacy_best
vehicle_instability_allraw__rjy__2025_09_28_20_15_42__000378840__pre2_label2_old_main,vehicle_instability_allraw__rjy__2025_09_28_20_15_42__000378840,rjy,2025_09_28_20_15_42,pre2_label2_old_main,session_level_split,val,active_legacy_best,0.11683930456638336,0.3790860176086426,0.24573948979377747,0.1333465278148651,0.6482420305131692,1,0,0.125,0.3950000060722232,0.1339094042778015,0,0,2,0,0,1,0,0,0,0,0,active_legacy_best
vehicle_instability_allraw__rjy__2025_09_28_20_15_42__000382075__pre2_label2_old_main,vehicle_instability_allraw__rjy__2025_09_28_20_15_42__000382075,rjy,2025_09_28_20_15_42,pre2_label2_old_main,session_level_split,val,active_legacy_best,0.9238941669464111,2.055994987487793,0.023052407428622246,2.0329425800591707,0.011212287757953064,1,0,0.8250000476837158,0.9850000143051147,1.1389566473662853,1,1,2,0,0,1,0,1,0,1,1,active_legacy_best
vehicle_instability_allraw__rjy__2025_09_28_20_15_42__000404975__pre2_label2_old_main,vehicle_instability_allraw__rjy__2025_09_28_20_15_42__000404975,rjy,2025_09_28_20_15_42,pre2_label2_old_main,session_level_split,val,active_legacy_best,0.7684609293937683,1.5289053916931152,0.12005671858787537,1.4088486731052399,0.07852462241298275,1,0,0.9800000190734863,1.199999988079071,0.8803715407848358,1,1,6,0,0,1,0,1,0,1,0,active_legacy_best
vehicle_instability_allraw__rjy__2025_09_28_20_15_42__000465625__pre2_label2_old_main,vehicle_instability_allraw__rjy__2025_09_28_20_15_42__000465625,rjy,2025_09_28_20_15_42,pre2_label2_old_main,session_level_split,val,active_legacy_best,0.5411846041679382,1.5016840696334839,0.4115404486656189,1.090143620967865,0.2740526166506272,1,0,0.020000100135803223,0.1450000060722232,0.9175148606300354,1,0,5,0,0,1,0,1,0,1,0,active_legacy_best
vehicle_instability_allraw__rjy__2025_09_28_20_15_42__000547420__pre2_label2_old_main,vehicle_instability_allraw__rjy__2025_09_28_20_15_42__000547420,rjy,2025_09_28_20_15_42,pre2_label2_old_main,session_level_split,val,active_legacy_best,0.19634705781936646,0.41032809019088745,0.22376655042171478,0.18656153976917267,0.5453356856890228,1,0,1.1550000309944153,0.0549999987706542,0.4932779371738434,1,1,3,0,0,1,0,0,0,0,0,active_legacy_best
vehicle_instability_allraw__rjy__2025_09_28_20_15_42__000560065__pre2_label2_old_main,vehicle_instability_allraw__rjy__2025_09_28_20_15_42__000560065,rjy,2025_09_28_20_15_42,pre2_label2_old_main,session_level_split,val,active_legacy_best,0.24046500027179718,0.1830849051475525,0.3625513017177582,0.1794663965702057,1.9802358988883844,1,0,0.009999990463256836,0.06500000040978193,0.31184059381484985,1,0,1,0,0,0,0,0,0,0,0,active_legacy_best
vehicle_instability_allraw__rjy__2025_09_28_20_15_42__000576845__pre2_label2_old_main,vehicle_instability_allraw__rjy__2025_09_28_20_15_42__000576845,rjy,2025_09_28_20_15_42,pre2_label2_old_main,session_level_split,val,active_legacy_best,0.38952213525772095,0.7536333799362183,0.0286237932741642,0.7250095866620541,0.037981058212398576,0,1,1.0399999478831887,1.8250000029802322,0.07454881817102432,0,1,3,0,0,1,0,0,0,1,0,active_legacy_best
vehicle_instability_allraw__txj__2025_09_27_08_40_46__000101490__pre2_label2_old_main,vehicle_instability_allraw__txj__2025_09_27_08_40_46__000101490,txj,2025_09_27_08_40_46,pre2_label2_old_main,session_level_split,val,active_legacy_best,0.38539111614227295,0.5785759687423706,0.015541881322860718,0.5630340874195099,0.02686230013431691,0,1,1.3649999955669045,1.8650000095367432,0.34579630568623543,1,1,4,0,0,1,0,0,0,1,0,active_legacy_best
vehicle_instability_allraw__txj__2025_09_27_08_40_46__000127395__pre2_label2_old_main,vehicle_instability_allraw__txj__2025_09_27_08_40_46__000127395,txj,2025_09_27_08_40_46,pre2_label2_old_main,session_level_split,val,active_legacy_best,1.9025055170059204,4.216361999511719,0.5007391571998596,3.715622842311859,0.1187609501408675,1,0,0.13499999046325684,1.4850000143051147,0.9445929527282715,0,1,2,0,0,1,0,1,0,1,1,active_legacy_best
vehicle_instability_allraw__txj__2025_09_27_08_40_46__000139565__pre2_label2_old_main,vehicle_instability_allraw__txj__2025_09_27_08_40_46__000139565,txj,2025_09_27_08_40_46,pre2_label2_old_main,session_level_split,val,active_legacy_best,0.4638465940952301,0.2876300811767578,0.3043237328529358,0.01669365167617798,1.0580386154601096,0,1,1.0600000023841858,0.2700000060722232,0.39095669984817505,1,0,1,0,0,0,0,0,0,0,0,active_legacy_best
vehicle_instability_allraw__txj__2025_09_27_08_40_46__000148560__pre2_label2_old_main,vehicle_instability_allraw__txj__2025_09_27_08_40_46__000148560,txj,2025_09_27_08_40_46,pre2_label2_old_main,session_level_split,val,active_legacy_best,1.6025242805480957,2.634920120239258,0.42839959263801575,2.206520527601242,0.16258541932539342,1,0,0.16499996185302734,1.425000011920929,2.2066285610198975,1,1,3,0,0,1,0,1,0,1,1,active_legacy_best
vehicle_instability_allraw__txj__2025_09_27_08_40_46__000197190__pre2_label2_old_main,vehicle_instability_allraw__txj__2025_09_27_08_40_46__000197190,txj,2025_09_27_08_40_46,pre2_label2_old_main,session_level_split,val,active_legacy_best,0.2714053988456726,0.8894202709197998,1.005101203918457,0.11568093299865723,1.1300632971621223,1,0,0.3449999690055847,0.2450000001117587,0.3089674115180969,0,0,2,1,0,1,0,0,0,0,0,active_legacy_best
vehicle_instability_allraw__txj__2025_09_27_08_40_46__000234385__pre2_label2_old_main,vehicle_instability_allraw__txj__2025_09_27_08_40_46__000234385,txj,2025_09_27_08_40_46,pre2_label2_old_main,session_level_split,val,active_legacy_best,0.4452018141746521,1.0271259546279907,0.14040851593017578,0.8867174386978149,0.1367003874233025,1,0,1.4800000190734863,1.8299999982118607,0.8887705653905869,1,1,1,0,0,0,0,0,0,1,0,active_legacy_best
vehicle_instability_allraw__txj__2025_09_27_08_40_46__000275545__pre2_label2_old_main,vehicle_instability_allraw__txj__2025_09_27_08_40_46__000275545,txj,2025_09_27_08_40_46,pre2_label2_old_main,session_level_split,val,active_legacy_best,1.2749813795089722,5.185723781585693,0.2155677080154419,4.9701560735702515,0.041569454350984636,1,0,0.36000001430511475,0.26499998569488525,4.970665335655212,1,0,2,0,0,1,0,1,0,1,1,active_legacy_best
vehicle_instability_allraw__txj__2025_09_27_08_40_46__000301130__pre2_label2_old_main,vehicle_instability_allraw__txj__2025_09_27_08_40_46__000301130,txj,2025_09_27_08_40_46,pre2_label2_old_main,session_level_split,val,active_legacy_best,0.20258289575576782,0.572642982006073,0.2619991898536682,0.3106437921524048,0.4575262390116739,1,0,0.38499999046325684,0.47499998938292265,0.042241036891937256,0,1,3,0,0,1,0,0,0,1,0,active_legacy_best
vehicle_instability_allraw__txj__2025_09_27_08_40_46__000349320__pre2_label2_old_main,vehicle_instability_allraw__txj__2025_09_27_08_40_46__000349320,txj,2025_09_27_08_40_46,pre2_label2_old_main,session_level_split,val,active_legacy_best,0.20262572169303894,0.2565630078315735,0.07816819846630096,0.17839480936527252,0.30467447013100274,0,1,0.759999985806644,0.0850000036880374,0.06493195705115795,0,1,1,0,0,0,0,0,0,1,0,active_legacy_best
vehicle_instability_allraw__txj__2025_09_27_08_40_46__000380365__pre2_label2_old_main,vehicle_instability_allraw__txj__2025_09_27_08_40_46__000380365,txj,2025_09_27_08_40_46,pre2_label2_old_main,session_level_split,val,active_legacy_best,0.8905252814292908,1.8704689741134644,0.6127957105636597,1.2576732635498047,0.3276160786650327,1,0,0.25999999046325684,0.7950000120326877,1.0762692093849182,1,1,2,0,0,1,0,1,0,1,1,active_legacy_best
vehicle_instability_allraw__txj__2025_09_27_08_40_46__000429020__pre2_label2_old_main,vehicle_instability_allraw__txj__2025_09_27_08_40_46__000429020,txj,2025_09_27_08_40_46,pre2_label2_old_main,session_level_split,val,active_legacy_best,2.6810014247894287,4.41864538192749,0.7434156537055969,3.6752297282218933,0.1682451496891353,1,0,0.46000003814697266,1.8950000032782555,1.334632694721222,0,1,2,0,0,1,0,1,0,1,1,active_legacy_best
vehicle_instability_allraw__txj__2025_09_27_08_40_46__000441855__pre2_label2_old_main,vehicle_instability_allraw__txj__2025_09_27_08_40_46__000441855,txj,2025_09_27_08_40_46,pre2_label2_old_main,session_level_split,val,active_legacy_best,0.14735665917396545,0.008899927139282227,0.14479570090770721,0.135895773768425,16.269313067588204,0,1,1.3400000035762787,1.9900000048801303,0.144178569316864,1,1,0,0,1,0,0,0,0,0,0,active_legacy_best
vehicle_instability_allraw__txj__2025_09_27_08_40_46__000456700__pre2_label2_old_main,vehicle_instability_allraw__txj__2025_09_27_08_40_46__000456700,txj,2025_09_27_08_40_46,pre2_label2_old_main,session_level_split,val,active_legacy_best,0.6625025272369385,0.6548479795455933,0.38756442070007324,0.26728355884552,0.5918387668677069,0,1,0.12999999523162842,0.8249999834224582,1.0398530960083008,1,0,0,0,1,0,0,0,0,0,0,active_legacy_best
vehicle_instability_allraw__txj__2025_09_27_08_40_46__000481115__pre2_label2_old_main,vehicle_instability_allraw__txj__2025_09_27_08_40_46__000481115,txj,2025_09_27_08_40_46,pre2_label2_old_main,session_level_split,val,active_legacy_best,1.5476059913635254,3.2128028869628906,0.5148651599884033,2.6979377269744873,0.16025420111443964,1,0,0.35500001907348633,1.7400000095367432,0.8327973484992981,0,1,2,0,0,1,0,1,0,1,1,active_legacy_best
vehicle_instability_allraw__txj__2025_09_27_08_40_46__000496300__pre2_label2_old_main,vehicle_instability_allraw__txj__2025_09_27_08_40_46__000496300,txj,2025_09_27_08_40_46,pre2_label2_old_main,session_level_split,val,active_legacy_best,0.06148451566696167,0.06352996826171875,0.09894974529743195,0.035419777035713196,1.5575286436441695,1,0,0.3450000286102295,0.3000000072643161,0.03501129150390625,1,0,0,0,1,0,0,0,0,0,0,active_legacy_best
vehicle_instability_allraw__txj__2025_09_27_08_40_46__000505285__pre2_label2_old_main,vehicle_instability_allraw__txj__2025_09_27_08_40_46__000505285,txj,2025_09_27_08_40_46,pre2_label2_old_main,session_level_split,val,active_legacy_best,0.6264595985412598,1.111420750617981,0.24676433205604553,0.8646564185619354,0.22202602562426307,1,0,0.16499996185302734,0.03000000026077032,0.864867776632309,1,1,4,0,0,1,0,0,0,1,0,active_legacy_best
vehicle_instability_allraw__txj__2025_09_27_08_40_46__000566095__pre2_label2_old_main,vehicle_instability_allraw__txj__2025_09_27_08_40_46__000566095,txj,2025_09_27_08_40_46,pre2_label2_old_main,session_level_split,val,active_legacy_best,1.327388048171997,2.676989793777466,0.7026450037956238,1.974344789981842,0.26247578732981663,1,0,0.6800000667572021,0.2750000013038516,1.1815040111541748,0,1,3,0,0,1,0,1,0,1,1,active_legacy_best
vehicle_instability_allraw__txj__2025_09_27_08_40_46__000582870__pre2_label2_old_main,vehicle_instability_allraw__txj__2025_09_27_08_40_46__000582870,txj,2025_09_27_08_40_46,pre2_label2_old_main,session_level_split,val,active_legacy_best,0.791331946849823,0.6042299270629883,0.41553378105163574,0.18869614601135254,0.6877080436439855,0,1,0.125,0.18499999772757292,1.0004328191280365,1,0,3,0,0,1,0,0,0,0,0,active_legacy_best
vehicle_instability_allraw__txj__2025_09_27_08_40_46__000633830__pre2_label2_old_main,vehicle_instability_allraw__txj__2025_09_27_08_40_46__000633830,txj,2025_09_27_08_40_46,pre2_label2_old_main,session_level_split,val,active_legacy_best,0.19400738179683685,0.20996299386024475,0.25554394721984863,0.04558095335960388,1.217090414465815,1,0,1.2550000548362732,0.08999999891966581,0.19716081023216248,1,1,6,0,0,1,0,0,0,0,0,active_legacy_best
vehicle_instability_allraw__txj__2025_09_27_08_40_46__000660595__pre2_label2_old_main,vehicle_instability_allraw__txj__2025_09_27_08_40_46__000660595,txj,2025_09_27_08_40_46,pre2_label2_old_main,session_level_split,val,active_legacy_best,1.278578281402588,2.2067930698394775,0.5899480581283569,1.6168450117111206,0.26733274913323424,1,0,0.23000001907348633,0.23499999474734068,0.7806844711303711,0,1,4,0,0,1,0,1,0,1,1,active_legacy_best
vehicle_instability_allraw__txj__2025_09_27_08_40_46__000687315__pre2_label2_old_main,vehicle_instability_allraw__txj__2025_09_27_08_40_46__000687315,txj,2025_09_27_08_40_46,pre2_label2_old_main,session_level_split,val,active_legacy_best,0.5029691457748413,1.191012978553772,0.4537660479545593,0.7372469305992126,0.3809916903723083,1,0,0.19000005722045898,0.9200000120326877,0.4763364791870117,0,1,2,0,0,1,0,0,0,1,0,active_legacy_best
vehicle_instability_allraw__txj__2025_09_27_08_40_46__000701725__pre2_label2_old_main,vehicle_instability_allraw__txj__2025_09_27_08_40_46__000701725,txj,2025_09_27_08_40_46,pre2_label2_old_main,session_level_split,val,active_legacy_best,0.7343629598617554,0.8930889964103699,0.32403627038002014,0.5690527260303497,0.3628264055233384,0,1,0.5900000333786011,0.19500000309199095,0.28003060817718506,0,1,1,0,0,0,0,0,0,1,0,active_legacy_best
vehicle_instability_allraw__txj__2025_09_27_08_53_44__000066375__pre2_label2_old_main,vehicle_instability_allraw__txj__2025_09_27_08_53_44__000066375,txj,2025_09_27_08_53_44,pre2_label2_old_main,session_level_split,val,active_legacy_best,0.5997318029403687,0.8972734808921814,0.06727858632802963,0.8299948945641518,0.07498113759155442,0,1,1.1399999260902405,1.7450000047683716,0.3309466391801834,0,0,3,0,0,1,0,0,0,1,0,active_legacy_best
vehicle_instability_allraw__txj__2025_09_27_08_53_44__000131105__pre2_label2_old_main,vehicle_instability_allraw__txj__2025_09_27_08_53_44__000131105,txj,2025_09_27_08_53_44,pre2_label2_old_main,session_level_split,val,active_legacy_best,0.604150116443634,0.9704005718231201,0.7323889136314392,0.2380116581916809,0.7547284440027469,1,0,0.5950000286102295,0.05999999772757292,0.4147662818431854,0,1,4,0,0,1,0,0,0,0,0,active_legacy_best
vehicle_instability_allraw__txj__2025_09_27_08_53_44__000149055__pre2_label2_old_main,vehicle_instability_allraw__txj__2025_09_27_08_53_44__000149055,txj,2025_09_27_08_53_44,pre2_label2_old_main,session_level_split,val,active_legacy_best,0.3713558614253998,1.235692024230957,0.8348628878593445,0.40082913637161255,0.6756237569623614,1,0,0.434999942779541,1.634999985806644,0.40780001878738403,0,1,3,1,0,1,0,0,0,0,0,active_legacy_best
vehicle_instability_allraw__txj__2025_09_27_08_53_44__000179280__pre2_label2_old_main,vehicle_instability_allraw__txj__2025_09_27_08_53_44__000179280,txj,2025_09_27_08_53_44,pre2_label2_old_main,session_level_split,val,active_legacy_best,1.123948097229004,2.4122233390808105,0.9609443545341492,1.4512789845466614,0.39836458712828876,1,0,0.2250000238418579,0.20499999355524778,0.37999552488327026,0,1,2,0,0,1,0,1,0,1,1,active_legacy_best
vehicle_instability_allraw__txj__2025_09_27_08_53_44__000236250__pre2_label2_old_main,vehicle_instability_allraw__txj__2025_09_27_08_53_44__000236250,txj,2025_09_27_08_53_44,pre2_label2_old_main,session_level_split,val,active_legacy_best,4.25108528137207,9.025800704956055,0.522308349609375,8.50349235534668,0.05786836721561736,1,0,0.6150000095367432,1.0799999833106995,6.4275219440460205,1,0,3,0,0,1,0,1,0,1,1,active_legacy_best
vehicle_instability_allraw__txj__2025_09_27_08_53_44__000300320__pre2_label2_old_main,vehicle_instability_allraw__txj__2025_09_27_08_53_44__000300320,txj,2025_09_27_08_53_44,pre2_label2_old_main,session_level_split,val,active_legacy_best,0.2238449901342392,0.3396410048007965,0.05525464564561844,0.28438635915517807,0.162685438049584,0,1,0.019999980926513672,1.9500000029802322,0.18082177639007568,1,1,1,0,0,0,0,0,0,1,0,active_legacy_best
vehicle_instability_allraw__txj__2025_09_27_08_53_44__000326790__pre2_label2_old_main,vehicle_instability_allraw__txj__2025_09_27_08_53_44__000326790,txj,2025_09_27_08_53_44,pre2_label2_old_main,session_level_split,val,active_legacy_best,0.6212208867073059,1.3283720016479492,0.5090408325195312,0.819331169128418,0.38320653543437105,1,0,0.434999942779541,0.1450000060722232,0.3719225078821182,0,1,3,0,0,1,0,0,0,1,0,active_legacy_best
vehicle_instability_allraw__txj__2025_09_27_08_53_44__000349545__pre2_label2_old_main,vehicle_instability_allraw__txj__2025_09_27_08_53_44__000349545,txj,2025_09_27_08_53_44,pre2_label2_old_main,session_level_split,val,active_legacy_best,0.37282294034957886,0.17645299434661865,0.36019212007522583,0.18373912572860718,2.041292194609494,0,1,1.9900000048801303,0.04500000085681677,0.4640955626964569,1,1,2,0,0,1,0,0,0,0,0,active_legacy_best
vehicle_instability_allraw__txj__2025_09_27_08_53_44__000386965__pre2_label2_old_main,vehicle_instability_allraw__txj__2025_09_27_08_53_44__000386965,txj,2025_09_27_08_53_44,pre2_label2_old_main,session_level_split,val,active_legacy_best,1.1682387590408325,2.1387240886688232,0.35130903124809265,1.7874150574207306,0.16426103446880477,1,0,0.4650000333786011,1.844999998807907,0.2879560887813568,0,1,2,0,0,1,0,1,0,1,1,active_legacy_best
vehicle_instability_allraw__txj__2025_09_27_08_53_44__000440380__pre2_label2_old_main,vehicle_instability_allraw__txj__2025_09_27_08_53_44__000440380,txj,2025_09_27_08_53_44,pre2_label2_old_main,session_level_split,val,active_legacy_best,1.7643851041793823,2.7464520931243896,0.31177711486816406,2.4346749782562256,0.11351995385198345,1,0,0.4500000476837158,1.844999998807907,0.47786304354667664,0,1,2,0,0,1,0,1,0,1,1,active_legacy_best
vehicle_instability_allraw__txj__2025_09_27_08_53_44__000453990__pre2_label2_old_main,vehicle_instability_allraw__txj__2025_09_27_08_53_44__000453990,txj,2025_09_27_08_53_44,pre2_label2_old_main,session_level_split,val,active_legacy_best,0.12500132620334625,0.2897300720214844,0.05589387193322182,0.23383620008826256,0.19291705394349645,0,1,1.4449999928474426,1.910000003874302,0.3450189679861069,1,0,2,0,0,1,0,0,0,1,0,active_legacy_best
vehicle_instability_allraw__txj__2025_09_27_08_53_44__000529515__pre2_label2_old_main,vehicle_instability_allraw__txj__2025_09_27_08_53_44__000529515,txj,2025_09_27_08_53_44,pre2_label2_old_main,session_level_split,val,active_legacy_best,0.333048015832901,0.6572909951210022,0.15137477219104767,0.5059162229299545,0.23030099805822038,1,0,0.7950000762939453,0.11000000219792128,0.018147557973861694,0,1,6,0,0,1,0,0,0,1,0,active_legacy_best
vehicle_instability_allraw__txj__2025_09_27_08_53_44__000534585__pre2_label2_old_main,vehicle_instability_allraw__txj__2025_09_27_08_53_44__000534585,txj,2025_09_27_08_53_44,pre2_label2_old_main,session_level_split,val,active_legacy_best,0.35996657609939575,1.2056739330291748,0.5943850874900818,0.611288845539093,0.4929899131158365,1,0,1.2350000143051147,0.32500001322478056,0.01343691349029541,0,0,4,0,0,1,0,0,0,1,0,active_legacy_best
vehicle_instability_allraw__txj__2025_09_27_08_53_44__000564000__pre2_label2_old_main,vehicle_instability_allraw__txj__2025_09_27_08_53_44__000564000,txj,2025_09_27_08_53_44,pre2_label2_old_main,session_level_split,val,active_legacy_best,0.31630733609199524,0.632158637046814,0.4701205790042877,0.16203805804252625,0.743675007274279,1,0,0.2749999761581421,0.6949999881908298,0.500572957098484,1,1,1,0,0,0,0,0,0,0,0,active_legacy_best
vehicle_instability_allraw__yzy__2025_09_27_14_26_04__000060885__pre2_label2_old_main,vehicle_instability_allraw__yzy__2025_09_27_14_26_04__000060885,yzy,2025_09_27_14_26_04,pre2_label2_old_main,session_level_split,val,active_legacy_best,0.31622663140296936,1.0049610137939453,0.2589794099330902,0.7459816038608551,0.257700951955725,1,0,0.08999991416931152,1.1449999762699008,0.6534493565559387,1,1,4,0,0,1,0,0,0,1,0,active_legacy_best
vehicle_instability_allraw__yzy__2025_09_27_14_26_04__000075085__pre2_label2_old_main,vehicle_instability_allraw__yzy__2025_09_27_14_26_04__000075085,yzy,2025_09_27_14_26_04,pre2_label2_old_main,session_level_split,val,active_legacy_best,0.5050272941589355,0.4270801544189453,0.2434559464454651,0.18362420797348022,0.5700474347179485,0,1,1.0800000429153442,0.0850000036880374,0.26986491680145264,1,0,1,0,0,0,0,0,0,0,0,active_legacy_best
vehicle_instability_allraw__yzy__2025_09_27_14_26_04__000086395__pre2_label2_old_main,vehicle_instability_allraw__yzy__2025_09_27_14_26_04__000086395,yzy,2025_09_27_14_26_04,pre2_label2_old_main,session_level_split,val,active_legacy_best,1.0291953086853027,0.7045903205871582,0.5831835865974426,0.12140673398971558,0.8276917373935205,0,1,0.09500002861022949,0.31499999295920134,0.7339739799499512,1,0,1,0,0,0,0,0,0,0,0,active_legacy_best
vehicle_instability_allraw__yzy__2025_09_27_14_26_04__000094120__pre2_label2_old_main,vehicle_instability_allraw__yzy__2025_09_27_14_26_04__000094120,yzy,2025_09_27_14_26_04,pre2_label2_old_main,session_level_split,val,active_legacy_best,0.5570269823074341,0.6085970401763916,0.10081452131271362,0.507782518863678,0.16565069275311334,0,1,1.100000023841858,1.9200000017881393,0.2980407178401947,0,0,3,0,0,1,0,0,0,1,0,active_legacy_best
vehicle_instability_allraw__yzy__2025_09_27_14_26_04__000169285__pre2_label2_old_main,vehicle_instability_allraw__yzy__2025_09_27_14_26_04__000169285,yzy,2025_09_27_14_26_04,pre2_label2_old_main,session_level_split,val,active_legacy_best,0.5936458110809326,1.1896178722381592,1.315212368965149,0.12559449672698975,1.1055754958444723,1,0,1.274999976158142,0.6600000215694308,0.08952713012695312,0,1,0,10,0,0,1,0,0,0,0,active_legacy_best
vehicle_instability_allraw__yzy__2025_09_27_14_26_04__000205385__pre2_label2_old_main,vehicle_instability_allraw__yzy__2025_09_27_14_26_04__000205385,yzy,2025_09_27_14_26_04,pre2_label2_old_main,session_level_split,val,active_legacy_best,0.6930162310600281,1.4295990467071533,0.19506852328777313,1.2345305234193802,0.13644981348937063,1,0,0.21000003814697266,1.1349999904632568,0.5061540007591248,0,1,2,0,0,1,0,0,0,1,0,active_legacy_best
vehicle_instability_allraw__yzy__2025_09_27_14_26_04__000239010__pre2_label2_old_main,vehicle_instability_allraw__yzy__2025_09_27_14_26_04__000239010,yzy,2025_09_27_14_26_04,pre2_label2_old_main,session_level_split,val,active_legacy_best,1.0117571353912354,2.641028881072998,0.279564768075943,2.361464112997055,0.10585449105818234,1,0,0.1549999713897705,0.7699999809265137,2.362783044576645,1,1,3,0,0,1,0,1,0,1,1,active_legacy_best
vehicle_instability_allraw__yzy__2025_09_27_14_26_04__000249805__pre2_label2_old_main,vehicle_instability_allraw__yzy__2025_09_27_14_26_04__000249805,yzy,2025_09_27_14_26_04,pre2_label2_old_main,session_level_split,val,active_legacy_best,0.26954594254493713,0.1382298469543457,0.35384777188301086,0.21561792492866516,2.559850710099383,1,0,0.24000000953674316,0.27999999653548,0.23505297303199768,1,1,0,0,1,0,0,0,0,0,0,active_legacy_best
vehicle_instability_allraw__yzy__2025_09_27_14_26_04__000286690__pre2_label2_old_main,vehicle_instability_allraw__yzy__2025_09_27_14_26_04__000286690,yzy,2025_09_27_14_26_04,pre2_label2_old_main,session_level_split,val,active_legacy_best,0.28287458419799805,0.5855579972267151,0.19794601202011108,0.387611985206604,0.3380468082711041,1,0,0.30000007152557373,0.09999999683350325,0.12881827354431152,0,1,4,0,0,1,0,0,0,1,0,active_legacy_best
vehicle_instability_allraw__yzy__2025_09_27_14_26_04__000332945__pre2_label2_old_main,vehicle_instability_allraw__yzy__2025_09_27_14_26_04__000332945,yzy,2025_09_27_14_26_04,pre2_label2_old_main,session_level_split,val,active_legacy_best,0.3119078278541565,0.09895999729633331,0.3057737648487091,0.2068137675523758,3.089872405039351,0,1,0.6550000263378024,0.16000000666826963,0.24341729283332825,1,0,1,0,0,0,0,0,0,0,0,active_legacy_best
vehicle_instability_allraw__yzy__2025_09_27_14_26_04__000365265__pre2_label2_old_main,vehicle_instability_allraw__yzy__2025_09_27_14_26_04__000365265,yzy,2025_09_27_14_26_04,pre2_label2_old_main,session_level_split,val,active_legacy_best,0.4632300138473511,0.6078983545303345,0.21301746368408203,0.39488089084625244,0.350416253139327,0,1,1.4800000190734863,0.05999999772757292,0.8168175667524338,1,1,2,0,0,1,0,0,0,1,0,active_legacy_best
vehicle_instability_allraw__yzy__2025_09_27_14_26_04__000385650__pre2_label2_old_main,vehicle_instability_allraw__yzy__2025_09_27_14_26_04__000385650,yzy,2025_09_27_14_26_04,pre2_label2_old_main,session_level_split,val,active_legacy_best,0.256012499332428,0.524994969367981,0.1584216058254242,0.36657336354255676,0.3017583311629466,1,0,0.36000001430511475,0.6499999715015292,0.2909925580024719,1,1,2,0,0,1,0,0,0,1,0,active_legacy_best
vehicle_instability_allraw__yzy__2025_09_27_14_26_04__000408305__pre2_label2_old_main,vehicle_instability_allraw__yzy__2025_09_27_14_26_04__000408305,yzy,2025_09_27_14_26_04,pre2_label2_old_main,session_level_split,val,active_legacy_best,0.36319500207901,0.83461594581604,0.29278090596199036,0.5418350398540497,0.35079716297023994,1,0,0.13499999046325684,1.159999961964786,0.3151671886444092,0,1,2,0,0,1,0,0,0,1,0,active_legacy_best
vehicle_instability_allraw__yzy__2025_09_27_14_26_04__000428685__pre2_label2_old_main,vehicle_instability_allraw__yzy__2025_09_27_14_26_04__000428685,yzy,2025_09_27_14_26_04,pre2_label2_old_main,session_level_split,val,active_legacy_best,0.671555757522583,1.2990481853485107,0.3271785378456116,0.9718696475028992,0.2518602015966295,1,0,0.30000007152557373,0.37999999057501554,0.8352179527282715,1,1,2,0,0,1,0,0,0,1,0,active_legacy_best
vehicle_instability_allraw__yzy__2025_09_27_14_26_04__000473605__pre2_label2_old_main,vehicle_instability_allraw__yzy__2025_09_27_14_26_04__000473605,yzy,2025_09_27_14_26_04,pre2_label2_old_main,session_level_split,val,active_legacy_best,0.44307681918144226,1.6379940509796143,0.5654160976409912,1.072577953338623,0.34518812647875,1,0,0.16999995708465576,0.34499999415129423,1.0735746026039124,1,0,2,0,0,1,0,1,0,1,0,active_legacy_best
vehicle_instability_allraw__yzy__2025_09_27_14_26_04__000524730__pre2_label2_old_main,vehicle_instability_allraw__yzy__2025_09_27_14_26_04__000524730,yzy,2025_09_27_14_26_04,pre2_label2_old_main,session_level_split,val,active_legacy_best,0.17752134799957275,0.1621411144733429,0.24856923520565033,0.08642812073230743,1.5330425969565962,1,0,0.5299999713897705,0.8050000024959445,0.17421146482229233,1,1,1,0,0,0,0,0,0,0,0,active_legacy_best
vehicle_instability_allraw__yzy__2025_09_27_14_26_04__000559840__pre2_label2_old_main,vehicle_instability_allraw__yzy__2025_09_27_14_26_04__000559840,yzy,2025_09_27_14_26_04,pre2_label2_old_main,session_level_split,val,active_legacy_best,0.6106870174407959,0.9220561981201172,0.5217934846878052,0.400262713432312,0.5659020412764805,1,0,0.004999995231628418,0.1149999974295497,0.1332460641860962,0,1,4,0,0,1,0,0,0,0,0,active_legacy_best
vehicle_instability_allraw__yzy__2025_09_27_14_26_04__000591770__pre2_label2_old_main,vehicle_instability_allraw__yzy__2025_09_27_14_26_04__000591770,yzy,2025_09_27_14_26_04,pre2_label2_old_main,session_level_split,val,active_legacy_best,0.9372779726982117,1.2835159301757812,0.16005614399909973,1.1234597861766815,0.12470133033501156,0,1,0.26999998092651367,1.8299999982118607,0.39253707602620125,0,0,3,2,0,1,1,0,0,1,0,active_legacy_best
vehicle_instability_allraw__yzy__2025_09_27_14_37_08__000092520__pre2_label2_old_main,vehicle_instability_allraw__yzy__2025_09_27_14_37_08__000092520,yzy,2025_09_27_14_37_08,pre2_label2_old_main,session_level_split,val,active_legacy_best,0.8129021525382996,1.8954269886016846,0.36551886796951294,1.5299081206321716,0.1928424941544003,1,0,0.16499996185302734,0.8100000619888306,1.5309628248214722,1,1,1,0,0,0,0,1,0,1,1,active_legacy_best
vehicle_instability_allraw__yzy__2025_09_27_14_37_08__000108285__pre2_label2_old_main,vehicle_instability_allraw__yzy__2025_09_27_14_37_08__000108285,yzy,2025_09_27_14_37_08,pre2_label2_old_main,session_level_split,val,active_legacy_best,0.5974630117416382,1.166053056716919,0.06052515283226967,1.1055279038846493,0.051906002461570046,1,0,0.6600000122562051,1.8299999982118607,0.4026638977229595,0,1,1,0,0,0,0,0,0,1,0,active_legacy_best
vehicle_instability_allraw__yzy__2025_09_27_14_37_08__000136605__pre2_label2_old_main,vehicle_instability_allraw__yzy__2025_09_27_14_37_08__000136605,yzy,2025_09_27_14_37_08,pre2_label2_old_main,session_level_split,val,active_legacy_best,0.8030658960342407,1.2404050827026367,0.5912821292877197,0.649122953414917,0.476684703677136,1,0,0.43500006198883057,0.15499999653548002,0.38602662086486816,0,1,2,0,0,1,0,0,0,1,0,active_legacy_best
vehicle_instability_allraw__yzy__2025_09_27_14_37_08__000180920__pre2_label2_old_main,vehicle_instability_allraw__yzy__2025_09_27_14_37_08__000180920,yzy,2025_09_27_14_37_08,pre2_label2_old_main,session_level_split,val,active_legacy_best,0.29258233308792114,0.4661779999732971,0.8002791404724121,0.334101140499115,1.7166814832923314,1,0,0.48000001907348633,0.12499999534338713,0.4266722798347473,1,0,1,1,1,0,0,0,0,0,0,active_legacy_best
vehicle_instability_allraw__yzy__2025_09_27_14_37_08__000213665__pre2_label2_old_main,vehicle_instability_allraw__yzy__2025_09_27_14_37_08__000213665,yzy,2025_09_27_14_37_08,pre2_label2_old_main,session_level_split,val,active_legacy_best,0.822563648223877,1.4303009510040283,0.12147273123264313,1.3088282197713852,0.08492809233425519,1,0,0.7599999904632568,1.8200000077486038,0.41898898780345917,0,1,2,0,0,1,0,1,0,1,0,active_legacy_best
vehicle_instability_allraw__yzy__2025_09_27_14_37_08__000251745__pre2_label2_old_main,vehicle_instability_allraw__yzy__2025_09_27_14_37_08__000251745,yzy,2025_09_27_14_37_08,pre2_label2_old_main,session_level_split,val,active_legacy_best,1.0898445844650269,2.455155611038208,0.5187124609947205,1.9364431500434875,0.21127477975840941,1,0,0.05500006675720215,1.0549999428912997,1.4378783702850342,1,1,2,0,0,1,0,1,0,1,1,active_legacy_best
vehicle_instability_allraw__yzy__2025_09_27_14_37_08__000269385__pre2_label2_old_main,vehicle_instability_allraw__yzy__2025_09_27_14_37_08__000269385,yzy,2025_09_27_14_37_08,pre2_label2_old_main,session_level_split,val,active_legacy_best,0.9943287372589111,1.746204137802124,0.48237475752830505,1.263829380273819,0.27624190499024387,1,0,0.33500003814697266,0.1500000013038516,1.2640001773834229,1,1,3,0,0,1,0,1,0,1,1,active_legacy_best
vehicle_instability_allraw__yzy__2025_09_27_14_37_08__000321775__pre2_label2_old_main,vehicle_instability_allraw__yzy__2025_09_27_14_37_08__000321775,yzy,2025_09_27_14_37_08,pre2_label2_old_main,session_level_split,val,active_legacy_best,0.2654494345188141,0.22375226020812988,0.14474357664585114,0.07900868356227875,0.6468921319999786,0,1,0.3950000060722232,0.05999999772757292,0.08091448992490768,0,0,1,0,0,0,0,0,0,0,0,active_legacy_best
vehicle_instability_allraw__yzy__2025_09_27_14_37_08__000351165__pre2_label2_old_main,vehicle_instability_allraw__yzy__2025_09_27_14_37_08__000351165,yzy,2025_09_27_14_37_08,pre2_label2_old_main,session_level_split,val,active_legacy_best,0.5107740163803101,1.3531540632247925,0.4819130599498749,0.8712410032749176,0.3561405704250671,1,0,0.16999995708465576,0.28499999176710844,0.8724674880504608,1,1,3,0,0,1,0,0,0,1,0,active_legacy_best
vehicle_instability_allraw__yzy__2025_09_27_14_37_08__000376440__pre2_label2_old_main,vehicle_instability_allraw__yzy__2025_09_27_14_37_08__000376440,yzy,2025_09_27_14_37_08,pre2_label2_old_main,session_level_split,val,active_legacy_best,0.6582183241844177,1.1873469352722168,0.39152565598487854,0.7958212792873383,0.3297483190076332,1,0,0.04500007629394531,0.09500000160187483,0.7297204732894897,1,1,4,0,0,1,0,0,0,1,0,active_legacy_best
vehicle_instability_allraw__yzy__2025_09_27_14_37_08__000399045__pre2_label2_old_main,vehicle_instability_allraw__yzy__2025_09_27_14_37_08__000399045,yzy,2025_09_27_14_37_08,pre2_label2_old_main,session_level_split,val,active_legacy_best,0.5914058089256287,0.9941399693489075,0.35786306858062744,0.63627690076828,0.35997251857301626,1,0,0.36000001430511475,0.20499999355524778,0.6375271081924438,1,1,1,0,0,0,0,0,0,1,0,active_legacy_best
vehicle_instability_allraw__yzy__2025_09_27_14_37_08__000462770__pre2_label2_old_main,vehicle_instability_allraw__yzy__2025_09_27_14_37_08__000462770,yzy,2025_09_27_14_37_08,pre2_label2_old_main,session_level_split,val,active_legacy_best,0.2763225734233856,0.4321439862251282,0.3735285997390747,0.05861538648605347,0.864361443513141,1,0,0.5800000429153442,0.3650000048801303,0.2706541419029236,1,1,3,0,0,1,0,0,0,0,0,active_legacy_best
vehicle_instability_allraw__yzy__2025_09_27_14_37_08__000466240__pre2_label2_old_main,vehicle_instability_allraw__yzy__2025_09_27_14_37_08__000466240,yzy,2025_09_27_14_37_08,pre2_label2_old_main,session_level_split,val,active_legacy_best,0.41709738969802856,0.8030259609222412,0.24567988514900208,0.5573460757732391,0.3059426433322892,1,0,0.7750000953674316,0.5699999881908298,0.2496122121810913,0,1,2,0,0,1,0,0,0,1,0,active_legacy_best
vehicle_instability_allraw__yzy__2025_09_27_14_37_08__000538170__pre2_label2_old_main,vehicle_instability_allraw__yzy__2025_09_27_14_37_08__000538170,yzy,2025_09_27_14_37_08,pre2_label2_old_main,session_level_split,val,active_legacy_best,0.27373960614204407,0.45587947964668274,0.4237386882305145,0.03214079141616821,0.9294971744701515,1,0,0.6550000905990601,0.5799999786540866,0.5695428252220154,1,1,1,0,0,0,0,0,0,0,0,active_legacy_best
vehicle_instability_allraw__zx__2025_09_27_16_46_13__000078890__pre2_label2_old_main,vehicle_instability_allraw__zx__2025_09_27_16_46_13__000078890,zx,2025_09_27_16_46_13,pre2_label2_old_main,session_level_split,val,active_legacy_best,1.1124964952468872,1.9704800844192505,0.5677419304847717,1.4027381539344788,0.2881236582769622,1,0,0.16000008583068848,0.16999999713152647,1.3400452733039856,1,1,2,0,0,1,0,1,0,1,1,active_legacy_best
vehicle_instability_allraw__zx__2025_09_27_16_46_13__000087075__pre2_label2_old_main,vehicle_instability_allraw__zx__2025_09_27_16_46_13__000087075,zx,2025_09_27_16_46_13,pre2_label2_old_main,session_level_split,val,active_legacy_best,1.0841556787490845,2.701946258544922,0.21062098443508148,2.4913252741098404,0.07795158166784084,1,0,1.4549999833106995,1.7650000005960464,2.493408724665642,1,1,1,0,0,0,0,1,0,1,1,active_legacy_best
vehicle_instability_allraw__zx__2025_09_27_16_46_13__000111180__pre2_label2_old_main,vehicle_instability_allraw__zx__2025_09_27_16_46_13__000111180,zx,2025_09_27_16_46_13,pre2_label2_old_main,session_level_split,val,active_legacy_best,0.642346978187561,1.4583969116210938,0.8431418538093567,0.6152550578117371,0.5781292096073867,1,0,0.1499999761581421,0.5199999762699008,0.17692065238952637,0,1,2,10,0,1,1,1,1,0,0,active_legacy_best
vehicle_instability_allraw__zx__2025_09_27_16_46_13__000152930__pre2_label2_old_main,vehicle_instability_allraw__zx__2025_09_27_16_46_13__000152930,zx,2025_09_27_16_46_13,pre2_label2_old_main,session_level_split,val,active_legacy_best,0.5221719145774841,1.9634993076324463,1.311589241027832,0.6519100666046143,0.6679855887544589,1,0,1.6399999856948853,0.44499998819082975,0.7410867214202881,0,0,0,3,0,0,1,1,1,0,1,active_legacy_best
vehicle_instability_allraw__zx__2025_09_27_16_46_13__000212495__pre2_label2_old_main,vehicle_instability_allraw__zx__2025_09_27_16_46_13__000212495,zx,2025_09_27_16_46_13,pre2_label2_old_main,session_level_split,val,active_legacy_best,0.141854926943779,0.09844017028808594,0.1045767217874527,0.00613655149936676,1.0623378797640037,0,1,1.4449999928474426,1.034999961964786,0.2023664265871048,1,0,0,0,1,0,0,0,0,0,0,active_legacy_best
vehicle_instability_allraw__zx__2025_09_27_16_46_13__000217955__pre2_label2_old_main,vehicle_instability_allraw__zx__2025_09_27_16_46_13__000217955,zx,2025_09_27_16_46_13,pre2_label2_old_main,session_level_split,val,active_legacy_best,0.4783670902252197,0.4825800657272339,0.22542192041873932,0.25715814530849457,0.46711817670925787,0,1,0.0700000524520874,0.9999999953433871,0.7013820707798004,1,1,0,0,1,0,0,0,0,1,0,active_legacy_best
vehicle_instability_allraw__zx__2025_09_27_16_46_13__000237520__pre2_label2_old_main,vehicle_instability_allraw__zx__2025_09_27_16_46_13__000237520,zx,2025_09_27_16_46_13,pre2_label2_old_main,session_level_split,val,active_legacy_best,0.16390317678451538,0.041539907455444336,0.19454585015773773,0.1530059427022934,4.68334818430704,1,0,0.125,0.16000000666826963,0.19514450430870056,1,1,1,0,0,0,0,0,0,0,0,active_legacy_best
vehicle_instability_allraw__zx__2025_09_27_16_46_13__000263295__pre2_label2_old_main,vehicle_instability_allraw__zx__2025_09_27_16_46_13__000263295,zx,2025_09_27_16_46_13,pre2_label2_old_main,session_level_split,val,active_legacy_best,0.9180501699447632,1.891584873199463,0.52046799659729,1.3711168766021729,0.2751491640536121,1,0,0.5950000286102295,0.12499999534338713,0.34194283187389374,0,1,3,0,0,1,0,1,0,1,1,active_legacy_best
vehicle_instability_allraw__zx__2025_09_27_16_46_13__000293010__pre2_label2_old_main,vehicle_instability_allraw__zx__2025_09_27_16_46_13__000293010,zx,2025_09_27_16_46_13,pre2_label2_old_main,session_level_split,val,active_legacy_best,0.5608344674110413,1.2170180082321167,0.5338627696037292,0.6831552386283875,0.43866464258753013,1,0,0.2549999952316284,0.7950000120326877,0.5846006870269775,0,1,3,0,0,1,0,0,0,1,0,active_legacy_best
vehicle_instability_allraw__zx__2025_09_27_16_46_13__000316255__pre2_label2_old_main,vehicle_instability_allraw__zx__2025_09_27_16_46_13__000316255,zx,2025_09_27_16_46_13,pre2_label2_old_main,session_level_split,val,active_legacy_best,2.1019551753997803,3.1869680881500244,0.4837174713611603,2.703250616788864,0.15177982897279316,1,0,0.33500003814697266,1.890000008046627,1.5335454046726227,0,1,2,0,0,1,0,1,0,1,1,active_legacy_best
vehicle_instability_allraw__zx__2025_09_27_16_46_13__000327995__pre2_label2_old_main,vehicle_instability_allraw__zx__2025_09_27_16_46_13__000327995,zx,2025_09_27_16_46_13,pre2_label2_old_main,session_level_split,val,active_legacy_best,0.5318973660469055,0.13631010055541992,0.5070855617523193,0.3707754611968994,3.720087944225031,0,1,0.16999995708465576,0.40499999653548,0.6432574391365051,1,1,1,0,0,0,0,0,0,0,0,active_legacy_best
vehicle_instability_allraw__zx__2025_09_27_16_46_13__000387440__pre2_label2_old_main,vehicle_instability_allraw__zx__2025_09_27_16_46_13__000387440,zx,2025_09_27_16_46_13,pre2_label2_old_main,session_level_split,val,active_legacy_best,0.3190334737300873,0.7124435901641846,0.15824946761131287,0.5541941225528717,0.22212210172996832,0,1,1.9900000048801303,0.5599999977275729,0.8138678222894669,1,1,2,0,0,1,0,0,0,1,0,active_legacy_best
vehicle_instability_allraw__zx__2025_09_27_16_46_13__000420380__pre2_label2_old_main,vehicle_instability_allraw__zx__2025_09_27_16_46_13__000420380,zx,2025_09_27_16_46_13,pre2_label2_old_main,session_level_split,val,active_legacy_best,0.37032464146614075,0.6867870092391968,0.48414185643196106,0.20264515280723572,0.704937411335546,1,0,0.14499998092651367,1.1549999667331576,0.2041817009449005,0,1,5,2,0,1,1,0,0,0,0,active_legacy_best
vehicle_instability_allraw__zx__2025_09_27_16_46_13__000444410__pre2_label2_old_main,vehicle_instability_allraw__zx__2025_09_27_16_46_13__000444410,zx,2025_09_27_16_46_13,pre2_label2_old_main,session_level_split,val,active_legacy_best,0.2524167001247406,0.02287006378173828,0.2646864950656891,0.2418164312839508,11.573491774738335,1,0,0.16499996185302734,1.159999961964786,0.24149951338768005,1,1,0,0,1,0,0,0,0,0,0,active_legacy_best
vehicle_instability_allraw__zx__2025_09_27_16_46_13__000451415__pre2_label2_old_main,vehicle_instability_allraw__zx__2025_09_27_16_46_13__000451415,zx,2025_09_27_16_46_13,pre2_label2_old_main,session_level_split,val,active_legacy_best,0.0912109985947609,0.0923299789428711,0.1252097338438034,0.03287975490093231,1.356111365749109,1,0,1.9750000098720193,0.3350000036880374,0.03191840648651123,0,0,0,0,1,0,0,0,0,0,0,active_legacy_best
vehicle_instability_allraw__zx__2025_09_27_16_46_13__000489640__pre2_label2_old_main,vehicle_instability_allraw__zx__2025_09_27_16_46_13__000489640,zx,2025_09_27_16_46_13,pre2_label2_old_main,session_level_split,val,active_legacy_best,0.36841434240341187,1.4957486391067505,0.08962835371494293,1.4061202853918076,0.059922069371541126,1,0,1.475000023841858,0.2849999666213989,1.4110562652349472,1,1,4,0,0,1,0,1,0,1,0,active_legacy_best
vehicle_instability_allraw__zx__2025_09_27_16_46_13__000501045__pre2_label2_old_main,vehicle_instability_allraw__zx__2025_09_27_16_46_13__000501045,zx,2025_09_27_16_46_13,pre2_label2_old_main,session_level_split,val,active_legacy_best,1.1815904378890991,2.5766286849975586,0.09950374066829681,2.477124944329262,0.038617803662459455,0,1,0.11000001430511475,0.6299999952316284,2.670208752155304,1,0,1,0,0,0,0,1,0,1,1,active_legacy_best
vehicle_instability_allraw__zx__2025_09_27_16_46_13__000508785__pre2_label2_old_main,vehicle_instability_allraw__zx__2025_09_27_16_46_13__000508785,zx,2025_09_27_16_46_13,pre2_label2_old_main,session_level_split,val,active_legacy_best,2.393561601638794,3.693120241165161,0.25697967410087585,3.4361405670642853,0.06958334885403028,1,0,0.8049999475479126,1.890000008046627,3.436489999294281,1,0,0,0,1,0,0,1,0,1,1,active_legacy_best
vehicle_instability_allraw__zx__2025_09_27_16_46_13__000580640__pre2_label2_old_main,vehicle_instability_allraw__zx__2025_09_27_16_46_13__000580640,zx,2025_09_27_16_46_13,pre2_label2_old_main,session_level_split,val,active_legacy_best,0.5945075750350952,1.2857866287231445,0.5724097490310669,0.7133768796920776,0.44518253358996324,1,0,0.8200000524520874,0.13500000070780516,0.441603422164917,0,1,3,0,0,1,0,0,0,1,0,active_legacy_best
vehicle_instability_allraw__zx__2025_09_27_16_46_13__000599550__pre2_label2_old_main,vehicle_instability_allraw__zx__2025_09_27_16_46_13__000599550,zx,2025_09_27_16_46_13,pre2_label2_old_main,session_level_split,val,active_legacy_best,0.9789472818374634,0.9267659187316895,0.3510403633117676,0.5757255554199219,0.37877996613446707,0,1,0.16999995708465576,0.1500000013038516,1.2772012948989868,1,0,2,0,0,1,0,0,0,1,0,active_legacy_best
vehicle_instability_allraw__zx__2025_09_27_16_46_13__000632670__pre2_label2_old_main,vehicle_instability_allraw__zx__2025_09_27_16_46_13__000632670,zx,2025_09_27_16_46_13,pre2_label2_old_main,session_level_split,val,active_legacy_best,0.2971706986427307,0.5733399987220764,0.12039464712142944,0.452945351600647,0.20998822232842354,1,0,1.0950000146403909,0.38499998580664396,0.15076987445354462,0,0,1,0,0,0,0,0,0,1,0,active_legacy_best
vehicle_instability_allraw__zx__2025_09_27_17_45_11__000092045__pre2_label2_old_main,vehicle_instability_allraw__zx__2025_09_27_17_45_11__000092045,zx,2025_09_27_17_45_11,pre2_label2_old_main,session_level_split,val,active_legacy_best,1.010772466659546,1.1674509048461914,0.27210402488708496,0.8953468799591064,0.23307534711528957,0,1,0.9800000190734863,0.05999999772757292,1.205898106098175,1,1,2,3,0,1,1,0,0,1,0,active_legacy_best
vehicle_instability_allraw__zx__2025_09_27_17_45_11__000135280__pre2_label2_old_main,vehicle_instability_allraw__zx__2025_09_27_17_45_11__000135280,zx,2025_09_27_17_45_11,pre2_label2_old_main,session_level_split,val,active_legacy_best,0.5568959712982178,2.1003260612487793,1.1048051118850708,0.9955209493637085,0.5260159992626063,1,0,1.425000011920929,0.6750000072643161,1.0706264972686768,1,0,0,2,0,0,1,1,1,0,1,active_legacy_best
vehicle_instability_allraw__zx__2025_09_27_17_45_11__000158510__pre2_label2_old_main,vehicle_instability_allraw__zx__2025_09_27_17_45_11__000158510,zx,2025_09_27_17_45_11,pre2_label2_old_main,session_level_split,val,active_legacy_best,0.15424314141273499,0.07592010498046875,0.1348947435617447,0.05897463858127594,1.7767986964249824,0,1,0.35500001907348633,0.7150000287219882,0.21019761264324188,1,1,2,0,0,1,0,0,0,0,0,active_legacy_best
vehicle_instability_allraw__zx__2025_09_27_17_45_11__000166410__pre2_label2_old_main,vehicle_instability_allraw__zx__2025_09_27_17_45_11__000166410,zx,2025_09_27_17_45_11,pre2_label2_old_main,session_level_split,val,active_legacy_best,0.6237569451332092,0.2061300277709961,0.501163125038147,0.2950330972671509,2.4312960632544196,0,1,0.36000001430511475,0.5149999810382724,0.3052380532026291,1,0,0,0,1,0,0,0,0,0,0,active_legacy_best
vehicle_instability_allraw__zx__2025_09_27_17_45_11__000175330__pre2_label2_old_main,vehicle_instability_allraw__zx__2025_09_27_17_45_11__000175330,zx,2025_09_27_17_45_11,pre2_label2_old_main,session_level_split,val,active_legacy_best,2.1419484615325928,4.354950428009033,0.04639802128076553,4.308552406728268,0.010654087124012905,0,1,1.4449999928474426,0.7350000143051147,4.399907797574997,1,0,0,0,1,0,0,1,0,1,1,active_legacy_best
vehicle_instability_allraw__zx__2025_09_27_17_45_11__000179665__pre2_label2_old_main,vehicle_instability_allraw__zx__2025_09_27_17_45_11__000179665,zx,2025_09_27_17_45_11,pre2_label2_old_main,session_level_split,val,active_legacy_best,0.5675504803657532,0.05428028106689453,0.555827796459198,0.5015475153923035,10.239957965107086,1,0,0.8200000524520874,0.1450000060722232,0.5010414719581604,1,1,2,0,0,1,0,0,0,0,0,active_legacy_best
vehicle_instability_allraw__zx__2025_09_27_17_45_11__000202360__pre2_label2_old_main,vehicle_instability_allraw__zx__2025_09_27_17_45_11__000202360,zx,2025_09_27_17_45_11,pre2_label2_old_main,session_level_split,val,active_legacy_best,0.182236447930336,0.6531023979187012,0.14744576811790466,0.5056566298007965,0.22576209884971032,1,0,0.16999995708465576,1.5499999476596713,0.5066726505756378,1,1,2,0,0,1,0,0,0,1,0,active_legacy_best
vehicle_instability_allraw__zx__2025_09_27_17_45_11__000231875__pre2_label2_old_main,vehicle_instability_allraw__zx__2025_09_27_17_45_11__000231875,zx,2025_09_27_17_45_11,pre2_label2_old_main,session_level_split,val,active_legacy_best,0.3712030351161957,0.741765022277832,0.6669229865074158,0.07484203577041626,0.8991027703886747,1,0,0.16999995708465576,0.6150000048801303,0.07596129179000854,0,1,2,0,0,1,0,0,0,0,0,active_legacy_best
vehicle_instability_allraw__zx__2025_09_27_17_45_11__000242010__pre2_label2_old_main,vehicle_instability_allraw__zx__2025_09_27_17_45_11__000242010,zx,2025_09_27_17_45_11,pre2_label2_old_main,session_level_split,val,active_legacy_best,0.3627488911151886,0.8325225114822388,0.46644097566604614,0.3660815358161926,0.5602743099830247,1,0,0.7099999785423279,0.5749999834224582,0.3554205447435379,0,1,4,0,0,1,0,0,0,0,0,active_legacy_best
vehicle_instability_allraw__zx__2025_09_27_17_45_11__000256590__pre2_label2_old_main,vehicle_instability_allraw__zx__2025_09_27_17_45_11__000256590,zx,2025_09_27_17_45_11,pre2_label2_old_main,session_level_split,val,active_legacy_best,0.9274269938468933,1.664167046546936,0.3752651810646057,1.2889018654823303,0.2254973031963722,1,0,0.0549999475479126,0.5400000168010592,0.530856192111969,0,1,2,12,0,1,1,1,0,1,1,active_legacy_best
vehicle_instability_allraw__zx__2025_09_27_17_45_11__000285070__pre2_label2_old_main,vehicle_instability_allraw__zx__2025_09_27_17_45_11__000285070,zx,2025_09_27_17_45_11,pre2_label2_old_main,session_level_split,val,active_legacy_best,0.29938679933547974,0.8627170324325562,0.1402800977230072,0.722436934709549,0.16260267555801822,1,0,0.16999995708465576,0.5750000476837158,0.7237384468317032,1,1,0,0,1,0,0,0,0,1,0,active_legacy_best
vehicle_instability_allraw__zx__2025_09_27_17_45_11__000301740__pre2_label2_old_main,vehicle_instability_allraw__zx__2025_09_27_17_45_11__000301740,zx,2025_09_27_17_45_11,pre2_label2_old_main,session_level_split,val,active_legacy_best,0.5744312405586243,0.6623522043228149,0.07912178337574005,0.5832304209470749,0.11945575610582243,0,1,1.1699999524280429,1.905000001192093,0.3846501875668764,1,1,1,0,0,0,0,0,0,1,0,active_legacy_best
vehicle_instability_allraw__zx__2025_09_27_17_45_11__000336625__pre2_label2_old_main,vehicle_instability_allraw__zx__2025_09_27_17_45_11__000336625,zx,2025_09_27_17_45_11,pre2_label2_old_main,session_level_split,val,active_legacy_best,0.6267892718315125,1.1805380582809448,0.24133187532424927,0.9392061829566956,0.20442532422518228,1,0,0.6549999713897705,0.25999999046325684,0.3498111814260483,0,1,2,0,0,1,0,0,0,1,0,active_legacy_best
vehicle_instability_allraw__zx__2025_09_27_17_45_11__000361280__pre2_label2_old_main,vehicle_instability_allraw__zx__2025_09_27_17_45_11__000361280,zx,2025_09_27_17_45_11,pre2_label2_old_main,session_level_split,val,active_legacy_best,1.090511679649353,1.6521270275115967,0.011632886715233326,1.6404941407963634,0.007041157563262291,0,1,0.9800000190734863,1.8200000077486038,0.15471801906824112,0,1,2,0,0,1,0,1,0,1,1,active_legacy_best
vehicle_instability_allraw__zx__2025_09_27_17_45_11__000385440__pre2_label2_old_main,vehicle_instability_allraw__zx__2025_09_27_17_45_11__000385440,zx,2025_09_27_17_45_11,pre2_label2_old_main,session_level_split,val,active_legacy_best,0.4455769658088684,0.8616700172424316,0.5285212397575378,0.3331487774848938,0.6133684927890881,1,0,0.009999990463256836,0.1500000013038516,0.2706356644630432,0,1,4,0,0,1,0,0,0,0,0,active_legacy_best
vehicle_instability_allraw__zx__2025_09_27_17_45_11__000445945__pre2_label2_old_main,vehicle_instability_allraw__zx__2025_09_27_17_45_11__000445945,zx,2025_09_27_17_45_11,pre2_label2_old_main,session_level_split,val,active_legacy_best,0.4841834008693695,0.7291979789733887,0.5285786390304565,0.20061933994293213,0.724876719727917,1,0,0.36500000953674316,1.659999961964786,0.20171093940734863,0,1,3,0,0,1,0,0,0,0,0,active_legacy_best
vehicle_instability_allraw__zx__2025_09_27_17_45_11__000449820__pre2_label2_old_main,vehicle_instability_allraw__zx__2025_09_27_17_45_11__000449820,zx,2025_09_27_17_45_11,pre2_label2_old_main,session_level_split,val,active_legacy_best,0.5569650530815125,1.1838561296463013,0.4972306787967682,0.6866254508495331,0.4200093798097958,1,0,0.4650000333786011,0.8899999810382724,0.2993530333042145,0,1,2,0,0,1,0,0,0,1,0,active_legacy_best
vehicle_instability_allraw__zx__2025_09_27_17_45_11__000469100__pre2_label2_old_main,vehicle_instability_allraw__zx__2025_09_27_17_45_11__000469100,zx,2025_09_27_17_45_11,pre2_label2_old_main,session_level_split,val,active_legacy_best,0.13560092449188232,0.18588006496429443,0.02610844187438488,0.15977162308990955,0.14045853641916917,0,1,1.2549999356269836,1.8250000029802322,0.1757472325116396,1,0,3,0,0,1,0,0,0,1,0,active_legacy_best
vehicle_instability_allraw__zx__2025_09_27_17_45_11__000508355__pre2_label2_old_main,vehicle_instability_allraw__zx__2025_09_27_17_45_11__000508355,zx,2025_09_27_17_45_11,pre2_label2_old_main,session_level_split,val,active_legacy_best,0.8549167513847351,0.8389801979064941,0.410759836435318,0.42822036147117615,0.48959419716971425,0,1,1.495000034570694,0.03000000026077032,0.16762147843837738,0,1,1,0,0,0,0,0,0,1,0,active_legacy_best
vehicle_instability_allraw__zx__2025_09_27_17_45_11__000524690__pre2_label2_old_main,vehicle_instability_allraw__zx__2025_09_27_17_45_11__000524690,zx,2025_09_27_17_45_11,pre2_label2_old_main,session_level_split,val,active_legacy_best,0.35608458518981934,0.49480098485946655,0.12391825020313263,0.3708827346563339,0.25044058923675727,0,1,0.4700000286102295,0.330000008456409,0.06580023467540741,0,1,2,0,0,1,0,0,0,1,0,active_legacy_best
vehicle_instability_allraw__zx__2025_09_27_17_45_11__000588795__pre2_label2_old_main,vehicle_instability_allraw__zx__2025_09_27_17_45_11__000588795,zx,2025_09_27_17_45_11,pre2_label2_old_main,session_level_split,val,active_legacy_best,0.44546231627464294,0.7501430511474609,0.3132024109363556,0.43694064021110535,0.4175235782791877,1,0,0.9000000953674316,0.2499999925494194,0.6545426398515701,1,1,2,0,0,1,0,0,0,1,0,active_legacy_best
vehicle_instability_allraw__zxy__2025_09_28_16_01_55__000084280__pre2_label2_old_main,vehicle_instability_allraw__zxy__2025_09_28_16_01_55__000084280,zxy,2025_09_28_16_01_55,pre2_label2_old_main,session_level_split,val,active_legacy_best,0.4365949034690857,1.0548770427703857,0.44916677474975586,0.6057102680206299,0.4258001231784562,1,0,0.125,1.325000043027103,0.6035326719284058,1,1,3,0,0,1,0,0,0,1,0,active_legacy_best
vehicle_instability_allraw__zxy__2025_09_28_16_01_55__000091545__pre2_label2_old_main,vehicle_instability_allraw__zxy__2025_09_28_16_01_55__000091545,zxy,2025_09_28_16_01_55,pre2_label2_old_main,session_level_split,val,active_legacy_best,0.27734583616256714,0.4173077344894409,0.2733892500400543,0.1439184844493866,0.6551262472394263,1,0,0.19000005722045898,0.5799999786540866,0.10489800572395325,0,1,4,0,0,1,0,0,0,0,0,active_legacy_best
vehicle_instability_allraw__zxy__2025_09_28_16_01_55__000193270__pre2_label2_old_main,vehicle_instability_allraw__zxy__2025_09_28_16_01_55__000193270,zxy,2025_09_28_16_01_55,pre2_label2_old_main,session_level_split,val,active_legacy_best,1.111730694770813,2.095442056655884,0.2546326220035553,1.8408094346523285,0.12151737682020353,1,0,0.36000001430511475,1.5750000178813934,0.5987241864204407,0,1,4,0,0,1,0,1,0,1,1,active_legacy_best
vehicle_instability_allraw__zxy__2025_09_28_16_01_55__000223400__pre2_label2_old_main,vehicle_instability_allraw__zxy__2025_09_28_16_01_55__000223400,zxy,2025_09_28_16_01_55,pre2_label2_old_main,session_level_split,val,active_legacy_best,0.41949462890625,0.9983289837837219,0.1696520894765854,0.8286768943071365,0.16993605538085713,1,0,0.07999992370605469,1.6299999952316284,0.813453271985054,1,1,2,0,0,1,0,0,0,1,0,active_legacy_best
vehicle_instability_allraw__zxy__2025_09_28_16_01_55__000257260__pre2_label2_old_main,vehicle_instability_allraw__zxy__2025_09_28_16_01_55__000257260,zxy,2025_09_28_16_01_55,pre2_label2_old_main,session_level_split,val,active_legacy_best,0.15817677974700928,0.21066099405288696,0.1704777330160141,0.040183261036872864,0.8092515360162748,1,0,1.2050000429153442,0.02000000048428774,0.30042457580566406,1,1,5,0,0,1,0,0,0,0,0,active_legacy_best
vehicle_instability_allraw__zxy__2025_09_28_16_01_55__000268425__pre2_label2_old_main,vehicle_instability_allraw__zxy__2025_09_28_16_01_55__000268425,zxy,2025_09_28_16_01_55,pre2_label2_old_main,session_level_split,val,active_legacy_best,0.2954581677913666,0.9168180227279663,0.12555278837680817,0.7912652343511581,0.1369440666133824,0,1,1.9850000003352761,1.935000006109476,1.0415636003017426,1,1,3,0,0,1,0,0,0,1,0,active_legacy_best
vehicle_instability_allraw__zxy__2025_09_28_16_01_55__000299920__pre2_label2_old_main,vehicle_instability_allraw__zxy__2025_09_28_16_01_55__000299920,zxy,2025_09_28_16_01_55,pre2_label2_old_main,session_level_split,val,active_legacy_best,1.4579319953918457,3.3770389556884766,0.670626699924469,2.7064122557640076,0.19858423569406186,1,0,0.4099999666213989,1.7249999940395355,0.23843932151794434,0,0,5,0,0,1,0,1,0,1,1,active_legacy_best
vehicle_instability_allraw__zxy__2025_09_28_16_01_55__000349230__pre2_label2_old_main,vehicle_instability_allraw__zxy__2025_09_28_16_01_55__000349230,zxy,2025_09_28_16_01_55,pre2_label2_old_main,session_level_split,val,active_legacy_best,0.600033164024353,0.07155990600585938,0.5453396439552307,0.47377973794937134,7.620742876752492,0,1,0.014999985694885254,0.23499999474734068,0.6155424118041992,1,0,1,0,0,0,0,0,0,0,0,active_legacy_best
vehicle_instability_allraw__zxy__2025_09_28_16_01_55__000377385__pre2_label2_old_main,vehicle_instability_allraw__zxy__2025_09_28_16_01_55__000377385,zxy,2025_09_28_16_01_55,pre2_label2_old_main,session_level_split,val,active_legacy_best,0.472024142742157,0.9066988825798035,0.24425017833709717,0.6624487042427063,0.2693840072264558,1,0,0.4500000476837158,0.22500000428408384,1.013256013393402,1,1,2,0,0,1,0,0,0,1,0,active_legacy_best
vehicle_instability_allraw__byx__2025_09_28_17_46_00__000049290__pre2_label2_old_main,vehicle_instability_allraw__byx__2025_09_28_17_46_00__000049290,byx,2025_09_28_17_46_00,pre2_label2_old_main,session_level_split,test,active_legacy_best,0.46193942427635193,0.33335697650909424,0.4602319598197937,0.12687498331069946,1.3805979542991151,1,0,1.4700000286102295,0.0549999987706542,0.12465164065361023,0,1,1,0,0,0,0,0,0,0,0,active_legacy_best
vehicle_instability_allraw__byx__2025_09_28_17_46_00__000067740__pre2_label2_old_main,vehicle_instability_allraw__byx__2025_09_28_17_46_00__000067740,byx,2025_09_28_17_46_00,pre2_label2_old_main,session_level_split,test,active_legacy_best,0.5294657945632935,0.08656901121139526,0.5468675494194031,0.4602985382080078,6.317128286055989,1,0,0.16999995708465576,1.6900000525638461,0.460002601146698,1,1,0,0,1,0,0,0,0,0,0,active_legacy_best
vehicle_instability_allraw__byx__2025_09_28_17_46_00__000090925__pre2_label2_old_main,vehicle_instability_allraw__byx__2025_09_28_17_46_00__000090925,byx,2025_09_28_17_46_00,pre2_label2_old_main,session_level_split,test,active_legacy_best,0.2526148557662964,0.49340447783470154,0.16513293981552124,0.3282715380191803,0.33468066714798533,1,0,0.24000000953674316,0.7950000120326877,0.32534119486808777,1,1,1,0,0,0,0,0,0,1,0,active_legacy_best
vehicle_instability_allraw__byx__2025_09_28_17_46_00__000095580__pre2_label2_old_main,vehicle_instability_allraw__byx__2025_09_28_17_46_00__000095580,byx,2025_09_28_17_46_00,pre2_label2_old_main,session_level_split,test,active_legacy_best,0.8627064824104309,1.4929579496383667,0.14194318652153015,1.3510147631168365,0.09507514029843404,1,0,0.4299999475479126,1.8750000074505806,0.6861695647239685,0,1,2,0,0,1,0,1,0,1,1,active_legacy_best
vehicle_instability_allraw__byx__2025_09_28_17_46_00__000134935__pre2_label2_old_main,vehicle_instability_allraw__byx__2025_09_28_17_46_00__000134935,byx,2025_09_28_17_46_00,pre2_label2_old_main,session_level_split,test,active_legacy_best,0.22325891256332397,0.3824006915092468,0.08854252099990845,0.2938581705093384,0.23154383076675844,1,0,0.20000004768371582,0.03000000026077032,0.08881539106369019,0,1,1,0,0,0,0,0,0,1,0,active_legacy_best
vehicle_instability_allraw__byx__2025_09_28_17_46_00__000170900__pre2_label2_old_main,vehicle_instability_allraw__byx__2025_09_28_17_46_00__000170900,byx,2025_09_28_17_46_00,pre2_label2_old_main,session_level_split,test,active_legacy_best,0.5578976273536682,0.9599321484565735,0.34119606018066406,0.6187360882759094,0.355437684558493,1,0,0.3500000238418579,0.05999999772757292,0.5893290042877197,1,1,2,0,0,1,0,0,0,1,0,active_legacy_best
vehicle_instability_allraw__byx__2025_09_28_17_46_00__000198800__pre2_label2_old_main,vehicle_instability_allraw__byx__2025_09_28_17_46_00__000198800,byx,2025_09_28_17_46_00,pre2_label2_old_main,session_level_split,test,active_legacy_best,0.062499694526195526,0.18221300840377808,0.032503802329301834,0.14970920607447624,0.17838354469882012,1,0,0.7949999570846558,1.7100000083446503,0.15140396729111671,1,1,1,0,0,0,0,0,0,1,0,active_legacy_best
vehicle_instability_allraw__byx__2025_09_28_17_46_00__000215315__pre2_label2_old_main,vehicle_instability_allraw__byx__2025_09_28_17_46_00__000215315,byx,2025_09_28_17_46_00,pre2_label2_old_main,session_level_split,test,active_legacy_best,0.6455682516098022,1.1232937574386597,0.6587648391723633,0.4645289182662964,0.5864582036621323,1,0,0.18499994277954102,0.31499999295920134,0.3291536569595337,0,1,6,0,0,1,0,0,0,0,0,active_legacy_best
vehicle_instability_allraw__byx__2025_09_28_17_46_00__000276540__pre2_label2_old_main,vehicle_instability_allraw__byx__2025_09_28_17_46_00__000276540,byx,2025_09_28_17_46_00,pre2_label2_old_main,session_level_split,test,active_legacy_best,0.2060549557209015,0.4670500159263611,0.24396279454231262,0.22308722138404846,0.5223483272095162,1,0,0.8200000524520874,0.10499999951571226,0.07063540816307068,0,1,2,1,0,1,0,0,0,0,0,active_legacy_best
vehicle_instability_allraw__byx__2025_09_28_17_46_00__000334450__pre2_label2_old_main,vehicle_instability_allraw__byx__2025_09_28_17_46_00__000334450,byx,2025_09_28_17_46_00,pre2_label2_old_main,session_level_split,test,active_legacy_best,0.30212435126304626,0.36529767513275146,0.05403446778655052,0.31126320734620094,0.14791900267888117,0,1,1.2950000762939453,1.9650000054389238,0.41222183406352997,1,1,1,0,0,0,0,0,0,1,0,active_legacy_best
vehicle_instability_allraw__byx__2025_09_28_17_46_00__000358145__pre2_label2_old_main,vehicle_instability_allraw__byx__2025_09_28_17_46_00__000358145,byx,2025_09_28_17_46_00,pre2_label2_old_main,session_level_split,test,active_legacy_best,0.22775746881961823,0.6082471013069153,0.1229403167963028,0.4853067845106125,0.20212232254316714,1,0,0.16499996185302734,1.0749999731779099,0.4863417446613312,1,1,1,0,0,0,0,0,0,1,0,active_legacy_best
vehicle_instability_allraw__byx__2025_09_28_17_46_00__000433720__pre2_label2_old_main,vehicle_instability_allraw__byx__2025_09_28_17_46_00__000433720,byx,2025_09_28_17_46_00,pre2_label2_old_main,session_level_split,test,active_legacy_best,0.5175837278366089,0.948935866355896,0.07915401458740234,0.8697818517684937,0.08341345015377027,1,0,0.5850000381469727,1.8100000023841858,0.021041005849838257,0,1,3,0,0,1,0,0,0,1,0,active_legacy_best
vehicle_instability_allraw__byx__2025_09_28_17_46_00__000527800__pre2_label2_old_main,vehicle_instability_allraw__byx__2025_09_28_17_46_00__000527800,byx,2025_09_28_17_46_00,pre2_label2_old_main,session_level_split,test,active_legacy_best,0.4904647469520569,0.7489205002784729,0.6355053186416626,0.1134151816368103,0.8485617878070651,1,0,0.2200000286102295,1.0149999810382724,0.1240420937538147,0,1,2,0,0,1,0,0,0,0,0,active_legacy_best
vehicle_instability_allraw__gf__2025_09_26_10_30_12__000062355__pre2_label2_old_main,vehicle_instability_allraw__gf__2025_09_26_10_30_12__000062355,gf,2025_09_26_10_30_12,pre2_label2_old_main,session_level_split,test,active_legacy_best,0.23301255702972412,0.4284778833389282,0.08992783725261688,0.33855004608631134,0.20987743066655204,1,0,0.4649999141693115,0.10499999951571226,0.11339575052261353,0,1,2,0,0,1,0,0,0,1,0,active_legacy_best
vehicle_instability_allraw__gf__2025_09_26_10_30_12__000132045__pre2_label2_old_main,vehicle_instability_allraw__gf__2025_09_26_10_30_12__000132045,gf,2025_09_26_10_30_12,pre2_label2_old_main,session_level_split,test,active_legacy_best,0.1986229419708252,0.5462880730628967,0.3414314389228821,0.20485663414001465,0.6250025504100132,1,0,0.6050000190734863,0.5699999881908298,8.052587509155273e-05,0,1,2,0,0,1,0,0,0,0,0,active_legacy_best
vehicle_instability_allraw__gf__2025_09_26_10_30_12__000138490__pre2_label2_old_main,vehicle_instability_allraw__gf__2025_09_26_10_30_12__000138490,gf,2025_09_26_10_30_12,pre2_label2_old_main,session_level_split,test,active_legacy_best,0.4900946319103241,1.9250980615615845,1.5129772424697876,0.4121208190917969,0.7859221681634773,1,0,1.5649999529123306,0.24999999534338713,0.5606627464294434,0,0,1,1,1,0,0,1,1,0,1,active_legacy_best
vehicle_instability_allraw__gf__2025_09_26_10_30_12__000205285__pre2_label2_old_main,vehicle_instability_allraw__gf__2025_09_26_10_30_12__000205285,gf,2025_09_26_10_30_12,pre2_label2_old_main,session_level_split,test,active_legacy_best,0.5057981014251709,0.8585270047187805,0.022122710943222046,0.8364042937755585,0.025768217914669524,0,1,1.1249999403953552,1.880000002682209,0.8591729626059532,1,1,5,0,0,1,0,0,0,1,0,active_legacy_best
vehicle_instability_allraw__gf__2025_09_26_10_30_12__000223260__pre2_label2_old_main,vehicle_instability_allraw__gf__2025_09_26_10_30_12__000223260,gf,2025_09_26_10_30_12,pre2_label2_old_main,session_level_split,test,active_legacy_best,0.9393287897109985,1.5163418054580688,0.5125293731689453,1.0038124322891235,0.3380038533027956,1,0,0.06500005722045898,0.06500000040978193,0.8897393345832825,1,1,2,0,0,1,0,1,0,1,1,active_legacy_best
vehicle_instability_allraw__gf__2025_09_26_10_30_12__000275220__pre2_label2_old_main,vehicle_instability_allraw__gf__2025_09_26_10_30_12__000275220,gf,2025_09_26_10_30_12,pre2_label2_old_main,session_level_split,test,active_legacy_best,0.2670556604862213,0.2598803639411926,0.1859331876039505,0.07394717633724213,0.7154568540085031,0,1,0.4750000238418579,0.04000000189989805,0.41933394968509674,1,1,3,0,0,1,0,0,0,0,0,active_legacy_best
vehicle_instability_allraw__gf__2025_09_26_10_30_12__000334120__pre2_label2_old_main,vehicle_instability_allraw__gf__2025_09_26_10_30_12__000334120,gf,2025_09_26_10_30_12,pre2_label2_old_main,session_level_split,test,active_legacy_best,0.5268014073371887,1.424536943435669,0.4080102741718292,1.0165266692638397,0.28641607088672505,1,0,0.16499996185302734,0.8550000144168735,1.0177591145038605,1,1,5,0,0,1,0,1,0,1,1,active_legacy_best
vehicle_instability_allraw__gf__2025_09_26_10_30_12__000425785__pre2_label2_old_main,vehicle_instability_allraw__gf__2025_09_26_10_30_12__000425785,gf,2025_09_26_10_30_12,pre2_label2_old_main,session_level_split,test,active_legacy_best,0.9135145545005798,2.145881175994873,0.706699788570404,1.439181387424469,0.32932848122066405,1,0,0.4750000238418579,0.4000000013038516,0.38464534282684326,0,0,1,0,0,0,0,1,0,1,1,active_legacy_best
vehicle_instability_allraw__gf__2025_09_26_10_52_57__000066795__pre2_label2_old_main,vehicle_instability_allraw__gf__2025_09_26_10_52_57__000066795,gf,2025_09_26_10_52_57,pre2_label2_old_main,session_level_split,test,active_legacy_best,0.5720536112785339,0.9204869866371155,0.4181661903858185,0.502320796251297,0.4542879980449659,1,0,0.7300000190734863,0.4000000013038516,0.9076359272003174,1,1,3,0,0,1,0,0,0,1,0,active_legacy_best
vehicle_instability_allraw__gf__2025_09_26_10_52_57__000134810__pre2_label2_old_main,vehicle_instability_allraw__gf__2025_09_26_10_52_57__000134810,gf,2025_09_26_10_52_57,pre2_label2_old_main,session_level_split,test,active_legacy_best,0.19045288860797882,0.42725691199302673,0.27522003650665283,0.1520368754863739,0.6441558434311409,1,0,0.6399999856948853,0.8949999762699008,0.08063775300979614,0,1,2,0,0,1,0,0,0,0,0,active_legacy_best
vehicle_instability_allraw__gf__2025_09_26_10_52_57__000300870__pre2_label2_old_main,vehicle_instability_allraw__gf__2025_09_26_10_52_57__000300870,gf,2025_09_26_10_52_57,pre2_label2_old_main,session_level_split,test,active_legacy_best,0.30215710401535034,0.559203028678894,0.2971791625022888,0.2620238661766052,0.5314333922768062,1,0,0.7950000017881393,0.4950000001117587,0.3847119212150574,1,1,3,0,0,1,0,0,0,0,0,active_legacy_best
vehicle_instability_allraw__gf__2025_09_26_10_52_57__000471505__pre2_label2_old_main,vehicle_instability_allraw__gf__2025_09_26_10_52_57__000471505,gf,2025_09_26_10_52_57,pre2_label2_old_main,session_level_split,test,active_legacy_best,0.5623764395713806,1.254542589187622,0.3945004343986511,0.860042154788971,0.3144575862140396,1,0,0.4450000524520874,0.634999985806644,0.5509794354438782,0,1,2,0,0,1,0,1,0,1,0,active_legacy_best
vehicle_instability_allraw__gzj__2025_09_27_11_38_49__000051595__pre2_label2_old_main,vehicle_instability_allraw__gzj__2025_09_27_11_38_49__000051595,gzj,2025_09_27_11_38_49,pre2_label2_old_main,session_level_split,test,active_legacy_best,1.1305590867996216,1.7081509828567505,0.47887152433395386,1.2292794585227966,0.28034496314434587,1,0,0.5149999856948853,0.09500000160187483,0.7837668359279633,0,1,5,0,0,1,0,1,0,1,1,active_legacy_best
vehicle_instability_allraw__gzj__2025_09_27_12_17_12__000053185__pre2_label2_old_main,vehicle_instability_allraw__gzj__2025_09_27_12_17_12__000053185,gzj,2025_09_27_12_17_12,pre2_label2_old_main,session_level_split,test,active_legacy_best,1.2424620389938354,2.043076992034912,0.342126727104187,1.700950264930725,0.16745660023483872,1,0,0.09500002861022949,1.7650000005960464,1.5433934032917023,1,1,2,0,0,1,0,1,0,1,1,active_legacy_best
vehicle_instability_allraw__gzj__2025_09_27_12_17_12__000081700__pre2_label2_old_main,vehicle_instability_allraw__gzj__2025_09_27_12_17_12__000081700,gzj,2025_09_27_12_17_12,pre2_label2_old_main,session_level_split,test,active_legacy_best,0.6526393294334412,1.322604775428772,0.47917264699935913,0.8434321284294128,0.36229465967565205,1,0,0.3400000333786011,0.12000000011175871,0.3157728761434555,0,1,2,0,0,1,0,1,0,1,1,active_legacy_best
vehicle_instability_allraw__gzj__2025_09_27_12_17_12__000108865__pre2_label2_old_main,vehicle_instability_allraw__gzj__2025_09_27_12_17_12__000108865,gzj,2025_09_27_12_17_12,pre2_label2_old_main,session_level_split,test,active_legacy_best,0.5884026885032654,1.0861175060272217,0.3168327212333679,0.7692847847938538,0.291711273849431,1,0,0.7300000190734863,0.19999999832361937,0.6404653489589691,1,1,4,0,0,1,0,0,0,1,0,active_legacy_best
vehicle_instability_allraw__gzj__2025_09_27_12_17_12__000150140__pre2_label2_old_main,vehicle_instability_allraw__gzj__2025_09_27_12_17_12__000150140,gzj,2025_09_27_12_17_12,pre2_label2_old_main,session_level_split,test,active_legacy_best,0.49935147166252136,0.7656780481338501,1.2612929344177246,0.4956148862838745,1.6472888800871497,1,0,0.21000003814697266,0.07000000309199095,0.5507158041000366,1,0,2,8,0,1,1,0,0,0,0,active_legacy_best
vehicle_instability_allraw__gzj__2025_09_27_12_17_12__000175240__pre2_label2_old_main,vehicle_instability_allraw__gzj__2025_09_27_12_17_12__000175240,gzj,2025_09_27_12_17_12,pre2_label2_old_main,session_level_split,test,active_legacy_best,0.5239993929862976,0.7986618280410767,0.18967324495315552,0.6089885830879211,0.23748880726950214,1,0,0.5199999809265137,0.04000000189989805,0.4679839611053467,1,1,2,0,0,1,0,0,0,1,0,active_legacy_best
vehicle_instability_allraw__gzj__2025_09_27_12_17_12__000186555__pre2_label2_old_main,vehicle_instability_allraw__gzj__2025_09_27_12_17_12__000186555,gzj,2025_09_27_12_17_12,pre2_label2_old_main,session_level_split,test,active_legacy_best,0.5079399943351746,1.19834303855896,0.522418200969696,0.6759248375892639,0.435950461729154,1,0,0.9050000309944153,0.4600000036880374,0.23910778760910034,0,1,2,0,0,1,0,1,0,1,0,active_legacy_best
vehicle_instability_allraw__gzj__2025_09_27_12_17_12__000218105__pre2_label2_old_main,vehicle_instability_allraw__gzj__2025_09_27_12_17_12__000218105,gzj,2025_09_27_12_17_12,pre2_label2_old_main,session_level_split,test,active_legacy_best,0.6405054330825806,0.8684759736061096,0.5413476824760437,0.3271282911300659,0.6233306377242022,1,0,0.36500000953674316,0.03000000026077032,0.32831311225891113,0,1,1,0,0,0,0,0,0,0,0,active_legacy_best
vehicle_instability_allraw__gzj__2025_09_27_12_17_12__000253235__pre2_label2_old_main,vehicle_instability_allraw__gzj__2025_09_27_12_17_12__000253235,gzj,2025_09_27_12_17_12,pre2_label2_old_main,session_level_split,test,active_legacy_best,0.36660653352737427,0.9171707034111023,0.12906546890735626,0.788105234503746,0.14072131657426634,1,0,0.09499990940093994,0.5,0.7873635143041611,1,1,1,0,0,0,0,0,0,1,0,active_legacy_best
vehicle_instability_allraw__gzj__2025_09_27_12_17_12__000273440__pre2_label2_old_main,vehicle_instability_allraw__gzj__2025_09_27_12_17_12__000273440,gzj,2025_09_27_12_17_12,pre2_label2_old_main,session_level_split,test,active_legacy_best,0.5739760398864746,1.1278319358825684,0.5179235339164734,0.609908401966095,0.4592204897187806,1,0,0.5049999952316284,0.16000000666826963,0.12762033939361572,0,1,3,0,0,1,0,0,0,1,0,active_legacy_best
vehicle_instability_allraw__gzj__2025_09_27_12_17_12__000362460__pre2_label2_old_main,vehicle_instability_allraw__gzj__2025_09_27_12_17_12__000362460,gzj,2025_09_27_12_17_12,pre2_label2_old_main,session_level_split,test,active_legacy_best,0.2961232662200928,1.0026919841766357,0.549583911895752,0.4531080722808838,0.5481084127216244,1,0,0.2999999523162842,0.3600000096485019,0.42882227897644043,0,1,4,0,0,1,0,0,0,0,0,active_legacy_best
vehicle_instability_allraw__gzj__2025_09_27_12_17_12__000392590__pre2_label2_old_main,vehicle_instability_allraw__gzj__2025_09_27_12_17_12__000392590,gzj,2025_09_27_12_17_12,pre2_label2_old_main,session_level_split,test,active_legacy_best,1.477251648902893,2.594604015350342,0.44309136271476746,2.1515126526355743,0.17077417597958128,1,0,0.009999990463256836,1.8650000095367432,1.9320633709430695,1,1,2,0,0,1,0,1,0,1,1,active_legacy_best
vehicle_instability_allraw__gzj__2025_09_27_12_17_12__000489775__pre2_label2_old_main,vehicle_instability_allraw__gzj__2025_09_27_12_17_12__000489775,gzj,2025_09_27_12_17_12,pre2_label2_old_main,session_level_split,test,active_legacy_best,0.5210493803024292,0.7225660085678101,0.31930112838745117,0.4032648801803589,0.4418989055689657,1,0,0.8100000619888306,0.6800000024959445,0.7381378412246704,1,1,2,0,0,1,0,0,0,1,0,active_legacy_best
vehicle_instability_allraw__gzj__2025_09_27_12_17_12__000518180__pre2_label2_old_main,vehicle_instability_allraw__gzj__2025_09_27_12_17_12__000518180,gzj,2025_09_27_12_17_12,pre2_label2_old_main,session_level_split,test,active_legacy_best,0.3289945423603058,0.5124282836914062,0.19672654569149017,0.3157017379999161,0.3839103967375121,1,0,0.6449999809265137,0.13000000547617674,0.3113737106323242,1,1,4,0,0,1,0,0,0,1,0,active_legacy_best
vehicle_instability_allraw__gzj__2025_09_27_12_17_12__000546730__pre2_label2_old_main,vehicle_instability_allraw__gzj__2025_09_27_12_17_12__000546730,gzj,2025_09_27_12_17_12,pre2_label2_old_main,session_level_split,test,active_legacy_best,0.1536310464143753,0.43266698718070984,0.25518661737442017,0.17748036980628967,0.5897991409911698,1,0,0.3500000238418579,0.47499998938292265,0.08563700318336487,0,1,2,0,0,1,0,0,0,0,0,active_legacy_best
vehicle_instability_allraw__gzj__2025_09_27_12_17_12__000585940__pre2_label2_old_main,vehicle_instability_allraw__gzj__2025_09_27_12_17_12__000585940,gzj,2025_09_27_12_17_12,pre2_label2_old_main,session_level_split,test,active_legacy_best,0.12016226351261139,0.22881299257278442,0.05959925428032875,0.16921373829245567,0.26047146016575295,1,0,0.8250000476837158,0.6249999953433871,0.141141165047884,1,1,2,0,0,1,0,0,0,1,0,active_legacy_best
vehicle_instability_allraw__gzj__2025_09_27_12_17_12__000592750__pre2_label2_old_main,vehicle_instability_allraw__gzj__2025_09_27_12_17_12__000592750,gzj,2025_09_27_12_17_12,pre2_label2_old_main,session_level_split,test,active_legacy_best,1.3767942190170288,2.132270336151123,0.31454789638519287,1.8177224397659302,0.1475178316052414,1,0,0.815000057220459,1.4350000023841858,1.5968073606491089,1,1,2,1,0,1,0,1,0,1,1,active_legacy_best
vehicle_instability_allraw__hzh__2025_09_26_20_50_27__000034605__pre2_label2_old_main,vehicle_instability_allraw__hzh__2025_09_26_20_50_27__000034605,hzh,2025_09_26_20_50_27,pre2_label2_old_main,session_level_split,test,active_legacy_best,0.43406522274017334,0.5717697739601135,0.5036864280700684,0.06808334589004517,0.8809252447563017,1,0,0.15999996662139893,0.05999999772757292,0.024381667375564575,0,1,2,0,0,1,0,0,0,0,0,active_legacy_best
vehicle_instability_allraw__hzh__2025_09_26_20_50_27__000061190__pre2_label2_old_main,vehicle_instability_allraw__hzh__2025_09_26_20_50_27__000061190,hzh,2025_09_26_20_50_27,pre2_label2_old_main,session_level_split,test,active_legacy_best,0.4211764633655548,0.9779080152511597,0.3564290702342987,0.621478945016861,0.3644811829697047,1,0,0.09000003337860107,0.9650000287219882,0.5210059583187103,1,1,2,0,0,1,0,0,0,1,0,active_legacy_best
vehicle_instability_allraw__hzh__2025_09_26_20_50_27__000099655__pre2_label2_old_main,vehicle_instability_allraw__hzh__2025_09_26_20_50_27__000099655,hzh,2025_09_26_20_50_27,pre2_label2_old_main,session_level_split,test,active_legacy_best,0.5873398184776306,1.0023419857025146,0.3026752173900604,0.6996667683124542,0.3019680126218832,1,0,0.36500000953674316,0.15499999653548002,0.054320335388183594,0,1,2,0,0,1,0,0,0,1,0,active_legacy_best
vehicle_instability_allraw__hzh__2025_09_26_20_50_27__000128695__pre2_label2_old_main,vehicle_instability_allraw__hzh__2025_09_26_20_50_27__000128695,hzh,2025_09_26_20_50_27,pre2_label2_old_main,session_level_split,test,active_legacy_best,0.7376266717910767,1.2557679414749146,0.4275801181793213,0.8281878232955933,0.3404929398636529,1,0,1.3550000190734863,0.18999999295920134,0.7722236812114716,1,1,2,0,0,1,0,1,0,1,0,active_legacy_best
vehicle_instability_allraw__hzh__2025_09_26_20_50_27__000148635__pre2_label2_old_main,vehicle_instability_allraw__hzh__2025_09_26_20_50_27__000148635,hzh,2025_09_26_20_50_27,pre2_label2_old_main,session_level_split,test,active_legacy_best,0.5018771886825562,1.3988850116729736,0.9849032759666443,0.41398173570632935,0.7040630700508866,1,0,1.7400000048801303,0.25499999057501554,0.5810463428497314,0,0,1,0,0,0,0,1,1,0,1,active_legacy_best
vehicle_instability_allraw__hzh__2025_09_26_20_50_27__000186415__pre2_label2_old_main,vehicle_instability_allraw__hzh__2025_09_26_20_50_27__000186415,hzh,2025_09_26_20_50_27,pre2_label2_old_main,session_level_split,test,active_legacy_best,0.7191256284713745,1.1744319200515747,0.09172974526882172,1.082702174782753,0.07810563022230649,1,0,0.24500000476837158,1.4399999976158142,0.8497580140829086,1,1,2,0,0,1,0,0,0,1,0,active_legacy_best
vehicle_instability_allraw__hzh__2025_09_26_20_50_27__000198845__pre2_label2_old_main,vehicle_instability_allraw__hzh__2025_09_26_20_50_27__000198845,hzh,2025_09_26_20_50_27,pre2_label2_old_main,session_level_split,test,active_legacy_best,0.5308206081390381,1.0356780290603638,0.3705136179924011,0.6651644110679626,0.3577498098791917,1,0,0.009999990463256836,0.26500001084059477,0.3031976521015167,0,1,4,0,0,1,0,0,0,1,0,active_legacy_best
vehicle_instability_allraw__hzh__2025_09_26_20_50_27__000221605__pre2_label2_old_main,vehicle_instability_allraw__hzh__2025_09_26_20_50_27__000221605,hzh,2025_09_26_20_50_27,pre2_label2_old_main,session_level_split,test,active_legacy_best,0.5192587375640869,0.8745843768119812,0.28839683532714844,0.5861875414848328,0.3297530152303969,1,0,0.7000000476837158,0.07000000309199095,1.0170886814594269,1,1,1,0,0,0,0,0,0,1,0,active_legacy_best
vehicle_instability_allraw__hzh__2025_09_26_20_50_27__000245880__pre2_label2_old_main,vehicle_instability_allraw__hzh__2025_09_26_20_50_27__000245880,hzh,2025_09_26_20_50_27,pre2_label2_old_main,session_level_split,test,active_legacy_best,0.26254478096961975,0.15830004215240479,0.16420108079910278,0.005901038646697998,1.037277555750849,0,1,0.48000001907348633,0.4000000013038516,0.3160203695297241,1,0,0,0,1,0,0,0,0,0,0,active_legacy_best
vehicle_instability_allraw__hzh__2025_09_26_20_50_27__000267185__pre2_label2_old_main,vehicle_instability_allraw__hzh__2025_09_26_20_50_27__000267185,hzh,2025_09_26_20_50_27,pre2_label2_old_main,session_level_split,test,active_legacy_best,0.34805646538734436,0.01291540265083313,0.36078932881355286,0.3478739261627197,27.9348107501921,1,0,0.16999995708465576,1.9900000048801303,0.34767112135887146,1,0,0,0,1,0,0,0,0,0,0,active_legacy_best
vehicle_instability_allraw__hzh__2025_09_26_20_50_27__000337435__pre2_label2_old_main,vehicle_instability_allraw__hzh__2025_09_26_20_50_27__000337435,hzh,2025_09_26_20_50_27,pre2_label2_old_main,session_level_split,test,active_legacy_best,1.2179491519927979,3.1211791038513184,0.1057589203119278,3.0154201835393906,0.03388428436593998,1,0,0.36500000953674316,0.5750000476837158,3.01603764295578,1,1,0,0,1,0,0,1,0,1,1,active_legacy_best
vehicle_instability_allraw__hzh__2025_09_26_20_50_27__000374985__pre2_label2_old_main,vehicle_instability_allraw__hzh__2025_09_26_20_50_27__000374985,hzh,2025_09_26_20_50_27,pre2_label2_old_main,session_level_split,test,active_legacy_best,0.5556931495666504,0.8304280042648315,0.023387493565678596,0.807040510699153,0.028163180246291525,1,0,1.475000023841858,1.910000003874302,0.8111464809626341,1,1,1,0,0,0,0,0,0,1,0,active_legacy_best
vehicle_instability_allraw__hzh__2025_09_26_20_50_27__000394695__pre2_label2_old_main,vehicle_instability_allraw__hzh__2025_09_26_20_50_27__000394695,hzh,2025_09_26_20_50_27,pre2_label2_old_main,session_level_split,test,active_legacy_best,0.4648900330066681,0.32655006647109985,0.5068607330322266,0.1803106665611267,1.5521685189339396,1,0,0.16999995708465576,0.455000008456409,0.1792246699333191,1,1,2,0,0,1,0,0,0,0,0,active_legacy_best
vehicle_instability_allraw__hzh__2025_09_26_20_50_27__000405010__pre2_label2_old_main,vehicle_instability_allraw__hzh__2025_09_26_20_50_27__000405010,hzh,2025_09_26_20_50_27,pre2_label2_old_main,session_level_split,test,active_legacy_best,0.5646525621414185,0.6754416227340698,0.21283291280269623,0.4626087099313736,0.3151018617140971,1,0,1.4800000190734863,0.08999999891966581,0.46601612865924835,1,1,1,0,0,0,0,0,0,1,0,active_legacy_best
vehicle_instability_allraw__hzh__2025_09_26_20_50_27__000449755__pre2_label2_old_main,vehicle_instability_allraw__hzh__2025_09_26_20_50_27__000449755,hzh,2025_09_26_20_50_27,pre2_label2_old_main,session_level_split,test,active_legacy_best,0.16749359667301178,0.4405207931995392,0.23294100165367126,0.20757979154586792,0.5287854858377998,1,0,0.15999996662139893,0.7350000096485019,0.20853117108345032,0,1,1,0,0,0,0,0,0,0,0,active_legacy_best
vehicle_instability_allraw__hzh__2025_09_26_20_50_27__000455695__pre2_label2_old_main,vehicle_instability_allraw__hzh__2025_09_26_20_50_27__000455695,hzh,2025_09_26_20_50_27,pre2_label2_old_main,session_level_split,test,active_legacy_best,0.2539750039577484,0.3176489770412445,0.10585916042327881,0.2117898166179657,0.3332583073596164,1,0,1.4800000190734863,0.07499999832361937,0.2146727442741394,1,1,1,0,0,0,0,0,0,1,0,active_legacy_best
vehicle_instability_allraw__hzh__2025_09_26_20_50_27__000474655__pre2_label2_old_main,vehicle_instability_allraw__hzh__2025_09_26_20_50_27__000474655,hzh,2025_09_26_20_50_27,pre2_label2_old_main,session_level_split,test,active_legacy_best,0.4875354468822479,0.646818995475769,0.3452431261539459,0.3015758693218231,0.5337553914909404,1,0,0.17499995231628418,0.19500000309199095,0.2690340280532837,0,1,2,0,0,1,0,0,0,0,0,active_legacy_best
vehicle_instability_allraw__hzh__2025_09_26_20_50_27__000579225__pre2_label2_old_main,vehicle_instability_allraw__hzh__2025_09_26_20_50_27__000579225,hzh,2025_09_26_20_50_27,pre2_label2_old_main,session_level_split,test,active_legacy_best,0.40805426239967346,0.9580110311508179,0.4681239426136017,0.4898870885372162,0.4886414951310783,1,0,0.16999995708465576,0.8949999762699008,0.49072977900505066,1,1,1,0,0,0,0,0,0,1,0,active_legacy_best
vehicle_instability_allraw__hzh__2025_09_26_20_50_27__000599030__pre2_label2_old_main,vehicle_instability_allraw__hzh__2025_09_26_20_50_27__000599030,hzh,2025_09_26_20_50_27,pre2_label2_old_main,session_level_split,test,active_legacy_best,0.13156604766845703,0.1905902922153473,0.22452127933502197,0.03393098711967468,1.1780310357115995,1,0,0.16999995708465576,0.4250000072643161,0.03281623125076294,0,0,2,0,0,1,0,0,0,0,0,active_legacy_best
vehicle_instability_allraw__hzh__2025_09_26_20_50_27__000610365__pre2_label2_old_main,vehicle_instability_allraw__hzh__2025_09_26_20_50_27__000610365,hzh,2025_09_26_20_50_27,pre2_label2_old_main,session_level_split,test,active_legacy_best,0.28358930349349976,0.3619828224182129,0.1050599217414856,0.2569229006767273,0.2902345504674411,0,1,0.009999990463256836,0.07000000309199095,0.005329973995685577,0,1,1,0,0,0,0,0,0,1,0,active_legacy_best
vehicle_instability_allraw__hzh__2025_09_26_20_50_27__000616100__pre2_label2_old_main,vehicle_instability_allraw__hzh__2025_09_26_20_50_27__000616100,hzh,2025_09_26_20_50_27,pre2_label2_old_main,session_level_split,test,active_legacy_best,0.08324843645095825,0.10559199750423431,0.0032706260681152344,0.10232137143611908,0.03097418502745987,0,1,0.690000057220459,1.8950000032782555,0.1004361417144537,1,1,0,0,1,0,0,0,0,1,0,active_legacy_best
vehicle_instability_allraw__hzh__2025_09_26_20_50_27__000645790__pre2_label2_old_main,vehicle_instability_allraw__hzh__2025_09_26_20_50_27__000645790,hzh,2025_09_26_20_50_27,pre2_label2_old_main,session_level_split,test,active_legacy_best,0.2986527979373932,0.6035345792770386,0.40989089012145996,0.1936436891555786,0.6791506306274276,1,0,0.16999995708465576,1.2050000382587314,0.19456931948661804,0,1,4,0,0,1,0,0,0,0,0,active_legacy_best
vehicle_instability_allraw__hzh__2025_09_26_20_50_27__000681250__pre2_label2_old_main,vehicle_instability_allraw__hzh__2025_09_26_20_50_27__000681250,hzh,2025_09_26_20_50_27,pre2_label2_old_main,session_level_split,test,active_legacy_best,0.6503579616546631,0.9698799848556519,0.030682459473609924,0.9391975253820419,0.031635315660397324,1,0,0.35499995946884155,1.8599999994039536,0.7059024013578892,1,0,2,0,0,1,0,0,0,1,0,active_legacy_best
vehicle_instability_allraw__hzh__2025_09_26_20_50_27__000691675__pre2_label2_old_main,vehicle_instability_allraw__hzh__2025_09_26_20_50_27__000691675,hzh,2025_09_26_20_50_27,pre2_label2_old_main,session_level_split,test,active_legacy_best,0.27147337794303894,0.5338959693908691,0.3516867458820343,0.18220922350883484,0.6587177391192512,1,0,0.4700000286102295,0.3050000024959445,0.0465925931930542,0,1,2,0,0,1,0,0,0,0,0,active_legacy_best
vehicle_instability_allraw__hzh__2025_09_26_20_50_27__000701035__pre2_label2_old_main,vehicle_instability_allraw__hzh__2025_09_26_20_50_27__000701035,hzh,2025_09_26_20_50_27,pre2_label2_old_main,session_level_split,test,active_legacy_best,0.5917045474052429,1.198164939880371,0.3718554675579071,0.826309472322464,0.3103541550757064,1,0,0.35500001907348633,0.3600000096485019,0.827387809753418,1,1,1,0,0,0,0,0,0,1,0,active_legacy_best
vehicle_instability_allraw__hzh__2025_09_26_21_03_19__000060335__pre2_label2_old_main,vehicle_instability_allraw__hzh__2025_09_26_21_03_19__000060335,hzh,2025_09_26_21_03_19,pre2_label2_old_main,session_level_split,test,active_legacy_best,0.9705393314361572,1.6409621238708496,0.2180151492357254,1.4229469746351242,0.13285812394100333,0,1,0.42500001192092896,1.760000005364418,0.5540906488895416,0,1,1,0,0,0,0,1,0,1,1,active_legacy_best
vehicle_instability_allraw__hzh__2025_09_26_21_03_19__000088105__pre2_label2_old_main,vehicle_instability_allraw__hzh__2025_09_26_21_03_19__000088105,hzh,2025_09_26_21_03_19,pre2_label2_old_main,session_level_split,test,active_legacy_best,0.787334680557251,1.1356894969940186,0.40358686447143555,0.732102632522583,0.3553672597480763,1,0,1.465000033378601,0.22999999951571226,0.7341131269931793,1,1,1,0,0,0,0,0,0,1,0,active_legacy_best
vehicle_instability_allraw__hzh__2025_09_26_21_03_19__000134505__pre2_label2_old_main,vehicle_instability_allraw__hzh__2025_09_26_21_03_19__000134505,hzh,2025_09_26_21_03_19,pre2_label2_old_main,session_level_split,test,active_legacy_best,0.7682239413261414,1.2440659999847412,1.2791035175323486,0.03503751754760742,1.0281637128159093,1,0,1.1599999573081732,0.18999999295920134,0.6292814612388611,1,0,1,1,1,0,0,1,1,0,0,active_legacy_best
vehicle_instability_allraw__hzh__2025_09_26_21_03_19__000160880__pre2_label2_old_main,vehicle_instability_allraw__hzh__2025_09_26_21_03_19__000160880,hzh,2025_09_26_21_03_19,pre2_label2_old_main,session_level_split,test,active_legacy_best,0.7345529198646545,1.4582189321517944,0.3706273138523102,1.0875916182994843,0.2541643820968643,1,0,0.36000001430511475,0.34999998938292265,1.0888525545597076,1,1,1,0,0,0,0,1,0,1,1,active_legacy_best
vehicle_instability_allraw__hzh__2025_09_26_21_03_19__000202260__pre2_label2_old_main,vehicle_instability_allraw__hzh__2025_09_26_21_03_19__000202260,hzh,2025_09_26_21_03_19,pre2_label2_old_main,session_level_split,test,active_legacy_best,0.8090734481811523,1.102524995803833,0.27254363894462585,0.8299813568592072,0.24719951019878578,1,0,1.340000033378601,0.08000000100582838,0.7971912920475006,1,1,2,0,0,1,0,0,0,1,0,active_legacy_best
vehicle_instability_allraw__hzh__2025_09_26_21_03_19__000221890__pre2_label2_old_main,vehicle_instability_allraw__hzh__2025_09_26_21_03_19__000221890,hzh,2025_09_26_21_03_19,pre2_label2_old_main,session_level_split,test,active_legacy_best,1.2250149250030518,1.6784822940826416,0.6509722471237183,1.0275100469589233,0.3878338481249818,1,0,0.08500003814697266,0.13500000070780516,1.0218024849891663,1,1,1,1,1,0,0,1,0,1,1,active_legacy_best
vehicle_instability_allraw__hzh__2025_09_26_21_03_19__000238815__pre2_label2_old_main,vehicle_instability_allraw__hzh__2025_09_26_21_03_19__000238815,hzh,2025_09_26_21_03_19,pre2_label2_old_main,session_level_split,test,active_legacy_best,0.201927050948143,0.5290089845657349,0.139766126871109,0.38924285769462585,0.26420369209011346,1,0,1.1850000023841858,0.584999973885715,0.21405097842216492,0,1,2,0,0,1,0,0,0,1,0,active_legacy_best
vehicle_instability_allraw__hzh__2025_09_26_21_03_19__000280645__pre2_label2_old_main,vehicle_instability_allraw__hzh__2025_09_26_21_03_19__000280645,hzh,2025_09_26_21_03_19,pre2_label2_old_main,session_level_split,test,active_legacy_best,0.4296416938304901,0.18832123279571533,0.45302069187164307,0.26469945907592773,2.405574162543132,1,0,1.2150000287219882,0.04500000085681677,0.36599916964769363,1,1,2,0,0,1,0,0,0,0,0,active_legacy_best
vehicle_instability_allraw__hzh__2025_09_26_21_03_19__000310025__pre2_label2_old_main,vehicle_instability_allraw__hzh__2025_09_26_21_03_19__000310025,hzh,2025_09_26_21_03_19,pre2_label2_old_main,session_level_split,test,active_legacy_best,0.60743248462677,1.4090020656585693,0.5125951766967773,0.896406888961792,0.363800159836664,1,0,0.3400000333786011,1.1799999428912997,0.8962191343307495,1,1,1,0,0,0,0,1,0,1,1,active_legacy_best
vehicle_instability_allraw__hzh__2025_09_26_21_03_19__000320800__pre2_label2_old_main,vehicle_instability_allraw__hzh__2025_09_26_21_03_19__000320800,hzh,2025_09_26_21_03_19,pre2_label2_old_main,session_level_split,test,active_legacy_best,0.47117719054222107,0.9306093454360962,0.42383885383605957,0.5067704916000366,0.4554422926383174,1,0,0.36500000953674316,1.2649999810382724,0.5079016387462616,1,1,1,0,0,0,0,0,0,1,0,active_legacy_best
vehicle_instability_allraw__hzh__2025_09_26_21_03_19__000326200__pre2_label2_old_main,vehicle_instability_allraw__hzh__2025_09_26_21_03_19__000326200,hzh,2025_09_26_21_03_19,pre2_label2_old_main,session_level_split,test,active_legacy_best,0.8774242997169495,1.3070790767669678,0.522927463054657,0.7841516137123108,0.4000733179419465,1,0,0.2250000238418579,0.06500000040978193,0.2905895709991455,0,1,2,0,0,1,0,1,0,1,1,active_legacy_best
vehicle_instability_allraw__hzh__2025_09_26_21_03_19__000341895__pre2_label2_old_main,vehicle_instability_allraw__hzh__2025_09_26_21_03_19__000341895,hzh,2025_09_26_21_03_19,pre2_label2_old_main,session_level_split,test,active_legacy_best,0.7114911079406738,1.0786139965057373,0.5825667381286621,0.4960472583770752,0.5401067852039164,1,0,0.48500001430511475,0.04500000085681677,0.06981158256530762,0,1,3,0,0,1,0,0,0,0,0,active_legacy_best
vehicle_instability_allraw__hzh__2025_09_26_21_03_19__000360590__pre2_label2_old_main,vehicle_instability_allraw__hzh__2025_09_26_21_03_19__000360590,hzh,2025_09_26_21_03_19,pre2_label2_old_main,session_level_split,test,active_legacy_best,0.5832511186599731,0.8333950042724609,0.20366846024990082,0.6297265440225601,0.244384066626005,0,1,0.7699999809265137,0.7150000287219882,0.09445682168006897,0,1,3,0,0,1,0,0,0,1,0,active_legacy_best
vehicle_instability_allraw__hzh__2025_09_26_21_03_19__000496480__pre2_label2_old_main,vehicle_instability_allraw__hzh__2025_09_26_21_03_19__000496480,hzh,2025_09_26_21_03_19,pre2_label2_old_main,session_level_split,test,active_legacy_best,0.42651665210723877,0.7867940068244934,0.059671271592378616,0.7271227352321148,0.0758410347242124,0,1,1.475000023841858,1.880000002682209,0.8427248783409595,1,1,1,0,0,0,0,0,0,1,0,active_legacy_best
vehicle_instability_allraw__hzh__2025_09_26_21_03_19__000504660__pre2_label2_old_main,vehicle_instability_allraw__hzh__2025_09_26_21_03_19__000504660,hzh,2025_09_26_21_03_19,pre2_label2_old_main,session_level_split,test,active_legacy_best,0.41934072971343994,0.7967429757118225,0.10714845359325409,0.6895945221185684,0.1344830853356768,1,0,0.1549999713897705,1.6050000190734863,0.6905653178691864,1,1,3,0,0,1,0,0,0,1,0,active_legacy_best
vehicle_instability_allraw__hzh__2025_09_26_21_03_19__000558910__pre2_label2_old_main,vehicle_instability_allraw__hzh__2025_09_26_21_03_19__000558910,hzh,2025_09_26_21_03_19,pre2_label2_old_main,session_level_split,test,active_legacy_best,0.6261938214302063,1.2337727546691895,0.3461441397666931,0.8876286149024963,0.28055745148911515,1,0,0.15999996662139893,0.21999999415129423,0.8889226019382477,1,1,1,0,0,0,0,1,0,1,0,active_legacy_best
vehicle_instability_allraw__hzh__2025_09_27_19_44_05__000051370__pre2_label2_old_main,vehicle_instability_allraw__hzh__2025_09_27_19_44_05__000051370,hzh,2025_09_27_19_44_05,pre2_label2_old_main,session_level_split,test,active_legacy_best,0.12490347027778625,0.29461199045181274,0.13621225953102112,0.15839973092079163,0.4623445886303811,1,0,0.16999995708465576,0.09500000160187483,0.15957008302211761,1,1,1,0,0,0,0,0,0,1,0,active_legacy_best
vehicle_instability_allraw__hzh__2025_09_27_19_44_05__000081885__pre2_label2_old_main,vehicle_instability_allraw__hzh__2025_09_27_19_44_05__000081885,hzh,2025_09_27_19_44_05,pre2_label2_old_main,session_level_split,test,active_legacy_best,0.968109667301178,1.791234016418457,0.5010513067245483,1.2901827096939087,0.27972409084011934,1,0,0.07500004768371582,0.2450000001117587,1.0134368240833282,1,1,2,0,0,1,0,1,0,1,1,active_legacy_best
vehicle_instability_allraw__hzh__2025_09_27_19_44_05__000128910__pre2_label2_old_main,vehicle_instability_allraw__hzh__2025_09_27_19_44_05__000128910,hzh,2025_09_27_19_44_05,pre2_label2_old_main,session_level_split,test,active_legacy_best,0.48899027705192566,1.6067509651184082,1.2394943237304688,0.36725664138793945,0.7714290208247208,1,0,1.0899999737739563,0.27999999653548,0.4012717008590698,0,0,2,3,0,1,1,1,1,0,1,active_legacy_best
vehicle_instability_allraw__hzh__2025_09_27_19_44_05__000176245__pre2_label2_old_main,vehicle_instability_allraw__hzh__2025_09_27_19_44_05__000176245,hzh,2025_09_27_19_44_05,pre2_label2_old_main,session_level_split,test,active_legacy_best,0.8240028023719788,1.2744419574737549,0.5219573378562927,0.7524846196174622,0.4095575595227071,1,0,0.05500006675720215,0.13500000070780516,0.4970501661300659,0,1,2,0,0,1,0,1,0,1,0,active_legacy_best
vehicle_instability_allraw__hzh__2025_09_27_19_44_05__000218700__pre2_label2_old_main,vehicle_instability_allraw__hzh__2025_09_27_19_44_05__000218700,hzh,2025_09_27_19_44_05,pre2_label2_old_main,session_level_split,test,active_legacy_best,1.0913639068603516,1.9839180707931519,0.4203241169452667,1.5635939538478851,0.21186566276762886,1,0,0.14499998092651367,0.23499999474734068,1.4572039246559143,1,1,2,0,0,1,0,1,0,1,1,active_legacy_best
vehicle_instability_allraw__hzh__2025_09_27_19_44_05__000246255__pre2_label2_old_main,vehicle_instability_allraw__hzh__2025_09_27_19_44_05__000246255,hzh,2025_09_27_19_44_05,pre2_label2_old_main,session_level_split,test,active_legacy_best,0.6825388073921204,1.1740800142288208,0.516476035118103,0.6576039791107178,0.4398984982785382,1,0,0.06499993801116943,0.15499999653548002,0.4832363724708557,0,1,2,0,0,1,0,0,0,1,0,active_legacy_best
vehicle_instability_allraw__hzh__2025_09_27_19_44_05__000301790__pre2_label2_old_main,vehicle_instability_allraw__hzh__2025_09_27_19_44_05__000301790,hzh,2025_09_27_19_44_05,pre2_label2_old_main,session_level_split,test,active_legacy_best,0.5045359134674072,1.161865472793579,0.5989243984222412,0.5629410743713379,0.515485150774119,1,0,0.11500000953674316,1.0650000525638461,0.5584672689437866,0,1,3,0,0,1,0,0,0,0,0,active_legacy_best
vehicle_instability_allraw__hzh__2025_09_27_19_44_05__000326390__pre2_label2_old_main,vehicle_instability_allraw__hzh__2025_09_27_19_44_05__000326390,hzh,2025_09_27_19_44_05,pre2_label2_old_main,session_level_split,test,active_legacy_best,0.8324683308601379,1.3761889934539795,0.07613646984100342,1.300052523612976,0.05532413803856619,1,0,0.7099999189376831,1.655000001192093,1.295629695057869,1,1,2,0,0,1,0,1,0,1,1,active_legacy_best
vehicle_instability_allraw__hzh__2025_09_27_19_44_05__000345860__pre2_label2_old_main,vehicle_instability_allraw__hzh__2025_09_27_19_44_05__000345860,hzh,2025_09_27_19_44_05,pre2_label2_old_main,session_level_split,test,active_legacy_best,0.6728320121765137,0.9915213584899902,0.38402843475341797,0.6074929237365723,0.38731231704202856,1,0,0.6200000047683716,0.11000000219792128,0.01946154236793518,0,1,4,0,0,1,0,0,0,1,0,active_legacy_best
vehicle_instability_allraw__hzh__2025_09_27_19_44_05__000407670__pre2_label2_old_main,vehicle_instability_allraw__hzh__2025_09_27_19_44_05__000407670,hzh,2025_09_27_19_44_05,pre2_label2_old_main,session_level_split,test,active_legacy_best,1.1891183853149414,2.461432933807373,0.9052056670188904,1.5562272667884827,0.36775556814327165,1,0,0.5250000953674316,0.9549999786540866,1.1120396256446838,0,1,2,8,0,1,1,1,0,1,1,active_legacy_best
vehicle_instability_allraw__hzh__2025_09_27_19_44_05__000429895__pre2_label2_old_main,vehicle_instability_allraw__hzh__2025_09_27_19_44_05__000429895,hzh,2025_09_27_19_44_05,pre2_label2_old_main,session_level_split,test,active_legacy_best,0.5759251117706299,0.8702206611633301,0.024330005049705505,0.8458906561136246,0.027958431850124796,0,1,0.004999995231628418,1.9300000071525574,0.5348054468631744,1,1,1,0,0,0,0,0,0,1,0,active_legacy_best
vehicle_instability_allraw__hzh__2025_09_27_19_44_05__000530990__pre2_label2_old_main,vehicle_instability_allraw__hzh__2025_09_27_19_44_05__000530990,hzh,2025_09_27_19_44_05,pre2_label2_old_main,session_level_split,test,active_legacy_best,0.18160587549209595,0.2900730073451996,0.5462196469306946,0.256146639585495,1.8830419690883864,0,1,0.15999996662139893,0.1500000013038516,0.07599100470542908,0,1,2,5,0,1,1,0,0,0,0,active_legacy_best
vehicle_instability_allraw__tyy__2025_09_28_14_44_09__000058890__pre2_label2_old_main,vehicle_instability_allraw__tyy__2025_09_28_14_44_09__000058890,tyy,2025_09_28_14_44_09,pre2_label2_old_main,session_level_split,test,active_legacy_best,1.2629752159118652,2.333853006362915,0.3265328109264374,2.0073201954364777,0.13991147258897307,1,0,1.3949999809265137,1.8299999982118607,1.987701803445816,1,1,8,0,0,1,0,1,0,1,1,active_legacy_best
vehicle_instability_allraw__tyy__2025_09_28_14_44_09__000078030__pre2_label2_old_main,vehicle_instability_allraw__tyy__2025_09_28_14_44_09__000078030,tyy,2025_09_28_14_44_09,pre2_label2_old_main,session_level_split,test,active_legacy_best,0.9812058210372925,1.15540611743927,0.514186680316925,0.641219437122345,0.4450267940908245,0,1,1.2700000405311584,0.04500000085681677,0.2737284302711487,0,1,3,0,0,1,0,0,0,1,0,active_legacy_best
vehicle_instability_allraw__tyy__2025_09_28_14_44_09__000153840__pre2_label2_old_main,vehicle_instability_allraw__tyy__2025_09_28_14_44_09__000153840,tyy,2025_09_28_14_44_09,pre2_label2_old_main,session_level_split,test,active_legacy_best,0.03818424418568611,0.017628014087677002,0.054970066994428635,0.03734205290675163,3.118335776283267,1,0,0.20999999437481165,0.17500000726431608,0.03296586498618126,1,0,0,0,1,0,0,0,0,0,0,active_legacy_best
vehicle_instability_allraw__tyy__2025_09_28_14_44_09__000228005__pre2_label2_old_main,vehicle_instability_allraw__tyy__2025_09_28_14_44_09__000228005,tyy,2025_09_28_14_44_09,pre2_label2_old_main,session_level_split,test,active_legacy_best,0.9273849129676819,1.7652308940887451,0.34215179085731506,1.42307910323143,0.19382834959612583,0,1,0.2250000238418579,1.25,0.49063149094581604,0,1,3,0,0,1,0,1,0,1,1,active_legacy_best
vehicle_instability_allraw__tyy__2025_09_28_14_44_09__000253780__pre2_label2_old_main,vehicle_instability_allraw__tyy__2025_09_28_14_44_09__000253780,tyy,2025_09_28_14_44_09,pre2_label2_old_main,session_level_split,test,active_legacy_best,0.3156266212463379,0.7311182618141174,0.2978873550891876,0.4332309067249298,0.4074407255948474,1,0,0.21500003337860107,0.8999999715015292,0.7808443009853363,1,1,6,0,0,1,0,0,0,1,0,active_legacy_best
vehicle_instability_allraw__tyy__2025_09_28_14_44_09__000388005__pre2_label2_old_main,vehicle_instability_allraw__tyy__2025_09_28_14_44_09__000388005,tyy,2025_09_28_14_44_09,pre2_label2_old_main,session_level_split,test,active_legacy_best,0.29556623101234436,0.45308682322502136,0.08729472756385803,0.36579209566116333,0.19266666583350167,1,0,1.0000000596046448,1.8700000047683716,0.32592369616031647,1,0,1,0,0,0,0,0,0,1,0,active_legacy_best
vehicle_instability_allraw__tyy__2025_09_28_14_44_09__000449365__pre2_label2_old_main,vehicle_instability_allraw__tyy__2025_09_28_14_44_09__000449365,tyy,2025_09_28_14_44_09,pre2_label2_old_main,session_level_split,test,active_legacy_best,0.7127054333686829,0.9201385974884033,0.4997694790363312,0.42036911845207214,0.5431458699814294,1,0,0.009999990463256836,0.05999999772757292,0.38950732350349426,0,1,2,0,0,1,0,0,0,0,0,active_legacy_best
vehicle_instability_allraw__tyy__2025_09_28_14_44_09__000471655__pre2_label2_old_main,vehicle_instability_allraw__tyy__2025_09_28_14_44_09__000471655,tyy,2025_09_28_14_44_09,pre2_label2_old_main,session_level_split,test,active_legacy_best,0.2581941485404968,0.5304062366485596,0.4609792232513428,0.0694270133972168,0.8691059633161549,1,0,0.8799999952316284,1.4650000287219882,0.16668257117271423,0,1,0,0,1,0,0,0,0,0,0,active_legacy_best
vehicle_instability_allraw__tyy__2025_09_28_14_44_09__000503195__pre2_label2_old_main,vehicle_instability_allraw__tyy__2025_09_28_14_44_09__000503195,tyy,2025_09_28_14_44_09,pre2_label2_old_main,session_level_split,test,active_legacy_best,0.6451289653778076,0.6916792392730713,0.6121243834495544,0.07955485582351685,0.884983022033268,1,0,0.24000000953674316,0.1500000013038516,0.047172605991363525,0,1,2,0,0,1,0,0,0,0,0,active_legacy_best
vehicle_instability_allraw__tyy__2025_09_28_14_44_09__000554145__pre2_label2_old_main,vehicle_instability_allraw__tyy__2025_09_28_14_44_09__000554145,tyy,2025_09_28_14_44_09,pre2_label2_old_main,session_level_split,test,active_legacy_best,0.5621811747550964,0.05044001340866089,0.5750194191932678,0.5245794057846069,11.40006475681335,1,0,0.039999961853027344,1.6499999715015292,0.5255371928215027,1,1,0,0,1,0,0,0,0,0,0,active_legacy_best
vehicle_instability_allraw__yyl__2025_09_28_09_49_11__000062885__pre2_label2_old_main,vehicle_instability_allraw__yyl__2025_09_28_09_49_11__000062885,yyl,2025_09_28_09_49_11,pre2_label2_old_main,session_level_split,test,active_legacy_best,0.5154455900192261,0.967086672782898,0.29425889253616333,0.6728277802467346,0.3042735473640652,1,0,0.5750000476837158,0.07499999832361937,1.2451710104942322,1,1,2,0,0,1,0,0,0,1,0,active_legacy_best
vehicle_instability_allraw__yyl__2025_09_28_09_49_11__000090445__pre2_label2_old_main,vehicle_instability_allraw__yyl__2025_09_28_09_49_11__000090445,yyl,2025_09_28_09_49_11,pre2_label2_old_main,session_level_split,test,active_legacy_best,0.4132898151874542,0.48886746168136597,0.22718113660812378,0.2616863250732422,0.46470905596125744,1,0,0.16999995708465576,0.5049999905750155,0.2630702257156372,1,1,3,0,0,1,0,0,0,1,0,active_legacy_best
vehicle_instability_allraw__yyl__2025_09_28_09_49_11__000132255__pre2_label2_old_main,vehicle_instability_allraw__yyl__2025_09_28_09_49_11__000132255,yyl,2025_09_28_09_49_11,pre2_label2_old_main,session_level_split,test,active_legacy_best,0.15308962762355804,0.3886851966381073,0.13539206981658936,0.25329312682151794,0.34833348681053244,1,0,0.4650000333786011,0.5649999929592013,0.09485156834125519,0,1,2,0,0,1,0,0,0,1,0,active_legacy_best
vehicle_instability_allraw__yyl__2025_09_28_09_49_11__000149170__pre2_label2_old_main,vehicle_instability_allraw__yyl__2025_09_28_09_49_11__000149170,yyl,2025_09_28_09_49_11,pre2_label2_old_main,session_level_split,test,active_legacy_best,0.24661511182785034,0.4331910014152527,0.08172453939914703,0.35146646201610565,0.1886570568921091,1,0,0.6750000715255737,1.905000001192093,0.1876419186592102,0,0,1,0,0,0,0,0,0,1,0,active_legacy_best
vehicle_instability_allraw__yyl__2025_09_28_09_49_11__000201270__pre2_label2_old_main,vehicle_instability_allraw__yyl__2025_09_28_09_49_11__000201270,yyl,2025_09_28_09_49_11,pre2_label2_old_main,session_level_split,test,active_legacy_best,0.3834933936595917,0.7197740077972412,0.12288758158683777,0.5968864262104034,0.17073078529595215,1,0,0.375,1.0849999785423279,0.4677155166864395,1,1,2,0,0,1,0,0,0,1,0,active_legacy_best
vehicle_instability_allraw__yyl__2025_09_28_09_49_11__000214960__pre2_label2_old_main,vehicle_instability_allraw__yyl__2025_09_28_09_49_11__000214960,yyl,2025_09_28_09_49_11,pre2_label2_old_main,session_level_split,test,active_legacy_best,0.6704148054122925,1.0585428476333618,0.6573173999786377,0.4012254476547241,0.6209643770662999,1,0,0.2849999666213989,0.26500001084059477,0.3949337601661682,0,1,2,0,0,1,0,0,0,0,0,active_legacy_best
vehicle_instability_allraw__yyl__2025_09_28_09_49_11__000225310__pre2_label2_old_main,vehicle_instability_allraw__yyl__2025_09_28_09_49_11__000225310,yyl,2025_09_28_09_49_11,pre2_label2_old_main,session_level_split,test,active_legacy_best,0.5881752967834473,1.3048069477081299,0.6760868430137634,0.6287201046943665,0.5181508607087799,1,0,0.05500006675720215,0.9950000001117587,0.4386957287788391,0,1,2,0,0,1,0,1,1,0,0,active_legacy_best
vehicle_instability_allraw__yyl__2025_09_28_09_49_11__000269015__pre2_label2_old_main,vehicle_instability_allraw__yyl__2025_09_28_09_49_11__000269015,yyl,2025_09_28_09_49_11,pre2_label2_old_main,session_level_split,test,active_legacy_best,0.19597646594047546,0.26668649911880493,0.2796711325645447,0.012984633445739746,1.04868875435631,1,0,1.509999985806644,1.2150000287219882,0.18420223519206047,1,1,1,0,0,0,0,0,0,0,0,active_legacy_best
vehicle_instability_allraw__yyl__2025_09_28_09_49_11__000327680__pre2_label2_old_main,vehicle_instability_allraw__yyl__2025_09_28_09_49_11__000327680,yyl,2025_09_28_09_49_11,pre2_label2_old_main,session_level_split,test,active_legacy_best,1.0367671251296997,1.7699379920959473,0.41302910447120667,1.3569088876247406,0.23335795169982237,1,0,0.5099999904632568,0.0850000036880374,0.542609840631485,0,1,2,0,0,1,0,1,0,1,1,active_legacy_best
vehicle_instability_allraw__yyl__2025_09_28_09_49_11__000349455__pre2_label2_old_main,vehicle_instability_allraw__yyl__2025_09_28_09_49_11__000349455,yyl,2025_09_28_09_49_11,pre2_label2_old_main,session_level_split,test,active_legacy_best,0.44168975949287415,0.8288570046424866,0.6455926895141602,0.18326431512832642,0.7788951361913453,1,0,0.36500000953674316,0.9399999929592013,0.18435418605804443,0,1,1,0,0,0,0,0,0,0,0,active_legacy_best
vehicle_instability_allraw__yyl__2025_09_28_09_49_11__000484470__pre2_label2_old_main,vehicle_instability_allraw__yyl__2025_09_28_09_49_11__000484470,yyl,2025_09_28_09_49_11,pre2_label2_old_main,session_level_split,test,active_legacy_best,0.28302067518234253,0.7447320222854614,0.16646507382392883,0.5782669484615326,0.22352345386341063,1,0,0.43500006198883057,1.0249999715015292,0.09802518784999847,0,1,2,0,0,1,0,0,0,1,0,active_legacy_best
vehicle_instability_allraw__yyl__2025_09_28_09_49_11__000526990__pre2_label2_old_main,vehicle_instability_allraw__yyl__2025_09_28_09_49_11__000526990,yyl,2025_09_28_09_49_11,pre2_label2_old_main,session_level_split,test,active_legacy_best,0.3647679388523102,0.08918601274490356,0.6373322010040283,0.5481461882591248,7.146100396112259,0,1,0.19499993324279785,0.049999999813735485,0.217879518866539,1,0,3,5,0,1,1,0,0,0,0,active_legacy_best
vehicle_instability_allraw__zx__2025_09_27_18_00_08__000020450__pre2_label2_old_main,vehicle_instability_allraw__zx__2025_09_27_18_00_08__000020450,zx,2025_09_27_18_00_08,pre2_label2_old_main,session_level_split,test,active_legacy_best,0.6936829090118408,1.124341607093811,0.1267332285642624,0.9976083785295486,0.11271772543563642,0,1,1.190000057220459,1.915000006556511,0.08104616403579712,0,1,3,0,0,1,0,0,0,1,0,active_legacy_best
vehicle_instability_allraw__zx__2025_09_27_18_00_08__000050245__pre2_label2_old_main,vehicle_instability_allraw__zx__2025_09_27_18_00_08__000050245,zx,2025_09_27_18_00_08,pre2_label2_old_main,session_level_split,test,active_legacy_best,0.21458700299263,0.6377439498901367,0.33539852499961853,0.3023454248905182,0.5259140836340308,1,0,0.16499996185302734,0.5350000215694308,0.3034370541572571,0,1,3,0,0,1,0,0,0,0,0,active_legacy_best
vehicle_instability_allraw__zx__2025_09_27_18_00_08__000066065__pre2_label2_old_main,vehicle_instability_allraw__zx__2025_09_27_18_00_08__000066065,zx,2025_09_27_18_00_08,pre2_label2_old_main,session_level_split,test,active_legacy_best,0.4902835786342621,0.5452409982681274,0.6404219269752502,0.0951809287071228,1.1745667127186878,1,0,0.434999942779541,0.15499999653548002,0.22754839062690735,0,1,3,0,0,1,0,0,0,0,0,active_legacy_best
vehicle_instability_allraw__zx__2025_09_27_18_00_08__000119290__pre2_label2_old_main,vehicle_instability_allraw__zx__2025_09_27_18_00_08__000119290,zx,2025_09_27_18_00_08,pre2_label2_old_main,session_level_split,test,active_legacy_best,0.2452515959739685,0.14608433842658997,0.3318609297275543,0.18577659130096436,2.2717077908684953,1,0,0.7300000190734863,0.03000000026077032,0.2210269421339035,1,1,2,1,0,1,0,0,0,0,0,active_legacy_best
vehicle_instability_allraw__zx__2025_09_27_18_00_08__000149680__pre2_label2_old_main,vehicle_instability_allraw__zx__2025_09_27_18_00_08__000149680,zx,2025_09_27_18_00_08,pre2_label2_old_main,session_level_split,test,active_legacy_best,0.7143563032150269,1.0152596235275269,0.12428966164588928,0.8909699618816376,0.12242155480786673,1,0,0.6200000047683716,1.9300000071525574,0.8926492929458618,1,1,1,0,0,0,0,0,0,1,0,active_legacy_best
vehicle_instability_allraw__zx__2025_09_27_18_00_08__000173505__pre2_label2_old_main,vehicle_instability_allraw__zx__2025_09_27_18_00_08__000173505,zx,2025_09_27_18_00_08,pre2_label2_old_main,session_level_split,test,active_legacy_best,0.6741470694541931,1.1810654401779175,0.5849862098693848,0.5960792303085327,0.4953038078747453,1,0,0.6200000047683716,0.13999999593943357,0.1578320860862732,0,1,3,0,0,1,0,0,0,1,0,active_legacy_best
vehicle_instability_allraw__zx__2025_09_27_18_00_08__000195680__pre2_label2_old_main,vehicle_instability_allraw__zx__2025_09_27_18_00_08__000195680,zx,2025_09_27_18_00_08,pre2_label2_old_main,session_level_split,test,active_legacy_best,0.6526660323143005,1.3625800609588623,0.6387655735015869,0.7238144874572754,0.46879122321229383,1,0,0.38499999046325684,0.6150000048801303,1.3851356506347656,1,1,2,0,0,1,0,1,0,1,1,active_legacy_best
vehicle_instability_allraw__zx__2025_09_27_18_00_08__000256360__pre2_label2_old_main,vehicle_instability_allraw__zx__2025_09_27_18_00_08__000256360,zx,2025_09_27_18_00_08,pre2_label2_old_main,session_level_split,test,active_legacy_best,0.345505952835083,0.6773619651794434,0.15381118655204773,0.5235507786273956,0.22707384597731411,1,0,0.3400000333786011,0.8050000024959445,0.4746667742729187,1,1,3,0,0,1,0,0,0,1,0,active_legacy_best
vehicle_instability_allraw__zx__2025_09_27_18_00_08__000313580__pre2_label2_old_main,vehicle_instability_allraw__zx__2025_09_27_18_00_08__000313580,zx,2025_09_27_18_00_08,pre2_label2_old_main,session_level_split,test,active_legacy_best,0.6161632537841797,0.9805290102958679,0.151405930519104,0.8291230797767639,0.1544124946118813,0,1,1.0950000286102295,1.7550000101327896,0.22880837321281433,0,1,3,0,0,1,0,0,0,1,0,active_legacy_best
vehicle_instability_allraw__zx__2025_09_27_18_00_08__000320360__pre2_label2_old_main,vehicle_instability_allraw__zx__2025_09_27_18_00_08__000320360,zx,2025_09_27_18_00_08,pre2_label2_old_main,session_level_split,test,active_legacy_best,0.3348384201526642,0.635125994682312,0.19929426908493042,0.4358317255973816,0.3137869820375039,1,0,0.19499999284744263,0.1149999974295497,0.31728149950504303,0,1,2,0,0,1,0,0,0,1,0,active_legacy_best
vehicle_instability_allraw__zx__2025_09_27_18_00_08__000353905__pre2_label2_old_main,vehicle_instability_allraw__zx__2025_09_27_18_00_08__000353905,zx,2025_09_27_18_00_08,pre2_label2_old_main,session_level_split,test,active_legacy_best,0.4598551094532013,0.7283228635787964,0.03985168784856796,0.6884711757302284,0.05471706277727811,1,0,0.3250000476837158,1.9000000059604645,0.4304586127400398,1,1,12,0,0,1,0,0,0,1,0,active_legacy_best
vehicle_instability_allraw__zxy__2025_09_28_15_57_38__000092690__pre2_label2_old_main,vehicle_instability_allraw__zxy__2025_09_28_15_57_38__000092690,zxy,2025_09_28_15_57_38,pre2_label2_old_main,session_level_split,test,active_legacy_best,0.3498212993144989,0.9798280000686646,0.20431587100028992,0.7755121290683746,0.20852218040918594,1,0,0.009999990463256836,0.7049999786540866,0.6769512593746185,1,1,4,0,0,1,0,0,0,1,0,active_legacy_best
vehicle_instability_allraw__zxy__2025_09_28_15_57_38__000128180__pre2_label2_old_main,vehicle_instability_allraw__zxy__2025_09_28_15_57_38__000128180,zxy,2025_09_28_15_57_38,pre2_label2_old_main,session_level_split,test,active_legacy_best,0.4166576564311981,0.9311332106590271,0.0531575083732605,0.8779757022857666,0.057089047801911465,1,0,1.0200000405311584,1.3450000286102295,0.49476833641529083,1,1,6,0,0,1,0,0,0,1,0,active_legacy_best
vehicle_instability_allraw__zxy__2025_09_28_15_57_38__000182350__pre2_label2_old_main,vehicle_instability_allraw__zxy__2025_09_28_15_57_38__000182350,zxy,2025_09_28_15_57_38,pre2_label2_old_main,session_level_split,test,active_legacy_best,0.7578679323196411,0.5749120116233826,1.3113436698913574,0.7364316582679749,2.2809467246796746,1,0,1.3750000596046448,0.06500000040978193,0.2159329354763031,0,0,4,1,0,1,0,0,0,0,0,active_legacy_best
vehicle_instability_allraw__zxy__2025_09_28_16_35_30__000096695__pre2_label2_old_main,vehicle_instability_allraw__zxy__2025_09_28_16_35_30__000096695,zxy,2025_09_28_16_35_30,pre2_label2_old_main,session_level_split,test,active_legacy_best,0.1710742861032486,0.6220359206199646,0.2502971291542053,0.3717387914657593,0.40238372231742126,1,0,1.4800000190734863,0.45000001322478056,0.3756103068590164,1,1,3,0,0,1,0,0,0,1,0,active_legacy_best
vehicle_instability_allraw__zxy__2025_09_28_16_35_30__000141250__pre2_label2_old_main,vehicle_instability_allraw__zxy__2025_09_28_16_35_30__000141250,zxy,2025_09_28_16_35_30,pre2_label2_old_main,session_level_split,test,active_legacy_best,0.29420700669288635,0.7140136957168579,0.10071086883544922,0.6133028268814087,0.1410489314694968,1,0,1.2300000190734863,0.9149999618530273,0.3072451800107956,0,1,4,0,0,1,0,0,0,1,0,active_legacy_best
vehicle_instability_allraw__zxy__2025_09_28_16_35_30__000185120__pre2_label2_old_main,vehicle_instability_allraw__zxy__2025_09_28_16_35_30__000185120,zxy,2025_09_28_16_35_30,pre2_label2_old_main,session_level_split,test,active_legacy_best,2.248861312866211,2.7082290649414062,0.2532508075237274,2.454978257417679,0.09351159058224147,0,1,0.19000005722045898,1.8100000023841858,2.9212998151779175,1,0,3,0,0,1,0,1,0,1,1,active_legacy_best
vehicle_instability_allraw__zxy__2025_09_28_16_35_30__000460020__pre2_label2_old_main,vehicle_instability_allraw__zxy__2025_09_28_16_35_30__000460020,zxy,2025_09_28_16_35_30,pre2_label2_old_main,session_level_split,test,active_legacy_best,0.15094465017318726,0.4502899646759033,0.0895269513130188,0.3607630133628845,0.19882066742805588,1,0,0.09499990940093994,1.9250000044703484,0.3563956767320633,1,0,4,0,0,1,0,0,0,1,0,active_legacy_best
vehicle_instability_allraw__zxy__2025_09_28_16_35_30__000467085__pre2_label2_old_main,vehicle_instability_allraw__zxy__2025_09_28_16_35_30__000467085,zxy,2025_09_28_16_35_30,pre2_label2_old_main,session_level_split,test,active_legacy_best,0.035559967160224915,0.08116006851196289,0.0299693513661623,0.05119071714580059,0.3692622728841691,1,0,0.5199999809265137,0.6849999977275729,0.049194276332855225,1,1,0,0,1,0,0,0,0,1,0,active_legacy_best
vehicle_instability_allraw__zxy__2025_09_28_16_35_30__000471085__pre2_label2_old_main,vehicle_instability_allraw__zxy__2025_09_28_16_35_30__000471085,zxy,2025_09_28_16_35_30,pre2_label2_old_main,session_level_split,test,active_legacy_best,1.1996442079544067,2.6043848991394043,0.10899131000041962,2.4953935891389847,0.0418491560277572,1,0,1.9450000384822488,0.8600000143051147,2.4942180812358856,1,0,1,0,0,0,0,1,0,1,1,active_legacy_best
vehicle_instability_allraw__zxy__2025_09_28_16_35_30__000691590__pre2_label2_old_main,vehicle_instability_allraw__zxy__2025_09_28_16_35_30__000691590,zxy,2025_09_28_16_35_30,pre2_label2_old_main,session_level_split,test,active_legacy_best,0.47471922636032104,0.772657036781311,0.3472644090652466,0.42539262771606445,0.4494418513443689,1,0,1.2100000381469727,0.05999999772757292,0.5301290452480316,1,1,2,0,0,1,0,0,0,1,0,active_legacy_best
vehicle_instability_allraw__zxy__2025_09_28_16_35_30__000785960__pre2_label2_old_main,vehicle_instability_allraw__zxy__2025_09_28_16_35_30__000785960,zxy,2025_09_28_16_35_30,pre2_label2_old_main,session_level_split,test,active_legacy_best,0.6260261535644531,0.7518875002861023,0.2984844446182251,0.4534030556678772,0.39698019252168465,0,1,0.1950000524520874,0.35500001441687346,0.6010546982288361,1,1,2,0,0,1,0,0,0,1,0,active_legacy_best
vehicle_instability_allraw__byx__2025_09_28_17_05_51__000060840__pre2_label2_old_main,vehicle_instability_allraw__byx__2025_09_28_17_05_51__000060840,byx,2025_09_28_17_05_51,pre2_label2_old_main,session_level_split,train,structure_best,1.0780868530273438,1.944647192955017,1.0722119808197021,0.8724352121353149,0.5513658131429006,1,0,0.7949999570846558,0.07499999832361937,0.052134156227111816,0,1,3,35,0,1,1,1,1,0,1,structure_best
vehicle_instability_allraw__byx__2025_09_28_17_05_51__000087745__pre2_label2_old_main,vehicle_instability_allraw__byx__2025_09_28_17_05_51__000087745,byx,2025_09_28_17_05_51,pre2_label2_old_main,session_level_split,train,structure_best,1.0712178945541382,1.9746613502502441,0.680098831653595,1.2945625185966492,0.34441289468060315,1,0,0.029999971389770508,0.19500000309199095,0.9527818560600281,0,1,4,87,0,1,1,1,0,1,1,structure_best
vehicle_instability_allraw__byx__2025_09_28_17_05_51__000099815__pre2_label2_old_main,vehicle_instability_allraw__byx__2025_09_28_17_05_51__000099815,byx,2025_09_28_17_05_51,pre2_label2_old_main,session_level_split,train,structure_best,0.050474509596824646,0.05166006088256836,0.03168344497680664,0.01997661590576172,0.6133063808969992,0,1,1.399999976158142,0.3600000096485019,0.0790441669523716,1,1,2,0,0,1,0,0,0,0,0,structure_best
vehicle_instability_allraw__byx__2025_09_28_17_05_51__000158490__pre2_label2_old_main,vehicle_instability_allraw__byx__2025_09_28_17_05_51__000158490,byx,2025_09_28_17_05_51,pre2_label2_old_main,session_level_split,train,structure_best,0.8465834259986877,2.112717866897583,1.517867088317871,0.5948507785797119,0.7184428702478767,1,0,1.504999965429306,0.330000008456409,0.6065219640731812,0,0,3,2,0,1,1,1,1,0,1,structure_best
vehicle_instability_allraw__byx__2025_09_28_17_05_51__000187815__pre2_label2_old_main,vehicle_instability_allraw__byx__2025_09_28_17_05_51__000187815,byx,2025_09_28_17_05_51,pre2_label2_old_main,session_level_split,train,structure_best,0.331889271736145,0.9306089878082275,0.25108256936073303,0.6795264184474945,0.2698045824294941,1,0,0.4700000286102295,0.759999985806644,0.6852151304483414,1,1,1,24,0,0,1,0,0,1,0,structure_best
vehicle_instability_allraw__byx__2025_09_28_17_05_51__000219320__pre2_label2_old_main,vehicle_instability_allraw__byx__2025_09_28_17_05_51__000219320,byx,2025_09_28_17_05_51,pre2_label2_old_main,session_level_split,train,structure_best,0.5820000171661377,0.7374014258384705,0.7491520047187805,0.011750578880310059,1.0159351181982716,1,0,0.059999942779541016,0.15499999653548002,0.009543538093566895,0,1,3,17,0,1,1,0,0,0,0,structure_best
vehicle_instability_allraw__byx__2025_09_28_17_05_51__000243065__pre2_label2_old_main,vehicle_instability_allraw__byx__2025_09_28_17_05_51__000243065,byx,2025_09_28_17_05_51,pre2_label2_old_main,session_level_split,train,structure_best,0.4037570655345917,0.9133307933807373,0.28398680686950684,0.6293439865112305,0.3109353247779112,0,1,1.9800000097602606,0.1450000060722232,1.1729240119457245,1,1,3,91,0,1,1,0,0,1,0,structure_best
vehicle_instability_allraw__byx__2025_09_28_17_05_51__000257595__pre2_label2_old_main,vehicle_instability_allraw__byx__2025_09_28_17_05_51__000257595,byx,2025_09_28_17_05_51,pre2_label2_old_main,session_level_split,train,structure_best,0.5762264728546143,1.2873549461364746,0.4257841408252716,0.861570805311203,0.3307433914035186,1,0,0.059999942779541016,0.4000000013038516,0.8626880943775177,1,1,5,6,0,1,1,0,0,1,0,structure_best
vehicle_instability_allraw__byx__2025_09_28_17_05_51__000299300__pre2_label2_old_main,vehicle_instability_allraw__byx__2025_09_28_17_05_51__000299300,byx,2025_09_28_17_05_51,pre2_label2_old_main,session_level_split,train,structure_best,0.2648189067840576,0.5049239993095398,0.190637469291687,0.3142865300178528,0.37755676013098,1,0,1.225000023841858,0.7900000065565109,0.06278449296951294,0,0,2,41,0,1,1,0,0,1,0,structure_best
vehicle_instability_allraw__byx__2025_09_28_17_05_51__000343900__pre2_label2_old_main,vehicle_instability_allraw__byx__2025_09_28_17_05_51__000343900,byx,2025_09_28_17_05_51,pre2_label2_old_main,session_level_split,train,structure_best,0.3122403621673584,0.5319759845733643,0.45732733607292175,0.0746486485004425,0.8596766570951329,1,0,0.33500003814697266,1.0399999571964145,0.078122079372406,0,1,0,26,0,0,1,0,0,0,0,structure_best
vehicle_instability_allraw__byx__2025_09_28_17_05_51__000349300__pre2_label2_old_main,vehicle_instability_allraw__byx__2025_09_28_17_05_51__000349300,byx,2025_09_28_17_05_51,pre2_label2_old_main,session_level_split,train,structure_best,0.3659361004829407,0.9506800174713135,0.4126375615596771,0.5380424559116364,0.43404463539397825,1,0,0.4700000286102295,0.8600000096485019,0.5435996055603027,1,1,1,33,0,0,1,0,0,1,0,structure_best
vehicle_instability_allraw__byx__2025_09_28_17_05_51__000366800__pre2_label2_old_main,vehicle_instability_allraw__byx__2025_09_28_17_05_51__000366800,byx,2025_09_28_17_05_51,pre2_label2_old_main,session_level_split,train,structure_best,0.19563597440719604,0.32148969173431396,0.3229794502258301,0.0014897584915161133,1.0046339230458041,1,0,0.9100000858306885,0.6200000001117587,0.15950119495391846,0,1,2,0,0,1,0,0,0,0,0,structure_best
vehicle_instability_allraw__byx__2025_09_28_17_05_51__000372590__pre2_label2_old_main,vehicle_instability_allraw__byx__2025_09_28_17_05_51__000372590,byx,2025_09_28_17_05_51,pre2_label2_old_main,session_level_split,train,structure_best,0.8329747319221497,1.795423984527588,0.3414117395877838,1.454012244939804,0.1901566106557366,1,0,0.3299999237060547,1.4599999785423279,0.6929663121700287,0,1,2,28,0,1,1,1,0,1,1,structure_best
vehicle_instability_allraw__byx__2025_09_28_17_05_51__000484195__pre2_label2_old_main,vehicle_instability_allraw__byx__2025_09_28_17_05_51__000484195,byx,2025_09_28_17_05_51,pre2_label2_old_main,session_level_split,train,structure_best,0.6513195037841797,1.1178799867630005,0.11384615302085876,1.0040338337421417,0.1018411228118668,1,0,0.8050000667572021,1.5,0.5204068273305893,0,0,3,0,0,1,0,0,0,1,0,structure_best
vehicle_instability_allraw__byx__2025_09_28_17_05_51__000546280__pre2_label2_old_main,vehicle_instability_allraw__byx__2025_09_28_17_05_51__000546280,byx,2025_09_28_17_05_51,pre2_label2_old_main,session_level_split,train,structure_best,0.12046439200639725,0.14695601165294647,0.25580933690071106,0.10885332524776459,1.7407204647390284,0,1,1.739999981597066,1.1249999953433871,0.015520676970481873,0,0,3,15,0,1,1,0,0,0,0,structure_best
vehicle_instability_allraw__byx__2025_09_28_17_15_52__000028810__pre2_label2_old_main,vehicle_instability_allraw__byx__2025_09_28_17_15_52__000028810,byx,2025_09_28_17_15_52,pre2_label2_old_main,session_level_split,train,structure_best,0.3843843340873718,0.34609684348106384,0.29681864380836487,0.049278199672698975,0.8576173097187026,0,1,1.7100000530481339,0.03000000026077032,0.030469447374343872,0,1,1,1,1,0,0,0,0,0,0,structure_best
vehicle_instability_allraw__byx__2025_09_28_17_15_52__000058865__pre2_label2_old_main,vehicle_instability_allraw__byx__2025_09_28_17_15_52__000058865,byx,2025_09_28_17_15_52,pre2_label2_old_main,session_level_split,train,structure_best,1.051602840423584,2.1975419521331787,0.503960371017456,1.6935815811157227,0.2293291240825942,1,0,0.019999980926513672,0.28499999176710844,0.42478929460048676,0,1,2,41,0,1,1,1,0,1,1,structure_best
vehicle_instability_allraw__byx__2025_09_28_17_15_52__000087445__pre2_label2_old_main,vehicle_instability_allraw__byx__2025_09_28_17_15_52__000087445,byx,2025_09_28_17_15_52,pre2_label2_old_main,session_level_split,train,structure_best,0.6730075478553772,1.2529720067977905,0.8991245627403259,0.3538474440574646,0.7175934959937458,1,0,0.3500000238418579,0.16500000189989805,0.34888410568237305,0,1,1,32,0,0,1,0,0,0,0,structure_best
vehicle_instability_allraw__byx__2025_09_28_17_15_52__000131145__pre2_label2_old_main,vehicle_instability_allraw__byx__2025_09_28_17_15_52__000131145,byx,2025_09_28_17_15_52,pre2_label2_old_main,session_level_split,train,structure_best,0.31785255670547485,1.7027480602264404,0.9727787375450134,0.729969322681427,0.5712992780715006,1,0,1.5550000071525574,0.02000001072883606,0.7682532072067261,0,0,2,6,0,1,1,1,1,0,1,structure_best
vehicle_instability_allraw__byx__2025_09_28_17_15_52__000164040__pre2_label2_old_main,vehicle_instability_allraw__byx__2025_09_28_17_15_52__000164040,byx,2025_09_28_17_15_52,pre2_label2_old_main,session_level_split,train,structure_best,0.6421155333518982,1.257859230041504,0.7194558382034302,0.5384033918380737,0.5719684850423932,1,0,0.48000001907348633,0.10499999951571226,0.4932379126548767,0,1,2,13,0,1,1,0,0,0,0,structure_best
vehicle_instability_allraw__byx__2025_09_28_17_15_52__000216345__pre2_label2_old_main,vehicle_instability_allraw__byx__2025_09_28_17_15_52__000216345,byx,2025_09_28_17_15_52,pre2_label2_old_main,session_level_split,train,structure_best,0.45554107427597046,0.9564404487609863,0.3581448197364807,0.5982956290245056,0.3744559530082994,1,0,0.16499996185302734,0.9050000263378024,0.6025046706199646,1,1,1,22,0,0,1,0,0,1,0,structure_best
vehicle_instability_allraw__byx__2025_09_28_17_15_52__000263965__pre2_label2_old_main,vehicle_instability_allraw__byx__2025_09_28_17_15_52__000263965,byx,2025_09_28_17_15_52,pre2_label2_old_main,session_level_split,train,structure_best,0.5455154776573181,0.36093398928642273,0.5080311298370361,0.1470971405506134,1.4075458253223223,0,1,0.8899999856948853,0.03499999921768904,0.34222511947155,1,1,2,15,0,1,1,0,0,0,0,structure_best
vehicle_instability_allraw__byx__2025_09_28_17_15_52__000287425__pre2_label2_old_main,vehicle_instability_allraw__byx__2025_09_28_17_15_52__000287425,byx,2025_09_28_17_15_52,pre2_label2_old_main,session_level_split,train,structure_best,0.19390203058719635,0.47211211919784546,0.2142944484949112,0.25781767070293427,0.4539058409663658,1,0,0.4950000047683716,1.2150000287219882,0.26304641366004944,1,1,3,16,0,1,1,0,0,1,0,structure_best
vehicle_instability_allraw__byx__2025_09_28_17_15_52__000319770__pre2_label2_old_main,vehicle_instability_allraw__byx__2025_09_28_17_15_52__000319770,byx,2025_09_28_17_15_52,pre2_label2_old_main,session_level_split,train,structure_best,0.18550962209701538,0.41032660007476807,0.2531689405441284,0.15715765953063965,0.6169937325486502,1,0,0.6500000953674316,0.7649999810382724,0.1550619900226593,0,1,1,0,0,0,0,0,0,0,0,structure_best
vehicle_instability_allraw__byx__2025_09_28_17_15_52__000341810__pre2_label2_old_main,vehicle_instability_allraw__byx__2025_09_28_17_15_52__000341810,byx,2025_09_28_17_15_52,pre2_label2_old_main,session_level_split,train,structure_best,0.5150619745254517,0.7436872720718384,0.6724579930305481,0.07122927904129028,0.9042214628161477,1,0,0.059999942779541016,0.08999999891966581,0.07284319400787354,0,1,3,10,0,1,1,0,0,0,0,structure_best
vehicle_instability_allraw__byx__2025_09_28_17_15_52__000411920__pre2_label2_old_main,vehicle_instability_allraw__byx__2025_09_28_17_15_52__000411920,byx,2025_09_28_17_15_52,pre2_label2_old_main,session_level_split,train,structure_best,0.4772418737411499,1.1828088760375977,0.5385988354682922,0.6442100405693054,0.45535576066405165,1,0,0.440000057220459,0.8299999786540866,0.2011932134628296,0,1,6,6,1,1,1,0,0,1,0,structure_best
vehicle_instability_allraw__byx__2025_09_28_17_15_52__000450690__pre2_label2_old_main,vehicle_instability_allraw__byx__2025_09_28_17_15_52__000450690,byx,2025_09_28_17_15_52,pre2_label2_old_main,session_level_split,train,structure_best,0.09222803264856339,0.05899199843406677,0.12586915493011475,0.06687715649604797,2.13366487441164,1,0,0.12499994039535522,0.6550000263378024,0.16063567250967026,1,1,1,1,1,0,0,0,0,0,0,structure_best
vehicle_instability_allraw__byx__2025_09_28_17_15_52__000517355__pre2_label2_old_main,vehicle_instability_allraw__byx__2025_09_28_17_15_52__000517355,byx,2025_09_28_17_15_52,pre2_label2_old_main,session_level_split,train,structure_best,0.14629428088665009,0.16022101044654846,0.3206592798233032,0.16043826937675476,2.0013559952568065,1,0,0.014999985694885254,0.08000000100582838,0.16043826937675476,1,1,3,4,0,1,1,0,0,0,0,structure_best
vehicle_instability_allraw__byx__2025_09_28_17_25_18__000049910__pre2_label2_old_main,vehicle_instability_allraw__byx__2025_09_28_17_25_18__000049910,byx,2025_09_28_17_25_18,pre2_label2_old_main,session_level_split,train,structure_best,0.3630339503288269,0.4670493006706238,0.2921299934387207,0.17491930723190308,0.6254799932667899,1,0,0.15500009059906006,0.04000000189989805,0.13656413555145264,0,1,4,37,0,1,1,0,0,0,0,structure_best
vehicle_instability_allraw__byx__2025_09_28_17_25_18__000065550__pre2_label2_old_main,vehicle_instability_allraw__byx__2025_09_28_17_25_18__000065550,byx,2025_09_28_17_25_18,pre2_label2_old_main,session_level_split,train,structure_best,0.09219186007976532,0.10297000408172607,0.010301882401108742,0.09266812168061733,0.10004741179705363,0,1,0.8500000238418579,1.9300000071525574,0.05085916165262461,0,0,1,0,0,0,0,0,0,1,0,structure_best
vehicle_instability_allraw__byx__2025_09_28_17_25_18__000117195__pre2_label2_old_main,vehicle_instability_allraw__byx__2025_09_28_17_25_18__000117195,byx,2025_09_28_17_25_18,pre2_label2_old_main,session_level_split,train,structure_best,0.6278822422027588,1.0007719993591309,0.8918395638465881,0.10893243551254272,0.8911515953860617,1,0,0.3700000047683716,0.24999999534338713,0.07794654369354248,0,1,2,20,0,1,1,0,0,0,0,structure_best
vehicle_instability_allraw__byx__2025_09_28_17_25_18__000164150__pre2_label2_old_main,vehicle_instability_allraw__byx__2025_09_28_17_25_18__000164150,byx,2025_09_28_17_25_18,pre2_label2_old_main,session_level_split,train,structure_best,0.28270837664604187,1.3885834217071533,1.170366883277893,0.21821653842926025,0.8428495292267134,1,0,0.550000011920929,0.20499999355524778,0.22487914562225342,0,0,2,5,0,1,1,1,1,0,0,structure_best
vehicle_instability_allraw__byx__2025_09_28_17_25_18__000191805__pre2_label2_old_main,vehicle_instability_allraw__byx__2025_09_28_17_25_18__000191805,byx,2025_09_28_17_25_18,pre2_label2_old_main,session_level_split,train,structure_best,0.526427149772644,0.3572689890861511,0.5773844122886658,0.22011542320251465,1.616105595298215,1,0,0.0549999475479126,0.2750000013038516,0.218666672706604,1,1,5,8,0,1,1,0,0,0,0,structure_best
vehicle_instability_allraw__byx__2025_09_28_17_25_18__000225005__pre2_label2_old_main,vehicle_instability_allraw__byx__2025_09_28_17_25_18__000225005,byx,2025_09_28_17_25_18,pre2_label2_old_main,session_level_split,train,structure_best,0.44702664017677307,0.5108580589294434,0.4598144292831421,0.05104362964630127,0.9000825596188723,1,0,0.10000002384185791,0.29500001203268766,0.04826557636260986,0,1,5,0,0,1,0,0,0,0,0,structure_best
vehicle_instability_allraw__byx__2025_09_28_17_25_18__000248265__pre2_label2_old_main,vehicle_instability_allraw__byx__2025_09_28_17_25_18__000248265,byx,2025_09_28_17_25_18,pre2_label2_old_main,session_level_split,train,structure_best,1.3436394929885864,2.4600415229797363,0.40813276171684265,2.0519087612628937,0.16590482636345505,1,0,0.2849999666213989,1.8700000047683716,1.1984442472457886,0,1,2,10,0,1,1,1,0,1,1,structure_best
vehicle_instability_allraw__byx__2025_09_28_17_25_18__000265825__pre2_label2_old_main,vehicle_instability_allraw__byx__2025_09_28_17_25_18__000265825,byx,2025_09_28_17_25_18,pre2_label2_old_main,session_level_split,train,structure_best,0.2764686644077301,1.1597799062728882,0.3521633446216583,0.8076165616512299,0.303646702893296,1,0,1.985000004991889,1.159999961964786,0.8089133203029633,1,0,0,0,1,0,0,0,0,1,0,structure_best
vehicle_instability_allraw__byx__2025_09_28_17_25_18__000275870__pre2_label2_old_main,vehicle_instability_allraw__byx__2025_09_28_17_25_18__000275870,byx,2025_09_28_17_25_18,pre2_label2_old_main,session_level_split,train,structure_best,0.17155936360359192,0.007510185241699219,0.1712566465139389,0.16374646127223969,22.803251984126984,0,1,0.11000001430511475,1.9900000048801303,0.16782262921333313,1,1,0,0,1,0,0,0,0,0,0,structure_best
vehicle_instability_allraw__byx__2025_09_28_17_25_18__000283135__pre2_label2_old_main,vehicle_instability_allraw__byx__2025_09_28_17_25_18__000283135,byx,2025_09_28_17_25_18,pre2_label2_old_main,session_level_split,train,structure_best,0.5143498778343201,1.6858099699020386,0.11028072237968445,1.5755292475223541,0.06541705432320631,1,0,0.4950000047683716,0.49000000953674316,1.577495276927948,1,1,0,0,1,0,0,1,0,1,1,structure_best
vehicle_instability_allraw__byx__2025_09_28_17_25_18__000333065__pre2_label2_old_main,vehicle_instability_allraw__byx__2025_09_28_17_25_18__000333065,byx,2025_09_28_17_25_18,pre2_label2_old_main,session_level_split,train,structure_best,0.6651515960693359,0.9756389856338501,0.5172181129455566,0.45842087268829346,0.5301326828483919,0,1,0.6950000524520874,0.09500000160187483,0.08385246992111206,0,1,6,9,0,1,1,0,0,0,0,structure_best
vehicle_instability_allraw__byx__2025_09_28_17_25_18__000384190__pre2_label2_old_main,vehicle_instability_allraw__byx__2025_09_28_17_25_18__000384190,byx,2025_09_28_17_25_18,pre2_label2_old_main,session_level_split,train,structure_best,0.7018476724624634,1.3728759288787842,0.9728978276252747,0.3999781012535095,0.7086567745563372,1,0,0.875,0.25499999057501554,0.8736940026283264,1,1,2,18,0,1,1,1,1,0,0,structure_best
vehicle_instability_allraw__byx__2025_09_28_17_25_18__000401810__pre2_label2_old_main,vehicle_instability_allraw__byx__2025_09_28_17_25_18__000401810,byx,2025_09_28_17_25_18,pre2_label2_old_main,session_level_split,train,structure_best,0.22514082491397858,0.5010839700698853,0.3300658166408539,0.17101815342903137,0.6587036032999024,1,0,0.4700000286102295,1.2450000001117587,0.1757354438304901,0,1,1,20,0,0,1,0,0,0,0,structure_best
vehicle_instability_allraw__byx__2025_09_28_17_25_18__000477025__pre2_label2_old_main,vehicle_instability_allraw__byx__2025_09_28_17_25_18__000477025,byx,2025_09_28_17_25_18,pre2_label2_old_main,session_level_split,train,structure_best,0.5132132172584534,1.1794936656951904,0.6201428174972534,0.559350848197937,0.5257703670089172,1,0,0.059999942779541016,1.3350000334903598,0.5606561303138733,0,1,1,1,1,0,0,0,0,0,0,structure_best
vehicle_instability_allraw__byx__2025_09_28_17_35_43__000048035__pre2_label2_old_main,vehicle_instability_allraw__byx__2025_09_28_17_35_43__000048035,byx,2025_09_28_17_35_43,pre2_label2_old_main,session_level_split,train,structure_best,0.587247908115387,0.8002340197563171,0.20448225736618042,0.5957517623901367,0.25552807343587847,0,1,1.6800000574439764,0.08000000100582838,0.9506813287734985,1,1,2,21,0,1,1,0,0,1,0,structure_best
vehicle_instability_allraw__byx__2025_09_28_17_35_43__000078915__pre2_label2_old_main,vehicle_instability_allraw__byx__2025_09_28_17_35_43__000078915,byx,2025_09_28_17_35_43,pre2_label2_old_main,session_level_split,train,structure_best,0.39656543731689453,0.761661171913147,0.24505773186683655,0.5166034400463104,0.3217411375340277,1,0,0.9600000381469727,0.08000000100582838,0.3492647707462311,0,1,3,0,0,1,0,0,0,1,0,structure_best
vehicle_instability_allraw__byx__2025_09_28_17_35_43__000084125__pre2_label2_old_main,vehicle_instability_allraw__byx__2025_09_28_17_35_43__000084125,byx,2025_09_28_17_35_43,pre2_label2_old_main,session_level_split,train,structure_best,0.22444915771484375,0.16092000901699066,0.31744498014450073,0.15652497112751007,1.9726880583941768,1,0,0.3349999189376831,0.06500000040978193,0.15229253470897675,1,1,1,13,0,0,1,0,0,0,0,structure_best
vehicle_instability_allraw__byx__2025_09_28_17_35_43__000097930__pre2_label2_old_main,vehicle_instability_allraw__byx__2025_09_28_17_35_43__000097930,byx,2025_09_28_17_35_43,pre2_label2_old_main,session_level_split,train,structure_best,0.44448038935661316,0.6209880113601685,0.08093175292015076,0.5400562584400177,0.1303273999491287,0,1,1.9300000574439764,1.935000006109476,0.6889171898365021,1,1,1,9,0,0,1,0,0,1,0,structure_best
vehicle_instability_allraw__byx__2025_09_28_17_35_43__000104170__pre2_label2_old_main,vehicle_instability_allraw__byx__2025_09_28_17_35_43__000104170,byx,2025_09_28_17_35_43,pre2_label2_old_main,session_level_split,train,structure_best,0.1999884843826294,0.31119316816329956,0.22714439034461975,0.08404877781867981,0.7299144505171946,1,0,0.3500000238418579,0.04500000085681677,0.0020762383937835693,0,1,2,0,0,1,0,0,0,0,0,structure_best
vehicle_instability_allraw__byx__2025_09_28_17_35_43__000110425__pre2_label2_old_main,vehicle_instability_allraw__byx__2025_09_28_17_35_43__000110425,byx,2025_09_28_17_35_43,pre2_label2_old_main,session_level_split,train,structure_best,1.0679494142532349,2.1146390438079834,0.2174423635005951,1.8971966803073883,0.102827177119094,1,0,0.12999999523162842,1.8599999994039536,0.7186312079429626,0,1,3,31,0,1,1,1,0,1,1,structure_best
vehicle_instability_allraw__byx__2025_09_28_17_35_43__000118155__pre2_label2_old_main,vehicle_instability_allraw__byx__2025_09_28_17_35_43__000118155,byx,2025_09_28_17_35_43,pre2_label2_old_main,session_level_split,train,structure_best,0.2728898823261261,0.3968881070613861,0.1790836900472641,0.217804417014122,0.45121959277949714,1,0,0.5449999570846558,0.5049999905750155,0.22428330779075623,1,1,1,32,0,0,1,0,0,1,0,structure_best
vehicle_instability_allraw__byx__2025_09_28_17_35_43__000163465__pre2_label2_old_main,vehicle_instability_allraw__byx__2025_09_28_17_35_43__000163465,byx,2025_09_28_17_35_43,pre2_label2_old_main,session_level_split,train,structure_best,0.15607735514640808,0.2504551410675049,0.08322009444236755,0.16723504662513733,0.33227544895929023,1,0,0.5449999570846558,0.03000000026077032,0.17496822774410248,1,1,1,53,0,0,1,0,0,1,0,structure_best
vehicle_instability_allraw__byx__2025_09_28_17_35_43__000194205__pre2_label2_old_main,vehicle_instability_allraw__byx__2025_09_28_17_35_43__000194205,byx,2025_09_28_17_35_43,pre2_label2_old_main,session_level_split,train,structure_best,0.44645148515701294,0.7435100078582764,0.18362486362457275,0.5598851442337036,0.2469702649376769,1,0,0.029999971389770508,0.0850000036880374,0.3695177435874939,0,0,1,0,0,0,0,0,0,1,0,structure_best
vehicle_instability_allraw__byx__2025_09_28_17_35_43__000199335__pre2_label2_old_main,vehicle_instability_allraw__byx__2025_09_28_17_35_43__000199335,byx,2025_09_28_17_35_43,pre2_label2_old_main,session_level_split,train,structure_best,0.3571215271949768,0.040490150451660156,0.3813173472881317,0.34082719683647156,9.41753347504534,1,0,0.565000057220459,0.7900000168010592,0.34578460454940796,1,1,0,0,1,0,0,0,0,0,0,structure_best
vehicle_instability_allraw__byx__2025_09_28_17_35_43__000231020__pre2_label2_old_main,vehicle_instability_allraw__byx__2025_09_28_17_35_43__000231020,byx,2025_09_28_17_35_43,pre2_label2_old_main,session_level_split,train,structure_best,0.5671937465667725,0.9894275069236755,0.35637280344963074,0.6330547034740448,0.3601808125970378,1,0,0.5799999833106995,0.19999999832361937,0.8653394877910614,1,1,3,43,0,1,1,0,0,1,0,structure_best
vehicle_instability_allraw__byx__2025_09_28_17_35_43__000258300__pre2_label2_old_main,vehicle_instability_allraw__byx__2025_09_28_17_35_43__000258300,byx,2025_09_28_17_35_43,pre2_label2_old_main,session_level_split,train,structure_best,0.3663964867591858,0.5928881764411926,0.03796439245343208,0.5549237839877605,0.06403297276277813,0,1,1.1050000488758087,1.96000000461936,0.39200227335095406,1,1,3,27,0,1,1,0,0,1,0,structure_best
vehicle_instability_allraw__byx__2025_09_28_17_35_43__000284385__pre2_label2_old_main,vehicle_instability_allraw__byx__2025_09_28_17_35_43__000284385,byx,2025_09_28_17_35_43,pre2_label2_old_main,session_level_split,train,structure_best,0.6540626883506775,1.430467963218689,0.512452244758606,0.918015718460083,0.35824097982980313,1,0,0.1650000810623169,0.8650000048801303,0.19291335344314575,0,1,2,57,0,1,1,1,0,1,0,structure_best
vehicle_instability_allraw__byx__2025_09_28_17_35_43__000329825__pre2_label2_old_main,vehicle_instability_allraw__byx__2025_09_28_17_35_43__000329825,byx,2025_09_28_17_35_43,pre2_label2_old_main,session_level_split,train,structure_best,0.1891430914402008,0.241902694106102,0.30125191807746887,0.05934922397136688,1.2453433773884943,1,0,1.1050000488758087,0.0549999987706542,0.013132959604263306,0,1,1,25,0,0,1,0,0,0,0,structure_best
vehicle_instability_allraw__byx__2025_09_28_17_35_43__000359875__pre2_label2_old_main,vehicle_instability_allraw__byx__2025_09_28_17_35_43__000359875,byx,2025_09_28_17_35_43,pre2_label2_old_main,session_level_split,train,structure_best,0.6501527428627014,1.1491249799728394,0.44455039501190186,0.7045745849609375,0.38685991755431964,1,0,0.059999942779541016,0.16000000666826963,0.7060137987136841,1,1,1,2,0,0,1,0,0,1,0,structure_best
vehicle_instability_allraw__byx__2025_09_28_17_35_43__000397655__pre2_label2_old_main,vehicle_instability_allraw__byx__2025_09_28_17_35_43__000397655,byx,2025_09_28_17_35_43,pre2_label2_old_main,session_level_split,train,structure_best,0.18970046937465668,0.1946040391921997,0.24828901886940002,0.05368497967720032,1.275867756394196,1,0,0.059999942779541016,0.8149999929592013,0.05289357900619507,0,1,0,0,1,0,0,0,0,0,0,structure_best
vehicle_instability_allraw__byx__2025_09_28_17_35_43__000466090__pre2_label2_old_main,vehicle_instability_allraw__byx__2025_09_28_17_35_43__000466090,byx,2025_09_28_17_35_43,pre2_label2_old_main,session_level_split,train,structure_best,0.6099972128868103,1.5961029529571533,0.6238080859184265,0.9722948670387268,0.39083198534447694,1,0,0.059999942779541016,1.659999961964786,0.9739978313446045,1,1,2,6,0,1,1,1,0,1,1,structure_best
vehicle_instability_allraw__byx__2025_09_28_17_35_43__000497615__pre2_label2_old_main,vehicle_instability_allraw__byx__2025_09_28_17_35_43__000497615,byx,2025_09_28_17_35_43,pre2_label2_old_main,session_level_split,train,structure_best,0.28409698605537415,0.446804016828537,0.09470787644386292,0.3520961403846741,0.21196737915677127,0,1,0.43499999307096004,0.06500000040978193,0.08341661095619202,0,1,1,0,0,0,0,0,0,1,0,structure_best
vehicle_instability_allraw__cwh__2025_09_26_19_23_28__000146005__pre2_label2_old_main,vehicle_instability_allraw__cwh__2025_09_26_19_23_28__000146005,cwh,2025_09_26_19_23_28,pre2_label2_old_main,session_level_split,train,structure_best,0.3740816116333008,1.3215609788894653,1.241884708404541,0.07967627048492432,0.9397104849812697,1,0,0.49000000953674316,0.42000001203268766,0.09169578552246094,0,0,2,34,0,1,1,0,0,0,0,structure_best
vehicle_instability_allraw__cwh__2025_09_26_19_27_21__000042425__pre2_label2_old_main,vehicle_instability_allraw__cwh__2025_09_26_19_27_21__000042425,cwh,2025_09_26_19_27_21,pre2_label2_old_main,session_level_split,train,structure_best,0.3603387475013733,0.6075491309165955,0.24599599838256836,0.3615531325340271,0.4048989388091788,1,0,0.059999942779541016,0.4649999989196658,0.3625585734844208,1,1,3,5,0,1,1,0,0,1,0,structure_best
vehicle_instability_allraw__cwh__2025_09_26_19_27_21__000065145__pre2_label2_old_main,vehicle_instability_allraw__cwh__2025_09_26_19_27_21__000065145,cwh,2025_09_26_19_27_21,pre2_label2_old_main,session_level_split,train,structure_best,0.9157961010932922,1.5481109619140625,0.6548094153404236,0.8933015465736389,0.4229731792163182,1,0,0.009999990463256836,0.19500000309199095,0.45969922840595245,0,1,2,47,0,1,1,1,0,1,1,structure_best
vehicle_instability_allraw__cwh__2025_09_26_19_27_21__000158975__pre2_label2_old_main,vehicle_instability_allraw__cwh__2025_09_26_19_27_21__000158975,cwh,2025_09_26_19_27_21,pre2_label2_old_main,session_level_split,train,structure_best,0.474916011095047,1.17268705368042,0.41984814405441284,0.7528389096260071,0.3580223238047528,1,0,0.019999980926513672,1.325000043027103,0.7486171722412109,1,1,2,4,0,1,1,0,0,1,0,structure_best
vehicle_instability_allraw__cwh__2025_09_26_19_27_21__000179505__pre2_label2_old_main,vehicle_instability_allraw__cwh__2025_09_26_19_27_21__000179505,cwh,2025_09_26_19_27_21,pre2_label2_old_main,session_level_split,train,structure_best,0.6933186054229736,1.1266101598739624,0.7965480089187622,0.3300621509552002,0.7070307345780324,1,0,0.20000004768371582,1.2100000334903598,0.298464298248291,0,1,2,22,0,1,1,0,0,0,0,structure_best
vehicle_instability_allraw__cwh__2025_09_26_19_27_21__000205535__pre2_label2_old_main,vehicle_instability_allraw__cwh__2025_09_26_19_27_21__000205535,cwh,2025_09_26_19_27_21,pre2_label2_old_main,session_level_split,train,structure_best,0.3578416705131531,1.0485939979553223,0.5772982239723206,0.4712957739830017,0.5505450394509293,1,0,0.630000114440918,0.4950000001117587,0.007063329219818115,0,0,1,4,0,0,1,0,0,0,0,structure_best
vehicle_instability_allraw__cwh__2025_09_26_19_35_47__000086165__pre2_label2_old_main,vehicle_instability_allraw__cwh__2025_09_26_19_35_47__000086165,cwh,2025_09_26_19_35_47,pre2_label2_old_main,session_level_split,train,structure_best,0.3777264952659607,0.7314673066139221,0.42980802059173584,0.3016592860221863,0.5875970350354893,0,1,0.04999995231628418,0.09999999683350325,1.160257250070572,1,1,1,49,0,0,1,0,0,0,0,structure_best
vehicle_instability_allraw__cwh__2025_09_26_19_35_47__000134995__pre2_label2_old_main,vehicle_instability_allraw__cwh__2025_09_26_19_35_47__000134995,cwh,2025_09_26_19_35_47,pre2_label2_old_main,session_level_split,train,structure_best,0.2292385995388031,0.5771809816360474,0.6353885531425476,0.058207571506500244,1.10084804135699,1,0,0.23000001907348633,0.1149999974295497,0.059131085872650146,0,0,2,0,0,1,0,0,0,0,0,structure_best
vehicle_instability_allraw__cwh__2025_09_26_19_35_47__000190320__pre2_label2_old_main,vehicle_instability_allraw__cwh__2025_09_26_19_35_47__000190320,cwh,2025_09_26_19_35_47,pre2_label2_old_main,session_level_split,train,structure_best,0.46373873949050903,0.692546010017395,0.7259716391563416,0.03342562913894653,1.0482648497795937,1,0,0.375,0.759999985806644,0.23838436603546143,0,1,2,10,0,1,1,0,0,0,0,structure_best
vehicle_instability_allraw__cwh__2025_09_26_19_35_47__000225295__pre2_label2_old_main,vehicle_instability_allraw__cwh__2025_09_26_19_35_47__000225295,cwh,2025_09_26_19_35_47,pre2_label2_old_main,session_level_split,train,structure_best,0.24947138130664825,0.6775369644165039,0.6053768992424011,0.07216006517410278,0.8934964895439363,1,0,0.42500007152557373,0.3050000024959445,0.16684073209762573,0,0,3,10,0,1,1,0,0,0,0,structure_best
vehicle_instability_allraw__cwh__2025_09_26_19_35_47__000269950__pre2_label2_old_main,vehicle_instability_allraw__cwh__2025_09_26_19_35_47__000269950,cwh,2025_09_26_19_35_47,pre2_label2_old_main,session_level_split,train,structure_best,0.06685565412044525,0.23649200797080994,0.1432952731847763,0.09319673478603363,0.6059201510203387,1,0,1.0600000023841858,0.1450000060722232,0.030023276805877686,0,0,1,0,0,0,0,0,0,0,0,structure_best
vehicle_instability_allraw__cwh__2025_09_26_19_35_47__000453095__pre2_label2_old_main,vehicle_instability_allraw__cwh__2025_09_26_19_35_47__000453095,cwh,2025_09_26_19_35_47,pre2_label2_old_main,session_level_split,train,structure_best,0.0802474170923233,0.06876599788665771,0.11932165920734406,0.05055566132068634,1.7351839989876068,1,0,0.12999999523162842,0.10499999951571226,0.1472937986254692,1,1,1,0,0,0,0,0,0,0,0,structure_best
vehicle_instability_allraw__cwh__2025_09_26_19_35_47__000527630__pre2_label2_old_main,vehicle_instability_allraw__cwh__2025_09_26_19_35_47__000527630,cwh,2025_09_26_19_35_47,pre2_label2_old_main,session_level_split,train,structure_best,0.3970886766910553,0.110131174325943,0.37039631605148315,0.26026514172554016,3.36322860732659,0,1,0.3950000014156103,0.05999999772757292,0.3454761207103729,1,1,1,20,0,0,1,0,0,0,0,structure_best
vehicle_instability_allraw__cwh__2025_09_26_19_45_40__000061225__pre2_label2_old_main,vehicle_instability_allraw__cwh__2025_09_26_19_45_40__000061225,cwh,2025_09_26_19_45_40,pre2_label2_old_main,session_level_split,train,structure_best,0.8179238438606262,1.298175573348999,0.7247280478477478,0.5734475255012512,0.5582665879146944,1,0,0.059999942779541016,0.3000000072643161,0.5757808685302734,0,1,1,23,0,0,1,0,0,0,0,structure_best
vehicle_instability_allraw__cwh__2025_09_26_19_45_40__000089205__pre2_label2_old_main,vehicle_instability_allraw__cwh__2025_09_26_19_45_40__000089205,cwh,2025_09_26_19_45_40,pre2_label2_old_main,session_level_split,train,structure_best,0.30206945538520813,0.6611310243606567,0.6030120253562927,0.058118999004364014,0.9120915569488398,1,0,0.06500005722045898,0.5300000263378024,0.04514467716217041,0,1,1,10,0,0,1,0,0,0,0,structure_best
vehicle_instability_allraw__cwh__2025_09_26_19_45_40__000165100__pre2_label2_old_main,vehicle_instability_allraw__cwh__2025_09_26_19_45_40__000165100,cwh,2025_09_26_19_45_40,pre2_label2_old_main,session_level_split,train,structure_best,0.362006813287735,0.6236059665679932,0.07221753895282745,0.5513884276151657,0.11580636303125143,1,0,1.985000004991889,1.910000003874302,0.561880324035883,1,1,1,33,0,0,1,0,0,1,0,structure_best
vehicle_instability_allraw__cwh__2025_09_26_19_45_40__000214250__pre2_label2_old_main,vehicle_instability_allraw__cwh__2025_09_26_19_45_40__000214250,cwh,2025_09_26_19_45_40,pre2_label2_old_main,session_level_split,train,structure_best,0.8822841048240662,1.488070011138916,0.33521440625190735,1.1528556048870087,0.22526789985865392,1,0,0.18000006675720215,0.2400000048801303,0.8362665176391602,1,1,2,14,0,1,1,1,0,1,0,structure_best
vehicle_instability_allraw__cwh__2025_09_26_19_45_40__000268505__pre2_label2_old_main,vehicle_instability_allraw__cwh__2025_09_26_19_45_40__000268505,cwh,2025_09_26_19_45_40,pre2_label2_old_main,session_level_split,train,structure_best,0.11992348730564117,0.3642500042915344,0.12639647722244263,0.2378535270690918,0.3470047377714752,1,0,0.014999985694885254,0.25499999057501554,0.23791569471359253,1,0,0,0,1,0,0,0,0,1,0,structure_best
vehicle_instability_allraw__cwh__2025_09_26_19_45_40__000299420__pre2_label2_old_main,vehicle_instability_allraw__cwh__2025_09_26_19_45_40__000299420,cwh,2025_09_26_19_45_40,pre2_label2_old_main,session_level_split,train,structure_best,0.346465140581131,0.8529419898986816,0.36677977442741394,0.4861622154712677,0.4300172564736584,1,0,0.18999993801116943,0.40999999176710844,0.1961221694946289,0,1,2,32,0,1,1,0,0,1,0,structure_best
vehicle_instability_allraw__cwh__2025_09_26_19_45_40__000320850__pre2_label2_old_main,vehicle_instability_allraw__cwh__2025_09_26_19_45_40__000320850,cwh,2025_09_26_19_45_40,pre2_label2_old_main,session_level_split,train,structure_best,0.49235913157463074,1.1316709518432617,0.4473060667514801,0.6843648850917816,0.39526159615823797,1,0,0.6050000190734863,0.43999999295920134,0.011610686779022217,0,1,2,1,0,1,0,0,0,1,0,structure_best
vehicle_instability_allraw__cwh__2025_09_26_19_45_40__000341005__pre2_label2_old_main,vehicle_instability_allraw__cwh__2025_09_26_19_45_40__000341005,cwh,2025_09_26_19_45_40,pre2_label2_old_main,session_level_split,train,structure_best,0.7803194522857666,1.5233267545700073,0.5096031427383423,1.013723611831665,0.3345330482836488,1,0,0.09500002861022949,0.22500000428408384,0.18366789817810059,0,1,2,69,0,1,1,1,0,1,1,structure_best
vehicle_instability_allraw__cwh__2025_09_26_19_45_40__000403295__pre2_label2_old_main,vehicle_instability_allraw__cwh__2025_09_26_19_45_40__000403295,cwh,2025_09_26_19_45_40,pre2_label2_old_main,session_level_split,train,structure_best,0.527164101600647,1.4564769268035889,0.6444839239120483,0.8119930028915405,0.442495114101426,1,0,0.17500007152557373,1.0399999571964145,0.7576541900634766,1,0,1,2,0,0,1,1,0,1,0,structure_best
vehicle_instability_allraw__cwh__2025_09_26_20_06_19__000053135__pre2_label2_old_main,vehicle_instability_allraw__cwh__2025_09_26_20_06_19__000053135,cwh,2025_09_26_20_06_19,pre2_label2_old_main,session_level_split,train,structure_best,0.7874380350112915,0.7374019622802734,1.1290479898452759,0.39164602756500244,1.531116063691928,1,0,0.7050000429153442,0.6100000096485019,0.7755247354507446,1,1,3,49,0,1,1,0,0,0,0,structure_best
vehicle_instability_allraw__cwh__2025_09_26_20_06_19__000124540__pre2_label2_old_main,vehicle_instability_allraw__cwh__2025_09_26_20_06_19__000124540,cwh,2025_09_26_20_06_19,pre2_label2_old_main,session_level_split,train,structure_best,0.18028877675533295,0.4520399868488312,0.5125943422317505,0.06055435538291931,1.1339579620047409,1,0,0.5600000023841858,0.18999999295920134,0.16222113370895386,0,1,1,3,0,0,1,0,0,0,0,structure_best
vehicle_instability_allraw__cwh__2025_09_26_20_06_19__000154530__pre2_label2_old_main,vehicle_instability_allraw__cwh__2025_09_26_20_06_19__000154530,cwh,2025_09_26_20_06_19,pre2_label2_old_main,session_level_split,train,structure_best,0.41417834162712097,0.5625200271606445,0.5739895105361938,0.011469483375549316,1.020389466724309,1,0,0.6700000762939453,0.6399999810382724,0.5860267877578735,1,1,2,8,0,1,1,0,0,0,0,structure_best
vehicle_instability_allraw__cwh__2025_09_26_20_06_19__000180820__pre2_label2_old_main,vehicle_instability_allraw__cwh__2025_09_26_20_06_19__000180820,cwh,2025_09_26_20_06_19,pre2_label2_old_main,session_level_split,train,structure_best,0.8206396102905273,0.7285009622573853,0.8894190192222595,0.16091805696487427,1.2208892853981168,1,0,0.7350000143051147,0.05999999772757292,0.3818935751914978,1,1,3,28,0,1,1,0,0,0,0,structure_best
vehicle_instability_allraw__cwh__2025_09_26_20_06_19__000204045__pre2_label2_old_main,vehicle_instability_allraw__cwh__2025_09_26_20_06_19__000204045,cwh,2025_09_26_20_06_19,pre2_label2_old_main,session_level_split,train,structure_best,0.7280943393707275,1.6385160684585571,0.647152841091156,0.9913632273674011,0.39496276756075305,1,0,0.630000114440918,0.884999985806644,0.4666118323802948,0,1,2,10,0,1,1,1,0,1,1,structure_best
vehicle_instability_allraw__cwh__2025_09_26_20_06_19__000315730__pre2_label2_old_main,vehicle_instability_allraw__cwh__2025_09_26_20_06_19__000315730,cwh,2025_09_26_20_06_19,pre2_label2_old_main,session_level_split,train,structure_best,0.5379039645195007,1.178966999053955,0.44008180499076843,0.7388851940631866,0.37327745843938437,1,0,0.434999942779541,0.1500000013038516,0.12970998883247375,0,1,2,45,0,1,1,0,0,1,0,structure_best
vehicle_instability_allraw__cwh__2025_09_26_20_06_19__000370585__pre2_label2_old_main,vehicle_instability_allraw__cwh__2025_09_26_20_06_19__000370585,cwh,2025_09_26_20_06_19,pre2_label2_old_main,session_level_split,train,structure_best,0.4307723343372345,0.3220130205154419,0.4786401689052582,0.15662714838981628,1.4864000472375474,1,0,0.8050000667572021,0.47499998938292265,0.55844447016716,1,1,3,0,0,1,0,0,0,0,0,structure_best
vehicle_instability_allraw__cwh__2025_09_26_20_06_19__000480390__pre2_label2_old_main,vehicle_instability_allraw__cwh__2025_09_26_20_06_19__000480390,cwh,2025_09_26_20_06_19,pre2_label2_old_main,session_level_split,train,structure_best,0.38047224283218384,0.19268402457237244,0.29527899622917175,0.10259497165679932,1.5324518827364666,0,1,0.9650000240653753,0.18499999772757292,0.2914021909236908,1,0,1,4,0,0,1,0,0,0,0,structure_best
vehicle_instability_allraw__gf__2025_09_26_10_03_00__000250445__pre2_label2_old_main,vehicle_instability_allraw__gf__2025_09_26_10_03_00__000250445,gf,2025_09_26_10_03_00,pre2_label2_old_main,session_level_split,train,structure_best,0.4288671612739563,0.8874999284744263,0.20937497913837433,0.6781249493360519,0.2359154884646366,1,0,0.060000061988830566,0.29999998956918716,0.24097439646720886,0,1,3,33,0,1,1,0,0,1,0,structure_best
vehicle_instability_allraw__gf__2025_09_26_10_03_00__000265625__pre2_label2_old_main,vehicle_instability_allraw__gf__2025_09_26_10_03_00__000265625,gf,2025_09_26_10_03_00,pre2_label2_old_main,session_level_split,train,structure_best,0.641229510307312,0.8908166885375977,0.6571456789970398,0.23367100954055786,0.7376890076855631,1,0,0.3700000047683716,0.4250000072643161,0.035455524921417236,0,1,2,10,0,1,1,0,0,0,0,structure_best
vehicle_instability_allraw__gf__2025_09_26_10_18_49__000082870__pre2_label2_old_main,vehicle_instability_allraw__gf__2025_09_26_10_18_49__000082870,gf,2025_09_26_10_18_49,pre2_label2_old_main,session_level_split,train,structure_best,0.2779196798801422,0.7857480049133301,0.5374191999435425,0.2483288049697876,0.6839587203314899,1,0,0.9250000715255737,0.455000008456409,0.19046378135681152,0,1,2,2,1,1,1,0,0,0,0,structure_best
vehicle_instability_allraw__gf__2025_09_26_10_18_49__000087855__pre2_label2_old_main,vehicle_instability_allraw__gf__2025_09_26_10_18_49__000087855,gf,2025_09_26_10_18_49,pre2_label2_old_main,session_level_split,train,structure_best,0.7348360419273376,1.5196607112884521,0.45526427030563354,1.0643964409828186,0.2995828390665147,1,0,0.1650000810623169,0.44499998819082975,0.6909212172031403,0,1,6,25,0,1,1,1,0,1,0,structure_best
vehicle_instability_allraw__gf__2025_09_26_10_18_49__000149295__pre2_label2_old_main,vehicle_instability_allraw__gf__2025_09_26_10_18_49__000149295,gf,2025_09_26_10_18_49,pre2_label2_old_main,session_level_split,train,structure_best,0.4061351716518402,1.3955622911453247,1.5001922845840454,0.1046299934387207,1.0749733595573523,1,0,0.004999995231628418,0.18999999295920134,1.0282128751277924,1,0,0,21,0,0,1,1,1,0,0,structure_best
vehicle_instability_allraw__gf__2025_09_26_10_18_49__000210870__pre2_label2_old_main,vehicle_instability_allraw__gf__2025_09_26_10_18_49__000210870,gf,2025_09_26_10_18_49,pre2_label2_old_main,session_level_split,train,structure_best,0.5620189905166626,0.9454452991485596,0.6246702075004578,0.3207750916481018,0.6607153349464189,1,0,0.3950001001358032,0.3700000001117587,0.3033266067504883,0,1,2,4,0,1,1,0,0,0,0,structure_best
vehicle_instability_allraw__gf__2025_09_26_10_18_49__000233845__pre2_label2_old_main,vehicle_instability_allraw__gf__2025_09_26_10_18_49__000233845,gf,2025_09_26_10_18_49,pre2_label2_old_main,session_level_split,train,structure_best,1.1530287265777588,1.6175719499588013,0.4946947395801544,1.1228772103786469,0.3058254933221079,1,0,0.43500006198883057,0.12000000011175871,0.9477085769176483,1,1,3,2,0,1,1,1,0,1,1,structure_best
vehicle_instability_allraw__gf__2025_09_26_10_18_49__000289385__pre2_label2_old_main,vehicle_instability_allraw__gf__2025_09_26_10_18_49__000289385,gf,2025_09_26_10_18_49,pre2_label2_old_main,session_level_split,train,structure_best,0.21318164467811584,0.3864159882068634,0.055389951914548874,0.33102603629231453,0.1433428056938899,1,0,0.004999995231628418,1.935000006109476,0.33102603629231453,1,0,4,17,0,1,1,0,0,1,0,structure_best
vehicle_instability_allraw__gf__2025_09_26_10_18_49__000342355__pre2_label2_old_main,vehicle_instability_allraw__gf__2025_09_26_10_18_49__000342355,gf,2025_09_26_10_18_49,pre2_label2_old_main,session_level_split,train,structure_best,0.6871849298477173,0.5375620126724243,0.7151581645011902,0.17759615182876587,1.3303733292943603,0,1,0.38000011444091797,0.31999998819082975,0.5545598417520523,1,1,2,4,0,1,1,0,0,0,0,structure_best
vehicle_instability_allraw__gf__2025_09_26_10_18_49__000439375__pre2_label2_old_main,vehicle_instability_allraw__gf__2025_09_26_10_18_49__000439375,gf,2025_09_26_10_18_49,pre2_label2_old_main,session_level_split,train,structure_best,0.2565899193286896,0.43615812063217163,0.3671320676803589,0.06902605295181274,0.8417407594021963,1,0,0.6850000619888306,0.4250000072643161,0.18410629034042358,0,1,5,0,0,1,0,0,0,0,0,structure_best
vehicle_instability_allraw__gf__2025_09_26_10_40_59__000136605__pre2_label2_old_main,vehicle_instability_allraw__gf__2025_09_26_10_40_59__000136605,gf,2025_09_26_10_40_59,pre2_label2_old_main,session_level_split,train,structure_best,0.6825622320175171,0.990126371383667,1.2530652284622192,0.26293885707855225,1.2655609068477838,1,0,0.7599999904632568,0.7049999786540866,0.38964712619781494,0,1,3,52,0,1,1,0,0,0,0,structure_best
vehicle_instability_allraw__gf__2025_09_26_10_40_59__000180655__pre2_label2_old_main,vehicle_instability_allraw__gf__2025_09_26_10_40_59__000180655,gf,2025_09_26_10_40_59,pre2_label2_old_main,session_level_split,train,structure_best,1.0598728656768799,2.2230300903320312,0.6133950352668762,1.609635055065155,0.27592745502390376,1,0,0.08000004291534424,0.9900000048801303,1.4904110431671143,1,1,2,26,0,1,1,1,0,1,1,structure_best
vehicle_instability_allraw__gf__2025_09_26_10_40_59__000232065__pre2_label2_old_main,vehicle_instability_allraw__gf__2025_09_26_10_40_59__000232065,gf,2025_09_26_10_40_59,pre2_label2_old_main,session_level_split,train,structure_best,1.3098392486572266,2.1785199642181396,0.4441709518432617,1.734349012374878,0.20388656479568804,1,0,0.24000000953674316,0.7550000101327896,1.6745730638504028,1,1,4,0,0,1,0,1,0,1,1,structure_best
vehicle_instability_allraw__gf__2025_09_26_10_40_59__000292195__pre2_label2_old_main,vehicle_instability_allraw__gf__2025_09_26_10_40_59__000292195,gf,2025_09_26_10_40_59,pre2_label2_old_main,session_level_split,train,structure_best,0.43402352929115295,0.9787811040878296,0.26785191893577576,0.7109291851520538,0.27365865341811957,1,0,0.014999985694885254,0.13999999593943357,0.7109603881835938,1,1,2,1,0,1,0,0,0,1,0,structure_best
vehicle_instability_allraw__gf__2025_09_26_10_40_59__000454355__pre2_label2_old_main,vehicle_instability_allraw__gf__2025_09_26_10_40_59__000454355,gf,2025_09_26_10_40_59,pre2_label2_old_main,session_level_split,train,structure_best,0.5031390190124512,0.8655089139938354,0.6573967933654785,0.20811212062835693,0.7595494196957061,1,0,0.5800000429153442,0.330000008456409,0.6446596384048462,1,1,2,10,0,1,1,0,0,0,0,structure_best
vehicle_instability_allraw__gzj__2025_09_27_11_41_47__000058475__pre2_label2_old_main,vehicle_instability_allraw__gzj__2025_09_27_11_41_47__000058475,gzj,2025_09_27_11_41_47,pre2_label2_old_main,session_level_split,train,structure_best,0.3721849024295807,0.5126028060913086,0.11049877107143402,0.4021040350198746,0.215564116618884,1,0,0.2900000810623169,0.4150000065565109,0.408811017870903,1,1,3,68,0,1,1,0,0,1,0,structure_best
vehicle_instability_allraw__gzj__2025_09_27_11_41_47__000091070__pre2_label2_old_main,vehicle_instability_allraw__gzj__2025_09_27_11_41_47__000091070,gzj,2025_09_27_11_41_47,pre2_label2_old_main,session_level_split,train,structure_best,0.7716105580329895,1.3767201900482178,0.6859070062637329,0.6908131837844849,0.4982181646073702,1,0,0.3999999761581421,0.11000000219792128,0.4996805787086487,0,1,2,35,0,1,1,1,0,1,0,structure_best
vehicle_instability_allraw__gzj__2025_09_27_11_41_47__000115240__pre2_label2_old_main,vehicle_instability_allraw__gzj__2025_09_27_11_41_47__000115240,gzj,2025_09_27_11_41_47,pre2_label2_old_main,session_level_split,train,structure_best,0.6859806776046753,0.6909760236740112,0.7508779764175415,0.05990195274353027,1.086691796373807,1,0,0.4650000333786011,0.03000000026077032,0.054835498332977295,0,1,3,22,0,1,1,0,0,0,0,structure_best
vehicle_instability_allraw__gzj__2025_09_27_11_41_47__000132845__pre2_label2_old_main,vehicle_instability_allraw__gzj__2025_09_27_11_41_47__000132845,gzj,2025_09_27_11_41_47,pre2_label2_old_main,session_level_split,train,structure_best,0.765570878982544,2.7082221508026123,1.154896855354309,1.5533252954483032,0.4264409605438174,1,0,1.1850000619888306,0.4399999678134918,1.6320871114730835,1,0,2,35,0,1,1,1,0,1,1,structure_best
vehicle_instability_allraw__gzj__2025_09_27_11_41_47__000165625__pre2_label2_old_main,vehicle_instability_allraw__gzj__2025_09_27_11_41_47__000165625,gzj,2025_09_27_11_41_47,pre2_label2_old_main,session_level_split,train,structure_best,0.3607969284057617,0.836712121963501,0.17012432217597961,0.6665877997875214,0.20332479679719612,1,0,0.5449999570846558,1.1699999794363976,0.6740252375602722,1,1,3,47,0,1,1,0,0,1,0,structure_best
vehicle_instability_allraw__gzj__2025_09_27_11_41_47__000180015__pre2_label2_old_main,vehicle_instability_allraw__gzj__2025_09_27_11_41_47__000180015,gzj,2025_09_27_11_41_47,pre2_label2_old_main,session_level_split,train,structure_best,0.6169120669364929,1.095018982887268,0.5167930126190186,0.5782259702682495,0.4719489074576365,1,0,0.09000003337860107,0.06500000040978193,0.40650731325149536,0,1,4,39,0,1,1,0,0,1,0,structure_best
vehicle_instability_allraw__gzj__2025_09_27_11_41_47__000193365__pre2_label2_old_main,vehicle_instability_allraw__gzj__2025_09_27_11_41_47__000193365,gzj,2025_09_27_11_41_47,pre2_label2_old_main,session_level_split,train,structure_best,0.4026866853237152,0.8662070035934448,0.28073179721832275,0.5854752063751221,0.3240931971846357,1,0,0.6700000762939453,0.12499999534338713,0.004748493432998657,0,1,2,1,0,1,0,0,0,1,0,structure_best
vehicle_instability_allraw__gzj__2025_09_27_11_41_47__000211485__pre2_label2_old_main,vehicle_instability_allraw__gzj__2025_09_27_11_41_47__000211485,gzj,2025_09_27_11_41_47,pre2_label2_old_main,session_level_split,train,structure_best,0.557845950126648,1.0971187353134155,0.13978752493858337,0.9573312103748322,0.12741330581566457,1,0,0.13999998569488525,0.9600000381469727,0.7321736365556717,1,1,2,37,0,1,1,0,0,1,0,structure_best
vehicle_instability_allraw__gzj__2025_09_27_11_41_47__000221595__pre2_label2_old_main,vehicle_instability_allraw__gzj__2025_09_27_11_41_47__000221595,gzj,2025_09_27_11_41_47,pre2_label2_old_main,session_level_split,train,structure_best,0.26458320021629333,0.6197667121887207,0.2590957283973694,0.3606709837913513,0.41805363744426793,1,0,0.5399999618530273,0.9700000239536166,0.3679019808769226,1,1,3,61,0,1,1,0,0,1,0,structure_best
vehicle_instability_allraw__gzj__2025_09_27_11_41_47__000260065__pre2_label2_old_main,vehicle_instability_allraw__gzj__2025_09_27_11_41_47__000260065,gzj,2025_09_27_11_41_47,pre2_label2_old_main,session_level_split,train,structure_best,0.4687204957008362,0.5845099687576294,0.5934696197509766,0.008959650993347168,1.0153284827842899,1,0,0.4650000333786011,0.2750000013038516,0.0032187700271606445,0,1,1,39,0,0,1,0,0,0,0,structure_best
vehicle_instability_allraw__gzj__2025_09_27_11_41_47__000291210__pre2_label2_old_main,vehicle_instability_allraw__gzj__2025_09_27_11_41_47__000291210,gzj,2025_09_27_11_41_47,pre2_label2_old_main,session_level_split,train,structure_best,0.7974531054496765,0.8820890188217163,0.4141978621482849,0.4678911566734314,0.4695646962044322,1,0,0.17500007152557373,0.09999999683350325,0.4405466914176941,0,1,4,0,0,1,0,0,0,1,0,structure_best
vehicle_instability_allraw__gzj__2025_09_27_11_41_47__000314960__pre2_label2_old_main,vehicle_instability_allraw__gzj__2025_09_27_11_41_47__000314960,gzj,2025_09_27_11_41_47,pre2_label2_old_main,session_level_split,train,structure_best,0.6928495168685913,1.5477635860443115,0.7818171381950378,0.7659464478492737,0.5051269749750108,1,0,0.039999961853027344,0.10499999951571226,0.766656219959259,0,1,3,14,0,1,1,1,1,0,1,structure_best
vehicle_instability_allraw__gzj__2025_09_27_11_41_47__000334340__pre2_label2_old_main,vehicle_instability_allraw__gzj__2025_09_27_11_41_47__000334340,gzj,2025_09_27_11_41_47,pre2_label2_old_main,session_level_split,train,structure_best,0.34339892864227295,0.7192506790161133,0.3316054046154022,0.38764527440071106,0.4610428801666426,1,0,0.11500000953674316,0.1800000024959445,0.04158097505569458,0,1,2,24,0,1,1,0,0,1,0,structure_best
vehicle_instability_allraw__gzj__2025_09_27_11_41_47__000353715__pre2_label2_old_main,vehicle_instability_allraw__gzj__2025_09_27_11_41_47__000353715,gzj,2025_09_27_11_41_47,pre2_label2_old_main,session_level_split,train,structure_best,0.8927092552185059,2.2739901542663574,0.7853564620018005,1.4886336922645569,0.3453649350804577,1,0,0.85999995470047,0.18999999295920134,0.9227849841117859,0,0,6,0,0,1,0,1,0,1,1,structure_best
vehicle_instability_allraw__gzj__2025_09_27_11_41_47__000413415__pre2_label2_old_main,vehicle_instability_allraw__gzj__2025_09_27_11_41_47__000413415,gzj,2025_09_27_11_41_47,pre2_label2_old_main,session_level_split,train,structure_best,1.5744019746780396,2.721312999725342,0.5457829236984253,2.1755300760269165,0.20055867287353948,1,0,0.1499999761581421,1.2249999791383743,2.164730489253998,1,1,4,97,0,1,1,1,0,1,1,structure_best
vehicle_instability_allraw__gzj__2025_09_27_11_41_47__000431340__pre2_label2_old_main,vehicle_instability_allraw__gzj__2025_09_27_11_41_47__000431340,gzj,2025_09_27_11_41_47,pre2_label2_old_main,session_level_split,train,structure_best,0.1047472283244133,0.2635442018508911,0.17658628523349762,0.0869579166173935,0.6700442809719152,1,0,1.340000033378601,0.3749999953433871,0.08476312458515167,0,0,0,0,1,0,0,0,0,0,0,structure_best
vehicle_instability_allraw__gzj__2025_09_27_11_41_47__000450660__pre2_label2_old_main,vehicle_instability_allraw__gzj__2025_09_27_11_41_47__000450660,gzj,2025_09_27_11_41_47,pre2_label2_old_main,session_level_split,train,structure_best,0.41535964608192444,0.3961896300315857,0.16446487605571747,0.23172475397586823,0.41511655931682445,0,1,1.3600000739097595,0.2400000048801303,0.4910033941268921,1,0,3,0,0,1,0,0,0,1,0,structure_best
vehicle_instability_allraw__gzj__2025_09_27_11_41_47__000457320__pre2_label2_old_main,vehicle_instability_allraw__gzj__2025_09_27_11_41_47__000457320,gzj,2025_09_27_11_41_47,pre2_label2_old_main,session_level_split,train,structure_best,0.2023771107196808,0.4146900177001953,0.4736939072608948,0.05900388956069946,1.1422843257426971,1,0,1.26500004529953,0.03499999921768904,0.2457677125930786,1,0,1,0,0,0,0,0,0,0,0,structure_best
vehicle_instability_allraw__gzj__2025_09_27_11_41_47__000470200__pre2_label2_old_main,vehicle_instability_allraw__gzj__2025_09_27_11_41_47__000470200,gzj,2025_09_27_11_41_47,pre2_label2_old_main,session_level_split,train,structure_best,1.2386665344238281,2.618339776992798,0.1606985181570053,2.4576412588357925,0.061374203443362856,1,0,0.059999942779541016,1.199999988079071,2.4577994346618652,1,0,0,0,1,0,0,1,0,1,1,structure_best
vehicle_instability_allraw__gzj__2025_09_27_11_41_47__000517005__pre2_label2_old_main,vehicle_instability_allraw__gzj__2025_09_27_11_41_47__000517005,gzj,2025_09_27_11_41_47,pre2_label2_old_main,session_level_split,train,structure_best,0.5033697485923767,0.7459540367126465,0.20781703293323517,0.5381370037794113,0.27859227607248627,1,0,0.7050000429153442,0.03499999921768904,0.06268920004367828,0,1,5,0,0,1,0,0,0,1,0,structure_best
vehicle_instability_allraw__gzj__2025_09_27_11_41_47__000576800__pre2_label2_old_main,vehicle_instability_allraw__gzj__2025_09_27_11_41_47__000576800,gzj,2025_09_27_11_41_47,pre2_label2_old_main,session_level_split,train,structure_best,0.22145602107048035,0.6445499658584595,0.22172637283802032,0.42282359302043915,0.344001837844656,1,0,0.309999942779541,0.3700000001117587,0.013467609882354736,0,0,3,16,0,1,1,0,0,1,0,structure_best
vehicle_instability_allraw__gzj__2025_09_27_11_41_47__000618525__pre2_label2_old_main,vehicle_instability_allraw__gzj__2025_09_27_11_41_47__000618525,gzj,2025_09_27_11_41_47,pre2_label2_old_main,session_level_split,train,structure_best,0.7023851871490479,0.8768490552902222,0.43422845005989075,0.4426206052303314,0.4952145953058802,1,0,0.18499994277954102,1.6299999505281448,0.3855075240135193,0,1,3,49,0,1,1,0,0,1,0,structure_best
vehicle_instability_allraw__gzj__2025_09_27_11_53_25__000160615__pre2_label2_old_main,vehicle_instability_allraw__gzj__2025_09_27_11_53_25__000160615,gzj,2025_09_27_11_53_25,pre2_label2_old_main,session_level_split,train,structure_best,0.9819743037223816,2.4432895183563232,1.1163439750671387,1.3269455432891846,0.45690204401897405,1,0,0.6349999904632568,0.07500001043081284,1.9229533076286316,1,1,3,11,0,1,1,1,0,1,1,structure_best
vehicle_instability_allraw__gzj__2025_09_27_11_53_25__000190150__pre2_label2_old_main,vehicle_instability_allraw__gzj__2025_09_27_11_53_25__000190150,gzj,2025_09_27_11_53_25,pre2_label2_old_main,session_level_split,train,structure_best,0.24825875461101532,0.9510306715965271,0.32147523760795593,0.6295554339885712,0.33802825419740107,1,0,0.0549999475479126,0.6999999834224582,0.6304426193237305,1,1,3,0,0,1,0,0,0,1,0,structure_best
vehicle_instability_allraw__gzj__2025_09_27_11_53_25__000211330__pre2_label2_old_main,vehicle_instability_allraw__gzj__2025_09_27_11_53_25__000211330,gzj,2025_09_27_11_53_25,pre2_label2_old_main,session_level_split,train,structure_best,0.6106358766555786,1.1590739488601685,0.3477213680744171,0.8113525807857513,0.29999929548616444,1,0,0.8100000619888306,0.08999999891966581,0.6655402481555939,1,1,5,15,0,1,1,0,0,1,0,structure_best
vehicle_instability_allraw__gzj__2025_09_27_11_53_25__000229945__pre2_label2_old_main,vehicle_instability_allraw__gzj__2025_09_27_11_53_25__000229945,gzj,2025_09_27_11_53_25,pre2_label2_old_main,session_level_split,train,structure_best,0.39009883999824524,0.8972740173339844,0.5603635311126709,0.3369104862213135,0.6245177284611951,1,0,0.5549999475479126,0.509999985806644,0.3220221847295761,0,1,3,35,0,1,1,0,0,0,0,structure_best
vehicle_instability_allraw__gzj__2025_09_27_11_53_25__000268875__pre2_label2_old_main,vehicle_instability_allraw__gzj__2025_09_27_11_53_25__000268875,gzj,2025_09_27_11_53_25,pre2_label2_old_main,session_level_split,train,structure_best,0.5679318308830261,0.9435250163078308,0.5220521688461304,0.42147284746170044,0.5532997639946069,1,0,0.9500000476837158,0.6550000263378024,0.7308183312416077,1,1,3,6,0,1,1,0,0,0,0,structure_best
vehicle_instability_allraw__gzj__2025_09_27_11_53_25__000283210__pre2_label2_old_main,vehicle_instability_allraw__gzj__2025_09_27_11_53_25__000283210,gzj,2025_09_27_11_53_25,pre2_label2_old_main,session_level_split,train,structure_best,0.21764475107192993,0.34330591559410095,0.10349108278751373,0.23981483280658722,0.3014544116095972,0,1,1.045000046491623,0.049999999813735485,0.05662153661251068,0,1,3,35,0,1,1,0,0,1,0,structure_best
vehicle_instability_allraw__gzj__2025_09_27_11_53_25__000287425__pre2_label2_old_main,vehicle_instability_allraw__gzj__2025_09_27_11_53_25__000287425,gzj,2025_09_27_11_53_25,pre2_label2_old_main,session_level_split,train,structure_best,0.5475594997406006,1.4165090322494507,0.7349889874458313,0.6815200448036194,0.5188734915997331,1,0,0.4200000762939453,0.7049999786540866,0.6777456402778625,0,1,3,23,0,1,1,1,1,0,0,structure_best
vehicle_instability_allraw__gzj__2025_09_27_11_53_25__000308920__pre2_label2_old_main,vehicle_instability_allraw__gzj__2025_09_27_11_53_25__000308920,gzj,2025_09_27_11_53_25,pre2_label2_old_main,session_level_split,train,structure_best,0.27363845705986023,0.4164358973503113,0.1742648482322693,0.242171049118042,0.4184674024047342,0,1,0.7799999713897705,0.06500000040978193,0.15209928154945374,0,1,2,41,0,1,1,0,0,1,0,structure_best
vehicle_instability_allraw__gzj__2025_09_27_11_53_25__000335735__pre2_label2_old_main,vehicle_instability_allraw__gzj__2025_09_27_11_53_25__000335735,gzj,2025_09_27_11_53_25,pre2_label2_old_main,session_level_split,train,structure_best,0.1774696558713913,0.401077002286911,0.22434842586517334,0.17672857642173767,0.559364971279718,1,0,0.8199999928474426,0.07000000309199095,0.07642759382724762,0,1,4,5,0,1,1,0,0,0,0,structure_best
vehicle_instability_allraw__gzj__2025_09_27_11_53_25__000340960__pre2_label2_old_main,vehicle_instability_allraw__gzj__2025_09_27_11_53_25__000340960,gzj,2025_09_27_11_53_25,pre2_label2_old_main,session_level_split,train,structure_best,0.7638503909111023,1.4587500095367432,0.44782355427742004,1.0109264552593231,0.3069912948412839,1,0,0.2250000238418579,0.31999998819082975,0.09028449654579163,0,1,4,22,0,1,1,1,0,1,0,structure_best
vehicle_instability_allraw__gzj__2025_09_27_11_53_25__000362425__pre2_label2_old_main,vehicle_instability_allraw__gzj__2025_09_27_11_53_25__000362425,gzj,2025_09_27_11_53_25,pre2_label2_old_main,session_level_split,train,structure_best,0.35955342650413513,0.7197740077972412,0.5099843144416809,0.2097896933555603,0.7085339410941085,1,0,0.8450000286102295,0.12000000011175871,0.4507967233657837,1,1,2,4,0,1,1,0,0,0,0,structure_best
vehicle_instability_allraw__gzj__2025_09_27_11_53_25__000380620__pre2_label2_old_main,vehicle_instability_allraw__gzj__2025_09_27_11_53_25__000380620,gzj,2025_09_27_11_53_25,pre2_label2_old_main,session_level_split,train,structure_best,0.4674330949783325,0.6288419961929321,0.33359798789024353,0.2952440083026886,0.5304957205623618,1,0,0.4700000286102295,0.04500000085681677,0.08245614171028137,0,1,2,37,0,1,1,0,0,0,0,structure_best
vehicle_instability_allraw__gzj__2025_09_27_11_53_25__000538700__pre2_label2_old_main,vehicle_instability_allraw__gzj__2025_09_27_11_53_25__000538700,gzj,2025_09_27_11_53_25,pre2_label2_old_main,session_level_split,train,structure_best,0.3696325719356537,0.6204649806022644,0.05498189851641655,0.5654830820858479,0.0886140237327294,1,0,1.9900000002235174,1.8299999982118607,0.5736357755959034,1,1,5,0,0,1,0,0,0,1,0,structure_best
vehicle_instability_allraw__gzj__2025_09_27_11_53_25__000575025__pre2_label2_old_main,vehicle_instability_allraw__gzj__2025_09_27_11_53_25__000575025,gzj,2025_09_27_11_53_25,pre2_label2_old_main,session_level_split,train,structure_best,0.4908894896507263,0.3851950168609619,0.46058031916618347,0.07538530230522156,1.1957068471953578,0,1,1.6350000500679016,0.014999999664723873,0.00170038640499115,0,1,6,10,0,1,1,0,0,0,0,structure_best
vehicle_instability_allraw__gzj__2025_09_27_12_04_23__000095835__pre2_label2_old_main,vehicle_instability_allraw__gzj__2025_09_27_12_04_23__000095835,gzj,2025_09_27_12_04_23,pre2_label2_old_main,session_level_split,train,structure_best,1.0331354141235352,1.7285699844360352,0.6682600378990173,1.0603099465370178,0.3865970391225117,1,0,0.014999985694885254,0.09500000160187483,0.8870682120323181,1,1,2,22,0,1,1,1,0,1,1,structure_best
vehicle_instability_allraw__gzj__2025_09_27_12_04_23__000143790__pre2_label2_old_main,vehicle_instability_allraw__gzj__2025_09_27_12_04_23__000143790,gzj,2025_09_27_12_04_23,pre2_label2_old_main,session_level_split,train,structure_best,0.5369566679000854,1.8774499893188477,1.0896309614181519,0.7878190279006958,0.5803781552729816,1,0,0.04999995231628418,0.030000001192092896,0.7777600288391113,0,1,3,40,0,1,1,1,1,0,1,structure_best
vehicle_instability_allraw__gzj__2025_09_27_12_04_23__000173350__pre2_label2_old_main,vehicle_instability_allraw__gzj__2025_09_27_12_04_23__000173350,gzj,2025_09_27_12_04_23,pre2_label2_old_main,session_level_split,train,structure_best,0.4645337462425232,1.3058549165725708,0.6111316680908203,0.6947232484817505,0.46799354226489037,1,0,0.75,0.6600000215694308,0.38691581785678864,0,0,3,4,0,1,1,0,0,1,0,structure_best
vehicle_instability_allraw__gzj__2025_09_27_12_04_23__000215140__pre2_label2_old_main,vehicle_instability_allraw__gzj__2025_09_27_12_04_23__000215140,gzj,2025_09_27_12_04_23,pre2_label2_old_main,session_level_split,train,structure_best,0.45246627926826477,0.7712610363960266,0.23236939311027527,0.5388916432857513,0.30128501524736484,1,0,0.23500001430511475,0.4900000048801303,0.4174128919839859,1,1,6,43,0,1,1,0,0,1,0,structure_best
vehicle_instability_allraw__gzj__2025_09_27_12_04_23__000265895__pre2_label2_old_main,vehicle_instability_allraw__gzj__2025_09_27_12_04_23__000265895,gzj,2025_09_27_12_04_23,pre2_label2_old_main,session_level_split,train,structure_best,0.1866220086812973,0.19181199371814728,0.05756412073969841,0.13424787297844887,0.30010699343589736,0,1,0.7049999739974737,0.08000000100582838,0.1890256069600582,1,0,1,5,0,0,1,0,0,1,0,structure_best
vehicle_instability_allraw__gzj__2025_09_27_12_04_23__000297385__pre2_label2_old_main,vehicle_instability_allraw__gzj__2025_09_27_12_04_23__000297385,gzj,2025_09_27_12_04_23,pre2_label2_old_main,session_level_split,train,structure_best,0.1983317732810974,0.6145300269126892,0.1198911964893341,0.4946388304233551,0.19509412272602902,1,0,0.0,1.2800000309944153,0.4946388304233551,1,0,2,11,0,1,1,0,0,1,0,structure_best
vehicle_instability_allraw__gzj__2025_09_27_12_28_14__000046325__pre2_label2_old_main,vehicle_instability_allraw__gzj__2025_09_27_12_28_14__000046325,gzj,2025_09_27_12_28_14,pre2_label2_old_main,session_level_split,train,structure_best,0.341012567281723,0.3715786635875702,0.12930899858474731,0.24226966500282288,0.34799898717616484,0,1,1.670000046491623,0.03000000026077032,0.20444342494010925,1,0,1,0,0,0,0,0,0,1,0,structure_best
vehicle_instability_allraw__gzj__2025_09_27_12_28_14__000101220__pre2_label2_old_main,vehicle_instability_allraw__gzj__2025_09_27_12_28_14__000101220,gzj,2025_09_27_12_28_14,pre2_label2_old_main,session_level_split,train,structure_best,0.2527517080307007,0.3579670190811157,0.46670371294021606,0.10873669385910034,1.3037617659253142,1,0,0.625,0.3650000048801303,0.21534505486488342,1,0,1,55,0,0,1,0,0,0,0,structure_best
vehicle_instability_allraw__gzj__2025_09_27_12_28_14__000104490__pre2_label2_old_main,vehicle_instability_allraw__gzj__2025_09_27_12_28_14__000104490,gzj,2025_09_27_12_28_14,pre2_label2_old_main,session_level_split,train,structure_best,1.0703530311584473,1.5514259338378906,0.6202856302261353,0.9311403036117554,0.3998164634851007,1,0,0.41999995708465576,0.16000000666826963,0.6078591346740723,0,1,4,8,0,1,1,1,0,1,1,structure_best
vehicle_instability_allraw__gzj__2025_09_27_12_28_14__000151555__pre2_label2_old_main,vehicle_instability_allraw__gzj__2025_09_27_12_28_14__000151555,gzj,2025_09_27_12_28_14,pre2_label2_old_main,session_level_split,train,structure_best,0.36211779713630676,1.9486596584320068,1.2485120296478271,0.7001476287841797,0.6407029694720755,1,0,1.5999999940395355,0.14999999105930328,0.8278176784515381,0,0,0,15,0,0,1,1,1,0,1,structure_best
vehicle_instability_allraw__gzj__2025_09_27_12_28_14__000184075__pre2_label2_old_main,vehicle_instability_allraw__gzj__2025_09_27_12_28_14__000184075,gzj,2025_09_27_12_28_14,pre2_label2_old_main,session_level_split,train,structure_best,0.302241712808609,0.8056439161300659,0.4607180058956146,0.3449259102344513,0.5718630733397542,1,0,0.5799999833106995,0.40999999176710844,0.6064999401569366,1,1,5,39,0,1,1,0,0,0,0,structure_best
vehicle_instability_allraw__gzj__2025_09_27_12_28_14__000198480__pre2_label2_old_main,vehicle_instability_allraw__gzj__2025_09_27_12_28_14__000198480,gzj,2025_09_27_12_28_14,pre2_label2_old_main,session_level_split,train,structure_best,0.498893678188324,0.6305878758430481,0.6296578049659729,0.0009300708770751953,0.9985250733280722,1,0,0.4650000333786011,0.0549999987706542,0.49551406502723694,1,1,3,28,0,1,1,0,0,0,0,structure_best
vehicle_instability_allraw__gzj__2025_09_27_12_28_14__000214945__pre2_label2_old_main,vehicle_instability_allraw__gzj__2025_09_27_12_28_14__000214945,gzj,2025_09_27_12_28_14,pre2_label2_old_main,session_level_split,train,structure_best,0.9220316410064697,1.321562647819519,0.24318771064281464,1.0783749371767044,0.18401527240805152,1,0,0.0,1.885000005364418,0.07022352516651154,0,1,2,33,0,1,1,0,0,1,0,structure_best
vehicle_instability_allraw__gzj__2025_09_27_12_28_14__000231185__pre2_label2_old_main,vehicle_instability_allraw__gzj__2025_09_27_12_28_14__000231185,gzj,2025_09_27_12_28_14,pre2_label2_old_main,session_level_split,train,structure_best,2.220085620880127,3.3576600551605225,0.08373083174228668,3.273929223418236,0.024937257008373258,0,1,0.020000100135803223,1.550000011920929,3.4403101354837418,1,0,4,0,0,1,0,1,0,1,1,structure_best
vehicle_instability_allraw__gzj__2025_09_27_12_28_14__000308055__pre2_label2_old_main,vehicle_instability_allraw__gzj__2025_09_27_12_28_14__000308055,gzj,2025_09_27_12_28_14,pre2_label2_old_main,session_level_split,train,structure_best,0.6363973617553711,1.182286024093628,0.43827810883522034,0.7440079152584076,0.3707039581823832,1,0,0.009999990463256836,0.13000000547617674,0.3785518705844879,0,1,5,37,0,1,1,0,0,1,0,structure_best
vehicle_instability_allraw__gzj__2025_09_27_12_28_14__000331425__pre2_label2_old_main,vehicle_instability_allraw__gzj__2025_09_27_12_28_14__000331425,gzj,2025_09_27_12_28_14,pre2_label2_old_main,session_level_split,train,structure_best,0.3906738758087158,0.7159343957901001,0.5573170185089111,0.15861737728118896,0.7784470501572425,1,0,0.5699999928474426,0.04500000085681677,0.5811765044927597,1,1,2,21,0,1,1,0,0,0,0,structure_best
vehicle_instability_allraw__gzj__2025_09_27_12_28_14__000362825__pre2_label2_old_main,vehicle_instability_allraw__gzj__2025_09_27_12_28_14__000362825,gzj,2025_09_27_12_28_14,pre2_label2_old_main,session_level_split,train,structure_best,0.5070487260818481,0.9089670181274414,0.011328667402267456,0.897638350725174,0.012463232632582852,1,0,1.2400000002235174,1.885000005364418,0.2447988372296095,0,0,2,8,0,1,1,0,0,1,0,structure_best
vehicle_instability_allraw__gzj__2025_09_27_12_28_14__000388095__pre2_label2_old_main,vehicle_instability_allraw__gzj__2025_09_27_12_28_14__000388095,gzj,2025_09_27_12_28_14,pre2_label2_old_main,session_level_split,train,structure_best,0.29926666617393494,0.7108719944953918,0.1954352855682373,0.5154367089271545,0.27492331542328635,1,0,0.6349999904632568,0.09500000160187483,0.049685969948768616,0,1,3,12,0,1,1,0,0,1,0,structure_best
vehicle_instability_allraw__gzj__2025_09_27_12_28_14__000393180__pre2_label2_old_main,vehicle_instability_allraw__gzj__2025_09_27_12_28_14__000393180,gzj,2025_09_27_12_28_14,pre2_label2_old_main,session_level_split,train,structure_best,0.16724367439746857,0.24329900741577148,0.26515573263168335,0.021856725215911865,1.089834831009241,1,0,0.1350001096725464,0.31999998819082975,0.03519003093242645,0,1,5,0,0,1,0,0,0,0,0,structure_best
vehicle_instability_allraw__gzj__2025_09_27_12_28_14__000416905__pre2_label2_old_main,vehicle_instability_allraw__gzj__2025_09_27_12_28_14__000416905,gzj,2025_09_27_12_28_14,pre2_label2_old_main,session_level_split,train,structure_best,0.5532853603363037,1.2093379497528076,0.526917576789856,0.6824203729629517,0.4357074686174857,1,0,0.7450000047683716,0.6949999881908298,1.486314058303833,1,1,2,9,0,1,1,0,0,1,0,structure_best
vehicle_instability_allraw__gzj__2025_09_27_12_28_14__000475005__pre2_label2_old_main,vehicle_instability_allraw__gzj__2025_09_27_12_28_14__000475005,gzj,2025_09_27_12_28_14,pre2_label2_old_main,session_level_split,train,structure_best,0.8314515948295593,2.185153007507324,0.6863126754760742,1.49884033203125,0.31407991711252004,1,0,0.32499992847442627,0.2400000048801303,0.4713013172149658,0,0,4,10,0,1,1,1,0,1,1,structure_best
vehicle_instability_allraw__gzj__2025_09_27_12_28_14__000486975__pre2_label2_old_main,vehicle_instability_allraw__gzj__2025_09_27_12_28_14__000486975,gzj,2025_09_27_12_28_14,pre2_label2_old_main,session_level_split,train,structure_best,0.28475743532180786,0.40613800287246704,0.17709143459796906,0.22904656827449799,0.43603758659732766,0,1,1.70000003837049,0.5699999881908298,0.47547009587287903,1,1,3,14,0,1,1,0,0,1,0,structure_best
vehicle_instability_allraw__gzj__2025_09_27_12_28_14__000531015__pre2_label2_old_main,vehicle_instability_allraw__gzj__2025_09_27_12_28_14__000531015,gzj,2025_09_27_12_28_14,pre2_label2_old_main,session_level_split,train,structure_best,0.45644906163215637,0.735306978225708,0.1925094574689865,0.5427975207567215,0.2618082830296414,1,0,0.375,0.06500000040978193,0.308617040514946,0,1,11,11,1,1,1,0,0,1,0,structure_best
vehicle_instability_allraw__gzj__2025_09_27_12_28_14__000562665__pre2_label2_old_main,vehicle_instability_allraw__gzj__2025_09_27_12_28_14__000562665,gzj,2025_09_27_12_28_14,pre2_label2_old_main,session_level_split,train,structure_best,0.22478362917900085,0.1947779804468155,0.21380838751792908,0.019030407071113586,1.0977030721206695,0,1,0.1750000026077032,0.024999999441206455,0.2143276482820511,1,1,5,0,0,1,0,0,0,0,0,structure_best
vehicle_instability_allraw__gzj__2025_09_27_12_28_14__000613925__pre2_label2_old_main,vehicle_instability_allraw__gzj__2025_09_27_12_28_14__000613925,gzj,2025_09_27_12_28_14,pre2_label2_old_main,session_level_split,train,structure_best,0.47651439905166626,0.8019789457321167,0.2696780264377594,0.5323009192943573,0.33626571853650555,0,1,1.1200000047683716,0.9200000120326877,0.2799053192138672,0,0,2,15,0,1,1,0,0,1,0,structure_best
vehicle_instability_allraw__hzh__2025_09_26_21_17_02__000043710__pre2_label2_old_main,vehicle_instability_allraw__hzh__2025_09_26_21_17_02__000043710,hzh,2025_09_26_21_17_02,pre2_label2_old_main,session_level_split,train,structure_best,0.5093538761138916,0.7349579930305481,0.3564263880252838,0.3785316050052643,0.48496157794758366,1,0,0.4650000333786011,0.13999999593943357,0.38500043749809265,1,1,1,55,0,0,1,0,0,1,0,structure_best
vehicle_instability_allraw__hzh__2025_09_26_21_17_02__000110230__pre2_label2_old_main,vehicle_instability_allraw__hzh__2025_09_26_21_17_02__000110230,hzh,2025_09_26_21_17_02,pre2_label2_old_main,session_level_split,train,structure_best,0.5412598848342896,1.3110920190811157,0.4426333010196686,0.8684587180614471,0.337606586401075,1,0,0.4750000238418579,0.8700000001117587,0.8747397363185883,1,1,1,42,0,0,1,0,0,1,0,structure_best
vehicle_instability_allraw__hzh__2025_09_26_21_17_02__000164995__pre2_label2_old_main,vehicle_instability_allraw__hzh__2025_09_26_21_17_02__000164995,hzh,2025_09_26_21_17_02,pre2_label2_old_main,session_level_split,train,structure_best,0.16518326103687286,0.45204007625579834,0.4785923361778259,0.026552259922027588,1.0587387298532405,1,0,0.49000000953674316,0.4949999749660492,0.02100709080696106,0,0,2,0,0,1,0,0,0,0,0,structure_best
vehicle_instability_allraw__hzh__2025_09_26_21_17_02__000199585__pre2_label2_old_main,vehicle_instability_allraw__hzh__2025_09_26_21_17_02__000199585,hzh,2025_09_26_21_17_02,pre2_label2_old_main,session_level_split,train,structure_best,0.5034655332565308,0.662177562713623,0.07071353495121002,0.591464027762413,0.10678938540506248,1,0,0.5699999835342169,1.9250000044703484,0.6295430101454258,1,1,3,9,0,1,1,0,0,1,0,structure_best
vehicle_instability_allraw__hzh__2025_09_26_21_17_02__000328340__pre2_label2_old_main,vehicle_instability_allraw__hzh__2025_09_26_21_17_02__000328340,hzh,2025_09_26_21_17_02,pre2_label2_old_main,session_level_split,train,structure_best,0.17406313121318817,0.09546909481287003,0.16218100488185883,0.0667119100689888,1.6987801675479537,0,1,1.0049999952316284,0.1800000024959445,0.2126206010580063,1,0,1,19,0,0,1,0,0,0,0,structure_best
vehicle_instability_allraw__hzh__2025_09_26_21_17_02__000397515__pre2_label2_old_main,vehicle_instability_allraw__hzh__2025_09_26_21_17_02__000397515,hzh,2025_09_26_21_17_02,pre2_label2_old_main,session_level_split,train,structure_best,1.0099561214447021,1.4608402252197266,1.1370861530303955,0.32375407218933105,0.7783781781196264,1,0,0.13000011444091797,0.13500000070780516,0.20589768886566162,0,1,2,37,0,1,1,1,1,0,0,structure_best
vehicle_instability_allraw__hzh__2025_09_26_21_17_02__000422495__pre2_label2_old_main,vehicle_instability_allraw__hzh__2025_09_26_21_17_02__000422495,hzh,2025_09_26_21_17_02,pre2_label2_old_main,session_level_split,train,structure_best,0.7076160907745361,1.5077855587005615,0.5524551272392273,0.9553304314613342,0.36640165708666406,1,0,0.4700000286102295,0.8099999977275729,0.9616409540176392,1,1,1,24,0,0,1,1,0,1,0,structure_best
vehicle_instability_allraw__hzh__2025_09_27_19_22_27__000054775__pre2_label2_old_main,vehicle_instability_allraw__hzh__2025_09_27_19_22_27__000054775,hzh,2025_09_27_19_22_27,pre2_label2_old_main,session_level_split,train,structure_best,0.689005434513092,1.5767309665679932,0.8459733128547668,0.7307576537132263,0.5365362454294679,1,0,0.0549999475479126,1.1150000048801303,0.7327011227607727,0,1,1,24,0,0,1,1,1,0,1,structure_best
vehicle_instability_allraw__hzh__2025_09_27_19_22_27__000073950__pre2_label2_old_main,vehicle_instability_allraw__hzh__2025_09_27_19_22_27__000073950,hzh,2025_09_27_19_22_27,pre2_label2_old_main,session_level_split,train,structure_best,0.6229959726333618,1.362401008605957,0.32434865832328796,1.038052350282669,0.23807135804690108,1,0,0.15500009059906006,0.455000008456409,1.0117447674274445,1,0,2,0,0,1,0,0,0,1,0,structure_best
vehicle_instability_allraw__hzh__2025_09_27_19_22_27__000153715__pre2_label2_old_main,vehicle_instability_allraw__hzh__2025_09_27_19_22_27__000153715,hzh,2025_09_27_19_22_27,pre2_label2_old_main,session_level_split,train,structure_best,0.22692333161830902,0.29339003562927246,0.7354387640953064,0.44204872846603394,2.506693052877251,1,0,1.0499999523162842,0.05999999772757292,0.4737823009490967,1,0,3,67,0,1,1,0,0,0,0,structure_best
vehicle_instability_allraw__hzh__2025_09_27_19_22_27__000193515__pre2_label2_old_main,vehicle_instability_allraw__hzh__2025_09_27_19_22_27__000193515,hzh,2025_09_27_19_22_27,pre2_label2_old_main,session_level_split,train,structure_best,0.6840826272964478,1.2948600053787231,0.4455253779888153,0.8493346273899078,0.344072236487455,1,0,0.40000009536743164,0.21999999415129423,0.5949374735355377,0,1,2,0,0,1,0,0,0,1,0,structure_best
vehicle_instability_allraw__hzh__2025_09_27_19_22_27__000301310__pre2_label2_old_main,vehicle_instability_allraw__hzh__2025_09_27_19_22_27__000301310,hzh,2025_09_27_19_22_27,pre2_label2_old_main,session_level_split,train,structure_best,0.16498784720897675,0.29792699217796326,0.3331715166568756,0.035244524478912354,1.1182991988112962,1,0,1.2149999737739563,0.31999998819082975,0.21274451911449432,1,0,1,1,1,0,0,0,0,0,0,structure_best
vehicle_instability_allraw__hzh__2025_09_27_19_22_27__000331710__pre2_label2_old_main,vehicle_instability_allraw__hzh__2025_09_27_19_22_27__000331710,hzh,2025_09_27_19_22_27,pre2_label2_old_main,session_level_split,train,structure_best,0.8797385692596436,1.6920976638793945,0.29738208651542664,1.394715577363968,0.1757475900259991,1,0,0.13999998569488525,1.1100000143051147,1.0982355177402496,1,1,2,3,0,1,1,1,0,1,1,structure_best
vehicle_instability_allraw__hzh__2025_09_27_19_22_27__000359710__pre2_label2_old_main,vehicle_instability_allraw__hzh__2025_09_27_19_22_27__000359710,hzh,2025_09_27_19_22_27,pre2_label2_old_main,session_level_split,train,structure_best,0.9072842597961426,1.1232939958572388,1.1485316753387451,0.025237679481506348,1.0224675637674412,1,0,0.5950000286102295,0.06500000040978193,0.4194291830062866,0,1,3,31,0,1,1,0,0,0,0,structure_best
vehicle_instability_allraw__hzh__2025_09_27_19_22_27__000377330__pre2_label2_old_main,vehicle_instability_allraw__hzh__2025_09_27_19_22_27__000377330,hzh,2025_09_27_19_22_27,pre2_label2_old_main,session_level_split,train,structure_best,0.3837769627571106,0.6544989943504333,0.20576010644435883,0.4487388879060745,0.31437803299998696,1,0,0.09000003337860107,0.09500000160187483,0.2828131467103958,0,1,4,30,0,1,1,0,0,1,0,structure_best
vehicle_instability_allraw__hzh__2025_09_27_19_22_27__000382505__pre2_label2_old_main,vehicle_instability_allraw__hzh__2025_09_27_19_22_27__000382505,hzh,2025_09_27_19_22_27,pre2_label2_old_main,session_level_split,train,structure_best,0.8053237795829773,1.2742639780044556,0.48901864886283875,0.7852453291416168,0.38376557550395485,1,0,0.14500010013580322,0.17500000726431608,0.67362180352211,1,1,2,0,0,1,0,0,0,1,0,structure_best
vehicle_instability_allraw__hzh__2025_09_27_19_22_27__000457930__pre2_label2_old_main,vehicle_instability_allraw__hzh__2025_09_27_19_22_27__000457930,hzh,2025_09_27_19_22_27,pre2_label2_old_main,session_level_split,train,structure_best,0.4184398651123047,1.0541789531707764,0.3583832085132599,0.6957957446575165,0.3399642986945519,1,0,0.04999995231628418,0.9900000048801303,0.6965358555316925,1,1,1,0,0,0,0,0,0,1,0,structure_best
vehicle_instability_allraw__hzh__2025_09_27_19_22_27__000556545__pre2_label2_old_main,vehicle_instability_allraw__hzh__2025_09_27_19_22_27__000556545,hzh,2025_09_27_19_22_27,pre2_label2_old_main,session_level_split,train,structure_best,0.16058726608753204,0.4642578065395355,0.2528599202632904,0.21139788627624512,0.5446541053300678,1,0,0.24000000953674316,0.43999999295920134,0.031424060463905334,0,0,1,37,0,0,1,0,0,0,0,structure_best
vehicle_instability_allraw__hzh__2025_09_27_19_33_25__000059360__pre2_label2_old_main,vehicle_instability_allraw__hzh__2025_09_27_19_33_25__000059360,hzh,2025_09_27_19_33_25,pre2_label2_old_main,session_level_split,train,structure_best,0.7301862835884094,1.0082778930664062,0.9989866018295288,0.009291291236877441,0.9907849896335419,1,0,0.6000000238418579,0.05999999772757292,0.2686488628387451,0,1,5,37,0,1,1,0,0,0,0,structure_best
vehicle_instability_allraw__hzh__2025_09_27_19_33_25__000086105__pre2_label2_old_main,vehicle_instability_allraw__hzh__2025_09_27_19_33_25__000086105,hzh,2025_09_27_19_33_25,pre2_label2_old_main,session_level_split,train,structure_best,0.806990385055542,1.7381750345230103,0.6422701478004456,1.0959048867225647,0.36950832628699976,1,0,0.4700000286102295,0.8149999929592013,1.1020215153694153,1,1,1,43,0,0,1,1,0,1,1,structure_best
vehicle_instability_allraw__hzh__2025_09_27_19_33_25__000134035__pre2_label2_old_main,vehicle_instability_allraw__hzh__2025_09_27_19_33_25__000134035,hzh,2025_09_27_19_33_25,pre2_label2_old_main,session_level_split,train,structure_best,0.32856088876724243,1.7599854469299316,1.3830294609069824,0.3769559860229492,0.7858186914667389,1,0,1.5750000178813934,0.3749999953433871,0.4168130159378052,0,0,0,27,0,0,1,1,1,0,1,structure_best
vehicle_instability_allraw__hzh__2025_09_27_19_33_25__000164300__pre2_label2_old_main,vehicle_instability_allraw__hzh__2025_09_27_19_33_25__000164300,hzh,2025_09_27_19_33_25,pre2_label2_old_main,session_level_split,train,structure_best,0.945259153842926,1.6500362157821655,0.012993170879781246,1.6370430449023843,0.007874476181495267,1,0,1.2249999344348907,1.8050000071525574,1.3384768217802048,1,0,2,22,0,1,1,1,0,1,1,structure_best
vehicle_instability_allraw__hzh__2025_09_27_19_33_25__000196645__pre2_label2_old_main,vehicle_instability_allraw__hzh__2025_09_27_19_33_25__000196645,hzh,2025_09_27_19_33_25,pre2_label2_old_main,session_level_split,train,structure_best,0.7455615997314453,1.552994966506958,0.8856866359710693,0.6673083305358887,0.5703087615043478,1,0,0.6550000905990601,0.18999999295920134,0.7707540094852448,0,1,2,20,0,1,1,1,1,0,1,structure_best
vehicle_instability_allraw__hzh__2025_09_27_19_33_25__000209940__pre2_label2_old_main,vehicle_instability_allraw__hzh__2025_09_27_19_33_25__000209940,hzh,2025_09_27_19_33_25,pre2_label2_old_main,session_level_split,train,structure_best,0.5474451780319214,1.2814159393310547,0.4607347846031189,0.8206811547279358,0.35955131387208983,1,0,0.09000003337860107,0.4950000001117587,0.1131967306137085,0,1,2,28,0,1,1,0,0,1,0,structure_best
vehicle_instability_allraw__hzh__2025_09_27_19_33_25__000220280__pre2_label2_old_main,vehicle_instability_allraw__hzh__2025_09_27_19_33_25__000220280,hzh,2025_09_27_19_33_25,pre2_label2_old_main,session_level_split,train,structure_best,0.7771865725517273,1.658761978149414,0.6091181635856628,1.0496438145637512,0.36721251849841724,1,0,0.4750000238418579,0.45000001322478056,1.0556440353393555,1,1,1,37,0,0,1,1,0,1,1,structure_best
vehicle_instability_allraw__hzh__2025_09_27_19_33_25__000269285__pre2_label2_old_main,vehicle_instability_allraw__hzh__2025_09_27_19_33_25__000269285,hzh,2025_09_27_19_33_25,pre2_label2_old_main,session_level_split,train,structure_best,0.08608989417552948,0.13596075773239136,0.2391945719718933,0.10323381423950195,1.7592912540447505,1,0,1.024999976158142,0.15499999653548002,0.12365381419658661,1,0,0,19,0,0,1,0,0,0,0,structure_best
vehicle_instability_allraw__hzh__2025_09_27_19_33_25__000297885__pre2_label2_old_main,vehicle_instability_allraw__hzh__2025_09_27_19_33_25__000297885,hzh,2025_09_27_19_33_25,pre2_label2_old_main,session_level_split,train,structure_best,0.40663790702819824,0.9873329997062683,0.34440192580223083,0.6429310739040375,0.3488204343465583,1,0,0.4650000333786011,0.8700000001117587,0.6484867632389069,1,1,3,12,0,1,1,0,0,1,0,structure_best
vehicle_instability_allraw__hzh__2025_09_27_19_33_25__000325285__pre2_label2_old_main,vehicle_instability_allraw__hzh__2025_09_27_19_33_25__000325285,hzh,2025_09_27_19_33_25,pre2_label2_old_main,session_level_split,train,structure_best,1.690244436264038,2.5556859970092773,0.8068850636482239,1.7488009333610535,0.31572151844649904,1,0,0.3400000333786011,0.13000000547617674,1.6000838875770569,1,1,4,16,0,1,1,1,0,1,1,structure_best
vehicle_instability_allraw__hzh__2025_09_27_19_33_25__000337550__pre2_label2_old_main,vehicle_instability_allraw__hzh__2025_09_27_19_33_25__000337550,hzh,2025_09_27_19_33_25,pre2_label2_old_main,session_level_split,train,structure_best,3.8291118144989014,6.233269691467285,0.22672933340072632,6.006540358066559,0.03637406122682223,1,0,0.0549999475479126,1.4050000309944153,6.006738662719727,1,1,1,0,0,0,0,1,0,1,1,structure_best
vehicle_instability_allraw__hzh__2025_09_27_19_33_25__000342730__pre2_label2_old_main,vehicle_instability_allraw__hzh__2025_09_27_19_33_25__000342730,hzh,2025_09_27_19_33_25,pre2_label2_old_main,session_level_split,train,structure_best,0.7544704675674438,0.5602498054504395,0.3885383605957031,0.17171144485473633,0.6935091397012074,0,1,0.4950000047683716,0.3700000001117587,0.9469583928585052,1,0,0,0,1,0,0,0,0,0,0,structure_best
vehicle_instability_allraw__hzh__2025_09_27_19_33_25__000353510__pre2_label2_old_main,vehicle_instability_allraw__hzh__2025_09_27_19_33_25__000353510,hzh,2025_09_27_19_33_25,pre2_label2_old_main,session_level_split,train,structure_best,0.5578456521034241,0.7138404846191406,0.14467765390872955,0.5691628307104111,0.20267504719337998,0,1,0.0549999475479126,0.8299999833106995,0.8581975698471069,1,0,2,0,0,1,0,0,0,1,0,structure_best
vehicle_instability_allraw__hzh__2025_09_27_19_33_25__000442940__pre2_label2_old_main,vehicle_instability_allraw__hzh__2025_09_27_19_33_25__000442940,hzh,2025_09_27_19_33_25,pre2_label2_old_main,session_level_split,train,structure_best,0.41623327136039734,0.8347909450531006,0.18083523213863373,0.6539557129144669,0.216623375241727,1,0,0.08000004291534424,0.5749999834224582,0.6383525133132935,1,1,3,3,1,1,1,0,0,1,0,structure_best
vehicle_instability_allraw__hzh__2025_09_27_19_33_25__000474190__pre2_label2_old_main,vehicle_instability_allraw__hzh__2025_09_27_19_33_25__000474190,hzh,2025_09_27_19_33_25,pre2_label2_old_main,session_level_split,train,structure_best,0.12400083243846893,0.24940769374370575,0.23409052193164825,0.015317171812057495,0.9385858087128716,1,0,0.3999999761581421,0.1800000024959445,0.020390033721923828,0,0,2,25,0,1,1,0,0,0,0,structure_best
vehicle_instability_allraw__hzh__2025_09_27_19_33_25__000511405__pre2_label2_old_main,vehicle_instability_allraw__hzh__2025_09_27_19_33_25__000511405,hzh,2025_09_27_19_33_25,pre2_label2_old_main,session_level_split,train,structure_best,0.5630003809928894,1.0478951930999756,0.31651952862739563,0.73137566447258,0.30205265823487537,1,0,0.24500000476837158,0.13500000070780516,0.6488368511199951,1,1,2,5,0,1,1,0,0,1,0,structure_best
vehicle_instability_allraw__hzh__2025_09_27_19_33_25__000527890__pre2_label2_old_main,vehicle_instability_allraw__hzh__2025_09_27_19_33_25__000527890,hzh,2025_09_27_19_33_25,pre2_label2_old_main,session_level_split,train,structure_best,0.36528268456459045,0.4260352849960327,0.4944540560245514,0.06841877102851868,1.1605941419362853,1,0,0.15000009536743164,0.12499999534338713,0.06778264045715332,0,1,1,0,0,0,0,0,0,0,0,structure_best
vehicle_instability_allraw__jy__2025_09_26_17_17_11__000159055__pre2_label2_old_main,vehicle_instability_allraw__jy__2025_09_26_17_17_11__000159055,jy,2025_09_26_17_17_11,pre2_label2_old_main,session_level_split,train,structure_best,0.3096790611743927,0.8929110765457153,0.8643116354942322,0.028599441051483154,0.9679705607840347,1,0,1.3300000429153442,0.09000003337860107,0.05458718538284302,0,1,0,34,0,0,1,0,0,0,0,structure_best
vehicle_instability_allraw__jy__2025_09_26_17_17_11__000223285__pre2_label2_old_main,vehicle_instability_allraw__jy__2025_09_26_17_17_11__000223285,jy,2025_09_26_17_17_11,pre2_label2_old_main,session_level_split,train,structure_best,0.7717464566230774,1.1974680423736572,0.37255895137786865,0.8249090909957886,0.3111222497757611,1,0,0.4750000238418579,0.5049999905750155,0.8301565647125244,1,1,1,33,0,0,1,0,0,1,0,structure_best
vehicle_instability_allraw__jy__2025_09_26_17_17_11__000240445__pre2_label2_old_main,vehicle_instability_allraw__jy__2025_09_26_17_17_11__000240445,jy,2025_09_26_17_17_11,pre2_label2_old_main,session_level_split,train,structure_best,0.7503266930580139,1.6069222688674927,0.3086203634738922,1.2983019053936005,0.19205680912705128,1,0,0.5399999618530273,1.719999998807907,1.3040105104446411,1,1,1,29,0,0,1,1,0,1,1,structure_best
vehicle_instability_allraw__jy__2025_09_26_17_17_11__000289580__pre2_label2_old_main,vehicle_instability_allraw__jy__2025_09_26_17_17_11__000289580,jy,2025_09_26_17_17_11,pre2_label2_old_main,session_level_split,train,structure_best,0.20554153621196747,0.345050573348999,0.15565825998783112,0.1893923133611679,0.4511172332711693,1,0,0.35000001452863216,0.05999999772757292,0.15271501243114471,0,1,2,0,0,1,0,0,0,1,0,structure_best
vehicle_instability_allraw__jy__2025_09_26_17_17_11__000360915__pre2_label2_old_main,vehicle_instability_allraw__jy__2025_09_26_17_17_11__000360915,jy,2025_09_26_17_17_11,pre2_label2_old_main,session_level_split,train,structure_best,0.2142341136932373,0.14730501174926758,0.21103304624557495,0.06372803449630737,1.432626383444311,0,1,1.9200000017881393,0.26500001084059477,0.26202625036239624,1,1,2,19,0,1,1,0,0,0,0,structure_best
vehicle_instability_allraw__jy__2025_09_26_17_17_11__000414405__pre2_label2_old_main,vehicle_instability_allraw__jy__2025_09_26_17_17_11__000414405,jy,2025_09_26_17_17_11,pre2_label2_old_main,session_level_split,train,structure_best,1.424139380455017,2.3631784915924072,0.5844531059265137,1.7787253856658936,0.24731653068350543,1,0,0.2600001096725464,0.12000000011175871,0.9664462804794312,0,1,2,4,0,1,1,1,0,1,1,structure_best
vehicle_instability_allraw__jy__2025_09_26_17_17_11__000547665__pre2_label2_old_main,vehicle_instability_allraw__jy__2025_09_26_17_17_11__000547665,jy,2025_09_26_17_17_11,pre2_label2_old_main,session_level_split,train,structure_best,0.0968271940946579,0.28832799196243286,0.1703072041273117,0.11802078783512115,0.590671765748993,1,0,0.8249999787658453,0.17500000726431608,0.020808428525924683,0,0,1,0,0,0,0,0,0,0,0,structure_best
vehicle_instability_allraw__jy__2025_09_26_17_17_11__000615015__pre2_label2_old_main,vehicle_instability_allraw__jy__2025_09_26_17_17_11__000615015,jy,2025_09_26_17_17_11,pre2_label2_old_main,session_level_split,train,structure_best,0.4472591280937195,0.13945099711418152,0.4164617657661438,0.2770107686519623,2.9864380634377805,0,1,1.8299999982118607,0.024999999441206455,0.3988337814807892,1,1,1,2,0,0,1,0,0,0,0,structure_best
vehicle_instability_allraw__jy__2025_09_26_17_29_44__000057650__pre2_label2_old_main,vehicle_instability_allraw__jy__2025_09_26_17_29_44__000057650,jy,2025_09_26_17_29_44,pre2_label2_old_main,session_level_split,train,structure_best,0.49592602252960205,0.4115488827228546,0.5276356339454651,0.11608675122261047,1.2820728134518729,1,0,0.0549999475479126,0.08000000100582838,0.1141560971736908,0,1,3,19,0,1,1,0,0,0,0,structure_best
vehicle_instability_allraw__jy__2025_09_26_17_29_44__000133840__pre2_label2_old_main,vehicle_instability_allraw__jy__2025_09_26_17_29_44__000133840,jy,2025_09_26_17_29_44,pre2_label2_old_main,session_level_split,train,structure_best,0.31101348996162415,1.1224236488342285,1.1256623268127441,0.003238677978515625,1.0028854327703085,1,0,1.1800000071525574,0.20499999355524778,0.009851574897766113,0,0,2,28,0,1,1,0,0,0,0,structure_best
vehicle_instability_allraw__jy__2025_09_26_17_29_44__000176855__pre2_label2_old_main,vehicle_instability_allraw__jy__2025_09_26_17_29_44__000176855,jy,2025_09_26_17_29_44,pre2_label2_old_main,session_level_split,train,structure_best,2.052443504333496,5.133186340332031,1.474385380744934,3.658800959587097,0.2872261560349991,1,0,0.2250000238418579,0.9449999881908298,3.1781386137008667,1,0,3,11,0,1,1,1,0,1,1,structure_best
vehicle_instability_allraw__jy__2025_09_26_17_29_44__000269345__pre2_label2_old_main,vehicle_instability_allraw__jy__2025_09_26_17_29_44__000269345,jy,2025_09_26_17_29_44,pre2_label2_old_main,session_level_split,train,structure_best,0.29040807485580444,0.6445499658584595,0.5511605739593506,0.09338939189910889,0.855109150809238,1,0,0.0549999475479126,0.5649999929592013,0.09448683261871338,0,1,4,2,0,1,1,0,0,0,0,structure_best
vehicle_instability_allraw__jy__2025_09_26_17_29_44__000332895__pre2_label2_old_main,vehicle_instability_allraw__jy__2025_09_26_17_29_44__000332895,jy,2025_09_26_17_29_44,pre2_label2_old_main,session_level_split,train,structure_best,0.2827709913253784,0.5080660581588745,0.06895269453525543,0.4391133636236191,0.1357160027283177,0,1,1.9200000017881393,1.8350000083446503,0.4667861647903919,1,1,2,15,0,1,1,0,0,1,0,structure_best
vehicle_instability_allraw__jy__2025_09_26_17_29_44__000426110__pre2_label2_old_main,vehicle_instability_allraw__jy__2025_09_26_17_29_44__000426110,jy,2025_09_26_17_29_44,pre2_label2_old_main,session_level_split,train,structure_best,0.9688249230384827,1.9676820039749146,0.5135964751243591,1.4540855288505554,0.2610159944985231,1,0,0.7000000476837158,0.11000000219792128,0.01919335126876831,0,1,2,0,0,1,0,1,0,1,1,structure_best
vehicle_instability_allraw__jy__2025_09_26_17_29_44__000500270__pre2_label2_old_main,vehicle_instability_allraw__jy__2025_09_26_17_29_44__000500270,jy,2025_09_26_17_29_44,pre2_label2_old_main,session_level_split,train,structure_best,0.6134234070777893,1.6941959857940674,0.7364017367362976,0.9577942490577698,0.43466148126371995,1,0,0.10000002384185791,0.9650000287219882,0.9541069269180298,1,0,0,4,0,0,1,1,0,1,1,structure_best
vehicle_instability_allraw__jy__2025_09_26_17_29_44__000535550__pre2_label2_old_main,vehicle_instability_allraw__jy__2025_09_26_17_29_44__000535550,jy,2025_09_26_17_29_44,pre2_label2_old_main,session_level_split,train,structure_best,0.21600118279457092,0.23230403661727905,0.10175028443336487,0.13055375218391418,0.4380048057494519,0,1,1.0750000476837158,0.05999999772757292,0.022839412093162537,0,1,1,24,0,0,1,0,0,1,0,structure_best
vehicle_instability_allraw__jy__2025_09_26_17_29_44__000540950__pre2_label2_old_main,vehicle_instability_allraw__jy__2025_09_26_17_29_44__000540950,jy,2025_09_26_17_29_44,pre2_label2_old_main,session_level_split,train,structure_best,0.43029794096946716,0.9101839661598206,0.11003115773200989,0.8001528084278107,0.12088892116639346,1,0,0.6799999978393316,1.8950000032782555,0.12277890741825104,0,1,4,0,0,1,0,0,0,1,0,structure_best
vehicle_instability_allraw__jy__2025_09_26_17_29_44__000614515__pre2_label2_old_main,vehicle_instability_allraw__jy__2025_09_26_17_29_44__000614515,jy,2025_09_26_17_29_44,pre2_label2_old_main,session_level_split,train,structure_best,0.3734341859817505,0.08063399791717529,0.33718588948249817,0.2565518915653229,4.181683882632794,0,1,1.6300000548362732,0.03499999921768904,0.3176264464855194,1,1,1,0,0,0,0,0,0,0,0,structure_best
vehicle_instability_allraw__jy__2025_09_26_17_40_51__000065475__pre2_label2_old_main,vehicle_instability_allraw__jy__2025_09_26_17_40_51__000065475,jy,2025_09_26_17_40_51,pre2_label2_old_main,session_level_split,train,structure_best,0.509351372718811,0.4571017026901245,0.7408473491668701,0.2837456464767456,1.6207494848670487,1,0,0.43000006675720215,0.13000000547617674,0.3486193120479584,1,1,2,14,0,1,1,0,0,0,0,structure_best
vehicle_instability_allraw__jy__2025_09_26_17_40_51__000069905__pre2_label2_old_main,vehicle_instability_allraw__jy__2025_09_26_17_40_51__000069905,jy,2025_09_26_17_40_51,pre2_label2_old_main,session_level_split,train,structure_best,0.7111348509788513,1.167451024055481,0.8267923593521118,0.34065866470336914,0.7082030357727623,1,0,0.12000000476837158,0.08000000100582838,0.5383420884609222,0,1,4,42,0,1,1,0,0,0,0,structure_best
vehicle_instability_allraw__jy__2025_09_26_17_40_51__000139585__pre2_label2_old_main,vehicle_instability_allraw__jy__2025_09_26_17_40_51__000139585,jy,2025_09_26_17_40_51,pre2_label2_old_main,session_level_split,train,structure_best,0.4635615050792694,0.7290209531784058,0.60843425989151,0.12058669328689575,0.8345909088604949,1,0,0.20999997854232788,0.1149999974295497,1.0862241387367249,1,0,1,19,0,0,1,0,0,0,0,structure_best
vehicle_instability_allraw__jy__2025_09_26_17_40_51__000204390__pre2_label2_old_main,vehicle_instability_allraw__jy__2025_09_26_17_40_51__000204390,jy,2025_09_26_17_40_51,pre2_label2_old_main,session_level_split,train,structure_best,0.35248029232025146,0.7358310222625732,0.4864034354686737,0.24942758679389954,0.6610259974811254,1,0,0.020000100135803223,1.159999961964786,0.2328399121761322,0,0,1,0,0,0,0,0,0,0,0,structure_best
vehicle_instability_allraw__jy__2025_09_26_17_40_51__000228515__pre2_label2_old_main,vehicle_instability_allraw__jy__2025_09_26_17_40_51__000228515,jy,2025_09_26_17_40_51,pre2_label2_old_main,session_level_split,train,structure_best,1.505334496498108,2.8728153705596924,0.5154479146003723,2.35736745595932,0.17942256919209912,1,0,0.009999990463256836,1.7650000005960464,0.7101362943649292,0,1,2,9,0,1,1,1,0,1,1,structure_best
vehicle_instability_allraw__jy__2025_09_26_17_40_51__000277995__pre2_label2_old_main,vehicle_instability_allraw__jy__2025_09_26_17_40_51__000277995,jy,2025_09_26_17_40_51,pre2_label2_old_main,session_level_split,train,structure_best,0.4591577649116516,0.5958551168441772,0.11842374503612518,0.47743137180805206,0.19874587242504843,0,1,1.2999999970197678,1.8050000071525574,0.5439804717898369,1,1,3,19,0,1,1,0,0,1,0,structure_best
vehicle_instability_allraw__jy__2025_09_26_17_40_51__000399600__pre2_label2_old_main,vehicle_instability_allraw__jy__2025_09_26_17_40_51__000399600,jy,2025_09_26_17_40_51,pre2_label2_old_main,session_level_split,train,structure_best,0.5484186410903931,1.1950269937515259,0.5982548594474792,0.5967721343040466,0.5006203730757487,1,0,0.4750000238418579,1.384999985806644,0.6015297770500183,1,1,1,22,0,0,1,0,0,0,0,structure_best
vehicle_instability_allraw__jy__2025_09_26_17_40_51__000445490__pre2_label2_old_main,vehicle_instability_allraw__jy__2025_09_26_17_40_51__000445490,jy,2025_09_26_17_40_51,pre2_label2_old_main,session_level_split,train,structure_best,0.20181910693645477,0.11833399534225464,0.16156329214572906,0.043229296803474426,1.3653159574173368,0,1,0.5449999570846558,0.725000019185245,0.2108370065689087,1,0,1,29,0,0,1,0,0,0,0,structure_best
vehicle_instability_allraw__jy__2025_09_26_17_40_51__000526105__pre2_label2_old_main,vehicle_instability_allraw__jy__2025_09_26_17_40_51__000526105,jy,2025_09_26_17_40_51,pre2_label2_old_main,session_level_split,train,structure_best,0.8912056088447571,0.9201330542564392,0.6079144477844238,0.3122186064720154,0.6606810232197129,0,1,1.4100000262260437,0.03000000026077032,0.05350762605667114,0,1,2,1,0,1,0,0,0,0,0,structure_best
vehicle_instability_allraw__jy__2025_09_26_17_51_46__000128915__pre2_label2_old_main,vehicle_instability_allraw__jy__2025_09_26_17_51_46__000128915,jy,2025_09_26_17_51_46,pre2_label2_old_main,session_level_split,train,structure_best,0.3491569757461548,1.5241960287094116,1.4179823398590088,0.10621368885040283,0.9303149418776944,1,0,0.9600000381469727,0.16000000666826963,0.15988051891326904,0,0,2,25,0,1,1,1,1,0,1,structure_best
vehicle_instability_allraw__jy__2025_09_26_17_51_46__000184900__pre2_label2_old_main,vehicle_instability_allraw__jy__2025_09_26_17_51_46__000184900,jy,2025_09_26_17_51_46,pre2_label2_old_main,session_level_split,train,structure_best,0.6198402643203735,0.658513069152832,0.4753114879131317,0.18320158123970032,0.7217950716219093,0,1,0.13999998569488525,1.0900000287219882,0.02733650803565979,0,1,2,53,0,1,1,0,0,0,0,structure_best
vehicle_instability_allraw__jy__2025_09_26_17_51_46__000257425__pre2_label2_old_main,vehicle_instability_allraw__jy__2025_09_26_17_51_46__000257425,jy,2025_09_26_17_51_46,pre2_label2_old_main,session_level_split,train,structure_best,0.5408728718757629,0.7590431571006775,0.11929573118686676,0.6397474259138107,0.1571659398690076,0,1,1.9200000017881393,1.7850000113248825,0.7458789385855198,1,1,0,19,0,0,1,0,0,1,0,structure_best
vehicle_instability_allraw__jy__2025_09_26_17_51_46__000542335__pre2_label2_old_main,vehicle_instability_allraw__jy__2025_09_26_17_51_46__000542335,jy,2025_09_26_17_51_46,pre2_label2_old_main,session_level_split,train,structure_best,0.39406105875968933,0.3000220060348511,0.21420840919017792,0.08581359684467316,0.7139756580565464,0,1,0.985000004991889,0.16000000666826963,0.07142519950866699,0,1,2,3,0,1,1,0,0,0,0,structure_best
vehicle_instability_allraw__lx__2025_09_26_09_17_22__000060745__pre2_label2_old_main,vehicle_instability_allraw__lx__2025_09_26_09_17_22__000060745,lx,2025_09_26_09_17_22,pre2_label2_old_main,session_level_split,train,structure_best,0.4360976815223694,0.9454450011253357,0.6328758597373962,0.31256914138793945,0.6693946860833814,1,0,0.040000081062316895,0.7699999762699008,0.27306246757507324,0,1,2,4,0,1,1,0,0,0,0,structure_best
vehicle_instability_allraw__lx__2025_09_26_09_17_22__000135315__pre2_label2_old_main,vehicle_instability_allraw__lx__2025_09_26_09_17_22__000135315,lx,2025_09_26_09_17_22,pre2_label2_old_main,session_level_split,train,structure_best,0.3630250096321106,1.2240021228790283,0.47818854451179504,0.7458135783672333,0.39067623787042716,1,0,0.009999990463256836,0.4950000047683716,0.7475853860378265,1,1,4,5,0,1,1,0,0,1,0,structure_best
vehicle_instability_allraw__lx__2025_09_26_09_17_22__000145735__pre2_label2_old_main,vehicle_instability_allraw__lx__2025_09_26_09_17_22__000145735,lx,2025_09_26_09_17_22,pre2_label2_old_main,session_level_split,train,structure_best,0.2971538007259369,1.1288700103759766,0.5122525691986084,0.6166174411773682,0.45377462815935715,1,0,1.4700000286102295,0.12000000011175871,0.6171973943710327,1,0,4,0,0,1,0,0,0,1,0,structure_best
vehicle_instability_allraw__lx__2025_09_26_09_17_22__000151260__pre2_label2_old_main,vehicle_instability_allraw__lx__2025_09_26_09_17_22__000151260,lx,2025_09_26_09_17_22,pre2_label2_old_main,session_level_split,train,structure_best,2.7712337970733643,6.8434295654296875,1.051279067993164,5.792150497436523,0.1536187459726059,1,0,0.21000003814697266,0.9750000238418579,5.125628709793091,1,0,1,0,0,0,0,1,0,1,1,structure_best
vehicle_instability_allraw__lx__2025_09_26_09_17_22__000215535__pre2_label2_old_main,vehicle_instability_allraw__lx__2025_09_26_09_17_22__000215535,lx,2025_09_26_09_17_22,pre2_label2_old_main,session_level_split,train,structure_best,0.3841739296913147,0.9073969125747681,0.518593430519104,0.38880348205566406,0.5715177375329373,1,0,0.31999993324279785,0.5450000120326877,0.6590374559164047,1,1,2,29,0,1,1,0,0,0,0,structure_best
vehicle_instability_allraw__lx__2025_09_26_09_17_22__000263130__pre2_label2_old_main,vehicle_instability_allraw__lx__2025_09_26_09_17_22__000263130,lx,2025_09_26_09_17_22,pre2_label2_old_main,session_level_split,train,structure_best,0.6009495854377747,0.9936151504516602,0.10182730853557587,0.8917878419160843,0.10248163837808733,0,1,0.09000003337860107,1.5450000166893005,0.8977310210466385,1,1,3,0,0,1,0,0,0,1,0,structure_best
vehicle_instability_allraw__lx__2025_09_26_09_17_22__000324565__pre2_label2_old_main,vehicle_instability_allraw__lx__2025_09_26_09_17_22__000324565,lx,2025_09_26_09_17_22,pre2_label2_old_main,session_level_split,train,structure_best,0.18688823282718658,0.40823203325271606,0.17534931004047394,0.23288272321224213,0.4295334411739412,1,0,1.4599999785423279,0.049999999813735485,0.21438263356685638,1,1,2,0,0,1,0,0,0,1,0,structure_best
vehicle_instability_allraw__lx__2025_09_26_09_17_22__000385260__pre2_label2_old_main,vehicle_instability_allraw__lx__2025_09_26_09_17_22__000385260,lx,2025_09_26_09_17_22,pre2_label2_old_main,session_level_split,train,structure_best,0.4615773856639862,1.2409290075302124,0.692861020565033,0.5480679869651794,0.5583405790021909,1,0,0.31499993801116943,0.5400000168010592,0.28915494680404663,0,1,4,15,0,1,1,0,0,0,0,structure_best
vehicle_instability_allraw__lx__2025_09_26_09_17_22__000476915__pre2_label2_old_main,vehicle_instability_allraw__lx__2025_09_26_09_17_22__000476915,lx,2025_09_26_09_17_22,pre2_label2_old_main,session_level_split,train,structure_best,0.7425474524497986,1.6242048740386963,0.5792335867881775,1.0449712872505188,0.35662593804922754,1,0,0.9450000524520874,0.3700000001117587,0.8179140686988831,1,0,4,10,0,1,1,1,0,1,1,structure_best
vehicle_instability_allraw__lx__2025_09_26_09_17_22__000480490__pre2_label2_old_main,vehicle_instability_allraw__lx__2025_09_26_09_17_22__000480490,lx,2025_09_26_09_17_22,pre2_label2_old_main,session_level_split,train,structure_best,0.9072070121765137,2.146575927734375,0.3370291590690613,1.8095467686653137,0.1570077977277897,1,0,0.08000004291534424,1.6850000023841858,1.7061703205108643,1,1,4,0,0,1,0,1,0,1,1,structure_best
vehicle_instability_allraw__lxy__2025_09_28_17_55_52__000037840__pre2_label2_old_main,vehicle_instability_allraw__lxy__2025_09_28_17_55_52__000037840,lxy,2025_09_28_17_55_52,pre2_label2_old_main,session_level_split,train,structure_best,0.35908329486846924,0.8552116751670837,0.4101342558860779,0.44507741928100586,0.47957045933212905,1,0,0.4750000238418579,1.5299999667331576,0.4521316587924957,1,1,2,63,0,1,1,0,0,1,0,structure_best
vehicle_instability_allraw__lxy__2025_09_28_17_55_52__000057250__pre2_label2_old_main,vehicle_instability_allraw__lxy__2025_09_28_17_55_52__000057250,lxy,2025_09_28_17_55_52,pre2_label2_old_main,session_level_split,train,structure_best,0.19378243386745453,0.4199264943599701,0.1688925176858902,0.2510339766740799,0.4021954317107505,1,0,0.5399999618530273,0.08999999891966581,0.25907574594020844,1,1,1,65,0,0,1,0,0,1,0,structure_best
vehicle_instability_allraw__lxy__2025_09_28_17_55_52__000089180__pre2_label2_old_main,vehicle_instability_allraw__lxy__2025_09_28_17_55_52__000089180,lxy,2025_09_28_17_55_52,pre2_label2_old_main,session_level_split,train,structure_best,0.7654680013656616,0.9375909566879272,1.0898234844207764,0.15223252773284912,1.1623656101276998,1,0,0.16999995708465576,0.15499999653548002,0.14959990978240967,0,1,1,58,0,0,1,0,0,0,0,structure_best
vehicle_instability_allraw__lxy__2025_09_28_17_55_52__000131600__pre2_label2_old_main,vehicle_instability_allraw__lxy__2025_09_28_17_55_52__000131600,lxy,2025_09_28_17_55_52,pre2_label2_old_main,session_level_split,train,structure_best,0.5929881930351257,1.0196189880371094,1.18536376953125,0.16574478149414062,1.1625556050238133,1,0,0.7400000095367432,0.6999999834224582,0.7051973640918732,1,1,1,80,0,0,1,0,0,0,0,structure_best
vehicle_instability_allraw__lxy__2025_09_28_17_55_52__000160915__pre2_label2_old_main,vehicle_instability_allraw__lxy__2025_09_28_17_55_52__000160915,lxy,2025_09_28_17_55_52,pre2_label2_old_main,session_level_split,train,structure_best,0.8034618496894836,1.0697157382965088,0.20997707545757294,0.8597386628389359,0.19629240548704585,0,1,0.9600000381469727,1.790000006556511,0.8494835048913956,1,1,1,0,0,0,0,0,0,1,0,structure_best
vehicle_instability_allraw__lxy__2025_09_28_17_55_52__000186485__pre2_label2_old_main,vehicle_instability_allraw__lxy__2025_09_28_17_55_52__000186485,lxy,2025_09_28_17_55_52,pre2_label2_old_main,session_level_split,train,structure_best,0.33650317788124084,0.4502953886985779,0.19084753096103668,0.2594478577375412,0.42382741584943845,1,0,0.039999961853027344,0.4600000036880374,0.25969383120536804,1,1,1,0,0,0,0,0,0,1,0,structure_best
vehicle_instability_allraw__lxy__2025_09_28_17_55_52__000202445__pre2_label2_old_main,vehicle_instability_allraw__lxy__2025_09_28_17_55_52__000202445,lxy,2025_09_28_17_55_52,pre2_label2_old_main,session_level_split,train,structure_best,0.47048458456993103,0.6930699944496155,0.6721665859222412,0.020903408527374268,0.9698393976152809,1,0,0.7200000286102295,0.11000000219792128,0.01700824499130249,0,1,4,14,0,1,1,0,0,0,0,structure_best
vehicle_instability_allraw__lxy__2025_09_28_17_55_52__000226595__pre2_label2_old_main,vehicle_instability_allraw__lxy__2025_09_28_17_55_52__000226595,lxy,2025_09_28_17_55_52,pre2_label2_old_main,session_level_split,train,structure_best,0.9417473077774048,2.0678651332855225,0.559363842010498,1.5085012912750244,0.27050305796382096,1,0,0.9850000739097595,0.6650000168010592,0.8729994297027588,0,1,3,0,0,1,0,1,0,1,1,structure_best
vehicle_instability_allraw__lxy__2025_09_28_17_55_52__000241900__pre2_label2_old_main,vehicle_instability_allraw__lxy__2025_09_28_17_55_52__000241900,lxy,2025_09_28_17_55_52,pre2_label2_old_main,session_level_split,train,structure_best,0.4241868257522583,1.1992160081863403,0.8545598387718201,0.34465616941452026,0.7125987586375133,1,0,0.8899999856948853,0.3749999953433871,0.002951323986053467,0,1,3,10,0,1,1,0,0,0,0,structure_best
vehicle_instability_allraw__lxy__2025_09_28_17_55_52__000255420__pre2_label2_old_main,vehicle_instability_allraw__lxy__2025_09_28_17_55_52__000255420,lxy,2025_09_28_17_55_52,pre2_label2_old_main,session_level_split,train,structure_best,0.2759016454219818,0.06388020515441895,0.22228839993476868,0.15840819478034973,3.479769662564895,0,1,0.034999966621398926,0.02000000048428774,0.28595881164073944,1,0,0,0,1,0,0,0,0,0,0,structure_best
vehicle_instability_allraw__lxy__2025_09_28_17_55_52__000273935__pre2_label2_old_main,vehicle_instability_allraw__lxy__2025_09_28_17_55_52__000273935,lxy,2025_09_28_17_55_52,pre2_label2_old_main,session_level_split,train,structure_best,0.14581666886806488,0.355525404214859,0.17292390763759613,0.18260149657726288,0.4863897363944516,1,0,1.9900000002235174,1.4650000287219882,0.19144178926944733,1,1,0,0,1,0,0,0,0,1,0,structure_best
vehicle_instability_allraw__lxy__2025_09_28_17_55_52__000279955__pre2_label2_old_main,vehicle_instability_allraw__lxy__2025_09_28_17_55_52__000279955,lxy,2025_09_28_17_55_52,pre2_label2_old_main,session_level_split,train,structure_best,0.4502437114715576,0.8337439894676208,0.040680740028619766,0.7930632494390011,0.048792843537734,0,1,1.985000004991889,1.024999976158142,0.8724147342145443,1,1,0,0,1,0,0,0,0,1,0,structure_best
vehicle_instability_allraw__lxy__2025_09_28_17_55_52__000307650__pre2_label2_old_main,vehicle_instability_allraw__lxy__2025_09_28_17_55_52__000307650,lxy,2025_09_28_17_55_52,pre2_label2_old_main,session_level_split,train,structure_best,0.282939612865448,0.6717774868011475,0.45240500569343567,0.2193724811077118,0.6734447262406575,1,0,0.0,1.0700000477954745,0.2193724811077118,0,1,0,9,0,0,1,0,0,0,0,structure_best
vehicle_instability_allraw__lxy__2025_09_28_17_55_52__000357070__pre2_label2_old_main,vehicle_instability_allraw__lxy__2025_09_28_17_55_52__000357070,lxy,2025_09_28_17_55_52,pre2_label2_old_main,session_level_split,train,structure_best,0.14665044844150543,0.16109400987625122,0.041338708251714706,0.11975530162453651,0.25661232396828515,0,1,1.1000000145286322,0.049999999813735485,0.035887155681848526,0,0,1,1,1,0,0,0,0,1,0,structure_best
vehicle_instability_allraw__lxy__2025_09_28_17_55_52__000360910__pre2_label2_old_main,vehicle_instability_allraw__lxy__2025_09_28_17_55_52__000360910,lxy,2025_09_28_17_55_52,pre2_label2_old_main,session_level_split,train,structure_best,0.905737042427063,1.199739933013916,0.7999971508979797,0.3997427821159363,0.6668088048784656,1,0,0.6350001096725464,0.08000000100582838,0.531326174736023,0,1,3,25,0,1,1,0,0,0,0,structure_best
vehicle_instability_allraw__lxy__2025_09_28_17_55_52__000380645__pre2_label2_old_main,vehicle_instability_allraw__lxy__2025_09_28_17_55_52__000380645,lxy,2025_09_28_17_55_52,pre2_label2_old_main,session_level_split,train,structure_best,0.35011982917785645,0.5267407894134521,0.05283096060156822,0.4739098288118839,0.10029783465297552,0,1,1.394999971613288,1.9000000059604645,0.4299823082983494,1,1,2,21,0,1,1,0,0,1,0,structure_best
vehicle_instability_allraw__lxy__2025_09_28_17_55_52__000448640__pre2_label2_old_main,vehicle_instability_allraw__lxy__2025_09_28_17_55_52__000448640,lxy,2025_09_28_17_55_52,pre2_label2_old_main,session_level_split,train,structure_best,0.4924069941043854,1.3459980487823486,0.7653670907020569,0.5806309580802917,0.5686242200681071,1,0,0.009999990463256836,0.6499999715015292,0.5824068188667297,0,1,2,4,0,1,1,0,0,0,0,structure_best
vehicle_instability_allraw__lxy__2025_09_28_17_55_52__000511200__pre2_label2_old_main,vehicle_instability_allraw__lxy__2025_09_28_17_55_52__000511200,lxy,2025_09_28_17_55_52,pre2_label2_old_main,session_level_split,train,structure_best,0.4727407693862915,0.977035641670227,0.07562868297100067,0.9014069586992264,0.07740626825211272,1,0,0.2950000762939453,1.655000001192093,0.43610215187072754,0,1,2,51,0,1,1,0,0,1,0,structure_best
vehicle_instability_allraw__lxy__2025_09_28_17_55_52__000541050__pre2_label2_old_main,vehicle_instability_allraw__lxy__2025_09_28_17_55_52__000541050,lxy,2025_09_28_17_55_52,pre2_label2_old_main,session_level_split,train,structure_best,0.3649693429470062,0.7265809774398804,0.4679526388645172,0.25862833857536316,0.6440474680652332,1,0,0.4100000858306885,1.0049999905750155,0.10008019208908081,0,1,2,1,0,1,0,0,0,0,0,structure_best
vehicle_instability_allraw__lxy__2025_09_28_18_06_16__000057770__pre2_label2_old_main,vehicle_instability_allraw__lxy__2025_09_28_18_06_16__000057770,lxy,2025_09_28_18_06_16,pre2_label2_old_main,session_level_split,train,structure_best,0.5258471369743347,1.0580191612243652,0.663155734539032,0.39486342668533325,0.6267899097135559,1,0,0.9900000691413879,0.09500000160187483,0.7262595295906067,1,1,2,12,0,1,1,0,0,0,0,structure_best
vehicle_instability_allraw__lxy__2025_09_28_18_06_16__000072320__pre2_label2_old_main,vehicle_instability_allraw__lxy__2025_09_28_18_06_16__000072320,lxy,2025_09_28_18_06_16,pre2_label2_old_main,session_level_split,train,structure_best,0.580922544002533,1.6420010328292847,0.2932961583137512,1.3487048745155334,0.1786211777275079,1,0,0.009999990463256836,0.5800000429153442,1.347863256931305,1,1,1,1,1,0,0,1,0,1,1,structure_best
vehicle_instability_allraw__lxy__2025_09_28_18_06_16__000084330__pre2_label2_old_main,vehicle_instability_allraw__lxy__2025_09_28_18_06_16__000084330,lxy,2025_09_28_18_06_16,pre2_label2_old_main,session_level_split,train,structure_best,0.246552512049675,0.42027518153190613,0.030507344752550125,0.389767836779356,0.07258897525509507,0,1,1.7150000240653753,1.880000002682209,0.4315671771764755,1,1,1,45,0,0,1,0,0,1,0,structure_best
vehicle_instability_allraw__lxy__2025_09_28_18_06_16__000108400__pre2_label2_old_main,vehicle_instability_allraw__lxy__2025_09_28_18_06_16__000108400,lxy,2025_09_28_18_06_16,pre2_label2_old_main,session_level_split,train,structure_best,0.34051358699798584,0.43196901679039,0.02222687005996704,0.409742146730423,0.051454778458688566,0,1,1.190000057220459,1.9450000040233135,0.1509203240275383,0,1,1,0,0,0,0,0,0,1,0,structure_best
vehicle_instability_allraw__lxy__2025_09_28_18_06_16__000133655__pre2_label2_old_main,vehicle_instability_allraw__lxy__2025_09_28_18_06_16__000133655,lxy,2025_09_28_18_06_16,pre2_label2_old_main,session_level_split,train,structure_best,0.2787491977214813,0.9601031541824341,0.9133051037788391,0.04679805040359497,0.9512572683469149,1,0,1.2300000190734863,0.04000002145767212,0.0818253755569458,0,1,0,56,0,0,1,0,0,0,0,structure_best
vehicle_instability_allraw__lxy__2025_09_28_18_06_16__000158020__pre2_label2_old_main,vehicle_instability_allraw__lxy__2025_09_28_18_06_16__000158020,lxy,2025_09_28_18_06_16,pre2_label2_old_main,session_level_split,train,structure_best,0.23114868998527527,0.06912004947662354,0.3098587095737457,0.2407386600971222,4.4829063624808345,1,0,0.309999942779541,0.39000001084059477,0.24068662524223328,1,0,0,0,1,0,0,0,0,0,0,structure_best
vehicle_instability_allraw__lxy__2025_09_28_18_06_16__000165175__pre2_label2_old_main,vehicle_instability_allraw__lxy__2025_09_28_18_06_16__000165175,lxy,2025_09_28_18_06_16,pre2_label2_old_main,session_level_split,train,structure_best,0.4655822515487671,0.1488800048828125,0.40334591269493103,0.25446590781211853,2.7092013666470227,0,1,1.4700000286102295,0.41499998699873686,0.5489328503608704,1,0,0,0,1,0,0,0,0,0,0,structure_best
vehicle_instability_allraw__lxy__2025_09_28_18_06_16__000250730__pre2_label2_old_main,vehicle_instability_allraw__lxy__2025_09_28_18_06_16__000250730,lxy,2025_09_28_18_06_16,pre2_label2_old_main,session_level_split,train,structure_best,0.6424406170845032,1.5217540264129639,0.4592512547969818,1.062502771615982,0.30179072755898406,1,0,0.3049999475479126,0.26500001084059477,0.43236392736434937,0,0,7,59,0,1,1,1,0,1,0,structure_best
vehicle_instability_allraw__lxy__2025_09_28_18_06_16__000302360__pre2_label2_old_main,vehicle_instability_allraw__lxy__2025_09_28_18_06_16__000302360,lxy,2025_09_28_18_06_16,pre2_label2_old_main,session_level_split,train,structure_best,0.3948124051094055,0.5820673704147339,0.21426060795783997,0.3678067624568939,0.3681027641270722,0,1,0.36500000953674316,0.2749999985098839,0.3503963053226471,1,1,2,13,0,1,1,0,0,1,0,structure_best
vehicle_instability_allraw__lxy__2025_09_28_18_06_16__000321260__pre2_label2_old_main,vehicle_instability_allraw__lxy__2025_09_28_18_06_16__000321260,lxy,2025_09_28_18_06_16,pre2_label2_old_main,session_level_split,train,structure_best,0.2961110770702362,0.39985501766204834,0.11926771700382233,0.280587300658226,0.29827740489835664,0,1,1.065000057220459,0.04500000085681677,0.029332369565963745,0,1,3,5,0,1,1,0,0,1,0,structure_best
vehicle_instability_allraw__lxy__2025_09_28_18_06_16__000326285__pre2_label2_old_main,vehicle_instability_allraw__lxy__2025_09_28_18_06_16__000326285,lxy,2025_09_28_18_06_16,pre2_label2_old_main,session_level_split,train,structure_best,0.24254079163074493,0.5452409982681274,0.2450396716594696,0.30020132660865784,0.4494153455770929,1,0,0.04499995708465576,0.6750000072643161,0.30082353949546814,1,1,1,0,0,0,0,0,0,1,0,structure_best
vehicle_instability_allraw__lxy__2025_09_28_18_06_16__000373530__pre2_label2_old_main,vehicle_instability_allraw__lxy__2025_09_28_18_06_16__000373530,lxy,2025_09_28_18_06_16,pre2_label2_old_main,session_level_split,train,structure_best,0.1395075023174286,0.2476620078086853,0.21295671164989471,0.03470529615879059,0.8598683081597245,1,0,0.0549999475479126,0.634999985806644,0.03534474968910217,0,1,1,0,0,0,0,0,0,0,0,structure_best
vehicle_instability_allraw__lxy__2025_09_28_18_06_16__000389495__pre2_label2_old_main,vehicle_instability_allraw__lxy__2025_09_28_18_06_16__000389495,lxy,2025_09_28_18_06_16,pre2_label2_old_main,session_level_split,train,structure_best,0.12110836803913116,0.0008699893951416016,0.12508314847946167,0.12421315908432007,143.77548643463962,1,0,0.3650000002235174,1.9900000048801303,0.12086759507656097,1,0,0,0,1,0,0,0,0,0,0,structure_best
vehicle_instability_allraw__lxy__2025_09_28_18_06_16__000403155__pre2_label2_old_main,vehicle_instability_allraw__lxy__2025_09_28_18_06_16__000403155,lxy,2025_09_28_18_06_16,pre2_label2_old_main,session_level_split,train,structure_best,0.25052759051322937,0.17906999588012695,0.35964930057525635,0.1805793046951294,2.0084285969158833,1,0,1.184999942779541,0.09999999683350325,0.19037434458732605,1,0,3,2,0,1,1,0,0,0,0,structure_best
vehicle_instability_allraw__lxy__2025_09_28_18_06_16__000464805__pre2_label2_old_main,vehicle_instability_allraw__lxy__2025_09_28_18_06_16__000464805,lxy,2025_09_28_18_06_16,pre2_label2_old_main,session_level_split,train,structure_best,0.3016204535961151,0.5375618934631348,0.45333221554756165,0.08422967791557312,0.8433116652429726,1,0,0.8300000429153442,0.2149999989196658,0.11976128816604614,0,1,2,0,0,1,0,0,0,0,0,structure_best
vehicle_instability_allraw__lxy__2025_09_28_18_06_16__000565345__pre2_label2_old_main,vehicle_instability_allraw__lxy__2025_09_28_18_06_16__000565345,lxy,2025_09_28_18_06_16,pre2_label2_old_main,session_level_split,train,structure_best,0.48277074098587036,0.3930479884147644,0.8588573336601257,0.46580934524536133,2.1851207968880773,0,1,1.5249999463558197,0.330000008456409,0.5530502051115036,1,0,5,11,0,1,1,0,0,0,0,structure_best
vehicle_instability_allraw__lxy__2025_09_28_18_19_35__000087450__pre2_label2_old_main,vehicle_instability_allraw__lxy__2025_09_28_18_19_35__000087450,lxy,2025_09_28_18_19_35,pre2_label2_old_main,session_level_split,train,structure_best,0.7212525010108948,1.1135196685791016,0.6389750838279724,0.47454458475112915,0.573833675199767,1,0,0.09500002861022949,0.08999999891966581,0.4461648464202881,0,1,2,15,0,1,1,0,0,0,0,structure_best
vehicle_instability_allraw__lxy__2025_09_28_18_19_35__000129055__pre2_label2_old_main,vehicle_instability_allraw__lxy__2025_09_28_18_19_35__000129055,lxy,2025_09_28_18_19_35,pre2_label2_old_main,session_level_split,train,structure_best,0.7228012681007385,1.9997968673706055,1.468275547027588,0.5315213203430176,0.7342123447558561,1,0,1.1799999475479126,0.3700000001117587,0.4950072765350342,0,0,3,4,0,1,1,1,1,0,1,structure_best
vehicle_instability_allraw__lxy__2025_09_28_18_19_35__000157615__pre2_label2_old_main,vehicle_instability_allraw__lxy__2025_09_28_18_19_35__000157615,lxy,2025_09_28_18_19_35,pre2_label2_old_main,session_level_split,train,structure_best,0.7646707892417908,1.4573454856872559,0.4093596935272217,1.0479857921600342,0.28089406221626,1,0,0.2950000762939453,0.3050000024959445,1.0481283962726593,1,1,3,14,0,1,1,1,0,1,0,structure_best
vehicle_instability_allraw__lxy__2025_09_28_18_19_35__000175350__pre2_label2_old_main,vehicle_instability_allraw__lxy__2025_09_28_18_19_35__000175350,lxy,2025_09_28_18_19_35,pre2_label2_old_main,session_level_split,train,structure_best,0.7579547166824341,1.2788029909133911,0.04580621421337128,1.2329967767000198,0.03581960203319041,1,0,0.31000006198883057,1.905000001192093,0.0483073815703392,0,1,3,13,0,1,1,0,0,1,0,structure_best
vehicle_instability_allraw__lxy__2025_09_28_18_19_35__000188330__pre2_label2_old_main,vehicle_instability_allraw__lxy__2025_09_28_18_19_35__000188330,lxy,2025_09_28_18_19_35,pre2_label2_old_main,session_level_split,train,structure_best,0.38293716311454773,0.7853972911834717,0.25555214285850525,0.5298451483249664,0.32537945537528895,1,0,0.059999942779541016,0.16500000189989805,0.5306229889392853,1,1,1,0,0,0,0,0,0,1,0,structure_best
vehicle_instability_allraw__lxy__2025_09_28_18_19_35__000202855__pre2_label2_old_main,vehicle_instability_allraw__lxy__2025_09_28_18_19_35__000202855,lxy,2025_09_28_18_19_35,pre2_label2_old_main,session_level_split,train,structure_best,0.5486631393432617,0.45029401779174805,0.5084534883499146,0.058159470558166504,1.1291588789995075,1,0,0.4750000238418579,0.26500001084059477,0.05198371410369873,0,1,2,41,0,1,1,0,0,0,0,structure_best
vehicle_instability_allraw__lxy__2025_09_28_18_19_35__000213630__pre2_label2_old_main,vehicle_instability_allraw__lxy__2025_09_28_18_19_35__000213630,lxy,2025_09_28_18_19_35,pre2_label2_old_main,session_level_split,train,structure_best,0.6887325048446655,1.661557912826538,0.8182214498519897,0.8433364629745483,0.4924423298975374,1,0,0.0549999475479126,0.7350000096485019,1.023522824048996,1,1,2,62,0,1,1,1,0,1,1,structure_best
vehicle_instability_allraw__lxy__2025_09_28_18_19_35__000262630__pre2_label2_old_main,vehicle_instability_allraw__lxy__2025_09_28_18_19_35__000262630,lxy,2025_09_28_18_19_35,pre2_label2_old_main,session_level_split,train,structure_best,0.11264819651842117,0.2829180061817169,0.2879776954650879,0.005059689283370972,1.017883942247639,1,0,0.004999995231628418,0.21999999415129423,0.005059689283370972,0,0,2,15,0,1,1,0,0,0,0,structure_best
vehicle_instability_allraw__lxy__2025_09_28_18_19_35__000290870__pre2_label2_old_main,vehicle_instability_allraw__lxy__2025_09_28_18_19_35__000290870,lxy,2025_09_28_18_19_35,pre2_label2_old_main,session_level_split,train,structure_best,1.08961021900177,1.8772735595703125,0.5842215418815613,1.2930520176887512,0.3112074630270099,1,0,0.059999942779541016,0.21999999415129423,1.2948404550552368,1,1,1,11,0,0,1,1,0,1,1,structure_best
vehicle_instability_allraw__lxy__2025_09_28_18_19_35__000316655__pre2_label2_old_main,vehicle_instability_allraw__lxy__2025_09_28_18_19_35__000316655,lxy,2025_09_28_18_19_35,pre2_label2_old_main,session_level_split,train,structure_best,0.13827161490917206,0.35325509309768677,0.23978197574615479,0.11347311735153198,0.6787785383177677,1,0,0.059999942779541016,0.4900000048801303,0.11425593495368958,0,0,0,0,1,0,0,0,0,0,0,structure_best
vehicle_instability_allraw__lxy__2025_09_28_18_19_35__000320035__pre2_label2_old_main,vehicle_instability_allraw__lxy__2025_09_28_18_19_35__000320035,lxy,2025_09_28_18_19_35,pre2_label2_old_main,session_level_split,train,structure_best,1.2130932807922363,1.6603360176086426,0.6609348058700562,0.9994012117385864,0.3980729194937244,1,0,0.33500003814697266,0.15499999653548002,0.9445067048072815,1,1,2,12,0,1,1,1,0,1,1,structure_best
vehicle_instability_allraw__lxy__2025_09_28_18_19_35__000334720__pre2_label2_old_main,vehicle_instability_allraw__lxy__2025_09_28_18_19_35__000334720,lxy,2025_09_28_18_19_35,pre2_label2_old_main,session_level_split,train,structure_best,0.17636820673942566,0.27907800674438477,0.2983052730560303,0.019227266311645508,1.0688956701960979,1,0,0.10000002384185791,0.5599999977275729,0.2140554040670395,1,1,2,41,0,1,1,0,0,0,0,structure_best
vehicle_instability_allraw__lxy__2025_09_28_18_19_35__000402090__pre2_label2_old_main,vehicle_instability_allraw__lxy__2025_09_28_18_19_35__000402090,lxy,2025_09_28_18_19_35,pre2_label2_old_main,session_level_split,train,structure_best,0.6332972645759583,1.2025318145751953,0.6825358867645264,0.519995927810669,0.5675823944879479,1,0,0.04999995231628418,1.3049999428912997,0.5218345522880554,0,1,1,4,0,0,1,0,0,0,0,structure_best
vehicle_instability_allraw__lxy__2025_09_28_18_19_35__000481970__pre2_label2_old_main,vehicle_instability_allraw__lxy__2025_09_28_18_19_35__000481970,lxy,2025_09_28_18_19_35,pre2_label2_old_main,session_level_split,train,structure_best,0.30566126108169556,0.09930992126464844,0.22330065071582794,0.1239907294511795,2.248523086840033,0,1,0.6000000238418579,0.049999999813735485,0.3150858134031296,1,0,0,0,1,0,0,0,0,0,0,structure_best
vehicle_instability_allraw__rjy__2025_09_28_19_33_26__000097820__pre2_label2_old_main,vehicle_instability_allraw__rjy__2025_09_28_19_33_26__000097820,rjy,2025_09_28_19_33_26,pre2_label2_old_main,session_level_split,train,structure_best,0.8063375353813171,1.1484270095825195,1.017204761505127,0.13122224807739258,0.8857374069205365,1,0,0.49000000953674316,0.23499999474734068,0.12230956554412842,0,1,3,32,0,1,1,0,0,0,0,structure_best
vehicle_instability_allraw__rjy__2025_09_28_19_33_26__000137120__pre2_label2_old_main,vehicle_instability_allraw__rjy__2025_09_28_19_33_26__000137120,rjy,2025_09_28_19_33_26,pre2_label2_old_main,session_level_split,train,structure_best,0.3532370626926422,0.8756309747695923,0.36523711681365967,0.5103938579559326,0.4171130617093185,1,0,0.4700000286102295,0.8149999929592013,0.5207346677780151,1,1,5,89,0,1,1,0,0,1,0,structure_best
vehicle_instability_allraw__rjy__2025_09_28_19_33_26__000189485__pre2_label2_old_main,vehicle_instability_allraw__rjy__2025_09_28_19_33_26__000189485,rjy,2025_09_28_19_33_26,pre2_label2_old_main,session_level_split,train,structure_best,0.23216062784194946,0.45430901646614075,0.603140115737915,0.1488310992717743,1.3275988234384217,1,0,0.565000057220459,1.2099999785423279,0.12185665965080261,0,1,6,67,0,1,1,0,0,0,0,structure_best
vehicle_instability_allraw__rjy__2025_09_28_19_33_26__000245500__pre2_label2_old_main,vehicle_instability_allraw__rjy__2025_09_28_19_33_26__000245500,rjy,2025_09_28_19_33_26,pre2_label2_old_main,session_level_split,train,structure_best,0.5522977113723755,1.0784389972686768,0.4269607663154602,0.6514782309532166,0.3959062750853857,1,0,0.2700001001358032,0.3050000024959445,0.4207979142665863,0,1,4,0,0,1,0,0,0,1,0,structure_best
vehicle_instability_allraw__rjy__2025_09_28_19_33_26__000290715__pre2_label2_old_main,vehicle_instability_allraw__rjy__2025_09_28_19_33_26__000290715,rjy,2025_09_28_19_33_26,pre2_label2_old_main,session_level_split,train,structure_best,0.9627519845962524,1.4868478775024414,0.9303877949714661,0.5564600825309753,0.6257451142441695,1,0,0.009999990463256836,0.03000000026077032,0.5583812594413757,0,1,3,22,0,1,1,1,1,0,0,structure_best
vehicle_instability_allraw__rjy__2025_09_28_19_33_26__000386830__pre2_label2_old_main,vehicle_instability_allraw__rjy__2025_09_28_19_33_26__000386830,rjy,2025_09_28_19_33_26,pre2_label2_old_main,session_level_split,train,structure_best,0.9388645887374878,1.4332680702209473,0.2600834369659424,1.1731846332550049,0.18146182306695,0,1,1.5299999620765448,1.7750000059604645,0.8848294615745544,1,1,2,69,0,1,1,1,0,1,0,structure_best
vehicle_instability_allraw__rjy__2025_09_28_19_33_26__000417195__pre2_label2_old_main,vehicle_instability_allraw__rjy__2025_09_28_19_33_26__000417195,rjy,2025_09_28_19_33_26,pre2_label2_old_main,session_level_split,train,structure_best,1.1033035516738892,1.8111240863800049,0.821077823638916,0.9900462627410889,0.45335260560752094,1,0,0.8450000286102295,0.09999999683350325,0.023546278476715088,0,1,4,17,0,1,1,1,0,1,1,structure_best
vehicle_instability_allraw__rjy__2025_09_28_19_33_26__000439360__pre2_label2_old_main,vehicle_instability_allraw__rjy__2025_09_28_19_33_26__000439360,rjy,2025_09_28_19_33_26,pre2_label2_old_main,session_level_split,train,structure_best,0.8400567173957825,1.7284029722213745,0.22352440655231476,1.5048785656690598,0.12932424333026757,1,0,0.35500001907348633,1.645000010728836,1.4542219787836075,1,1,2,9,0,1,1,1,0,1,1,structure_best
vehicle_instability_allraw__rjy__2025_09_28_19_33_26__000445825__pre2_label2_old_main,vehicle_instability_allraw__rjy__2025_09_28_19_33_26__000445825,rjy,2025_09_28_19_33_26,pre2_label2_old_main,session_level_split,train,structure_best,0.8553357720375061,1.805546760559082,0.11268118023872375,1.6928655803203583,0.06240834228177639,1,0,0.0549999475479126,1.530000001192093,0.3454480618238449,0,1,2,7,0,1,1,1,0,1,1,structure_best
vehicle_instability_allraw__rjy__2025_09_28_19_33_26__000515545__pre2_label2_old_main,vehicle_instability_allraw__rjy__2025_09_28_19_33_26__000515545,rjy,2025_09_28_19_33_26,pre2_label2_old_main,session_level_split,train,structure_best,0.2470521479845047,0.449945867061615,0.366381973028183,0.083563894033432,0.8142801164523445,1,0,0.46000003814697266,0.6899999929592013,0.11669763922691345,0,1,2,0,0,1,0,0,0,0,0,structure_best
vehicle_instability_allraw__rjy__2025_09_28_19_33_26__000560115__pre2_label2_old_main,vehicle_instability_allraw__rjy__2025_09_28_19_33_26__000560115,rjy,2025_09_28_19_33_26,pre2_label2_old_main,session_level_split,train,structure_best,0.05690084025263786,0.13194701075553894,0.11644914746284485,0.015497863292694092,0.8825447942780051,1,0,0.059999942779541016,0.40499999653548,0.015794217586517334,0,0,2,0,0,1,0,0,0,0,0,structure_best
vehicle_instability_allraw__rjy__2025_09_28_19_33_26__000598710__pre2_label2_old_main,vehicle_instability_allraw__rjy__2025_09_28_19_33_26__000598710,rjy,2025_09_28_19_33_26,pre2_label2_old_main,session_level_split,train,structure_best,0.4357006251811981,0.8325219750404358,0.42230263352394104,0.41021934151649475,0.5072570408768245,1,0,0.6600000858306885,0.07499999832361937,0.14172714948654175,0,1,2,0,0,1,0,0,0,0,0,structure_best
vehicle_instability_allraw__rjy__2025_09_28_19_33_26__000624660__pre2_label2_old_main,vehicle_instability_allraw__rjy__2025_09_28_19_33_26__000624660,rjy,2025_09_28_19_33_26,pre2_label2_old_main,session_level_split,train,structure_best,0.46137189865112305,0.3975866734981537,0.4438958466053009,0.04630917310714722,1.1164756673046847,1,0,0.684999942779541,0.08000000100582838,0.040677785873413086,0,1,3,1,0,1,0,0,0,0,0,structure_best
vehicle_instability_allraw__rjy__2025_09_28_19_44_42__000058055__pre2_label2_old_main,vehicle_instability_allraw__rjy__2025_09_28_19_44_42__000058055,rjy,2025_09_28_19_44_42,pre2_label2_old_main,session_level_split,train,structure_best,0.2520290017127991,0.5508259534835815,0.37779462337493896,0.17303133010864258,0.685869322216314,1,0,0.059999942779541016,0.7450000001117587,0.1743336021900177,0,1,5,10,0,1,1,0,0,0,0,structure_best
vehicle_instability_allraw__rjy__2025_09_28_19_44_42__000090150__pre2_label2_old_main,vehicle_instability_allraw__rjy__2025_09_28_19_44_42__000090150,rjy,2025_09_28_19_44_42,pre2_label2_old_main,session_level_split,train,structure_best,0.7220104932785034,1.3660683631896973,0.9209523797035217,0.44511598348617554,0.6741627319098048,1,0,0.0549999475479126,0.3600000096485019,0.4473732113838196,0,1,3,32,0,1,1,0,0,0,0,structure_best
vehicle_instability_allraw__rjy__2025_09_28_19_44_42__000132740__pre2_label2_old_main,vehicle_instability_allraw__rjy__2025_09_28_19_44_42__000132740,rjy,2025_09_28_19_44_42,pre2_label2_old_main,session_level_split,train,structure_best,0.2475065439939499,1.1768710613250732,0.6423836946487427,0.5344873666763306,0.5458403352406883,1,0,0.009999990463256836,0.1499999761581421,0.5356247425079346,0,1,0,8,0,0,1,0,0,0,0,structure_best
vehicle_instability_allraw__rjy__2025_09_28_19_51_44__000056300__pre2_label2_old_main,vehicle_instability_allraw__rjy__2025_09_28_19_51_44__000056300,rjy,2025_09_28_19_51_44,pre2_label2_old_main,session_level_split,train,structure_best,0.41721394658088684,0.5222020149230957,0.7423888444900513,0.22018682956695557,1.4216506701901224,1,0,0.3799999952316284,0.16500000189989805,0.2375572919845581,0,0,5,10,0,1,1,0,0,0,0,structure_best
vehicle_instability_allraw__rjy__2025_09_28_19_51_44__000087940__pre2_label2_old_main,vehicle_instability_allraw__rjy__2025_09_28_19_51_44__000087940,rjy,2025_09_28_19_51_44,pre2_label2_old_main,session_level_split,train,structure_best,0.512262761592865,1.1529639959335327,0.9240883588790894,0.22887563705444336,0.801489345841084,1,0,0.5200001001358032,0.5900000287219882,0.1186978816986084,0,1,2,25,0,1,1,0,0,0,0,structure_best
vehicle_instability_allraw__rjy__2025_09_28_19_51_44__000132730__pre2_label2_old_main,vehicle_instability_allraw__rjy__2025_09_28_19_51_44__000132730,rjy,2025_09_28_19_51_44,pre2_label2_old_main,session_level_split,train,structure_best,0.25010770559310913,0.4022980034351349,0.4902046322822571,0.08790662884712219,1.2185112232636173,1,0,0.49000000953674316,0.614999994635582,0.07999539375305176,0,0,2,3,0,1,1,0,0,0,0,structure_best
vehicle_instability_allraw__rjy__2025_09_28_19_51_44__000180850__pre2_label2_old_main,vehicle_instability_allraw__rjy__2025_09_28_19_51_44__000180850,rjy,2025_09_28_19_51_44,pre2_label2_old_main,session_level_split,train,structure_best,0.8518582582473755,1.846207618713379,0.5532380938529968,1.292969524860382,0.2996619059770472,1,0,0.29499995708465576,0.600000019185245,1.4427655935287476,1,1,6,17,0,1,1,1,0,1,1,structure_best
vehicle_instability_allraw__rjy__2025_09_28_19_51_44__000209520__pre2_label2_old_main,vehicle_instability_allraw__rjy__2025_09_28_19_51_44__000209520,rjy,2025_09_28_19_51_44,pre2_label2_old_main,session_level_split,train,structure_best,0.4288014769554138,0.7143637537956238,0.3566535711288452,0.35771018266677856,0.4992604527229165,1,0,0.06499993801116943,0.05999999772757292,0.19030053913593292,0,1,4,26,0,1,1,0,0,1,0,structure_best
vehicle_instability_allraw__rjy__2025_09_28_19_51_44__000228685__pre2_label2_old_main,vehicle_instability_allraw__rjy__2025_09_28_19_51_44__000228685,rjy,2025_09_28_19_51_44,pre2_label2_old_main,session_level_split,train,structure_best,0.5571173429489136,1.3948630094528198,0.49563005566596985,0.89923295378685,0.3553252558187752,1,0,0.15000009536743164,1.100000019185245,0.7988512217998505,1,1,6,4,0,1,1,1,0,1,0,structure_best
vehicle_instability_allraw__rjy__2025_09_28_19_51_44__000302995__pre2_label2_old_main,vehicle_instability_allraw__rjy__2025_09_28_19_51_44__000302995,rjy,2025_09_28_19_51_44,pre2_label2_old_main,session_level_split,train,structure_best,0.08585519343614578,0.2165961116552353,0.22073711454868317,0.004141002893447876,1.019118546781852,1,0,0.02499997615814209,0.15499999653548002,0.004316002130508423,0,0,4,0,0,1,0,0,0,0,0,structure_best
vehicle_instability_allraw__rjy__2025_09_28_19_51_44__000340405__pre2_label2_old_main,vehicle_instability_allraw__rjy__2025_09_28_19_51_44__000340405,rjy,2025_09_28_19_51_44,pre2_label2_old_main,session_level_split,train,structure_best,0.5275809168815613,1.2901480197906494,0.6643403172492981,0.6258077025413513,0.5149334084604491,1,0,0.6400001049041748,0.7150000287219882,0.049135446548461914,0,1,4,10,0,1,1,0,0,0,0,structure_best
vehicle_instability_allraw__rjy__2025_09_28_19_51_44__000357340__pre2_label2_old_main,vehicle_instability_allraw__rjy__2025_09_28_19_51_44__000357340,rjy,2025_09_28_19_51_44,pre2_label2_old_main,session_level_split,train,structure_best,1.0444947481155396,1.3665928840637207,0.7105351090431213,0.6560577750205994,0.5199318080233696,0,1,0.16000008583068848,0.5749999834224582,1.3551889061927795,1,1,3,10,0,1,1,0,0,0,0,structure_best
vehicle_instability_allraw__rjy__2025_09_28_19_51_44__000384965__pre2_label2_old_main,vehicle_instability_allraw__rjy__2025_09_28_19_51_44__000384965,rjy,2025_09_28_19_51_44,pre2_label2_old_main,session_level_split,train,structure_best,0.9202829599380493,2.1245858669281006,0.5369030833244324,1.5876827836036682,0.2527095240922084,1,0,0.16499996185302734,0.7300000144168735,1.1862671375274658,1,1,4,24,0,1,1,1,0,1,1,structure_best
vehicle_instability_allraw__rjy__2025_09_28_19_51_44__000463330__pre2_label2_old_main,vehicle_instability_allraw__rjy__2025_09_28_19_51_44__000463330,rjy,2025_09_28_19_51_44,pre2_label2_old_main,session_level_split,train,structure_best,0.6308335065841675,1.010895013809204,0.34483811259269714,0.666056901216507,0.3411215881788707,1,0,0.45500004291534424,0.16500000189989805,0.5137505233287811,1,1,2,0,0,1,0,0,0,1,0,structure_best
vehicle_instability_allraw__rjy__2025_09_28_19_51_44__000498795__pre2_label2_old_main,vehicle_instability_allraw__rjy__2025_09_28_19_51_44__000498795,rjy,2025_09_28_19_51_44,pre2_label2_old_main,session_level_split,train,structure_best,0.15707334876060486,0.21956202387809753,0.19207452237606049,0.02748750150203705,0.8748075782117115,1,0,0.8700000047683716,1.5399999571964145,0.02537432312965393,0,1,0,0,1,0,0,0,0,0,0,structure_best
vehicle_instability_allraw__rjy__2025_09_28_19_51_44__000532085__pre2_label2_old_main,vehicle_instability_allraw__rjy__2025_09_28_19_51_44__000532085,rjy,2025_09_28_19_51_44,pre2_label2_old_main,session_level_split,train,structure_best,0.4292296767234802,0.7326889634132385,0.37008365988731384,0.3626053035259247,0.5051033635927523,1,0,0.23500001430511475,0.1800000024959445,0.2355753481388092,0,1,4,0,0,1,0,0,0,0,0,structure_best
vehicle_instability_allraw__rjy__2025_09_28_19_51_44__000538615__pre2_label2_old_main,vehicle_instability_allraw__rjy__2025_09_28_19_51_44__000538615,rjy,2025_09_28_19_51_44,pre2_label2_old_main,session_level_split,train,structure_best,0.7539076209068298,0.800931990146637,0.6176333427429199,0.18329864740371704,0.7711433059751326,1,0,0.0549999475479126,0.330000008456409,0.18490493297576904,0,1,7,4,0,1,1,0,0,0,0,structure_best
vehicle_instability_allraw__rjy__2025_09_28_19_51_44__000564970__pre2_label2_old_main,vehicle_instability_allraw__rjy__2025_09_28_19_51_44__000564970,rjy,2025_09_28_19_51_44,pre2_label2_old_main,session_level_split,train,structure_best,0.38123729825019836,0.4103294014930725,0.3504613935947418,0.05986800789833069,0.8540976891236943,0,1,1.2850000858306885,0.07000000309199095,0.1313134729862213,0,1,2,0,0,1,0,0,0,0,0,structure_best
vehicle_instability_allraw__rjy__2025_09_28_19_51_44__000569225__pre2_label2_old_main,vehicle_instability_allraw__rjy__2025_09_28_19_51_44__000569225,rjy,2025_09_28_19_51_44,pre2_label2_old_main,session_level_split,train,structure_best,1.291490077972412,1.2311584949493408,0.4998714029788971,0.7312870919704437,0.4060171009902877,0,1,0.125,0.04000000189989805,0.25500306487083435,0,1,7,0,0,1,0,0,0,1,0,structure_best
vehicle_instability_allraw__rjy__2025_09_28_20_02_20__000059725__pre2_label2_old_main,vehicle_instability_allraw__rjy__2025_09_28_20_02_20__000059725,rjy,2025_09_28_20_02_20,pre2_label2_old_main,session_level_split,train,structure_best,0.5560665726661682,0.7829549908638,0.8716278076171875,0.08867281675338745,1.1132540411493623,1,0,0.8300000429153442,0.6600000215694308,0.5197054147720337,1,1,2,19,0,1,1,0,0,0,0,structure_best
vehicle_instability_allraw__rjy__2025_09_28_20_02_20__000095175__pre2_label2_old_main,vehicle_instability_allraw__rjy__2025_09_28_20_02_20__000095175,rjy,2025_09_28_20_02_20,pre2_label2_old_main,session_level_split,train,structure_best,0.47633010149002075,0.6389652490615845,0.5505111813545227,0.08845406770706177,0.8615667004786728,1,0,0.0549999475479126,0.39000001084059477,0.09049040079116821,0,1,3,6,0,1,1,0,0,0,0,structure_best
vehicle_instability_allraw__rjy__2025_09_28_20_02_20__000137410__pre2_label2_old_main,vehicle_instability_allraw__rjy__2025_09_28_20_02_20__000137410,rjy,2025_09_28_20_02_20,pre2_label2_old_main,session_level_split,train,structure_best,0.4216960370540619,1.4650294780731201,0.8539347052574158,0.6110947728157043,0.5828788553664827,1,0,0.19000005722045898,0.33000004291534424,0.4250786304473877,0,0,5,50,0,1,1,1,1,0,0,structure_best
vehicle_instability_allraw__rjy__2025_09_28_20_02_20__000309800__pre2_label2_old_main,vehicle_instability_allraw__rjy__2025_09_28_20_02_20__000309800,rjy,2025_09_28_20_02_20,pre2_label2_old_main,session_level_split,train,structure_best,0.2315768301486969,0.38851016759872437,0.37418681383132935,0.01432335376739502,0.9631326154063772,1,0,0.059999942779541016,0.35500001441687346,0.015389114618301392,0,1,6,0,0,1,0,0,0,0,0,structure_best
vehicle_instability_allraw__rjy__2025_09_28_20_02_20__000338510__pre2_label2_old_main,vehicle_instability_allraw__rjy__2025_09_28_20_02_20__000338510,rjy,2025_09_28_20_02_20,pre2_label2_old_main,session_level_split,train,structure_best,0.3902730941772461,0.5024799704551697,0.5593129396438599,0.056832969188690186,1.1131049445358154,1,0,0.49000000953674316,0.8400000287219882,0.3425753712654114,1,1,2,2,1,1,1,0,0,0,0,structure_best
vehicle_instability_allraw__rjy__2025_09_28_20_02_20__000355835__pre2_label2_old_main,vehicle_instability_allraw__rjy__2025_09_28_20_02_20__000355835,rjy,2025_09_28_20_02_20,pre2_label2_old_main,session_level_split,train,structure_best,0.31940627098083496,0.6284930109977722,0.34555184841156006,0.28294116258621216,0.5498101687128942,1,0,0.034999966621398926,0.3000000072643161,0.5271771997213364,1,1,2,67,0,1,1,0,0,0,0,structure_best
vehicle_instability_allraw__rjy__2025_09_28_20_02_20__000409690__pre2_label2_old_main,vehicle_instability_allraw__rjy__2025_09_28_20_02_20__000409690,rjy,2025_09_28_20_02_20,pre2_label2_old_main,session_level_split,train,structure_best,0.22189933061599731,0.3555232882499695,0.26637765765190125,0.08914563059806824,0.7492551583979791,0,1,0.004999995231628418,0.13500000070780516,0.6219009459018707,1,1,1,35,0,0,1,0,0,0,0,structure_best
vehicle_instability_allraw__rjy__2025_09_28_20_02_20__000470495__pre2_label2_old_main,vehicle_instability_allraw__rjy__2025_09_28_20_02_20__000470495,rjy,2025_09_28_20_02_20,pre2_label2_old_main,session_level_split,train,structure_best,1.097241997718811,1.845688819885254,0.7045281529426575,1.1411606669425964,0.3817155662168761,1,0,0.7250000238418579,0.08999999891966581,0.1257702112197876,0,1,2,8,0,1,1,1,0,1,1,structure_best
vehicle_instability_allraw__rjy__2025_09_28_20_02_20__000500840__pre2_label2_old_main,vehicle_instability_allraw__rjy__2025_09_28_20_02_20__000500840,rjy,2025_09_28_20_02_20,pre2_label2_old_main,session_level_split,train,structure_best,0.4039768576622009,0.10803589969873428,0.46889129281044006,0.3608553931117058,4.340143360845575,1,0,1.5750000476837158,0.04000000189989805,0.4655728042125702,1,0,5,0,0,1,0,0,0,0,0,structure_best
vehicle_instability_allraw__rjy__2025_09_28_20_02_20__000544520__pre2_label2_old_main,vehicle_instability_allraw__rjy__2025_09_28_20_02_20__000544520,rjy,2025_09_28_20_02_20,pre2_label2_old_main,session_level_split,train,structure_best,0.2788160443305969,0.6995280385017395,0.4920896589756012,0.2074383795261383,0.7034595211216506,1,0,1.065000057220459,0.3650000048801303,0.09955105185508728,0,1,3,0,0,1,0,0,0,0,0,structure_best
vehicle_instability_allraw__rjy__2025_09_28_20_02_20__000565245__pre2_label2_old_main,vehicle_instability_allraw__rjy__2025_09_28_20_02_20__000565245,rjy,2025_09_28_20_02_20,pre2_label2_old_main,session_level_split,train,structure_best,0.17598965764045715,0.685218334197998,0.2650349736213684,0.42018336057662964,0.38678908662240336,1,0,0.059999942779541016,0.35500001907348633,0.4206693768501282,1,1,2,5,0,1,1,0,0,1,0,structure_best
vehicle_instability_allraw__rjy__2025_09_28_20_02_20__000601915__pre2_label2_old_main,vehicle_instability_allraw__rjy__2025_09_28_20_02_20__000601915,rjy,2025_09_28_20_02_20,pre2_label2_old_main,session_level_split,train,structure_best,0.8109405040740967,1.9818179607391357,1.3312567472457886,0.6505612134933472,0.6717351308842135,1,0,0.5550000667572021,0.6550000263378024,0.5566182136535645,0,1,6,43,0,1,1,1,1,0,1,structure_best
vehicle_instability_allraw__rjy__2025_09_28_20_02_20__000703720__pre2_label2_old_main,vehicle_instability_allraw__rjy__2025_09_28_20_02_20__000703720,rjy,2025_09_28_20_02_20,pre2_label2_old_main,session_level_split,train,structure_best,0.5046045780181885,1.2260918617248535,0.686699390411377,0.5393924713134766,0.5600717302252829,1,0,0.30000007152557373,1.0049999905750155,0.3322514295578003,0,1,2,33,0,1,1,0,0,0,0,structure_best
vehicle_instability_allraw__txj__2025_09_27_09_06_19__000032485__pre2_label2_old_main,vehicle_instability_allraw__txj__2025_09_27_09_06_19__000032485,txj,2025_09_27_09_06_19,pre2_label2_old_main,session_level_split,train,structure_best,0.4396836459636688,0.6510071754455566,0.1478591114282608,0.5031480640172958,0.22712362782647422,0,1,1.01500004529953,0.255000002682209,0.44699038565158844,1,1,3,50,0,1,1,0,0,1,0,structure_best
vehicle_instability_allraw__txj__2025_09_27_09_06_19__000053330__pre2_label2_old_main,vehicle_instability_allraw__txj__2025_09_27_09_06_19__000053330,txj,2025_09_27_09_06_19,pre2_label2_old_main,session_level_split,train,structure_best,0.5394874215126038,0.37803879380226135,0.6487169861793518,0.27067819237709045,1.7160063909173104,1,0,0.03500008583068848,1.3450000239536166,0.2792319059371948,1,1,3,4,0,1,1,0,0,0,0,structure_best
vehicle_instability_allraw__txj__2025_09_27_09_06_19__000056665__pre2_label2_old_main,vehicle_instability_allraw__txj__2025_09_27_09_06_19__000056665,txj,2025_09_27_09_06_19,pre2_label2_old_main,session_level_split,train,structure_best,0.954321563243866,2.1479804515838623,0.2543070316314697,1.8936734199523926,0.11839355029695482,1,0,0.5299999713897705,1.125,1.9022601395845413,1,1,2,77,0,1,1,1,0,1,1,structure_best
vehicle_instability_allraw__txj__2025_09_27_09_06_19__000084165__pre2_label2_old_main,vehicle_instability_allraw__txj__2025_09_27_09_06_19__000084165,txj,2025_09_27_09_06_19,pre2_label2_old_main,session_level_split,train,structure_best,0.14647728204727173,0.19128787517547607,0.22794270515441895,0.03665482997894287,1.1916212930135688,1,0,1.1950000524520874,0.4600000036880374,0.11598464846611023,1,1,3,7,0,1,1,0,0,0,0,structure_best
vehicle_instability_allraw__txj__2025_09_27_09_06_19__000087745__pre2_label2_old_main,vehicle_instability_allraw__txj__2025_09_27_09_06_19__000087745,txj,2025_09_27_09_06_19,pre2_label2_old_main,session_level_split,train,structure_best,1.1497790813446045,1.8947269916534424,1.14348304271698,0.7512439489364624,0.6035080767594461,1,0,0.29499995708465576,0.20499999355524778,0.9477216452360153,1,1,2,62,0,1,1,1,1,0,1,structure_best
vehicle_instability_allraw__txj__2025_09_27_09_06_19__000108815__pre2_label2_old_main,vehicle_instability_allraw__txj__2025_09_27_09_06_19__000108815,txj,2025_09_27_09_06_19,pre2_label2_old_main,session_level_split,train,structure_best,0.7444940805435181,1.2721730470657349,0.02750403806567192,1.244669009000063,0.021619730216034635,0,1,0.8950000405311584,1.0400000214576721,1.131346758455038,1,0,1,0,0,0,0,0,0,1,0,structure_best
vehicle_instability_allraw__txj__2025_09_27_09_06_19__000146040__pre2_label2_old_main,vehicle_instability_allraw__txj__2025_09_27_09_06_19__000146040,txj,2025_09_27_09_06_19,pre2_label2_old_main,session_level_split,train,structure_best,0.2912912964820862,0.4099777042865753,0.48095300793647766,0.07097530364990234,1.1731199109312795,1,0,1.1950000524520874,0.40499999653548,0.5384878814220428,1,1,3,0,0,1,0,0,0,0,0,structure_best
vehicle_instability_allraw__txj__2025_09_27_09_06_19__000174935__pre2_label2_old_main,vehicle_instability_allraw__txj__2025_09_27_09_06_19__000174935,txj,2025_09_27_09_06_19,pre2_label2_old_main,session_level_split,train,structure_best,0.9722721576690674,2.307152032852173,0.7781135439872742,1.5290384888648987,0.33726149508463305,1,0,0.11000001430511475,0.6299999905750155,1.2641515731811523,1,1,2,50,0,1,1,1,0,1,1,structure_best
vehicle_instability_allraw__txj__2025_09_27_09_06_19__000188350__pre2_label2_old_main,vehicle_instability_allraw__txj__2025_09_27_09_06_19__000188350,txj,2025_09_27_09_06_19,pre2_label2_old_main,session_level_split,train,structure_best,0.24080714583396912,0.0734701156616211,0.2704506516456604,0.1969805359840393,3.6810973987201288,1,0,0.04999995231628418,1.0199999762699008,0.19679749011993408,1,0,0,0,1,0,0,0,0,0,0,structure_best
vehicle_instability_allraw__txj__2025_09_27_09_06_19__000242365__pre2_label2_old_main,vehicle_instability_allraw__txj__2025_09_27_09_06_19__000242365,txj,2025_09_27_09_06_19,pre2_label2_old_main,session_level_split,train,structure_best,0.3182574510574341,0.6354739665985107,0.5227870941162109,0.1126868724822998,0.822672716105938,1,0,0.39499998092651367,0.4950000001117587,0.43358276784420013,1,1,3,39,0,1,1,0,0,0,0,structure_best
vehicle_instability_allraw__txj__2025_09_27_09_06_19__000253750__pre2_label2_old_main,vehicle_instability_allraw__txj__2025_09_27_09_06_19__000253750,txj,2025_09_27_09_06_19,pre2_label2_old_main,session_level_split,train,structure_best,0.38833996653556824,0.8625410199165344,0.5504688024520874,0.312072217464447,0.6381943464037857,1,0,0.4950000047683716,0.6999999834224582,0.21908777952194214,0,1,4,4,1,1,1,0,0,0,0,structure_best
vehicle_instability_allraw__txj__2025_09_27_09_06_19__000296520__pre2_label2_old_main,vehicle_instability_allraw__txj__2025_09_27_09_06_19__000296520,txj,2025_09_27_09_06_19,pre2_label2_old_main,session_level_split,train,structure_best,0.21236148476600647,0.5164427757263184,0.32292741537094116,0.1935153603553772,0.6252917661918695,1,0,1.0300000309944153,0.3350000036880374,0.06732037663459778,0,1,3,0,0,1,0,0,0,0,0,structure_best
vehicle_instability_allraw__txj__2025_09_27_09_06_19__000324715__pre2_label2_old_main,vehicle_instability_allraw__txj__2025_09_27_09_06_19__000324715,txj,2025_09_27_09_06_19,pre2_label2_old_main,session_level_split,train,structure_best,0.12914125621318817,0.36896276473999023,0.24788010120391846,0.12108266353607178,0.6718295852390436,1,0,1.1950000524520874,0.34999998938292265,0.11341644823551178,0,1,2,0,0,1,0,0,0,0,0,structure_best
vehicle_instability_allraw__txj__2025_09_27_09_06_19__000328240__pre2_label2_old_main,vehicle_instability_allraw__txj__2025_09_27_09_06_19__000328240,txj,2025_09_27_09_06_19,pre2_label2_old_main,session_level_split,train,structure_best,1.154435634613037,1.954595923423767,1.0026475191116333,0.9519484043121338,0.5129692061136331,1,0,0.2850000858306885,0.25999998580664396,0.4069303274154663,0,1,2,50,0,1,1,1,1,0,1,structure_best
vehicle_instability_allraw__txj__2025_09_27_09_06_19__000340350__pre2_label2_old_main,vehicle_instability_allraw__txj__2025_09_27_09_06_19__000340350,txj,2025_09_27_09_06_19,pre2_label2_old_main,session_level_split,train,structure_best,0.21585099399089813,0.5187119841575623,0.20259810984134674,0.3161138743162155,0.39057919621885234,1,0,0.19000005722045898,1.3450000239536166,0.30965283513069153,1,1,0,0,1,0,0,0,0,1,0,structure_best
vehicle_instability_allraw__txj__2025_09_27_09_06_19__000386605__pre2_label2_old_main,vehicle_instability_allraw__txj__2025_09_27_09_06_19__000386605,txj,2025_09_27_09_06_19,pre2_label2_old_main,session_level_split,train,structure_best,0.24578890204429626,0.6133079528808594,0.3907891511917114,0.22251880168914795,0.6371825921318613,1,0,1.0050000548362732,0.42000001203268766,0.0003584921360015869,0,1,2,0,0,1,0,0,0,0,0,structure_best
vehicle_instability_allraw__txj__2025_09_27_09_06_19__000456500__pre2_label2_old_main,vehicle_instability_allraw__txj__2025_09_27_09_06_19__000456500,txj,2025_09_27_09_06_19,pre2_label2_old_main,session_level_split,train,structure_best,1.205536127090454,3.3051300048828125,1.5376067161560059,1.7675232887268066,0.4652182255718935,1,0,0.6950000524520874,0.1800000024959445,1.1544809341430664,0,0,1,79,0,0,1,1,0,1,1,structure_best
vehicle_instability_allraw__txj__2025_09_27_09_06_19__000553500__pre2_label2_old_main,vehicle_instability_allraw__txj__2025_09_27_09_06_19__000553500,txj,2025_09_27_09_06_19,pre2_label2_old_main,session_level_split,train,structure_best,2.5024168491363525,4.555308818817139,1.0103180408477783,3.5449907779693604,0.2217891433999691,1,0,1.2750000357627869,0.2750000013038516,3.5368692874908447,1,0,1,0,0,0,0,1,0,1,1,structure_best
vehicle_instability_allraw__txj__2025_09_27_09_06_19__000575870__pre2_label2_old_main,vehicle_instability_allraw__txj__2025_09_27_09_06_19__000575870,txj,2025_09_27_09_06_19,pre2_label2_old_main,session_level_split,train,structure_best,0.6759384870529175,0.47891899943351746,0.5326012969017029,0.053682297468185425,1.1120905571332163,0,1,0.059999942779541016,1.259999985806644,1.0109950006008148,1,0,6,0,0,1,0,0,0,0,0,structure_best
vehicle_instability_allraw__txj__2025_09_27_09_06_19__000604150__pre2_label2_old_main,vehicle_instability_allraw__txj__2025_09_27_09_06_19__000604150,txj,2025_09_27_09_06_19,pre2_label2_old_main,session_level_split,train,structure_best,0.23905406892299652,0.37646758556365967,0.03549410402774811,0.34097348153591156,0.0942819658021956,0,1,1.2649999763816595,1.0799999833106995,0.09221098944544792,0,1,2,7,0,1,1,0,0,1,0,structure_best
vehicle_instability_allraw__txj__2025_09_27_09_17_11__000060790__pre2_label2_old_main,vehicle_instability_allraw__txj__2025_09_27_09_17_11__000060790,txj,2025_09_27_09_17_11,pre2_label2_old_main,session_level_split,train,structure_best,0.635956883430481,0.9307839870452881,0.7969587445259094,0.13382524251937866,0.8562230932397129,1,0,0.4750000238418579,0.13000000547617674,0.04134780168533325,0,1,2,19,0,1,1,0,0,0,0,structure_best
vehicle_instability_allraw__txj__2025_09_27_09_17_11__000092770__pre2_label2_old_main,vehicle_instability_allraw__txj__2025_09_27_09_17_11__000092770,txj,2025_09_27_09_17_11,pre2_label2_old_main,session_level_split,train,structure_best,1.0916564464569092,2.1895198822021484,1.3694560527801514,0.8200638294219971,0.6254595191904796,1,0,0.18499994277954102,0.8450000239536166,0.07947123050689697,0,1,4,18,0,1,1,1,1,0,1,structure_best
vehicle_instability_allraw__txj__2025_09_27_09_17_11__000118305__pre2_label2_old_main,vehicle_instability_allraw__txj__2025_09_27_09_17_11__000118305,txj,2025_09_27_09_17_11,pre2_label2_old_main,session_level_split,train,structure_best,1.2141447067260742,2.3371739387512207,0.4707831144332886,1.8663908243179321,0.20143263906358355,1,0,0.2849999666213989,1.1549999564886093,1.3617052137851715,1,1,2,65,0,1,1,1,0,1,1,structure_best
vehicle_instability_allraw__txj__2025_09_27_09_17_11__000134270__pre2_label2_old_main,vehicle_instability_allraw__txj__2025_09_27_09_17_11__000134270,txj,2025_09_27_09_17_11,pre2_label2_old_main,session_level_split,train,structure_best,0.17932520806789398,0.3508114516735077,0.03168656304478645,0.31912488862872124,0.09032362795920477,0,1,1.0550000574439764,1.5250000059604645,0.11017867736518383,0,0,5,129,0,1,1,0,0,1,0,structure_best
vehicle_instability_allraw__txj__2025_09_27_09_17_11__000157280__pre2_label2_old_main,vehicle_instability_allraw__txj__2025_09_27_09_17_11__000157280,txj,2025_09_27_09_17_11,pre2_label2_old_main,session_level_split,train,structure_best,1.8769339323043823,4.903500080108643,1.1666010618209839,3.7368990182876587,0.23791190838425286,1,0,0.2999999523162842,1.2450000001117587,3.7254791259765625,1,0,1,0,0,0,0,1,0,1,1,structure_best
vehicle_instability_allraw__txj__2025_09_27_09_17_11__000203185__pre2_label2_old_main,vehicle_instability_allraw__txj__2025_09_27_09_17_11__000203185,txj,2025_09_27_09_17_11,pre2_label2_old_main,session_level_split,train,structure_best,2.9174296855926514,7.784859657287598,2.287081718444824,5.497777938842773,0.29378586373151006,1,0,1.0299999713897705,0.4300000024959445,2.8108291625976562,0,0,4,3,0,1,1,1,0,1,1,structure_best
vehicle_instability_allraw__txj__2025_09_27_09_17_11__000243345__pre2_label2_old_main,vehicle_instability_allraw__txj__2025_09_27_09_17_11__000243345,txj,2025_09_27_09_17_11,pre2_label2_old_main,session_level_split,train,structure_best,0.7946854829788208,2.008004903793335,0.6207473278045654,1.3872575759887695,0.309136360489911,1,0,0.13499999046325684,0.7699999762699008,0.6580779701471329,0,1,2,26,0,1,1,1,0,1,1,structure_best
vehicle_instability_allraw__txj__2025_09_27_09_17_11__000272265__pre2_label2_old_main,vehicle_instability_allraw__txj__2025_09_27_09_17_11__000272265,txj,2025_09_27_09_17_11,pre2_label2_old_main,session_level_split,train,structure_best,0.3515586853027344,0.5893973112106323,0.2982112467288971,0.29118606448173523,0.505959632079702,1,0,0.3200000524520874,0.15499999653548002,0.2778869569301605,0,1,3,0,0,1,0,0,0,0,0,structure_best
vehicle_instability_allraw__txj__2025_09_27_09_17_11__000361115__pre2_label2_old_main,vehicle_instability_allraw__txj__2025_09_27_09_17_11__000361115,txj,2025_09_27_09_17_11,pre2_label2_old_main,session_level_split,train,structure_best,0.19335469603538513,0.5420989990234375,0.19734689593315125,0.34475210309028625,0.36404216995172684,1,0,0.1549999713897705,1.2100000334903598,0.2950100898742676,1,1,2,9,0,1,1,0,0,1,0,structure_best
vehicle_instability_allraw__txj__2025_09_27_09_17_11__000391680__pre2_label2_old_main,vehicle_instability_allraw__txj__2025_09_27_09_17_11__000391680,txj,2025_09_27_09_17_11,pre2_label2_old_main,session_level_split,train,structure_best,0.7928104996681213,0.9517275094985962,0.9862951040267944,0.03456759452819824,1.036320894566145,1,0,0.5099999904632568,0.08999999891966581,0.48181819915771484,1,1,4,31,0,1,1,0,0,0,0,structure_best
vehicle_instability_allraw__txj__2025_09_27_09_17_11__000438570__pre2_label2_old_main,vehicle_instability_allraw__txj__2025_09_27_09_17_11__000438570,txj,2025_09_27_09_17_11,pre2_label2_old_main,session_level_split,train,structure_best,0.397453635931015,0.5949809551239014,0.4776669442653656,0.11731401085853577,0.8028272840529731,1,0,0.02499997615814209,0.07000000309199095,0.05470794439315796,0,1,5,13,0,1,1,0,0,0,0,structure_best
vehicle_instability_allraw__txj__2025_09_27_09_17_11__000498455__pre2_label2_old_main,vehicle_instability_allraw__txj__2025_09_27_09_17_11__000498455,txj,2025_09_27_09_17_11,pre2_label2_old_main,session_level_split,train,structure_best,0.26453056931495667,0.47926750779151917,0.452082097530365,0.027185410261154175,0.9432771681384673,1,0,0.875,0.6200000001117587,0.34589603543281555,1,0,1,0,0,0,0,0,0,0,0,structure_best
vehicle_instability_allraw__txj__2025_09_27_09_17_11__000503080__pre2_label2_old_main,vehicle_instability_allraw__txj__2025_09_27_09_17_11__000503080,txj,2025_09_27_09_17_11,pre2_label2_old_main,session_level_split,train,structure_best,0.4926091432571411,1.31510591506958,0.6402493119239807,0.6748566031455994,0.48684239389958656,1,0,0.14500010013580322,0.8749999953433871,0.42383623123168945,0,1,1,4,0,0,1,0,0,1,0,structure_best
vehicle_instability_allraw__txj__2025_09_27_09_17_11__000562130__pre2_label2_old_main,vehicle_instability_allraw__txj__2025_09_27_09_17_11__000562130,txj,2025_09_27_09_17_11,pre2_label2_old_main,session_level_split,train,structure_best,0.5272254943847656,1.227843999862671,0.3026326298713684,0.9252113699913025,0.24647482082839234,0,1,1.9800000097602606,0.7800000263378024,1.523635447025299,1,1,2,47,0,1,1,0,0,1,0,structure_best
vehicle_instability_allraw__txj__2025_09_27_09_17_11__000575805__pre2_label2_old_main,vehicle_instability_allraw__txj__2025_09_27_09_17_11__000575805,txj,2025_09_27_09_17_11,pre2_label2_old_main,session_level_split,train,structure_best,0.3450087904930115,0.5326749086380005,0.11731645464897156,0.41535845398902893,0.2202402492524731,1,0,0.3900000061839819,0.049999999813735485,0.48331770300865173,1,1,3,1,0,1,0,0,0,1,0,structure_best
vehicle_instability_allraw__tyy__2025_09_28_14_23_43__000091635__pre2_label2_old_main,vehicle_instability_allraw__tyy__2025_09_28_14_23_43__000091635,tyy,2025_09_28_14_23_43,pre2_label2_old_main,session_level_split,train,structure_best,1.545377492904663,2.0369749069213867,0.5358113050460815,1.5011636018753052,0.2630426635229828,1,0,0.4750000238418579,0.17500000726431608,1.5072369575500488,1,1,3,43,0,1,1,1,0,1,1,structure_best
vehicle_instability_allraw__tyy__2025_09_28_14_23_43__000177395__pre2_label2_old_main,vehicle_instability_allraw__tyy__2025_09_28_14_23_43__000177395,tyy,2025_09_28_14_23_43,pre2_label2_old_main,session_level_split,train,structure_best,0.7817702293395996,1.6030869483947754,1.2018219232559204,0.401265025138855,0.7496922886555498,1,0,0.5349999740719795,0.005000002682209015,2.2929052114486694,1,1,1,11,0,0,1,1,1,0,1,structure_best
vehicle_instability_allraw__tyy__2025_09_28_14_23_43__000243820__pre2_label2_old_main,vehicle_instability_allraw__tyy__2025_09_28_14_23_43__000243820,tyy,2025_09_28_14_23_43,pre2_label2_old_main,session_level_split,train,structure_best,0.37358883023262024,0.948412299156189,0.5450588464736938,0.4033534526824951,0.5747066407285498,1,0,1.115000069141388,0.10499999951571226,0.157909095287323,0,1,4,6,0,1,1,0,0,0,0,structure_best
vehicle_instability_allraw__tyy__2025_09_28_14_23_43__000263565__pre2_label2_old_main,vehicle_instability_allraw__tyy__2025_09_28_14_23_43__000263565,tyy,2025_09_28_14_23_43,pre2_label2_old_main,session_level_split,train,structure_best,0.2645774483680725,0.3193945288658142,0.4844110906124115,0.1650165617465973,1.5166543156909396,1,0,1.0950000286102295,0.31499999295920134,0.1707846224308014,1,1,1,4,0,0,1,0,0,0,0,structure_best
vehicle_instability_allraw__tyy__2025_09_28_14_23_43__000266730__pre2_label2_old_main,vehicle_instability_allraw__tyy__2025_09_28_14_23_43__000266730,tyy,2025_09_28_14_23_43,pre2_label2_old_main,session_level_split,train,structure_best,0.538928210735321,1.588600993156433,0.26358723640441895,1.3250137567520142,0.16592412918028618,1,0,0.059999942779541016,1.0199999809265137,1.3261193633079529,1,1,3,14,0,1,1,1,0,1,1,structure_best
vehicle_instability_allraw__tyy__2025_09_28_14_23_43__000286995__pre2_label2_old_main,vehicle_instability_allraw__tyy__2025_09_28_14_23_43__000286995,tyy,2025_09_28_14_23_43,pre2_label2_old_main,session_level_split,train,structure_best,0.7917234897613525,1.8336459398269653,0.625976026058197,1.2076699137687683,0.3413832586007679,1,0,0.11500000953674316,0.09500000160187483,0.509244441986084,0,1,2,7,0,1,1,1,0,1,1,structure_best
vehicle_instability_allraw__tyy__2025_09_28_14_23_43__000302720__pre2_label2_old_main,vehicle_instability_allraw__tyy__2025_09_28_14_23_43__000302720,tyy,2025_09_28_14_23_43,pre2_label2_old_main,session_level_split,train,structure_best,0.814359724521637,1.2192866802215576,0.6755660176277161,0.5437206625938416,0.5540665936783287,1,0,0.4100000858306885,0.0549999987706542,0.4523504972457886,0,1,6,10,0,1,1,0,0,0,0,structure_best
vehicle_instability_allraw__tyy__2025_09_28_14_23_43__000348235__pre2_label2_old_main,vehicle_instability_allraw__tyy__2025_09_28_14_23_43__000348235,tyy,2025_09_28_14_23_43,pre2_label2_old_main,session_level_split,train,structure_best,0.5499758124351501,0.7337362170219421,0.2937828600406647,0.43995335698127747,0.4003930203051149,1,0,1.4299999922513962,0.07000000309199095,0.6448101848363876,1,1,4,21,0,1,1,0,0,1,0,structure_best
vehicle_instability_allraw__tyy__2025_09_28_14_23_43__000462085__pre2_label2_old_main,vehicle_instability_allraw__tyy__2025_09_28_14_23_43__000462085,tyy,2025_09_28_14_23_43,pre2_label2_old_main,session_level_split,train,structure_best,0.4676441252231598,0.6164519786834717,0.19890066981315613,0.41755130887031555,0.3226539563356406,0,1,0.0,0.8149999929592013,0.8108265101909637,1,0,4,0,0,1,0,0,0,1,0,structure_best
vehicle_instability_allraw__tyy__2025_09_28_14_23_43__000500235__pre2_label2_old_main,vehicle_instability_allraw__tyy__2025_09_28_14_23_43__000500235,tyy,2025_09_28_14_23_43,pre2_label2_old_main,session_level_split,train,structure_best,1.352871298789978,2.286210060119629,0.529757022857666,1.756453037261963,0.23171843746936613,1,0,0.30500006675720215,0.11000000219792128,1.7249820828437805,1,1,4,4,1,1,1,1,0,1,1,structure_best
vehicle_instability_allraw__tyy__2025_09_28_14_23_43__000518835__pre2_label2_old_main,vehicle_instability_allraw__tyy__2025_09_28_14_23_43__000518835,tyy,2025_09_28_14_23_43,pre2_label2_old_main,session_level_split,train,structure_best,0.32794931530952454,0.5565860271453857,0.42989739775657654,0.1266886293888092,0.7723826628588416,1,0,0.6750000715255737,0.06500000040978193,0.012766659259796143,0,1,3,1,0,1,0,0,0,0,0,structure_best
vehicle_instability_allraw__tyy__2025_09_28_14_23_43__000628070__pre2_label2_old_main,vehicle_instability_allraw__tyy__2025_09_28_14_23_43__000628070,tyy,2025_09_28_14_23_43,pre2_label2_old_main,session_level_split,train,structure_best,0.1486017107963562,0.3419100046157837,0.2628719210624695,0.07903808355331421,0.7688336624073575,1,0,0.5500000715255737,0.0549999987706542,0.1711830198764801,1,0,4,0,0,1,0,0,0,0,0,structure_best
vehicle_instability_allraw__tyy__2025_09_28_14_23_43__000665155__pre2_label2_old_main,vehicle_instability_allraw__tyy__2025_09_28_14_23_43__000665155,tyy,2025_09_28_14_23_43,pre2_label2_old_main,session_level_split,train,structure_best,0.5273934006690979,1.0355039834976196,0.04506395757198334,0.9904400259256363,0.04351886452408508,1,0,0.125,1.050000011920929,0.3173108547925949,0,0,5,0,0,1,0,0,0,1,0,structure_best
vehicle_instability_allraw__tyy__2025_09_28_14_23_43__000685655__pre2_label2_old_main,vehicle_instability_allraw__tyy__2025_09_28_14_23_43__000685655,tyy,2025_09_28_14_23_43,pre2_label2_old_main,session_level_split,train,structure_best,0.8153802752494812,1.7901862859725952,0.7239405512809753,1.0662457346916199,0.4043939767350322,1,0,0.6550000905990601,0.13500000070780516,0.06302982568740845,0,1,2,4,0,1,1,1,0,1,1,structure_best
vehicle_instability_allraw__tyy__2025_09_28_14_23_43__000762635__pre2_label2_old_main,vehicle_instability_allraw__tyy__2025_09_28_14_23_43__000762635,tyy,2025_09_28_14_23_43,pre2_label2_old_main,session_level_split,train,structure_best,1.4519981145858765,2.1591429710388184,0.1981481909751892,1.9609947800636292,0.09177168609629176,0,1,1.1800000667572021,1.8400000035762787,1.2319277673959732,1,1,2,0,0,1,0,1,0,1,1,structure_best
vehicle_instability_allraw__tyy__2025_09_28_14_23_43__000858435__pre2_label2_old_main,vehicle_instability_allraw__tyy__2025_09_28_14_23_43__000858435,tyy,2025_09_28_14_23_43,pre2_label2_old_main,session_level_split,train,structure_best,0.34407520294189453,0.5052729845046997,0.3912569284439087,0.11401605606079102,0.7743476109799207,1,0,0.6800000667572021,0.31999998819082975,0.03782352805137634,0,1,4,0,0,1,0,0,0,0,0,structure_best
vehicle_instability_allraw__tyy__2025_09_28_14_40_01__000050415__pre2_label2_old_main,vehicle_instability_allraw__tyy__2025_09_28_14_40_01__000050415,tyy,2025_09_28_14_40_01,pre2_label2_old_main,session_level_split,train,structure_best,1.1349776983261108,1.7545764446258545,0.661069929599762,1.0935065150260925,0.37676895277180605,1,0,0.13499999046325684,0.08000000100582838,0.2431390881538391,0,1,2,9,0,1,1,1,0,1,1,structure_best
vehicle_instability_allraw__tyy__2025_09_28_14_40_01__000078865__pre2_label2_old_main,vehicle_instability_allraw__tyy__2025_09_28_14_40_01__000078865,tyy,2025_09_28_14_40_01,pre2_label2_old_main,session_level_split,train,structure_best,0.3287163972854614,1.3002699613571167,0.3445039987564087,0.955765962600708,0.264948056168923,1,0,0.0549999475479126,1.7450000001117587,0.9567382633686066,1,1,3,0,0,1,0,0,0,1,0,structure_best
vehicle_instability_allraw__tyy__2025_09_28_14_40_01__000111805__pre2_label2_old_main,vehicle_instability_allraw__tyy__2025_09_28_14_40_01__000111805,tyy,2025_09_28_14_40_01,pre2_label2_old_main,session_level_split,train,structure_best,0.6451696753501892,1.4992389678955078,0.8238670229911804,0.6753719449043274,0.5495234853371296,1,0,0.6850000619888306,0.7400000048801303,0.4517238140106201,0,1,2,25,0,1,1,1,1,0,0,structure_best
vehicle_instability_allraw__tyy__2025_09_28_14_40_01__000126545__pre2_label2_old_main,vehicle_instability_allraw__tyy__2025_09_28_14_40_01__000126545,tyy,2025_09_28_14_40_01,pre2_label2_old_main,session_level_split,train,structure_best,0.8453388214111328,1.1780970096588135,0.09471333026885986,1.0833836793899536,0.08039518774119427,1,0,0.4750000238418579,1.9200000017881393,0.27450573444366455,0,1,2,0,0,1,0,0,0,1,0,structure_best
vehicle_instability_allraw__tyy__2025_09_28_14_40_01__000166465__pre2_label2_old_main,vehicle_instability_allraw__tyy__2025_09_28_14_40_01__000166465,tyy,2025_09_28_14_40_01,pre2_label2_old_main,session_level_split,train,structure_best,1.3405578136444092,2.684844970703125,1.4563490152359009,1.2284959554672241,0.542433187438194,1,0,0.0700000524520874,0.1450000060722232,2.0229615569114685,1,0,5,20,0,1,1,1,1,0,1,structure_best
vehicle_instability_allraw__tyy__2025_09_28_14_57_17__000072715__pre2_label2_old_main,vehicle_instability_allraw__tyy__2025_09_28_14_57_17__000072715,tyy,2025_09_28_14_57_17,pre2_label2_old_main,session_level_split,train,structure_best,0.4941018223762512,0.8190829753875732,0.8993374109268188,0.0802544355392456,1.097980837046785,1,0,0.15500009059906006,0.32500001322478056,0.10756552219390869,0,1,2,35,0,1,1,0,0,0,0,structure_best
vehicle_instability_allraw__tyy__2025_09_28_14_57_17__000106480__pre2_label2_old_main,vehicle_instability_allraw__tyy__2025_09_28_14_57_17__000106480,tyy,2025_09_28_14_57_17,pre2_label2_old_main,session_level_split,train,structure_best,0.6755408644676208,1.2756609916687012,1.2685571908950806,0.0071038007736206055,0.994431278513637,1,0,0.040000081062316895,0.4999999953433871,0.14420080184936523,0,1,4,65,0,1,1,0,0,0,0,structure_best
vehicle_instability_allraw__tyy__2025_09_28_14_57_17__000158715__pre2_label2_old_main,vehicle_instability_allraw__tyy__2025_09_28_14_57_17__000158715,tyy,2025_09_28_14_57_17,pre2_label2_old_main,session_level_split,train,structure_best,0.9904308319091797,1.2934600114822388,1.1954736709594727,0.09798634052276611,0.9242447855728614,1,0,0.039999961853027344,0.16000000666826963,0.0947268009185791,0,1,5,38,0,1,1,0,0,0,0,structure_best
vehicle_instability_allraw__tyy__2025_09_28_14_57_17__000226180__pre2_label2_old_main,vehicle_instability_allraw__tyy__2025_09_28_14_57_17__000226180,tyy,2025_09_28_14_57_17,pre2_label2_old_main,session_level_split,train,structure_best,0.5818599462509155,0.9197889566421509,0.251773864030838,0.6680150926113129,0.2737300358008017,1,0,0.09000003337860107,0.0549999987706542,0.39723172783851624,0,1,2,10,0,1,1,0,0,1,0,structure_best
vehicle_instability_allraw__tyy__2025_09_28_14_57_17__000245865__pre2_label2_old_main,vehicle_instability_allraw__tyy__2025_09_28_14_57_17__000245865,tyy,2025_09_28_14_57_17,pre2_label2_old_main,session_level_split,train,structure_best,0.49446922540664673,0.6096464395523071,0.37267908453941345,0.23696735501289368,0.6113036349610927,1,0,0.4700000286102295,0.014999999664723873,0.24185240268707275,0,1,5,5,1,1,1,0,0,0,0,structure_best
vehicle_instability_allraw__tyy__2025_09_28_14_57_17__000269590__pre2_label2_old_main,vehicle_instability_allraw__tyy__2025_09_28_14_57_17__000269590,tyy,2025_09_28_14_57_17,pre2_label2_old_main,session_level_split,train,structure_best,0.8855687379837036,1.8472609519958496,0.5710395574569702,1.2762213945388794,0.30912771519367516,1,0,0.26499998569488525,1.0900000287219882,0.9392685294151306,1,1,4,11,0,1,1,1,0,1,1,structure_best
vehicle_instability_allraw__tyy__2025_09_28_14_57_17__000282555__pre2_label2_old_main,vehicle_instability_allraw__tyy__2025_09_28_14_57_17__000282555,tyy,2025_09_28_14_57_17,pre2_label2_old_main,session_level_split,train,structure_best,0.7218833565711975,0.9506852626800537,0.3831172585487366,0.5675680041313171,0.4029906359005714,1,0,0.2950000762939453,0.04500000085681677,0.3930565416812897,0,1,6,5,0,1,1,0,0,1,0,structure_best
vehicle_instability_allraw__tyy__2025_09_28_14_57_17__000402875__pre2_label2_old_main,vehicle_instability_allraw__tyy__2025_09_28_14_57_17__000402875,tyy,2025_09_28_14_57_17,pre2_label2_old_main,session_level_split,train,structure_best,1.475089192390442,1.7509119510650635,0.8471031188964844,0.9038088321685791,0.4838068061510457,0,1,1.3300000429153442,0.04000000189989805,0.5695598721504211,0,1,6,31,0,1,1,1,0,1,1,structure_best
vehicle_instability_allraw__tyy__2025_09_28_14_57_17__000427465__pre2_label2_old_main,vehicle_instability_allraw__tyy__2025_09_28_14_57_17__000427465,tyy,2025_09_28_14_57_17,pre2_label2_old_main,session_level_split,train,structure_best,0.04442847892642021,0.031059980392456055,0.04159335419535637,0.010533373802900314,1.339130085396277,0,1,1.6499999668449163,1.5650000525638461,0.033648792654275894,1,1,1,0,0,0,0,0,0,0,0,structure_best
vehicle_instability_allraw__xst__2025_09_26_11_34_18__000146145__pre2_label2_old_main,vehicle_instability_allraw__xst__2025_09_26_11_34_18__000146145,xst,2025_09_26_11_34_18,pre2_label2_old_main,session_level_split,train,structure_best,0.36118414998054504,1.3625750541687012,0.7941893339157104,0.5683857202529907,0.5828591470876741,1,0,0.41999995708465576,0.10000002384185791,0.434123694896698,0,0,3,13,0,1,1,0,0,0,0,structure_best
vehicle_instability_allraw__xst__2025_09_26_11_34_18__000342415__pre2_label2_old_main,vehicle_instability_allraw__xst__2025_09_26_11_34_18__000342415,xst,2025_09_26_11_34_18,pre2_label2_old_main,session_level_split,train,structure_best,0.6453420519828796,1.2904969453811646,0.5088165402412415,0.7816804051399231,0.39427953864002063,1,0,0.15500009059906006,0.46999999415129423,0.7330284118652344,1,1,2,6,0,1,1,0,0,1,0,structure_best
vehicle_instability_allraw__xst__2025_09_26_11_34_18__000697400__pre2_label2_old_main,vehicle_instability_allraw__xst__2025_09_26_11_34_18__000697400,xst,2025_09_26_11_34_18,pre2_label2_old_main,session_level_split,train,structure_best,0.2746371924877167,0.19582602381706238,0.27550992369651794,0.07968389987945557,1.4069116980789798,0,1,1.1299999952316284,0.07000000309199095,0.30864934623241425,1,0,0,2,0,0,1,0,0,0,0,structure_best
vehicle_instability_allraw__yyl__2025_09_28_09_14_23__000110400__pre2_label2_old_main,vehicle_instability_allraw__yyl__2025_09_28_09_14_23__000110400,yyl,2025_09_28_09_14_23,pre2_label2_old_main,session_level_split,train,structure_best,1.1235733032226562,2.381324052810669,0.7489503026008606,1.6323737502098083,0.31451003139067824,1,0,0.04999995231628418,0.27999999653548,1.6344382762908936,1,1,1,17,0,0,1,1,0,1,1,structure_best
vehicle_instability_allraw__yyl__2025_09_28_09_14_23__000137185__pre2_label2_old_main,vehicle_instability_allraw__yyl__2025_09_28_09_14_23__000137185,yyl,2025_09_28_09_14_23,pre2_label2_old_main,session_level_split,train,structure_best,0.19745033979415894,0.7141889929771423,0.4284663498401642,0.28572264313697815,0.5999341267555454,1,0,1.0600000619888306,0.09999999683350325,0.18931016325950623,0,0,2,0,0,1,0,0,0,0,0,structure_best
vehicle_instability_allraw__yyl__2025_09_28_09_14_23__000162835__pre2_label2_old_main,vehicle_instability_allraw__yyl__2025_09_28_09_14_23__000162835,yyl,2025_09_28_09_14_23,pre2_label2_old_main,session_level_split,train,structure_best,0.4759814739227295,0.6445500254631042,0.113798126578331,0.5307518988847733,0.17655437449803515,0,1,1.3600000739097595,1.935000006109476,0.1171763688325882,0,1,4,0,0,1,0,0,0,1,0,structure_best
vehicle_instability_allraw__yyl__2025_09_28_09_14_23__000221950__pre2_label2_old_main,vehicle_instability_allraw__yyl__2025_09_28_09_14_23__000221950,yyl,2025_09_28_09_14_23,pre2_label2_old_main,session_level_split,train,structure_best,0.2854449450969696,0.8480550050735474,0.9494346380233765,0.1013796329498291,1.119543699811119,1,0,0.14499998092651367,1.0249999715015292,0.11726939678192139,0,1,3,82,0,1,1,0,0,0,0,structure_best
vehicle_instability_allraw__yyl__2025_09_28_09_14_23__000431885__pre2_label2_old_main,vehicle_instability_allraw__yyl__2025_09_28_09_14_23__000431885,yyl,2025_09_28_09_14_23,pre2_label2_old_main,session_level_split,train,structure_best,0.6099303364753723,1.0599390268325806,0.5137172341346741,0.5462217926979065,0.48466677905975125,1,0,0.33000004291534424,0.18999999295920134,0.5044318437576294,0,1,2,39,0,1,1,0,0,1,0,structure_best
vehicle_instability_allraw__yyl__2025_09_28_09_14_23__000487260__pre2_label2_old_main,vehicle_instability_allraw__yyl__2025_09_28_09_14_23__000487260,yyl,2025_09_28_09_14_23,pre2_label2_old_main,session_level_split,train,structure_best,0.1308385133743286,0.19285890460014343,0.13832987844944,0.05452902615070343,0.7172594842651466,1,0,1.8549999445676804,0.06500000040978193,0.18607277981936932,1,1,1,37,0,0,1,0,0,0,0,structure_best
vehicle_instability_allraw__yyl__2025_09_28_09_14_23__000516925__pre2_label2_old_main,vehicle_instability_allraw__yyl__2025_09_28_09_14_23__000516925,yyl,2025_09_28_09_14_23,pre2_label2_old_main,session_level_split,train,structure_best,0.5296750068664551,1.0302679538726807,0.7100496292114258,0.3202183246612549,0.6891892798785169,1,0,0.059999942779541016,1.0449999524280429,0.32211923599243164,0,1,1,6,0,0,1,0,0,0,0,structure_best
vehicle_instability_allraw__yyl__2025_09_28_09_14_23__000568235__pre2_label2_old_main,vehicle_instability_allraw__yyl__2025_09_28_09_14_23__000568235,yyl,2025_09_28_09_14_23,pre2_label2_old_main,session_level_split,train,structure_best,0.9094460010528564,1.8100833892822266,0.5759954452514648,1.2340879440307617,0.31821486715033115,1,0,0.4750000238418579,0.24999999534338713,1.2390774488449097,1,1,1,20,0,0,1,1,0,1,1,structure_best
vehicle_instability_allraw__yyl__2025_09_28_09_14_23__000712505__pre2_label2_old_main,vehicle_instability_allraw__yyl__2025_09_28_09_14_23__000712505,yyl,2025_09_28_09_14_23,pre2_label2_old_main,session_level_split,train,structure_best,0.6649344563484192,1.0152580738067627,0.02955939620733261,0.9856986775994301,0.02911515502309489,0,1,0.41499996185302734,1.9200000017881393,1.0100960675626993,1,1,2,14,0,1,1,0,0,1,0,structure_best
vehicle_instability_allraw__yyl__2025_09_28_09_14_23__000748255__pre2_label2_old_main,vehicle_instability_allraw__yyl__2025_09_28_09_14_23__000748255,yyl,2025_09_28_09_14_23,pre2_label2_old_main,session_level_split,train,structure_best,0.38720694184303284,0.7560794949531555,0.38355615735054016,0.37252333760261536,0.5072960712607398,0,1,0.9249999523162842,1.259999985806644,1.1268939077854156,1,1,4,0,0,1,0,0,0,0,0,structure_best
vehicle_instability_allraw__yyl__2025_09_28_09_29_01__000104675__pre2_label2_old_main,vehicle_instability_allraw__yyl__2025_09_28_09_29_01__000104675,yyl,2025_09_28_09_29_01,pre2_label2_old_main,session_level_split,train,structure_best,0.6172844171524048,1.2456419467926025,0.8356745839118958,0.4099673628807068,0.6708786470009863,1,0,0.04999995231628418,0.975000019185245,0.4118242859840393,0,1,1,22,0,0,1,0,0,0,0,structure_best
vehicle_instability_allraw__yyl__2025_09_28_09_29_01__000148435__pre2_label2_old_main,vehicle_instability_allraw__yyl__2025_09_28_09_29_01__000148435,yyl,2025_09_28_09_29_01,pre2_label2_old_main,session_level_split,train,structure_best,0.13080577552318573,0.8963969945907593,0.8467432260513306,0.04965376853942871,0.9446073906549658,1,0,0.5199999809265137,0.24999999534338713,0.10582530498504639,0,0,4,19,0,1,1,0,0,0,0,structure_best
vehicle_instability_allraw__yyl__2025_09_28_09_29_01__000179185__pre2_label2_old_main,vehicle_instability_allraw__yyl__2025_09_28_09_29_01__000179185,yyl,2025_09_28_09_29_01,pre2_label2_old_main,session_level_split,train,structure_best,0.31280311942100525,0.8098329901695251,0.4419040381908417,0.36792895197868347,0.5456730505611241,1,0,0.49000000953674316,0.34499999415129423,0.6816113144159317,1,1,1,22,0,0,1,0,0,0,0,structure_best
vehicle_instability_allraw__yyl__2025_09_28_09_29_01__000210525__pre2_label2_old_main,vehicle_instability_allraw__yyl__2025_09_28_09_29_01__000210525,yyl,2025_09_28_09_29_01,pre2_label2_old_main,session_level_split,train,structure_best,0.29304754734039307,0.6532766819000244,0.31197434663772583,0.3413023352622986,0.47755316435046047,1,0,0.4750000238418579,0.4850000096485019,0.3508225083351135,1,1,3,85,0,1,1,0,0,1,0,structure_best
vehicle_instability_allraw__yyl__2025_09_28_09_29_01__000235890__pre2_label2_old_main,vehicle_instability_allraw__yyl__2025_09_28_09_29_01__000235890,yyl,2025_09_28_09_29_01,pre2_label2_old_main,session_level_split,train,structure_best,0.48169901967048645,1.2801971435546875,0.4142392575740814,0.8659578859806061,0.3235745835394343,1,0,0.43000006675720215,1.4049999667331576,0.8719296753406525,1,1,2,35,0,1,1,0,0,1,0,structure_best
vehicle_instability_allraw__yyl__2025_09_28_09_29_01__000252350__pre2_label2_old_main,vehicle_instability_allraw__yyl__2025_09_28_09_29_01__000252350,yyl,2025_09_28_09_29_01,pre2_label2_old_main,session_level_split,train,structure_best,0.5299157500267029,1.259079933166504,0.7217956185340881,0.5372843146324158,0.5732722756678515,1,0,0.11500000953674316,0.8050000024959445,0.511404812335968,0,1,2,8,0,1,1,0,0,0,0,structure_best
vehicle_instability_allraw__yyl__2025_09_28_09_29_01__000293785__pre2_label2_old_main,vehicle_instability_allraw__yyl__2025_09_28_09_29_01__000293785,yyl,2025_09_28_09_29_01,pre2_label2_old_main,session_level_split,train,structure_best,0.09209750592708588,0.372976690530777,0.2715557813644409,0.10142090916633606,0.7280770843293032,1,0,0.48000001907348633,0.28499999176710844,0.03754201531410217,0,0,1,19,0,0,1,0,0,0,0,structure_best
vehicle_instability_allraw__yyl__2025_09_28_09_29_01__000324915__pre2_label2_old_main,vehicle_instability_allraw__yyl__2025_09_28_09_29_01__000324915,yyl,2025_09_28_09_29_01,pre2_label2_old_main,session_level_split,train,structure_best,0.5487187504768372,1.1585489511489868,0.22503775358200073,0.9335111975669861,0.19424104036244677,1,0,1.9900000002235174,1.880000002682209,0.9404408931732178,1,1,1,4,0,0,1,0,0,1,0,structure_best
vehicle_instability_allraw__yyl__2025_09_28_09_29_01__000357555__pre2_label2_old_main,vehicle_instability_allraw__yyl__2025_09_28_09_29_01__000357555,yyl,2025_09_28_09_29_01,pre2_label2_old_main,session_level_split,train,structure_best,0.5854803323745728,1.211084008216858,0.45854413509368896,0.752539873123169,0.3786228964981772,1,0,0.039999961853027344,0.4999999953433871,0.7532354295253754,1,1,1,0,0,0,0,0,0,1,0,structure_best
vehicle_instability_allraw__yyl__2025_09_28_09_29_01__000380585__pre2_label2_old_main,vehicle_instability_allraw__yyl__2025_09_28_09_29_01__000380585,yyl,2025_09_28_09_29_01,pre2_label2_old_main,session_level_split,train,structure_best,0.5818436741828918,1.3021910190582275,0.3110750913619995,0.991115927696228,0.23888591367108006,1,0,0.3400000333786011,1.1249999953433871,0.9705670773983002,1,1,2,9,0,1,1,0,0,1,0,structure_best
vehicle_instability_allraw__yyl__2025_09_28_09_29_01__000449070__pre2_label2_old_main,vehicle_instability_allraw__yyl__2025_09_28_09_29_01__000449070,yyl,2025_09_28_09_29_01,pre2_label2_old_main,session_level_split,train,structure_best,0.4319779574871063,1.127134084701538,0.5895909070968628,0.5375431776046753,0.5230885261117667,1,0,0.25,0.6999999834224582,0.35740238428115845,0,1,1,0,0,0,0,0,0,0,0,structure_best
vehicle_instability_allraw__yyl__2025_09_28_09_29_01__000514465__pre2_label2_old_main,vehicle_instability_allraw__yyl__2025_09_28_09_29_01__000514465,yyl,2025_09_28_09_29_01,pre2_label2_old_main,session_level_split,train,structure_best,0.8481603264808655,2.017595052719116,0.5350218415260315,1.4825732111930847,0.2651780102280592,1,0,0.2549999952316284,1.1150000048801303,1.2953753471374512,1,1,2,7,0,1,1,1,0,1,1,structure_best
vehicle_instability_allraw__yyl__2025_09_28_09_29_01__000542080__pre2_label2_old_main,vehicle_instability_allraw__yyl__2025_09_28_09_29_01__000542080,yyl,2025_09_28_09_29_01,pre2_label2_old_main,session_level_split,train,structure_best,0.5024382472038269,1.2936382293701172,0.2624804675579071,1.03115776181221,0.20290098236020046,1,0,0.059999942779541016,0.9000000357627869,1.032002031803131,1,1,1,0,0,0,0,0,0,1,0,structure_best
vehicle_instability_allraw__yyl__2025_09_28_09_39_01__000144355__pre2_label2_old_main,vehicle_instability_allraw__yyl__2025_09_28_09_39_01__000144355,yyl,2025_09_28_09_39_01,pre2_label2_old_main,session_level_split,train,structure_best,0.5570176839828491,1.840968132019043,1.2844496965408325,0.5565184354782104,0.6977033845404697,1,0,0.36500000953674316,0.600000019185245,0.5434346199035645,0,0,3,13,0,1,1,1,1,0,1,structure_best
vehicle_instability_allraw__yyl__2025_09_28_09_39_01__000163950__pre2_label2_old_main,vehicle_instability_allraw__yyl__2025_09_28_09_39_01__000163950,yyl,2025_09_28_09_39_01,pre2_label2_old_main,session_level_split,train,structure_best,0.5321162939071655,0.6791074275970459,0.6841869950294495,0.0050795674324035645,1.0074797701011415,1,0,0.25500011444091797,1.1100000096485019,0.030093491077423096,0,1,3,8,0,1,1,0,0,0,0,structure_best
vehicle_instability_allraw__yyl__2025_09_28_09_39_01__000291795__pre2_label2_old_main,vehicle_instability_allraw__yyl__2025_09_28_09_39_01__000291795,yyl,2025_09_28_09_39_01,pre2_label2_old_main,session_level_split,train,structure_best,0.4185565114021301,0.8829619884490967,0.25107651948928833,0.6318854689598083,0.28435711024242244,1,0,0.29499995708465576,0.6099999770522118,0.5714974999427795,1,1,2,17,0,1,1,0,0,1,0,structure_best
vehicle_instability_allraw__yyl__2025_09_28_09_39_01__000375965__pre2_label2_old_main,vehicle_instability_allraw__yyl__2025_09_28_09_39_01__000375965,yyl,2025_09_28_09_39_01,pre2_label2_old_main,session_level_split,train,structure_best,0.6148057579994202,1.5273334980010986,0.43210217356681824,1.0952313244342804,0.2829127850154095,1,0,0.4650000333786011,1.2499999953433871,1.0998173356056213,1,1,1,12,0,0,1,1,0,1,1,structure_best
vehicle_instability_allraw__yyl__2025_09_28_09_39_01__000440640__pre2_label2_old_main,vehicle_instability_allraw__yyl__2025_09_28_09_39_01__000440640,yyl,2025_09_28_09_39_01,pre2_label2_old_main,session_level_split,train,structure_best,0.4155879616737366,0.29461100697517395,0.5476795434951782,0.2530685365200043,1.8589921303969803,1,0,0.35500001907348633,0.7150000287219882,0.3504626750946045,1,1,2,1,0,1,0,0,0,0,0,structure_best
vehicle_instability_allraw__yyl__2025_09_28_09_39_01__000513705__pre2_label2_old_main,vehicle_instability_allraw__yyl__2025_09_28_09_39_01__000513705,yyl,2025_09_28_09_39_01,pre2_label2_old_main,session_level_split,train,structure_best,0.5467356443405151,1.082103967666626,0.31218546628952026,0.7699185013771057,0.2884985875827582,1,0,0.19000005722045898,0.1149999974295497,0.7100117206573486,1,1,2,7,0,1,1,0,0,1,0,structure_best
vehicle_instability_allraw__yzy__2025_09_27_14_13_03__000183010__pre2_label2_old_main,vehicle_instability_allraw__yzy__2025_09_27_14_13_03__000183010,yzy,2025_09_27_14_13_03,pre2_label2_old_main,session_level_split,train,structure_best,0.26439765095710754,1.3213930130004883,1.1856833696365356,0.13570964336395264,0.8972980468121315,1,0,0.21000003814697266,0.28499999176710844,0.13709795475006104,0,0,4,12,0,1,1,0,0,0,0,structure_best
vehicle_instability_allraw__yzy__2025_09_27_14_13_03__000195245__pre2_label2_old_main,vehicle_instability_allraw__yzy__2025_09_27_14_13_03__000195245,yzy,2025_09_27_14_13_03,pre2_label2_old_main,session_level_split,train,structure_best,0.37183892726898193,0.4152141809463501,0.08768074214458466,0.32753343880176544,0.21116991222396111,0,1,0.7000000476837158,0.23499999474734068,0.4452226907014847,1,0,2,0,0,1,0,0,0,1,0,structure_best
vehicle_instability_allraw__yzy__2025_09_27_14_13_03__000211685__pre2_label2_old_main,vehicle_instability_allraw__yzy__2025_09_27_14_13_03__000211685,yzy,2025_09_27_14_13_03,pre2_label2_old_main,session_level_split,train,structure_best,0.25073903799057007,0.3551747798919678,0.08228880912065506,0.2728859707713127,0.23168539485175313,1,0,0.040000081062316895,0.23499999940395355,0.24825314432382584,1,1,2,22,0,1,1,0,0,1,0,structure_best
vehicle_instability_allraw__yzy__2025_09_27_14_13_03__000216065__pre2_label2_old_main,vehicle_instability_allraw__yzy__2025_09_27_14_13_03__000216065,yzy,2025_09_27_14_13_03,pre2_label2_old_main,session_level_split,train,structure_best,1.0323220491409302,1.9814766645431519,0.6873867511749268,1.294089913368225,0.34690630653145255,1,0,0.21000003814697266,0.2149999989196658,0.8452685475349426,0,1,2,13,0,1,1,1,0,1,1,structure_best
vehicle_instability_allraw__yzy__2025_09_27_14_13_03__000244230__pre2_label2_old_main,vehicle_instability_allraw__yzy__2025_09_27_14_13_03__000244230,yzy,2025_09_27_14_13_03,pre2_label2_old_main,session_level_split,train,structure_best,0.15350660681724548,0.380307137966156,0.3419432044029236,0.03836393356323242,0.8991238140614483,1,0,0.059999942779541016,0.31499999295920134,0.03946030139923096,0,0,2,0,0,1,0,0,0,0,0,structure_best
vehicle_instability_allraw__yzy__2025_09_27_14_13_03__000248860__pre2_label2_old_main,vehicle_instability_allraw__yzy__2025_09_27_14_13_03__000248860,yzy,2025_09_27_14_13_03,pre2_label2_old_main,session_level_split,train,structure_best,0.6318655610084534,1.9071259498596191,0.6747041344642639,1.2324218153953552,0.35378058513331434,1,0,0.059999942779541016,0.8999999715015292,1.234042227268219,1,1,3,12,0,1,1,1,0,1,1,structure_best
vehicle_instability_allraw__yzy__2025_09_27_14_13_03__000264885__pre2_label2_old_main,vehicle_instability_allraw__yzy__2025_09_27_14_13_03__000264885,yzy,2025_09_27_14_13_03,pre2_label2_old_main,session_level_split,train,structure_best,0.4337846040725708,1.5716689825057983,0.6546264290809631,0.9170425534248352,0.4165167324465844,1,0,0.059999942779541016,0.6499999715015292,0.917618989944458,1,0,2,1,0,1,0,1,0,1,1,structure_best
vehicle_instability_allraw__yzy__2025_09_27_14_13_03__000289460__pre2_label2_old_main,vehicle_instability_allraw__yzy__2025_09_27_14_13_03__000289460,yzy,2025_09_27_14_13_03,pre2_label2_old_main,session_level_split,train,structure_best,0.5369387269020081,1.3320350646972656,0.47996553778648376,0.8520695269107819,0.3603250023268468,1,0,0.059999942779541016,1.5249999715015292,0.8530703485012054,1,1,3,2,0,1,1,0,0,1,0,structure_best
vehicle_instability_allraw__yzy__2025_09_27_14_13_03__000348115__pre2_label2_old_main,vehicle_instability_allraw__yzy__2025_09_27_14_13_03__000348115,yzy,2025_09_27_14_13_03,pre2_label2_old_main,session_level_split,train,structure_best,0.11252102255821228,0.2520256042480469,0.19096755981445312,0.06105804443359375,0.7577307884420361,1,0,1.1549999713897705,0.049999999813735485,0.07909196615219116,0,0,2,19,0,1,1,0,0,0,0,structure_best
vehicle_instability_allraw__yzy__2025_09_27_14_13_03__000407925__pre2_label2_old_main,vehicle_instability_allraw__yzy__2025_09_27_14_13_03__000407925,yzy,2025_09_27_14_13_03,pre2_label2_old_main,session_level_split,train,structure_best,1.1636488437652588,2.8658339977264404,0.2948707640171051,2.5709632337093353,0.10289178097930156,1,0,0.02500009536743164,1.1150000095367432,2.242835372686386,1,1,4,0,0,1,0,1,0,1,1,structure_best
vehicle_instability_allraw__yzy__2025_09_27_14_13_03__000418350__pre2_label2_old_main,vehicle_instability_allraw__yzy__2025_09_27_14_13_03__000418350,yzy,2025_09_27_14_13_03,pre2_label2_old_main,session_level_split,train,structure_best,0.23992367088794708,0.9646401405334473,0.16670648753643036,0.7979336529970169,0.1728172823538542,1,0,0.4750000238418579,0.1950000524520874,0.7992656826972961,1,1,1,0,0,0,0,0,0,1,0,structure_best
vehicle_instability_allraw__yzy__2025_09_27_14_13_03__000455460__pre2_label2_old_main,vehicle_instability_allraw__yzy__2025_09_27_14_13_03__000455460,yzy,2025_09_27_14_13_03,pre2_label2_old_main,session_level_split,train,structure_best,0.7054818868637085,1.5606759786605835,0.6060635447502136,0.9546124339103699,0.3883339995213834,1,0,0.07500004768371582,0.19500000309199095,0.7344729900360107,0,1,2,45,0,1,1,1,0,1,1,structure_best
vehicle_instability_allraw__yzy__2025_09_27_14_13_03__000511905__pre2_label2_old_main,vehicle_instability_allraw__yzy__2025_09_27_14_13_03__000511905,yzy,2025_09_27_14_13_03,pre2_label2_old_main,session_level_split,train,structure_best,1.0462158918380737,0.6581609845161438,0.931542694568634,0.27338171005249023,1.4153720996595849,0,1,0.4100000858306885,0.7900000168010592,1.0966023802757263,1,1,6,10,0,1,1,0,0,0,0,structure_best
vehicle_instability_allraw__yzy__2025_09_27_14_13_03__000524525__pre2_label2_old_main,vehicle_instability_allraw__yzy__2025_09_27_14_13_03__000524525,yzy,2025_09_27_14_13_03,pre2_label2_old_main,session_level_split,train,structure_best,0.6146259307861328,1.4873669147491455,0.40937718749046326,1.0779897272586823,0.2752361797421771,1,0,0.059999942779541016,1.350000019185245,1.0788057744503021,1,1,3,0,0,1,0,1,0,1,0,structure_best
vehicle_instability_allraw__yzy__2025_09_27_14_13_03__000543975__pre2_label2_old_main,vehicle_instability_allraw__yzy__2025_09_27_14_13_03__000543975,yzy,2025_09_27_14_13_03,pre2_label2_old_main,session_level_split,train,structure_best,0.6208896636962891,1.4411189556121826,0.7213899493217468,0.7197290062904358,0.5005762685394023,1,0,0.0549999475479126,1.0199999762699008,0.7211533784866333,1,1,3,4,0,1,1,1,1,0,0,structure_best
vehicle_instability_allraw__yzy__2025_09_27_14_13_03__000573090__pre2_label2_old_main,vehicle_instability_allraw__yzy__2025_09_27_14_13_03__000573090,yzy,2025_09_27_14_13_03,pre2_label2_old_main,session_level_split,train,structure_best,0.09732279181480408,0.26249799132347107,0.1785784512758255,0.08391954004764557,0.6803040677586245,1,0,1.4800000097602606,0.6249999953433871,0.00461927056312561,0,0,3,0,0,1,0,0,0,0,0,structure_best
vehicle_instability_allraw__yzy__2025_09_27_14_13_03__000611730__pre2_label2_old_main,vehicle_instability_allraw__yzy__2025_09_27_14_13_03__000611730,yzy,2025_09_27_14_13_03,pre2_label2_old_main,session_level_split,train,structure_best,0.1633521467447281,0.510159969329834,0.3563990592956543,0.1537609100341797,0.6986025574759109,1,0,1.14000004529953,0.08000000100582838,0.34594806283712387,1,1,2,0,0,1,0,0,0,0,0,structure_best
vehicle_instability_allraw__yzy__2025_09_27_15_04_26__000063290__pre2_label2_old_main,vehicle_instability_allraw__yzy__2025_09_27_15_04_26__000063290,yzy,2025_09_27_15_04_26,pre2_label2_old_main,session_level_split,train,structure_best,0.5377869606018066,1.0765190124511719,0.33980387449264526,0.7367151379585266,0.31565060213746843,1,0,1.9900000002235174,0.12499999534338713,0.7387471199035645,1,1,1,31,0,0,1,0,0,1,0,structure_best
vehicle_instability_allraw__yzy__2025_09_27_15_07_57__000086015__pre2_label2_old_main,vehicle_instability_allraw__yzy__2025_09_27_15_07_57__000086015,yzy,2025_09_27_15_07_57,pre2_label2_old_main,session_level_split,train,structure_best,0.23395021259784698,0.27488937973976135,0.41043949127197266,0.1355501115322113,1.493107851822202,1,0,0.4100000858306885,0.2400000048801303,0.22961102426052094,1,0,1,1,1,0,0,0,0,0,0,structure_best
vehicle_instability_allraw__yzy__2025_09_27_15_07_57__000130900__pre2_label2_old_main,vehicle_instability_allraw__yzy__2025_09_27_15_07_57__000130900,yzy,2025_09_27_15_07_57,pre2_label2_old_main,session_level_split,train,structure_best,0.8442859053611755,0.42969998717308044,0.8850162029266357,0.4553162157535553,2.0596142176987238,0,1,0.04999995231628418,0.38499998580664396,1.3128583133220673,1,1,1,27,0,0,1,0,0,0,0,structure_best
vehicle_instability_allraw__yzy__2025_09_27_15_07_57__000162845__pre2_label2_old_main,vehicle_instability_allraw__yzy__2025_09_27_15_07_57__000162845,yzy,2025_09_27_15_07_57,pre2_label2_old_main,session_level_split,train,structure_best,0.6050956845283508,1.1686729192733765,0.411839097738266,0.7568338215351105,0.35239893981142933,1,0,0.1950000524520874,0.26500001084059477,0.5916139781475067,1,1,2,26,0,1,1,0,0,1,0,structure_best
vehicle_instability_allraw__yzy__2025_09_27_15_07_57__000200590__pre2_label2_old_main,vehicle_instability_allraw__yzy__2025_09_27_15_07_57__000200590,yzy,2025_09_27_15_07_57,pre2_label2_old_main,session_level_split,train,structure_best,0.9190396666526794,2.389359712600708,0.6693677306175232,1.7199919819831848,0.28014523183240053,1,0,0.059999942779541016,1.2899999571964145,1.721301257610321,1,1,5,8,0,1,1,1,0,1,1,structure_best
vehicle_instability_allraw__yzy__2025_09_27_15_07_57__000212890__pre2_label2_old_main,vehicle_instability_allraw__yzy__2025_09_27_15_07_57__000212890,yzy,2025_09_27_15_07_57,pre2_label2_old_main,session_level_split,train,structure_best,0.2218828946352005,0.12985992431640625,0.26683667302131653,0.13697674870491028,2.054803854429822,1,0,0.48000001907348633,0.049999999813735485,0.13559794425964355,1,1,1,0,0,0,0,0,0,0,0,structure_best
vehicle_instability_allraw__yzy__2025_09_27_15_07_57__000221360__pre2_label2_old_main,vehicle_instability_allraw__yzy__2025_09_27_15_07_57__000221360,yzy,2025_09_27_15_07_57,pre2_label2_old_main,session_level_split,train,structure_best,0.44901248812675476,1.1726858615875244,0.07078080624341965,1.1019050553441048,0.06035785760015907,1,0,0.4950000047683716,1.7050000131130219,1.1042378544807434,1,1,1,0,0,0,0,0,0,1,0,structure_best
vehicle_instability_allraw__yzy__2025_09_27_15_07_57__000251245__pre2_label2_old_main,vehicle_instability_allraw__yzy__2025_09_27_15_07_57__000251245,yzy,2025_09_27_15_07_57,pre2_label2_old_main,session_level_split,train,structure_best,0.6672369241714478,0.9065240621566772,0.5512561798095703,0.35526788234710693,0.6080987839397197,1,0,0.1650000810623169,0.17500000726431608,0.31969988346099854,0,1,2,1,0,1,0,0,0,0,0,structure_best
vehicle_instability_allraw__yzy__2025_09_27_15_07_57__000292475__pre2_label2_old_main,vehicle_instability_allraw__yzy__2025_09_27_15_07_57__000292475,yzy,2025_09_27_15_07_57,pre2_label2_old_main,session_level_split,train,structure_best,0.2602631151676178,0.4471539855003357,0.07338416576385498,0.3737698197364807,0.1641138581863314,1,0,1.985000004991889,1.790000006556511,0.37975628674030304,1,1,1,4,0,0,1,0,0,1,0,structure_best
vehicle_instability_allraw__yzy__2025_09_27_15_07_57__000328880__pre2_label2_old_main,vehicle_instability_allraw__yzy__2025_09_27_15_07_57__000328880,yzy,2025_09_27_15_07_57,pre2_label2_old_main,session_level_split,train,structure_best,0.41255611181259155,0.9054773449897766,0.49302008748054504,0.41245725750923157,0.5444863863337316,1,0,0.42500007152557373,0.16500000189989805,0.09218209981918335,0,1,2,0,0,1,0,0,0,0,0,structure_best
vehicle_instability_allraw__yzy__2025_09_27_15_07_57__000352710__pre2_label2_old_main,vehicle_instability_allraw__yzy__2025_09_27_15_07_57__000352710,yzy,2025_09_27_15_07_57,pre2_label2_old_main,session_level_split,train,structure_best,0.28702014684677124,0.4656536281108856,0.48023077845573425,0.014577150344848633,1.0313047068998191,1,0,0.40000009536743164,0.7450000001117587,0.08599719405174255,0,1,3,1,0,1,0,0,0,0,0,structure_best
vehicle_instability_allraw__yzy__2025_09_27_15_07_57__000358900__pre2_label2_old_main,vehicle_instability_allraw__yzy__2025_09_27_15_07_57__000358900,yzy,2025_09_27_15_07_57,pre2_label2_old_main,session_level_split,train,structure_best,0.938443124294281,1.4224441051483154,0.8749468326568604,0.5474972724914551,0.6151010289192568,1,0,0.7600001096725464,0.08000000100582838,0.3504519462585449,0,1,2,10,0,1,1,1,1,0,0,structure_best
vehicle_instability_allraw__yzy__2025_09_27_15_07_57__000379050__pre2_label2_old_main,vehicle_instability_allraw__yzy__2025_09_27_15_07_57__000379050,yzy,2025_09_27_15_07_57,pre2_label2_old_main,session_level_split,train,structure_best,0.41037917137145996,0.842993974685669,0.3639119863510132,0.47908198833465576,0.4316899020383944,1,0,0.06999993324279785,0.1500000013038516,0.22271892428398132,0,1,3,9,0,1,1,0,0,1,0,structure_best
vehicle_instability_allraw__yzy__2025_09_27_15_07_57__000447025__pre2_label2_old_main,vehicle_instability_allraw__yzy__2025_09_27_15_07_57__000447025,yzy,2025_09_27_15_07_57,pre2_label2_old_main,session_level_split,train,structure_best,0.28987592458724976,0.5797989964485168,0.507415235042572,0.07238376140594482,0.8751571460983512,1,0,0.40000009536743164,0.7749999715015292,0.07108783721923828,0,0,2,0,0,1,0,0,0,0,0,structure_best
vehicle_instability_allraw__zdq__2025_09_26_15_14_51__000059525__pre2_label2_old_main,vehicle_instability_allraw__zdq__2025_09_26_15_14_51__000059525,zdq,2025_09_26_15_14_51,pre2_label2_old_main,session_level_split,train,structure_best,0.546663761138916,1.5605031251907349,0.2555505037307739,1.304952621459961,0.16376160970490775,1,0,1.7150000240653753,1.0400000214576721,0.02223268151283264,0,0,3,85,0,1,1,1,0,1,1,structure_best
vehicle_instability_allraw__zdq__2025_09_26_15_14_51__000154090__pre2_label2_old_main,vehicle_instability_allraw__zdq__2025_09_26_15_14_51__000154090,zdq,2025_09_26_15_14_51,pre2_label2_old_main,session_level_split,train,structure_best,1.1203501224517822,4.011634826660156,1.544763207435608,2.4668716192245483,0.3850707440192616,1,0,1.4150000214576721,0.025000005960464478,2.5140037536621094,1,0,2,19,0,1,1,1,0,1,1,structure_best
vehicle_instability_allraw__zdq__2025_09_26_15_14_51__000239960__pre2_label2_old_main,vehicle_instability_allraw__zdq__2025_09_26_15_14_51__000239960,zdq,2025_09_26_15_14_51,pre2_label2_old_main,session_level_split,train,structure_best,2.511291265487671,5.009788990020752,1.0296030044555664,3.9801859855651855,0.20551823769553645,1,0,0.24500000476837158,0.814999982714653,2.4082969427108765,0,1,2,40,0,1,1,1,0,1,1,structure_best
vehicle_instability_allraw__zdq__2025_09_26_15_14_51__000251485__pre2_label2_old_main,vehicle_instability_allraw__zdq__2025_09_26_15_14_51__000251485,zdq,2025_09_26_15_14_51,pre2_label2_old_main,session_level_split,train,structure_best,0.2018677145242691,0.7344398498535156,0.7218314409255981,0.01260840892791748,0.9828326187223743,1,0,0.20999997854232788,0.05999999772757292,0.17498338222503662,0,0,1,0,0,0,0,0,0,0,0,structure_best
vehicle_instability_allraw__zdq__2025_09_26_15_14_51__000265140__pre2_label2_old_main,vehicle_instability_allraw__zdq__2025_09_26_15_14_51__000265140,zdq,2025_09_26_15_14_51,pre2_label2_old_main,session_level_split,train,structure_best,1.0025972127914429,0.03926992416381836,1.0181199312210083,0.9788500070571899,25.926200594985126,1,0,0.04500001668930054,0.2100000036880374,1.0381145477294922,1,1,1,0,0,0,0,0,0,0,0,structure_best
vehicle_instability_allraw__zdq__2025_09_26_15_21_51__000231945__pre2_label2_old_main,vehicle_instability_allraw__zdq__2025_09_26_15_21_51__000231945,zdq,2025_09_26_15_21_51,pre2_label2_old_main,session_level_split,train,structure_best,0.2882643938064575,0.48520177602767944,0.4603305160999298,0.024871259927749634,0.9487403773923309,1,0,0.5900000333786011,0.6650000168010592,0.05378863215446472,0,1,4,0,0,1,0,0,0,0,0,structure_best
vehicle_instability_allraw__zdq__2025_09_26_15_27_09__000048660__pre2_label2_old_main,vehicle_instability_allraw__zdq__2025_09_26_15_27_09__000048660,zdq,2025_09_26_15_27_09,pre2_label2_old_main,session_level_split,train,structure_best,0.11912082135677338,0.23335085809230804,0.24173125624656677,0.008380398154258728,1.0359132947818157,1,0,0.3450000286102295,0.28999998699873686,0.00829160213470459,0,1,6,149,0,1,1,0,0,0,0,structure_best
vehicle_instability_allraw__zdq__2025_09_26_15_27_09__000052510__pre2_label2_old_main,vehicle_instability_allraw__zdq__2025_09_26_15_27_09__000052510,zdq,2025_09_26_15_27_09,pre2_label2_old_main,session_level_split,train,structure_best,0.7454429864883423,1.880071997642517,0.6910962462425232,1.188975751399994,0.3675903088334442,1,0,0.029999971389770508,0.8749999953433871,1.1842433214187622,1,1,4,10,0,1,1,1,0,1,1,structure_best
vehicle_instability_allraw__zdq__2025_09_26_15_27_09__000060750__pre2_label2_old_main,vehicle_instability_allraw__zdq__2025_09_26_15_27_09__000060750,zdq,2025_09_26_15_27_09,pre2_label2_old_main,session_level_split,train,structure_best,0.4498210549354553,0.7620109915733337,0.36392897367477417,0.39808201789855957,0.477590189248275,1,0,0.2950000762939453,0.3050000024959445,0.32912513613700867,0,1,6,22,0,1,1,0,0,1,0,structure_best
vehicle_instability_allraw__zdq__2025_09_26_15_27_09__000125200__pre2_label2_old_main,vehicle_instability_allraw__zdq__2025_09_26_15_27_09__000125200,zdq,2025_09_26_15_27_09,pre2_label2_old_main,session_level_split,train,structure_best,0.40560415387153625,1.1269614696502686,0.6003325581550598,0.5266289114952087,0.5327001626252242,1,0,0.9300000667572021,0.625,0.027620971202850342,0,1,5,9,0,1,1,0,0,0,0,structure_best
vehicle_instability_allraw__zdq__2025_09_26_15_27_09__000218190__pre2_label2_old_main,vehicle_instability_allraw__zdq__2025_09_26_15_27_09__000218190,zdq,2025_09_26_15_27_09,pre2_label2_old_main,session_level_split,train,structure_best,0.6608696579933167,1.2953839302062988,0.5633196234703064,0.7320643067359924,0.43486692272042765,1,0,0.5100001096725464,0.16000000666826963,0.08522301912307739,0,1,6,4,0,1,1,0,0,1,0,structure_best
vehicle_instability_allraw__zdq__2025_09_26_15_27_09__000273525__pre2_label2_old_main,vehicle_instability_allraw__zdq__2025_09_26_15_27_09__000273525,zdq,2025_09_26_15_27_09,pre2_label2_old_main,session_level_split,train,structure_best,0.350676566362381,0.049566999077796936,0.3838794231414795,0.33431242406368256,7.744657338221523,1,0,0.559999942779541,0.02000000048428774,0.3716624230146408,1,1,4,1,0,1,0,0,0,0,0,structure_best
vehicle_instability_allraw__zdq__2025_09_26_15_27_09__000420095__pre2_label2_old_main,vehicle_instability_allraw__zdq__2025_09_26_15_27_09__000420095,zdq,2025_09_26_15_27_09,pre2_label2_old_main,session_level_split,train,structure_best,0.8375810980796814,0.8121020197868347,0.7645301222801208,0.04757189750671387,0.9414212791648999,1,0,0.0549999475479126,0.2100000036880374,0.04941403865814209,0,1,3,8,0,1,1,0,0,0,0,structure_best
vehicle_instability_allraw__zdq__2025_09_26_15_27_09__000456530__pre2_label2_old_main,vehicle_instability_allraw__zdq__2025_09_26_15_27_09__000456530,zdq,2025_09_26_15_27_09,pre2_label2_old_main,session_level_split,train,structure_best,0.129877969622612,0.13404099643230438,0.06487882137298584,0.06916217505931854,0.4840222252880075,0,1,0.26999998092651367,0.37999999057501554,0.045943960547447205,0,1,1,3,0,0,1,0,0,1,0,structure_best
vehicle_instability_allraw__zdq__2025_09_26_15_37_30__000120990__pre2_label2_old_main,vehicle_instability_allraw__zdq__2025_09_26_15_37_30__000120990,zdq,2025_09_26_15_37_30,pre2_label2_old_main,session_level_split,train,structure_best,1.1003427505493164,3.2923922538757324,1.2152663469314575,2.077125906944275,0.369113475315972,1,0,0.11500000953674316,0.18000000715255737,1.8646153211593628,1,0,1,23,0,0,1,1,0,1,1,structure_best
vehicle_instability_allraw__zdq__2025_09_26_15_37_30__000178525__pre2_label2_old_main,vehicle_instability_allraw__zdq__2025_09_26_15_37_30__000178525,zdq,2025_09_26_15_37_30,pre2_label2_old_main,session_level_split,train,structure_best,0.2624150812625885,0.7794635891914368,0.2852667272090912,0.4941968619823456,0.3659782588497915,1,0,1.7849999573081732,1.2100000334903598,0.5059715807437897,1,0,7,58,0,1,1,0,0,1,0,structure_best
vehicle_instability_allraw__zdq__2025_09_26_15_37_30__000202020__pre2_label2_old_main,vehicle_instability_allraw__zdq__2025_09_26_15_37_30__000202020,zdq,2025_09_26_15_37_30,pre2_label2_old_main,session_level_split,train,structure_best,0.6408169269561768,0.9688320159912109,0.7612985372543335,0.20753347873687744,0.7857900282903532,1,0,0.03000009059906006,0.09999999683350325,0.19447189569473267,0,1,8,10,0,1,1,0,0,0,0,structure_best
vehicle_instability_allraw__zdq__2025_09_26_15_37_30__000251445__pre2_label2_old_main,vehicle_instability_allraw__zdq__2025_09_26_15_37_30__000251445,zdq,2025_09_26_15_37_30,pre2_label2_old_main,session_level_split,train,structure_best,0.16827033460140228,0.0989604964852333,0.21248209476470947,0.11352159827947617,2.147140549122201,1,0,0.0,0.17500000726431608,0.11352159827947617,1,1,2,27,0,1,1,0,0,0,0,structure_best
vehicle_instability_allraw__zdq__2025_09_26_15_37_30__000501995__pre2_label2_old_main,vehicle_instability_allraw__zdq__2025_09_26_15_37_30__000501995,zdq,2025_09_26_15_37_30,pre2_label2_old_main,session_level_split,train,structure_best,0.38451576232910156,0.5752611756324768,0.5594555735588074,0.015805602073669434,0.9725244762845471,1,0,0.7499999953433871,0.16000000666826963,0.8375565111637115,1,0,4,27,0,1,1,0,0,0,0,structure_best
vehicle_instability_allraw__zdq__2025_09_26_15_52_46__000058070__pre2_label2_old_main,vehicle_instability_allraw__zdq__2025_09_26_15_52_46__000058070,zdq,2025_09_26_15_52_46,pre2_label2_old_main,session_level_split,train,structure_best,0.7791459560394287,1.419302225112915,0.5949834585189819,0.8243187665939331,0.41920843072844965,1,0,0.3400000333786011,0.13500000070780516,0.7045591473579407,0,1,2,35,0,1,1,1,0,1,0,structure_best
vehicle_instability_allraw__zdq__2025_09_26_15_52_46__000130370__pre2_label2_old_main,vehicle_instability_allraw__zdq__2025_09_26_15_52_46__000130370,zdq,2025_09_26_15_52_46,pre2_label2_old_main,session_level_split,train,structure_best,0.21015207469463348,1.4646830558776855,1.1187392473220825,0.345943808555603,0.7638097831695729,1,0,0.10000002384185791,0.42500002682209015,0.31900858879089355,0,0,3,21,0,1,1,1,1,0,0,structure_best
vehicle_instability_allraw__zdq__2025_09_26_15_52_46__000161655__pre2_label2_old_main,vehicle_instability_allraw__zdq__2025_09_26_15_52_46__000161655,zdq,2025_09_26_15_52_46,pre2_label2_old_main,session_level_split,train,structure_best,0.7849880456924438,1.3189480304718018,0.06528662145137787,1.253661409020424,0.049499009773739264,0,1,0.26499998569488525,1.8750000074505806,0.6546284556388855,0,0,5,0,0,1,0,0,0,1,0,structure_best
vehicle_instability_allraw__zdq__2025_09_26_15_52_46__000242715__pre2_label2_old_main,vehicle_instability_allraw__zdq__2025_09_26_15_52_46__000242715,zdq,2025_09_26_15_52_46,pre2_label2_old_main,session_level_split,train,structure_best,0.9131503105163574,1.8401000499725342,0.8228650093078613,1.0172350406646729,0.4471849285152422,1,0,0.6449999809265137,0.08999999891966581,0.18178457021713257,0,1,2,24,0,1,1,1,0,1,1,structure_best
vehicle_instability_allraw__zdq__2025_09_26_15_52_46__000255520__pre2_label2_old_main,vehicle_instability_allraw__zdq__2025_09_26_15_52_46__000255520,zdq,2025_09_26_15_52_46,pre2_label2_old_main,session_level_split,train,structure_best,0.3787271976470947,0.7555525898933411,0.3150103986263275,0.44054219126701355,0.4169271640916439,1,0,0.9750000238418579,0.024999999441206455,0.351820707321167,0,0,5,0,0,1,0,0,0,1,0,structure_best
vehicle_instability_allraw__zdq__2025_09_26_15_52_46__000319490__pre2_label2_old_main,vehicle_instability_allraw__zdq__2025_09_26_15_52_46__000319490,zdq,2025_09_26_15_52_46,pre2_label2_old_main,session_level_split,train,structure_best,0.09099886566400528,0.4180068373680115,0.16072498261928558,0.2572818547487259,0.384503238347233,1,0,0.02499997615814209,0.7799999713897705,0.25710685551166534,1,0,2,33,0,1,1,0,0,1,0,structure_best
vehicle_instability_allraw__zdq__2025_09_26_15_52_46__000577885__pre2_label2_old_main,vehicle_instability_allraw__zdq__2025_09_26_15_52_46__000577885,zdq,2025_09_26_15_52_46,pre2_label2_old_main,session_level_split,train,structure_best,0.25058457255363464,0.24766230583190918,0.25505489110946655,0.007392585277557373,1.029849456713751,1,0,1.1750000575557351,0.28499999176710844,0.16441713273525238,1,0,4,25,0,1,1,0,0,0,0,structure_best
vehicle_instability_allraw__zdq__2025_09_26_16_03_48__000136525__pre2_label2_old_main,vehicle_instability_allraw__zdq__2025_09_26_16_03_48__000136525,zdq,2025_09_26_16_03_48,pre2_label2_old_main,session_level_split,train,structure_best,0.5161632299423218,1.406733512878418,1.068389892578125,0.33834362030029297,0.7594827895953201,1,0,1.225000023841858,0.24500000476837158,0.35858964920043945,0,0,6,14,0,1,1,1,1,0,0,structure_best
vehicle_instability_allraw__zdq__2025_09_26_16_03_48__000147065__pre2_label2_old_main,vehicle_instability_allraw__zdq__2025_09_26_16_03_48__000147065,zdq,2025_09_26_16_03_48,pre2_label2_old_main,session_level_split,train,structure_best,0.455509752035141,1.1442371606826782,0.13251876831054688,1.0117183923721313,0.11581407496981057,1,0,0.45500004291534424,0.48500001430511475,0.812353253364563,1,1,4,0,0,1,0,0,0,1,0,structure_best
vehicle_instability_allraw__zdq__2025_09_26_16_03_48__000152030__pre2_label2_old_main,vehicle_instability_allraw__zdq__2025_09_26_16_03_48__000152030,zdq,2025_09_26_16_03_48,pre2_label2_old_main,session_level_split,train,structure_best,0.5480979084968567,0.44663000106811523,0.3906601369380951,0.05596986413002014,0.8746840472064835,0,1,0.08500003814697266,0.1149999974295497,0.8034826219081879,1,1,6,0,0,1,0,0,0,0,0,structure_best
vehicle_instability_allraw__zdq__2025_09_26_16_03_48__000209905__pre2_label2_old_main,vehicle_instability_allraw__zdq__2025_09_26_16_03_48__000209905,zdq,2025_09_26_16_03_48,pre2_label2_old_main,session_level_split,train,structure_best,0.44837409257888794,0.6574649810791016,0.7374963164329529,0.08003133535385132,1.1217271454100801,1,0,0.059999942779541016,0.5599999977275729,0.07836973667144775,0,1,2,5,0,1,1,0,0,0,0,structure_best
vehicle_instability_allraw__zdq__2025_09_26_16_03_48__000287760__pre2_label2_old_main,vehicle_instability_allraw__zdq__2025_09_26_16_03_48__000287760,zdq,2025_09_26_16_03_48,pre2_label2_old_main,session_level_split,train,structure_best,0.1868954598903656,0.18256136775016785,0.3893220126628876,0.20676064491271973,2.132554206077532,1,0,0.5900000333786011,0.03000000026077032,0.26069124042987823,1,0,3,41,0,1,1,0,0,0,0,structure_best
vehicle_instability_allraw__zdq__2025_09_26_16_03_48__000347185__pre2_label2_old_main,vehicle_instability_allraw__zdq__2025_09_26_16_03_48__000347185,zdq,2025_09_26_16_03_48,pre2_label2_old_main,session_level_split,train,structure_best,0.8001323938369751,1.2025330066680908,0.6157053709030151,0.5868276357650757,0.5120070447038922,0,1,1.6700000166893005,0.0549999987706542,0.33594077825546265,0,1,3,6,0,1,1,0,0,0,0,structure_best
vehicle_instability_allraw__zdq__2025_09_26_16_03_48__000434135__pre2_label2_old_main,vehicle_instability_allraw__zdq__2025_09_26_16_03_48__000434135,zdq,2025_09_26_16_03_48,pre2_label2_old_main,session_level_split,train,structure_best,0.396928071975708,0.14556002616882324,0.44432103633880615,0.2987610101699829,3.052493517852726,0,1,0.0549999475479126,0.13999999593943357,0.5886342227458954,1,1,5,1,0,1,0,0,0,0,0,structure_best
vehicle_instability_allraw__zdq__2025_09_26_16_03_48__000471380__pre2_label2_old_main,vehicle_instability_allraw__zdq__2025_09_26_16_03_48__000471380,zdq,2025_09_26_16_03_48,pre2_label2_old_main,session_level_split,train,structure_best,0.2609905004501343,0.41538840532302856,0.07234001159667969,0.3430483937263489,0.17415029083545114,1,0,0.6349999811500311,1.7000000178813934,0.10632193088531494,0,0,3,0,0,1,0,0,0,1,0,structure_best
vehicle_instability_allraw__zdq__2025_09_26_16_03_48__000540730__pre2_label2_old_main,vehicle_instability_allraw__zdq__2025_09_26_16_03_48__000540730,zdq,2025_09_26_16_03_48,pre2_label2_old_main,session_level_split,train,structure_best,0.4128097891807556,0.2612749934196472,0.719078540802002,0.45780354738235474,2.752190446511859,0,1,1.4600000381469727,0.049999999813735485,0.7889826595783234,1,0,2,4,0,1,1,0,0,0,0,structure_best
vehicle_instability_allraw__zt__2025_09_28_11_20_08__000158280__pre2_label2_old_main,vehicle_instability_allraw__zt__2025_09_28_11_20_08__000158280,zt,2025_09_28_11_20_08,pre2_label2_old_main,session_level_split,train,structure_best,0.40650683641433716,1.817582130432129,1.8451236486434937,0.027541518211364746,1.0151528328487784,1,0,1.1049999594688416,0.1450000060722232,0.01970064640045166,0,0,5,49,0,1,1,1,1,0,1,structure_best
vehicle_instability_allraw__zt__2025_09_28_11_20_08__000199865__pre2_label2_old_main,vehicle_instability_allraw__zt__2025_09_28_11_20_08__000199865,zt,2025_09_28_11_20_08,pre2_label2_old_main,session_level_split,train,structure_best,0.2757759690284729,0.6436779499053955,0.24413639307022095,0.39954155683517456,0.37928344928718294,1,0,0.1700000762939453,0.455000008456409,0.052897676825523376,0,1,5,0,0,1,0,0,0,1,0,structure_best
vehicle_instability_allraw__zt__2025_09_28_11_20_08__000251035__pre2_label2_old_main,vehicle_instability_allraw__zt__2025_09_28_11_20_08__000251035,zt,2025_09_28_11_20_08,pre2_label2_old_main,session_level_split,train,structure_best,0.11267529428005219,0.31730014085769653,0.13710100948810577,0.18019913136959076,0.4320861916969433,1,0,0.7950000762939453,0.5350000215694308,0.019344553351402283,0,1,3,3,1,1,1,0,0,1,0,structure_best
vehicle_instability_allraw__zt__2025_09_28_11_20_08__000270535__pre2_label2_old_main,vehicle_instability_allraw__zt__2025_09_28_11_20_08__000270535,zt,2025_09_28_11_20_08,pre2_label2_old_main,session_level_split,train,structure_best,1.0050075054168701,1.4884129762649536,1.123559832572937,0.3648531436920166,0.7548710273894651,1,0,0.009999990463256836,0.16000000666826963,0.36820948123931885,0,1,1,51,0,0,1,1,1,0,0,structure_best
vehicle_instability_allraw__zt__2025_09_28_11_20_08__000312725__pre2_label2_old_main,vehicle_instability_allraw__zt__2025_09_28_11_20_08__000312725,zt,2025_09_28_11_20_08,pre2_label2_old_main,session_level_split,train,structure_best,0.2691343426704407,0.5412269830703735,0.08910320699214935,0.4521237760782242,0.16463186385621062,0,1,1.7450000494718552,1.3450000286102295,0.4611208736896515,1,0,3,19,0,1,1,0,0,1,0,structure_best
vehicle_instability_allraw__zt__2025_09_28_11_20_08__000338755__pre2_label2_old_main,vehicle_instability_allraw__zt__2025_09_28_11_20_08__000338755,zt,2025_09_28_11_20_08,pre2_label2_old_main,session_level_split,train,structure_best,0.3818637728691101,0.40160003304481506,0.30143481492996216,0.1001652181148529,0.7505846367704971,0,1,0.40000009536743164,0.24999999534338713,0.06007698178291321,0,1,5,0,0,1,0,0,0,0,0,structure_best
vehicle_instability_allraw__zt__2025_09_28_11_20_08__000416365__pre2_label2_old_main,vehicle_instability_allraw__zt__2025_09_28_11_20_08__000416365,zt,2025_09_28_11_20_08,pre2_label2_old_main,session_level_split,train,structure_best,0.6244843602180481,0.9014629125595093,0.24163484573364258,0.6598280668258667,0.2680474619278264,1,0,0.04999995231628418,0.0850000036880374,0.6603745818138123,1,1,1,0,0,0,0,0,0,1,0,structure_best
vehicle_instability_allraw__zt__2025_09_28_11_20_08__000472990__pre2_label2_old_main,vehicle_instability_allraw__zt__2025_09_28_11_20_08__000472990,zt,2025_09_28_11_20_08,pre2_label2_old_main,session_level_split,train,structure_best,0.5833192467689514,1.2395299673080444,0.42353156208992004,0.8159984052181244,0.3416872308539074,1,0,0.26499998569488525,0.9549999786540866,0.49629801511764526,0,1,4,20,0,1,1,0,0,1,0,structure_best
vehicle_instability_allraw__zt__2025_09_28_11_20_08__000488065__pre2_label2_old_main,vehicle_instability_allraw__zt__2025_09_28_11_20_08__000488065,zt,2025_09_28_11_20_08,pre2_label2_old_main,session_level_split,train,structure_best,0.3074047863483429,0.8421210050582886,0.7850229144096375,0.05709809064865112,0.9321972848252383,1,0,1.0800000429153442,0.2450000001117587,0.4046962857246399,0,1,3,10,0,1,1,0,0,0,0,structure_best
vehicle_instability_allraw__zx__2025_09_27_16_32_00__000028755__pre2_label2_old_main,vehicle_instability_allraw__zx__2025_09_27_16_32_00__000028755,zx,2025_09_27_16_32_00,pre2_label2_old_main,session_level_split,train,structure_best,0.2566719651222229,0.2994984984397888,0.28644222021102905,0.013056278228759766,0.9564061980384699,1,0,1.3500000834465027,0.03499999921768904,0.4912033826112747,1,1,2,0,0,1,0,0,0,0,0,structure_best
vehicle_instability_allraw__zx__2025_09_27_16_32_00__000072855__pre2_label2_old_main,vehicle_instability_allraw__zx__2025_09_27_16_32_00__000072855,zx,2025_09_27_16_32_00,pre2_label2_old_main,session_level_split,train,structure_best,1.3705930709838867,2.4701690673828125,1.1098320484161377,1.3603370189666748,0.449293962535133,1,0,0.2749999761581421,0.13999999593943357,0.19533038139343262,0,1,2,46,0,1,1,1,0,1,1,structure_best
vehicle_instability_allraw__zx__2025_09_27_16_32_00__000101585__pre2_label2_old_main,vehicle_instability_allraw__zx__2025_09_27_16_32_00__000101585,zx,2025_09_27_16_32_00,pre2_label2_old_main,session_level_split,train,structure_best,0.24817447364330292,0.01624011993408203,0.24219581484794617,0.22595569491386414,14.913425259850843,0,1,0.7549999859184027,0.7300000144168735,0.2519111931324005,1,0,0,0,1,0,0,0,0,0,0,structure_best
vehicle_instability_allraw__zx__2025_09_27_16_32_00__000105310__pre2_label2_old_main,vehicle_instability_allraw__zx__2025_09_27_16_32_00__000105310,zx,2025_09_27_16_32_00,pre2_label2_old_main,session_level_split,train,structure_best,0.4723573923110962,1.2374379634857178,0.6403547525405884,0.5970832109451294,0.5174843276480576,1,0,1.2749999910593033,0.03499999921768904,0.38529717922210693,0,0,3,35,0,1,1,0,0,0,0,structure_best
vehicle_instability_allraw__zx__2025_09_27_16_32_00__000122020__pre2_label2_old_main,vehicle_instability_allraw__zx__2025_09_27_16_32_00__000122020,zx,2025_09_27_16_32_00,pre2_label2_old_main,session_level_split,train,structure_best,0.7015861868858337,0.3958410322666168,0.5367887616157532,0.14094772934913635,1.3560715485761003,0,1,0.059999942779541016,0.45000001322478056,0.9319087564945221,1,0,2,0,0,1,0,0,0,0,0,structure_best
vehicle_instability_allraw__zx__2025_09_27_16_32_00__000148800__pre2_label2_old_main,vehicle_instability_allraw__zx__2025_09_27_16_32_00__000148800,zx,2025_09_27_16_32_00,pre2_label2_old_main,session_level_split,train,structure_best,0.8176729083061218,2.0589659214019775,0.6207695603370667,1.4381963610649109,0.30149579159346956,1,0,0.09000003337860107,0.8999999715015292,0.7956291735172272,0,1,2,53,0,1,1,1,0,1,1,structure_best
vehicle_instability_allraw__zx__2025_09_27_16_32_00__000163770__pre2_label2_old_main,vehicle_instability_allraw__zx__2025_09_27_16_32_00__000163770,zx,2025_09_27_16_32_00,pre2_label2_old_main,session_level_split,train,structure_best,1.7662272453308105,2.6881561279296875,0.6275702118873596,2.060585916042328,0.23345750098625767,1,0,0.940000057220459,0.09999999683350325,2.0547309517860413,1,0,0,0,1,0,0,1,0,1,1,structure_best
vehicle_instability_allraw__zx__2025_09_27_16_32_00__000231650__pre2_label2_old_main,vehicle_instability_allraw__zx__2025_09_27_16_32_00__000231650,zx,2025_09_27_16_32_00,pre2_label2_old_main,session_level_split,train,structure_best,0.30223578214645386,1.2240025997161865,0.7252131700515747,0.4987894296646118,0.5924931615502551,1,0,0.5700000524520874,0.13999998569488525,0.2964267134666443,0,0,2,11,0,1,1,0,0,0,0,structure_best
vehicle_instability_allraw__zx__2025_09_27_16_32_00__000260070__pre2_label2_old_main,vehicle_instability_allraw__zx__2025_09_27_16_32_00__000260070,zx,2025_09_27_16_32_00,pre2_label2_old_main,session_level_split,train,structure_best,0.4789290726184845,1.0484189987182617,0.75872403383255,0.28969496488571167,0.7236839801263841,1,0,0.6450001001358032,0.6550000263378024,0.2037181258201599,0,1,2,5,0,1,1,0,0,0,0,structure_best
vehicle_instability_allraw__zx__2025_09_27_16_32_00__000312575__pre2_label2_old_main,vehicle_instability_allraw__zx__2025_09_27_16_32_00__000312575,zx,2025_09_27_16_32_00,pre2_label2_old_main,session_level_split,train,structure_best,1.3261691331863403,2.5281119346618652,0.30484825372695923,2.223263680934906,0.12058336877703663,1,0,0.04500007629394531,1.5699999928474426,0.2874358892440796,0,1,2,9,0,1,1,1,0,1,1,structure_best
vehicle_instability_allraw__zx__2025_09_27_16_32_00__000364875__pre2_label2_old_main,vehicle_instability_allraw__zx__2025_09_27_16_32_00__000364875,zx,2025_09_27_16_32_00,pre2_label2_old_main,session_level_split,train,structure_best,0.19911672174930573,0.40020400285720825,0.1694207340478897,0.23078326880931854,0.4233359307711337,1,0,0.6050000190734863,0.09999999683350325,0.23026029765605927,1,0,0,13,0,0,1,0,0,1,0,structure_best
vehicle_instability_allraw__zx__2025_09_27_16_32_00__000384950__pre2_label2_old_main,vehicle_instability_allraw__zx__2025_09_27_16_32_00__000384950,zx,2025_09_27_16_32_00,pre2_label2_old_main,session_level_split,train,structure_best,0.2836856544017792,0.3609350323677063,0.3537323772907257,0.007202655076980591,0.98004445556384,1,0,0.059999942779541016,0.7900000168010592,0.007736563682556152,0,1,3,0,0,1,0,0,0,0,0,structure_best
vehicle_instability_allraw__zx__2025_09_27_16_32_00__000398300__pre2_label2_old_main,vehicle_instability_allraw__zx__2025_09_27_16_32_00__000398300,zx,2025_09_27_16_32_00,pre2_label2_old_main,session_level_split,train,structure_best,0.5220205783843994,1.541471004486084,0.7616755366325378,0.7797954678535461,0.4941225196035882,1,0,0.0549999475479126,0.6800000024959445,0.7814311981201172,1,1,5,10,0,1,1,1,0,1,1,structure_best
vehicle_instability_allraw__zx__2025_09_27_16_32_00__000417655__pre2_label2_old_main,vehicle_instability_allraw__zx__2025_09_27_16_32_00__000417655,zx,2025_09_27_16_32_00,pre2_label2_old_main,session_level_split,train,structure_best,0.1529364436864853,0.1689479947090149,0.18092690408229828,0.011978909373283386,1.0709029390607157,1,0,1.9900000002235174,0.03499999921768904,0.0038822144269943237,0,1,3,3,1,1,1,0,0,0,0,structure_best
vehicle_instability_allraw__zx__2025_09_27_16_32_00__000421025__pre2_label2_old_main,vehicle_instability_allraw__zx__2025_09_27_16_32_00__000421025,zx,2025_09_27_16_32_00,pre2_label2_old_main,session_level_split,train,structure_best,1.903080701828003,2.6731455326080322,0.6078575849533081,2.065287947654724,0.22739412334212006,0,1,1.5800000429153442,0.04500000085681677,0.18031960725784302,0,1,4,4,1,1,1,1,0,1,1,structure_best
vehicle_instability_allraw__zx__2025_09_27_16_32_00__000446275__pre2_label2_old_main,vehicle_instability_allraw__zx__2025_09_27_16_32_00__000446275,zx,2025_09_27_16_32_00,pre2_label2_old_main,session_level_split,train,structure_best,0.4205758273601532,0.9155998229980469,0.08792395889759064,0.8276758641004562,0.09602880722463639,0,1,1.985000004991889,1.7150000035762787,0.9973983615636826,1,1,1,0,0,0,0,0,0,1,0,structure_best
vehicle_instability_allraw__zx__2025_09_27_16_32_00__000470635__pre2_label2_old_main,vehicle_instability_allraw__zx__2025_09_27_16_32_00__000470635,zx,2025_09_27_16_32_00,pre2_label2_old_main,session_level_split,train,structure_best,0.24647298455238342,0.4375499486923218,0.054971110075712204,0.3825788386166096,0.1256339081743717,1,0,1.8650000002235174,1.8750000074505806,0.38503623381257057,1,0,2,0,0,1,0,0,0,1,0,structure_best
vehicle_instability_allraw__zx__2025_09_27_16_32_00__000490620__pre2_label2_old_main,vehicle_instability_allraw__zx__2025_09_27_16_32_00__000490620,zx,2025_09_27_16_32_00,pre2_label2_old_main,session_level_split,train,structure_best,1.5485868453979492,1.7626051902770996,0.22702014446258545,1.5355850458145142,0.12879806874215294,0,1,0.5350000858306885,1.7050000131130219,1.8269068002700806,1,0,1,0,0,0,0,1,0,1,1,structure_best
vehicle_instability_allraw__zx__2025_09_27_16_32_00__000559925__pre2_label2_old_main,vehicle_instability_allraw__zx__2025_09_27_16_32_00__000559925,zx,2025_09_27_16_32_00,pre2_label2_old_main,session_level_split,train,structure_best,0.44222015142440796,0.8096580505371094,0.3516390323638916,0.4580190181732178,0.4343056085598383,1,0,0.3400000333786011,0.22999999951571226,0.3410704731941223,0,1,2,0,0,1,0,0,0,1,0,structure_best
vehicle_instability_allraw__zx__2025_09_27_16_32_00__000593005__pre2_label2_old_main,vehicle_instability_allraw__zx__2025_09_27_16_32_00__000593005,zx,2025_09_27_16_32_00,pre2_label2_old_main,session_level_split,train,structure_best,0.1313188523054123,0.3021165132522583,0.08697168529033661,0.2151448279619217,0.28787464926724426,1,0,0.6700000073760748,0.08000000100582838,0.022583745419979095,0,0,1,11,0,0,1,0,0,1,0,structure_best
vehicle_instability_allraw__zx__2025_09_27_16_32_00__000615805__pre2_label2_old_main,vehicle_instability_allraw__zx__2025_09_27_16_32_00__000615805,zx,2025_09_27_16_32_00,pre2_label2_old_main,session_level_split,train,structure_best,0.13204282522201538,0.023560047149658203,0.1279207319021225,0.1043606847524643,5.429561795421887,0,1,0.0549999475479126,1.7749999715015292,0.1513320356607437,1,0,0,0,1,0,0,0,0,0,0,structure_best
vehicle_instability_allraw__zx__2025_09_27_16_32_00__000645585__pre2_label2_old_main,vehicle_instability_allraw__zx__2025_09_27_16_32_00__000645585,zx,2025_09_27_16_32_00,pre2_label2_old_main,session_level_split,train,structure_best,0.46410226821899414,0.9735440015792847,0.20050495862960815,0.7730390429496765,0.20595366855976585,1,0,0.3700000047683716,0.4350000023841858,0.7530730217695236,1,1,2,1,0,1,0,0,0,1,0,structure_best
vehicle_instability_allraw__zx__2025_09_27_17_14_07__000103335__pre2_label2_old_main,vehicle_instability_allraw__zx__2025_09_27_17_14_07__000103335,zx,2025_09_27_17_14_07,pre2_label2_old_main,session_level_split,train,structure_best,1.0136862993240356,1.7589459419250488,0.747023344039917,1.0119225978851318,0.42469943290147383,1,0,0.6299999952316284,0.09500000160187483,0.483170747756958,0,1,2,27,0,1,1,1,0,1,1,structure_best
vehicle_instability_allraw__zx__2025_09_27_17_14_07__000127510__pre2_label2_old_main,vehicle_instability_allraw__zx__2025_09_27_17_14_07__000127510,zx,2025_09_27_17_14_07,pre2_label2_old_main,session_level_split,train,structure_best,0.3167477548122406,0.7777180075645447,0.4441877007484436,0.3335303068161011,0.5711423632062157,1,0,0.4650000333786011,0.9200000120326877,0.3397175967693329,0,1,1,49,0,0,1,0,0,0,0,structure_best
vehicle_instability_allraw__zx__2025_09_27_17_14_07__000151260__pre2_label2_old_main,vehicle_instability_allraw__zx__2025_09_27_17_14_07__000151260,zx,2025_09_27_17_14_07,pre2_label2_old_main,session_level_split,train,structure_best,0.24380747973918915,0.4471529722213745,0.38961857557296753,0.05753439664840698,0.8713317360665488,1,0,0.5149999856948853,0.7450000001117587,0.06319329142570496,0,1,1,55,0,0,1,0,0,0,0,structure_best
vehicle_instability_allraw__zx__2025_09_27_17_14_07__000172360__pre2_label2_old_main,vehicle_instability_allraw__zx__2025_09_27_17_14_07__000172360,zx,2025_09_27_17_14_07,pre2_label2_old_main,session_level_split,train,structure_best,0.3780316412448883,1.7605159282684326,0.8099164366722107,0.9505994915962219,0.4600449355029747,1,0,0.009999990463256836,0.4650000333786011,0.9528911709785461,1,0,0,16,0,0,1,1,0,1,1,structure_best
vehicle_instability_allraw__zx__2025_09_27_17_14_07__000198435__pre2_label2_old_main,vehicle_instability_allraw__zx__2025_09_27_17_14_07__000198435,zx,2025_09_27_17_14_07,pre2_label2_old_main,session_level_split,train,structure_best,0.8300073146820068,1.887049913406372,0.46264219284057617,1.424407720565796,0.24516690817438233,1,0,0.3500000238418579,1.009999985806644,1.364882469177246,1,1,2,37,0,1,1,1,0,1,1,structure_best
vehicle_instability_allraw__zx__2025_09_27_17_14_07__000249170__pre2_label2_old_main,vehicle_instability_allraw__zx__2025_09_27_17_14_07__000249170,zx,2025_09_27_17_14_07,pre2_label2_old_main,session_level_split,train,structure_best,1.752943754196167,2.5631861686706543,0.657819926738739,1.9053662419319153,0.25664149361413896,1,0,0.6750000715255737,0.05999999772757292,1.7349616885185242,1,1,2,6,0,1,1,1,0,1,1,structure_best
vehicle_instability_allraw__zx__2025_09_27_17_14_07__000272865__pre2_label2_old_main,vehicle_instability_allraw__zx__2025_09_27_17_14_07__000272865,zx,2025_09_27_17_14_07,pre2_label2_old_main,session_level_split,train,structure_best,0.32497724890708923,0.06457996368408203,0.35736343264579773,0.2927834689617157,5.533657999468375,1,0,1.610000004991889,0.7049999786540866,0.2919555604457855,1,1,0,0,1,0,0,0,0,0,0,structure_best
vehicle_instability_allraw__zx__2025_09_27_17_14_07__000288060__pre2_label2_old_main,vehicle_instability_allraw__zx__2025_09_27_17_14_07__000288060,zx,2025_09_27_17_14_07,pre2_label2_old_main,session_level_split,train,structure_best,0.04934367164969444,0.03926992416381836,0.0421617217361927,0.002891797572374344,1.0736389904984518,0,1,1.5800000336021185,1.3550000144168735,0.07234377041459084,1,1,0,0,1,0,0,0,0,0,0,structure_best
vehicle_instability_allraw__zx__2025_09_27_17_14_07__000293155__pre2_label2_old_main,vehicle_instability_allraw__zx__2025_09_27_17_14_07__000293155,zx,2025_09_27_17_14_07,pre2_label2_old_main,session_level_split,train,structure_best,0.17790615558624268,0.3077000379562378,0.022584859281778336,0.28511517867445946,0.07339894863773282,1,0,1.0349999573081732,1.3100000023841858,0.09930873662233353,0,1,3,0,0,1,0,0,0,1,0,structure_best
vehicle_instability_allraw__zx__2025_09_27_17_14_07__000380385__pre2_label2_old_main,vehicle_instability_allraw__zx__2025_09_27_17_14_07__000380385,zx,2025_09_27_17_14_07,pre2_label2_old_main,session_level_split,train,structure_best,0.543509304523468,1.2341220378875732,0.8799836039543152,0.35413843393325806,0.7130442346370939,1,0,0.7100000381469727,0.5500000072643161,0.46248480677604675,0,1,2,36,0,1,1,0,0,0,0,structure_best
vehicle_instability_allraw__zx__2025_09_27_17_14_07__000402025__pre2_label2_old_main,vehicle_instability_allraw__zx__2025_09_27_17_14_07__000402025,zx,2025_09_27_17_14_07,pre2_label2_old_main,session_level_split,train,structure_best,0.513876736164093,0.7393217086791992,0.6398021578788757,0.09951955080032349,0.8653907363573626,1,0,0.8900001049041748,0.08999999891966581,0.342045396566391,0,1,6,9,0,1,1,0,0,0,0,structure_best
vehicle_instability_allraw__zx__2025_09_27_17_14_07__000407380__pre2_label2_old_main,vehicle_instability_allraw__zx__2025_09_27_17_14_07__000407380,zx,2025_09_27_17_14_07,pre2_label2_old_main,session_level_split,train,structure_best,0.2776133418083191,0.3122403621673584,0.3435094952583313,0.0312691330909729,1.1001444299959302,1,0,0.7900000810623169,0.04500000085681677,0.030546605587005615,0,1,5,0,0,1,0,0,0,0,0,structure_best
vehicle_instability_allraw__zx__2025_09_27_17_14_07__000412950__pre2_label2_old_main,vehicle_instability_allraw__zx__2025_09_27_17_14_07__000412950,zx,2025_09_27_17_14_07,pre2_label2_old_main,session_level_split,train,structure_best,0.5756745338439941,1.8057169914245605,0.34028223156929016,1.4654347598552704,0.18844715599692938,1,0,0.4700000286102295,0.4249999523162842,1.469978153705597,1,1,1,16,0,0,1,1,0,1,1,structure_best
vehicle_instability_allraw__zx__2025_09_27_17_14_07__000471995__pre2_label2_old_main,vehicle_instability_allraw__zx__2025_09_27_17_14_07__000471995,zx,2025_09_27_17_14_07,pre2_label2_old_main,session_level_split,train,structure_best,0.38944360613822937,1.0302681922912598,0.44398894906044006,0.5862792432308197,0.4309450222597216,1,0,0.4750000238418579,0.6600000215694308,0.5907964408397675,1,1,3,12,0,1,1,0,0,1,0,structure_best
vehicle_instability_allraw__zx__2025_09_27_17_14_07__000486315__pre2_label2_old_main,vehicle_instability_allraw__zx__2025_09_27_17_14_07__000486315,zx,2025_09_27_17_14_07,pre2_label2_old_main,session_level_split,train,structure_best,0.3213662803173065,0.08342599868774414,0.3584374189376831,0.27501142024993896,4.29647141869145,1,0,0.4500000476837158,0.40999999176710844,0.2854560911655426,1,1,1,0,0,0,0,0,0,0,0,structure_best
vehicle_instability_allraw__zx__2025_09_27_17_14_07__000504955__pre2_label2_old_main,vehicle_instability_allraw__zx__2025_09_27_17_14_07__000504955,zx,2025_09_27_17_14_07,pre2_label2_old_main,session_level_split,train,structure_best,0.3010387420654297,0.014480113983154297,0.30301472544670105,0.28853461146354675,20.92626658873119,0,1,0.0549999475479126,1.9900000048801303,0.31729021668434143,1,1,0,0,1,0,0,0,0,0,0,structure_best
vehicle_instability_allraw__zx__2025_09_27_17_25_16__000018420__pre2_label2_old_main,vehicle_instability_allraw__zx__2025_09_27_17_25_16__000018420,zx,2025_09_27_17_25_16,pre2_label2_old_main,session_level_split,train,structure_best,1.050427794456482,1.8886197805404663,0.13785545527935028,1.750764325261116,0.0729926990597865,1,0,1.4300000071525574,1.2649999856948853,1.7578675895929337,1,1,8,0,0,1,0,1,0,1,1,structure_best
vehicle_instability_allraw__zx__2025_09_27_17_25_16__000055950__pre2_label2_old_main,vehicle_instability_allraw__zx__2025_09_27_17_25_16__000055950,zx,2025_09_27_17_25_16,pre2_label2_old_main,session_level_split,train,structure_best,0.5000371932983398,1.3517570495605469,0.703140914440155,0.6486161351203918,0.520168113544327,1,0,0.625,0.35500001441687346,0.776982843875885,1,1,2,10,0,1,1,0,0,0,0,structure_best
vehicle_instability_allraw__zx__2025_09_27_17_25_16__000082240__pre2_label2_old_main,vehicle_instability_allraw__zx__2025_09_27_17_25_16__000082240,zx,2025_09_27_17_25_16,pre2_label2_old_main,session_level_split,train,structure_best,0.6823251843452454,1.22714102268219,1.1127697229385376,0.11437129974365234,0.9067985686814801,1,0,0.7000000476837158,0.6100000096485019,0.5478276610374451,0,1,4,51,0,1,1,0,0,0,0,structure_best
vehicle_instability_allraw__zx__2025_09_27_17_25_16__000123645__pre2_label2_old_main,vehicle_instability_allraw__zx__2025_09_27_17_25_16__000123645,zx,2025_09_27_17_25_16,pre2_label2_old_main,session_level_split,train,structure_best,0.8759848475456238,2.8928868770599365,1.2488770484924316,1.6440098285675049,0.43170614737679447,1,0,0.029999971389770508,0.32499998807907104,1.6383568048477173,1,0,1,29,0,0,1,1,0,1,1,structure_best
vehicle_instability_allraw__zx__2025_09_27_17_29_08__000047060__pre2_label2_old_main,vehicle_instability_allraw__zx__2025_09_27_17_29_08__000047060,zx,2025_09_27_17_29_08,pre2_label2_old_main,session_level_split,train,structure_best,0.5152846574783325,1.2068949937820435,0.6757204532623291,0.5311745405197144,0.5598833840090974,1,0,0.059999942779541016,1.0800000382587314,0.5327776074409485,0,1,1,10,0,0,1,0,0,0,0,structure_best
vehicle_instability_allraw__zx__2025_09_27_17_29_08__000065380__pre2_label2_old_main,vehicle_instability_allraw__zx__2025_09_27_17_29_08__000065380,zx,2025_09_27_17_29_08,pre2_label2_old_main,session_level_split,train,structure_best,1.2040151357650757,2.9110400676727295,0.5319687724113464,2.379071295261383,0.18274182424312563,1,0,0.2900000810623169,0.6950000524520874,2.118147373199463,1,1,2,73,0,1,1,1,0,1,1,structure_best
vehicle_instability_allraw__zx__2025_09_27_17_29_08__000082590__pre2_label2_old_main,vehicle_instability_allraw__zx__2025_09_27_17_29_08__000082590,zx,2025_09_27_17_29_08,pre2_label2_old_main,session_level_split,train,structure_best,0.2507483959197998,0.4420902729034424,0.1329004317522049,0.3091898411512375,0.30061831236271486,0,1,0.059999942779541016,1.4900000048801303,0.5747397840023041,1,1,0,0,1,0,0,0,0,1,0,structure_best
vehicle_instability_allraw__zx__2025_09_27_17_29_08__000119620__pre2_label2_old_main,vehicle_instability_allraw__zx__2025_09_27_17_29_08__000119620,zx,2025_09_27_17_29_08,pre2_label2_old_main,session_level_split,train,structure_best,0.49176710844039917,0.6014420986175537,0.1449044793844223,0.4565376192331314,0.24092839479892222,0,1,1.39000004529953,0.04500000085681677,0.07789440453052521,0,1,4,0,0,1,0,0,0,1,0,structure_best
vehicle_instability_allraw__zx__2025_09_27_17_29_08__000148095__pre2_label2_old_main,vehicle_instability_allraw__zx__2025_09_27_17_29_08__000148095,zx,2025_09_27_17_29_08,pre2_label2_old_main,session_level_split,train,structure_best,0.2118048518896103,0.20560000836849213,0.07837313413619995,0.12722687423229218,0.38119227113908283,0,1,0.4949999898672104,0.049999999813735485,0.167325958609581,1,0,1,0,0,0,0,0,0,1,0,structure_best
vehicle_instability_allraw__zx__2025_09_27_17_29_08__000177210__pre2_label2_old_main,vehicle_instability_allraw__zx__2025_09_27_17_29_08__000177210,zx,2025_09_27_17_29_08,pre2_label2_old_main,session_level_split,train,structure_best,0.6372279524803162,1.0632538795471191,0.7916809916496277,0.27157288789749146,0.7445832146757227,1,0,0.0549999475479126,0.2450000001117587,0.2735918164253235,0,1,3,26,0,1,1,0,0,0,0,structure_best
vehicle_instability_allraw__zx__2025_09_27_17_29_08__000199530__pre2_label2_old_main,vehicle_instability_allraw__zx__2025_09_27_17_29_08__000199530,zx,2025_09_27_17_29_08,pre2_label2_old_main,session_level_split,train,structure_best,0.19113002717494965,0.3361508250236511,0.06791749596595764,0.2682333290576935,0.20204471002318397,1,0,0.059999942779541016,1.6849999874830246,0.2686467617750168,1,1,1,0,0,0,0,0,0,1,0,structure_best
vehicle_instability_allraw__zx__2025_09_27_17_29_08__000225970__pre2_label2_old_main,vehicle_instability_allraw__zx__2025_09_27_17_29_08__000225970,zx,2025_09_27_17_29_08,pre2_label2_old_main,session_level_split,train,structure_best,0.6418934464454651,0.5958549976348877,0.6133930683135986,0.017538070678710938,1.029433454025433,1,0,0.31000006198883057,0.4649999989196658,0.13572639226913452,0,1,5,6,0,1,1,0,0,0,0,structure_best
vehicle_instability_allraw__zx__2025_09_27_17_29_08__000244175__pre2_label2_old_main,vehicle_instability_allraw__zx__2025_09_27_17_29_08__000244175,zx,2025_09_27_17_29_08,pre2_label2_old_main,session_level_split,train,structure_best,0.31337839365005493,0.4471530020236969,0.2673247158527374,0.17982828617095947,0.597837238356661,1,0,0.6800000667572021,0.04500000085681677,0.10279157757759094,0,1,4,0,0,1,0,0,0,0,0,structure_best
vehicle_instability_allraw__zx__2025_09_27_17_29_08__000302795__pre2_label2_old_main,vehicle_instability_allraw__zx__2025_09_27_17_29_08__000302795,zx,2025_09_27_17_29_08,pre2_label2_old_main,session_level_split,train,structure_best,0.28971967101097107,0.4352847933769226,0.43280330300331116,0.00248149037361145,0.994299156755833,1,0,0.940000057220459,0.584999973885715,0.648361086845398,1,1,4,0,0,1,0,0,0,0,0,structure_best
vehicle_instability_allraw__zx__2025_09_27_17_29_08__000364530__pre2_label2_old_main,vehicle_instability_allraw__zx__2025_09_27_17_29_08__000364530,zx,2025_09_27_17_29_08,pre2_label2_old_main,session_level_split,train,structure_best,0.6030442714691162,1.3726979494094849,0.5578917860984802,0.8148061633110046,0.40641991658724147,1,0,0.060000061988830566,0.834999973885715,0.570537269115448,0,1,2,42,0,1,1,0,0,1,0,structure_best
vehicle_instability_allraw__zx__2025_09_27_17_29_08__000402560__pre2_label2_old_main,vehicle_instability_allraw__zx__2025_09_27_17_29_08__000402560,zx,2025_09_27_17_29_08,pre2_label2_old_main,session_level_split,train,structure_best,0.7842892408370972,1.302888035774231,0.6559092998504639,0.6469787359237671,0.5034272184875003,1,0,0.4450000524520874,0.5249999715015292,0.8406256437301636,1,1,1,5,0,0,1,0,0,0,0,structure_best
vehicle_instability_allraw__zx__2025_09_27_17_56_42__000080875__pre2_label2_old_main,vehicle_instability_allraw__zx__2025_09_27_17_56_42__000080875,zx,2025_09_27_17_56_42,pre2_label2_old_main,session_level_split,train,structure_best,0.441435843706131,1.4098749160766602,0.35841134190559387,1.0514635741710663,0.25421499298885725,1,0,0.020000100135803223,0.8249999834224582,1.001172125339508,1,1,4,0,0,1,0,1,0,1,0,structure_best
vehicle_instability_allraw__zx__2025_09_27_17_56_42__000108650__pre2_label2_old_main,vehicle_instability_allraw__zx__2025_09_27_17_56_42__000108650,zx,2025_09_27_17_56_42,pre2_label2_old_main,session_level_split,train,structure_best,0.574269711971283,0.8459609746932983,0.7990142107009888,0.04694676399230957,0.9445048112185908,1,0,0.04999995231628418,0.8749999953433871,0.048946499824523926,0,1,1,20,0,0,1,0,0,0,0,structure_best
vehicle_instability_allraw__zx__2025_09_27_17_56_42__000149270__pre2_label2_old_main,vehicle_instability_allraw__zx__2025_09_27_17_56_42__000149270,zx,2025_09_27_17_56_42,pre2_label2_old_main,session_level_split,train,structure_best,0.3178788125514984,1.9059009552001953,0.8849565386772156,1.0209444165229797,0.46432451605768776,1,0,0.009999990463256836,0.23000001907348633,1.0222516059875488,1,0,0,18,0,0,1,1,0,1,1,structure_best
vehicle_instability_allraw__zx__2025_09_27_18_07_01__000025310__pre2_label2_old_main,vehicle_instability_allraw__zx__2025_09_27_18_07_01__000025310,zx,2025_09_27_18_07_01,pre2_label2_old_main,session_level_split,train,structure_best,0.09287373721599579,0.31328606605529785,0.22658318281173706,0.08670288324356079,0.7232469214629643,1,0,1.4600000381469727,0.11000000219792128,0.07778194546699524,0,0,1,2,0,0,1,0,0,0,0,structure_best
vehicle_instability_allraw__zx__2025_09_27_18_07_01__000048255__pre2_label2_old_main,vehicle_instability_allraw__zx__2025_09_27_18_07_01__000048255,zx,2025_09_27_18_07_01,pre2_label2_old_main,session_level_split,train,structure_best,0.6323970556259155,1.1325459480285645,0.22775761783123016,0.9047883301973343,0.20110232015547838,1,0,0.824999988079071,0.9650000333786011,0.3857227712869644,0,1,3,5,0,1,1,0,0,1,0,structure_best
vehicle_instability_allraw__zx__2025_09_27_18_07_01__000071310__pre2_label2_old_main,vehicle_instability_allraw__zx__2025_09_27_18_07_01__000071310,zx,2025_09_27_18_07_01,pre2_label2_old_main,session_level_split,train,structure_best,0.5221887230873108,1.2918932437896729,0.33349594473838806,0.9583972990512848,0.25814512641934906,1,0,0.5449999570846558,0.6750000072643161,0.9646858274936676,1,1,3,53,0,1,1,0,0,1,0,structure_best
vehicle_instability_allraw__zx__2025_09_27_18_07_01__000087885__pre2_label2_old_main,vehicle_instability_allraw__zx__2025_09_27_18_07_01__000087885,zx,2025_09_27_18_07_01,pre2_label2_old_main,session_level_split,train,structure_best,0.03459911048412323,0.03751993179321289,0.05643519386649132,0.018915262073278427,1.5041390314227616,1,0,0.04999995231628418,0.6800000024959445,0.0187142975628376,0,0,0,0,1,0,0,0,0,0,0,structure_best
vehicle_instability_allraw__zx__2025_09_27_18_07_01__000123135__pre2_label2_old_main,vehicle_instability_allraw__zx__2025_09_27_18_07_01__000123135,zx,2025_09_27_18_07_01,pre2_label2_old_main,session_level_split,train,structure_best,0.22304002940654755,0.25045400857925415,0.2901812195777893,0.039727210998535156,1.158620783208442,1,0,0.0549999475479126,0.850000019185245,0.038744837045669556,0,1,1,0,0,0,0,0,0,0,0,structure_best
vehicle_instability_allraw__zx__2025_09_27_18_07_01__000149280__pre2_label2_old_main,vehicle_instability_allraw__zx__2025_09_27_18_07_01__000149280,zx,2025_09_27_18_07_01,pre2_label2_old_main,session_level_split,train,structure_best,0.04083114489912987,0.11746001243591309,0.03713982179760933,0.08032019063830376,0.3161911958580206,1,0,1.399999976158142,1.0650000525638461,0.0845537781715393,1,1,0,0,1,0,0,0,0,1,0,structure_best
vehicle_instability_allraw__zx__2025_09_27_18_07_01__000193555__pre2_label2_old_main,vehicle_instability_allraw__zx__2025_09_27_18_07_01__000193555,zx,2025_09_27_18_07_01,pre2_label2_old_main,session_level_split,train,structure_best,0.3088260293006897,1.5716689825057983,0.8695526719093323,0.7021163105964661,0.5532670566056197,1,0,0.009999990463256836,0.4300000024959445,0.7040541768074036,0,0,2,33,0,1,1,1,1,0,1,structure_best
vehicle_instability_allraw__zx__2025_09_27_18_07_01__000223290__pre2_label2_old_main,vehicle_instability_allraw__zx__2025_09_27_18_07_01__000223290,zx,2025_09_27_18_07_01,pre2_label2_old_main,session_level_split,train,structure_best,0.7340211868286133,1.6945359706878662,0.6144133806228638,1.0801225900650024,0.3625850328650467,1,0,0.1799999475479126,0.5749999834224582,0.25811776518821716,0,1,2,33,0,1,1,1,0,1,1,structure_best
vehicle_instability_allraw__zx__2025_09_27_18_07_01__000251385__pre2_label2_old_main,vehicle_instability_allraw__zx__2025_09_27_18_07_01__000251385,zx,2025_09_27_18_07_01,pre2_label2_old_main,session_level_split,train,structure_best,0.3431066572666168,0.44087061285972595,0.5223395228385925,0.08146890997886658,1.1847909740465916,1,0,0.059999942779541016,0.5450000120326877,0.08004197478294373,0,1,1,1,1,0,0,0,0,0,0,structure_best
vehicle_instability_allraw__zx__2025_09_27_18_07_01__000277150__pre2_label2_old_main,vehicle_instability_allraw__zx__2025_09_27_18_07_01__000277150,zx,2025_09_27_18_07_01,pre2_label2_old_main,session_level_split,train,structure_best,0.9040205478668213,1.5327439308166504,0.13637524843215942,1.396368682384491,0.08897458061340899,1,0,0.13999998569488525,1.885000005364418,0.9285223484039307,1,1,2,39,0,1,1,1,0,1,1,structure_best
vehicle_instability_allraw__zx__2025_09_27_18_07_01__000323585__pre2_label2_old_main,vehicle_instability_allraw__zx__2025_09_27_18_07_01__000323585,zx,2025_09_27_18_07_01,pre2_label2_old_main,session_level_split,train,structure_best,0.1718357354402542,0.6031860113143921,0.49463436007499695,0.10855165123939514,0.8200361924792451,1,0,1.1050000190734863,0.18999999295920134,0.050907284021377563,0,0,1,0,0,0,0,0,0,0,0,structure_best
vehicle_instability_allraw__zx__2025_09_27_18_07_01__000342080__pre2_label2_old_main,vehicle_instability_allraw__zx__2025_09_27_18_07_01__000342080,zx,2025_09_27_18_07_01,pre2_label2_old_main,session_level_split,train,structure_best,0.2579832673072815,0.2672100067138672,0.3322860598564148,0.06507605314254761,1.243538982476177,1,0,0.1950000524520874,1.1050000144168735,0.06943172216415405,0,1,0,0,1,0,0,0,0,0,0,structure_best
vehicle_instability_allraw__zx__2025_09_27_18_07_01__000353295__pre2_label2_old_main,vehicle_instability_allraw__zx__2025_09_27_18_07_01__000353295,zx,2025_09_27_18_07_01,pre2_label2_old_main,session_level_split,train,structure_best,0.8136959671974182,1.505349040031433,0.5232652425765991,0.982083797454834,0.34760393015939534,1,0,0.0549999475479126,0.19999999832361937,0.9839534163475037,1,1,1,7,0,0,1,1,0,1,0,structure_best
vehicle_instability_allraw__zx__2025_09_27_18_07_01__000376460__pre2_label2_old_main,vehicle_instability_allraw__zx__2025_09_27_18_07_01__000376460,zx,2025_09_27_18_07_01,pre2_label2_old_main,session_level_split,train,structure_best,0.11344439536333084,0.008379936218261719,0.12006019055843353,0.11168025434017181,14.32710075964493,1,0,0.4650000333786011,1.9900000048801303,0.11146022379398346,1,1,0,0,1,0,0,0,0,0,0,structure_best
vehicle_instability_allraw__zx__2025_09_27_18_07_01__000387335__pre2_label2_old_main,vehicle_instability_allraw__zx__2025_09_27_18_07_01__000387335,zx,2025_09_27_18_07_01,pre2_label2_old_main,session_level_split,train,structure_best,0.062155112624168396,0.15707993507385254,0.016777759417891502,0.14030217565596104,0.10681032819375236,0,1,1.4100000262260437,0.7300000190734863,0.16801392566412687,1,1,0,0,1,0,0,0,0,1,0,structure_best
vehicle_instability_allraw__zx__2025_09_27_18_07_01__000431470__pre2_label2_old_main,vehicle_instability_allraw__zx__2025_09_27_18_07_01__000431470,zx,2025_09_27_18_07_01,pre2_label2_old_main,session_level_split,train,structure_best,0.6691641807556152,1.2885762453079224,0.5829116106033325,0.7056646347045898,0.45236873854060383,1,0,0.4500000476837158,0.16500000189989805,0.7113942503929138,1,1,3,30,0,1,1,0,0,1,0,structure_best
vehicle_instability_allraw__zx__2025_09_27_18_07_01__000492380__pre2_label2_old_main,vehicle_instability_allraw__zx__2025_09_27_18_07_01__000492380,zx,2025_09_27_18_07_01,pre2_label2_old_main,session_level_split,train,structure_best,0.4329482614994049,0.796218991279602,0.2831800580024719,0.5130389332771301,0.3556559955287851,1,0,0.04499995708465576,0.35500001441687346,0.5141004621982574,1,1,1,1,1,0,0,0,0,1,0,structure_best
vehicle_instability_allraw__zx__2025_09_27_18_07_01__000550085__pre2_label2_old_main,vehicle_instability_allraw__zx__2025_09_27_18_07_01__000550085,zx,2025_09_27_18_07_01,pre2_label2_old_main,session_level_split,train,structure_best,0.1794106662273407,0.5265650749206543,0.11940105259418488,0.4071640223264694,0.22675459934781447,1,0,0.46000003814697266,0.11000001430511475,0.22384434938430786,0,1,2,8,0,1,1,0,0,1,0,structure_best
vehicle_instability_allraw__zx__2025_09_27_18_07_01__000584705__pre2_label2_old_main,vehicle_instability_allraw__zx__2025_09_27_18_07_01__000584705,zx,2025_09_27_18_07_01,pre2_label2_old_main,session_level_split,train,structure_best,0.24576768279075623,0.21816617250442505,0.39946475625038147,0.18129858374595642,1.8310114334626242,0,1,1.2450000047683716,0.05999999772757292,0.047228723764419556,0,0,2,27,0,1,1,0,0,0,0,structure_best
vehicle_instability_allraw__zx__2025_09_27_18_17_48__000080870__pre2_label2_old_main,vehicle_instability_allraw__zx__2025_09_27_18_17_48__000080870,zx,2025_09_27_18_17_48,pre2_label2_old_main,session_level_split,train,structure_best,0.9334736466407776,1.6975070238113403,0.3649454116821289,1.3325616121292114,0.2149890436757855,1,0,0.2700001001358032,0.18999999295920134,0.9260303378105164,1,1,2,4,0,1,1,1,0,1,1,structure_best
vehicle_instability_allraw__zx__2025_09_27_18_17_48__000096340__pre2_label2_old_main,vehicle_instability_allraw__zx__2025_09_27_18_17_48__000096340,zx,2025_09_27_18_17_48,pre2_label2_old_main,session_level_split,train,structure_best,1.1203011274337769,1.7685450315475464,0.5505713820457458,1.2179736495018005,0.31131318243221334,1,0,0.4950000047683716,0.15499999653548002,0.24774837493896484,0,1,2,8,0,1,1,1,0,1,1,structure_best
vehicle_instability_allraw__zx__2025_09_27_18_17_48__000145260__pre2_label2_old_main,vehicle_instability_allraw__zx__2025_09_27_18_17_48__000145260,zx,2025_09_27_18_17_48,pre2_label2_old_main,session_level_split,train,structure_best,0.2755764126777649,1.2910150289535522,0.7094848155975342,0.5815302133560181,0.5495558143677194,1,0,0.0,0.6200000047683716,0.5833308100700378,0,0,2,9,0,1,1,0,0,0,0,structure_best
vehicle_instability_allraw__zx__2025_09_27_18_17_48__000176840__pre2_label2_old_main,vehicle_instability_allraw__zx__2025_09_27_18_17_48__000176840,zx,2025_09_27_18_17_48,pre2_label2_old_main,session_level_split,train,structure_best,0.7817128896713257,0.9447463750839233,0.4575378894805908,0.4872084856033325,0.4842970574403601,0,1,0.9050000905990601,0.1149999974295497,0.016632765531539917,0,1,2,13,0,1,1,0,0,1,0,structure_best
vehicle_instability_allraw__zx__2025_09_27_18_17_48__000205030__pre2_label2_old_main,vehicle_instability_allraw__zx__2025_09_27_18_17_48__000205030,zx,2025_09_27_18_17_48,pre2_label2_old_main,session_level_split,train,structure_best,0.29590269923210144,1.0098472833633423,0.34363535046577454,0.6662119328975677,0.34028447283759716,1,0,0.059999942779541016,1.4700000239536166,0.6671176552772522,1,0,2,27,0,1,1,0,0,1,0,structure_best
vehicle_instability_allraw__zx__2025_09_27_18_17_48__000230970__pre2_label2_old_main,vehicle_instability_allraw__zx__2025_09_27_18_17_48__000230970,zx,2025_09_27_18_17_48,pre2_label2_old_main,session_level_split,train,structure_best,0.4822794795036316,0.5782279968261719,0.5118342041969299,0.06639379262924194,0.8851771394784238,1,0,0.36500000953674316,0.1450000060722232,0.048079609870910645,0,1,3,37,0,1,1,0,0,0,0,structure_best
vehicle_instability_allraw__zx__2025_09_27_18_17_48__000253945__pre2_label2_old_main,vehicle_instability_allraw__zx__2025_09_27_18_17_48__000253945,zx,2025_09_27_18_17_48,pre2_label2_old_main,session_level_split,train,structure_best,0.6825758814811707,1.214576005935669,0.30825409293174744,0.9063219130039215,0.2537956384987852,1,0,0.2250000238418579,0.34999998938292265,0.5991572439670563,0,1,4,36,0,1,1,0,0,1,0,structure_best
vehicle_instability_allraw__zx__2025_09_27_18_17_48__000280415__pre2_label2_old_main,vehicle_instability_allraw__zx__2025_09_27_18_17_48__000280415,zx,2025_09_27_18_17_48,pre2_label2_old_main,session_level_split,train,structure_best,0.17541497945785522,0.5892236828804016,0.39560145139694214,0.19362223148345947,0.6713943497027424,1,0,0.6349999904632568,0.2700000060722232,0.29125597327947617,0,0,1,0,0,0,0,0,0,0,0,structure_best
vehicle_instability_allraw__zx__2025_09_27_18_17_48__000307245__pre2_label2_old_main,vehicle_instability_allraw__zx__2025_09_27_18_17_48__000307245,zx,2025_09_27_18_17_48,pre2_label2_old_main,session_level_split,train,structure_best,0.809907078742981,1.8418450355529785,0.3285553753376007,1.5132896602153778,0.1783838319704015,1,0,0.18500006198883057,0.9350000619888306,0.6771320104598999,0,1,2,23,0,1,1,1,0,1,1,structure_best
vehicle_instability_allraw__zx__2025_09_27_18_17_48__000377105__pre2_label2_old_main,vehicle_instability_allraw__zx__2025_09_27_18_17_48__000377105,zx,2025_09_27_18_17_48,pre2_label2_old_main,session_level_split,train,structure_best,0.6990402340888977,1.170593023300171,0.5763152241706848,0.5942777991294861,0.4923275747414927,1,0,0.15000009536743164,0.13500000070780516,0.5519611239433289,0,1,2,4,0,1,1,0,0,1,0,structure_best
vehicle_instability_allraw__zx__2025_09_27_18_17_48__000435575__pre2_label2_old_main,vehicle_instability_allraw__zx__2025_09_27_18_17_48__000435575,zx,2025_09_27_18_17_48,pre2_label2_old_main,session_level_split,train,structure_best,0.4240267276763916,0.5298818945884705,0.582206130027771,0.05232423543930054,1.0987469773428244,1,0,0.630000114440918,0.8650000048801303,0.3635580241680145,1,1,2,4,0,1,1,0,0,0,0,structure_best
vehicle_instability_allraw__zx__2025_09_27_18_17_48__000468965__pre2_label2_old_main,vehicle_instability_allraw__zx__2025_09_27_18_17_48__000468965,zx,2025_09_27_18_17_48,pre2_label2_old_main,session_level_split,train,structure_best,0.23394419252872467,0.4288279712200165,0.20169779658317566,0.22713017463684082,0.4703466427559401,1,0,0.41499996185302734,0.11000000219792128,0.3426008075475693,1,1,3,22,0,1,1,0,0,1,0,structure_best
vehicle_instability_allraw__zx__2025_09_27_18_17_48__000492875__pre2_label2_old_main,vehicle_instability_allraw__zx__2025_09_27_18_17_48__000492875,zx,2025_09_27_18_17_48,pre2_label2_old_main,session_level_split,train,structure_best,0.23695407807826996,0.006279945373535156,0.24104051291942596,0.2347605675458908,38.382581150341686,1,0,1.4000000357627869,1.9900000048801303,0.2321879118680954,1,1,0,0,1,0,0,0,0,0,0,structure_best
vehicle_instability_allraw__zx__2025_09_27_18_17_48__000522640__pre2_label2_old_main,vehicle_instability_allraw__zx__2025_09_27_18_17_48__000522640,zx,2025_09_27_18_17_48,pre2_label2_old_main,session_level_split,train,structure_best,0.502703070640564,1.4243640899658203,0.8391409516334534,0.5852231383323669,0.5891337457500699,1,0,0.0549999475479126,0.5049999905750155,0.5870082378387451,0,1,1,10,0,0,1,1,1,0,0,structure_best
vehicle_instability_allraw__zx__2025_09_27_18_17_48__000534070__pre2_label2_old_main,vehicle_instability_allraw__zx__2025_09_27_18_17_48__000534070,zx,2025_09_27_18_17_48,pre2_label2_old_main,session_level_split,train,structure_best,0.4256500005722046,0.4527379870414734,0.5910009741783142,0.13826298713684082,1.305392944913578,1,0,0.39499998092651367,0.08999999891966581,0.14858806133270264,0,1,1,17,0,0,1,0,0,0,0,structure_best
vehicle_instability_allraw__zx__2025_09_27_18_17_48__000554770__pre2_label2_old_main,vehicle_instability_allraw__zx__2025_09_27_18_17_48__000554770,zx,2025_09_27_18_17_48,pre2_label2_old_main,session_level_split,train,structure_best,0.5459935069084167,0.45012038946151733,1.029771327972412,0.5796509385108948,2.287768677185088,1,0,0.2749999761581421,0.9499999834224582,0.1661536991596222,0,1,2,39,0,1,1,0,0,0,0,structure_best
vehicle_instability_allraw__zxy__2025_09_28_16_12_11__000090925__pre2_label2_old_main,vehicle_instability_allraw__zxy__2025_09_28_16_12_11__000090925,zxy,2025_09_28_16_12_11,pre2_label2_old_main,session_level_split,train,structure_best,0.6246160268783569,0.8772020936012268,0.35155707597732544,0.5256450176239014,0.4007709039248396,0,1,0.4150000810623169,0.18499999772757292,0.43433334678411484,0,1,5,8,0,1,1,0,0,1,0,structure_best
vehicle_instability_allraw__zxy__2025_09_28_16_12_11__000137440__pre2_label2_old_main,vehicle_instability_allraw__zxy__2025_09_28_16_12_11__000137440,zxy,2025_09_28_16_12_11,pre2_label2_old_main,session_level_split,train,structure_best,0.22761696577072144,0.7414107322692871,0.5097751021385193,0.23163563013076782,0.6875744846290738,1,0,0.5950000286102295,0.5849999785423279,0.6288237273693085,1,1,5,3,0,1,1,0,0,0,0,structure_best
vehicle_instability_allraw__zxy__2025_09_28_16_12_11__000283050__pre2_label2_old_main,vehicle_instability_allraw__zxy__2025_09_28_16_12_11__000283050,zxy,2025_09_28_16_12_11,pre2_label2_old_main,session_level_split,train,structure_best,0.3166084885597229,0.5078909993171692,0.5642815232276917,0.05639052391052246,1.1110287915838957,1,0,0.4700000286102295,0.3600000096485019,0.3535226881504059,1,0,3,35,0,1,1,0,0,0,0,structure_best
vehicle_instability_allraw__zxy__2025_09_28_16_12_11__000387335__pre2_label2_old_main,vehicle_instability_allraw__zxy__2025_09_28_16_12_11__000387335,zxy,2025_09_28_16_12_11,pre2_label2_old_main,session_level_split,train,structure_best,0.4550313949584961,1.0789631605148315,0.26527559757232666,0.8136875629425049,0.2458615894223389,1,0,0.1549999713897705,0.8650000048801303,0.01122388243675232,0,1,1,5,0,0,1,0,0,1,0,structure_best
vehicle_instability_allraw__zxy__2025_09_28_16_12_11__000583615__pre2_label2_old_main,vehicle_instability_allraw__zxy__2025_09_28_16_12_11__000583615,zxy,2025_09_28_16_12_11,pre2_label2_old_main,session_level_split,train,structure_best,0.6758841276168823,1.623155951499939,0.36272215843200684,1.2604337930679321,0.22346722636036276,1,0,0.48000001907348633,1.2899999571964145,1.2684537470340729,1,1,4,39,0,1,1,1,0,1,1,structure_best
vehicle_instability_allraw__zxy__2025_09_28_16_25_51__000075720__pre2_label2_old_main,vehicle_instability_allraw__zxy__2025_09_28_16_25_51__000075720,zxy,2025_09_28_16_25_51,pre2_label2_old_main,session_level_split,train,structure_best,0.5312305092811584,1.3763669729232788,0.6796466112136841,0.6967203617095947,0.4937975297170755,1,0,0.5700000524520874,0.6800000024959445,0.09923899173736572,0,1,2,8,0,1,1,1,0,1,0,structure_best
vehicle_instability_allraw__zxy__2025_09_28_16_25_51__000121595__pre2_label2_old_main,vehicle_instability_allraw__zxy__2025_09_28_16_25_51__000121595,zxy,2025_09_28_16_25_51,pre2_label2_old_main,session_level_split,train,structure_best,0.2764762043952942,0.9423000812530518,0.6424553990364075,0.2998446822166443,0.6817949099421525,1,0,0.40000003576278687,0.3050000071525574,0.13854870200157166,0,1,3,22,0,1,1,0,0,0,0,structure_best
vehicle_instability_allraw__zxy__2025_09_28_16_25_51__000164340__pre2_label2_old_main,vehicle_instability_allraw__zxy__2025_09_28_16_25_51__000164340,zxy,2025_09_28_16_25_51,pre2_label2_old_main,session_level_split,train,structure_best,0.3161212205886841,0.5681046843528748,0.10595475137233734,0.4621499329805374,0.18650568159463404,0,1,0.004999995231628418,1.7000000178813934,0.1417984962463379,0,1,5,51,0,1,1,0,0,1,0,structure_best
vehicle_instability_allraw__zxy__2025_09_28_16_25_51__000254260__pre2_label2_old_main,vehicle_instability_allraw__zxy__2025_09_28_16_25_51__000254260,zxy,2025_09_28_16_25_51,pre2_label2_old_main,session_level_split,train,structure_best,0.10480053722858429,0.31782469153404236,0.08204172551631927,0.23578296601772308,0.258135153440499,1,0,0.004999995231628418,1.6350000351667404,0.23578296601772308,1,0,4,21,0,1,1,0,0,1,0,structure_best
vehicle_instability_allraw__zxy__2025_09_28_16_25_51__000417935__pre2_label2_old_main,vehicle_instability_allraw__zxy__2025_09_28_16_25_51__000417935,zxy,2025_09_28_16_25_51,pre2_label2_old_main,session_level_split,train,structure_best,0.432952880859375,0.9688330292701721,0.5299093127250671,0.438923716545105,0.5469562831938658,1,0,0.35500001907348633,1.0049999905750155,0.1804969608783722,0,1,4,12,0,1,1,0,0,0,0,structure_best
vehicle_instability_allraw__zxy__2025_09_28_16_25_51__000433375__pre2_label2_old_main,vehicle_instability_allraw__zxy__2025_09_28_16_25_51__000433375,zxy,2025_09_28_16_25_51,pre2_label2_old_main,session_level_split,train,structure_best,0.2191079705953598,0.3305653929710388,0.04094855114817619,0.2896168418228626,0.12387428333057157,1,0,0.4150000810623169,1.9300000071525574,0.10612425953149796,0,1,4,49,0,1,1,0,0,1,0,structure_best
vehicle_instability_allraw__cwh__2025_09_26_19_56_16__000080745__pre2_label2_old_main,vehicle_instability_allraw__cwh__2025_09_26_19_56_16__000080745,cwh,2025_09_26_19_56_16,pre2_label2_old_main,session_level_split,val,structure_best,0.4409586191177368,0.4502948820590973,0.6589590311050415,0.2086641490459442,1.4633944496365803,1,0,0.880000114440918,0.5149999810382724,0.4164941906929016,1,1,2,12,0,1,1,0,0,0,0,structure_best
vehicle_instability_allraw__cwh__2025_09_26_19_56_16__000181990__pre2_label2_old_main,vehicle_instability_allraw__cwh__2025_09_26_19_56_16__000181990,cwh,2025_09_26_19_56_16,pre2_label2_old_main,session_level_split,val,structure_best,0.5755285024642944,0.5911429524421692,0.8566605448722839,0.26551759243011475,1.4491597021214424,1,0,0.2600001096725464,0.6849999977275729,0.3262428045272827,1,1,2,22,0,1,1,0,0,0,0,structure_best
vehicle_instability_allraw__cwh__2025_09_26_19_56_16__000205130__pre2_label2_old_main,vehicle_instability_allraw__cwh__2025_09_26_19_56_16__000205130,cwh,2025_09_26_19_56_16,pre2_label2_old_main,session_level_split,val,structure_best,0.49256178736686707,0.8892450332641602,0.3559560775756836,0.5332889556884766,0.4002902060291214,1,0,0.08500003814697266,0.13000000547617674,0.5318845212459564,1,1,1,13,0,0,1,0,0,1,0,structure_best
vehicle_instability_allraw__cwh__2025_09_26_19_56_16__000213660__pre2_label2_old_main,vehicle_instability_allraw__cwh__2025_09_26_19_56_16__000213660,cwh,2025_09_26_19_56_16,pre2_label2_old_main,session_level_split,val,structure_best,0.521526038646698,1.1243412494659424,0.5513004660606384,0.573040783405304,0.49033197556569585,1,0,0.2849999666213989,1.0549999428912997,0.546100914478302,0,1,2,25,0,1,1,0,0,1,0,structure_best
vehicle_instability_allraw__cwh__2025_09_26_19_56_16__000287875__pre2_label2_old_main,vehicle_instability_allraw__cwh__2025_09_26_19_56_16__000287875,cwh,2025_09_26_19_56_16,pre2_label2_old_main,session_level_split,val,structure_best,0.3826182782649994,0.9805259704589844,0.42654484510421753,0.5539811253547668,0.43501636667976457,1,0,0.25,0.40999999176710844,0.6285271048545837,1,1,2,20,0,1,1,0,0,1,0,structure_best
vehicle_instability_allraw__cwh__2025_09_26_19_56_16__000309365__pre2_label2_old_main,vehicle_instability_allraw__cwh__2025_09_26_19_56_16__000309365,cwh,2025_09_26_19_56_16,pre2_label2_old_main,session_level_split,val,structure_best,0.6580714583396912,1.358564019203186,0.603878915309906,0.75468510389328,0.4444979454586823,1,0,0.8000000715255737,0.41499998699873686,0.09215342998504639,0,1,2,4,0,1,1,0,0,1,0,structure_best
vehicle_instability_allraw__cwh__2025_09_26_19_56_16__000329785__pre2_label2_old_main,vehicle_instability_allraw__cwh__2025_09_26_19_56_16__000329785,cwh,2025_09_26_19_56_16,pre2_label2_old_main,session_level_split,val,structure_best,0.7121990919113159,1.5020259618759155,0.6045740246772766,0.8974519371986389,0.4025057089707091,1,0,0.2999999523162842,0.1149999974295497,0.09367156028747559,0,1,2,45,0,1,1,1,0,1,0,structure_best
vehicle_instability_allraw__cwh__2025_09_26_19_56_16__000388180__pre2_label2_old_main,vehicle_instability_allraw__cwh__2025_09_26_19_56_16__000388180,cwh,2025_09_26_19_56_16,pre2_label2_old_main,session_level_split,val,structure_best,0.348537415266037,0.9496341347694397,0.4488127827644348,0.5008213520050049,0.4726165228605661,1,0,0.6700000762939453,0.5500000072643161,0.23244307935237885,0,1,2,0,0,1,0,0,0,1,0,structure_best
vehicle_instability_allraw__jy__2025_09_26_18_01_40__000064705__pre2_label2_old_main,vehicle_instability_allraw__jy__2025_09_26_18_01_40__000064705,jy,2025_09_26_18_01_40,pre2_label2_old_main,session_level_split,val,structure_best,0.5351306796073914,1.2203320264816284,0.34247756004333496,0.8778544664382935,0.2806429337356171,1,0,0.10500001907348633,0.9250000072643161,0.4550483822822571,0,1,6,91,0,1,1,0,0,1,0,structure_best
vehicle_instability_allraw__jy__2025_09_26_18_01_40__000136325__pre2_label2_old_main,vehicle_instability_allraw__jy__2025_09_26_18_01_40__000136325,jy,2025_09_26_18_01_40,pre2_label2_old_main,session_level_split,val,structure_best,0.30591410398483276,1.1634371280670166,1.3238694667816162,0.1604323387145996,1.1378951512241564,1,0,0.33000001311302185,0.09500000160187483,0.6469441056251526,1,0,3,21,0,1,1,0,0,0,0,structure_best
vehicle_instability_allraw__jy__2025_09_26_18_01_40__000198735__pre2_label2_old_main,vehicle_instability_allraw__jy__2025_09_26_18_01_40__000198735,jy,2025_09_26_18_01_40,pre2_label2_old_main,session_level_split,val,structure_best,0.8169282674789429,1.3861379623413086,0.8670948147773743,0.5190431475639343,0.6255472675409417,1,0,0.434999942779541,0.10499999951571226,0.19192051887512207,0,1,4,22,0,1,1,0,0,0,0,structure_best
vehicle_instability_allraw__jy__2025_09_26_18_01_40__000268335__pre2_label2_old_main,vehicle_instability_allraw__jy__2025_09_26_18_01_40__000268335,jy,2025_09_26_18_01_40,pre2_label2_old_main,session_level_split,val,structure_best,0.20575305819511414,0.30019599199295044,0.11915320158004761,0.18104279041290283,0.39691802941474885,1,0,0.0,0.3700000001117587,0.18104279041290283,1,1,2,43,0,1,1,0,0,1,0,structure_best
vehicle_instability_allraw__jy__2025_09_26_18_01_40__000326600__pre2_label2_old_main,vehicle_instability_allraw__jy__2025_09_26_18_01_40__000326600,jy,2025_09_26_18_01_40,pre2_label2_old_main,session_level_split,val,structure_best,0.6209107637405396,1.1723370552062988,0.3533182144165039,0.8190188407897949,0.30137937963099676,1,0,0.5300000905990601,0.1450000060722232,0.08384305238723755,0,1,5,0,0,1,0,0,0,1,0,structure_best
vehicle_instability_allraw__jy__2025_09_26_18_01_40__000403800__pre2_label2_old_main,vehicle_instability_allraw__jy__2025_09_26_18_01_40__000403800,jy,2025_09_26_18_01_40,pre2_label2_old_main,session_level_split,val,structure_best,0.3546876311302185,0.474729984998703,0.3297000229358673,0.1450299620628357,0.6945001018563596,1,0,0.3500000238418579,0.44499998819082975,0.13754722476005554,0,1,2,0,0,1,0,0,0,0,0,structure_best
vehicle_instability_allraw__jy__2025_09_26_18_01_40__000498140__pre2_label2_old_main,vehicle_instability_allraw__jy__2025_09_26_18_01_40__000498140,jy,2025_09_26_18_01_40,pre2_label2_old_main,session_level_split,val,structure_best,0.3221210837364197,0.6000442504882812,0.2887679934501648,0.31127625703811646,0.48124449691032306,1,0,0.12999999523162842,0.12499999534338713,0.3079456090927124,1,1,1,31,0,0,1,0,0,1,0,structure_best
vehicle_instability_allraw__lx__2025_09_26_08_58_43__000154775__pre2_label2_old_main,vehicle_instability_allraw__lx__2025_09_26_08_58_43__000154775,lx,2025_09_26_08_58_43,pre2_label2_old_main,session_level_split,val,structure_best,0.3924165964126587,1.279327392578125,1.3078597784042358,0.02853238582611084,1.02230264589943,1,0,0.009999990463256836,0.19500000309199095,0.027304530143737793,0,0,6,24,0,1,1,0,0,0,0,structure_best
vehicle_instability_allraw__lx__2025_09_26_08_58_43__000250000__pre2_label2_old_main,vehicle_instability_allraw__lx__2025_09_26_08_58_43__000250000,lx,2025_09_26_08_58_43,pre2_label2_old_main,session_level_split,val,structure_best,1.3011119365692139,2.241180896759033,0.5325267314910889,1.7086541652679443,0.23760988337049213,1,0,0.04999995231628418,0.17500000726431608,1.7104009985923767,1,1,3,6,0,1,1,1,0,1,1,structure_best
vehicle_instability_allraw__lx__2025_09_26_09_06_38__000064800__pre2_label2_old_main,vehicle_instability_allraw__lx__2025_09_26_09_06_38__000064800,lx,2025_09_26_09_06_38,pre2_label2_old_main,session_level_split,val,structure_best,0.15558750927448273,0.3419094979763031,0.19070491194725037,0.15120458602905273,0.5577643004245166,1,0,1.0450000017881393,0.6949999881908298,0.1388702467083931,0,1,2,43,0,1,1,0,0,0,0,structure_best
vehicle_instability_allraw__lx__2025_09_26_09_06_38__000215020__pre2_label2_old_main,vehicle_instability_allraw__lx__2025_09_26_09_06_38__000215020,lx,2025_09_26_09_06_38,pre2_label2_old_main,session_level_split,val,structure_best,0.27029454708099365,0.7211702466011047,0.6917715072631836,0.029398739337921143,0.959234675201205,1,0,0.43000006675720215,0.17500000726431608,0.035186767578125,0,0,4,35,0,1,1,0,0,0,0,structure_best
vehicle_instability_allraw__lx__2025_09_26_09_06_38__000220235__pre2_label2_old_main,vehicle_instability_allraw__lx__2025_09_26_09_06_38__000220235,lx,2025_09_26_09_06_38,pre2_label2_old_main,session_level_split,val,structure_best,0.8286833167076111,1.7544076442718506,0.8779719471931458,0.8764356970787048,0.5004378258722985,1,0,0.36000001430511475,0.9700000239536166,0.6756883859634399,0,1,4,22,0,1,1,1,1,0,1,structure_best
vehicle_instability_allraw__rjy__2025_09_28_20_15_42__000053260__pre2_label2_old_main,vehicle_instability_allraw__rjy__2025_09_28_20_15_42__000053260,rjy,2025_09_28_20_15_42,pre2_label2_old_main,session_level_split,val,structure_best,0.6854507327079773,1.3060343265533447,0.06105279549956322,1.2449815310537815,0.046746700494988504,0,1,1.7050000336021185,0.8600000143051147,1.3193214572966099,1,1,3,64,0,1,1,0,0,1,0,structure_best
vehicle_instability_allraw__rjy__2025_09_28_20_15_42__000083920__pre2_label2_old_main,vehicle_instability_allraw__rjy__2025_09_28_20_15_42__000083920,rjy,2025_09_28_20_15_42,pre2_label2_old_main,session_level_split,val,structure_best,0.7879324555397034,1.397834062576294,0.8754762411117554,0.5223578214645386,0.6263091339312471,1,0,0.5200001001358032,0.23499999474734068,0.05758017301559448,0,1,2,29,0,1,1,0,0,0,0,structure_best
vehicle_instability_allraw__rjy__2025_09_28_20_15_42__000141460__pre2_label2_old_main,vehicle_instability_allraw__rjy__2025_09_28_20_15_42__000141460,rjy,2025_09_28_20_15_42,pre2_label2_old_main,session_level_split,val,structure_best,0.8012704253196716,0.6185445785522461,0.5209141373634338,0.09763044118881226,0.8421610267487523,0,1,0.9750000834465027,0.13000000547617674,0.7529383897781372,1,1,5,27,0,1,1,0,0,0,0,structure_best
vehicle_instability_allraw__rjy__2025_09_28_20_15_42__000176595__pre2_label2_old_main,vehicle_instability_allraw__rjy__2025_09_28_20_15_42__000176595,rjy,2025_09_28_20_15_42,pre2_label2_old_main,session_level_split,val,structure_best,0.3322659730911255,0.5485569834709167,0.6198254823684692,0.07126849889755249,1.1299199555287969,1,0,1.01500004529953,0.3050000024959445,0.2838035225868225,1,1,3,6,0,1,1,0,0,0,0,structure_best
vehicle_instability_allraw__rjy__2025_09_28_20_15_42__000180710__pre2_label2_old_main,vehicle_instability_allraw__rjy__2025_09_28_20_15_42__000180710,rjy,2025_09_28_20_15_42,pre2_label2_old_main,session_level_split,val,structure_best,0.8525099158287048,1.3423329591751099,0.29043862223625183,1.051894336938858,0.2163685397509215,1,0,0.43500006198883057,0.09999999683350325,0.9985002875328064,1,1,4,0,0,1,0,0,0,1,0,structure_best
vehicle_instability_allraw__rjy__2025_09_28_20_15_42__000207755__pre2_label2_old_main,vehicle_instability_allraw__rjy__2025_09_28_20_15_42__000207755,rjy,2025_09_28_20_15_42,pre2_label2_old_main,session_level_split,val,structure_best,0.3602924644947052,0.4818854033946991,0.591197669506073,0.1093122661113739,1.2268428662526623,1,0,0.08000004291534424,0.5900000287219882,0.18025615811347961,0,1,5,4,0,1,1,0,0,0,0,structure_best
vehicle_instability_allraw__rjy__2025_09_28_20_15_42__000221270__pre2_label2_old_main,vehicle_instability_allraw__rjy__2025_09_28_20_15_42__000221270,rjy,2025_09_28_20_15_42,pre2_label2_old_main,session_level_split,val,structure_best,0.39927563071250916,0.7922049760818481,0.49314066767692566,0.2990643084049225,0.6224912523472661,1,0,0.2250000238418579,0.45000001322478056,0.9117746949195862,1,1,3,39,0,1,1,0,0,0,0,structure_best
vehicle_instability_allraw__rjy__2025_09_28_20_15_42__000243190__pre2_label2_old_main,vehicle_instability_allraw__rjy__2025_09_28_20_15_42__000243190,rjy,2025_09_28_20_15_42,pre2_label2_old_main,session_level_split,val,structure_best,0.36386194825172424,0.5230798721313477,0.04460185393691063,0.478478018194437,0.08526776944250478,0,1,1.9900000002235174,1.760000005364418,0.564257588237524,1,0,2,0,0,1,0,0,0,1,0,structure_best
vehicle_instability_allraw__rjy__2025_09_28_20_15_42__000263080__pre2_label2_old_main,vehicle_instability_allraw__rjy__2025_09_28_20_15_42__000263080,rjy,2025_09_28_20_15_42,pre2_label2_old_main,session_level_split,val,structure_best,0.8339528441429138,0.9004119634628296,0.13220104575157166,0.7682109177112579,0.14682284456011577,0,1,1.065000057220459,1.905000001192093,1.0077299624681473,1,0,4,0,0,1,0,0,0,1,0,structure_best
vehicle_instability_allraw__rjy__2025_09_28_20_15_42__000329805__pre2_label2_old_main,vehicle_instability_allraw__rjy__2025_09_28_20_15_42__000329805,rjy,2025_09_28_20_15_42,pre2_label2_old_main,session_level_split,val,structure_best,0.07399808615446091,0.36372628808021545,0.31542450189590454,0.04830178618431091,0.8672029276760481,1,0,0.059999942779541016,0.19500000309199095,0.04812780022621155,0,0,0,7,0,0,1,0,0,0,0,structure_best
vehicle_instability_allraw__rjy__2025_09_28_20_15_42__000378840__pre2_label2_old_main,vehicle_instability_allraw__rjy__2025_09_28_20_15_42__000378840,rjy,2025_09_28_20_15_42,pre2_label2_old_main,session_level_split,val,structure_best,0.1282765418291092,0.3790860176086426,0.3032214939594269,0.0758645236492157,0.7998751731129898,1,0,0.014999985694885254,0.3950000060722232,0.07616344094276428,0,0,2,0,0,1,0,0,0,0,0,structure_best
vehicle_instability_allraw__rjy__2025_09_28_20_15_42__000382075__pre2_label2_old_main,vehicle_instability_allraw__rjy__2025_09_28_20_15_42__000382075,rjy,2025_09_28_20_15_42,pre2_label2_old_main,session_level_split,val,structure_best,0.8879055380821228,2.055994987487793,0.11564414203166962,1.9403508454561234,0.05624728792406953,1,0,0.11000001430511475,0.9850000143051147,1.2291593551635742,1,1,2,27,0,1,1,1,0,1,1,structure_best
vehicle_instability_allraw__rjy__2025_09_28_20_15_42__000404975__pre2_label2_old_main,vehicle_instability_allraw__rjy__2025_09_28_20_15_42__000404975,rjy,2025_09_28_20_15_42,pre2_label2_old_main,session_level_split,val,structure_best,0.6797361969947815,1.5289053916931152,0.27127930521965027,1.257626086473465,0.1774336768603024,1,0,0.02499997615814209,1.199999988079071,0.7333071827888489,0,1,6,32,0,1,1,1,0,1,0,structure_best
vehicle_instability_allraw__rjy__2025_09_28_20_15_42__000465625__pre2_label2_old_main,vehicle_instability_allraw__rjy__2025_09_28_20_15_42__000465625,rjy,2025_09_28_20_15_42,pre2_label2_old_main,session_level_split,val,structure_best,0.4841398000717163,1.5016840696334839,0.5241488814353943,0.9775351881980896,0.34904071504422585,1,0,0.13000011444091797,0.1450000060722232,0.8049315810203552,1,0,5,1,0,1,0,1,0,1,0,structure_best
vehicle_instability_allraw__rjy__2025_09_28_20_15_42__000547420__pre2_label2_old_main,vehicle_instability_allraw__rjy__2025_09_28_20_15_42__000547420,rjy,2025_09_28_20_15_42,pre2_label2_old_main,session_level_split,val,structure_best,0.2627388834953308,0.41032809019088745,0.054387059062719345,0.3559410311281681,0.13254529817205082,1,0,0.6650000121444464,1.935000006109476,0.31792207434773445,1,1,3,0,0,1,0,0,0,1,0,structure_best
vehicle_instability_allraw__rjy__2025_09_28_20_15_42__000560065__pre2_label2_old_main,vehicle_instability_allraw__rjy__2025_09_28_20_15_42__000560065,rjy,2025_09_28_20_15_42,pre2_label2_old_main,session_level_split,val,structure_best,0.11381092667579651,0.1830849051475525,0.2363569736480713,0.0532720685005188,1.2909692006426503,1,0,1.8100000526756048,0.06500000040978193,0.18262603878974915,1,0,1,1,1,0,0,0,0,0,0,structure_best
vehicle_instability_allraw__rjy__2025_09_28_20_15_42__000576845__pre2_label2_old_main,vehicle_instability_allraw__rjy__2025_09_28_20_15_42__000576845,rjy,2025_09_28_20_15_42,pre2_label2_old_main,session_level_split,val,structure_best,0.3459395468235016,0.7536333799362183,0.167911097407341,0.5857222825288773,0.22280209698454667,1,0,0.4700000286102295,0.14000000059604645,0.2619711011648178,0,1,3,14,0,1,1,0,0,1,0,structure_best
vehicle_instability_allraw__txj__2025_09_27_08_40_46__000101490__pre2_label2_old_main,vehicle_instability_allraw__txj__2025_09_27_08_40_46__000101490,txj,2025_09_27_08_40_46,pre2_label2_old_main,session_level_split,val,structure_best,0.34415534138679504,0.5785759687423706,0.09648513793945312,0.4820908308029175,0.1667631273196143,1,0,0.9199999868869781,1.8650000095367432,0.24031727015972137,0,1,4,1,0,1,0,0,0,1,0,structure_best
vehicle_instability_allraw__txj__2025_09_27_08_40_46__000127395__pre2_label2_old_main,vehicle_instability_allraw__txj__2025_09_27_08_40_46__000127395,txj,2025_09_27_08_40_46,pre2_label2_old_main,session_level_split,val,structure_best,1.88752281665802,4.216361999511719,0.5928003191947937,3.623561680316925,0.1405952143728275,1,0,0.039999961853027344,1.4850000143051147,0.8535361289978027,0,1,2,17,0,1,1,1,0,1,1,structure_best
vehicle_instability_allraw__txj__2025_09_27_08_40_46__000139565__pre2_label2_old_main,vehicle_instability_allraw__txj__2025_09_27_08_40_46__000139565,txj,2025_09_27_08_40_46,pre2_label2_old_main,session_level_split,val,structure_best,0.6671467423439026,0.2876300811767578,0.5142119526863098,0.226581871509552,1.7877544329944761,0,1,0.9300000071525574,0.2700000060722232,0.5993515253067017,1,0,1,0,0,0,0,0,0,0,0,structure_best
vehicle_instability_allraw__txj__2025_09_27_08_40_46__000148560__pre2_label2_old_main,vehicle_instability_allraw__txj__2025_09_27_08_40_46__000148560,txj,2025_09_27_08_40_46,pre2_label2_old_main,session_level_split,val,structure_best,2.281409502029419,2.634920120239258,0.41010618209838867,2.224813938140869,0.15564273806567994,0,1,1.4950000047683716,1.425000011920929,3.042552888393402,1,1,3,0,0,1,0,1,0,1,1,structure_best
vehicle_instability_allraw__txj__2025_09_27_08_40_46__000197190__pre2_label2_old_main,vehicle_instability_allraw__txj__2025_09_27_08_40_46__000197190,txj,2025_09_27_08_40_46,pre2_label2_old_main,session_level_split,val,structure_best,0.3493284285068512,0.8894202709197998,0.6721082925796509,0.21731197834014893,0.7556700859590098,1,0,0.309999942779541,0.2450000001117587,0.007311642169952393,0,1,2,18,0,1,1,0,0,0,0,structure_best
vehicle_instability_allraw__txj__2025_09_27_08_40_46__000234385__pre2_label2_old_main,vehicle_instability_allraw__txj__2025_09_27_08_40_46__000234385,txj,2025_09_27_08_40_46,pre2_label2_old_main,session_level_split,val,structure_best,0.4249337613582611,1.0271259546279907,0.23271530866622925,0.7944106459617615,0.22656939747035715,1,0,0.4950000047683716,0.16000000666826963,0.7977097183465958,1,1,1,0,0,0,0,0,0,1,0,structure_best
vehicle_instability_allraw__txj__2025_09_27_08_40_46__000275545__pre2_label2_old_main,vehicle_instability_allraw__txj__2025_09_27_08_40_46__000275545,txj,2025_09_27_08_40_46,pre2_label2_old_main,session_level_split,val,structure_best,1.2874702215194702,5.185723781585693,0.17788192629814148,5.007841855287552,0.03430223702423052,1,0,0.49000000953674316,0.26499998569488525,5.009247243404388,1,0,2,0,0,1,0,1,0,1,1,structure_best
vehicle_instability_allraw__txj__2025_09_27_08_40_46__000301130__pre2_label2_old_main,vehicle_instability_allraw__txj__2025_09_27_08_40_46__000301130,txj,2025_09_27_08_40_46,pre2_label2_old_main,session_level_split,val,structure_best,0.29059508442878723,0.572642982006073,0.5272234678268433,0.045419514179229736,0.9206844131397247,1,0,0.6200000047683716,0.47499998938292265,0.21883130073547363,0,1,3,51,0,1,1,0,0,0,0,structure_best
vehicle_instability_allraw__txj__2025_09_27_08_40_46__000349320__pre2_label2_old_main,vehicle_instability_allraw__txj__2025_09_27_08_40_46__000349320,txj,2025_09_27_08_40_46,pre2_label2_old_main,session_level_split,val,structure_best,0.15040576457977295,0.2565630078315735,0.08919279277324677,0.16737021505832672,0.3476447891965757,1,0,1.2350000143051147,1.395000010728836,0.15987913310527802,1,0,1,21,0,0,1,0,0,1,0,structure_best
vehicle_instability_allraw__txj__2025_09_27_08_40_46__000380365__pre2_label2_old_main,vehicle_instability_allraw__txj__2025_09_27_08_40_46__000380365,txj,2025_09_27_08_40_46,pre2_label2_old_main,session_level_split,val,structure_best,0.8561104536056519,1.8704689741134644,0.8004862070083618,1.0699827671051025,0.42796016297878653,1,0,0.3700000047683716,0.7950000120326877,0.8891477584838867,0,1,2,10,0,1,1,1,0,1,1,structure_best
vehicle_instability_allraw__txj__2025_09_27_08_40_46__000429020__pre2_label2_old_main,vehicle_instability_allraw__txj__2025_09_27_08_40_46__000429020,txj,2025_09_27_08_40_46,pre2_label2_old_main,session_level_split,val,structure_best,2.6701302528381348,4.41864538192749,0.7851366996765137,3.6335086822509766,0.1776871941088025,1,0,0.5700000524520874,1.8950000032782555,1.293258786201477,0,1,2,6,0,1,1,1,0,1,1,structure_best
vehicle_instability_allraw__txj__2025_09_27_08_40_46__000441855__pre2_label2_old_main,vehicle_instability_allraw__txj__2025_09_27_08_40_46__000441855,txj,2025_09_27_08_40_46,pre2_label2_old_main,session_level_split,val,structure_best,0.10557982325553894,0.008899927139282227,0.10489286482334137,0.09599293768405914,11.785811634386134,0,1,1.2100000083446503,1.9900000048801303,0.10323318839073181,1,1,0,0,1,0,0,0,0,0,0,structure_best
vehicle_instability_allraw__txj__2025_09_27_08_40_46__000456700__pre2_label2_old_main,vehicle_instability_allraw__txj__2025_09_27_08_40_46__000456700,txj,2025_09_27_08_40_46,pre2_label2_old_main,session_level_split,val,structure_best,0.7115433216094971,0.6548479795455933,0.4413047730922699,0.21354320645332336,0.6739041531417665,0,1,0.019999980926513672,0.8249999834224582,1.093710869550705,1,0,0,0,1,0,0,0,0,0,0,structure_best
vehicle_instability_allraw__txj__2025_09_27_08_40_46__000481115__pre2_label2_old_main,vehicle_instability_allraw__txj__2025_09_27_08_40_46__000481115,txj,2025_09_27_08_40_46,pre2_label2_old_main,session_level_split,val,structure_best,1.543588399887085,3.2128028869628906,0.5258051156997681,2.6869977712631226,0.16365931375168158,1,0,0.4650000333786011,1.7400000095367432,0.8221098780632019,0,1,2,0,0,1,0,1,0,1,1,structure_best
vehicle_instability_allraw__txj__2025_09_27_08_40_46__000496300__pre2_label2_old_main,vehicle_instability_allraw__txj__2025_09_27_08_40_46__000496300,txj,2025_09_27_08_40_46,pre2_label2_old_main,session_level_split,val,structure_best,0.1150788888335228,0.06352996826171875,0.15545178949832916,0.09192182123661041,2.4469048820853847,1,0,0.4750000238418579,0.3000000072643161,0.09057703614234924,1,0,0,0,1,0,0,0,0,0,0,structure_best
vehicle_instability_allraw__txj__2025_09_27_08_40_46__000505285__pre2_label2_old_main,vehicle_instability_allraw__txj__2025_09_27_08_40_46__000505285,txj,2025_09_27_08_40_46,pre2_label2_old_main,session_level_split,val,structure_best,0.6312922835350037,1.111420750617981,0.18535742163658142,0.9260633289813995,0.16677520330038603,1,0,0.0549999475479126,1.96000000461936,0.9263284355401993,1,1,4,0,0,1,0,0,0,1,0,structure_best
vehicle_instability_allraw__txj__2025_09_27_08_40_46__000566095__pre2_label2_old_main,vehicle_instability_allraw__txj__2025_09_27_08_40_46__000566095,txj,2025_09_27_08_40_46,pre2_label2_old_main,session_level_split,val,structure_best,1.1472947597503662,2.676989793777466,0.9459192156791687,1.7310705780982971,0.353351819972535,1,0,0.7900000810623169,0.2750000013038516,0.9391360282897949,0,1,3,10,0,1,1,1,0,1,1,structure_best
vehicle_instability_allraw__txj__2025_09_27_08_40_46__000582870__pre2_label2_old_main,vehicle_instability_allraw__txj__2025_09_27_08_40_46__000582870,txj,2025_09_27_08_40_46,pre2_label2_old_main,session_level_split,val,structure_best,0.26432883739471436,0.6042299270629883,0.5599283576011658,0.04430156946182251,0.926680941347673,1,0,1.2050000429153442,0.18499999772757292,0.027665019035339355,0,0,3,0,0,1,0,0,0,0,0,structure_best
vehicle_instability_allraw__txj__2025_09_27_08_40_46__000633830__pre2_label2_old_main,vehicle_instability_allraw__txj__2025_09_27_08_40_46__000633830,txj,2025_09_27_08_40_46,pre2_label2_old_main,session_level_split,val,structure_best,0.11608284711837769,0.20996299386024475,0.17321838438510895,0.0367446094751358,0.8249948298051337,1,0,0.5649999883025885,0.08999999891966581,0.11155259609222412,1,1,6,0,0,1,0,0,0,0,0,structure_best
vehicle_instability_allraw__txj__2025_09_27_08_40_46__000660595__pre2_label2_old_main,vehicle_instability_allraw__txj__2025_09_27_08_40_46__000660595,txj,2025_09_27_08_40_46,pre2_label2_old_main,session_level_split,val,structure_best,1.2382752895355225,2.2067930698394775,0.8318095207214355,1.374983549118042,0.3769313634748461,1,0,0.3400000333786011,0.23499999474734068,0.5395629405975342,0,1,4,6,0,1,1,1,0,1,1,structure_best
vehicle_instability_allraw__txj__2025_09_27_08_40_46__000687315__pre2_label2_old_main,vehicle_instability_allraw__txj__2025_09_27_08_40_46__000687315,txj,2025_09_27_08_40_46,pre2_label2_old_main,session_level_split,val,structure_best,0.5149933099746704,1.191012978553772,0.3442329466342926,0.8467800319194794,0.2890253530673437,1,0,0.30000007152557373,0.9200000120326877,0.5857803523540497,0,1,2,0,0,1,0,0,0,1,0,structure_best
vehicle_instability_allraw__txj__2025_09_27_08_40_46__000701725__pre2_label2_old_main,vehicle_instability_allraw__txj__2025_09_27_08_40_46__000701725,txj,2025_09_27_08_40_46,pre2_label2_old_main,session_level_split,val,structure_best,0.5931214690208435,0.8930889964103699,0.14946343004703522,0.7436255663633347,0.16735558342760895,0,1,1.2300000097602606,1.7950000017881393,0.4622894525527954,1,1,1,0,0,0,0,0,0,1,0,structure_best
vehicle_instability_allraw__txj__2025_09_27_08_53_44__000066375__pre2_label2_old_main,vehicle_instability_allraw__txj__2025_09_27_08_53_44__000066375,txj,2025_09_27_08_53_44,pre2_label2_old_main,session_level_split,val,structure_best,0.34754377603530884,0.8972734808921814,0.24864181876182556,0.6486316621303558,0.27710817722440073,1,0,1.6749999430030584,0.2450000001117587,0.04494744539260864,0,0,3,71,0,1,1,0,0,1,0,structure_best
vehicle_instability_allraw__txj__2025_09_27_08_53_44__000131105__pre2_label2_old_main,vehicle_instability_allraw__txj__2025_09_27_08_53_44__000131105,txj,2025_09_27_08_53_44,pre2_label2_old_main,session_level_split,val,structure_best,0.6711091995239258,0.9704005718231201,0.8540961742401123,0.11630439758300781,0.8801480533296644,1,0,0.48500001430511475,0.05999999772757292,0.530916303396225,1,1,4,30,0,1,1,0,0,0,0,structure_best
vehicle_instability_allraw__txj__2025_09_27_08_53_44__000149055__pre2_label2_old_main,vehicle_instability_allraw__txj__2025_09_27_08_53_44__000149055,txj,2025_09_27_08_53_44,pre2_label2_old_main,session_level_split,val,structure_best,0.20195432007312775,1.235692024230957,0.5938310623168945,0.6418609619140625,0.4805655864667979,1,0,0.4450000524520874,0.08500003814697266,0.6868780851364136,1,0,3,75,0,1,1,0,0,1,0,structure_best
vehicle_instability_allraw__txj__2025_09_27_08_53_44__000179280__pre2_label2_old_main,vehicle_instability_allraw__txj__2025_09_27_08_53_44__000179280,txj,2025_09_27_08_53_44,pre2_label2_old_main,session_level_split,val,structure_best,1.1217175722122192,2.4122233390808105,1.0219296216964722,1.3902937173843384,0.4236463536108076,1,0,0.009999990463256836,0.20499999355524778,0.43540453910827637,0,1,2,12,0,1,1,1,0,1,1,structure_best
vehicle_instability_allraw__txj__2025_09_27_08_53_44__000236250__pre2_label2_old_main,vehicle_instability_allraw__txj__2025_09_27_08_53_44__000236250,txj,2025_09_27_08_53_44,pre2_label2_old_main,session_level_split,val,structure_best,4.296476364135742,9.025800704956055,0.4549318253993988,8.570868879556656,0.050403486656823294,1,0,0.7250000238418579,1.0799999833106995,6.494938850402832,1,0,3,0,0,1,0,1,0,1,1,structure_best
vehicle_instability_allraw__txj__2025_09_27_08_53_44__000300320__pre2_label2_old_main,vehicle_instability_allraw__txj__2025_09_27_08_53_44__000300320,txj,2025_09_27_08_53_44,pre2_label2_old_main,session_level_split,val,structure_best,0.23597075045108795,0.3396410048007965,0.0973721593618393,0.24226884543895721,0.286691412360381,0,1,0.9000000357627869,0.04000000189989805,0.13905426859855652,0,1,1,8,0,0,1,0,0,1,0,structure_best
vehicle_instability_allraw__txj__2025_09_27_08_53_44__000326790__pre2_label2_old_main,vehicle_instability_allraw__txj__2025_09_27_08_53_44__000326790,txj,2025_09_27_08_53_44,pre2_label2_old_main,session_level_split,val,structure_best,0.6388033628463745,1.3283720016479492,0.5870311856269836,0.7413408160209656,0.4419177646764051,1,0,0.32499992847442627,0.1450000060722232,0.44340915977954865,0,1,3,67,0,1,1,0,0,1,0,structure_best
vehicle_instability_allraw__txj__2025_09_27_08_53_44__000349545__pre2_label2_old_main,vehicle_instability_allraw__txj__2025_09_27_08_53_44__000349545,txj,2025_09_27_08_53_44,pre2_label2_old_main,session_level_split,val,structure_best,0.15925845503807068,0.17645299434661865,0.13870525360107422,0.037747740745544434,0.7860748077111461,0,1,1.915000006556511,0.04500000085681677,0.21296654641628265,1,1,2,19,0,1,1,0,0,0,0,structure_best
vehicle_instability_allraw__txj__2025_09_27_08_53_44__000386965__pre2_label2_old_main,vehicle_instability_allraw__txj__2025_09_27_08_53_44__000386965,txj,2025_09_27_08_53_44,pre2_label2_old_main,session_level_split,val,structure_best,1.1457561254501343,2.1387240886688232,0.5572986602783203,1.581425428390503,0.2605752949765447,1,0,0.5750000476837158,0.1450000060722232,0.08226799964904785,0,1,2,4,0,1,1,1,0,1,1,structure_best
vehicle_instability_allraw__txj__2025_09_27_08_53_44__000440380__pre2_label2_old_main,vehicle_instability_allraw__txj__2025_09_27_08_53_44__000440380,txj,2025_09_27_08_53_44,pre2_label2_old_main,session_level_split,val,structure_best,1.7723883390426636,2.7464520931243896,0.48571833968162537,2.2607337534427643,0.1768530173519494,1,0,0.5600000619888306,1.844999998807907,0.3039369285106659,0,1,2,0,0,1,0,1,0,1,1,structure_best
vehicle_instability_allraw__txj__2025_09_27_08_53_44__000453990__pre2_label2_old_main,vehicle_instability_allraw__txj__2025_09_27_08_53_44__000453990,txj,2025_09_27_08_53_44,pre2_label2_old_main,session_level_split,val,structure_best,0.16516941785812378,0.2897300720214844,0.10006357729434967,0.1896664947271347,0.345368282264223,0,1,0.4950000047683716,0.08000000100582838,0.38820624351501465,1,0,2,0,0,1,0,0,0,1,0,structure_best
vehicle_instability_allraw__txj__2025_09_27_08_53_44__000529515__pre2_label2_old_main,vehicle_instability_allraw__txj__2025_09_27_08_53_44__000529515,txj,2025_09_27_08_53_44,pre2_label2_old_main,session_level_split,val,structure_best,0.3455686867237091,0.6572909951210022,0.38495367765426636,0.27233731746673584,0.5856670493156526,1,0,0.13999998569488525,0.11000000219792128,0.2111944556236267,0,1,6,55,0,1,1,0,0,0,0,structure_best
vehicle_instability_allraw__txj__2025_09_27_08_53_44__000534585__pre2_label2_old_main,vehicle_instability_allraw__txj__2025_09_27_08_53_44__000534585,txj,2025_09_27_08_53_44,pre2_label2_old_main,session_level_split,val,structure_best,0.693877637386322,1.2056739330291748,0.07914938032627106,1.1265245527029037,0.06564741772878306,1,0,1.1299999952316284,1.6649999916553497,0.5296642333269119,0,0,4,4,1,1,1,0,0,1,0,structure_best
vehicle_instability_allraw__txj__2025_09_27_08_53_44__000564000__pre2_label2_old_main,vehicle_instability_allraw__txj__2025_09_27_08_53_44__000564000,txj,2025_09_27_08_53_44,pre2_label2_old_main,session_level_split,val,structure_best,0.37059485912323,0.632158637046814,0.5763244032859802,0.05583423376083374,0.9116768632290332,1,0,0.16499996185302734,0.6949999881908298,0.6008276417851448,1,1,1,54,0,0,1,0,0,0,0,structure_best
vehicle_instability_allraw__yzy__2025_09_27_14_26_04__000060885__pre2_label2_old_main,vehicle_instability_allraw__yzy__2025_09_27_14_26_04__000060885,yzy,2025_09_27_14_26_04,pre2_label2_old_main,session_level_split,val,structure_best,0.42882758378982544,1.0049610137939453,0.5546978116035461,0.45026320219039917,0.5519595327478842,1,0,0.020000100135803223,1.1449999762699008,0.3579135537147522,0,1,4,4,1,1,1,0,0,0,0,structure_best
vehicle_instability_allraw__yzy__2025_09_27_14_26_04__000075085__pre2_label2_old_main,vehicle_instability_allraw__yzy__2025_09_27_14_26_04__000075085,yzy,2025_09_27_14_26_04,pre2_label2_old_main,session_level_split,val,structure_best,0.4612390100955963,0.4270801544189453,0.6899054646492004,0.2628253102302551,1.6154004289612482,1,0,0.19499999284744263,0.0850000036880374,0.6608775854110718,1,0,1,0,0,0,0,0,0,0,0,structure_best
vehicle_instability_allraw__yzy__2025_09_27_14_26_04__000086395__pre2_label2_old_main,vehicle_instability_allraw__yzy__2025_09_27_14_26_04__000086395,yzy,2025_09_27_14_26_04,pre2_label2_old_main,session_level_split,val,structure_best,0.8956776261329651,0.7045903205871582,0.4481549561023712,0.256435364484787,0.6360504012159989,0,1,0.034999966621398926,0.31499999295920134,0.5980949699878693,1,0,1,0,0,0,0,0,0,0,0,structure_best
vehicle_instability_allraw__yzy__2025_09_27_14_26_04__000094120__pre2_label2_old_main,vehicle_instability_allraw__yzy__2025_09_27_14_26_04__000094120,yzy,2025_09_27_14_26_04,pre2_label2_old_main,session_level_split,val,structure_best,0.3667965531349182,0.6085970401763916,0.10532724857330322,0.5032697916030884,0.17306566023189315,1,0,0.23000001907348633,1.9200000017881393,0.10317964851856232,0,0,3,0,0,1,0,0,0,1,0,structure_best
vehicle_instability_allraw__yzy__2025_09_27_14_26_04__000169285__pre2_label2_old_main,vehicle_instability_allraw__yzy__2025_09_27_14_26_04__000169285,yzy,2025_09_27_14_26_04,pre2_label2_old_main,session_level_split,val,structure_best,0.19999708235263824,1.1896178722381592,0.8476513624191284,0.34196650981903076,0.7125408773695947,1,0,0.19000005722045898,0.05500000715255737,0.34364449977874756,0,1,0,34,0,0,1,0,0,0,0,structure_best
vehicle_instability_allraw__yzy__2025_09_27_14_26_04__000205385__pre2_label2_old_main,vehicle_instability_allraw__yzy__2025_09_27_14_26_04__000205385,yzy,2025_09_27_14_26_04,pre2_label2_old_main,session_level_split,val,structure_best,0.5601441264152527,1.4295990467071533,0.6917446255683899,0.7378544211387634,0.4838731721049409,1,0,0.3200000524520874,0.8550000144168735,0.010343730449676514,0,1,2,13,0,1,1,0,0,1,0,structure_best
vehicle_instability_allraw__yzy__2025_09_27_14_26_04__000239010__pre2_label2_old_main,vehicle_instability_allraw__yzy__2025_09_27_14_26_04__000239010,yzy,2025_09_27_14_26_04,pre2_label2_old_main,session_level_split,val,structure_best,1.0012577772140503,2.641028881072998,0.6884795427322388,1.9525493383407593,0.2606861089881467,1,0,0.04499995708465576,1.2200000239536166,1.9543439149856567,1,1,3,11,0,1,1,1,0,1,1,structure_best
vehicle_instability_allraw__yzy__2025_09_27_14_26_04__000249805__pre2_label2_old_main,vehicle_instability_allraw__yzy__2025_09_27_14_26_04__000249805,yzy,2025_09_27_14_26_04,pre2_label2_old_main,session_level_split,val,structure_best,0.2719227969646454,0.1382298469543457,0.1836499273777008,0.0454200804233551,1.3285837423979523,0,1,1.0000000596046448,0.27999999653548,0.29964251816272736,1,1,0,0,1,0,0,0,0,0,0,structure_best
vehicle_instability_allraw__yzy__2025_09_27_14_26_04__000286690__pre2_label2_old_main,vehicle_instability_allraw__yzy__2025_09_27_14_26_04__000286690,yzy,2025_09_27_14_26_04,pre2_label2_old_main,session_level_split,val,structure_best,0.503262460231781,0.5855579972267151,0.6237261891365051,0.03816819190979004,1.0651825986333718,1,0,0.4100000858306885,0.09999999683350325,0.5543018281459808,1,1,4,10,0,1,1,0,0,0,0,structure_best
vehicle_instability_allraw__yzy__2025_09_27_14_26_04__000332945__pre2_label2_old_main,vehicle_instability_allraw__yzy__2025_09_27_14_26_04__000332945,yzy,2025_09_27_14_26_04,pre2_label2_old_main,session_level_split,val,structure_best,0.11160504072904587,0.09895999729633331,0.2081523984670639,0.10919240117073059,2.1033993952501495,1,0,1.3399999737739563,0.16000000666826963,0.17743459343910217,1,0,1,27,0,0,1,0,0,0,0,structure_best
vehicle_instability_allraw__yzy__2025_09_27_14_26_04__000365265__pre2_label2_old_main,vehicle_instability_allraw__yzy__2025_09_27_14_26_04__000365265,yzy,2025_09_27_14_26_04,pre2_label2_old_main,session_level_split,val,structure_best,0.3813161849975586,0.6078983545303345,0.1843167543411255,0.423581600189209,0.3032032460155771,1,0,1.9900000002235174,0.05999999772757292,0.4298407733440399,1,1,2,37,0,1,1,0,0,1,0,structure_best
vehicle_instability_allraw__yzy__2025_09_27_14_26_04__000385650__pre2_label2_old_main,vehicle_instability_allraw__yzy__2025_09_27_14_26_04__000385650,yzy,2025_09_27_14_26_04,pre2_label2_old_main,session_level_split,val,structure_best,0.3184737265110016,0.524994969367981,0.5246508717536926,0.0003440976142883301,0.9993445696923485,1,0,0.4700000286102295,0.6499999715015292,0.07508862018585205,0,1,2,9,0,1,1,0,0,0,0,structure_best
vehicle_instability_allraw__yzy__2025_09_27_14_26_04__000408305__pre2_label2_old_main,vehicle_instability_allraw__yzy__2025_09_27_14_26_04__000408305,yzy,2025_09_27_14_26_04,pre2_label2_old_main,session_level_split,val,structure_best,0.5375263690948486,0.83461594581604,0.6654579043388367,0.16915804147720337,0.7973222985671449,1,0,0.24500000476837158,1.159999961964786,0.056995511054992676,0,1,2,4,0,1,1,0,0,0,0,structure_best
vehicle_instability_allraw__yzy__2025_09_27_14_26_04__000428685__pre2_label2_old_main,vehicle_instability_allraw__yzy__2025_09_27_14_26_04__000428685,yzy,2025_09_27_14_26_04,pre2_label2_old_main,session_level_split,val,structure_best,0.6456063389778137,1.2990481853485107,0.4675876796245575,0.8314605057239532,0.3599463706568454,1,0,0.4100000858306885,0.37999999057501554,0.6952048540115356,1,1,2,4,0,1,1,0,0,1,0,structure_best
vehicle_instability_allraw__yzy__2025_09_27_14_26_04__000473605__pre2_label2_old_main,vehicle_instability_allraw__yzy__2025_09_27_14_26_04__000473605,yzy,2025_09_27_14_26_04,pre2_label2_old_main,session_level_split,val,structure_best,0.659121036529541,1.6379940509796143,0.9243648648262024,0.7136291861534119,0.564327363871303,1,0,0.014999985694885254,0.34499999415129423,0.7160409688949585,0,0,2,28,0,1,1,1,1,0,0,structure_best
vehicle_instability_allraw__yzy__2025_09_27_14_26_04__000524730__pre2_label2_old_main,vehicle_instability_allraw__yzy__2025_09_27_14_26_04__000524730,yzy,2025_09_27_14_26_04,pre2_label2_old_main,session_level_split,val,structure_best,0.18110132217407227,0.1621411144733429,0.13505391776561737,0.027087196707725525,0.8329406036481953,0,1,0.8900001049041748,0.8050000024959445,0.1430850699543953,1,1,1,1,1,0,0,0,0,0,0,structure_best
vehicle_instability_allraw__yzy__2025_09_27_14_26_04__000559840__pre2_label2_old_main,vehicle_instability_allraw__yzy__2025_09_27_14_26_04__000559840,yzy,2025_09_27_14_26_04,pre2_label2_old_main,session_level_split,val,structure_best,0.556085467338562,0.9220561981201172,0.36771026253700256,0.5543459355831146,0.3987937647257164,1,0,0.11500000953674316,0.1149999974295497,0.29115262627601624,0,1,4,20,0,1,1,0,0,1,0,structure_best
vehicle_instability_allraw__yzy__2025_09_27_14_26_04__000591770__pre2_label2_old_main,vehicle_instability_allraw__yzy__2025_09_27_14_26_04__000591770,yzy,2025_09_27_14_26_04,pre2_label2_old_main,session_level_split,val,structure_best,1.133069396018982,1.2835159301757812,0.3895653784275055,0.8939505517482758,0.3035142527402472,0,1,0.3999999761581421,0.16000000666826963,0.09025746583938599,0,1,3,3,1,1,1,0,0,1,0,structure_best
vehicle_instability_allraw__yzy__2025_09_27_14_37_08__000092520__pre2_label2_old_main,vehicle_instability_allraw__yzy__2025_09_27_14_37_08__000092520,yzy,2025_09_27_14_37_08,pre2_label2_old_main,session_level_split,val,structure_best,0.8095307946205139,1.8954269886016846,0.6326545476913452,1.2627724409103394,0.33377943413060407,1,0,0.0549999475479126,1.1799999428912997,1.2641481757164001,1,1,1,8,0,0,1,1,0,1,1,structure_best
vehicle_instability_allraw__yzy__2025_09_27_14_37_08__000108285__pre2_label2_old_main,vehicle_instability_allraw__yzy__2025_09_27_14_37_08__000108285,yzy,2025_09_27_14_37_08,pre2_label2_old_main,session_level_split,val,structure_best,0.6687320470809937,1.166053056716919,0.03818850964307785,1.127864547073841,0.03275023329607275,0,1,0.8299999833106995,1.8299999982118607,0.306256927549839,0,1,1,0,0,0,0,0,0,1,0,structure_best
vehicle_instability_allraw__yzy__2025_09_27_14_37_08__000136605__pre2_label2_old_main,vehicle_instability_allraw__yzy__2025_09_27_14_37_08__000136605,yzy,2025_09_27_14_37_08,pre2_label2_old_main,session_level_split,val,structure_best,0.9130949974060059,1.2404050827026367,0.8972727060317993,0.3431323766708374,0.723370710539811,1,0,0.5450000762939453,0.15499999653548002,0.0806686282157898,0,1,2,23,0,1,1,0,0,0,0,structure_best
vehicle_instability_allraw__yzy__2025_09_27_14_37_08__000180920__pre2_label2_old_main,vehicle_instability_allraw__yzy__2025_09_27_14_37_08__000180920,yzy,2025_09_27_14_37_08,pre2_label2_old_main,session_level_split,val,structure_best,0.21364633738994598,0.4661779999732971,0.527275562286377,0.061097562313079834,1.1310605869787496,1,0,0.30000007152557373,0.8550000190734863,0.19249695539474487,0,1,1,24,0,0,1,0,0,0,0,structure_best
vehicle_instability_allraw__yzy__2025_09_27_14_37_08__000213665__pre2_label2_old_main,vehicle_instability_allraw__yzy__2025_09_27_14_37_08__000213665,yzy,2025_09_27_14_37_08,pre2_label2_old_main,session_level_split,val,structure_best,0.7607330679893494,1.4303009510040283,0.3056688904762268,1.1246320605278015,0.21370949258032473,1,0,0.24500000476837158,0.0949999988079071,0.23735269904136658,0,1,2,7,0,1,1,1,0,1,0,structure_best
vehicle_instability_allraw__yzy__2025_09_27_14_37_08__000251745__pre2_label2_old_main,vehicle_instability_allraw__yzy__2025_09_27_14_37_08__000251745,yzy,2025_09_27_14_37_08,pre2_label2_old_main,session_level_split,val,structure_best,1.0437161922454834,2.455155611038208,0.6733734607696533,1.7817821502685547,0.2742691574180526,1,0,0.1650000810623169,1.0549999428912997,1.2837006449699402,1,1,2,10,0,1,1,1,0,1,1,structure_best
vehicle_instability_allraw__yzy__2025_09_27_14_37_08__000269385__pre2_label2_old_main,vehicle_instability_allraw__yzy__2025_09_27_14_37_08__000269385,yzy,2025_09_27_14_37_08,pre2_label2_old_main,session_level_split,val,structure_best,1.0004998445510864,1.746204137802124,0.6175410151481628,1.1286631226539612,0.35364766454249535,1,0,0.4450000524520874,0.1500000013038516,1.1323331594467163,1,1,3,17,0,1,1,1,0,1,1,structure_best
vehicle_instability_allraw__yzy__2025_09_27_14_37_08__000321775__pre2_label2_old_main,vehicle_instability_allraw__yzy__2025_09_27_14_37_08__000321775,yzy,2025_09_27_14_37_08,pre2_label2_old_main,session_level_split,val,structure_best,0.19522301852703094,0.22375226020812988,0.08317051827907562,0.14058174192905426,0.3717080587329579,0,1,0.3200000077486038,0.05999999772757292,0.024831656366586685,0,1,1,23,0,0,1,0,0,1,0,structure_best
vehicle_instability_allraw__yzy__2025_09_27_14_37_08__000351165__pre2_label2_old_main,vehicle_instability_allraw__yzy__2025_09_27_14_37_08__000351165,yzy,2025_09_27_14_37_08,pre2_label2_old_main,session_level_split,val,structure_best,0.5446726679801941,1.3531540632247925,0.6218604445457458,0.7312936186790466,0.4595636679120989,1,0,0.059999942779541016,0.28499999176710844,0.7325695157051086,1,1,3,4,0,1,1,0,0,1,0,structure_best
vehicle_instability_allraw__yzy__2025_09_27_14_37_08__000376440__pre2_label2_old_main,vehicle_instability_allraw__yzy__2025_09_27_14_37_08__000376440,yzy,2025_09_27_14_37_08,pre2_label2_old_main,session_level_split,val,structure_best,0.6531396508216858,1.1873469352722168,0.6095679402351379,0.5777789950370789,0.5133865445110072,1,0,0.15500009059906006,0.09500000160187483,0.5118261575698853,0,1,4,4,1,1,1,0,0,0,0,structure_best
vehicle_instability_allraw__yzy__2025_09_27_14_37_08__000399045__pre2_label2_old_main,vehicle_instability_allraw__yzy__2025_09_27_14_37_08__000399045,yzy,2025_09_27_14_37_08,pre2_label2_old_main,session_level_split,val,structure_best,0.6342921853065491,0.9941399693489075,0.45812880992889404,0.5360111594200134,0.4608292836560394,1,0,0.49000000953674316,0.20499999355524778,0.5409905314445496,1,1,1,12,0,0,1,0,0,1,0,structure_best
vehicle_instability_allraw__yzy__2025_09_27_14_37_08__000462770__pre2_label2_old_main,vehicle_instability_allraw__yzy__2025_09_27_14_37_08__000462770,yzy,2025_09_27_14_37_08,pre2_label2_old_main,session_level_split,val,structure_best,0.4689226746559143,0.4321439862251282,0.6119528412818909,0.1798088550567627,1.4160855196144975,1,0,0.690000057220459,0.3650000048801303,0.5086592435836792,1,1,3,4,0,1,1,0,0,0,0,structure_best
vehicle_instability_allraw__yzy__2025_09_27_14_37_08__000466240__pre2_label2_old_main,vehicle_instability_allraw__yzy__2025_09_27_14_37_08__000466240,yzy,2025_09_27_14_37_08,pre2_label2_old_main,session_level_split,val,structure_best,0.3464764356613159,0.8030259609222412,0.4265623986721039,0.37646356225013733,0.5311937838002336,1,0,0.8850001096725464,0.5699999881908298,0.06877321004867554,0,1,2,3,0,1,1,0,0,0,0,structure_best
vehicle_instability_allraw__yzy__2025_09_27_14_37_08__000538170__pre2_label2_old_main,vehicle_instability_allraw__yzy__2025_09_27_14_37_08__000538170,yzy,2025_09_27_14_37_08,pre2_label2_old_main,session_level_split,val,structure_best,0.3223216235637665,0.45587947964668274,0.49232855439186096,0.03644907474517822,1.0799533130410413,1,0,0.7650001049041748,0.5799999786540866,0.6380382180213928,1,1,1,0,0,0,0,0,0,0,0,structure_best
vehicle_instability_allraw__zx__2025_09_27_16_46_13__000078890__pre2_label2_old_main,vehicle_instability_allraw__zx__2025_09_27_16_46_13__000078890,zx,2025_09_27_16_46_13,pre2_label2_old_main,session_level_split,val,structure_best,1.145491361618042,1.9704800844192505,1.012393832206726,0.9580862522125244,0.5137802915197206,1,0,0.2700001001358032,0.16999999713152647,0.8964716196060181,0,1,2,20,0,1,1,1,1,0,1,structure_best
vehicle_instability_allraw__zx__2025_09_27_16_46_13__000087075__pre2_label2_old_main,vehicle_instability_allraw__zx__2025_09_27_16_46_13__000087075,zx,2025_09_27_16_46_13,pre2_label2_old_main,session_level_split,val,structure_best,1.1004923582077026,2.701946258544922,0.32518270611763,2.376763552427292,0.12035128570349528,1,0,0.4750000238418579,1.7650000005960464,2.3812906444072723,1,1,1,7,0,0,1,1,0,1,1,structure_best
vehicle_instability_allraw__zx__2025_09_27_16_46_13__000111180__pre2_label2_old_main,vehicle_instability_allraw__zx__2025_09_27_16_46_13__000111180,zx,2025_09_27_16_46_13,pre2_label2_old_main,session_level_split,val,structure_best,0.8370763063430786,1.4583969116210938,1.4556607007980347,0.002736210823059082,0.9981238229447307,1,0,0.5199999809265137,0.5199999762699008,0.7888539433479309,1,1,2,89,0,1,1,1,1,0,0,structure_best
vehicle_instability_allraw__zx__2025_09_27_16_46_13__000152930__pre2_label2_old_main,vehicle_instability_allraw__zx__2025_09_27_16_46_13__000152930,zx,2025_09_27_16_46_13,pre2_label2_old_main,session_level_split,val,structure_best,0.4258405566215515,1.9634993076324463,1.1025912761688232,0.860908031463623,0.5615440106766877,1,0,0.039999961853027344,0.0949999988079071,0.8628349304199219,0,0,0,10,0,0,1,1,1,0,1,structure_best
vehicle_instability_allraw__zx__2025_09_27_16_46_13__000212495__pre2_label2_old_main,vehicle_instability_allraw__zx__2025_09_27_16_46_13__000212495,zx,2025_09_27_16_46_13,pre2_label2_old_main,session_level_split,val,structure_best,0.03994771093130112,0.09844017028808594,0.05888945981860161,0.03955071046948433,0.5982259035743349,1,0,1.9900000002235174,1.034999961964786,0.04474317654967308,0,0,0,0,1,0,0,0,0,0,0,structure_best
vehicle_instability_allraw__zx__2025_09_27_16_46_13__000217955__pre2_label2_old_main,vehicle_instability_allraw__zx__2025_09_27_16_46_13__000217955,zx,2025_09_27_16_46_13,pre2_label2_old_main,session_level_split,val,structure_best,0.6723876595497131,0.4825800657272339,0.43761196732521057,0.044968098402023315,0.9068173312665584,0,1,0.0700000524520874,0.9999999953433871,0.9119350910186768,1,1,0,0,1,0,0,0,0,0,0,structure_best
vehicle_instability_allraw__zx__2025_09_27_16_46_13__000237520__pre2_label2_old_main,vehicle_instability_allraw__zx__2025_09_27_16_46_13__000237520,zx,2025_09_27_16_46_13,pre2_label2_old_main,session_level_split,val,structure_best,0.1892629712820053,0.041539907455444336,0.2259473204612732,0.18440741300582886,5.439283193002393,1,0,1.3100000526756048,0.16000000666826963,0.217946395277977,1,1,1,0,0,0,0,0,0,0,0,structure_best
vehicle_instability_allraw__zx__2025_09_27_16_46_13__000263295__pre2_label2_old_main,vehicle_instability_allraw__zx__2025_09_27_16_46_13__000263295,zx,2025_09_27_16_46_13,pre2_label2_old_main,session_level_split,val,structure_best,0.9458476305007935,1.891584873199463,0.9822874069213867,0.9092974662780762,0.51929332954536,1,0,0.7050000429153442,0.12499999534338713,0.8030246943235397,0,1,3,23,0,1,1,1,1,0,1,structure_best
vehicle_instability_allraw__zx__2025_09_27_16_46_13__000293010__pre2_label2_old_main,vehicle_instability_allraw__zx__2025_09_27_16_46_13__000293010,zx,2025_09_27_16_46_13,pre2_label2_old_main,session_level_split,val,structure_best,0.7130613327026367,1.2170180082321167,0.9783730506896973,0.23864495754241943,0.8039100852015464,1,0,0.36500000953674316,0.7950000120326877,0.14085721969604492,0,1,3,18,0,1,1,0,0,0,0,structure_best
vehicle_instability_allraw__zx__2025_09_27_16_46_13__000316255__pre2_label2_old_main,vehicle_instability_allraw__zx__2025_09_27_16_46_13__000316255,zx,2025_09_27_16_46_13,pre2_label2_old_main,session_level_split,val,structure_best,2.1283605098724365,3.1869680881500244,0.35510823130607605,2.8318598568439484,0.11142509792503437,1,0,0.4450000524520874,1.890000008046627,1.6621437966823578,1,1,2,0,0,1,0,1,0,1,1,structure_best
vehicle_instability_allraw__zx__2025_09_27_16_46_13__000327995__pre2_label2_old_main,vehicle_instability_allraw__zx__2025_09_27_16_46_13__000327995,zx,2025_09_27_16_46_13,pre2_label2_old_main,session_level_split,val,structure_best,0.501162588596344,0.13631010055541992,0.4779846966266632,0.3416745960712433,3.506597784603114,0,1,0.059999942779541016,0.40499999653548,0.614069253206253,1,1,1,0,0,0,0,0,0,0,0,structure_best
vehicle_instability_allraw__zx__2025_09_27_16_46_13__000387440__pre2_label2_old_main,vehicle_instability_allraw__zx__2025_09_27_16_46_13__000387440,zx,2025_09_27_16_46_13,pre2_label2_old_main,session_level_split,val,structure_best,0.31888946890830994,0.7124435901641846,0.06432211399078369,0.6481214761734009,0.09028379913694007,0,1,1.915000006556511,1.4300000071525574,0.6974233239889145,1,0,2,19,0,1,1,0,0,1,0,structure_best
vehicle_instability_allraw__zx__2025_09_27_16_46_13__000420380__pre2_label2_old_main,vehicle_instability_allraw__zx__2025_09_27_16_46_13__000420380,zx,2025_09_27_16_46_13,pre2_label2_old_main,session_level_split,val,structure_best,0.664639949798584,0.6867870092391968,0.8548325300216675,0.1680455207824707,1.2446836042641907,1,0,0.034999966621398926,1.1549999667331576,0.1660035252571106,0,1,5,32,0,1,1,0,0,0,0,structure_best
vehicle_instability_allraw__zx__2025_09_27_16_46_13__000444410__pre2_label2_old_main,vehicle_instability_allraw__zx__2025_09_27_16_46_13__000444410,zx,2025_09_27_16_46_13,pre2_label2_old_main,session_level_split,val,structure_best,0.3640444278717041,0.02287006378173828,0.3773609697818756,0.35449090600013733,16.50021501396939,1,0,1.985000004991889,1.159999961964786,0.35358926653862,1,1,0,0,1,0,0,0,0,0,0,structure_best
vehicle_instability_allraw__zx__2025_09_27_16_46_13__000451415__pre2_label2_old_main,vehicle_instability_allraw__zx__2025_09_27_16_46_13__000451415,zx,2025_09_27_16_46_13,pre2_label2_old_main,session_level_split,val,structure_best,0.05971996486186981,0.0923299789428711,0.09432636201381683,0.0019963830709457397,1.0216222628208438,1,0,1.9800000097602606,0.3350000036880374,0.0018353462219238281,0,0,0,0,1,0,0,0,0,0,0,structure_best
vehicle_instability_allraw__zx__2025_09_27_16_46_13__000489640__pre2_label2_old_main,vehicle_instability_allraw__zx__2025_09_27_16_46_13__000489640,zx,2025_09_27_16_46_13,pre2_label2_old_main,session_level_split,val,structure_best,0.5978029370307922,1.4957486391067505,0.29320740699768066,1.2025412321090698,0.19602719289303974,0,1,1.985000004991889,0.2849999666213989,1.772047221660614,1,1,4,46,0,1,1,1,0,1,0,structure_best
vehicle_instability_allraw__zx__2025_09_27_16_46_13__000501045__pre2_label2_old_main,vehicle_instability_allraw__zx__2025_09_27_16_46_13__000501045,zx,2025_09_27_16_46_13,pre2_label2_old_main,session_level_split,val,structure_best,1.0213561058044434,2.5766286849975586,0.20709256827831268,2.369536116719246,0.08037346222376195,1,0,1.4800000488758087,0.6299999952316284,2.3655994683504105,1,0,1,0,0,0,0,1,0,1,1,structure_best
vehicle_instability_allraw__zx__2025_09_27_16_46_13__000508785__pre2_label2_old_main,vehicle_instability_allraw__zx__2025_09_27_16_46_13__000508785,zx,2025_09_27_16_46_13,pre2_label2_old_main,session_level_split,val,structure_best,2.3369059562683105,3.693120241165161,0.31840693950653076,3.3747133016586304,0.086216239579049,1,0,1.9900000002235174,1.890000008046627,3.3751687705516815,1,0,0,0,1,0,0,1,0,1,1,structure_best
vehicle_instability_allraw__zx__2025_09_27_16_46_13__000580640__pre2_label2_old_main,vehicle_instability_allraw__zx__2025_09_27_16_46_13__000580640,zx,2025_09_27_16_46_13,pre2_label2_old_main,session_level_split,val,structure_best,0.6895520687103271,1.2857866287231445,0.7751741409301758,0.5106124877929688,0.6028792986437925,1,0,0.9300000667572021,0.13500000070780516,0.6440202593803406,1,1,3,10,0,1,1,0,0,0,0,structure_best
vehicle_instability_allraw__zx__2025_09_27_16_46_13__000599550__pre2_label2_old_main,vehicle_instability_allraw__zx__2025_09_27_16_46_13__000599550,zx,2025_09_27_16_46_13,pre2_label2_old_main,session_level_split,val,structure_best,0.9740172624588013,0.9267659187316895,0.3494429290294647,0.5773229897022247,0.37705630080537406,0,1,0.059999942779541016,0.1500000013038516,1.2756516635417938,1,0,2,0,0,1,0,0,0,1,0,structure_best
vehicle_instability_allraw__zx__2025_09_27_16_46_13__000632670__pre2_label2_old_main,vehicle_instability_allraw__zx__2025_09_27_16_46_13__000632670,zx,2025_09_27_16_46_13,pre2_label2_old_main,session_level_split,val,structure_best,0.2631340026855469,0.5733399987220764,0.1666993498802185,0.4066406488418579,0.29075129984263515,1,0,0.8300000429153442,0.38499998580664396,0.10392603278160095,0,0,1,0,0,0,0,0,0,1,0,structure_best
vehicle_instability_allraw__zx__2025_09_27_17_45_11__000092045__pre2_label2_old_main,vehicle_instability_allraw__zx__2025_09_27_17_45_11__000092045,zx,2025_09_27_17_45_11,pre2_label2_old_main,session_level_split,val,structure_best,0.8431970477104187,1.1674509048461914,0.21259187161922455,0.9548590332269669,0.1820991964088057,1,0,1.4900000002235174,1.9300000071525574,0.7581124603748322,1,1,2,105,0,1,1,0,0,1,0,structure_best
vehicle_instability_allraw__zx__2025_09_27_17_45_11__000135280__pre2_label2_old_main,vehicle_instability_allraw__zx__2025_09_27_17_45_11__000135280,zx,2025_09_27_17_45_11,pre2_label2_old_main,session_level_split,val,structure_best,0.5592223405838013,2.1003260612487793,0.8943009376525879,1.2060251235961914,0.4257914778817096,1,0,0.009999990463256836,0.11500000953674316,1.2083722949028015,1,0,0,16,0,0,1,1,0,1,1,structure_best
vehicle_instability_allraw__zx__2025_09_27_17_45_11__000158510__pre2_label2_old_main,vehicle_instability_allraw__zx__2025_09_27_17_45_11__000158510,zx,2025_09_27_17_45_11,pre2_label2_old_main,session_level_split,val,structure_best,0.020563269034028053,0.07592010498046875,0.03063257783651352,0.04528752714395523,0.40348439776781225,1,0,1.9800000097602606,0.7150000287219882,0.049446020275354385,1,1,2,0,0,1,0,0,0,1,0,structure_best
vehicle_instability_allraw__zx__2025_09_27_17_45_11__000166410__pre2_label2_old_main,vehicle_instability_allraw__zx__2025_09_27_17_45_11__000166410,zx,2025_09_27_17_45_11,pre2_label2_old_main,session_level_split,val,structure_best,0.8981989622116089,0.2061300277709961,0.78077232837677,0.5746423006057739,3.787766085415674,0,1,0.36000001430511475,0.5149999810382724,0.47347140312194824,1,0,0,1,0,0,0,0,0,0,0,structure_best
vehicle_instability_allraw__zx__2025_09_27_17_45_11__000175330__pre2_label2_old_main,vehicle_instability_allraw__zx__2025_09_27_17_45_11__000175330,zx,2025_09_27_17_45_11,pre2_label2_old_main,session_level_split,val,structure_best,2.1327946186065674,4.354950428009033,0.03224753960967064,4.322702888399363,0.007404800615471839,0,1,0.4750000238418579,0.7350000143051147,4.383680319413543,1,0,0,0,1,0,0,1,0,1,1,structure_best
vehicle_instability_allraw__zx__2025_09_27_17_45_11__000179665__pre2_label2_old_main,vehicle_instability_allraw__zx__2025_09_27_17_45_11__000179665,zx,2025_09_27_17_45_11,pre2_label2_old_main,session_level_split,val,structure_best,0.38655155897140503,0.05428028106689453,0.37695690989494324,0.3226766288280487,6.944638135354991,1,0,0.49000000953674316,0.1450000060722232,0.3213592767715454,1,1,2,0,0,1,0,0,0,0,0,structure_best
vehicle_instability_allraw__zx__2025_09_27_17_45_11__000202360__pre2_label2_old_main,vehicle_instability_allraw__zx__2025_09_27_17_45_11__000202360,zx,2025_09_27_17_45_11,pre2_label2_old_main,session_level_split,val,structure_best,0.20336799323558807,0.6531023979187012,0.20332519710063934,0.44977720081806183,0.31132208019537766,1,0,0.059999942779541016,1.5499999476596713,0.4502529203891754,1,1,2,0,0,1,0,0,0,1,0,structure_best
vehicle_instability_allraw__zx__2025_09_27_17_45_11__000231875__pre2_label2_old_main,vehicle_instability_allraw__zx__2025_09_27_17_45_11__000231875,zx,2025_09_27_17_45_11,pre2_label2_old_main,session_level_split,val,structure_best,0.4652406573295593,0.741765022277832,0.8189706802368164,0.07720565795898438,1.1040837133596555,1,0,0.059999942779541016,0.6150000048801303,0.07557576894760132,0,1,2,10,0,1,1,0,0,0,0,structure_best
vehicle_instability_allraw__zx__2025_09_27_17_45_11__000242010__pre2_label2_old_main,vehicle_instability_allraw__zx__2025_09_27_17_45_11__000242010,zx,2025_09_27_17_45_11,pre2_label2_old_main,session_level_split,val,structure_best,0.3874753415584564,0.8325225114822388,0.5262142419815063,0.3063082695007324,0.6320720878101237,1,0,0.5999999642372131,0.5749999834224582,0.4102123826742172,0,1,4,45,0,1,1,0,0,0,0,structure_best
vehicle_instability_allraw__zx__2025_09_27_17_45_11__000256590__pre2_label2_old_main,vehicle_instability_allraw__zx__2025_09_27_17_45_11__000256590,zx,2025_09_27_17_45_11,pre2_label2_old_main,session_level_split,val,structure_best,0.7270476222038269,1.664167046546936,1.0811065435409546,0.5830605030059814,0.6496382354068343,1,0,0.690000057220459,0.5400000168010592,0.17638564109802246,0,1,2,48,0,1,1,1,1,0,1,structure_best
vehicle_instability_allraw__zx__2025_09_27_17_45_11__000285070__pre2_label2_old_main,vehicle_instability_allraw__zx__2025_09_27_17_45_11__000285070,zx,2025_09_27_17_45_11,pre2_label2_old_main,session_level_split,val,structure_best,0.30955296754837036,0.8627170324325562,0.28892290592193604,0.5737941265106201,0.33489880813790807,1,0,0.059999942779541016,1.4149999571964145,0.5746762454509735,1,1,0,0,1,0,0,0,0,1,0,structure_best
vehicle_instability_allraw__zx__2025_09_27_17_45_11__000301740__pre2_label2_old_main,vehicle_instability_allraw__zx__2025_09_27_17_45_11__000301740,zx,2025_09_27_17_45_11,pre2_label2_old_main,session_level_split,val,structure_best,0.6022608876228333,0.6623522043228149,0.12064680457115173,0.5417053997516632,0.18214901948503415,0,1,1.0949999541044235,1.905000001192093,0.37349711917340755,1,1,1,15,0,0,1,0,0,1,0,structure_best
vehicle_instability_allraw__zx__2025_09_27_17_45_11__000336625__pre2_label2_old_main,vehicle_instability_allraw__zx__2025_09_27_17_45_11__000336625,zx,2025_09_27_17_45_11,pre2_label2_old_main,session_level_split,val,structure_best,0.668592095375061,1.1805380582809448,0.1874781996011734,0.9930598586797714,0.1588074169113803,1,0,0.3500000238418579,1.6700000166893005,0.2924787700176239,0,1,2,10,0,1,1,0,0,1,0,structure_best
vehicle_instability_allraw__zx__2025_09_27_17_45_11__000361280__pre2_label2_old_main,vehicle_instability_allraw__zx__2025_09_27_17_45_11__000361280,zx,2025_09_27_17_45_11,pre2_label2_old_main,session_level_split,val,structure_best,1.1207003593444824,1.6521270275115967,0.3813610076904297,1.270766019821167,0.2308303183350427,1,0,0.440000057220459,0.16999999713152647,0.5401841402053833,0,1,2,10,0,1,1,1,0,1,1,structure_best
vehicle_instability_allraw__zx__2025_09_27_17_45_11__000385440__pre2_label2_old_main,vehicle_instability_allraw__zx__2025_09_27_17_45_11__000385440,zx,2025_09_27_17_45_11,pre2_label2_old_main,session_level_split,val,structure_best,0.6192367672920227,0.8616700172424316,0.817152202129364,0.04451781511306763,0.9483354251369495,1,0,0.10000002384185791,0.1500000013038516,0.01737034320831299,0,1,4,10,0,1,1,0,0,0,0,structure_best
vehicle_instability_allraw__zx__2025_09_27_17_45_11__000445945__pre2_label2_old_main,vehicle_instability_allraw__zx__2025_09_27_17_45_11__000445945,zx,2025_09_27_17_45_11,pre2_label2_old_main,session_level_split,val,structure_best,0.3072080910205841,0.7291979789733887,0.339649498462677,0.38954848051071167,0.46578502444680003,1,0,0.4750000238418579,1.659999961964786,0.39437201619148254,1,1,3,25,0,1,1,0,0,1,0,structure_best
vehicle_instability_allraw__zx__2025_09_27_17_45_11__000449820__pre2_label2_old_main,vehicle_instability_allraw__zx__2025_09_27_17_45_11__000449820,zx,2025_09_27_17_45_11,pre2_label2_old_main,session_level_split,val,structure_best,0.6344445943832397,1.1838561296463013,0.8292248249053955,0.35463130474090576,0.7004439172462127,1,0,0.5750000476837158,0.8899999810382724,0.03207695484161377,0,1,2,12,0,1,1,0,0,0,0,structure_best
vehicle_instability_allraw__zx__2025_09_27_17_45_11__000469100__pre2_label2_old_main,vehicle_instability_allraw__zx__2025_09_27_17_45_11__000469100,zx,2025_09_27_17_45_11,pre2_label2_old_main,session_level_split,val,structure_best,0.14282141625881195,0.18588006496429443,0.03381359204649925,0.15206647291779518,0.18191080389924805,0,1,0.3049999475479126,1.8250000029802322,0.18318985402584076,1,0,3,0,0,1,0,0,0,1,0,structure_best
vehicle_instability_allraw__zx__2025_09_27_17_45_11__000508355__pre2_label2_old_main,vehicle_instability_allraw__zx__2025_09_27_17_45_11__000508355,zx,2025_09_27_17_45_11,pre2_label2_old_main,session_level_split,val,structure_best,0.8535100221633911,0.8389801979064941,0.4139436185359955,0.42503657937049866,0.4933890210626047,0,1,1.6050000488758087,0.03000000026077032,0.1707075983285904,0,1,1,0,0,0,0,0,0,1,0,structure_best
vehicle_instability_allraw__zx__2025_09_27_17_45_11__000524690__pre2_label2_old_main,vehicle_instability_allraw__zx__2025_09_27_17_45_11__000524690,zx,2025_09_27_17_45_11,pre2_label2_old_main,session_level_split,val,structure_best,0.3305395245552063,0.49480098485946655,0.09663474559783936,0.3981662392616272,0.19530022888957177,0,1,1.1050000190734863,1.6599999964237213,0.03947150707244873,0,1,2,0,0,1,0,0,0,1,0,structure_best
vehicle_instability_allraw__zx__2025_09_27_17_45_11__000588795__pre2_label2_old_main,vehicle_instability_allraw__zx__2025_09_27_17_45_11__000588795,zx,2025_09_27_17_45_11,pre2_label2_old_main,session_level_split,val,structure_best,0.4536838233470917,0.7501430511474609,0.4431489408016205,0.30699411034584045,0.5907525772900982,1,0,0.8950001001358032,0.06500000040978193,0.6936019361019135,1,1,2,1,0,1,0,0,0,0,0,structure_best
vehicle_instability_allraw__zxy__2025_09_28_16_01_55__000084280__pre2_label2_old_main,vehicle_instability_allraw__zxy__2025_09_28_16_01_55__000084280,zxy,2025_09_28_16_01_55,pre2_label2_old_main,session_level_split,val,structure_best,0.5646260380744934,1.0548770427703857,0.67579585313797,0.37908118963241577,0.6406394543985444,1,0,0.02500009536743164,1.325000043027103,0.37742841243743896,0,1,3,24,0,1,1,0,0,0,0,structure_best
vehicle_instability_allraw__zxy__2025_09_28_16_01_55__000091545__pre2_label2_old_main,vehicle_instability_allraw__zxy__2025_09_28_16_01_55__000091545,zxy,2025_09_28_16_01_55,pre2_label2_old_main,session_level_split,val,structure_best,0.33996278047561646,0.4173077344894409,0.3659851551055908,0.0513225793838501,0.8770150295760964,1,0,0.30000007152557373,0.5799999786540866,0.01226872205734253,0,1,4,1,0,1,0,0,0,0,0,structure_best
vehicle_instability_allraw__zxy__2025_09_28_16_01_55__000193270__pre2_label2_old_main,vehicle_instability_allraw__zxy__2025_09_28_16_01_55__000193270,zxy,2025_09_28_16_01_55,pre2_label2_old_main,session_level_split,val,structure_best,1.115402340888977,2.095442056655884,0.7342917323112488,1.361150324344635,0.35042330565947744,1,0,0.4700000286102295,0.41499998699873686,0.11956125497817993,0,1,4,26,0,1,1,1,0,1,1,structure_best
vehicle_instability_allraw__zxy__2025_09_28_16_01_55__000223400__pre2_label2_old_main,vehicle_instability_allraw__zxy__2025_09_28_16_01_55__000223400,zxy,2025_09_28_16_01_55,pre2_label2_old_main,session_level_split,val,structure_best,0.4187281131744385,0.9983289837837219,0.19296780228614807,0.8053611814975739,0.19329079433794405,1,0,0.03000009059906006,1.6299999952316284,0.7895780652761459,1,1,2,6,0,1,1,0,0,1,0,structure_best
vehicle_instability_allraw__zxy__2025_09_28_16_01_55__000257260__pre2_label2_old_main,vehicle_instability_allraw__zxy__2025_09_28_16_01_55__000257260,zxy,2025_09_28_16_01_55,pre2_label2_old_main,session_level_split,val,structure_best,0.11621205508708954,0.21066099405288696,0.10522639751434326,0.1054345965385437,0.49950584344022375,1,0,0.6150000002235174,0.02000000048428774,0.23124262690544128,1,1,5,0,0,1,0,0,0,1,0,structure_best
vehicle_instability_allraw__zxy__2025_09_28_16_01_55__000268425__pre2_label2_old_main,vehicle_instability_allraw__zxy__2025_09_28_16_01_55__000268425,zxy,2025_09_28_16_01_55,pre2_label2_old_main,session_level_split,val,structure_best,0.29115378856658936,0.9168180227279663,0.2126692533493042,0.7041487693786621,0.23196452085061853,0,1,1.9900000002235174,0.0549999987706542,1.121164709329605,1,1,3,4,0,1,1,0,0,1,0,structure_best
vehicle_instability_allraw__zxy__2025_09_28_16_01_55__000299920__pre2_label2_old_main,vehicle_instability_allraw__zxy__2025_09_28_16_01_55__000299920,zxy,2025_09_28_16_01_55,pre2_label2_old_main,session_level_split,val,structure_best,1.5105087757110596,3.3770389556884766,0.6014530658721924,2.775585889816284,0.17810071893280077,1,0,0.2999999523162842,1.7249999940395355,0.3108501434326172,0,0,5,7,0,1,1,1,0,1,1,structure_best
vehicle_instability_allraw__zxy__2025_09_28_16_01_55__000349230__pre2_label2_old_main,vehicle_instability_allraw__zxy__2025_09_28_16_01_55__000349230,zxy,2025_09_28_16_01_55,pre2_label2_old_main,session_level_split,val,structure_best,0.8523198366165161,0.07155990600585938,0.8017637729644775,0.7302038669586182,11.204092035822805,0,1,0.14499998092651367,0.23499999474734068,0.8705580830574036,1,0,1,0,0,0,0,0,0,0,0,structure_best
vehicle_instability_allraw__zxy__2025_09_28_16_01_55__000377385__pre2_label2_old_main,vehicle_instability_allraw__zxy__2025_09_28_16_01_55__000377385,zxy,2025_09_28_16_01_55,pre2_label2_old_main,session_level_split,val,structure_best,0.47564414143562317,0.9066988825798035,0.08144235610961914,0.8252565264701843,0.08982293645040525,1,0,1.3699999954551458,1.7650000005960464,0.8450449258089066,1,1,2,0,0,1,0,0,0,1,0,structure_best
vehicle_instability_allraw__byx__2025_09_28_17_46_00__000049290__pre2_label2_old_main,vehicle_instability_allraw__byx__2025_09_28_17_46_00__000049290,byx,2025_09_28_17_46_00,pre2_label2_old_main,session_level_split,test,structure_best,0.25976505875587463,0.33335697650909424,0.26246535778045654,0.0708916187286377,0.7873402276712103,1,0,0.5349999666213989,0.0549999987706542,0.07901772856712341,0,1,1,71,0,0,1,0,0,0,0,structure_best
vehicle_instability_allraw__byx__2025_09_28_17_46_00__000067740__pre2_label2_old_main,vehicle_instability_allraw__byx__2025_09_28_17_46_00__000067740,byx,2025_09_28_17_46_00,pre2_label2_old_main,session_level_split,test,structure_best,0.5434983968734741,0.08656901121139526,0.5707395076751709,0.48417049646377563,6.592884678808058,1,0,0.014999985694885254,1.6900000525638461,0.4830264449119568,1,1,0,10,0,0,1,0,0,0,0,structure_best
vehicle_instability_allraw__byx__2025_09_28_17_46_00__000090925__pre2_label2_old_main,vehicle_instability_allraw__byx__2025_09_28_17_46_00__000090925,byx,2025_09_28_17_46_00,pre2_label2_old_main,session_level_split,test,structure_best,0.25774359703063965,0.49340447783470154,0.3609722852706909,0.13243219256401062,0.7315950735891426,1,0,0.3500000238418579,0.7950000120326877,0.12935912609100342,0,1,1,3,0,0,1,0,0,0,0,structure_best
vehicle_instability_allraw__byx__2025_09_28_17_46_00__000095580__pre2_label2_old_main,vehicle_instability_allraw__byx__2025_09_28_17_46_00__000095580,byx,2025_09_28_17_46_00,pre2_label2_old_main,session_level_split,test,structure_best,0.8391052484512329,1.4929579496383667,0.44659948348999023,1.0463584661483765,0.29913734917863444,1,0,0.315000057220459,0.1149999974295497,0.38060691952705383,0,1,2,4,0,1,1,1,0,1,1,structure_best
vehicle_instability_allraw__byx__2025_09_28_17_46_00__000134935__pre2_label2_old_main,vehicle_instability_allraw__byx__2025_09_28_17_46_00__000134935,byx,2025_09_28_17_46_00,pre2_label2_old_main,session_level_split,test,structure_best,0.3564908802509308,0.3824006915092468,0.06258693337440491,0.3198137581348419,0.1636684628560393,0,1,0.7100000288337469,1.96000000461936,0.05683037266135216,0,1,1,0,0,0,0,0,0,1,0,structure_best
vehicle_instability_allraw__byx__2025_09_28_17_46_00__000170900__pre2_label2_old_main,vehicle_instability_allraw__byx__2025_09_28_17_46_00__000170900,byx,2025_09_28_17_46_00,pre2_label2_old_main,session_level_split,test,structure_best,0.5599969029426575,0.9599321484565735,0.5681072473526001,0.3918249011039734,0.5918202117368724,1,0,0.46000003814697266,0.05999999772757292,0.3625580072402954,0,1,2,6,0,1,1,0,0,0,0,structure_best
vehicle_instability_allraw__byx__2025_09_28_17_46_00__000198800__pre2_label2_old_main,vehicle_instability_allraw__byx__2025_09_28_17_46_00__000198800,byx,2025_09_28_17_46_00,pre2_label2_old_main,session_level_split,test,structure_best,0.22230595350265503,0.18221300840377808,0.2634982764720917,0.0812852680683136,1.446100247070111,1,0,0.04999995231628418,0.27999999653548,0.08044382929801941,0,1,1,0,0,0,0,0,0,0,0,structure_best
vehicle_instability_allraw__byx__2025_09_28_17_46_00__000215315__pre2_label2_old_main,vehicle_instability_allraw__byx__2025_09_28_17_46_00__000215315,byx,2025_09_28_17_46_00,pre2_label2_old_main,session_level_split,test,structure_best,0.5908079743385315,1.1232937574386597,0.5469770431518555,0.5763167142868042,0.48694033909622664,1,0,0.07499992847442627,0.31499999295920134,0.4462272524833679,0,1,6,49,0,1,1,0,0,1,0,structure_best
vehicle_instability_allraw__byx__2025_09_28_17_46_00__000276540__pre2_label2_old_main,vehicle_instability_allraw__byx__2025_09_28_17_46_00__000276540,byx,2025_09_28_17_46_00,pre2_label2_old_main,session_level_split,test,structure_best,0.3927173316478729,0.4670500159263611,0.5877141952514648,0.12066417932510376,1.258353870485958,1,0,0.8250000476837158,0.10499999951571226,0.2720286250114441,1,1,2,7,0,1,1,0,0,0,0,structure_best
vehicle_instability_allraw__byx__2025_09_28_17_46_00__000334450__pre2_label2_old_main,vehicle_instability_allraw__byx__2025_09_28_17_46_00__000334450,byx,2025_09_28_17_46_00,pre2_label2_old_main,session_level_split,test,structure_best,0.19741204380989075,0.36529767513275146,0.3211011290550232,0.04419654607772827,0.879012243749794,1,0,0.125,0.024999999441206455,0.0449395477771759,0,1,1,21,0,0,1,0,0,0,0,structure_best
vehicle_instability_allraw__byx__2025_09_28_17_46_00__000358145__pre2_label2_old_main,vehicle_instability_allraw__byx__2025_09_28_17_46_00__000358145,byx,2025_09_28_17_46_00,pre2_label2_old_main,session_level_split,test,structure_best,0.2266407012939453,0.6082471013069153,0.18783561885356903,0.42041148245334625,0.3088146551787496,1,0,0.0549999475479126,0.07499999832361937,0.4209432303905487,1,1,1,0,0,0,0,0,0,1,0,structure_best
vehicle_instability_allraw__byx__2025_09_28_17_46_00__000433720__pre2_label2_old_main,vehicle_instability_allraw__byx__2025_09_28_17_46_00__000433720,byx,2025_09_28_17_46_00,pre2_label2_old_main,session_level_split,test,structure_best,0.5021812319755554,0.948935866355896,0.33464545011520386,0.6142904162406921,0.3526533899496385,1,0,0.6950000524520874,0.1800000024959445,0.23496702313423157,0,1,3,0,0,1,0,0,0,1,0,structure_best
vehicle_instability_allraw__byx__2025_09_28_17_46_00__000527800__pre2_label2_old_main,vehicle_instability_allraw__byx__2025_09_28_17_46_00__000527800,byx,2025_09_28_17_46_00,pre2_label2_old_main,session_level_split,test,structure_best,0.40771159529685974,0.7489205002784729,0.5373991131782532,0.21152138710021973,0.7175649658120331,1,0,0.11000001430511475,1.0149999810382724,0.018277466297149658,0,1,2,63,0,1,1,0,0,0,0,structure_best
vehicle_instability_allraw__gf__2025_09_26_10_30_12__000062355__pre2_label2_old_main,vehicle_instability_allraw__gf__2025_09_26_10_30_12__000062355,gf,2025_09_26_10_30_12,pre2_label2_old_main,session_level_split,test,structure_best,0.5324715375900269,0.4284778833389282,0.5925132036209106,0.16403532028198242,1.3828326423845536,1,0,0.28000009059906006,0.10499999951571226,0.38912709057331085,1,1,2,8,0,1,1,0,0,0,0,structure_best
vehicle_instability_allraw__gf__2025_09_26_10_30_12__000132045__pre2_label2_old_main,vehicle_instability_allraw__gf__2025_09_26_10_30_12__000132045,gf,2025_09_26_10_30_12,pre2_label2_old_main,session_level_split,test,structure_best,0.39612507820129395,0.5462880730628967,0.6459704041481018,0.09968233108520508,1.1824720985144557,1,0,0.7150000333786011,0.5699999881908298,0.3041731119155884,1,1,2,10,0,1,1,0,0,0,0,structure_best
vehicle_instability_allraw__gf__2025_09_26_10_30_12__000138490__pre2_label2_old_main,vehicle_instability_allraw__gf__2025_09_26_10_30_12__000138490,gf,2025_09_26_10_30_12,pre2_label2_old_main,session_level_split,test,structure_best,0.44218164682388306,1.9250980615615845,1.2831406593322754,0.6419574022293091,0.6665326223908971,1,0,1.2099999785423279,0.030000001192092896,0.7403925657272339,0,0,1,13,0,0,1,1,1,0,1,structure_best
vehicle_instability_allraw__gf__2025_09_26_10_30_12__000205285__pre2_label2_old_main,vehicle_instability_allraw__gf__2025_09_26_10_30_12__000205285,gf,2025_09_26_10_30_12,pre2_label2_old_main,session_level_split,test,structure_best,0.45294442772865295,0.8585270047187805,0.06459353864192963,0.7939334660768509,0.07523763176568676,1,0,1.6599999573081732,1.880000002682209,0.7917828299105167,1,1,5,23,0,1,1,0,0,1,0,structure_best
vehicle_instability_allraw__gf__2025_09_26_10_30_12__000223260__pre2_label2_old_main,vehicle_instability_allraw__gf__2025_09_26_10_30_12__000223260,gf,2025_09_26_10_30_12,pre2_label2_old_main,session_level_split,test,structure_best,1.0597560405731201,1.5163418054580688,0.8841612339019775,0.6321805715560913,0.5830883450680059,1,0,0.17500007152557373,0.06500000040978193,0.5189661979675293,0,1,2,22,0,1,1,1,1,0,1,structure_best
vehicle_instability_allraw__gf__2025_09_26_10_30_12__000275220__pre2_label2_old_main,vehicle_instability_allraw__gf__2025_09_26_10_30_12__000275220,gf,2025_09_26_10_30_12,pre2_label2_old_main,session_level_split,test,structure_best,0.14881733059883118,0.2598803639411926,0.12676623463630676,0.13311412930488586,0.48778689052856733,1,0,0.0,0.04000000189989805,0.13311412930488586,1,1,3,29,0,1,1,0,0,1,0,structure_best
vehicle_instability_allraw__gf__2025_09_26_10_30_12__000334120__pre2_label2_old_main,vehicle_instability_allraw__gf__2025_09_26_10_30_12__000334120,gf,2025_09_26_10_30_12,pre2_label2_old_main,session_level_split,test,structure_best,0.6062862277030945,1.424536943435669,0.6266539692878723,0.7978829741477966,0.4399001178421678,1,0,0.0549999475479126,0.8550000144168735,0.7994455695152283,1,1,5,4,0,1,1,1,0,1,1,structure_best
vehicle_instability_allraw__gf__2025_09_26_10_30_12__000425785__pre2_label2_old_main,vehicle_instability_allraw__gf__2025_09_26_10_30_12__000425785,gf,2025_09_26_10_30_12,pre2_label2_old_main,session_level_split,test,structure_best,0.7586565613746643,2.145881175994873,1.0403954982757568,1.1054856777191162,0.4848336943882314,1,0,0.6299999952316284,0.4000000013038516,0.051986098289489746,0,0,1,18,0,0,1,1,0,1,1,structure_best
vehicle_instability_allraw__gf__2025_09_26_10_52_57__000066795__pre2_label2_old_main,vehicle_instability_allraw__gf__2025_09_26_10_52_57__000066795,gf,2025_09_26_10_52_57,pre2_label2_old_main,session_level_split,test,structure_best,0.5767117142677307,0.9204869866371155,0.4331226348876953,0.48736435174942017,0.4705364021169434,1,0,0.6200000047683716,0.4000000013038516,0.9179100394248962,1,1,3,29,0,1,1,0,0,1,0,structure_best
vehicle_instability_allraw__gf__2025_09_26_10_52_57__000134810__pre2_label2_old_main,vehicle_instability_allraw__gf__2025_09_26_10_52_57__000134810,gf,2025_09_26_10_52_57,pre2_label2_old_main,session_level_split,test,structure_best,0.3979341983795166,0.42725691199302673,0.5611938834190369,0.13393697142601013,1.3134811109344817,1,0,0.75,0.8949999762699008,0.20512661337852478,0,1,2,4,0,1,1,0,0,0,0,structure_best
vehicle_instability_allraw__gf__2025_09_26_10_52_57__000300870__pre2_label2_old_main,vehicle_instability_allraw__gf__2025_09_26_10_52_57__000300870,gf,2025_09_26_10_52_57,pre2_label2_old_main,session_level_split,test,structure_best,0.25175079703330994,0.559203028678894,0.04930410161614418,0.5098989270627499,0.08816851677757206,0,1,1.125,1.4950000047683716,0.09852489456534386,0,0,3,25,0,1,1,0,0,1,0,structure_best
vehicle_instability_allraw__gf__2025_09_26_10_52_57__000471505__pre2_label2_old_main,vehicle_instability_allraw__gf__2025_09_26_10_52_57__000471505,gf,2025_09_26_10_52_57,pre2_label2_old_main,session_level_split,test,structure_best,0.47397562861442566,1.254542589187622,0.6257025599479675,0.6288400292396545,0.4987495564842806,1,0,0.5550000667572021,0.634999985806644,0.3202105760574341,0,1,2,4,0,1,1,1,0,1,0,structure_best
vehicle_instability_allraw__gzj__2025_09_27_11_38_49__000051595__pre2_label2_old_main,vehicle_instability_allraw__gzj__2025_09_27_11_38_49__000051595,gzj,2025_09_27_11_38_49,pre2_label2_old_main,session_level_split,test,structure_best,1.119157314300537,1.7081509828567505,0.47154590487480164,1.2366050779819489,0.27605633788072853,1,0,0.4200000762939453,0.09500000160187483,0.7710526585578918,0,1,5,65,0,1,1,1,0,1,1,structure_best
vehicle_instability_allraw__gzj__2025_09_27_12_17_12__000053185__pre2_label2_old_main,vehicle_instability_allraw__gzj__2025_09_27_12_17_12__000053185,gzj,2025_09_27_12_17_12,pre2_label2_old_main,session_level_split,test,structure_best,1.2093992233276367,2.043076992034912,0.5696814060211182,1.473395586013794,0.27883501612619765,1,0,0.014999985694885254,0.22500000428408384,1.3197646141052246,1,1,2,17,0,1,1,1,0,1,1,structure_best
vehicle_instability_allraw__gzj__2025_09_27_12_17_12__000081700__pre2_label2_old_main,vehicle_instability_allraw__gzj__2025_09_27_12_17_12__000081700,gzj,2025_09_27_12_17_12,pre2_label2_old_main,session_level_split,test,structure_best,0.6502459645271301,1.322604775428772,0.5531567931175232,0.7694479823112488,0.418232871522936,1,0,0.23000001907348633,0.12000000011175871,0.3794860392808914,0,1,2,103,0,1,1,1,0,1,1,structure_best
vehicle_instability_allraw__gzj__2025_09_27_12_17_12__000108865__pre2_label2_old_main,vehicle_instability_allraw__gzj__2025_09_27_12_17_12__000108865,gzj,2025_09_27_12_17_12,pre2_label2_old_main,session_level_split,test,structure_best,0.5343263745307922,1.0861175060272217,0.629933774471283,0.4561837315559387,0.5799867610784046,1,0,0.8849999904632568,0.19999999832361937,0.3278568983078003,0,1,4,10,0,1,1,0,0,0,0,structure_best
vehicle_instability_allraw__gzj__2025_09_27_12_17_12__000150140__pre2_label2_old_main,vehicle_instability_allraw__gzj__2025_09_27_12_17_12__000150140,gzj,2025_09_27_12_17_12,pre2_label2_old_main,session_level_split,test,structure_best,0.43321093916893005,0.7656780481338501,0.6100751161575317,0.15560293197631836,0.7967775981620973,1,0,0.2250000238418579,0.07000000309199095,0.07442271709442139,0,1,2,36,0,1,1,0,0,0,0,structure_best
vehicle_instability_allraw__gzj__2025_09_27_12_17_12__000175240__pre2_label2_old_main,vehicle_instability_allraw__gzj__2025_09_27_12_17_12__000175240,gzj,2025_09_27_12_17_12,pre2_label2_old_main,session_level_split,test,structure_best,0.5110524296760559,0.7986618280410767,0.27118977904319763,0.527472048997879,0.33955520286772717,1,0,0.4099999666213989,0.04000000189989805,0.3893924951553345,0,1,2,1,0,1,0,0,0,1,0,structure_best
vehicle_instability_allraw__gzj__2025_09_27_12_17_12__000186555__pre2_label2_old_main,vehicle_instability_allraw__gzj__2025_09_27_12_17_12__000186555,gzj,2025_09_27_12_17_12,pre2_label2_old_main,session_level_split,test,structure_best,0.44629931449890137,1.19834303855896,0.7519508004188538,0.4463922381401062,0.627492108873178,1,0,1.01500004529953,0.4600000036880374,0.010279834270477295,0,1,2,10,0,1,1,1,1,0,0,structure_best
vehicle_instability_allraw__gzj__2025_09_27_12_17_12__000218105__pre2_label2_old_main,vehicle_instability_allraw__gzj__2025_09_27_12_17_12__000218105,gzj,2025_09_27_12_17_12,pre2_label2_old_main,session_level_split,test,structure_best,0.7061664462089539,0.8684759736061096,0.6593529582023621,0.20912301540374756,0.7592069075493001,1,0,0.4750000238418579,0.03000000026077032,0.21383267641067505,0,1,1,8,0,0,1,0,0,0,0,structure_best
vehicle_instability_allraw__gzj__2025_09_27_12_17_12__000253235__pre2_label2_old_main,vehicle_instability_allraw__gzj__2025_09_27_12_17_12__000253235,gzj,2025_09_27_12_17_12,pre2_label2_old_main,session_level_split,test,structure_best,0.37323054671287537,0.9171707034111023,0.2025284767150879,0.7146422266960144,0.2208187374082628,1,0,0.015000104904174805,1.4900000048801303,0.7136503309011459,1,1,1,0,0,0,0,0,0,1,0,structure_best
vehicle_instability_allraw__gzj__2025_09_27_12_17_12__000273440__pre2_label2_old_main,vehicle_instability_allraw__gzj__2025_09_27_12_17_12__000273440,gzj,2025_09_27_12_17_12,pre2_label2_old_main,session_level_split,test,structure_best,0.5572881102561951,1.1278319358825684,0.494953453540802,0.6328784823417664,0.4388539088082157,1,0,0.39499998092651367,0.16000000666826963,0.09976956248283386,0,1,3,37,0,1,1,0,0,1,0,structure_best
vehicle_instability_allraw__gzj__2025_09_27_12_17_12__000362460__pre2_label2_old_main,vehicle_instability_allraw__gzj__2025_09_27_12_17_12__000362460,gzj,2025_09_27_12_17_12,pre2_label2_old_main,session_level_split,test,structure_best,0.27893397212028503,1.0026919841766357,0.3118028938770294,0.6908890902996063,0.3109657789206997,1,0,0.4099999666213989,0.3600000096485019,0.6698359847068787,1,1,4,10,0,1,1,0,0,1,0,structure_best
vehicle_instability_allraw__gzj__2025_09_27_12_17_12__000392590__pre2_label2_old_main,vehicle_instability_allraw__gzj__2025_09_27_12_17_12__000392590,gzj,2025_09_27_12_17_12,pre2_label2_old_main,session_level_split,test,structure_best,1.498233437538147,2.594604015350342,0.34873199462890625,2.2458720207214355,0.13440663491065244,1,0,0.10000002384185791,1.8650000095367432,2.031524568796158,1,1,2,28,0,1,1,1,0,1,1,structure_best
vehicle_instability_allraw__gzj__2025_09_27_12_17_12__000489775__pre2_label2_old_main,vehicle_instability_allraw__gzj__2025_09_27_12_17_12__000489775,gzj,2025_09_27_12_17_12,pre2_label2_old_main,session_level_split,test,structure_best,0.64402174949646,0.7225660085678101,0.5084161162376404,0.21414989233016968,0.703625842081011,1,0,0.9200000762939453,0.6800000024959445,0.9268908202648163,1,1,2,0,0,1,0,0,0,0,0,structure_best
vehicle_instability_allraw__gzj__2025_09_27_12_17_12__000518180__pre2_label2_old_main,vehicle_instability_allraw__gzj__2025_09_27_12_17_12__000518180,gzj,2025_09_27_12_17_12,pre2_label2_old_main,session_level_split,test,structure_best,0.38421115279197693,0.5124282836914062,0.08157648146152496,0.4308518022298813,0.15919589932442493,0,1,0.23499995470046997,1.8599999994039536,0.0865049958229065,0,1,4,1,0,1,0,0,0,1,0,structure_best
vehicle_instability_allraw__gzj__2025_09_27_12_17_12__000546730__pre2_label2_old_main,vehicle_instability_allraw__gzj__2025_09_27_12_17_12__000546730,gzj,2025_09_27_12_17_12,pre2_label2_old_main,session_level_split,test,structure_best,0.25828999280929565,0.43266698718070984,0.44823119044303894,0.015564203262329102,1.035972708164648,1,0,0.46000003814697266,0.47499998938292265,0.10750287771224976,0,1,2,0,0,1,0,0,0,0,0,structure_best
vehicle_instability_allraw__gzj__2025_09_27_12_17_12__000585940__pre2_label2_old_main,vehicle_instability_allraw__gzj__2025_09_27_12_17_12__000585940,gzj,2025_09_27_12_17_12,pre2_label2_old_main,session_level_split,test,structure_best,0.23711806535720825,0.22881299257278442,0.36142829060554504,0.13261529803276062,1.5795794047428329,1,0,0.9350000619888306,0.6249999953433871,0.16083107888698578,1,1,2,1,0,1,0,0,0,0,0,structure_best
vehicle_instability_allraw__gzj__2025_09_27_12_17_12__000592750__pre2_label2_old_main,vehicle_instability_allraw__gzj__2025_09_27_12_17_12__000592750,gzj,2025_09_27_12_17_12,pre2_label2_old_main,session_level_split,test,structure_best,1.5222887992858887,2.132270336151123,0.1413334608078003,1.9909368753433228,0.06628308728569368,1,0,0.815000057220459,1.4350000023841858,1.7713170945644379,1,1,2,29,0,1,1,1,0,1,1,structure_best
vehicle_instability_allraw__hzh__2025_09_26_20_50_27__000034605__pre2_label2_old_main,vehicle_instability_allraw__hzh__2025_09_26_20_50_27__000034605,hzh,2025_09_26_20_50_27,pre2_label2_old_main,session_level_split,test,structure_best,0.36552056670188904,0.5717697739601135,0.42299702763557434,0.14877274632453918,0.7398030586784436,1,0,0.04999995231628418,0.05999999772757292,0.06370609998703003,0,1,2,83,0,1,1,0,0,0,0,structure_best
vehicle_instability_allraw__hzh__2025_09_26_20_50_27__000061190__pre2_label2_old_main,vehicle_instability_allraw__hzh__2025_09_26_20_50_27__000061190,hzh,2025_09_26_20_50_27,pre2_label2_old_main,session_level_split,test,structure_best,0.49727919697761536,0.9779080152511597,0.6297600269317627,0.348147988319397,0.6439869774152727,1,0,0.20000004768371582,0.9650000287219882,0.24797755479812622,0,1,2,4,0,1,1,0,0,0,0,structure_best
vehicle_instability_allraw__hzh__2025_09_26_20_50_27__000099655__pre2_label2_old_main,vehicle_instability_allraw__hzh__2025_09_26_20_50_27__000099655,hzh,2025_09_26_20_50_27,pre2_label2_old_main,session_level_split,test,structure_best,0.6613631844520569,1.0023419857025146,0.5806925892829895,0.42164939641952515,0.5793357931385041,1,0,0.4750000238418579,0.15499999653548002,0.2232355773448944,0,1,2,4,0,1,1,0,0,0,0,structure_best
vehicle_instability_allraw__hzh__2025_09_26_20_50_27__000128695__pre2_label2_old_main,vehicle_instability_allraw__hzh__2025_09_26_20_50_27__000128695,hzh,2025_09_26_20_50_27,pre2_label2_old_main,session_level_split,test,structure_best,0.7388343811035156,1.2557679414749146,0.47827011346817017,0.7774978280067444,0.38085867433949316,1,0,0.3500000238418579,0.18999999295920134,0.7258584797382355,1,1,2,55,0,1,1,1,0,1,0,structure_best
vehicle_instability_allraw__hzh__2025_09_26_20_50_27__000148635__pre2_label2_old_main,vehicle_instability_allraw__hzh__2025_09_26_20_50_27__000148635,hzh,2025_09_26_20_50_27,pre2_label2_old_main,session_level_split,test,structure_best,0.5625359416007996,1.3988850116729736,1.2696921825408936,0.12919282913208008,0.9076458550531084,1,0,1.665000006556511,0.25499999057501554,0.21917343139648438,0,0,1,28,0,0,1,1,1,0,1,structure_best
vehicle_instability_allraw__hzh__2025_09_26_20_50_27__000186415__pre2_label2_old_main,vehicle_instability_allraw__hzh__2025_09_26_20_50_27__000186415,hzh,2025_09_26_20_50_27,pre2_label2_old_main,session_level_split,test,structure_best,0.637882649898529,1.1744319200515747,0.20141607522964478,0.9730158448219299,0.1715008522765625,1,0,0.35500001907348633,1.4399999976158142,0.7396686375141144,1,1,2,0,0,1,0,0,0,1,0,structure_best
vehicle_instability_allraw__hzh__2025_09_26_20_50_27__000198845__pre2_label2_old_main,vehicle_instability_allraw__hzh__2025_09_26_20_50_27__000198845,hzh,2025_09_26_20_50_27,pre2_label2_old_main,session_level_split,test,structure_best,0.5332772731781006,1.0356780290603638,0.47713443636894226,0.5585435926914215,0.4606976521475796,1,0,0.12000000476837158,0.26500001084059477,0.19997453689575195,0,1,4,20,0,1,1,0,0,1,0,structure_best
vehicle_instability_allraw__hzh__2025_09_26_20_50_27__000221605__pre2_label2_old_main,vehicle_instability_allraw__hzh__2025_09_26_20_50_27__000221605,hzh,2025_09_26_20_50_27,pre2_label2_old_main,session_level_split,test,structure_best,0.4942939579486847,0.8745843768119812,0.4388907253742218,0.4356936514377594,0.5018277675780788,1,0,0.8100000619888306,0.07000000309199095,1.1674473285675049,1,1,1,6,0,0,1,0,0,0,0,structure_best
vehicle_instability_allraw__hzh__2025_09_26_20_50_27__000245880__pre2_label2_old_main,vehicle_instability_allraw__hzh__2025_09_26_20_50_27__000245880,hzh,2025_09_26_20_50_27,pre2_label2_old_main,session_level_split,test,structure_best,0.17531302571296692,0.15830004215240479,0.07591238617897034,0.08238765597343445,0.47954747924757346,0,1,1.3400000240653753,0.4000000013038516,0.22529764473438263,1,0,0,0,1,0,0,0,0,1,0,structure_best
vehicle_instability_allraw__hzh__2025_09_26_20_50_27__000267185__pre2_label2_old_main,vehicle_instability_allraw__hzh__2025_09_26_20_50_27__000267185,hzh,2025_09_26_20_50_27,pre2_label2_old_main,session_level_split,test,structure_best,0.4585573375225067,0.01291540265083313,0.47289812564849854,0.4599827229976654,36.61505091504007,1,0,0.059999942779541016,1.9900000048801303,0.45967766642570496,1,0,0,0,1,0,0,0,0,0,0,structure_best
vehicle_instability_allraw__hzh__2025_09_26_20_50_27__000337435__pre2_label2_old_main,vehicle_instability_allraw__hzh__2025_09_26_20_50_27__000337435,hzh,2025_09_26_20_50_27,pre2_label2_old_main,session_level_split,test,structure_best,1.1968706846237183,3.1211791038513184,0.15152421593666077,2.9696548879146576,0.04854710700507074,1,0,0.4950000047683716,0.5750000476837158,2.971316695213318,1,1,0,0,1,0,0,1,0,1,1,structure_best
vehicle_instability_allraw__hzh__2025_09_26_20_50_27__000374985__pre2_label2_old_main,vehicle_instability_allraw__hzh__2025_09_26_20_50_27__000374985,hzh,2025_09_26_20_50_27,pre2_label2_old_main,session_level_split,test,structure_best,0.5849392414093018,0.8304280042648315,0.17412890493869781,0.6562990993261337,0.20968573319351405,1,0,0.5399999618530273,0.2200000062584877,0.6603288948535919,1,1,1,5,0,0,1,0,0,1,0,structure_best
vehicle_instability_allraw__hzh__2025_09_26_20_50_27__000394695__pre2_label2_old_main,vehicle_instability_allraw__hzh__2025_09_26_20_50_27__000394695,hzh,2025_09_26_20_50_27,pre2_label2_old_main,session_level_split,test,structure_best,0.5719161033630371,0.32655006647109985,0.6259384751319885,0.29938840866088867,1.916822378559782,1,0,0.059999942779541016,0.455000008456409,0.29797667264938354,1,1,2,4,0,1,1,0,0,0,0,structure_best
vehicle_instability_allraw__hzh__2025_09_26_20_50_27__000405010__pre2_label2_old_main,vehicle_instability_allraw__hzh__2025_09_26_20_50_27__000405010,hzh,2025_09_26_20_50_27,pre2_label2_old_main,session_level_split,test,structure_best,0.5924786925315857,0.6754416227340698,0.2780255079269409,0.3974161148071289,0.41162033633867895,1,0,0.5449999570846558,0.08999999891966581,0.4039810001850128,1,1,1,37,0,0,1,0,0,1,0,structure_best
vehicle_instability_allraw__hzh__2025_09_26_20_50_27__000449755__pre2_label2_old_main,vehicle_instability_allraw__hzh__2025_09_26_20_50_27__000449755,hzh,2025_09_26_20_50_27,pre2_label2_old_main,session_level_split,test,structure_best,0.19012445211410522,0.4405207931995392,0.2998906373977661,0.14063015580177307,0.6807638641064715,1,0,0.04999995231628418,0.7350000096485019,0.14122605323791504,0,1,1,0,0,0,0,0,0,0,0,structure_best
vehicle_instability_allraw__hzh__2025_09_26_20_50_27__000455695__pre2_label2_old_main,vehicle_instability_allraw__hzh__2025_09_26_20_50_27__000455695,hzh,2025_09_26_20_50_27,pre2_label2_old_main,session_level_split,test,structure_best,0.26630380749702454,0.3176489770412445,0.129166841506958,0.1884821355342865,0.40663389729785465,1,0,0.4750000238418579,0.07499999832361937,0.19301491975784302,1,1,1,5,0,0,1,0,0,1,0,structure_best
vehicle_instability_allraw__hzh__2025_09_26_20_50_27__000474655__pre2_label2_old_main,vehicle_instability_allraw__hzh__2025_09_26_20_50_27__000474655,hzh,2025_09_26_20_50_27,pre2_label2_old_main,session_level_split,test,structure_best,0.46786412596702576,0.646818995475769,0.3106425106525421,0.33617648482322693,0.4802618859763826,1,0,0.06499993801116943,0.19500000309199095,0.3067440390586853,0,1,2,8,0,1,1,0,0,1,0,structure_best
vehicle_instability_allraw__hzh__2025_09_26_20_50_27__000579225__pre2_label2_old_main,vehicle_instability_allraw__hzh__2025_09_26_20_50_27__000579225,hzh,2025_09_26_20_50_27,pre2_label2_old_main,session_level_split,test,structure_best,0.44109347462654114,0.9580110311508179,0.5974675416946411,0.36054348945617676,0.6236541357743332,1,0,0.059999942779541016,0.8949999762699008,0.36175936460494995,0,1,1,2,0,0,1,0,0,0,0,structure_best
vehicle_instability_allraw__hzh__2025_09_26_20_50_27__000599030__pre2_label2_old_main,vehicle_instability_allraw__hzh__2025_09_26_20_50_27__000599030,hzh,2025_09_26_20_50_27,pre2_label2_old_main,session_level_split,test,structure_best,0.10209805518388748,0.1905902922153473,0.19391478598117828,0.0033244937658309937,1.017443143232472,1,0,1.9900000002235174,0.4250000072643161,0.0019515156745910645,0,0,2,3,0,1,1,0,0,0,0,structure_best
vehicle_instability_allraw__hzh__2025_09_26_20_50_27__000610365__pre2_label2_old_main,vehicle_instability_allraw__hzh__2025_09_26_20_50_27__000610365,hzh,2025_09_26_20_50_27,pre2_label2_old_main,session_level_split,test,structure_best,0.28490597009658813,0.3619828224182129,0.12260301411151886,0.23937980830669403,0.33869843130255173,0,1,0.9950000047683716,0.07000000309199095,0.007729180157184601,0,1,1,53,0,0,1,0,0,1,0,structure_best
vehicle_instability_allraw__hzh__2025_09_26_20_50_27__000616100__pre2_label2_old_main,vehicle_instability_allraw__hzh__2025_09_26_20_50_27__000616100,hzh,2025_09_26_20_50_27,pre2_label2_old_main,session_level_split,test,structure_best,0.04924442991614342,0.10559199750423431,0.1241365522146225,0.018544554710388184,1.1756246225917313,1,0,1.20000003837049,0.09500000160187483,0.020732611417770386,0,0,0,0,1,0,0,0,0,0,0,structure_best
vehicle_instability_allraw__hzh__2025_09_26_20_50_27__000645790__pre2_label2_old_main,vehicle_instability_allraw__hzh__2025_09_26_20_50_27__000645790,hzh,2025_09_26_20_50_27,pre2_label2_old_main,session_level_split,test,structure_best,0.34966135025024414,0.6035345792770386,0.4812191426753998,0.1223154366016388,0.7973348324993111,1,0,0.059999942779541016,1.2050000382587314,0.12324526906013489,0,1,4,0,0,1,0,0,0,0,0,structure_best
vehicle_instability_allraw__hzh__2025_09_26_20_50_27__000681250__pre2_label2_old_main,vehicle_instability_allraw__hzh__2025_09_26_20_50_27__000681250,hzh,2025_09_26_20_50_27,pre2_label2_old_main,session_level_split,test,structure_best,0.6325750946998596,0.9698799848556519,0.07455421984195709,0.8953257650136948,0.07686953128850584,1,0,0.3199999928474426,1.8599999994039536,0.7327613681554794,1,1,2,12,0,1,1,0,0,1,0,structure_best
vehicle_instability_allraw__hzh__2025_09_26_20_50_27__000691675__pre2_label2_old_main,vehicle_instability_allraw__hzh__2025_09_26_20_50_27__000691675,hzh,2025_09_26_20_50_27,pre2_label2_old_main,session_level_split,test,structure_best,0.2960643172264099,0.5338959693908691,0.4164717495441437,0.11742421984672546,0.7800616101659341,1,0,0.5800000429153442,0.3050000024959445,0.018237173557281494,0,1,2,0,0,1,0,0,0,0,0,structure_best
vehicle_instability_allraw__hzh__2025_09_26_20_50_27__000701035__pre2_label2_old_main,vehicle_instability_allraw__hzh__2025_09_26_20_50_27__000701035,hzh,2025_09_26_20_50_27,pre2_label2_old_main,session_level_split,test,structure_best,0.5769509673118591,1.198164939880371,0.3622887432575226,0.8358761966228485,0.30236967482431487,1,0,0.4650000333786011,0.3600000096485019,0.8403158485889435,1,1,1,15,0,0,1,0,0,1,0,structure_best
vehicle_instability_allraw__hzh__2025_09_26_21_03_19__000060335__pre2_label2_old_main,vehicle_instability_allraw__hzh__2025_09_26_21_03_19__000060335,hzh,2025_09_26_21_03_19,pre2_label2_old_main,session_level_split,test,structure_best,0.7830539345741272,1.6409621238708496,0.13428384065628052,1.506678283214569,0.08183238278499669,1,0,0.93499999307096,1.760000005364418,0.8727353662252426,1,1,1,71,0,0,1,1,0,1,1,structure_best
vehicle_instability_allraw__hzh__2025_09_26_21_03_19__000088105__pre2_label2_old_main,vehicle_instability_allraw__hzh__2025_09_26_21_03_19__000088105,hzh,2025_09_26_21_03_19,pre2_label2_old_main,session_level_split,test,structure_best,0.7322338819503784,1.1356894969940186,0.28490006923675537,0.8507894277572632,0.2508608823017546,1,0,0.5299999713897705,0.22999999951571226,0.8580290377140045,1,1,1,63,0,0,1,0,0,1,0,structure_best
vehicle_instability_allraw__hzh__2025_09_26_21_03_19__000134505__pre2_label2_old_main,vehicle_instability_allraw__hzh__2025_09_26_21_03_19__000134505,hzh,2025_09_26_21_03_19,pre2_label2_old_main,session_level_split,test,structure_best,0.8637863397598267,1.2440659999847412,0.6386902928352356,0.6053757071495056,0.5133893964171268,1,0,0.4899999499320984,0.18999999295920134,0.9651511162519455,1,1,1,24,0,0,1,1,1,0,0,structure_best
vehicle_instability_allraw__hzh__2025_09_26_21_03_19__000160880__pre2_label2_old_main,vehicle_instability_allraw__hzh__2025_09_26_21_03_19__000160880,hzh,2025_09_26_21_03_19,pre2_label2_old_main,session_level_split,test,structure_best,0.7275221943855286,1.4582189321517944,0.47579389810562134,0.9824250340461731,0.32628426885359707,1,0,0.4700000286102295,0.34999998938292265,0.9871416687965393,1,1,1,15,0,0,1,1,0,1,1,structure_best
vehicle_instability_allraw__hzh__2025_09_26_21_03_19__000202260__pre2_label2_old_main,vehicle_instability_allraw__hzh__2025_09_26_21_03_19__000202260,hzh,2025_09_26_21_03_19,pre2_label2_old_main,session_level_split,test,structure_best,0.7927674055099487,1.102524995803833,0.2659330666065216,0.8365919291973114,0.24120366215609845,1,0,0.33500003814697266,0.030000001192092896,0.8108786642551422,1,1,2,81,0,1,1,0,0,1,0,structure_best
vehicle_instability_allraw__hzh__2025_09_26_21_03_19__000221890__pre2_label2_old_main,vehicle_instability_allraw__hzh__2025_09_26_21_03_19__000221890,hzh,2025_09_26_21_03_19,pre2_label2_old_main,session_level_split,test,structure_best,1.259385108947754,1.6784822940826416,0.8010114431381226,0.877470850944519,0.4772236477930246,1,0,0.1950000524520874,0.13500000070780516,0.8723748326301575,1,1,1,18,0,0,1,1,0,1,1,structure_best
vehicle_instability_allraw__hzh__2025_09_26_21_03_19__000238815__pre2_label2_old_main,vehicle_instability_allraw__hzh__2025_09_26_21_03_19__000238815,hzh,2025_09_26_21_03_19,pre2_label2_old_main,session_level_split,test,structure_best,0.19248980283737183,0.5290089845657349,0.32759130001068115,0.2014176845550537,0.6192546999548635,1,0,0.23500001430511475,0.584999973885715,0.02797865867614746,0,1,2,5,0,1,1,0,0,0,0,structure_best
vehicle_instability_allraw__hzh__2025_09_26_21_03_19__000280645__pre2_label2_old_main,vehicle_instability_allraw__hzh__2025_09_26_21_03_19__000280645,hzh,2025_09_26_21_03_19,pre2_label2_old_main,session_level_split,test,structure_best,0.30292344093322754,0.18832123279571533,0.321530282497406,0.13320904970169067,1.70735013638208,1,0,1.1400000303983688,0.04500000085681677,0.21570200473070145,1,1,2,25,0,1,1,0,0,0,0,structure_best
vehicle_instability_allraw__hzh__2025_09_26_21_03_19__000310025__pre2_label2_old_main,vehicle_instability_allraw__hzh__2025_09_26_21_03_19__000310025,hzh,2025_09_26_21_03_19,pre2_label2_old_main,session_level_split,test,structure_best,0.6036242246627808,1.4090020656585693,0.30312997102737427,1.105872094631195,0.21513806006075012,1,0,0.4500000476837158,0.8799999356269836,1.10927814245224,1,1,1,12,0,0,1,1,0,1,1,structure_best
vehicle_instability_allraw__hzh__2025_09_26_21_03_19__000320800__pre2_label2_old_main,vehicle_instability_allraw__hzh__2025_09_26_21_03_19__000320800,hzh,2025_09_26_21_03_19,pre2_label2_old_main,session_level_split,test,structure_best,0.4404362440109253,0.9306093454360962,0.3616205155849457,0.5689888298511505,0.38858465945824494,1,0,0.4750000238418579,1.2649999810382724,0.5729282796382904,1,1,1,5,0,0,1,0,0,1,0,structure_best
vehicle_instability_allraw__hzh__2025_09_26_21_03_19__000326200__pre2_label2_old_main,vehicle_instability_allraw__hzh__2025_09_26_21_03_19__000326200,hzh,2025_09_26_21_03_19,pre2_label2_old_main,session_level_split,test,structure_best,0.8741728663444519,1.3070790767669678,0.5385960340499878,0.76848304271698,0.4120607877697756,1,0,0.33500003814697266,0.06500000040978193,0.27498823404312134,0,1,2,2,1,1,1,1,0,1,1,structure_best
vehicle_instability_allraw__hzh__2025_09_26_21_03_19__000341895__pre2_label2_old_main,vehicle_instability_allraw__hzh__2025_09_26_21_03_19__000341895,hzh,2025_09_26_21_03_19,pre2_label2_old_main,session_level_split,test,structure_best,0.8255503177642822,1.0786139965057373,0.8475063443183899,0.2311076521873474,0.785736460924816,1,0,0.5950000286102295,0.04500000085681677,0.19430643320083618,0,1,3,14,0,1,1,0,0,0,0,structure_best
vehicle_instability_allraw__hzh__2025_09_26_21_03_19__000360590__pre2_label2_old_main,vehicle_instability_allraw__hzh__2025_09_26_21_03_19__000360590,hzh,2025_09_26_21_03_19,pre2_label2_old_main,session_level_split,test,structure_best,0.40896502137184143,0.8333950042724609,0.114992156624794,0.7184028476476669,0.1379803766944585,1,0,1.2799999620765448,1.274999976158142,0.40327176451683044,0,1,3,6,0,1,1,0,0,1,0,structure_best
vehicle_instability_allraw__hzh__2025_09_26_21_03_19__000496480__pre2_label2_old_main,vehicle_instability_allraw__hzh__2025_09_26_21_03_19__000496480,hzh,2025_09_26_21_03_19,pre2_label2_old_main,session_level_split,test,structure_best,0.5018004179000854,0.7867940068244934,0.15309549868106842,0.633698508143425,0.19458142455731586,1,0,1.985000004991889,1.880000002682209,0.6366410553455353,1,1,1,0,0,0,0,0,0,1,0,structure_best
vehicle_instability_allraw__hzh__2025_09_26_21_03_19__000504660__pre2_label2_old_main,vehicle_instability_allraw__hzh__2025_09_26_21_03_19__000504660,hzh,2025_09_26_21_03_19,pre2_label2_old_main,session_level_split,test,structure_best,0.3355579376220703,0.7967429757118225,0.21699701249599457,0.5797459632158279,0.2723550995879519,1,0,0.04499995708465576,0.38499998580664396,0.5802629142999649,1,1,3,0,0,1,0,0,0,1,0,structure_best
vehicle_instability_allraw__hzh__2025_09_26_21_03_19__000558910__pre2_label2_old_main,vehicle_instability_allraw__hzh__2025_09_26_21_03_19__000558910,hzh,2025_09_26_21_03_19,pre2_label2_old_main,session_level_split,test,structure_best,0.6907634735107422,1.2337727546691895,0.5708531737327576,0.6629195809364319,0.46268907428241923,1,0,0.04999995231628418,0.21999999415129423,0.6641973257064819,1,1,1,4,0,0,1,1,0,1,0,structure_best
vehicle_instability_allraw__hzh__2025_09_27_19_44_05__000051370__pre2_label2_old_main,vehicle_instability_allraw__hzh__2025_09_27_19_44_05__000051370,hzh,2025_09_27_19_44_05,pre2_label2_old_main,session_level_split,test,structure_best,0.3129371702671051,0.29461199045181274,0.3721546530723572,0.07754266262054443,1.263202670406001,1,0,0.059999942779541016,0.09500000160187483,0.07654300332069397,0,1,1,0,0,0,0,0,0,0,0,structure_best
vehicle_instability_allraw__hzh__2025_09_27_19_44_05__000081885__pre2_label2_old_main,vehicle_instability_allraw__hzh__2025_09_27_19_44_05__000081885,hzh,2025_09_27_19_44_05,pre2_label2_old_main,session_level_split,test,structure_best,0.9493376016616821,1.791234016418457,0.5858504772186279,1.205383539199829,0.32706529233406717,1,0,0.034999966621398926,0.2450000001117587,0.9342169165611267,1,1,2,51,0,1,1,1,0,1,1,structure_best
vehicle_instability_allraw__hzh__2025_09_27_19_44_05__000128910__pre2_label2_old_main,vehicle_instability_allraw__hzh__2025_09_27_19_44_05__000128910,hzh,2025_09_27_19_44_05,pre2_label2_old_main,session_level_split,test,structure_best,0.35442763566970825,1.6067509651184082,1.0545032024383545,0.5522477626800537,0.6562953595989555,1,0,0.09000003337860107,0.27999999653548,0.5472084283828735,0,0,2,46,0,1,1,1,1,0,1,structure_best
vehicle_instability_allraw__hzh__2025_09_27_19_44_05__000176245__pre2_label2_old_main,vehicle_instability_allraw__hzh__2025_09_27_19_44_05__000176245,hzh,2025_09_27_19_44_05,pre2_label2_old_main,session_level_split,test,structure_best,0.8589454889297485,1.2744419574737549,0.6594358086585999,0.615006148815155,0.5174310252353567,1,0,0.1650000810623169,0.13500000070780516,0.36393702030181885,0,1,2,24,0,1,1,1,1,0,0,structure_best
vehicle_instability_allraw__hzh__2025_09_27_19_44_05__000218700__pre2_label2_old_main,vehicle_instability_allraw__hzh__2025_09_27_19_44_05__000218700,hzh,2025_09_27_19_44_05,pre2_label2_old_main,session_level_split,test,structure_best,1.081329345703125,1.9839180707931519,0.43671882152557373,1.5471992492675781,0.22012946399090846,1,0,0.2549999952316284,0.23499999474734068,1.4455260932445526,1,1,2,33,0,1,1,1,0,1,1,structure_best
vehicle_instability_allraw__hzh__2025_09_27_19_44_05__000246255__pre2_label2_old_main,vehicle_instability_allraw__hzh__2025_09_27_19_44_05__000246255,hzh,2025_09_27_19_44_05,pre2_label2_old_main,session_level_split,test,structure_best,0.677610456943512,1.1740800142288208,0.5436677932739258,0.630412220954895,0.46305855366342036,1,0,0.04500007629394531,0.15499999653548002,0.45999830961227417,0,1,2,15,0,1,1,0,0,1,0,structure_best
vehicle_instability_allraw__hzh__2025_09_27_19_44_05__000301790__pre2_label2_old_main,vehicle_instability_allraw__hzh__2025_09_27_19_44_05__000301790,hzh,2025_09_27_19_44_05,pre2_label2_old_main,session_level_split,test,structure_best,0.4765779972076416,1.161865472793579,0.5053103566169739,0.6565551161766052,0.43491296406460045,1,0,0.2250000238418579,1.0650000525638461,0.6552718877792358,1,1,3,12,0,1,1,0,0,1,0,structure_best
vehicle_instability_allraw__hzh__2025_09_27_19_44_05__000326390__pre2_label2_old_main,vehicle_instability_allraw__hzh__2025_09_27_19_44_05__000326390,hzh,2025_09_27_19_44_05,pre2_label2_old_main,session_level_split,test,structure_best,0.909651517868042,1.3761889934539795,0.42739149928092957,0.9487974941730499,0.31056163166096545,1,0,0.03500008583068848,0.3350000036880374,0.9439788460731506,1,1,2,2,1,1,1,1,0,1,1,structure_best
vehicle_instability_allraw__hzh__2025_09_27_19_44_05__000345860__pre2_label2_old_main,vehicle_instability_allraw__hzh__2025_09_27_19_44_05__000345860,hzh,2025_09_27_19_44_05,pre2_label2_old_main,session_level_split,test,structure_best,0.6600340604782104,0.9915213584899902,0.21910050511360168,0.7724208533763885,0.2209740649936928,1,0,0.38499999046325684,0.3450000062584877,0.15057313442230225,0,1,4,39,0,1,1,0,0,1,0,structure_best
vehicle_instability_allraw__hzh__2025_09_27_19_44_05__000407670__pre2_label2_old_main,vehicle_instability_allraw__hzh__2025_09_27_19_44_05__000407670,hzh,2025_09_27_19_44_05,pre2_label2_old_main,session_level_split,test,structure_best,1.1741435527801514,2.461432933807373,0.9994189739227295,1.4620139598846436,0.4060313649808921,1,0,0.6800000667572021,0.9549999786540866,1.0196435451507568,0,1,2,30,0,1,1,1,0,1,1,structure_best
vehicle_instability_allraw__hzh__2025_09_27_19_44_05__000429895__pre2_label2_old_main,vehicle_instability_allraw__hzh__2025_09_27_19_44_05__000429895,hzh,2025_09_27_19_44_05,pre2_label2_old_main,session_level_split,test,structure_best,0.5615679025650024,0.8702206611633301,0.03341551870107651,0.8368051424622536,0.038398902936188514,1,0,0.5300000216811895,1.9300000071525574,0.5780830979347229,1,1,1,9,0,0,1,0,0,1,0,structure_best
vehicle_instability_allraw__hzh__2025_09_27_19_44_05__000530990__pre2_label2_old_main,vehicle_instability_allraw__hzh__2025_09_27_19_44_05__000530990,hzh,2025_09_27_19_44_05,pre2_label2_old_main,session_level_split,test,structure_best,0.3514159321784973,0.2900730073451996,0.8515274524688721,0.5614544451236725,2.9355625339365585,0,1,0.15999996662139893,0.125,0.1636981964111328,1,1,2,34,0,1,1,0,0,0,0,structure_best
vehicle_instability_allraw__tyy__2025_09_28_14_44_09__000058890__pre2_label2_old_main,vehicle_instability_allraw__tyy__2025_09_28_14_44_09__000058890,tyy,2025_09_28_14_44_09,pre2_label2_old_main,session_level_split,test,structure_best,1.251078486442566,2.333853006362915,0.3851943612098694,1.9486586451530457,0.1650465389892561,1,0,0.38999998569488525,1.8299999982118607,1.9325406551361084,1,1,8,29,0,1,1,1,0,1,1,structure_best
vehicle_instability_allraw__tyy__2025_09_28_14_44_09__000078030__pre2_label2_old_main,vehicle_instability_allraw__tyy__2025_09_28_14_44_09__000078030,tyy,2025_09_28_14_44_09,pre2_label2_old_main,session_level_split,test,structure_best,0.982027530670166,1.15540611743927,0.5424603223800659,0.6129457950592041,0.46949753354458806,0,1,1.3800000548362732,0.04500000085681677,0.24616628885269165,0,1,3,10,0,1,1,0,0,1,0,structure_best
vehicle_instability_allraw__tyy__2025_09_28_14_44_09__000153840__pre2_label2_old_main,vehicle_instability_allraw__tyy__2025_09_28_14_44_09__000153840,tyy,2025_09_28_14_44_09,pre2_label2_old_main,session_level_split,test,structure_best,0.0952451303601265,0.017628014087677002,0.08698651194572449,0.06935849785804749,4.934561063604611,0,1,1.7650000154972076,0.17500000726431608,0.10237044095993042,1,0,0,0,1,0,0,0,0,0,0,structure_best
vehicle_instability_allraw__tyy__2025_09_28_14_44_09__000228005__pre2_label2_old_main,vehicle_instability_allraw__tyy__2025_09_28_14_44_09__000228005,tyy,2025_09_28_14_44_09,pre2_label2_old_main,session_level_split,test,structure_best,1.1859632730484009,1.7652308940887451,0.702849805355072,1.062381088733673,0.3981631001976657,0,1,0.33500003814697266,0.7400000048801303,0.8508064150810242,0,1,3,10,0,1,1,1,0,1,1,structure_best
vehicle_instability_allraw__tyy__2025_09_28_14_44_09__000253780__pre2_label2_old_main,vehicle_instability_allraw__tyy__2025_09_28_14_44_09__000253780,tyy,2025_09_28_14_44_09,pre2_label2_old_main,session_level_split,test,structure_best,0.43543770909309387,0.7311182618141174,0.5581600069999695,0.17295825481414795,0.7634332722246766,1,0,0.3250000476837158,0.8999999715015292,1.0409634113311768,1,1,6,4,0,1,1,0,0,0,0,structure_best
vehicle_instability_allraw__tyy__2025_09_28_14_44_09__000388005__pre2_label2_old_main,vehicle_instability_allraw__tyy__2025_09_28_14_44_09__000388005,tyy,2025_09_28_14_44_09,pre2_label2_old_main,session_level_split,test,structure_best,0.32362863421440125,0.45308682322502136,0.05926353856921196,0.3938232846558094,0.13079951905769566,1,0,1.1100000739097595,1.8700000047683716,0.35393864288926125,1,0,1,0,0,0,0,0,0,1,0,structure_best
vehicle_instability_allraw__tyy__2025_09_28_14_44_09__000449365__pre2_label2_old_main,vehicle_instability_allraw__tyy__2025_09_28_14_44_09__000449365,tyy,2025_09_28_14_44_09,pre2_label2_old_main,session_level_split,test,structure_best,0.8007575869560242,0.9201385974884033,0.6816616058349609,0.23847699165344238,0.7408249232187568,1,0,0.10000002384185791,0.05999999772757292,0.20823794603347778,0,1,2,12,0,1,1,0,0,0,0,structure_best
vehicle_instability_allraw__tyy__2025_09_28_14_44_09__000471655__pre2_label2_old_main,vehicle_instability_allraw__tyy__2025_09_28_14_44_09__000471655,tyy,2025_09_28_14_44_09,pre2_label2_old_main,session_level_split,test,structure_best,0.3102669417858124,0.5304062366485596,0.536784827709198,0.006378591060638428,1.0120258598408314,1,0,0.875,1.4650000287219882,0.0684594213962555,0,1,0,27,0,0,1,0,0,0,0,structure_best
vehicle_instability_allraw__tyy__2025_09_28_14_44_09__000503195__pre2_label2_old_main,vehicle_instability_allraw__tyy__2025_09_28_14_44_09__000503195,tyy,2025_09_28_14_44_09,pre2_label2_old_main,session_level_split,test,structure_best,0.7595353722572327,0.6916792392730713,0.767119824886322,0.07544058561325073,1.109068743616674,1,0,0.39499998092651367,0.1500000013038516,0.1068570613861084,0,1,2,10,0,1,1,0,0,0,0,structure_best
vehicle_instability_allraw__tyy__2025_09_28_14_44_09__000554145__pre2_label2_old_main,vehicle_instability_allraw__tyy__2025_09_28_14_44_09__000554145,tyy,2025_09_28_14_44_09,pre2_label2_old_main,session_level_split,test,structure_best,0.6456728577613831,0.05044001340866089,0.668851912021637,0.6184118986129761,13.260343660154353,1,0,0.0700000524520874,1.6499999715015292,0.6183872222900391,1,1,0,2,0,0,1,0,0,0,0,structure_best
vehicle_instability_allraw__yyl__2025_09_28_09_49_11__000062885__pre2_label2_old_main,vehicle_instability_allraw__yyl__2025_09_28_09_49_11__000062885,yyl,2025_09_28_09_49_11,pre2_label2_old_main,session_level_split,test,structure_best,0.5390608906745911,0.967086672782898,0.08388878405094147,0.8831978887319565,0.08674381150299827,1,0,0.36000001430511475,1.915000006556511,1.031391978263855,1,1,2,71,0,1,1,0,0,1,0,structure_best
vehicle_instability_allraw__yyl__2025_09_28_09_49_11__000090445__pre2_label2_old_main,vehicle_instability_allraw__yyl__2025_09_28_09_49_11__000090445,yyl,2025_09_28_09_49_11,pre2_label2_old_main,session_level_split,test,structure_best,0.49369004368782043,0.48886746168136597,0.31985101103782654,0.16901645064353943,0.6542693799619231,1,0,0.059999942779541016,0.5049999905750155,0.16998109221458435,0,1,3,0,0,1,0,0,0,0,0,structure_best
vehicle_instability_allraw__yyl__2025_09_28_09_49_11__000132255__pre2_label2_old_main,vehicle_instability_allraw__yyl__2025_09_28_09_49_11__000132255,yyl,2025_09_28_09_49_11,pre2_label2_old_main,session_level_split,test,structure_best,0.1934717297554016,0.3886851966381073,0.3416317403316498,0.04705345630645752,0.8789419902958961,1,0,0.5750000476837158,0.5649999929592013,0.1115778237581253,0,1,2,0,0,1,0,0,0,0,0,structure_best
vehicle_instability_allraw__yyl__2025_09_28_09_49_11__000149170__pre2_label2_old_main,vehicle_instability_allraw__yyl__2025_09_28_09_49_11__000149170,yyl,2025_09_28_09_49_11,pre2_label2_old_main,session_level_split,test,structure_best,0.3233815133571625,0.4331910014152527,0.006357118487358093,0.4268338829278946,0.014675093588253514,0,1,0.7649999856948853,1.905000001192093,0.26767895370721817,1,1,1,0,0,0,0,0,0,1,0,structure_best
vehicle_instability_allraw__yyl__2025_09_28_09_49_11__000201270__pre2_label2_old_main,vehicle_instability_allraw__yyl__2025_09_28_09_49_11__000201270,yyl,2025_09_28_09_49_11,pre2_label2_old_main,session_level_split,test,structure_best,0.3331274688243866,0.7197740077972412,0.47130250930786133,0.24847149848937988,0.6547923434331991,1,0,0.48500001430511475,0.9050000263378024,0.11921054124832153,0,1,2,4,0,1,1,0,0,0,0,structure_best
vehicle_instability_allraw__yyl__2025_09_28_09_49_11__000214960__pre2_label2_old_main,vehicle_instability_allraw__yyl__2025_09_28_09_49_11__000214960,yyl,2025_09_28_09_49_11,pre2_label2_old_main,session_level_split,test,structure_best,0.6590826511383057,1.0585428476333618,0.6704010963439941,0.3881417512893677,0.6333244779300564,1,0,0.39499998092651367,0.26500001084059477,0.386705219745636,0,1,2,35,0,1,1,0,0,0,0,structure_best
vehicle_instability_allraw__yyl__2025_09_28_09_49_11__000225310__pre2_label2_old_main,vehicle_instability_allraw__yyl__2025_09_28_09_49_11__000225310,yyl,2025_09_28_09_49_11,pre2_label2_old_main,session_level_split,test,structure_best,0.5570440888404846,1.3048069477081299,0.6025976538658142,0.7022092938423157,0.46182897395225114,1,0,0.1650000810623169,0.9950000001117587,0.5174912810325623,0,1,2,47,0,1,1,1,0,1,0,structure_best
vehicle_instability_allraw__yyl__2025_09_28_09_49_11__000269015__pre2_label2_old_main,vehicle_instability_allraw__yyl__2025_09_28_09_49_11__000269015,yyl,2025_09_28_09_49_11,pre2_label2_old_main,session_level_split,test,structure_best,0.19321385025978088,0.26668649911880493,0.14202889800071716,0.12465760111808777,0.5325687594610681,0,1,0.48500001430511475,0.5800000429153442,0.1456943042576313,1,1,1,35,0,0,1,0,0,0,0,structure_best
vehicle_instability_allraw__yyl__2025_09_28_09_49_11__000327680__pre2_label2_old_main,vehicle_instability_allraw__yyl__2025_09_28_09_49_11__000327680,yyl,2025_09_28_09_49_11,pre2_label2_old_main,session_level_split,test,structure_best,0.9990882277488708,1.7699379920959473,0.677047610282898,1.0928903818130493,0.38252617510127757,1,0,0.6200000047683716,0.0850000036880374,0.2793503999710083,0,1,2,12,0,1,1,1,0,1,1,structure_best
vehicle_instability_allraw__yyl__2025_09_28_09_49_11__000349455__pre2_label2_old_main,vehicle_instability_allraw__yyl__2025_09_28_09_49_11__000349455,yyl,2025_09_28_09_49_11,pre2_label2_old_main,session_level_split,test,structure_best,0.3019742965698242,0.8288570046424866,0.47214728593826294,0.35670971870422363,0.5696365999125695,1,0,0.4750000238418579,0.9399999929592013,0.36162057518959045,0,1,1,22,0,0,1,0,0,0,0,structure_best
vehicle_instability_allraw__yyl__2025_09_28_09_49_11__000484470__pre2_label2_old_main,vehicle_instability_allraw__yyl__2025_09_28_09_49_11__000484470,yyl,2025_09_28_09_49_11,pre2_label2_old_main,session_level_split,test,structure_best,0.331935316324234,0.7447320222854614,0.37181901931762695,0.3729130029678345,0.4992655185909354,1,0,0.5450000762939453,1.0249999715015292,0.3036918044090271,0,1,2,0,0,1,0,0,0,1,0,structure_best
vehicle_instability_allraw__yyl__2025_09_28_09_49_11__000526990__pre2_label2_old_main,vehicle_instability_allraw__yyl__2025_09_28_09_49_11__000526990,yyl,2025_09_28_09_49_11,pre2_label2_old_main,session_level_split,test,structure_best,0.48578596115112305,0.08918601274490356,0.804172158241272,0.7149861454963684,9.01679684393364,0,1,0.19499993324279785,0.049999999813735485,0.3336217701435089,1,0,3,6,0,1,1,0,0,0,0,structure_best
vehicle_instability_allraw__zx__2025_09_27_18_00_08__000020450__pre2_label2_old_main,vehicle_instability_allraw__zx__2025_09_27_18_00_08__000020450,zx,2025_09_27_18_00_08,pre2_label2_old_main,session_level_split,test,structure_best,0.5710376501083374,1.124341607093811,0.05137993395328522,1.0729616731405258,0.04569779649629053,1,0,0.08499997854232788,1.915000006556511,0.08824772387742996,0,1,3,0,0,1,0,0,0,1,0,structure_best
vehicle_instability_allraw__zx__2025_09_27_18_00_08__000050245__pre2_label2_old_main,vehicle_instability_allraw__zx__2025_09_27_18_00_08__000050245,zx,2025_09_27_18_00_08,pre2_label2_old_main,session_level_split,test,structure_best,0.3803784251213074,0.6377439498901367,0.691440761089325,0.05369681119918823,1.084198072296003,1,0,0.0549999475479126,0.5350000215694308,0.051984310150146484,0,1,3,10,0,1,1,0,0,0,0,structure_best
vehicle_instability_allraw__zx__2025_09_27_18_00_08__000066065__pre2_label2_old_main,vehicle_instability_allraw__zx__2025_09_27_18_00_08__000066065,zx,2025_09_27_18_00_08,pre2_label2_old_main,session_level_split,test,structure_best,0.48473504185676575,0.5452409982681274,0.6590482592582703,0.11380726099014282,1.2087283629654295,1,0,0.32499992847442627,0.15499999653548002,0.23997244238853455,0,1,3,63,0,1,1,0,0,0,0,structure_best
vehicle_instability_allraw__zx__2025_09_27_18_00_08__000119290__pre2_label2_old_main,vehicle_instability_allraw__zx__2025_09_27_18_00_08__000119290,zx,2025_09_27_18_00_08,pre2_label2_old_main,session_level_split,test,structure_best,0.1649768054485321,0.14608433842658997,0.1803644597530365,0.03428012132644653,1.2346597978651415,0,1,0.8999999761581421,0.6149999760091305,0.18333229422569275,1,0,2,101,0,1,1,0,0,0,0,structure_best
vehicle_instability_allraw__zx__2025_09_27_18_00_08__000149680__pre2_label2_old_main,vehicle_instability_allraw__zx__2025_09_27_18_00_08__000149680,zx,2025_09_27_18_00_08,pre2_label2_old_main,session_level_split,test,structure_best,0.7534177899360657,1.0152596235275269,0.344068318605423,0.6711913049221039,0.338896879804946,1,0,0.125,0.05999999772757292,0.6721083521842957,1,1,1,4,0,0,1,0,0,1,0,structure_best
vehicle_instability_allraw__zx__2025_09_27_18_00_08__000173505__pre2_label2_old_main,vehicle_instability_allraw__zx__2025_09_27_18_00_08__000173505,zx,2025_09_27_18_00_08,pre2_label2_old_main,session_level_split,test,structure_best,0.7720398902893066,1.1810654401779175,0.8789229989051819,0.3021424412727356,0.7441780692294067,1,0,0.7350000143051147,0.13999999593943357,0.1351516842842102,0,1,3,26,0,1,1,0,0,0,0,structure_best
vehicle_instability_allraw__zx__2025_09_27_18_00_08__000195680__pre2_label2_old_main,vehicle_instability_allraw__zx__2025_09_27_18_00_08__000195680,zx,2025_09_27_18_00_08,pre2_label2_old_main,session_level_split,test,structure_best,0.628979504108429,1.3625800609588623,0.5555490255355835,0.8070310354232788,0.4077184463895924,1,0,0.2749999761581421,0.6150000048801303,1.2972617149353027,1,1,2,41,0,1,1,1,0,1,1,structure_best
vehicle_instability_allraw__zx__2025_09_27_18_00_08__000256360__pre2_label2_old_main,vehicle_instability_allraw__zx__2025_09_27_18_00_08__000256360,zx,2025_09_27_18_00_08,pre2_label2_old_main,session_level_split,test,structure_best,0.35220474004745483,0.6773619651794434,0.5208985209465027,0.15646344423294067,0.7690105847742851,1,0,0.4500000476837158,0.8050000024959445,0.1077534556388855,0,1,3,1,0,1,0,0,0,0,0,structure_best
vehicle_instability_allraw__zx__2025_09_27_18_00_08__000313580__pre2_label2_old_main,vehicle_instability_allraw__zx__2025_09_27_18_00_08__000313580,zx,2025_09_27_18_00_08,pre2_label2_old_main,session_level_split,test,structure_best,0.5387905836105347,0.9805290102958679,0.018555425107479095,0.9619735851883888,0.018923892014046706,0,1,1.0950000286102295,1.7550000101327896,0.3620486166328192,0,0,3,0,0,1,0,0,0,1,0,structure_best
vehicle_instability_allraw__zx__2025_09_27_18_00_08__000320360__pre2_label2_old_main,vehicle_instability_allraw__zx__2025_09_27_18_00_08__000320360,zx,2025_09_27_18_00_08,pre2_label2_old_main,session_level_split,test,structure_best,0.3529256582260132,0.635125994682312,0.021714869886636734,0.6134111247956753,0.03418986164705547,0,1,0.7049999739974737,1.8750000074505806,0.1032949797809124,0,1,2,0,0,1,0,0,0,1,0,structure_best
vehicle_instability_allraw__zx__2025_09_27_18_00_08__000353905__pre2_label2_old_main,vehicle_instability_allraw__zx__2025_09_27_18_00_08__000353905,zx,2025_09_27_18_00_08,pre2_label2_old_main,session_level_split,test,structure_best,0.5606138110160828,0.7283228635787964,0.20149588584899902,0.5268269777297974,0.2766573671172406,0,1,1.0950000286102295,0.08999999891966581,0.19637297093868256,0,1,12,0,0,1,0,0,0,1,0,structure_best
vehicle_instability_allraw__zxy__2025_09_28_15_57_38__000092690__pre2_label2_old_main,vehicle_instability_allraw__zxy__2025_09_28_15_57_38__000092690,zxy,2025_09_28_15_57_38,pre2_label2_old_main,session_level_split,test,structure_best,0.4685770869255066,0.9798280000686646,0.6522716879844666,0.327556312084198,0.6657001922161405,1,0,0.12000000476837158,0.7049999786540866,0.22952646017074585,0,1,4,10,0,1,1,0,0,0,0,structure_best
vehicle_instability_allraw__zxy__2025_09_28_15_57_38__000128180__pre2_label2_old_main,vehicle_instability_allraw__zxy__2025_09_28_15_57_38__000128180,zxy,2025_09_28_15_57_38,pre2_label2_old_main,session_level_split,test,structure_best,0.5124891400337219,0.9311332106590271,0.14187809824943542,0.7892551124095917,0.15237142937799256,0,1,1.5550000574439764,1.3450000286102295,0.6731120198965073,1,1,6,45,0,1,1,0,0,1,0,structure_best
vehicle_instability_allraw__zxy__2025_09_28_15_57_38__000182350__pre2_label2_old_main,vehicle_instability_allraw__zxy__2025_09_28_15_57_38__000182350,zxy,2025_09_28_15_57_38,pre2_label2_old_main,session_level_split,test,structure_best,0.5918813347816467,0.5749120116233826,1.1431372165679932,0.5682252049446106,1.9883689911785103,1,0,1.3850000500679016,0.06500000040978193,0.26224374771118164,0,0,4,33,0,1,1,0,0,0,0,structure_best
vehicle_instability_allraw__zxy__2025_09_28_16_35_30__000096695__pre2_label2_old_main,vehicle_instability_allraw__zxy__2025_09_28_16_35_30__000096695,zxy,2025_09_28_16_35_30,pre2_label2_old_main,session_level_split,test,structure_best,0.2362765520811081,0.6220359206199646,0.0830308049917221,0.5390051156282425,0.13348233154922595,1,0,0.5449999570846558,1.5399999916553497,0.5471105948090553,1,1,3,65,0,1,1,0,0,1,0,structure_best
vehicle_instability_allraw__zxy__2025_09_28_16_35_30__000141250__pre2_label2_old_main,vehicle_instability_allraw__zxy__2025_09_28_16_35_30__000141250,zxy,2025_09_28_16_35_30,pre2_label2_old_main,session_level_split,test,structure_best,0.2929544746875763,0.7140136957168579,0.09647111594676971,0.6175425797700882,0.13511101611281323,1,0,0.29499995708465576,0.9149999618530273,0.31388117372989655,0,1,4,37,0,1,1,0,0,1,0,structure_best
vehicle_instability_allraw__zxy__2025_09_28_16_35_30__000185120__pre2_label2_old_main,vehicle_instability_allraw__zxy__2025_09_28_16_35_30__000185120,zxy,2025_09_28_16_35_30,pre2_label2_old_main,session_level_split,test,structure_best,2.2344748973846436,2.7082290649414062,0.24076420068740845,2.467464864253998,0.08890097363038879,0,1,0.3200000524520874,1.8100000023841858,2.9074735790491104,1,0,3,0,0,1,0,1,0,1,1,structure_best
vehicle_instability_allraw__zxy__2025_09_28_16_35_30__000460020__pre2_label2_old_main,vehicle_instability_allraw__zxy__2025_09_28_16_35_30__000460020,zxy,2025_09_28_16_35_30,pre2_label2_old_main,session_level_split,test,structure_best,0.13294033706188202,0.4502899646759033,0.1521662026643753,0.298123762011528,0.33792936685563735,1,0,1.9149999525398016,0.06500000040978193,0.29611077904701233,1,0,4,0,0,1,0,0,0,1,0,structure_best
vehicle_instability_allraw__zxy__2025_09_28_16_35_30__000467085__pre2_label2_old_main,vehicle_instability_allraw__zxy__2025_09_28_16_35_30__000467085,zxy,2025_09_28_16_35_30,pre2_label2_old_main,session_level_split,test,structure_best,0.055265236645936966,0.08116006851196289,0.0081084705889225,0.07305159792304039,0.09990714322434711,0,1,1.4550000336021185,1.3050000071525574,0.08034563437104225,1,1,0,0,1,0,0,0,0,1,0,structure_best
vehicle_instability_allraw__zxy__2025_09_28_16_35_30__000471085__pre2_label2_old_main,vehicle_instability_allraw__zxy__2025_09_28_16_35_30__000471085,zxy,2025_09_28_16_35_30,pre2_label2_old_main,session_level_split,test,structure_best,1.1959460973739624,2.6043848991394043,0.11881192028522491,2.4855729788541794,0.04561995437943341,1,0,1.95000003837049,0.8600000143051147,2.486954778432846,1,0,1,0,0,0,0,1,0,1,1,structure_best
vehicle_instability_allraw__zxy__2025_09_28_16_35_30__000691590__pre2_label2_old_main,vehicle_instability_allraw__zxy__2025_09_28_16_35_30__000691590,zxy,2025_09_28_16_35_30,pre2_label2_old_main,session_level_split,test,structure_best,0.48257336020469666,0.772657036781311,0.3675653040409088,0.4050917327404022,0.4757159859335399,1,0,1.3200000524520874,0.05999999772757292,0.5505210757255554,1,1,2,0,0,1,0,0,0,1,0,structure_best
vehicle_instability_allraw__zxy__2025_09_28_16_35_30__000785960__pre2_label2_old_main,vehicle_instability_allraw__zxy__2025_09_28_16_35_30__000785960,zxy,2025_09_28_16_35_30,pre2_label2_old_main,session_level_split,test,structure_best,0.6386153101921082,0.7518875002861023,0.31831294298171997,0.4335745573043823,0.42335182172944497,0,1,1.6249999906867743,0.35500001441687346,0.6203088760375977,1,1,2,5,0,1,1,0,0,1,0,structure_best
